<?xml version="1.0" encoding="UTF-8"?>
<!DOCTYPE X3D PUBLIC "ISO//Web3D//DTD X3D 3.0//EN" "http://www.web3d.org/specifications/x3d-3.0.dtd">
<X3D version="3.0" profile="Immersive" xmlns:xsd="http://www.w3.org/2001/XMLSchema-instance" xsd:noNamespaceSchemaLocation="http://www.web3d.org/specifications/x3d-3.0.xsd">
	<head>
		<meta name="filename" content="Arm_4.x3d" />
		<meta name="created" content="2026-02-19 19:09:08" />
		<meta name="generator" content="Blender 4.5.3 LTS" />
		<meta name="translator" content="Web3D X3D/VRML2 format v2.5.1" />
	</head>
	<Scene>
		<NavigationInfo headlight="false"
		                visibilityLimit="0.0"
		                type='"EXAMINE", "ANY"'
		                avatarSize="0.25, 1.75, 0.75"
		                />
		<Background DEF="WO_World"
		            groundColor="0.051 0.051 0.051"
		            skyColor="0.051 0.051 0.051"
		            />
		<Transform DEF="LA_Light_007_TRANSFORM"
		           translation="4.076245 5.903862 -1.005454"
		           scale="1.000000 1.000000 1.000000"
		           rotation="-0.333464 0.853055 0.401371 2.040212"
		           >
			<PointLight DEF="LA_LA_Light_007"
			            ambientIntensity="0.0000"
			            color="1.0000 1.0000 1.0000"
			            intensity="0.5714"
			            radius="40.0000" 
			            location="0.0000 0.0000 -0.0000"
			            />
		</Transform>
		<Transform DEF="CA_Camera_TRANSFORM"
		           translation="7.358891 4.958309 6.925791"
		           scale="1.000000 1.000000 1.000000"
		           rotation="-0.468195 0.860207 0.202082 0.930113"
		           >
			<Viewpoint DEF="CA_CA_Camera"
			           centerOfRotation="0 0 0"
			           position="0.00 0.00 -0.00"
			           orientation="0.00 0.45 -0.90 0.00"
			           fieldOfView="0.691"
			           />
		</Transform>
		<Transform DEF="Shape_IndexedFaceSet_TRANSFORM"
		           translation="0.000000 0.000000 0.000000"
		           scale="0.354945 0.354945 0.354945"
		           rotation="0.000000 0.000000 0.000000 0.000000"
		           >
			<Transform DEF="Shape_IndexedFaceSet_ifs_TRANSFORM"
			           translation="0.000000 0.000000 0.000000"
			           scale="1.000000 1.000000 1.000000"
			           rotation="0.000000 0.000000 0.000000 0.000000"
			           >
				<Group DEF="group_ME_Shape_IndexedFaceSet_012">
					<Shape>
						<Appearance>
							<Material DEF="MA_MA_Scene___Root_006"
							          diffuseColor="0.925 0.718 0.278"
							          specularColor="0.401 0.401 0.401"
							          emissiveColor="0.000 0.000 0.000"
							          ambientIntensity="0.000"
							          shininess="0.500"
							          transparency="0.000"
							          />
						</Appearance>
						<IndexedFaceSet solid="false"
						                texCoordIndex="0 1 2 -1 3 4 5 -1 6 7 8 -1 9 10 11 -1 12 13 14 -1 15 16 17 -1 18 19 20 -1 21 22 23 -1 24 25 26 -1 27 28 29 -1 30 31 32 -1 33 34 35 -1 36 37 38 -1 39 40 41 -1 42 43 44 -1 45 46 47 -1 48 49 50 -1 51 52 53 -1 54 55 56 -1 57 58 59 -1 60 61 62 -1 63 64 65 -1 66 67 68 -1 69 70 71 -1 72 73 74 -1 75 76 77 -1 78 79 80 -1 81 82 83 -1 84 85 86 -1 87 88 89 -1 90 91 92 -1 93 94 95 -1 96 97 98 -1 99 100 101 -1 102 103 104 -1 105 106 107 -1 108 109 110 -1 111 112 113 -1 114 115 116 -1 117 118 119 -1 120 121 122 -1 123 124 125 -1 126 127 128 -1 129 130 131 -1 132 133 134 -1 135 136 137 -1 138 139 140 -1 141 142 143 -1 144 145 146 -1 147 148 149 -1 150 151 152 -1 153 154 155 -1 156 157 158 -1 159 160 161 -1 162 163 164 -1 165 166 167 -1 168 169 170 -1 171 172 173 -1 174 175 176 -1 177 178 179 -1 180 181 182 -1 183 184 185 -1 186 187 188 -1 189 190 191 -1 192 193 194 -1 195 196 197 -1 198 199 200 -1 201 202 203 -1 204 205 206 -1 207 208 209 -1 210 211 212 -1 213 214 215 -1 216 217 218 -1 219 220 221 -1 222 223 224 -1 225 226 227 -1 228 229 230 -1 231 232 233 -1 234 235 236 -1 237 238 239 -1 240 241 242 -1 243 244 245 -1 246 247 248 -1 249 250 251 -1 252 253 254 -1 255 256 257 -1 258 259 260 -1 261 262 263 -1 264 265 266 -1 267 268 269 -1 270 271 272 -1 273 274 275 -1 276 277 278 -1 279 280 281 -1 282 283 284 -1 285 286 287 -1 288 289 290 -1 291 292 293 -1 294 295 296 -1 297 298 299 -1 300 301 302 -1 303 304 305 -1 306 307 308 -1 309 310 311 -1 312 313 314 -1 315 316 317 -1 318 319 320 -1 321 322 323 -1 324 325 326 -1 327 328 329 -1 330 331 332 -1 333 334 335 -1 336 337 338 -1 339 340 341 -1 342 343 344 -1 345 346 347 -1 348 349 350 -1 351 352 353 -1 354 355 356 -1 357 358 359 -1 360 361 362 -1 363 364 365 -1 366 367 368 -1 369 370 371 -1 372 373 374 -1 375 376 377 -1 378 379 380 -1 381 382 383 -1 384 385 386 -1 387 388 389 -1 390 391 392 -1 393 394 395 -1 396 397 398 -1 399 400 401 -1 402 403 404 -1 405 406 407 -1 408 409 410 -1 411 412 413 -1 414 415 416 -1 417 418 419 -1 420 421 422 -1 423 424 425 -1 426 427 428 -1 429 430 431 -1 432 433 434 -1 435 436 437 -1 438 439 440 -1 441 442 443 -1 444 445 446 -1 447 448 449 -1 450 451 452 -1 453 454 455 -1 456 457 458 -1 459 460 461 -1 462 463 464 -1 465 466 467 -1 468 469 470 -1 471 472 473 -1 474 475 476 -1 477 478 479 -1 480 481 482 -1 483 484 485 -1 486 487 488 -1 489 490 491 -1 492 493 494 -1 495 496 497 -1 498 499 500 -1 501 502 503 -1 504 505 506 -1 507 508 509 -1 510 511 512 -1 513 514 515 -1 516 517 518 -1 519 520 521 -1 522 523 524 -1 525 526 527 -1 528 529 530 -1 531 532 533 -1 534 535 536 -1 537 538 539 -1 540 541 542 -1 543 544 545 -1 546 547 548 -1 549 550 551 -1 552 553 554 -1 555 556 557 -1 558 559 560 -1 561 562 563 -1 564 565 566 -1 567 568 569 -1 570 571 572 -1 573 574 575 -1 576 577 578 -1 579 580 581 -1 582 583 584 -1 585 586 587 -1 588 589 590 -1 591 592 593 -1 594 595 596 -1 597 598 599 -1 600 601 602 -1 603 604 605 -1 606 607 608 -1 609 610 611 -1 612 613 614 -1 615 616 617 -1 618 619 620 -1 621 622 623 -1 624 625 626 -1 627 628 629 -1 630 631 632 -1 633 634 635 -1 636 637 638 -1 639 640 641 -1 642 643 644 -1 645 646 647 -1 648 649 650 -1 651 652 653 -1 654 655 656 -1 657 658 659 -1 660 661 662 -1 663 664 665 -1 666 667 668 -1 669 670 671 -1 672 673 674 -1 675 676 677 -1 678 679 680 -1 681 682 683 -1 684 685 686 -1 687 688 689 -1 690 691 692 -1 693 694 695 -1 696 697 698 -1 699 700 701 -1 702 703 704 -1 705 706 707 -1 708 709 710 -1 711 712 713 -1 714 715 716 -1 717 718 719 -1 720 721 722 -1 723 724 725 -1 726 727 728 -1 729 730 731 -1 732 733 734 -1 735 736 737 -1 738 739 740 -1 741 742 743 -1 744 745 746 -1 747 748 749 -1 750 751 752 -1 753 754 755 -1 756 757 758 -1 759 760 761 -1 762 763 764 -1 765 766 767 -1 768 769 770 -1 771 772 773 -1 774 775 776 -1 777 778 779 -1 780 781 782 -1 783 784 785 -1 786 787 788 -1 789 790 791 -1 792 793 794 -1 795 796 797 -1 798 799 800 -1 801 802 803 -1 804 805 806 -1 807 808 809 -1 810 811 812 -1 813 814 815 -1 816 817 818 -1 819 820 821 -1 822 823 824 -1 825 826 827 -1 828 829 830 -1 831 832 833 -1 834 835 836 -1 837 838 839 -1 840 841 842 -1 843 844 845 -1 846 847 848 -1 849 850 851 -1 852 853 854 -1 855 856 857 -1 858 859 860 -1 861 862 863 -1 864 865 866 -1 867 868 869 -1 870 871 872 -1 873 874 875 -1 876 877 878 -1 879 880 881 -1 882 883 884 -1 885 886 887 -1 888 889 890 -1 891 892 893 -1 894 895 896 -1 897 898 899 -1 900 901 902 -1 903 904 905 -1 906 907 908 -1 909 910 911 -1 912 913 914 -1 915 916 917 -1 918 919 920 -1 921 922 923 -1 924 925 926 -1 927 928 929 -1 930 931 932 -1 933 934 935 -1 936 937 938 -1 939 940 941 -1 942 943 944 -1 945 946 947 -1 948 949 950 -1 951 952 953 -1 954 955 956 -1 957 958 959 -1 960 961 962 -1 963 964 965 -1 966 967 968 -1 969 970 971 -1 972 973 974 -1 975 976 977 -1 978 979 980 -1 981 982 983 -1 984 985 986 -1 987 988 989 -1 990 991 992 -1 993 994 995 -1 996 997 998 -1 999 1000 1001 -1 1002 1003 1004 -1 1005 1006 1007 -1 1008 1009 1010 -1 1011 1012 1013 -1 1014 1015 1016 -1 1017 1018 1019 -1 1020 1021 1022 -1 1023 1024 1025 -1 1026 1027 1028 -1 1029 1030 1031 -1 1032 1033 1034 -1 1035 1036 1037 -1 1038 1039 1040 -1 1041 1042 1043 -1 1044 1045 1046 -1 1047 1048 1049 -1 1050 1051 1052 -1 1053 1054 1055 -1 1056 1057 1058 -1 1059 1060 1061 -1 1062 1063 1064 -1 1065 1066 1067 -1 1068 1069 1070 -1 1071 1072 1073 -1 1074 1075 1076 -1 1077 1078 1079 -1 1080 1081 1082 -1 1083 1084 1085 -1 1086 1087 1088 -1 1089 1090 1091 -1 1092 1093 1094 -1 1095 1096 1097 -1 1098 1099 1100 -1 1101 1102 1103 -1 1104 1105 1106 -1 1107 1108 1109 -1 1110 1111 1112 -1 1113 1114 1115 -1 1116 1117 1118 -1 1119 1120 1121 -1 1122 1123 1124 -1 1125 1126 1127 -1 1128 1129 1130 -1 1131 1132 1133 -1 1134 1135 1136 -1 1137 1138 1139 -1 1140 1141 1142 -1 1143 1144 1145 -1 1146 1147 1148 -1 1149 1150 1151 -1 1152 1153 1154 -1 1155 1156 1157 -1 1158 1159 1160 -1 1161 1162 1163 -1 1164 1165 1166 -1 1167 1168 1169 -1 1170 1171 1172 -1 1173 1174 1175 -1 1176 1177 1178 -1 1179 1180 1181 -1 1182 1183 1184 -1 1185 1186 1187 -1 1188 1189 1190 -1 1191 1192 1193 -1 1194 1195 1196 -1 1197 1198 1199 -1 1200 1201 1202 -1 1203 1204 1205 -1 1206 1207 1208 -1 1209 1210 1211 -1 1212 1213 1214 -1 1215 1216 1217 -1 1218 1219 1220 -1 1221 1222 1223 -1 1224 1225 1226 -1 1227 1228 1229 -1 1230 1231 1232 -1 1233 1234 1235 -1 1236 1237 1238 -1 1239 1240 1241 -1 1242 1243 1244 -1 1245 1246 1247 -1 1248 1249 1250 -1 1251 1252 1253 -1 1254 1255 1256 -1 1257 1258 1259 -1 1260 1261 1262 -1 1263 1264 1265 -1 1266 1267 1268 -1 1269 1270 1271 -1 1272 1273 1274 -1 1275 1276 1277 -1 1278 1279 1280 -1 1281 1282 1283 -1 1284 1285 1286 -1 1287 1288 1289 -1 1290 1291 1292 -1 1293 1294 1295 -1 1296 1297 1298 -1 1299 1300 1301 -1 1302 1303 1304 -1 1305 1306 1307 -1 1308 1309 1310 -1 1311 1312 1313 -1 1314 1315 1316 -1 1317 1318 1319 -1 1320 1321 1322 -1 1323 1324 1325 -1 1326 1327 1328 -1 1329 1330 1331 -1 1332 1333 1334 -1 1335 1336 1337 -1 1338 1339 1340 -1 1341 1342 1343 -1 1344 1345 1346 -1 1347 1348 1349 -1 1350 1351 1352 -1 1353 1354 1355 -1 1356 1357 1358 -1 1359 1360 1361 -1 1362 1363 1364 -1 1365 1366 1367 -1 1368 1369 1370 -1 1371 1372 1373 -1 1374 1375 1376 -1 1377 1378 1379 -1 1380 1381 1382 -1 1383 1384 1385 -1 1386 1387 1388 -1 1389 1390 1391 -1 1392 1393 1394 -1 1395 1396 1397 -1 1398 1399 1400 -1 1401 1402 1403 -1 1404 1405 1406 -1 1407 1408 1409 -1 1410 1411 1412 -1 1413 1414 1415 -1 1416 1417 1418 -1 1419 1420 1421 -1 1422 1423 1424 -1 1425 1426 1427 -1 1428 1429 1430 -1 1431 1432 1433 -1 1434 1435 1436 -1 1437 1438 1439 -1 1440 1441 1442 -1 1443 1444 1445 -1 1446 1447 1448 -1 1449 1450 1451 -1 1452 1453 1454 -1 1455 1456 1457 -1 1458 1459 1460 -1 1461 1462 1463 -1 1464 1465 1466 -1 1467 1468 1469 -1 1470 1471 1472 -1 1473 1474 1475 -1 1476 1477 1478 -1 1479 1480 1481 -1 1482 1483 1484 -1 1485 1486 1487 -1 1488 1489 1490 -1 1491 1492 1493 -1 1494 1495 1496 -1 1497 1498 1499 -1 1500 1501 1502 -1 1503 1504 1505 -1 1506 1507 1508 -1 1509 1510 1511 -1 1512 1513 1514 -1 1515 1516 1517 -1 1518 1519 1520 -1 1521 1522 1523 -1 1524 1525 1526 -1 1527 1528 1529 -1 1530 1531 1532 -1 1533 1534 1535 -1 1536 1537 1538 -1 1539 1540 1541 -1 1542 1543 1544 -1 1545 1546 1547 -1 1548 1549 1550 -1 1551 1552 1553 -1 1554 1555 1556 -1 1557 1558 1559 -1 1560 1561 1562 -1 1563 1564 1565 -1 1566 1567 1568 -1 1569 1570 1571 -1 1572 1573 1574 -1 1575 1576 1577 -1 1578 1579 1580 -1 1581 1582 1583 -1 1584 1585 1586 -1 1587 1588 1589 -1 1590 1591 1592 -1 1593 1594 1595 -1 1596 1597 1598 -1 1599 1600 1601 -1 1602 1603 1604 -1 1605 1606 1607 -1 1608 1609 1610 -1 1611 1612 1613 -1 1614 1615 1616 -1 1617 1618 1619 -1 1620 1621 1622 -1 1623 1624 1625 -1 1626 1627 1628 -1 1629 1630 1631 -1 1632 1633 1634 -1 1635 1636 1637 -1 1638 1639 1640 -1 1641 1642 1643 -1 1644 1645 1646 -1 1647 1648 1649 -1 1650 1651 1652 -1 1653 1654 1655 -1 1656 1657 1658 -1 1659 1660 1661 -1 1662 1663 1664 -1 1665 1666 1667 -1 1668 1669 1670 -1 1671 1672 1673 -1 1674 1675 1676 -1 1677 1678 1679 -1 1680 1681 1682 -1 1683 1684 1685 -1 1686 1687 1688 -1 1689 1690 1691 -1 1692 1693 1694 -1 1695 1696 1697 -1 1698 1699 1700 -1 1701 1702 1703 -1 1704 1705 1706 -1 1707 1708 1709 -1 1710 1711 1712 -1 1713 1714 1715 -1 1716 1717 1718 -1 1719 1720 1721 -1 1722 1723 1724 -1 1725 1726 1727 -1 1728 1729 1730 -1 1731 1732 1733 -1 1734 1735 1736 -1 1737 1738 1739 -1 1740 1741 1742 -1 1743 1744 1745 -1 1746 1747 1748 -1 1749 1750 1751 -1 1752 1753 1754 -1 1755 1756 1757 -1 1758 1759 1760 -1 1761 1762 1763 -1 1764 1765 1766 -1 1767 1768 1769 -1 1770 1771 1772 -1 1773 1774 1775 -1 1776 1777 1778 -1 1779 1780 1781 -1 1782 1783 1784 -1 1785 1786 1787 -1 1788 1789 1790 -1 1791 1792 1793 -1 1794 1795 1796 -1 1797 1798 1799 -1 1800 1801 1802 -1 1803 1804 1805 -1 1806 1807 1808 -1 1809 1810 1811 -1 1812 1813 1814 -1 1815 1816 1817 -1 1818 1819 1820 -1 1821 1822 1823 -1 1824 1825 1826 -1 1827 1828 1829 -1 1830 1831 1832 -1 1833 1834 1835 -1 1836 1837 1838 -1 1839 1840 1841 -1 1842 1843 1844 -1 1845 1846 1847 -1 1848 1849 1850 -1 1851 1852 1853 -1 1854 1855 1856 -1 1857 1858 1859 -1 1860 1861 1862 -1 1863 1864 1865 -1 1866 1867 1868 -1 1869 1870 1871 -1 1872 1873 1874 -1 1875 1876 1877 -1 1878 1879 1880 -1 1881 1882 1883 -1 1884 1885 1886 -1 1887 1888 1889 -1 1890 1891 1892 -1 1893 1894 1895 -1 1896 1897 1898 -1 1899 1900 1901 -1 1902 1903 1904 -1 1905 1906 1907 -1 1908 1909 1910 -1 1911 1912 1913 -1 1914 1915 1916 -1 1917 1918 1919 -1 1920 1921 1922 -1 1923 1924 1925 -1 1926 1927 1928 -1 1929 1930 1931 -1 1932 1933 1934 -1 1935 1936 1937 -1 1938 1939 1940 -1 1941 1942 1943 -1 1944 1945 1946 -1 1947 1948 1949 -1 1950 1951 1952 -1 1953 1954 1955 -1 1956 1957 1958 -1 1959 1960 1961 -1 1962 1963 1964 -1 1965 1966 1967 -1 1968 1969 1970 -1 1971 1972 1973 -1 1974 1975 1976 -1 1977 1978 1979 -1 1980 1981 1982 -1 1983 1984 1985 -1 1986 1987 1988 -1 1989 1990 1991 -1 1992 1993 1994 -1 1995 1996 1997 -1 1998 1999 2000 -1 2001 2002 2003 -1 2004 2005 2006 -1 2007 2008 2009 -1 2010 2011 2012 -1 2013 2014 2015 -1 2016 2017 2018 -1 2019 2020 2021 -1 2022 2023 2024 -1 2025 2026 2027 -1 2028 2029 2030 -1 2031 2032 2033 -1 2034 2035 2036 -1 2037 2038 2039 -1 2040 2041 2042 -1 2043 2044 2045 -1 2046 2047 2048 -1 2049 2050 2051 -1 2052 2053 2054 -1 2055 2056 2057 -1 2058 2059 2060 -1 2061 2062 2063 -1 2064 2065 2066 -1 2067 2068 2069 -1 2070 2071 2072 -1 2073 2074 2075 -1 2076 2077 2078 -1 2079 2080 2081 -1 2082 2083 2084 -1 2085 2086 2087 -1 2088 2089 2090 -1 2091 2092 2093 -1 2094 2095 2096 -1 2097 2098 2099 -1 2100 2101 2102 -1 2103 2104 2105 -1 2106 2107 2108 -1 2109 2110 2111 -1 2112 2113 2114 -1 2115 2116 2117 -1 2118 2119 2120 -1 2121 2122 2123 -1 2124 2125 2126 -1 2127 2128 2129 -1 2130 2131 2132 -1 2133 2134 2135 -1 2136 2137 2138 -1 2139 2140 2141 -1 2142 2143 2144 -1 2145 2146 2147 -1 2148 2149 2150 -1 2151 2152 2153 -1 2154 2155 2156 -1 2157 2158 2159 -1 2160 2161 2162 -1 2163 2164 2165 -1 2166 2167 2168 -1 2169 2170 2171 -1 2172 2173 2174 -1 2175 2176 2177 -1 2178 2179 2180 -1 2181 2182 2183 -1 2184 2185 2186 -1 2187 2188 2189 -1 2190 2191 2192 -1 2193 2194 2195 -1 2196 2197 2198 -1 2199 2200 2201 -1 2202 2203 2204 -1 2205 2206 2207 -1 2208 2209 2210 -1 2211 2212 2213 -1 2214 2215 2216 -1 2217 2218 2219 -1 2220 2221 2222 -1 2223 2224 2225 -1 2226 2227 2228 -1 2229 2230 2231 -1 2232 2233 2234 -1 2235 2236 2237 -1 2238 2239 2240 -1 2241 2242 2243 -1 2244 2245 2246 -1 2247 2248 2249 -1 2250 2251 2252 -1 2253 2254 2255 -1 2256 2257 2258 -1 2259 2260 2261 -1 2262 2263 2264 -1 2265 2266 2267 -1 2268 2269 2270 -1 2271 2272 2273 -1 2274 2275 2276 -1 2277 2278 2279 -1 2280 2281 2282 -1 2283 2284 2285 -1 2286 2287 2288 -1 2289 2290 2291 -1 2292 2293 2294 -1 2295 2296 2297 -1 2298 2299 2300 -1 2301 2302 2303 -1 2304 2305 2306 -1 2307 2308 2309 -1 2310 2311 2312 -1 2313 2314 2315 -1 2316 2317 2318 -1 2319 2320 2321 -1 2322 2323 2324 -1 2325 2326 2327 -1 2328 2329 2330 -1 2331 2332 2333 -1 2334 2335 2336 -1 2337 2338 2339 -1 2340 2341 2342 -1 2343 2344 2345 -1 2346 2347 2348 -1 2349 2350 2351 -1 2352 2353 2354 -1 2355 2356 2357 -1 2358 2359 2360 -1 2361 2362 2363 -1 2364 2365 2366 -1 2367 2368 2369 -1 2370 2371 2372 -1 2373 2374 2375 -1 2376 2377 2378 -1 2379 2380 2381 -1 2382 2383 2384 -1 2385 2386 2387 -1 2388 2389 2390 -1 2391 2392 2393 -1 2394 2395 2396 -1 2397 2398 2399 -1 2400 2401 2402 -1 2403 2404 2405 -1 2406 2407 2408 -1 2409 2410 2411 -1 2412 2413 2414 -1 2415 2416 2417 -1 2418 2419 2420 -1 2421 2422 2423 -1 2424 2425 2426 -1 2427 2428 2429 -1 2430 2431 2432 -1 2433 2434 2435 -1 2436 2437 2438 -1 2439 2440 2441 -1 2442 2443 2444 -1 2445 2446 2447 -1 2448 2449 2450 -1 2451 2452 2453 -1 2454 2455 2456 -1 2457 2458 2459 -1 2460 2461 2462 -1 2463 2464 2465 -1 2466 2467 2468 -1 2469 2470 2471 -1 2472 2473 2474 -1 2475 2476 2477 -1 2478 2479 2480 -1 2481 2482 2483 -1 2484 2485 2486 -1 2487 2488 2489 -1 2490 2491 2492 -1 2493 2494 2495 -1 2496 2497 2498 -1 2499 2500 2501 -1 2502 2503 2504 -1 2505 2506 2507 -1 2508 2509 2510 -1 2511 2512 2513 -1 2514 2515 2516 -1 2517 2518 2519 -1 2520 2521 2522 -1 2523 2524 2525 -1 2526 2527 2528 -1 2529 2530 2531 -1 2532 2533 2534 -1 2535 2536 2537 -1 2538 2539 2540 -1 2541 2542 2543 -1 2544 2545 2546 -1 2547 2548 2549 -1 2550 2551 2552 -1 2553 2554 2555 -1 2556 2557 2558 -1 2559 2560 2561 -1 2562 2563 2564 -1 2565 2566 2567 -1 2568 2569 2570 -1 2571 2572 2573 -1 2574 2575 2576 -1 2577 2578 2579 -1 2580 2581 2582 -1 2583 2584 2585 -1 2586 2587 2588 -1 2589 2590 2591 -1 2592 2593 2594 -1 2595 2596 2597 -1 2598 2599 2600 -1 2601 2602 2603 -1 2604 2605 2606 -1 2607 2608 2609 -1 2610 2611 2612 -1 2613 2614 2615 -1 2616 2617 2618 -1 2619 2620 2621 -1 2622 2623 2624 -1 2625 2626 2627 -1 2628 2629 2630 -1 2631 2632 2633 -1 2634 2635 2636 -1 2637 2638 2639 -1 2640 2641 2642 -1 2643 2644 2645 -1 2646 2647 2648 -1 2649 2650 2651 -1 2652 2653 2654 -1 2655 2656 2657 -1 2658 2659 2660 -1 2661 2662 2663 -1 2664 2665 2666 -1 2667 2668 2669 -1 2670 2671 2672 -1 2673 2674 2675 -1 2676 2677 2678 -1 2679 2680 2681 -1 2682 2683 2684 -1 2685 2686 2687 -1 2688 2689 2690 -1 2691 2692 2693 -1 2694 2695 2696 -1 2697 2698 2699 -1 2700 2701 2702 -1 2703 2704 2705 -1 2706 2707 2708 -1 2709 2710 2711 -1 2712 2713 2714 -1 2715 2716 2717 -1 2718 2719 2720 -1 2721 2722 2723 -1 2724 2725 2726 -1 2727 2728 2729 -1 2730 2731 2732 -1 2733 2734 2735 -1 2736 2737 2738 -1 2739 2740 2741 -1 2742 2743 2744 -1 2745 2746 2747 -1 2748 2749 2750 -1 2751 2752 2753 -1 2754 2755 2756 -1 2757 2758 2759 -1 2760 2761 2762 -1 2763 2764 2765 -1 2766 2767 2768 -1 2769 2770 2771 -1 2772 2773 2774 -1 2775 2776 2777 -1 2778 2779 2780 -1 2781 2782 2783 -1 2784 2785 2786 -1 2787 2788 2789 -1 2790 2791 2792 -1 2793 2794 2795 -1 2796 2797 2798 -1 2799 2800 2801 -1 2802 2803 2804 -1 2805 2806 2807 -1 2808 2809 2810 -1 2811 2812 2813 -1 2814 2815 2816 -1 2817 2818 2819 -1 2820 2821 2822 -1 2823 2824 2825 -1 2826 2827 2828 -1 2829 2830 2831 -1 2832 2833 2834 -1 2835 2836 2837 -1 2838 2839 2840 -1 2841 2842 2843 -1 2844 2845 2846 -1 2847 2848 2849 -1 2850 2851 2852 -1 2853 2854 2855 -1 2856 2857 2858 -1 2859 2860 2861 -1 2862 2863 2864 -1 2865 2866 2867 -1 2868 2869 2870 -1 2871 2872 2873 -1 2874 2875 2876 -1 2877 2878 2879 -1 2880 2881 2882 -1 2883 2884 2885 -1 2886 2887 2888 -1 2889 2890 2891 -1 2892 2893 2894 -1 2895 2896 2897 -1 2898 2899 2900 -1 2901 2902 2903 -1 2904 2905 2906 -1 2907 2908 2909 -1 2910 2911 2912 -1 2913 2914 2915 -1 2916 2917 2918 -1 2919 2920 2921 -1 2922 2923 2924 -1 2925 2926 2927 -1 2928 2929 2930 -1 2931 2932 2933 -1 2934 2935 2936 -1 2937 2938 2939 -1 2940 2941 2942 -1 2943 2944 2945 -1 2946 2947 2948 -1 2949 2950 2951 -1 2952 2953 2954 -1 2955 2956 2957 -1 2958 2959 2960 -1 2961 2962 2963 -1 2964 2965 2966 -1 2967 2968 2969 -1 2970 2971 2972 -1 2973 2974 2975 -1 2976 2977 2978 -1 2979 2980 2981 -1 2982 2983 2984 -1 2985 2986 2987 -1 2988 2989 2990 -1 2991 2992 2993 -1 2994 2995 2996 -1 2997 2998 2999 -1 3000 3001 3002 -1 3003 3004 3005 -1 3006 3007 3008 -1 3009 3010 3011 -1 3012 3013 3014 -1 3015 3016 3017 -1 3018 3019 3020 -1 3021 3022 3023 -1 3024 3025 3026 -1 3027 3028 3029 -1 3030 3031 3032 -1 3033 3034 3035 -1 3036 3037 3038 -1 3039 3040 3041 -1 3042 3043 3044 -1 3045 3046 3047 -1 3048 3049 3050 -1 3051 3052 3053 -1 3054 3055 3056 -1 3057 3058 3059 -1 3060 3061 3062 -1 3063 3064 3065 -1 3066 3067 3068 -1 3069 3070 3071 -1 3072 3073 3074 -1 3075 3076 3077 -1 3078 3079 3080 -1 3081 3082 3083 -1 3084 3085 3086 -1 3087 3088 3089 -1 3090 3091 3092 -1 3093 3094 3095 -1 3096 3097 3098 -1 3099 3100 3101 -1 3102 3103 3104 -1 3105 3106 3107 -1 3108 3109 3110 -1 3111 3112 3113 -1 3114 3115 3116 -1 3117 3118 3119 -1 3120 3121 3122 -1 3123 3124 3125 -1 3126 3127 3128 -1 3129 3130 3131 -1 3132 3133 3134 -1 3135 3136 3137 -1 3138 3139 3140 -1 3141 3142 3143 -1 3144 3145 3146 -1 3147 3148 3149 -1 3150 3151 3152 -1 3153 3154 3155 -1 3156 3157 3158 -1 3159 3160 3161 -1 3162 3163 3164 -1 3165 3166 3167 -1 3168 3169 3170 -1 3171 3172 3173 -1 3174 3175 3176 -1 3177 3178 3179 -1 3180 3181 3182 -1 3183 3184 3185 -1 3186 3187 3188 -1 3189 3190 3191 -1 3192 3193 3194 -1 3195 3196 3197 -1 3198 3199 3200 -1 3201 3202 3203 -1 3204 3205 3206 -1 3207 3208 3209 -1 3210 3211 3212 -1 3213 3214 3215 -1 3216 3217 3218 -1 3219 3220 3221 -1 3222 3223 3224 -1 3225 3226 3227 -1 3228 3229 3230 -1 3231 3232 3233 -1 3234 3235 3236 -1 3237 3238 3239 -1 3240 3241 3242 -1 3243 3244 3245 -1 3246 3247 3248 -1 3249 3250 3251 -1 3252 3253 3254 -1 3255 3256 3257 -1 3258 3259 3260 -1 3261 3262 3263 -1 3264 3265 3266 -1 3267 3268 3269 -1 3270 3271 3272 -1 3273 3274 3275 -1 3276 3277 3278 -1 3279 3280 3281 -1 3282 3283 3284 -1 3285 3286 3287 -1 3288 3289 3290 -1 3291 3292 3293 -1 3294 3295 3296 -1 3297 3298 3299 -1 3300 3301 3302 -1 3303 3304 3305 -1 3306 3307 3308 -1 3309 3310 3311 -1 3312 3313 3314 -1 3315 3316 3317 -1 3318 3319 3320 -1 3321 3322 3323 -1 3324 3325 3326 -1 3327 3328 3329 -1 3330 3331 3332 -1 3333 3334 3335 -1 3336 3337 3338 -1 3339 3340 3341 -1 3342 3343 3344 -1 3345 3346 3347 -1 3348 3349 3350 -1 3351 3352 3353 -1 3354 3355 3356 -1 3357 3358 3359 -1 3360 3361 3362 -1 3363 3364 3365 -1 3366 3367 3368 -1 3369 3370 3371 -1 3372 3373 3374 -1 3375 3376 3377 -1 3378 3379 3380 -1 3381 3382 3383 -1 3384 3385 3386 -1 3387 3388 3389 -1 3390 3391 3392 -1 3393 3394 3395 -1 3396 3397 3398 -1 3399 3400 3401 -1 3402 3403 3404 -1 3405 3406 3407 -1 3408 3409 3410 -1 3411 3412 3413 -1 3414 3415 3416 -1 3417 3418 3419 -1 3420 3421 3422 -1 3423 3424 3425 -1 3426 3427 3428 -1 3429 3430 3431 -1 3432 3433 3434 -1 3435 3436 3437 -1 3438 3439 3440 -1 3441 3442 3443 -1 3444 3445 3446 -1 3447 3448 3449 -1 3450 3451 3452 -1 3453 3454 3455 -1 3456 3457 3458 -1 3459 3460 3461 -1 3462 3463 3464 -1 3465 3466 3467 -1 3468 3469 3470 -1 3471 3472 3473 -1 3474 3475 3476 -1 3477 3478 3479 -1 3480 3481 3482 -1 3483 3484 3485 -1 3486 3487 3488 -1 3489 3490 3491 -1 3492 3493 3494 -1 3495 3496 3497 -1 3498 3499 3500 -1 3501 3502 3503 -1 3504 3505 3506 -1 3507 3508 3509 -1 3510 3511 3512 -1 3513 3514 3515 -1 3516 3517 3518 -1 3519 3520 3521 -1 3522 3523 3524 -1 3525 3526 3527 -1 3528 3529 3530 -1 3531 3532 3533 -1 3534 3535 3536 -1 3537 3538 3539 -1 3540 3541 3542 -1 3543 3544 3545 -1 3546 3547 3548 -1 3549 3550 3551 -1 3552 3553 3554 -1 3555 3556 3557 -1 3558 3559 3560 -1 3561 3562 3563 -1 3564 3565 3566 -1 3567 3568 3569 -1 3570 3571 3572 -1 3573 3574 3575 -1 3576 3577 3578 -1 3579 3580 3581 -1 3582 3583 3584 -1 3585 3586 3587 -1 3588 3589 3590 -1 3591 3592 3593 -1 3594 3595 3596 -1 3597 3598 3599 -1 3600 3601 3602 -1 3603 3604 3605 -1 3606 3607 3608 -1 3609 3610 3611 -1 3612 3613 3614 -1 3615 3616 3617 -1 3618 3619 3620 -1 3621 3622 3623 -1 3624 3625 3626 -1 3627 3628 3629 -1 3630 3631 3632 -1 3633 3634 3635 -1 3636 3637 3638 -1 3639 3640 3641 -1 3642 3643 3644 -1 3645 3646 3647 -1 3648 3649 3650 -1 3651 3652 3653 -1 3654 3655 3656 -1 3657 3658 3659 -1 3660 3661 3662 -1 3663 3664 3665 -1 3666 3667 3668 -1 3669 3670 3671 -1 3672 3673 3674 -1 3675 3676 3677 -1 3678 3679 3680 -1 3681 3682 3683 -1 3684 3685 3686 -1 3687 3688 3689 -1 3690 3691 3692 -1 3693 3694 3695 -1 3696 3697 3698 -1 3699 3700 3701 -1 3702 3703 3704 -1 3705 3706 3707 -1 3708 3709 3710 -1 3711 3712 3713 -1 3714 3715 3716 -1 3717 3718 3719 -1 3720 3721 3722 -1 3723 3724 3725 -1 3726 3727 3728 -1 3729 3730 3731 -1 3732 3733 3734 -1 3735 3736 3737 -1 3738 3739 3740 -1 3741 3742 3743 -1 3744 3745 3746 -1 3747 3748 3749 -1 3750 3751 3752 -1 3753 3754 3755 -1 3756 3757 3758 -1 3759 3760 3761 -1 3762 3763 3764 -1 3765 3766 3767 -1 3768 3769 3770 -1 3771 3772 3773 -1 3774 3775 3776 -1 3777 3778 3779 -1 3780 3781 3782 -1 3783 3784 3785 -1 3786 3787 3788 -1 3789 3790 3791 -1 3792 3793 3794 -1 3795 3796 3797 -1 3798 3799 3800 -1 3801 3802 3803 -1 3804 3805 3806 -1 3807 3808 3809 -1 3810 3811 3812 -1 3813 3814 3815 -1 3816 3817 3818 -1 3819 3820 3821 -1 3822 3823 3824 -1 3825 3826 3827 -1 3828 3829 3830 -1 3831 3832 3833 -1 3834 3835 3836 -1 3837 3838 3839 -1 3840 3841 3842 -1 3843 3844 3845 -1 3846 3847 3848 -1 3849 3850 3851 -1 3852 3853 3854 -1 3855 3856 3857 -1 3858 3859 3860 -1 3861 3862 3863 -1 3864 3865 3866 -1 3867 3868 3869 -1 3870 3871 3872 -1 3873 3874 3875 -1 3876 3877 3878 -1 3879 3880 3881 -1 3882 3883 3884 -1 3885 3886 3887 -1 3888 3889 3890 -1 3891 3892 3893 -1 3894 3895 3896 -1 3897 3898 3899 -1 3900 3901 3902 -1 3903 3904 3905 -1 3906 3907 3908 -1 3909 3910 3911 -1 3912 3913 3914 -1 3915 3916 3917 -1 3918 3919 3920 -1 3921 3922 3923 -1 3924 3925 3926 -1 3927 3928 3929 -1 3930 3931 3932 -1 3933 3934 3935 -1 3936 3937 3938 -1 3939 3940 3941 -1 3942 3943 3944 -1 3945 3946 3947 -1 3948 3949 3950 -1 3951 3952 3953 -1 3954 3955 3956 -1 3957 3958 3959 -1 3960 3961 3962 -1 3963 3964 3965 -1 3966 3967 3968 -1 3969 3970 3971 -1 3972 3973 3974 -1 3975 3976 3977 -1 3978 3979 3980 -1 3981 3982 3983 -1 3984 3985 3986 -1 3987 3988 3989 -1 3990 3991 3992 -1 3993 3994 3995 -1 3996 3997 3998 -1 3999 4000 4001 -1 4002 4003 4004 -1 4005 4006 4007 -1 4008 4009 4010 -1 4011 4012 4013 -1 4014 4015 4016 -1 4017 4018 4019 -1 4020 4021 4022 -1 4023 4024 4025 -1 4026 4027 4028 -1 4029 4030 4031 -1 4032 4033 4034 -1 4035 4036 4037 -1 4038 4039 4040 -1 4041 4042 4043 -1 4044 4045 4046 -1 4047 4048 4049 -1 4050 4051 4052 -1 4053 4054 4055 -1 4056 4057 4058 -1 4059 4060 4061 -1 4062 4063 4064 -1 4065 4066 4067 -1 4068 4069 4070 -1 4071 4072 4073 -1 4074 4075 4076 -1 4077 4078 4079 -1 4080 4081 4082 -1 4083 4084 4085 -1 4086 4087 4088 -1 4089 4090 4091 -1 4092 4093 4094 -1 4095 4096 4097 -1 4098 4099 4100 -1 4101 4102 4103 -1 4104 4105 4106 -1 4107 4108 4109 -1 4110 4111 4112 -1 4113 4114 4115 -1 4116 4117 4118 -1 4119 4120 4121 -1 4122 4123 4124 -1 4125 4126 4127 -1 4128 4129 4130 -1 4131 4132 4133 -1 4134 4135 4136 -1 4137 4138 4139 -1 4140 4141 4142 -1 4143 4144 4145 -1 4146 4147 4148 -1 4149 4150 4151 -1 4152 4153 4154 -1 4155 4156 4157 -1 4158 4159 4160 -1 4161 4162 4163 -1 4164 4165 4166 -1 4167 4168 4169 -1 4170 4171 4172 -1 4173 4174 4175 -1 4176 4177 4178 -1 4179 4180 4181 -1 4182 4183 4184 -1 4185 4186 4187 -1 4188 4189 4190 -1 4191 4192 4193 -1 4194 4195 4196 -1 4197 4198 4199 -1 4200 4201 4202 -1 4203 4204 4205 -1 4206 4207 4208 -1 4209 4210 4211 -1 4212 4213 4214 -1 4215 4216 4217 -1 4218 4219 4220 -1 4221 4222 4223 -1 4224 4225 4226 -1 4227 4228 4229 -1 4230 4231 4232 -1 4233 4234 4235 -1 4236 4237 4238 -1 4239 4240 4241 -1 4242 4243 4244 -1 4245 4246 4247 -1 4248 4249 4250 -1 4251 4252 4253 -1 4254 4255 4256 -1 4257 4258 4259 -1 4260 4261 4262 -1 4263 4264 4265 -1 4266 4267 4268 -1 4269 4270 4271 -1 4272 4273 4274 -1 4275 4276 4277 -1 4278 4279 4280 -1 4281 4282 4283 -1 4284 4285 4286 -1 4287 4288 4289 -1 4290 4291 4292 -1 4293 4294 4295 -1 4296 4297 4298 -1 4299 4300 4301 -1 4302 4303 4304 -1 4305 4306 4307 -1 4308 4309 4310 -1 4311 4312 4313 -1 4314 4315 4316 -1 4317 4318 4319 -1 4320 4321 4322 -1 4323 4324 4325 -1 4326 4327 4328 -1 4329 4330 4331 -1 4332 4333 4334 -1 4335 4336 4337 -1 4338 4339 4340 -1 4341 4342 4343 -1 4344 4345 4346 -1 4347 4348 4349 -1 4350 4351 4352 -1 4353 4354 4355 -1 4356 4357 4358 -1 4359 4360 4361 -1 4362 4363 4364 -1 4365 4366 4367 -1 4368 4369 4370 -1 4371 4372 4373 -1 4374 4375 4376 -1 4377 4378 4379 -1 4380 4381 4382 -1 4383 4384 4385 -1 4386 4387 4388 -1 4389 4390 4391 -1 4392 4393 4394 -1 4395 4396 4397 -1 4398 4399 4400 -1 4401 4402 4403 -1 4404 4405 4406 -1 4407 4408 4409 -1 4410 4411 4412 -1 4413 4414 4415 -1 4416 4417 4418 -1 4419 4420 4421 -1 4422 4423 4424 -1 4425 4426 4427 -1 4428 4429 4430 -1 4431 4432 4433 -1 4434 4435 4436 -1 4437 4438 4439 -1 4440 4441 4442 -1 4443 4444 4445 -1 4446 4447 4448 -1 4449 4450 4451 -1 4452 4453 4454 -1 4455 4456 4457 -1 4458 4459 4460 -1 4461 4462 4463 -1 4464 4465 4466 -1 4467 4468 4469 -1 4470 4471 4472 -1 4473 4474 4475 -1 4476 4477 4478 -1 4479 4480 4481 -1 4482 4483 4484 -1 4485 4486 4487 -1 4488 4489 4490 -1 4491 4492 4493 -1 4494 4495 4496 -1 4497 4498 4499 -1 4500 4501 4502 -1 4503 4504 4505 -1 4506 4507 4508 -1 4509 4510 4511 -1 4512 4513 4514 -1 4515 4516 4517 -1 4518 4519 4520 -1 4521 4522 4523 -1 4524 4525 4526 -1 4527 4528 4529 -1 4530 4531 4532 -1 4533 4534 4535 -1 4536 4537 4538 -1 4539 4540 4541 -1 4542 4543 4544 -1 4545 4546 4547 -1 4548 4549 4550 -1 4551 4552 4553 -1 4554 4555 4556 -1 4557 4558 4559 -1 4560 4561 4562 -1 4563 4564 4565 -1 4566 4567 4568 -1 4569 4570 4571 -1 4572 4573 4574 -1 4575 4576 4577 -1 4578 4579 4580 -1 4581 4582 4583 -1 4584 4585 4586 -1 4587 4588 4589 -1 4590 4591 4592 -1 4593 4594 4595 -1 4596 4597 4598 -1 4599 4600 4601 -1 4602 4603 4604 -1 4605 4606 4607 -1 4608 4609 4610 -1 4611 4612 4613 -1 4614 4615 4616 -1 4617 4618 4619 -1 4620 4621 4622 -1 4623 4624 4625 -1 4626 4627 4628 -1 4629 4630 4631 -1 4632 4633 4634 -1 4635 4636 4637 -1 4638 4639 4640 -1 4641 4642 4643 -1 4644 4645 4646 -1 4647 4648 4649 -1 4650 4651 4652 -1 4653 4654 4655 -1 4656 4657 4658 -1 4659 4660 4661 -1 4662 4663 4664 -1 4665 4666 4667 -1 4668 4669 4670 -1 4671 4672 4673 -1 4674 4675 4676 -1 4677 4678 4679 -1 4680 4681 4682 -1 4683 4684 4685 -1 4686 4687 4688 -1 4689 4690 4691 -1 4692 4693 4694 -1 4695 4696 4697 -1 4698 4699 4700 -1 4701 4702 4703 -1 4704 4705 4706 -1 4707 4708 4709 -1 4710 4711 4712 -1 4713 4714 4715 -1 4716 4717 4718 -1 4719 4720 4721 -1 4722 4723 4724 -1 4725 4726 4727 -1 4728 4729 4730 -1 4731 4732 4733 -1 4734 4735 4736 -1 4737 4738 4739 -1 4740 4741 4742 -1 4743 4744 4745 -1 4746 4747 4748 -1 4749 4750 4751 -1 4752 4753 4754 -1 4755 4756 4757 -1 4758 4759 4760 -1 4761 4762 4763 -1 4764 4765 4766 -1 4767 4768 4769 -1 4770 4771 4772 -1 4773 4774 4775 -1 4776 4777 4778 -1 4779 4780 4781 -1 4782 4783 4784 -1 4785 4786 4787 -1 4788 4789 4790 -1 4791 4792 4793 -1 4794 4795 4796 -1 4797 4798 4799 -1 4800 4801 4802 -1 4803 4804 4805 -1 4806 4807 4808 -1 4809 4810 4811 -1 4812 4813 4814 -1 4815 4816 4817 -1 4818 4819 4820 -1 4821 4822 4823 -1 4824 4825 4826 -1 4827 4828 4829 -1 4830 4831 4832 -1 4833 4834 4835 -1 4836 4837 4838 -1 4839 4840 4841 -1 4842 4843 4844 -1 4845 4846 4847 -1 4848 4849 4850 -1 4851 4852 4853 -1 4854 4855 4856 -1 4857 4858 4859 -1 4860 4861 4862 -1 4863 4864 4865 -1 4866 4867 4868 -1 4869 4870 4871 -1 4872 4873 4874 -1 4875 4876 4877 -1 4878 4879 4880 -1 4881 4882 4883 -1 4884 4885 4886 -1 4887 4888 4889 -1 4890 4891 4892 -1 4893 4894 4895 -1 4896 4897 4898 -1 4899 4900 4901 -1 4902 4903 4904 -1 4905 4906 4907 -1 4908 4909 4910 -1 4911 4912 4913 -1 4914 4915 4916 -1 4917 4918 4919 -1 4920 4921 4922 -1 4923 4924 4925 -1 4926 4927 4928 -1 4929 4930 4931 -1 4932 4933 4934 -1 4935 4936 4937 -1 4938 4939 4940 -1 4941 4942 4943 -1 4944 4945 4946 -1 4947 4948 4949 -1 4950 4951 4952 -1 4953 4954 4955 -1 4956 4957 4958 -1 4959 4960 4961 -1 4962 4963 4964 -1 4965 4966 4967 -1 4968 4969 4970 -1 4971 4972 4973 -1 4974 4975 4976 -1 4977 4978 4979 -1 4980 4981 4982 -1 4983 4984 4985 -1 4986 4987 4988 -1 4989 4990 4991 -1 4992 4993 4994 -1 4995 4996 4997 -1 4998 4999 5000 -1 5001 5002 5003 -1 5004 5005 5006 -1 5007 5008 5009 -1 5010 5011 5012 -1 5013 5014 5015 -1 5016 5017 5018 -1 5019 5020 5021 -1 5022 5023 5024 -1 5025 5026 5027 -1 5028 5029 5030 -1 5031 5032 5033 -1 5034 5035 5036 -1 5037 5038 5039 -1 5040 5041 5042 -1 5043 5044 5045 -1 5046 5047 5048 -1 5049 5050 5051 -1 5052 5053 5054 -1 5055 5056 5057 -1 5058 5059 5060 -1 5061 5062 5063 -1 5064 5065 5066 -1 5067 5068 5069 -1 5070 5071 5072 -1 5073 5074 5075 -1 5076 5077 5078 -1 5079 5080 5081 -1 5082 5083 5084 -1 5085 5086 5087 -1 5088 5089 5090 -1 5091 5092 5093 -1 5094 5095 5096 -1 5097 5098 5099 -1 5100 5101 5102 -1 5103 5104 5105 -1 5106 5107 5108 -1 5109 5110 5111 -1 5112 5113 5114 -1 5115 5116 5117 -1 5118 5119 5120 -1 5121 5122 5123 -1 5124 5125 5126 -1 5127 5128 5129 -1 5130 5131 5132 -1 5133 5134 5135 -1 5136 5137 5138 -1 5139 5140 5141 -1 5142 5143 5144 -1 5145 5146 5147 -1 5148 5149 5150 -1 5151 5152 5153 -1 5154 5155 5156 -1 5157 5158 5159 -1 5160 5161 5162 -1 5163 5164 5165 -1 5166 5167 5168 -1 5169 5170 5171 -1 5172 5173 5174 -1 5175 5176 5177 -1 5178 5179 5180 -1 5181 5182 5183 -1 5184 5185 5186 -1 5187 5188 5189 -1 5190 5191 5192 -1 5193 5194 5195 -1 5196 5197 5198 -1 5199 5200 5201 -1 5202 5203 5204 -1 5205 5206 5207 -1 5208 5209 5210 -1 5211 5212 5213 -1 5214 5215 5216 -1 5217 5218 5219 -1 5220 5221 5222 -1 5223 5224 5225 -1 5226 5227 5228 -1 5229 5230 5231 -1 5232 5233 5234 -1 5235 5236 5237 -1 5238 5239 5240 -1 5241 5242 5243 -1 5244 5245 5246 -1 5247 5248 5249 -1 5250 5251 5252 -1 5253 5254 5255 -1 5256 5257 5258 -1 5259 5260 5261 -1 5262 5263 5264 -1 5265 5266 5267 -1 5268 5269 5270 -1 5271 5272 5273 -1 5274 5275 5276 -1 5277 5278 5279 -1 5280 5281 5282 -1 5283 5284 5285 -1 5286 5287 5288 -1 5289 5290 5291 -1 5292 5293 5294 -1 5295 5296 5297 -1 5298 5299 5300 -1 5301 5302 5303 -1 5304 5305 5306 -1 5307 5308 5309 -1 5310 5311 5312 -1 5313 5314 5315 -1 5316 5317 5318 -1 5319 5320 5321 -1 5322 5323 5324 -1 5325 5326 5327 -1 5328 5329 5330 -1 5331 5332 5333 -1 5334 5335 5336 -1 5337 5338 5339 -1 5340 5341 5342 -1 5343 5344 5345 -1 5346 5347 5348 -1 5349 5350 5351 -1 5352 5353 5354 -1 5355 5356 5357 -1 5358 5359 5360 -1 5361 5362 5363 -1 5364 5365 5366 -1 5367 5368 5369 -1 5370 5371 5372 -1 5373 5374 5375 -1 5376 5377 5378 -1 5379 5380 5381 -1 5382 5383 5384 -1 5385 5386 5387 -1 5388 5389 5390 -1 5391 5392 5393 -1 5394 5395 5396 -1 5397 5398 5399 -1 5400 5401 5402 -1 5403 5404 5405 -1 5406 5407 5408 -1 5409 5410 5411 -1 5412 5413 5414 -1 5415 5416 5417 -1 5418 5419 5420 -1 5421 5422 5423 -1 5424 5425 5426 -1 5427 5428 5429 -1 5430 5431 5432 -1 5433 5434 5435 -1 5436 5437 5438 -1 5439 5440 5441 -1 5442 5443 5444 -1 5445 5446 5447 -1 5448 5449 5450 -1 5451 5452 5453 -1 5454 5455 5456 -1 5457 5458 5459 -1 5460 5461 5462 -1 5463 5464 5465 -1 5466 5467 5468 -1 5469 5470 5471 -1 5472 5473 5474 -1 5475 5476 5477 -1 5478 5479 5480 -1 5481 5482 5483 -1 5484 5485 5486 -1 5487 5488 5489 -1 5490 5491 5492 -1 5493 5494 5495 -1 5496 5497 5498 -1 5499 5500 5501 -1 5502 5503 5504 -1 5505 5506 5507 -1 5508 5509 5510 -1 5511 5512 5513 -1 5514 5515 5516 -1 5517 5518 5519 -1 5520 5521 5522 -1 5523 5524 5525 -1 5526 5527 5528 -1 5529 5530 5531 -1 5532 5533 5534 -1 5535 5536 5537 -1 5538 5539 5540 -1 5541 5542 5543 -1 5544 5545 5546 -1 5547 5548 5549 -1 5550 5551 5552 -1 5553 5554 5555 -1 5556 5557 5558 -1 5559 5560 5561 -1 5562 5563 5564 -1 5565 5566 5567 -1 5568 5569 5570 -1 5571 5572 5573 -1 5574 5575 5576 -1 5577 5578 5579 -1 5580 5581 5582 -1 5583 5584 5585 -1 5586 5587 5588 -1 5589 5590 5591 -1 5592 5593 5594 -1 5595 5596 5597 -1 5598 5599 5600 -1 5601 5602 5603 -1 5604 5605 5606 -1 5607 5608 5609 -1 5610 5611 5612 -1 5613 5614 5615 -1 5616 5617 5618 -1 5619 5620 5621 -1 5622 5623 5624 -1 5625 5626 5627 -1 5628 5629 5630 -1 5631 5632 5633 -1 5634 5635 5636 -1 5637 5638 5639 -1 5640 5641 5642 -1 5643 5644 5645 -1 5646 5647 5648 -1 5649 5650 5651 -1 5652 5653 5654 -1 5655 5656 5657 -1 5658 5659 5660 -1 5661 5662 5663 -1 5664 5665 5666 -1 5667 5668 5669 -1 5670 5671 5672 -1 5673 5674 5675 -1 5676 5677 5678 -1 5679 5680 5681 -1 5682 5683 5684 -1 5685 5686 5687 -1 5688 5689 5690 -1 5691 5692 5693 -1 5694 5695 5696 -1 5697 5698 5699 -1 5700 5701 5702 -1 5703 5704 5705 -1 5706 5707 5708 -1 5709 5710 5711 -1 5712 5713 5714 -1 5715 5716 5717 -1 5718 5719 5720 -1 5721 5722 5723 -1 5724 5725 5726 -1 5727 5728 5729 -1 5730 5731 5732 -1 5733 5734 5735 -1 5736 5737 5738 -1 5739 5740 5741 -1 5742 5743 5744 -1 5745 5746 5747 -1 5748 5749 5750 -1 5751 5752 5753 -1 5754 5755 5756 -1 5757 5758 5759 -1 5760 5761 5762 -1 5763 5764 5765 -1 5766 5767 5768 -1 5769 5770 5771 -1 5772 5773 5774 -1 5775 5776 5777 -1 5778 5779 5780 -1 5781 5782 5783 -1 5784 5785 5786 -1 5787 5788 5789 -1 5790 5791 5792 -1 5793 5794 5795 -1 5796 5797 5798 -1 5799 5800 5801 -1 5802 5803 5804 -1 5805 5806 5807 -1 5808 5809 5810 -1 5811 5812 5813 -1 5814 5815 5816 -1 5817 5818 5819 -1 5820 5821 5822 -1 5823 5824 5825 -1 5826 5827 5828 -1 5829 5830 5831 -1 5832 5833 5834 -1 5835 5836 5837 -1 5838 5839 5840 -1 5841 5842 5843 -1 5844 5845 5846 -1 5847 5848 5849 -1 5850 5851 5852 -1 5853 5854 5855 -1 5856 5857 5858 -1 5859 5860 5861 -1 5862 5863 5864 -1 5865 5866 5867 -1 5868 5869 5870 -1 5871 5872 5873 -1 5874 5875 5876 -1 5877 5878 5879 -1 5880 5881 5882 -1 5883 5884 5885 -1 5886 5887 5888 -1 5889 5890 5891 -1 5892 5893 5894 -1 5895 5896 5897 -1 5898 5899 5900 -1 5901 5902 5903 -1 5904 5905 5906 -1 5907 5908 5909 -1 5910 5911 5912 -1 5913 5914 5915 -1 5916 5917 5918 -1 5919 5920 5921 -1 5922 5923 5924 -1 5925 5926 5927 -1 5928 5929 5930 -1 5931 5932 5933 -1 5934 5935 5936 -1 5937 5938 5939 -1 5940 5941 5942 -1 5943 5944 5945 -1 5946 5947 5948 -1 5949 5950 5951 -1 5952 5953 5954 -1 5955 5956 5957 -1 5958 5959 5960 -1 5961 5962 5963 -1 5964 5965 5966 -1 5967 5968 5969 -1 5970 5971 5972 -1 5973 5974 5975 -1 5976 5977 5978 -1 5979 5980 5981 -1 5982 5983 5984 -1 5985 5986 5987 -1 5988 5989 5990 -1 5991 5992 5993 -1 5994 5995 5996 -1 5997 5998 5999 -1 6000 6001 6002 -1 6003 6004 6005 -1 6006 6007 6008 -1 6009 6010 6011 -1 6012 6013 6014 -1 6015 6016 6017 -1 6018 6019 6020 -1 6021 6022 6023 -1 6024 6025 6026 -1 6027 6028 6029 -1 6030 6031 6032 -1 6033 6034 6035 -1 6036 6037 6038 -1 6039 6040 6041 -1 6042 6043 6044 -1 6045 6046 6047 -1 6048 6049 6050 -1 6051 6052 6053 -1 6054 6055 6056 -1 6057 6058 6059 -1 6060 6061 6062 -1 6063 6064 6065 -1 6066 6067 6068 -1 6069 6070 6071 -1 6072 6073 6074 -1 6075 6076 6077 -1 6078 6079 6080 -1 6081 6082 6083 -1 6084 6085 6086 -1 6087 6088 6089 -1 6090 6091 6092 -1 6093 6094 6095 -1 6096 6097 6098 -1 6099 6100 6101 -1 6102 6103 6104 -1 6105 6106 6107 -1 6108 6109 6110 -1 6111 6112 6113 -1 6114 6115 6116 -1 6117 6118 6119 -1 6120 6121 6122 -1 6123 6124 6125 -1 6126 6127 6128 -1 6129 6130 6131 -1 6132 6133 6134 -1 6135 6136 6137 -1 6138 6139 6140 -1 6141 6142 6143 -1 6144 6145 6146 -1 6147 6148 6149 -1 6150 6151 6152 -1 6153 6154 6155 -1 6156 6157 6158 -1 6159 6160 6161 -1 6162 6163 6164 -1 6165 6166 6167 -1 6168 6169 6170 -1 6171 6172 6173 -1 6174 6175 6176 -1 6177 6178 6179 -1 6180 6181 6182 -1 6183 6184 6185 -1 6186 6187 6188 -1 6189 6190 6191 -1 6192 6193 6194 -1 6195 6196 6197 -1 6198 6199 6200 -1 6201 6202 6203 -1 6204 6205 6206 -1 6207 6208 6209 -1 6210 6211 6212 -1 6213 6214 6215 -1 6216 6217 6218 -1 6219 6220 6221 -1 6222 6223 6224 -1 6225 6226 6227 -1 6228 6229 6230 -1 6231 6232 6233 -1 6234 6235 6236 -1 6237 6238 6239 -1 6240 6241 6242 -1 6243 6244 6245 -1 6246 6247 6248 -1 6249 6250 6251 -1 6252 6253 6254 -1 6255 6256 6257 -1 6258 6259 6260 -1 6261 6262 6263 -1 6264 6265 6266 -1 6267 6268 6269 -1 6270 6271 6272 -1 6273 6274 6275 -1 6276 6277 6278 -1 6279 6280 6281 -1 6282 6283 6284 -1 6285 6286 6287 -1 6288 6289 6290 -1 6291 6292 6293 -1 6294 6295 6296 -1 6297 6298 6299 -1 6300 6301 6302 -1 6303 6304 6305 -1 6306 6307 6308 -1 6309 6310 6311 -1 6312 6313 6314 -1 6315 6316 6317 -1 6318 6319 6320 -1 6321 6322 6323 -1 6324 6325 6326 -1 6327 6328 6329 -1 6330 6331 6332 -1 6333 6334 6335 -1 6336 6337 6338 -1 6339 6340 6341 -1 6342 6343 6344 -1 6345 6346 6347 -1 6348 6349 6350 -1 6351 6352 6353 -1 6354 6355 6356 -1 6357 6358 6359 -1 6360 6361 6362 -1 6363 6364 6365 -1 6366 6367 6368 -1 6369 6370 6371 -1 6372 6373 6374 -1 6375 6376 6377 -1 6378 6379 6380 -1 6381 6382 6383 -1 6384 6385 6386 -1 6387 6388 6389 -1 6390 6391 6392 -1 6393 6394 6395 -1 6396 6397 6398 -1 6399 6400 6401 -1 6402 6403 6404 -1 6405 6406 6407 -1 6408 6409 6410 -1 6411 6412 6413 -1 6414 6415 6416 -1 6417 6418 6419 -1 6420 6421 6422 -1 6423 6424 6425 -1 6426 6427 6428 -1 6429 6430 6431 -1 6432 6433 6434 -1 6435 6436 6437 -1 6438 6439 6440 -1 6441 6442 6443 -1 6444 6445 6446 -1 6447 6448 6449 -1 6450 6451 6452 -1 6453 6454 6455 -1 6456 6457 6458 -1 6459 6460 6461 -1 6462 6463 6464 -1 6465 6466 6467 -1 6468 6469 6470 -1 6471 6472 6473 -1 6474 6475 6476 -1 6477 6478 6479 -1 6480 6481 6482 -1 6483 6484 6485 -1 6486 6487 6488 -1 6489 6490 6491 -1 6492 6493 6494 -1 6495 6496 6497 -1 6498 6499 6500 -1 6501 6502 6503 -1 6504 6505 6506 -1 6507 6508 6509 -1 6510 6511 6512 -1 6513 6514 6515 -1 6516 6517 6518 -1 6519 6520 6521 -1 6522 6523 6524 -1 6525 6526 6527 -1 6528 6529 6530 -1 6531 6532 6533 -1 6534 6535 6536 -1 6537 6538 6539 -1 6540 6541 6542 -1 6543 6544 6545 -1 6546 6547 6548 -1 6549 6550 6551 -1 6552 6553 6554 -1 6555 6556 6557 -1 6558 6559 6560 -1 6561 6562 6563 -1 6564 6565 6566 -1 6567 6568 6569 -1 6570 6571 6572 -1 6573 6574 6575 -1 6576 6577 6578 -1 6579 6580 6581 -1 6582 6583 6584 -1 6585 6586 6587 -1 6588 6589 6590 -1 6591 6592 6593 -1 6594 6595 6596 -1 6597 6598 6599 -1 6600 6601 6602 -1 6603 6604 6605 -1 6606 6607 6608 -1 6609 6610 6611 -1 6612 6613 6614 -1 6615 6616 6617 -1 6618 6619 6620 -1 6621 6622 6623 -1 6624 6625 6626 -1 6627 6628 6629 -1 6630 6631 6632 -1 6633 6634 6635 -1 6636 6637 6638 -1 6639 6640 6641 -1 6642 6643 6644 -1 6645 6646 6647 -1 6648 6649 6650 -1 6651 6652 6653 -1 6654 6655 6656 -1 6657 6658 6659 -1 6660 6661 6662 -1 6663 6664 6665 -1 6666 6667 6668 -1 6669 6670 6671 -1 6672 6673 6674 -1 6675 6676 6677 -1 6678 6679 6680 -1 6681 6682 6683 -1 6684 6685 6686 -1 6687 6688 6689 -1 6690 6691 6692 -1 6693 6694 6695 -1 6696 6697 6698 -1 6699 6700 6701 -1 6702 6703 6704 -1 6705 6706 6707 -1 6708 6709 6710 -1 6711 6712 6713 -1 6714 6715 6716 -1 6717 6718 6719 -1 6720 6721 6722 -1 6723 6724 6725 -1 6726 6727 6728 -1 6729 6730 6731 -1 6732 6733 6734 -1 6735 6736 6737 -1 6738 6739 6740 -1 6741 6742 6743 -1 6744 6745 6746 -1 6747 6748 6749 -1 6750 6751 6752 -1 6753 6754 6755 -1 6756 6757 6758 -1 6759 6760 6761 -1 6762 6763 6764 -1 6765 6766 6767 -1 6768 6769 6770 -1 6771 6772 6773 -1 6774 6775 6776 -1 6777 6778 6779 -1 6780 6781 6782 -1 6783 6784 6785 -1 6786 6787 6788 -1 6789 6790 6791 -1 6792 6793 6794 -1 6795 6796 6797 -1 6798 6799 6800 -1 6801 6802 6803 -1 6804 6805 6806 -1 6807 6808 6809 -1 6810 6811 6812 -1 6813 6814 6815 -1 6816 6817 6818 -1 6819 6820 6821 -1 6822 6823 6824 -1 6825 6826 6827 -1 6828 6829 6830 -1 6831 6832 6833 -1 6834 6835 6836 -1 6837 6838 6839 -1 6840 6841 6842 -1 6843 6844 6845 -1 6846 6847 6848 -1 6849 6850 6851 -1 6852 6853 6854 -1 6855 6856 6857 -1 6858 6859 6860 -1 6861 6862 6863 -1 6864 6865 6866 -1 6867 6868 6869 -1 6870 6871 6872 -1 6873 6874 6875 -1 6876 6877 6878 -1 6879 6880 6881 -1 6882 6883 6884 -1 6885 6886 6887 -1 6888 6889 6890 -1 6891 6892 6893 -1 6894 6895 6896 -1 6897 6898 6899 -1 6900 6901 6902 -1 6903 6904 6905 -1 6906 6907 6908 -1 6909 6910 6911 -1 6912 6913 6914 -1 6915 6916 6917 -1 6918 6919 6920 -1 6921 6922 6923 -1 6924 6925 6926 -1 6927 6928 6929 -1 6930 6931 6932 -1 6933 6934 6935 -1 6936 6937 6938 -1 6939 6940 6941 -1 6942 6943 6944 -1 6945 6946 6947 -1 6948 6949 6950 -1 6951 6952 6953 -1 6954 6955 6956 -1 6957 6958 6959 -1 6960 6961 6962 -1 6963 6964 6965 -1 6966 6967 6968 -1 6969 6970 6971 -1 6972 6973 6974 -1 6975 6976 6977 -1 6978 6979 6980 -1 6981 6982 6983 -1 6984 6985 6986 -1 6987 6988 6989 -1 6990 6991 6992 -1 6993 6994 6995 -1 6996 6997 6998 -1 6999 7000 7001 -1 7002 7003 7004 -1 7005 7006 7007 -1 7008 7009 7010 -1 7011 7012 7013 -1 7014 7015 7016 -1 7017 7018 7019 -1 7020 7021 7022 -1 7023 7024 7025 -1 7026 7027 7028 -1 7029 7030 7031 -1 7032 7033 7034 -1 7035 7036 7037 -1 7038 7039 7040 -1 7041 7042 7043 -1 7044 7045 7046 -1 7047 7048 7049 -1 7050 7051 7052 -1 7053 7054 7055 -1 7056 7057 7058 -1 7059 7060 7061 -1 7062 7063 7064 -1 7065 7066 7067 -1 7068 7069 7070 -1 7071 7072 7073 -1 7074 7075 7076 -1 7077 7078 7079 -1 7080 7081 7082 -1 7083 7084 7085 -1 7086 7087 7088 -1 7089 7090 7091 -1 7092 7093 7094 -1 7095 7096 7097 -1 7098 7099 7100 -1 7101 7102 7103 -1 7104 7105 7106 -1 7107 7108 7109 -1 7110 7111 7112 -1 7113 7114 7115 -1 7116 7117 7118 -1 7119 7120 7121 -1 7122 7123 7124 -1 7125 7126 7127 -1 7128 7129 7130 -1 7131 7132 7133 -1 7134 7135 7136 -1 7137 7138 7139 -1 7140 7141 7142 -1 7143 7144 7145 -1 7146 7147 7148 -1 7149 7150 7151 -1 7152 7153 7154 -1 7155 7156 7157 -1 7158 7159 7160 -1 7161 7162 7163 -1 7164 7165 7166 -1 7167 7168 7169 -1 7170 7171 7172 -1 7173 7174 7175 -1 7176 7177 7178 -1 7179 7180 7181 -1 7182 7183 7184 -1 7185 7186 7187 -1 7188 7189 7190 -1 7191 7192 7193 -1 7194 7195 7196 -1 7197 7198 7199 -1 7200 7201 7202 -1 7203 7204 7205 -1 7206 7207 7208 -1 7209 7210 7211 -1 7212 7213 7214 -1 7215 7216 7217 -1 7218 7219 7220 -1 7221 7222 7223 -1 7224 7225 7226 -1 7227 7228 7229 -1 7230 7231 7232 -1 7233 7234 7235 -1 7236 7237 7238 -1 7239 7240 7241 -1 7242 7243 7244 -1 7245 7246 7247 -1 7248 7249 7250 -1 7251 7252 7253 -1 7254 7255 7256 -1 7257 7258 7259 -1 7260 7261 7262 -1 7263 7264 7265 -1 7266 7267 7268 -1 7269 7270 7271 -1 7272 7273 7274 -1 7275 7276 7277 -1 7278 7279 7280 -1 7281 7282 7283 -1 7284 7285 7286 -1 7287 7288 7289 -1 7290 7291 7292 -1 7293 7294 7295 -1 7296 7297 7298 -1 7299 7300 7301 -1 7302 7303 7304 -1 7305 7306 7307 -1 7308 7309 7310 -1 7311 7312 7313 -1 7314 7315 7316 -1 7317 7318 7319 -1 7320 7321 7322 -1 7323 7324 7325 -1 7326 7327 7328 -1 7329 7330 7331 -1 7332 7333 7334 -1 7335 7336 7337 -1 7338 7339 7340 -1 7341 7342 7343 -1 7344 7345 7346 -1 7347 7348 7349 -1 7350 7351 7352 -1 7353 7354 7355 -1 7356 7357 7358 -1 7359 7360 7361 -1 7362 7363 7364 -1 7365 7366 7367 -1 7368 7369 7370 -1 7371 7372 7373 -1 7374 7375 7376 -1 7377 7378 7379 -1 7380 7381 7382 -1 7383 7384 7385 -1 7386 7387 7388 -1 7389 7390 7391 -1 7392 7393 7394 -1 7395 7396 7397 -1 7398 7399 7400 -1 7401 7402 7403 -1 7404 7405 7406 -1 7407 7408 7409 -1 7410 7411 7412 -1 7413 7414 7415 -1 7416 7417 7418 -1 7419 7420 7421 -1 7422 7423 7424 -1 7425 7426 7427 -1 7428 7429 7430 -1 7431 7432 7433 -1 7434 7435 7436 -1 7437 7438 7439 -1 7440 7441 7442 -1 7443 7444 7445 -1 7446 7447 7448 -1 7449 7450 7451 -1 7452 7453 7454 -1 7455 7456 7457 -1 7458 7459 7460 -1 7461 7462 7463 -1 7464 7465 7466 -1 7467 7468 7469 -1 7470 7471 7472 -1 7473 7474 7475 -1 7476 7477 7478 -1 7479 7480 7481 -1 7482 7483 7484 -1 7485 7486 7487 -1 7488 7489 7490 -1 7491 7492 7493 -1 7494 7495 7496 -1 7497 7498 7499 -1 7500 7501 7502 -1 7503 7504 7505 -1 7506 7507 7508 -1 7509 7510 7511 -1 7512 7513 7514 -1 7515 7516 7517 -1 7518 7519 7520 -1 7521 7522 7523 -1 7524 7525 7526 -1 7527 7528 7529 -1 7530 7531 7532 -1 7533 7534 7535 -1 7536 7537 7538 -1 7539 7540 7541 -1 7542 7543 7544 -1 7545 7546 7547 -1 7548 7549 7550 -1 7551 7552 7553 -1 7554 7555 7556 -1 7557 7558 7559 -1 7560 7561 7562 -1 7563 7564 7565 -1 7566 7567 7568 -1 7569 7570 7571 -1 7572 7573 7574 -1 7575 7576 7577 -1 7578 7579 7580 -1 7581 7582 7583 -1 7584 7585 7586 -1 7587 7588 7589 -1 7590 7591 7592 -1 7593 7594 7595 -1 7596 7597 7598 -1 7599 7600 7601 -1 7602 7603 7604 -1 7605 7606 7607 -1 7608 7609 7610 -1 7611 7612 7613 -1 7614 7615 7616 -1 7617 7618 7619 -1 7620 7621 7622 -1 7623 7624 7625 -1 7626 7627 7628 -1 7629 7630 7631 -1 7632 7633 7634 -1 7635 7636 7637 -1 7638 7639 7640 -1 7641 7642 7643 -1 7644 7645 7646 -1 7647 7648 7649 -1 7650 7651 7652 -1 7653 7654 7655 -1 7656 7657 7658 -1 7659 7660 7661 -1 7662 7663 7664 -1 7665 7666 7667 -1 7668 7669 7670 -1 7671 7672 7673 -1 7674 7675 7676 -1 7677 7678 7679 -1 7680 7681 7682 -1 7683 7684 7685 -1 7686 7687 7688 -1 7689 7690 7691 -1 7692 7693 7694 -1 7695 7696 7697 -1 7698 7699 7700 -1 7701 7702 7703 -1 7704 7705 7706 -1 7707 7708 7709 -1 7710 7711 7712 -1 7713 7714 7715 -1 7716 7717 7718 -1 7719 7720 7721 -1 7722 7723 7724 -1 7725 7726 7727 -1 7728 7729 7730 -1 7731 7732 7733 -1 7734 7735 7736 -1 7737 7738 7739 -1 7740 7741 7742 -1 7743 7744 7745 -1 7746 7747 7748 -1 7749 7750 7751 -1 7752 7753 7754 -1 7755 7756 7757 -1 7758 7759 7760 -1 7761 7762 7763 -1 7764 7765 7766 -1 7767 7768 7769 -1 7770 7771 7772 -1 7773 7774 7775 -1 7776 7777 7778 -1 7779 7780 7781 -1 7782 7783 7784 -1 7785 7786 7787 -1 7788 7789 7790 -1 7791 7792 7793 -1 7794 7795 7796 -1 7797 7798 7799 -1 7800 7801 7802 -1 7803 7804 7805 -1 7806 7807 7808 -1 7809 7810 7811 -1 7812 7813 7814 -1 7815 7816 7817 -1 7818 7819 7820 -1 7821 7822 7823 -1 7824 7825 7826 -1 7827 7828 7829 -1 7830 7831 7832 -1 7833 7834 7835 -1 7836 7837 7838 -1 7839 7840 7841 -1 7842 7843 7844 -1 7845 7846 7847 -1 7848 7849 7850 -1 7851 7852 7853 -1 7854 7855 7856 -1 7857 7858 7859 -1 7860 7861 7862 -1 7863 7864 7865 -1 7866 7867 7868 -1 7869 7870 7871 -1 7872 7873 7874 -1 7875 7876 7877 -1 7878 7879 7880 -1 7881 7882 7883 -1 7884 7885 7886 -1 7887 7888 7889 -1 7890 7891 7892 -1 7893 7894 7895 -1 7896 7897 7898 -1 7899 7900 7901 -1 7902 7903 7904 -1 7905 7906 7907 -1 7908 7909 7910 -1 7911 7912 7913 -1 7914 7915 7916 -1 7917 7918 7919 -1 7920 7921 7922 -1 7923 7924 7925 -1 7926 7927 7928 -1 7929 7930 7931 -1 7932 7933 7934 -1 7935 7936 7937 -1 7938 7939 7940 -1 7941 7942 7943 -1 7944 7945 7946 -1 7947 7948 7949 -1 7950 7951 7952 -1 7953 7954 7955 -1 7956 7957 7958 -1 7959 7960 7961 -1 7962 7963 7964 -1 7965 7966 7967 -1 7968 7969 7970 -1 7971 7972 7973 -1 7974 7975 7976 -1 7977 7978 7979 -1 7980 7981 7982 -1 7983 7984 7985 -1 7986 7987 7988 -1 7989 7990 7991 -1 7992 7993 7994 -1 7995 7996 7997 -1 7998 7999 8000 -1 8001 8002 8003 -1 8004 8005 8006 -1 8007 8008 8009 -1 8010 8011 8012 -1 8013 8014 8015 -1 8016 8017 8018 -1 8019 8020 8021 -1 8022 8023 8024 -1 8025 8026 8027 -1 8028 8029 8030 -1 8031 8032 8033 -1 8034 8035 8036 -1 8037 8038 8039 -1 8040 8041 8042 -1 8043 8044 8045 -1 8046 8047 8048 -1 8049 8050 8051 -1 8052 8053 8054 -1 8055 8056 8057 -1 8058 8059 8060 -1 8061 8062 8063 -1 8064 8065 8066 -1 8067 8068 8069 -1 8070 8071 8072 -1 8073 8074 8075 -1 8076 8077 8078 -1 8079 8080 8081 -1 8082 8083 8084 -1 8085 8086 8087 -1 8088 8089 8090 -1 8091 8092 8093 -1 8094 8095 8096 -1 8097 8098 8099 -1 8100 8101 8102 -1 8103 8104 8105 -1 8106 8107 8108 -1 8109 8110 8111 -1 8112 8113 8114 -1 8115 8116 8117 -1 8118 8119 8120 -1 8121 8122 8123 -1 8124 8125 8126 -1 8127 8128 8129 -1 8130 8131 8132 -1 8133 8134 8135 -1 8136 8137 8138 -1 8139 8140 8141 -1 8142 8143 8144 -1 8145 8146 8147 -1 8148 8149 8150 -1 8151 8152 8153 -1 8154 8155 8156 -1 8157 8158 8159 -1 8160 8161 8162 -1 8163 8164 8165 -1 8166 8167 8168 -1 8169 8170 8171 -1 8172 8173 8174 -1 8175 8176 8177 -1 8178 8179 8180 -1 8181 8182 8183 -1 8184 8185 8186 -1 8187 8188 8189 -1 8190 8191 8192 -1 8193 8194 8195 -1 8196 8197 8198 -1 8199 8200 8201 -1 8202 8203 8204 -1 8205 8206 8207 -1 8208 8209 8210 -1 8211 8212 8213 -1 8214 8215 8216 -1 8217 8218 8219 -1 8220 8221 8222 -1 8223 8224 8225 -1 8226 8227 8228 -1 8229 8230 8231 -1 8232 8233 8234 -1 8235 8236 8237 -1 8238 8239 8240 -1 8241 8242 8243 -1 8244 8245 8246 -1 8247 8248 8249 -1 8250 8251 8252 -1 8253 8254 8255 -1 8256 8257 8258 -1 8259 8260 8261 -1 8262 8263 8264 -1 8265 8266 8267 -1 8268 8269 8270 -1 8271 8272 8273 -1 8274 8275 8276 -1 8277 8278 8279 -1 8280 8281 8282 -1 8283 8284 8285 -1 8286 8287 8288 -1 8289 8290 8291 -1 8292 8293 8294 -1 8295 8296 8297 -1 8298 8299 8300 -1 8301 8302 8303 -1 8304 8305 8306 -1 8307 8308 8309 -1 8310 8311 8312 -1 8313 8314 8315 -1 8316 8317 8318 -1 8319 8320 8321 -1 8322 8323 8324 -1 8325 8326 8327 -1 8328 8329 8330 -1 8331 8332 8333 -1 8334 8335 8336 -1 8337 8338 8339 -1 8340 8341 8342 -1 8343 8344 8345 -1 8346 8347 8348 -1 8349 8350 8351 -1 8352 8353 8354 -1 8355 8356 8357 -1 8358 8359 8360 -1 8361 8362 8363 -1 8364 8365 8366 -1 8367 8368 8369 -1 8370 8371 8372 -1 8373 8374 8375 -1 8376 8377 8378 -1 8379 8380 8381 -1 8382 8383 8384 -1 8385 8386 8387 -1 8388 8389 8390 -1 8391 8392 8393 -1 8394 8395 8396 -1 8397 8398 8399 -1 8400 8401 8402 -1 8403 8404 8405 -1 8406 8407 8408 -1 8409 8410 8411 -1 8412 8413 8414 -1 8415 8416 8417 -1 8418 8419 8420 -1 8421 8422 8423 -1 8424 8425 8426 -1 8427 8428 8429 -1 8430 8431 8432 -1 8433 8434 8435 -1 8436 8437 8438 -1 8439 8440 8441 -1 8442 8443 8444 -1 8445 8446 8447 -1 8448 8449 8450 -1 8451 8452 8453 -1 8454 8455 8456 -1 8457 8458 8459 -1 8460 8461 8462 -1 8463 8464 8465 -1 8466 8467 8468 -1 8469 8470 8471 -1 8472 8473 8474 -1 8475 8476 8477 -1 8478 8479 8480 -1 8481 8482 8483 -1 8484 8485 8486 -1 8487 8488 8489 -1 8490 8491 8492 -1 8493 8494 8495 -1 8496 8497 8498 -1 8499 8500 8501 -1 8502 8503 8504 -1 8505 8506 8507 -1 8508 8509 8510 -1 8511 8512 8513 -1 8514 8515 8516 -1 8517 8518 8519 -1 8520 8521 8522 -1 8523 8524 8525 -1 8526 8527 8528 -1 8529 8530 8531 -1 8532 8533 8534 -1 8535 8536 8537 -1 8538 8539 8540 -1 8541 8542 8543 -1 8544 8545 8546 -1 8547 8548 8549 -1 8550 8551 8552 -1 8553 8554 8555 -1 8556 8557 8558 -1 8559 8560 8561 -1 8562 8563 8564 -1 8565 8566 8567 -1 8568 8569 8570 -1 8571 8572 8573 -1 8574 8575 8576 -1 8577 8578 8579 -1 8580 8581 8582 -1 8583 8584 8585 -1 8586 8587 8588 -1 8589 8590 8591 -1 8592 8593 8594 -1 8595 8596 8597 -1 8598 8599 8600 -1 8601 8602 8603 -1 8604 8605 8606 -1 8607 8608 8609 -1 8610 8611 8612 -1 8613 8614 8615 -1 8616 8617 8618 -1 8619 8620 8621 -1 8622 8623 8624 -1 8625 8626 8627 -1 8628 8629 8630 -1 8631 8632 8633 -1 8634 8635 8636 -1 8637 8638 8639 -1 8640 8641 8642 -1 8643 8644 8645 -1 8646 8647 8648 -1 8649 8650 8651 -1 8652 8653 8654 -1 8655 8656 8657 -1 8658 8659 8660 -1 8661 8662 8663 -1 8664 8665 8666 -1 8667 8668 8669 -1 8670 8671 8672 -1 8673 8674 8675 -1 8676 8677 8678 -1 8679 8680 8681 -1 8682 8683 8684 -1 8685 8686 8687 -1 8688 8689 8690 -1 8691 8692 8693 -1 8694 8695 8696 -1 8697 8698 8699 -1 8700 8701 8702 -1 8703 8704 8705 -1 8706 8707 8708 -1 8709 8710 8711 -1 8712 8713 8714 -1 8715 8716 8717 -1 8718 8719 8720 -1 8721 8722 8723 -1 8724 8725 8726 -1 8727 8728 8729 -1 8730 8731 8732 -1 8733 8734 8735 -1 8736 8737 8738 -1 8739 8740 8741 -1 8742 8743 8744 -1 8745 8746 8747 -1 8748 8749 8750 -1 8751 8752 8753 -1 8754 8755 8756 -1 8757 8758 8759 -1 8760 8761 8762 -1 8763 8764 8765 -1 8766 8767 8768 -1 8769 8770 8771 -1 8772 8773 8774 -1 8775 8776 8777 -1 8778 8779 8780 -1 8781 8782 8783 -1 8784 8785 8786 -1 8787 8788 8789 -1 8790 8791 8792 -1 8793 8794 8795 -1 8796 8797 8798 -1 8799 8800 8801 -1 8802 8803 8804 -1 8805 8806 8807 -1 8808 8809 8810 -1 8811 8812 8813 -1 8814 8815 8816 -1 8817 8818 8819 -1 8820 8821 8822 -1 8823 8824 8825 -1 8826 8827 8828 -1 8829 8830 8831 -1 8832 8833 8834 -1 8835 8836 8837 -1 8838 8839 8840 -1 8841 8842 8843 -1 8844 8845 8846 -1 8847 8848 8849 -1 8850 8851 8852 -1 8853 8854 8855 -1 8856 8857 8858 -1 8859 8860 8861 -1 8862 8863 8864 -1 8865 8866 8867 -1 8868 8869 8870 -1 8871 8872 8873 -1 8874 8875 8876 -1 8877 8878 8879 -1 8880 8881 8882 -1 8883 8884 8885 -1 8886 8887 8888 -1 8889 8890 8891 -1 8892 8893 8894 -1 8895 8896 8897 -1 8898 8899 8900 -1 8901 8902 8903 -1 8904 8905 8906 -1 8907 8908 8909 -1 8910 8911 8912 -1 8913 8914 8915 -1 8916 8917 8918 -1 8919 8920 8921 -1 8922 8923 8924 -1 8925 8926 8927 -1 8928 8929 8930 -1 8931 8932 8933 -1 8934 8935 8936 -1 8937 8938 8939 -1 8940 8941 8942 -1 8943 8944 8945 -1 8946 8947 8948 -1 8949 8950 8951 -1 8952 8953 8954 -1 8955 8956 8957 -1 8958 8959 8960 -1 8961 8962 8963 -1 8964 8965 8966 -1 8967 8968 8969 -1 8970 8971 8972 -1 8973 8974 8975 -1 8976 8977 8978 -1 8979 8980 8981 -1 8982 8983 8984 -1 8985 8986 8987 -1 8988 8989 8990 -1 8991 8992 8993 -1 8994 8995 8996 -1 8997 8998 8999 -1 9000 9001 9002 -1 9003 9004 9005 -1 9006 9007 9008 -1 9009 9010 9011 -1 9012 9013 9014 -1 9015 9016 9017 -1 9018 9019 9020 -1 9021 9022 9023 -1 9024 9025 9026 -1 9027 9028 9029 -1 9030 9031 9032 -1 9033 9034 9035 -1 9036 9037 9038 -1 9039 9040 9041 -1 9042 9043 9044 -1 9045 9046 9047 -1 9048 9049 9050 -1 9051 9052 9053 -1 9054 9055 9056 -1 9057 9058 9059 -1 9060 9061 9062 -1 9063 9064 9065 -1 9066 9067 9068 -1 9069 9070 9071 -1 9072 9073 9074 -1 9075 9076 9077 -1 9078 9079 9080 -1 9081 9082 9083 -1 9084 9085 9086 -1 9087 9088 9089 -1 9090 9091 9092 -1 9093 9094 9095 -1 9096 9097 9098 -1 9099 9100 9101 -1 9102 9103 9104 -1 9105 9106 9107 -1 9108 9109 9110 -1 9111 9112 9113 -1 9114 9115 9116 -1 9117 9118 9119 -1 9120 9121 9122 -1 9123 9124 9125 -1 9126 9127 9128 -1 9129 9130 9131 -1 9132 9133 9134 -1 9135 9136 9137 -1 9138 9139 9140 -1 9141 9142 9143 -1 9144 9145 9146 -1 9147 9148 9149 -1 9150 9151 9152 -1 9153 9154 9155 -1 9156 9157 9158 -1 9159 9160 9161 -1 9162 9163 9164 -1 9165 9166 9167 -1 9168 9169 9170 -1 9171 9172 9173 -1 9174 9175 9176 -1 9177 9178 9179 -1 9180 9181 9182 -1 9183 9184 9185 -1 9186 9187 9188 -1 9189 9190 9191 -1 9192 9193 9194 -1 9195 9196 9197 -1 9198 9199 9200 -1 9201 9202 9203 -1 9204 9205 9206 -1 9207 9208 9209 -1 9210 9211 9212 -1 9213 9214 9215 -1 9216 9217 9218 -1 9219 9220 9221 -1 9222 9223 9224 -1 9225 9226 9227 -1 9228 9229 9230 -1 9231 9232 9233 -1 9234 9235 9236 -1 9237 9238 9239 -1 9240 9241 9242 -1 9243 9244 9245 -1 9246 9247 9248 -1 9249 9250 9251 -1 9252 9253 9254 -1 9255 9256 9257 -1 9258 9259 9260 -1 9261 9262 9263 -1 9264 9265 9266 -1 9267 9268 9269 -1 9270 9271 9272 -1 9273 9274 9275 -1 9276 9277 9278 -1 9279 9280 9281 -1 9282 9283 9284 -1 9285 9286 9287 -1 9288 9289 9290 -1 9291 9292 9293 -1 9294 9295 9296 -1 9297 9298 9299 -1 9300 9301 9302 -1 9303 9304 9305 -1 9306 9307 9308 -1 9309 9310 9311 -1 9312 9313 9314 -1 9315 9316 9317 -1 9318 9319 9320 -1 9321 9322 9323 -1 9324 9325 9326 -1 9327 9328 9329 -1 9330 9331 9332 -1 9333 9334 9335 -1 9336 9337 9338 -1 9339 9340 9341 -1 9342 9343 9344 -1 9345 9346 9347 -1 9348 9349 9350 -1 9351 9352 9353 -1 9354 9355 9356 -1 9357 9358 9359 -1 9360 9361 9362 -1 9363 9364 9365 -1 9366 9367 9368 -1 9369 9370 9371 -1 9372 9373 9374 -1 9375 9376 9377 -1 9378 9379 9380 -1 9381 9382 9383 -1 9384 9385 9386 -1 9387 9388 9389 -1 9390 9391 9392 -1 9393 9394 9395 -1 9396 9397 9398 -1 9399 9400 9401 -1 9402 9403 9404 -1 9405 9406 9407 -1 9408 9409 9410 -1 9411 9412 9413 -1 9414 9415 9416 -1 9417 9418 9419 -1 9420 9421 9422 -1 9423 9424 9425 -1 9426 9427 9428 -1 9429 9430 9431 -1 9432 9433 9434 -1 9435 9436 9437 -1 9438 9439 9440 -1 9441 9442 9443 -1 9444 9445 9446 -1 9447 9448 9449 -1 9450 9451 9452 -1 9453 9454 9455 -1 9456 9457 9458 -1 9459 9460 9461 -1 9462 9463 9464 -1 9465 9466 9467 -1 9468 9469 9470 -1 9471 9472 9473 -1 9474 9475 9476 -1 9477 9478 9479 -1 9480 9481 9482 -1 9483 9484 9485 -1 9486 9487 9488 -1 9489 9490 9491 -1 9492 9493 9494 -1 9495 9496 9497 -1 9498 9499 9500 -1 9501 9502 9503 -1 9504 9505 9506 -1 9507 9508 9509 -1 9510 9511 9512 -1 9513 9514 9515 -1 9516 9517 9518 -1 9519 9520 9521 -1 9522 9523 9524 -1 9525 9526 9527 -1 9528 9529 9530 -1 9531 9532 9533 -1 9534 9535 9536 -1 9537 9538 9539 -1 9540 9541 9542 -1 9543 9544 9545 -1 9546 9547 9548 -1 9549 9550 9551 -1 9552 9553 9554 -1 9555 9556 9557 -1 9558 9559 9560 -1 9561 9562 9563 -1 9564 9565 9566 -1 9567 9568 9569 -1 9570 9571 9572 -1 9573 9574 9575 -1 9576 9577 9578 -1 9579 9580 9581 -1 9582 9583 9584 -1 9585 9586 9587 -1 9588 9589 9590 -1 9591 9592 9593 -1 9594 9595 9596 -1 9597 9598 9599 -1 9600 9601 9602 -1 9603 9604 9605 -1 9606 9607 9608 -1 9609 9610 9611 -1 9612 9613 9614 -1 9615 9616 9617 -1 9618 9619 9620 -1 9621 9622 9623 -1 9624 9625 9626 -1 9627 9628 9629 -1 9630 9631 9632 -1 9633 9634 9635 -1 9636 9637 9638 -1 9639 9640 9641 -1 9642 9643 9644 -1 9645 9646 9647 -1 9648 9649 9650 -1 9651 9652 9653 -1 9654 9655 9656 -1 9657 9658 9659 -1 9660 9661 9662 -1 9663 9664 9665 -1 9666 9667 9668 -1 9669 9670 9671 -1 9672 9673 9674 -1 9675 9676 9677 -1 9678 9679 9680 -1 9681 9682 9683 -1 9684 9685 9686 -1 9687 9688 9689 -1 9690 9691 9692 -1 9693 9694 9695 -1 9696 9697 9698 -1 9699 9700 9701 -1 9702 9703 9704 -1 9705 9706 9707 -1 9708 9709 9710 -1 9711 9712 9713 -1 9714 9715 9716 -1 9717 9718 9719 -1 9720 9721 9722 -1 9723 9724 9725 -1 9726 9727 9728 -1 9729 9730 9731 -1 9732 9733 9734 -1 9735 9736 9737 -1 9738 9739 9740 -1 9741 9742 9743 -1 9744 9745 9746 -1 9747 9748 9749 -1 9750 9751 9752 -1 9753 9754 9755 -1 9756 9757 9758 -1 9759 9760 9761 -1 9762 9763 9764 -1 9765 9766 9767 -1 9768 9769 9770 -1 9771 9772 9773 -1 9774 9775 9776 -1 9777 9778 9779 -1 9780 9781 9782 -1 9783 9784 9785 -1 9786 9787 9788 -1 9789 9790 9791 -1 9792 9793 9794 -1 9795 9796 9797 -1 9798 9799 9800 -1 9801 9802 9803 -1 9804 9805 9806 -1 9807 9808 9809 -1 9810 9811 9812 -1 9813 9814 9815 -1 9816 9817 9818 -1 9819 9820 9821 -1 9822 9823 9824 -1 9825 9826 9827 -1 9828 9829 9830 -1 9831 9832 9833 -1 9834 9835 9836 -1 9837 9838 9839 -1 9840 9841 9842 -1 9843 9844 9845 -1 9846 9847 9848 -1 9849 9850 9851 -1 9852 9853 9854 -1 9855 9856 9857 -1 9858 9859 9860 -1 9861 9862 9863 -1 9864 9865 9866 -1 9867 9868 9869 -1 9870 9871 9872 -1 9873 9874 9875 -1 9876 9877 9878 -1 9879 9880 9881 -1 9882 9883 9884 -1 9885 9886 9887 -1 9888 9889 9890 -1 9891 9892 9893 -1 9894 9895 9896 -1 9897 9898 9899 -1 9900 9901 9902 -1 9903 9904 9905 -1 9906 9907 9908 -1 9909 9910 9911 -1 9912 9913 9914 -1 9915 9916 9917 -1 9918 9919 9920 -1 9921 9922 9923 -1 9924 9925 9926 -1 9927 9928 9929 -1 9930 9931 9932 -1 9933 9934 9935 -1 9936 9937 9938 -1 9939 9940 9941 -1 9942 9943 9944 -1 9945 9946 9947 -1 9948 9949 9950 -1 9951 9952 9953 -1 9954 9955 9956 -1 9957 9958 9959 -1 9960 9961 9962 -1 9963 9964 9965 -1 9966 9967 9968 -1 9969 9970 9971 -1 9972 9973 9974 -1 9975 9976 9977 -1 9978 9979 9980 -1 9981 9982 9983 -1 9984 9985 9986 -1 9987 9988 9989 -1 9990 9991 9992 -1 9993 9994 9995 -1 9996 9997 9998 -1 9999 10000 10001 -1 10002 10003 10004 -1 10005 10006 10007 -1 10008 10009 10010 -1 10011 10012 10013 -1 10014 10015 10016 -1 10017 10018 10019 -1 10020 10021 10022 -1 10023 10024 10025 -1 10026 10027 10028 -1 10029 10030 10031 -1 10032 10033 10034 -1 10035 10036 10037 -1 10038 10039 10040 -1 10041 10042 10043 -1 10044 10045 10046 -1 10047 10048 10049 -1 10050 10051 10052 -1 10053 10054 10055 -1 10056 10057 10058 -1 10059 10060 10061 -1 10062 10063 10064 -1 10065 10066 10067 -1 10068 10069 10070 -1 10071 10072 10073 -1 10074 10075 10076 -1 10077 10078 10079 -1 10080 10081 10082 -1 10083 10084 10085 -1 10086 10087 10088 -1 10089 10090 10091 -1 10092 10093 10094 -1 10095 10096 10097 -1 10098 10099 10100 -1 10101 10102 10103 -1 10104 10105 10106 -1 10107 10108 10109 -1 10110 10111 10112 -1 10113 10114 10115 -1 10116 10117 10118 -1 10119 10120 10121 -1 10122 10123 10124 -1 10125 10126 10127 -1 10128 10129 10130 -1 10131 10132 10133 -1 10134 10135 10136 -1 10137 10138 10139 -1 10140 10141 10142 -1 10143 10144 10145 -1 10146 10147 10148 -1 10149 10150 10151 -1 10152 10153 10154 -1 10155 10156 10157 -1 10158 10159 10160 -1 10161 10162 10163 -1 10164 10165 10166 -1 10167 10168 10169 -1 10170 10171 10172 -1 10173 10174 10175 -1 10176 10177 10178 -1 10179 10180 10181 -1 10182 10183 10184 -1 10185 10186 10187 -1 10188 10189 10190 -1 10191 10192 10193 -1 10194 10195 10196 -1 10197 10198 10199 -1 10200 10201 10202 -1 10203 10204 10205 -1 10206 10207 10208 -1 10209 10210 10211 -1 10212 10213 10214 -1 10215 10216 10217 -1 10218 10219 10220 -1 10221 10222 10223 -1 10224 10225 10226 -1 10227 10228 10229 -1 10230 10231 10232 -1 10233 10234 10235 -1 10236 10237 10238 -1 10239 10240 10241 -1 10242 10243 10244 -1 10245 10246 10247 -1 10248 10249 10250 -1 10251 10252 10253 -1 10254 10255 10256 -1 10257 10258 10259 -1 10260 10261 10262 -1 10263 10264 10265 -1 10266 10267 10268 -1 10269 10270 10271 -1 10272 10273 10274 -1 10275 10276 10277 -1 10278 10279 10280 -1 10281 10282 10283 -1 10284 10285 10286 -1 10287 10288 10289 -1 10290 10291 10292 -1 10293 10294 10295 -1 10296 10297 10298 -1 10299 10300 10301 -1 10302 10303 10304 -1 10305 10306 10307 -1 10308 10309 10310 -1 10311 10312 10313 -1 10314 10315 10316 -1 10317 10318 10319 -1 10320 10321 10322 -1 10323 10324 10325 -1 10326 10327 10328 -1 10329 10330 10331 -1 10332 10333 10334 -1 10335 10336 10337 -1 10338 10339 10340 -1 10341 10342 10343 -1 10344 10345 10346 -1 10347 10348 10349 -1 10350 10351 10352 -1 10353 10354 10355 -1 10356 10357 10358 -1 10359 10360 10361 -1 10362 10363 10364 -1 10365 10366 10367 -1 10368 10369 10370 -1 10371 10372 10373 -1 10374 10375 10376 -1 10377 10378 10379 -1 10380 10381 10382 -1 10383 10384 10385 -1 10386 10387 10388 -1 10389 10390 10391 -1 10392 10393 10394 -1 10395 10396 10397 -1 10398 10399 10400 -1 10401 10402 10403 -1 10404 10405 10406 -1 10407 10408 10409 -1 10410 10411 10412 -1 10413 10414 10415 -1 10416 10417 10418 -1 10419 10420 10421 -1 10422 10423 10424 -1 10425 10426 10427 -1 10428 10429 10430 -1 10431 10432 10433 -1 10434 10435 10436 -1 10437 10438 10439 -1 10440 10441 10442 -1 10443 10444 10445 -1 10446 10447 10448 -1 10449 10450 10451 -1 10452 10453 10454 -1 10455 10456 10457 -1 10458 10459 10460 -1 10461 10462 10463 -1 10464 10465 10466 -1 10467 10468 10469 -1 10470 10471 10472 -1 10473 10474 10475 -1 10476 10477 10478 -1 10479 10480 10481 -1 10482 10483 10484 -1 10485 10486 10487 -1 10488 10489 10490 -1 10491 10492 10493 -1 10494 10495 10496 -1 10497 10498 10499 -1 10500 10501 10502 -1 10503 10504 10505 -1 10506 10507 10508 -1 10509 10510 10511 -1 10512 10513 10514 -1 10515 10516 10517 -1 10518 10519 10520 -1 10521 10522 10523 -1 10524 10525 10526 -1 10527 10528 10529 -1 10530 10531 10532 -1 10533 10534 10535 -1 10536 10537 10538 -1 10539 10540 10541 -1 10542 10543 10544 -1 10545 10546 10547 -1 10548 10549 10550 -1 10551 10552 10553 -1 10554 10555 10556 -1 10557 10558 10559 -1 10560 10561 10562 -1 10563 10564 10565 -1 10566 10567 10568 -1 10569 10570 10571 -1 10572 10573 10574 -1 10575 10576 10577 -1 10578 10579 10580 -1 10581 10582 10583 -1 10584 10585 10586 -1 10587 10588 10589 -1 10590 10591 10592 -1 10593 10594 10595 -1 10596 10597 10598 -1 10599 10600 10601 -1 10602 10603 10604 -1 10605 10606 10607 -1 10608 10609 10610 -1 10611 10612 10613 -1 10614 10615 10616 -1 10617 10618 10619 -1 10620 10621 10622 -1 10623 10624 10625 -1 10626 10627 10628 -1 10629 10630 10631 -1 10632 10633 10634 -1 10635 10636 10637 -1 10638 10639 10640 -1 10641 10642 10643 -1 10644 10645 10646 -1 10647 10648 10649 -1 10650 10651 10652 -1 10653 10654 10655 -1 10656 10657 10658 -1 10659 10660 10661 -1 10662 10663 10664 -1 10665 10666 10667 -1 10668 10669 10670 -1 10671 10672 10673 -1 10674 10675 10676 -1 10677 10678 10679 -1 10680 10681 10682 -1 10683 10684 10685 -1 10686 10687 10688 -1 10689 10690 10691 -1 10692 10693 10694 -1 10695 10696 10697 -1 10698 10699 10700 -1 10701 10702 10703 -1 10704 10705 10706 -1 10707 10708 10709 -1 10710 10711 10712 -1 10713 10714 10715 -1 10716 10717 10718 -1 10719 10720 10721 -1 10722 10723 10724 -1 10725 10726 10727 -1 10728 10729 10730 -1 10731 10732 10733 -1 10734 10735 10736 -1 10737 10738 10739 -1 10740 10741 10742 -1 10743 10744 10745 -1 10746 10747 10748 -1 10749 10750 10751 -1 10752 10753 10754 -1 10755 10756 10757 -1 10758 10759 10760 -1 10761 10762 10763 -1 10764 10765 10766 -1 10767 10768 10769 -1 10770 10771 10772 -1 10773 10774 10775 -1 10776 10777 10778 -1 10779 10780 10781 -1 10782 10783 10784 -1 10785 10786 10787 -1 10788 10789 10790 -1 10791 10792 10793 -1 10794 10795 10796 -1 10797 10798 10799 -1 10800 10801 10802 -1 10803 10804 10805 -1 10806 10807 10808 -1 10809 10810 10811 -1 10812 10813 10814 -1 10815 10816 10817 -1 10818 10819 10820 -1 10821 10822 10823 -1 10824 10825 10826 -1 10827 10828 10829 -1 10830 10831 10832 -1 10833 10834 10835 -1 10836 10837 10838 -1 10839 10840 10841 -1 10842 10843 10844 -1 10845 10846 10847 -1 10848 10849 10850 -1 10851 10852 10853 -1 10854 10855 10856 -1 10857 10858 10859 -1 10860 10861 10862 -1 10863 10864 10865 -1 10866 10867 10868 -1 10869 10870 10871 -1 10872 10873 10874 -1 10875 10876 10877 -1 10878 10879 10880 -1 10881 10882 10883 -1 10884 10885 10886 -1 10887 10888 10889 -1 10890 10891 10892 -1 10893 10894 10895 -1 10896 10897 10898 -1 10899 10900 10901 -1 10902 10903 10904 -1 10905 10906 10907 -1 10908 10909 10910 -1 10911 10912 10913 -1 10914 10915 10916 -1 10917 10918 10919 -1 10920 10921 10922 -1 10923 10924 10925 -1 10926 10927 10928 -1 10929 10930 10931 -1 10932 10933 10934 -1 10935 10936 10937 -1 10938 10939 10940 -1 10941 10942 10943 -1 10944 10945 10946 -1 10947 10948 10949 -1 10950 10951 10952 -1 10953 10954 10955 -1 10956 10957 10958 -1 10959 10960 10961 -1 10962 10963 10964 -1 10965 10966 10967 -1 10968 10969 10970 -1 10971 10972 10973 -1 10974 10975 10976 -1 10977 10978 10979 -1 10980 10981 10982 -1 10983 10984 10985 -1 10986 10987 10988 -1 10989 10990 10991 -1 10992 10993 10994 -1 10995 10996 10997 -1 10998 10999 11000 -1 11001 11002 11003 -1 11004 11005 11006 -1 11007 11008 11009 -1 11010 11011 11012 -1 11013 11014 11015 -1 11016 11017 11018 -1 11019 11020 11021 -1 11022 11023 11024 -1 11025 11026 11027 -1 11028 11029 11030 -1 11031 11032 11033 -1 11034 11035 11036 -1 11037 11038 11039 -1 11040 11041 11042 -1 11043 11044 11045 -1 11046 11047 11048 -1 11049 11050 11051 -1 11052 11053 11054 -1 11055 11056 11057 -1 11058 11059 11060 -1 11061 11062 11063 -1 11064 11065 11066 -1 11067 11068 11069 -1 11070 11071 11072 -1 11073 11074 11075 -1 11076 11077 11078 -1 11079 11080 11081 -1 11082 11083 11084 -1 11085 11086 11087 -1 11088 11089 11090 -1 11091 11092 11093 -1 11094 11095 11096 -1 11097 11098 11099 -1 11100 11101 11102 -1 11103 11104 11105 -1 11106 11107 11108 -1 11109 11110 11111 -1 11112 11113 11114 -1 11115 11116 11117 -1 11118 11119 11120 -1 11121 11122 11123 -1 11124 11125 11126 -1 11127 11128 11129 -1 11130 11131 11132 -1 11133 11134 11135 -1 11136 11137 11138 -1 11139 11140 11141 -1 11142 11143 11144 -1 11145 11146 11147 -1 11148 11149 11150 -1 11151 11152 11153 -1 11154 11155 11156 -1 11157 11158 11159 -1 11160 11161 11162 -1 11163 11164 11165 -1 11166 11167 11168 -1 11169 11170 11171 -1 11172 11173 11174 -1 11175 11176 11177 -1 11178 11179 11180 -1 11181 11182 11183 -1 11184 11185 11186 -1 11187 11188 11189 -1 11190 11191 11192 -1 11193 11194 11195 -1 11196 11197 11198 -1 11199 11200 11201 -1 11202 11203 11204 -1 11205 11206 11207 -1 11208 11209 11210 -1 11211 11212 11213 -1 11214 11215 11216 -1 11217 11218 11219 -1 11220 11221 11222 -1 11223 11224 11225 -1 11226 11227 11228 -1 11229 11230 11231 -1 11232 11233 11234 -1 11235 11236 11237 -1 11238 11239 11240 -1 11241 11242 11243 -1 11244 11245 11246 -1 11247 11248 11249 -1 11250 11251 11252 -1 11253 11254 11255 -1 11256 11257 11258 -1 11259 11260 11261 -1 11262 11263 11264 -1 11265 11266 11267 -1 11268 11269 11270 -1 11271 11272 11273 -1 11274 11275 11276 -1 11277 11278 11279 -1 11280 11281 11282 -1 11283 11284 11285 -1 11286 11287 11288 -1 11289 11290 11291 -1 11292 11293 11294 -1 11295 11296 11297 -1 11298 11299 11300 -1 11301 11302 11303 -1 11304 11305 11306 -1 11307 11308 11309 -1 11310 11311 11312 -1 11313 11314 11315 -1 11316 11317 11318 -1 11319 11320 11321 -1 11322 11323 11324 -1 11325 11326 11327 -1 11328 11329 11330 -1 11331 11332 11333 -1 11334 11335 11336 -1 11337 11338 11339 -1 11340 11341 11342 -1 11343 11344 11345 -1 11346 11347 11348 -1 11349 11350 11351 -1 11352 11353 11354 -1 11355 11356 11357 -1 11358 11359 11360 -1 11361 11362 11363 -1 11364 11365 11366 -1 11367 11368 11369 -1 11370 11371 11372 -1 11373 11374 11375 -1 11376 11377 11378 -1 11379 11380 11381 -1 11382 11383 11384 -1 11385 11386 11387 -1 11388 11389 11390 -1 11391 11392 11393 -1 11394 11395 11396 -1 11397 11398 11399 -1 11400 11401 11402 -1 11403 11404 11405 -1 11406 11407 11408 -1 11409 11410 11411 -1 11412 11413 11414 -1 11415 11416 11417 -1 11418 11419 11420 -1 11421 11422 11423 -1 11424 11425 11426 -1 11427 11428 11429 -1 11430 11431 11432 -1 11433 11434 11435 -1 11436 11437 11438 -1 11439 11440 11441 -1 11442 11443 11444 -1 11445 11446 11447 -1 11448 11449 11450 -1 11451 11452 11453 -1 11454 11455 11456 -1 11457 11458 11459 -1 11460 11461 11462 -1 11463 11464 11465 -1 11466 11467 11468 -1 11469 11470 11471 -1 11472 11473 11474 -1 11475 11476 11477 -1 11478 11479 11480 -1 11481 11482 11483 -1 11484 11485 11486 -1 11487 11488 11489 -1 11490 11491 11492 -1 11493 11494 11495 -1 11496 11497 11498 -1 11499 11500 11501 -1 11502 11503 11504 -1 11505 11506 11507 -1 11508 11509 11510 -1 11511 11512 11513 -1 11514 11515 11516 -1 11517 11518 11519 -1 11520 11521 11522 -1 11523 11524 11525 -1 11526 11527 11528 -1 11529 11530 11531 -1 11532 11533 11534 -1 11535 11536 11537 -1 11538 11539 11540 -1 11541 11542 11543 -1 11544 11545 11546 -1 11547 11548 11549 -1 11550 11551 11552 -1 11553 11554 11555 -1 11556 11557 11558 -1 11559 11560 11561 -1 11562 11563 11564 -1 11565 11566 11567 -1 11568 11569 11570 -1 11571 11572 11573 -1 11574 11575 11576 -1 11577 11578 11579 -1 11580 11581 11582 -1 11583 11584 11585 -1 11586 11587 11588 -1 11589 11590 11591 -1 11592 11593 11594 -1 11595 11596 11597 -1 11598 11599 11600 -1 11601 11602 11603 -1 11604 11605 11606 -1 11607 11608 11609 -1 11610 11611 11612 -1 11613 11614 11615 -1 11616 11617 11618 -1 11619 11620 11621 -1 11622 11623 11624 -1 11625 11626 11627 -1 11628 11629 11630 -1 11631 11632 11633 -1 11634 11635 11636 -1 11637 11638 11639 -1 11640 11641 11642 -1 11643 11644 11645 -1 11646 11647 11648 -1 11649 11650 11651 -1 11652 11653 11654 -1 11655 11656 11657 -1 11658 11659 11660 -1 11661 11662 11663 -1 11664 11665 11666 -1 11667 11668 11669 -1 11670 11671 11672 -1 11673 11674 11675 -1 11676 11677 11678 -1 11679 11680 11681 -1 11682 11683 11684 -1 11685 11686 11687 -1 11688 11689 11690 -1 11691 11692 11693 -1 11694 11695 11696 -1 11697 11698 11699 -1 11700 11701 11702 -1 11703 11704 11705 -1 11706 11707 11708 -1 11709 11710 11711 -1 11712 11713 11714 -1 11715 11716 11717 -1 11718 11719 11720 -1 11721 11722 11723 -1 11724 11725 11726 -1 11727 11728 11729 -1 11730 11731 11732 -1 11733 11734 11735 -1 11736 11737 11738 -1 11739 11740 11741 -1 11742 11743 11744 -1 11745 11746 11747 -1 11748 11749 11750 -1 11751 11752 11753 -1 11754 11755 11756 -1 11757 11758 11759 -1 11760 11761 11762 -1 11763 11764 11765 -1 11766 11767 11768 -1 11769 11770 11771 -1 11772 11773 11774 -1 11775 11776 11777 -1 11778 11779 11780 -1 11781 11782 11783 -1 11784 11785 11786 -1 11787 11788 11789 -1 11790 11791 11792 -1 11793 11794 11795 -1 11796 11797 11798 -1 11799 11800 11801 -1 11802 11803 11804 -1 11805 11806 11807 -1 11808 11809 11810 -1 11811 11812 11813 -1 11814 11815 11816 -1 11817 11818 11819 -1 11820 11821 11822 -1 11823 11824 11825 -1 11826 11827 11828 -1 11829 11830 11831 -1 11832 11833 11834 -1 11835 11836 11837 -1 11838 11839 11840 -1 11841 11842 11843 -1 11844 11845 11846 -1 11847 11848 11849 -1 11850 11851 11852 -1 11853 11854 11855 -1 11856 11857 11858 -1 11859 11860 11861 -1 11862 11863 11864 -1 11865 11866 11867 -1 11868 11869 11870 -1 11871 11872 11873 -1 11874 11875 11876 -1 11877 11878 11879 -1 11880 11881 11882 -1 11883 11884 11885 -1 11886 11887 11888 -1 11889 11890 11891 -1 11892 11893 11894 -1 11895 11896 11897 -1 11898 11899 11900 -1 11901 11902 11903 -1 11904 11905 11906 -1 11907 11908 11909 -1 11910 11911 11912 -1 11913 11914 11915 -1 11916 11917 11918 -1 11919 11920 11921 -1 11922 11923 11924 -1 11925 11926 11927 -1 11928 11929 11930 -1 11931 11932 11933 -1 11934 11935 11936 -1 11937 11938 11939 -1 11940 11941 11942 -1 11943 11944 11945 -1 11946 11947 11948 -1 11949 11950 11951 -1 11952 11953 11954 -1 11955 11956 11957 -1 11958 11959 11960 -1 11961 11962 11963 -1 11964 11965 11966 -1 11967 11968 11969 -1 11970 11971 11972 -1 11973 11974 11975 -1 11976 11977 11978 -1 11979 11980 11981 -1 11982 11983 11984 -1 11985 11986 11987 -1 11988 11989 11990 -1 11991 11992 11993 -1 11994 11995 11996 -1 11997 11998 11999 -1 12000 12001 12002 -1 12003 12004 12005 -1 12006 12007 12008 -1 12009 12010 12011 -1 12012 12013 12014 -1 12015 12016 12017 -1 12018 12019 12020 -1 12021 12022 12023 -1 12024 12025 12026 -1 12027 12028 12029 -1 12030 12031 12032 -1 12033 12034 12035 -1 12036 12037 12038 -1 12039 12040 12041 -1 12042 12043 12044 -1 12045 12046 12047 -1 12048 12049 12050 -1 12051 12052 12053 -1 12054 12055 12056 -1 12057 12058 12059 -1 12060 12061 12062 -1 12063 12064 12065 -1 12066 12067 12068 -1 12069 12070 12071 -1 12072 12073 12074 -1 12075 12076 12077 -1 12078 12079 12080 -1 12081 12082 12083 -1 12084 12085 12086 -1 12087 12088 12089 -1 12090 12091 12092 -1 12093 12094 12095 -1 12096 12097 12098 -1 12099 12100 12101 -1 12102 12103 12104 -1 12105 12106 12107 -1 12108 12109 12110 -1 12111 12112 12113 -1 12114 12115 12116 -1 12117 12118 12119 -1 12120 12121 12122 -1 12123 12124 12125 -1 12126 12127 12128 -1 12129 12130 12131 -1 12132 12133 12134 -1 12135 12136 12137 -1 12138 12139 12140 -1 12141 12142 12143 -1 12144 12145 12146 -1 12147 12148 12149 -1 12150 12151 12152 -1 12153 12154 12155 -1 12156 12157 12158 -1 12159 12160 12161 -1 12162 12163 12164 -1 12165 12166 12167 -1 12168 12169 12170 -1 12171 12172 12173 -1 12174 12175 12176 -1 12177 12178 12179 -1 12180 12181 12182 -1 12183 12184 12185 -1 12186 12187 12188 -1 12189 12190 12191 -1 12192 12193 12194 -1 12195 12196 12197 -1 12198 12199 12200 -1 12201 12202 12203 -1 12204 12205 12206 -1 12207 12208 12209 -1 12210 12211 12212 -1 12213 12214 12215 -1 12216 12217 12218 -1 12219 12220 12221 -1 12222 12223 12224 -1 12225 12226 12227 -1 12228 12229 12230 -1 12231 12232 12233 -1 12234 12235 12236 -1 12237 12238 12239 -1 12240 12241 12242 -1 12243 12244 12245 -1 12246 12247 12248 -1 12249 12250 12251 -1 12252 12253 12254 -1 12255 12256 12257 -1 12258 12259 12260 -1 12261 12262 12263 -1 12264 12265 12266 -1 12267 12268 12269 -1 12270 12271 12272 -1 12273 12274 12275 -1 12276 12277 12278 -1 12279 12280 12281 -1 12282 12283 12284 -1 12285 12286 12287 -1 12288 12289 12290 -1 12291 12292 12293 -1 12294 12295 12296 -1 12297 12298 12299 -1 12300 12301 12302 -1 12303 12304 12305 -1 12306 12307 12308 -1 12309 12310 12311 -1 12312 12313 12314 -1 12315 12316 12317 -1 12318 12319 12320 -1 12321 12322 12323 -1 12324 12325 12326 -1 12327 12328 12329 -1 12330 12331 12332 -1 12333 12334 12335 -1 12336 12337 12338 -1 12339 12340 12341 -1 12342 12343 12344 -1 12345 12346 12347 -1 12348 12349 12350 -1 12351 12352 12353 -1 12354 12355 12356 -1 12357 12358 12359 -1 12360 12361 12362 -1 12363 12364 12365 -1 12366 12367 12368 -1 12369 12370 12371 -1 12372 12373 12374 -1 12375 12376 12377 -1 12378 12379 12380 -1 12381 12382 12383 -1 12384 12385 12386 -1 12387 12388 12389 -1 12390 12391 12392 -1 12393 12394 12395 -1 12396 12397 12398 -1 12399 12400 12401 -1 12402 12403 12404 -1 12405 12406 12407 -1 12408 12409 12410 -1 12411 12412 12413 -1 12414 12415 12416 -1 12417 12418 12419 -1 12420 12421 12422 -1 12423 12424 12425 -1 12426 12427 12428 -1 12429 12430 12431 -1 12432 12433 12434 -1 12435 12436 12437 -1 12438 12439 12440 -1 12441 12442 12443 -1 12444 12445 12446 -1 12447 12448 12449 -1 12450 12451 12452 -1 12453 12454 12455 -1 12456 12457 12458 -1 12459 12460 12461 -1 12462 12463 12464 -1 12465 12466 12467 -1 12468 12469 12470 -1 12471 12472 12473 -1 12474 12475 12476 -1 12477 12478 12479 -1 12480 12481 12482 -1 12483 12484 12485 -1 12486 12487 12488 -1 12489 12490 12491 -1 12492 12493 12494 -1 12495 12496 12497 -1 12498 12499 12500 -1 12501 12502 12503 -1 12504 12505 12506 -1 12507 12508 12509 -1 12510 12511 12512 -1 12513 12514 12515 -1 12516 12517 12518 -1 12519 12520 12521 -1 12522 12523 12524 -1 12525 12526 12527 -1 12528 12529 12530 -1 12531 12532 12533 -1 12534 12535 12536 -1 12537 12538 12539 -1 12540 12541 12542 -1 12543 12544 12545 -1 12546 12547 12548 -1 12549 12550 12551 -1 12552 12553 12554 -1 12555 12556 12557 -1 12558 12559 12560 -1 12561 12562 12563 -1 12564 12565 12566 -1 12567 12568 12569 -1 12570 12571 12572 -1 12573 12574 12575 -1 12576 12577 12578 -1 12579 12580 12581 -1 12582 12583 12584 -1 12585 12586 12587 -1 12588 12589 12590 -1 12591 12592 12593 -1 12594 12595 12596 -1 12597 12598 12599 -1 12600 12601 12602 -1 12603 12604 12605 -1 12606 12607 12608 -1 12609 12610 12611 -1 12612 12613 12614 -1 12615 12616 12617 -1 12618 12619 12620 -1 12621 12622 12623 -1 12624 12625 12626 -1 12627 12628 12629 -1 12630 12631 12632 -1 12633 12634 12635 -1 12636 12637 12638 -1 12639 12640 12641 -1 12642 12643 12644 -1 12645 12646 12647 -1 12648 12649 12650 -1 12651 12652 12653 -1 12654 12655 12656 -1 12657 12658 12659 -1 12660 12661 12662 -1 12663 12664 12665 -1 12666 12667 12668 -1 12669 12670 12671 -1 12672 12673 12674 -1 12675 12676 12677 -1 12678 12679 12680 -1 12681 12682 12683 -1 12684 12685 12686 -1 12687 12688 12689 -1 12690 12691 12692 -1 12693 12694 12695 -1 12696 12697 12698 -1 12699 12700 12701 -1 12702 12703 12704 -1 12705 12706 12707 -1 12708 12709 12710 -1 12711 12712 12713 -1 12714 12715 12716 -1 12717 12718 12719 -1 12720 12721 12722 -1 12723 12724 12725 -1 12726 12727 12728 -1 12729 12730 12731 -1 12732 12733 12734 -1 12735 12736 12737 -1 12738 12739 12740 -1 12741 12742 12743 -1 12744 12745 12746 -1 12747 12748 12749 -1 12750 12751 12752 -1 12753 12754 12755 -1 12756 12757 12758 -1 12759 12760 12761 -1 12762 12763 12764 -1 12765 12766 12767 -1 12768 12769 12770 -1 12771 12772 12773 -1 12774 12775 12776 -1 12777 12778 12779 -1 12780 12781 12782 -1 12783 12784 12785 -1 12786 12787 12788 -1 12789 12790 12791 -1 12792 12793 12794 -1 12795 12796 12797 -1 12798 12799 12800 -1 12801 12802 12803 -1 12804 12805 12806 -1 12807 12808 12809 -1 12810 12811 12812 -1 12813 12814 12815 -1 12816 12817 12818 -1 12819 12820 12821 -1 12822 12823 12824 -1 12825 12826 12827 -1 12828 12829 12830 -1 12831 12832 12833 -1 12834 12835 12836 -1 12837 12838 12839 -1 12840 12841 12842 -1 12843 12844 12845 -1 12846 12847 12848 -1 12849 12850 12851 -1 12852 12853 12854 -1 12855 12856 12857 -1 12858 12859 12860 -1 12861 12862 12863 -1 12864 12865 12866 -1 12867 12868 12869 -1 12870 12871 12872 -1 12873 12874 12875 -1 12876 12877 12878 -1 12879 12880 12881 -1 12882 12883 12884 -1 12885 12886 12887 -1 12888 12889 12890 -1 12891 12892 12893 -1 12894 12895 12896 -1 12897 12898 12899 -1 12900 12901 12902 -1 12903 12904 12905 -1 12906 12907 12908 -1 12909 12910 12911 -1 12912 12913 12914 -1 12915 12916 12917 -1 12918 12919 12920 -1 12921 12922 12923 -1 12924 12925 12926 -1 12927 12928 12929 -1 12930 12931 12932 -1 12933 12934 12935 -1 12936 12937 12938 -1 12939 12940 12941 -1 12942 12943 12944 -1 12945 12946 12947 -1 12948 12949 12950 -1 12951 12952 12953 -1 12954 12955 12956 -1 12957 12958 12959 -1 12960 12961 12962 -1 12963 12964 12965 -1 12966 12967 12968 -1 12969 12970 12971 -1 12972 12973 12974 -1 12975 12976 12977 -1 12978 12979 12980 -1 12981 12982 12983 -1 12984 12985 12986 -1 12987 12988 12989 -1 12990 12991 12992 -1 12993 12994 12995 -1 12996 12997 12998 -1 12999 13000 13001 -1 13002 13003 13004 -1 13005 13006 13007 -1 13008 13009 13010 -1 13011 13012 13013 -1 13014 13015 13016 -1 13017 13018 13019 -1 13020 13021 13022 -1 13023 13024 13025 -1 13026 13027 13028 -1 13029 13030 13031 -1 13032 13033 13034 -1 13035 13036 13037 -1 13038 13039 13040 -1 13041 13042 13043 -1 13044 13045 13046 -1 13047 13048 13049 -1 13050 13051 13052 -1 13053 13054 13055 -1 13056 13057 13058 -1 13059 13060 13061 -1 13062 13063 13064 -1 13065 13066 13067 -1 13068 13069 13070 -1 13071 13072 13073 -1 13074 13075 13076 -1 13077 13078 13079 -1 13080 13081 13082 -1 13083 13084 13085 -1 13086 13087 13088 -1 13089 13090 13091 -1 13092 13093 13094 -1 13095 13096 13097 -1 13098 13099 13100 -1 13101 13102 13103 -1 13104 13105 13106 -1 13107 13108 13109 -1 13110 13111 13112 -1 13113 13114 13115 -1 13116 13117 13118 -1 13119 13120 13121 -1 13122 13123 13124 -1 13125 13126 13127 -1 13128 13129 13130 -1 13131 13132 13133 -1 13134 13135 13136 -1 13137 13138 13139 -1 13140 13141 13142 -1 13143 13144 13145 -1 13146 13147 13148 -1 13149 13150 13151 -1 13152 13153 13154 -1 13155 13156 13157 -1 13158 13159 13160 -1 13161 13162 13163 -1 13164 13165 13166 -1 13167 13168 13169 -1 13170 13171 13172 -1 13173 13174 13175 -1 13176 13177 13178 -1 13179 13180 13181 -1 13182 13183 13184 -1 13185 13186 13187 -1 13188 13189 13190 -1 13191 13192 13193 -1 13194 13195 13196 -1 13197 13198 13199 -1 13200 13201 13202 -1 13203 13204 13205 -1 13206 13207 13208 -1 13209 13210 13211 -1 13212 13213 13214 -1 13215 13216 13217 -1 13218 13219 13220 -1 13221 13222 13223 -1 13224 13225 13226 -1 13227 13228 13229 -1 13230 13231 13232 -1 13233 13234 13235 -1 13236 13237 13238 -1 13239 13240 13241 -1 13242 13243 13244 -1 13245 13246 13247 -1 13248 13249 13250 -1 13251 13252 13253 -1 13254 13255 13256 -1 13257 13258 13259 -1 13260 13261 13262 -1 13263 13264 13265 -1 13266 13267 13268 -1 13269 13270 13271 -1 13272 13273 13274 -1 13275 13276 13277 -1 13278 13279 13280 -1 13281 13282 13283 -1 13284 13285 13286 -1 13287 13288 13289 -1 13290 13291 13292 -1 13293 13294 13295 -1 13296 13297 13298 -1 13299 13300 13301 -1 13302 13303 13304 -1 13305 13306 13307 -1 13308 13309 13310 -1 13311 13312 13313 -1 13314 13315 13316 -1 13317 13318 13319 -1 13320 13321 13322 -1 13323 13324 13325 -1 13326 13327 13328 -1 13329 13330 13331 -1 13332 13333 13334 -1 13335 13336 13337 -1 13338 13339 13340 -1 13341 13342 13343 -1 13344 13345 13346 -1 13347 13348 13349 -1 13350 13351 13352 -1 13353 13354 13355 -1 13356 13357 13358 -1 13359 13360 13361 -1 13362 13363 13364 -1 13365 13366 13367 -1 13368 13369 13370 -1 13371 13372 13373 -1 13374 13375 13376 -1 13377 13378 13379 -1 13380 13381 13382 -1 13383 13384 13385 -1 13386 13387 13388 -1 13389 13390 13391 -1 13392 13393 13394 -1 13395 13396 13397 -1 13398 13399 13400 -1 13401 13402 13403 -1 13404 13405 13406 -1 13407 13408 13409 -1 13410 13411 13412 -1 13413 13414 13415 -1 13416 13417 13418 -1 13419 13420 13421 -1 13422 13423 13424 -1 13425 13426 13427 -1 13428 13429 13430 -1 13431 13432 13433 -1 13434 13435 13436 -1 13437 13438 13439 -1 13440 13441 13442 -1 13443 13444 13445 -1 13446 13447 13448 -1 13449 13450 13451 -1 13452 13453 13454 -1 13455 13456 13457 -1 13458 13459 13460 -1 13461 13462 13463 -1 13464 13465 13466 -1 13467 13468 13469 -1 13470 13471 13472 -1 13473 13474 13475 -1 13476 13477 13478 -1 13479 13480 13481 -1 13482 13483 13484 -1 13485 13486 13487 -1 13488 13489 13490 -1 13491 13492 13493 -1 13494 13495 13496 -1 13497 13498 13499 -1 13500 13501 13502 -1 13503 13504 13505 -1 13506 13507 13508 -1 13509 13510 13511 -1 13512 13513 13514 -1 13515 13516 13517 -1 13518 13519 13520 -1 13521 13522 13523 -1 13524 13525 13526 -1 13527 13528 13529 -1 13530 13531 13532 -1 13533 13534 13535 -1 13536 13537 13538 -1 13539 13540 13541 -1 13542 13543 13544 -1 13545 13546 13547 -1 13548 13549 13550 -1 13551 13552 13553 -1 13554 13555 13556 -1 13557 13558 13559 -1 13560 13561 13562 -1 13563 13564 13565 -1 13566 13567 13568 -1 13569 13570 13571 -1 13572 13573 13574 -1 13575 13576 13577 -1 13578 13579 13580 -1 13581 13582 13583 -1 13584 13585 13586 -1 13587 13588 13589 -1 13590 13591 13592 -1 13593 13594 13595 -1 13596 13597 13598 -1 13599 13600 13601 -1 13602 13603 13604 -1 13605 13606 13607 -1 13608 13609 13610 -1 13611 13612 13613 -1 13614 13615 13616 -1 13617 13618 13619 -1 13620 13621 13622 -1 13623 13624 13625 -1 13626 13627 13628 -1 13629 13630 13631 -1 13632 13633 13634 -1 13635 13636 13637 -1 13638 13639 13640 -1 13641 13642 13643 -1 13644 13645 13646 -1 13647 13648 13649 -1 13650 13651 13652 -1 13653 13654 13655 -1 13656 13657 13658 -1 13659 13660 13661 -1 13662 13663 13664 -1 13665 13666 13667 -1 13668 13669 13670 -1 13671 13672 13673 -1 13674 13675 13676 -1 13677 13678 13679 -1 13680 13681 13682 -1 13683 13684 13685 -1 13686 13687 13688 -1 13689 13690 13691 -1 13692 13693 13694 -1 13695 13696 13697 -1 13698 13699 13700 -1 13701 13702 13703 -1 13704 13705 13706 -1 13707 13708 13709 -1 13710 13711 13712 -1 13713 13714 13715 -1 13716 13717 13718 -1 13719 13720 13721 -1 13722 13723 13724 -1 13725 13726 13727 -1 13728 13729 13730 -1 13731 13732 13733 -1 13734 13735 13736 -1 13737 13738 13739 -1 13740 13741 13742 -1 13743 13744 13745 -1 13746 13747 13748 -1 13749 13750 13751 -1 13752 13753 13754 -1 13755 13756 13757 -1 13758 13759 13760 -1 13761 13762 13763 -1 13764 13765 13766 -1 13767 13768 13769 -1 13770 13771 13772 -1 13773 13774 13775 -1 13776 13777 13778 -1 13779 13780 13781 -1 13782 13783 13784 -1 13785 13786 13787 -1 13788 13789 13790 -1 13791 13792 13793 -1 13794 13795 13796 -1 13797 13798 13799 -1 13800 13801 13802 -1 13803 13804 13805 -1 13806 13807 13808 -1 13809 13810 13811 -1 13812 13813 13814 -1 13815 13816 13817 -1 13818 13819 13820 -1 13821 13822 13823 -1 13824 13825 13826 -1 13827 13828 13829 -1 13830 13831 13832 -1 13833 13834 13835 -1 13836 13837 13838 -1 13839 13840 13841 -1 13842 13843 13844 -1 13845 13846 13847 -1 13848 13849 13850 -1 13851 13852 13853 -1 13854 13855 13856 -1 13857 13858 13859 -1 13860 13861 13862 -1 13863 13864 13865 -1 13866 13867 13868 -1 13869 13870 13871 -1 13872 13873 13874 -1 13875 13876 13877 -1 13878 13879 13880 -1 13881 13882 13883 -1 13884 13885 13886 -1 13887 13888 13889 -1 13890 13891 13892 -1 13893 13894 13895 -1 13896 13897 13898 -1 13899 13900 13901 -1 13902 13903 13904 -1 13905 13906 13907 -1 13908 13909 13910 -1 13911 13912 13913 -1 13914 13915 13916 -1 13917 13918 13919 -1 13920 13921 13922 -1 13923 13924 13925 -1 13926 13927 13928 -1 13929 13930 13931 -1 13932 13933 13934 -1 13935 13936 13937 -1 13938 13939 13940 -1 13941 13942 13943 -1 13944 13945 13946 -1 13947 13948 13949 -1 13950 13951 13952 -1 13953 13954 13955 -1 13956 13957 13958 -1 13959 13960 13961 -1 13962 13963 13964 -1 13965 13966 13967 -1 13968 13969 13970 -1 13971 13972 13973 -1 13974 13975 13976 -1 13977 13978 13979 -1 13980 13981 13982 -1 13983 13984 13985 -1 13986 13987 13988 -1 13989 13990 13991 -1 13992 13993 13994 -1 13995 13996 13997 -1 13998 13999 14000 -1 14001 14002 14003 -1 14004 14005 14006 -1 14007 14008 14009 -1 14010 14011 14012 -1 14013 14014 14015 -1 14016 14017 14018 -1 14019 14020 14021 -1 14022 14023 14024 -1 14025 14026 14027 -1 14028 14029 14030 -1 14031 14032 14033 -1 14034 14035 14036 -1 14037 14038 14039 -1 14040 14041 14042 -1 14043 14044 14045 -1 14046 14047 14048 -1 14049 14050 14051 -1 14052 14053 14054 -1 14055 14056 14057 -1 14058 14059 14060 -1 14061 14062 14063 -1 14064 14065 14066 -1 14067 14068 14069 -1 14070 14071 14072 -1 14073 14074 14075 -1 14076 14077 14078 -1 14079 14080 14081 -1 14082 14083 14084 -1 14085 14086 14087 -1 14088 14089 14090 -1 14091 14092 14093 -1 14094 14095 14096 -1 14097 14098 14099 -1 14100 14101 14102 -1 14103 14104 14105 -1 14106 14107 14108 -1 14109 14110 14111 -1 14112 14113 14114 -1 14115 14116 14117 -1 14118 14119 14120 -1 14121 14122 14123 -1 14124 14125 14126 -1 14127 14128 14129 -1 14130 14131 14132 -1 14133 14134 14135 -1 14136 14137 14138 -1 14139 14140 14141 -1 14142 14143 14144 -1 14145 14146 14147 -1 14148 14149 14150 -1 14151 14152 14153 -1 14154 14155 14156 -1 14157 14158 14159 -1 14160 14161 14162 -1 14163 14164 14165 -1 14166 14167 14168 -1 14169 14170 14171 -1 14172 14173 14174 -1 14175 14176 14177 -1 14178 14179 14180 -1 14181 14182 14183 -1 14184 14185 14186 -1 14187 14188 14189 -1 14190 14191 14192 -1 14193 14194 14195 -1 14196 14197 14198 -1 14199 14200 14201 -1 14202 14203 14204 -1 14205 14206 14207 -1 14208 14209 14210 -1 14211 14212 14213 -1 14214 14215 14216 -1 14217 14218 14219 -1 14220 14221 14222 -1 14223 14224 14225 -1 14226 14227 14228 -1 14229 14230 14231 -1 14232 14233 14234 -1 14235 14236 14237 -1 14238 14239 14240 -1 14241 14242 14243 -1 14244 14245 14246 -1 14247 14248 14249 -1 14250 14251 14252 -1 14253 14254 14255 -1 14256 14257 14258 -1 14259 14260 14261 -1 14262 14263 14264 -1 14265 14266 14267 -1 14268 14269 14270 -1 14271 14272 14273 -1 14274 14275 14276 -1 14277 14278 14279 -1 14280 14281 14282 -1 14283 14284 14285 -1 14286 14287 14288 -1 14289 14290 14291 -1 14292 14293 14294 -1 14295 14296 14297 -1 14298 14299 14300 -1 14301 14302 14303 -1 14304 14305 14306 -1 14307 14308 14309 -1 14310 14311 14312 -1 14313 14314 14315 -1 14316 14317 14318 -1 14319 14320 14321 -1 14322 14323 14324 -1 14325 14326 14327 -1 14328 14329 14330 -1 14331 14332 14333 -1 14334 14335 14336 -1 14337 14338 14339 -1 14340 14341 14342 -1 14343 14344 14345 -1 14346 14347 14348 -1 14349 14350 14351 -1 14352 14353 14354 -1 14355 14356 14357 -1 14358 14359 14360 -1 14361 14362 14363 -1 14364 14365 14366 -1 14367 14368 14369 -1 14370 14371 14372 -1 14373 14374 14375 -1 14376 14377 14378 -1 14379 14380 14381 -1 14382 14383 14384 -1 14385 14386 14387 -1 14388 14389 14390 -1 14391 14392 14393 -1 14394 14395 14396 -1 14397 14398 14399 -1 14400 14401 14402 -1 14403 14404 14405 -1 14406 14407 14408 -1 14409 14410 14411 -1 14412 14413 14414 -1 14415 14416 14417 -1 14418 14419 14420 -1 14421 14422 14423 -1 14424 14425 14426 -1 14427 14428 14429 -1 14430 14431 14432 -1 14433 14434 14435 -1 14436 14437 14438 -1 14439 14440 14441 -1 14442 14443 14444 -1 14445 14446 14447 -1 14448 14449 14450 -1 14451 14452 14453 -1 14454 14455 14456 -1 14457 14458 14459 -1 14460 14461 14462 -1 14463 14464 14465 -1 14466 14467 14468 -1 14469 14470 14471 -1 14472 14473 14474 -1 14475 14476 14477 -1 14478 14479 14480 -1 14481 14482 14483 -1 14484 14485 14486 -1 14487 14488 14489 -1 14490 14491 14492 -1 14493 14494 14495 -1 14496 14497 14498 -1 14499 14500 14501 -1 14502 14503 14504 -1 14505 14506 14507 -1 14508 14509 14510 -1 14511 14512 14513 -1 14514 14515 14516 -1 14517 14518 14519 -1 14520 14521 14522 -1 14523 14524 14525 -1 14526 14527 14528 -1 14529 14530 14531 -1 14532 14533 14534 -1 14535 14536 14537 -1 14538 14539 14540 -1 14541 14542 14543 -1 14544 14545 14546 -1 14547 14548 14549 -1 14550 14551 14552 -1 14553 14554 14555 -1 14556 14557 14558 -1 14559 14560 14561 -1 14562 14563 14564 -1 14565 14566 14567 -1 14568 14569 14570 -1 14571 14572 14573 -1 14574 14575 14576 -1 14577 14578 14579 -1 14580 14581 14582 -1 14583 14584 14585 -1 14586 14587 14588 -1 14589 14590 14591 -1 14592 14593 14594 -1 14595 14596 14597 -1 14598 14599 14600 -1 14601 14602 14603 -1 14604 14605 14606 -1 14607 14608 14609 -1 14610 14611 14612 -1 14613 14614 14615 -1 14616 14617 14618 -1 14619 14620 14621 -1 14622 14623 14624 -1 14625 14626 14627 -1 14628 14629 14630 -1 14631 14632 14633 -1 14634 14635 14636 -1 14637 14638 14639 -1 14640 14641 14642 -1 14643 14644 14645 -1 14646 14647 14648 -1 14649 14650 14651 -1 14652 14653 14654 -1 14655 14656 14657 -1 14658 14659 14660 -1 14661 14662 14663 -1 14664 14665 14666 -1 14667 14668 14669 -1 14670 14671 14672 -1 14673 14674 14675 -1 14676 14677 14678 -1 14679 14680 14681 -1 14682 14683 14684 -1 14685 14686 14687 -1 14688 14689 14690 -1 14691 14692 14693 -1 14694 14695 14696 -1 14697 14698 14699 -1 14700 14701 14702 -1 14703 14704 14705 -1 14706 14707 14708 -1 14709 14710 14711 -1 14712 14713 14714 -1 14715 14716 14717 -1 14718 14719 14720 -1 14721 14722 14723 -1 14724 14725 14726 -1 14727 14728 14729 -1 14730 14731 14732 -1 14733 14734 14735 -1 14736 14737 14738 -1 14739 14740 14741 -1 14742 14743 14744 -1 14745 14746 14747 -1 14748 14749 14750 -1 14751 14752 14753 -1 14754 14755 14756 -1 14757 14758 14759 -1 14760 14761 14762 -1 14763 14764 14765 -1 14766 14767 14768 -1 14769 14770 14771 -1 14772 14773 14774 -1 14775 14776 14777 -1 14778 14779 14780 -1 14781 14782 14783 -1 14784 14785 14786 -1 14787 14788 14789 -1 14790 14791 14792 -1 14793 14794 14795 -1 14796 14797 14798 -1 14799 14800 14801 -1 14802 14803 14804 -1 14805 14806 14807 -1 14808 14809 14810 -1 14811 14812 14813 -1 14814 14815 14816 -1 14817 14818 14819 -1 14820 14821 14822 -1 14823 14824 14825 -1 14826 14827 14828 -1 14829 14830 14831 -1 14832 14833 14834 -1 14835 14836 14837 -1 14838 14839 14840 -1 14841 14842 14843 -1 14844 14845 14846 -1 14847 14848 14849 -1 14850 14851 14852 -1 14853 14854 14855 -1 14856 14857 14858 -1 14859 14860 14861 -1 14862 14863 14864 -1 14865 14866 14867 -1 14868 14869 14870 -1 14871 14872 14873 -1 14874 14875 14876 -1 14877 14878 14879 -1 14880 14881 14882 -1 14883 14884 14885 -1 14886 14887 14888 -1 14889 14890 14891 -1 14892 14893 14894 -1 14895 14896 14897 -1 14898 14899 14900 -1 14901 14902 14903 -1 14904 14905 14906 -1 14907 14908 14909 -1 14910 14911 14912 -1 14913 14914 14915 -1 14916 14917 14918 -1 14919 14920 14921 -1 14922 14923 14924 -1 14925 14926 14927 -1 14928 14929 14930 -1 14931 14932 14933 -1 14934 14935 14936 -1 14937 14938 14939 -1 14940 14941 14942 -1 14943 14944 14945 -1 14946 14947 14948 -1 14949 14950 14951 -1 14952 14953 14954 -1 14955 14956 14957 -1 14958 14959 14960 -1 14961 14962 14963 -1 14964 14965 14966 -1 14967 14968 14969 -1 14970 14971 14972 -1 14973 14974 14975 -1 14976 14977 14978 -1 14979 14980 14981 -1 14982 14983 14984 -1 14985 14986 14987 -1 14988 14989 14990 -1 14991 14992 14993 -1 14994 14995 14996 -1 14997 14998 14999 -1 15000 15001 15002 -1 15003 15004 15005 -1 15006 15007 15008 -1 15009 15010 15011 -1 15012 15013 15014 -1 15015 15016 15017 -1 15018 15019 15020 -1 15021 15022 15023 -1 15024 15025 15026 -1 15027 15028 15029 -1 15030 15031 15032 -1 15033 15034 15035 -1 15036 15037 15038 -1 15039 15040 15041 -1 15042 15043 15044 -1 15045 15046 15047 -1 15048 15049 15050 -1 15051 15052 15053 -1 15054 15055 15056 -1 15057 15058 15059 -1 15060 15061 15062 -1 15063 15064 15065 -1 15066 15067 15068 -1 15069 15070 15071 -1 15072 15073 15074 -1 15075 15076 15077 -1 15078 15079 15080 -1 15081 15082 15083 -1 15084 15085 15086 -1 15087 15088 15089 -1 15090 15091 15092 -1 15093 15094 15095 -1 15096 15097 15098 -1 15099 15100 15101 -1 15102 15103 15104 -1 15105 15106 15107 -1 15108 15109 15110 -1 15111 15112 15113 -1 15114 15115 15116 -1 15117 15118 15119 -1 15120 15121 15122 -1 15123 15124 15125 -1 15126 15127 15128 -1 15129 15130 15131 -1 15132 15133 15134 -1 15135 15136 15137 -1 15138 15139 15140 -1 15141 15142 15143 -1 15144 15145 15146 -1 15147 15148 15149 -1 15150 15151 15152 -1 15153 15154 15155 -1 15156 15157 15158 -1 15159 15160 15161 -1 15162 15163 15164 -1 15165 15166 15167 -1 15168 15169 15170 -1 15171 15172 15173 -1 15174 15175 15176 -1 15177 15178 15179 -1 15180 15181 15182 -1 15183 15184 15185 -1 15186 15187 15188 -1 15189 15190 15191 -1 15192 15193 15194 -1 15195 15196 15197 -1 15198 15199 15200 -1 15201 15202 15203 -1 15204 15205 15206 -1 15207 15208 15209 -1 15210 15211 15212 -1 15213 15214 15215 -1 15216 15217 15218 -1 15219 15220 15221 -1 15222 15223 15224 -1 15225 15226 15227 -1 15228 15229 15230 -1 15231 15232 15233 -1 15234 15235 15236 -1 15237 15238 15239 -1 15240 15241 15242 -1 15243 15244 15245 -1 15246 15247 15248 -1 15249 15250 15251 -1 15252 15253 15254 -1 15255 15256 15257 -1 15258 15259 15260 -1 15261 15262 15263 -1 15264 15265 15266 -1 15267 15268 15269 -1 15270 15271 15272 -1 15273 15274 15275 -1 15276 15277 15278 -1 15279 15280 15281 -1 15282 15283 15284 -1 15285 15286 15287 -1 15288 15289 15290 -1 15291 15292 15293 -1 15294 15295 15296 -1 15297 15298 15299 -1 15300 15301 15302 -1 15303 15304 15305 -1 15306 15307 15308 -1 15309 15310 15311 -1 15312 15313 15314 -1 15315 15316 15317 -1 15318 15319 15320 -1 15321 15322 15323 -1 15324 15325 15326 -1 15327 15328 15329 -1 15330 15331 15332 -1 15333 15334 15335 -1 15336 15337 15338 -1 15339 15340 15341 -1 15342 15343 15344 -1 15345 15346 15347 -1 15348 15349 15350 -1 15351 15352 15353 -1 15354 15355 15356 -1 15357 15358 15359 -1 15360 15361 15362 -1 15363 15364 15365 -1 15366 15367 15368 -1 15369 15370 15371 -1 15372 15373 15374 -1 15375 15376 15377 -1 15378 15379 15380 -1 15381 15382 15383 -1 15384 15385 15386 -1 15387 15388 15389 -1 15390 15391 15392 -1 15393 15394 15395 -1 15396 15397 15398 -1 15399 15400 15401 -1 15402 15403 15404 -1 15405 15406 15407 -1 15408 15409 15410 -1 15411 15412 15413 -1 15414 15415 15416 -1 15417 15418 15419 -1 15420 15421 15422 -1 15423 15424 15425 -1 15426 15427 15428 -1 15429 15430 15431 -1 15432 15433 15434 -1 15435 15436 15437 -1 15438 15439 15440 -1 15441 15442 15443 -1 15444 15445 15446 -1 15447 15448 15449 -1 15450 15451 15452 -1 15453 15454 15455 -1 15456 15457 15458 -1 15459 15460 15461 -1 15462 15463 15464 -1 15465 15466 15467 -1 15468 15469 15470 -1 15471 15472 15473 -1 15474 15475 15476 -1 15477 15478 15479 -1 15480 15481 15482 -1 15483 15484 15485 -1 15486 15487 15488 -1 15489 15490 15491 -1 15492 15493 15494 -1 15495 15496 15497 -1 15498 15499 15500 -1 15501 15502 15503 -1 15504 15505 15506 -1 15507 15508 15509 -1 15510 15511 15512 -1 15513 15514 15515 -1 15516 15517 15518 -1 15519 15520 15521 -1 15522 15523 15524 -1 15525 15526 15527 -1 15528 15529 15530 -1 15531 15532 15533 -1 15534 15535 15536 -1 15537 15538 15539 -1 15540 15541 15542 -1 15543 15544 15545 -1 15546 15547 15548 -1 15549 15550 15551 -1 15552 15553 15554 -1 15555 15556 15557 -1 15558 15559 15560 -1 15561 15562 15563 -1 15564 15565 15566 -1 15567 15568 15569 -1 15570 15571 15572 -1 15573 15574 15575 -1 15576 15577 15578 -1 15579 15580 15581 -1 15582 15583 15584 -1 15585 15586 15587 -1 15588 15589 15590 -1 15591 15592 15593 -1 15594 15595 15596 -1 15597 15598 15599 -1 15600 15601 15602 -1 15603 15604 15605 -1 15606 15607 15608 -1 15609 15610 15611 -1 15612 15613 15614 -1 15615 15616 15617 -1 15618 15619 15620 -1 15621 15622 15623 -1 15624 15625 15626 -1 15627 15628 15629 -1 15630 15631 15632 -1 15633 15634 15635 -1 15636 15637 15638 -1 15639 15640 15641 -1 15642 15643 15644 -1 15645 15646 15647 -1 15648 15649 15650 -1 15651 15652 15653 -1 15654 15655 15656 -1 15657 15658 15659 -1 15660 15661 15662 -1 15663 15664 15665 -1 15666 15667 15668 -1 15669 15670 15671 -1 15672 15673 15674 -1 15675 15676 15677 -1 15678 15679 15680 -1 15681 15682 15683 -1 15684 15685 15686 -1 15687 15688 15689 -1 15690 15691 15692 -1 15693 15694 15695 -1 15696 15697 15698 -1 15699 15700 15701 -1 15702 15703 15704 -1 15705 15706 15707 -1 15708 15709 15710 -1 15711 15712 15713 -1 15714 15715 15716 -1 15717 15718 15719 -1 15720 15721 15722 -1 15723 15724 15725 -1 15726 15727 15728 -1 15729 15730 15731 -1 15732 15733 15734 -1 15735 15736 15737 -1 15738 15739 15740 -1 15741 15742 15743 -1 15744 15745 15746 -1 15747 15748 15749 -1 15750 15751 15752 -1 15753 15754 15755 -1 15756 15757 15758 -1 15759 15760 15761 -1 15762 15763 15764 -1 15765 15766 15767 -1 15768 15769 15770 -1 15771 15772 15773 -1 15774 15775 15776 -1 15777 15778 15779 -1 15780 15781 15782 -1 15783 15784 15785 -1 15786 15787 15788 -1 15789 15790 15791 -1 15792 15793 15794 -1 15795 15796 15797 -1 15798 15799 15800 -1 15801 15802 15803 -1 15804 15805 15806 -1 15807 15808 15809 -1 15810 15811 15812 -1 15813 15814 15815 -1 15816 15817 15818 -1 15819 15820 15821 -1 15822 15823 15824 -1 15825 15826 15827 -1 15828 15829 15830 -1 15831 15832 15833 -1 15834 15835 15836 -1 15837 15838 15839 -1 15840 15841 15842 -1 15843 15844 15845 -1 15846 15847 15848 -1 15849 15850 15851 -1 15852 15853 15854 -1 15855 15856 15857 -1 15858 15859 15860 -1 15861 15862 15863 -1 15864 15865 15866 -1 15867 15868 15869 -1 15870 15871 15872 -1 15873 15874 15875 -1 15876 15877 15878 -1 15879 15880 15881 -1 15882 15883 15884 -1 15885 15886 15887 -1 15888 15889 15890 -1 15891 15892 15893 -1 15894 15895 15896 -1 15897 15898 15899 -1 15900 15901 15902 -1 15903 15904 15905 -1 15906 15907 15908 -1 15909 15910 15911 -1 15912 15913 15914 -1 15915 15916 15917 -1 15918 15919 15920 -1 15921 15922 15923 -1 15924 15925 15926 -1 15927 15928 15929 -1 15930 15931 15932 -1 15933 15934 15935 -1 15936 15937 15938 -1 15939 15940 15941 -1 15942 15943 15944 -1 15945 15946 15947 -1 15948 15949 15950 -1 15951 15952 15953 -1 15954 15955 15956 -1 15957 15958 15959 -1 15960 15961 15962 -1 15963 15964 15965 -1 15966 15967 15968 -1 15969 15970 15971 -1 15972 15973 15974 -1 15975 15976 15977 -1 15978 15979 15980 -1 15981 15982 15983 -1 15984 15985 15986 -1 15987 15988 15989 -1 15990 15991 15992 -1 15993 15994 15995 -1 15996 15997 15998 -1 15999 16000 16001 -1 16002 16003 16004 -1 16005 16006 16007 -1 16008 16009 16010 -1 16011 16012 16013 -1 16014 16015 16016 -1 16017 16018 16019 -1 16020 16021 16022 -1 16023 16024 16025 -1 16026 16027 16028 -1 16029 16030 16031 -1 16032 16033 16034 -1 16035 16036 16037 -1 16038 16039 16040 -1 16041 16042 16043 -1 16044 16045 16046 -1 16047 16048 16049 -1 16050 16051 16052 -1 16053 16054 16055 -1 16056 16057 16058 -1 16059 16060 16061 -1 16062 16063 16064 -1 16065 16066 16067 -1 16068 16069 16070 -1 16071 16072 16073 -1 16074 16075 16076 -1 16077 16078 16079 -1 16080 16081 16082 -1 16083 16084 16085 -1 16086 16087 16088 -1 16089 16090 16091 -1 16092 16093 16094 -1 16095 16096 16097 -1 16098 16099 16100 -1 16101 16102 16103 -1 16104 16105 16106 -1 16107 16108 16109 -1 16110 16111 16112 -1 16113 16114 16115 -1 16116 16117 16118 -1 16119 16120 16121 -1 16122 16123 16124 -1 16125 16126 16127 -1 16128 16129 16130 -1 16131 16132 16133 -1 16134 16135 16136 -1 16137 16138 16139 -1 16140 16141 16142 -1 16143 16144 16145 -1 16146 16147 16148 -1 16149 16150 16151 -1 16152 16153 16154 -1 16155 16156 16157 -1 16158 16159 16160 -1 16161 16162 16163 -1 16164 16165 16166 -1 16167 16168 16169 -1 16170 16171 16172 -1 16173 16174 16175 -1 16176 16177 16178 -1 16179 16180 16181 -1 16182 16183 16184 -1 16185 16186 16187 -1 16188 16189 16190 -1 16191 16192 16193 -1 16194 16195 16196 -1 16197 16198 16199 -1 16200 16201 16202 -1 16203 16204 16205 -1 16206 16207 16208 -1 16209 16210 16211 -1 16212 16213 16214 -1 16215 16216 16217 -1 16218 16219 16220 -1 16221 16222 16223 -1 16224 16225 16226 -1 16227 16228 16229 -1 16230 16231 16232 -1 16233 16234 16235 -1 16236 16237 16238 -1 16239 16240 16241 -1 16242 16243 16244 -1 16245 16246 16247 -1 16248 16249 16250 -1 16251 16252 16253 -1 16254 16255 16256 -1 16257 16258 16259 -1 16260 16261 16262 -1 16263 16264 16265 -1 16266 16267 16268 -1 16269 16270 16271 -1 16272 16273 16274 -1 16275 16276 16277 -1 16278 16279 16280 -1 16281 16282 16283 -1 16284 16285 16286 -1 16287 16288 16289 -1 16290 16291 16292 -1 16293 16294 16295 -1 16296 16297 16298 -1 16299 16300 16301 -1 16302 16303 16304 -1 16305 16306 16307 -1 16308 16309 16310 -1 16311 16312 16313 -1 16314 16315 16316 -1 16317 16318 16319 -1 16320 16321 16322 -1 16323 16324 16325 -1 16326 16327 16328 -1 16329 16330 16331 -1 16332 16333 16334 -1 16335 16336 16337 -1 16338 16339 16340 -1 16341 16342 16343 -1 16344 16345 16346 -1 16347 16348 16349 -1 16350 16351 16352 -1 16353 16354 16355 -1 16356 16357 16358 -1 16359 16360 16361 -1 16362 16363 16364 -1 16365 16366 16367 -1 16368 16369 16370 -1 16371 16372 16373 -1 16374 16375 16376 -1 16377 16378 16379 -1 16380 16381 16382 -1 16383 16384 16385 -1 16386 16387 16388 -1 16389 16390 16391 -1 16392 16393 16394 -1 16395 16396 16397 -1 16398 16399 16400 -1 16401 16402 16403 -1 16404 16405 16406 -1 16407 16408 16409 -1 16410 16411 16412 -1 16413 16414 16415 -1 16416 16417 16418 -1 16419 16420 16421 -1 16422 16423 16424 -1 16425 16426 16427 -1 16428 16429 16430 -1 16431 16432 16433 -1 16434 16435 16436 -1 16437 16438 16439 -1 16440 16441 16442 -1 16443 16444 16445 -1 16446 16447 16448 -1 16449 16450 16451 -1 16452 16453 16454 -1 16455 16456 16457 -1 16458 16459 16460 -1 16461 16462 16463 -1 16464 16465 16466 -1 16467 16468 16469 -1 16470 16471 16472 -1 16473 16474 16475 -1 16476 16477 16478 -1 16479 16480 16481 -1 16482 16483 16484 -1 16485 16486 16487 -1 16488 16489 16490 -1 16491 16492 16493 -1 16494 16495 16496 -1 16497 16498 16499 -1 16500 16501 16502 -1 16503 16504 16505 -1 16506 16507 16508 -1 16509 16510 16511 -1 16512 16513 16514 -1 16515 16516 16517 -1 16518 16519 16520 -1 16521 16522 16523 -1 16524 16525 16526 -1 16527 16528 16529 -1 16530 16531 16532 -1 16533 16534 16535 -1 16536 16537 16538 -1 16539 16540 16541 -1 16542 16543 16544 -1 16545 16546 16547 -1 16548 16549 16550 -1 16551 16552 16553 -1 16554 16555 16556 -1 16557 16558 16559 -1 16560 16561 16562 -1 16563 16564 16565 -1 16566 16567 16568 -1 16569 16570 16571 -1 16572 16573 16574 -1 16575 16576 16577 -1 16578 16579 16580 -1 16581 16582 16583 -1 16584 16585 16586 -1 16587 16588 16589 -1 16590 16591 16592 -1 16593 16594 16595 -1 16596 16597 16598 -1 16599 16600 16601 -1 16602 16603 16604 -1 16605 16606 16607 -1 16608 16609 16610 -1 16611 16612 16613 -1 16614 16615 16616 -1 16617 16618 16619 -1 16620 16621 16622 -1 16623 16624 16625 -1 16626 16627 16628 -1 16629 16630 16631 -1 16632 16633 16634 -1 16635 16636 16637 -1 16638 16639 16640 -1 16641 16642 16643 -1 16644 16645 16646 -1 16647 16648 16649 -1 16650 16651 16652 -1 16653 16654 16655 -1 16656 16657 16658 -1 16659 16660 16661 -1 16662 16663 16664 -1 16665 16666 16667 -1 16668 16669 16670 -1 16671 16672 16673 -1 16674 16675 16676 -1 16677 16678 16679 -1 16680 16681 16682 -1 16683 16684 16685 -1 16686 16687 16688 -1 16689 16690 16691 -1 16692 16693 16694 -1 16695 16696 16697 -1 16698 16699 16700 -1 16701 16702 16703 -1 16704 16705 16706 -1 16707 16708 16709 -1 16710 16711 16712 -1 16713 16714 16715 -1 16716 16717 16718 -1 16719 16720 16721 -1 16722 16723 16724 -1 16725 16726 16727 -1 16728 16729 16730 -1 16731 16732 16733 -1 16734 16735 16736 -1 16737 16738 16739 -1 16740 16741 16742 -1 16743 16744 16745 -1 16746 16747 16748 -1 16749 16750 16751 -1 16752 16753 16754 -1 16755 16756 16757 -1 16758 16759 16760 -1 16761 16762 16763 -1 16764 16765 16766 -1 16767 16768 16769 -1 16770 16771 16772 -1 16773 16774 16775 -1 16776 16777 16778 -1 16779 16780 16781 -1 16782 16783 16784 -1 16785 16786 16787 -1 16788 16789 16790 -1 16791 16792 16793 -1 16794 16795 16796 -1 16797 16798 16799 -1 16800 16801 16802 -1 16803 16804 16805 -1 16806 16807 16808 -1 16809 16810 16811 -1 16812 16813 16814 -1 16815 16816 16817 -1 16818 16819 16820 -1 16821 16822 16823 -1 16824 16825 16826 -1 16827 16828 16829 -1 16830 16831 16832 -1 16833 16834 16835 -1 16836 16837 16838 -1 16839 16840 16841 -1 16842 16843 16844 -1 16845 16846 16847 -1 16848 16849 16850 -1 16851 16852 16853 -1 16854 16855 16856 -1 16857 16858 16859 -1 16860 16861 16862 -1 16863 16864 16865 -1 16866 16867 16868 -1 16869 16870 16871 -1 16872 16873 16874 -1 16875 16876 16877 -1 16878 16879 16880 -1 16881 16882 16883 -1 16884 16885 16886 -1 16887 16888 16889 -1 16890 16891 16892 -1 16893 16894 16895 -1 16896 16897 16898 -1 16899 16900 16901 -1 16902 16903 16904 -1 16905 16906 16907 -1 16908 16909 16910 -1 16911 16912 16913 -1 16914 16915 16916 -1 16917 16918 16919 -1 16920 16921 16922 -1 16923 16924 16925 -1 16926 16927 16928 -1 16929 16930 16931 -1 16932 16933 16934 -1 16935 16936 16937 -1 16938 16939 16940 -1 16941 16942 16943 -1 16944 16945 16946 -1 16947 16948 16949 -1 16950 16951 16952 -1 16953 16954 16955 -1 16956 16957 16958 -1 16959 16960 16961 -1 16962 16963 16964 -1 16965 16966 16967 -1 16968 16969 16970 -1 16971 16972 16973 -1 16974 16975 16976 -1 16977 16978 16979 -1 16980 16981 16982 -1 16983 16984 16985 -1 16986 16987 16988 -1 16989 16990 16991 -1 16992 16993 16994 -1 16995 16996 16997 -1 16998 16999 17000 -1 17001 17002 17003 -1 17004 17005 17006 -1 17007 17008 17009 -1 17010 17011 17012 -1 17013 17014 17015 -1 17016 17017 17018 -1 17019 17020 17021 -1 17022 17023 17024 -1 17025 17026 17027 -1 17028 17029 17030 -1 17031 17032 17033 -1 17034 17035 17036 -1 17037 17038 17039 -1 17040 17041 17042 -1 17043 17044 17045 -1 17046 17047 17048 -1 17049 17050 17051 -1 17052 17053 17054 -1 17055 17056 17057 -1 17058 17059 17060 -1 17061 17062 17063 -1 17064 17065 17066 -1 17067 17068 17069 -1 17070 17071 17072 -1 17073 17074 17075 -1 17076 17077 17078 -1 17079 17080 17081 -1 17082 17083 17084 -1 17085 17086 17087 -1 17088 17089 17090 -1 17091 17092 17093 -1 17094 17095 17096 -1 17097 17098 17099 -1 17100 17101 17102 -1 17103 17104 17105 -1 17106 17107 17108 -1 17109 17110 17111 -1 17112 17113 17114 -1 17115 17116 17117 -1 17118 17119 17120 -1 17121 17122 17123 -1 17124 17125 17126 -1 17127 17128 17129 -1 17130 17131 17132 -1 17133 17134 17135 -1 17136 17137 17138 -1 17139 17140 17141 -1 17142 17143 17144 -1 17145 17146 17147 -1 17148 17149 17150 -1 17151 17152 17153 -1 17154 17155 17156 -1 17157 17158 17159 -1 17160 17161 17162 -1 17163 17164 17165 -1 17166 17167 17168 -1 17169 17170 17171 -1 17172 17173 17174 -1 17175 17176 17177 -1 17178 17179 17180 -1 17181 17182 17183 -1 17184 17185 17186 -1 17187 17188 17189 -1 17190 17191 17192 -1 17193 17194 17195 -1 17196 17197 17198 -1 17199 17200 17201 -1 17202 17203 17204 -1 17205 17206 17207 -1 17208 17209 17210 -1 17211 17212 17213 -1 17214 17215 17216 -1 17217 17218 17219 -1 17220 17221 17222 -1 17223 17224 17225 -1 17226 17227 17228 -1 17229 17230 17231 -1 17232 17233 17234 -1 17235 17236 17237 -1 17238 17239 17240 -1 17241 17242 17243 -1 17244 17245 17246 -1 17247 17248 17249 -1 17250 17251 17252 -1 17253 17254 17255 -1 17256 17257 17258 -1 17259 17260 17261 -1 17262 17263 17264 -1 17265 17266 17267 -1 17268 17269 17270 -1 17271 17272 17273 -1 17274 17275 17276 -1 17277 17278 17279 -1 17280 17281 17282 -1 17283 17284 17285 -1 17286 17287 17288 -1 17289 17290 17291 -1 17292 17293 17294 -1 17295 17296 17297 -1 17298 17299 17300 -1 17301 17302 17303 -1 17304 17305 17306 -1 17307 17308 17309 -1 17310 17311 17312 -1 17313 17314 17315 -1 17316 17317 17318 -1 17319 17320 17321 -1 17322 17323 17324 -1 17325 17326 17327 -1 17328 17329 17330 -1 17331 17332 17333 -1 17334 17335 17336 -1 17337 17338 17339 -1 17340 17341 17342 -1 17343 17344 17345 -1 17346 17347 17348 -1 17349 17350 17351 -1 17352 17353 17354 -1 17355 17356 17357 -1 17358 17359 17360 -1 17361 17362 17363 -1 17364 17365 17366 -1 17367 17368 17369 -1 17370 17371 17372 -1 17373 17374 17375 -1 17376 17377 17378 -1 17379 17380 17381 -1 17382 17383 17384 -1 17385 17386 17387 -1 17388 17389 17390 -1 17391 17392 17393 -1 17394 17395 17396 -1 17397 17398 17399 -1 17400 17401 17402 -1 17403 17404 17405 -1 17406 17407 17408 -1 17409 17410 17411 -1 17412 17413 17414 -1 17415 17416 17417 -1 17418 17419 17420 -1 17421 17422 17423 -1 17424 17425 17426 -1 17427 17428 17429 -1 17430 17431 17432 -1 17433 17434 17435 -1 17436 17437 17438 -1 17439 17440 17441 -1 17442 17443 17444 -1 17445 17446 17447 -1 17448 17449 17450 -1 17451 17452 17453 -1 17454 17455 17456 -1 17457 17458 17459 -1 17460 17461 17462 -1 17463 17464 17465 -1 17466 17467 17468 -1 17469 17470 17471 -1 17472 17473 17474 -1 17475 17476 17477 -1 17478 17479 17480 -1 17481 17482 17483 -1 17484 17485 17486 -1 17487 17488 17489 -1 17490 17491 17492 -1 17493 17494 17495 -1 17496 17497 17498 -1 17499 17500 17501 -1 17502 17503 17504 -1 17505 17506 17507 -1 17508 17509 17510 -1 17511 17512 17513 -1 17514 17515 17516 -1 17517 17518 17519 -1 17520 17521 17522 -1 17523 17524 17525 -1 17526 17527 17528 -1 17529 17530 17531 -1 17532 17533 17534 -1 17535 17536 17537 -1 17538 17539 17540 -1 17541 17542 17543 -1 17544 17545 17546 -1 17547 17548 17549 -1 17550 17551 17552 -1 17553 17554 17555 -1 17556 17557 17558 -1 17559 17560 17561 -1 17562 17563 17564 -1 17565 17566 17567 -1 17568 17569 17570 -1 17571 17572 17573 -1 17574 17575 17576 -1 17577 17578 17579 -1 17580 17581 17582 -1 17583 17584 17585 -1 17586 17587 17588 -1 17589 17590 17591 -1 17592 17593 17594 -1 17595 17596 17597 -1 17598 17599 17600 -1 17601 17602 17603 -1 17604 17605 17606 -1 17607 17608 17609 -1 17610 17611 17612 -1 17613 17614 17615 -1 17616 17617 17618 -1 17619 17620 17621 -1 17622 17623 17624 -1 17625 17626 17627 -1 17628 17629 17630 -1 17631 17632 17633 -1 17634 17635 17636 -1 17637 17638 17639 -1 17640 17641 17642 -1 17643 17644 17645 -1 17646 17647 17648 -1 17649 17650 17651 -1 17652 17653 17654 -1 17655 17656 17657 -1 17658 17659 17660 -1 17661 17662 17663 -1 17664 17665 17666 -1 17667 17668 17669 -1 17670 17671 17672 -1 17673 17674 17675 -1 17676 17677 17678 -1 17679 17680 17681 -1 17682 17683 17684 -1 17685 17686 17687 -1 17688 17689 17690 -1 17691 17692 17693 -1 17694 17695 17696 -1 17697 17698 17699 -1 17700 17701 17702 -1 17703 17704 17705 -1 17706 17707 17708 -1 17709 17710 17711 -1 17712 17713 17714 -1 17715 17716 17717 -1 17718 17719 17720 -1 17721 17722 17723 -1 17724 17725 17726 -1 17727 17728 17729 -1 17730 17731 17732 -1 17733 17734 17735 -1 17736 17737 17738 -1 17739 17740 17741 -1 17742 17743 17744 -1 17745 17746 17747 -1 17748 17749 17750 -1 17751 17752 17753 -1 17754 17755 17756 -1 17757 17758 17759 -1 17760 17761 17762 -1 17763 17764 17765 -1 17766 17767 17768 -1 17769 17770 17771 -1 17772 17773 17774 -1 17775 17776 17777 -1 17778 17779 17780 -1 17781 17782 17783 -1 17784 17785 17786 -1 17787 17788 17789 -1 17790 17791 17792 -1 17793 17794 17795 -1 17796 17797 17798 -1 17799 17800 17801 -1 17802 17803 17804 -1 17805 17806 17807 -1 17808 17809 17810 -1 17811 17812 17813 -1 17814 17815 17816 -1 17817 17818 17819 -1 17820 17821 17822 -1 17823 17824 17825 -1 17826 17827 17828 -1 17829 17830 17831 -1 17832 17833 17834 -1 17835 17836 17837 -1 17838 17839 17840 -1 17841 17842 17843 -1 17844 17845 17846 -1 17847 17848 17849 -1 17850 17851 17852 -1 17853 17854 17855 -1 17856 17857 17858 -1 17859 17860 17861 -1 17862 17863 17864 -1 17865 17866 17867 -1 17868 17869 17870 -1 17871 17872 17873 -1 17874 17875 17876 -1 17877 17878 17879 -1 17880 17881 17882 -1 17883 17884 17885 -1 17886 17887 17888 -1 17889 17890 17891 -1 17892 17893 17894 -1 17895 17896 17897 -1 17898 17899 17900 -1 17901 17902 17903 -1 17904 17905 17906 -1 17907 17908 17909 -1 17910 17911 17912 -1 17913 17914 17915 -1 17916 17917 17918 -1 17919 17920 17921 -1 17922 17923 17924 -1 17925 17926 17927 -1 17928 17929 17930 -1 17931 17932 17933 -1 17934 17935 17936 -1 17937 17938 17939 -1 17940 17941 17942 -1 17943 17944 17945 -1 17946 17947 17948 -1 17949 17950 17951 -1 17952 17953 17954 -1 17955 17956 17957 -1 17958 17959 17960 -1 17961 17962 17963 -1 17964 17965 17966 -1 17967 17968 17969 -1 17970 17971 17972 -1 17973 17974 17975 -1 17976 17977 17978 -1 17979 17980 17981 -1 17982 17983 17984 -1 17985 17986 17987 -1 17988 17989 17990 -1 17991 17992 17993 -1 17994 17995 17996 -1 17997 17998 17999 -1 18000 18001 18002 -1 18003 18004 18005 -1 18006 18007 18008 -1 18009 18010 18011 -1 18012 18013 18014 -1 18015 18016 18017 -1 18018 18019 18020 -1 18021 18022 18023 -1 18024 18025 18026 -1 18027 18028 18029 -1 18030 18031 18032 -1 18033 18034 18035 -1 18036 18037 18038 -1 18039 18040 18041 -1 18042 18043 18044 -1 18045 18046 18047 -1 18048 18049 18050 -1 18051 18052 18053 -1 18054 18055 18056 -1 18057 18058 18059 -1 18060 18061 18062 -1 18063 18064 18065 -1 18066 18067 18068 -1 18069 18070 18071 -1 18072 18073 18074 -1 18075 18076 18077 -1 18078 18079 18080 -1 18081 18082 18083 -1 18084 18085 18086 -1 18087 18088 18089 -1 18090 18091 18092 -1 18093 18094 18095 -1 18096 18097 18098 -1 18099 18100 18101 -1 18102 18103 18104 -1 18105 18106 18107 -1 18108 18109 18110 -1 18111 18112 18113 -1 18114 18115 18116 -1 18117 18118 18119 -1 18120 18121 18122 -1 18123 18124 18125 -1 18126 18127 18128 -1 18129 18130 18131 -1 18132 18133 18134 -1 18135 18136 18137 -1 18138 18139 18140 -1 18141 18142 18143 -1 18144 18145 18146 -1 18147 18148 18149 -1 18150 18151 18152 -1 18153 18154 18155 -1 18156 18157 18158 -1 18159 18160 18161 -1 18162 18163 18164 -1 18165 18166 18167 -1 18168 18169 18170 -1 18171 18172 18173 -1 18174 18175 18176 -1 18177 18178 18179 -1 18180 18181 18182 -1 18183 18184 18185 -1 18186 18187 18188 -1 18189 18190 18191 -1 18192 18193 18194 -1 18195 18196 18197 -1 18198 18199 18200 -1 18201 18202 18203 -1 18204 18205 18206 -1 18207 18208 18209 -1 18210 18211 18212 -1 18213 18214 18215 -1 18216 18217 18218 -1 18219 18220 18221 -1 18222 18223 18224 -1 18225 18226 18227 -1 18228 18229 18230 -1 18231 18232 18233 -1 18234 18235 18236 -1 18237 18238 18239 -1 18240 18241 18242 -1 18243 18244 18245 -1 18246 18247 18248 -1 18249 18250 18251 -1 18252 18253 18254 -1 18255 18256 18257 -1 18258 18259 18260 -1 18261 18262 18263 -1 18264 18265 18266 -1 18267 18268 18269 -1 18270 18271 18272 -1 18273 18274 18275 -1 18276 18277 18278 -1 18279 18280 18281 -1 18282 18283 18284 -1 18285 18286 18287 -1 18288 18289 18290 -1 18291 18292 18293 -1 18294 18295 18296 -1 18297 18298 18299 -1 18300 18301 18302 -1 18303 18304 18305 -1 18306 18307 18308 -1 18309 18310 18311 -1 18312 18313 18314 -1 18315 18316 18317 -1 18318 18319 18320 -1 18321 18322 18323 -1 18324 18325 18326 -1 18327 18328 18329 -1 18330 18331 18332 -1 18333 18334 18335 -1 18336 18337 18338 -1 18339 18340 18341 -1 18342 18343 18344 -1 18345 18346 18347 -1 18348 18349 18350 -1 18351 18352 18353 -1 18354 18355 18356 -1 18357 18358 18359 -1 18360 18361 18362 -1 18363 18364 18365 -1 18366 18367 18368 -1 18369 18370 18371 -1 18372 18373 18374 -1 18375 18376 18377 -1 18378 18379 18380 -1 18381 18382 18383 -1 18384 18385 18386 -1 18387 18388 18389 -1 18390 18391 18392 -1 18393 18394 18395 -1 18396 18397 18398 -1 18399 18400 18401 -1 18402 18403 18404 -1 18405 18406 18407 -1 18408 18409 18410 -1 18411 18412 18413 -1 18414 18415 18416 -1 18417 18418 18419 -1 18420 18421 18422 -1 18423 18424 18425 -1 18426 18427 18428 -1 18429 18430 18431 -1 18432 18433 18434 -1 18435 18436 18437 -1 18438 18439 18440 -1 18441 18442 18443 -1 18444 18445 18446 -1 18447 18448 18449 -1 18450 18451 18452 -1 18453 18454 18455 -1 18456 18457 18458 -1 18459 18460 18461 -1 18462 18463 18464 -1 18465 18466 18467 -1 18468 18469 18470 -1 18471 18472 18473 -1 18474 18475 18476 -1 18477 18478 18479 -1 18480 18481 18482 -1 18483 18484 18485 -1 18486 18487 18488 -1 18489 18490 18491 -1 18492 18493 18494 -1 18495 18496 18497 -1 18498 18499 18500 -1 18501 18502 18503 -1 18504 18505 18506 -1 18507 18508 18509 -1 18510 18511 18512 -1 18513 18514 18515 -1 18516 18517 18518 -1 18519 18520 18521 -1 18522 18523 18524 -1 18525 18526 18527 -1 18528 18529 18530 -1 18531 18532 18533 -1 18534 18535 18536 -1 18537 18538 18539 -1 18540 18541 18542 -1 18543 18544 18545 -1 18546 18547 18548 -1 18549 18550 18551 -1 18552 18553 18554 -1 18555 18556 18557 -1 18558 18559 18560 -1 18561 18562 18563 -1 18564 18565 18566 -1 18567 18568 18569 -1 18570 18571 18572 -1 18573 18574 18575 -1 18576 18577 18578 -1 18579 18580 18581 -1 18582 18583 18584 -1 18585 18586 18587 -1 18588 18589 18590 -1 18591 18592 18593 -1 18594 18595 18596 -1 18597 18598 18599 -1 18600 18601 18602 -1 18603 18604 18605 -1 18606 18607 18608 -1 18609 18610 18611 -1 18612 18613 18614 -1 18615 18616 18617 -1 18618 18619 18620 -1 18621 18622 18623 -1 18624 18625 18626 -1 18627 18628 18629 -1 18630 18631 18632 -1 18633 18634 18635 -1 18636 18637 18638 -1 18639 18640 18641 -1 18642 18643 18644 -1 18645 18646 18647 -1 18648 18649 18650 -1 18651 18652 18653 -1 18654 18655 18656 -1 18657 18658 18659 -1 18660 18661 18662 -1 18663 18664 18665 -1 18666 18667 18668 -1 18669 18670 18671 -1 18672 18673 18674 -1 18675 18676 18677 -1 18678 18679 18680 -1 18681 18682 18683 -1 18684 18685 18686 -1 18687 18688 18689 -1 18690 18691 18692 -1 18693 18694 18695 -1 18696 18697 18698 -1 18699 18700 18701 -1 18702 18703 18704 -1 18705 18706 18707 -1 18708 18709 18710 -1 18711 18712 18713 -1 18714 18715 18716 -1 18717 18718 18719 -1 18720 18721 18722 -1 18723 18724 18725 -1 18726 18727 18728 -1 18729 18730 18731 -1 18732 18733 18734 -1 18735 18736 18737 -1 18738 18739 18740 -1 18741 18742 18743 -1 18744 18745 18746 -1 18747 18748 18749 -1 18750 18751 18752 -1 18753 18754 18755 -1 18756 18757 18758 -1 18759 18760 18761 -1 18762 18763 18764 -1 18765 18766 18767 -1 18768 18769 18770 -1 18771 18772 18773 -1 18774 18775 18776 -1 18777 18778 18779 -1 18780 18781 18782 -1 18783 18784 18785 -1 18786 18787 18788 -1 18789 18790 18791 -1 18792 18793 18794 -1 18795 18796 18797 -1 18798 18799 18800 -1 18801 18802 18803 -1 18804 18805 18806 -1 18807 18808 18809 -1 18810 18811 18812 -1 18813 18814 18815 -1 18816 18817 18818 -1 18819 18820 18821 -1 18822 18823 18824 -1 18825 18826 18827 -1 18828 18829 18830 -1 18831 18832 18833 -1 18834 18835 18836 -1 18837 18838 18839 -1 18840 18841 18842 -1 18843 18844 18845 -1 18846 18847 18848 -1 18849 18850 18851 -1 18852 18853 18854 -1 18855 18856 18857 -1 18858 18859 18860 -1 18861 18862 18863 -1 18864 18865 18866 -1 18867 18868 18869 -1 18870 18871 18872 -1 18873 18874 18875 -1 18876 18877 18878 -1 18879 18880 18881 -1 18882 18883 18884 -1 18885 18886 18887 -1 18888 18889 18890 -1 18891 18892 18893 -1 18894 18895 18896 -1 18897 18898 18899 -1 18900 18901 18902 -1 18903 18904 18905 -1 18906 18907 18908 -1 18909 18910 18911 -1 18912 18913 18914 -1 18915 18916 18917 -1 18918 18919 18920 -1 18921 18922 18923 -1 18924 18925 18926 -1 18927 18928 18929 -1 18930 18931 18932 -1 18933 18934 18935 -1 18936 18937 18938 -1 18939 18940 18941 -1 18942 18943 18944 -1 18945 18946 18947 -1 18948 18949 18950 -1 18951 18952 18953 -1 18954 18955 18956 -1 18957 18958 18959 -1 18960 18961 18962 -1 18963 18964 18965 -1 18966 18967 18968 -1 18969 18970 18971 -1 18972 18973 18974 -1 18975 18976 18977 -1 18978 18979 18980 -1 18981 18982 18983 -1 18984 18985 18986 -1 18987 18988 18989 -1 18990 18991 18992 -1 18993 18994 18995 -1 18996 18997 18998 -1 18999 19000 19001 -1 19002 19003 19004 -1 19005 19006 19007 -1 19008 19009 19010 -1 19011 19012 19013 -1 19014 19015 19016 -1 19017 19018 19019 -1 19020 19021 19022 -1 19023 19024 19025 -1 19026 19027 19028 -1 19029 19030 19031 -1 19032 19033 19034 -1 19035 19036 19037 -1 19038 19039 19040 -1 19041 19042 19043 -1 19044 19045 19046 -1 19047 19048 19049 -1 19050 19051 19052 -1 19053 19054 19055 -1 19056 19057 19058 -1 19059 19060 19061 -1 19062 19063 19064 -1 19065 19066 19067 -1 19068 19069 19070 -1 19071 19072 19073 -1 19074 19075 19076 -1 19077 19078 19079 -1 19080 19081 19082 -1 19083 19084 19085 -1 19086 19087 19088 -1 19089 19090 19091 -1 19092 19093 19094 -1 19095 19096 19097 -1 19098 19099 19100 -1 19101 19102 19103 -1 19104 19105 19106 -1 19107 19108 19109 -1 19110 19111 19112 -1 19113 19114 19115 -1 19116 19117 19118 -1 19119 19120 19121 -1 19122 19123 19124 -1 19125 19126 19127 -1 19128 19129 19130 -1 19131 19132 19133 -1 19134 19135 19136 -1 19137 19138 19139 -1 19140 19141 19142 -1 19143 19144 19145 -1 19146 19147 19148 -1 19149 19150 19151 -1 19152 19153 19154 -1 19155 19156 19157 -1 19158 19159 19160 -1 19161 19162 19163 -1 19164 19165 19166 -1 19167 19168 19169 -1 19170 19171 19172 -1 19173 19174 19175 -1 19176 19177 19178 -1 19179 19180 19181 -1 19182 19183 19184 -1 19185 19186 19187 -1 19188 19189 19190 -1 19191 19192 19193 -1 19194 19195 19196 -1 19197 19198 19199 -1 19200 19201 19202 -1 19203 19204 19205 -1 19206 19207 19208 -1 19209 19210 19211 -1 19212 19213 19214 -1 19215 19216 19217 -1 19218 19219 19220 -1 19221 19222 19223 -1 19224 19225 19226 -1 19227 19228 19229 -1 19230 19231 19232 -1 19233 19234 19235 -1 19236 19237 19238 -1 19239 19240 19241 -1 19242 19243 19244 -1 19245 19246 19247 -1 19248 19249 19250 -1 19251 19252 19253 -1 19254 19255 19256 -1 19257 19258 19259 -1 19260 19261 19262 -1 19263 19264 19265 -1 19266 19267 19268 -1 19269 19270 19271 -1 19272 19273 19274 -1 19275 19276 19277 -1 19278 19279 19280 -1 19281 19282 19283 -1 19284 19285 19286 -1 19287 19288 19289 -1 19290 19291 19292 -1 19293 19294 19295 -1 19296 19297 19298 -1 19299 19300 19301 -1 19302 19303 19304 -1 19305 19306 19307 -1 19308 19309 19310 -1 19311 19312 19313 -1 19314 19315 19316 -1 19317 19318 19319 -1 19320 19321 19322 -1 19323 19324 19325 -1 19326 19327 19328 -1 19329 19330 19331 -1 19332 19333 19334 -1 19335 19336 19337 -1 19338 19339 19340 -1 19341 19342 19343 -1 19344 19345 19346 -1 19347 19348 19349 -1 19350 19351 19352 -1 19353 19354 19355 -1 19356 19357 19358 -1 19359 19360 19361 -1 19362 19363 19364 -1 19365 19366 19367 -1 19368 19369 19370 -1 19371 19372 19373 -1 19374 19375 19376 -1 19377 19378 19379 -1 19380 19381 19382 -1 19383 19384 19385 -1 19386 19387 19388 -1 19389 19390 19391 -1 19392 19393 19394 -1 19395 19396 19397 -1 19398 19399 19400 -1 19401 19402 19403 -1 19404 19405 19406 -1 19407 19408 19409 -1 19410 19411 19412 -1 19413 19414 19415 -1 19416 19417 19418 -1 19419 19420 19421 -1 19422 19423 19424 -1 19425 19426 19427 -1 19428 19429 19430 -1 19431 19432 19433 -1 19434 19435 19436 -1 19437 19438 19439 -1 19440 19441 19442 -1 19443 19444 19445 -1 19446 19447 19448 -1 19449 19450 19451 -1 19452 19453 19454 -1 19455 19456 19457 -1 19458 19459 19460 -1 19461 19462 19463 -1 19464 19465 19466 -1 19467 19468 19469 -1 19470 19471 19472 -1 19473 19474 19475 -1 19476 19477 19478 -1 19479 19480 19481 -1 19482 19483 19484 -1 19485 19486 19487 -1 19488 19489 19490 -1 19491 19492 19493 -1 19494 19495 19496 -1 19497 19498 19499 -1 19500 19501 19502 -1 19503 19504 19505 -1 19506 19507 19508 -1 19509 19510 19511 -1 19512 19513 19514 -1 19515 19516 19517 -1 19518 19519 19520 -1 19521 19522 19523 -1 19524 19525 19526 -1 19527 19528 19529 -1 19530 19531 19532 -1 19533 19534 19535 -1 19536 19537 19538 -1 19539 19540 19541 -1 19542 19543 19544 -1 19545 19546 19547 -1 19548 19549 19550 -1 19551 19552 19553 -1 19554 19555 19556 -1 19557 19558 19559 -1 19560 19561 19562 -1 19563 19564 19565 -1 19566 19567 19568 -1 19569 19570 19571 -1 19572 19573 19574 -1 19575 19576 19577 -1 19578 19579 19580 -1 19581 19582 19583 -1 19584 19585 19586 -1 19587 19588 19589 -1 19590 19591 19592 -1 19593 19594 19595 -1 19596 19597 19598 -1 19599 19600 19601 -1 19602 19603 19604 -1 19605 19606 19607 -1 19608 19609 19610 -1 19611 19612 19613 -1 19614 19615 19616 -1 19617 19618 19619 -1 19620 19621 19622 -1 19623 19624 19625 -1 19626 19627 19628 -1 19629 19630 19631 -1 19632 19633 19634 -1 19635 19636 19637 -1 19638 19639 19640 -1 19641 19642 19643 -1 19644 19645 19646 -1 19647 19648 19649 -1 19650 19651 19652 -1 19653 19654 19655 -1 19656 19657 19658 -1 19659 19660 19661 -1 19662 19663 19664 -1 19665 19666 19667 -1 19668 19669 19670 -1 19671 19672 19673 -1 19674 19675 19676 -1 19677 19678 19679 -1 19680 19681 19682 -1 19683 19684 19685 -1 19686 19687 19688 -1 19689 19690 19691 -1 19692 19693 19694 -1 19695 19696 19697 -1 19698 19699 19700 -1 19701 19702 19703 -1 19704 19705 19706 -1 19707 19708 19709 -1 19710 19711 19712 -1 19713 19714 19715 -1 19716 19717 19718 -1 19719 19720 19721 -1 19722 19723 19724 -1 19725 19726 19727 -1 19728 19729 19730 -1 19731 19732 19733 -1 19734 19735 19736 -1 19737 19738 19739 -1 19740 19741 19742 -1 19743 19744 19745 -1 19746 19747 19748 -1 19749 19750 19751 -1 19752 19753 19754 -1 19755 19756 19757 -1 19758 19759 19760 -1 19761 19762 19763 -1 19764 19765 19766 -1 19767 19768 19769 -1 19770 19771 19772 -1 19773 19774 19775 -1 19776 19777 19778 -1 19779 19780 19781 -1 19782 19783 19784 -1 19785 19786 19787 -1 19788 19789 19790 -1 19791 19792 19793 -1 19794 19795 19796 -1 19797 19798 19799 -1 19800 19801 19802 -1 19803 19804 19805 -1 19806 19807 19808 -1 19809 19810 19811 -1 19812 19813 19814 -1 19815 19816 19817 -1 19818 19819 19820 -1 19821 19822 19823 -1 19824 19825 19826 -1 19827 19828 19829 -1 19830 19831 19832 -1 19833 19834 19835 -1 19836 19837 19838 -1 19839 19840 19841 -1 19842 19843 19844 -1 19845 19846 19847 -1 19848 19849 19850 -1 19851 19852 19853 -1 19854 19855 19856 -1 19857 19858 19859 -1 19860 19861 19862 -1 19863 19864 19865 -1 19866 19867 19868 -1 19869 19870 19871 -1 19872 19873 19874 -1 19875 19876 19877 -1 19878 19879 19880 -1 19881 19882 19883 -1 19884 19885 19886 -1 19887 19888 19889 -1 19890 19891 19892 -1 19893 19894 19895 -1 19896 19897 19898 -1 19899 19900 19901 -1 19902 19903 19904 -1 19905 19906 19907 -1 19908 19909 19910 -1 19911 19912 19913 -1 19914 19915 19916 -1 19917 19918 19919 -1 19920 19921 19922 -1 19923 19924 19925 -1 19926 19927 19928 -1 19929 19930 19931 -1 19932 19933 19934 -1 19935 19936 19937 -1 19938 19939 19940 -1 19941 19942 19943 -1 19944 19945 19946 -1 19947 19948 19949 -1 19950 19951 19952 -1 19953 19954 19955 -1 19956 19957 19958 -1 19959 19960 19961 -1 19962 19963 19964 -1 19965 19966 19967 -1 19968 19969 19970 -1 19971 19972 19973 -1 19974 19975 19976 -1 19977 19978 19979 -1 19980 19981 19982 -1 19983 19984 19985 -1 19986 19987 19988 -1 19989 19990 19991 -1 19992 19993 19994 -1 19995 19996 19997 -1 19998 19999 20000 -1 20001 20002 20003 -1 20004 20005 20006 -1 20007 20008 20009 -1 20010 20011 20012 -1 20013 20014 20015 -1 20016 20017 20018 -1 20019 20020 20021 -1 20022 20023 20024 -1 20025 20026 20027 -1 20028 20029 20030 -1 20031 20032 20033 -1 20034 20035 20036 -1 20037 20038 20039 -1 20040 20041 20042 -1 20043 20044 20045 -1 20046 20047 20048 -1 20049 20050 20051 -1 20052 20053 20054 -1 20055 20056 20057 -1 20058 20059 20060 -1 20061 20062 20063 -1 20064 20065 20066 -1 20067 20068 20069 -1 20070 20071 20072 -1 20073 20074 20075 -1 20076 20077 20078 -1 20079 20080 20081 -1 20082 20083 20084 -1 20085 20086 20087 -1 20088 20089 20090 -1 20091 20092 20093 -1 20094 20095 20096 -1 20097 20098 20099 -1 20100 20101 20102 -1 20103 20104 20105 -1 20106 20107 20108 -1 20109 20110 20111 -1 20112 20113 20114 -1 20115 20116 20117 -1 20118 20119 20120 -1 20121 20122 20123 -1 20124 20125 20126 -1 20127 20128 20129 -1 20130 20131 20132 -1 20133 20134 20135 -1 20136 20137 20138 -1 20139 20140 20141 -1 20142 20143 20144 -1 20145 20146 20147 -1 20148 20149 20150 -1 20151 20152 20153 -1 20154 20155 20156 -1 20157 20158 20159 -1 20160 20161 20162 -1 20163 20164 20165 -1 20166 20167 20168 -1 20169 20170 20171 -1 20172 20173 20174 -1 20175 20176 20177 -1 20178 20179 20180 -1 20181 20182 20183 -1 20184 20185 20186 -1 20187 20188 20189 -1 20190 20191 20192 -1 20193 20194 20195 -1 20196 20197 20198 -1 20199 20200 20201 -1 20202 20203 20204 -1 20205 20206 20207 -1 20208 20209 20210 -1 20211 20212 20213 -1 20214 20215 20216 -1 20217 20218 20219 -1 20220 20221 20222 -1 20223 20224 20225 -1 20226 20227 20228 -1 20229 20230 20231 -1 20232 20233 20234 -1 20235 20236 20237 -1 20238 20239 20240 -1 20241 20242 20243 -1 20244 20245 20246 -1 20247 20248 20249 -1 20250 20251 20252 -1 20253 20254 20255 -1 20256 20257 20258 -1 20259 20260 20261 -1 20262 20263 20264 -1 20265 20266 20267 -1 20268 20269 20270 -1 20271 20272 20273 -1 20274 20275 20276 -1 20277 20278 20279 -1 20280 20281 20282 -1 20283 20284 20285 -1 20286 20287 20288 -1 20289 20290 20291 -1 20292 20293 20294 -1 20295 20296 20297 -1 20298 20299 20300 -1 20301 20302 20303 -1 20304 20305 20306 -1 20307 20308 20309 -1 20310 20311 20312 -1 20313 20314 20315 -1 20316 20317 20318 -1 20319 20320 20321 -1 20322 20323 20324 -1 20325 20326 20327 -1 20328 20329 20330 -1 20331 20332 20333 -1 20334 20335 20336 -1 20337 20338 20339 -1 20340 20341 20342 -1 20343 20344 20345 -1 20346 20347 20348 -1 20349 20350 20351 -1 20352 20353 20354 -1 20355 20356 20357 -1 20358 20359 20360 -1 20361 20362 20363 -1 20364 20365 20366 -1 20367 20368 20369 -1 20370 20371 20372 -1 20373 20374 20375 -1 20376 20377 20378 -1 20379 20380 20381 -1 20382 20383 20384 -1 20385 20386 20387 -1 20388 20389 20390 -1 20391 20392 20393 -1 20394 20395 20396 -1 20397 20398 20399 -1 20400 20401 20402 -1 20403 20404 20405 -1 20406 20407 20408 -1 20409 20410 20411 -1 20412 20413 20414 -1 20415 20416 20417 -1 20418 20419 20420 -1 20421 20422 20423 -1 20424 20425 20426 -1 20427 20428 20429 -1 20430 20431 20432 -1 20433 20434 20435 -1 20436 20437 20438 -1 20439 20440 20441 -1 20442 20443 20444 -1 20445 20446 20447 -1 20448 20449 20450 -1 20451 20452 20453 -1 20454 20455 20456 -1 20457 20458 20459 -1 20460 20461 20462 -1 20463 20464 20465 -1 20466 20467 20468 -1 20469 20470 20471 -1 20472 20473 20474 -1 20475 20476 20477 -1 20478 20479 20480 -1 20481 20482 20483 -1 20484 20485 20486 -1 20487 20488 20489 -1 20490 20491 20492 -1 20493 20494 20495 -1 20496 20497 20498 -1 20499 20500 20501 -1 20502 20503 20504 -1 20505 20506 20507 -1 20508 20509 20510 -1 20511 20512 20513 -1 20514 20515 20516 -1 20517 20518 20519 -1 20520 20521 20522 -1 20523 20524 20525 -1 20526 20527 20528 -1 20529 20530 20531 -1 20532 20533 20534 -1 20535 20536 20537 -1 20538 20539 20540 -1 20541 20542 20543 -1 20544 20545 20546 -1 20547 20548 20549 -1 20550 20551 20552 -1 20553 20554 20555 -1 20556 20557 20558 -1 20559 20560 20561 -1 20562 20563 20564 -1 20565 20566 20567 -1 20568 20569 20570 -1 20571 20572 20573 -1 20574 20575 20576 -1 20577 20578 20579 -1 20580 20581 20582 -1 20583 20584 20585 -1 20586 20587 20588 -1 20589 20590 20591 -1 20592 20593 20594 -1 20595 20596 20597 -1 20598 20599 20600 -1 20601 20602 20603 -1 20604 20605 20606 -1 20607 20608 20609 -1 20610 20611 20612 -1 20613 20614 20615 -1 20616 20617 20618 -1 20619 20620 20621 -1 20622 20623 20624 -1 20625 20626 20627 -1 20628 20629 20630 -1 20631 20632 20633 -1 20634 20635 20636 -1 20637 20638 20639 -1 20640 20641 20642 -1 20643 20644 20645 -1 20646 20647 20648 -1 20649 20650 20651 -1 20652 20653 20654 -1 20655 20656 20657 -1 20658 20659 20660 -1 20661 20662 20663 -1 20664 20665 20666 -1 20667 20668 20669 -1 20670 20671 20672 -1 20673 20674 20675 -1 20676 20677 20678 -1 20679 20680 20681 -1 20682 20683 20684 -1 20685 20686 20687 -1 20688 20689 20690 -1 20691 20692 20693 -1 20694 20695 20696 -1 20697 20698 20699 -1 20700 20701 20702 -1 20703 20704 20705 -1 20706 20707 20708 -1 20709 20710 20711 -1 20712 20713 20714 -1 20715 20716 20717 -1 20718 20719 20720 -1 20721 20722 20723 -1 20724 20725 20726 -1 20727 20728 20729 -1 20730 20731 20732 -1 20733 20734 20735 -1 20736 20737 20738 -1 20739 20740 20741 -1 20742 20743 20744 -1 20745 20746 20747 -1 20748 20749 20750 -1 20751 20752 20753 -1 20754 20755 20756 -1 20757 20758 20759 -1 20760 20761 20762 -1 20763 20764 20765 -1 20766 20767 20768 -1 20769 20770 20771 -1 20772 20773 20774 -1 20775 20776 20777 -1 20778 20779 20780 -1 20781 20782 20783 -1 20784 20785 20786 -1 20787 20788 20789 -1 20790 20791 20792 -1 20793 20794 20795 -1 20796 20797 20798 -1 20799 20800 20801 -1 20802 20803 20804 -1 20805 20806 20807 -1 20808 20809 20810 -1 20811 20812 20813 -1 20814 20815 20816 -1 20817 20818 20819 -1 20820 20821 20822 -1 20823 20824 20825 -1 20826 20827 20828 -1 20829 20830 20831 -1 20832 20833 20834 -1 20835 20836 20837 -1 20838 20839 20840 -1 20841 20842 20843 -1 20844 20845 20846 -1 20847 20848 20849 -1 20850 20851 20852 -1 20853 20854 20855 -1 20856 20857 20858 -1 20859 20860 20861 -1 20862 20863 20864 -1 20865 20866 20867 -1 20868 20869 20870 -1 20871 20872 20873 -1 20874 20875 20876 -1 20877 20878 20879 -1 20880 20881 20882 -1 20883 20884 20885 -1 20886 20887 20888 -1 20889 20890 20891 -1 20892 20893 20894 -1 20895 20896 20897 -1 20898 20899 20900 -1 20901 20902 20903 -1 20904 20905 20906 -1 20907 20908 20909 -1 20910 20911 20912 -1 20913 20914 20915 -1 20916 20917 20918 -1 20919 20920 20921 -1 20922 20923 20924 -1 20925 20926 20927 -1 20928 20929 20930 -1 20931 20932 20933 -1 20934 20935 20936 -1 20937 20938 20939 -1 20940 20941 20942 -1 20943 20944 20945 -1 20946 20947 20948 -1 20949 20950 20951 -1 20952 20953 20954 -1 20955 20956 20957 -1 20958 20959 20960 -1 20961 20962 20963 -1 20964 20965 20966 -1 20967 20968 20969 -1 20970 20971 20972 -1 20973 20974 20975 -1 20976 20977 20978 -1 20979 20980 20981 -1 20982 20983 20984 -1 20985 20986 20987 -1 20988 20989 20990 -1 20991 20992 20993 -1 20994 20995 20996 -1 20997 20998 20999 -1 21000 21001 21002 -1 21003 21004 21005 -1 21006 21007 21008 -1 21009 21010 21011 -1 21012 21013 21014 -1 21015 21016 21017 -1 21018 21019 21020 -1 21021 21022 21023 -1 21024 21025 21026 -1 21027 21028 21029 -1 21030 21031 21032 -1 21033 21034 21035 -1 21036 21037 21038 -1 21039 21040 21041 -1 21042 21043 21044 -1 21045 21046 21047 -1 21048 21049 21050 -1 21051 21052 21053 -1 21054 21055 21056 -1 21057 21058 21059 -1 21060 21061 21062 -1 21063 21064 21065 -1 21066 21067 21068 -1 21069 21070 21071 -1 21072 21073 21074 -1 21075 21076 21077 -1 21078 21079 21080 -1 21081 21082 21083 -1 21084 21085 21086 -1 21087 21088 21089 -1 21090 21091 21092 -1 21093 21094 21095 -1 21096 21097 21098 -1 21099 21100 21101 -1 21102 21103 21104 -1 21105 21106 21107 -1 21108 21109 21110 -1 21111 21112 21113 -1 21114 21115 21116 -1 21117 21118 21119 -1 21120 21121 21122 -1 21123 21124 21125 -1 21126 21127 21128 -1 21129 21130 21131 -1 21132 21133 21134 -1 21135 21136 21137 -1 21138 21139 21140 -1 21141 21142 21143 -1 21144 21145 21146 -1 21147 21148 21149 -1 21150 21151 21152 -1 21153 21154 21155 -1 21156 21157 21158 -1 21159 21160 21161 -1 21162 21163 21164 -1 21165 21166 21167 -1 21168 21169 21170 -1 21171 21172 21173 -1 21174 21175 21176 -1 21177 21178 21179 -1 21180 21181 21182 -1 21183 21184 21185 -1 21186 21187 21188 -1 21189 21190 21191 -1 21192 21193 21194 -1 21195 21196 21197 -1 21198 21199 21200 -1 21201 21202 21203 -1 21204 21205 21206 -1 21207 21208 21209 -1 21210 21211 21212 -1 21213 21214 21215 -1 21216 21217 21218 -1 21219 21220 21221 -1 21222 21223 21224 -1 21225 21226 21227 -1 21228 21229 21230 -1 21231 21232 21233 -1 21234 21235 21236 -1 21237 21238 21239 -1 21240 21241 21242 -1 21243 21244 21245 -1 21246 21247 21248 -1 21249 21250 21251 -1 21252 21253 21254 -1 21255 21256 21257 -1 21258 21259 21260 -1 21261 21262 21263 -1 21264 21265 21266 -1 21267 21268 21269 -1 21270 21271 21272 -1 21273 21274 21275 -1 21276 21277 21278 -1 21279 21280 21281 -1 21282 21283 21284 -1 21285 21286 21287 -1 21288 21289 21290 -1 21291 21292 21293 -1 21294 21295 21296 -1 21297 21298 21299 -1 21300 21301 21302 -1 21303 21304 21305 -1 21306 21307 21308 -1 21309 21310 21311 -1 21312 21313 21314 -1 21315 21316 21317 -1 21318 21319 21320 -1 21321 21322 21323 -1 21324 21325 21326 -1 21327 21328 21329 -1 21330 21331 21332 -1 21333 21334 21335 -1 21336 21337 21338 -1 21339 21340 21341 -1 21342 21343 21344 -1 21345 21346 21347 -1 21348 21349 21350 -1 21351 21352 21353 -1 21354 21355 21356 -1 21357 21358 21359 -1 21360 21361 21362 -1 21363 21364 21365 -1 21366 21367 21368 -1 21369 21370 21371 -1 21372 21373 21374 -1 21375 21376 21377 -1 21378 21379 21380 -1 21381 21382 21383 -1 21384 21385 21386 -1 21387 21388 21389 -1 21390 21391 21392 -1 21393 21394 21395 -1 21396 21397 21398 -1 21399 21400 21401 -1 21402 21403 21404 -1 21405 21406 21407 -1 21408 21409 21410 -1 21411 21412 21413 -1 21414 21415 21416 -1 21417 21418 21419 -1 21420 21421 21422 -1 21423 21424 21425 -1 21426 21427 21428 -1 21429 21430 21431 -1 21432 21433 21434 -1 21435 21436 21437 -1 21438 21439 21440 -1 21441 21442 21443 -1 21444 21445 21446 -1 21447 21448 21449 -1 21450 21451 21452 -1 21453 21454 21455 -1 21456 21457 21458 -1 21459 21460 21461 -1 21462 21463 21464 -1 21465 21466 21467 -1 21468 21469 21470 -1 21471 21472 21473 -1 21474 21475 21476 -1 21477 21478 21479 -1 21480 21481 21482 -1 21483 21484 21485 -1 21486 21487 21488 -1 21489 21490 21491 -1 21492 21493 21494 -1 21495 21496 21497 -1 21498 21499 21500 -1 21501 21502 21503 -1 21504 21505 21506 -1 21507 21508 21509 -1 21510 21511 21512 -1 21513 21514 21515 -1 21516 21517 21518 -1 21519 21520 21521 -1 21522 21523 21524 -1 21525 21526 21527 -1 21528 21529 21530 -1 21531 21532 21533 -1 21534 21535 21536 -1 21537 21538 21539 -1 21540 21541 21542 -1 21543 21544 21545 -1 21546 21547 21548 -1 21549 21550 21551 -1 21552 21553 21554 -1 21555 21556 21557 -1 21558 21559 21560 -1 21561 21562 21563 -1 21564 21565 21566 -1 21567 21568 21569 -1 21570 21571 21572 -1 21573 21574 21575 -1 21576 21577 21578 -1 21579 21580 21581 -1 21582 21583 21584 -1 21585 21586 21587 -1 21588 21589 21590 -1 21591 21592 21593 -1 21594 21595 21596 -1 21597 21598 21599 -1 21600 21601 21602 -1 21603 21604 21605 -1 21606 21607 21608 -1 21609 21610 21611 -1 21612 21613 21614 -1 21615 21616 21617 -1 21618 21619 21620 -1 21621 21622 21623 -1 21624 21625 21626 -1 21627 21628 21629 -1 21630 21631 21632 -1 21633 21634 21635 -1 21636 21637 21638 -1 21639 21640 21641 -1 21642 21643 21644 -1 21645 21646 21647 -1 21648 21649 21650 -1 21651 21652 21653 -1 21654 21655 21656 -1 21657 21658 21659 -1 21660 21661 21662 -1 21663 21664 21665 -1 21666 21667 21668 -1 21669 21670 21671 -1 21672 21673 21674 -1 21675 21676 21677 -1 21678 21679 21680 -1 21681 21682 21683 -1 21684 21685 21686 -1 21687 21688 21689 -1 21690 21691 21692 -1 21693 21694 21695 -1 21696 21697 21698 -1 21699 21700 21701 -1 21702 21703 21704 -1 21705 21706 21707 -1 21708 21709 21710 -1 21711 21712 21713 -1 21714 21715 21716 -1 21717 21718 21719 -1 21720 21721 21722 -1 21723 21724 21725 -1 21726 21727 21728 -1 21729 21730 21731 -1 21732 21733 21734 -1 21735 21736 21737 -1 21738 21739 21740 -1 21741 21742 21743 -1 21744 21745 21746 -1 21747 21748 21749 -1 21750 21751 21752 -1 21753 21754 21755 -1 21756 21757 21758 -1 21759 21760 21761 -1 21762 21763 21764 -1 21765 21766 21767 -1 21768 21769 21770 -1 21771 21772 21773 -1 21774 21775 21776 -1 21777 21778 21779 -1 21780 21781 21782 -1 21783 21784 21785 -1 21786 21787 21788 -1 21789 21790 21791 -1 21792 21793 21794 -1 21795 21796 21797 -1 21798 21799 21800 -1 21801 21802 21803 -1 21804 21805 21806 -1 21807 21808 21809 -1 21810 21811 21812 -1 21813 21814 21815 -1 21816 21817 21818 -1 21819 21820 21821 -1 21822 21823 21824 -1 21825 21826 21827 -1 21828 21829 21830 -1 21831 21832 21833 -1 21834 21835 21836 -1 21837 21838 21839 -1 21840 21841 21842 -1 21843 21844 21845 -1 21846 21847 21848 -1 21849 21850 21851 -1 21852 21853 21854 -1 21855 21856 21857 -1 21858 21859 21860 -1 21861 21862 21863 -1 21864 21865 21866 -1 21867 21868 21869 -1 21870 21871 21872 -1 21873 21874 21875 -1 21876 21877 21878 -1 21879 21880 21881 -1 21882 21883 21884 -1 21885 21886 21887 -1 21888 21889 21890 -1 21891 21892 21893 -1 21894 21895 21896 -1 21897 21898 21899 -1 21900 21901 21902 -1 21903 21904 21905 -1 21906 21907 21908 -1 21909 21910 21911 -1 21912 21913 21914 -1 21915 21916 21917 -1 21918 21919 21920 -1 21921 21922 21923 -1 21924 21925 21926 -1 21927 21928 21929 -1 21930 21931 21932 -1 21933 21934 21935 -1 21936 21937 21938 -1 21939 21940 21941 -1 21942 21943 21944 -1 21945 21946 21947 -1 21948 21949 21950 -1 21951 21952 21953 -1 21954 21955 21956 -1 21957 21958 21959 -1 21960 21961 21962 -1 21963 21964 21965 -1 21966 21967 21968 -1 21969 21970 21971 -1 21972 21973 21974 -1 21975 21976 21977 -1 21978 21979 21980 -1 21981 21982 21983 -1 21984 21985 21986 -1 21987 21988 21989 -1 21990 21991 21992 -1 21993 21994 21995 -1 21996 21997 21998 -1 21999 22000 22001 -1 22002 22003 22004 -1 22005 22006 22007 -1 22008 22009 22010 -1 22011 22012 22013 -1 22014 22015 22016 -1 22017 22018 22019 -1 22020 22021 22022 -1 22023 22024 22025 -1 22026 22027 22028 -1 22029 22030 22031 -1 22032 22033 22034 -1 22035 22036 22037 -1 22038 22039 22040 -1 22041 22042 22043 -1 22044 22045 22046 -1 22047 22048 22049 -1 22050 22051 22052 -1 22053 22054 22055 -1 22056 22057 22058 -1 22059 22060 22061 -1 22062 22063 22064 -1 22065 22066 22067 -1 22068 22069 22070 -1 22071 22072 22073 -1 22074 22075 22076 -1 22077 22078 22079 -1 22080 22081 22082 -1 22083 22084 22085 -1 22086 22087 22088 -1 22089 22090 22091 -1 22092 22093 22094 -1 22095 22096 22097 -1 22098 22099 22100 -1 22101 22102 22103 -1 22104 22105 22106 -1 22107 22108 22109 -1 22110 22111 22112 -1 22113 22114 22115 -1 22116 22117 22118 -1 22119 22120 22121 -1 22122 22123 22124 -1 22125 22126 22127 -1 22128 22129 22130 -1 22131 22132 22133 -1 22134 22135 22136 -1 22137 22138 22139 -1 22140 22141 22142 -1 22143 22144 22145 -1 22146 22147 22148 -1 22149 22150 22151 -1 22152 22153 22154 -1 22155 22156 22157 -1 22158 22159 22160 -1 22161 22162 22163 -1 22164 22165 22166 -1 22167 22168 22169 -1 22170 22171 22172 -1 22173 22174 22175 -1 22176 22177 22178 -1 22179 22180 22181 -1 22182 22183 22184 -1 22185 22186 22187 -1 22188 22189 22190 -1 22191 22192 22193 -1 22194 22195 22196 -1 22197 22198 22199 -1 22200 22201 22202 -1 22203 22204 22205 -1 22206 22207 22208 -1 22209 22210 22211 -1 22212 22213 22214 -1 22215 22216 22217 -1 22218 22219 22220 -1 22221 22222 22223 -1 22224 22225 22226 -1 22227 22228 22229 -1 22230 22231 22232 -1 22233 22234 22235 -1 22236 22237 22238 -1 22239 22240 22241 -1 22242 22243 22244 -1 22245 22246 22247 -1 22248 22249 22250 -1 22251 22252 22253 -1 22254 22255 22256 -1 22257 22258 22259 -1 22260 22261 22262 -1 22263 22264 22265 -1 22266 22267 22268 -1 22269 22270 22271 -1 22272 22273 22274 -1 22275 22276 22277 -1 22278 22279 22280 -1 22281 22282 22283 -1 22284 22285 22286 -1 22287 22288 22289 -1 22290 22291 22292 -1 22293 22294 22295 -1 22296 22297 22298 -1 22299 22300 22301 -1 22302 22303 22304 -1 22305 22306 22307 -1 22308 22309 22310 -1 22311 22312 22313 -1 22314 22315 22316 -1 22317 22318 22319 -1 22320 22321 22322 -1 22323 22324 22325 -1 22326 22327 22328 -1 22329 22330 22331 -1 22332 22333 22334 -1 22335 22336 22337 -1 22338 22339 22340 -1 22341 22342 22343 -1 22344 22345 22346 -1 22347 22348 22349 -1 22350 22351 22352 -1 22353 22354 22355 -1 22356 22357 22358 -1 22359 22360 22361 -1 22362 22363 22364 -1 22365 22366 22367 -1 22368 22369 22370 -1 22371 22372 22373 -1 22374 22375 22376 -1 22377 22378 22379 -1 22380 22381 22382 -1 22383 22384 22385 -1 22386 22387 22388 -1 22389 22390 22391 -1 22392 22393 22394 -1 22395 22396 22397 -1 22398 22399 22400 -1 22401 22402 22403 -1 22404 22405 22406 -1 22407 22408 22409 -1 22410 22411 22412 -1 22413 22414 22415 -1 22416 22417 22418 -1 22419 22420 22421 -1 22422 22423 22424 -1 22425 22426 22427 -1 22428 22429 22430 -1 22431 22432 22433 -1 22434 22435 22436 -1 22437 22438 22439 -1 22440 22441 22442 -1 22443 22444 22445 -1 22446 22447 22448 -1 22449 22450 22451 -1 22452 22453 22454 -1 22455 22456 22457 -1 22458 22459 22460 -1 22461 22462 22463 -1 22464 22465 22466 -1 22467 22468 22469 -1 22470 22471 22472 -1 22473 22474 22475 -1 22476 22477 22478 -1 22479 22480 22481 -1 22482 22483 22484 -1 22485 22486 22487 -1 22488 22489 22490 -1 22491 22492 22493 -1 22494 22495 22496 -1 22497 22498 22499 -1 22500 22501 22502 -1 22503 22504 22505 -1 22506 22507 22508 -1 22509 22510 22511 -1 22512 22513 22514 -1 22515 22516 22517 -1 22518 22519 22520 -1 22521 22522 22523 -1 22524 22525 22526 -1 22527 22528 22529 -1 22530 22531 22532 -1 22533 22534 22535 -1 22536 22537 22538 -1 22539 22540 22541 -1 22542 22543 22544 -1 22545 22546 22547 -1 22548 22549 22550 -1 22551 22552 22553 -1 22554 22555 22556 -1 22557 22558 22559 -1 22560 22561 22562 -1 22563 22564 22565 -1 22566 22567 22568 -1 22569 22570 22571 -1 22572 22573 22574 -1 22575 22576 22577 -1 22578 22579 22580 -1 22581 22582 22583 -1 22584 22585 22586 -1 22587 22588 22589 -1 22590 22591 22592 -1 22593 22594 22595 -1 22596 22597 22598 -1 22599 22600 22601 -1 22602 22603 22604 -1 22605 22606 22607 -1 "
						                coordIndex="0 1 2 -1 0 2 3 -1 4 5 6 -1 4 7 5 -1 4 8 7 -1 9 8 4 -1 9 10 8 -1 9 11 10 -1 12 13 14 -1 12 6 13 -1 12 4 6 -1 15 11 9 -1 15 16 11 -1 15 17 16 -1 18 19 20 -1 18 14 19 -1 18 12 14 -1 21 22 17 -1 21 23 22 -1 21 24 23 -1 21 17 15 -1 25 26 27 -1 25 20 26 -1 25 18 20 -1 28 25 27 -1 29 30 31 -1 29 27 30 -1 29 28 27 -1 32 33 24 -1 32 34 33 -1 32 24 21 -1 35 31 36 -1 35 29 31 -1 37 34 32 -1 37 38 34 -1 39 40 38 -1 39 38 37 -1 41 36 42 -1 41 35 36 -1 43 44 40 -1 43 40 39 -1 45 42 46 -1 45 41 42 -1 47 48 44 -1 47 44 43 -1 49 46 50 -1 49 45 46 -1 51 52 48 -1 51 48 47 -1 53 49 50 -1 53 50 54 -1 55 52 51 -1 55 56 52 -1 57 53 54 -1 57 54 58 -1 59 57 58 -1 60 56 55 -1 61 57 59 -1 62 60 55 -1 62 63 60 -1 64 63 62 -1 65 61 59 -1 65 66 61 -1 67 64 62 -1 68 63 64 -1 69 66 65 -1 70 66 69 -1 71 64 67 -1 71 72 73 -1 71 67 72 -1 74 70 69 -1 74 75 70 -1 76 75 74 -1 77 71 73 -1 78 71 77 -1 79 75 76 -1 79 80 75 -1 81 80 79 -1 81 82 80 -1 83 78 77 -1 83 84 85 -1 83 77 84 -1 86 83 85 -1 87 83 86 -1 88 82 81 -1 88 89 82 -1 90 91 89 -1 90 89 88 -1 92 93 91 -1 92 91 90 -1 94 93 92 -1 94 95 93 -1 96 97 98 -1 96 99 97 -1 100 101 95 -1 100 95 94 -1 102 99 96 -1 102 83 87 -1 102 103 99 -1 102 104 103 -1 102 87 104 -1 105 102 96 -1 106 101 100 -1 106 107 101 -1 108 96 98 -1 108 98 107 -1 109 108 107 -1 109 107 106 -1 110 108 109 -1 111 112 113 -1 114 115 116 -1 114 117 115 -1 118 119 120 -1 121 122 123 -1 118 120 124 -1 125 117 114 -1 126 127 128 -1 129 119 118 -1 130 131 132 -1 130 133 131 -1 134 128 135 -1 134 126 128 -1 136 137 138 -1 139 118 124 -1 140 141 122 -1 140 122 121 -1 139 124 142 -1 143 144 145 -1 146 118 139 -1 146 129 118 -1 147 142 148 -1 147 148 149 -1 143 145 150 -1 151 152 137 -1 147 139 142 -1 153 154 155 -1 153 155 156 -1 157 133 130 -1 158 146 139 -1 158 139 147 -1 159 160 161 -1 162 149 163 -1 164 165 133 -1 159 113 160 -1 164 116 165 -1 162 158 147 -1 164 114 116 -1 164 125 114 -1 162 147 149 -1 166 167 168 -1 166 169 167 -1 170 158 162 -1 171 162 163 -1 172 132 150 -1 173 174 175 -1 171 163 176 -1 177 170 162 -1 173 178 174 -1 177 162 171 -1 179 125 164 -1 180 176 181 -1 180 171 176 -1 182 123 127 -1 180 177 171 -1 182 127 126 -1 183 138 117 -1 182 121 123 -1 183 117 125 -1 183 136 138 -1 184 177 180 -1 185 180 181 -1 185 184 180 -1 186 187 188 -1 189 151 137 -1 189 137 136 -1 190 184 185 -1 191 161 154 -1 191 154 153 -1 192 185 181 -1 193 172 150 -1 194 179 164 -1 195 126 134 -1 194 164 133 -1 196 197 119 -1 198 111 113 -1 194 133 157 -1 196 119 129 -1 198 113 159 -1 199 179 194 -1 200 168 187 -1 200 187 186 -1 200 166 168 -1 201 192 181 -1 202 140 121 -1 203 183 125 -1 202 121 182 -1 204 132 172 -1 205 190 185 -1 204 172 193 -1 205 185 192 -1 206 182 126 -1 205 192 201 -1 204 130 132 -1 206 126 195 -1 207 129 146 -1 207 196 129 -1 208 204 193 -1 209 175 141 -1 209 173 175 -1 210 188 144 -1 211 189 136 -1 211 183 203 -1 210 144 143 -1 212 205 201 -1 211 136 183 -1 213 146 158 -1 214 130 204 -1 213 158 170 -1 215 169 166 -1 214 204 208 -1 213 207 146 -1 214 157 130 -1 216 199 194 -1 217 135 112 -1 217 112 111 -1 217 134 135 -1 218 181 219 -1 218 201 181 -1 216 194 157 -1 220 212 201 -1 221 153 156 -1 221 156 222 -1 223 199 216 -1 220 201 218 -1 224 214 208 -1 225 213 170 -1 226 143 150 -1 227 193 150 -1 228 188 210 -1 228 186 188 -1 229 230 197 -1 231 202 182 -1 232 125 179 -1 229 197 196 -1 232 179 199 -1 232 203 125 -1 231 182 206 -1 233 196 207 -1 233 229 196 -1 234 211 203 -1 235 170 177 -1 235 177 184 -1 236 178 173 -1 237 232 199 -1 237 199 223 -1 238 153 221 -1 235 225 170 -1 238 191 153 -1 239 208 193 -1 240 184 190 -1 241 217 111 -1 239 193 227 -1 240 235 184 -1 242 209 141 -1 243 203 232 -1 243 232 237 -1 242 141 140 -1 244 207 213 -1 244 233 207 -1 245 206 195 -1 243 234 203 -1 244 213 225 -1 246 219 247 -1 248 222 169 -1 248 221 222 -1 246 218 219 -1 249 246 247 -1 248 169 215 -1 250 251 152 -1 249 218 246 -1 249 220 218 -1 252 231 206 -1 250 151 189 -1 252 206 245 -1 250 152 151 -1 253 134 217 -1 254 224 208 -1 255 244 225 -1 253 217 241 -1 253 195 134 -1 256 240 190 -1 254 208 239 -1 257 238 221 -1 258 225 235 -1 257 221 248 -1 258 255 225 -1 258 235 240 -1 259 178 236 -1 260 240 256 -1 260 258 240 -1 261 251 250 -1 259 262 178 -1 263 215 166 -1 264 230 229 -1 265 157 214 -1 265 216 157 -1 263 166 200 -1 266 210 143 -1 264 267 268 -1 264 268 230 -1 264 229 233 -1 269 256 190 -1 266 143 226 -1 265 214 224 -1 270 173 209 -1 271 243 237 -1 269 190 205 -1 269 205 212 -1 270 236 173 -1 272 233 244 -1 273 253 241 -1 274 237 223 -1 275 140 202 -1 274 271 237 -1 272 264 233 -1 272 267 264 -1 276 223 216 -1 275 242 140 -1 276 216 265 -1 277 269 212 -1 278 260 256 -1 279 265 224 -1 280 161 191 -1 279 276 265 -1 280 159 161 -1 281 244 255 -1 282 210 266 -1 281 272 244 -1 283 250 189 -1 281 267 272 -1 282 228 210 -1 283 189 211 -1 284 277 212 -1 285 276 279 -1 286 159 280 -1 286 198 159 -1 284 212 220 -1 287 259 236 -1 288 255 258 -1 287 236 270 -1 288 281 255 -1 289 261 250 -1 288 267 281 -1 289 250 283 -1 290 269 277 -1 291 252 245 -1 290 278 256 -1 292 111 198 -1 290 256 269 -1 293 290 277 -1 292 241 111 -1 294 227 150 -1 295 215 263 -1 296 271 274 -1 297 258 260 -1 297 267 288 -1 297 288 258 -1 298 186 228 -1 299 211 234 -1 300 260 278 -1 298 200 186 -1 299 283 211 -1 301 270 209 -1 300 297 260 -1 300 267 297 -1 302 283 299 -1 301 209 242 -1 303 277 284 -1 303 293 277 -1 304 226 150 -1 304 150 305 -1 304 266 226 -1 302 289 283 -1 306 284 220 -1 307 275 202 -1 306 220 249 -1 307 202 231 -1 308 224 254 -1 308 279 224 -1 309 267 300 -1 309 300 278 -1 309 278 290 -1 310 263 200 -1 311 239 227 -1 310 200 298 -1 311 227 294 -1 312 306 249 -1 313 195 253 -1 314 279 308 -1 313 253 273 -1 315 249 247 -1 315 312 249 -1 313 245 195 -1 314 285 279 -1 316 290 293 -1 317 273 241 -1 316 267 309 -1 317 241 292 -1 316 309 290 -1 318 223 276 -1 318 274 223 -1 318 276 285 -1 319 267 316 -1 320 270 301 -1 319 293 303 -1 320 287 270 -1 319 316 293 -1 321 313 273 -1 322 303 284 -1 323 302 299 -1 322 284 306 -1 323 299 234 -1 324 301 242 -1 325 318 285 -1 326 306 312 -1 324 242 275 -1 324 320 301 -1 326 322 306 -1 327 191 238 -1 328 267 319 -1 328 303 322 -1 328 319 303 -1 327 280 191 -1 329 231 252 -1 329 307 231 -1 330 312 315 -1 329 252 291 -1 330 326 312 -1 331 247 332 -1 333 304 305 -1 331 315 247 -1 333 266 304 -1 334 335 251 -1 334 251 261 -1 331 330 315 -1 333 282 266 -1 336 302 323 -1 337 267 328 -1 338 280 327 -1 337 322 326 -1 337 328 322 -1 338 286 280 -1 339 311 294 -1 340 330 331 -1 341 257 342 -1 341 238 257 -1 341 327 238 -1 339 294 150 -1 343 259 287 -1 344 267 337 -1 344 326 330 -1 344 337 326 -1 345 239 311 -1 346 330 340 -1 346 267 344 -1 345 254 239 -1 346 344 330 -1 347 340 331 -1 343 262 259 -1 347 331 332 -1 348 346 340 -1 349 320 324 -1 350 335 334 -1 348 267 346 -1 348 340 347 -1 351 347 332 -1 352 248 215 -1 351 267 348 -1 351 348 347 -1 352 257 248 -1 353 351 332 -1 353 267 351 -1 354 342 355 -1 356 332 267 -1 354 341 342 -1 356 353 332 -1 354 338 327 -1 357 339 150 -1 356 267 353 -1 354 327 341 -1 354 355 338 -1 358 282 359 -1 358 228 282 -1 360 334 261 -1 358 298 228 -1 361 359 282 -1 361 305 359 -1 360 261 289 -1 361 282 333 -1 362 274 318 -1 361 333 305 -1 363 364 342 -1 363 352 364 -1 362 318 325 -1 363 257 352 -1 363 342 257 -1 365 313 321 -1 365 245 313 -1 362 296 274 -1 366 323 234 -1 365 291 245 -1 367 310 298 -1 367 359 368 -1 366 243 271 -1 367 358 359 -1 367 298 358 -1 366 234 243 -1 369 311 339 -1 370 324 275 -1 370 349 324 -1 370 275 307 -1 371 329 291 -1 372 323 366 -1 372 336 323 -1 373 287 320 -1 374 334 360 -1 373 343 287 -1 374 350 334 -1 375 365 321 -1 376 263 310 -1 376 310 367 -1 376 367 368 -1 377 362 325 -1 376 295 263 -1 378 321 273 -1 379 366 271 -1 379 372 366 -1 378 273 317 -1 379 271 296 -1 380 369 339 -1 381 349 370 -1 380 339 357 -1 382 307 329 -1 383 285 314 -1 382 329 371 -1 382 381 370 -1 382 370 307 -1 383 325 285 -1 384 345 311 -1 384 311 369 -1 385 262 343 -1 385 386 262 -1 387 292 198 -1 388 372 379 -1 387 286 338 -1 387 198 286 -1 389 302 336 -1 389 289 302 -1 390 381 382 -1 389 360 289 -1 391 320 349 -1 391 373 320 -1 392 369 380 -1 392 384 369 -1 393 308 254 -1 394 343 373 -1 393 254 345 -1 394 385 343 -1 395 317 292 -1 393 345 384 -1 395 396 378 -1 395 292 387 -1 395 378 317 -1 397 374 360 -1 398 382 371 -1 398 390 382 -1 397 360 389 -1 399 396 400 -1 399 378 396 -1 401 314 308 -1 399 375 321 -1 399 400 375 -1 399 321 378 -1 402 364 352 -1 402 368 364 -1 401 308 393 -1 402 352 215 -1 402 215 295 -1 402 295 376 -1 403 389 336 -1 402 376 368 -1 404 391 349 -1 403 397 389 -1 404 349 381 -1 405 388 379 -1 405 379 296 -1 406 291 365 -1 406 371 291 -1 407 395 387 -1 407 396 395 -1 155 377 325 -1 407 355 396 -1 155 325 383 -1 407 338 355 -1 407 387 338 -1 408 409 410 -1 411 390 398 -1 412 406 365 -1 413 397 403 -1 412 365 375 -1 412 375 400 -1 414 373 391 -1 415 388 405 -1 414 394 373 -1 414 391 404 -1 416 385 394 -1 417 350 374 -1 416 386 385 -1 417 335 350 -1 418 404 381 -1 417 419 335 -1 418 381 390 -1 420 357 150 -1 420 380 357 -1 421 414 404 -1 422 336 372 -1 423 386 416 -1 422 403 336 -1 424 394 414 -1 424 416 394 -1 425 393 384 -1 426 390 411 -1 426 418 390 -1 427 393 425 -1 428 398 371 -1 427 401 393 -1 429 413 403 -1 428 371 406 -1 430 423 416 -1 430 416 424 -1 429 403 422 -1 431 400 432 -1 431 412 400 -1 431 406 412 -1 433 419 417 -1 431 428 406 -1 434 404 418 -1 434 421 404 -1 434 418 426 -1 435 411 398 -1 435 431 432 -1 435 428 431 -1 436 425 384 -1 435 398 428 -1 437 414 421 -1 436 384 392 -1 437 424 414 -1 438 374 397 -1 439 432 440 -1 439 411 435 -1 439 426 411 -1 439 435 432 -1 438 433 417 -1 441 440 442 -1 438 417 374 -1 441 434 426 -1 443 388 415 -1 441 426 439 -1 443 422 372 -1 441 439 440 -1 443 429 422 -1 444 430 424 -1 443 372 388 -1 444 424 437 -1 445 437 421 -1 446 383 314 -1 445 421 434 -1 446 314 401 -1 445 444 437 -1 446 401 427 -1 447 444 445 -1 448 425 436 -1 448 427 425 -1 449 423 430 -1 450 380 420 -1 449 451 386 -1 449 386 423 -1 452 441 442 -1 450 392 380 -1 452 434 441 -1 452 445 434 -1 452 447 445 -1 453 429 443 -1 454 451 449 -1 455 452 442 -1 456 296 362 -1 455 447 452 -1 457 458 150 -1 456 362 377 -1 456 405 296 -1 459 415 405 -1 460 449 430 -1 460 430 444 -1 461 454 449 -1 459 405 456 -1 461 449 460 -1 462 460 444 -1 463 433 438 -1 462 444 447 -1 464 461 460 -1 464 465 466 -1 464 462 465 -1 457 467 458 -1 464 460 462 -1 468 459 456 -1 469 457 150 -1 470 454 461 -1 468 456 377 -1 471 392 450 -1 471 436 392 -1 470 472 451 -1 470 451 454 -1 473 462 447 -1 473 442 465 -1 474 467 457 -1 473 465 462 -1 160 459 468 -1 473 455 442 -1 473 447 455 -1 475 461 464 -1 475 464 466 -1 476 397 413 -1 475 470 461 -1 477 472 470 -1 476 438 397 -1 477 470 475 -1 474 478 467 -1 479 453 443 -1 480 466 481 -1 480 475 466 -1 479 443 415 -1 480 477 475 -1 482 472 477 -1 482 480 481 -1 482 477 480 -1 156 383 446 -1 482 483 472 -1 156 155 383 -1 484 481 485 -1 484 483 482 -1 486 478 474 -1 135 453 479 -1 484 482 481 -1 487 457 469 -1 488 484 485 -1 488 483 484 -1 487 486 474 -1 488 489 483 -1 487 474 457 -1 490 485 491 -1 490 488 485 -1 490 489 488 -1 492 487 469 -1 493 491 408 -1 493 490 491 -1 493 489 490 -1 493 410 489 -1 493 408 410 -1 494 174 419 -1 492 469 150 -1 495 496 497 -1 494 419 433 -1 495 408 496 -1 498 446 427 -1 495 499 409 -1 495 409 408 -1 500 486 487 -1 501 497 502 -1 501 499 495 -1 501 495 497 -1 503 492 150 -1 145 420 150 -1 504 487 492 -1 504 500 487 -1 505 506 499 -1 507 463 438 -1 504 492 503 -1 505 499 501 -1 508 500 504 -1 507 438 476 -1 509 413 429 -1 509 476 413 -1 510 506 505 -1 511 501 502 -1 511 505 501 -1 509 507 476 -1 512 508 504 -1 513 502 514 -1 167 427 448 -1 167 498 427 -1 512 504 503 -1 513 510 505 -1 513 511 502 -1 513 505 511 -1 154 468 377 -1 154 377 155 -1 515 478 486 -1 515 486 500 -1 516 517 506 -1 516 506 510 -1 518 433 463 -1 515 519 478 -1 520 510 513 -1 518 494 433 -1 521 503 150 -1 520 516 510 -1 522 517 516 -1 123 507 509 -1 161 468 154 -1 161 160 468 -1 523 520 513 -1 524 522 516 -1 144 450 420 -1 524 516 520 -1 525 519 515 -1 144 420 145 -1 526 513 514 -1 526 523 513 -1 222 156 446 -1 222 446 498 -1 116 508 512 -1 527 520 523 -1 527 524 520 -1 527 523 526 -1 528 429 453 -1 529 526 514 -1 529 527 526 -1 528 509 429 -1 530 521 150 -1 187 448 436 -1 531 120 517 -1 531 517 522 -1 187 436 471 -1 532 525 515 -1 531 522 524 -1 175 494 518 -1 532 515 500 -1 138 525 532 -1 175 174 494 -1 533 531 524 -1 534 503 521 -1 534 521 530 -1 534 116 512 -1 168 448 187 -1 534 512 503 -1 124 120 531 -1 168 167 448 -1 535 524 527 -1 536 415 459 -1 165 116 534 -1 535 527 529 -1 536 479 415 -1 535 533 524 -1 188 450 144 -1 131 165 534 -1 131 534 530 -1 537 535 529 -1 188 187 471 -1 115 500 508 -1 188 471 450 -1 142 124 531 -1 169 222 498 -1 142 531 533 -1 115 508 116 -1 115 532 500 -1 148 533 535 -1 169 498 167 -1 148 535 537 -1 148 142 533 -1 122 507 123 -1 132 131 530 -1 538 537 529 -1 122 463 507 -1 132 530 150 -1 122 518 463 -1 539 538 529 -1 128 528 453 -1 117 138 532 -1 117 532 115 -1 128 453 135 -1 149 148 537 -1 540 514 219 -1 112 479 536 -1 540 539 529 -1 112 135 479 -1 540 529 514 -1 163 537 538 -1 163 538 539 -1 113 536 459 -1 113 112 536 -1 163 149 537 -1 113 459 160 -1 137 152 519 -1 137 525 138 -1 176 163 539 -1 127 509 528 -1 127 123 509 -1 137 519 525 -1 176 539 540 -1 127 528 128 -1 133 165 131 -1 181 540 219 -1 181 176 540 -1 141 518 122 -1 141 175 518 -1 541 267 542 -1 541 268 267 -1 543 544 150 -1 458 543 150 -1 5300 545 546 -1 547 545 5300 -1 4755 548 547 -1 4755 547 5300 -1 5305 4755 5300 -1 549 5305 550 -1 4753 4755 5305 -1 551 5305 549 -1 551 4753 5305 -1 552 4753 551 -1 553 554 548 -1 553 548 4755 -1 5018 553 4755 -1 555 554 553 -1 556 5014 4753 -1 556 4753 552 -1 557 558 556 -1 557 556 552 -1 4835 5637 561 -1 562 4651 5105 -1 562 5105 563 -1 4675 4651 562 -1 4783 564 565 -1 4783 565 4835 -1 4783 4835 4690 -1 5132 4835 561 -1 5132 4690 4835 -1 566 4675 562 -1 4723 567 564 -1 566 4819 4675 -1 566 4896 4819 -1 4723 564 4783 -1 5128 561 568 -1 5128 5132 561 -1 569 4896 566 -1 569 5110 4896 -1 569 4619 5110 -1 5113 570 567 -1 5113 567 4723 -1 571 4619 569 -1 571 4423 4619 -1 5485 5128 568 -1 5022 5020 4423 -1 5040 5485 568 -1 5022 4423 571 -1 4420 570 5113 -1 5566 568 572 -1 5566 5040 568 -1 5026 570 4420 -1 5096 5566 572 -1 4726 5096 572 -1 5457 4726 572 -1 4828 572 573 -1 4828 5457 572 -1 5016 5026 4420 -1 5624 4828 573 -1 563 5624 573 -1 563 4821 5624 -1 563 5312 4821 -1 563 573 574 -1 5103 5312 563 -1 5105 5103 563 -1 575 576 577 -1 578 579 580 -1 578 581 579 -1 582 581 578 -1 583 575 584 -1 585 582 578 -1 586 587 588 -1 589 587 590 -1 589 588 587 -1 5055 5059 591 -1 5055 591 592 -1 593 594 585 -1 595 596 587 -1 593 597 594 -1 593 585 578 -1 595 587 586 -1 598 592 583 -1 598 584 599 -1 4802 601 4982 -1 603 596 595 -1 598 599 604 -1 598 5055 592 -1 598 583 584 -1 605 589 590 -1 606 5055 598 -1 607 597 593 -1 608 605 590 -1 609 610 596 -1 609 596 603 -1 611 601 4802 -1 612 610 609 -1 613 614 601 -1 613 601 611 -1 615 608 590 -1 616 617 614 -1 618 615 590 -1 616 614 613 -1 619 610 612 -1 620 610 619 -1 620 617 610 -1 621 616 613 -1 622 618 590 -1 623 622 590 -1 624 625 607 -1 624 626 625 -1 624 627 626 -1 624 607 593 -1 5062 628 616 -1 629 623 590 -1 630 617 620 -1 631 616 621 -1 631 5062 616 -1 604 632 633 -1 604 633 627 -1 634 617 630 -1 604 627 624 -1 5065 5062 631 -1 580 629 590 -1 580 635 629 -1 580 636 635 -1 599 632 604 -1 580 637 636 -1 638 637 580 -1 639 638 580 -1 614 617 634 -1 576 640 577 -1 579 639 580 -1 575 577 584 -1 5694 5185 4427 -1 5694 5177 5604 -1 5694 5604 5185 -1 4850 5177 5694 -1 5165 4781 5177 -1 5165 5177 4850 -1 4836 4803 4781 -1 4836 4781 5165 -1 4985 4803 4836 -1 4985 4836 5640 -1 600 602 560 -1 600 560 559 -1 641 5230 5222 -1 641 5222 642 -1 641 642 643 -1 641 643 644 -1 645 5230 641 -1 645 641 644 -1 646 5230 645 -1 646 644 647 -1 646 645 644 -1 648 4649 5230 -1 648 5230 646 -1 648 646 647 -1 649 4649 648 -1 649 647 650 -1 649 648 647 -1 651 4649 649 -1 651 650 652 -1 651 649 650 -1 653 4411 4649 -1 653 4649 651 -1 653 651 652 -1 654 4411 653 -1 654 652 655 -1 654 653 652 -1 656 4582 4411 -1 656 4411 654 -1 656 654 655 -1 657 655 658 -1 657 656 655 -1 657 4582 656 -1 659 5639 4984 -1 659 4984 4582 -1 659 658 5639 -1 659 657 658 -1 659 4582 657 -1 660 4987 5642 -1 660 5642 661 -1 660 5068 4987 -1 662 660 661 -1 662 5068 660 -1 663 662 661 -1 663 661 664 -1 663 5068 662 -1 663 4357 5068 -1 665 663 664 -1 665 4357 663 -1 665 5091 4357 -1 666 664 667 -1 666 665 664 -1 666 5091 665 -1 668 667 669 -1 668 666 667 -1 668 4792 5091 -1 668 5091 666 -1 670 668 669 -1 670 4792 668 -1 671 4792 670 -1 671 669 672 -1 671 670 669 -1 671 672 5296 -1 671 5296 4792 -1 673 5160 5639 -1 673 5639 658 -1 674 4814 5160 -1 674 5160 673 -1 675 5591 4814 -1 675 4814 674 -1 676 5591 675 -1 677 5168 5591 -1 677 5591 676 -1 678 5642 5168 -1 678 5168 677 -1 661 5642 678 -1 679 5228 5716 -1 679 5716 5296 -1 679 5296 672 -1 679 672 680 -1 681 679 680 -1 681 5228 679 -1 682 681 680 -1 682 4657 5228 -1 682 680 683 -1 682 5228 681 -1 684 5203 4657 -1 684 682 683 -1 684 4657 682 -1 684 683 685 -1 686 684 685 -1 686 5203 684 -1 687 5203 686 -1 687 686 685 -1 687 5198 5203 -1 687 685 688 -1 689 5198 687 -1 689 687 688 -1 689 5628 5198 -1 689 688 690 -1 691 690 692 -1 691 689 690 -1 691 5628 689 -1 693 5163 5628 -1 693 691 692 -1 693 5628 691 -1 694 693 692 -1 694 5009 5163 -1 694 5163 693 -1 694 692 695 -1 696 694 695 -1 696 695 697 -1 696 5009 694 -1 698 696 697 -1 698 5174 5009 -1 698 5009 696 -1 699 698 697 -1 699 4700 5174 -1 699 5174 698 -1 699 697 700 -1 701 699 700 -1 701 4700 699 -1 702 4700 701 -1 702 701 700 -1 702 5234 4700 -1 702 700 703 -1 704 702 703 -1 704 703 705 -1 704 5234 702 -1 706 5234 704 -1 706 704 705 -1 706 5232 5234 -1 707 706 705 -1 707 5232 706 -1 707 705 708 -1 709 707 708 -1 709 5461 5232 -1 709 5232 707 -1 710 5461 709 -1 710 708 711 -1 710 709 708 -1 712 5099 5461 -1 712 5461 710 -1 712 710 711 -1 713 712 711 -1 713 711 714 -1 713 5099 712 -1 715 713 714 -1 715 5099 713 -1 715 4633 5099 -1 716 5428 4633 -1 716 4633 715 -1 716 715 714 -1 717 5428 716 -1 717 716 714 -1 717 714 718 -1 719 4868 5428 -1 719 5428 717 -1 719 718 720 -1 719 717 718 -1 721 4868 719 -1 721 719 720 -1 722 721 720 -1 722 4868 721 -1 723 5225 4868 -1 723 722 720 -1 723 720 724 -1 723 4868 722 -1 725 5225 723 -1 725 5130 5225 -1 725 723 724 -1 726 5130 725 -1 726 725 724 -1 726 724 727 -1 728 726 727 -1 728 5220 5130 -1 728 727 729 -1 728 5130 726 -1 730 728 729 -1 730 5220 728 -1 730 729 731 -1 732 4975 5220 -1 732 5220 730 -1 732 730 731 -1 733 4796 4975 -1 733 4975 732 -1 733 731 734 -1 733 732 731 -1 735 4796 733 -1 735 733 734 -1 735 734 736 -1 737 4643 4796 -1 737 4796 735 -1 737 735 736 -1 738 737 736 -1 738 4643 737 -1 738 736 739 -1 740 4643 738 -1 740 738 739 -1 740 4697 4643 -1 740 739 741 -1 742 4697 740 -1 742 740 741 -1 742 5179 4697 -1 743 742 741 -1 743 5179 742 -1 743 741 744 -1 745 743 744 -1 745 5179 743 -1 745 5193 5179 -1 746 745 744 -1 746 5193 745 -1 746 744 747 -1 748 5256 5193 -1 748 5193 746 -1 748 746 747 -1 749 5256 748 -1 749 748 747 -1 749 747 750 -1 751 4613 5256 -1 751 5256 749 -1 751 749 750 -1 752 4613 751 -1 752 751 750 -1 752 750 753 -1 754 5006 4613 -1 754 4613 752 -1 754 752 753 -1 755 5073 5006 -1 755 5006 754 -1 755 754 753 -1 756 5073 755 -1 756 755 753 -1 756 753 757 -1 758 5222 5073 -1 758 5073 756 -1 758 756 757 -1 759 5222 758 -1 759 758 757 -1 759 757 760 -1 642 5222 759 -1 642 759 760 -1 642 760 643 -1 761 762 763 -1 764 761 763 -1 765 761 764 -1 766 767 768 -1 766 768 769 -1 766 769 770 -1 766 761 765 -1 766 765 767 -1 771 772 773 -1 771 773 774 -1 4990 775 771 -1 4990 774 776 -1 4990 771 774 -1 4934 775 4990 -1 4994 777 778 -1 779 4994 778 -1 780 779 778 -1 781 4939 4994 -1 781 4994 779 -1 782 779 780 -1 4464 783 784 -1 4464 784 4824 -1 4944 785 5600 -1 4775 786 783 -1 4775 783 4464 -1 4879 787 785 -1 4996 788 5052 -1 4879 785 4944 -1 4947 789 786 -1 4947 786 4775 -1 4615 787 4879 -1 4662 788 4996 -1 4806 790 789 -1 4806 789 4947 -1 4662 791 792 -1 4667 793 787 -1 4662 792 794 -1 4667 787 4615 -1 4662 794 788 -1 4744 793 4667 -1 4903 795 790 -1 5122 791 4662 -1 4414 796 793 -1 4903 790 4806 -1 4414 793 4744 -1 5122 797 798 -1 5122 798 791 -1 4759 799 795 -1 4773 796 4414 -1 4759 795 4903 -1 4840 800 796 -1 4564 801 799 -1 5382 797 5122 -1 4840 796 4773 -1 4564 799 4759 -1 5382 802 797 -1 5252 800 4840 -1 5044 803 801 -1 5044 801 4564 -1 5588 804 800 -1 5588 800 5252 -1 4920 802 5382 -1 4920 805 806 -1 4920 806 807 -1 4920 807 802 -1 5656 804 5588 -1 4905 808 803 -1 4905 803 5044 -1 5349 5049 804 -1 5349 804 5656 -1 4890 808 4905 -1 4992 5049 5349 -1 4890 809 808 -1 4917 805 4920 -1 4917 810 811 -1 4917 811 805 -1 4886 809 4890 -1 4886 812 809 -1 4913 810 4917 -1 4913 813 810 -1 5153 814 812 -1 5153 812 4886 -1 4907 815 813 -1 4907 813 4913 -1 5632 814 5153 -1 5632 816 814 -1 4765 816 5632 -1 4765 817 816 -1 5476 818 815 -1 5476 815 4907 -1 5108 817 4765 -1 5585 819 817 -1 5585 817 5108 -1 4703 820 818 -1 4703 818 5476 -1 4970 819 5585 -1 4810 821 819 -1 4810 819 4970 -1 4720 822 820 -1 4720 820 4703 -1 5621 821 4810 -1 4687 823 822 -1 4687 822 4720 -1 4786 824 821 -1 4786 821 5621 -1 4972 824 4786 -1 4881 825 823 -1 4881 823 4687 -1 5686 826 824 -1 5686 824 4972 -1 4824 784 825 -1 4824 825 4881 -1 5479 826 5686 -1 5600 785 826 -1 5600 826 5479 -1 827 828 829 -1 827 829 830 -1 831 4435 4718 -1 832 828 827 -1 832 833 828 -1 834 835 4435 -1 834 4435 831 -1 836 4718 4498 -1 837 838 839 -1 840 841 842 -1 836 831 4718 -1 840 842 838 -1 840 838 837 -1 843 833 832 -1 844 836 4498 -1 843 839 833 -1 845 846 835 -1 845 835 834 -1 847 837 839 -1 847 839 843 -1 848 846 845 -1 849 844 4498 -1 850 846 848 -1 4502 849 4498 -1 851 852 850 -1 851 850 848 -1 853 849 4502 -1 4715 853 4502 -1 854 852 851 -1 855 854 851 -1 856 853 4715 -1 4433 856 4715 -1 857 854 855 -1 858 857 855 -1 859 856 4433 -1 860 859 4433 -1 861 857 858 -1 862 859 860 -1 863 859 862 -1 864 861 858 -1 864 858 842 -1 841 864 842 -1 830 863 862 -1 830 829 863 -1 5273 865 866 -1 5273 866 4738 -1 867 5273 548 -1 867 865 5273 -1 868 867 548 -1 5206 869 870 -1 554 870 868 -1 554 5206 870 -1 554 868 548 -1 871 869 5206 -1 872 871 5206 -1 5079 4515 4455 -1 5079 4455 5191 -1 5276 4740 873 -1 874 5276 873 -1 875 552 5276 -1 875 5276 874 -1 876 557 552 -1 876 552 875 -1 877 5209 557 -1 877 557 876 -1 878 879 5209 -1 880 878 5209 -1 880 5209 877 -1 4513 5077 5189 -1 4513 5189 4458 -1 5137 5134 881 -1 5302 5139 4957 -1 5302 4957 5000 -1 4588 5208 4394 -1 4588 5445 5037 -1 882 5445 4588 -1 882 4588 4394 -1 5140 5142 883 -1 5002 4955 5143 -1 5002 5143 5307 -1 4586 4396 5211 -1 884 4396 4586 -1 5444 4586 5032 -1 5444 884 4586 -1 5088 5286 5289 -1 4537 4558 4951 -1 4537 4951 5576 -1 4537 5576 4353 -1 4537 4353 4812 -1 4537 4812 5261 -1 4537 5659 4659 -1 4537 4659 4558 -1 5244 4625 4853 -1 5244 4853 5240 -1 5244 5659 4537 -1 5244 5240 5659 -1 4750 5291 5360 -1 5238 4537 5573 -1 5238 5573 5258 -1 4855 5698 4911 -1 4855 4911 4684 -1 5554 5245 5244 -1 4771 4537 5238 -1 5659 5360 5088 -1 5247 5554 5244 -1 5659 4750 5360 -1 4659 5289 5698 -1 4659 5088 5289 -1 4731 4537 4771 -1 4659 5698 4855 -1 4659 5659 5088 -1 5251 5247 5244 -1 5213 4537 4731 -1 4360 5244 4537 -1 4360 4537 5213 -1 4360 5251 5244 -1 5280 5284 5281 -1 5176 5237 4391 -1 5176 4391 5659 -1 5240 5176 5659 -1 4558 4659 5284 -1 4558 5284 5280 -1 5242 4558 5347 -1 5241 5219 5240 -1 5267 5242 4439 -1 5267 4558 5242 -1 4483 5241 5240 -1 4951 5267 5248 -1 4951 4558 5267 -1 4853 4483 5240 -1 884 885 5295 -1 884 5295 4396 -1 885 5214 5295 -1 886 4349 5214 -1 886 5214 885 -1 887 4979 4349 -1 887 4349 886 -1 888 4979 887 -1 889 5148 4979 -1 888 889 4979 -1 5356 890 5146 -1 5356 5146 5149 -1 5355 891 4977 -1 5355 4977 5147 -1 892 4977 891 -1 892 4347 4977 -1 892 5216 4347 -1 893 5293 5216 -1 893 5216 892 -1 894 5293 893 -1 894 882 4394 -1 894 4394 5293 -1 895 896 897 -1 895 897 898 -1 895 898 899 -1 900 896 895 -1 901 902 903 -1 901 903 896 -1 901 896 900 -1 904 902 901 -1 905 906 902 -1 905 902 904 -1 907 908 906 -1 907 906 905 -1 898 897 891 -1 898 891 890 -1 892 891 897 -1 4581 892 897 -1 4578 893 892 -1 4578 892 4581 -1 902 894 893 -1 902 893 4578 -1 899 898 890 -1 899 890 5356 -1 894 906 882 -1 902 906 894 -1 888 899 5356 -1 895 899 888 -1 882 908 5445 -1 906 908 882 -1 886 885 904 -1 4579 886 904 -1 4580 887 886 -1 4580 886 4579 -1 895 888 887 -1 895 887 4580 -1 908 907 841 -1 908 841 840 -1 905 904 885 -1 905 885 884 -1 907 905 884 -1 907 884 5444 -1 4928 4607 5689 -1 4928 5689 4967 -1 5033 4587 4630 -1 5035 5033 4630 -1 4876 4873 96 -1 4876 96 108 -1 5278 4876 108 -1 5003 5141 4956 -1 4874 5141 5003 -1 4937 4874 5003 -1 5690 4930 4969 -1 4608 4930 5690 -1 5038 5036 4631 -1 5038 4631 4589 -1 4872 5275 64 -1 4872 64 71 -1 4870 4872 71 -1 5001 4958 5136 -1 4871 4932 5001 -1 4871 5001 5136 -1 4449 4442 4967 -1 4449 4967 5689 -1 5077 4513 4442 -1 5077 4442 4449 -1 5189 5559 4458 -1 5196 782 5559 -1 5196 5559 5189 -1 779 782 5196 -1 5079 4443 4515 -1 4450 4969 4443 -1 4450 4443 5079 -1 5690 4969 4450 -1 5197 5558 772 -1 5197 772 771 -1 5191 4455 5558 -1 5191 5558 5197 -1 770 909 5298 -1 769 910 909 -1 769 909 770 -1 768 911 910 -1 768 910 769 -1 767 912 911 -1 767 911 768 -1 765 913 912 -1 765 912 767 -1 764 914 913 -1 764 913 765 -1 763 914 764 -1 915 914 763 -1 762 915 763 -1 5299 915 762 -1 916 5299 5054 -1 915 5299 916 -1 917 915 916 -1 914 915 917 -1 918 914 917 -1 913 914 918 -1 919 913 918 -1 912 913 919 -1 920 912 919 -1 911 920 921 -1 911 912 920 -1 910 921 922 -1 910 911 921 -1 909 910 922 -1 5298 922 923 -1 5298 923 5051 -1 5298 909 922 -1 924 785 787 -1 924 787 925 -1 926 785 924 -1 927 785 926 -1 826 785 927 -1 928 826 927 -1 929 824 826 -1 929 826 928 -1 930 824 929 -1 931 821 824 -1 931 824 930 -1 932 821 931 -1 933 819 821 -1 933 821 932 -1 934 819 933 -1 935 819 934 -1 817 819 935 -1 936 817 935 -1 937 816 817 -1 937 817 936 -1 938 814 816 -1 938 816 937 -1 812 814 938 -1 939 812 938 -1 809 812 939 -1 809 939 940 -1 808 809 940 -1 941 808 940 -1 803 808 941 -1 803 941 942 -1 801 803 942 -1 943 801 942 -1 799 801 943 -1 944 799 943 -1 795 799 944 -1 945 795 944 -1 790 795 945 -1 946 790 945 -1 789 790 946 -1 947 789 946 -1 786 789 947 -1 948 786 947 -1 783 786 948 -1 949 783 948 -1 784 783 949 -1 950 784 949 -1 825 784 950 -1 951 825 950 -1 823 825 951 -1 952 823 951 -1 822 823 952 -1 953 822 952 -1 820 822 953 -1 954 820 953 -1 954 818 820 -1 955 818 954 -1 815 818 955 -1 956 813 815 -1 956 815 955 -1 957 813 956 -1 810 813 957 -1 958 811 810 -1 958 810 957 -1 959 811 958 -1 805 811 959 -1 960 806 805 -1 960 805 959 -1 961 806 960 -1 807 806 961 -1 962 802 807 -1 962 807 961 -1 963 802 962 -1 797 802 963 -1 964 798 797 -1 964 797 963 -1 965 798 964 -1 791 798 965 -1 966 792 791 -1 966 791 965 -1 967 792 966 -1 794 792 967 -1 788 794 967 -1 968 5052 788 -1 968 788 967 -1 969 5052 968 -1 970 5052 969 -1 5613 5052 970 -1 971 5613 970 -1 972 5613 971 -1 4576 5613 972 -1 973 4576 972 -1 974 4576 973 -1 4843 4576 974 -1 975 4843 974 -1 976 4843 975 -1 5202 4843 976 -1 977 5202 976 -1 978 5202 977 -1 4393 5202 978 -1 979 4393 978 -1 980 4393 979 -1 5616 4393 980 -1 981 5616 980 -1 922 5616 981 -1 923 922 981 -1 982 923 981 -1 5049 923 982 -1 983 5049 982 -1 804 5049 983 -1 984 804 983 -1 800 804 984 -1 985 800 984 -1 796 800 985 -1 986 793 796 -1 986 796 985 -1 925 787 793 -1 925 793 986 -1 987 951 950 -1 988 987 950 -1 988 950 949 -1 952 951 987 -1 948 988 949 -1 989 952 987 -1 989 953 952 -1 990 988 948 -1 990 948 947 -1 954 953 989 -1 946 990 947 -1 991 955 954 -1 991 954 989 -1 992 946 945 -1 992 990 946 -1 956 955 991 -1 944 992 945 -1 993 957 956 -1 993 956 991 -1 994 944 943 -1 994 992 944 -1 995 994 943 -1 958 957 993 -1 942 995 943 -1 996 942 941 -1 996 995 942 -1 997 959 958 -1 997 958 993 -1 998 996 941 -1 960 959 997 -1 999 960 997 -1 961 960 999 -1 1000 961 999 -1 940 998 941 -1 1001 940 939 -1 1001 998 940 -1 1002 1001 939 -1 1003 961 1000 -1 962 961 1003 -1 1004 962 1003 -1 963 962 1004 -1 938 1002 939 -1 1005 1002 938 -1 1005 938 937 -1 1006 1005 937 -1 1007 963 1004 -1 964 963 1007 -1 1008 964 1007 -1 965 964 1008 -1 936 1006 937 -1 1009 1006 936 -1 1009 936 4375 -1 1010 1009 4375 -1 1011 965 1008 -1 966 965 1011 -1 934 1010 4375 -1 1012 966 1011 -1 967 966 1012 -1 1013 1010 934 -1 1013 934 933 -1 1014 1013 933 -1 1015 967 1012 -1 968 967 1015 -1 932 1014 933 -1 1016 968 1015 -1 969 968 1016 -1 1017 1014 932 -1 1017 932 931 -1 1018 1017 931 -1 1019 969 1016 -1 970 969 1019 -1 1020 970 1019 -1 971 970 1020 -1 930 1018 931 -1 1021 930 929 -1 1021 1018 930 -1 1022 1021 929 -1 1023 971 1020 -1 972 971 1023 -1 1024 972 1023 -1 973 972 1024 -1 928 1022 929 -1 1025 928 927 -1 1025 1022 928 -1 1026 1025 927 -1 1027 973 1024 -1 974 973 1027 -1 1028 974 1027 -1 975 974 1028 -1 926 1026 927 -1 1029 1026 926 -1 4640 1029 926 -1 1030 1029 4640 -1 1031 975 1028 -1 976 975 1031 -1 1032 976 1031 -1 925 1033 1030 -1 925 1030 4640 -1 977 976 1032 -1 1034 977 1032 -1 4561 977 1034 -1 1035 4561 1034 -1 979 4561 1035 -1 986 1033 925 -1 986 1036 1033 -1 1037 979 1035 -1 980 979 1037 -1 985 1036 986 -1 985 1038 1036 -1 1039 980 1037 -1 981 980 1039 -1 984 1038 985 -1 984 1040 1038 -1 1041 981 1039 -1 983 1040 984 -1 983 1042 1040 -1 983 1041 1042 -1 983 982 1041 -1 1041 982 981 -1 4608 5036 4930 -1 4631 5036 4608 -1 770 773 766 -1 774 773 770 -1 780 762 761 -1 780 778 762 -1 5035 4630 4607 -1 5035 4607 4928 -1 559 4758 600 -1 5715 4758 559 -1 5568 5218 4758 -1 5568 4758 5715 -1 5167 4858 5218 -1 5167 5218 5568 -1 4425 5187 4858 -1 4425 4858 5167 -1 5061 5024 4427 -1 5185 5061 4427 -1 5187 4425 5028 -1 5067 5187 5028 -1 5427 4860 5646 -1 5030 465 442 -1 5030 442 4761 -1 5030 502 465 -1 5260 4761 5320 -1 5260 5320 5013 -1 5260 5030 4761 -1 5260 5013 5427 -1 4753 4694 4755 -1 4693 4648 4694 -1 4693 4694 4753 -1 5646 4860 4400 -1 5646 4400 5358 -1 5646 5358 5182 -1 5646 5182 4648 -1 5646 4648 4693 -1 5031 491 485 -1 497 5184 5031 -1 497 485 481 -1 497 5031 485 -1 502 481 466 -1 502 466 465 -1 502 497 481 -1 5427 5013 4818 -1 5427 4818 4351 -1 5427 4351 4860 -1 1043 1044 1045 -1 1043 1045 1046 -1 1047 1044 1043 -1 1048 1044 1047 -1 1049 1044 1048 -1 1050 1049 1048 -1 1051 1049 1050 -1 1052 1049 1051 -1 1053 1052 1051 -1 1054 1052 1053 -1 1055 1052 1054 -1 1056 1055 1054 -1 1057 1058 1055 -1 1057 1055 1056 -1 1059 1058 1057 -1 1060 1061 1058 -1 1060 1058 1059 -1 1062 1061 1060 -1 1063 1064 1061 -1 1063 1061 1062 -1 1065 1064 1063 -1 1066 1064 1065 -1 1067 1064 1066 -1 1068 1067 1066 -1 1069 1067 1068 -1 1070 1067 1069 -1 1071 1070 1069 -1 1072 1073 1070 -1 1072 1070 1071 -1 1074 1075 1073 -1 1074 1073 1072 -1 1076 1077 1075 -1 1076 1075 1074 -1 1078 1077 1076 -1 1079 1080 1081 -1 1079 1081 1078 -1 1079 1078 1076 -1 1082 1083 1084 -1 1082 1084 1080 -1 1082 1080 1079 -1 1085 1086 1087 -1 1085 1087 1083 -1 1085 1083 1082 -1 1088 1089 1086 -1 1088 1086 1085 -1 1090 1089 1088 -1 1091 1090 1088 -1 1091 1092 1090 -1 1093 1092 1091 -1 1094 1093 1091 -1 1094 1095 1096 -1 1094 1096 1093 -1 1097 1095 1094 -1 1097 1098 1095 -1 1099 1098 1097 -1 1100 1099 1097 -1 1100 1101 1099 -1 1102 1101 1100 -1 1103 1101 1102 -1 1103 1104 1101 -1 1105 1104 1103 -1 1105 1106 1104 -1 1107 1106 1105 -1 1107 1108 1106 -1 1109 1108 1107 -1 1109 1110 1108 -1 1111 1110 1109 -1 1111 1112 1110 -1 1113 1112 1111 -1 1114 1113 1111 -1 1115 1113 1114 -1 1116 1115 1114 -1 1116 1117 1115 -1 1118 1117 1116 -1 1119 1117 1118 -1 1120 1119 1118 -1 1121 1119 1120 -1 1121 1122 1119 -1 1123 1122 1121 -1 1123 1124 1125 -1 1123 1125 1122 -1 1126 1124 1123 -1 1127 1124 1126 -1 1128 1127 1126 -1 1129 1130 1127 -1 1129 1127 1128 -1 1131 1132 1130 -1 1131 1130 1129 -1 1133 1134 1132 -1 1133 1132 1131 -1 1135 1136 1134 -1 1135 1134 1133 -1 1137 1136 1135 -1 1137 1138 1136 -1 1139 1138 1137 -1 1139 1140 1138 -1 1141 1140 1139 -1 1141 1142 1140 -1 1143 1142 1141 -1 1143 1144 1142 -1 1145 1144 1143 -1 1145 1146 1144 -1 1147 1146 1145 -1 1147 1148 1146 -1 1149 1148 1147 -1 1149 1150 1148 -1 1151 1150 1149 -1 1152 1151 1149 -1 1046 1151 1152 -1 1046 1045 1151 -1 1153 1154 1155 -1 1156 1157 1158 -1 1153 1155 1159 -1 1160 1161 1156 -1 1160 1156 1162 -1 1163 1164 1153 -1 1165 1166 1161 -1 1163 1167 1164 -1 1165 1161 1160 -1 1168 1169 1167 -1 1170 1160 1162 -1 1170 1165 1160 -1 1168 1167 1163 -1 1170 1162 1171 -1 1172 1163 1153 -1 1173 1174 1166 -1 1173 1166 1165 -1 1172 1153 1159 -1 1175 1176 1174 -1 1177 1168 1163 -1 1175 1174 1173 -1 1178 1168 1177 -1 1178 1169 1168 -1 1179 1173 1165 -1 1178 1180 1169 -1 1179 1175 1173 -1 1181 1163 1172 -1 1181 1172 1159 -1 1182 1175 1179 -1 1181 1159 1183 -1 1181 1177 1163 -1 1184 1178 1177 -1 1185 1165 1170 -1 1185 1170 1171 -1 1185 1179 1165 -1 1186 1178 1184 -1 1186 1180 1178 -1 1187 1176 1175 -1 1186 1188 1180 -1 1189 1181 1183 -1 1190 1182 1179 -1 1189 1177 1181 -1 1190 1185 1171 -1 1189 1184 1177 -1 1190 1179 1185 -1 1191 1186 1184 -1 1192 1175 1182 -1 1192 1187 1175 -1 1193 1194 1176 -1 1195 1188 1186 -1 1193 1176 1187 -1 1196 1171 1197 -1 1198 1191 1184 -1 1198 1189 1183 -1 1196 1182 1190 -1 1198 1184 1189 -1 1196 1190 1171 -1 1196 1192 1182 -1 1199 1186 1191 -1 1200 1201 1194 -1 1199 1195 1186 -1 1200 1194 1193 -1 1202 1200 1193 -1 1202 1187 1192 -1 1202 1193 1187 -1 1203 1204 1188 -1 1203 1188 1195 -1 1205 1191 1198 -1 1205 1199 1191 -1 1206 1200 1202 -1 1205 1198 1183 -1 1207 1202 1192 -1 1207 1196 1197 -1 1207 1192 1196 -1 1208 1195 1199 -1 1208 1203 1195 -1 1209 1200 1206 -1 1210 1211 1204 -1 1209 1212 1201 -1 1209 1201 1200 -1 1213 1202 1207 -1 1213 1207 1197 -1 1210 1204 1203 -1 1210 1203 1208 -1 1213 1206 1202 -1 1214 1199 1205 -1 1214 1205 1183 -1 1214 1208 1199 -1 1215 1209 1206 -1 1214 1183 1216 -1 1215 1206 1213 -1 1217 1211 1210 -1 1218 1212 1209 -1 1218 1209 1215 -1 1219 1213 1197 -1 1219 1215 1213 -1 1219 1197 1220 -1 1221 1217 1210 -1 1221 1210 1208 -1 1222 1212 1218 -1 1222 1223 1212 -1 1224 1211 1217 -1 1225 1218 1215 -1 1224 1226 1211 -1 1225 1222 1218 -1 1227 1215 1219 -1 1227 1219 1220 -1 1227 1225 1215 -1 1228 1217 1221 -1 1228 1224 1217 -1 1229 1222 1225 -1 1229 1225 1227 -1 1230 1214 1216 -1 1230 1208 1214 -1 1230 1221 1208 -1 1231 1222 1229 -1 1231 1223 1222 -1 1232 1224 1228 -1 1233 1227 1220 -1 1233 1229 1227 -1 1234 1235 1236 -1 1234 1237 1226 -1 1238 1231 1229 -1 1234 1236 1237 -1 1238 1229 1233 -1 1234 1226 1224 -1 1234 1224 1232 -1 1239 1228 1221 -1 1240 1231 1238 -1 1239 1221 1230 -1 1240 1223 1231 -1 1239 1230 1216 -1 1240 1241 1223 -1 1242 1233 1220 -1 1242 1238 1233 -1 1243 1232 1228 -1 1242 1220 1244 -1 1243 1228 1239 -1 1243 1239 1216 -1 1245 1246 1241 -1 1247 1248 1235 -1 1245 1241 1240 -1 1247 1232 1243 -1 1249 1245 1240 -1 1249 1240 1238 -1 1247 1235 1234 -1 1247 1234 1232 -1 1249 1238 1242 -1 1250 1251 1248 -1 1250 1252 1251 -1 1253 1242 1244 -1 1250 1248 1247 -1 1253 1249 1242 -1 1250 1243 1216 -1 1250 1247 1243 -1 1250 1216 1252 -1 1254 1245 1249 -1 1255 1256 1246 -1 1255 1246 1245 -1 1257 1254 1249 -1 1257 1253 1244 -1 1257 1249 1253 -1 1258 1245 1254 -1 1258 1255 1245 -1 1259 1256 1255 -1 1259 1255 1258 -1 1260 1244 1261 -1 1260 1258 1254 -1 1260 1254 1257 -1 1260 1257 1244 -1 1262 1259 1258 -1 1262 1258 1260 -1 1263 1264 1256 -1 1263 1256 1259 -1 1265 1260 1261 -1 1265 1262 1260 -1 1266 1259 1262 -1 1266 1263 1259 -1 1267 1264 1263 -1 1267 1263 1266 -1 1268 1265 1261 -1 1268 1262 1265 -1 1268 1266 1262 -1 1269 1267 1266 -1 1269 1266 1268 -1 1270 1271 1264 -1 1270 1264 1267 -1 1270 1267 1269 -1 1272 1268 1261 -1 1272 1269 1268 -1 1273 1270 1269 -1 1273 1269 1272 -1 1274 1271 1270 -1 1274 1275 1271 -1 1276 1272 1261 -1 1276 1273 1272 -1 1276 1261 1277 -1 1278 1275 1274 -1 1279 1274 1270 -1 1279 1278 1274 -1 1279 1270 1273 -1 1280 1275 1278 -1 1280 1281 1275 -1 1282 1278 1279 -1 1282 1280 1278 -1 1283 1279 1273 -1 1283 1273 1276 -1 1283 1276 1277 -1 1283 1282 1279 -1 1284 1280 1282 -1 1285 1280 1284 -1 1285 1281 1280 -1 1285 1286 1281 -1 1285 1287 1286 -1 1288 1283 1277 -1 1288 1282 1283 -1 1288 1284 1282 -1 1289 1284 1288 -1 1289 1288 1277 -1 1290 1285 1284 -1 1291 1285 1290 -1 1291 1287 1285 -1 1292 1284 1289 -1 1292 1290 1284 -1 1292 1289 1277 -1 1292 1277 1293 -1 1294 1291 1290 -1 1295 1293 1296 -1 1295 1290 1292 -1 1295 1292 1293 -1 1295 1294 1290 -1 1297 1298 1287 -1 1297 1287 1291 -1 1297 1291 1294 -1 1299 1298 1297 -1 1300 1298 1299 -1 1301 1297 1294 -1 1301 1299 1297 -1 1302 1300 1299 -1 1302 1299 1301 -1 1303 1296 1304 -1 1303 1301 1294 -1 1303 1295 1296 -1 1303 1294 1295 -1 1305 1301 1303 -1 1305 1303 1304 -1 1305 1302 1301 -1 1306 1300 1302 -1 1307 1304 1308 -1 1307 1305 1304 -1 1307 1302 1305 -1 1307 1306 1302 -1 1309 1310 1298 -1 1309 1298 1300 -1 1311 1310 1309 -1 1312 1300 1306 -1 1312 1309 1300 -1 1312 1311 1309 -1 1313 1311 1312 -1 1314 1312 1306 -1 1314 1307 1308 -1 1314 1306 1307 -1 1315 1310 1311 -1 1315 1311 1313 -1 1316 1308 1317 -1 1316 1314 1308 -1 1316 1313 1312 -1 1316 1312 1314 -1 1318 1315 1313 -1 1319 1320 1310 -1 1319 1315 1318 -1 1319 1310 1315 -1 1321 1318 1313 -1 1321 1313 1316 -1 1321 1317 1322 -1 1321 1316 1317 -1 1323 1320 1319 -1 1324 1318 1321 -1 1324 1319 1318 -1 1324 1323 1319 -1 1325 1323 1324 -1 1326 1321 1322 -1 1326 1324 1321 -1 1326 1325 1324 -1 1327 1320 1323 -1 1327 1323 1325 -1 1328 1322 1329 -1 1328 1325 1326 -1 1328 1326 1322 -1 1330 1327 1325 -1 1330 1325 1328 -1 1331 1332 1320 -1 1331 1320 1327 -1 1331 1327 1330 -1 1333 1329 1334 -1 1333 1328 1329 -1 1333 1330 1328 -1 1335 1332 1331 -1 1336 1331 1330 -1 1336 1335 1331 -1 1337 1335 1336 -1 1338 1335 1337 -1 1338 1332 1335 -1 1339 1334 1340 -1 1339 1333 1334 -1 1339 1330 1333 -1 1341 1342 1236 -1 1339 1337 1336 -1 1339 1336 1330 -1 1341 1236 1235 -1 1343 1339 1340 -1 1343 1337 1339 -1 1344 1342 1341 -1 1345 1338 1337 -1 1346 1342 1344 -1 1347 1348 1332 -1 1347 1332 1338 -1 1349 1235 1248 -1 1349 1248 1251 -1 1349 1341 1235 -1 1350 1343 1340 -1 1349 1344 1341 -1 1350 1337 1343 -1 1350 1345 1337 -1 1350 1340 1351 -1 1352 1344 1349 -1 1353 1348 1347 -1 1352 1346 1344 -1 1354 1347 1338 -1 1354 1338 1345 -1 1355 1251 1252 -1 1354 1353 1347 -1 1355 1356 1357 -1 1355 1252 1356 -1 1355 1349 1251 -1 1358 1352 1349 -1 1358 1355 1357 -1 1359 1353 1354 -1 1358 1349 1355 -1 1360 1346 1352 -1 1361 1348 1353 -1 1361 1353 1359 -1 1362 1352 1358 -1 1362 1357 1363 -1 1364 1354 1345 -1 1362 1358 1357 -1 1364 1345 1350 -1 1362 1360 1352 -1 1364 1350 1351 -1 1365 1366 1342 -1 1364 1351 1367 -1 1368 1359 1354 -1 1365 1342 1346 -1 1368 1354 1364 -1 1365 1346 1360 -1 1368 1364 1367 -1 1369 1366 1365 -1 1370 1361 1359 -1 1370 1359 1368 -1 1371 1360 1362 -1 1371 1369 1365 -1 1372 1373 1348 -1 1371 1365 1360 -1 1372 1348 1361 -1 1372 1361 1370 -1 1374 1368 1367 -1 1375 1369 1371 -1 1374 1370 1368 -1 1374 1367 1376 -1 1377 1362 1363 -1 1378 1373 1372 -1 1377 1371 1362 -1 1379 1366 1369 -1 1380 1372 1370 -1 1380 1378 1372 -1 1381 1371 1377 -1 1382 1378 1380 -1 1381 1377 1363 -1 1381 1375 1371 -1 1381 1363 1383 -1 1384 1373 1378 -1 1385 1379 1369 -1 1384 1378 1382 -1 1385 1369 1375 -1 1386 1374 1376 -1 1386 1370 1374 -1 1387 1366 1379 -1 1386 1380 1370 -1 1387 1388 1366 -1 1386 1376 1389 -1 1390 1382 1380 -1 1390 1380 1386 -1 1391 1385 1375 -1 1390 1386 1389 -1 1391 1381 1383 -1 1391 1383 1392 -1 1393 1384 1382 -1 1391 1375 1381 -1 1394 1388 1387 -1 1395 1390 1389 -1 1395 1393 1382 -1 1395 1382 1390 -1 1396 1394 1387 -1 1395 1389 1397 -1 1396 1385 1391 -1 1398 1399 1373 -1 1396 1387 1379 -1 1396 1379 1385 -1 1398 1373 1384 -1 1400 1394 1396 -1 1401 1399 1398 -1 1402 1396 1391 -1 1402 1391 1392 -1 1403 1384 1393 -1 1404 1388 1394 -1 1403 1398 1384 -1 1403 1401 1398 -1 1404 1394 1400 -1 1405 1399 1401 -1 1406 1402 1392 -1 1406 1396 1402 -1 1407 1393 1395 -1 1406 1400 1396 -1 1407 1395 1397 -1 1407 1403 1393 -1 1406 1392 1408 -1 1409 1404 1400 -1 1410 1401 1403 -1 1410 1405 1401 -1 1411 1388 1404 -1 1411 1412 1388 -1 1413 1405 1410 -1 1414 1406 1408 -1 1415 1410 1403 -1 1414 1409 1400 -1 1415 1407 1397 -1 1414 1400 1406 -1 1415 1403 1407 -1 1414 1408 1416 -1 1415 1397 1417 -1 1418 1412 1411 -1 1419 1420 1399 -1 1419 1399 1405 -1 1421 1404 1409 -1 1419 1405 1413 -1 1421 1418 1411 -1 1422 1410 1415 -1 1421 1411 1404 -1 1422 1413 1410 -1 1423 1418 1421 -1 1422 1415 1417 -1 1424 1425 1420 -1 1424 1420 1419 -1 1426 1412 1418 -1 1427 1413 1422 -1 1427 1419 1413 -1 1428 1409 1414 -1 1428 1414 1416 -1 1427 1424 1419 -1 1428 1421 1409 -1 1428 1416 1429 -1 1430 1425 1424 -1 1431 1423 1421 -1 1431 1428 1429 -1 1431 1421 1428 -1 1432 1418 1423 -1 1433 1434 1425 -1 1432 1426 1418 -1 1433 1425 1430 -1 1435 1422 1417 -1 1436 1412 1426 -1 1435 1427 1422 -1 1436 1437 1412 -1 1435 1417 1438 -1 1439 1424 1427 -1 1440 1423 1431 -1 1440 1432 1423 -1 1440 1429 1441 -1 1439 1430 1424 -1 1440 1431 1429 -1 1442 1437 1436 -1 1443 1439 1427 -1 1443 1427 1435 -1 1443 1435 1438 -1 1444 1442 1436 -1 1445 1430 1439 -1 1445 1433 1430 -1 1444 1436 1426 -1 1444 1426 1432 -1 1446 1442 1444 -1 1447 1433 1445 -1 1448 1445 1439 -1 1448 1439 1443 -1 1448 1443 1438 -1 1449 1442 1446 -1 1449 1437 1442 -1 1448 1438 1450 -1 1451 1445 1448 -1 1452 1432 1440 -1 1451 1447 1445 -1 1452 1444 1432 -1 1452 1440 1441 -1 1451 1448 1450 -1 1453 1454 1434 -1 1455 1446 1444 -1 1455 1452 1441 -1 1453 1434 1433 -1 1455 1444 1452 -1 1453 1433 1447 -1 1455 1441 1456 -1 1457 1446 1455 -1 1458 1459 1454 -1 1457 1449 1446 -1 1458 1454 1453 -1 1460 1461 1437 -1 1460 1437 1449 -1 1462 1453 1447 -1 1463 1457 1455 -1 1463 1455 1456 -1 1462 1458 1453 -1 1463 1456 1464 -1 1465 1459 1458 -1 1466 1461 1460 -1 1467 1449 1457 -1 1468 1465 1458 -1 1468 1458 1462 -1 1467 1460 1449 -1 1467 1466 1460 -1 1469 1447 1451 -1 1469 1451 1450 -1 1470 1466 1467 -1 1469 1462 1447 -1 1469 1450 1471 -1 1472 1461 1466 -1 1472 1466 1470 -1 1473 1462 1469 -1 1474 1457 1463 -1 1473 1468 1462 -1 1474 1467 1457 -1 1474 1463 1464 -1 1473 1471 1475 -1 1474 1470 1467 -1 1473 1469 1471 -1 1474 1464 1476 -1 1477 1465 1468 -1 1478 1470 1474 -1 1478 1474 1476 -1 1479 1470 1478 -1 1480 1475 1481 -1 1479 1472 1470 -1 1480 1477 1468 -1 1480 1468 1473 -1 1480 1473 1475 -1 1482 1479 1478 -1 1483 1484 1459 -1 1482 1476 1485 -1 1482 1478 1476 -1 1483 1459 1465 -1 1486 1487 1461 -1 1483 1465 1477 -1 1486 1461 1472 -1 1488 1489 1484 -1 1486 1472 1479 -1 1488 1484 1483 -1 1490 1487 1486 -1 1491 1477 1480 -1 1491 1488 1483 -1 1492 1490 1486 -1 1491 1483 1477 -1 1492 1479 1482 -1 1493 1488 1491 -1 1492 1486 1479 -1 1494 1480 1481 -1 1495 1487 1490 -1 1494 1491 1480 -1 1496 1488 1493 -1 1496 1489 1488 -1 1497 1482 1485 -1 1497 1492 1482 -1 1498 1495 1490 -1 1499 1493 1491 -1 1498 1490 1492 -1 1499 1494 1481 -1 1499 1491 1494 -1 1500 1496 1493 -1 1500 1493 1499 -1 1501 1495 1498 -1 1502 1485 1503 -1 1502 1497 1485 -1 1504 1505 1489 -1 1502 1492 1497 -1 1504 1496 1500 -1 1502 1498 1492 -1 1506 1507 1487 -1 1504 1489 1496 -1 1508 1500 1499 -1 1508 1499 1481 -1 1506 1487 1495 -1 1508 1481 1509 -1 1510 1511 1505 -1 1506 1495 1501 -1 1512 1501 1498 -1 1512 1502 1503 -1 1510 1505 1504 -1 1513 1500 1508 -1 1513 1504 1500 -1 1512 1498 1502 -1 1514 1515 1507 -1 1513 1510 1504 -1 1514 1507 1506 -1 1516 1506 1501 -1 1517 1510 1513 -1 1518 1513 1508 -1 1516 1514 1506 -1 1518 1508 1509 -1 1516 1501 1512 -1 1519 1515 1514 -1 1520 1511 1510 -1 1520 1510 1517 -1 1521 1515 1519 -1 1522 1513 1518 -1 1521 1523 1515 -1 1522 1517 1513 -1 1522 1518 1509 -1 1524 1512 1503 -1 1524 1516 1512 -1 1525 1520 1517 -1 1525 1517 1522 -1 1524 1503 1526 -1 1527 1514 1516 -1 1528 1529 1511 -1 1527 1516 1524 -1 1528 1520 1525 -1 1527 1519 1514 -1 1528 1511 1520 -1 1530 1524 1526 -1 1531 1522 1509 -1 1530 1527 1524 -1 1531 1525 1522 -1 1531 1509 1532 -1 1533 1519 1527 -1 1534 1529 1528 -1 1533 1521 1519 -1 1534 1535 1529 -1 1533 1527 1530 -1 1536 1534 1528 -1 1158 1521 1533 -1 1536 1528 1525 -1 1536 1525 1531 -1 1537 1531 1532 -1 1538 1530 1526 -1 1537 1536 1531 -1 1538 1533 1530 -1 1539 1534 1536 -1 1538 1526 1540 -1 1541 1533 1538 -1 1541 1158 1533 -1 1539 1536 1537 -1 1541 1538 1540 -1 1541 1540 1542 -1 1543 1544 1535 -1 1545 1523 1521 -1 1543 1534 1539 -1 1543 1535 1534 -1 1545 1546 1523 -1 1547 1537 1532 -1 1547 1539 1537 -1 1548 1549 1546 -1 1548 1546 1545 -1 1154 1543 1539 -1 1157 1545 1521 -1 1157 1521 1158 -1 1550 1543 1154 -1 1157 1548 1545 -1 1550 1544 1543 -1 1155 1547 1532 -1 1166 1174 1549 -1 1155 1539 1547 -1 1166 1549 1548 -1 1155 1154 1539 -1 1155 1532 1159 -1 1167 1169 1544 -1 1161 1548 1157 -1 1167 1544 1550 -1 1164 1550 1154 -1 1161 1166 1548 -1 1156 1158 1541 -1 1156 1541 1542 -1 1164 1167 1550 -1 1156 1161 1157 -1 1153 1164 1154 -1 1156 1542 1162 -1 1551 1552 1293 -1 1277 1551 1293 -1 1553 1551 1277 -1 1261 1553 1277 -1 1554 1553 1261 -1 1244 1554 1261 -1 1555 1554 1244 -1 1220 1555 1244 -1 1556 1555 1220 -1 1197 1556 1220 -1 1557 1556 1197 -1 1171 1557 1197 -1 1558 1557 1171 -1 1162 1558 1171 -1 1542 1559 1558 -1 1542 1558 1162 -1 1540 1560 1559 -1 1540 1561 1560 -1 1540 1559 1542 -1 1526 1561 1540 -1 1562 1561 1526 -1 1503 1563 1562 -1 1503 1562 1526 -1 1485 1564 1563 -1 1485 1563 1503 -1 1476 1565 1564 -1 1476 1564 1485 -1 1464 1566 1565 -1 1464 1565 1476 -1 1456 1567 1566 -1 1456 1566 1464 -1 1441 1568 1567 -1 1441 1567 1456 -1 1429 1569 1568 -1 1429 1568 1441 -1 1416 1570 1569 -1 1416 1569 1429 -1 1408 1571 1570 -1 1408 1570 1416 -1 1392 1572 1571 -1 1392 1571 1408 -1 1383 1572 1392 -1 1383 1573 1572 -1 1363 1573 1383 -1 1363 1574 1573 -1 1357 1574 1363 -1 1357 1575 1574 -1 1356 1575 1357 -1 1356 1576 1575 -1 1356 1577 1576 -1 1252 1577 1356 -1 1252 1578 1577 -1 1579 1578 1252 -1 1216 1579 1252 -1 1216 1580 1579 -1 1216 1581 1580 -1 1183 1581 1216 -1 1183 1582 1581 -1 1183 1583 1582 -1 1159 1583 1183 -1 1159 1584 1583 -1 1159 1585 1584 -1 1532 1586 1585 -1 1532 1587 1586 -1 1532 1585 1159 -1 1509 1588 1587 -1 1509 1589 1588 -1 1509 1587 1532 -1 1481 1590 1589 -1 1481 1591 1590 -1 1481 1589 1509 -1 1475 1592 1591 -1 1475 1591 1481 -1 1471 1593 1592 -1 1471 1594 1593 -1 1471 1592 1475 -1 1450 1595 1594 -1 1450 1594 1471 -1 1438 1596 1595 -1 1438 1595 1450 -1 1417 1597 1596 -1 1417 1596 1438 -1 1397 1598 1597 -1 1397 1597 1417 -1 1389 1599 1598 -1 1389 1598 1397 -1 1376 1600 1599 -1 1376 1599 1389 -1 1601 1600 1376 -1 1367 1602 1601 -1 1367 1601 1376 -1 1351 1603 1602 -1 1351 1602 1367 -1 1340 1603 1351 -1 1340 1604 1603 -1 1334 1604 1340 -1 1605 1604 1334 -1 1329 1605 1334 -1 1329 1606 1605 -1 1322 1606 1329 -1 1322 1607 1606 -1 1317 1607 1322 -1 1317 1608 1607 -1 1308 1608 1317 -1 1308 1609 1608 -1 1304 1609 1308 -1 1304 1610 1609 -1 1296 1610 1304 -1 1296 1611 1610 -1 1293 1611 1296 -1 1293 1552 1611 -1 1459 1544 1211 -1 1459 1511 1544 -1 1459 1484 1489 -1 1437 1388 1412 -1 1459 1211 1487 -1 1459 1487 1549 -1 1459 1489 1511 -1 1275 1549 1241 -1 1275 1241 1256 -1 1275 1256 1264 -1 1275 1264 1271 -1 1342 1366 1388 -1 1487 1437 1461 -1 1487 1388 1437 -1 1487 1342 1388 -1 1515 1487 1507 -1 1287 1275 1281 -1 1287 1281 1286 -1 1523 1487 1515 -1 1399 1459 1549 -1 1399 1420 1425 -1 1399 1425 1434 -1 1399 1434 1454 -1 1399 1454 1459 -1 1399 1549 1275 -1 1298 1399 1275 -1 1226 1237 1236 -1 1298 1275 1287 -1 1546 1487 1523 -1 1348 1373 1399 -1 1211 1236 1342 -1 1211 1226 1236 -1 1320 1298 1310 -1 1211 1342 1487 -1 1320 1399 1298 -1 1320 1348 1399 -1 1332 1348 1320 -1 1549 1487 1546 -1 1188 1204 1211 -1 1176 1549 1174 -1 1180 1188 1211 -1 1201 1176 1194 -1 1201 1549 1176 -1 1544 1169 1180 -1 1544 1180 1211 -1 1529 1535 1544 -1 1241 1549 1201 -1 1241 1201 1212 -1 1241 1212 1223 -1 1511 1529 1544 -1 1256 1241 1246 -1 1489 1505 1511 -1 1552 1612 1613 -1 1551 1612 1552 -1 1551 1614 1615 -1 1551 1615 1616 -1 1551 1616 1612 -1 1553 1614 1551 -1 1553 1617 1618 -1 1553 1618 1614 -1 1554 1619 1620 -1 1554 1617 1553 -1 1554 1620 1617 -1 1555 1621 1622 -1 1555 1622 1619 -1 1555 1619 1554 -1 1556 1623 1624 -1 1556 1624 1621 -1 1556 1621 1555 -1 1557 1625 1626 -1 1557 1626 1623 -1 1557 1623 1556 -1 1558 1627 1625 -1 1558 1625 1557 -1 1559 1628 1629 -1 1559 1629 1627 -1 1559 1627 1558 -1 1560 1628 1559 -1 1561 1630 1631 -1 1561 1631 1628 -1 1561 1628 1560 -1 1562 1632 1630 -1 1562 1630 1561 -1 1563 1633 1632 -1 1563 1632 1562 -1 1564 1634 1633 -1 1564 1633 1563 -1 1565 1635 1634 -1 1565 1634 1564 -1 1566 1636 1635 -1 1566 1635 1565 -1 1567 1636 1566 -1 1567 1637 1636 -1 1568 1637 1567 -1 1568 1638 1637 -1 1569 1638 1568 -1 1569 1639 1638 -1 1570 1640 1639 -1 1570 1639 1569 -1 1571 1640 1570 -1 1571 1641 1640 -1 1572 1642 1641 -1 1572 1641 1571 -1 1573 1643 1642 -1 1573 1642 1572 -1 1574 1644 1643 -1 1574 1643 1573 -1 1575 1645 1644 -1 1575 1644 1574 -1 1576 1646 1645 -1 1576 1645 1575 -1 1577 1646 1576 -1 1578 1647 1648 -1 1578 1648 1646 -1 1578 1646 1577 -1 1579 1647 1578 -1 1580 1649 1647 -1 1580 1647 1579 -1 1581 1650 1649 -1 1581 1649 1580 -1 1582 1650 1581 -1 1583 1651 1650 -1 1583 1650 1582 -1 1584 1651 1583 -1 1585 1652 1651 -1 1585 1651 1584 -1 1586 1652 1585 -1 1587 1653 1652 -1 1587 1652 1586 -1 1588 1653 1587 -1 1589 1654 1653 -1 1589 1653 1588 -1 1590 1654 1589 -1 1591 1655 1654 -1 1591 1654 1590 -1 1592 1655 1591 -1 1593 1655 1592 -1 1594 1656 1655 -1 1594 1655 1593 -1 1595 1656 1594 -1 1596 1657 1656 -1 1596 1656 1595 -1 1597 1658 1657 -1 1597 1657 1596 -1 1598 1658 1597 -1 1659 1658 1598 -1 1599 1659 1598 -1 1600 1659 1599 -1 1660 1659 1600 -1 1601 1660 1600 -1 1602 1660 1601 -1 1603 1661 1660 -1 1603 1660 1602 -1 1604 1661 1603 -1 1605 1662 1661 -1 1605 1661 1604 -1 1606 1662 1605 -1 1663 1662 1606 -1 1607 1663 1606 -1 1608 1663 1607 -1 1664 1663 1608 -1 1609 1664 1608 -1 1610 1664 1609 -1 1611 1613 1664 -1 1611 1664 1610 -1 1552 1613 1611 -1 4461 5725 4524 -1 4562 5725 4461 -1 5666 4461 4524 -1 5627 4524 4447 -1 5627 5666 4524 -1 4448 4844 5725 -1 4448 5725 4562 -1 4369 4844 4448 -1 5117 4447 4714 -1 5117 5627 4447 -1 5610 5117 4714 -1 4368 4527 4844 -1 4368 4844 4369 -1 4884 4527 4368 -1 4671 4714 4521 -1 4671 5610 4714 -1 4548 4671 4521 -1 4367 4528 4527 -1 4367 4527 4884 -1 5593 4528 4367 -1 5648 4521 4682 -1 5648 4548 4521 -1 4373 5648 4682 -1 4385 4373 4682 -1 4416 4419 4528 -1 4416 4528 5593 -1 5705 4419 4416 -1 5369 5043 4419 -1 5369 4419 5705 -1 4696 4682 4519 -1 4696 4385 4682 -1 4374 4519 5603 -1 4374 4696 4519 -1 4365 5043 5369 -1 5345 4374 5603 -1 4902 5043 4365 -1 4376 5345 4512 -1 4376 4374 5345 -1 4431 4376 4512 -1 4638 4902 4365 -1 4511 4431 4512 -1 4571 4431 4511 -1 4468 4902 4638 -1 5279 4571 4511 -1 4377 4571 5279 -1 4364 4468 4638 -1 4509 4377 5279 -1 4378 4377 4509 -1 4961 4468 4364 -1 4408 4378 4509 -1 5392 4378 4408 -1 4568 4961 4364 -1 4508 4462 5392 -1 4508 5392 4408 -1 4674 4961 4568 -1 4611 4462 4508 -1 4398 4462 4611 -1 4363 4674 4568 -1 4410 4398 4611 -1 4523 4398 4410 -1 5288 4674 4363 -1 4642 4523 4410 -1 4379 4523 4642 -1 4926 5288 4363 -1 4506 4379 4642 -1 5683 4379 4506 -1 4473 5288 4926 -1 4497 5683 4506 -1 4867 5683 4497 -1 4665 4473 4926 -1 4712 4867 4497 -1 4712 5012 4867 -1 4636 4473 4665 -1 5359 5012 4712 -1 5359 4487 5012 -1 4475 4636 4665 -1 4471 4475 4665 -1 4418 4487 5359 -1 4418 4417 4487 -1 4476 4475 4471 -1 5085 4417 4418 -1 5085 5452 4417 -1 4478 4471 5250 -1 4478 4476 4471 -1 5172 5452 5085 -1 4585 5250 4730 -1 4585 4478 5250 -1 4950 4585 4730 -1 4722 5452 5172 -1 4492 5452 4722 -1 4492 5514 5452 -1 4606 4730 5615 -1 4606 4950 4730 -1 4482 4606 5615 -1 4777 5514 4492 -1 5617 4517 5514 -1 5617 5514 4777 -1 5075 5615 5608 -1 5075 4482 5615 -1 4485 5075 5608 -1 4488 4517 5617 -1 4679 4517 4488 -1 4679 4362 4517 -1 4849 5608 4362 -1 4849 4485 5608 -1 5243 4362 4679 -1 5243 4849 4362 -1 1665 1666 1667 -1 1665 1667 1668 -1 1669 1670 1671 -1 1672 1673 1674 -1 1675 1669 1671 -1 1675 1676 1677 -1 1672 1668 1673 -1 1675 1671 1676 -1 1678 1669 1675 -1 1679 1665 1668 -1 1679 1668 1672 -1 1680 1675 1677 -1 1681 1674 1682 -1 1681 1672 1674 -1 1680 1677 1683 -1 1684 1678 1675 -1 1684 1675 1680 -1 1685 1683 1686 -1 1687 1679 1672 -1 1685 1680 1683 -1 1687 1672 1681 -1 1685 5688 4551 -1 1688 1682 1689 -1 1685 4551 4550 -1 1688 1689 4560 -1 1685 1686 5688 -1 1688 1681 1682 -1 1688 4560 4601 -1 1690 1691 1692 -1 1693 1666 1665 -1 1690 1692 1669 -1 1694 1684 1680 -1 1695 4601 4540 -1 1694 1685 4550 -1 1695 1688 4601 -1 1694 1680 1685 -1 1695 1687 1681 -1 1696 1697 1691 -1 1695 1681 1688 -1 1698 1699 1666 -1 1696 1691 1690 -1 1698 1666 1693 -1 1700 1669 1678 -1 1701 1665 1679 -1 1700 1690 1669 -1 1701 1693 1665 -1 1702 1696 1690 -1 1702 1690 1700 -1 1703 1698 1693 -1 1703 1693 1701 -1 1704 1678 1684 -1 1705 1679 1687 -1 1704 1700 1678 -1 1705 1701 1679 -1 1706 1702 1700 -1 1706 1700 1704 -1 1707 1703 1701 -1 1707 1701 1705 -1 1708 1694 4550 -1 1709 4540 4545 -1 1708 1704 1684 -1 1709 1695 4540 -1 1708 4550 5527 -1 1709 1687 1695 -1 1709 1705 1687 -1 1708 1684 1694 -1 1710 1697 1696 -1 1710 1711 1697 -1 1710 1696 1702 -1 1712 1699 1698 -1 1712 1698 1703 -1 1713 1704 1708 -1 1714 4545 4546 -1 1713 1706 1704 -1 1714 4546 4549 -1 1714 1709 4545 -1 1713 1708 5527 -1 1714 1707 1705 -1 1713 5527 4547 -1 1714 1705 1709 -1 1713 4547 4544 -1 1715 1702 1706 -1 1715 1710 1702 -1 1716 1703 1707 -1 1716 1712 1703 -1 1717 1718 1699 -1 1719 1711 1710 -1 1719 1720 1711 -1 1717 1699 1712 -1 1721 1716 1707 -1 1722 1715 1706 -1 1722 1706 1713 -1 1721 1707 1714 -1 1723 1717 1712 -1 1724 1710 1715 -1 1723 1712 1716 -1 1724 1719 1710 -1 1725 1713 4544 -1 1726 1721 1714 -1 1725 1722 1713 -1 1726 1714 4549 -1 1727 1716 1721 -1 1727 1723 1716 -1 1728 1715 1722 -1 1728 1724 1715 -1 1729 1730 1720 -1 1731 1718 1717 -1 1729 1720 1719 -1 1732 4549 4366 -1 1732 1727 1721 -1 1733 1725 4544 -1 1732 1721 1726 -1 1733 1728 1722 -1 1732 1726 4549 -1 1733 1722 1725 -1 1733 4544 5008 -1 1734 1717 1723 -1 1735 1729 1719 -1 1734 1731 1717 -1 1735 1719 1724 -1 1736 1737 1718 -1 1736 1718 1731 -1 1738 1730 1729 -1 1738 1739 1730 -1 1738 1740 1739 -1 1741 1723 1727 -1 1741 1734 1723 -1 1742 1735 1724 -1 1742 1724 1728 -1 1743 1731 1734 -1 1743 1736 1731 -1 1744 1738 1729 -1 1745 1732 4366 -1 1745 4366 5630 -1 1744 1729 1735 -1 1745 1727 1732 -1 1745 1741 1727 -1 1746 1728 1733 -1 1746 1733 5008 -1 1746 1742 1728 -1 1746 5008 5004 -1 1747 1734 1741 -1 1747 1743 1734 -1 1748 1735 1742 -1 1749 1737 1736 -1 1748 1744 1735 -1 1749 1736 1743 -1 1750 5630 4553 -1 1751 1740 1738 -1 1750 4553 5685 -1 1750 1745 5630 -1 1750 1741 1745 -1 1750 1747 1741 -1 1752 1742 1746 -1 1752 5004 5311 -1 1752 1746 5004 -1 1752 1748 1742 -1 1753 1743 1747 -1 1754 1751 1738 -1 1753 1749 1743 -1 1755 1756 1737 -1 1754 1738 1744 -1 1755 1737 1749 -1 1757 1740 1751 -1 1758 1747 1750 -1 1757 1759 1740 -1 1758 1753 1747 -1 1760 1749 1753 -1 1761 1754 1744 -1 1760 1755 1749 -1 1761 1744 1748 -1 1762 1750 5685 -1 1762 1758 1750 -1 1763 1751 1754 -1 1764 1753 1758 -1 1763 1757 1751 -1 1764 1760 1753 -1 1765 1761 1748 -1 1765 5311 4594 -1 1765 1752 5311 -1 1765 1748 1752 -1 1766 1756 1755 -1 1766 1755 1760 -1 1767 1763 1754 -1 1768 1769 1756 -1 1767 1754 1761 -1 1770 1759 1757 -1 1770 1757 1763 -1 1768 1756 1766 -1 1771 5685 4555 -1 1770 1772 1759 -1 1771 1762 5685 -1 1771 1758 1762 -1 1771 1764 1758 -1 1773 1772 1770 -1 1773 1774 1772 -1 1775 1760 1764 -1 1775 1766 1760 -1 1776 1761 1765 -1 1775 1768 1766 -1 1776 1767 1761 -1 1776 1765 4594 -1 1776 4594 4692 -1 1777 5679 1769 -1 1777 1769 1768 -1 1777 1768 1775 -1 1778 1770 1763 -1 1779 1764 1771 -1 1779 1775 1764 -1 1778 1763 1767 -1 1780 1770 1778 -1 1780 1773 1770 -1 1781 5679 1777 -1 1781 1777 1775 -1 1781 1775 1779 -1 1782 4555 4556 -1 1783 1767 1776 -1 1783 1778 1767 -1 1782 1771 4555 -1 1782 1779 1771 -1 1784 4556 5047 -1 1785 1773 1780 -1 1784 5047 5679 -1 1785 1774 1773 -1 1784 5679 1781 -1 1784 1782 4556 -1 1784 1781 1779 -1 1784 1779 1782 -1 1786 1780 1778 -1 1786 1778 1783 -1 1787 1776 4692 -1 1787 1783 1776 -1 1787 4692 4535 -1 1787 4535 4534 -1 1788 1785 1780 -1 1788 1780 1786 -1 1789 1785 1788 -1 1789 1774 1785 -1 1789 1790 1774 -1 1791 1783 1787 -1 1791 1786 1783 -1 1791 1787 4534 -1 1792 1786 1791 -1 1792 1788 1786 -1 1793 1789 1788 -1 1794 1791 4534 -1 1794 1792 1791 -1 1794 4534 5678 -1 1795 1788 1792 -1 1795 1793 1788 -1 1796 1797 1790 -1 1796 1790 1789 -1 1798 1792 1794 -1 1798 1794 5678 -1 1798 1795 1792 -1 1799 1789 1793 -1 1799 1796 1789 -1 1800 1801 1797 -1 1800 1797 1796 -1 1802 1793 1795 -1 1802 1799 1793 -1 1803 1796 1799 -1 1803 1800 1796 -1 1804 1795 1798 -1 1804 1798 5678 -1 1804 1802 1795 -1 1804 5678 5522 -1 1805 1799 1802 -1 1805 1803 1799 -1 1806 1807 1801 -1 1806 1800 1803 -1 1806 1801 1800 -1 1808 1802 1804 -1 1808 1804 5522 -1 1808 1805 1802 -1 1809 1803 1805 -1 1809 1806 1803 -1 1810 1811 1807 -1 1810 1807 1806 -1 1812 1805 1808 -1 1812 1809 1805 -1 1813 1806 1809 -1 1813 1810 1806 -1 1814 1812 1808 -1 1814 5522 4531 -1 1814 1808 5522 -1 1815 1813 1809 -1 1815 1809 1812 -1 1816 1811 1810 -1 1816 1817 1811 -1 1816 1818 1817 -1 1816 1810 1813 -1 1819 1814 4531 -1 1819 1815 1812 -1 1819 1812 1814 -1 1820 1813 1815 -1 1820 1816 1813 -1 1821 1818 1816 -1 1821 1816 1820 -1 1822 1815 1819 -1 1822 1820 1815 -1 1823 1821 1820 -1 1824 1822 1819 -1 1824 4531 4530 -1 1824 1819 4531 -1 1825 1820 1822 -1 1825 1823 1820 -1 1826 1818 1821 -1 1826 1827 1818 -1 1828 1822 1824 -1 1828 1824 4530 -1 1828 1825 1822 -1 1829 1826 1821 -1 1829 1821 1823 -1 1830 1827 1826 -1 1830 1831 1827 -1 1832 1823 1825 -1 1832 1829 1823 -1 1833 1826 1829 -1 1833 1830 1826 -1 1834 1828 4530 -1 1834 1825 1828 -1 1834 1832 1825 -1 1834 4530 4736 -1 1835 1829 1832 -1 1835 1833 1829 -1 1836 1831 1830 -1 1836 1837 1831 -1 1838 1835 1832 -1 1838 1832 1834 -1 1839 1840 1769 -1 1838 1834 4736 -1 1839 1841 1840 -1 1842 1830 1833 -1 1842 1836 1830 -1 1843 1839 1769 -1 1844 1837 1836 -1 1845 1843 1769 -1 1844 1846 1837 -1 1844 1836 1842 -1 1845 1769 5679 -1 1847 1833 1835 -1 1848 1845 5679 -1 1848 5679 4557 -1 1847 1842 1833 -1 1849 1850 1841 -1 1849 1839 1843 -1 1851 1842 1847 -1 1851 1844 1842 -1 1849 1841 1839 -1 1852 1843 1845 -1 1853 1835 1838 -1 1853 1838 4736 -1 1853 1847 1835 -1 1852 1849 1843 -1 1854 1852 1845 -1 1853 4736 5653 -1 1855 1851 1847 -1 1854 1845 1848 -1 1855 1847 1853 -1 1856 1854 1848 -1 1857 1858 1846 -1 1856 4557 4445 -1 1857 1846 1844 -1 1856 1848 4557 -1 1859 1849 1852 -1 1860 1853 5653 -1 1860 1855 1853 -1 1859 1850 1849 -1 1861 1857 1844 -1 1861 1844 1851 -1 1862 1859 1852 -1 1863 1862 1852 -1 1863 1852 1854 -1 1864 1865 1858 -1 1864 1866 1865 -1 1864 1858 1857 -1 1867 1854 1856 -1 1867 1863 1854 -1 1867 4445 5562 -1 1868 1851 1855 -1 1867 1856 4445 -1 1868 1861 1851 -1 1869 1870 1850 -1 1869 1871 1870 -1 1872 1857 1861 -1 1869 1850 1859 -1 1872 1864 1857 -1 1873 1869 1859 -1 1874 1860 5653 -1 1874 1868 1855 -1 1873 1859 1862 -1 1874 1855 1860 -1 1874 5653 4733 -1 1875 1862 1863 -1 1875 1873 1862 -1 1876 1861 1868 -1 1876 1872 1861 -1 1877 5562 5090 -1 1878 1879 1866 -1 1878 1866 1864 -1 1877 1863 1867 -1 1877 1875 1863 -1 1878 1864 1872 -1 1877 1867 5562 -1 1880 1868 1874 -1 1881 1871 1869 -1 1880 1874 4733 -1 1880 1876 1868 -1 1882 1881 1869 -1 1883 1878 1872 -1 1882 1869 1873 -1 1884 1879 1878 -1 1885 1872 1876 -1 1886 1882 1873 -1 1885 1883 1872 -1 1886 1873 1875 -1 1887 1877 5090 -1 1887 1875 1877 -1 1887 1886 1875 -1 1887 5090 5519 -1 1888 1884 1878 -1 1888 1878 1883 -1 1889 1881 1882 -1 1889 1890 1871 -1 1891 1880 4733 -1 1889 1871 1881 -1 1891 1876 1880 -1 1891 1885 1876 -1 1891 4733 4637 -1 1892 1882 1886 -1 1893 1888 1883 -1 1893 1883 1885 -1 1892 1889 1882 -1 1894 1886 1887 -1 1895 1879 1884 -1 1894 1892 1886 -1 1895 1896 1879 -1 1897 1887 5519 -1 1897 5519 4655 -1 1898 1893 1885 -1 1897 1894 1887 -1 1898 1885 1891 -1 1898 1891 4637 -1 1899 1900 1890 -1 1901 1902 1896 -1 1901 1896 1895 -1 1899 1890 1889 -1 1903 1889 1892 -1 1904 1884 1888 -1 1903 1899 1889 -1 1904 1895 1884 -1 1905 1902 1901 -1 1906 1892 1894 -1 1905 1907 1902 -1 1906 1903 1892 -1 1908 1906 1894 -1 1908 4655 5212 -1 1909 1895 1904 -1 1908 1897 4655 -1 1908 1894 1897 -1 1910 1911 1900 -1 1909 1901 1895 -1 1910 1900 1899 -1 1912 1904 1888 -1 1912 1888 1893 -1 1913 1914 1911 -1 1915 1907 1905 -1 1913 1911 1910 -1 1916 1910 1899 -1 1917 1905 1901 -1 1917 1901 1909 -1 1916 1899 1903 -1 1918 1909 1904 -1 1919 1910 1916 -1 1918 1904 1912 -1 1919 1913 1910 -1 1920 1893 1898 -1 1920 1898 4637 -1 1921 1916 1903 -1 1920 1912 1893 -1 1920 4637 5083 -1 1921 1903 1906 -1 1922 1915 1905 -1 1922 1905 1917 -1 1923 1909 1918 -1 1924 1916 1921 -1 1923 1917 1909 -1 1924 1919 1916 -1 1925 1908 5212 -1 1925 1906 1908 -1 1925 1921 1906 -1 1926 1918 1912 -1 1926 1912 1920 -1 1925 5212 4706 -1 1926 1920 5083 -1 1927 1925 4706 -1 1927 1921 1925 -1 1926 5083 4878 -1 1927 1924 1921 -1 1928 1922 1917 -1 1927 4706 4346 -1 1928 1917 1923 -1 1929 1930 1914 -1 1929 1914 1913 -1 1931 1918 1926 -1 1931 1923 1918 -1 1931 1926 4878 -1 1932 1907 1915 -1 1933 1913 1919 -1 1932 1934 1907 -1 1932 1915 1922 -1 1933 1929 1913 -1 1935 1928 1923 -1 1936 1937 1930 -1 1935 1923 1931 -1 1935 1931 4878 -1 1936 1930 1929 -1 1935 4878 4795 -1 1938 1922 1928 -1 1938 1932 1922 -1 1939 1919 1924 -1 1939 1933 1919 -1 1940 1941 1934 -1 1940 1934 1932 -1 1940 1932 1938 -1 1942 1936 1929 -1 1942 1929 1933 -1 1943 1928 1935 -1 1943 1938 1928 -1 1944 1939 1924 -1 1944 1927 4346 -1 1944 4346 4432 -1 1945 1940 1938 -1 1944 1924 1927 -1 1946 1942 1933 -1 1947 1935 4795 -1 1946 1933 1939 -1 1947 1943 1935 -1 1948 1949 1937 -1 1950 1938 1943 -1 1948 1951 1949 -1 1950 1945 1938 -1 1948 1937 1936 -1 1952 1941 1940 -1 1953 1939 1944 -1 1953 1946 1939 -1 1953 1944 4432 -1 1953 4432 4799 -1 1954 1947 4795 -1 1954 1950 1943 -1 1954 4795 4533 -1 1954 1943 1947 -1 1955 1936 1942 -1 1956 1940 1945 -1 1956 1952 1940 -1 1955 1948 1936 -1 1957 1951 1948 -1 1957 1948 1955 -1 1958 1959 1941 -1 1960 1942 1946 -1 1958 1941 1952 -1 1960 1955 1942 -1 1961 1956 1945 -1 1961 1945 1950 -1 1962 1957 1955 -1 1963 1946 1953 -1 1964 1958 1952 -1 1963 1953 4799 -1 1963 1960 1946 -1 1964 1952 1956 -1 1963 4799 4743 -1 1965 1954 4533 -1 1965 1961 1950 -1 1966 1962 1955 -1 1965 4533 4536 -1 1965 1950 1954 -1 1966 1955 1960 -1 1967 1956 1961 -1 1968 1969 1951 -1 1967 1964 1956 -1 1968 1951 1957 -1 1970 1959 1958 -1 1970 1958 1964 -1 1971 1960 1963 -1 1971 1966 1960 -1 1971 4743 4963 -1 1971 1963 4743 -1 1972 1967 1961 -1 1972 1965 4536 -1 1676 1973 1969 -1 1972 4536 4539 -1 1676 1670 1973 -1 1676 1969 1968 -1 1972 1961 1965 -1 1673 1667 1959 -1 1673 1959 1970 -1 1974 1968 1957 -1 1974 1957 1962 -1 1975 1970 1964 -1 1975 1964 1967 -1 1677 1676 1968 -1 1674 1970 1975 -1 1677 1968 1974 -1 1674 1673 1970 -1 1976 1962 1966 -1 1977 1975 1967 -1 1977 1967 1972 -1 1976 1974 1962 -1 1682 1674 1975 -1 1682 1975 1977 -1 1683 1677 1974 -1 1683 1974 1976 -1 1978 1966 1971 -1 1978 4963 4382 -1 1979 1972 4539 -1 1979 1977 1972 -1 1978 1971 4963 -1 1978 1976 1966 -1 1979 4539 5670 -1 1671 1670 1676 -1 1668 1667 1673 -1 1689 1977 1979 -1 1686 4382 5688 -1 1689 1682 1977 -1 1686 1978 4382 -1 1689 1979 5670 -1 1689 5670 4560 -1 1686 1683 1976 -1 1686 1976 1978 -1 1669 1692 1670 -1 4525 4857 5723 -1 5339 4729 5647 -1 4629 5334 4525 -1 4526 5334 4629 -1 5631 4729 5339 -1 5171 4522 5631 -1 5318 5173 4526 -1 4617 4522 5171 -1 5344 4617 5171 -1 5344 4572 4617 -1 4612 5619 4924 -1 5713 4572 5344 -1 5094 5619 4612 -1 4520 4572 5713 -1 5005 4520 5713 -1 5662 4520 5005 -1 5264 5265 5094 -1 5354 5662 5005 -1 4772 5662 5354 -1 5611 5265 5264 -1 5561 4678 4772 -1 5561 4772 5354 -1 5039 5611 5264 -1 4895 4678 5561 -1 4518 4678 4895 -1 4474 5611 5039 -1 4592 4518 4895 -1 4463 4474 5039 -1 5363 4518 4592 -1 4350 4518 5363 -1 4749 4474 4463 -1 5497 4350 5363 -1 4469 4749 4463 -1 4355 4350 5497 -1 4510 4350 4355 -1 4735 4749 4469 -1 5614 4510 4355 -1 4470 4735 4469 -1 4737 4510 5614 -1 5606 4510 4737 -1 4639 4735 4470 -1 5151 5606 4737 -1 4472 4639 4470 -1 4628 5606 5151 -1 4507 5606 4628 -1 4529 4639 4472 -1 4388 4507 4628 -1 5283 4529 4472 -1 5315 4507 4388 -1 5675 4507 5315 -1 5317 5675 5315 -1 4966 5575 5283 -1 5319 5675 5317 -1 4577 5675 5319 -1 4866 5620 4966 -1 5584 4577 5319 -1 4813 5620 4866 -1 5664 4577 5584 -1 5263 4577 5664 -1 5266 5263 5664 -1 5352 4813 4477 -1 4672 5352 4477 -1 5343 5352 4672 -1 4710 5263 5266 -1 5565 4710 5266 -1 4495 4710 5565 -1 4479 5342 5343 -1 4479 5343 4672 -1 5325 4495 5565 -1 4707 5342 4479 -1 4481 4707 4479 -1 5594 4495 5325 -1 5326 5594 5325 -1 4493 5594 5326 -1 4574 4707 4481 -1 5607 4574 4481 -1 5596 4493 5326 -1 4399 4574 5607 -1 4441 4399 5607 -1 4491 4493 5596 -1 5327 4491 5596 -1 4489 4491 5327 -1 4673 4399 4441 -1 5410 4673 4441 -1 5329 4489 5327 -1 4566 4673 5410 -1 4484 4566 5410 -1 4626 4489 5329 -1 5330 4626 5329 -1 4742 4626 5330 -1 4632 4484 5669 -1 4632 4566 4484 -1 5635 4573 4742 -1 5635 4742 5330 -1 5332 5669 4573 -1 5332 4573 5635 -1 5332 4632 5669 -1 5352 5620 4813 -1 5620 5575 4966 -1 5575 4529 5283 -1 5265 5619 5094 -1 5619 5173 4924 -1 4924 5173 5318 -1 5173 5334 4526 -1 5334 4857 4525 -1 5570 5339 5647 -1 5339 5171 5631 -1 5647 4910 5570 -1 5570 4910 4757 -1 5570 4757 4857 -1 4857 4757 5723 -1 5201 5580 1980 -1 1981 5201 1980 -1 1981 4863 5201 -1 4998 4863 1981 -1 1982 4998 1981 -1 1982 4964 4998 -1 5582 4964 1982 -1 1983 4816 5582 -1 1983 5582 1982 -1 5376 4816 1983 -1 1984 4685 5376 -1 1984 5376 1983 -1 4763 4685 1984 -1 1985 4953 4763 -1 1985 4763 1984 -1 4959 4953 1985 -1 1986 5676 4959 -1 1986 4959 1985 -1 4746 5676 1986 -1 1987 4407 4746 -1 1987 4746 1986 -1 1988 4407 1987 -1 4370 4407 1988 -1 1989 4370 1988 -1 4670 4370 1989 -1 1990 4899 4670 -1 1990 4670 1989 -1 1991 4899 1990 -1 4845 4899 1991 -1 1992 4845 1991 -1 1993 4845 1992 -1 4847 4845 1993 -1 1994 4847 1993 -1 1995 4847 1994 -1 5118 4847 1995 -1 1996 5118 1995 -1 1997 5118 1996 -1 4790 5118 1997 -1 1998 4790 1997 -1 1999 4790 1998 -1 4861 4790 1999 -1 2000 4861 1999 -1 2001 4861 2000 -1 4788 4861 2001 -1 2002 4788 2001 -1 2003 4788 2002 -1 5578 4788 2003 -1 2004 5578 2003 -1 2005 5578 2004 -1 5434 5578 2005 -1 2006 4832 5434 -1 2006 5434 2005 -1 2007 4832 2006 -1 4627 4832 2007 -1 2008 4569 4627 -1 2008 4627 2007 -1 2009 4569 2008 -1 4681 4569 2009 -1 2010 4681 2009 -1 2010 4769 4681 -1 2011 4769 2010 -1 5156 4769 2011 -1 2012 5156 2011 -1 2012 5158 5156 -1 2013 5158 2012 -1 5255 5158 2013 -1 2014 5255 2013 -1 2014 4925 5255 -1 2015 4925 2014 -1 5399 4925 2015 -1 2016 5399 2015 -1 2016 4732 5399 -1 2017 4732 2016 -1 5269 4732 2017 -1 2018 5269 2017 -1 2018 5046 5269 -1 2019 5046 2018 -1 4864 5046 2019 -1 2020 4864 2019 -1 5316 4864 2020 -1 2021 5316 2020 -1 2021 4623 5316 -1 2022 4623 2021 -1 5571 4623 2022 -1 2023 5571 2022 -1 2024 5571 2023 -1 4927 5571 2024 -1 2025 4927 2024 -1 2026 4927 2025 -1 5126 4927 2026 -1 2027 5126 2026 -1 2028 5126 2027 -1 4709 5126 2028 -1 2029 4709 2028 -1 2030 4709 2029 -1 4383 4709 2030 -1 2031 4383 2030 -1 2032 4383 2031 -1 5569 4383 2032 -1 2033 5569 2032 -1 2034 5569 2033 -1 5580 5569 2034 -1 1980 5580 2034 -1 5162 5029 5391 -1 5162 5386 4490 -1 5162 5389 5388 -1 5162 5391 5389 -1 5379 4641 5380 -1 5364 5370 5368 -1 5394 4778 4372 -1 5394 4901 4778 -1 5324 5381 4641 -1 5324 4446 5381 -1 5590 5364 4713 -1 5395 4490 5324 -1 4980 4409 5378 -1 5395 5162 4490 -1 4980 5379 4409 -1 5395 4372 5162 -1 4980 4641 5379 -1 5395 5394 4372 -1 4980 5324 4641 -1 5395 5324 5375 -1 5403 5370 5364 -1 5403 5364 5590 -1 5375 5324 4980 -1 4842 5375 5370 -1 4842 5395 5375 -1 4842 5102 5395 -1 4842 5370 5403 -1 5708 5385 5337 -1 4946 5087 5102 -1 5402 4842 4833 -1 5365 5337 5324 -1 5365 5708 5337 -1 5396 4946 5102 -1 5374 4505 5682 -1 5401 5102 4842 -1 5401 5397 5396 -1 5401 4842 5402 -1 5401 5396 5102 -1 5373 5375 4505 -1 5373 4505 5374 -1 4711 5346 4725 -1 5372 5375 5373 -1 4490 4725 5365 -1 4490 4711 4725 -1 4490 5365 5324 -1 5387 4454 5386 -1 4708 5372 5390 -1 5388 5387 5386 -1 5370 5375 5372 -1 5370 4708 4666 -1 5370 5372 4708 -1 5029 5393 5391 -1 5162 5388 5386 -1 2035 2036 2037 -1 2038 2039 2036 -1 2038 2036 2035 -1 2040 2035 2037 -1 2041 2037 2042 -1 2041 2040 2037 -1 2043 2044 2039 -1 2043 2039 2038 -1 2045 2046 2044 -1 2045 2044 2043 -1 2047 2042 2048 -1 2047 2041 2042 -1 2049 2048 2050 -1 2049 2047 2048 -1 2051 2052 2046 -1 2051 2046 2045 -1 2053 2052 2051 -1 2054 2050 2055 -1 2054 2049 2050 -1 2056 2052 2053 -1 2057 2054 2055 -1 2058 2057 2055 -1 2059 2060 2056 -1 2059 2056 2053 -1 2061 2060 2059 -1 2062 2058 2063 -1 2062 2057 2058 -1 2064 2060 2061 -1 2065 2060 2064 -1 2066 2060 2065 -1 2067 2066 2065 -1 2068 2063 2069 -1 2068 2062 2063 -1 2070 2068 2069 -1 2071 2070 2069 -1 2072 2066 2067 -1 2073 2070 2071 -1 2074 2073 2071 -1 2075 2076 2074 -1 2075 2074 2071 -1 2077 2078 2072 -1 2077 2072 2067 -1 2079 2076 2075 -1 2080 2078 2077 -1 2081 2076 2079 -1 2082 2081 2079 -1 2083 2082 2079 -1 2084 2080 2077 -1 2085 2080 2084 -1 2086 2083 2087 -1 2086 2082 2083 -1 2088 2086 2087 -1 2089 2088 2087 -1 2090 2085 2084 -1 2091 2088 2089 -1 2091 2089 2092 -1 2093 2091 2092 -1 2094 2085 2090 -1 2095 2093 2092 -1 2096 2094 2090 -1 2097 2093 2095 -1 2097 2095 2098 -1 2099 2097 2098 -1 2100 2094 2096 -1 2101 2100 2096 -1 2102 2099 2098 -1 2103 2099 2102 -1 2104 2103 2102 -1 2105 2103 2104 -1 2106 2100 2101 -1 2107 2106 2101 -1 2108 2105 2104 -1 2109 2108 2104 -1 2110 2108 2109 -1 2111 2108 2110 -1 2112 2106 2107 -1 2113 2112 2107 -1 2114 2111 2110 -1 2114 2115 2111 -1 2116 2115 2114 -1 2117 2112 2113 -1 2118 2115 2116 -1 2119 2120 2118 -1 2119 2118 2116 -1 2121 2117 2122 -1 2121 2112 2117 -1 2123 2120 2119 -1 2124 2121 2122 -1 2125 2124 2122 -1 2126 2127 2123 -1 2126 2123 2119 -1 2128 2124 2125 -1 2129 2127 2126 -1 2130 2128 2125 -1 2131 2129 2126 -1 2132 2129 2131 -1 2133 2132 2131 -1 2133 2134 2132 -1 2135 2134 2133 -1 2135 2130 2136 -1 2135 2136 2134 -1 2135 2137 2130 -1 2130 2137 2128 -1 2138 2139 2140 -1 2141 2142 2143 -1 2144 2142 2141 -1 2145 2144 2141 -1 2146 2147 2148 -1 2149 2147 2146 -1 2150 2151 2152 -1 2153 2145 2141 -1 2154 2152 2155 -1 2154 2150 2152 -1 2156 2145 2153 -1 2157 2151 2150 -1 2158 2156 2153 -1 2159 2154 2155 -1 2160 2149 2146 -1 2161 2162 2151 -1 2161 2151 2157 -1 2163 2149 2160 -1 2164 2155 2165 -1 2166 2158 2153 -1 2164 2159 2155 -1 2167 2158 2166 -1 2168 2162 2161 -1 2169 2164 2165 -1 2170 2162 2168 -1 2139 2160 2171 -1 2139 2163 2160 -1 2172 2173 2167 -1 2172 2167 2166 -1 2174 2169 2165 -1 2175 2173 2172 -1 2176 2162 2170 -1 2177 2175 2172 -1 2178 2162 2176 -1 2179 2139 2171 -1 2180 2174 2165 -1 2181 2180 2165 -1 2182 2177 2172 -1 2183 2181 2165 -1 2184 2182 2172 -1 2185 2162 2178 -1 2186 2184 2172 -1 2140 2139 2179 -1 2187 2162 2185 -1 2187 2188 2189 -1 2187 2190 2188 -1 2187 2185 2190 -1 2191 2192 2186 -1 2191 2186 2172 -1 2143 2193 2183 -1 2191 2194 2192 -1 2143 2195 2193 -1 2143 2196 2195 -1 2191 2197 2194 -1 2143 2183 2165 -1 2198 2196 2143 -1 2138 2199 2200 -1 2138 2201 2199 -1 2138 2140 2201 -1 2142 2198 2143 -1 2202 2200 2203 -1 2202 2138 2200 -1 2204 2197 2191 -1 2148 2187 2189 -1 2205 2197 2204 -1 2147 2187 2148 -1 2205 2203 2197 -1 2205 2202 2203 -1 5472 4597 5475 -1 5472 4602 5333 -1 5472 5333 4597 -1 5494 4748 4602 -1 5494 4602 5472 -1 5270 4543 4748 -1 5270 4748 5494 -1 5500 4543 5270 -1 5501 4590 4541 -1 5328 4590 5501 -1 4380 5081 4590 -1 4380 4590 5328 -1 5116 4595 5071 -1 5116 5071 5081 -1 5116 5081 4380 -1 5474 4595 5116 -1 5335 4593 4603 -1 4404 4593 5335 -1 4402 5271 4593 -1 4402 4593 4404 -1 5563 5531 4352 -1 5563 4352 5271 -1 5563 5271 4402 -1 5490 5531 5563 -1 5489 4599 5532 -1 5516 4599 5489 -1 5520 4600 4599 -1 5520 4599 5516 -1 5518 4605 4609 -1 5518 4609 4600 -1 5518 4600 5520 -1 5336 4605 5518 -1 5336 5501 4541 -1 4605 5336 4541 -1 5490 5489 5532 -1 5490 5532 5531 -1 4603 4543 5500 -1 5335 4603 5500 -1 5474 5475 4597 -1 5474 4597 4595 -1 5422 5512 5525 -1 5331 5598 4646 -1 4389 5505 5507 -1 5433 4752 5598 -1 4389 5507 5422 -1 5433 5598 5331 -1 5398 5493 4752 -1 5398 4752 5433 -1 5417 4780 5505 -1 5417 5505 4389 -1 5155 5504 4780 -1 5042 5498 5493 -1 5155 4780 5417 -1 5042 5493 5398 -1 5609 5508 4830 -1 5609 4830 5421 -1 5453 5560 4894 -1 5453 4894 5498 -1 5453 5498 5042 -1 5464 5508 5609 -1 5464 4444 5506 -1 4800 5504 5155 -1 5464 5506 5508 -1 5145 5707 5560 -1 5145 5560 5453 -1 5411 4397 5504 -1 5411 5504 4800 -1 5460 4444 5464 -1 5460 4942 4444 -1 5456 4942 5460 -1 4486 5707 5145 -1 5456 4839 4942 -1 5408 4647 4397 -1 5471 5707 4486 -1 5471 4635 5515 -1 5408 4397 5411 -1 5471 5515 5707 -1 5406 5495 5496 -1 5406 5496 4647 -1 5246 4839 5456 -1 5406 4647 5408 -1 5481 4635 5471 -1 5618 4839 5246 -1 5618 5502 4839 -1 5597 4635 5481 -1 5597 5513 4635 -1 4494 4480 5495 -1 4494 5495 5406 -1 5487 5513 5597 -1 5487 5321 5517 -1 5310 4480 4494 -1 5487 5517 5513 -1 5449 5502 5618 -1 5449 5709 4584 -1 5449 4584 5502 -1 4656 5321 5487 -1 5443 5709 5449 -1 5443 5492 5709 -1 5404 4885 4480 -1 5404 4480 5310 -1 4680 5321 4656 -1 4680 4403 5511 -1 4680 5511 5321 -1 4386 4885 5404 -1 4386 5595 5499 -1 4386 5499 4885 -1 5473 4403 4680 -1 5441 5492 5443 -1 5421 4830 4403 -1 4451 5655 5492 -1 5421 4403 5473 -1 4805 5595 4386 -1 4451 5492 5441 -1 4805 5503 5595 -1 5693 4390 5503 -1 5693 5503 4805 -1 5438 4387 5491 -1 5438 5491 5655 -1 5438 5655 4451 -1 5431 4532 4387 -1 5431 4387 5438 -1 5338 5644 4390 -1 5338 4390 5693 -1 4356 5509 5644 -1 4356 5644 5338 -1 4916 5512 4532 -1 4916 4532 5431 -1 5076 4406 5509 -1 5076 5509 4356 -1 5525 5512 4916 -1 5423 5510 4406 -1 5423 4406 5076 -1 4646 5598 5510 -1 4646 5510 5423 -1 5422 5507 4467 -1 5422 4467 5512 -1 5419 2206 2207 -1 5419 2207 5420 -1 5418 2206 5419 -1 5418 2208 2206 -1 5415 2208 5418 -1 5415 2209 2208 -1 5414 2209 5415 -1 5414 2210 2209 -1 5650 2210 5414 -1 5650 2211 2210 -1 5652 2212 2213 -1 5652 2213 2211 -1 5652 2211 5650 -1 4768 2214 2212 -1 4768 2212 5652 -1 5488 2214 4768 -1 5341 2215 2214 -1 5341 2214 5488 -1 5340 2216 2215 -1 5340 2215 5341 -1 5405 2217 2216 -1 5405 2216 5340 -1 4893 2218 2219 -1 4893 2219 2217 -1 4893 2217 5405 -1 5407 2220 2218 -1 5407 2218 4893 -1 5409 2221 2220 -1 5409 2220 5407 -1 5412 2222 2221 -1 5412 2221 5409 -1 5413 2222 5412 -1 5416 2223 2222 -1 5416 2222 5413 -1 5612 2224 2223 -1 5612 2223 5416 -1 5084 2225 2224 -1 5084 2224 5612 -1 5424 2226 2225 -1 5424 2225 5084 -1 5011 2226 5424 -1 5011 2227 2226 -1 5425 2227 5011 -1 5425 2228 2227 -1 5721 2228 5425 -1 5721 2229 2228 -1 5702 2229 5721 -1 5702 2230 2231 -1 5702 2231 2229 -1 5437 2230 5702 -1 5437 2232 2230 -1 5439 2233 2232 -1 5439 2232 5437 -1 5371 2234 2233 -1 5371 2233 5439 -1 5442 2234 5371 -1 5448 2235 2234 -1 5448 2234 5442 -1 4889 2236 2235 -1 4889 2235 5448 -1 5152 2237 2238 -1 5152 2238 2236 -1 5152 2236 4889 -1 5451 2239 2237 -1 5451 2237 5152 -1 5455 2240 2239 -1 5455 2239 5451 -1 5463 2241 2240 -1 5463 2240 5455 -1 5465 2242 2241 -1 5465 2241 5463 -1 5468 2243 2242 -1 5468 2242 5465 -1 5469 2244 2243 -1 5469 2243 5468 -1 5466 2245 2244 -1 5466 2244 5469 -1 5673 2246 2245 -1 5673 2245 5466 -1 4438 2247 2246 -1 4438 2246 5673 -1 5484 2248 2247 -1 5484 2247 4438 -1 5722 2248 5484 -1 5357 2249 2250 -1 5357 2250 2248 -1 5357 2248 5722 -1 5482 2251 2249 -1 5482 2249 5357 -1 4570 2252 2251 -1 4570 2251 5482 -1 5470 2252 4570 -1 5467 2252 5470 -1 5467 2253 2254 -1 5467 2254 2252 -1 4962 2253 5467 -1 5454 2255 2253 -1 5454 2253 4962 -1 5450 2256 2257 -1 5450 2257 2255 -1 5450 2255 5454 -1 5447 2256 5450 -1 5440 2258 2256 -1 5440 2256 5447 -1 5432 2259 2258 -1 5432 2258 5440 -1 5426 2207 2260 -1 5426 2260 2259 -1 5426 2259 5432 -1 5420 2207 5426 -1 5048 5322 5535 -1 5533 5534 5322 -1 5547 5645 5546 -1 5548 5528 4989 -1 5548 5545 5645 -1 5548 5544 5545 -1 5548 4831 5528 -1 5548 4989 5544 -1 5548 5645 5547 -1 5548 5556 4831 -1 5528 5529 5533 -1 5528 5530 5529 -1 5528 5533 5322 -1 4405 4798 4567 -1 5537 5536 5195 -1 5549 5548 4798 -1 5549 4798 4405 -1 5144 5548 5549 -1 5551 5556 5548 -1 5551 5555 5556 -1 5551 5552 5555 -1 5551 5553 5552 -1 5551 5661 5553 -1 5538 4452 5536 -1 5551 5548 5144 -1 5538 5048 4452 -1 5538 5322 5048 -1 5538 5528 5322 -1 5538 5536 5537 -1 5649 5144 5550 -1 4960 4859 5551 -1 4960 5144 5649 -1 4960 5551 5144 -1 5521 5526 5528 -1 5651 4960 5649 -1 5521 5524 5526 -1 5521 5523 5524 -1 5521 5362 5523 -1 4552 5681 5539 -1 5483 5538 5681 -1 5483 5681 4552 -1 4989 5528 5538 -1 4989 5538 5483 -1 5557 5521 5528 -1 5564 5557 5528 -1 4943 5540 5541 -1 4943 4989 5540 -1 5542 4989 4943 -1 4683 5564 5528 -1 5543 4989 5542 -1 4831 4683 5528 -1 5544 4989 5543 -1 5544 5543 4598 -1 2261 2262 2263 -1 2261 2264 2262 -1 2261 2265 2264 -1 2266 2265 5119 -1 2266 2267 5623 -1 2266 2268 2267 -1 2269 2270 2271 -1 2269 2263 2270 -1 4848 2261 2263 -1 2272 2268 4791 -1 2272 2273 4974 -1 2272 2274 2273 -1 2275 2276 2277 -1 2275 2271 2276 -1 4846 2269 2271 -1 2278 2279 2274 -1 2278 2280 2279 -1 2278 2281 2280 -1 2278 2274 4862 -1 2282 2283 2284 -1 2282 2277 2283 -1 4900 2275 2277 -1 2285 2282 2284 -1 2286 2287 2288 -1 2286 2284 2287 -1 4371 2285 2284 -1 2289 2290 2281 -1 2289 2291 2290 -1 2289 2281 4789 -1 2292 2288 2293 -1 2292 2286 2288 -1 2294 2291 5579 -1 2294 2295 4669 -1 2296 2297 2295 -1 2296 2295 5435 -1 2298 2293 2299 -1 2298 2292 2293 -1 2300 2301 2297 -1 2300 2297 2296 -1 2302 2299 2303 -1 2302 2298 2299 -1 2304 2305 2301 -1 2304 2301 2300 -1 2306 2303 2307 -1 2306 2302 2303 -1 2308 2309 2305 -1 2308 2305 2304 -1 2310 2306 2307 -1 2310 4808 2311 -1 2312 2309 2308 -1 2312 2313 5254 -1 2314 4954 2311 -1 2314 4949 2315 -1 2316 2314 2315 -1 2317 2313 2312 -1 2318 4764 2316 -1 2319 2317 4770 -1 2319 2320 5658 -1 2321 2320 2319 -1 2322 2318 4466 -1 2322 2323 4686 -1 2324 2321 5157 -1 2325 5351 4936 -1 2326 2323 4826 -1 2327 5377 2326 -1 2328 2321 2324 -1 2328 2329 2330 -1 2328 5159 2329 -1 2331 2327 4883 -1 2331 2332 4817 -1 2333 2332 4689 -1 2334 2328 2330 -1 2335 4933 2334 -1 2336 2332 2333 -1 2336 2337 5583 -1 2338 2337 4705 -1 2338 2339 4965 -1 2340 2335 2334 -1 2340 2341 2342 -1 2340 5400 2341 -1 2343 2340 2342 -1 2344 2340 2343 -1 2345 2339 5478 -1 2345 2346 4999 -1 2347 2348 2346 -1 2347 2346 4909 -1 2349 2350 2348 -1 2349 2348 2347 -1 2351 2350 2349 -1 2351 2352 5581 -1 2353 2354 2355 -1 2353 2356 2354 -1 2357 2358 2352 -1 2357 2352 4922 -1 2359 2356 2353 -1 2359 5303 2344 -1 2359 2360 5572 -1 2359 2361 2360 -1 2359 4865 2361 -1 2362 2359 4938 -1 2363 2358 2357 -1 2363 2364 4384 -1 2365 2353 2355 -1 2365 5127 2364 -1 2366 2365 2364 -1 2366 2364 5124 -1 2367 4941 2366 -1 2368 2369 2370 -1 2371 2372 2373 -1 2371 2374 2372 -1 2375 2376 2377 -1 2378 2379 2380 -1 2375 2377 2381 -1 2382 2374 2371 -1 2383 2384 2385 -1 2386 2376 2375 -1 2387 2388 2389 -1 2387 2390 2388 -1 2391 2385 2392 -1 2391 2383 2385 -1 2393 2394 2395 -1 2396 2375 2381 -1 2397 2398 2379 -1 2397 2379 2378 -1 2396 2381 2399 -1 2400 2401 2402 -1 2403 2375 2396 -1 2403 2386 2375 -1 2404 2399 2405 -1 2404 2405 2406 -1 2400 2402 2407 -1 2408 2409 2394 -1 2404 2396 2399 -1 2410 2411 2412 -1 2410 2412 2413 -1 2414 2390 2387 -1 2415 2403 2396 -1 2415 2396 2404 -1 2416 2417 2418 -1 2419 2406 2420 -1 2421 2422 2390 -1 2416 2370 2417 -1 2421 2373 2422 -1 2419 2415 2404 -1 2421 2371 2373 -1 2421 2382 2371 -1 2419 2404 2406 -1 2423 2424 2425 -1 2423 2426 2424 -1 2427 2415 2419 -1 2428 2419 2420 -1 2429 2389 2407 -1 2430 2431 2432 -1 2428 2420 2433 -1 2434 2427 2419 -1 2430 2435 2431 -1 2434 2419 2428 -1 2436 2382 2421 -1 2437 2433 2438 -1 2437 2428 2433 -1 2439 2380 2384 -1 2437 2434 2428 -1 2439 2384 2383 -1 2440 2395 2374 -1 2439 2378 2380 -1 2440 2374 2382 -1 2440 2393 2395 -1 2441 2434 2437 -1 2442 2437 2438 -1 2442 2441 2437 -1 2443 2444 2445 -1 2446 2408 2394 -1 2446 2394 2393 -1 2447 2441 2442 -1 2448 2418 2411 -1 2448 2411 2410 -1 2449 2442 2438 -1 2450 2429 2407 -1 2451 2436 2421 -1 2452 2383 2391 -1 2451 2421 2390 -1 2453 2454 2376 -1 2455 2368 2370 -1 2451 2390 2414 -1 2453 2376 2386 -1 2455 2370 2416 -1 2456 2436 2451 -1 2457 2425 2444 -1 2457 2444 2443 -1 2457 2423 2425 -1 2458 2449 2438 -1 2459 2397 2378 -1 2460 2440 2382 -1 2459 2378 2439 -1 2461 2389 2429 -1 2462 2447 2442 -1 2461 2429 2450 -1 2462 2442 2449 -1 2463 2439 2383 -1 2462 2449 2458 -1 2461 2387 2389 -1 2463 2383 2452 -1 2464 2386 2403 -1 2464 2453 2386 -1 2465 2461 2450 -1 2466 2432 2398 -1 2466 2430 2432 -1 2467 2445 2401 -1 2468 2446 2393 -1 2468 2440 2460 -1 2467 2401 2400 -1 2469 2462 2458 -1 2468 2393 2440 -1 2470 2403 2415 -1 2471 2387 2461 -1 2470 2415 2427 -1 2472 2426 2423 -1 2471 2461 2465 -1 2470 2464 2403 -1 2471 2414 2387 -1 2473 2456 2451 -1 2474 2392 2369 -1 2474 2369 2368 -1 2474 2391 2392 -1 2475 2438 2476 -1 2475 2458 2438 -1 2473 2451 2414 -1 2477 2469 2458 -1 2478 2410 2413 -1 2478 2413 2479 -1 2480 2456 2473 -1 2477 2458 2475 -1 2481 2471 2465 -1 2482 2470 2427 -1 2483 2400 2407 -1 2484 2450 2407 -1 2485 2445 2467 -1 2485 2443 2445 -1 2486 2487 2454 -1 2488 2459 2439 -1 2489 2382 2436 -1 2486 2454 2453 -1 2489 2436 2456 -1 2489 2460 2382 -1 2488 2439 2463 -1 2490 2453 2464 -1 2490 2486 2453 -1 2491 2468 2460 -1 2492 2427 2434 -1 2492 2434 2441 -1 2493 2435 2430 -1 2494 2489 2456 -1 2494 2456 2480 -1 2495 2410 2478 -1 2492 2482 2427 -1 2495 2448 2410 -1 2496 2465 2450 -1 2497 2441 2447 -1 2498 2474 2368 -1 2496 2450 2484 -1 2497 2492 2441 -1 2499 2466 2398 -1 2500 2460 2489 -1 2500 2489 2494 -1 2499 2398 2397 -1 2501 2464 2470 -1 2501 2490 2464 -1 2502 2463 2452 -1 2500 2491 2460 -1 2501 2470 2482 -1 2503 2476 2504 -1 2505 2479 2426 -1 2505 2478 2479 -1 2503 2475 2476 -1 2506 2503 2504 -1 2505 2426 2472 -1 2507 2508 2409 -1 2506 2475 2503 -1 2506 2477 2475 -1 2509 2488 2463 -1 2507 2408 2446 -1 2509 2463 2502 -1 2507 2409 2408 -1 2510 2391 2474 -1 2511 2481 2465 -1 2512 2501 2482 -1 2510 2474 2498 -1 2510 2452 2391 -1 2513 2497 2447 -1 2511 2465 2496 -1 2514 2495 2478 -1 2515 2482 2492 -1 2514 2478 2505 -1 2515 2512 2482 -1 2515 2492 2497 -1 2516 2435 2493 -1 2517 2497 2513 -1 2517 2515 2497 -1 2518 2508 2507 -1 2516 2519 5314 -1 2520 2472 2423 -1 2521 2487 2486 -1 2522 2414 2471 -1 2522 2473 2414 -1 2520 2423 2457 -1 2523 2467 2400 -1 2521 2524 2525 -1 2521 2525 5115 -1 2521 2486 2490 -1 2526 2513 2447 -1 2523 2400 2483 -1 2522 2471 2481 -1 2527 2430 2466 -1 2528 2500 2494 -1 2526 2447 2462 -1 2526 2462 2469 -1 2527 2493 2430 -1 2529 2490 2501 -1 2530 2510 2498 -1 2531 2494 2480 -1 2532 2397 2459 -1 2531 2528 2494 -1 2529 2521 2490 -1 2529 2524 2521 -1 2533 2480 2473 -1 2532 2499 2397 -1 2533 2473 2522 -1 2534 2526 2469 -1 2535 2517 2513 -1 2536 2522 2481 -1 2537 2418 2448 -1 2536 2533 2522 -1 2537 2416 2418 -1 2538 2501 2512 -1 2539 2467 2523 -1 2538 2529 2501 -1 2540 2507 2446 -1 2538 2524 2529 -1 2539 2485 2467 -1 2540 2446 2468 -1 2541 2534 2469 -1 2542 2533 2536 -1 2543 2416 2537 -1 2543 2455 2416 -1 2541 2469 2477 -1 2544 2516 2493 -1 2545 2512 2515 -1 2544 2493 2527 -1 2545 2538 2512 -1 2546 2518 2507 -1 2545 2524 2538 -1 2546 2507 2540 -1 2547 2526 2534 -1 2548 2509 2502 -1 2547 2535 2513 -1 2549 2368 2455 -1 2547 2513 2526 -1 2550 2547 2534 -1 2549 2498 2368 -1 2551 2484 2407 -1 2552 2472 2520 -1 2553 2528 2531 -1 2554 2515 2517 -1 2554 2524 2545 -1 2554 2545 2515 -1 2555 2443 2485 -1 2556 2468 2491 -1 2557 2517 2535 -1 2555 2457 2443 -1 2556 2540 2468 -1 2558 2527 2466 -1 2557 2554 2517 -1 2557 2524 2554 -1 2559 2540 2556 -1 2558 2466 2499 -1 2560 2534 2541 -1 2560 2550 2534 -1 2561 2483 2407 -1 2561 4695 2562 -1 2561 2523 2483 -1 2559 2546 2540 -1 2563 2541 2477 -1 2564 2532 2459 -1 2563 2477 2506 -1 2564 2459 2488 -1 2565 2481 2511 -1 2565 2536 2481 -1 2566 2524 2557 -1 2566 2557 2535 -1 2566 2535 2547 -1 2567 2520 2457 -1 2568 2496 2484 -1 2567 2457 2555 -1 2568 2484 2551 -1 2569 2563 2506 -1 2570 2452 2510 -1 2571 2536 2565 -1 2570 2510 2530 -1 2572 2506 2504 -1 2572 2569 2506 -1 2570 2502 2452 -1 2571 2542 2536 -1 2573 2547 2550 -1 2574 2530 2498 -1 2573 2524 2566 -1 2574 2498 2549 -1 2573 2566 2547 -1 2575 2480 2533 -1 2575 2531 2480 -1 2575 2533 2542 -1 2576 2524 2573 -1 2577 2527 2558 -1 2576 2550 2560 -1 2577 2544 2527 -1 2576 2573 2550 -1 2578 2570 2530 -1 2579 2560 2541 -1 2580 2559 2556 -1 2579 2541 2563 -1 2580 2556 2491 -1 2581 2558 2499 -1 2582 2575 2542 -1 2583 2563 2569 -1 2581 2499 2532 -1 2581 2577 2558 -1 2583 2579 2563 -1 2584 2448 2495 -1 2585 2524 2576 -1 2585 2560 2579 -1 2585 2576 2560 -1 2584 2537 2448 -1 2586 2488 2509 -1 2586 2564 2488 -1 2587 2569 2572 -1 2586 2509 2548 -1 2587 2583 2569 -1 2588 2504 2589 -1 2590 2561 2562 -1 2588 2572 2504 -1 2590 2523 2561 -1 2591 2592 2508 -1 2591 2508 2518 -1 2588 2587 2572 -1 2590 2539 2523 -1 2593 2559 2580 -1 2594 2524 2585 -1 2595 2537 2584 -1 2594 2579 2583 -1 2594 2585 2579 -1 2595 2543 2537 -1 2596 2568 2551 -1 2597 2587 2588 -1 2598 2514 2599 -1 2598 2495 2514 -1 2598 2584 2495 -1 2596 2551 2407 -1 2600 2516 2544 -1 2601 2524 2594 -1 2601 2583 2587 -1 2601 2594 2583 -1 2602 2496 2568 -1 2603 2587 2597 -1 2603 2524 2601 -1 2602 2511 2496 -1 2603 2601 2587 -1 2604 2597 2588 -1 2600 2519 2516 -1 2604 2588 2589 -1 2605 2603 2597 -1 2606 2577 2581 -1 2607 2592 2591 -1 2605 2524 2603 -1 2605 2597 2604 -1 2608 2604 2589 -1 2609 2505 2472 -1 2608 2524 2605 -1 2608 2605 2604 -1 2609 2514 2505 -1 2610 2608 2589 -1 2610 2524 2608 -1 2611 2599 2612 -1 2613 2589 2524 -1 2611 2598 2599 -1 2613 2610 2589 -1 2611 2595 2584 -1 2614 2596 2407 -1 2613 2524 2610 -1 2611 2584 2598 -1 2611 2612 2595 -1 2615 2539 2616 -1 2615 2485 2539 -1 2617 2591 2518 -1 2615 2555 2485 -1 2618 2616 2539 -1 2618 2562 5183 -1 2617 2518 2546 -1 2618 2539 2590 -1 2619 2531 2575 -1 2618 2590 2562 -1 2620 2621 2599 -1 2620 2609 2621 -1 2619 2575 2582 -1 2620 2514 2609 -1 2620 2599 2514 -1 2622 2570 2578 -1 2622 2502 2570 -1 2619 2553 2531 -1 2623 2580 2491 -1 2622 2548 2502 -1 2624 2567 2555 -1 2624 2616 2625 -1 2623 2500 2528 -1 2624 2615 2616 -1 2624 2555 2615 -1 2623 2491 2500 -1 2626 2568 2596 -1 2627 2581 2532 -1 2627 2606 2581 -1 2627 2532 2564 -1 2628 2586 2548 -1 2629 2580 2623 -1 2629 2593 2580 -1 2630 2544 2577 -1 2631 2591 2617 -1 2630 2600 2544 -1 2631 2607 2591 -1 2632 2622 2578 -1 2633 2520 2567 -1 2633 2567 2624 -1 2633 2624 2625 -1 2634 2619 2582 -1 2633 2552 2520 -1 2635 2578 2530 -1 2636 2623 2528 -1 2636 2629 2623 -1 2635 2530 2574 -1 2636 2528 2553 -1 2637 2626 2596 -1 2638 2606 2627 -1 2637 2596 2614 -1 2639 2564 2586 -1 2640 2542 2571 -1 2639 2586 2628 -1 2639 2638 2627 -1 2639 2627 2564 -1 2640 2582 2542 -1 2641 2602 2568 -1 2641 2568 2626 -1 2642 2519 2600 -1 2642 2643 4823 -1 2644 2549 2455 -1 2645 2629 2636 -1 2644 2543 2595 -1 2644 2455 2543 -1 2646 2559 2593 -1 2646 2546 2559 -1 2647 2638 2639 -1 2646 2617 2546 -1 2648 2577 2606 -1 2648 2630 2577 -1 2649 2626 2637 -1 2649 2641 2626 -1 2650 2565 2511 -1 2651 2600 2630 -1 2650 2511 2602 -1 2651 2642 2600 -1 2652 2574 2549 -1 2650 2602 2641 -1 2652 2653 2635 -1 2652 2549 2644 -1 2652 2635 2574 -1 2654 2631 2617 -1 2655 2639 2628 -1 2655 2647 2639 -1 2654 2617 2646 -1 2656 2653 2657 -1 2656 2635 2653 -1 2658 2571 2565 -1 2656 2632 2578 -1 2656 2657 2632 -1 2656 2578 2635 -1 2659 2621 2609 -1 2659 2625 4401 -1 2658 2565 2650 -1 2659 2609 2472 -1 2659 2472 2552 -1 2659 2552 2633 -1 2660 2646 2593 -1 2659 2633 2625 -1 2661 2648 2606 -1 2660 2654 2646 -1 2661 2606 2638 -1 2662 2645 2636 -1 2662 2636 2553 -1 2663 2548 2622 -1 2663 2628 2548 -1 2664 2652 2644 -1 2664 2653 2652 -1 2412 2634 2582 -1 2664 2612 2653 -1 2412 2582 2640 -1 2664 2595 2612 -1 2664 2644 2595 -1 2665 2666 2667 -1 2668 2647 2655 -1 2669 2663 2622 -1 2670 2654 2660 -1 2669 2622 2632 -1 2669 2632 2657 -1 2671 2630 2648 -1 2672 2645 2662 -1 2671 2651 2630 -1 2671 2648 2661 -1 2673 2642 2651 -1 2674 2607 2631 -1 2673 2643 2642 -1 2674 2592 2607 -1 2675 2661 2638 -1 2674 2676 4653 -1 2675 2638 2647 -1 2677 2614 2407 -1 2677 2637 2614 -1 2678 2671 2661 -1 2679 2593 2629 -1 2680 2643 2673 -1 2679 2660 2593 -1 2681 2651 2671 -1 2681 2673 2651 -1 2682 2650 2641 -1 2683 2647 2668 -1 2683 2675 2647 -1 2684 2650 2682 -1 2685 2655 2628 -1 2684 2658 2650 -1 2686 2670 2660 -1 2685 2628 2663 -1 2687 2680 2673 -1 2687 2673 2681 -1 2686 2660 2679 -1 2688 2657 2689 -1 2688 2669 2657 -1 2688 2663 2669 -1 2690 2676 2674 -1 2688 2685 2663 -1 2691 2661 2675 -1 2691 2678 2661 -1 2691 2675 2683 -1 2692 2668 2655 -1 2692 2688 2689 -1 2692 2685 2688 -1 2693 2682 2641 -1 2692 2655 2685 -1 2694 2671 2678 -1 2693 2641 2649 -1 2694 2681 2671 -1 2695 2631 2654 -1 2696 2689 2697 -1 2696 2668 2692 -1 2696 2683 2668 -1 2696 2692 2689 -1 2695 2690 2674 -1 2698 2697 2699 -1 2695 2674 2631 -1 2698 2691 2683 -1 2700 2645 2672 -1 2698 2683 2696 -1 2700 2679 2629 -1 2698 2696 2697 -1 2700 2686 2679 -1 2701 2687 2681 -1 2700 2629 2645 -1 2701 2681 2694 -1 2702 2694 2678 -1 2703 2640 2571 -1 2702 2678 2691 -1 2703 2571 2658 -1 2702 2701 2694 -1 2703 2658 2684 -1 2704 2701 2702 -1 2705 2682 2693 -1 2705 2684 2682 -1 2706 2680 2687 -1 2707 2637 2677 -1 2706 2708 2643 -1 2706 2643 2680 -1 2709 2698 2699 -1 2707 2649 2637 -1 2709 2691 2698 -1 2709 2702 2691 -1 2709 2704 2702 -1 2710 2686 2700 -1 2711 2708 2706 -1 2712 2709 2699 -1 2713 2553 2619 -1 2712 2704 2709 -1 2714 2715 2407 -1 2713 2619 2634 -1 2713 2662 2553 -1 2716 2672 2662 -1 2717 2706 2687 -1 2717 2687 2701 -1 2718 2711 2706 -1 2716 2662 2713 -1 2718 2706 2717 -1 2719 2717 2701 -1 2720 2690 2695 -1 2719 2701 2704 -1 2721 2718 2717 -1 2721 2722 2723 -1 2721 2719 2722 -1 2714 2724 2715 -1 2721 2717 2719 -1 2725 2716 2713 -1 2726 2714 2407 -1 2727 2711 2718 -1 2725 2713 2634 -1 2728 2649 2707 -1 2728 2693 2649 -1 2727 2729 2708 -1 2727 2708 2711 -1 2730 2719 2704 -1 2730 2699 2722 -1 2731 2724 2714 -1 2730 2722 2719 -1 2417 2716 2725 -1 2730 2712 2699 -1 2730 2704 2712 -1 2732 2718 2721 -1 2732 2721 2723 -1 2733 2654 2670 -1 2732 2727 2718 -1 2734 2729 2727 -1 2733 2695 2654 -1 2734 2727 2732 -1 2731 2735 4621 -1 2736 2710 2700 -1 2737 2723 2738 -1 2737 2732 2723 -1 2736 2700 2672 -1 2737 2734 2732 -1 2739 2729 2734 -1 2739 2737 2738 -1 2739 2734 2737 -1 2413 2640 2703 -1 2739 2740 5459 -1 2413 2412 2640 -1 2741 2738 2742 -1 2741 2740 2739 -1 2743 2735 2731 -1 2392 2710 2736 -1 2741 2739 2738 -1 2744 2714 2726 -1 2745 2741 2742 -1 2745 2740 2741 -1 2744 2743 2731 -1 2745 2746 4728 -1 2744 2731 2714 -1 2747 2742 2748 -1 2747 2745 2742 -1 2747 2746 2745 -1 2749 2744 2726 -1 2750 2748 2665 -1 2750 2747 2748 -1 2750 2746 2747 -1 2750 2667 5098 -1 2750 2665 2667 -1 2751 2431 2676 -1 2749 2726 2407 -1 2752 2753 2754 -1 2751 2676 2690 -1 2752 2665 2753 -1 2755 2703 2684 -1 2752 2756 2666 -1 2752 2666 2665 -1 2757 2743 2744 -1 2758 2754 2759 -1 2758 2756 2752 -1 2758 2752 2754 -1 2760 2749 2407 -1 2402 2677 2407 -1 2761 2744 2749 -1 2761 2757 2744 -1 2762 2763 2756 -1 2764 2720 2695 -1 2761 2749 2760 -1 2762 2756 2758 -1 2765 2757 2761 -1 2764 2695 2733 -1 2766 2670 2686 -1 2766 2733 2670 -1 2767 2763 2762 -1 2768 2758 2759 -1 2768 2762 2758 -1 2766 2764 2733 -1 2769 2765 2761 -1 2770 2759 2771 -1 2424 2684 2705 -1 2424 2755 2684 -1 2769 2761 2760 -1 2770 2767 2762 -1 2770 2768 2759 -1 2770 2762 2768 -1 2411 2725 2634 -1 2411 2634 2412 -1 2772 2735 2743 -1 2772 2743 2757 -1 2773 2774 2763 -1 2773 2763 2767 -1 2775 2690 2720 -1 2772 2776 5112 -1 2777 2767 2770 -1 2775 2751 2690 -1 2778 2760 2407 -1 2777 2773 2767 -1 2779 2774 2773 -1 2380 2764 2766 -1 2418 2725 2411 -1 2418 2417 2725 -1 2780 2777 2770 -1 2781 2779 2773 -1 2401 2707 2677 -1 2781 2773 2777 -1 2782 2776 2772 -1 2401 2677 2402 -1 2783 2770 2771 -1 2783 2780 2770 -1 2479 2413 2703 -1 2479 2703 2755 -1 2373 2765 2769 -1 2784 2777 2780 -1 2784 2781 2777 -1 2784 2780 2783 -1 2785 2686 2710 -1 2786 2783 2771 -1 2786 2784 2783 -1 2785 2766 2686 -1 2787 2778 2407 -1 2444 2705 2693 -1 2788 2377 2774 -1 2788 2774 2779 -1 2444 2693 2728 -1 2789 2782 2772 -1 2788 2779 2781 -1 2432 2751 2775 -1 2789 2772 2757 -1 2395 2782 2789 -1 2432 2431 2751 -1 2790 2788 2781 -1 2791 2760 2778 -1 2791 2778 2787 -1 2791 2373 2769 -1 2425 2705 2444 -1 2791 2769 2760 -1 2381 2377 2788 -1 2425 2424 2705 -1 2792 2781 2784 -1 2793 2672 2716 -1 2422 2373 2791 -1 2792 2784 2786 -1 2793 2736 2672 -1 2792 2790 2781 -1 2445 2707 2401 -1 2388 2422 2791 -1 2388 2791 2787 -1 2794 2792 2786 -1 2445 2444 2728 -1 2372 2757 2765 -1 2445 2728 2707 -1 2399 2381 2788 -1 2426 2479 2755 -1 2399 2788 2790 -1 2372 2765 2373 -1 2372 2789 2757 -1 2405 2790 2792 -1 2426 2755 2424 -1 2405 2792 2794 -1 2405 2399 2790 -1 2379 2764 2380 -1 2389 2388 2787 -1 2795 2794 2786 -1 2379 2720 2764 -1 2389 2787 2407 -1 2379 2775 2720 -1 2796 2795 2786 -1 2385 2785 2710 -1 2374 2395 2789 -1 2374 2789 2372 -1 2385 2710 2392 -1 2406 2405 2794 -1 2797 2771 2476 -1 2369 2736 2793 -1 2797 2796 2786 -1 2369 2392 2736 -1 2797 2786 2771 -1 2420 2794 2795 -1 2420 2795 2796 -1 2370 2793 2716 -1 2370 2369 2793 -1 2420 2406 2794 -1 2370 2716 2417 -1 2394 2409 2776 -1 2394 2782 2395 -1 2433 2420 2796 -1 2384 2766 2785 -1 2384 2380 2766 -1 2394 2776 2782 -1 2433 2796 2797 -1 2384 2785 2385 -1 2390 2422 2388 -1 2438 2797 2476 -1 2438 2433 2797 -1 2398 2775 2379 -1 2398 2432 2775 -1 2798 2524 2799 -1 2798 2525 2524 -1 2800 2801 2407 -1 2715 2800 2407 -1 5301 2802 2803 -1 2804 2802 5301 -1 4756 2805 2804 -1 4756 2804 5301 -1 5306 4756 5304 -1 2806 5306 2807 -1 4754 4756 5306 -1 2808 5306 2806 -1 2808 4754 5306 -1 2809 4754 4875 -1 2810 2811 2805 -1 2810 2805 4756 -1 5019 5025 4756 -1 2812 2811 2810 -1 2813 5015 4754 -1 2813 4754 2809 -1 2814 2815 2813 -1 2814 2813 2809 -1 4834 5636 2816 -1 2817 4652 5106 -1 2817 5106 2818 -1 4676 4652 2817 -1 4784 2819 2820 -1 4784 2820 4834 -1 4785 4834 4691 -1 5133 4834 2816 -1 5133 4691 4834 -1 2821 4676 2817 -1 4724 2822 2819 -1 2821 4820 4677 -1 2821 4897 4820 -1 4724 2819 4784 -1 5129 2816 2823 -1 5129 5133 2816 -1 2824 4897 4852 -1 2824 5111 4898 -1 2824 4620 5111 -1 5114 2825 2822 -1 5114 2822 4724 -1 2826 4620 5696 -1 2826 4424 4622 -1 5486 5129 2823 -1 5023 5021 4424 -1 5041 5486 2823 -1 5023 4424 4429 -1 4421 2825 5114 -1 5567 2823 2827 -1 5567 5041 2823 -1 5027 4426 4421 -1 5097 5567 2827 -1 4727 5097 2827 -1 5458 4727 2827 -1 4829 2827 2828 -1 4829 5458 2827 -1 5017 5027 4422 -1 5625 4829 2828 -1 2818 5625 2828 -1 2818 4822 5626 -1 2818 5313 4822 -1 4838 5170 2829 -1 5104 5313 2818 -1 5107 5104 2818 -1 2830 2831 2832 -1 2833 2834 2835 -1 2833 2836 2834 -1 2837 2836 2833 -1 2838 2830 2839 -1 2840 2837 2833 -1 2841 2842 2843 -1 2844 2842 2845 -1 2844 2843 2842 -1 5056 5060 2846 -1 5056 2846 2847 -1 2848 2849 2840 -1 2850 2851 2842 -1 2848 2852 2849 -1 2848 2840 4978 -1 2850 2842 2841 -1 2853 2847 2838 -1 2853 2839 2854 -1 4801 2855 4981 -1 2856 2851 2850 -1 2853 2854 2857 -1 2853 5056 2847 -1 2853 2838 2839 -1 2858 2844 2845 -1 2859 5057 4395 -1 2860 2852 2848 -1 2861 2858 2845 -1 2862 2863 2851 -1 2862 2851 2856 -1 2864 2855 4801 -1 2865 2863 2862 -1 2866 2867 2855 -1 2866 2855 2864 -1 2868 2861 2845 -1 2869 2870 2867 -1 2871 2868 2845 -1 2869 2867 2866 -1 2872 2863 2865 -1 2873 2863 2872 -1 2873 2870 5215 -1 2874 2869 2866 -1 2875 2871 2845 -1 2876 2875 2845 -1 2877 2878 2860 -1 2877 2879 2878 -1 2877 2880 2879 -1 2877 2860 4348 -1 5063 2881 2869 -1 2882 2876 2845 -1 2883 2870 5224 -1 2884 2869 2874 -1 2884 5063 2869 -1 2857 2885 2886 -1 2857 2886 2880 -1 2887 2870 2883 -1 5294 2880 5217 -1 5066 5064 5188 -1 2835 2882 5150 -1 2835 2888 5430 -1 2835 2889 2888 -1 5093 2885 2857 -1 2835 2890 2889 -1 2891 2890 2835 -1 2892 2891 2835 -1 4413 2870 2887 -1 2831 2893 2832 -1 2834 2892 2835 -1 2830 2832 2839 -1 5695 5186 4428 -1 5695 5178 5605 -1 5695 5605 5186 -1 4851 5178 5697 -1 5166 4782 5178 -1 5166 5178 4851 -1 4837 4804 4782 -1 4837 4782 5166 -1 4986 4804 4837 -1 4986 4837 5641 -1 2894 5231 5223 -1 2894 5223 2895 -1 2894 2895 2896 -1 2894 2896 2897 -1 2898 5231 2894 -1 2898 2894 2897 -1 2899 5231 2898 -1 2899 2897 2900 -1 2899 2898 2897 -1 2901 4650 5231 -1 2901 5231 2899 -1 2901 2899 2900 -1 2902 4650 2901 -1 2902 2900 2903 -1 2902 2901 2900 -1 2904 4650 2902 -1 2904 2903 2905 -1 2904 2902 2903 -1 2906 4412 4650 -1 2906 4650 2904 -1 2906 2904 2905 -1 2907 4412 2906 -1 2907 2905 2908 -1 2907 2906 2905 -1 2909 4583 4412 -1 2909 4412 2907 -1 2909 2907 2908 -1 2910 2908 2911 -1 2910 2909 2908 -1 2910 4583 2909 -1 2912 5638 4983 -1 2912 4983 4583 -1 2912 2911 5638 -1 2912 2910 2911 -1 2912 4583 2910 -1 2913 4988 5643 -1 2913 5643 2914 -1 2913 5069 4988 -1 2915 2913 2914 -1 2915 5069 2913 -1 2916 2915 2914 -1 2916 4361 2917 -1 2916 5069 2915 -1 2916 4358 5070 -1 2918 2916 2917 -1 2918 4358 2916 -1 2918 5092 4359 -1 2919 2917 2920 -1 2919 2918 2917 -1 2919 5092 2918 -1 2921 2920 2922 -1 2921 2919 2920 -1 2921 4793 5092 -1 2921 5092 2919 -1 2923 2921 2922 -1 2923 4793 2921 -1 2924 4793 2923 -1 2924 2922 2925 -1 2924 2923 2922 -1 2924 2925 5297 -1 2924 5297 4794 -1 2926 5161 5638 -1 2926 5638 4854 -1 2927 4815 5161 -1 2927 5161 2926 -1 2928 5592 4815 -1 2928 4815 2927 -1 2929 5592 2928 -1 2930 5169 5592 -1 2930 5592 2929 -1 2931 5643 5169 -1 2931 5169 2930 -1 2914 5643 2931 -1 2932 5229 5717 -1 2932 5717 5297 -1 2932 5297 2925 -1 2932 5239 2933 -1 2934 2932 2933 -1 2934 5229 2932 -1 2935 2934 2933 -1 2935 4658 5229 -1 2935 5259 2936 -1 2935 5229 2934 -1 2937 5204 4658 -1 2937 2935 2936 -1 2937 4658 2935 -1 2937 5574 2938 -1 2939 2937 2938 -1 2939 5204 2937 -1 2940 5204 2939 -1 2940 2939 2938 -1 2940 5199 5205 -1 2940 4538 2941 -1 2942 5199 2940 -1 2942 2940 2941 -1 2942 5629 5200 -1 2942 5262 2943 -1 2944 2943 2945 -1 2944 2942 2943 -1 2944 5629 2942 -1 2946 5164 5629 -1 2946 2944 2945 -1 2946 5629 2944 -1 2947 2946 2945 -1 2947 5010 5164 -1 2947 5164 2946 -1 2947 4354 2948 -1 2949 2947 2948 -1 2949 5577 2950 -1 2949 5010 2947 -1 2951 2949 2950 -1 2951 5175 5010 -1 2951 5010 2949 -1 2952 2951 2950 -1 2952 4701 5175 -1 2952 5175 2951 -1 2952 4952 2953 -1 2954 2952 2953 -1 2954 4701 2952 -1 2955 4701 2954 -1 2955 2954 2953 -1 2955 5235 4702 -1 2955 5249 2956 -1 2957 2955 2956 -1 2957 5268 2958 -1 2957 5235 2955 -1 2959 5235 2957 -1 2959 2957 2958 -1 2959 5233 5236 -1 2960 2959 2958 -1 2960 5233 2959 -1 2960 4440 2961 -1 2962 2960 2961 -1 2962 5462 5233 -1 2962 5233 2960 -1 2963 5462 2962 -1 2963 2961 2964 -1 2963 2962 2961 -1 2965 5100 5462 -1 2965 5462 2963 -1 2965 2963 2964 -1 2966 2965 2964 -1 2966 5348 2967 -1 2966 5100 2965 -1 2968 2966 2967 -1 2968 5100 2966 -1 2968 4634 5101 -1 2969 5429 4634 -1 2969 4634 2968 -1 2969 2968 2967 -1 2970 5429 2969 -1 2970 2969 2967 -1 2970 4559 2971 -1 2972 4869 5429 -1 2972 5429 2970 -1 2972 2971 2973 -1 2972 2970 2971 -1 2974 4869 2972 -1 2974 2972 2973 -1 2975 2974 2973 -1 2975 4869 2974 -1 2976 5226 4869 -1 2976 2975 2973 -1 2976 5282 2977 -1 2976 4869 2975 -1 2978 5226 2976 -1 2978 5131 5227 -1 2978 2976 2977 -1 2979 5131 2978 -1 2979 2978 2977 -1 2979 5285 2980 -1 2981 2979 2980 -1 2981 5221 5131 -1 2981 4660 2982 -1 2981 5131 2979 -1 2983 2981 2982 -1 2983 5221 2981 -1 2983 4856 2984 -1 2985 4976 5221 -1 2985 5221 2983 -1 2985 2983 2984 -1 2986 4797 4976 -1 2986 4976 2985 -1 2986 2984 2987 -1 2986 2985 2984 -1 2988 4797 2986 -1 2988 2986 2987 -1 2988 4912 2989 -1 2990 4644 4797 -1 2990 4797 2988 -1 2990 2988 2989 -1 2991 2990 2989 -1 2991 4644 2990 -1 2991 5699 2992 -1 2993 4644 2991 -1 2993 2991 2992 -1 2993 4698 4645 -1 2993 5290 2994 -1 2995 4698 2993 -1 2995 2993 2994 -1 2995 5180 4699 -1 2996 2995 2994 -1 2996 5180 2995 -1 2996 5287 2997 -1 2998 2996 2997 -1 2998 5180 2996 -1 2998 5194 5181 -1 2999 2998 2997 -1 2999 5194 2998 -1 2999 5089 3000 -1 3001 5257 5194 -1 3001 5194 2999 -1 3001 2999 3000 -1 3002 5257 3001 -1 3002 3001 3000 -1 3002 5361 3003 -1 3004 4614 5257 -1 3004 5257 3002 -1 3004 3002 3003 -1 3005 4614 3004 -1 3005 3004 3003 -1 3005 5292 3006 -1 3007 5007 4614 -1 3007 4614 3005 -1 3007 3005 3006 -1 3008 5074 5007 -1 3008 5007 3007 -1 3008 3007 3006 -1 3009 5074 3008 -1 3009 3008 3006 -1 3009 4751 3010 -1 3011 5223 5074 -1 3011 5074 3009 -1 3011 3009 3010 -1 3012 5223 3011 -1 3012 3011 3010 -1 3012 5660 3013 -1 2895 5223 3012 -1 2895 3012 3013 -1 2895 4392 2896 -1 3014 3015 3016 -1 3017 3014 3016 -1 3018 3014 3017 -1 3019 3020 3021 -1 3019 3021 3022 -1 3019 3022 3023 -1 3019 4500 3018 -1 3019 3018 3020 -1 3024 3025 3026 -1 3024 3026 3027 -1 4991 3028 3024 -1 4991 3027 3029 -1 4991 3024 3027 -1 4935 3028 4991 -1 4995 3030 3031 -1 3032 4995 3031 -1 3033 3032 3031 -1 3034 4940 4995 -1 3034 4995 3032 -1 3035 3032 3033 -1 4465 3036 3037 -1 4465 3037 4825 -1 4945 3038 5601 -1 4776 3039 3036 -1 4776 3036 4465 -1 4880 3040 3038 -1 4997 3041 5053 -1 4880 3038 4945 -1 4948 3042 3039 -1 4948 3039 4776 -1 4616 3040 4880 -1 4663 3041 4997 -1 4807 3043 3042 -1 4807 3042 4948 -1 4663 3044 3045 -1 4668 3046 3040 -1 4663 3045 3047 -1 4668 3040 4616 -1 4663 3047 5308 -1 4745 3046 4668 -1 4904 3048 3043 -1 5123 3044 4664 -1 4415 3049 3046 -1 4904 3043 4807 -1 4415 3046 4745 -1 5123 3050 3051 -1 5123 3051 3044 -1 4760 3052 3048 -1 4774 3049 4415 -1 4760 3048 4904 -1 4841 3053 3049 -1 4565 3054 3052 -1 5383 3050 5125 -1 4841 3049 4774 -1 4565 3052 4760 -1 5383 3055 3050 -1 5253 3053 4841 -1 5045 3056 3054 -1 5045 3054 4565 -1 5589 3057 3053 -1 5589 3053 5253 -1 4921 3055 5384 -1 4921 3058 3059 -1 4921 3059 3060 -1 4921 3060 4624 -1 5657 3057 5589 -1 4906 3061 3056 -1 4906 3056 5045 -1 5350 5050 3057 -1 5350 3057 5657 -1 4891 3061 4906 -1 4993 5050 5350 -1 4891 3062 5309 -1 4918 3058 4923 -1 4918 3063 3064 -1 4918 3064 3058 -1 4887 3062 4892 -1 4887 3065 3062 -1 4914 3063 4919 -1 4914 3066 3063 -1 5154 3067 3065 -1 5154 3065 4888 -1 4908 3068 3066 -1 4908 3066 4915 -1 5633 3067 5154 -1 5633 3069 3067 -1 4766 3069 5634 -1 4766 3070 3069 -1 5477 3071 3068 -1 5477 3068 4908 -1 5109 3070 4767 -1 5586 3072 3070 -1 5586 3070 5109 -1 4704 3073 3071 -1 4704 3071 5477 -1 4971 3072 5586 -1 4811 3074 3072 -1 4811 3072 4971 -1 4721 3075 3073 -1 4721 3073 4704 -1 5622 3074 4811 -1 4688 3076 3075 -1 4688 3075 4721 -1 4787 3077 3074 -1 4787 3074 5622 -1 4973 3077 4787 -1 4882 3078 3076 -1 4882 3076 4688 -1 5687 3079 3077 -1 5687 3077 4973 -1 4825 3037 3078 -1 4827 3078 4882 -1 5480 3079 5687 -1 5601 3038 3079 -1 5602 3079 5480 -1 3080 3081 3082 -1 3083 3084 3085 -1 3083 3085 3081 -1 3086 4436 4719 -1 5446 3081 3080 -1 3087 3088 3089 -1 3090 4436 3086 -1 3087 3082 3088 -1 3091 4719 4499 -1 3092 3080 3082 -1 3091 3086 4719 -1 3092 3082 4931 -1 3093 3094 3095 -1 3096 4437 3090 -1 4434 3097 3098 -1 3099 3089 3100 -1 3101 3091 4499 -1 3102 3096 3090 -1 3103 3096 3102 -1 3104 3101 4499 -1 3094 4460 3103 -1 4503 3104 4501 -1 3095 3094 4604 -1 3105 4596 4503 -1 4716 3105 4504 -1 3106 3093 3095 -1 3107 5072 4716 -1 4434 3107 4717 -1 3108 4968 3106 -1 3109 3108 5272 -1 3098 5082 4434 -1 3110 4929 3109 -1 3111 4591 3097 -1 3112 3109 3085 -1 3112 3110 3109 -1 3084 5034 3085 -1 3099 3111 4457 -1 3099 3113 4542 -1 3100 3113 3099 -1 3089 3088 4610 -1 5274 3114 4739 -1 3115 5274 2805 -1 3115 3114 5274 -1 5207 3116 3117 -1 2811 3117 3115 -1 2811 3115 2805 -1 5058 5207 3117 -1 3118 3116 5207 -1 3119 3118 5207 -1 5080 4516 4456 -1 5080 4456 5192 -1 3120 5277 4741 -1 3121 2814 2809 -1 3121 4877 5277 -1 3121 5277 3120 -1 3122 5210 2814 -1 3122 2814 3121 -1 3123 3124 5210 -1 3125 3123 5210 -1 3125 5210 3122 -1 4514 5078 5190 -1 4514 5190 4459 -1 5138 5135 3126 -1 3157 3158 3159 -1 3160 3161 3162 -1 3157 3163 3158 -1 3160 3162 3164 -1 3157 3165 3163 -1 3166 3167 3168 -1 3166 3169 3167 -1 3170 3164 3171 -1 3170 3160 3164 -1 3172 3173 3174 -1 3175 3168 3165 -1 3175 3166 3168 -1 3176 3174 3177 -1 3178 3179 3180 -1 3176 3172 3174 -1 3181 3177 3182 -1 3183 3180 3184 -1 3183 3178 3180 -1 3181 3176 3177 -1 3185 3173 3172 -1 3185 3172 3176 -1 3186 3184 3187 -1 3186 3183 3184 -1 3185 3188 3173 -1 3189 3157 3159 -1 3190 3176 3181 -1 3189 3165 3157 -1 3190 3185 3176 -1 3191 3182 3192 -1 3189 3175 3165 -1 3191 3181 3182 -1 3193 3186 3187 -1 3193 3187 3169 -1 3194 3181 3191 -1 3195 3178 3183 -1 3194 3190 3181 -1 3196 3194 3191 -1 3195 3179 3178 -1 3197 3183 3186 -1 3197 3195 3183 -1 3198 3192 3161 -1 3198 3191 3192 -1 3199 3188 3185 -1 3199 3185 3190 -1 3200 3197 3186 -1 3199 3201 3188 -1 3200 3186 3193 -1 3202 3200 3193 -1 3203 3161 3160 -1 3203 3198 3161 -1 3204 3193 3169 -1 3205 3199 3190 -1 3204 3169 3166 -1 3206 3207 3208 -1 3209 3198 3203 -1 3210 3204 3166 -1 3210 3166 3175 -1 3211 3206 3208 -1 3209 3196 3191 -1 3209 3191 3198 -1 3212 3179 3195 -1 3213 3190 3194 -1 3213 3205 3190 -1 3214 3209 3203 -1 3215 3212 3195 -1 3216 3213 3194 -1 3215 3195 3197 -1 3217 3200 3202 -1 3217 3197 3200 -1 3216 3194 3196 -1 3217 3215 3197 -1 3218 3171 3219 -1 3220 3193 3204 -1 3218 3170 3171 -1 3220 3202 3193 -1 3218 3160 3170 -1 3220 3204 3210 -1 3218 3203 3160 -1 3221 3214 3203 -1 3221 3218 3219 -1 3221 3203 3218 -1 3222 3196 3209 -1 3223 3217 3202 -1 3222 3216 3196 -1 3224 3175 3189 -1 3224 3210 3175 -1 3225 3209 3214 -1 3224 3159 3226 -1 3225 3222 3209 -1 3224 3189 3159 -1 3227 3210 3224 -1 3228 3221 3219 -1 3228 3225 3214 -1 3227 3220 3210 -1 3229 3202 3220 -1 3228 3214 3221 -1 3229 3223 3202 -1 3230 3227 3224 -1 3230 3224 3226 -1 3230 3226 3231 -1 3232 3229 3220 -1 3233 3201 3199 -1 3232 3220 3227 -1 3234 3179 3212 -1 3235 3233 3199 -1 3235 3199 3205 -1 3234 3236 3179 -1 3237 3212 3215 -1 3238 3201 3233 -1 3238 3233 3235 -1 3238 3239 3201 -1 3237 3234 3212 -1 3240 3238 3235 -1 3241 3215 3217 -1 3242 3205 3213 -1 3242 3235 3205 -1 3241 3237 3215 -1 3243 3217 3223 -1 3243 3241 3217 -1 3244 3213 3216 -1 3245 3227 3230 -1 3244 3242 3213 -1 3245 3232 3227 -1 3245 3230 3231 -1 3246 3234 3237 -1 3247 3240 3235 -1 3247 3235 3242 -1 3246 3236 3234 -1 3248 3242 3244 -1 3248 3247 3242 -1 3249 3246 3237 -1 3250 3216 3222 -1 3249 3237 3241 -1 3251 3243 3223 -1 3251 3223 3229 -1 3250 3244 3216 -1 3252 3239 3238 -1 3253 3241 3243 -1 3253 3249 3241 -1 3254 3252 3238 -1 3255 3229 3232 -1 3254 3238 3240 -1 3255 3251 3229 -1 3256 3250 3222 -1 3256 3222 3225 -1 3257 3236 3246 -1 3258 3248 3244 -1 3259 3246 3249 -1 3258 3244 3250 -1 3259 3257 3246 -1 3260 3243 3251 -1 3261 3250 3256 -1 3261 3258 3250 -1 3260 3253 3243 -1 3262 3254 3240 -1 3263 3259 3249 -1 3262 3240 3247 -1 3263 3249 3253 -1 3263 3253 3260 -1 3264 3263 3260 -1 3265 3247 3248 -1 3265 3262 3247 -1 3266 3255 3232 -1 3266 3231 3267 -1 3266 3232 3245 -1 3268 3256 3225 -1 3266 3245 3231 -1 3268 3228 3219 -1 3268 3225 3228 -1 3268 3219 3269 -1 3270 3260 3251 -1 3270 3251 3255 -1 3271 3239 3252 -1 3272 3270 3255 -1 3272 3255 3266 -1 3271 3273 3239 -1 3274 3271 3252 -1 3275 3260 3270 -1 3274 3252 3254 -1 3275 3264 3260 -1 3276 3275 3270 -1 3277 3269 3278 -1 3277 3256 3268 -1 3276 3270 3272 -1 3277 3261 3256 -1 3277 3268 3269 -1 3279 3254 3262 -1 3280 3281 3236 -1 3280 3236 3257 -1 3279 3274 3254 -1 3282 3279 3262 -1 3283 3280 3257 -1 3282 3262 3265 -1 3283 3257 3259 -1 3284 3248 3258 -1 3284 3265 3248 -1 3285 3266 3267 -1 3285 3267 3286 -1 3285 3272 3266 -1 3287 3258 3261 -1 3287 3284 3258 -1 3288 3283 3259 -1 3288 3259 3263 -1 3289 3265 3284 -1 3289 3282 3265 -1 3290 3288 3263 -1 3290 3263 3264 -1 3291 3287 3261 -1 3291 3277 3278 -1 3292 3276 3272 -1 3291 3261 3277 -1 3292 3272 3285 -1 3292 3285 3286 -1 3293 3284 3287 -1 3293 3289 3284 -1 3294 3281 3280 -1 3295 3273 3271 -1 3296 3294 3280 -1 3296 3280 3283 -1 3297 3264 3275 -1 3298 3295 3271 -1 3297 3290 3264 -1 3298 3271 3274 -1 3298 3274 3279 -1 3299 3273 3295 -1 3300 3283 3288 -1 3300 3296 3283 -1 3299 3301 3273 -1 3302 3275 3276 -1 3299 3295 3298 -1 3302 3297 3275 -1 3303 3299 3298 -1 3304 3288 3290 -1 3305 3298 3279 -1 3304 3300 3288 -1 3306 3281 3294 -1 3306 3294 3296 -1 3307 3303 3298 -1 3306 3308 3281 -1 3307 3298 3305 -1 3309 3305 3279 -1 3310 3306 3296 -1 3309 3307 3305 -1 3310 3296 3300 -1 3309 3279 3282 -1 3311 3276 3292 -1 3311 3292 3286 -1 3311 3302 3276 -1 3312 3307 3309 -1 3311 3286 3313 -1 3314 3291 3278 -1 3315 3300 3304 -1 3314 3278 3316 -1 3315 3310 3300 -1 3314 3293 3287 -1 3314 3287 3291 -1 3317 3301 3299 -1 3318 3290 3297 -1 3318 3304 3290 -1 3319 3315 3304 -1 3320 3299 3303 -1 3320 3317 3299 -1 3319 3304 3318 -1 3321 3297 3302 -1 3321 3318 3297 -1 3322 3282 3289 -1 3322 3309 3282 -1 3323 3302 3311 -1 3323 3321 3302 -1 3323 3313 3324 -1 3323 3311 3313 -1 3322 3289 3293 -1 3325 3309 3322 -1 3326 3319 3318 -1 3326 3318 3321 -1 3325 3312 3309 -1 3327 3320 3303 -1 3328 3321 3323 -1 3327 3303 3307 -1 3328 3326 3321 -1 3329 3308 3306 -1 3330 3322 3293 -1 3331 3306 3310 -1 3332 3322 3330 -1 3332 3325 3322 -1 3331 3329 3306 -1 3333 3307 3312 -1 3333 3327 3307 -1 3334 3310 3315 -1 3334 3315 3319 -1 3335 3301 3317 -1 3334 3331 3310 -1 3335 3336 3301 -1 3337 3317 3320 -1 3338 3334 3319 -1 3339 3323 3324 -1 3337 3335 3317 -1 3339 3328 3323 -1 3340 3316 3341 -1 3340 3314 3316 -1 3340 3330 3293 -1 3342 3308 3329 -1 3340 3293 3314 -1 3343 3342 3329 -1 3344 3320 3327 -1 3344 3337 3320 -1 3343 3329 3331 -1 3345 3340 3341 -1 3343 3331 3334 -1 3345 3332 3330 -1 3345 3330 3340 -1 3346 3343 3334 -1 3347 3327 3333 -1 3346 3334 3338 -1 3347 3344 3327 -1 3348 3312 3325 -1 3349 3319 3326 -1 3348 3333 3312 -1 3349 3326 3328 -1 3349 3338 3319 -1 3350 3351 3352 -1 3353 3346 3338 -1 3354 3325 3332 -1 3354 3348 3325 -1 3355 3349 3328 -1 3356 3350 3352 -1 3357 3358 3351 -1 3359 3347 3333 -1 3359 3333 3348 -1 3357 3350 3356 -1 3360 3308 3342 -1 3357 3351 3350 -1 3361 3345 3341 -1 3360 3362 3308 -1 3361 3332 3345 -1 3363 3342 3343 -1 3364 3357 3356 -1 3361 3354 3332 -1 3365 3356 3352 -1 3366 3348 3354 -1 3366 3359 3348 -1 3363 3360 3342 -1 3367 3355 3328 -1 3368 3356 3365 -1 3367 3324 3369 -1 3370 3336 3335 -1 3370 3335 3337 -1 3367 3339 3324 -1 3368 3364 3356 -1 3367 3328 3339 -1 3371 3353 3338 -1 3370 3372 3336 -1 3373 3368 3365 -1 3371 3338 3349 -1 3373 3365 3352 -1 3374 3370 3337 -1 3375 3355 3367 -1 3374 3337 3344 -1 3375 3371 3349 -1 3376 3368 3373 -1 3375 3349 3355 -1 3377 3352 3378 -1 3379 3343 3346 -1 3377 3373 3352 -1 3379 3363 3343 -1 3380 3373 3377 -1 3381 3372 3370 -1 3382 3381 3370 -1 3380 3376 3373 -1 3383 3346 3353 -1 3384 3380 3377 -1 3382 3370 3374 -1 3383 3379 3346 -1 3384 3377 3378 -1 3385 3382 3374 -1 3386 3375 3367 -1 3387 3380 3384 -1 3385 3374 3344 -1 3386 3367 3369 -1 3388 3378 3389 -1 3385 3344 3347 -1 3386 3369 3390 -1 3391 3353 3371 -1 3388 3384 3378 -1 3392 3382 3385 -1 3391 3383 3353 -1 3393 3384 3388 -1 3393 3388 3389 -1 3393 3387 3384 -1 3394 3366 3354 -1 3395 3371 3375 -1 3394 3341 3396 -1 3394 3354 3361 -1 3395 3391 3371 -1 3397 3358 3357 -1 3394 3361 3341 -1 3395 3375 3386 -1 3398 3385 3347 -1 3399 3362 3360 -1 3399 3360 3363 -1 3398 3347 3359 -1 3400 3357 3364 -1 3401 3399 3363 -1 3402 3385 3398 -1 3402 3392 3385 -1 3400 3397 3357 -1 3403 3372 3381 -1 3404 3358 3397 -1 3405 3363 3379 -1 3406 3397 3400 -1 3407 3381 3382 -1 3405 3379 3383 -1 3406 3404 3397 -1 3405 3401 3363 -1 3407 3403 3381 -1 3408 3386 3390 -1 3409 3382 3392 -1 3408 3395 3386 -1 3409 3407 3382 -1 3410 3405 3383 -1 3411 3364 3368 -1 3411 3400 3364 -1 3409 3392 3402 -1 3412 3406 3400 -1 3412 3400 3411 -1 3413 3398 3359 -1 3414 3362 3399 -1 3415 3411 3368 -1 3413 3359 3366 -1 3416 3409 3402 -1 3417 3399 3401 -1 3415 3368 3376 -1 3418 3412 3411 -1 3417 3414 3399 -1 3419 3402 3398 -1 3417 3401 3405 -1 3418 3411 3415 -1 3419 3398 3413 -1 3420 3366 3394 -1 3421 3415 3376 -1 3422 3417 3405 -1 3423 3383 3391 -1 3421 3376 3380 -1 3420 3413 3366 -1 3423 3391 3395 -1 3423 3410 3383 -1 3424 3418 3415 -1 3425 3419 3413 -1 3424 3415 3421 -1 3425 3413 3420 -1 3426 3372 3403 -1 3427 3362 3414 -1 3428 3424 3421 -1 3426 3403 3407 -1 3428 3421 3380 -1 3428 3380 3387 -1 3426 3429 3372 -1 3430 3405 3410 -1 3431 3424 3428 -1 3430 3422 3405 -1 3432 3407 3409 -1 3433 3389 3434 -1 3432 3426 3407 -1 3433 3393 3389 -1 3433 3428 3387 -1 3435 3416 3402 -1 3435 3402 3419 -1 3436 3423 3395 -1 3433 3387 3393 -1 3437 3433 3434 -1 3435 3419 3425 -1 3437 3434 3438 -1 3437 3428 3433 -1 3439 3414 3417 -1 3437 3431 3428 -1 3440 3394 3396 -1 3439 3427 3414 -1 3441 3442 3358 -1 3440 3420 3394 -1 3441 3358 3404 -1 3440 3396 3443 -1 3441 3404 3406 -1 3444 3417 3422 -1 3445 3409 3416 -1 3444 3439 3417 -1 3445 3432 3409 -1 3446 3440 3443 -1 3447 3422 3430 -1 3446 3425 3420 -1 3446 3420 3440 -1 3447 3444 3422 -1 3448 3408 3390 -1 3449 3441 3406 -1 3450 3435 3425 -1 3448 3390 3451 -1 3449 3406 3412 -1 3448 3395 3408 -1 3448 3436 3395 -1 3452 3442 3441 -1 3453 3430 3410 -1 3453 3410 3423 -1 3454 3416 3435 -1 3455 3452 3441 -1 3454 3445 3416 -1 3455 3441 3449 -1 3456 3443 3457 -1 3456 3446 3443 -1 3456 3425 3446 -1 3458 3352 3362 -1 3459 3455 3449 -1 3456 3450 3425 -1 3458 3362 3427 -1 3459 3449 3412 -1 3460 3435 3450 -1 3459 3412 3418 -1 3461 3458 3427 -1 3460 3454 3435 -1 3461 3352 3458 -1 3462 3460 3450 -1 3461 3427 3439 -1 3463 3459 3418 -1 3462 3450 3456 -1 3463 3418 3424 -1 3464 3429 3426 -1 3465 3453 3423 -1 3466 3455 3459 -1 3465 3423 3436 -1 3467 3461 3439 -1 3464 3468 3429 -1 3467 3352 3461 -1 3469 3466 3459 -1 3467 3439 3444 -1 3469 3459 3463 -1 3470 3426 3432 -1 3470 3464 3426 -1 3471 3430 3453 -1 3472 3424 3431 -1 3472 3463 3424 -1 3471 3447 3430 -1 3473 3431 3437 -1 3474 3352 3467 -1 3475 3470 3432 -1 3474 3467 3444 -1 3473 3472 3431 -1 3475 3432 3445 -1 3474 3444 3447 -1 3476 3469 3463 -1 3477 3471 3453 -1 3476 3463 3472 -1 3478 3456 3457 -1 3477 3453 3465 -1 3479 3476 3472 -1 3478 3462 3456 -1 3480 3465 3436 -1 3479 3472 3473 -1 3480 3448 3451 -1 3481 3479 3473 -1 3482 3468 3464 -1 3480 3451 3483 -1 3481 3473 3437 -1 3480 3436 3448 -1 3481 3437 3438 -1 3484 3445 3454 -1 3485 3477 3465 -1 3486 3438 3487 -1 3486 3481 3438 -1 3485 3480 3483 -1 3486 3479 3481 -1 3484 3475 3445 -1 3485 3465 3480 -1 3488 3447 3471 -1 3489 3490 3442 -1 3488 3378 3352 -1 3491 3464 3470 -1 3488 3352 3474 -1 3491 3482 3464 -1 3488 3474 3447 -1 3492 3488 3471 -1 3489 3442 3452 -1 3492 3378 3488 -1 3493 3470 3475 -1 3492 3471 3477 -1 3494 3492 3477 -1 3493 3491 3470 -1 3494 3477 3485 -1 3495 3452 3455 -1 3494 3485 3483 -1 3494 3378 3492 -1 3494 3483 3496 -1 3495 3489 3452 -1 3494 3496 3378 -1 3497 3475 3484 -1 3497 3493 3475 -1 3498 3489 3495 -1 3498 3490 3489 -1 3499 3454 3460 -1 3499 3484 3454 -1 3500 3498 3495 -1 3501 3495 3455 -1 3502 3503 3468 -1 3502 3468 3482 -1 3501 3500 3495 -1 3501 3455 3466 -1 3504 3499 3460 -1 3504 3460 3462 -1 3505 3466 3469 -1 3505 3501 3466 -1 3506 3502 3482 -1 3506 3482 3491 -1 3507 3497 3484 -1 3508 3500 3501 -1 3508 3501 3505 -1 3507 3484 3499 -1 3509 3508 3505 -1 3510 3491 3493 -1 3511 3469 3476 -1 3511 3505 3469 -1 3510 3506 3491 -1 3512 3507 3499 -1 3513 3476 3479 -1 3512 3499 3504 -1 3513 3511 3476 -1 3514 3493 3497 -1 3515 3509 3505 -1 3515 3505 3511 -1 3514 3510 3493 -1 3516 3504 3462 -1 3517 3511 3513 -1 3516 3457 3518 -1 3517 3515 3511 -1 3516 3478 3457 -1 3516 3462 3478 -1 3519 3486 3487 -1 3520 3504 3516 -1 3519 3479 3486 -1 3520 3512 3504 -1 3519 3513 3479 -1 3520 3516 3518 -1 3521 3487 3522 -1 3523 3497 3507 -1 3521 3519 3487 -1 3521 3517 3513 -1 3523 3514 3497 -1 3521 3513 3519 -1 3524 3525 3490 -1 3524 3490 3498 -1 3526 3507 3512 -1 3524 3498 3500 -1 3526 3523 3507 -1 3527 3503 3502 -1 3528 3500 3508 -1 3528 3524 3500 -1 3527 3529 3503 -1 3530 3502 3506 -1 3531 3524 3528 -1 3531 3525 3524 -1 3530 3527 3502 -1 3532 3508 3509 -1 3532 3528 3508 -1 3533 3506 3510 -1 3534 3531 3528 -1 3533 3530 3506 -1 3535 3509 3515 -1 3536 3512 3520 -1 3536 3526 3512 -1 3535 3532 3509 -1 3536 3520 3518 -1 3536 3518 3537 -1 3538 3527 3530 -1 3538 3529 3527 -1 3539 3528 3532 -1 3539 3534 3528 -1 3540 3510 3514 -1 3541 3532 3535 -1 3540 3533 3510 -1 3541 3539 3532 -1 3542 3535 3515 -1 3542 3515 3517 -1 3543 3538 3530 -1 3544 3517 3521 -1 3544 3542 3517 -1 3545 3530 3533 -1 3545 3543 3530 -1 3546 3535 3542 -1 3546 3541 3535 -1 3547 3546 3542 -1 3548 3533 3540 -1 3548 3545 3533 -1 3547 3542 3544 -1 3549 3521 3522 -1 3550 3514 3523 -1 3549 3544 3521 -1 3550 3540 3514 -1 3551 3547 3544 -1 3551 3544 3549 -1 3552 3529 3538 -1 3551 3549 3522 -1 3551 3522 3553 -1 3554 3555 3525 -1 3552 3556 3529 -1 3557 3523 3526 -1 3554 3525 3531 -1 3557 3550 3523 -1 3558 3552 3538 -1 3558 3538 3543 -1 3559 3554 3531 -1 3559 3531 3534 -1 3560 3548 3540 -1 3560 3540 3550 -1 3561 3559 3534 -1 3561 3534 3539 -1 3561 3539 3541 -1 3562 3543 3545 -1 3563 3561 3541 -1 3562 3558 3543 -1 3564 3550 3557 -1 3564 3560 3550 -1 3565 3555 3554 -1 3566 3559 3561 -1 3567 3545 3548 -1 3567 3562 3545 -1 3566 3565 3554 -1 3566 3554 3559 -1 3568 3526 3536 -1 3568 3537 3569 -1 3568 3557 3526 -1 3568 3536 3537 -1 3570 3566 3561 -1 3571 3561 3563 -1 3572 3564 3557 -1 3571 3570 3561 -1 3572 3568 3569 -1 3572 3557 3568 -1 3573 3563 3541 -1 3574 3548 3560 -1 3573 3541 3546 -1 3574 3567 3548 -1 3575 3573 3546 -1 3576 3574 3560 -1 3576 3560 3564 -1 3575 3546 3547 -1 3577 3563 3573 -1 3577 3578 3571 -1 3577 3571 3563 -1 3579 3556 3552 -1 3580 3551 3553 -1 3579 3581 3556 -1 3580 3575 3547 -1 3580 3547 3551 -1 3582 3553 3578 -1 3582 3580 3553 -1 3582 3578 3577 -1 3582 3573 3575 -1 3583 3579 3552 -1 3582 3577 3573 -1 3582 3575 3580 -1 3583 3552 3558 -1 3584 3207 3555 -1 3584 3555 3565 -1 3584 3565 3566 -1 3584 3566 3570 -1 3585 3581 3579 -1 3584 3570 3571 -1 3586 3571 3578 -1 3585 3579 3583 -1 3586 3584 3571 -1 3587 3585 3583 -1 3588 3207 3584 -1 3589 3578 3590 -1 3591 3583 3558 -1 3589 3586 3578 -1 3589 3584 3586 -1 3589 3588 3584 -1 3591 3558 3562 -1 3592 3208 3207 -1 3592 3207 3588 -1 3592 3588 3589 -1 3593 3576 3564 -1 3594 3590 3208 -1 3594 3208 3592 -1 3594 3589 3590 -1 3593 3569 3595 -1 3594 3592 3589 -1 3596 3597 3206 -1 3593 3572 3569 -1 3596 3206 3211 -1 3593 3564 3572 -1 3598 3599 3597 -1 3600 3587 3583 -1 3600 3583 3591 -1 3598 3597 3596 -1 3598 3596 3211 -1 3601 3211 3602 -1 3601 3598 3211 -1 3603 3591 3562 -1 3604 3599 3598 -1 3603 3562 3567 -1 3604 3598 3601 -1 3605 3591 3603 -1 3605 3600 3591 -1 3606 3604 3601 -1 3607 3601 3602 -1 3607 3606 3601 -1 3608 3581 3585 -1 3609 3610 3599 -1 3611 3585 3587 -1 3609 3599 3604 -1 3609 3604 3606 -1 3611 3608 3585 -1 3612 3611 3587 -1 3613 3606 3607 -1 3613 3609 3606 -1 3612 3587 3600 -1 3614 3607 3602 -1 3614 3613 3607 -1 3615 3603 3567 -1 3616 3614 3602 -1 3615 3567 3574 -1 3617 3618 3610 -1 3619 3600 3605 -1 3619 3612 3600 -1 3617 3610 3609 -1 3620 3603 3615 -1 3620 3605 3603 -1 3621 3617 3609 -1 3622 3574 3576 -1 3621 3609 3613 -1 3622 3615 3574 -1 3623 3620 3615 -1 3624 3618 3617 -1 3623 3615 3622 -1 3624 3617 3621 -1 3625 3608 3611 -1 3625 3581 3608 -1 3626 3624 3621 -1 3625 3627 3581 -1 3628 3611 3612 -1 3629 3621 3613 -1 3629 3613 3614 -1 3628 3625 3611 -1 3630 3622 3576 -1 3630 3593 3595 -1 3631 3602 3632 -1 3630 3595 3633 -1 3631 3616 3602 -1 3630 3576 3593 -1 3634 3629 3614 -1 3635 3619 3605 -1 3635 3605 3620 -1 3635 3620 3623 -1 3634 3614 3616 -1 3636 3621 3629 -1 3637 3612 3619 -1 3636 3626 3621 -1 3637 3628 3612 -1 3638 3629 3634 -1 3638 3636 3629 -1 3639 3622 3630 -1 3639 3623 3622 -1 3639 3630 3633 -1 3640 3618 3624 -1 3641 3635 3623 -1 3640 3642 3618 -1 3643 3624 3626 -1 3644 3619 3635 -1 3644 3637 3619 -1 3643 3640 3624 -1 3645 3633 3646 -1 3645 3639 3633 -1 3645 3623 3639 -1 3647 3634 3616 -1 3645 3641 3623 -1 3647 3616 3631 -1 3648 3635 3641 -1 3649 3631 3632 -1 3648 3644 3635 -1 3649 3632 3650 -1 3649 3647 3631 -1 3651 3634 3647 -1 3652 3641 3645 -1 3651 3638 3634 -1 3652 3648 3641 -1 3653 3627 3625 -1 3654 3626 3636 -1 3654 3643 3626 -1 3655 3651 3647 -1 3656 3625 3628 -1 3655 3647 3649 -1 3656 3653 3625 -1 3655 3649 3650 -1 3657 3654 3636 -1 3657 3636 3638 -1 3658 3627 3653 -1 3658 3659 3627 -1 3660 3638 3651 -1 3661 3628 3637 -1 3660 3657 3638 -1 3661 3656 3628 -1 3662 3660 3651 -1 3663 3658 3653 -1 3662 3651 3655 -1 3663 3653 3656 -1 3664 3650 3665 -1 3664 3655 3650 -1 3666 3637 3644 -1 3664 3662 3655 -1 3667 3642 3640 -1 3666 3661 3637 -1 3668 3645 3646 -1 3668 3652 3645 -1 3669 3663 3656 -1 3667 3670 3642 -1 3671 3640 3643 -1 3671 3643 3654 -1 3669 3656 3661 -1 3672 3661 3666 -1 3671 3667 3640 -1 3672 3669 3661 -1 3673 3670 3667 -1 3673 3667 3671 -1 3674 3673 3671 -1 3675 3659 3658 -1 3676 3654 3657 -1 3677 3675 3658 -1 3676 3671 3654 -1 3677 3658 3663 -1 3678 3676 3657 -1 3679 3644 3648 -1 3679 3666 3644 -1 3680 3674 3671 -1 3680 3676 3678 -1 3680 3671 3676 -1 3681 3679 3648 -1 3681 3648 3652 -1 3682 3663 3669 -1 3683 3680 3678 -1 3684 3670 3673 -1 3682 3677 3663 -1 3684 3685 3670 -1 3686 3669 3672 -1 3687 3673 3674 -1 3687 3684 3673 -1 3686 3682 3669 -1 3688 3672 3666 -1 3689 3674 3680 -1 3688 3666 3679 -1 3689 3687 3674 -1 3690 3679 3681 -1 3691 3678 3657 -1 3690 3688 3679 -1 3691 3657 3660 -1 3692 3668 3646 -1 3692 3652 3668 -1 3692 3681 3652 -1 3692 3646 3693 -1 3694 3680 3683 -1 3695 3659 3675 -1 3694 3689 3680 -1 3695 3696 3659 -1 3697 3660 3662 -1 3698 3675 3677 -1 3697 3691 3660 -1 3698 3695 3675 -1 3699 3678 3691 -1 3699 3683 3678 -1 3700 3686 3672 -1 3699 3691 3697 -1 3700 3672 3688 -1 3700 3688 3690 -1 3701 3699 3697 -1 3702 3690 3681 -1 3702 3681 3692 -1 3703 3665 3704 -1 3702 3692 3693 -1 3703 3664 3665 -1 3703 3662 3664 -1 3703 3697 3662 -1 3705 3677 3682 -1 3706 3683 3699 -1 3705 3698 3677 -1 3706 3694 3683 -1 3707 3701 3697 -1 3707 3703 3704 -1 3708 3700 3690 -1 3707 3697 3703 -1 3709 3699 3701 -1 3710 3705 3682 -1 3709 3706 3699 -1 3711 3707 3704 -1 3710 3682 3686 -1 3712 3690 3702 -1 3711 3701 3707 -1 3712 3702 3693 -1 3711 3709 3701 -1 3712 3708 3690 -1 3713 3686 3700 -1 3713 3710 3686 -1 3714 3685 3684 -1 3714 3684 3687 -1 3715 3696 3695 -1 3716 3714 3687 -1 3716 3687 3689 -1 3717 3685 3714 -1 3717 3714 3716 -1 3718 3700 3708 -1 3718 3713 3700 -1 3717 3719 3685 -1 3720 3717 3716 -1 3721 3695 3698 -1 3722 3716 3689 -1 3721 3715 3695 -1 3723 3696 3715 -1 3723 3724 3696 -1 3725 3722 3689 -1 3723 3715 3721 -1 3725 3689 3694 -1 3726 3705 3710 -1 3727 3716 3722 -1 3727 3720 3716 -1 3726 3698 3705 -1 3727 3722 3725 -1 3726 3721 3698 -1 3728 3727 3725 -1 3729 3723 3721 -1 3730 3717 3720 -1 3730 3719 3717 -1 3731 3726 3710 -1 3730 3732 3719 -1 3733 3720 3727 -1 3733 3730 3720 -1 3734 3693 3735 -1 3734 3712 3693 -1 3734 3708 3712 -1 3736 3727 3728 -1 3734 3718 3708 -1 3736 3733 3727 -1 3737 3694 3706 -1 3738 3721 3726 -1 3738 3729 3721 -1 3737 3725 3694 -1 3739 3724 3723 -1 3739 3723 3729 -1 3740 3736 3728 -1 3741 3706 3709 -1 3742 3726 3731 -1 3742 3738 3726 -1 3741 3737 3706 -1 3743 3728 3725 -1 3744 3729 3738 -1 3744 3739 3729 -1 3743 3725 3737 -1 3745 3744 3738 -1 3743 3737 3741 -1 3746 3743 3741 -1 3745 3738 3742 -1 3747 3741 3709 -1 3747 3711 3704 -1 3747 3709 3711 -1 3747 3704 3748 -1 3749 3750 3724 -1 3749 3724 3739 -1 3747 3746 3741 -1 3749 3739 3744 -1 3751 3740 3728 -1 3752 3710 3713 -1 3751 3728 3743 -1 3751 3743 3746 -1 3752 3713 3718 -1 3752 3731 3710 -1 3753 3751 3746 -1 3754 3744 3745 -1 3755 3747 3748 -1 3755 3746 3747 -1 3754 3749 3744 -1 3756 3745 3742 -1 3757 3753 3746 -1 3757 3755 3748 -1 3757 3746 3755 -1 3758 3730 3733 -1 3759 3752 3718 -1 3758 3732 3730 -1 3759 3718 3734 -1 3760 3731 3752 -1 3761 3758 3733 -1 3761 3733 3736 -1 3760 3752 3759 -1 3760 3742 3731 -1 3762 3754 3745 -1 3763 3732 3758 -1 3762 3745 3756 -1 3764 3760 3759 -1 3763 3765 3732 -1 3766 3758 3761 -1 3766 3763 3758 -1 3767 3762 3756 -1 3768 3761 3736 -1 3768 3736 3740 -1 3769 3764 3759 -1 3769 3759 3734 -1 3769 3734 3735 -1 3770 3740 3751 -1 3769 3735 3771 -1 3772 3756 3742 -1 3772 3760 3764 -1 3770 3768 3740 -1 3772 3742 3760 -1 3773 3761 3768 -1 3774 3772 3764 -1 3773 3766 3761 -1 3775 3773 3768 -1 3776 3764 3769 -1 3776 3769 3771 -1 3775 3768 3770 -1 3777 3767 3756 -1 3778 3765 3763 -1 3777 3756 3772 -1 3778 3779 3765 -1 3780 3766 3773 -1 3777 3772 3774 -1 3780 3778 3763 -1 3781 3777 3774 -1 3780 3763 3766 -1 3782 3774 3764 -1 3782 3764 3776 -1 3782 3776 3771 -1 3782 3781 3774 -1 3783 3780 3773 -1 3782 3771 3784 -1 3785 3750 3749 -1 3786 3770 3751 -1 3786 3751 3753 -1 3787 3783 3773 -1 3788 3749 3754 -1 3787 3773 3775 -1 3788 3785 3749 -1 3789 3786 3753 -1 3789 3753 3757 -1 3790 3775 3770 -1 3790 3770 3786 -1 3791 3781 3782 -1 3791 3782 3784 -1 3792 3754 3762 -1 3793 3786 3789 -1 3793 3790 3786 -1 3792 3788 3754 -1 3794 3789 3757 -1 3795 3762 3767 -1 3794 3748 3796 -1 3794 3793 3789 -1 3794 3757 3748 -1 3797 3787 3775 -1 3795 3792 3762 -1 3798 3750 3785 -1 3797 3775 3790 -1 3798 3785 3788 -1 3799 3794 3796 -1 3799 3793 3794 -1 3800 3788 3792 -1 3801 3790 3793 -1 3801 3797 3790 -1 3800 3798 3788 -1 3802 3799 3796 -1 3803 3750 3798 -1 3802 3793 3799 -1 3802 3801 3793 -1 3803 3804 3750 -1 3805 3779 3778 -1 3803 3798 3800 -1 3806 3803 3800 -1 3805 3807 3779 -1 3808 3792 3795 -1 3809 3778 3780 -1 3808 3800 3792 -1 3809 3805 3778 -1 3810 3806 3800 -1 3811 3807 3805 -1 3810 3800 3808 -1 3812 3808 3795 -1 3813 3811 3805 -1 3813 3805 3809 -1 3814 3810 3808 -1 3815 3780 3783 -1 3814 3808 3812 -1 3816 3767 3777 -1 3815 3809 3780 -1 3816 3795 3767 -1 3817 3815 3783 -1 3818 3777 3781 -1 3817 3783 3787 -1 3818 3816 3777 -1 3819 3813 3809 -1 3820 3821 3804 -1 3819 3809 3815 -1 3820 3804 3803 -1 3822 3815 3817 -1 3822 3819 3815 -1 3823 3795 3816 -1 3824 3807 3811 -1 3824 3811 3813 -1 3823 3812 3795 -1 3823 3816 3818 -1 3824 3825 3807 -1 3826 3824 3813 -1 3826 3813 3819 -1 3827 3803 3806 -1 3828 3826 3819 -1 3827 3820 3803 -1 3829 3812 3823 -1 3828 3819 3822 -1 3830 3787 3797 -1 3829 3814 3812 -1 3831 3823 3818 -1 3830 3817 3787 -1 3832 3784 3833 -1 3832 3791 3784 -1 3834 3828 3822 -1 3832 3781 3791 -1 3832 3818 3781 -1 3835 3829 3823 -1 3836 3797 3801 -1 3835 3823 3831 -1 3836 3830 3797 -1 3837 3827 3806 -1 3838 3822 3817 -1 3838 3817 3830 -1 3837 3806 3810 -1 3839 3830 3836 -1 3839 3838 3830 -1 3840 3837 3810 -1 3841 3796 3842 -1 3841 3802 3796 -1 3841 3801 3802 -1 3840 3810 3814 -1 3841 3836 3801 -1 3843 3831 3818 -1 3843 3832 3833 -1 3844 3822 3838 -1 3844 3834 3822 -1 3843 3818 3832 -1 3845 3831 3843 -1 3844 3838 3839 -1 3845 3835 3831 -1 3845 3843 3833 -1 3846 3841 3842 -1 3845 3833 3847 -1 3848 3814 3829 -1 3846 3839 3836 -1 3846 3836 3841 -1 3848 3840 3814 -1 3849 3844 3839 -1 3850 3829 3835 -1 3849 3839 3846 -1 3850 3835 3845 -1 3851 3849 3846 -1 3851 3846 3842 -1 3850 3848 3829 -1 3852 3824 3826 -1 3852 3825 3824 -1 3853 3821 3820 -1 3854 3820 3827 -1 3854 3853 3820 -1 3855 3852 3826 -1 3856 3827 3837 -1 3857 3855 3826 -1 3856 3854 3827 -1 3857 3826 3828 -1 3858 3837 3840 -1 3858 3856 3837 -1 3859 3860 3825 -1 3859 3825 3852 -1 3861 3852 3855 -1 3862 3850 3845 -1 3862 3845 3847 -1 3861 3859 3852 -1 3863 3853 3854 -1 3863 3821 3853 -1 3864 3857 3828 -1 3864 3828 3834 -1 3865 3854 3856 -1 3865 3863 3854 -1 3866 3861 3855 -1 3866 3855 3857 -1 3867 3866 3857 -1 3868 3856 3858 -1 3867 3857 3864 -1 3868 3865 3856 -1 3174 3860 3859 -1 3174 3859 3861 -1 3167 3868 3858 -1 3174 3173 3860 -1 3177 3861 3866 -1 3177 3174 3861 -1 3869 3840 3848 -1 3869 3858 3840 -1 3870 3864 3834 -1 3871 3869 3848 -1 3871 3848 3850 -1 3870 3834 3844 -1 3872 3844 3849 -1 3180 3821 3863 -1 3872 3870 3844 -1 3180 3179 3821 -1 3182 3866 3867 -1 3180 3863 3865 -1 3182 3177 3866 -1 3184 3180 3865 -1 3192 3182 3867 -1 3168 3858 3869 -1 3168 3869 3871 -1 3168 3167 3858 -1 3873 3867 3864 -1 3163 3850 3862 -1 3163 3847 3158 -1 3873 3864 3870 -1 3163 3862 3847 -1 3163 3871 3850 -1 3162 3870 3872 -1 3162 3873 3870 -1 3874 3849 3851 -1 3187 3184 3865 -1 3874 3842 3171 -1 3187 3865 3868 -1 3874 3872 3849 -1 3874 3851 3842 -1 3165 3168 3871 -1 3161 3867 3873 -1 3161 3873 3162 -1 3165 3871 3163 -1 3161 3192 3867 -1 3169 3868 3167 -1 3164 3162 3872 -1 3169 3187 3868 -1 3164 3874 3171 -1 3164 3872 3874 -1 3875 3876 3877 -1 3878 3879 3880 -1 3881 3882 3883 -1 3881 3884 3882 -1 3885 3881 3883 -1 3886 3887 3888 -1 3885 3883 3889 -1 3886 3888 3890 -1 3891 3892 3875 -1 3891 3893 3892 -1 3894 3893 3891 -1 3895 3878 3880 -1 3894 3896 3893 -1 3897 3898 3899 -1 3897 3899 3900 -1 3897 3900 3901 -1 3902 3885 3889 -1 3897 3901 3903 -1 3902 3889 3904 -1 3897 3903 3905 -1 3906 3902 3904 -1 3906 3904 3907 -1 3908 3896 3894 -1 3908 3909 3896 -1 3910 3909 3908 -1 3910 3911 3909 -1 3912 3906 3907 -1 3912 3907 3913 -1 3914 3915 3916 -1 3914 3916 3917 -1 3914 3917 3918 -1 3914 3918 3919 -1 3914 3919 3920 -1 3914 3920 3898 -1 3921 3912 3913 -1 3921 3913 3922 -1 3914 3898 3897 -1 3923 3911 3910 -1 3924 3915 3914 -1 3923 3925 3911 -1 3926 3921 3922 -1 3926 3925 3923 -1 3924 3927 3928 -1 3924 3928 3929 -1 3926 3922 3925 -1 3924 3929 3915 -1 3930 3886 3890 -1 3931 3927 3924 -1 3932 3890 3933 -1 3932 3933 3934 -1 3931 3935 3936 -1 3931 3936 3937 -1 3931 3937 3927 -1 3932 3930 3890 -1 3938 3878 3895 -1 3939 3935 3931 -1 3939 3940 3935 -1 3941 3940 3939 -1 3942 3934 3943 -1 3944 3879 3945 -1 3942 3932 3934 -1 3946 3941 3939 -1 3947 3942 3943 -1 3947 3943 3882 -1 3948 3941 3946 -1 3949 3948 3946 -1 3949 3946 3888 -1 3880 3879 3944 -1 3877 3876 3950 -1 3877 3950 3878 -1 3877 3878 3938 -1 3884 3947 3882 -1 3887 3949 3888 -1 3875 3892 3876 -1 5663 5095 5366 -1 5663 4343 5095 -1 5668 5672 5700 -1 5668 4343 5663 -1 5668 5700 5436 -1 5668 5719 4343 -1 5668 5436 5323 -1 5668 5323 5719 -1 5712 5718 4496 -1 5712 4654 5718 -1 5710 5691 5672 -1 4762 5086 4430 -1 5710 5684 5691 -1 5710 5680 5684 -1 5710 5677 5680 -1 5710 5712 4496 -1 5710 5367 5677 -1 5710 4496 5667 -1 5710 5671 5367 -1 5710 5672 5668 -1 5710 5667 5671 -1 5436 5665 5086 -1 5436 5700 5665 -1 4381 5668 4734 -1 5436 5086 4762 -1 5701 5120 5710 -1 5674 5668 4381 -1 5671 4618 5367 -1 4779 5710 5668 -1 4779 5668 5674 -1 5711 5436 5706 -1 4554 5701 5710 -1 5692 4554 5710 -1 4575 5710 4779 -1 4575 5692 5710 -1 5654 4575 4779 -1 5667 5121 5671 -1 5323 5711 5714 -1 5323 5436 5711 -1 5719 5323 5704 -1 5703 5720 4809 -1 4343 5703 4344 -1 4343 5719 5720 -1 4343 5720 5703 -1 4496 5599 5667 -1 4496 4345 5599 -1 4496 5724 4345 -1 3891 3451 3390 -1 3949 3595 3569 -1 3949 3569 3948 -1 3891 3390 3894 -1 3875 3483 3451 -1 3875 3496 3483 -1 3875 3451 3891 -1 3951 3704 3665 -1 3887 3633 3595 -1 3887 3595 3949 -1 3877 3378 3496 -1 3877 3496 3875 -1 3886 3646 3633 -1 3886 3633 3887 -1 4342 3704 3951 -1 3938 3389 3378 -1 4342 3951 4341 -1 3938 3378 3877 -1 4747 3704 4342 -1 4747 3748 3704 -1 3930 3693 3646 -1 3900 3748 4747 -1 3895 3434 3389 -1 3930 3646 3886 -1 3895 3389 3938 -1 3932 3735 3693 -1 3932 3693 3930 -1 3899 3796 3748 -1 3899 3748 3900 -1 3880 3438 3434 -1 3880 3434 3895 -1 3898 3796 3899 -1 3944 3487 3438 -1 3944 3438 3880 -1 3920 3842 3796 -1 3920 3796 3898 -1 3942 3771 3735 -1 3952 3522 3487 -1 3942 3735 3932 -1 3952 3487 3944 -1 3919 3842 3920 -1 3947 3784 3771 -1 4340 3952 3944 -1 3918 3171 3842 -1 3947 3771 3942 -1 3918 3842 3919 -1 3553 3522 3952 -1 3917 3171 3918 -1 3884 3784 3947 -1 3884 3833 3784 -1 3916 3219 3171 -1 3916 3171 3917 -1 3881 3833 3884 -1 3881 3847 3833 -1 3915 3269 3219 -1 3915 3219 3916 -1 3885 3847 3881 -1 3885 3158 3847 -1 3902 3158 3885 -1 3929 3278 3269 -1 3902 3159 3158 -1 3929 3269 3915 -1 3906 3159 3902 -1 3906 3226 3159 -1 3928 3316 3278 -1 3928 3278 3929 -1 3912 3226 3906 -1 5587 3341 3316 -1 3912 3231 3226 -1 5587 3316 3928 -1 3937 3396 3341 -1 3937 3341 5587 -1 3921 3231 3912 -1 3921 3267 3231 -1 3936 3396 3937 -1 3926 3267 3921 -1 3926 3286 3267 -1 3935 3443 3396 -1 3935 3396 3936 -1 3923 3286 3926 -1 3923 3313 3286 -1 3910 3313 3923 -1 3910 3324 3313 -1 3940 3457 3443 -1 3940 3518 3457 -1 3908 3369 3324 -1 3940 3443 3935 -1 3908 3324 3910 -1 3941 3537 3518 -1 3941 3518 3940 -1 3894 3390 3369 -1 3948 3569 3537 -1 3894 3369 3908 -1 3948 3537 3941 -1 "
						                >
							<Coordinate DEF="coords_ME_Shape_IndexedFaceSet_012"
							            point="68.637329 76.500000 24.701172 47.198486 76.500000 24.701172 47.198486 61.500000 24.701172 68.637329 61.500000 24.701172 -56.923218 -65.000000 -59.750244 -83.157349 -65.000000 -76.076538 -88.994263 -65.000000 -68.420654 -75.319824 -65.000000 -84.571289 -68.222778 -65.000000 -90.951050 -44.659668 -65.000000 -70.635742 -59.027710 -65.000000 -97.786621 -52.779053 -65.000000 -101.669312 -67.623779 -65.000000 -45.254395 -94.104736 -65.000000 -60.388672 -98.596436 -65.000000 -51.794556 -30.332031 -65.000000 -78.950562 -40.742065 -65.000000 -107.690796 -36.408081 -65.000000 -109.439697 -74.857178 -65.000000 -28.985352 -102.297607 -65.000000 -42.947266 -105.283081 -65.000000 -33.644653 -13.164673 -65.000000 -84.555786 -22.541138 -65.000000 -113.708740 -17.571167 -65.000000 -114.777954 -3.291992 -65.000000 -116.582031 -77.854736 -65.000000 -16.223999 -107.599609 -65.000000 -23.303955 -108.790771 -65.000000 -14.470337 -78.411255 -65.000000 -11.754761 -78.795776 -65.000000 -3.798828 -109.295776 -65.000000 -3.798828 -108.825806 -65.000000 6.495728 3.704224 -65.000000 -86.298828 2.675049 -65.000000 -116.794189 16.016602 -65.000000 -116.126099 -78.201050 -65.000000 6.089233 -107.842773 -65.000000 14.264282 16.129395 -65.000000 -85.357788 21.888794 -65.000000 -115.326050 19.852783 -65.000000 -84.703003 34.828979 -65.000000 -112.427734 -77.052734 -65.000000 13.070068 -105.020264 -65.000000 26.990601 28.890747 -65.000000 -82.360229 40.441040 -65.000000 -110.660400 -74.486816 -65.000000 22.514893 -103.304565 -65.000000 32.506958 36.323242 -65.000000 -79.576416 54.507935 -65.000000 -104.734375 -71.447510 -65.000000 30.237427 -97.433105 -65.000000 46.601929 45.159790 -65.000000 -75.126831 59.648315 -65.000000 -101.978516 -67.609497 -65.000000 37.681274 -94.700195 -65.000000 51.749146 51.899170 -65.000000 -70.757690 72.264282 -65.000000 -93.623779 -63.132690 -65.000000 44.565063 -86.231567 -65.000000 64.615845 -83.920044 -65.000000 67.552368 75.150757 -65.000000 -91.345337 -57.942261 -65.000000 51.027832 59.655640 -65.000000 -64.426270 80.703613 -65.000000 -86.503662 83.704224 -65.000000 -78.798828 -73.319946 -65.000000 78.883057 -52.247192 -65.000000 56.828613 65.350708 -65.000000 -58.625488 88.226440 -65.000000 -78.798828 -70.522827 -65.000000 81.402832 -44.490723 -65.000000 63.160034 83.704224 -65.000000 -53.798828 70.541138 -65.000000 -52.162720 75.017944 -65.000000 -45.278931 -58.053467 -65.000000 90.832031 -37.751343 -65.000000 67.529175 -54.040771 -65.000000 93.332520 78.855957 -65.000000 -37.835083 105.040283 -65.000000 -53.798828 -40.827881 -65.000000 100.056396 -28.914795 -65.000000 71.978760 -36.408081 -65.000000 101.842041 -21.482300 -65.000000 74.762451 110.704224 -65.000000 -40.130615 81.895264 -65.000000 -30.112549 84.461182 -65.000000 -20.667725 85.609497 -65.000000 -13.686890 86.204224 -65.000000 -3.798828 -21.063354 -65.000000 106.453369 -12.444336 -65.000000 77.105225 -19.005493 -65.000000 106.895752 -8.720947 -65.000000 77.760010 -0.339966 -65.000000 109.128662 3.704224 -65.000000 78.701172 20.703369 -65.000000 107.915283 20.573120 -65.000000 76.958252 83.704224 -65.000000 46.201172 75.032227 -65.000000 37.656738 64.331665 -65.000000 52.152588 82.265625 -65.000000 21.387695 39.304199 -65.000000 103.446777 37.740479 -65.000000 71.352905 110.704224 -65.000000 32.532959 85.263184 -65.000000 8.626343 85.819702 -65.000000 4.157104 105.040283 -65.000000 46.201172 57.008423 -65.000000 95.838867 52.068115 -65.000000 63.038086 83.704224 -65.000000 71.201172 74.011841 -65.000000 84.664795 88.226440 -65.000000 71.201172 82.588989 -0.613961 -28.557861 82.588989 -0.326108 -28.557861 82.831665 -0.613961 -28.694702 90.821167 3.811457 -31.685059 90.821167 4.426069 -31.685059 92.462769 3.811457 -31.981445 90.642212 4.426069 -31.646606 79.850220 6.000000 19.183594 80.243530 61.500000 19.466919 75.581421 61.500000 15.334351 78.536621 3.811457 -25.757568 78.536621 4.426069 -25.757568 79.741821 3.811457 -26.701294 75.581421 6.000000 15.334351 90.642212 3.811457 -31.646606 79.741821 2.341070 -26.701294 79.741821 2.885895 -26.701294 80.260620 2.341070 -27.076660 80.243530 6.000000 19.466919 92.926880 1.353817 -32.047363 92.926880 2.341070 -32.047363 93.713257 1.353817 -32.141479 92.462769 2.341070 -31.981445 80.260620 1.353817 -27.076660 82.588989 1.353817 -28.557861 89.044434 5.335688 -31.250244 89.044434 6.000000 -31.250244 90.642212 5.335688 -31.646606 79.850220 5.335688 19.183594 77.571045 4.426069 -24.921631 77.571045 5.335688 -24.921631 75.581421 5.335688 15.334351 93.713257 -13.507349 -32.141479 92.926880 -10.633032 -32.047363 93.713257 -10.633032 -32.141479 80.243530 5.335688 19.466919 79.850220 4.426069 19.183594 75.581421 4.426069 15.334351 75.581421 3.811457 15.334351 96.704224 -22.500000 -32.298828 88.106201 6.000000 -30.970947 88.106201 61.500000 -30.970947 85.035889 -4.332387 -29.800781 85.035889 -1.985402 -29.800781 88.106201 -1.985402 -30.970947 88.106201 -4.332387 -30.970947 92.462769 1.353817 -31.981445 80.243530 4.426069 19.466919 82.831665 -1.985402 -28.694702 84.837280 -0.613961 -29.710693 84.837280 -1.985402 -29.710693 79.850220 3.811457 19.183594 75.581421 2.885895 15.334351 90.821167 2.885895 -31.685059 92.462769 2.885895 -31.981445 89.044434 -8.627406 -31.250244 89.044434 -6.056504 -31.250244 90.642212 -8.627406 -31.646606 88.106201 -6.056504 -30.970947 80.243530 3.811457 19.466919 79.850220 2.885895 19.183594 93.713257 -0.326108 -32.141479 76.189575 6.000000 -23.582642 77.571045 61.500000 -24.921631 77.571045 6.000000 -24.921631 75.581421 2.341070 15.334351 80.243530 2.885895 19.466919 75.168335 61.500000 -22.465820 90.642212 2.885895 -31.646606 79.850220 2.341070 19.183594 75.581421 1.353817 15.334351 78.536621 2.885895 -25.757568 89.044434 4.426069 -31.250244 80.243530 2.341070 19.466919 79.850220 1.353817 19.183594 90.821167 -10.633032 -31.685059 90.821167 -8.627406 -31.685059 92.462769 -10.633032 -31.981445 88.106201 5.335688 -30.970947 80.243530 1.353817 19.466919 84.837280 -4.332387 -29.710693 79.850220 -0.326108 19.183594 93.713257 -0.613961 -32.141479 90.821167 2.341070 -31.685059 79.741821 1.353817 -26.701294 85.587524 6.000000 22.443604 85.587524 61.500000 22.443604 82.588989 -1.985402 -28.557861 90.642212 2.341070 -31.646606 90.642212 -10.633032 -31.646606 79.850220 -0.613961 19.183594 77.571045 3.811457 -24.921631 89.044434 3.811457 -31.250244 92.926880 -0.326108 -32.047363 80.243530 -0.326108 19.466919 78.536621 2.341070 -25.757568 85.587524 5.335688 22.443604 92.926880 -0.613961 -32.047363 76.189575 5.335688 -23.582642 92.926880 -13.507349 -32.047363 88.106201 4.426069 -30.970947 80.243530 -0.613961 19.466919 85.587524 4.426069 22.443604 92.462769 -0.326108 -31.981445 88.106201 -8.627406 -30.970947 90.821167 1.353817 -31.685059 80.260620 -0.326108 -27.076660 79.850220 -1.985402 19.183594 74.530273 -0.326058 14.105591 80.243530 -1.985402 19.466919 85.035889 -5.646096 -29.800781 88.106201 -5.646096 -30.970947 90.642212 1.353817 -31.646606 92.462769 -0.613961 -31.981445 85.587524 3.811457 22.443604 93.713257 -14.840222 -32.141479 93.713257 -1.985402 -32.141479 92.462769 -13.507349 -31.981445 87.711548 6.000000 23.245239 91.202515 61.500000 24.165039 77.571045 2.885895 -24.921631 89.044434 2.885895 -31.250244 87.711548 5.335688 23.245239 88.106201 3.811457 -30.970947 85.587524 2.885895 22.443604 75.168335 6.000000 -22.465820 89.044434 2.341070 -31.250244 84.837280 -5.646096 -29.710693 92.926880 -1.985402 -32.047363 85.587524 2.341070 22.443604 80.260620 -0.613961 -27.076660 76.189575 4.426069 -23.582642 88.106201 2.885895 -30.970947 87.711548 4.426069 23.245239 78.536621 1.353817 -25.757568 79.850220 -4.332387 19.183594 79.850220 -5.646045 19.183594 85.035889 -6.056504 -29.800781 80.243530 -4.332387 19.466919 85.035889 6.000000 -29.800781 85.035889 61.500000 -29.800781 77.571045 2.341070 -24.921631 79.741821 -0.326108 -26.701294 92.462769 -1.985402 -31.981445 87.711548 3.811457 23.245239 85.587524 1.353817 22.443604 84.837280 -6.056504 -29.710693 87.711548 2.885895 23.245239 74.818115 6.000000 -22.053955 87.711548 2.341070 23.245239 84.837280 6.000000 -29.710693 73.438477 61.500000 -20.259521 89.044434 -10.633032 -31.250244 91.202515 6.000000 24.165039 90.821167 -0.326108 -31.685059 92.926880 -14.840222 -32.047363 96.704224 -22.500000 24.701172 96.704224 61.500000 24.701172 85.587524 -0.326108 22.443604 75.168335 5.335688 -22.465820 88.106201 2.341070 -30.970947 91.202515 5.335688 24.165039 79.741821 -0.613961 -26.701294 89.044434 1.353817 -31.250244 76.189575 3.811457 -23.582642 90.642212 -0.326108 -31.646606 85.587524 -0.613961 22.443604 87.711548 1.353817 23.245239 90.821167 -0.613961 -31.685059 82.831665 -4.332387 -28.694702 91.202515 4.426069 24.165039 92.462769 -14.840222 -31.981445 85.035889 5.335688 -29.800781 85.587524 -1.985402 22.443604 90.642212 -0.613961 -31.646606 82.588989 -4.332387 -28.557861 74.818115 5.335688 -22.053955 91.202515 3.811457 24.165039 84.837280 5.335688 -29.710693 87.711548 -0.326108 23.245239 77.571045 1.353817 -24.921631 80.260620 -1.985402 -27.076660 87.711548 -0.613961 23.245239 93.713257 -4.332387 -32.141479 88.106201 -10.633032 -30.970947 88.106201 1.353817 -30.970947 91.202515 2.885895 24.165039 90.821167 -13.507349 -31.685059 85.035889 4.426069 -29.800781 91.202515 2.341070 24.165039 75.168335 4.426069 -22.465820 84.837280 4.426069 -29.710693 87.711548 -1.985402 23.245239 93.713257 -16.616663 -32.141479 92.926880 -18.722639 -32.047363 85.587524 -4.332387 22.443604 76.189575 2.885895 -23.582642 90.821167 -1.985402 -31.685059 91.202515 1.353817 24.165039 90.642212 -13.507349 -31.646606 92.926880 -4.332387 -32.047363 85.587524 -5.646096 22.443604 78.536621 -0.326108 -25.757568 90.642212 -1.985402 -31.646606 85.587524 -6.056504 22.443604 91.202515 -0.326108 24.165039 79.741821 -1.985402 -26.701294 89.044434 -0.326108 -31.250244 91.202515 -0.613961 24.165039 74.818115 4.426069 -22.053955 78.536621 -0.613961 -25.757568 87.711548 -4.332387 23.245239 85.035889 3.811457 -29.800781 75.168335 3.811457 -22.465820 89.044434 -0.613961 -31.250244 87.711548 -5.646096 23.245239 82.831665 -5.646096 -28.694702 91.202515 -1.985402 24.165039 76.189575 2.341070 -23.582642 87.711548 -6.056504 23.245239 85.587524 -8.627406 22.443604 87.711548 -13.507304 23.245239 92.926880 -16.616663 -32.047363 82.831665 6.000000 -28.694702 82.588989 61.500000 -28.557861 84.837280 3.811457 -29.710693 91.202515 -4.332387 24.165039 82.588989 -5.646096 -28.557861 93.713257 -5.646096 -32.141479 87.711548 -8.627406 23.245239 82.831665 -6.056504 -28.694702 82.831665 -8.627422 -28.694702 73.438477 6.000000 -20.259521 91.202515 -5.646096 24.165039 92.462769 -4.332387 -31.981445 91.202515 -6.056504 24.165039 87.711548 -10.633032 23.245239 91.202515 -8.627406 24.165039 74.818115 3.811457 -22.053955 82.588989 6.000000 -28.557861 91.202515 -10.633032 24.165039 85.035889 -8.627406 -29.800781 91.202515 -13.507349 24.165039 82.588989 -6.056504 -28.557861 80.260620 -6.056455 -27.076660 91.202515 -14.840222 24.165039 93.713257 -6.056504 -32.141479 90.821167 -14.840222 -31.685059 90.821167 -16.616955 -31.685059 82.831665 5.335688 -28.694702 92.462769 -16.616663 -31.981445 88.106201 -0.326108 -30.970947 84.837280 -8.627406 -29.710693 84.837280 -10.633036 -29.710693 77.571045 -0.326108 -24.921631 85.035889 2.885895 -29.800781 90.642212 -14.840222 -31.646606 89.044434 -14.840215 -31.250244 92.926880 -5.646096 -32.047363 75.168335 2.885895 -22.465820 76.189575 1.353817 -23.582642 84.837280 2.885895 -29.710693 73.438477 5.335688 -20.259521 82.588989 5.335688 -28.557861 77.571045 -0.613961 -24.921631 89.044434 -13.507349 -31.250244 88.106201 -0.613961 -30.970947 78.536621 -1.985402 -25.757568 85.035889 2.341070 -29.800781 92.926880 -6.056504 -32.047363 74.818115 2.885895 -22.053955 75.168335 2.341070 -22.465820 89.044434 -1.985402 -31.250244 92.462769 -5.646096 -31.981445 72.850342 6.000000 -19.395142 71.648071 61.500000 -17.379761 80.260620 -4.332387 -27.076660 84.837280 2.341070 -29.710693 82.831665 4.426069 -28.694702 74.818115 2.341070 -22.053955 73.438477 4.426069 -20.259521 92.462769 -6.056504 -31.981445 90.821167 -4.332387 -31.685059 72.850342 5.335688 -19.395142 79.741821 -4.332387 -26.701294 78.536621 -4.332383 -25.757568 82.588989 4.426069 -28.557861 75.168335 1.353817 -22.465820 77.571045 -1.985402 -24.921631 76.189575 -1.985331 -23.582642 90.642212 -4.332387 -31.646606 85.035889 -10.633032 -29.800781 82.831665 3.811457 -28.694702 73.438477 3.811457 -20.259521 85.035889 1.353817 -29.800781 76.189575 -0.326108 -23.582642 80.260620 -5.646096 -27.076660 68.204224 6.000000 -3.798828 68.361572 61.500000 -0.807861 68.204224 61.500000 -3.798828 74.818115 1.353817 -22.053955 76.189575 -0.613961 -23.582642 82.588989 3.811457 -28.557861 72.850342 4.426069 -19.395142 84.837280 1.353817 -29.710693 71.863037 6.000000 -17.769043 80.260620 6.000000 -27.076660 73.438477 2.885895 -20.259521 79.741821 61.500000 -26.701294 93.713257 -8.627406 -32.141479 72.850342 3.811457 -19.395142 82.831665 2.885895 -28.694702 71.648071 6.000000 -17.379761 71.863037 5.335688 -17.769043 90.821167 -5.646096 -31.685059 73.438477 2.341070 -20.259521 90.642212 -5.646096 -31.646606 75.168335 -0.326108 -22.465820 82.588989 2.885895 -28.557861 71.648071 5.335688 -17.379761 75.168335 -0.613961 -22.465820 74.818115 -0.613944 -22.053955 79.741821 6.000000 -26.701294 72.850342 2.885895 -19.395142 74.818115 -0.326108 -22.053955 90.821167 -6.056504 -31.685059 71.863037 4.426069 -17.769043 80.260620 5.335688 -27.076660 73.438477 1.353817 -20.259521 72.850342 1.353837 -19.395142 72.850342 2.341070 -19.395142 71.863037 2.341157 -17.769043 82.831665 2.341070 -28.694702 71.648071 4.426069 -17.379761 71.863037 3.811457 -17.769043 89.044434 -4.332387 -31.250244 71.648071 3.811457 -17.379761 90.642212 -6.056504 -31.646606 70.461792 6.000000 -14.915527 92.926880 -8.627406 -32.047363 70.461792 61.500000 -14.915527 71.863037 2.885895 -17.769043 82.588989 2.341070 -28.557861 70.392700 6.000000 -14.751343 71.648071 2.885895 -17.379761 85.035889 -0.326108 -29.800781 93.713257 6.000000 -32.141479 96.704224 61.500000 -32.298828 84.837280 -0.326108 -29.710693 70.461792 5.335688 -14.915527 70.392700 5.335688 -14.751343 70.461792 4.426069 -14.915527 79.741821 5.335688 -26.701294 70.392700 4.426069 -14.751343 70.392700 3.811475 -14.751343 69.778076 4.426166 -13.138672 93.713257 61.500000 -32.141479 85.035889 -0.613961 -29.800781 93.713257 5.335688 -32.141479 69.778076 6.000000 -13.138672 92.462769 -8.627406 -31.981445 69.360840 61.500000 -11.835693 70.461792 3.811457 -14.915527 92.926880 6.000000 -32.047363 69.778076 5.335688 -13.138672 80.260620 4.426069 -27.076660 69.360840 6.000000 -11.835693 92.462769 61.500000 -31.981445 82.831665 1.353817 -28.694702 69.360840 5.335688 -11.835693 68.868530 5.335752 -9.916138 68.868530 6.000000 -9.916138 68.740356 61.500000 -9.300537 68.740356 6.000000 -9.300537 68.579590 5.624687 -8.408813 92.462769 6.000000 -31.981445 92.926880 5.335688 -32.047363 68.579590 6.000000 -8.408813 68.308960 61.500000 -6.240234 68.308960 6.000000 -6.240234 68.235718 5.968526 -5.137817 93.713257 4.426069 -32.141479 68.235718 6.000000 -5.137817 78.536621 6.000000 -25.757568 68.490356 6.000000 0.229248 68.400269 5.803927 -0.461548 68.490356 5.713907 0.229248 89.044434 -5.646096 -31.250244 68.521606 61.500000 0.442627 92.462769 5.335688 -31.981445 68.521606 6.000000 0.442627 69.399536 4.804678 4.368408 93.713257 3.811457 -32.141479 92.926880 4.426069 -32.047363 69.399536 6.000000 4.368408 69.532104 61.500000 4.799194 79.741821 4.426069 -26.701294 92.462769 4.426069 -31.981445 80.260620 3.811457 -27.076660 69.532104 6.000000 4.799194 69.399536 5.335688 4.368408 92.926880 3.811457 -32.047363 69.532104 5.335688 4.799194 71.318237 2.886000 9.155029 90.821167 6.000000 -31.685059 71.318237 6.000000 9.155029 71.945190 61.500000 10.316406 78.536621 5.335688 -25.757568 90.642212 61.500000 -31.646606 71.318237 5.335688 9.155029 93.713257 2.885895 -32.141479 71.945190 6.000000 10.316406 71.318237 4.426069 9.155029 71.945190 5.335688 10.316406 90.642212 6.000000 -31.646606 71.318237 3.811457 9.155029 71.945190 4.426069 10.316406 80.260620 2.885895 -27.076660 71.945190 3.811457 10.316406 93.713257 2.341070 -32.141479 74.530273 6.000000 14.105591 90.821167 5.335688 -31.685059 74.530273 5.335688 14.105591 92.926880 2.885895 -32.047363 74.530273 4.426069 14.105591 82.831665 -0.326108 -28.694702 74.530273 3.811457 14.105591 74.530273 2.885895 14.105591 74.530273 2.341070 14.105591 74.530273 1.353817 14.105591 110.704224 61.500000 24.701172 110.704224 -36.500000 24.701172 110.704224 61.500000 -32.298828 110.704224 -36.500000 -32.298828 110.704224 -76.500000 -53.798828 110.704224 -76.500000 -40.130615 110.704224 -46.094395 -53.798828 110.704224 -46.094395 -61.048950 110.704224 -76.500000 46.201172 110.704224 -76.500000 32.532959 110.704224 -46.094395 46.201172 110.704224 -46.094395 53.451294 110.704224 61.500000 -43.798828 110.704224 76.500000 -61.048950 110.704224 76.500000 -43.798828 110.704224 61.500000 36.201172 110.704224 76.500000 53.451294 110.704224 76.500000 36.201172 68.637329 61.500000 24.701172 47.198486 61.500000 24.701172 52.316406 61.500000 14.663330 75.930420 61.500000 -37.981445 68.637329 61.500000 -32.298828 78.674438 61.500000 31.907349 73.329956 61.500000 28.661011 84.496460 61.500000 -41.890381 87.520630 61.500000 35.132690 55.217773 61.500000 3.296875 90.582275 61.500000 -43.327515 96.704224 61.500000 36.201172 96.704224 61.500000 -43.798828 55.404297 61.500000 -9.376221 52.575562 61.500000 -21.563843 47.198486 61.500000 -32.298828 75.930420 76.500000 -37.981445 68.637329 76.500000 -32.298828 42.775146 76.500000 -38.113037 -38.903320 76.500000 -53.546753 -36.968994 76.500000 -36.197754 -60.295776 76.500000 -35.224731 -36.025635 76.500000 -37.347900 -28.616577 76.500000 -44.534180 84.496460 76.500000 -41.890381 37.437256 76.500000 -43.372559 -28.369141 76.500000 -44.729248 -29.416870 76.500000 36.288452 -38.903320 76.500000 45.949097 -35.906372 76.500000 29.890869 -36.755859 76.500000 28.865845 -60.295776 76.500000 27.627075 96.704224 76.500000 -43.798828 90.582275 76.500000 -43.327515 -26.150391 76.500000 -62.099365 -19.672852 76.500000 -50.247925 -26.498291 76.500000 38.530884 -26.150391 76.500000 54.501709 -19.394409 76.500000 -50.386963 109.804199 76.500000 -69.298828 27.145508 76.500000 -50.215454 68.637329 76.500000 24.701172 39.441650 76.500000 33.974609 47.198486 76.500000 24.701172 -21.089478 76.500000 41.909668 3.704224 76.500000 -69.298828 -42.482544 76.500000 20.092285 115.220337 76.500000 -67.042114 -9.983521 76.500000 -53.964966 -42.554688 76.500000 19.952271 -15.907227 76.500000 44.361206 -11.545166 76.500000 59.901245 73.329956 76.500000 28.661011 -12.260742 76.500000 45.689697 78.674438 76.500000 31.907349 29.154907 76.500000 41.547241 -46.371216 76.500000 10.217285 109.804199 76.500000 61.701172 3.704224 76.500000 61.701172 -46.412964 76.500000 10.067383 -9.466064 76.500000 46.505737 -2.538574 76.500000 47.825073 87.520630 76.500000 35.132690 -48.157227 76.500000 -0.005615 -48.167969 76.500000 -0.155884 -11.545166 76.500000 -67.498901 -9.692749 76.500000 -54.043457 -3.070068 76.500000 -55.355713 -2.925659 76.500000 -55.374390 115.220337 76.500000 59.444458 -48.193604 76.500000 -7.057495 7.837036 76.500000 48.036621 96.704224 76.500000 36.201172 15.569092 76.500000 -54.427124 3.704224 76.500000 -55.798828 18.275269 76.500000 46.117920 -47.912720 76.500000 -10.099121 -47.326782 76.500000 -13.790771 -45.873169 76.500000 -19.485718 -43.640137 76.500000 -25.304810 -41.927734 76.500000 -28.733276 47.198486 76.500000 -32.298828 3.704224 61.500000 48.201172 -1.831177 61.500000 47.905762 3.704224 53.000000 48.201172 7.794922 53.000000 48.040039 7.794922 61.500000 48.040039 7.826294 61.500000 48.037476 10.606689 53.000000 47.740967 10.606689 61.500000 47.740967 17.701172 61.500000 46.281982 17.701172 53.000000 46.281982 18.278687 61.500000 46.116943 27.562256 53.000000 42.405029 27.562256 61.500000 42.405029 29.153931 61.500000 41.547729 36.701660 53.000000 36.390381 36.701660 61.500000 36.390381 39.441895 61.500000 33.974487 44.451172 53.000000 28.507324 44.451172 61.500000 28.507324 43.893433 61.500000 -36.796265 43.893433 53.000000 -36.796265 42.775146 61.500000 -38.113037 37.437256 61.500000 -43.372559 36.010376 53.000000 -44.545776 36.010376 61.500000 -44.545776 27.145508 61.500000 -50.215454 26.787231 53.000000 -50.394653 26.787231 61.500000 -50.394653 15.788574 53.000000 -54.375244 15.788574 61.500000 -54.375244 15.569092 61.500000 -54.427124 3.704224 53.000000 -55.798828 50.300049 53.000000 19.284180 54.280640 53.000000 8.285522 55.704224 53.000000 -3.798828 55.244019 53.000000 -10.701294 53.785034 53.000000 -17.795776 49.908081 53.000000 -27.656860 -2.925659 61.500000 -55.374390 -3.198242 53.000000 -55.338623 -3.198242 61.500000 -55.338623 -5.889771 61.500000 -54.906128 -5.889771 53.000000 -54.906128 -9.692749 61.500000 -54.043457 -10.292725 53.000000 -53.879639 -10.292725 61.500000 -53.879639 -15.698730 61.500000 -52.043213 -15.698730 53.000000 -52.043213 -19.394409 61.500000 -50.386963 -20.153809 53.000000 -50.002686 -20.153809 61.500000 -50.002686 -25.254517 53.000000 -46.989014 -25.254517 61.500000 -46.989014 -28.369141 61.500000 -44.729248 -29.293213 53.000000 -43.988037 -29.293213 61.500000 -43.988037 -33.714722 53.000000 -39.907227 -33.714722 61.500000 -39.907227 -36.025635 61.500000 -37.347900 -37.042725 53.000000 -36.104980 -37.042725 61.500000 -36.104980 -40.479492 61.500000 -31.217773 -40.479492 53.000000 -31.217773 -41.927856 61.500000 -28.733032 -42.891602 53.000000 -26.881836 -42.891602 61.500000 -26.881836 -43.640137 61.500000 -25.304810 -45.173584 53.000000 -21.546021 -45.173584 61.500000 -21.546021 -45.872925 61.500000 -19.486450 -46.872192 53.000000 -15.883179 -46.872192 61.500000 -15.883179 -47.328979 61.500000 -13.779297 -47.709839 53.000000 -11.582642 -47.709839 61.500000 -11.582642 -47.914185 61.500000 -10.086914 -48.193481 61.500000 -7.059204 -48.295776 53.000000 -3.798828 -48.295776 61.500000 -3.798828 -48.261597 53.000000 -1.914307 -48.261597 61.500000 -1.914307 -48.169189 61.500000 -0.172363 -48.158325 61.500000 -0.020874 -47.835571 53.000000 3.103638 -47.835571 61.500000 3.103638 -46.958618 61.500000 7.917847 -46.958618 53.000000 7.917847 -46.411987 61.500000 10.070923 -46.376587 53.000000 10.198120 -46.370361 61.500000 10.220459 -43.576782 53.000000 17.846313 -43.576782 61.500000 17.846313 -42.555054 61.500000 19.951538 -42.499634 53.000000 20.059204 -42.482788 61.500000 20.091797 -38.036987 53.000000 27.212036 -38.036987 61.500000 27.212036 -36.755615 61.500000 28.866089 -36.484985 53.000000 29.198608 -35.906616 61.500000 29.890625 -30.541992 53.000000 35.331665 -30.541992 61.500000 35.331665 -29.416992 61.500000 36.288452 -28.601929 53.000000 36.948120 -28.601929 61.500000 36.948120 -26.493042 61.500000 38.534668 -21.568237 53.000000 41.646729 -21.568237 61.500000 41.646729 -21.091431 61.500000 41.908691 -19.378784 53.000000 42.796997 -19.378784 61.500000 42.796997 -15.918335 61.500000 44.356689 -11.769897 53.000000 45.845459 -12.262085 61.500000 45.689331 -11.769897 61.500000 45.845459 -9.475464 61.500000 46.503174 -8.380127 53.000000 46.777588 -8.380127 61.500000 46.777588 -2.524414 61.500000 47.826782 -1.831177 53.000000 47.905762 156.204224 -96.000000 65.201172 120.194946 -96.000000 65.201172 129.586426 -96.000000 46.048462 135.995483 -96.000000 25.012939 138.862793 -96.000000 4.152710 156.204224 -96.000000 -72.798828 138.231079 -96.000000 -19.083130 133.681885 -96.000000 -41.704956 127.826782 -96.000000 -57.879028 120.194946 -96.000000 -72.798828 124.079712 -66.143784 -78.798828 156.204224 -66.143784 -78.798828 156.204224 -90.000000 -78.798828 103.704224 -90.000000 -78.798828 124.079712 -36.728790 -78.798828 88.226440 -90.000000 -78.798828 88.226440 -90.000000 71.201172 103.704224 -90.000000 71.201172 124.079712 -66.143784 71.201172 156.204224 -90.000000 71.201172 124.079712 -36.728790 71.201172 156.204224 -66.143784 71.201172 -86.775024 -90.000000 63.895386 -78.269287 -90.000000 73.978638 -15.856934 -90.000000 -115.092896 -91.255859 -90.000000 57.451294 3.704224 -90.000000 -116.798828 79.242065 -90.000000 80.242920 -97.798096 -90.000000 45.862793 -101.026733 -90.000000 38.632690 66.204590 -90.000000 90.343018 68.953857 -90.000000 88.458984 21.940430 -90.000000 -115.317627 78.032227 -90.000000 81.314941 -104.734009 -90.000000 27.984131 40.073975 -90.000000 -110.785889 47.750732 -90.000000 100.263184 50.827148 -90.000000 98.906738 -106.705933 -90.000000 20.255371 57.596436 -90.000000 -103.119629 -108.562988 -90.000000 9.048706 30.906494 -90.000000 105.878174 -109.192261 -90.000000 1.036377 74.139648 -90.000000 -92.160889 8.582764 -90.000000 109.095703 11.993530 -90.000000 108.896729 27.602417 -90.000000 106.645264 -109.035034 -90.000000 -11.470337 -108.338501 -90.000000 -18.476562 -10.718506 -90.000000 108.276855 -7.298096 -90.000000 108.664307 -106.005005 -90.000000 -30.870483 -26.411621 -90.000000 105.114258 -103.672241 -90.000000 -39.002563 -30.753052 -90.000000 103.819336 -101.685791 -90.000000 -44.565674 -95.415771 -90.000000 -58.059570 -44.776123 -90.000000 98.272949 -83.694946 -90.000000 -75.425537 -48.862427 -90.000000 96.229980 -68.828369 -90.000000 -90.447632 -61.124023 -90.000000 88.755615 -62.594971 -90.000000 87.707520 -53.131958 -90.000000 -101.464844 -72.722778 -90.000000 79.435303 -35.665405 -90.000000 -109.718750 156.204224 56.306728 -86.439941 156.204224 58.508209 -82.416870 156.204224 43.127716 -91.798828 156.204224 45.596054 -92.798828 156.204224 -72.077438 62.600342 156.204224 66.143784 -78.798828 156.204224 72.077438 -70.197998 156.204224 -58.508209 74.819092 156.204224 -56.306728 78.842285 156.204224 -80.933815 51.461670 156.204224 96.500000 -49.965454 156.204224 88.000000 -46.926514 156.204224 80.933815 -59.059326 156.204224 110.000000 -49.965454 156.204224 110.000000 42.367798 156.204224 88.000000 39.328857 156.204224 90.500000 -78.798828 156.204224 -88.000000 39.328857 156.204224 -43.127716 84.201172 156.204224 -45.596054 85.201172 156.204224 96.500000 -72.798828 156.204224 43.127716 84.201172 156.204224 -88.000000 -46.926514 156.204224 45.596054 85.201172 156.204224 55.260448 77.135010 156.204224 56.306728 78.842285 156.204224 -78.617996 -62.307007 156.204224 66.143784 71.201172 156.204224 66.399117 68.278564 156.204224 -66.399117 -75.876221 156.204224 90.500000 71.201172 156.204224 78.617996 54.709351 156.204224 -55.260448 -84.732666 156.204224 -56.306728 -86.439941 156.204224 96.500000 65.201172 156.204224 -45.596054 -92.798828 156.204224 -43.127716 -91.798828 156.204224 96.500000 42.367798 134.629395 -45.596054 -92.798828 129.837646 -56.306728 -86.439941 134.629395 45.596054 -92.798828 129.837646 56.306728 -86.439941 124.079712 90.500000 -78.798828 124.079712 66.143784 -78.798828 119.558350 96.500000 -72.798828 115.220337 96.500000 -67.042114 129.837646 -56.306728 78.842285 134.629395 -45.596054 85.201172 134.629395 45.596054 85.201172 129.837646 56.306728 78.842285 124.079712 66.143784 71.201172 119.558350 96.500000 65.201172 115.220337 96.500000 59.444458 124.079712 90.500000 71.201172 105.040283 -76.500000 -53.798828 109.804199 110.000000 -69.298828 105.040283 -76.500000 46.201172 109.804199 110.000000 61.701172 3.704224 110.000000 61.701172 -11.545166 110.000000 59.901245 -26.150391 110.000000 54.501709 -38.903320 110.000000 45.949097 -60.295776 110.000000 27.627075 -60.295776 110.000000 -35.224731 -38.903320 110.000000 -53.546753 -26.150391 110.000000 -62.099365 -11.545166 110.000000 -67.498901 3.704224 110.000000 -69.298828 -35.650757 115.000000 42.151489 -23.871460 115.000000 -57.648926 -35.650757 115.000000 -49.749146 -55.295776 115.000000 -32.923828 -55.295776 115.000000 25.326172 -23.871460 115.000000 50.051270 -10.381104 115.000000 55.038696 3.704224 115.000000 -64.298828 -10.381104 115.000000 -62.636353 3.704224 115.000000 56.701172 108.804199 115.000000 56.701172 108.804199 115.000000 -64.298828 151.204224 115.000000 39.034546 151.204224 115.000000 -46.632202 112.761353 -90.000000 -64.885132 120.113281 -90.000000 -49.339233 126.309814 -90.000000 -28.147583 128.684448 -90.000000 -6.020386 127.413818 -90.000000 14.115479 122.879639 -90.000000 33.913574 114.668457 -90.000000 53.750610 99.964600 -90.000000 55.386841 109.150024 -90.000000 36.823608 114.538330 -90.000000 18.219360 116.666748 -90.000000 -0.887451 115.223755 -90.000000 -22.030518 109.921753 -90.000000 -42.358276 101.041992 -90.000000 -61.195435 94.958130 -90.000000 -70.445068 -13.269409 -92.000000 -113.493408 3.704224 -92.000000 -114.798828 -14.678833 -92.000000 -113.265991 -30.698975 -92.000000 -109.332764 -33.530884 -92.000000 -108.367188 -49.694946 -92.000000 -101.110352 -52.321411 -92.000000 -99.622192 -66.976807 -92.000000 -89.386108 -69.298462 -92.000000 -87.414673 -80.509155 -92.000000 -76.111328 -82.475708 -92.000000 -73.756104 -91.657959 -92.000000 -60.606079 -93.203003 -92.000000 -57.928223 -100.036621 -92.000000 -43.281006 -101.104004 -92.000000 -40.353394 -105.568237 -92.000000 -23.305664 -105.872070 -92.000000 -21.519897 -107.295776 -92.000000 -3.798828 -107.284302 -92.000000 -2.202515 -105.990356 -92.000000 13.174805 -105.118408 -92.000000 18.079224 -101.829712 -92.000000 30.604370 -99.207886 -92.000000 37.795532 -93.607300 -92.000000 49.600342 -89.658936 -92.000000 56.237183 -81.883057 -92.000000 66.882202 -76.713745 -92.000000 72.712280 -68.608276 -92.000000 80.414551 -62.476074 -92.000000 85.314453 -53.103027 -92.000000 91.563232 -46.168091 -92.000000 95.366455 -35.777954 -92.000000 99.941895 -28.229736 -92.000000 102.508301 -15.802612 -92.000000 105.473633 -9.164185 -92.000000 106.452637 3.704224 -92.000000 107.201172 11.686279 -92.000000 106.913818 20.677856 -92.000000 105.895752 31.866943 -92.000000 103.569092 38.107422 -92.000000 101.735107 51.259155 -92.000000 96.498291 57.103394 -92.000000 93.512695 69.156372 -92.000000 85.850586 74.385254 -92.000000 81.788574 84.877563 -92.000000 71.910522 87.917603 -92.000000 68.513672 96.634644 -92.000000 56.904785 99.066406 -92.000000 53.008423 105.708618 -92.000000 39.974487 107.445068 -92.000000 35.683350 111.763428 -92.000000 21.582642 112.976685 -92.000000 15.708008 114.539185 -92.000000 2.251953 114.704224 -92.000000 -3.798828 113.766846 -92.000000 -18.193481 113.398804 -92.000000 -20.772461 109.238159 -92.000000 -38.202026 101.015747 -92.000000 -57.197998 89.291504 -92.000000 -74.479858 76.016724 -92.000000 -88.012207 60.511475 -92.000000 -99.161011 43.186401 -92.000000 -107.539673 23.211060 -92.000000 -113.071289 -68.419800 -92.000000 79.917236 -81.638916 -92.000000 66.392334 -52.966309 -92.000000 91.062744 -93.296997 -92.000000 49.125610 -35.689453 -92.000000 99.440674 -101.450073 -92.000000 30.154297 -15.759521 -92.000000 104.973389 -105.518799 -92.000000 12.951904 -105.907837 -92.000000 10.181519 -106.795776 -92.000000 -3.798828 3.704224 -92.000000 106.701172 -106.608276 -92.000000 -10.233521 17.198364 -92.000000 105.874023 20.454956 -92.000000 105.424072 -105.068115 -92.000000 -23.262573 -103.763550 -92.000000 -29.507080 31.066772 -92.000000 103.259766 37.657349 -92.000000 101.355469 -99.535278 -92.000000 -43.192505 -97.644897 -92.000000 -47.828491 50.451416 -92.000000 96.325928 56.628662 -92.000000 93.202393 -91.157227 -92.000000 -60.469360 -88.514526 -92.000000 -64.675293 68.363770 -92.000000 85.808105 73.895386 -92.000000 81.544434 -80.011841 -92.000000 -75.922852 -76.711426 -92.000000 -79.585205 84.119873 -92.000000 71.987549 87.420288 -92.000000 68.325195 -66.486938 -92.000000 -89.141968 -60.955322 -92.000000 -93.405640 95.922974 -92.000000 57.077637 98.565674 -92.000000 52.871704 -49.220215 -92.000000 -100.800049 -43.042969 -92.000000 -103.923462 105.053345 -92.000000 40.230835 106.943726 -92.000000 35.594849 -30.248901 -92.000000 -108.953125 -23.658325 -92.000000 -110.857422 111.171997 -92.000000 21.909424 112.476562 -92.000000 15.664917 -13.046509 -92.000000 -113.021851 -9.789917 -92.000000 -113.471802 114.016724 -92.000000 2.635864 114.204224 -92.000000 -3.798828 3.704224 -92.000000 -114.298828 113.316284 -92.000000 -17.779175 112.927246 -92.000000 -20.549561 23.167969 -92.000000 -112.571167 108.858521 -92.000000 -37.751953 43.097900 -92.000000 -107.038330 100.705444 -92.000000 -56.723267 60.374756 -92.000000 -98.660278 89.047363 -92.000000 -73.989990 75.828247 -92.000000 -87.514893 -9.395752 -117.000000 105.418457 -12.823853 -123.000000 104.952393 3.704224 -123.000000 106.201172 3.704224 -117.000000 106.201172 -12.823853 -117.000000 104.952393 -22.857788 -117.000000 102.946045 -29.799316 -123.000000 100.974854 -29.799316 -117.000000 100.974854 -42.234253 -117.000000 96.149414 -48.745850 -123.000000 92.891357 -48.745850 -117.000000 92.891357 -60.161133 -117.000000 85.762451 -65.997070 -123.000000 81.299561 -65.997070 -117.000000 81.299561 -75.951904 -117.000000 72.062256 -79.514526 -123.000000 68.136108 -79.514526 -117.000000 68.136108 -87.800781 -117.000000 57.249023 -90.656616 -123.000000 52.734619 -90.656616 -117.000000 52.734619 -96.987549 -117.000000 40.486328 -99.033936 -123.000000 35.506104 -99.033936 -117.000000 35.506104 -103.170410 -117.000000 22.235840 -104.567871 -123.000000 15.621704 -104.567871 -117.000000 15.621704 -106.084229 -117.000000 3.019775 -106.295776 -123.000000 -3.798828 -106.295776 -117.000000 -3.798828 -105.455933 -117.000000 -17.365601 -105.046997 -123.000000 -20.326904 -105.046997 -117.000000 -20.326904 -104.575073 -123.000000 -23.178711 -101.069458 -117.000000 -37.302368 -101.069458 -123.000000 -37.302368 -99.064941 -123.000000 -43.022705 -92.985962 -117.000000 -56.248901 -89.921387 -123.000000 -61.541748 -92.985962 -123.000000 -56.248901 -81.394043 -117.000000 -73.500122 -77.351318 -123.000000 -78.162842 -81.394043 -123.000000 -73.500122 -68.230713 -117.000000 -87.017578 -63.414185 -123.000000 -90.948853 -68.230713 -123.000000 -87.017578 -52.829224 -117.000000 -98.159668 -52.829224 -123.000000 -98.159668 -47.365356 -123.000000 -101.225220 -35.600708 -117.000000 -106.536987 -35.600708 -123.000000 -106.536987 -29.639771 -123.000000 -108.623291 -15.716309 -117.000000 -112.070923 -10.737061 -123.000000 -112.846802 -15.716309 -123.000000 -112.070923 3.704224 -117.000000 -113.798828 3.704224 -123.000000 -113.798828 10.150879 -123.000000 -113.609741 16.804199 -117.000000 -113.015991 20.232300 -123.000000 -112.550049 20.232300 -117.000000 -112.550049 30.266235 -117.000000 -110.543701 30.266235 -123.000000 -110.543701 37.207764 -117.000000 -108.572510 37.207764 -123.000000 -108.572510 49.642700 -117.000000 -103.747070 49.642700 -123.000000 -103.747070 56.154297 -117.000000 -100.489014 56.154297 -123.000000 -100.489014 67.569580 -117.000000 -93.360107 67.569580 -123.000000 -93.360107 73.405518 -123.000000 -88.897095 73.405518 -117.000000 -88.897095 83.360352 -123.000000 -79.659912 83.360352 -117.000000 -79.659912 86.922974 -123.000000 -75.733765 86.922974 -117.000000 -75.733765 95.209229 -123.000000 -64.846680 95.209229 -117.000000 -64.846680 98.065063 -117.000000 -60.332275 98.065063 -123.000000 -60.332275 104.395996 -117.000000 -48.083984 106.442383 -123.000000 -43.103760 104.395996 -123.000000 -48.083984 106.442383 -117.000000 -43.103760 110.578857 -123.000000 -29.833496 110.578857 -117.000000 -29.833496 111.976318 -117.000000 -23.219360 111.976318 -123.000000 -23.219360 113.492676 -117.000000 -10.617432 113.492676 -123.000000 -10.617432 113.704224 -117.000000 -3.798828 113.704224 -123.000000 -3.798828 112.864380 -117.000000 9.767944 112.864380 -123.000000 9.767944 112.455444 -117.000000 12.729248 112.455444 -123.000000 12.729248 108.477905 -117.000000 29.704712 108.477905 -123.000000 29.704712 100.394409 -117.000000 48.651245 100.394409 -123.000000 48.651245 88.802490 -117.000000 65.902466 88.802490 -123.000000 65.902466 75.639160 -117.000000 79.419922 75.639160 -123.000000 79.419922 60.237671 -117.000000 90.562012 60.237671 -123.000000 90.562012 43.009155 -117.000000 98.939209 43.009155 -123.000000 98.939209 23.124756 -123.000000 104.473145 23.124756 -117.000000 104.473145 57.107300 -146.157364 65.518433 59.914551 -147.811188 59.712280 61.697266 -146.157364 61.726562 -82.724121 -146.157364 -17.470703 -80.067139 -147.811188 -17.050415 -81.108887 -147.811188 -3.798828 54.390625 -144.142136 70.399048 -82.445679 -146.157364 -19.127808 -79.797241 -147.811188 -18.656494 -84.764038 -144.142136 -19.540283 51.545044 -147.811188 66.233398 55.465698 -147.811188 63.387573 -79.151001 -147.811188 -21.917114 -74.792114 -149.455383 -20.963989 49.028198 -149.455383 62.549194 44.610474 -149.455383 65.360474 42.250488 -150.000000 61.370605 -81.778809 -146.157364 -22.491699 -80.314941 -144.142136 -35.661377 53.062256 -146.157364 68.454590 -71.866455 -149.455383 -31.100952 -67.506714 -150.000000 -29.525879 -71.426025 -149.455383 -32.290405 -64.637451 -150.000000 -36.391479 46.881836 -147.811188 69.200806 39.900391 -149.455383 67.937988 -76.062744 -147.811188 -32.616943 37.812256 -150.000000 63.799438 48.251343 -146.157364 71.515991 -75.597900 -147.811188 -33.872559 39.233887 -144.142136 78.736572 41.910278 -147.811188 71.921387 -78.592651 -146.157364 -33.531006 35.474976 -149.455383 70.004517 -68.821533 -149.455383 -38.386841 29.540649 -150.000000 67.372437 43.122070 -146.157364 74.322998 -78.113037 -146.157364 -34.826294 37.239258 -147.811188 74.102783 -72.848877 -147.811188 -40.307495 -65.519897 -149.455383 -44.595215 -61.526245 -150.000000 -42.241699 31.122437 -149.455383 71.729736 -75.276855 -146.157364 -41.465454 -71.931152 -144.142136 -52.314087 38.302856 -146.157364 76.573486 32.644897 -147.811188 75.923828 -63.929199 -149.455383 -47.181396 -56.349609 -150.000000 -49.911865 -69.363770 -147.811188 -46.860596 26.195801 -149.455383 73.340332 24.898315 -150.000000 68.890137 33.562744 -146.157364 78.452148 -67.684814 -147.811188 -49.590332 -71.681274 -146.157364 -48.226440 27.444824 -147.811188 77.623779 -60.026245 -149.455383 -52.734985 19.432861 -149.455383 74.998047 16.489380 -150.000000 70.829712 -53.075195 -150.000000 -53.888428 -69.948975 -146.157364 -51.042603 28.197754 -146.157364 80.206299 -63.565186 -147.811188 -55.452393 21.293701 -144.142136 84.320557 17.272217 -149.455383 75.398682 -56.551392 -149.455383 -56.955078 -65.698608 -146.157364 -57.090576 -60.146240 -144.142136 -67.025024 20.306274 -147.811188 79.373535 -53.391113 -149.455383 -60.335938 -46.476807 -150.000000 -60.497437 14.796387 -149.455383 75.783203 -59.897339 -147.811188 -59.906738 14.156494 -150.000000 71.192017 -61.914429 -146.157364 -61.686279 18.025635 -147.811188 79.796387 -56.561646 -147.811188 -63.475342 20.832764 -146.157364 82.011230 -49.548950 -149.455383 -63.968750 15.412354 -147.811188 80.202148 -58.473022 -146.157364 -65.368042 10.407349 -149.455383 76.272461 3.704224 -149.455383 76.552490 3.704224 -150.000000 71.916870 10.020630 -150.000000 71.652954 -52.506104 -147.811188 -67.309937 18.479858 -146.157364 82.447754 -45.334229 -149.455383 -67.450684 -42.505127 -150.000000 -63.778564 -54.288818 -146.157364 -69.324219 15.783691 -146.157364 82.866455 -46.982178 -144.142136 -77.996704 -41.619751 -149.455383 -70.146851 -34.842041 -150.000000 -68.968262 10.779541 -147.811188 80.718506 3.704224 -147.811188 81.014160 -48.057251 -147.811188 -70.985229 11.003906 -146.157364 83.399170 3.704224 -146.157364 83.704102 3.704224 -144.142136 86.059082 -49.698853 -146.157364 -73.116089 -44.136597 -147.811188 -73.831055 -37.202026 -149.455383 -72.958130 -30.403809 -150.000000 -71.397095 -45.653809 -146.157364 -76.052246 -39.473389 -147.811188 -76.798462 -32.491943 -149.455383 -75.535645 -40.842896 -146.157364 -79.113647 -31.825439 -144.142136 -86.334106 -34.501831 -147.811188 -79.519043 -28.066528 -149.455383 -77.602173 -22.132202 -150.000000 -74.970093 -35.713623 -146.157364 -81.920532 -29.830811 -147.811188 -81.700439 -23.713989 -149.455383 -79.327393 -30.894409 -146.157364 -84.171143 -25.236450 -147.811188 -83.521484 -18.787354 -149.455383 -80.937988 -17.489868 -150.000000 -76.487793 -26.154297 -146.157364 -86.049927 -20.036377 -147.811188 -85.221436 -12.024414 -149.455383 -82.595581 -9.080933 -150.000000 -78.427368 -20.789307 -146.157364 -87.803833 -13.885254 -144.142136 -91.918335 -9.863770 -149.455383 -82.996338 -12.897827 -147.811188 -86.971069 -7.387939 -149.455383 -83.380737 -6.748047 -150.000000 -78.789673 -10.617188 -147.811188 -87.394043 -13.424316 -146.157364 -89.609009 -8.003906 -147.811188 -87.799927 -2.998901 -149.455383 -83.869995 -2.612183 -150.000000 -79.250610 3.704224 -150.000000 -79.514526 -11.071411 -146.157364 -90.045288 -8.375244 -146.157364 -90.463989 -3.371094 -147.811188 -88.316284 3.704224 -149.455383 -84.150146 -3.595459 -146.157364 -90.996826 3.704224 -144.142136 -93.656738 3.704224 -147.811188 -88.611938 3.704224 -146.157364 -91.301758 18.160767 -144.142136 -92.486206 16.631348 -149.455383 -83.103394 19.879028 -150.000000 -77.766724 17.780273 -149.455383 -82.907593 20.869385 -149.455383 -82.295166 17.349243 -147.811188 -87.507080 18.561890 -147.811188 -87.300293 17.781982 -146.157364 -90.161987 19.445679 -144.142136 -92.267090 19.033203 -146.157364 -89.948730 21.822510 -147.811188 -86.654053 22.397095 -146.157364 -89.281860 32.994629 -144.142136 -88.748901 29.895752 -149.455383 -79.761475 36.296875 -150.000000 -72.140503 32.195801 -149.455383 -78.929077 31.350098 -147.811188 -83.979614 33.777954 -147.811188 -83.100952 32.226929 -146.157364 -86.522583 38.292236 -149.455383 -76.324585 34.731689 -146.157364 -85.616089 35.566772 -144.142136 -87.817993 40.212891 -147.811188 -80.351929 44.984863 -149.455383 -72.735229 49.817261 -150.000000 -63.852661 41.370850 -146.157364 -82.779907 49.868896 -144.142136 -80.891357 47.086792 -149.455383 -71.432251 47.277100 -147.811188 -76.563232 49.495728 -147.811188 -75.187866 48.659058 -146.157364 -78.870972 52.640381 -149.455383 -67.529297 50.947998 -146.157364 -77.452026 52.219482 -144.142136 -79.434204 55.357788 -147.811188 -71.068237 58.437378 -149.455383 -62.625732 60.402832 -150.000000 -53.979858 56.995972 -146.157364 -73.201660 64.913086 -144.142136 -69.585693 60.241333 -149.455383 -60.894165 61.476685 -147.811188 -65.892334 63.380737 -147.811188 -64.064697 63.874146 -149.455383 -57.052002 63.308960 -146.157364 -67.861694 66.930420 -144.142136 -67.649292 -9.222900 -149.455383 75.505859 -12.470581 -150.000000 70.169067 65.273438 -146.157364 -65.976074 -10.371826 -149.455383 75.309814 67.215332 -147.811188 -60.009155 -13.460938 -149.455383 74.697510 68.596313 -149.455383 -51.183960 68.873657 -150.000000 -42.345093 -9.940796 -147.811188 79.909424 69.229614 -146.157364 -61.791870 76.273804 -144.142136 -56.790161 -11.153442 -147.811188 79.702637 70.052246 -149.455383 -49.122803 72.199585 -147.811188 -53.815186 -10.373535 -146.157364 82.564209 -10.752319 -144.142136 84.888428 -12.037231 -144.142136 84.669434 -11.624756 -146.157364 82.351074 73.736450 -147.811188 -51.639648 -14.414062 -147.811188 79.056396 72.863525 -149.455383 -44.705078 -14.988647 -146.157364 81.684082 -25.586182 -144.142136 81.151123 74.372070 -146.157364 -55.401489 -22.487305 -149.455383 72.163818 -28.888428 -150.000000 64.542847 77.902100 -144.142136 -54.485229 75.957642 -146.157364 -53.156860 -24.787354 -149.455383 71.331421 76.703857 -147.811188 -46.976440 -23.941650 -147.811188 76.381836 76.463257 -149.455383 -37.893555 74.875488 -150.000000 -29.635254 79.019043 -146.157364 -48.345947 -26.369507 -147.811188 75.503418 85.071533 -144.142136 -41.927490 -24.818481 -146.157364 78.925049 77.507568 -149.455383 -35.569580 -30.883789 -149.455383 68.726929 80.503418 -147.811188 -39.786865 -27.323242 -146.157364 78.018555 81.605835 -147.811188 -37.333862 -28.158325 -144.142136 80.220215 79.232788 -149.455383 -31.217041 -32.804443 -147.811188 72.754272 82.939209 -146.157364 -40.928223 -37.576416 -149.455383 65.137573 -42.408813 -150.000000 56.255005 86.239502 -144.142136 -39.328491 84.076538 -146.157364 -38.397461 -33.962402 -146.157364 75.182129 -42.460449 -144.142136 73.293701 83.426880 -147.811188 -32.739502 -39.678345 -149.455383 63.834595 85.955322 -146.157364 -33.657349 -39.868652 -147.811188 68.965576 90.904785 -144.142136 -25.489746 81.679321 -149.455383 -23.194946 78.332764 -150.000000 -16.583984 -42.087280 -147.811188 67.590210 82.500977 -149.455383 -19.527466 -41.250610 -146.157364 71.273315 86.009155 -147.811188 -24.271973 -45.231934 -149.455383 59.931641 82.901733 -149.455383 -17.366821 -43.539551 -146.157364 69.854370 88.619507 -146.157364 -24.921387 -44.811035 -144.142136 71.836548 -47.949341 -147.811188 63.470581 86.876465 -147.811188 -20.400879 -51.028931 -149.455383 55.028076 -52.994385 -150.000000 46.382202 87.299438 -147.811188 -18.120239 -49.587524 -146.157364 65.604004 89.514404 -146.157364 -20.927368 -57.504639 -144.142136 61.988037 91.823730 -144.142136 -21.388306 -52.832886 -149.455383 53.296509 83.775391 -149.455383 -10.501953 79.156006 -150.000000 -10.115234 -54.068237 -147.811188 58.294678 89.950684 -146.157364 -18.574463 -55.972290 -147.811188 56.467041 83.965576 -149.455383 -7.598755 79.419922 -150.000000 -3.850952 -56.465698 -149.455383 49.454346 88.221680 -147.811188 -10.874146 -55.900513 -146.157364 60.264038 -59.521973 -144.142136 60.051636 84.055420 -149.455383 -3.854126 -57.864990 -146.157364 58.378418 -59.806885 -147.811188 52.411499 84.055542 -149.455383 -3.798828 79.419922 -150.000000 -3.798828 90.902222 -146.157364 -11.098511 -61.187866 -149.455383 43.586304 -61.465210 -150.000000 34.747437 93.461548 -144.142136 -8.048340 88.422363 -147.811188 -7.809814 -61.821167 -146.157364 54.194214 -68.865356 -144.142136 49.192505 -62.643799 -149.455383 41.525146 91.109253 -146.157364 -7.937012 -64.791138 -147.811188 46.217529 88.517212 -147.811188 -3.857178 -66.328003 -147.811188 44.041992 88.517334 -147.811188 -3.798828 91.207153 -146.157364 -3.859009 -65.455078 -149.455383 37.107422 93.562134 -144.142136 -3.798828 91.207153 -146.157364 -3.798828 -66.963623 -146.157364 47.803833 83.068604 -149.455383 8.755615 78.351318 -150.000000 8.877197 -68.549194 -146.157364 45.559204 -70.493652 -144.142136 46.887573 -69.295410 -147.811188 39.378784 82.812988 -149.455383 10.277222 77.672119 -150.000000 12.375977 -69.054810 -149.455383 30.295898 -67.467041 -150.000000 22.037598 87.475586 -147.811188 9.452759 -71.610596 -146.157364 40.748291 -77.663086 -144.142136 34.329834 82.200562 -149.455383 13.366333 -70.099121 -149.455383 27.971924 -73.094971 -147.811188 32.189209 87.205688 -147.811188 11.058838 90.132568 -146.157364 9.873047 -74.197388 -147.811188 29.736206 92.458496 -144.142136 10.240967 -71.824341 -149.455383 23.619385 89.854126 -146.157364 11.530151 -75.530762 -146.157364 33.330566 92.172485 -144.142136 11.942627 -78.831055 -144.142136 31.730835 86.559448 -147.811188 14.319458 -76.668091 -146.157364 30.799805 -76.018433 -147.811188 25.141846 89.187256 -146.157364 14.894043 87.723389 -144.142136 28.063721 -78.546875 -146.157364 26.059692 79.274902 -149.455383 23.503296 74.915161 -150.000000 21.928223 -83.496338 -144.142136 17.892090 -74.270874 -149.455383 15.597290 -70.924316 -150.000000 8.986328 78.834473 -149.455383 24.692749 72.045898 -150.000000 28.793823 -75.092529 -149.455383 11.929810 83.471191 -147.811188 25.019287 -78.600708 -147.811188 16.674316 83.006348 -147.811188 26.274902 86.001099 -146.157364 25.933350 -75.493286 -149.455383 9.769165 76.229980 -149.455383 30.789185 -81.211060 -146.157364 17.323730 -79.468018 -147.811188 12.803223 85.521484 -146.157364 27.228638 80.257324 -147.811188 32.709839 -79.890991 -147.811188 10.522583 -82.105957 -146.157364 13.329712 -84.415283 -144.142136 13.790649 72.928345 -149.455383 36.997559 68.934692 -150.000000 34.644043 -76.366943 -149.455383 2.904297 -71.747559 -150.000000 2.517578 82.685303 -146.157364 33.867798 79.339600 -144.142136 44.716431 71.337646 -149.455383 39.583740 63.758057 -150.000000 42.314209 -82.542236 -146.157364 10.976807 76.772217 -147.811188 39.262939 -76.557129 -149.455383 0.001099 -72.011475 -150.000000 -3.746704 -80.813232 -147.811188 3.276489 75.093262 -147.811188 41.992676 79.089722 -146.157364 40.628784 -76.646973 -149.455383 -3.743530 67.434692 -149.455383 45.137329 -76.647095 -149.455383 -3.798828 77.357422 -146.157364 43.444946 -72.011475 -150.000000 -3.798828 -83.493774 -146.157364 3.500854 70.973633 -147.811188 47.854736 -86.053101 -144.142136 0.450684 -81.013916 -147.811188 0.212158 63.959839 -149.455383 49.357422 60.483643 -150.000000 46.290771 -83.700806 -146.157364 0.339355 73.107056 -146.157364 49.492920 67.554688 -144.142136 59.427368 -81.108765 -147.811188 -3.740479 60.799561 -149.455383 52.738281 53.885254 -150.000000 52.899780 67.305786 -147.811188 52.309082 69.322876 -146.157364 54.088623 -83.798706 -146.157364 -3.738647 63.970093 -147.811188 55.877686 -86.153687 -144.142136 -3.798828 -83.798706 -146.157364 -3.798828 -85.050049 -144.142136 -17.838623 56.957397 -149.455383 56.371094 49.913574 -150.000000 56.180908 -75.660156 -149.455383 -16.353271 -70.942871 -150.000000 -16.474854 65.881470 -146.157364 57.770386 -75.404541 -149.455383 -17.874878 -70.263672 -150.000000 -19.973633 52.742676 -149.455383 59.853027 -14.648315 -136.000000 -100.065063 3.704224 -136.000000 -101.798828 -33.401978 -136.000000 -94.502319 -49.427734 -136.000000 -86.145630 -63.532715 -136.000000 -75.095337 -76.449707 -136.000000 -60.184570 -86.038940 -136.000000 -43.170898 -92.022339 -136.000000 -24.785034 -93.747192 -136.000000 -14.153076 -94.275757 -136.000000 -5.779785 -94.295776 -136.000000 -3.798828 -92.959595 -136.000000 12.328979 -92.562012 -136.000000 14.553711 -88.284912 -136.000000 29.994629 -86.999268 -136.000000 33.307373 -80.498413 -136.000000 46.340088 -78.642578 -136.000000 49.333130 -69.942383 -136.000000 60.855469 -67.592285 -136.000000 63.438110 -55.473022 -136.000000 74.316895 -52.681519 -136.000000 76.354980 -38.776855 -136.000000 84.515137 -35.667847 -136.000000 85.944336 -20.577759 -136.000000 91.145264 -17.281982 -136.000000 91.927734 -6.650024 -136.000000 93.652588 -1.626831 -136.000000 94.056152 3.704224 -136.000000 94.201172 16.135986 -136.000000 93.409424 22.056763 -136.000000 92.467285 34.001343 -136.000000 89.400391 40.810425 -136.000000 86.904785 50.658203 -136.000000 82.220459 56.836182 -136.000000 78.548096 65.582642 -136.000000 72.195068 70.941162 -136.000000 67.497681 78.326050 -136.000000 59.727417 83.858154 -136.000000 52.586914 89.484985 -136.000000 43.589722 93.447388 -136.000000 35.573242 97.146484 -136.000000 25.740112 99.430786 -136.000000 17.187378 101.115723 -136.000000 6.925293 101.155640 -136.000000 6.555420 101.704224 -136.000000 -3.798828 101.325684 -136.000000 -12.404785 99.970459 -136.000000 -22.151367 98.010620 -136.000000 -30.450195 94.407715 -136.000000 -40.905029 91.468262 -136.000000 -47.404663 86.051025 -136.000000 -56.930786 82.005493 -136.000000 -62.730225 75.000732 -136.000000 -71.035767 70.010742 -136.000000 -75.961426 60.089966 -136.000000 -83.952759 54.275146 -136.000000 -87.742676 43.076294 -136.000000 -93.541992 36.690796 -136.000000 -96.080444 24.690430 -136.000000 -99.525391 19.990356 -136.000000 -100.436157 14.058472 -136.000000 -101.250244 -6.650024 -123.000000 -101.250244 3.704224 -123.000000 -101.798828 -25.834717 -123.000000 -97.241089 -17.281982 -123.000000 -99.525391 -10.867188 -123.000000 -100.709473 -43.684326 -123.000000 -89.579590 -35.667847 -123.000000 -93.541992 -59.822021 -123.000000 -78.420654 -52.681519 -123.000000 -83.952759 -72.289673 -123.000000 -65.677246 -67.592285 -123.000000 -71.035767 -82.315063 -123.000000 -50.752808 -78.642578 -123.000000 -56.930786 -89.494995 -123.000000 -34.095947 -86.999268 -123.000000 -40.905029 -92.562012 -123.000000 -22.151367 -94.295776 -123.000000 -3.798828 -93.504028 -123.000000 -16.230591 -93.747192 -123.000000 6.555420 -94.150635 -123.000000 1.532227 -92.022339 -123.000000 17.187378 -91.239868 -123.000000 20.483154 -86.038940 -123.000000 35.573242 -84.609741 -123.000000 38.682251 -76.449707 -123.000000 52.586914 -74.411377 -123.000000 55.378418 -63.532715 -123.000000 67.497681 -60.950073 -123.000000 69.847778 -49.427734 -123.000000 78.548096 -46.434692 -123.000000 80.403809 -33.401978 -123.000000 86.904785 -30.089233 -123.000000 88.190186 -14.648315 -123.000000 92.467285 -12.423584 -123.000000 92.864990 3.704224 -123.000000 94.201172 14.058472 -123.000000 93.652588 5.685181 -123.000000 94.181152 24.690430 -123.000000 91.927734 43.076294 -123.000000 85.944336 60.089966 -123.000000 76.354980 75.000732 -123.000000 63.438110 86.051025 -123.000000 49.333130 94.407715 -123.000000 33.307373 99.970459 -123.000000 14.553711 101.704224 -123.000000 -3.798828 101.155640 -123.000000 -14.153076 99.430786 -123.000000 -24.785034 93.447388 -123.000000 -43.170898 83.858154 -123.000000 -60.184570 70.941162 -123.000000 -75.095337 56.836182 -123.000000 -86.145630 40.810425 -123.000000 -94.502319 22.056763 -123.000000 -100.065063 95.922974 -112.000000 57.077637 87.420288 -117.000000 68.325195 98.565674 -117.000000 52.871704 98.565674 -112.000000 52.871704 -88.514526 -112.000000 -64.675293 -91.157227 -117.000000 -60.469360 -91.157227 -112.000000 -60.469360 98.565674 -107.000000 52.871704 105.053345 -112.000000 40.230835 105.053345 -107.000000 40.230835 -91.157227 -107.000000 -60.469360 -97.644897 -112.000000 -47.828491 -97.644897 -107.000000 -47.828491 -88.514526 -107.000000 -64.675293 95.922974 -107.000000 57.077637 -91.157227 -102.000000 -60.469360 98.565674 -102.000000 52.871704 105.053345 -102.000000 40.230835 -97.644897 -102.000000 -47.828491 -88.514526 -102.000000 -64.675293 -91.157227 -97.000000 -60.469360 -97.644897 -97.000000 -47.828491 95.922974 -102.000000 57.077637 98.565674 -97.000000 52.871704 105.053345 -97.000000 40.230835 -80.011841 -112.000000 -75.922852 -80.011841 -117.000000 -75.922852 -88.514526 -117.000000 -64.675293 87.420288 -112.000000 68.325195 -88.514526 -97.000000 -64.675293 95.922974 -97.000000 57.077637 -76.711426 -112.000000 -79.585205 -76.711426 -117.000000 -79.585205 84.119873 -112.000000 71.987549 73.895386 -117.000000 81.544434 -80.011841 -107.000000 -75.922852 87.420288 -107.000000 68.325195 -76.711426 -107.000000 -79.585205 84.119873 -107.000000 71.987549 -80.011841 -102.000000 -75.922852 87.420288 -102.000000 68.325195 -76.711426 -102.000000 -79.585205 84.119873 -102.000000 71.987549 -80.011841 -97.000000 -75.922852 87.420288 -97.000000 68.325195 -66.486938 -112.000000 -89.141968 -66.486938 -117.000000 -89.141968 73.895386 -112.000000 81.544434 -76.711426 -97.000000 -79.585205 84.119873 -97.000000 71.987549 -66.486938 -107.000000 -89.141968 73.895386 -107.000000 81.544434 68.363770 -112.000000 85.808105 56.628662 -117.000000 93.202393 -60.955322 -112.000000 -93.405640 -60.955322 -117.000000 -93.405640 73.895386 -102.000000 81.544434 -66.486938 -102.000000 -89.141968 68.363770 -107.000000 85.808105 -60.955322 -107.000000 -93.405640 -66.486938 -97.000000 -89.141968 73.895386 -97.000000 81.544434 68.363770 -102.000000 85.808105 -60.955322 -102.000000 -93.405640 -49.220215 -112.000000 -100.800049 -49.220215 -117.000000 -100.800049 56.628662 -112.000000 93.202393 68.363770 -97.000000 85.808105 -60.955322 -97.000000 -93.405640 56.628662 -107.000000 93.202393 -49.220215 -107.000000 -100.800049 50.451416 -112.000000 96.325928 37.657349 -117.000000 101.355469 -43.042969 -112.000000 -103.923462 -43.042969 -117.000000 -103.923462 -30.248901 -117.000000 -108.953125 56.628662 -102.000000 93.202393 -49.220215 -102.000000 -100.800049 50.451416 -107.000000 96.325928 -43.042969 -107.000000 -103.923462 56.628662 -97.000000 93.202393 -49.220215 -97.000000 -100.800049 50.451416 -102.000000 96.325928 -43.042969 -102.000000 -103.923462 37.657349 -112.000000 101.355469 50.451416 -97.000000 96.325928 -30.248901 -112.000000 -108.953125 -43.042969 -97.000000 -103.923462 37.657349 -107.000000 101.355469 -30.248901 -107.000000 -108.953125 31.066772 -112.000000 103.259766 20.454956 -117.000000 105.424072 -23.658325 -112.000000 -110.857422 37.657349 -102.000000 101.355469 -23.658325 -117.000000 -110.857422 31.066772 -107.000000 103.259766 -30.248901 -102.000000 -108.953125 37.657349 -97.000000 101.355469 -23.658325 -107.000000 -110.857422 31.066772 -102.000000 103.259766 -30.248901 -97.000000 -108.953125 20.454956 -112.000000 105.424072 -23.658325 -102.000000 -110.857422 17.198364 -112.000000 105.874023 3.704224 -117.000000 106.701172 -13.046509 -112.000000 -113.021851 31.066772 -97.000000 103.259766 -13.046509 -117.000000 -113.021851 -9.789917 -112.000000 -113.471802 -3.509766 -117.000000 -114.063110 20.454956 -107.000000 105.424072 -23.658325 -97.000000 -110.857422 17.198364 -107.000000 105.874023 -13.046509 -107.000000 -113.021851 20.454956 -102.000000 105.424072 -9.789917 -107.000000 -113.471802 17.198364 -102.000000 105.874023 20.454956 -97.000000 105.424072 -13.046509 -102.000000 -113.021851 17.198364 -97.000000 105.874023 -3.509766 -112.000000 -114.063110 -9.789917 -102.000000 -113.471802 -13.046509 -97.000000 -113.021851 -3.509766 -107.000000 -114.063110 3.704224 -112.000000 -114.298828 3.704224 -117.000000 -114.298828 -9.789917 -97.000000 -113.471802 -3.509766 -102.000000 -114.063110 3.704224 -107.000000 -114.298828 -3.509766 -97.000000 -114.063110 3.704224 -102.000000 -114.298828 17.357544 -112.000000 -113.452026 17.357544 -117.000000 -113.452026 3.704224 -97.000000 -114.298828 17.357544 -107.000000 -113.452026 23.167969 -112.000000 -112.571167 23.167969 -117.000000 -112.571167 17.357544 -102.000000 -113.452026 23.167969 -107.000000 -112.571167 17.357544 -97.000000 -113.452026 23.167969 -102.000000 -112.571167 36.342529 -112.000000 -109.368652 36.342529 -117.000000 -109.368652 23.167969 -97.000000 -112.571167 36.342529 -107.000000 -109.368652 43.097900 -112.000000 -107.038330 43.097900 -117.000000 -107.038330 36.342529 -102.000000 -109.368652 43.097900 -107.000000 -107.038330 36.342529 -97.000000 -109.368652 43.097900 -102.000000 -107.038330 54.175415 -112.000000 -102.098877 54.175415 -117.000000 -102.098877 60.374756 -117.000000 -98.660278 43.097900 -97.000000 -107.038330 54.175415 -107.000000 -102.098877 60.374756 -112.000000 -98.660278 54.175415 -102.000000 -102.098877 60.374756 -107.000000 -98.660278 54.175415 -97.000000 -102.098877 60.374756 -102.000000 -98.660278 70.354736 -112.000000 -91.934814 70.354736 -117.000000 -91.934814 60.374756 -97.000000 -98.660278 70.354736 -107.000000 -91.934814 75.828247 -112.000000 -87.514893 75.828247 -117.000000 -87.514893 70.354736 -102.000000 -91.934814 75.828247 -107.000000 -87.514893 70.354736 -97.000000 -91.934814 75.828247 -102.000000 -87.514893 84.443115 -112.000000 -79.240723 84.443115 -117.000000 -79.240723 75.828247 -97.000000 -87.514893 -15.759521 -112.000000 104.973389 -15.759521 -117.000000 104.973389 -35.689453 -117.000000 99.440674 84.443115 -107.000000 -79.240723 -15.759521 -107.000000 104.973389 89.047363 -112.000000 -73.989990 -15.759521 -102.000000 104.973389 89.047363 -117.000000 -73.989990 84.443115 -102.000000 -79.240723 -15.759521 -97.000000 104.973389 -35.689453 -112.000000 99.440674 -52.966309 -117.000000 91.062744 89.047363 -107.000000 -73.989990 -35.689453 -107.000000 99.440674 84.443115 -97.000000 -79.240723 -35.689453 -102.000000 99.440674 89.047363 -102.000000 -73.989990 -35.689453 -97.000000 99.440674 97.201904 -112.000000 -62.692139 97.201904 -117.000000 -62.692139 -52.966309 -112.000000 91.062744 89.047363 -97.000000 -73.989990 97.201904 -107.000000 -62.692139 -52.966309 -107.000000 91.062744 -52.966309 -102.000000 91.062744 100.705444 -112.000000 -56.723267 100.705444 -117.000000 -56.723267 106.549194 -117.000000 -44.211182 -52.966309 -97.000000 91.062744 97.201904 -102.000000 -62.692139 -68.419800 -112.000000 79.917236 -68.419800 -117.000000 79.917236 -81.638916 -117.000000 66.392334 100.705444 -107.000000 -56.723267 -68.419800 -107.000000 79.917236 97.201904 -97.000000 -62.692139 -68.419800 -102.000000 79.917236 100.705444 -102.000000 -56.723267 -68.419800 -97.000000 79.917236 106.549194 -112.000000 -44.211182 108.858521 -117.000000 -37.751953 100.705444 -97.000000 -56.723267 -81.638916 -112.000000 66.392334 -81.638916 -107.000000 66.392334 106.549194 -107.000000 -44.211182 108.858521 -112.000000 -37.751953 106.549194 -102.000000 -44.211182 -81.638916 -102.000000 66.392334 -81.638916 -97.000000 66.392334 108.858521 -107.000000 -37.751953 -93.296997 -112.000000 49.125610 -93.296997 -117.000000 49.125610 106.549194 -97.000000 -44.211182 -93.296997 -107.000000 49.125610 108.858521 -102.000000 -37.751953 -93.296997 -102.000000 49.125610 112.249268 -112.000000 -24.492554 112.249268 -117.000000 -24.492554 -93.296997 -97.000000 49.125610 108.858521 -97.000000 -37.751953 -101.450073 -112.000000 30.154297 -101.450073 -117.000000 30.154297 112.927246 -112.000000 -20.549561 112.927246 -117.000000 -20.549561 -101.450073 -107.000000 30.154297 112.249268 -107.000000 -24.492554 113.316284 -112.000000 -17.779175 -101.450073 -102.000000 30.154297 113.730835 -117.000000 -14.015747 -101.450073 -97.000000 30.154297 112.927246 -107.000000 -20.549561 -105.518799 -112.000000 12.951904 -105.518799 -117.000000 12.951904 112.249268 -102.000000 -24.492554 -105.907837 -112.000000 10.181519 -105.907837 -117.000000 10.181519 113.730835 -112.000000 -14.015747 -105.518799 -107.000000 12.951904 113.316284 -107.000000 -17.779175 112.927246 -102.000000 -20.549561 -105.907837 -107.000000 10.181519 112.249268 -97.000000 -24.492554 -105.518799 -102.000000 12.951904 113.730835 -107.000000 -14.015747 113.316284 -102.000000 -17.779175 -105.907837 -102.000000 10.181519 -105.518799 -97.000000 12.951904 112.927246 -97.000000 -20.549561 -105.907837 -97.000000 10.181519 113.730835 -102.000000 -14.015747 -106.795776 -112.000000 -3.798828 -106.795776 -117.000000 -3.798828 113.316284 -97.000000 -17.779175 114.204224 -112.000000 -3.798828 -106.795776 -107.000000 -3.798828 114.204224 -117.000000 -3.798828 113.730835 -97.000000 -14.015747 -106.608276 -112.000000 -10.233521 -106.608276 -117.000000 -10.233521 114.204224 -107.000000 -3.798828 -106.795776 -102.000000 -3.798828 114.016724 -112.000000 2.635864 112.476562 -117.000000 15.664917 -106.608276 -107.000000 -10.233521 114.204224 -102.000000 -3.798828 -106.795776 -97.000000 -3.798828 114.016724 -107.000000 2.635864 -106.608276 -102.000000 -10.233521 114.204224 -97.000000 -3.798828 -105.068115 -112.000000 -23.262573 -105.068115 -117.000000 -23.262573 114.016724 -102.000000 2.635864 -103.763550 -117.000000 -29.507080 112.476562 -112.000000 15.664917 -106.608276 -97.000000 -10.233521 114.016724 -97.000000 2.635864 -105.068115 -107.000000 -23.262573 112.476562 -107.000000 15.664917 -103.763550 -112.000000 -29.507080 111.171997 -112.000000 21.909424 106.943726 -117.000000 35.594849 -105.068115 -102.000000 -23.262573 112.476562 -102.000000 15.664917 -103.763550 -107.000000 -29.507080 -105.068115 -97.000000 -23.262573 111.171997 -107.000000 21.909424 112.476562 -97.000000 15.664917 -103.763550 -102.000000 -29.507080 111.171997 -102.000000 21.909424 -99.535278 -112.000000 -43.192505 -99.535278 -117.000000 -43.192505 106.943726 -112.000000 35.594849 -103.763550 -97.000000 -29.507080 111.171997 -97.000000 21.909424 -97.644897 -117.000000 -47.828491 -99.535278 -107.000000 -43.192505 106.943726 -107.000000 35.594849 -99.535278 -102.000000 -43.192505 106.943726 -102.000000 35.594849 -99.535278 -97.000000 -43.192505 106.943726 -97.000000 35.594849 3.704224 -60.500000 78.701172 -13.164673 -60.500000 76.958252 -30.332031 -60.500000 71.352905 -44.659668 -60.500000 63.038086 -56.923218 -60.500000 52.152588 -67.623779 -60.500000 37.656738 -74.857178 -60.500000 21.387695 -77.854736 -60.500000 8.626343 -78.411255 -60.500000 4.157104 -78.795776 -60.500000 -3.798828 -78.201050 -60.500000 -13.686890 -77.052734 -60.500000 -20.667725 -74.486816 -60.500000 -30.112549 -71.447510 -60.500000 -37.835083 -67.609497 -60.500000 -45.278931 -63.132690 -60.500000 -52.162720 -57.942261 -60.500000 -58.625488 -52.247192 -60.500000 -64.426270 -44.490723 -60.500000 -70.757690 -37.751343 -60.500000 -75.126831 -28.914795 -60.500000 -79.576416 -21.482300 -60.500000 -82.360229 -12.012207 -60.500000 -84.787964 -8.720947 -60.500000 -85.357788 3.704224 -60.500000 -86.298828 5.413574 -60.500000 -86.281128 20.573120 -60.500000 -84.555786 22.222290 -60.500000 -84.193604 37.740479 -60.500000 -78.950562 38.070801 -60.500000 -78.800049 52.068115 -60.500000 -70.635742 52.358643 -60.500000 -70.424683 64.331665 -60.500000 -59.750244 64.572266 -60.500000 -59.488403 75.032227 -60.500000 -45.254395 75.208130 -60.500000 -44.950317 82.265625 -60.500000 -28.985352 82.370850 -60.500000 -28.654541 85.263184 -60.500000 -16.223999 85.852051 -60.500000 -11.413330 86.204224 -60.500000 -3.798828 85.563843 -60.500000 6.460205 84.461182 -60.500000 13.070068 81.776611 -60.500000 22.864746 78.855957 -60.500000 30.237427 74.833496 -60.500000 37.996826 70.541138 -60.500000 44.565063 65.109619 -60.500000 51.297607 59.655640 -60.500000 56.828613 51.608643 -60.500000 63.368286 45.159790 -60.500000 67.529175 35.998535 -60.500000 72.117798 28.890747 -60.500000 74.762451 19.688232 -60.500000 77.137939 16.129395 -60.500000 77.760010 207.204224 -51.020870 54.537476 207.204224 -55.312248 53.998657 207.204224 -59.492779 49.685791 207.204224 -50.167355 55.273071 207.204224 -47.547535 60.538086 207.204224 -60.165977 45.051025 207.204224 -61.837349 42.917236 207.204224 -66.722870 40.338013 207.204224 -39.512093 62.872314 207.204224 -42.533489 63.957397 207.204224 -38.553421 63.431274 207.204224 -33.512249 68.843628 207.204224 -68.051826 33.284790 207.204224 -69.810165 35.272095 207.204224 -70.132965 29.180176 207.204224 -74.752899 24.696899 207.204224 -26.975714 68.854858 207.204224 -27.846586 71.198242 207.204224 -25.965048 69.222168 207.204224 -73.550674 20.625488 207.204224 -76.638298 19.148315 207.204224 -16.616703 74.456543 207.204224 -75.753464 12.561523 207.204224 -79.141075 7.892578 207.204224 -14.087483 72.410034 207.204224 -11.805994 75.325195 207.204224 -13.076562 72.589966 207.204224 -76.635605 7.743896 207.204224 -79.195419 7.518677 207.204224 -6.956527 73.388306 207.204224 -6.460337 73.431396 207.204224 0.000000 76.201172 207.204224 0.000000 73.701172 207.204224 -77.500000 -3.798828 207.204224 -80.000000 -3.798828 207.204224 -77.493858 -4.774536 207.204224 -79.803436 -9.403442 207.204224 5.939071 75.980469 207.204224 -77.187157 -10.755371 207.204224 -76.300621 -17.380615 207.204224 -78.255257 -20.415527 207.204224 -76.208878 -17.886353 207.204224 16.360384 71.954590 207.204224 11.317492 75.396484 207.204224 -76.918236 -25.789429 207.204224 22.947130 72.839478 207.204224 -72.839249 -30.269409 207.204224 -72.653702 -30.774536 207.204224 -72.642471 -37.311035 207.204224 32.979046 66.334106 207.204224 39.070976 66.011353 207.204224 -66.952469 -42.832397 207.204224 -70.797539 -41.050781 207.204224 -66.671165 -43.310913 207.204224 -64.336861 -51.346313 207.204224 46.716080 58.038574 207.204224 -58.705673 -54.394165 207.204224 -61.800060 -54.599976 207.204224 -58.336273 -54.819702 207.204224 53.484665 55.693970 207.204224 -53.484665 -63.291626 207.204224 58.336273 47.222046 207.204224 -48.411812 -64.317749 207.204224 -50.379128 -65.943359 207.204224 -46.716080 -65.636230 207.204224 64.336861 43.748657 207.204224 66.671165 35.713257 207.204224 -39.070976 -73.609009 207.204224 -36.597698 -72.113281 207.204224 -35.502605 -75.489624 207.204224 -32.979046 -73.931763 207.204224 72.642471 29.713379 207.204224 72.653702 23.176880 207.204224 -23.917158 -77.515991 207.204224 -22.947130 -80.437134 207.204224 -19.102951 -81.484619 207.204224 -16.360384 -79.552246 207.204224 78.255257 12.817871 207.204224 76.208878 10.288696 207.204224 -11.317492 -82.994263 207.204224 -11.039646 -80.508545 207.204224 -9.421546 -83.242065 207.204224 77.187157 3.157715 207.204224 0.000000 -81.298828 207.204224 0.000000 -83.798828 207.204224 1.460340 -81.285034 207.204224 80.000000 -3.798828 207.204224 77.500000 -3.798828 207.204224 6.956527 -80.985962 207.204224 79.195419 -15.116333 207.204224 75.753464 -20.159180 207.204224 16.616703 -82.054077 207.204224 14.087483 -80.007690 207.204224 76.638298 -26.745972 207.204224 26.975714 -76.452515 207.204224 70.132965 -36.777832 207.204224 33.512249 -76.441284 207.204224 39.512093 -70.469971 207.204224 47.547535 -68.135742 207.204224 51.020870 -62.135132 207.204224 59.492779 -57.283447 207.204224 61.837349 -50.514893 207.204224 69.810165 -42.869751 181.204224 88.000000 -46.926514 181.204224 88.000000 39.328857 181.204224 80.000000 -3.798828 181.204224 -78.617996 -62.307007 181.204224 -70.797539 -41.050781 181.204224 -88.000000 -46.926514 181.204224 -64.336861 -51.346313 181.204224 -61.800060 -54.599976 181.204224 53.484665 55.693970 181.204224 55.260448 77.135010 181.204224 39.070976 66.011353 181.204224 66.399117 68.278564 181.204224 -55.312248 53.998657 181.204224 -58.508209 74.819092 181.204224 -72.077438 62.600342 181.204224 -66.399117 -75.876221 181.204224 -59.492779 49.685791 181.204224 -80.933815 51.461670 181.204224 -53.484665 -63.291626 181.204224 -47.547535 60.538086 181.204224 -50.379128 -65.943359 181.204224 -66.722870 40.338013 181.204224 64.336861 43.748657 181.204224 -42.533489 63.957397 181.204224 -43.127716 84.201172 181.204224 78.617996 54.709351 181.204224 -69.810165 35.272095 181.204224 -88.000000 39.328857 181.204224 -55.260448 -84.732666 181.204224 -39.070976 -73.609009 181.204224 -33.512249 68.843628 181.204224 -74.752899 24.696899 181.204224 -27.846586 71.198242 181.204224 72.642471 29.713379 181.204224 -43.127716 -91.798828 181.204224 -35.502605 -75.489624 181.204224 -76.638298 19.148315 181.204224 -22.947130 -80.437134 181.204224 -16.616703 74.456543 181.204224 -19.102951 -81.484619 181.204224 -11.805994 75.325195 181.204224 78.255257 12.817871 181.204224 -79.141075 7.892578 181.204224 -79.195419 7.518677 181.204224 -11.317492 -82.994263 181.204224 -80.000000 -3.798828 181.204224 -9.421546 -83.242065 181.204224 0.000000 76.201172 181.204224 0.000000 -83.798828 181.204224 43.127716 84.201172 181.204224 11.317492 75.396484 181.204224 22.947130 72.839478 181.204224 5.939071 75.980469 181.204224 43.127716 -91.798828 181.204224 16.616703 -82.054077 181.204224 -79.803436 -9.403442 181.204224 33.512249 -76.441284 181.204224 -78.255257 -20.415527 181.204224 -76.918236 -25.789429 181.204224 47.547535 -68.135742 181.204224 -72.642471 -37.311035 181.204224 76.638298 -26.745972 181.204224 69.810165 -42.869751 181.204224 79.195419 -15.116333 181.204224 80.933815 -59.059326 181.204224 59.492779 -57.283447 181.204224 58.508209 -82.416870 181.204224 72.077438 -70.197998 182.204224 -6.460337 73.431396 182.204224 0.000000 73.701172 182.204224 -6.956527 73.388306 182.204224 -13.076562 72.589966 182.204224 -14.087483 72.410034 182.204224 -25.965048 69.222168 182.204224 -38.553421 63.431274 182.204224 -26.975714 68.854858 182.204224 -39.512093 62.872314 182.204224 -50.167355 55.273071 182.204224 -51.020870 54.537476 182.204224 -60.165977 45.051025 182.204224 -68.051826 33.284790 182.204224 -61.837349 42.917236 182.204224 -70.132965 29.180176 182.204224 -73.550674 20.625488 182.204224 -75.753464 12.561523 182.204224 -76.635605 7.743896 182.204224 -77.500000 -3.798828 182.204224 -77.493858 -4.774536 182.204224 -77.187157 -10.755371 182.204224 -76.300621 -17.380615 182.204224 -76.208878 -17.886353 182.204224 -72.839249 -30.269409 182.204224 -66.952469 -42.832397 182.204224 -72.653702 -30.774536 182.204224 -66.671165 -43.310913 182.204224 -58.705673 -54.394165 182.204224 -58.336273 -54.819702 182.204224 -48.411812 -64.317749 182.204224 -46.716080 -65.636230 182.204224 -32.979046 -73.931763 182.204224 -36.597698 -72.113281 182.204224 -23.917158 -77.515991 182.204224 -16.360384 -79.552246 182.204224 -11.039646 -80.508545 182.204224 0.000000 -81.298828 182.204224 1.460340 -81.285034 182.204224 6.956527 -80.985962 182.204224 14.087483 -80.007690 182.204224 26.975714 -76.452515 182.204224 39.512093 -70.469971 182.204224 51.020870 -62.135132 182.204224 70.132965 -36.777832 182.204224 61.837349 -50.514893 182.204224 75.753464 -20.159180 182.204224 77.500000 -3.798828 182.204224 76.208878 10.288696 182.204224 77.187157 3.157715 182.204224 72.653702 23.176880 182.204224 58.336273 47.222046 182.204224 66.671165 35.713257 182.204224 46.716080 58.038574 182.204224 32.979046 66.334106 182.204224 16.360384 71.954590 -56.923218 -65.000000 -59.750244 -83.157349 -65.000000 -76.076538 -88.994263 -65.000000 -68.420654 -75.319824 -65.000000 -84.571289 -68.222778 -65.000000 -90.951050 -44.659668 -65.000000 -70.635742 -59.027710 -65.000000 -97.786621 -52.779053 -65.000000 -101.669312 -67.623779 -65.000000 -45.254395 -94.104736 -65.000000 -60.388672 -98.596436 -65.000000 -51.794556 -30.332031 -65.000000 -78.950562 -40.742065 -65.000000 -107.690796 -36.408081 -65.000000 -109.439697 -74.857178 -65.000000 -28.985352 -102.297607 -65.000000 -42.947266 -105.283081 -65.000000 -33.644653 -13.164673 -65.000000 -84.555786 -22.541138 -65.000000 -113.708740 -17.571167 -65.000000 -114.777954 -3.291992 -65.000000 -116.582031 -77.854736 -65.000000 -16.223999 -107.599609 -65.000000 -23.303955 -108.790771 -65.000000 -14.470337 -78.411255 -65.000000 -11.754761 -78.795776 -65.000000 -3.798828 -109.295776 -65.000000 -3.798828 -108.825806 -65.000000 6.495728 3.704224 -65.000000 -86.298828 2.675049 -65.000000 -116.794189 16.016602 -65.000000 -116.126099 -78.201050 -65.000000 6.089233 -107.842773 -65.000000 14.264282 16.129395 -65.000000 -85.357788 21.888794 -65.000000 -115.326050 19.852783 -65.000000 -84.703003 34.828979 -65.000000 -112.427734 -77.052734 -65.000000 13.070068 -105.020264 -65.000000 26.990601 28.890747 -65.000000 -82.360229 40.441040 -65.000000 -110.660400 -74.486816 -65.000000 22.514893 -103.304565 -65.000000 32.506958 36.323242 -65.000000 -79.576416 54.507935 -65.000000 -104.734375 -71.447510 -65.000000 30.237427 -97.433105 -65.000000 46.601929 45.159790 -65.000000 -75.126831 59.648315 -65.000000 -101.978516 -67.609497 -65.000000 37.681274 -94.700195 -65.000000 51.749146 51.899170 -65.000000 -70.757690 72.264282 -65.000000 -93.623779 -63.132690 -65.000000 44.565063 -86.231567 -65.000000 64.615845 -83.920044 -65.000000 67.552368 75.150757 -65.000000 -91.345337 -57.942261 -65.000000 51.027832 59.655640 -65.000000 -64.426270 80.703613 -65.000000 -86.503662 83.704224 -65.000000 -78.798828 -73.319946 -65.000000 78.883057 -52.247192 -65.000000 56.828613 65.350708 -65.000000 -58.625488 88.226440 -65.000000 -78.798828 -70.522827 -65.000000 81.402832 -44.490723 -65.000000 63.160034 83.704224 -65.000000 -53.798828 70.541138 -65.000000 -52.162720 75.017944 -65.000000 -45.278931 -58.053467 -65.000000 90.832031 -37.751343 -65.000000 67.529175 -54.040771 -65.000000 93.332520 78.855957 -65.000000 -37.835083 105.040283 -65.000000 -53.798828 -40.827881 -65.000000 100.056396 -28.914795 -65.000000 71.978760 -36.408081 -65.000000 101.842041 -21.482300 -65.000000 74.762451 110.704224 -65.000000 -40.130615 81.895264 -65.000000 -30.112549 84.461182 -65.000000 -20.667725 85.609497 -65.000000 -13.686890 86.204224 -65.000000 -3.798828 -21.063354 -65.000000 106.453369 -12.444336 -65.000000 77.105225 -19.005493 -65.000000 106.895752 -8.720947 -65.000000 77.760010 -0.339966 -65.000000 109.128662 3.704224 -65.000000 78.701172 20.703369 -65.000000 107.915283 20.573120 -65.000000 76.958252 83.704224 -65.000000 46.201172 75.032227 -65.000000 37.656738 64.331665 -65.000000 52.152588 82.265625 -65.000000 21.387695 39.304199 -65.000000 103.446777 37.740479 -65.000000 71.352905 110.704224 -65.000000 32.532959 85.263184 -65.000000 8.626343 85.819702 -65.000000 4.157104 105.040283 -65.000000 46.201172 57.008423 -65.000000 95.838867 52.068115 -65.000000 63.038086 83.704224 -65.000000 71.201172 74.011841 -65.000000 84.664795 88.226440 -65.000000 71.201172 82.588989 -0.613961 -28.557861 82.588989 -0.326108 -28.557861 82.831665 -0.613961 -28.694702 90.821167 3.811457 -31.685059 90.821167 4.426069 -31.685059 92.462769 3.811457 -31.981445 90.642212 4.426069 -31.646606 79.850220 6.000000 19.183594 80.243530 61.500000 19.466919 75.581421 61.500000 15.334351 78.536621 3.811457 -25.757568 78.536621 4.426069 -25.757568 79.741821 3.811457 -26.701294 75.581421 6.000000 15.334351 90.642212 3.811457 -31.646606 79.741821 2.341070 -26.701294 79.741821 2.885895 -26.701294 80.260620 2.341070 -27.076660 80.243530 6.000000 19.466919 92.926880 1.353817 -32.047363 92.926880 2.341070 -32.047363 93.713257 1.353817 -32.141479 92.462769 2.341070 -31.981445 80.260620 1.353817 -27.076660 82.588989 1.353817 -28.557861 89.044434 5.335688 -31.250244 89.044434 6.000000 -31.250244 90.642212 5.335688 -31.646606 79.850220 5.335688 19.183594 77.571045 4.426069 -24.921631 77.571045 5.335688 -24.921631 75.581421 5.335688 15.334351 93.713257 -13.507349 -32.141479 92.926880 -10.633032 -32.047363 93.713257 -10.633032 -32.141479 80.243530 5.335688 19.466919 79.850220 4.426069 19.183594 75.581421 4.426069 15.334351 75.581421 3.811457 15.334351 96.704224 -22.500000 -32.298828 88.106201 6.000000 -30.970947 88.106201 61.500000 -30.970947 85.035889 -4.332387 -29.800781 85.035889 -1.985402 -29.800781 88.106201 -1.985402 -30.970947 88.106201 -4.332387 -30.970947 92.462769 1.353817 -31.981445 80.243530 4.426069 19.466919 82.831665 -1.985402 -28.694702 84.837280 -0.613961 -29.710693 84.837280 -1.985402 -29.710693 79.850220 3.811457 19.183594 75.581421 2.885895 15.334351 90.821167 2.885895 -31.685059 92.462769 2.885895 -31.981445 89.044434 -8.627406 -31.250244 89.044434 -6.056504 -31.250244 90.642212 -8.627406 -31.646606 88.106201 -6.056504 -30.970947 80.243530 3.811457 19.466919 79.850220 2.885895 19.183594 93.713257 -0.326108 -32.141479 76.189575 6.000000 -23.582642 77.571045 61.500000 -24.921631 77.571045 6.000000 -24.921631 75.581421 2.341070 15.334351 80.243530 2.885895 19.466919 75.168335 61.500000 -22.465820 90.642212 2.885895 -31.646606 79.850220 2.341070 19.183594 75.581421 1.353817 15.334351 78.536621 2.885895 -25.757568 89.044434 4.426069 -31.250244 80.243530 2.341070 19.466919 79.850220 1.353817 19.183594 90.821167 -10.633032 -31.685059 90.821167 -8.627406 -31.685059 92.462769 -10.633032 -31.981445 88.106201 5.335688 -30.970947 80.243530 1.353817 19.466919 84.837280 -4.332387 -29.710693 79.850220 -0.326108 19.183594 93.713257 -0.613961 -32.141479 90.821167 2.341070 -31.685059 79.741821 1.353817 -26.701294 85.587524 6.000000 22.443604 85.587524 61.500000 22.443604 82.588989 -1.985402 -28.557861 90.642212 2.341070 -31.646606 90.642212 -10.633032 -31.646606 79.850220 -0.613961 19.183594 77.571045 3.811457 -24.921631 89.044434 3.811457 -31.250244 92.926880 -0.326108 -32.047363 80.243530 -0.326108 19.466919 78.536621 2.341070 -25.757568 85.587524 5.335688 22.443604 92.926880 -0.613961 -32.047363 76.189575 5.335688 -23.582642 92.926880 -13.507349 -32.047363 88.106201 4.426069 -30.970947 80.243530 -0.613961 19.466919 85.587524 4.426069 22.443604 92.462769 -0.326108 -31.981445 88.106201 -8.627406 -30.970947 90.821167 1.353817 -31.685059 80.260620 -0.326108 -27.076660 79.850220 -1.985402 19.183594 74.530273 -0.326058 14.105591 80.243530 -1.985402 19.466919 85.035889 -5.646096 -29.800781 88.106201 -5.646096 -30.970947 90.642212 1.353817 -31.646606 92.462769 -0.613961 -31.981445 85.587524 3.811457 22.443604 93.713257 -14.840222 -32.141479 93.713257 -1.985402 -32.141479 92.462769 -13.507349 -31.981445 87.711548 6.000000 23.245239 91.202515 61.500000 24.165039 77.571045 2.885895 -24.921631 89.044434 2.885895 -31.250244 87.711548 5.335688 23.245239 88.106201 3.811457 -30.970947 85.587524 2.885895 22.443604 75.168335 6.000000 -22.465820 89.044434 2.341070 -31.250244 84.837280 -5.646096 -29.710693 92.926880 -1.985402 -32.047363 85.587524 2.341070 22.443604 80.260620 -0.613961 -27.076660 76.189575 4.426069 -23.582642 88.106201 2.885895 -30.970947 87.711548 4.426069 23.245239 78.536621 1.353817 -25.757568 79.850220 -4.332387 19.183594 79.850220 -5.646045 19.183594 85.035889 -6.056504 -29.800781 80.243530 -4.332387 19.466919 85.035889 6.000000 -29.800781 85.035889 61.500000 -29.800781 77.571045 2.341070 -24.921631 79.741821 -0.326108 -26.701294 92.462769 -1.985402 -31.981445 87.711548 3.811457 23.245239 85.587524 1.353817 22.443604 84.837280 -6.056504 -29.710693 87.711548 2.885895 23.245239 74.818115 6.000000 -22.053955 87.711548 2.341070 23.245239 84.837280 6.000000 -29.710693 73.438477 61.500000 -20.259521 89.044434 -10.633032 -31.250244 91.202515 6.000000 24.165039 90.821167 -0.326108 -31.685059 92.926880 -14.840222 -32.047363 96.704224 -22.500000 24.701172 96.704224 61.500000 24.701172 85.587524 -0.326108 22.443604 75.168335 5.335688 -22.465820 88.106201 2.341070 -30.970947 91.202515 5.335688 24.165039 79.741821 -0.613961 -26.701294 89.044434 1.353817 -31.250244 76.189575 3.811457 -23.582642 90.642212 -0.326108 -31.646606 85.587524 -0.613961 22.443604 87.711548 1.353817 23.245239 90.821167 -0.613961 -31.685059 82.831665 -4.332387 -28.694702 91.202515 4.426069 24.165039 92.462769 -14.840222 -31.981445 85.035889 5.335688 -29.800781 85.587524 -1.985402 22.443604 90.642212 -0.613961 -31.646606 82.588989 -4.332387 -28.557861 74.818115 5.335688 -22.053955 91.202515 3.811457 24.165039 84.837280 5.335688 -29.710693 87.711548 -0.326108 23.245239 77.571045 1.353817 -24.921631 80.260620 -1.985402 -27.076660 87.711548 -0.613961 23.245239 93.713257 -4.332387 -32.141479 88.106201 -10.633032 -30.970947 88.106201 1.353817 -30.970947 91.202515 2.885895 24.165039 90.821167 -13.507349 -31.685059 85.035889 4.426069 -29.800781 91.202515 2.341070 24.165039 75.168335 4.426069 -22.465820 84.837280 4.426069 -29.710693 87.711548 -1.985402 23.245239 93.713257 -16.616663 -32.141479 92.926880 -18.722639 -32.047363 85.587524 -4.332387 22.443604 76.189575 2.885895 -23.582642 90.821167 -1.985402 -31.685059 91.202515 1.353817 24.165039 90.642212 -13.507349 -31.646606 92.926880 -4.332387 -32.047363 85.587524 -5.646096 22.443604 78.536621 -0.326108 -25.757568 90.642212 -1.985402 -31.646606 85.587524 -6.056504 22.443604 91.202515 -0.326108 24.165039 79.741821 -1.985402 -26.701294 89.044434 -0.326108 -31.250244 91.202515 -0.613961 24.165039 74.818115 4.426069 -22.053955 78.536621 -0.613961 -25.757568 87.711548 -4.332387 23.245239 85.035889 3.811457 -29.800781 75.168335 3.811457 -22.465820 89.044434 -0.613961 -31.250244 87.711548 -5.646096 23.245239 82.831665 -5.646096 -28.694702 91.202515 -1.985402 24.165039 76.189575 2.341070 -23.582642 87.711548 -6.056504 23.245239 85.587524 -8.627406 22.443604 87.711548 -13.507304 23.245239 92.926880 -16.616663 -32.047363 82.831665 6.000000 -28.694702 82.588989 61.500000 -28.557861 84.837280 3.811457 -29.710693 91.202515 -4.332387 24.165039 82.588989 -5.646096 -28.557861 93.713257 -5.646096 -32.141479 87.711548 -8.627406 23.245239 82.831665 -6.056504 -28.694702 82.831665 -8.627422 -28.694702 73.438477 6.000000 -20.259521 91.202515 -5.646096 24.165039 92.462769 -4.332387 -31.981445 91.202515 -6.056504 24.165039 87.711548 -10.633032 23.245239 91.202515 -8.627406 24.165039 74.818115 3.811457 -22.053955 82.588989 6.000000 -28.557861 91.202515 -10.633032 24.165039 85.035889 -8.627406 -29.800781 91.202515 -13.507349 24.165039 82.588989 -6.056504 -28.557861 80.260620 -6.056455 -27.076660 91.202515 -14.840222 24.165039 93.713257 -6.056504 -32.141479 90.821167 -14.840222 -31.685059 90.821167 -16.616955 -31.685059 82.831665 5.335688 -28.694702 92.462769 -16.616663 -31.981445 88.106201 -0.326108 -30.970947 84.837280 -8.627406 -29.710693 84.837280 -10.633036 -29.710693 77.571045 -0.326108 -24.921631 85.035889 2.885895 -29.800781 90.642212 -14.840222 -31.646606 89.044434 -14.840215 -31.250244 92.926880 -5.646096 -32.047363 75.168335 2.885895 -22.465820 76.189575 1.353817 -23.582642 84.837280 2.885895 -29.710693 73.438477 5.335688 -20.259521 82.588989 5.335688 -28.557861 77.571045 -0.613961 -24.921631 89.044434 -13.507349 -31.250244 88.106201 -0.613961 -30.970947 78.536621 -1.985402 -25.757568 85.035889 2.341070 -29.800781 92.926880 -6.056504 -32.047363 74.818115 2.885895 -22.053955 75.168335 2.341070 -22.465820 89.044434 -1.985402 -31.250244 92.462769 -5.646096 -31.981445 72.850342 6.000000 -19.395142 71.648071 61.500000 -17.379761 80.260620 -4.332387 -27.076660 84.837280 2.341070 -29.710693 82.831665 4.426069 -28.694702 74.818115 2.341070 -22.053955 73.438477 4.426069 -20.259521 92.462769 -6.056504 -31.981445 90.821167 -4.332387 -31.685059 72.850342 5.335688 -19.395142 79.741821 -4.332387 -26.701294 78.536621 -4.332383 -25.757568 82.588989 4.426069 -28.557861 75.168335 1.353817 -22.465820 77.571045 -1.985402 -24.921631 76.189575 -1.985331 -23.582642 90.642212 -4.332387 -31.646606 85.035889 -10.633032 -29.800781 82.831665 3.811457 -28.694702 73.438477 3.811457 -20.259521 85.035889 1.353817 -29.800781 76.189575 -0.326108 -23.582642 80.260620 -5.646096 -27.076660 68.204224 6.000000 -3.798828 68.361572 61.500000 -0.807861 68.204224 61.500000 -3.798828 74.818115 1.353817 -22.053955 76.189575 -0.613961 -23.582642 82.588989 3.811457 -28.557861 72.850342 4.426069 -19.395142 84.837280 1.353817 -29.710693 71.863037 6.000000 -17.769043 80.260620 6.000000 -27.076660 73.438477 2.885895 -20.259521 79.741821 61.500000 -26.701294 93.713257 -8.627406 -32.141479 72.850342 3.811457 -19.395142 82.831665 2.885895 -28.694702 71.648071 6.000000 -17.379761 71.863037 5.335688 -17.769043 90.821167 -5.646096 -31.685059 73.438477 2.341070 -20.259521 90.642212 -5.646096 -31.646606 75.168335 -0.326108 -22.465820 82.588989 2.885895 -28.557861 71.648071 5.335688 -17.379761 75.168335 -0.613961 -22.465820 74.818115 -0.613944 -22.053955 79.741821 6.000000 -26.701294 72.850342 2.885895 -19.395142 74.818115 -0.326108 -22.053955 90.821167 -6.056504 -31.685059 71.863037 4.426069 -17.769043 80.260620 5.335688 -27.076660 73.438477 1.353817 -20.259521 72.850342 1.353837 -19.395142 72.850342 2.341070 -19.395142 71.863037 2.341157 -17.769043 82.831665 2.341070 -28.694702 71.648071 4.426069 -17.379761 71.863037 3.811457 -17.769043 89.044434 -4.332387 -31.250244 71.648071 3.811457 -17.379761 90.642212 -6.056504 -31.646606 70.461792 6.000000 -14.915527 92.926880 -8.627406 -32.047363 70.461792 61.500000 -14.915527 71.863037 2.885895 -17.769043 82.588989 2.341070 -28.557861 70.392700 6.000000 -14.751343 71.648071 2.885895 -17.379761 85.035889 -0.326108 -29.800781 93.713257 6.000000 -32.141479 96.704224 61.500000 -32.298828 84.837280 -0.326108 -29.710693 70.461792 5.335688 -14.915527 70.392700 5.335688 -14.751343 70.461792 4.426069 -14.915527 79.741821 5.335688 -26.701294 70.392700 4.426069 -14.751343 70.392700 3.811475 -14.751343 69.778076 4.426166 -13.138672 93.713257 61.500000 -32.141479 85.035889 -0.613961 -29.800781 93.713257 5.335688 -32.141479 69.778076 6.000000 -13.138672 92.462769 -8.627406 -31.981445 69.360840 61.500000 -11.835693 70.461792 3.811457 -14.915527 92.926880 6.000000 -32.047363 69.778076 5.335688 -13.138672 80.260620 4.426069 -27.076660 69.360840 6.000000 -11.835693 92.462769 61.500000 -31.981445 82.831665 1.353817 -28.694702 69.360840 5.335688 -11.835693 68.868530 5.335752 -9.916138 68.868530 6.000000 -9.916138 68.740356 61.500000 -9.300537 68.740356 6.000000 -9.300537 68.579590 5.624687 -8.408813 92.462769 6.000000 -31.981445 92.926880 5.335688 -32.047363 68.579590 6.000000 -8.408813 68.308960 61.500000 -6.240234 68.308960 6.000000 -6.240234 68.235718 5.968526 -5.137817 93.713257 4.426069 -32.141479 68.235718 6.000000 -5.137817 78.536621 6.000000 -25.757568 68.490356 6.000000 0.229248 68.400269 5.803927 -0.461548 68.490356 5.713907 0.229248 89.044434 -5.646096 -31.250244 68.521606 61.500000 0.442627 92.462769 5.335688 -31.981445 68.521606 6.000000 0.442627 69.399536 4.804678 4.368408 93.713257 3.811457 -32.141479 92.926880 4.426069 -32.047363 69.399536 6.000000 4.368408 69.532104 61.500000 4.799194 79.741821 4.426069 -26.701294 92.462769 4.426069 -31.981445 80.260620 3.811457 -27.076660 69.532104 6.000000 4.799194 69.399536 5.335688 4.368408 92.926880 3.811457 -32.047363 69.532104 5.335688 4.799194 71.318237 2.886000 9.155029 90.821167 6.000000 -31.685059 71.318237 6.000000 9.155029 71.945190 61.500000 10.316406 78.536621 5.335688 -25.757568 90.642212 61.500000 -31.646606 71.318237 5.335688 9.155029 93.713257 2.885895 -32.141479 71.945190 6.000000 10.316406 71.318237 4.426069 9.155029 71.945190 5.335688 10.316406 90.642212 6.000000 -31.646606 71.318237 3.811457 9.155029 71.945190 4.426069 10.316406 80.260620 2.885895 -27.076660 71.945190 3.811457 10.316406 93.713257 2.341070 -32.141479 74.530273 6.000000 14.105591 90.821167 5.335688 -31.685059 74.530273 5.335688 14.105591 92.926880 2.885895 -32.047363 74.530273 4.426069 14.105591 82.831665 -0.326108 -28.694702 74.530273 3.811457 14.105591 74.530273 2.885895 14.105591 74.530273 2.341070 14.105591 74.530273 1.353817 14.105591 110.704224 61.500000 24.701172 110.704224 -36.500000 24.701172 110.704224 61.500000 -32.298828 110.704224 -36.500000 -32.298828 110.704224 -76.500000 -53.798828 110.704224 -76.500000 -40.130615 110.704224 -46.094395 -53.798828 110.704224 -46.094395 -61.048950 110.704224 -76.500000 46.201172 110.704224 -76.500000 32.532959 110.704224 -46.094395 46.201172 110.704224 -46.094395 53.451294 110.704224 61.500000 -43.798828 110.704224 76.500000 -61.048950 110.704224 76.500000 -43.798828 110.704224 61.500000 36.201172 110.704224 76.500000 53.451294 110.704224 76.500000 36.201172 52.316406 61.500000 14.663330 75.930420 61.500000 -37.981445 68.637329 61.500000 -32.298828 78.674438 61.500000 31.907349 73.329956 61.500000 28.661011 84.496460 61.500000 -41.890381 87.520630 61.500000 35.132690 55.217773 61.500000 3.296875 90.582275 61.500000 -43.327515 96.704224 61.500000 36.201172 96.704224 61.500000 -43.798828 55.404297 61.500000 -9.376221 52.575562 61.500000 -21.563843 47.198486 61.500000 -32.298828 75.930420 76.500000 -37.981445 68.637329 76.500000 -32.298828 42.775146 76.500000 -38.113037 -38.903320 76.500000 -53.546753 -36.968994 76.500000 -36.197754 -60.295776 76.500000 -35.224731 -36.025635 76.500000 -37.347900 -28.616577 76.500000 -44.534180 84.496460 76.500000 -41.890381 37.437256 76.500000 -43.372559 -28.369141 76.500000 -44.729248 -29.416870 76.500000 36.288452 -38.903320 76.500000 45.949097 -35.906372 76.500000 29.890869 -36.755859 76.500000 28.865845 -60.295776 76.500000 27.627075 96.704224 76.500000 -43.798828 90.582275 76.500000 -43.327515 -26.150391 76.500000 -62.099365 -19.672852 76.500000 -50.247925 -26.498291 76.500000 38.530884 -26.150391 76.500000 54.501709 -19.394409 76.500000 -50.386963 109.804199 76.500000 -69.298828 27.145508 76.500000 -50.215454 39.441650 76.500000 33.974609 -21.089478 76.500000 41.909668 3.704224 76.500000 -69.298828 -42.482544 76.500000 20.092285 115.220337 76.500000 -67.042114 -9.983521 76.500000 -53.964966 -42.554688 76.500000 19.952271 -15.907227 76.500000 44.361206 -11.545166 76.500000 59.901245 73.329956 76.500000 28.661011 -12.260742 76.500000 45.689697 78.674438 76.500000 31.907349 29.154907 76.500000 41.547241 -46.371216 76.500000 10.217285 109.804199 76.500000 61.701172 3.704224 76.500000 61.701172 -46.412964 76.500000 10.067383 -9.466064 76.500000 46.505737 -2.538574 76.500000 47.825073 87.520630 76.500000 35.132690 -48.157227 76.500000 -0.005615 -48.167969 76.500000 -0.155884 -11.545166 76.500000 -67.498901 -9.692749 76.500000 -54.043457 -3.070068 76.500000 -55.355713 -2.925659 76.500000 -55.374390 115.220337 76.500000 59.444458 -48.193604 76.500000 -7.057495 7.837036 76.500000 48.036621 96.704224 76.500000 36.201172 15.569092 76.500000 -54.427124 3.704224 76.500000 -55.798828 18.275269 76.500000 46.117920 -47.912720 76.500000 -10.099121 -47.326782 76.500000 -13.790771 -45.873169 76.500000 -19.485718 -43.640137 76.500000 -25.304810 -41.927734 76.500000 -28.733276 47.198486 76.500000 -32.298828 3.704224 61.500000 48.201172 -1.831177 61.500000 47.905762 3.704224 53.000000 48.201172 7.794922 53.000000 48.040039 7.794922 61.500000 48.040039 7.826294 61.500000 48.037476 10.606689 53.000000 47.740967 10.606689 61.500000 47.740967 17.701172 61.500000 46.281982 17.701172 53.000000 46.281982 18.278687 61.500000 46.116943 27.562256 53.000000 42.405029 27.562256 61.500000 42.405029 29.153931 61.500000 41.547729 36.701660 53.000000 36.390381 36.701660 61.500000 36.390381 39.441895 61.500000 33.974487 44.451172 53.000000 28.507324 44.451172 61.500000 28.507324 43.893433 61.500000 -36.796265 43.893433 53.000000 -36.796265 42.775146 61.500000 -38.113037 37.437256 61.500000 -43.372559 36.010376 53.000000 -44.545776 36.010376 61.500000 -44.545776 27.145508 61.500000 -50.215454 26.787231 53.000000 -50.394653 26.787231 61.500000 -50.394653 15.788574 53.000000 -54.375244 15.788574 61.500000 -54.375244 15.569092 61.500000 -54.427124 3.704224 53.000000 -55.798828 50.300049 53.000000 19.284180 54.280640 53.000000 8.285522 55.704224 53.000000 -3.798828 55.244019 53.000000 -10.701294 53.785034 53.000000 -17.795776 49.908081 53.000000 -27.656860 -2.925659 61.500000 -55.374390 -3.198242 53.000000 -55.338623 -3.198242 61.500000 -55.338623 -5.889771 61.500000 -54.906128 -5.889771 53.000000 -54.906128 -9.692749 61.500000 -54.043457 -10.292725 53.000000 -53.879639 -10.292725 61.500000 -53.879639 -15.698730 61.500000 -52.043213 -15.698730 53.000000 -52.043213 -19.394409 61.500000 -50.386963 -20.153809 53.000000 -50.002686 -20.153809 61.500000 -50.002686 -25.254517 53.000000 -46.989014 -25.254517 61.500000 -46.989014 -28.369141 61.500000 -44.729248 -29.293213 53.000000 -43.988037 -29.293213 61.500000 -43.988037 -33.714722 53.000000 -39.907227 -33.714722 61.500000 -39.907227 -36.025635 61.500000 -37.347900 -37.042725 53.000000 -36.104980 -37.042725 61.500000 -36.104980 -40.479492 61.500000 -31.217773 -40.479492 53.000000 -31.217773 -41.927856 61.500000 -28.733032 -42.891602 53.000000 -26.881836 -42.891602 61.500000 -26.881836 -43.640137 61.500000 -25.304810 -45.173584 53.000000 -21.546021 -45.173584 61.500000 -21.546021 -45.872925 61.500000 -19.486450 -46.872192 53.000000 -15.883179 -46.872192 61.500000 -15.883179 -47.328979 61.500000 -13.779297 -47.709839 53.000000 -11.582642 -47.709839 61.500000 -11.582642 -47.914185 61.500000 -10.086914 -48.193481 61.500000 -7.059204 -48.295776 53.000000 -3.798828 -48.295776 61.500000 -3.798828 -48.261597 53.000000 -1.914307 -48.261597 61.500000 -1.914307 -48.169189 61.500000 -0.172363 -48.158325 61.500000 -0.020874 -47.835571 53.000000 3.103638 -47.835571 61.500000 3.103638 -46.958618 61.500000 7.917847 -46.958618 53.000000 7.917847 -46.411987 61.500000 10.070923 -46.376587 53.000000 10.198120 -46.370361 61.500000 10.220459 -43.576782 53.000000 17.846313 -43.576782 61.500000 17.846313 -42.555054 61.500000 19.951538 -42.499634 53.000000 20.059204 -42.482788 61.500000 20.091797 -38.036987 53.000000 27.212036 -38.036987 61.500000 27.212036 -36.755615 61.500000 28.866089 -36.484985 53.000000 29.198608 -35.906616 61.500000 29.890625 -30.541992 53.000000 35.331665 -30.541992 61.500000 35.331665 -29.416992 61.500000 36.288452 -28.601929 53.000000 36.948120 -28.601929 61.500000 36.948120 -26.493042 61.500000 38.534668 -21.568237 53.000000 41.646729 -21.568237 61.500000 41.646729 -21.091431 61.500000 41.908691 -19.378784 53.000000 42.796997 -19.378784 61.500000 42.796997 -15.918335 61.500000 44.356689 -11.769897 53.000000 45.845459 -12.262085 61.500000 45.689331 -11.769897 61.500000 45.845459 -9.475464 61.500000 46.503174 -8.380127 53.000000 46.777588 -8.380127 61.500000 46.777588 -2.524414 61.500000 47.826782 -1.831177 53.000000 47.905762 156.204224 -96.000000 65.201172 120.194946 -96.000000 65.201172 129.586426 -96.000000 46.048462 135.995483 -96.000000 25.012939 138.862793 -96.000000 4.152710 156.204224 -96.000000 -72.798828 138.231079 -96.000000 -19.083130 133.681885 -96.000000 -41.704956 127.826782 -96.000000 -57.879028 120.194946 -96.000000 -72.798828 124.079712 -66.143784 -78.798828 156.204224 -66.143784 -78.798828 156.204224 -90.000000 -78.798828 103.704224 -90.000000 -78.798828 124.079712 -36.728790 -78.798828 88.226440 -90.000000 -78.798828 88.226440 -90.000000 71.201172 103.704224 -90.000000 71.201172 124.079712 -66.143784 71.201172 156.204224 -90.000000 71.201172 124.079712 -36.728790 71.201172 156.204224 -66.143784 71.201172 -86.775024 -90.000000 63.895386 -78.269287 -90.000000 73.978638 -15.856934 -90.000000 -115.092896 -91.255859 -90.000000 57.451294 3.704224 -90.000000 -116.798828 79.242065 -90.000000 80.242920 -97.798096 -90.000000 45.862793 -101.026733 -90.000000 38.632690 66.204590 -90.000000 90.343018 68.953857 -90.000000 88.458984 21.940430 -90.000000 -115.317627 78.032227 -90.000000 81.314941 -104.734009 -90.000000 27.984131 40.073975 -90.000000 -110.785889 47.750732 -90.000000 100.263184 50.827148 -90.000000 98.906738 -106.705933 -90.000000 20.255371 57.596436 -90.000000 -103.119629 -108.562988 -90.000000 9.048706 30.906494 -90.000000 105.878174 -109.192261 -90.000000 1.036377 74.139648 -90.000000 -92.160889 8.582764 -90.000000 109.095703 11.993530 -90.000000 108.896729 27.602417 -90.000000 106.645264 -109.035034 -90.000000 -11.470337 -108.338501 -90.000000 -18.476562 -10.718506 -90.000000 108.276855 -7.298096 -90.000000 108.664307 -106.005005 -90.000000 -30.870483 -26.411621 -90.000000 105.114258 -103.672241 -90.000000 -39.002563 -30.753052 -90.000000 103.819336 -101.685791 -90.000000 -44.565674 -95.415771 -90.000000 -58.059570 -44.776123 -90.000000 98.272949 -83.694946 -90.000000 -75.425537 -48.862427 -90.000000 96.229980 -68.828369 -90.000000 -90.447632 -61.124023 -90.000000 88.755615 -62.594971 -90.000000 87.707520 -53.131958 -90.000000 -101.464844 -72.722778 -90.000000 79.435303 -35.665405 -90.000000 -109.718750 156.204224 96.500000 -49.965454 156.204224 88.000000 -46.926514 156.204224 80.933815 -59.059326 156.204224 110.000000 -49.965454 156.204224 110.000000 42.367798 156.204224 88.000000 39.328857 156.204224 -72.077438 62.600342 156.204224 90.500000 -78.798828 156.204224 72.077438 -70.197998 156.204224 66.143784 -78.798828 156.204224 -58.508209 74.819092 156.204224 -80.933815 51.461670 156.204224 96.500000 -72.798828 156.204224 66.143784 71.201172 156.204224 45.596054 85.201172 156.204224 55.260448 77.135010 156.204224 -45.596054 85.201172 156.204224 -45.596054 -92.798828 156.204224 -55.260448 -84.732666 156.204224 45.596054 -92.798828 156.204224 58.508209 -82.416870 156.204224 -88.000000 39.328857 156.204224 -43.127716 84.201172 156.204224 43.127716 84.201172 156.204224 -88.000000 -46.926514 156.204224 -78.617996 -62.307007 156.204224 66.399117 68.278564 156.204224 -66.399117 -75.876221 156.204224 90.500000 71.201172 156.204224 78.617996 54.709351 156.204224 96.500000 65.201172 156.204224 -43.127716 -91.798828 156.204224 96.500000 42.367798 156.204224 43.127716 -91.798828 134.629395 -45.596054 -92.798828 134.629395 45.596054 -92.798828 124.079712 90.500000 -78.798828 124.079712 66.143784 -78.798828 119.558350 96.500000 -72.798828 115.220337 96.500000 -67.042114 134.629395 -45.596054 85.201172 134.629395 45.596054 85.201172 124.079712 66.143784 71.201172 119.558350 96.500000 65.201172 115.220337 96.500000 59.444458 124.079712 90.500000 71.201172 105.040283 -76.500000 -53.798828 -148.348755 23.809704 48.954956 -153.505615 20.934101 50.267456 -162.502808 4.468972 56.052856 -162.216187 9.974184 55.769775 -162.934326 4.468973 56.495361 -162.023315 9.974184 55.584473 -146.737549 21.192982 48.776733 -146.737549 20.934101 48.776733 -157.794312 21.192686 52.346558 -155.076782 23.809704 50.912964 -155.076782 24.074669 50.912964 -157.979858 20.934065 52.460693 -154.403320 24.074642 50.620972 -152.627930 25.640324 49.959717 -154.403320 23.809704 50.620972 -152.627930 24.074642 49.959717 -150.068237 26.555046 49.263550 -152.562134 25.672222 49.938110 -152.627930 23.809704 49.959717 -149.931396 26.586481 49.234375 -153.505615 21.192982 50.267456 -148.348755 24.074642 48.954956 -94.924805 -26.718584 47.680542 -94.644165 -26.607674 47.737915 -162.961670 0.000000 -64.123291 -163.104370 0.000000 -64.275513 -147.882080 -26.779289 -56.490112 -147.882080 -26.865154 -56.490356 -96.429443 27.197861 -55.026489 -96.703979 27.265116 -54.990723 89.969238 -46.471161 30.948120 91.415649 -42.500000 27.115723 87.613159 -42.500000 36.304810 -10.605225 -49.999092 -95.691406 -10.605225 -50.735001 -95.691406 -14.183716 -49.999092 -95.062256 91.412964 -46.471161 27.123413 -14.183716 -46.471161 -95.062256 89.969238 -49.999092 30.948120 87.614624 -50.735001 36.301514 89.969238 -54.898911 30.948120 89.969238 -50.735001 30.948120 87.614624 -54.898911 36.301514 -10.605225 -46.471161 -95.691406 -10.602783 -42.500000 -95.691772 1.380615 -57.831329 -96.769775 1.380615 -60.500000 -96.769775 -10.605225 -57.831329 -95.691406 87.614624 -49.999092 36.301514 1.380615 -57.552059 -96.769775 -10.605225 -57.552059 -95.691406 83.376221 -57.831329 44.173828 81.112183 -60.500000 47.747314 87.614624 -57.831329 36.301514 1.380615 -55.746014 -96.769775 -10.605225 -55.746014 -95.691406 83.376221 -57.552059 44.173828 87.614624 -57.552059 36.301514 3.704224 -57.831329 -96.798828 83.376221 -55.746014 44.173828 87.614624 -55.746014 36.301514 3.704224 -60.500000 -96.798828 87.614624 -46.471161 36.301514 3.704224 -57.552059 -96.798828 1.380615 -54.898911 -96.769775 -10.605225 -54.898911 -95.691406 83.376221 -54.898911 44.173828 3.704224 -55.746014 -96.798828 81.112183 -57.831329 47.747314 3.704224 -54.898911 -96.798828 81.112183 -57.552059 47.747314 1.380615 -50.735001 -96.769775 8.292969 -57.831329 -96.685547 81.112183 -55.746014 47.747314 19.935791 -60.500000 -95.371460 81.112183 -54.898911 47.747314 1.380615 -49.999092 -96.769775 83.376221 -50.735001 44.173828 8.292969 -57.552059 -96.685547 -89.295776 -60.500000 -3.798828 -87.559204 -60.500000 14.089111 -89.190430 -57.831329 0.608276 3.704224 -50.735001 -96.798828 83.376221 -49.999092 44.173828 -89.016846 -57.552059 -10.985596 78.539795 -57.831329 51.415649 8.292969 -55.746014 -96.685547 3.704224 -49.999092 -96.798828 78.539795 -57.552059 51.415649 8.292969 -54.898911 -96.685547 78.539795 -55.746014 51.415649 1.380615 -46.471161 -96.769775 8.296021 -42.500000 -96.685425 81.112183 -50.735001 47.747314 3.704224 -46.471161 -96.798828 8.292969 -50.735001 -96.685547 78.539795 -54.898911 51.415649 83.376221 -46.471161 44.173828 8.292969 -49.999092 -96.685547 83.375244 -42.500000 44.175415 81.112183 -49.999092 47.747314 8.292969 -46.471161 -96.685547 78.539795 -50.735001 51.415649 81.112183 -46.471161 47.747314 78.540405 -42.500000 51.414917 78.539795 -49.999092 51.415649 19.697388 -57.831329 -95.413330 72.948486 -57.831329 58.283691 19.697388 -57.552059 -95.413330 68.882568 -60.500000 62.539551 72.948486 -57.552059 58.283691 20.885620 -57.831329 -95.197998 20.885620 -60.500000 -95.197998 20.885620 -57.552059 -95.197998 72.948486 -55.746014 58.283691 19.697388 -55.746014 -95.413330 72.948486 -54.898911 58.283691 19.697388 -54.898911 -95.413330 78.539795 -46.471161 51.415649 68.882568 -57.831329 62.539551 20.885620 -55.746014 -95.197998 20.885620 -54.898911 -95.197998 68.882568 -57.552059 62.539551 19.697388 -50.735001 -95.413330 72.948486 -50.735001 58.283691 26.817627 -57.831329 -93.880859 68.882568 -55.746014 62.539551 26.817627 -57.552059 -93.880859 72.948486 -49.999092 58.283691 19.697388 -49.999092 -95.413330 66.898315 -57.831329 64.432373 20.885620 -50.735001 -95.197998 66.898315 -57.552059 64.432373 68.882568 -54.898911 62.539551 20.885620 -49.999092 -95.197998 26.817627 -55.746014 -93.880859 66.898315 -55.746014 64.432373 66.898315 -54.898911 64.432373 26.817627 -54.898911 -93.880859 72.948486 -46.471161 58.283691 72.948853 -42.500000 58.283203 19.697388 -46.471161 -95.413330 19.716919 -42.500000 -95.409912 68.882568 -50.735001 62.539551 30.530151 -57.831329 -92.845825 68.882568 -49.999092 62.539551 38.007812 -60.500000 -90.241089 30.530151 -57.552059 -92.845825 66.898315 -50.735001 64.432373 66.898315 -49.999092 64.432373 20.885620 -46.471161 -95.197998 26.810059 -42.500000 -93.882812 30.530151 -55.746014 -92.845825 60.183716 -57.831329 70.086670 55.348877 -60.500000 73.543457 30.530151 -54.898911 -92.845825 60.183716 -57.552059 70.086670 26.817627 -50.735001 -93.880859 68.882568 -46.471161 62.539551 66.898193 -42.500000 64.432495 26.817627 -49.999092 -93.880859 60.183716 -55.746014 70.086670 30.530151 -50.735001 -92.845825 60.183716 -54.898911 70.086670 26.817627 -46.471161 -93.880859 66.898315 -46.471161 64.432373 30.530151 -49.999092 -92.845825 55.348877 -57.831329 73.543457 38.007812 -57.831329 -90.241089 55.348877 -57.552059 73.543457 60.183716 -50.735001 70.086670 38.007812 -57.552059 -90.241089 38.451172 -57.831329 -90.063843 55.348877 -55.746014 73.543457 38.451172 -60.500000 -90.063843 60.183716 -49.999092 70.086670 38.451172 -57.552059 -90.063843 55.348877 -54.898911 73.543457 38.007812 -55.746014 -90.241089 51.524048 -57.831329 75.964844 38.451172 -55.746014 -90.063843 39.851196 -60.500000 81.888916 38.007812 -54.898911 -90.241089 51.524048 -57.552059 75.964844 60.183716 -46.471161 70.086670 38.451172 -54.898911 -90.063843 60.183594 -42.500000 70.086792 30.530151 -46.471161 -92.845825 51.524048 -55.746014 75.964844 30.493164 -42.500000 -92.856934 43.215576 -57.831329 -87.988281 55.348877 -50.735001 73.543457 51.524048 -54.898911 75.964844 43.215576 -57.552059 -87.988281 55.348877 -49.999092 73.543457 38.007812 -50.735001 -90.241089 55.348877 -46.471161 73.543457 51.524170 -42.500000 75.964844 38.451172 -50.735001 -90.063843 51.524048 -50.735001 75.964844 43.215576 -55.746014 -87.988281 51.524048 -49.999092 75.964844 43.874756 -57.831329 80.078125 38.007812 -49.999092 -90.241089 43.874756 -57.552059 80.078125 38.451172 -49.999092 -90.063843 43.215576 -54.898911 -87.988281 43.874756 -55.746014 80.078125 47.039307 -57.831329 -86.085327 54.847900 -60.500000 -81.473267 47.039307 -57.552059 -86.085327 43.874756 -54.898911 80.078125 51.524048 -46.471161 75.964844 38.007812 -46.471161 -90.241089 43.227539 -42.500000 -87.982666 39.851196 -57.831329 81.888916 39.851196 -57.552059 81.888916 47.039307 -55.746014 -86.085327 38.451172 -46.471161 -90.063843 39.851196 -55.746014 81.888916 47.039307 -54.898911 -86.085327 43.215576 -50.735001 -87.988281 43.874756 -50.735001 80.078125 -13.477173 -57.831329 87.600342 -13.477173 -60.500000 87.600342 3.704224 -60.500000 89.201172 39.851196 -54.898911 81.888916 43.215576 -49.999092 -87.988281 43.874756 -49.999092 80.078125 -13.477173 -57.552059 87.600342 -13.976074 -57.831329 87.505127 -31.042725 -60.500000 82.466064 47.039307 -50.735001 -86.085327 34.300415 -57.831329 84.024170 43.215576 -46.471161 -87.988281 21.592163 -60.500000 87.464600 34.300415 -57.552059 84.024170 -13.976074 -57.552059 87.505127 -13.477173 -55.746014 87.600342 47.039307 -49.999092 -86.085327 43.874756 -46.471161 80.078125 -13.976074 -55.746014 87.505127 43.874756 -42.500000 80.078125 54.847900 -57.831329 -81.473267 39.851196 -50.735001 81.888916 55.250366 -60.500000 -81.206787 -13.477173 -54.898911 87.600342 54.847900 -57.552059 -81.473267 39.851196 -49.999092 81.888916 -13.976074 -54.898911 87.505127 -13.477173 -50.735001 87.600342 3.704224 -42.500000 89.201172 34.300415 -55.746014 84.024170 -13.976074 -50.735001 87.505127 55.250366 -57.831329 -81.206787 55.250366 -57.552059 -81.206787 34.300415 -54.898911 84.024170 -13.477173 -49.999092 87.600342 54.847900 -55.746014 -81.473267 39.851196 -46.471161 81.888916 -13.976074 -49.999092 87.505127 -13.477173 -46.471161 87.600342 -13.976074 -42.500000 87.505127 34.300415 -42.500000 84.024170 34.300415 -50.735001 84.024170 55.250366 -55.746014 -81.206787 -13.976074 -46.471161 87.505127 47.039307 -46.471161 -86.085327 34.300415 -49.999092 84.024170 47.058228 -42.500000 -86.075439 -31.042725 -57.831329 82.466064 54.847900 -54.898911 -81.473267 26.063232 -57.831329 86.473389 -31.042725 -57.552059 82.466064 26.063232 -57.552059 86.473389 55.250366 -54.898911 -81.206787 58.513428 -57.831329 -78.931641 -31.630005 -57.831329 82.227295 26.063232 -55.746014 86.473389 -31.630005 -57.552059 82.227295 58.513428 -57.552059 -78.931641 34.300415 -46.471161 84.024170 58.513428 -55.746014 -78.931641 26.063232 -54.898911 86.473389 -31.042725 -55.746014 82.466064 -31.630005 -55.746014 82.227295 54.847900 -50.735001 -81.473267 21.592163 -57.831329 87.464600 -31.042725 -54.898911 82.466064 58.513428 -54.898911 -78.931641 21.592163 -57.552059 87.464600 -31.630005 -54.898911 82.227295 55.250366 -50.735001 -81.206787 54.847900 -49.999092 -81.473267 -31.042725 -50.735001 82.466064 21.592163 -55.746014 87.464600 26.063232 -50.735001 86.473389 -31.630005 -50.735001 82.227295 55.250366 -49.999092 -81.206787 62.770508 -57.831329 -75.633179 18.858154 -57.831329 87.958252 -31.042725 -49.999092 82.466064 69.699829 -60.500000 -69.324219 21.592163 -54.898911 87.464600 -31.630005 -49.999092 82.227295 62.770508 -57.552059 -75.633179 -31.042725 -46.471161 82.466064 -31.630005 -42.500000 82.227295 58.513428 -50.735001 -78.931641 26.063232 -49.999092 86.473389 -31.630005 -46.471161 82.227295 -47.058228 -42.500000 74.125366 18.858154 -57.552059 87.958252 54.847900 -46.471161 -81.473267 -47.058228 -57.831329 74.125366 -47.841919 -60.500000 73.609131 58.510498 -42.500000 -78.933838 18.858154 -55.746014 87.958252 62.770508 -55.746014 -75.633179 55.250366 -46.471161 -81.206787 18.858154 -54.898911 87.958252 26.063232 -46.471161 86.473389 -47.058228 -57.552059 74.125366 58.513428 -49.999092 -78.931641 26.063232 -42.500000 86.473389 -47.841919 -57.831329 73.609131 21.592163 -50.735001 87.464600 62.770508 -54.898911 -75.633179 -47.841919 -57.552059 73.609131 58.513428 -46.471161 -78.931641 62.765747 -42.500000 -75.637085 14.759033 -57.831329 88.541748 -47.058228 -55.746014 74.125366 62.770508 -50.735001 -75.633179 14.759033 -57.552059 88.541748 62.770508 -49.999092 -75.633179 -47.058228 -54.898911 74.125366 69.699829 -57.831329 -69.324219 21.592163 -49.999092 87.464600 -47.841919 -55.746014 73.609131 14.759033 -55.746014 88.541748 70.042603 -60.500000 -68.977173 -47.841919 -54.898911 73.609131 69.699829 -57.552059 -69.324219 18.858154 -50.735001 87.958252 -47.058228 -50.735001 74.125366 -47.058228 -49.999092 74.125366 14.759033 -54.898911 88.541748 69.699829 -55.746014 -69.324219 -47.841919 -50.735001 73.609131 18.858154 -49.999092 87.958252 62.770508 -46.471161 -75.633179 -47.841919 -49.999092 73.609131 21.592163 -46.471161 87.464600 -47.058228 -46.471161 74.125366 71.677979 -57.831329 -67.269897 18.858154 -42.500000 87.958252 69.699829 -54.898911 -69.324219 18.858154 -46.471161 87.958252 -47.841919 -46.471161 73.609131 -61.959229 -42.500000 62.059448 14.759033 -50.735001 88.541748 -61.959229 -57.831329 62.059448 -62.634155 -60.500000 61.379517 71.677979 -57.552059 -67.269897 14.759033 -49.999092 88.541748 71.677979 -55.746014 -67.269897 14.759033 -46.471161 88.541748 -61.959229 -57.552059 62.059448 14.759033 -42.500000 88.541748 71.677979 -54.898911 -67.269897 -62.634155 -57.831329 61.379517 69.699829 -50.735001 -69.324219 -62.634155 -57.552059 61.379517 -61.959229 -55.746014 62.059448 75.203247 -57.831329 -63.270630 80.772095 -60.500000 -55.852051 69.699829 -49.999092 -69.324219 -61.959229 -54.898911 62.059448 75.203247 -57.552059 -63.270630 71.677979 -50.735001 -67.269897 -62.634155 -55.746014 61.379517 -62.634155 -54.898911 61.379517 75.203247 -55.746014 -63.270630 -61.959229 -50.735001 62.059448 71.677979 -49.999092 -67.269897 -61.959229 -49.999092 62.059448 75.203247 -54.898911 -63.270630 -62.634155 -50.735001 61.379517 69.699829 -46.471161 -69.324219 -62.634155 -49.999092 61.379517 71.678711 -42.500000 -67.269165 -61.959229 -46.471161 62.059448 71.677979 -46.471161 -67.269897 -62.634155 -46.471161 61.379517 -72.546753 -42.500000 49.443848 75.203247 -50.735001 -63.270630 -72.546753 -57.831329 49.443848 -73.638062 -60.500000 47.845825 75.203247 -49.999092 -63.270630 80.772095 -57.831329 -55.852051 -72.546753 -57.552059 49.443848 81.046509 -60.500000 -55.443481 80.772095 -57.552059 -55.852051 -73.638062 -57.831329 47.845825 -72.546753 -55.746014 49.443848 80.772095 -55.746014 -55.852051 -73.638062 -57.552059 47.845825 -72.546753 -54.898911 49.443848 75.203247 -46.471161 -63.270630 75.205322 -42.500000 -63.268066 82.329712 -57.831329 -53.468018 -73.638062 -55.746014 47.845825 80.772095 -54.898911 -55.852051 -73.638062 -54.898911 47.845825 -72.546753 -50.735001 49.443848 82.329712 -57.552059 -53.468018 -72.546753 -49.999092 49.443848 82.329712 -55.746014 -53.468018 -73.638062 -50.735001 47.845825 -73.638062 -49.999092 47.845825 82.329712 -54.898911 -53.468018 -72.546753 -46.471161 49.443848 80.772095 -50.735001 -55.852051 -73.638062 -46.471161 47.845825 85.027466 -57.831329 -48.915771 -80.505371 -42.500000 35.669556 -80.505371 -57.831329 35.669556 -81.983521 -60.500000 32.348145 89.197632 -60.500000 -40.403076 80.772095 -49.999092 -55.852051 85.027466 -57.552059 -48.915771 -80.505371 -57.552059 35.669556 82.329712 -50.735001 -53.468018 -80.505371 -55.746014 35.669556 85.027466 -55.746014 -48.915771 -80.505371 -54.898911 35.669556 82.329712 -49.999092 -53.468018 -81.983521 -57.831329 32.348145 -81.983521 -57.552059 32.348145 85.027466 -54.898911 -48.915771 80.772095 -46.471161 -55.852051 82.329590 -42.500000 -53.468140 -81.983521 -55.746014 32.348145 -81.983521 -54.898911 32.348145 82.329712 -46.471161 -53.468018 -80.505371 -50.735001 35.669556 85.027466 -50.735001 -48.915771 -80.505371 -49.999092 35.669556 85.027466 -49.999092 -48.915771 -81.983521 -50.735001 32.348145 -84.946899 -50.735001 24.305664 89.197632 -57.831329 -40.403076 -80.505371 -46.471161 35.669556 89.391968 -60.500000 -39.945801 -81.983521 -49.999092 32.348145 89.197632 -57.552059 -40.403076 -84.947510 -55.746014 24.305786 89.391968 -57.831329 -39.945801 -84.947510 -54.898911 24.305786 89.391968 -57.552059 -39.945801 -87.559204 -57.831329 14.089111 -87.559204 -57.552059 14.089111 -87.906738 -55.746014 12.209839 89.197632 -55.746014 -40.403076 -87.907593 -57.831329 12.209961 85.027466 -46.471161 -48.915771 -87.907593 -57.552059 12.209961 85.024902 -42.500000 -48.920410 -89.017700 -57.831329 -10.985718 -87.775269 -60.500000 -20.547363 -87.775269 -57.831329 -20.547363 -87.694946 -60.500000 -20.980225 89.391968 -55.746014 -39.945801 -87.775269 -57.552059 -20.547363 -87.393799 -54.898911 -22.507568 89.197632 -54.898911 -40.403076 -87.394531 -57.831329 -22.507690 89.391968 -54.898911 -39.945801 -87.394531 -57.552059 -22.507690 -87.394531 -55.746014 -22.507690 90.846436 -57.831329 -36.283081 -84.528320 -57.831329 -33.193115 -82.902344 -60.500000 -37.685425 90.846436 -57.552059 -36.283081 90.846436 -55.746014 -36.283081 -84.528320 -57.552059 -33.193115 -84.528320 -55.746014 -33.193115 89.197632 -50.735001 -40.403076 -84.528320 -54.898911 -33.193115 -82.902344 -57.831329 -37.685425 -82.560791 -60.500000 -38.545776 90.846436 -54.898911 -36.283081 89.391968 -50.735001 -39.945801 -82.902344 -57.552059 -37.685425 89.197632 -49.999092 -40.403076 89.391968 -49.999092 -39.945801 -82.560791 -57.831329 -38.545776 92.529785 -57.831329 -31.349243 -82.560791 -57.552059 -38.545776 94.598511 -60.500000 -23.476807 92.529785 -57.552059 -31.349243 -82.902344 -55.746014 -37.685425 89.197632 -46.471161 -40.403076 -84.528320 -50.735001 -33.193115 -84.527832 -49.999092 -33.192871 90.847168 -42.500000 -36.281372 -82.902344 -54.898911 -37.685425 90.846436 -50.735001 -36.283081 -82.560791 -55.746014 -38.545776 92.529785 -55.746014 -31.349243 -82.560791 -54.898911 -38.545776 89.391968 -46.471161 -39.945801 -80.505371 -57.831329 -43.267212 90.846436 -49.999092 -36.283081 -74.218384 -60.500000 -54.563599 -80.505371 -57.552059 -43.267212 92.529785 -54.898911 -31.349243 90.846436 -46.471161 -36.283081 92.535400 -42.500000 -31.330933 -82.902344 -50.735001 -37.685425 92.529785 -50.735001 -31.349243 -82.902344 -49.999092 -37.685425 -82.577759 -46.471157 -38.503296 -82.560791 -50.735001 -38.545776 92.529785 -49.999092 -31.349243 94.598511 -57.831329 -23.476807 -80.505371 -55.746014 -43.267212 -82.560791 -49.999092 -38.545776 94.598511 -57.552059 -23.476807 -80.505371 -54.898911 -43.267212 94.967651 -57.831329 -21.686768 94.967651 -60.500000 -21.686768 -80.505371 -50.735001 -43.267212 94.598511 -55.746014 -23.476807 -80.505371 -49.999092 -43.267212 94.967651 -57.552059 -21.686768 -80.505371 -46.471161 -43.267212 -80.505371 -42.500000 -43.267212 94.598511 -54.898911 -23.476807 -74.218384 -57.831329 -54.563599 92.529785 -46.471161 -31.349243 94.967651 -55.746014 -21.686768 -73.703735 -60.500000 -55.344971 -74.218384 -57.552059 -54.563599 94.967651 -54.898911 -21.686768 -73.703735 -57.831329 -55.344971 -73.703735 -57.552059 -55.344971 95.628906 -57.831329 -17.900513 -74.218384 -55.746014 -54.563599 95.628906 -57.552059 -17.900513 -74.218384 -54.898911 -54.563599 94.598511 -50.735001 -23.476807 -73.703735 -55.746014 -55.344971 94.598511 -49.999092 -23.476807 95.628906 -55.746014 -17.900513 -73.703735 -54.898911 -55.344971 -71.384521 -57.831329 -58.668579 -62.145264 -60.500000 -69.471069 95.628906 -54.898911 -17.900513 -71.384521 -57.552059 -58.668579 94.967651 -50.735001 -21.686768 -71.384521 -55.746014 -58.668579 94.967651 -49.999092 -21.686768 -74.218384 -50.735001 -54.563599 94.598511 -46.471161 -23.476807 95.626953 -42.500000 -17.913330 -71.384521 -54.898911 -58.668579 96.276855 -57.831329 -12.704346 96.685913 -60.500000 -5.646484 -74.218384 -49.999092 -54.563599 96.276855 -57.552059 -12.704346 -73.703735 -50.735001 -55.344971 95.628906 -50.735001 -17.900513 -73.703735 -49.999092 -55.344971 94.967651 -46.471161 -21.686768 -74.218384 -46.471161 -54.563599 -71.384521 -42.500000 -58.668579 96.276855 -55.746014 -12.704346 -71.384521 -50.735001 -58.668579 -73.703735 -46.471161 -55.344971 95.628906 -49.999092 -17.900513 -71.384521 -49.999092 -58.668579 96.276855 -54.898911 -12.704346 -71.384521 -46.471161 -58.668579 95.628906 -46.471161 -17.900513 96.276855 -50.735001 -12.704346 -62.145264 -57.831329 -69.471069 96.685913 -57.831329 -5.646484 -62.145264 -57.552059 -69.471069 -61.474121 -57.831329 -70.137207 96.276855 -49.999092 -12.704346 -61.474121 -60.500000 -70.137207 -61.474121 -57.552059 -70.137207 96.685913 -57.552059 -5.646484 -62.145264 -55.746014 -69.471069 96.704224 -57.831329 -3.798828 96.704224 -60.500000 -3.798828 -62.145264 -54.898911 -69.471069 96.685913 -55.746014 -5.646484 -61.474121 -55.746014 -70.137207 -61.474121 -54.898911 -70.137207 96.704224 -57.552059 -3.798828 -58.770996 -57.831329 -72.688965 96.685913 -54.898911 -5.646484 -48.731201 -60.500000 -80.607178 -58.770996 -57.552059 -72.688965 96.276855 -46.471161 -12.704346 96.269775 -42.500000 -12.778076 -58.770996 -55.746014 -72.688965 -62.145264 -50.735001 -69.471069 96.704224 -55.746014 -3.798828 96.670532 -57.831329 -1.296875 -58.770996 -54.898911 -72.688965 -62.145264 -49.999092 -69.471069 96.704224 -54.898911 -3.798828 -61.474121 -50.735001 -70.137207 96.670532 -57.552059 -1.296875 96.670532 -55.746014 -1.296875 -61.474121 -49.999092 -70.137207 -62.145264 -46.471161 -69.471069 -58.770752 -42.500000 -72.689209 96.590332 -57.831329 0.803345 95.193115 -60.500000 12.897827 -58.770996 -50.735001 -72.688965 96.685913 -50.735001 -5.646484 -58.770996 -49.999092 -72.688965 96.590332 -57.552059 0.803345 -61.474121 -46.471161 -70.137207 96.670532 -54.898911 -1.296875 -58.770996 -46.471161 -72.688965 -48.731201 -57.831329 -80.607178 96.685913 -49.999092 -5.646484 96.704224 -50.735001 -3.798828 -48.731201 -57.552059 -80.607178 96.590332 -55.746014 0.803345 -47.940430 -57.831329 -81.141113 96.704224 -49.999092 -3.798828 -47.940430 -60.500000 -81.141113 -47.940430 -57.552059 -81.141113 96.590332 -54.898911 0.803345 -48.731201 -55.746014 -80.607178 96.685913 -46.471161 -5.646484 -48.731201 -54.898911 -80.607178 96.670410 -42.500000 -1.293213 96.670532 -50.735001 -1.296875 -47.940430 -55.746014 -81.141113 96.670532 -49.999092 -1.296875 -47.940430 -54.898911 -81.141113 96.704224 -46.471161 -3.798828 96.590332 -50.735001 0.803345 -44.722168 -57.831329 -83.195801 -33.328125 -60.500000 -89.107666 -44.722168 -57.552059 -83.195801 96.590332 -49.999092 0.803345 96.670532 -46.471161 -1.296875 -44.722168 -55.746014 -83.195801 96.588379 -42.500000 0.841919 95.721191 -57.831329 9.687622 -48.731201 -50.735001 -80.607178 -44.722168 -54.898911 -83.195801 95.721191 -57.552059 9.687622 -48.731201 -49.999092 -80.607178 -47.940430 -50.735001 -81.141113 96.590332 -46.471161 0.803345 95.721191 -55.746014 9.687622 -47.940430 -49.999092 -81.141113 -48.731201 -46.471161 -80.607178 95.721191 -54.898911 9.687622 -44.722534 -42.500000 -83.195557 -44.722168 -50.735001 -83.195801 95.193115 -57.831329 12.897827 -47.940430 -46.471161 -81.141113 95.193115 -57.552059 12.897827 -44.722168 -49.999092 -83.195801 -44.722168 -46.471161 -83.195801 95.103394 -57.831329 13.382568 95.103394 -60.500000 13.382568 -33.328125 -57.831329 -89.107666 95.103394 -57.552059 13.382568 -32.442749 -60.500000 -89.486572 95.193115 -55.746014 12.897827 -33.328125 -57.552059 -89.107666 95.103394 -55.746014 13.382568 -32.442749 -57.831329 -89.486572 95.193115 -54.898911 12.897827 -32.442749 -57.552059 -89.486572 95.103394 -54.898911 13.382568 -33.328125 -55.746014 -89.107666 95.721191 -50.735001 9.687622 -33.328125 -54.898911 -89.107666 95.721191 -49.999092 9.687622 -32.442749 -55.746014 -89.486572 93.712646 -57.831329 19.599731 89.969238 -60.500000 30.948120 -32.442749 -54.898911 -89.486572 95.193115 -50.735001 12.897827 -29.096680 -57.831329 -90.822388 -16.433838 -60.500000 -94.592285 -29.096680 -57.552059 -90.822388 93.712646 -57.552059 19.599731 -29.096680 -55.746014 -90.822388 95.103394 -50.735001 13.382568 -33.328125 -50.735001 -89.107666 95.193115 -49.999092 12.897827 95.721191 -46.471161 9.687622 95.713501 -42.500000 9.739868 -29.096680 -54.898911 -90.822388 95.103394 -49.999092 13.382568 -33.328125 -49.999092 -89.107666 93.712646 -55.746014 19.599731 -32.442749 -50.735001 -89.486572 -32.442749 -49.999092 -89.486572 93.712646 -54.898911 19.599731 -33.328125 -46.471161 -89.107666 -29.098267 -42.500000 -90.821777 95.193115 -46.471161 12.897827 -29.096680 -50.735001 -90.822388 95.103394 -46.471161 13.382568 -32.442749 -46.471161 -89.486572 93.715820 -42.500000 19.587280 93.712646 -50.735001 19.599731 -29.096680 -49.999092 -90.822388 93.712646 -49.999092 19.599731 -29.096680 -46.471161 -90.822388 -16.433838 -57.831329 -94.592285 91.412964 -57.831329 27.123413 91.412964 -57.552059 27.123413 -16.433838 -57.552059 -94.592285 91.412964 -55.746014 27.123413 -16.433838 -55.746014 -94.592285 91.412964 -54.898911 27.123413 -14.183716 -57.831329 -95.062256 -14.183716 -60.500000 -95.062256 -14.183716 -57.552059 -95.062256 93.712646 -46.471161 19.599731 89.969238 -57.831329 30.948120 -16.433838 -54.898911 -94.592285 89.969238 -57.552059 30.948120 -14.183716 -55.746014 -95.062256 -14.183716 -54.898911 -95.062256 89.969238 -55.746014 30.948120 91.412964 -50.735001 27.123413 -16.433838 -50.735001 -94.592285 91.412964 -49.999092 27.123413 -16.433838 -49.999092 -94.592285 -14.183716 -50.735001 -95.062256 -16.433838 -46.471161 -94.592285 19.661987 -32.500000 77.652588 9.159424 -32.500000 39.861694 10.539185 -32.500000 78.919189 3.704224 -32.500000 40.201172 -56.331055 -32.500000 40.201172 -39.807007 -32.500000 66.881958 84.724976 -32.500000 14.218872 47.408447 -32.500000 1.293945 46.552856 -32.500000 6.201172 86.222412 -32.500000 5.131226 84.411499 -32.500000 15.574585 80.758057 -32.500000 -34.648682 79.610229 -32.500000 -37.373779 43.267090 -32.500000 -23.054443 45.637451 -32.500000 9.528076 46.291016 -32.500000 -14.860840 27.929688 -32.500000 75.587158 14.296997 -32.500000 38.907104 14.766235 -32.500000 38.787964 28.332764 -32.500000 75.462891 -24.969360 -32.500000 74.091064 22.503662 -32.500000 35.982910 -56.331055 -32.500000 -47.798828 -38.480103 -32.500000 -75.279419 -49.548706 -32.500000 -67.463013 -52.837769 -32.500000 -64.560669 -57.811279 -32.500000 -59.520020 78.970337 -32.500000 31.187134 -59.221924 -32.500000 -57.921875 42.842651 -32.500000 16.305542 -64.679688 -32.500000 -50.837524 78.365967 -32.500000 32.458862 42.130981 -32.500000 17.634399 43.427490 -32.500000 69.078247 22.959839 -32.500000 35.764038 43.843018 -32.500000 68.850220 30.221436 -32.500000 31.312988 69.577759 -32.500000 46.695557 37.249146 -32.500000 24.674683 3.704224 -32.500000 -47.798828 11.806152 -32.500000 -86.402466 -1.314453 -32.500000 -86.646973 -5.835083 -32.500000 -86.248779 -17.643921 -32.500000 -84.006470 -21.952393 -32.500000 -82.733887 -34.598511 -32.500000 -77.432373 68.701050 -32.500000 47.819092 36.910278 -32.500000 25.069092 57.198120 -32.500000 59.662964 13.704224 -32.500000 -46.647461 30.633301 -32.500000 30.998047 58.290649 -32.500000 58.725708 31.413330 -32.500000 -82.036987 28.332764 -32.500000 -83.060669 15.386841 -32.500000 -85.972534 84.991577 -32.500000 -20.572754 23.808594 -32.500000 -42.937256 85.373535 -32.500000 -18.601440 47.364746 -32.500000 -9.254028 47.609863 -32.500000 -6.678101 47.407227 -32.500000 -74.361206 44.951782 -32.500000 -75.824097 36.717651 -32.500000 -79.950806 -7.372314 -32.500000 78.458740 32.177734 -32.500000 -37.343750 59.448120 -32.500000 -65.293701 61.556885 -32.500000 -63.314087 86.704224 -32.500000 -3.798828 47.704224 -32.500000 -3.798828 -53.762329 -32.500000 56.089355 -64.679688 -32.500000 43.239868 38.501099 -32.500000 -30.727905 86.684814 -32.500000 -2.002197 71.471069 -32.500000 -51.722290 73.118774 -32.500000 -49.302856 8.928467 -32.500000 39.889893 -65.609131 -33.457825 -51.175781 -65.609131 -33.457825 43.578125 -1779.880249 406.000000 -1624.744751 -1780.854248 392.799988 -1627.149536 -1773.706055 397.200012 -1632.451050 -1770.737305 392.799988 -1628.448120 -1778.142700 401.600006 -1632.326782 -1772.741699 406.000000 -1623.714355 -1771.912720 392.799988 -1631.105225 -1770.847900 384.000000 -1626.562622 -1770.808716 384.000000 -1626.731689 -1774.669800 406.000000 -1622.824707 -1780.743652 384.000000 -1629.035034 -1777.882080 392.799988 -1632.452515 -1780.399658 384.000000 -1629.992920 -1779.117188 384.000000 -1631.668945 -1778.142700 388.399994 -1632.326782 -1774.728638 406.000000 -1622.811768 -1775.240234 406.000000 -1622.729126 -1776.862915 388.399994 -1632.785889 -1775.269165 406.000000 -1622.726074 -1774.551147 401.600006 -1632.744629 -1772.800171 384.000000 -1631.926270 -1776.351318 392.799988 -1622.729126 -1773.422852 384.000000 -1623.284424 -1772.489380 406.000000 -1631.681885 -1772.474365 406.000000 -1631.668945 -1772.741699 384.000000 -1631.883301 -1773.448853 384.000000 -1623.270874 -1779.678833 406.000000 -1631.105225 -1771.912720 384.000000 -1631.105225 -1778.142700 406.000000 -1623.270874 -1778.168701 406.000000 -1623.284424 -1771.281494 384.000000 -1630.171753 -1776.322388 384.000000 -1622.726074 -1776.351318 384.000000 -1622.729126 -1776.862915 384.000000 -1622.811768 -1770.849976 384.000000 -1629.043457 -1777.882080 384.000000 -1623.145142 -1779.850586 406.000000 -1624.705566 -1778.791382 384.000000 -1623.671387 -1771.912720 406.000000 -1624.492432 -1798.295776 -10.000000 -1270.259521 -1207.295776 -85.000000 -1214.798828 -1548.295776 -20.000000 -1233.798828 -1798.295776 25.000000 -1270.259521 -1189.585815 -80.000000 -1382.091797 -1187.832031 -85.000000 -1377.398926 -1780.646851 3.027256 -1233.798828 -1780.631592 3.019281 -1233.798828 -1782.868652 5.350324 -1233.798828 -1783.321777 6.978286 -1233.798828 -1778.295776 2.447000 -1233.798828 -1783.302734 8.180925 -1233.798828 -1783.196045 8.733196 -1233.798828 -1783.075562 9.139043 -1233.798828 -1782.768555 9.851035 -1233.798828 -1781.321655 11.546795 -1233.798828 -1780.366211 12.109345 -1233.798828 -1779.353027 12.441143 -1233.798828 -1777.133301 12.417478 -1233.798828 -1774.448486 4.224101 -1233.798828 -1732.868652 5.350324 -1233.798828 -1773.515991 5.860957 -1233.798828 -1733.342773 7.252658 -1233.798828 -1733.348755 7.500000 -1233.798828 -1773.269775 8.021714 -1233.798828 -1732.768555 9.851035 -1233.798828 -1732.643433 10.075051 -1233.798828 -1775.944702 11.972745 -1233.798828 -1724.448486 4.224101 -1233.798828 -1725.269897 3.453205 -1233.798828 -1726.225342 2.890655 -1233.798828 -1726.287842 2.863101 -1233.798828 -1727.774048 2.474005 -1233.798828 -1775.959961 11.980719 -1233.798828 -1723.395508 6.266804 -1233.798828 -1723.722900 9.649676 -1233.798828 -1723.686401 9.570446 -1233.798828 -1723.386230 8.695615 -1233.798828 -1723.354614 8.557314 -1233.798828 -1723.248779 7.747342 -1233.798828 -1580.795776 398.000000 -1647.798828 -1485.795776 398.000000 -1647.798828 -1663.895752 -61.536194 -1543.798828 -1793.295776 30.000000 -1548.731567 -1759.678833 -268.000000 -1624.492432 -1726.711304 -268.000000 -1624.744751 -1710.209961 -268.000000 -1625.244507 -1756.351318 -268.000000 -1622.729126 -1756.322388 -268.000000 -1622.726074 -1707.885498 -268.000000 -1623.146606 -1707.882080 -268.000000 -1623.145142 -1759.117188 -268.000000 -1631.668945 -1759.102173 -268.000000 -1631.681885 -1710.782837 -268.000000 -1628.865967 -1725.849976 -268.000000 -1629.043457 -1710.743652 -268.000000 -1629.035034 -1726.381592 -268.000000 -1630.353149 -1709.880249 -268.000000 -1630.852905 -1728.706055 -268.000000 -1632.451050 -1733.791382 -268.000000 -1623.671387 -1753.422852 -268.000000 -1623.284424 -1728.709473 -268.000000 -1632.452515 -1702.489380 -268.000000 -1623.915771 -1702.474365 -268.000000 -1623.928711 -1735.310059 -268.000000 -1625.425903 -1701.191895 -268.000000 -1625.604736 -1701.143555 -268.000000 -1625.709106 -1729.669800 -268.000000 -1632.772949 -1732.882080 -268.000000 -1623.145142 -1750.847900 -268.000000 -1626.562622 -1750.703613 -268.000000 -1627.516357 -1729.728638 -268.000000 -1632.785889 -1735.887939 -268.000000 -1628.081299 -1700.737305 -268.000000 -1628.448120 -1735.447998 -268.000000 -1629.888550 -1484.678833 -268.000000 -1624.492432 -1484.585205 -268.000000 -1624.385620 -1482.885498 -268.000000 -1623.146606 -1433.849854 -268.000000 -1623.714355 -1482.882080 -268.000000 -1623.145142 -1481.862915 -268.000000 -1622.811768 -1451.143555 -268.000000 -1625.709106 -1435.741577 -268.000000 -1626.554199 -1483.168701 -268.000000 -1632.313232 -1483.142700 -268.000000 -1632.326782 -1435.743652 -268.000000 -1629.035034 -1480.269165 -268.000000 -1632.871582 -1480.240356 -268.000000 -1632.868530 -1451.281494 -268.000000 -1630.171753 -1479.728638 -268.000000 -1632.785889 -1479.669800 -268.000000 -1632.772949 -1453.706055 -268.000000 -1632.451050 -1453.709473 -268.000000 -1632.452515 -1431.351318 -268.000000 -1622.729126 -1431.322388 -268.000000 -1622.726074 -1429.628052 -268.000000 -1622.834351 -1429.551147 -268.000000 -1622.853027 -1427.489380 -268.000000 -1623.915771 -1427.474365 -268.000000 -1623.928711 -1426.740967 -268.000000 -1624.705566 -1426.711304 -268.000000 -1624.744751 -1426.191895 -268.000000 -1625.604736 -1454.628052 -268.000000 -1622.834351 -1426.143555 -268.000000 -1625.709106 -1457.882080 -268.000000 -1623.145142 -1427.741699 -268.000000 -1631.883301 -1427.800171 -268.000000 -1631.926270 -1428.706055 -268.000000 -1632.451050 -1428.709473 -268.000000 -1632.452515 -1430.240234 -268.000000 -1632.868530 -1430.269165 -268.000000 -1632.871582 -1460.868530 -268.000000 -1628.325439 -1475.849976 -268.000000 -1629.043457 -1460.447998 -268.000000 -1629.888550 -1476.281372 -268.000000 -1630.171753 -1459.102173 -268.000000 -1631.681885 -1349.921509 -85.000000 -1215.341064 -1735.310059 -254.800003 -1630.171753 -1731.862915 -259.200012 -1622.811768 -1726.191895 -254.800003 -1629.992920 -1728.706055 -268.000000 -1632.451050 -1728.709473 -268.000000 -1632.452515 -1730.240234 -254.800003 -1622.729126 -1735.399658 -246.000000 -1625.604736 -1730.240234 -246.000000 -1622.729126 -1730.269165 -246.000000 -1622.726074 -1734.102173 -250.399994 -1623.915771 -1728.448853 -268.000000 -1623.270874 -1728.422852 -268.000000 -1623.284424 -1730.795776 -263.600006 -1632.898804 -1728.448853 -250.399994 -1632.326782 -1733.791382 -268.000000 -1623.671387 -1733.142700 -268.000000 -1632.326782 -1735.887939 -259.200012 -1627.516357 -1731.322388 -246.000000 -1632.871582 -1731.351318 -246.000000 -1632.868530 -1732.885498 -246.000000 -1632.451050 -1186.606201 -1.000000 -1162.334961 -1150.781250 -1.000000 -1192.882812 -1563.295776 -228.800003 -1674.798828 -1760.887939 -259.200012 -1627.516357 -1760.209961 -246.000000 -1630.353149 -1758.142700 -259.200012 -1623.270874 -1760.399658 -259.200012 -1625.604736 -1752.489380 -259.200012 -1631.681885 -1750.808716 -246.000000 -1628.865967 -1760.895752 -246.000000 -1627.798828 -1753.709473 -268.000000 -1632.452515 -1755.240234 -246.000000 -1622.729126 -1755.269165 -246.000000 -1622.726074 -1760.399658 -246.000000 -1625.604736 -1753.709473 -246.000000 -1623.145142 -1755.240234 -268.000000 -1632.868530 -1753.706055 -246.000000 -1623.146606 -1752.489380 -246.000000 -1631.681885 -1752.489380 -268.000000 -1623.915771 -1756.963501 -268.000000 -1632.763306 -1760.634521 -259.200012 -1629.410400 -1755.240234 -259.200012 -1622.729126 -1759.678833 -268.000000 -1624.492432 -1754.628052 -246.000000 -1632.763306 -1750.723022 -268.000000 -1627.272217 -1756.322388 -246.000000 -1632.871582 -1757.885498 -268.000000 -1623.146606 -1757.882080 -268.000000 -1623.145142 -1757.882080 -246.000000 -1632.452515 -1756.351318 -268.000000 -1622.729126 -1756.322388 -268.000000 -1622.726074 -1757.885498 -246.000000 -1632.451050 -1758.791382 -246.000000 -1631.926270 -1758.849854 -246.000000 -1631.883301 -1760.447998 -239.864395 -1629.888550 -1756.293701 -238.025757 -1629.777100 -1756.262817 -238.025757 -1629.784668 -1750.695801 -239.864395 -1627.798828 -1760.399658 -239.864395 -1629.992920 -1759.117188 -239.864395 -1631.668945 -1756.542603 -238.638626 -1630.766357 -1756.496338 -238.638626 -1630.777588 -1759.102173 -239.864395 -1631.681885 -1758.168701 -239.864395 -1632.313232 -1758.142700 -239.864395 -1632.326782 -1756.791504 -239.251511 -1631.755493 -1756.729980 -239.251511 -1631.770508 -1751.711304 -239.864395 -1624.744751 -1751.740967 -239.864395 -1624.705566 -1755.048950 -238.638626 -1624.831299 -1752.489380 -239.864395 -1623.915771 -1754.861572 -239.251511 -1623.827148 -1755.795776 -239.864395 -1622.698853 -1756.351318 -239.864395 -1622.729126 -1752.800171 -239.864395 -1631.926270 -1759.678833 -239.864395 -1624.492432 -1752.741699 -239.864395 -1631.883301 -1751.912720 -239.864395 -1631.105225 -1735.447998 -239.864395 -1629.888550 -1731.044678 -237.412872 -1628.787964 -1727.740479 -238.638626 -1627.629395 -1725.737305 -239.864395 -1628.448120 -1735.399658 -239.864395 -1629.992920 -1726.191895 -239.864395 -1625.604736 -1729.387695 -238.638626 -1625.082031 -1728.422852 -239.864395 -1623.284424 -1730.184937 -237.412872 -1628.615723 -1729.551147 -239.864395 -1622.853027 -1729.628052 -239.864395 -1622.834351 -1730.240234 -239.864395 -1632.868530 -1730.269165 -239.864395 -1632.871582 -1728.989990 -238.025757 -1628.748047 -1729.669800 -239.864395 -1632.772949 -1732.885498 -239.864395 -1623.146606 -1727.800171 -239.864395 -1631.926270 -1733.849854 -239.864395 -1623.714355 -1727.741699 -239.864395 -1631.883301 -1701.381592 -268.000000 -1630.353149 -1710.854248 -259.200012 -1628.448120 -1700.703613 -246.000000 -1628.081299 -1707.040405 -259.200012 -1632.744629 -1710.741577 -246.000000 -1629.043457 -1700.847900 -246.000000 -1629.035034 -1706.322388 -263.600006 -1622.726074 -1703.706055 -268.000000 -1632.451050 -1703.709473 -268.000000 -1632.452515 -1709.102173 -246.000000 -1623.915771 -1707.882080 -250.399994 -1623.145142 -1706.322388 -250.399994 -1622.726074 -1701.740967 -246.000000 -1630.892090 -1703.706055 -246.000000 -1623.146606 -1702.489380 -246.000000 -1631.681885 -1702.489380 -268.000000 -1623.915771 -1702.474365 -268.000000 -1623.928711 -1709.585205 -268.000000 -1624.385620 -1704.628052 -246.000000 -1632.763306 -1708.142700 -268.000000 -1632.326782 -1700.703613 -268.000000 -1627.516357 -1707.882080 -268.000000 -1623.145142 -1700.849976 -268.000000 -1629.043457 -1709.850586 -268.000000 -1630.892090 -1707.885498 -246.000000 -1632.451050 -1706.293701 -238.025757 -1629.777100 -1706.044678 -237.412872 -1628.787964 -1706.262817 -238.025757 -1629.784668 -1706.029297 -237.412872 -1628.791748 -1709.117188 -239.864395 -1631.668945 -1709.102173 -239.864395 -1631.681885 -1708.168701 -239.864395 -1632.313232 -1708.142700 -239.864395 -1632.326782 -1706.020996 -237.412872 -1626.803955 -1705.795776 -238.025757 -1625.758789 -1705.377808 -237.412872 -1628.729248 -1704.551147 -239.864395 -1622.853027 -1706.807495 -237.412872 -1627.668945 -1705.240356 -239.864395 -1632.868530 -1704.728638 -239.864395 -1632.785889 -1705.269165 -239.864395 -1632.871582 -1706.814209 -237.412872 -1627.855347 -1704.669800 -239.864395 -1632.772949 -1702.800171 -239.864395 -1631.926270 -1702.741699 -239.864395 -1631.883301 -1701.381592 -239.864395 -1630.353149 -1701.281372 -239.864395 -1630.171753 -1485.634521 -246.000000 -1629.410400 -1485.634521 -254.800003 -1629.410400 -1481.322388 -259.200012 -1622.726074 -1478.706055 -268.000000 -1632.451050 -1485.854248 -246.000000 -1628.448120 -1485.887939 -246.000000 -1627.516357 -1478.709473 -268.000000 -1632.452515 -1480.240356 -246.000000 -1622.729126 -1480.269165 -246.000000 -1622.726074 -1484.880249 -246.000000 -1624.744751 -1484.850586 -246.000000 -1624.705566 -1476.191895 -259.200012 -1629.992920 -1484.102173 -246.000000 -1623.915771 -1480.240356 -263.600006 -1622.729126 -1478.448853 -268.000000 -1623.270874 -1478.422852 -268.000000 -1623.284424 -1477.489380 -246.000000 -1631.681885 -1481.963501 -268.000000 -1632.763306 -1485.634521 -259.200012 -1629.410400 -1482.040405 -268.000000 -1632.744629 -1476.191895 -268.000000 -1625.604736 -1476.912720 -246.000000 -1624.492432 -1481.322388 -246.000000 -1632.871582 -1484.117188 -268.000000 -1631.668945 -1481.921753 -268.000000 -1622.824707 -1481.351196 -246.000000 -1632.868530 -1481.862915 -268.000000 -1622.811768 -1476.381592 -268.000000 -1630.353149 -1484.117188 -239.864395 -1631.668945 -1481.542603 -238.638626 -1630.766357 -1481.496338 -238.638626 -1630.777588 -1484.102173 -239.864395 -1631.681885 -1483.168701 -239.864395 -1632.313232 -1480.562256 -237.412872 -1626.805908 -1483.142700 -239.864395 -1632.326782 -1482.040405 -239.864395 -1632.744629 -1481.963501 -239.864395 -1632.763306 -1476.143555 -239.864395 -1625.709106 -1476.191895 -239.864395 -1625.604736 -1476.711304 -239.864395 -1624.744751 -1476.740967 -239.864395 -1624.705566 -1480.570557 -237.412872 -1628.793701 -1480.684692 -237.412872 -1628.812744 -1479.892944 -237.412872 -1628.273438 -1479.828003 -237.412872 -1628.121094 -1481.862915 -239.864395 -1622.811768 -1480.269165 -239.864395 -1632.871582 -1481.921753 -239.864395 -1622.824707 -1479.669800 -239.864395 -1632.772949 -1483.849854 -239.864395 -1623.714355 -1478.706055 -239.864395 -1632.451050 -1478.087158 -238.638626 -1629.222534 -1476.281372 -239.864395 -1630.171753 -1450.849976 -254.800003 -1629.043457 -1460.743652 -268.000000 -1629.035034 -1460.782837 -268.000000 -1628.865967 -1460.399658 -259.200012 -1625.604736 -1460.887939 -246.000000 -1627.516357 -1453.709473 -263.600006 -1632.452515 -1455.240234 -246.000000 -1622.729126 -1454.728638 -246.000000 -1622.811768 -1455.269165 -246.000000 -1622.726074 -1459.880249 -246.000000 -1624.744751 -1454.551147 -254.800003 -1622.853027 -1458.168701 -246.000000 -1623.284424 -1460.895752 -268.000000 -1627.798828 -1458.142700 -246.000000 -1623.270874 -1452.474365 -246.000000 -1631.668945 -1453.448853 -268.000000 -1623.270874 -1453.422852 -268.000000 -1623.284424 -1452.489380 -268.000000 -1623.915771 -1452.474365 -268.000000 -1623.928711 -1457.040405 -268.000000 -1632.744629 -1456.322388 -246.000000 -1632.871582 -1457.885498 -268.000000 -1623.146606 -1459.102173 -268.000000 -1631.681885 -1459.117188 -268.000000 -1631.668945 -1456.351318 -246.000000 -1632.868530 -1450.957031 -268.000000 -1629.410400 -1457.882080 -246.000000 -1632.452515 -1456.351318 -268.000000 -1622.729126 -1456.322388 -268.000000 -1622.726074 -1451.381592 -268.000000 -1630.353149 -1831.295776 240.000000 -1579.798828 -1831.295776 240.000000 -1649.798828 -1347.564697 -85.000000 -1392.669678 -64.679688 -32.500000 43.239868 -64.679688 -32.500000 -50.837524 -59.221924 -32.500000 -57.921875 -14.183716 -60.500000 -95.062256 -16.433838 -60.500000 -94.592285 89.969238 -60.500000 30.948120 -105.907837 -92.000000 10.181519 -26.150391 76.500000 -62.099365 -26.150391 76.500000 -62.099365 -26.150391 76.500000 54.501709 -92.985962 -117.000000 -56.248901 80.260620 -6.056455 -27.076660 156.204224 78.617996 54.709351 -25.254517 53.000000 -46.989014 -25.254517 53.000000 -46.989014 -88.514526 -117.000000 -64.675293 207.204224 -11.805994 75.325195 37.437256 76.500000 -43.372559 37.437256 76.500000 -43.372559 37.437256 76.500000 -43.372559 43.893433 53.000000 -36.796265 43.893433 53.000000 -36.796265 70.941162 -123.000000 -75.095337 86.051025 -123.000000 49.333130 60.089966 -123.000000 76.354980 24.690430 -123.000000 91.927734 68.363770 -92.000000 85.808105 -14.648315 -123.000000 92.467285 -33.401978 -123.000000 86.904785 -46.434692 -123.000000 80.403809 -78.795776 -65.000000 -3.798828 -78.795776 -65.000000 -3.798828 85.263184 -60.500000 -16.223999 -94.150635 -123.000000 1.532227 -92.562012 -123.000000 -22.151367 -91.657959 -92.000000 -60.606079 -89.494995 -123.000000 -34.095947 -78.642578 -123.000000 -56.930786 -72.289673 -123.000000 -65.677246 -35.667847 -123.000000 -93.541992 181.204224 -66.399117 -75.876221 38.451172 -60.500000 -90.063843 -99.535278 -92.000000 -43.192505 37.740479 -65.000000 71.352905 37.740479 -65.000000 71.352905 -94.295776 -123.000000 -3.798828 207.204224 -42.533489 63.957397 181.204224 -72.642471 -37.311035 -49.220215 -117.000000 -100.800049 207.204224 -80.000000 -3.798828 181.204224 -16.616703 74.456543 -1.831177 53.000000 47.905762 -1.831177 53.000000 47.905762 115.223755 -90.000000 -22.030518 109.804199 76.500000 -69.298828 109.804199 76.500000 -69.298828 109.804199 76.500000 61.701172 181.204224 -74.752899 24.696899 -52.681519 -123.000000 -83.952759 106.549194 -117.000000 -44.211182 84.837280 -10.633036 -29.710693 84.837280 -10.633036 -29.710693 181.204224 66.399117 68.278564 181.204224 16.616703 -82.054077 181.204224 55.260448 77.135010 182.204224 1.460340 -81.285034 181.204224 5.939071 75.980469 -78.201050 -65.000000 6.089233 -77.351318 -123.000000 -78.162842 -67.609497 -60.500000 -45.278931 -52.829224 -123.000000 -98.159668 29.154907 76.500000 41.547241 29.154907 76.500000 41.547241 29.154907 76.500000 41.547241 34.828979 -65.000000 -112.427734 34.828979 -65.000000 -112.427734 3.704224 -123.000000 94.201172 3.704224 -123.000000 -101.798828 3.704224 -123.000000 -113.798828 3.704224 -123.000000 106.201172 96.704224 61.500000 24.701172 96.704224 61.500000 24.701172 96.704224 61.500000 24.701172 96.704224 61.500000 -32.298828 96.704224 61.500000 -32.298828 96.704224 61.500000 36.201172 96.704224 61.500000 36.201172 96.704224 61.500000 -43.798828 96.704224 61.500000 -43.798828 96.704224 61.500000 -43.798828 -87.775269 -60.500000 -20.547363 -86.999268 -123.000000 -40.905029 -106.795776 -92.000000 -3.798828 156.204224 -66.143784 -78.798828 156.204224 -66.143784 -78.798828 156.204224 -66.143784 71.201172 156.204224 -66.143784 71.201172 156.204224 -66.143784 71.201172 207.204224 26.975714 -76.452515 -42.891602 53.000000 -26.881836 -42.891602 53.000000 -26.881836 104.395996 -117.000000 -48.083984 156.204224 56.306728 78.842285 156.204224 56.306728 -86.439941 181.204224 -19.102951 -81.484619 -35.689453 -92.000000 99.440674 -37.751343 -60.500000 -75.126831 -90.656616 -123.000000 52.734619 -49.427734 -123.000000 78.548096 129.837646 56.306728 78.842285 129.837646 56.306728 -86.439941 207.204224 -64.336861 -51.346313 182.204224 -68.051826 33.284790 -1628.295776 -20.000000 -1268.798828 52.068115 -60.500000 -70.635742 156.204224 -45.596054 -92.798828 156.204224 -45.596054 -92.798828 156.204224 -45.596054 -92.798828 156.204224 -45.596054 85.201172 156.204224 -45.596054 85.201172 156.204224 -45.596054 85.201172 -63.532715 -123.000000 67.497681 -59.822021 -123.000000 -78.420654 43.009155 -117.000000 98.939209 -83.920044 -65.000000 67.552368 -83.920044 -65.000000 67.552368 -83.920044 -65.000000 67.552368 181.204224 -79.803436 -9.403442 60.237671 -123.000000 90.562012 60.237671 -117.000000 90.562012 75.639160 -117.000000 79.419922 101.704224 -123.000000 -3.798828 88.802490 -117.000000 65.902466 108.477905 -123.000000 29.704712 37.657349 -117.000000 101.355469 112.864380 -123.000000 9.767944 113.704224 -123.000000 -3.798828 113.704224 -117.000000 -3.798828 113.492676 -123.000000 -10.617432 111.976318 -117.000000 -23.219360 181.204224 -55.312248 53.998657 110.578857 -117.000000 -29.833496 104.395996 -123.000000 -48.083984 36.701660 53.000000 36.390381 95.209229 -117.000000 -64.846680 95.209229 -123.000000 -64.846680 207.204224 80.000000 -3.798828 -6.650024 -123.000000 -101.250244 67.569580 -123.000000 -93.360107 56.154297 -117.000000 -100.489014 37.740479 -60.500000 -78.950562 49.642700 -117.000000 -103.747070 37.207764 -123.000000 -108.572510 37.207764 -117.000000 -108.572510 207.204224 -59.492779 49.685791 20.232300 -117.000000 -112.550049 95.193115 -60.500000 12.897827 -29.639771 -123.000000 -108.623291 156.204224 -96.000000 65.201172 156.204224 -96.000000 65.201172 156.204224 -96.000000 65.201172 156.204224 -96.000000 65.201172 156.204224 -96.000000 -72.798828 156.204224 -96.000000 -72.798828 156.204224 -96.000000 -72.798828 -78.201050 -60.500000 -13.686890 -35.600708 -123.000000 -106.536987 -52.829224 -117.000000 -98.159668 -68.230713 -123.000000 -87.017578 -81.394043 -123.000000 -73.500122 -81.394043 -117.000000 -73.500122 -92.985962 -123.000000 -56.248901 -99.064941 -123.000000 -43.022705 156.204224 45.596054 85.201172 156.204224 45.596054 85.201172 156.204224 45.596054 -92.798828 156.204224 45.596054 -92.798828 56.836182 -123.000000 -86.145630 -101.069458 -117.000000 -37.302368 -105.046997 -123.000000 -20.326904 -106.084229 -117.000000 3.019775 -104.567871 -123.000000 15.621704 -99.033936 -117.000000 35.506104 -43.684326 -123.000000 -89.579590 -79.514526 -123.000000 68.136108 -60.161133 -117.000000 85.762451 -42.234253 -117.000000 96.149414 -29.799316 -123.000000 100.974854 -12.823853 -123.000000 104.952393 98.565674 -117.000000 52.871704 60.374756 -92.000000 -98.660278 43.097900 -92.000000 -107.038330 181.204224 -76.918236 -25.789429 114.016724 -92.000000 2.635864 -9.789917 -92.000000 -113.471802 -13.046509 -92.000000 -113.021851 112.476562 -92.000000 15.664917 -10.292725 53.000000 -53.879639 -10.292725 53.000000 -53.879639 111.171997 -92.000000 21.909424 95.922974 -92.000000 57.077637 156.204224 -43.127716 -91.798828 156.204224 -43.127716 -91.798828 156.204224 -43.127716 84.201172 -66.486938 -92.000000 -89.141968 87.420288 -92.000000 68.325195 84.119873 -92.000000 71.987549 -76.711426 -92.000000 -79.585205 -92.022339 -123.000000 17.187378 73.895386 -92.000000 81.544434 -88.514526 -92.000000 -64.675293 -91.157227 -92.000000 -60.469360 182.204224 -77.187157 -10.755371 50.451416 -92.000000 96.325928 81.046509 -60.500000 -55.443481 31.066772 -92.000000 103.259766 20.454956 -92.000000 105.424072 -15.759521 -92.000000 104.973389 -47.709839 53.000000 -11.582642 -47.709839 53.000000 -11.582642 105.053345 -92.000000 40.230835 113.766846 -92.000000 -18.193481 -60.950073 -123.000000 69.847778 -1731.029297 -237.412872 -1628.791748 -107.842773 -65.000000 14.264282 -107.842773 -65.000000 14.264282 97.201904 -117.000000 -62.692139 182.204224 0.000000 -81.298828 75.000732 -123.000000 63.438110 36.323242 -65.000000 -79.576416 207.204224 75.753464 -20.159180 -82.315063 -123.000000 -50.752808 -104.567871 -117.000000 15.621704 83.360352 -117.000000 -79.659912 108.858521 -117.000000 -37.751953 70.042603 -60.500000 -68.977173 109.150024 -90.000000 36.823608 -15.716309 -117.000000 -112.070923 -10.381104 115.000000 -62.636353 -10.381104 115.000000 55.038696 -23.871460 115.000000 50.051270 -23.871460 115.000000 -57.648926 39.441650 76.500000 33.974609 39.441650 76.500000 33.974609 181.204224 -50.379128 -65.943359 111.976318 -123.000000 -23.219360 115.220337 96.500000 59.444458 115.220337 96.500000 59.444458 115.220337 96.500000 -67.042114 115.220337 96.500000 -67.042114 156.204224 -55.260448 -84.732666 156.204224 -55.260448 -84.732666 -99.535278 -117.000000 -43.192505 156.204224 55.260448 77.135010 -30.248901 -92.000000 -108.953125 156.204224 -88.000000 -46.926514 156.204224 -88.000000 -46.926514 156.204224 -88.000000 39.328857 182.204224 -58.336273 -54.819702 156.204224 80.933815 -59.059326 156.204224 72.077438 -70.197998 98.565674 -92.000000 52.871704 156.204224 -72.077438 62.600342 156.204224 43.127716 84.201172 156.204224 43.127716 84.201172 156.204224 43.127716 -91.798828 106.442383 -123.000000 -43.103760 124.079712 90.500000 71.201172 124.079712 90.500000 -78.798828 156.204224 58.508209 -82.416870 156.204224 58.508209 -82.416870 -63.414185 -123.000000 -90.948853 -12.823853 -117.000000 104.952393 -15.907227 76.500000 44.361206 -15.907227 76.500000 44.361206 2.675049 -65.000000 -116.794189 2.675049 -65.000000 -116.794189 -103.170410 -117.000000 22.235840 21.592163 -60.500000 87.464600 93.713257 61.500000 -32.141479 93.713257 61.500000 -32.141479 93.713257 61.500000 -32.141479 93.713257 61.500000 -32.141479 85.263184 -65.000000 8.626343 30.906494 -90.000000 105.878174 50.300049 53.000000 19.284180 67.569580 -117.000000 -93.360107 28.890747 -65.000000 -82.360229 -60.955322 -117.000000 -93.405640 -48.745850 -117.000000 92.891357 119.558350 96.500000 65.201172 119.558350 96.500000 -72.798828 89.047363 -117.000000 -73.989990 -47.912720 76.500000 -10.099121 -47.912720 76.500000 -10.099121 181.204224 76.638298 -26.745972 112.455444 -123.000000 12.729248 108.858521 -92.000000 -37.751953 43.076294 -123.000000 85.944336 87.420288 -117.000000 68.325195 -13.269409 -92.000000 -113.493408 -52.247192 -60.500000 -64.426270 -47.365356 -123.000000 -101.225220 -36.755859 76.500000 28.865845 -36.755859 76.500000 28.865845 -36.755859 76.500000 28.865845 207.204224 11.317492 75.396484 181.204224 -69.810165 35.272095 92.926880 -18.722639 -32.047363 18.275269 76.500000 46.117920 18.275269 76.500000 46.117920 82.588989 61.500000 -28.557861 82.588989 61.500000 -28.557861 82.588989 61.500000 -28.557861 96.685913 -60.500000 -5.646484 -93.296997 -92.000000 49.125610 207.204224 47.547535 -68.135742 -9.692749 76.500000 -54.043457 -9.692749 76.500000 -54.043457 -46.958618 53.000000 7.917847 -46.958618 53.000000 7.917847 -1708.295776 25.000000 -1233.798828 74.011841 -65.000000 84.664795 74.011841 -65.000000 84.664795 74.011841 -65.000000 84.664795 99.970459 -123.000000 14.553711 -44.659668 -60.500000 63.038086 16.016602 -65.000000 -116.126099 16.016602 -65.000000 -116.126099 16.016602 -65.000000 -116.126099 -78.411255 -65.000000 -11.754761 -91.239868 -123.000000 20.483154 113.492676 -117.000000 -10.617432 100.705444 -117.000000 -56.723267 88.802490 -123.000000 65.902466 85.035889 61.500000 -29.800781 85.035889 61.500000 -29.800781 85.035889 61.500000 -29.800781 -105.046997 -117.000000 -20.326904 73.405518 -123.000000 -88.897095 207.204224 33.512249 -76.441284 45.159790 -65.000000 -75.126831 -106.295776 -123.000000 -3.798828 182.204224 46.716080 58.038574 -43.576782 53.000000 17.846313 -57.942261 -65.000000 51.027832 -57.942261 -65.000000 51.027832 -58.053467 -65.000000 90.832031 -58.053467 -65.000000 90.832031 -58.053467 -65.000000 90.832031 75.581421 61.500000 15.334351 75.581421 61.500000 15.334351 -23.658325 -92.000000 -110.857422 96.704224 -22.500000 24.701172 96.704224 -22.500000 -32.298828 96.704224 -22.500000 -32.298828 -93.504028 -123.000000 -16.230591 -35.906372 76.500000 29.890869 -35.906372 76.500000 29.890869 -35.906372 76.500000 29.890869 -36.968994 76.500000 -36.197754 -36.968994 76.500000 -36.197754 -36.968994 76.500000 -36.197754 -40.827881 -65.000000 100.056396 -40.827881 -65.000000 100.056396 -40.827881 -65.000000 100.056396 -105.518799 -92.000000 12.951904 112.249268 -117.000000 -24.492554 -56.923218 -60.500000 52.152588 52.068115 -65.000000 63.038086 16.804199 -117.000000 -113.015991 22.222290 -60.500000 -84.193604 -15.716309 -123.000000 -112.070923 16.129395 -60.500000 77.760010 -99.033936 -123.000000 35.506104 156.204224 -90.000000 -78.798828 156.204224 -90.000000 -78.798828 156.204224 -90.000000 -78.798828 156.204224 -90.000000 71.201172 156.204224 -90.000000 71.201172 -54.040771 -65.000000 93.332520 -54.040771 -65.000000 93.332520 30.266235 -123.000000 -110.543701 85.587524 61.500000 22.443604 85.587524 61.500000 22.443604 5.413574 -60.500000 -86.281128 68.740356 61.500000 -9.300537 68.740356 61.500000 -9.300537 68.740356 61.500000 -9.300537 -90.656616 -117.000000 52.734619 99.430786 -123.000000 -24.785034 26.787231 53.000000 -50.394653 81.895264 -65.000000 -30.112549 100.705444 -92.000000 -56.723267 38.007812 -60.500000 -90.241089 73.895386 -117.000000 81.544434 75.828247 -92.000000 -87.514893 -76.711426 -117.000000 -79.585205 124.079712 -66.143784 -78.798828 124.079712 -66.143784 -78.798828 124.079712 -66.143784 71.201172 124.079712 -66.143784 71.201172 73.405518 -117.000000 -88.897095 -105.068115 -92.000000 -23.262573 21.888794 -65.000000 -115.326050 21.888794 -65.000000 -115.326050 -77.052734 -65.000000 13.070068 -57.811279 -32.500000 -59.520020 156.204224 -58.508209 74.819092 56.628662 -117.000000 93.202393 -11.769897 53.000000 45.845459 -11.769897 53.000000 45.845459 181.204224 39.070976 66.011353 110.704224 -36.500000 24.701172 110.704224 -36.500000 24.701172 110.704224 -36.500000 -32.298828 110.704224 -36.500000 -32.298828 -75.951904 -117.000000 72.062256 73.329956 76.500000 28.661011 -105.020264 -65.000000 26.990601 -105.020264 -65.000000 26.990601 72.850342 1.353837 -19.395142 -87.694946 -60.500000 -20.980225 -63.132690 -65.000000 44.565063 -63.132690 -65.000000 44.565063 -98.596436 -65.000000 -51.794556 -98.596436 -65.000000 -51.794556 -98.596436 -65.000000 -51.794556 207.204224 -38.553421 63.431274 51.899170 -65.000000 -70.757690 51.899170 -65.000000 -70.757690 15.788574 53.000000 -54.375244 -105.455933 -117.000000 -17.365601 40.441040 -65.000000 -110.660400 40.441040 -65.000000 -110.660400 -86.231567 -65.000000 64.615845 -86.231567 -65.000000 64.615845 49.642700 -123.000000 -103.747070 85.852051 -60.500000 -11.413330 55.250366 -60.500000 -81.206787 181.204224 -79.141075 7.892578 75.930420 76.500000 -37.981445 75.930420 76.500000 -37.981445 80.243530 61.500000 19.466919 80.243530 61.500000 19.466919 80.243530 61.500000 19.466919 -59.027710 -65.000000 -97.786621 -59.027710 -65.000000 -97.786621 -13.164673 -65.000000 -84.555786 -13.164673 -65.000000 -84.555786 -44.659668 -65.000000 -70.635742 -44.659668 -65.000000 -70.635742 15.569092 76.500000 -54.427124 15.569092 76.500000 -54.427124 15.569092 76.500000 -54.427124 114.204224 -92.000000 -3.798828 -42.482544 76.500000 20.092285 -42.482544 76.500000 20.092285 182.204224 -11.039646 -80.508545 -106.608276 -92.000000 -10.233521 207.204224 -76.638298 19.148315 68.637329 76.500000 24.701172 68.637329 76.500000 24.701172 68.637329 76.500000 -32.298828 68.637329 76.500000 -32.298828 207.204224 -33.512249 68.843628 -97.433105 -65.000000 46.601929 -97.433105 -65.000000 46.601929 -97.433105 -65.000000 46.601929 -33.328125 -60.500000 -89.107666 -75.319824 -65.000000 -84.571289 -75.319824 -65.000000 -84.571289 -20.153809 53.000000 -50.002686 112.864380 -117.000000 9.767944 55.217773 61.500000 3.296875 55.217773 61.500000 3.296875 -44.490723 -65.000000 63.160034 -44.490723 -65.000000 63.160034 78.536621 -4.332383 -25.757568 88.106201 61.500000 -30.970947 88.106201 61.500000 -30.970947 73.438477 61.500000 -20.259521 73.438477 61.500000 -20.259521 73.438477 61.500000 -20.259521 -73.319946 -65.000000 78.883057 -73.319946 -65.000000 78.883057 -73.319946 -65.000000 78.883057 -73.319946 -65.000000 78.883057 70.461792 61.500000 -14.915527 70.461792 61.500000 -14.915527 181.204224 0.000000 -83.798828 182.204224 58.336273 47.222046 19.852783 -65.000000 -84.703003 45.159790 -60.500000 67.529175 68.637329 61.500000 24.701172 68.637329 61.500000 24.701172 68.637329 61.500000 -32.298828 68.637329 61.500000 -32.298828 68.637329 61.500000 -32.298828 181.204224 -35.502605 -75.489624 54.507935 -65.000000 -104.734375 54.507935 -65.000000 -104.734375 35.998535 -60.500000 72.117798 114.538330 -90.000000 18.219360 -48.745850 -123.000000 92.891357 -74.857178 -65.000000 -28.985352 -74.857178 -65.000000 -28.985352 -67.623779 -65.000000 -45.254395 -67.623779 -65.000000 -45.254395 86.922974 -123.000000 -75.733765 84.496460 61.500000 -41.890381 84.496460 61.500000 -41.890381 84.496460 61.500000 -41.890381 44.451172 53.000000 28.507324 44.451172 53.000000 28.507324 -46.376587 53.000000 10.198120 -46.376587 53.000000 10.198120 -68.419800 -117.000000 79.917236 87.520630 76.500000 35.132690 182.204224 70.132965 -36.777832 82.831665 -8.627422 -28.694702 -30.332031 -65.000000 -78.950562 -30.332031 -65.000000 -78.950562 -12.444336 -65.000000 77.105225 86.204224 -65.000000 -3.798828 86.204224 -65.000000 -3.798828 112.455444 -117.000000 12.729248 -17.281982 -123.000000 -99.525391 -48.167969 76.500000 -0.155884 -48.167969 76.500000 -0.155884 110.704224 -46.094395 -53.798828 110.704224 -46.094395 -53.798828 110.704224 -46.094395 -61.048950 110.704224 -46.094395 46.201172 110.704224 -46.094395 46.201172 110.704224 -46.094395 46.201172 110.704224 -46.094395 53.451294 110.704224 -46.094395 53.451294 113.316284 -92.000000 -17.779175 -3.291992 -65.000000 -116.582031 -3.291992 -65.000000 -116.582031 -70.522827 -65.000000 81.402832 -70.522827 -65.000000 81.402832 -70.522827 -65.000000 81.402832 -30.089233 -123.000000 88.190186 181.204224 -47.547535 60.538086 -107.599609 -65.000000 -23.303955 -107.599609 -65.000000 -23.303955 -107.599609 -65.000000 -23.303955 207.204224 -46.716080 -65.636230 -108.790771 -65.000000 -14.470337 -108.790771 -65.000000 -14.470337 -108.790771 -65.000000 -14.470337 207.204224 -61.837349 42.917236 181.204224 72.642471 29.713379 -103.763550 -117.000000 -29.507080 90.642212 61.500000 -31.646606 90.642212 61.500000 -31.646606 90.642212 61.500000 -31.646606 -77.854736 -65.000000 -16.223999 -77.854736 -65.000000 -16.223999 86.204224 -60.500000 -3.798828 43.009155 -123.000000 98.939209 -103.304565 -65.000000 32.506958 -103.304565 -65.000000 32.506958 -109.295776 -65.000000 -3.798828 -109.295776 -65.000000 -3.798828 -21.063354 -65.000000 106.453369 -21.063354 -65.000000 106.453369 -21.063354 -65.000000 106.453369 -79.514526 -117.000000 68.136108 -42.499634 53.000000 20.059204 -42.499634 53.000000 20.059204 -19.005493 -65.000000 106.895752 -19.005493 -65.000000 106.895752 -19.005493 -65.000000 106.895752 207.204224 -76.918236 -25.789429 -0.339966 -65.000000 109.128662 -0.339966 -65.000000 109.128662 -0.339966 -65.000000 109.128662 20.703369 -65.000000 107.915283 20.703369 -65.000000 107.915283 20.703369 -65.000000 107.915283 20.703369 -65.000000 107.915283 -22.857788 -117.000000 102.946045 75.017944 -65.000000 -45.278931 94.407715 -123.000000 33.307373 75.032227 -65.000000 37.656738 156.204224 90.500000 71.201172 156.204224 90.500000 71.201172 156.204224 90.500000 -78.798828 156.204224 90.500000 -78.798828 83.704224 -65.000000 -53.798828 83.704224 -65.000000 -53.798828 83.704224 -65.000000 -78.798828 83.704224 -65.000000 -78.798828 83.704224 -65.000000 -78.798828 83.704224 -65.000000 46.201172 83.704224 -65.000000 46.201172 83.704224 -65.000000 71.201172 83.704224 -65.000000 71.201172 83.704224 -65.000000 71.201172 181.204224 -22.947130 -80.437134 182.204224 -66.952469 -42.832397 -17.571167 -65.000000 -114.777954 -17.571167 -65.000000 -114.777954 74.833496 -60.500000 37.996826 -94.700195 -65.000000 51.749146 -94.700195 -65.000000 51.749146 -94.700195 -65.000000 51.749146 110.578857 -123.000000 -29.833496 -33.714722 53.000000 -39.907227 -33.714722 53.000000 -39.907227 -67.609497 -65.000000 37.681274 -67.609497 -65.000000 37.681274 105.040283 -76.500000 46.201172 105.040283 -76.500000 46.201172 105.040283 -76.500000 -53.798828 105.040283 -76.500000 -53.798828 -71.447510 -65.000000 30.237427 182.204224 61.837349 -50.514893 75.639160 -123.000000 79.419922 207.204224 76.208878 10.288696 -103.763550 -92.000000 -29.507080 -28.914795 -65.000000 71.978760 -28.914795 -65.000000 71.978760 108.477905 -117.000000 29.704712 156.204224 66.143784 71.201172 156.204224 66.143784 71.201172 156.204224 66.143784 -78.798828 -83.157349 -65.000000 -76.076538 -83.157349 -65.000000 -76.076538 -52.779053 -65.000000 -101.669312 -52.779053 -65.000000 -101.669312 -52.779053 -65.000000 -101.669312 -42.554688 76.500000 19.952271 -42.554688 76.500000 19.952271 -38.903320 76.500000 -53.546753 -38.903320 76.500000 -53.546753 -38.903320 76.500000 45.949097 -74.486816 -60.500000 -30.112549 47.198486 76.500000 24.701172 47.198486 76.500000 24.701172 47.198486 76.500000 24.701172 47.198486 76.500000 24.701172 47.198486 76.500000 -32.298828 47.198486 76.500000 -32.298828 47.198486 76.500000 -32.298828 47.198486 76.500000 -32.298828 182.204224 -76.208878 -17.886353 88.226440 -65.000000 -78.798828 88.226440 -65.000000 -78.798828 88.226440 -65.000000 -78.798828 88.226440 -65.000000 -78.798828 88.226440 -65.000000 71.201172 88.226440 -65.000000 71.201172 88.226440 -65.000000 71.201172 88.226440 -65.000000 71.201172 -21.482300 -65.000000 74.762451 -21.482300 -65.000000 74.762451 105.040283 -65.000000 -53.798828 105.040283 -65.000000 -53.798828 105.040283 -65.000000 46.201172 105.040283 -65.000000 46.201172 -49.220215 -92.000000 -100.800049 -106.795776 -117.000000 -3.798828 -12.260742 76.500000 45.689697 -12.260742 76.500000 45.689697 -60.955322 -92.000000 -93.405640 -28.616577 76.500000 -44.534180 -28.616577 76.500000 -44.534180 207.204224 -76.300621 -17.380615 -10.867188 -123.000000 -100.709473 76.189575 -1.985331 -23.582642 110.704224 61.500000 24.701172 110.704224 61.500000 24.701172 110.704224 61.500000 24.701172 110.704224 61.500000 24.701172 110.704224 61.500000 -32.298828 110.704224 61.500000 -32.298828 110.704224 61.500000 -32.298828 110.704224 61.500000 -32.298828 110.704224 61.500000 -43.798828 110.704224 61.500000 -43.798828 110.704224 61.500000 -43.798828 110.704224 61.500000 -43.798828 110.704224 61.500000 36.201172 110.704224 61.500000 36.201172 110.704224 61.500000 36.201172 82.265625 -60.500000 -28.985352 71.318237 2.886000 9.155029 68.204224 6.000000 -3.798828 156.204224 96.500000 42.367798 156.204224 96.500000 42.367798 156.204224 96.500000 42.367798 156.204224 96.500000 65.201172 156.204224 96.500000 -72.798828 156.204224 96.500000 -49.965454 156.204224 96.500000 -49.965454 23.124756 -117.000000 104.473145 68.361572 61.500000 -0.807861 68.361572 61.500000 -0.807861 207.204224 64.336861 43.748657 23.124756 -123.000000 104.473145 -108.825806 -65.000000 6.495728 -108.825806 -65.000000 6.495728 85.609497 -65.000000 -13.686890 17.198364 -92.000000 105.874023 182.204224 -61.837349 42.917236 88.226440 -90.000000 -78.798828 88.226440 -90.000000 -78.798828 88.226440 -90.000000 -78.798828 88.226440 -90.000000 71.201172 88.226440 -90.000000 71.201172 88.226440 -90.000000 71.201172 110.704224 76.500000 -61.048950 110.704224 76.500000 -61.048950 110.704224 76.500000 -61.048950 110.704224 76.500000 -61.048950 110.704224 76.500000 -43.798828 110.704224 76.500000 -43.798828 110.704224 76.500000 -43.798828 110.704224 76.500000 53.451294 110.704224 76.500000 53.451294 110.704224 76.500000 53.451294 110.704224 76.500000 36.201172 110.704224 76.500000 36.201172 110.704224 76.500000 36.201172 42.775146 76.500000 -38.113037 42.775146 76.500000 -38.113037 42.775146 76.500000 -38.113037 156.204224 -78.617996 -62.307007 156.204224 -78.617996 -62.307007 -9.466064 76.500000 46.505737 -9.466064 76.500000 46.505737 98.065063 -123.000000 -60.332275 207.204224 0.000000 76.201172 134.629395 45.596054 85.201172 134.629395 45.596054 85.201172 134.629395 45.596054 -92.798828 134.629395 45.596054 -92.798828 156.204224 -66.399117 -75.876221 156.204224 -66.399117 -75.876221 112.927246 -92.000000 -20.549561 207.204224 -77.493858 -4.774536 10.150879 -123.000000 -113.609741 -89.295776 -60.500000 -3.798828 78.855957 -60.500000 30.237427 -28.601929 53.000000 36.948120 -28.601929 53.000000 36.948120 -68.419800 -92.000000 79.917236 27.145508 76.500000 -50.215454 27.145508 76.500000 -50.215454 27.145508 76.500000 -50.215454 -9.395752 -117.000000 105.418457 1.380615 -60.500000 -96.769775 68.308960 61.500000 -6.240234 68.308960 61.500000 -6.240234 68.308960 61.500000 -6.240234 -47.326782 76.500000 -13.790771 -47.326782 76.500000 -13.790771 -47.326782 76.500000 -13.790771 81.776611 -60.500000 22.864746 77.571045 61.500000 -24.921631 77.571045 61.500000 -24.921631 79.741821 61.500000 -26.701294 79.741821 61.500000 -26.701294 79.741821 61.500000 -26.701294 -94.104736 -65.000000 -60.388672 -94.104736 -65.000000 -60.388672 92.462769 61.500000 -31.981445 92.462769 61.500000 -31.981445 92.462769 61.500000 -31.981445 91.202515 61.500000 24.165039 91.202515 61.500000 24.165039 91.202515 61.500000 24.165039 181.204224 -78.617996 -62.307007 -84.609741 -123.000000 38.682251 -56.923218 -65.000000 -59.750244 -56.923218 -65.000000 -59.750244 89.391968 -60.500000 -39.945801 55.348877 -60.500000 73.543457 57.008423 -65.000000 95.838867 57.008423 -65.000000 95.838867 57.008423 -65.000000 95.838867 57.008423 -65.000000 95.838867 64.331665 -65.000000 52.152588 64.331665 -65.000000 52.152588 69.532104 61.500000 4.799194 69.532104 61.500000 4.799194 -46.412964 76.500000 10.067383 -46.412964 76.500000 10.067383 71.945190 61.500000 10.316406 71.945190 61.500000 10.316406 110.704224 -76.500000 -53.798828 110.704224 -76.500000 -53.798828 110.704224 -76.500000 -53.798828 110.704224 -76.500000 -40.130615 110.704224 -76.500000 -40.130615 110.704224 -76.500000 -40.130615 110.704224 -76.500000 46.201172 110.704224 -76.500000 46.201172 110.704224 -76.500000 32.532959 110.704224 -76.500000 32.532959 182.204224 14.087483 -80.007690 207.204224 78.255257 12.817871 -60.295776 76.500000 -35.224731 -60.295776 76.500000 -35.224731 -60.295776 76.500000 27.627075 -60.295776 76.500000 27.627075 -60.295776 76.500000 27.627075 -66.486938 -117.000000 -89.141968 207.204224 -36.597698 -72.113281 -105.283081 -65.000000 -33.644653 -105.283081 -65.000000 -33.644653 207.204224 -79.141075 7.892578 59.655640 -65.000000 -64.426270 59.655640 -65.000000 -64.426270 65.350708 -65.000000 -58.625488 65.350708 -65.000000 -58.625488 52.316406 61.500000 14.663330 52.316406 61.500000 14.663330 82.370850 -60.500000 -28.654541 -28.369141 76.500000 -44.729248 -28.369141 76.500000 -44.729248 75.930420 61.500000 -37.981445 75.930420 61.500000 -37.981445 87.520630 61.500000 35.132690 52.575562 61.500000 -21.563843 52.575562 61.500000 -21.563843 52.575562 61.500000 -21.563843 -101.450073 -117.000000 30.154297 20.232300 -123.000000 -112.550049 -35.689453 -117.000000 99.440674 -36.025635 76.500000 -37.347900 -36.025635 76.500000 -37.347900 7.794922 53.000000 48.040039 84.496460 76.500000 -41.890381 84.496460 76.500000 -41.890381 -29.416870 76.500000 36.288452 -29.416870 76.500000 36.288452 -29.416870 76.500000 36.288452 90.821167 -16.616955 -31.685059 90.821167 -16.616955 -31.685059 68.400269 5.803927 -0.461548 96.704224 76.500000 -43.798828 96.704224 76.500000 -43.798828 96.704224 76.500000 36.201172 96.704224 76.500000 36.201172 134.629395 -45.596054 85.201172 134.629395 -45.596054 85.201172 134.629395 -45.596054 -92.798828 134.629395 -45.596054 -92.798828 -26.498291 76.500000 38.530884 -26.498291 76.500000 38.530884 182.204224 -73.550674 20.625488 129.837646 -56.306728 78.842285 129.837646 -56.306728 -86.439941 -19.394409 76.500000 -50.386963 -19.394409 76.500000 -50.386963 -19.394409 76.500000 -50.386963 -8.720947 -65.000000 77.760010 116.666748 -90.000000 -0.887451 -9.983521 76.500000 -53.964966 -9.983521 76.500000 -53.964966 -9.983521 76.500000 -53.964966 115.220337 76.500000 -67.042114 115.220337 76.500000 -67.042114 115.220337 76.500000 -67.042114 115.220337 76.500000 59.444458 115.220337 76.500000 59.444458 115.220337 76.500000 59.444458 -101.450073 -92.000000 30.154297 36.010376 53.000000 -44.545776 -11.545166 76.500000 59.901245 -11.545166 76.500000 59.901245 -11.545166 76.500000 -67.498901 -11.545166 76.500000 -67.498901 78.674438 76.500000 31.907349 17.701172 53.000000 46.281982 -46.371216 76.500000 10.217285 -46.371216 76.500000 10.217285 -2.538574 76.500000 47.825073 -2.538574 76.500000 47.825073 -2.538574 76.500000 47.825073 -48.157227 76.500000 -0.005615 -48.157227 76.500000 -0.005615 -48.157227 76.500000 -0.005615 -3.070068 76.500000 -55.355713 -3.070068 76.500000 -55.355713 7.837036 76.500000 48.036621 7.837036 76.500000 48.036621 -43.640137 76.500000 -25.304810 -43.640137 76.500000 -25.304810 -41.927734 76.500000 -28.733276 -41.927734 76.500000 -28.733276 -41.927734 76.500000 -28.733276 3.704224 53.000000 48.201172 3.704224 53.000000 -55.798828 3.704224 53.000000 -55.798828 10.606689 53.000000 47.740967 27.562256 53.000000 42.405029 -45.173584 53.000000 -21.546021 83.360352 -123.000000 -79.659912 54.280640 53.000000 8.285522 55.704224 53.000000 -3.798828 207.204224 -35.502605 -75.489624 53.785034 53.000000 -17.795776 -37.042725 53.000000 -36.104980 -37.042725 53.000000 -36.104980 101.155640 -123.000000 -14.153076 49.908081 53.000000 -27.656860 59.648315 -65.000000 -101.978516 59.648315 -65.000000 -101.978516 59.648315 -65.000000 -101.978516 70.541138 -65.000000 -52.162720 -21.089478 76.500000 41.909668 -21.089478 76.500000 41.909668 -3.198242 53.000000 -55.338623 -3.198242 53.000000 -55.338623 74.530273 -0.326058 14.105591 -15.698730 53.000000 -52.043213 -15.698730 53.000000 -52.043213 3.704224 -117.000000 -113.798828 3.704224 -117.000000 106.201172 3.704224 -117.000000 106.701172 3.704224 -117.000000 -114.298828 -40.479492 53.000000 -31.217773 -40.479492 53.000000 -31.217773 84.461182 -65.000000 -20.667725 181.204224 -58.508209 74.819092 156.204224 66.399117 68.278564 156.204224 66.399117 68.278564 124.079712 -36.728790 -78.798828 124.079712 -36.728790 -78.798828 124.079712 -36.728790 -78.798828 124.079712 -36.728790 71.201172 124.079712 -36.728790 71.201172 124.079712 -36.728790 71.201172 -89.921387 -123.000000 -61.541748 -48.295776 53.000000 -3.798828 -48.261597 53.000000 -1.914307 -48.261597 53.000000 -1.914307 100.394409 -117.000000 48.651245 -47.835571 53.000000 3.103638 -47.835571 53.000000 3.103638 -30.541992 53.000000 35.331665 -30.541992 53.000000 35.331665 100.394409 -123.000000 48.651245 -36.484985 53.000000 29.198608 -36.484985 53.000000 29.198608 -19.378784 53.000000 42.796997 -19.378784 53.000000 42.796997 3.704224 76.500000 -69.298828 3.704224 76.500000 -69.298828 3.704224 76.500000 61.701172 3.704224 76.500000 -55.798828 3.704224 76.500000 -55.798828 103.704224 -90.000000 -78.798828 103.704224 -90.000000 71.201172 110.704224 -65.000000 -40.130615 110.704224 -65.000000 -40.130615 110.704224 -65.000000 -40.130615 110.704224 -65.000000 -40.130615 110.704224 -65.000000 -40.130615 110.704224 -65.000000 32.532959 110.704224 -65.000000 32.532959 110.704224 -65.000000 32.532959 79.242065 -90.000000 80.242920 -109.035034 -90.000000 -11.470337 207.204224 -55.312248 53.998657 -43.042969 -92.000000 -103.923462 75.168335 61.500000 -22.465820 75.168335 61.500000 -22.465820 75.168335 61.500000 -22.465820 -43.042969 -117.000000 -103.923462 85.819702 -65.000000 4.157104 -30.248901 -117.000000 -108.953125 -29.799316 -117.000000 100.974854 -23.658325 -117.000000 -110.857422 74.818115 -0.613944 -22.053955 181.204224 47.547535 -68.135742 182.204224 -51.020870 54.537476 -62.145264 -60.500000 -69.471069 -28.914795 -60.500000 -79.576416 23.167969 -117.000000 -112.571167 36.342529 -117.000000 -109.368652 54.175415 -117.000000 -102.098877 181.204224 -55.260448 -84.732666 60.374756 -117.000000 -98.660278 70.354736 -117.000000 -91.934814 207.204224 22.947130 72.839478 84.443115 -117.000000 -79.240723 156.204224 -80.933815 51.461670 -52.966309 -117.000000 91.062744 181.204224 43.127716 84.201172 181.204224 43.127716 -91.798828 -21.482300 -60.500000 -82.360229 207.204224 -16.616703 74.456543 -93.296997 -117.000000 49.125610 207.204224 -51.020870 54.537476 207.204224 -50.167355 55.273071 112.927246 -117.000000 -20.549561 113.730835 -117.000000 -14.015747 -105.518799 -117.000000 12.951904 -101.069458 -123.000000 -37.302368 20.573120 -60.500000 -84.555786 -46.872192 53.000000 -15.883179 -46.872192 53.000000 -15.883179 80.703613 -65.000000 -86.503662 80.703613 -65.000000 -86.503662 80.703613 -65.000000 -86.503662 114.204224 -117.000000 -3.798828 -1364.759521 -85.000000 -1230.198730 -106.608276 -117.000000 -10.233521 -60.295776 110.000000 -35.224731 -60.295776 110.000000 27.627075 207.204224 61.837349 -50.514893 89.044434 -14.840215 -31.250244 -10.737061 -123.000000 -112.846802 -21.568237 53.000000 41.646729 -21.568237 53.000000 41.646729 182.204224 -6.460337 73.431396 -97.644897 -117.000000 -47.828491 3.704224 -60.500000 78.701172 3.704224 -60.500000 -86.298828 3.704224 -60.500000 -96.798828 3.704224 -60.500000 89.201172 -13.164673 -60.500000 76.958252 14.058472 -123.000000 93.652588 -30.332031 -60.500000 71.352905 207.204224 -58.705673 -54.394165 -74.857178 -60.500000 21.387695 -77.854736 -60.500000 8.626343 -78.411255 -60.500000 4.157104 -77.052734 -60.500000 -20.667725 -52.247192 -65.000000 56.828613 -52.247192 -65.000000 56.828613 -71.447510 -60.500000 -37.835083 -63.132690 -60.500000 -52.162720 -57.942261 -60.500000 -58.625488 -44.490723 -60.500000 -70.757690 39.304199 -65.000000 103.446777 39.304199 -65.000000 103.446777 39.304199 -65.000000 103.446777 -12.012207 -60.500000 -84.787964 38.070801 -60.500000 -78.800049 52.358643 -60.500000 -70.424683 64.331665 -60.500000 -59.750244 64.572266 -60.500000 -59.488403 -67.623779 -60.500000 37.656738 75.032227 -60.500000 -45.254395 -67.592285 -123.000000 -71.035767 75.208130 -60.500000 -44.950317 85.563843 -60.500000 6.460205 84.461182 -60.500000 13.070068 70.541138 -60.500000 44.565063 65.109619 -60.500000 51.297607 207.204224 53.484665 55.693970 78.855957 -65.000000 -37.835083 78.855957 -65.000000 -37.835083 59.655640 -60.500000 56.828613 51.608643 -60.500000 63.368286 28.890747 -60.500000 74.762451 207.204224 -47.547535 60.538086 207.204224 -60.165977 45.051025 207.204224 -66.722870 40.338013 207.204224 -68.051826 33.284790 207.204224 -69.810165 35.272095 207.204224 -70.132965 29.180176 98.065063 -117.000000 -60.332275 207.204224 -74.752899 24.696899 207.204224 -73.550674 20.625488 207.204224 -75.753464 12.561523 207.204224 -14.087483 72.410034 207.204224 -13.076562 72.589966 207.204224 -76.635605 7.743896 207.204224 -79.195419 7.518677 207.204224 -6.956527 73.388306 207.204224 -6.460337 73.431396 207.204224 0.000000 73.701172 207.204224 0.000000 -83.798828 207.204224 -79.803436 -9.403442 207.204224 5.939071 75.980469 207.204224 -77.187157 -10.755371 207.204224 -76.208878 -17.886353 207.204224 16.360384 71.954590 79.850220 -5.646045 19.183594 -48.193604 76.500000 -7.057495 -48.193604 76.500000 -7.057495 -48.193604 76.500000 -7.057495 207.204224 -72.642471 -37.311035 207.204224 32.979046 66.334106 207.204224 39.070976 66.011353 16.129395 -65.000000 -85.357788 16.129395 -65.000000 -85.357788 -82.902344 -60.500000 -37.685425 207.204224 -66.952469 -42.832397 207.204224 -70.797539 -41.050781 207.204224 -66.671165 -43.310913 207.204224 46.716080 58.038574 207.204224 -61.800060 -54.599976 207.204224 -58.336273 -54.819702 207.204224 -53.484665 -63.291626 156.204224 110.000000 42.367798 156.204224 110.000000 -49.965454 156.204224 110.000000 -49.965454 207.204224 58.336273 47.222046 207.204224 -48.411812 -64.317749 207.204224 -50.379128 -65.943359 207.204224 66.671165 35.713257 207.204224 -32.979046 -73.931763 22.056763 -123.000000 -100.065063 207.204224 72.642471 29.713379 207.204224 72.653702 23.176880 207.204224 -23.917158 -77.515991 207.204224 -22.947130 -80.437134 69.360840 61.500000 -11.835693 69.360840 61.500000 -11.835693 69.360840 61.500000 -11.835693 207.204224 -19.102951 -81.484619 -45.873169 76.500000 -19.485718 -45.873169 76.500000 -19.485718 207.204224 -16.360384 -79.552246 207.204224 -11.317492 -82.994263 207.204224 -11.039646 -80.508545 207.204224 6.956527 -80.985962 207.204224 77.187157 3.157715 207.204224 0.000000 -81.298828 207.204224 1.460340 -81.285034 207.204224 77.500000 -3.798828 207.204224 79.195419 -15.116333 181.204224 -80.933815 51.461670 207.204224 16.616703 -82.054077 181.204224 -88.000000 -46.926514 181.204224 -88.000000 39.328857 -36.408081 -65.000000 101.842041 -36.408081 -65.000000 101.842041 -36.408081 -65.000000 101.842041 -36.408081 -65.000000 -109.439697 -36.408081 -65.000000 -109.439697 207.204224 76.638298 -26.745972 207.204224 70.132965 -36.777832 182.204224 -76.300621 -17.380615 207.204224 39.512093 -70.469971 68.521606 61.500000 0.442627 68.521606 61.500000 0.442627 207.204224 59.492779 -57.283447 207.204224 -39.512093 62.872314 181.204224 88.000000 -46.926514 181.204224 88.000000 39.328857 181.204224 -70.797539 -41.050781 181.204224 -61.800060 -54.599976 181.204224 53.484665 55.693970 181.204224 -72.077438 62.600342 181.204224 -59.492779 49.685791 181.204224 -66.722870 40.338013 -91.157227 -117.000000 -60.469360 181.204224 64.336861 43.748657 181.204224 -42.533489 63.957397 181.204224 -43.127716 84.201172 181.204224 -43.127716 -91.798828 181.204224 -39.070976 -73.609009 181.204224 -27.846586 71.198242 181.204224 -76.638298 19.148315 181.204224 -79.195419 7.518677 181.204224 -11.317492 -82.994263 181.204224 -80.000000 -3.798828 181.204224 -9.421546 -83.242065 181.204224 0.000000 76.201172 181.204224 11.317492 75.396484 181.204224 33.512249 -76.441284 181.204224 -78.255257 -20.415527 181.204224 69.810165 -42.869751 40.810425 -123.000000 -94.502319 181.204224 79.195419 -15.116333 181.204224 80.933815 -59.059326 181.204224 59.492779 -57.283447 181.204224 58.508209 -82.416870 -81.638916 -92.000000 66.392334 181.204224 72.077438 -70.197998 182.204224 0.000000 73.701172 23.167969 -92.000000 -112.571167 182.204224 -6.956527 73.388306 182.204224 -13.076562 72.589966 207.204224 -78.255257 -20.415527 182.204224 -14.087483 72.410034 -80.011841 -92.000000 -75.922852 182.204224 -25.965048 69.222168 182.204224 -38.553421 63.431274 182.204224 -26.975714 68.854858 156.204224 88.000000 39.328857 156.204224 88.000000 -46.926514 182.204224 -39.512093 62.872314 182.204224 -50.167355 55.273071 182.204224 -60.165977 45.051025 182.204224 -70.132965 29.180176 182.204224 -75.753464 12.561523 182.204224 -76.635605 7.743896 182.204224 -77.493858 -4.774536 182.204224 -72.839249 -30.269409 182.204224 -72.653702 -30.774536 182.204224 -66.671165 -43.310913 182.204224 -58.705673 -54.394165 182.204224 -48.411812 -64.317749 182.204224 -46.716080 -65.636230 182.204224 -32.979046 -73.931763 182.204224 -23.917158 -77.515991 182.204224 -16.360384 -79.552246 182.204224 6.956527 -80.985962 182.204224 26.975714 -76.452515 182.204224 75.753464 -20.159180 182.204224 76.208878 10.288696 182.204224 77.187157 3.157715 55.244019 53.000000 -10.701294 182.204224 72.653702 23.176880 182.204224 66.671165 35.713257 182.204224 16.360384 71.954590 156.204224 -56.306728 -86.439941 156.204224 -56.306728 78.842285 181.204224 78.255257 12.817871 -105.068115 -117.000000 -23.262573 -52.966309 -92.000000 91.062744 181.204224 78.617996 54.709351 182.204224 32.979046 66.334106 17.357544 -117.000000 -113.452026 68.204224 61.500000 -3.798828 68.204224 61.500000 -3.798828 78.674438 61.500000 31.907349 20.573120 -65.000000 76.958252 -81.638916 -117.000000 66.392334 82.265625 -65.000000 21.387695 82.265625 -65.000000 21.387695 -5.889771 53.000000 -54.906128 -5.889771 53.000000 -54.906128 106.943726 -117.000000 35.594849 -29.293213 53.000000 -43.988037 -29.293213 53.000000 -43.988037 3.704224 -65.000000 -86.298828 3.704224 -65.000000 -86.298828 3.704224 -65.000000 78.701172 3.704224 -65.000000 78.701172 -37.751343 -65.000000 67.529175 -37.751343 -65.000000 67.529175 -13.046509 -117.000000 -113.021851 -88.994263 -65.000000 -68.420654 -88.994263 -65.000000 -68.420654 31.413330 -32.500000 -82.036987 72.264282 -65.000000 -93.623779 72.264282 -65.000000 -93.623779 19.688232 -60.500000 77.137939 55.404297 61.500000 -9.376221 55.404297 61.500000 -9.376221 -12.423584 -123.000000 92.864990 30.266235 -117.000000 -110.543701 181.204224 -33.512249 68.843628 43.097900 -117.000000 -107.038330 207.204224 69.810165 -42.869751 181.204224 22.947130 72.839478 81.112183 -60.500000 47.747314 -22.541138 -65.000000 -113.708740 -22.541138 -65.000000 -113.708740 -22.541138 -65.000000 -113.708740 -104.575073 -123.000000 -23.178711 90.582275 76.500000 -43.327515 90.582275 76.500000 -43.327515 -68.230713 -117.000000 -87.017578 106.442383 -117.000000 -43.103760 83.858154 -123.000000 -60.184570 207.204224 -9.421546 -83.242065 -86.038940 -123.000000 35.573242 20.454956 -117.000000 105.424072 207.204224 -77.500000 -3.798828 99.964600 -90.000000 55.386841 -80.011841 -117.000000 -75.922852 93.447388 -123.000000 -43.170898 109.921753 -90.000000 -42.358276 56.154297 -123.000000 -100.489014 207.204224 -39.070976 -73.609009 -15.759521 -117.000000 104.973389 112.476562 -117.000000 15.664917 -68.222778 -65.000000 -90.951050 -68.222778 -65.000000 -90.951050 -68.222778 -65.000000 -90.951050 71.648071 61.500000 -17.379761 71.648071 61.500000 -17.379761 71.648071 61.500000 -17.379761 -76.449707 -123.000000 52.586914 -19.672852 76.500000 -50.247925 -19.672852 76.500000 -50.247925 56.628662 -92.000000 93.202393 -96.987549 -117.000000 40.486328 -102.297607 -65.000000 -42.947266 -102.297607 -65.000000 -42.947266 -102.297607 -65.000000 -42.947266 75.828247 -117.000000 -87.514893 47.198486 61.500000 24.701172 47.198486 61.500000 24.701172 47.198486 61.500000 24.701172 47.198486 61.500000 24.701172 47.198486 61.500000 -32.298828 47.198486 61.500000 -32.298828 47.198486 61.500000 -32.298828 47.198486 61.500000 -32.298828 181.204224 -11.805994 75.325195 182.204224 -36.597698 -72.113281 87.711548 -13.507304 23.245239 -87.800781 -117.000000 57.249023 -93.747192 -123.000000 6.555420 182.204224 39.512093 -70.469971 207.204224 -25.965048 69.222168 182.204224 51.020870 -62.135132 207.204224 -26.975714 68.854858 89.047363 -92.000000 -73.989990 69.699829 -60.500000 -69.324219 181.204224 -64.336861 -51.346313 75.150757 -65.000000 -91.345337 75.150757 -65.000000 -91.345337 75.150757 -65.000000 -91.345337 -8.380127 53.000000 46.777588 -8.380127 53.000000 46.777588 182.204224 77.500000 -3.798828 -106.295776 -117.000000 -3.798828 19.935791 -60.500000 -95.371460 -3.509766 -117.000000 -114.063110 -87.559204 -60.500000 14.089111 -74.411377 -123.000000 55.378418 68.882568 -60.500000 62.539551 20.885620 -60.500000 -95.197998 86.922974 -117.000000 -75.733765 106.943726 -92.000000 35.594849 39.851196 -60.500000 81.888916 -73.638062 -60.500000 47.845825 207.204224 14.087483 -80.007690 54.847900 -60.500000 -81.473267 -35.600708 -117.000000 -106.536987 -74.486816 -65.000000 22.514893 -13.477173 -60.500000 87.600342 3.704224 -92.000000 -114.298828 3.704224 -92.000000 106.701172 -31.042725 -60.500000 82.466064 182.204224 -77.500000 -3.798828 -78.795776 -60.500000 -3.798828 -25.834717 -123.000000 -97.241089 -47.841919 -60.500000 73.609131 37.657349 -92.000000 101.355469 -40.742065 -65.000000 -107.690796 -40.742065 -65.000000 -107.690796 -97.644897 -92.000000 -47.828491 124.079712 66.143784 71.201172 124.079712 66.143784 -78.798828 -62.634155 -60.500000 61.379517 80.772095 -60.500000 -55.852051 207.204224 -27.846586 71.198242 90.582275 61.500000 -43.327515 90.582275 61.500000 -43.327515 90.582275 61.500000 -43.327515 90.582275 61.500000 -43.327515 -38.036987 53.000000 27.212036 -38.036987 53.000000 27.212036 -81.983521 -60.500000 32.348145 89.197632 -60.500000 -40.403076 207.204224 -72.653702 -30.774536 -32.442749 -60.500000 -89.486572 -61.474121 -60.500000 -70.137207 5.685181 -123.000000 94.181152 -82.560791 -60.500000 -38.545776 181.204224 80.000000 -3.798828 -8.720947 -60.500000 -85.357788 181.204224 -53.484665 -63.291626 94.598511 -60.500000 -23.476807 -74.218384 -60.500000 -54.563599 94.967651 -60.500000 -21.686768 -105.907837 -117.000000 10.181519 -73.703735 -60.500000 -55.344971 73.329956 61.500000 28.661011 -2.925659 76.500000 -55.374390 -2.925659 76.500000 -55.374390 96.704224 -60.500000 -3.798828 -48.731201 -60.500000 -80.607178 -47.940430 -60.500000 -81.141113 207.204224 -72.839249 -30.269409 207.204224 51.020870 -62.135132 -65.997070 -117.000000 81.299561 95.103394 -60.500000 13.382568 -65.997070 -123.000000 81.299561 "
							            />
							<TextureCoordinate point="0.5622 0.8547 0.4945 0.8547 0.4945 0.7981 0.5622 0.8547 0.4945 0.7981 0.5622 0.7981 0.1655 0.3208 0.0826 0.3208 0.0641 0.3208 0.1655 0.3208 0.1073 0.3208 0.0826 0.3208 0.1655 0.3208 0.1298 0.3208 0.1073 0.3208 0.2042 0.3208 0.1298 0.3208 0.1655 0.3208 0.2042 0.3208 0.1588 0.3208 0.1298 0.3208 0.2042 0.3208 0.1786 0.3208 0.1588 0.3208 0.1317 0.3208 0.0480 0.3208 0.0338 0.3208 0.1317 0.3208 0.0641 0.3208 0.0480 0.3208 0.1317 0.3208 0.1655 0.3208 0.0641 0.3208 0.2495 0.3208 0.1786 0.3208 0.2042 0.3208 0.2495 0.3208 0.2166 0.3208 0.1786 0.3208 0.2495 0.3208 0.2303 0.3208 0.2166 0.3208 0.1088 0.3208 0.0221 0.3208 0.0127 0.3208 0.1088 0.3208 0.0338 0.3208 0.0221 0.3208 0.1088 0.3208 0.1317 0.3208 0.0338 0.3208 0.3037 0.3208 0.2741 0.3208 0.2303 0.3208 0.3037 0.3208 0.2898 0.3208 0.2741 0.3208 0.3037 0.3208 0.3349 0.3208 0.2898 0.3208 0.3037 0.3208 0.2303 0.3208 0.2495 0.3208 0.0993 0.3208 0.0054 0.3208 0.0016 0.3208 0.0993 0.3208 0.0127 0.3208 0.0054 0.3208 0.0993 0.3208 0.1088 0.3208 0.0127 0.3208 0.0976 0.3208 0.0993 0.3208 0.0016 0.3208 0.0964 0.3208 0.0000 0.3208 0.0015 0.3208 0.0964 0.3208 0.0016 0.3208 0.0000 0.3208 0.0964 0.3208 0.0976 0.3208 0.0016 0.3208 0.3570 0.3208 0.3538 0.3208 0.3349 0.3208 0.3570 0.3208 0.3959 0.3208 0.3538 0.3208 0.3570 0.3208 0.3349 0.3208 0.3037 0.3208 0.0982 0.3208 0.0015 0.3208 0.0046 0.3208 0.0982 0.3208 0.0964 0.3208 0.0015 0.3208 0.3963 0.3208 0.3959 0.3208 0.3570 0.3208 0.3963 0.3208 0.4145 0.3208 0.3959 0.3208 0.4081 0.3208 0.4554 0.3208 0.4145 0.3208 0.4081 0.3208 0.4145 0.3208 0.3963 0.3208 0.1019 0.3208 0.0046 0.3208 0.0135 0.3208 0.1019 0.3208 0.0982 0.3208 0.0046 0.3208 0.4366 0.3208 0.4731 0.3208 0.4554 0.3208 0.4366 0.3208 0.4554 0.3208 0.4081 0.3208 0.1100 0.3208 0.0135 0.3208 0.0189 0.3208 0.1100 0.3208 0.1019 0.3208 0.0135 0.3208 0.4601 0.3208 0.5175 0.3208 0.4731 0.3208 0.4601 0.3208 0.4731 0.3208 0.4366 0.3208 0.1196 0.3208 0.0189 0.3208 0.0375 0.3208 0.1196 0.3208 0.1100 0.3208 0.0189 0.3208 0.4880 0.3208 0.5338 0.3208 0.5175 0.3208 0.4880 0.3208 0.5175 0.3208 0.4601 0.3208 0.1317 0.3208 0.1196 0.3208 0.0375 0.3208 0.1317 0.3208 0.0375 0.3208 0.0461 0.3208 0.5093 0.3208 0.5338 0.3208 0.4880 0.3208 0.5093 0.3208 0.5736 0.3208 0.5338 0.3208 0.1459 0.3208 0.1317 0.3208 0.0461 0.3208 0.1459 0.3208 0.0461 0.3208 0.0729 0.3208 0.0802 0.3208 0.1459 0.3208 0.0729 0.3208 0.5828 0.3208 0.5736 0.3208 0.5093 0.3208 0.1623 0.3208 0.1459 0.3208 0.0802 0.3208 0.5338 0.3208 0.5828 0.3208 0.5093 0.3208 0.5338 0.3208 0.6003 0.3208 0.5828 0.3208 0.6098 0.3208 0.6003 0.3208 0.5338 0.3208 0.1137 0.3208 0.1623 0.3208 0.0802 0.3208 0.1137 0.3208 0.1802 0.3208 0.1623 0.3208 0.5518 0.3208 0.6098 0.3208 0.5338 0.3208 0.6241 0.3208 0.6003 0.3208 0.6098 0.3208 0.1225 0.3208 0.1802 0.3208 0.1137 0.3208 0.2048 0.3208 0.1802 0.3208 0.1225 0.3208 0.6098 0.3208 0.6098 0.3208 0.5518 0.3208 0.6098 0.3208 0.5682 0.3208 0.5823 0.3208 0.6098 0.3208 0.5518 0.3208 0.5682 0.3208 0.1619 0.3208 0.2048 0.3208 0.1225 0.3208 0.1619 0.3208 0.2260 0.3208 0.2048 0.3208 0.1746 0.3208 0.2260 0.3208 0.1619 0.3208 0.5945 0.3208 0.6098 0.3208 0.5823 0.3208 0.6772 0.3208 0.6098 0.3208 0.5945 0.3208 0.2163 0.3208 0.2260 0.3208 0.1746 0.3208 0.2163 0.3208 0.2540 0.3208 0.2260 0.3208 0.2303 0.3208 0.2540 0.3208 0.2163 0.3208 0.2303 0.3208 0.2775 0.3208 0.2540 0.3208 0.6951 0.3208 0.6772 0.3208 0.5945 0.3208 0.6951 0.3208 0.6041 0.3208 0.6122 0.3208 0.6951 0.3208 0.5945 0.3208 0.6041 0.3208 0.6158 0.3208 0.6951 0.3208 0.6122 0.3208 0.6177 0.3208 0.6951 0.3208 0.6158 0.3208 0.2788 0.3208 0.2775 0.3208 0.2303 0.3208 0.2788 0.3208 0.3060 0.3208 0.2775 0.3208 0.2853 0.3208 0.3178 0.3208 0.3060 0.3208 0.2853 0.3208 0.3060 0.3208 0.2788 0.3208 0.3443 0.3208 0.3570 0.3208 0.3178 0.3208 0.3443 0.3208 0.3178 0.3208 0.2853 0.3208 0.4107 0.3208 0.3570 0.3208 0.3443 0.3208 0.4107 0.3208 0.4103 0.3208 0.3570 0.3208 0.6098 0.3208 0.5824 0.3208 0.5486 0.3208 0.6098 0.3208 0.6052 0.3208 0.5824 0.3208 0.4695 0.3208 0.4646 0.3208 0.4103 0.3208 0.4695 0.3208 0.4103 0.3208 0.4107 0.3208 0.6951 0.3208 0.6052 0.3208 0.6098 0.3208 0.6951 0.3208 0.6951 0.3208 0.6177 0.3208 0.6951 0.3208 0.6147 0.3208 0.6052 0.3208 0.6951 0.3208 0.6165 0.3208 0.6147 0.3208 0.6951 0.3208 0.6177 0.3208 0.6165 0.3208 0.6772 0.3208 0.6951 0.3208 0.6098 0.3208 0.5254 0.3208 0.4646 0.3208 0.4695 0.3208 0.5254 0.3208 0.5098 0.3208 0.4646 0.3208 0.6098 0.3208 0.6098 0.3208 0.5486 0.3208 0.6098 0.3208 0.5486 0.3208 0.5098 0.3208 0.5792 0.3208 0.6098 0.3208 0.5098 0.3208 0.5792 0.3208 0.5098 0.3208 0.5254 0.3208 0.6241 0.3208 0.6098 0.3208 0.5792 0.3208 0.6063 0.5637 0.6063 0.5648 0.6070 0.5637 0.6323 0.5804 0.6323 0.5827 0.6375 0.5804 0.6323 0.5804 0.6317 0.5827 0.6323 0.5827 0.5976 0.5887 0.5989 0.7981 0.5841 0.7981 0.5935 0.5804 0.5935 0.5827 0.5973 0.5804 0.5976 0.5887 0.5841 0.7981 0.5841 0.5887 0.6317 0.5804 0.6317 0.5827 0.6323 0.5804 0.5973 0.5749 0.5973 0.5769 0.5989 0.5749 0.5989 0.5887 0.5989 0.7981 0.5976 0.5887 0.6389 0.5711 0.6389 0.5749 0.6414 0.5711 0.6389 0.5711 0.6375 0.5749 0.6389 0.5749 0.5989 0.5711 0.5989 0.5749 0.6063 0.5711 0.5989 0.5711 0.5973 0.5749 0.5989 0.5749 0.6267 0.5862 0.6267 0.5887 0.6317 0.5862 0.5976 0.5862 0.5976 0.5887 0.5841 0.5887 0.5904 0.5827 0.5904 0.5862 0.5935 0.5827 0.5904 0.5827 0.5935 0.5827 0.5935 0.5804 0.5976 0.5862 0.5841 0.5887 0.5841 0.5862 0.6414 0.5151 0.6389 0.5259 0.6414 0.5259 0.5989 0.5862 0.5976 0.5887 0.5976 0.5862 0.5989 0.5862 0.5989 0.5887 0.5976 0.5887 0.5976 0.5827 0.5841 0.5862 0.5841 0.5827 0.5976 0.5827 0.5841 0.5827 0.5841 0.5804 0.6414 0.5151 0.6414 0.5259 0.6509 0.4811 0.6237 0.5887 0.6237 0.7981 0.6267 0.5887 0.5976 0.5827 0.5976 0.5862 0.5841 0.5862 0.6140 0.5497 0.6140 0.5585 0.6237 0.5585 0.6140 0.5497 0.6237 0.5585 0.6237 0.5497 0.6375 0.5711 0.6375 0.5749 0.6389 0.5711 0.5989 0.5827 0.5989 0.5862 0.5976 0.5862 0.5989 0.5827 0.5976 0.5862 0.5976 0.5827 0.6070 0.5585 0.6134 0.5637 0.6134 0.5585 0.5976 0.5804 0.5841 0.5804 0.5841 0.5769 0.6323 0.5769 0.6375 0.5769 0.6375 0.5749 0.6070 0.5585 0.6070 0.5637 0.6134 0.5637 0.6323 0.5769 0.6375 0.5804 0.6375 0.5769 0.5976 0.5804 0.5989 0.5827 0.5976 0.5827 0.6323 0.5769 0.6323 0.5804 0.6375 0.5804 0.6323 0.5769 0.6317 0.5804 0.6323 0.5804 0.5976 0.5804 0.5976 0.5827 0.5841 0.5804 0.6267 0.5335 0.6267 0.5432 0.6317 0.5335 0.6267 0.5335 0.6237 0.5432 0.6267 0.5432 0.5989 0.5804 0.5989 0.5827 0.5976 0.5804 0.5976 0.5769 0.5976 0.5804 0.5841 0.5769 0.6414 0.5648 0.6414 0.5711 0.6509 0.4811 0.5861 0.5887 0.5904 0.7981 0.5904 0.5887 0.5976 0.5769 0.5841 0.5769 0.5841 0.5749 0.5989 0.5769 0.5989 0.5804 0.5976 0.5804 0.5861 0.5887 0.5828 0.7981 0.5904 0.7981 0.5989 0.5769 0.5976 0.5804 0.5976 0.5769 0.6317 0.5769 0.6317 0.5804 0.6323 0.5769 0.5976 0.5749 0.5841 0.5749 0.5841 0.5711 0.5976 0.5749 0.5976 0.5769 0.5841 0.5749 0.5935 0.5769 0.5973 0.5804 0.5973 0.5769 0.5976 0.5749 0.5989 0.5769 0.5976 0.5769 0.5935 0.5769 0.5973 0.5769 0.5973 0.5749 0.6267 0.5827 0.6317 0.5862 0.6317 0.5827 0.5935 0.5769 0.5935 0.5804 0.5973 0.5804 0.6267 0.5827 0.6317 0.5827 0.6317 0.5804 0.6267 0.5827 0.6267 0.5862 0.6317 0.5862 0.5989 0.5749 0.5989 0.5769 0.5976 0.5749 0.5976 0.5711 0.5976 0.5749 0.5841 0.5711 0.5976 0.5711 0.5989 0.5749 0.5976 0.5749 0.6323 0.5259 0.6323 0.5335 0.6375 0.5259 0.6237 0.5862 0.6237 0.5887 0.6267 0.5887 0.6237 0.5862 0.6267 0.5887 0.6267 0.5862 0.5989 0.5711 0.5989 0.5749 0.5976 0.5711 0.6134 0.5497 0.6134 0.5585 0.6140 0.5585 0.6134 0.5497 0.6140 0.5585 0.6140 0.5497 0.5976 0.5648 0.5976 0.5711 0.5841 0.5711 0.6414 0.5637 0.6414 0.5648 0.6509 0.4811 0.6323 0.5749 0.6317 0.5769 0.6323 0.5769 0.5973 0.5711 0.5973 0.5749 0.5989 0.5711 0.6323 0.5749 0.6323 0.5769 0.6375 0.5749 0.6157 0.5887 0.6157 0.7981 0.5989 0.7981 0.6063 0.5585 0.6063 0.5637 0.6070 0.5637 0.6323 0.5749 0.6375 0.5749 0.6375 0.5711 0.6157 0.5887 0.5989 0.7981 0.5989 0.5887 0.6063 0.5585 0.6070 0.5637 0.6070 0.5585 0.6317 0.5749 0.6317 0.5769 0.6323 0.5749 0.6317 0.5259 0.6317 0.5335 0.6323 0.5335 0.6317 0.5259 0.6323 0.5335 0.6323 0.5259 0.6317 0.5259 0.6267 0.5335 0.6317 0.5335 0.5976 0.5637 0.5976 0.5648 0.5841 0.5711 0.5904 0.5804 0.5904 0.5827 0.5935 0.5804 0.6267 0.5804 0.6267 0.5827 0.6317 0.5804 0.5904 0.5804 0.5935 0.5804 0.5935 0.5769 0.6389 0.5648 0.6414 0.5711 0.6414 0.5648 0.5989 0.5648 0.5989 0.5711 0.5976 0.5711 0.6389 0.5648 0.6414 0.5648 0.6414 0.5637 0.5989 0.5648 0.5976 0.5711 0.5976 0.5648 0.5935 0.5749 0.5935 0.5769 0.5973 0.5749 0.5989 0.5648 0.5976 0.5648 0.5976 0.5637 0.6389 0.5648 0.6389 0.5711 0.6414 0.5711 0.5935 0.5749 0.5973 0.5749 0.5973 0.5711 0.6157 0.5862 0.5989 0.5887 0.5989 0.5862 0.6157 0.5862 0.6157 0.5887 0.5989 0.5887 0.6389 0.5637 0.6389 0.5648 0.6414 0.5637 0.5861 0.5862 0.5904 0.5887 0.5904 0.5862 0.5861 0.5862 0.5861 0.5887 0.5904 0.5887 0.6389 0.5151 0.6375 0.5259 0.6389 0.5259 0.6237 0.5827 0.6237 0.5862 0.6267 0.5862 0.6237 0.5827 0.6267 0.5827 0.6267 0.5804 0.6389 0.5151 0.6389 0.5259 0.6414 0.5151 0.5989 0.5637 0.5989 0.5648 0.5976 0.5637 0.6237 0.5827 0.6267 0.5862 0.6267 0.5827 0.6157 0.5827 0.5989 0.5862 0.5989 0.5827 0.6375 0.5648 0.6389 0.5711 0.6389 0.5648 0.6157 0.5827 0.5989 0.5827 0.5989 0.5804 0.6237 0.5335 0.6237 0.5432 0.6267 0.5335 0.6375 0.5648 0.6389 0.5648 0.6389 0.5637 0.6157 0.5827 0.6157 0.5862 0.5989 0.5862 0.6375 0.5648 0.6375 0.5711 0.6389 0.5711 0.6323 0.5711 0.6317 0.5749 0.6323 0.5749 0.5989 0.5648 0.6063 0.5711 0.6063 0.5648 0.5989 0.5648 0.6063 0.5648 0.6063 0.5637 0.5989 0.5648 0.5989 0.5711 0.6063 0.5711 0.5976 0.5585 0.5841 0.5711 0.5808 0.5648 0.5976 0.5585 0.5976 0.5637 0.5841 0.5711 0.6323 0.5711 0.6323 0.5749 0.6375 0.5711 0.5989 0.5585 0.5989 0.5637 0.5976 0.5637 0.6140 0.5447 0.6140 0.5497 0.6237 0.5497 0.6140 0.5447 0.6237 0.5497 0.6237 0.5447 0.6317 0.5711 0.6317 0.5749 0.6323 0.5711 0.5989 0.5585 0.5976 0.5637 0.5976 0.5585 0.6375 0.5637 0.6375 0.5648 0.6389 0.5637 0.6157 0.5804 0.6157 0.5827 0.5989 0.5804 0.6414 0.5100 0.6414 0.5151 0.6509 0.4811 0.6414 0.5585 0.6414 0.5637 0.6509 0.4811 0.6375 0.5151 0.6375 0.5259 0.6389 0.5151 0.6375 0.5151 0.6323 0.5259 0.6375 0.5259 0.6225 0.5887 0.6335 0.7981 0.6157 0.7981 0.5904 0.5769 0.5904 0.5804 0.5935 0.5769 0.6267 0.5769 0.6317 0.5804 0.6317 0.5769 0.6225 0.5887 0.6157 0.7981 0.6157 0.5887 0.6267 0.5769 0.6317 0.5769 0.6317 0.5749 0.6267 0.5769 0.6267 0.5804 0.6317 0.5804 0.5904 0.5769 0.5935 0.5769 0.5935 0.5749 0.6225 0.5862 0.6157 0.5887 0.6157 0.5862 0.6225 0.5862 0.6225 0.5887 0.6157 0.5887 0.6237 0.5804 0.6237 0.5827 0.6267 0.5804 0.6157 0.5769 0.5989 0.5804 0.5989 0.5769 0.6157 0.5769 0.5989 0.5769 0.5989 0.5749 0.5828 0.5887 0.5828 0.7981 0.5861 0.5887 0.6267 0.5749 0.6267 0.5769 0.6317 0.5749 0.6267 0.5749 0.6317 0.5749 0.6317 0.5711 0.6134 0.5447 0.6140 0.5497 0.6140 0.5447 0.6157 0.5769 0.6157 0.5804 0.5989 0.5804 0.6134 0.5447 0.6134 0.5497 0.6140 0.5497 0.6389 0.5585 0.6389 0.5637 0.6414 0.5637 0.6157 0.5749 0.5989 0.5749 0.5989 0.5711 0.5989 0.5637 0.5989 0.5648 0.6063 0.5637 0.6389 0.5585 0.6414 0.5637 0.6414 0.5585 0.6157 0.5749 0.6157 0.5769 0.5989 0.5749 0.5861 0.5827 0.5861 0.5862 0.5904 0.5862 0.6237 0.5769 0.6267 0.5804 0.6267 0.5769 0.6237 0.5769 0.6267 0.5769 0.6267 0.5749 0.5861 0.5827 0.5904 0.5862 0.5904 0.5827 0.6225 0.5827 0.6157 0.5862 0.6157 0.5827 0.6225 0.5827 0.6225 0.5862 0.6157 0.5862 0.5935 0.5711 0.5935 0.5749 0.5973 0.5711 0.6237 0.5769 0.6237 0.5804 0.6267 0.5804 0.6225 0.5827 0.6157 0.5827 0.6157 0.5804 0.5976 0.5497 0.5808 0.5648 0.5976 0.5447 0.6140 0.5432 0.6237 0.5447 0.6237 0.5432 0.6140 0.5432 0.6140 0.5447 0.6237 0.5447 0.5976 0.5497 0.5976 0.5585 0.5808 0.5648 0.5989 0.5497 0.5976 0.5497 0.5976 0.5447 0.6140 0.5432 0.6237 0.5432 0.6237 0.5335 0.6140 0.5887 0.6140 0.7981 0.6237 0.7981 0.5989 0.5497 0.5976 0.5585 0.5976 0.5497 0.5989 0.5497 0.5989 0.5585 0.5976 0.5585 0.5904 0.5749 0.5904 0.5769 0.5935 0.5749 0.6140 0.5887 0.6237 0.5887 0.6237 0.5862 0.5904 0.5749 0.5935 0.5749 0.5935 0.5711 0.6140 0.5887 0.6237 0.7981 0.6237 0.5887 0.5973 0.5648 0.5989 0.5711 0.5989 0.5648 0.6375 0.5585 0.6375 0.5637 0.6389 0.5637 0.6225 0.5804 0.6225 0.5827 0.6157 0.5804 0.5973 0.5648 0.5989 0.5648 0.5989 0.5637 0.5973 0.5648 0.5973 0.5711 0.5989 0.5711 0.6157 0.5711 0.6157 0.5749 0.5989 0.5711 0.6375 0.5585 0.6389 0.5637 0.6389 0.5585 0.6134 0.5432 0.6134 0.5447 0.6140 0.5447 0.6225 0.5769 0.6157 0.5804 0.6157 0.5769 0.6134 0.5432 0.6140 0.5447 0.6140 0.5432 0.6225 0.5769 0.6225 0.5804 0.6157 0.5804 0.6225 0.5769 0.6157 0.5769 0.6157 0.5749 0.5817 0.5887 0.5828 0.7981 0.5828 0.5887 0.6225 0.5749 0.6157 0.5749 0.6157 0.5711 0.6225 0.5749 0.6225 0.5769 0.6157 0.5749 0.6134 0.5887 0.6140 0.7981 0.6140 0.5887 0.5817 0.5887 0.5774 0.7981 0.5828 0.7981 0.6267 0.5259 0.6237 0.5335 0.6267 0.5335 0.6335 0.5887 0.6335 0.7981 0.6225 0.5887 0.6323 0.5648 0.6375 0.5711 0.6375 0.5648 0.6323 0.5648 0.6323 0.5711 0.6375 0.5711 0.6267 0.5259 0.6267 0.5335 0.6317 0.5259 0.6389 0.5100 0.6389 0.5151 0.6414 0.5151 0.6335 0.5887 0.6509 0.4811 0.6509 0.7981 0.6335 0.5887 0.6509 0.7981 0.6335 0.7981 0.6335 0.5887 0.6225 0.5887 0.6225 0.5862 0.6157 0.5648 0.6157 0.5711 0.5989 0.5711 0.6389 0.5100 0.6414 0.5151 0.6414 0.5100 0.6323 0.5648 0.6375 0.5648 0.6375 0.5637 0.5828 0.5862 0.5861 0.5887 0.5861 0.5862 0.6237 0.5749 0.6237 0.5769 0.6267 0.5749 0.6157 0.5648 0.5989 0.5711 0.5989 0.5648 0.6157 0.5648 0.5989 0.5648 0.5989 0.5637 0.5828 0.5862 0.5828 0.5887 0.5861 0.5887 0.6335 0.5862 0.6225 0.5862 0.6225 0.5827 0.5973 0.5637 0.5973 0.5648 0.5989 0.5637 0.6267 0.5711 0.6267 0.5749 0.6317 0.5711 0.5861 0.5804 0.5904 0.5827 0.5904 0.5804 0.6267 0.5711 0.6237 0.5749 0.6267 0.5749 0.6335 0.5862 0.6335 0.5887 0.6225 0.5862 0.6335 0.5862 0.6509 0.4811 0.6335 0.5887 0.6317 0.5648 0.6317 0.5711 0.6323 0.5711 0.5861 0.5804 0.5861 0.5827 0.5904 0.5827 0.6317 0.5648 0.6323 0.5711 0.6323 0.5648 0.6157 0.5637 0.6157 0.5648 0.5989 0.5637 0.6225 0.5711 0.6225 0.5749 0.6157 0.5711 0.6323 0.5637 0.6323 0.5648 0.6375 0.5637 0.6070 0.5497 0.6134 0.5585 0.6134 0.5497 0.6323 0.5637 0.6317 0.5648 0.6323 0.5648 0.6070 0.5497 0.6070 0.5585 0.6134 0.5585 0.6335 0.5827 0.6225 0.5827 0.6225 0.5804 0.6375 0.5100 0.6389 0.5151 0.6389 0.5100 0.6335 0.5827 0.6335 0.5862 0.6225 0.5827 0.6140 0.5862 0.6140 0.5887 0.6237 0.5862 0.6335 0.5827 0.6509 0.4811 0.6335 0.5862 0.6375 0.5100 0.6375 0.5151 0.6389 0.5151 0.6140 0.5862 0.6237 0.5862 0.6237 0.5827 0.6157 0.5585 0.6157 0.5637 0.5989 0.5637 0.6317 0.5637 0.6317 0.5648 0.6323 0.5637 0.6063 0.5497 0.6070 0.5585 0.6070 0.5497 0.6063 0.5497 0.6063 0.5585 0.6070 0.5585 0.6157 0.5585 0.5989 0.5637 0.5989 0.5585 0.5817 0.5862 0.5817 0.5887 0.5828 0.5887 0.6335 0.5804 0.6225 0.5804 0.6225 0.5769 0.5817 0.5862 0.5828 0.5887 0.5828 0.5862 0.6335 0.5804 0.6335 0.5827 0.6225 0.5804 0.6134 0.5862 0.6134 0.5887 0.6140 0.5887 0.6335 0.5804 0.6509 0.4811 0.6335 0.5827 0.6134 0.5862 0.6140 0.5887 0.6140 0.5862 0.6225 0.5648 0.6157 0.5648 0.6157 0.5637 0.5904 0.5711 0.5904 0.5749 0.5935 0.5711 0.6225 0.5648 0.6225 0.5711 0.6157 0.5711 0.5989 0.5585 0.6063 0.5637 0.6063 0.5585 0.6225 0.5648 0.6157 0.5711 0.6157 0.5648 0.6225 0.5637 0.6225 0.5648 0.6157 0.5637 0.5989 0.5585 0.5989 0.5637 0.6063 0.5637 0.6414 0.5497 0.6414 0.5585 0.6509 0.4811 0.6237 0.5259 0.6237 0.5335 0.6267 0.5259 0.6237 0.5711 0.6237 0.5749 0.6267 0.5711 0.6335 0.5769 0.6225 0.5769 0.6225 0.5749 0.6335 0.5769 0.6509 0.4811 0.6335 0.5804 0.6335 0.5769 0.6335 0.5804 0.6225 0.5769 0.6323 0.5151 0.6323 0.5259 0.6375 0.5151 0.6140 0.5827 0.6237 0.5827 0.6237 0.5804 0.6335 0.5749 0.6225 0.5749 0.6225 0.5711 0.6323 0.5151 0.6317 0.5259 0.6323 0.5259 0.6140 0.5827 0.6140 0.5862 0.6237 0.5827 0.5828 0.5827 0.5828 0.5862 0.5861 0.5862 0.6335 0.5749 0.6335 0.5769 0.6225 0.5749 0.6335 0.5749 0.6509 0.4811 0.6335 0.5769 0.6134 0.5827 0.6140 0.5862 0.6140 0.5827 0.5828 0.5827 0.5861 0.5862 0.5861 0.5827 0.6225 0.5585 0.6157 0.5637 0.6157 0.5585 0.6225 0.5585 0.6225 0.5637 0.6157 0.5637 0.6414 0.5033 0.6414 0.5100 0.6509 0.4811 0.6414 0.5033 0.6509 0.4811 0.6389 0.4954 0.6414 0.5033 0.6389 0.5100 0.6414 0.5100 0.6134 0.5827 0.6134 0.5862 0.6140 0.5862 0.6157 0.5497 0.6157 0.5585 0.5989 0.5585 0.5861 0.5769 0.5861 0.5804 0.5904 0.5804 0.6157 0.5497 0.5989 0.5585 0.5989 0.5497 0.5861 0.5769 0.5904 0.5804 0.5904 0.5769 0.6323 0.5585 0.6375 0.5637 0.6375 0.5585 0.6323 0.5585 0.6323 0.5637 0.6375 0.5637 0.6335 0.5711 0.6509 0.4811 0.6335 0.5749 0.6335 0.5711 0.6335 0.5749 0.6225 0.5711 0.6335 0.5711 0.6225 0.5711 0.6225 0.5648 0.6317 0.5151 0.6267 0.5259 0.6317 0.5259 0.6389 0.5497 0.6389 0.5585 0.6414 0.5585 0.6317 0.5151 0.6317 0.5259 0.6323 0.5151 0.6389 0.5497 0.6414 0.5585 0.6414 0.5497 0.6157 0.5447 0.6157 0.5497 0.5989 0.5497 0.5935 0.5648 0.5973 0.5711 0.5973 0.5648 0.6317 0.5585 0.6323 0.5637 0.6323 0.5585 0.5935 0.5648 0.5973 0.5648 0.5973 0.5637 0.6157 0.5432 0.5989 0.5497 0.5976 0.5447 0.6157 0.5432 0.6157 0.5447 0.5989 0.5497 0.5935 0.5648 0.5935 0.5711 0.5973 0.5711 0.6317 0.5585 0.6317 0.5637 0.6323 0.5637 0.6335 0.5648 0.6225 0.5648 0.6225 0.5637 0.5973 0.5585 0.5973 0.5637 0.5989 0.5637 0.6335 0.5648 0.6509 0.4811 0.6335 0.5711 0.5973 0.5585 0.5989 0.5637 0.5989 0.5585 0.6335 0.5648 0.6335 0.5711 0.6225 0.5648 0.6267 0.5648 0.6317 0.5711 0.6317 0.5648 0.6267 0.5648 0.6267 0.5711 0.6317 0.5711 0.6267 0.5648 0.6317 0.5648 0.6317 0.5637 0.6335 0.5637 0.6509 0.4811 0.6335 0.5648 0.5817 0.5827 0.5828 0.5862 0.5828 0.5827 0.6335 0.5637 0.6225 0.5637 0.6225 0.5585 0.5817 0.5827 0.5817 0.5862 0.5828 0.5862 0.6335 0.5637 0.6335 0.5648 0.6225 0.5637 0.5935 0.5637 0.5935 0.5648 0.5973 0.5637 0.6225 0.5497 0.6225 0.5585 0.6157 0.5585 0.6140 0.5804 0.6134 0.5827 0.6140 0.5827 0.6225 0.5497 0.6157 0.5585 0.6157 0.5497 0.6140 0.5804 0.6140 0.5827 0.6237 0.5804 0.5828 0.5804 0.5828 0.5827 0.5861 0.5827 0.6267 0.5637 0.6267 0.5648 0.6317 0.5637 0.6225 0.5447 0.6157 0.5497 0.6157 0.5447 0.5828 0.5804 0.5861 0.5827 0.5861 0.5804 0.5828 0.5804 0.5817 0.5827 0.5828 0.5827 0.6225 0.5447 0.6225 0.5497 0.6157 0.5497 0.6070 0.5447 0.6134 0.5497 0.6134 0.5447 0.6335 0.5585 0.6509 0.4811 0.6335 0.5637 0.6335 0.5585 0.6225 0.5585 0.6225 0.5497 0.6335 0.5585 0.6335 0.5637 0.6225 0.5585 0.6070 0.5447 0.6070 0.5497 0.6134 0.5497 0.5861 0.5749 0.5904 0.5769 0.5904 0.5749 0.5861 0.5749 0.5861 0.5769 0.5904 0.5769 0.6225 0.5432 0.6157 0.5447 0.6157 0.5432 0.5861 0.5749 0.5904 0.5749 0.5904 0.5711 0.6225 0.5432 0.6225 0.5447 0.6157 0.5447 0.6157 0.5335 0.5976 0.5447 0.6225 0.5151 0.6389 0.5033 0.6414 0.5033 0.6389 0.4954 0.6157 0.5335 0.6157 0.5432 0.5976 0.5447 0.6389 0.5033 0.6389 0.5100 0.6414 0.5033 0.6070 0.5887 0.6063 0.7981 0.6140 0.7981 0.6070 0.5887 0.6140 0.7981 0.6134 0.5887 0.6157 0.5335 0.6225 0.5432 0.6157 0.5432 0.6389 0.5033 0.6375 0.5100 0.6389 0.5100 0.6134 0.5804 0.6134 0.5827 0.6140 0.5804 0.6335 0.5497 0.6509 0.4811 0.6335 0.5585 0.6063 0.5447 0.6070 0.5497 0.6070 0.5447 0.6335 0.5497 0.6225 0.5497 0.6225 0.5447 0.6335 0.5497 0.6335 0.5585 0.6225 0.5497 0.6063 0.5447 0.6063 0.5497 0.6070 0.5497 0.6414 0.5447 0.6389 0.5497 0.6414 0.5497 0.6225 0.5335 0.6225 0.5432 0.6157 0.5335 0.6070 0.5432 0.6134 0.5432 0.6070 0.5335 0.6070 0.5432 0.6134 0.5447 0.6134 0.5432 0.6070 0.5432 0.6070 0.5447 0.6134 0.5447 0.6414 0.5447 0.6414 0.5497 0.6509 0.4811 0.5774 0.5887 0.5817 0.5887 0.5817 0.5862 0.6335 0.5447 0.6509 0.4811 0.6335 0.5497 0.6335 0.5447 0.6225 0.5447 0.6225 0.5432 0.6335 0.5447 0.6335 0.5497 0.6225 0.5447 0.6375 0.5497 0.6389 0.5585 0.6389 0.5497 0.6335 0.5432 0.6225 0.5432 0.6225 0.5335 0.6335 0.5432 0.6509 0.4811 0.6335 0.5447 0.6375 0.5497 0.6375 0.5585 0.6389 0.5585 0.6335 0.5432 0.6335 0.5447 0.6225 0.5432 0.6225 0.5259 0.6225 0.5335 0.6157 0.5335 0.5774 0.5887 0.5774 0.7981 0.5817 0.5887 0.6225 0.5259 0.6157 0.5335 0.6225 0.5151 0.6335 0.5335 0.6335 0.5432 0.6225 0.5335 0.5817 0.5804 0.5817 0.5827 0.5828 0.5804 0.6063 0.5887 0.6063 0.7981 0.6070 0.5887 0.6335 0.5335 0.6509 0.4811 0.6335 0.5432 0.6335 0.5335 0.6225 0.5335 0.6225 0.5259 0.6335 0.5259 0.6225 0.5259 0.6225 0.5151 0.6140 0.5335 0.6140 0.5432 0.6237 0.5335 0.6335 0.5259 0.6509 0.4811 0.6335 0.5335 0.6335 0.5259 0.6335 0.5335 0.6225 0.5259 0.6140 0.5335 0.6134 0.5432 0.6140 0.5432 0.6335 0.5151 0.6335 0.5259 0.6225 0.5151 0.6335 0.5151 0.6509 0.4811 0.6335 0.5259 0.6063 0.5432 0.6070 0.5335 0.5989 0.5432 0.6335 0.5100 0.6225 0.5151 0.6509 0.4811 0.6063 0.5432 0.6070 0.5432 0.6070 0.5335 0.6335 0.5100 0.6335 0.5151 0.6225 0.5151 0.6063 0.5432 0.6063 0.5447 0.6070 0.5447 0.6414 0.5432 0.6414 0.5447 0.6509 0.4811 0.6335 0.5100 0.6509 0.4811 0.6335 0.5151 0.6063 0.5432 0.6070 0.5447 0.6070 0.5432 0.6063 0.5432 0.5989 0.5432 0.6063 0.5447 0.6323 0.5100 0.6375 0.5100 0.6323 0.5033 0.6323 0.5100 0.6375 0.5151 0.6375 0.5100 0.6070 0.5862 0.6070 0.5887 0.6134 0.5887 0.6323 0.5100 0.6323 0.5151 0.6375 0.5151 0.6375 0.5033 0.6323 0.5033 0.6375 0.5100 0.6375 0.5033 0.6389 0.4954 0.6323 0.5033 0.6070 0.5862 0.6134 0.5887 0.6134 0.5862 0.6375 0.5033 0.6375 0.5100 0.6389 0.5033 0.6237 0.5648 0.6267 0.5711 0.6267 0.5648 0.6375 0.5033 0.6389 0.5033 0.6389 0.4954 0.6134 0.5335 0.6134 0.5259 0.6070 0.5335 0.6134 0.5335 0.6140 0.5335 0.6134 0.5259 0.6237 0.5648 0.6267 0.5648 0.6267 0.5637 0.6134 0.5335 0.6134 0.5432 0.6140 0.5335 0.6134 0.5335 0.6070 0.5335 0.6134 0.5432 0.5904 0.5648 0.5935 0.5648 0.5935 0.5637 0.5904 0.5648 0.5935 0.5711 0.5935 0.5648 0.6237 0.5648 0.6237 0.5711 0.6267 0.5711 0.6140 0.5769 0.6140 0.5804 0.6237 0.5804 0.5904 0.5648 0.5904 0.5711 0.5935 0.5711 0.6317 0.5100 0.6317 0.5151 0.6323 0.5151 0.6317 0.5100 0.6323 0.5033 0.6267 0.5100 0.6140 0.5769 0.6237 0.5769 0.6237 0.5749 0.6317 0.5100 0.6323 0.5100 0.6323 0.5033 0.6317 0.5100 0.6323 0.5151 0.6323 0.5100 0.6140 0.5769 0.6237 0.5804 0.6237 0.5769 0.6389 0.5447 0.6389 0.5497 0.6414 0.5447 0.5828 0.5769 0.5828 0.5804 0.5861 0.5804 0.5828 0.5769 0.5817 0.5804 0.5828 0.5804 0.5828 0.5769 0.5861 0.5804 0.5861 0.5769 0.5861 0.5711 0.5861 0.5749 0.5904 0.5711 0.6134 0.5769 0.6140 0.5804 0.6140 0.5769 0.6134 0.5769 0.6134 0.5804 0.6140 0.5804 0.5774 0.5862 0.5817 0.5862 0.5817 0.5827 0.6063 0.5862 0.6070 0.5887 0.6070 0.5862 0.5774 0.5862 0.5774 0.5887 0.5817 0.5862 0.6063 0.5862 0.6063 0.5887 0.6070 0.5887 0.5904 0.5637 0.5904 0.5648 0.5935 0.5637 0.6267 0.5151 0.6267 0.5259 0.6317 0.5151 0.6267 0.5151 0.6317 0.5151 0.6317 0.5100 0.6267 0.5151 0.6317 0.5100 0.6267 0.5100 0.6237 0.5637 0.6237 0.5648 0.6267 0.5637 0.6267 0.5151 0.6237 0.5259 0.6267 0.5259 0.5935 0.5585 0.5935 0.5637 0.5973 0.5637 0.6140 0.5749 0.6140 0.5769 0.6237 0.5749 0.6140 0.5749 0.6134 0.5769 0.6140 0.5769 0.5935 0.5585 0.5973 0.5637 0.5973 0.5585 0.6140 0.5749 0.6237 0.5749 0.6237 0.5711 0.6389 0.5432 0.6389 0.5447 0.6414 0.5447 0.5817 0.5769 0.5817 0.5804 0.5828 0.5769 0.6389 0.5432 0.6414 0.5447 0.6414 0.5432 0.5828 0.5749 0.5861 0.5769 0.5861 0.5749 0.6267 0.5585 0.6317 0.5637 0.6317 0.5585 0.5828 0.5749 0.5861 0.5749 0.5861 0.5711 0.5828 0.5749 0.5817 0.5769 0.5828 0.5769 0.5828 0.5749 0.5828 0.5769 0.5861 0.5769 0.6267 0.5585 0.6267 0.5637 0.6317 0.5637 0.6375 0.5447 0.6375 0.5497 0.6389 0.5497 0.6375 0.5447 0.6389 0.5497 0.6389 0.5447 0.5755 0.5887 0.5774 0.7981 0.5774 0.5887 0.5755 0.5887 0.5717 0.7981 0.5774 0.7981 0.5989 0.5497 0.5989 0.5585 0.6063 0.5585 0.6134 0.5749 0.6134 0.5769 0.6140 0.5749 0.5989 0.5497 0.6063 0.5497 0.6063 0.5447 0.5989 0.5497 0.6063 0.5585 0.6063 0.5497 0.6070 0.5827 0.6134 0.5827 0.6134 0.5804 0.6070 0.5827 0.6134 0.5862 0.6134 0.5827 0.5817 0.5749 0.5817 0.5769 0.5828 0.5749 0.6070 0.5827 0.6070 0.5862 0.6134 0.5862 0.5774 0.5827 0.5817 0.5827 0.5817 0.5804 0.5774 0.5827 0.5774 0.5862 0.5817 0.5827 0.6375 0.5432 0.6389 0.5447 0.6389 0.5432 0.6375 0.5432 0.6375 0.5447 0.6389 0.5447 0.6323 0.5497 0.6323 0.5585 0.6375 0.5585 0.5755 0.5862 0.5774 0.5887 0.5774 0.5862 0.6323 0.5497 0.6375 0.5585 0.6375 0.5497 0.5755 0.5862 0.5755 0.5887 0.5774 0.5887 0.5973 0.5497 0.5973 0.5585 0.5989 0.5585 0.6323 0.5497 0.6375 0.5497 0.6375 0.5447 0.5973 0.5497 0.5935 0.5497 0.5935 0.5585 0.5973 0.5497 0.5989 0.5585 0.5989 0.5497 0.5973 0.5497 0.5935 0.5585 0.5973 0.5585 0.6063 0.5827 0.6063 0.5862 0.6070 0.5862 0.5828 0.5711 0.5828 0.5749 0.5861 0.5711 0.5828 0.5711 0.5817 0.5749 0.5828 0.5749 0.6063 0.5827 0.6070 0.5862 0.6070 0.5827 0.5904 0.5585 0.5935 0.5497 0.5861 0.5585 0.5904 0.5585 0.5935 0.5585 0.5935 0.5497 0.6317 0.5497 0.6317 0.5585 0.6323 0.5585 0.5904 0.5585 0.5904 0.5637 0.5935 0.5637 0.5904 0.5585 0.5861 0.5585 0.5904 0.5637 0.5904 0.5585 0.5935 0.5637 0.5935 0.5585 0.6140 0.5259 0.6134 0.5259 0.6140 0.5335 0.6140 0.5259 0.6267 0.5100 0.6134 0.5259 0.6317 0.5497 0.6323 0.5585 0.6323 0.5497 0.6140 0.5259 0.6140 0.5335 0.6237 0.5335 0.6140 0.5259 0.6237 0.5335 0.6237 0.5259 0.6140 0.5259 0.6237 0.5259 0.6267 0.5151 0.6070 0.5804 0.6070 0.5827 0.6134 0.5804 0.6140 0.5259 0.6267 0.5151 0.6267 0.5100 0.5774 0.5804 0.5774 0.5827 0.5817 0.5804 0.6070 0.5804 0.6063 0.5827 0.6070 0.5827 0.5774 0.5804 0.5817 0.5804 0.5817 0.5769 0.6140 0.5711 0.6134 0.5749 0.6140 0.5749 0.6140 0.5711 0.6140 0.5749 0.6237 0.5711 0.5861 0.5648 0.5904 0.5711 0.5904 0.5648 0.5861 0.5648 0.5861 0.5711 0.5904 0.5711 0.5989 0.5447 0.5973 0.5497 0.5989 0.5497 0.5989 0.5447 0.5935 0.5497 0.5973 0.5497 0.6237 0.5585 0.6237 0.5637 0.6267 0.5637 0.5989 0.5447 0.5989 0.5432 0.5935 0.5497 0.6237 0.5585 0.6267 0.5637 0.6267 0.5585 0.5989 0.5447 0.6063 0.5447 0.5989 0.5432 0.5989 0.5447 0.5989 0.5497 0.6063 0.5447 0.5608 0.5887 0.5613 0.7981 0.5608 0.7981 0.5817 0.5711 0.5817 0.5749 0.5828 0.5711 0.5861 0.5637 0.5861 0.5648 0.5904 0.5648 0.6063 0.5804 0.6063 0.5827 0.6070 0.5804 0.5861 0.5637 0.5904 0.5648 0.5904 0.5637 0.5861 0.5637 0.5904 0.5637 0.5861 0.5585 0.5755 0.5827 0.5774 0.5862 0.5774 0.5827 0.6134 0.5711 0.6134 0.5749 0.6140 0.5711 0.5755 0.5827 0.5755 0.5862 0.5774 0.5862 0.5755 0.5827 0.5774 0.5827 0.5774 0.5804 0.5724 0.5887 0.5755 0.5887 0.5755 0.5862 0.5989 0.5887 0.6063 0.5887 0.6063 0.5862 0.5724 0.5887 0.5717 0.7981 0.5755 0.5887 0.5989 0.5887 0.6063 0.7981 0.6063 0.5887 0.5774 0.5769 0.5774 0.5804 0.5817 0.5769 0.5989 0.5887 0.5973 0.7981 0.6063 0.7981 0.5774 0.5769 0.5817 0.5769 0.5817 0.5749 0.6414 0.5335 0.6414 0.5432 0.6509 0.4811 0.6414 0.5335 0.6389 0.5432 0.6414 0.5432 0.5755 0.5804 0.5755 0.5827 0.5774 0.5804 0.6070 0.5769 0.6134 0.5804 0.6134 0.5769 0.5717 0.5887 0.5717 0.7981 0.5724 0.5887 0.6070 0.5769 0.6070 0.5804 0.6134 0.5804 0.5724 0.5862 0.5755 0.5862 0.5755 0.5827 0.5724 0.5862 0.5724 0.5887 0.5755 0.5862 0.6323 0.5447 0.6323 0.5497 0.6375 0.5447 0.5774 0.5749 0.5817 0.5749 0.5817 0.5711 0.5774 0.5749 0.5774 0.5769 0.5817 0.5749 0.6317 0.5447 0.6323 0.5497 0.6323 0.5447 0.5828 0.5648 0.5828 0.5711 0.5861 0.5711 0.6317 0.5447 0.6317 0.5497 0.6323 0.5497 0.6063 0.5769 0.6063 0.5804 0.6070 0.5804 0.5828 0.5648 0.5861 0.5711 0.5861 0.5648 0.5717 0.5862 0.5717 0.5887 0.5724 0.5887 0.5717 0.5862 0.5724 0.5887 0.5724 0.5862 0.6063 0.5769 0.6070 0.5804 0.6070 0.5769 0.5828 0.5637 0.5861 0.5585 0.5817 0.5637 0.5828 0.5637 0.5861 0.5637 0.5861 0.5585 0.5828 0.5637 0.5861 0.5648 0.5861 0.5637 0.5973 0.5887 0.5973 0.7981 0.5989 0.5887 0.5828 0.5637 0.5828 0.5648 0.5861 0.5648 0.5755 0.5769 0.5774 0.5804 0.5774 0.5769 0.5755 0.5769 0.5755 0.5804 0.5774 0.5804 0.5755 0.5769 0.5774 0.5769 0.5774 0.5749 0.5817 0.5648 0.5817 0.5711 0.5828 0.5711 0.5817 0.5648 0.5828 0.5637 0.5817 0.5637 0.5817 0.5648 0.5828 0.5648 0.5828 0.5637 0.6323 0.5432 0.6323 0.5447 0.6375 0.5447 0.5817 0.5648 0.5828 0.5711 0.5828 0.5648 0.5724 0.5827 0.5755 0.5827 0.5755 0.5804 0.6323 0.5432 0.6375 0.5447 0.6375 0.5432 0.5724 0.5827 0.5724 0.5862 0.5755 0.5827 0.5989 0.5862 0.6063 0.5862 0.6063 0.5827 0.5774 0.5711 0.5817 0.5637 0.5755 0.5711 0.5774 0.5711 0.5817 0.5711 0.5817 0.5648 0.5774 0.5711 0.5774 0.5749 0.5817 0.5711 0.5774 0.5711 0.5817 0.5648 0.5817 0.5637 0.5989 0.5862 0.5973 0.5887 0.5989 0.5887 0.5755 0.5749 0.5755 0.5711 0.5724 0.5749 0.5989 0.5862 0.5989 0.5887 0.6063 0.5862 0.5755 0.5749 0.5755 0.5769 0.5774 0.5749 0.6070 0.5749 0.6134 0.5749 0.6134 0.5711 0.5755 0.5749 0.5774 0.5749 0.5774 0.5711 0.6070 0.5749 0.6070 0.5769 0.6134 0.5769 0.5755 0.5749 0.5774 0.5711 0.5755 0.5711 0.6070 0.5749 0.6063 0.5769 0.6070 0.5769 0.5717 0.5827 0.5717 0.5862 0.5724 0.5862 0.6070 0.5749 0.6134 0.5769 0.6134 0.5749 0.5717 0.5827 0.5724 0.5862 0.5724 0.5827 0.5724 0.5804 0.5724 0.5827 0.5755 0.5804 0.6267 0.5497 0.6267 0.5585 0.6317 0.5585 0.5724 0.5804 0.5755 0.5804 0.5755 0.5769 0.6267 0.5497 0.6317 0.5585 0.6317 0.5497 0.5724 0.5804 0.5717 0.5827 0.5724 0.5827 0.6267 0.5497 0.6317 0.5497 0.6317 0.5447 0.5717 0.5804 0.5717 0.5827 0.5724 0.5804 0.6317 0.5432 0.6323 0.5447 0.6323 0.5432 0.6317 0.5432 0.6317 0.5447 0.6323 0.5447 0.5680 0.5887 0.5717 0.5887 0.5717 0.5862 0.6389 0.5335 0.6389 0.5432 0.6414 0.5335 0.5680 0.5887 0.5680 0.7981 0.5717 0.7981 0.5680 0.5887 0.5717 0.7981 0.5717 0.5887 0.5724 0.5769 0.5755 0.5749 0.5724 0.5749 0.6389 0.5335 0.6375 0.5432 0.6389 0.5432 0.5724 0.5769 0.5755 0.5769 0.5755 0.5749 0.5724 0.5769 0.5724 0.5804 0.5755 0.5769 0.5724 0.5769 0.5717 0.5804 0.5724 0.5804 0.6063 0.5749 0.6063 0.5769 0.6070 0.5749 0.5677 0.5887 0.5680 0.7981 0.5680 0.5887 0.5717 0.5769 0.5724 0.5769 0.5724 0.5749 0.6140 0.5648 0.6237 0.5711 0.6237 0.5648 0.5717 0.5769 0.5717 0.5804 0.5724 0.5769 0.6414 0.5887 0.6509 0.7981 0.6509 0.4811 0.6140 0.5648 0.6237 0.5648 0.6237 0.5637 0.6140 0.5648 0.6140 0.5711 0.6237 0.5711 0.6134 0.5648 0.6134 0.5711 0.6140 0.5711 0.5680 0.5862 0.5680 0.5887 0.5717 0.5862 0.5680 0.5862 0.5717 0.5862 0.5717 0.5827 0.5677 0.5862 0.5677 0.5887 0.5680 0.5887 0.6134 0.5648 0.6140 0.5711 0.6140 0.5648 0.5677 0.5862 0.5680 0.5887 0.5680 0.5862 0.5680 0.5827 0.5680 0.5862 0.5717 0.5827 0.5973 0.5862 0.5973 0.5887 0.5989 0.5862 0.5680 0.5827 0.5717 0.5827 0.5717 0.5804 0.5677 0.5827 0.5677 0.5862 0.5680 0.5862 0.5677 0.5827 0.5677 0.5804 0.5658 0.5827 0.5677 0.5827 0.5680 0.5827 0.5677 0.5804 0.6414 0.5887 0.6414 0.7981 0.6509 0.7981 0.5677 0.5827 0.5680 0.5862 0.5680 0.5827 0.6140 0.5637 0.6134 0.5648 0.6140 0.5648 0.6414 0.5862 0.6414 0.5887 0.6509 0.4811 0.5658 0.5887 0.5677 0.5887 0.5677 0.5862 0.6140 0.5637 0.6140 0.5648 0.6237 0.5637 0.6375 0.5335 0.6375 0.5432 0.6389 0.5335 0.6375 0.5335 0.6323 0.5432 0.6375 0.5432 0.5658 0.5887 0.5645 0.7981 0.5680 0.7981 0.5658 0.5887 0.5680 0.7981 0.5677 0.5887 0.5680 0.5804 0.5680 0.5827 0.5717 0.5804 0.5680 0.5804 0.5724 0.5749 0.5677 0.5804 0.6389 0.5887 0.6414 0.7981 0.6414 0.5887 0.5680 0.5804 0.5677 0.5804 0.5680 0.5827 0.6134 0.5637 0.6134 0.5648 0.6140 0.5637 0.5680 0.5804 0.5717 0.5769 0.5724 0.5749 0.5680 0.5804 0.5717 0.5804 0.5717 0.5769 0.5658 0.5862 0.5677 0.5862 0.5677 0.5827 0.5658 0.5862 0.5677 0.5827 0.5658 0.5827 0.5989 0.5827 0.6063 0.5827 0.6063 0.5804 0.5658 0.5862 0.5658 0.5887 0.5677 0.5862 0.5645 0.5887 0.5645 0.7981 0.5658 0.5887 0.5989 0.5827 0.5989 0.5862 0.6063 0.5827 0.5645 0.5887 0.5658 0.5887 0.5658 0.5862 0.6389 0.5887 0.6375 0.7981 0.6414 0.7981 0.6070 0.5711 0.6063 0.5749 0.6070 0.5749 0.5645 0.5862 0.5658 0.5827 0.5629 0.5862 0.5645 0.5862 0.5658 0.5862 0.5658 0.5827 0.6070 0.5711 0.6070 0.5749 0.6134 0.5711 0.5645 0.5862 0.5645 0.5887 0.5658 0.5862 0.5629 0.5887 0.5645 0.7981 0.5645 0.5887 0.5629 0.5887 0.5645 0.5862 0.5629 0.5862 0.5629 0.5887 0.5645 0.5887 0.5645 0.5862 0.6237 0.5497 0.6267 0.5585 0.6267 0.5497 0.5629 0.5887 0.5625 0.7981 0.5645 0.7981 0.6237 0.5497 0.6237 0.5585 0.6267 0.5585 0.5625 0.5887 0.5629 0.5862 0.5620 0.5873 0.5625 0.5887 0.5625 0.7981 0.5629 0.5887 0.6375 0.5887 0.6375 0.7981 0.6389 0.5887 0.6063 0.5711 0.6063 0.5749 0.6070 0.5711 0.5625 0.5887 0.5629 0.5887 0.5629 0.5862 0.6389 0.5862 0.6414 0.5887 0.6414 0.5862 0.5620 0.5887 0.5625 0.5887 0.5620 0.5873 0.5620 0.5887 0.5625 0.7981 0.5625 0.5887 0.6389 0.5862 0.6375 0.5887 0.6389 0.5887 0.5620 0.5887 0.5612 0.7981 0.5625 0.7981 0.6389 0.5862 0.6389 0.5887 0.6414 0.5887 0.5612 0.5887 0.5620 0.5873 0.5609 0.5886 0.5612 0.5887 0.5620 0.5887 0.5620 0.5873 0.5612 0.5887 0.5612 0.7981 0.5620 0.5887 0.6414 0.5827 0.6389 0.5862 0.6414 0.5862 0.5609 0.5887 0.5609 0.5886 0.5608 0.5887 0.5609 0.5887 0.5612 0.5887 0.5609 0.5886 0.5609 0.5887 0.5612 0.7981 0.5612 0.5887 0.5609 0.5887 0.5608 0.7981 0.5612 0.7981 0.5609 0.5887 0.5608 0.5887 0.5608 0.7981 0.5935 0.5887 0.5904 0.7981 0.5973 0.7981 0.6414 0.5827 0.6414 0.5862 0.6509 0.4811 0.5617 0.5887 0.5614 0.5879 0.5617 0.5876 0.5935 0.5887 0.5973 0.7981 0.5973 0.5887 0.5617 0.5887 0.5608 0.5887 0.5614 0.5879 0.6267 0.5447 0.6267 0.5497 0.6317 0.5447 0.5617 0.5887 0.5618 0.7981 0.5613 0.7981 0.5617 0.5887 0.5613 0.7981 0.5608 0.5887 0.6375 0.5862 0.6375 0.5887 0.6389 0.5862 0.5618 0.5887 0.5617 0.5876 0.5646 0.5842 0.5618 0.5887 0.5618 0.7981 0.5617 0.5887 0.5618 0.5887 0.5617 0.5887 0.5617 0.5876 0.6414 0.5804 0.6414 0.5827 0.6509 0.4811 0.6414 0.5259 0.6414 0.5335 0.6509 0.4811 0.6389 0.5827 0.6389 0.5862 0.6414 0.5827 0.6389 0.5827 0.6375 0.5862 0.6389 0.5862 0.5646 0.5887 0.5650 0.7981 0.5618 0.7981 0.5973 0.5827 0.5973 0.5862 0.5989 0.5862 0.6389 0.5827 0.6414 0.5827 0.6414 0.5804 0.5646 0.5887 0.5618 0.7981 0.5618 0.5887 0.6375 0.5827 0.6375 0.5862 0.6389 0.5827 0.5973 0.5827 0.5989 0.5862 0.5989 0.5827 0.5989 0.5804 0.6063 0.5804 0.6063 0.5769 0.5989 0.5804 0.5989 0.5827 0.6063 0.5804 0.5650 0.5887 0.5650 0.7981 0.5646 0.5887 0.5646 0.5862 0.5618 0.5887 0.5646 0.5842 0.5646 0.5862 0.5646 0.5887 0.5618 0.5887 0.5989 0.5804 0.5973 0.5827 0.5989 0.5827 0.6389 0.5804 0.6375 0.5827 0.6389 0.5827 0.5650 0.5862 0.5646 0.5842 0.5707 0.5769 0.6267 0.5432 0.6317 0.5447 0.6317 0.5432 0.6267 0.5432 0.6267 0.5447 0.6317 0.5447 0.6389 0.5804 0.6389 0.5827 0.6414 0.5804 0.5650 0.5862 0.5650 0.5887 0.5646 0.5887 0.5650 0.5862 0.5646 0.5862 0.5646 0.5842 0.5650 0.5862 0.5646 0.5887 0.5646 0.5862 0.6140 0.5585 0.6140 0.5637 0.6237 0.5637 0.6140 0.5585 0.6237 0.5637 0.6237 0.5585 0.6323 0.5887 0.6375 0.7981 0.6375 0.5887 0.6323 0.5887 0.6375 0.5887 0.6375 0.5862 0.5707 0.5887 0.5726 0.7981 0.5650 0.7981 0.5707 0.5887 0.5650 0.7981 0.5650 0.5887 0.5935 0.5862 0.5973 0.5887 0.5973 0.5862 0.6323 0.5887 0.6317 0.7981 0.6375 0.7981 0.5707 0.5862 0.5650 0.5887 0.5650 0.5862 0.5935 0.5862 0.5935 0.5887 0.5973 0.5887 0.6414 0.5769 0.6414 0.5804 0.6509 0.4811 0.5707 0.5862 0.5707 0.5887 0.5650 0.5887 0.5726 0.5887 0.5726 0.7981 0.5707 0.5887 0.5973 0.5804 0.5973 0.5827 0.5989 0.5804 0.6134 0.5585 0.6140 0.5637 0.6140 0.5585 0.6134 0.5585 0.6134 0.5637 0.6140 0.5637 0.5707 0.5827 0.5707 0.5862 0.5650 0.5862 0.5726 0.5862 0.5726 0.5887 0.5707 0.5887 0.6389 0.5259 0.6389 0.5335 0.6414 0.5335 0.5726 0.5862 0.5707 0.5887 0.5707 0.5862 0.6317 0.5887 0.6317 0.7981 0.6323 0.5887 0.6389 0.5259 0.6414 0.5335 0.6414 0.5259 0.5707 0.5804 0.5650 0.5862 0.5707 0.5769 0.5707 0.5804 0.5707 0.5827 0.5650 0.5862 0.6237 0.5447 0.6237 0.5497 0.6267 0.5497 0.6237 0.5447 0.6267 0.5497 0.6267 0.5447 0.6375 0.5804 0.6375 0.5827 0.6389 0.5804 0.5726 0.5827 0.5707 0.5862 0.5707 0.5827 0.5726 0.5827 0.5726 0.5862 0.5707 0.5862 0.5726 0.5827 0.5707 0.5827 0.5707 0.5804 0.5989 0.5769 0.6063 0.5769 0.6063 0.5749 0.5726 0.5804 0.5707 0.5804 0.5707 0.5769 0.5726 0.5804 0.5726 0.5827 0.5707 0.5804 0.5989 0.5769 0.5989 0.5804 0.6063 0.5769 0.6414 0.5749 0.6414 0.5769 0.6509 0.4811 0.6323 0.5335 0.6317 0.5432 0.6323 0.5432 0.5808 0.5887 0.5841 0.7981 0.5726 0.7981 0.5808 0.5887 0.5726 0.7981 0.5726 0.5887 0.6323 0.5335 0.6323 0.5432 0.6375 0.5335 0.6323 0.5862 0.6317 0.5887 0.6323 0.5887 0.5808 0.5887 0.5726 0.5887 0.5726 0.5862 0.5904 0.5887 0.5935 0.5887 0.5935 0.5862 0.6323 0.5862 0.6323 0.5887 0.6375 0.5862 0.6317 0.5862 0.6317 0.5887 0.6323 0.5862 0.5904 0.5887 0.5904 0.7981 0.5935 0.5887 0.5808 0.5862 0.5808 0.5887 0.5726 0.5862 0.6389 0.5769 0.6414 0.5804 0.6414 0.5769 0.6389 0.5769 0.6414 0.5769 0.6414 0.5749 0.6389 0.5769 0.6375 0.5804 0.6389 0.5804 0.6317 0.5335 0.6317 0.5432 0.6323 0.5335 0.6389 0.5769 0.6389 0.5804 0.6414 0.5804 0.5841 0.5887 0.5841 0.7981 0.5808 0.5887 0.6317 0.5335 0.6267 0.5432 0.6317 0.5432 0.5808 0.5827 0.5726 0.5862 0.5726 0.5827 0.6070 0.5648 0.6134 0.5711 0.6134 0.5648 0.6375 0.5769 0.6375 0.5804 0.6389 0.5769 0.5808 0.5827 0.5726 0.5827 0.5726 0.5804 0.6070 0.5648 0.6070 0.5711 0.6134 0.5711 0.5808 0.5827 0.5808 0.5862 0.5726 0.5862 0.6375 0.5259 0.6389 0.5335 0.6389 0.5259 0.6389 0.5749 0.6375 0.5769 0.6389 0.5769 0.6389 0.5749 0.6389 0.5769 0.6414 0.5749 0.5808 0.5804 0.5808 0.5827 0.5726 0.5804 0.6375 0.5259 0.6323 0.5335 0.6375 0.5335 0.6323 0.5827 0.6375 0.5862 0.6375 0.5827 0.6375 0.5259 0.6375 0.5335 0.6389 0.5335 0.5841 0.5862 0.5841 0.5887 0.5808 0.5887 0.6237 0.5432 0.6237 0.5447 0.6267 0.5447 0.5841 0.5862 0.5808 0.5887 0.5808 0.5862 0.6323 0.5827 0.6375 0.5827 0.6375 0.5804 0.6323 0.5827 0.6323 0.5862 0.6375 0.5862 0.5841 0.5827 0.5808 0.5862 0.5808 0.5827 0.6237 0.5432 0.6267 0.5447 0.6267 0.5432 0.5841 0.5827 0.5808 0.5827 0.5808 0.5804 0.5841 0.5827 0.5841 0.5862 0.5808 0.5862 0.5935 0.5827 0.5973 0.5827 0.5973 0.5804 0.6414 0.5711 0.6389 0.5749 0.6414 0.5749 0.5808 0.5769 0.5808 0.5804 0.5726 0.5804 0.5935 0.5827 0.5973 0.5862 0.5973 0.5827 0.6414 0.5711 0.6414 0.5749 0.6509 0.4811 0.5935 0.5827 0.5935 0.5862 0.5973 0.5862 0.5808 0.5749 0.5808 0.5769 0.5726 0.5804 0.5989 0.5749 0.5989 0.5769 0.6063 0.5749 0.6317 0.5827 0.6317 0.5862 0.6323 0.5862 0.6317 0.5827 0.6323 0.5862 0.6323 0.5827 0.5989 0.5749 0.6063 0.5749 0.6063 0.5711 0.5841 0.5804 0.5841 0.5827 0.5808 0.5804 0.5808 0.5711 0.5707 0.5769 0.5808 0.5648 0.6063 0.5648 0.6070 0.5711 0.6070 0.5648 0.5808 0.5711 0.5808 0.5749 0.5726 0.5804 0.6063 0.5648 0.6063 0.5711 0.6070 0.5711 0.5808 0.5711 0.5726 0.5804 0.5707 0.5769 0.5841 0.5769 0.5808 0.5804 0.5808 0.5769 0.5841 0.5769 0.5808 0.5769 0.5808 0.5749 0.6070 0.5637 0.6070 0.5648 0.6134 0.5648 0.6070 0.5637 0.6063 0.5648 0.6070 0.5648 0.5841 0.5769 0.5841 0.5804 0.5808 0.5804 0.6070 0.5637 0.6134 0.5648 0.6134 0.5637 0.6267 0.5887 0.6237 0.7981 0.6317 0.7981 0.6267 0.5887 0.6317 0.5887 0.6317 0.5862 0.5841 0.5749 0.5841 0.5769 0.5808 0.5749 0.5973 0.5769 0.5989 0.5804 0.5989 0.5769 0.5973 0.5769 0.5973 0.5804 0.5989 0.5804 0.6267 0.5887 0.6317 0.7981 0.6317 0.5887 0.5841 0.5749 0.5808 0.5749 0.5808 0.5711 0.5973 0.5769 0.5989 0.5769 0.5989 0.5749 0.6375 0.5749 0.6375 0.5769 0.6389 0.5749 0.5841 0.5711 0.5808 0.5711 0.5808 0.5648 0.5841 0.5711 0.5841 0.5749 0.5808 0.5711 0.5904 0.5862 0.5935 0.5862 0.5935 0.5827 0.5904 0.5862 0.5904 0.5887 0.5935 0.5862 0.6951 0.7981 0.6509 0.4811 0.6951 0.4283 0.6951 0.7981 0.6509 0.7981 0.6509 0.4811 0.6951 0.7981 0.6951 0.4283 0.6509 0.4811 0.6509 0.7981 0.6951 0.7981 0.6509 0.4811 0.6951 0.3208 0.6951 0.2774 0.6951 0.2774 0.6951 0.3921 0.6951 0.2774 0.6951 0.3208 0.6951 0.4283 0.6951 0.3921 0.6951 0.3921 0.6951 0.4283 0.6951 0.3921 0.6951 0.3208 0.6951 0.3208 0.6951 0.4283 0.6951 0.3208 0.6951 0.2774 0.6951 0.3208 0.6951 0.2774 0.6951 0.4283 0.6951 0.4283 0.6951 0.3208 0.6951 0.3921 0.6951 0.3208 0.6951 0.2774 0.6951 0.3921 0.6951 0.4283 0.6951 0.3208 0.6951 0.3921 0.6951 0.4283 0.6951 0.3921 0.6951 0.7981 0.6951 0.8547 0.6951 0.3921 0.6951 0.7981 0.6951 0.3921 0.6951 0.4283 0.6951 0.7981 0.6951 0.7981 0.6951 0.4283 0.6951 0.8547 0.6951 0.8547 0.6951 0.7981 0.6951 0.7981 0.6951 0.7981 0.6951 0.4283 0.6951 0.7981 0.6951 0.4283 0.6951 0.3921 0.6951 0.8547 0.6951 0.8547 0.6951 0.7981 0.6951 0.8547 0.6951 0.7981 0.6951 0.3921 0.5622 0.7981 0.4945 0.7981 0.5106 0.7981 0.5852 0.7981 0.6063 0.7981 0.5973 0.7981 0.5852 0.7981 0.5973 0.7981 0.5622 0.7981 0.6140 0.7981 0.6063 0.7981 0.5852 0.7981 0.5989 0.7981 0.5939 0.7981 0.5770 0.7981 0.5989 0.7981 0.5770 0.7981 0.5622 0.7981 0.5989 0.7981 0.5622 0.7981 0.5841 0.7981 0.5726 0.7981 0.5622 0.7981 0.5106 0.7981 0.5726 0.7981 0.5841 0.7981 0.5622 0.7981 0.6123 0.7981 0.6140 0.7981 0.5852 0.7981 0.6157 0.7981 0.6219 0.7981 0.5939 0.7981 0.6123 0.7981 0.6237 0.7981 0.6140 0.7981 0.6123 0.7981 0.6317 0.7981 0.6237 0.7981 0.6157 0.7981 0.5939 0.7981 0.5989 0.7981 0.5650 0.7981 0.5106 0.7981 0.5198 0.7981 0.5650 0.7981 0.5726 0.7981 0.5106 0.7981 0.6315 0.7981 0.6317 0.7981 0.6123 0.7981 0.6315 0.7981 0.6375 0.7981 0.6317 0.7981 0.6315 0.7981 0.6414 0.7981 0.6375 0.7981 0.6335 0.7981 0.6509 0.7981 0.6219 0.7981 0.6335 0.7981 0.6219 0.7981 0.6157 0.7981 0.6509 0.7981 0.6414 0.7981 0.6315 0.7981 0.6509 0.7981 0.6509 0.7981 0.6414 0.7981 0.5618 0.7981 0.5650 0.7981 0.5198 0.7981 0.6951 0.7981 0.6951 0.7981 0.6509 0.7981 0.5613 0.7981 0.5618 0.7981 0.5198 0.7981 0.6951 0.7981 0.6509 0.7981 0.6509 0.7981 0.6509 0.7981 0.6509 0.7981 0.6335 0.7981 0.5608 0.7981 0.5198 0.7981 0.5204 0.7981 0.5608 0.7981 0.5613 0.7981 0.5198 0.7981 0.6951 0.7981 0.6509 0.7981 0.6509 0.7981 0.5612 0.7981 0.5608 0.7981 0.5204 0.7981 0.5625 0.7981 0.5612 0.7981 0.5204 0.7981 0.5645 0.7981 0.5625 0.7981 0.5204 0.7981 0.5680 0.7981 0.5204 0.7981 0.5114 0.7981 0.5680 0.7981 0.5645 0.7981 0.5204 0.7981 0.6951 0.7981 0.6951 0.7981 0.6509 0.7981 0.5717 0.7981 0.5680 0.7981 0.5114 0.7981 0.5622 0.7981 0.5717 0.7981 0.5114 0.7981 0.5622 0.7981 0.5774 0.7981 0.5717 0.7981 0.5622 0.7981 0.5828 0.7981 0.5774 0.7981 0.5622 0.7981 0.5114 0.7981 0.4945 0.7981 0.5904 0.7981 0.5828 0.7981 0.5622 0.7981 0.5973 0.7981 0.5904 0.7981 0.5622 0.7981 0.5852 0.8547 0.5622 0.8547 0.4805 0.8547 0.2224 0.8547 0.2285 0.8547 0.1548 0.8547 0.2224 0.8547 0.2315 0.8547 0.2285 0.8547 0.2549 0.8547 0.2315 0.8547 0.2224 0.8547 0.6123 0.8547 0.5852 0.8547 0.4636 0.8547 0.2557 0.8547 0.2549 0.8547 0.2224 0.8547 0.2524 0.8547 0.2224 0.8547 0.2319 0.8547 0.2292 0.8547 0.2224 0.8547 0.1548 0.8547 0.2292 0.8547 0.2319 0.8547 0.2224 0.8547 0.6951 0.8547 0.6951 0.8547 0.6509 0.8547 0.6951 0.8547 0.6509 0.8547 0.6315 0.8547 0.2627 0.8547 0.2832 0.8547 0.2557 0.8547 0.2616 0.8547 0.2627 0.8547 0.2224 0.8547 0.2627 0.8547 0.2840 0.8547 0.2832 0.8547 0.2627 0.8547 0.2557 0.8547 0.2224 0.8547 0.2616 0.8547 0.2224 0.8547 0.2524 0.8547 0.6923 0.8547 0.6315 0.8547 0.6123 0.8547 0.6923 0.8547 0.4636 0.8547 0.4311 0.8547 0.5622 0.8547 0.4699 0.8547 0.4945 0.8547 0.2787 0.8547 0.2627 0.8547 0.2616 0.8547 0.6923 0.8547 0.4311 0.8547 0.3570 0.8547 0.6923 0.8547 0.6951 0.8547 0.6315 0.8547 0.6923 0.8547 0.6123 0.8547 0.4636 0.8547 0.2111 0.8547 0.2292 0.8547 0.1548 0.8547 0.7094 0.8547 0.6951 0.8547 0.6923 0.8547 0.3138 0.8547 0.2840 0.8547 0.2627 0.8547 0.2109 0.8547 0.2111 0.8547 0.1548 0.8547 0.2951 0.8547 0.3088 0.8547 0.2627 0.8547 0.2951 0.8547 0.2627 0.8547 0.2787 0.8547 0.5770 0.8547 0.4699 0.8547 0.5622 0.8547 0.3066 0.8547 0.3088 0.8547 0.2951 0.8547 0.5939 0.8547 0.4374 0.8547 0.4699 0.8547 0.5939 0.8547 0.4699 0.8547 0.5770 0.8547 0.1988 0.8547 0.2109 0.8547 0.1548 0.8547 0.6923 0.8547 0.3570 0.8547 0.4374 0.8547 0.1987 0.8547 0.1988 0.8547 0.1548 0.8547 0.6923 0.8547 0.4374 0.8547 0.5939 0.8547 0.3154 0.8547 0.3088 0.8547 0.3066 0.8547 0.3373 0.8547 0.3088 0.8547 0.3154 0.8547 0.3373 0.8547 0.3570 0.8547 0.3088 0.8547 0.6219 0.8547 0.6923 0.8547 0.5939 0.8547 0.1932 0.8547 0.1987 0.8547 0.1548 0.8547 0.1931 0.8547 0.1932 0.8547 0.1548 0.8547 0.3088 0.8547 0.3147 0.8547 0.3138 0.8547 0.3088 0.8547 0.3356 0.8547 0.3147 0.8547 0.3088 0.8547 0.3361 0.8547 0.3356 0.8547 0.3088 0.8547 0.3138 0.8547 0.2627 0.8547 0.6951 0.8547 0.7094 0.8547 0.6923 0.8547 0.1931 0.8547 0.1931 0.8547 0.1548 0.8547 0.3701 0.8547 0.3570 0.8547 0.3373 0.8547 0.6509 0.8547 0.6923 0.8547 0.6219 0.8547 0.6509 0.8547 0.6951 0.8547 0.6923 0.8547 0.3570 0.8547 0.3945 0.8547 0.3570 0.8547 0.3570 0.8547 0.3570 0.8547 0.3361 0.8547 0.4031 0.8547 0.3570 0.8547 0.3701 0.8547 0.3570 0.8547 0.3361 0.8547 0.3088 0.8547 0.6951 0.8547 0.6951 0.8547 0.6509 0.8547 0.1548 0.8547 0.1931 0.8547 0.1548 0.8547 0.1548 0.8547 0.1939 0.8547 0.1931 0.8547 0.1548 0.8547 0.1958 0.8547 0.1939 0.8547 0.4311 0.8547 0.3945 0.8547 0.3570 0.8547 0.1548 0.8547 0.2004 0.8547 0.1958 0.8547 0.2074 0.8547 0.2004 0.8547 0.1548 0.8547 0.2129 0.8547 0.2074 0.8547 0.1548 0.8547 0.4374 0.8547 0.3570 0.8547 0.4031 0.8547 0.5622 0.8547 0.4945 0.8547 0.4805 0.8547 0.2285 0.8547 0.2129 0.8547 0.1548 0.8547 0.5852 0.8547 0.4805 0.8547 0.4636 0.8547 0.6315 0.7981 0.6509 0.8547 0.6509 0.7981 0.6315 0.7981 0.6123 0.8547 0.6315 0.8547 0.6315 0.7981 0.6315 0.8547 0.6509 0.8547 0.6123 0.7981 0.6123 0.8547 0.6315 0.7981 0.5852 0.7981 0.5852 0.8547 0.6123 0.8547 0.5852 0.7981 0.6123 0.8547 0.6123 0.7981 0.5622 0.7981 0.5622 0.8547 0.5852 0.8547 0.5622 0.7981 0.5852 0.8547 0.5852 0.7981 0.4945 0.8547 0.5622 0.8547 0.5622 0.7981 0.4945 0.8547 0.5622 0.7981 0.4945 0.7981 0.5622 0.8547 0.4945 0.8547 0.4945 0.7981 0.5622 0.8547 0.4945 0.7981 0.5622 0.7981 0.3570 0.7981 0.3701 0.8547 0.3373 0.8547 0.3570 0.7981 0.3373 0.8547 0.3395 0.7981 0.3570 0.7981 0.3395 0.7981 0.3570 0.7660 0.3570 0.7981 0.3570 0.7660 0.3700 0.7660 0.3700 0.7981 0.3701 0.8547 0.3570 0.7981 0.3700 0.7981 0.3570 0.7981 0.3700 0.7660 0.3701 0.7981 0.3701 0.8547 0.3700 0.7981 0.3701 0.7981 0.3700 0.7660 0.3788 0.7660 0.3701 0.7981 0.3700 0.7981 0.3700 0.7660 0.3788 0.7981 0.4031 0.8547 0.3701 0.8547 0.3788 0.7981 0.3701 0.8547 0.3701 0.7981 0.3788 0.7981 0.3701 0.7981 0.3788 0.7660 0.4013 0.7981 0.4031 0.8547 0.3788 0.7981 0.4013 0.7981 0.3788 0.7660 0.4013 0.7660 0.4013 0.7981 0.3788 0.7981 0.3788 0.7660 0.4031 0.7981 0.4031 0.8547 0.4013 0.7981 0.4031 0.7981 0.4013 0.7660 0.4324 0.7660 0.4031 0.7981 0.4013 0.7981 0.4013 0.7660 0.4324 0.7981 0.4374 0.8547 0.4031 0.8547 0.4324 0.7981 0.4031 0.8547 0.4031 0.7981 0.4324 0.7981 0.4031 0.7981 0.4324 0.7660 0.4374 0.7981 0.4374 0.8547 0.4324 0.7981 0.4374 0.7981 0.4324 0.7660 0.4613 0.7660 0.4374 0.7981 0.4324 0.7981 0.4324 0.7660 0.4613 0.7981 0.4699 0.8547 0.4374 0.8547 0.4613 0.7981 0.4374 0.8547 0.4374 0.7981 0.4613 0.7981 0.4374 0.7981 0.4613 0.7660 0.4699 0.7981 0.4613 0.7660 0.4858 0.7660 0.4699 0.7981 0.4613 0.7981 0.4613 0.7660 0.4699 0.7981 0.4699 0.8547 0.4613 0.7981 0.4858 0.7981 0.4945 0.7981 0.4945 0.8547 0.4858 0.7981 0.4945 0.8547 0.4699 0.8547 0.4858 0.7981 0.4858 0.7660 0.4945 0.7981 0.4858 0.7981 0.4699 0.7981 0.4858 0.7660 0.4858 0.7981 0.4699 0.8547 0.4699 0.7981 0.4840 0.7981 0.4945 0.8547 0.4945 0.7981 0.4840 0.7981 0.4945 0.7981 0.4840 0.7660 0.4840 0.7981 0.4805 0.8547 0.4945 0.8547 0.4805 0.7981 0.4840 0.7981 0.4840 0.7660 0.4805 0.7981 0.4805 0.8547 0.4840 0.7981 0.4636 0.7981 0.4805 0.7981 0.4840 0.7660 0.4636 0.7981 0.4840 0.7660 0.4591 0.7660 0.4636 0.7981 0.4805 0.8547 0.4805 0.7981 0.4636 0.7981 0.4636 0.8547 0.4805 0.8547 0.4591 0.7981 0.4636 0.7981 0.4591 0.7660 0.4591 0.7981 0.4636 0.8547 0.4636 0.7981 0.4591 0.7981 0.4311 0.8547 0.4636 0.8547 0.4311 0.7981 0.4591 0.7660 0.4300 0.7660 0.4311 0.7981 0.4591 0.7981 0.4591 0.7660 0.4311 0.7981 0.4311 0.8547 0.4591 0.7981 0.4300 0.7981 0.4300 0.7660 0.3952 0.7660 0.4300 0.7981 0.4311 0.7981 0.4300 0.7660 0.4300 0.7981 0.3945 0.8547 0.4311 0.8547 0.4300 0.7981 0.4311 0.8547 0.4311 0.7981 0.3952 0.7981 0.4300 0.7981 0.3952 0.7660 0.3952 0.7981 0.3945 0.8547 0.4300 0.7981 0.3945 0.7981 0.3945 0.8547 0.3952 0.7981 0.3945 0.7981 0.3952 0.7660 0.3570 0.7660 0.3945 0.7981 0.3952 0.7981 0.3952 0.7660 0.3945 0.7981 0.3570 0.7660 0.3570 0.8547 0.3945 0.7981 0.3570 0.8547 0.3945 0.8547 0.5043 0.7660 0.5106 0.7981 0.4945 0.7981 0.5043 0.7660 0.4945 0.7981 0.4858 0.7660 0.5168 0.7660 0.5198 0.7981 0.5106 0.7981 0.5168 0.7660 0.5106 0.7981 0.5043 0.7660 0.5213 0.7660 0.5204 0.7981 0.5198 0.7981 0.5213 0.7660 0.5198 0.7981 0.5168 0.7660 0.5199 0.7660 0.5204 0.7981 0.5213 0.7660 0.5153 0.7660 0.5114 0.7981 0.5204 0.7981 0.5153 0.7660 0.5204 0.7981 0.5199 0.7660 0.5030 0.7660 0.4945 0.7981 0.5114 0.7981 0.5030 0.7660 0.5114 0.7981 0.5153 0.7660 0.4840 0.7660 0.4945 0.7981 0.5030 0.7660 0.3361 0.7981 0.3356 0.8547 0.3361 0.8547 0.3361 0.7981 0.3361 0.8547 0.3570 0.8547 0.3361 0.7981 0.3570 0.8547 0.3570 0.7660 0.3361 0.7981 0.3570 0.7660 0.3352 0.7660 0.3352 0.7981 0.3361 0.7981 0.3352 0.7660 0.3352 0.7981 0.3356 0.8547 0.3361 0.7981 0.3267 0.7981 0.3352 0.7981 0.3352 0.7660 0.3267 0.7981 0.3147 0.8547 0.3356 0.8547 0.3267 0.7981 0.3352 0.7660 0.3267 0.7660 0.3267 0.7981 0.3356 0.8547 0.3352 0.7981 0.3147 0.7981 0.3138 0.8547 0.3147 0.8547 0.3147 0.7981 0.3267 0.7981 0.3267 0.7660 0.3147 0.7981 0.3147 0.8547 0.3267 0.7981 0.3147 0.7981 0.3267 0.7660 0.3128 0.7660 0.3128 0.7981 0.3147 0.7981 0.3128 0.7660 0.3128 0.7981 0.3138 0.8547 0.3147 0.7981 0.2957 0.7981 0.3138 0.8547 0.3128 0.7981 0.2957 0.7981 0.3128 0.7981 0.3128 0.7660 0.2957 0.7981 0.2840 0.8547 0.3138 0.8547 0.2957 0.7981 0.3128 0.7660 0.2957 0.7660 0.2840 0.7981 0.2840 0.8547 0.2957 0.7981 0.2840 0.7981 0.2957 0.7981 0.2957 0.7660 0.2840 0.7981 0.2832 0.8547 0.2840 0.8547 0.2840 0.7981 0.2957 0.7660 0.2816 0.7660 0.2816 0.7981 0.2816 0.7660 0.2655 0.7660 0.2816 0.7981 0.2840 0.7981 0.2816 0.7660 0.2816 0.7981 0.2832 0.8547 0.2840 0.7981 0.2655 0.7981 0.2557 0.8547 0.2832 0.8547 0.2655 0.7981 0.2816 0.7981 0.2655 0.7660 0.2655 0.7981 0.2832 0.8547 0.2816 0.7981 0.2557 0.7981 0.2655 0.7981 0.2655 0.7660 0.2557 0.7981 0.2549 0.8547 0.2557 0.8547 0.2557 0.7981 0.2557 0.8547 0.2655 0.7981 0.2557 0.7981 0.2655 0.7660 0.2528 0.7660 0.2528 0.7981 0.2557 0.7981 0.2528 0.7660 0.2528 0.7981 0.2528 0.7660 0.2388 0.7660 0.2528 0.7981 0.2549 0.8547 0.2557 0.7981 0.2388 0.7981 0.2528 0.7981 0.2388 0.7660 0.2388 0.7981 0.2315 0.8547 0.2549 0.8547 0.2388 0.7981 0.2549 0.8547 0.2528 0.7981 0.2315 0.7981 0.2388 0.7981 0.2388 0.7660 0.2315 0.7981 0.2285 0.8547 0.2315 0.8547 0.2315 0.7981 0.2315 0.8547 0.2388 0.7981 0.2315 0.7981 0.2388 0.7660 0.2283 0.7660 0.2283 0.7981 0.2315 0.7981 0.2283 0.7660 0.2283 0.7981 0.2285 0.8547 0.2315 0.7981 0.2174 0.7981 0.2285 0.8547 0.2283 0.7981 0.2174 0.7981 0.2283 0.7981 0.2283 0.7660 0.2174 0.7981 0.2129 0.8547 0.2285 0.8547 0.2174 0.7981 0.2283 0.7660 0.2174 0.7660 0.2129 0.7981 0.2174 0.7981 0.2174 0.7660 0.2129 0.7981 0.2174 0.7660 0.2098 0.7660 0.2129 0.7981 0.2129 0.8547 0.2174 0.7981 0.2098 0.7981 0.2129 0.8547 0.2129 0.7981 0.2098 0.7981 0.2129 0.7981 0.2098 0.7660 0.2098 0.7981 0.2074 0.8547 0.2129 0.8547 0.2074 0.7981 0.2098 0.7981 0.2098 0.7660 0.2074 0.7981 0.2074 0.8547 0.2098 0.7981 0.2074 0.7981 0.2098 0.7660 0.2026 0.7660 0.2026 0.7981 0.2074 0.7981 0.2026 0.7660 0.2026 0.7981 0.2004 0.8547 0.2074 0.8547 0.2026 0.7981 0.2074 0.8547 0.2074 0.7981 0.2004 0.7981 0.2004 0.8547 0.2026 0.7981 0.2004 0.7981 0.2026 0.7660 0.1972 0.7660 0.2004 0.7981 0.2026 0.7981 0.2026 0.7660 0.1972 0.7981 0.1958 0.8547 0.2004 0.8547 0.1972 0.7981 0.2004 0.8547 0.2004 0.7981 0.1972 0.7981 0.2004 0.7981 0.1972 0.7660 0.1958 0.7981 0.1972 0.7981 0.1972 0.7660 0.1958 0.7981 0.1972 0.7660 0.1946 0.7660 0.1958 0.7981 0.1958 0.8547 0.1972 0.7981 0.1946 0.7981 0.1958 0.7981 0.1946 0.7660 0.1946 0.7981 0.1958 0.8547 0.1958 0.7981 0.1946 0.7981 0.1939 0.8547 0.1958 0.8547 0.1939 0.7981 0.1931 0.8547 0.1939 0.8547 0.1939 0.7981 0.1939 0.8547 0.1946 0.7981 0.1939 0.7981 0.1946 0.7981 0.1946 0.7660 0.1931 0.7981 0.1931 0.8547 0.1939 0.7981 0.1931 0.7981 0.1939 0.7981 0.1946 0.7660 0.1931 0.7981 0.1946 0.7660 0.1927 0.7660 0.1927 0.7981 0.1931 0.8547 0.1931 0.8547 0.1927 0.7981 0.1931 0.8547 0.1931 0.7981 0.1927 0.7981 0.1927 0.7660 0.1928 0.7660 0.1927 0.7981 0.1931 0.7981 0.1927 0.7660 0.1928 0.7981 0.1931 0.8547 0.1927 0.7981 0.1928 0.7981 0.1927 0.7981 0.1928 0.7660 0.1931 0.7981 0.1928 0.7981 0.1928 0.7660 0.1931 0.7981 0.1931 0.8547 0.1928 0.7981 0.1932 0.7981 0.1932 0.8547 0.1931 0.8547 0.1932 0.7981 0.1931 0.7981 0.1928 0.7660 0.1932 0.7981 0.1928 0.7660 0.1942 0.7660 0.1932 0.7981 0.1931 0.8547 0.1931 0.7981 0.1942 0.7981 0.1932 0.8547 0.1932 0.7981 0.1942 0.7981 0.1987 0.8547 0.1932 0.8547 0.1942 0.7981 0.1932 0.7981 0.1942 0.7660 0.1970 0.7981 0.1987 0.8547 0.1942 0.7981 0.1970 0.7981 0.1942 0.7981 0.1942 0.7660 0.1970 0.7981 0.1942 0.7660 0.1970 0.7660 0.1987 0.7981 0.1970 0.7981 0.1970 0.7660 0.1987 0.7981 0.1988 0.8547 0.1987 0.8547 0.1987 0.7981 0.1970 0.7660 0.1988 0.7660 0.1987 0.7981 0.1987 0.8547 0.1970 0.7981 0.1988 0.7981 0.1987 0.7981 0.1988 0.7660 0.1988 0.7981 0.1988 0.8547 0.1987 0.7981 0.1988 0.7981 0.1988 0.7660 0.2076 0.7660 0.2076 0.7981 0.2109 0.8547 0.1988 0.8547 0.2076 0.7981 0.1988 0.8547 0.1988 0.7981 0.2076 0.7981 0.1988 0.7981 0.2076 0.7660 0.2109 0.7981 0.2111 0.8547 0.2109 0.8547 0.2109 0.7981 0.2109 0.8547 0.2076 0.7981 0.2109 0.7981 0.2076 0.7660 0.2110 0.7660 0.2109 0.7981 0.2076 0.7981 0.2076 0.7660 0.2111 0.7981 0.2111 0.8547 0.2109 0.7981 0.2111 0.7981 0.2109 0.7981 0.2110 0.7660 0.2111 0.7981 0.2110 0.7660 0.2251 0.7660 0.2251 0.7981 0.2292 0.8547 0.2111 0.8547 0.2251 0.7981 0.2111 0.8547 0.2111 0.7981 0.2251 0.7981 0.2111 0.7981 0.2251 0.7660 0.2292 0.7981 0.2251 0.7981 0.2251 0.7660 0.2292 0.7981 0.2292 0.8547 0.2251 0.7981 0.2292 0.7981 0.2251 0.7660 0.2300 0.7660 0.2319 0.7981 0.2292 0.8547 0.2292 0.7981 0.2319 0.7981 0.2292 0.7981 0.2300 0.7660 0.2319 0.7981 0.2319 0.8547 0.2292 0.8547 0.2319 0.7981 0.2300 0.7660 0.2488 0.7660 0.2488 0.7981 0.2319 0.8547 0.2319 0.7981 0.2488 0.7981 0.2319 0.7981 0.2488 0.7660 0.2488 0.7981 0.2524 0.8547 0.2319 0.8547 0.2524 0.7981 0.2488 0.7981 0.2488 0.7660 0.2524 0.7981 0.2524 0.8547 0.2488 0.7981 0.2524 0.7981 0.2488 0.7660 0.2550 0.7660 0.2550 0.7981 0.2524 0.7981 0.2550 0.7660 0.2550 0.7981 0.2524 0.8547 0.2524 0.7981 0.2550 0.7981 0.2616 0.8547 0.2524 0.8547 0.2616 0.7981 0.2550 0.7981 0.2550 0.7660 0.2616 0.7981 0.2616 0.8547 0.2550 0.7981 0.2616 0.7981 0.2550 0.7660 0.2772 0.7660 0.2772 0.7981 0.2787 0.8547 0.2616 0.8547 0.2772 0.7981 0.2616 0.8547 0.2616 0.7981 0.2772 0.7981 0.2616 0.7981 0.2772 0.7660 0.2787 0.7981 0.2787 0.8547 0.2772 0.7981 0.2787 0.7981 0.2772 0.7981 0.2772 0.7660 0.2787 0.7981 0.2772 0.7660 0.2841 0.7660 0.2841 0.7981 0.2951 0.8547 0.2787 0.8547 0.2841 0.7981 0.2787 0.8547 0.2787 0.7981 0.2841 0.7981 0.2787 0.7981 0.2841 0.7660 0.2950 0.7981 0.2951 0.8547 0.2841 0.7981 0.2950 0.7981 0.2841 0.7981 0.2841 0.7660 0.2950 0.7981 0.2841 0.7660 0.3081 0.7660 0.3066 0.7981 0.3066 0.8547 0.2951 0.8547 0.3066 0.7981 0.2951 0.8547 0.2950 0.7981 0.3066 0.7981 0.2950 0.7981 0.3081 0.7660 0.3081 0.7981 0.3154 0.8547 0.3066 0.8547 0.3081 0.7981 0.3066 0.8547 0.3066 0.7981 0.3081 0.7981 0.3066 0.7981 0.3081 0.7660 0.3154 0.7981 0.3154 0.8547 0.3081 0.7981 0.3154 0.7981 0.3081 0.7981 0.3081 0.7660 0.3154 0.7981 0.3081 0.7660 0.3188 0.7660 0.3188 0.7981 0.3373 0.8547 0.3154 0.8547 0.3188 0.7981 0.3154 0.8547 0.3154 0.7981 0.3188 0.7981 0.3154 0.7981 0.3188 0.7660 0.3374 0.7981 0.3373 0.8547 0.3188 0.7981 0.3374 0.7981 0.3188 0.7981 0.3188 0.7660 0.3374 0.7981 0.3188 0.7660 0.3395 0.7660 0.3395 0.7981 0.3373 0.8547 0.3374 0.7981 0.3395 0.7981 0.3374 0.7981 0.3395 0.7660 0.3395 0.7981 0.3395 0.7660 0.3570 0.7660 0.8389 0.2038 0.7251 0.2038 0.7548 0.2038 0.7750 0.2038 0.8389 0.2038 0.7548 0.2038 0.7841 0.2038 0.8389 0.2038 0.7750 0.2038 0.8389 0.2038 0.7821 0.2038 0.7677 0.2038 0.8389 0.2038 0.7677 0.2038 0.7492 0.2038 0.8389 0.2038 0.7492 0.2038 0.7251 0.2038 0.8389 0.2038 0.8389 0.2038 0.7841 0.2038 0.8389 0.2038 0.7841 0.2038 0.7821 0.2038 0.7374 0.3164 0.8389 0.3164 0.8389 0.2264 0.7374 0.3164 0.8389 0.2264 0.6730 0.2264 0.6241 0.3208 0.7374 0.4274 0.7374 0.3164 0.6241 0.3208 0.6730 0.2264 0.6241 0.2264 0.6241 0.3208 0.7374 0.3164 0.6730 0.2264 0.6098 0.3208 0.7374 0.4274 0.6241 0.3208 0.6241 0.3208 0.6241 0.2264 0.6730 0.2264 0.7374 0.3164 0.6241 0.3208 0.6730 0.2264 0.8389 0.2264 0.7374 0.3164 0.6730 0.2264 0.7374 0.4274 0.6098 0.3208 0.6241 0.3208 0.7374 0.4274 0.6241 0.3208 0.7374 0.3164 0.8389 0.3164 0.7374 0.3164 0.8389 0.2264 0.0802 0.3208 0.0712 0.2264 0.0980 0.2264 0.0802 0.3208 0.0980 0.2264 0.1137 0.3208 0.2898 0.3208 0.2952 0.2264 0.2741 0.3208 0.0729 0.3208 0.0570 0.2264 0.0712 0.2264 0.0729 0.3208 0.0712 0.2264 0.0802 0.3208 0.3349 0.3208 0.3570 0.2264 0.2952 0.2264 0.6241 0.3208 0.5957 0.2264 0.6241 0.2264 0.3349 0.3208 0.2952 0.2264 0.2898 0.3208 0.0461 0.3208 0.0363 0.2264 0.0570 0.2264 0.0461 0.3208 0.0570 0.2264 0.0729 0.3208 0.3538 0.3208 0.3570 0.2264 0.3349 0.3208 0.5792 0.3208 0.5957 0.2264 0.6241 0.3208 0.0375 0.3208 0.0261 0.2264 0.0363 0.2264 0.0375 0.3208 0.0363 0.2264 0.0461 0.3208 0.5792 0.3208 0.5545 0.2264 0.5632 0.2264 0.3959 0.3208 0.4146 0.2264 0.3570 0.2264 0.5792 0.3208 0.5632 0.2264 0.5919 0.2264 0.3959 0.3208 0.3570 0.2264 0.3538 0.3208 0.5792 0.3208 0.5919 0.2264 0.5957 0.2264 0.4145 0.3208 0.4146 0.2264 0.3959 0.3208 0.0189 0.3208 0.0144 0.2264 0.0261 0.2264 0.5254 0.3208 0.5545 0.2264 0.5792 0.3208 0.4554 0.3208 0.4719 0.2264 0.4146 0.2264 0.0189 0.3208 0.0261 0.2264 0.0375 0.3208 0.4554 0.3208 0.4146 0.2264 0.4145 0.3208 0.5254 0.3208 0.4962 0.2264 0.5059 0.2264 0.5254 0.3208 0.5059 0.2264 0.5545 0.2264 0.0135 0.3208 0.0082 0.2264 0.0144 0.2264 0.4731 0.3208 0.4719 0.2264 0.4554 0.3208 0.0135 0.3208 0.0144 0.2264 0.0189 0.3208 0.5175 0.3208 0.5273 0.2264 0.4719 0.2264 0.0046 0.3208 0.0023 0.2264 0.0082 0.2264 0.4695 0.3208 0.4962 0.2264 0.5254 0.3208 0.5175 0.3208 0.4719 0.2264 0.4731 0.3208 0.0046 0.3208 0.0082 0.2264 0.0135 0.3208 0.4695 0.3208 0.4430 0.2264 0.4962 0.2264 0.5338 0.3208 0.5273 0.2264 0.5175 0.3208 0.0015 0.3208 0.0003 0.2264 0.0023 0.2264 0.0015 0.3208 0.0023 0.2264 0.0046 0.3208 0.5736 0.3208 0.5796 0.2264 0.5273 0.2264 0.5736 0.3208 0.5273 0.2264 0.5338 0.3208 0.4107 0.3208 0.4430 0.2264 0.4695 0.3208 0.4107 0.3208 0.3724 0.2264 0.3832 0.2264 0.4107 0.3208 0.3832 0.2264 0.4325 0.2264 0.4107 0.3208 0.4325 0.2264 0.4430 0.2264 0.5828 0.3208 0.5796 0.2264 0.5736 0.3208 0.0000 0.3208 0.0008 0.2264 0.0003 0.2264 0.0000 0.3208 0.0003 0.2264 0.0015 0.3208 0.6003 0.3208 0.6241 0.2264 0.5796 0.2264 0.6003 0.3208 0.5796 0.2264 0.5828 0.3208 0.0016 0.3208 0.0008 0.2264 0.0000 0.3208 0.6241 0.3208 0.6241 0.2264 0.6003 0.3208 0.0016 0.3208 0.0030 0.2264 0.0008 0.2264 0.3443 0.3208 0.3724 0.2264 0.4107 0.3208 0.3443 0.3208 0.3115 0.2264 0.3223 0.2264 0.3443 0.3208 0.3223 0.2264 0.3724 0.2264 0.0054 0.3208 0.0030 0.2264 0.0016 0.3208 0.0054 0.3208 0.0104 0.2264 0.0030 0.2264 0.2853 0.3208 0.3115 0.2264 0.3443 0.3208 0.2853 0.3208 0.2619 0.2264 0.3115 0.2264 0.0127 0.3208 0.0178 0.2264 0.0104 0.2264 0.0127 0.3208 0.0104 0.2264 0.0054 0.3208 0.2788 0.3208 0.2482 0.2264 0.2619 0.2264 0.2788 0.3208 0.2619 0.2264 0.2853 0.3208 0.0221 0.3208 0.0178 0.2264 0.0127 0.3208 0.0221 0.3208 0.0240 0.2264 0.0178 0.2264 0.0338 0.3208 0.0240 0.2264 0.0221 0.3208 0.0338 0.3208 0.0439 0.2264 0.0240 0.2264 0.2303 0.3208 0.2039 0.2264 0.2482 0.2264 0.2303 0.3208 0.2482 0.2264 0.2788 0.3208 0.0480 0.3208 0.0439 0.2264 0.0338 0.3208 0.0641 0.3208 0.0809 0.2264 0.0439 0.2264 0.0641 0.3208 0.0439 0.2264 0.0480 0.3208 0.2163 0.3208 0.1909 0.2264 0.2039 0.2264 0.2163 0.3208 0.2039 0.2264 0.2303 0.3208 0.0826 0.3208 0.0809 0.2264 0.0641 0.3208 0.1073 0.3208 0.1279 0.2264 0.0809 0.2264 0.1073 0.3208 0.0809 0.2264 0.0826 0.3208 0.1746 0.3208 0.1522 0.2264 0.1909 0.2264 0.1746 0.3208 0.1909 0.2264 0.2163 0.3208 0.1298 0.3208 0.1279 0.2264 0.1073 0.3208 0.1619 0.3208 0.1476 0.2264 0.1522 0.2264 0.1619 0.3208 0.1522 0.2264 0.1746 0.3208 0.1588 0.3208 0.1775 0.2264 0.1279 0.2264 0.1588 0.3208 0.1279 0.2264 0.1298 0.3208 0.1786 0.3208 0.1775 0.2264 0.1588 0.3208 0.1225 0.3208 0.1156 0.2264 0.1476 0.2264 0.1225 0.3208 0.1476 0.2264 0.1619 0.3208 0.2166 0.3208 0.2326 0.2264 0.1775 0.2264 0.2166 0.3208 0.1775 0.2264 0.1786 0.3208 0.1137 0.3208 0.0980 0.2264 0.1156 0.2264 0.1137 0.3208 0.1156 0.2264 0.1225 0.3208 0.2303 0.3208 0.2326 0.2264 0.2166 0.3208 0.2741 0.3208 0.2952 0.2264 0.2326 0.2264 0.2741 0.3208 0.2326 0.2264 0.2303 0.3208 0.8389 0.7785 0.8389 0.7868 0.8389 0.7288 0.8389 0.7785 0.8389 0.7288 0.8389 0.7381 0.8389 0.2940 0.8389 0.3164 0.8389 0.2264 0.8389 0.8156 0.8389 0.7868 0.8389 0.7785 0.8389 0.8156 0.8389 0.8380 0.8389 0.7868 0.8389 0.3453 0.8389 0.3536 0.8389 0.3164 0.8389 0.3453 0.8389 0.3164 0.8389 0.2940 0.8389 0.2606 0.8389 0.2264 0.8389 0.2038 0.8389 0.9302 0.8389 0.8981 0.8389 0.8714 0.8389 0.9811 0.8389 0.9811 0.8389 0.8981 0.8389 0.2606 0.8389 0.2940 0.8389 0.2264 0.8389 0.9811 0.8389 0.8981 0.8389 0.8981 0.8389 0.9811 0.8389 0.8981 0.8389 0.9302 0.8389 0.9075 0.8389 0.8380 0.8389 0.8156 0.8389 0.2340 0.8389 0.2606 0.8389 0.2038 0.8389 0.9075 0.8389 0.8714 0.8389 0.8380 0.8389 0.4033 0.8389 0.3940 0.8389 0.3536 0.8389 0.4033 0.8389 0.3536 0.8389 0.3453 0.8389 0.9302 0.8389 0.9302 0.8389 0.8714 0.8389 0.9302 0.8389 0.8714 0.8389 0.9075 0.8389 0.7288 0.8389 0.3940 0.8389 0.4033 0.8389 0.2340 0.8389 0.2340 0.8389 0.2038 0.8389 0.7381 0.8389 0.3940 0.8389 0.7288 0.8389 0.2038 0.8389 0.2340 0.8389 0.2038 0.8389 0.7746 0.8389 0.7785 0.8389 0.7381 0.8389 0.7746 0.8389 0.7381 0.8389 0.7288 0.8389 0.2694 0.8389 0.2340 0.8389 0.2038 0.8389 0.2264 0.8389 0.2694 0.8389 0.2038 0.8389 0.8156 0.8389 0.7785 0.8389 0.7746 0.8389 0.8166 0.8389 0.8156 0.8389 0.7746 0.8389 0.3155 0.8389 0.2694 0.8389 0.2264 0.8389 0.3164 0.8389 0.3155 0.8389 0.2264 0.8389 0.9075 0.8389 0.8156 0.8389 0.8166 0.8389 0.8627 0.8389 0.9075 0.8389 0.8166 0.8389 0.3575 0.8389 0.3155 0.8389 0.3164 0.8389 0.3536 0.8389 0.3575 0.8389 0.3164 0.8389 0.9302 0.8389 0.9075 0.8389 0.8627 0.8389 0.3940 0.8389 0.3575 0.8389 0.3536 0.8389 0.4033 0.8389 0.3575 0.8389 0.3940 0.8389 0.9302 0.8389 0.9302 0.8389 0.8627 0.8389 0.9302 0.8389 0.8627 0.8389 0.8981 0.8389 0.9811 0.8389 0.9302 0.8389 0.8981 0.8389 0.7381 0.8389 0.4033 0.8389 0.3940 0.8389 0.7381 0.8389 0.7288 0.8389 0.4033 0.7374 0.4274 0.7707 0.3940 0.7556 0.3536 0.7374 0.4274 0.7556 0.3536 0.7374 0.3164 0.7707 0.7381 0.7374 0.4274 0.6951 0.3921 0.7707 0.7381 0.7707 0.3940 0.7374 0.4274 0.7556 0.7785 0.7707 0.7381 0.6951 0.3921 0.7094 0.8547 0.7374 0.9075 0.7374 0.8156 0.6951 0.8547 0.7374 0.8156 0.7556 0.7785 0.6951 0.8547 0.7094 0.8547 0.7374 0.8156 0.6951 0.8547 0.7556 0.7785 0.6951 0.3921 0.7231 0.9302 0.7374 0.9075 0.7094 0.8547 0.7094 0.9302 0.7231 0.9302 0.7094 0.8547 0.7707 0.7381 0.8389 0.7381 0.8389 0.3940 0.7707 0.7381 0.8389 0.3940 0.7707 0.3940 0.7374 0.4274 0.7374 0.3164 0.7556 0.3536 0.7707 0.3940 0.7374 0.4274 0.7556 0.3536 0.7707 0.7381 0.6951 0.3921 0.7374 0.4274 0.7707 0.7381 0.7374 0.4274 0.7707 0.3940 0.7556 0.7785 0.6951 0.8547 0.6951 0.3921 0.7556 0.7785 0.6951 0.3921 0.7707 0.7381 0.7374 0.8156 0.7094 0.8547 0.6951 0.8547 0.7374 0.8156 0.6951 0.8547 0.7556 0.7785 0.7231 0.9302 0.7094 0.9302 0.7094 0.8547 0.7374 0.9075 0.7231 0.9302 0.7094 0.8547 0.7374 0.9075 0.7094 0.8547 0.7374 0.8156 0.8389 0.7381 0.7707 0.7381 0.7707 0.3940 0.8389 0.7381 0.7707 0.3940 0.8389 0.3940 0.6951 0.2774 0.6951 0.2774 0.6772 0.2774 0.6951 0.3208 0.6951 0.2774 0.6772 0.2774 0.6951 0.3208 0.6772 0.2774 0.6772 0.3208 0.7094 0.9302 0.7094 0.8547 0.6923 0.8547 0.7094 0.9302 0.8389 0.9811 0.8389 0.9302 0.6923 0.9811 0.8389 0.9811 0.7094 0.9302 0.6923 0.9811 0.7094 0.9302 0.6923 0.8547 0.6951 0.2774 0.6951 0.2774 0.6772 0.2774 0.6772 0.3208 0.6772 0.2774 0.6951 0.2774 0.6772 0.3208 0.6951 0.2774 0.6951 0.3208 0.7094 0.9302 0.6923 0.8547 0.7094 0.8547 0.6923 0.9811 0.6923 0.8547 0.7094 0.9302 0.8389 0.9811 0.7094 0.9302 0.8389 0.9302 0.8389 0.9811 0.6923 0.9811 0.7094 0.9302 0.2550 0.7660 0.2488 0.7660 0.2300 0.7660 0.3128 0.7660 0.1946 0.7660 0.2388 0.7660 0.3128 0.7660 0.2388 0.7660 0.2528 0.7660 0.3128 0.7660 0.2528 0.7660 0.2655 0.7660 0.3128 0.7660 0.2655 0.7660 0.2816 0.7660 0.3128 0.7660 0.2816 0.7660 0.2957 0.7660 0.3128 0.7660 0.3188 0.7660 0.1970 0.7660 0.3128 0.7660 0.1970 0.7660 0.1946 0.7660 0.5168 0.7660 0.5043 0.7660 0.4858 0.7660 0.5168 0.7660 0.4858 0.7660 0.3788 0.7660 0.5168 0.7660 0.3188 0.7660 0.3128 0.7660 0.5168 0.7660 0.3788 0.7660 0.3188 0.7660 0.3081 0.7660 0.2841 0.7660 0.2772 0.7660 0.3570 0.7660 0.3128 0.7660 0.3267 0.7660 0.3570 0.7660 0.3267 0.7660 0.3352 0.7660 0.1988 0.7660 0.2251 0.7660 0.2110 0.7660 0.1988 0.7660 0.2110 0.7660 0.2076 0.7660 0.5199 0.7660 0.5213 0.7660 0.5168 0.7660 0.3952 0.7660 0.3128 0.7660 0.3570 0.7660 0.3188 0.7660 0.2772 0.7660 0.2550 0.7660 0.5153 0.7660 0.5199 0.7660 0.5168 0.7660 0.3188 0.7660 0.3081 0.7660 0.2772 0.7660 0.1970 0.7660 0.2300 0.7660 0.2251 0.7660 0.1970 0.7660 0.2550 0.7660 0.2300 0.7660 0.4300 0.7660 0.3128 0.7660 0.3952 0.7660 0.1970 0.7660 0.2251 0.7660 0.1988 0.7660 0.1970 0.7660 0.3188 0.7660 0.2550 0.7660 0.5030 0.7660 0.5153 0.7660 0.5168 0.7660 0.4591 0.7660 0.3128 0.7660 0.4300 0.7660 0.4840 0.7660 0.5168 0.7660 0.3128 0.7660 0.4840 0.7660 0.3128 0.7660 0.4591 0.7660 0.4840 0.7660 0.5030 0.7660 0.5168 0.7660 0.1927 0.7660 0.1942 0.7660 0.1928 0.7660 0.3700 0.7660 0.3570 0.7660 0.3395 0.7660 0.3700 0.7660 0.3395 0.7660 0.3188 0.7660 0.3788 0.7660 0.3700 0.7660 0.3188 0.7660 0.1946 0.7660 0.1970 0.7660 0.1942 0.7660 0.1946 0.7660 0.1942 0.7660 0.1927 0.7660 0.2026 0.7660 0.1946 0.7660 0.1972 0.7660 0.4324 0.7660 0.4013 0.7660 0.3788 0.7660 0.2174 0.7660 0.2026 0.7660 0.2098 0.7660 0.2174 0.7660 0.1946 0.7660 0.2026 0.7660 0.4613 0.7660 0.4324 0.7660 0.3788 0.7660 0.2388 0.7660 0.2174 0.7660 0.2283 0.7660 0.2388 0.7660 0.1946 0.7660 0.2174 0.7660 0.4858 0.7660 0.4613 0.7660 0.3788 0.7660 0.6923 0.9811 0.3570 0.9811 0.3570 0.8547 0.6923 0.9811 0.3570 0.8547 0.6923 0.8547 0.3570 0.9811 0.3088 0.8547 0.3570 0.8547 0.3088 0.9811 0.2627 0.8547 0.3088 0.8547 0.3088 0.9811 0.3088 0.8547 0.3570 0.9811 0.2627 0.9811 0.2224 0.8547 0.2627 0.8547 0.2627 0.9811 0.2627 0.8547 0.3088 0.9811 0.2224 0.9811 0.2224 0.8547 0.2627 0.9811 0.1548 0.9811 0.1548 0.8547 0.2224 0.8547 0.2224 0.9811 0.1548 0.9811 0.2224 0.8547 0.1548 0.9811 0.1548 0.9811 0.1548 0.8547 0.1548 0.9811 0.1548 0.8547 0.1548 0.8547 0.1548 0.9811 0.2224 0.9811 0.2224 0.8547 0.1548 0.9811 0.2224 0.8547 0.1548 0.8547 0.2627 0.9811 0.2224 0.8547 0.2224 0.9811 0.2627 0.9811 0.2627 0.8547 0.2224 0.8547 0.2627 0.9811 0.3088 0.8547 0.2627 0.8547 0.3088 0.9811 0.3570 0.8547 0.3088 0.8547 0.3088 0.9811 0.3088 0.8547 0.2627 0.9811 0.3570 0.9811 0.3570 0.8547 0.3088 0.9811 0.3570 0.9811 0.6923 0.9811 0.6923 0.8547 0.3570 0.9811 0.6923 0.8547 0.3570 0.8547 0.2327 1.0000 0.2699 1.0000 0.2327 1.0000 0.2327 1.0000 0.2327 1.0000 0.1706 1.0000 0.2327 1.0000 0.1706 1.0000 0.1706 1.0000 0.2699 1.0000 0.2699 1.0000 0.2327 1.0000 0.3125 1.0000 0.3570 1.0000 0.3125 1.0000 0.3125 1.0000 0.3125 1.0000 0.2699 1.0000 0.3125 1.0000 0.2699 1.0000 0.2699 1.0000 0.3570 1.0000 0.3570 1.0000 0.3125 1.0000 0.6891 1.0000 0.6891 1.0000 0.3570 1.0000 0.6891 1.0000 0.3570 1.0000 0.3570 1.0000 0.8231 1.0000 0.8231 1.0000 0.6891 1.0000 0.8231 1.0000 0.6891 1.0000 0.6891 1.0000 0.1706 1.0000 0.2327 1.0000 0.2224 0.9811 0.1706 1.0000 0.2224 0.9811 0.1548 0.9811 0.2627 0.9811 0.2224 0.9811 0.2327 1.0000 0.2699 1.0000 0.2627 0.9811 0.2327 1.0000 0.3125 1.0000 0.3088 0.9811 0.2627 0.9811 0.3125 1.0000 0.2627 0.9811 0.2699 1.0000 0.3570 1.0000 0.3570 0.9811 0.3088 0.9811 0.3570 1.0000 0.3088 0.9811 0.3125 1.0000 0.1706 1.0000 0.1706 1.0000 0.1548 0.9811 0.1706 1.0000 0.1548 0.9811 0.1548 0.9811 0.3570 0.9811 0.6891 1.0000 0.6923 0.9811 0.3570 1.0000 0.6891 1.0000 0.3570 0.9811 0.2224 0.9811 0.1706 1.0000 0.1548 0.9811 0.2327 1.0000 0.1706 1.0000 0.2224 0.9811 0.6923 0.9811 0.8231 1.0000 0.8389 0.9811 0.6891 1.0000 0.8231 1.0000 0.6923 0.9811 0.3088 0.9811 0.3570 0.9811 0.3570 1.0000 0.3125 1.0000 0.3088 0.9811 0.3570 1.0000 0.2699 1.0000 0.2627 0.9811 0.3088 0.9811 0.2699 1.0000 0.3088 0.9811 0.3125 1.0000 0.2327 1.0000 0.2224 0.9811 0.2627 0.9811 0.2327 1.0000 0.2627 0.9811 0.2699 1.0000 0.8231 1.0000 0.8231 1.0000 0.8389 0.9811 0.8231 1.0000 0.8389 0.9811 0.8389 0.9811 0.6891 1.0000 0.3570 1.0000 0.3570 0.9811 0.6891 1.0000 0.3570 0.9811 0.6923 0.9811 0.8231 1.0000 0.6891 1.0000 0.6923 0.9811 0.8231 1.0000 0.6923 0.9811 0.8389 0.9811 0.8389 0.9075 0.7374 0.9075 0.7374 0.8156 0.8389 0.9075 0.7374 0.8156 0.8389 0.8156 0.8389 0.9302 0.7094 0.9302 0.7231 0.9302 0.8389 0.9302 0.8389 0.9302 0.7231 0.9302 0.6951 0.3921 0.6951 0.3921 0.6098 0.3208 0.6951 0.3921 0.6098 0.3208 0.6098 0.3208 0.7374 0.4274 0.6951 0.3921 0.6098 0.3208 0.6772 0.3208 0.6951 0.2774 0.6772 0.2774 0.6951 0.3921 0.6951 0.2774 0.6772 0.3208 0.6098 0.3208 0.6951 0.3921 0.6772 0.3208 0.7374 0.8156 0.8389 0.9075 0.8389 0.8156 0.7374 0.9075 0.8389 0.9075 0.7374 0.8156 0.8389 0.9302 0.8389 0.9302 0.7231 0.9302 0.8389 0.9302 0.7231 0.9302 0.7094 0.9302 0.6951 0.3921 0.7374 0.4274 0.6098 0.3208 0.6951 0.3921 0.6098 0.3208 0.6098 0.3208 0.6951 0.3921 0.6951 0.3921 0.6098 0.3208 0.6772 0.3208 0.6772 0.2774 0.6951 0.2774 0.6951 0.3921 0.6098 0.3208 0.6772 0.3208 0.6951 0.3921 0.6772 0.3208 0.6951 0.2774 0.7556 0.7785 0.8389 0.7785 0.8389 0.8156 0.7556 0.7785 0.8389 0.8156 0.7374 0.8156 0.7707 0.7381 0.8389 0.7381 0.8389 0.7785 0.7707 0.7381 0.8389 0.7785 0.7556 0.7785 0.7707 0.3940 0.8389 0.3536 0.8389 0.3940 0.7556 0.3536 0.8389 0.3164 0.8389 0.3536 0.7556 0.3536 0.8389 0.3536 0.7707 0.3940 0.7374 0.3164 0.8389 0.3164 0.7556 0.3536 0.7707 0.7381 0.8389 0.7785 0.8389 0.7381 0.7556 0.7785 0.8389 0.8156 0.8389 0.7785 0.7556 0.7785 0.8389 0.7785 0.7707 0.7381 0.7374 0.8156 0.8389 0.8156 0.7556 0.7785 0.7556 0.3536 0.8389 0.3536 0.8389 0.3164 0.7556 0.3536 0.8389 0.3164 0.7374 0.3164 0.7707 0.3940 0.8389 0.3940 0.8389 0.3536 0.7707 0.3940 0.8389 0.3536 0.7556 0.3536 0.7251 0.2038 0.7016 0.2264 0.6730 0.2264 0.7492 0.2038 0.7248 0.2264 0.7016 0.2264 0.7492 0.2038 0.7016 0.2264 0.7251 0.2038 0.7677 0.2038 0.7444 0.2264 0.7248 0.2264 0.7677 0.2038 0.7248 0.2264 0.7492 0.2038 0.7821 0.2038 0.7519 0.2264 0.7444 0.2264 0.7821 0.2038 0.7444 0.2264 0.7677 0.2038 0.7841 0.2038 0.7479 0.2264 0.7519 0.2264 0.7841 0.2038 0.7519 0.2264 0.7821 0.2038 0.7750 0.2038 0.7336 0.2264 0.7479 0.2264 0.7750 0.2038 0.7479 0.2264 0.7841 0.2038 0.7548 0.2038 0.7336 0.2264 0.7750 0.2038 0.7076 0.2264 0.7336 0.2264 0.7548 0.2038 0.7251 0.2038 0.7076 0.2264 0.7548 0.2038 0.6730 0.2264 0.7076 0.2264 0.7251 0.2038 0.6612 0.2264 0.6730 0.2264 0.6241 0.2264 0.7076 0.2264 0.6730 0.2264 0.6612 0.2264 0.6902 0.2264 0.7076 0.2264 0.6612 0.2264 0.7336 0.2264 0.7076 0.2264 0.6902 0.2264 0.7072 0.2264 0.7336 0.2264 0.6902 0.2264 0.7479 0.2264 0.7336 0.2264 0.7072 0.2264 0.7139 0.2264 0.7479 0.2264 0.7072 0.2264 0.7519 0.2264 0.7479 0.2264 0.7139 0.2264 0.7094 0.2264 0.7519 0.2264 0.7139 0.2264 0.7444 0.2264 0.7094 0.2264 0.6926 0.2264 0.7444 0.2264 0.7519 0.2264 0.7094 0.2264 0.7248 0.2264 0.6926 0.2264 0.6646 0.2264 0.7248 0.2264 0.7444 0.2264 0.6926 0.2264 0.7016 0.2264 0.7248 0.2264 0.6646 0.2264 0.6730 0.2264 0.6646 0.2264 0.6454 0.2264 0.6730 0.2264 0.6454 0.2264 0.6241 0.2264 0.6730 0.2264 0.7016 0.2264 0.6646 0.2264 0.3034 0.2189 0.2952 0.2264 0.3570 0.2264 0.3034 0.2189 0.3570 0.2264 0.3570 0.2189 0.2989 0.2189 0.2952 0.2264 0.3034 0.2189 0.2483 0.2189 0.2952 0.2264 0.2989 0.2189 0.2326 0.2264 0.2952 0.2264 0.2483 0.2189 0.2394 0.2189 0.2326 0.2264 0.2483 0.2189 0.1883 0.2189 0.1775 0.2264 0.2326 0.2264 0.1883 0.2189 0.2326 0.2264 0.2394 0.2189 0.1800 0.2189 0.1775 0.2264 0.1883 0.2189 0.1337 0.2189 0.1279 0.2264 0.1775 0.2264 0.1337 0.2189 0.1775 0.2264 0.1800 0.2189 0.1264 0.2189 0.1279 0.2264 0.1337 0.2189 0.0910 0.2189 0.0809 0.2264 0.1279 0.2264 0.0910 0.2189 0.1279 0.2264 0.1264 0.2189 0.0847 0.2189 0.0809 0.2264 0.0910 0.2189 0.0557 0.2189 0.0809 0.2264 0.0847 0.2189 0.0439 0.2264 0.0809 0.2264 0.0557 0.2189 0.0508 0.2189 0.0439 0.2264 0.0557 0.2189 0.0293 0.2189 0.0240 0.2264 0.0439 0.2264 0.0293 0.2189 0.0439 0.2264 0.0508 0.2189 0.0259 0.2189 0.0178 0.2264 0.0240 0.2264 0.0259 0.2189 0.0240 0.2264 0.0293 0.2189 0.0104 0.2264 0.0178 0.2264 0.0259 0.2189 0.0118 0.2189 0.0104 0.2264 0.0259 0.2189 0.0030 0.2264 0.0104 0.2264 0.0118 0.2189 0.0030 0.2264 0.0118 0.2189 0.0108 0.2189 0.0008 0.2264 0.0030 0.2264 0.0108 0.2189 0.0063 0.2189 0.0008 0.2264 0.0108 0.2189 0.0003 0.2264 0.0008 0.2264 0.0063 0.2189 0.0003 0.2264 0.0063 0.2189 0.0064 0.2189 0.0023 0.2264 0.0003 0.2264 0.0064 0.2189 0.0104 0.2189 0.0023 0.2264 0.0064 0.2189 0.0082 0.2264 0.0023 0.2264 0.0104 0.2189 0.0132 0.2189 0.0082 0.2264 0.0104 0.2189 0.0144 0.2264 0.0082 0.2264 0.0132 0.2189 0.0236 0.2189 0.0144 0.2264 0.0132 0.2189 0.0261 0.2264 0.0144 0.2264 0.0236 0.2189 0.0319 0.2189 0.0261 0.2264 0.0236 0.2189 0.0363 0.2264 0.0261 0.2264 0.0319 0.2189 0.0496 0.2189 0.0363 0.2264 0.0319 0.2189 0.0570 0.2264 0.0363 0.2264 0.0496 0.2189 0.0620 0.2189 0.0570 0.2264 0.0496 0.2189 0.0712 0.2264 0.0570 0.2264 0.0620 0.2189 0.0866 0.2189 0.0712 0.2264 0.0620 0.2189 0.0980 0.2264 0.0712 0.2264 0.0866 0.2189 0.1029 0.2189 0.0980 0.2264 0.0866 0.2189 0.1156 0.2264 0.0980 0.2264 0.1029 0.2189 0.1286 0.2189 0.1156 0.2264 0.1029 0.2189 0.1476 0.2264 0.1156 0.2264 0.1286 0.2189 0.1479 0.2189 0.1476 0.2264 0.1286 0.2189 0.1522 0.2264 0.1476 0.2264 0.1479 0.2189 0.1775 0.2189 0.1522 0.2264 0.1479 0.2189 0.1909 0.2264 0.1522 0.2264 0.1775 0.2189 0.1995 0.2189 0.1909 0.2264 0.1775 0.2189 0.1995 0.2189 0.2039 0.2264 0.1909 0.2264 0.2323 0.2189 0.2039 0.2264 0.1995 0.2189 0.2482 0.2264 0.2039 0.2264 0.2323 0.2189 0.2561 0.2189 0.2619 0.2264 0.2482 0.2264 0.2561 0.2189 0.2482 0.2264 0.2323 0.2189 0.2954 0.2189 0.2619 0.2264 0.2561 0.2189 0.3115 0.2264 0.2619 0.2264 0.2954 0.2189 0.3164 0.2189 0.3223 0.2264 0.3115 0.2264 0.3164 0.2189 0.3115 0.2264 0.2954 0.2189 0.3570 0.2189 0.3223 0.2264 0.3164 0.2189 0.3724 0.2264 0.3223 0.2264 0.3570 0.2189 0.3822 0.2189 0.3832 0.2264 0.3724 0.2264 0.3822 0.2189 0.3724 0.2264 0.3570 0.2189 0.4107 0.2189 0.3832 0.2264 0.3822 0.2189 0.4325 0.2264 0.3832 0.2264 0.4107 0.2189 0.4460 0.2189 0.4430 0.2264 0.4325 0.2264 0.4460 0.2189 0.4325 0.2264 0.4107 0.2189 0.4657 0.2189 0.4430 0.2264 0.4460 0.2189 0.4962 0.2264 0.4430 0.2264 0.4657 0.2189 0.5073 0.2189 0.5059 0.2264 0.4962 0.2264 0.5073 0.2189 0.4962 0.2264 0.4657 0.2189 0.5257 0.2189 0.5059 0.2264 0.5073 0.2189 0.5545 0.2264 0.5059 0.2264 0.5257 0.2189 0.5638 0.2189 0.5632 0.2264 0.5545 0.2264 0.5638 0.2189 0.5545 0.2264 0.5257 0.2189 0.5804 0.2189 0.5632 0.2264 0.5638 0.2189 0.5919 0.2264 0.5632 0.2264 0.5804 0.2189 0.5957 0.2264 0.5919 0.2264 0.5804 0.2189 0.6135 0.2189 0.6241 0.2264 0.5957 0.2264 0.6135 0.2189 0.5957 0.2264 0.5804 0.2189 0.6231 0.2189 0.6241 0.2264 0.6135 0.2189 0.6506 0.2189 0.6241 0.2264 0.6231 0.2189 0.6612 0.2264 0.6241 0.2264 0.6506 0.2189 0.6583 0.2189 0.6612 0.2264 0.6506 0.2189 0.6793 0.2189 0.6612 0.2264 0.6583 0.2189 0.6902 0.2264 0.6612 0.2264 0.6793 0.2189 0.6848 0.2189 0.6902 0.2264 0.6793 0.2189 0.6984 0.2189 0.6902 0.2264 0.6848 0.2189 0.7072 0.2264 0.6902 0.2264 0.6984 0.2189 0.7023 0.2189 0.7072 0.2264 0.6984 0.2189 0.7072 0.2189 0.7072 0.2264 0.7023 0.2189 0.7139 0.2264 0.7072 0.2264 0.7072 0.2189 0.7077 0.2189 0.7139 0.2264 0.7072 0.2189 0.7048 0.2189 0.7139 0.2264 0.7077 0.2189 0.7094 0.2264 0.7139 0.2264 0.7048 0.2189 0.7036 0.2189 0.7094 0.2264 0.7048 0.2189 0.6905 0.2189 0.7094 0.2264 0.7036 0.2189 0.6926 0.2264 0.7094 0.2264 0.6905 0.2189 0.6645 0.2189 0.6926 0.2264 0.6905 0.2189 0.6646 0.2264 0.6926 0.2264 0.6645 0.2189 0.6454 0.2264 0.6646 0.2264 0.6645 0.2189 0.6274 0.2189 0.6454 0.2264 0.6645 0.2189 0.6241 0.2264 0.6454 0.2264 0.6274 0.2189 0.5855 0.2189 0.6241 0.2264 0.6274 0.2189 0.5796 0.2264 0.6241 0.2264 0.5855 0.2189 0.5365 0.2189 0.5796 0.2264 0.5855 0.2189 0.5273 0.2264 0.5796 0.2264 0.5365 0.2189 0.4818 0.2189 0.5273 0.2264 0.5365 0.2189 0.4719 0.2264 0.5273 0.2264 0.4818 0.2189 0.4187 0.2189 0.4146 0.2264 0.4719 0.2264 0.4187 0.2189 0.4719 0.2264 0.4818 0.2189 0.3570 0.2189 0.3570 0.2264 0.4146 0.2264 0.3570 0.2189 0.4146 0.2264 0.4187 0.2189 0.1292 0.2189 0.1286 0.2189 0.1029 0.2189 0.0874 0.2189 0.1292 0.2189 0.1029 0.2189 0.0874 0.2189 0.1029 0.2189 0.0866 0.2189 0.1479 0.2189 0.1286 0.2189 0.1292 0.2189 0.0620 0.2189 0.0874 0.2189 0.0866 0.2189 0.1780 0.2189 0.1479 0.2189 0.1292 0.2189 0.1780 0.2189 0.1775 0.2189 0.1479 0.2189 0.0505 0.2189 0.0874 0.2189 0.0620 0.2189 0.0505 0.2189 0.0620 0.2189 0.0496 0.2189 0.1995 0.2189 0.1775 0.2189 0.1780 0.2189 0.0319 0.2189 0.0505 0.2189 0.0496 0.2189 0.2326 0.2189 0.2323 0.2189 0.1995 0.2189 0.2326 0.2189 0.1995 0.2189 0.1780 0.2189 0.0248 0.2189 0.0319 0.2189 0.0236 0.2189 0.0248 0.2189 0.0505 0.2189 0.0319 0.2189 0.2561 0.2189 0.2323 0.2189 0.2326 0.2189 0.0132 0.2189 0.0248 0.2189 0.0236 0.2189 0.2955 0.2189 0.2954 0.2189 0.2561 0.2189 0.2955 0.2189 0.2561 0.2189 0.2326 0.2189 0.0119 0.2189 0.0132 0.2189 0.0104 0.2189 0.0119 0.2189 0.0248 0.2189 0.0132 0.2189 0.0107 0.2189 0.0119 0.2189 0.0104 0.2189 0.3164 0.2189 0.2954 0.2189 0.2955 0.2189 0.0064 0.2189 0.0107 0.2189 0.0104 0.2189 0.0079 0.2189 0.0064 0.2189 0.0063 0.2189 0.0079 0.2189 0.0107 0.2189 0.0064 0.2189 0.3570 0.2189 0.3570 0.2189 0.3164 0.2189 0.3570 0.2189 0.3164 0.2189 0.2955 0.2189 0.0085 0.2189 0.0079 0.2189 0.0063 0.2189 0.3822 0.2189 0.3570 0.2189 0.3570 0.2189 0.3997 0.2189 0.3822 0.2189 0.3570 0.2189 0.4107 0.2189 0.3822 0.2189 0.3997 0.2189 0.4100 0.2189 0.4107 0.2189 0.3997 0.2189 0.0108 0.2189 0.0085 0.2189 0.0063 0.2189 0.0134 0.2189 0.0108 0.2189 0.0118 0.2189 0.0134 0.2189 0.0085 0.2189 0.0108 0.2189 0.0175 0.2189 0.0134 0.2189 0.0118 0.2189 0.4435 0.2189 0.4107 0.2189 0.4100 0.2189 0.4460 0.2189 0.4107 0.2189 0.4435 0.2189 0.4643 0.2189 0.4460 0.2189 0.4435 0.2189 0.4657 0.2189 0.4460 0.2189 0.4643 0.2189 0.0259 0.2189 0.0175 0.2189 0.0118 0.2189 0.0308 0.2189 0.0175 0.2189 0.0259 0.2189 0.0308 0.2189 0.0259 0.2189 0.0293 0.2189 0.0368 0.2189 0.0308 0.2189 0.0293 0.2189 0.5047 0.2189 0.4657 0.2189 0.4643 0.2189 0.5073 0.2189 0.4657 0.2189 0.5047 0.2189 0.5242 0.2189 0.5073 0.2189 0.5047 0.2189 0.5257 0.2189 0.5073 0.2189 0.5242 0.2189 0.0508 0.2189 0.0368 0.2189 0.0293 0.2189 0.0573 0.2189 0.0368 0.2189 0.0508 0.2189 0.0573 0.2189 0.0508 0.2189 0.0557 0.2189 0.0657 0.2189 0.0573 0.2189 0.0557 0.2189 0.5613 0.2189 0.5257 0.2189 0.5242 0.2189 0.5638 0.2189 0.5257 0.2189 0.5613 0.2189 0.0847 0.2189 0.0657 0.2189 0.0557 0.2189 0.5788 0.2189 0.5638 0.2189 0.5613 0.2189 0.5804 0.2189 0.5638 0.2189 0.5788 0.2189 0.0925 0.2189 0.0657 0.2189 0.0847 0.2189 0.0925 0.2189 0.0847 0.2189 0.0910 0.2189 0.1030 0.2189 0.0925 0.2189 0.0910 0.2189 0.6111 0.2189 0.5804 0.2189 0.5788 0.2189 0.6135 0.2189 0.5804 0.2189 0.6111 0.2189 0.1264 0.2189 0.1030 0.2189 0.0910 0.2189 0.6215 0.2189 0.6135 0.2189 0.6111 0.2189 0.6231 0.2189 0.6135 0.2189 0.6215 0.2189 0.1353 0.2189 0.1030 0.2189 0.1264 0.2189 0.1353 0.2189 0.1264 0.2189 0.1337 0.2189 0.1527 0.2189 0.1353 0.2189 0.1337 0.2189 0.6484 0.2189 0.6231 0.2189 0.6215 0.2189 0.6506 0.2189 0.6231 0.2189 0.6484 0.2189 0.6568 0.2189 0.6506 0.2189 0.6484 0.2189 0.6583 0.2189 0.6506 0.2189 0.6568 0.2189 0.1800 0.2189 0.1527 0.2189 0.1337 0.2189 0.1898 0.2189 0.1800 0.2189 0.1883 0.2189 0.1898 0.2189 0.1527 0.2189 0.1800 0.2189 0.2093 0.2189 0.1898 0.2189 0.1883 0.2189 0.6772 0.2189 0.6583 0.2189 0.6568 0.2189 0.6793 0.2189 0.6583 0.2189 0.6772 0.2189 0.6832 0.2189 0.6793 0.2189 0.6772 0.2189 0.6848 0.2189 0.6793 0.2189 0.6832 0.2189 0.2394 0.2189 0.2093 0.2189 0.1883 0.2189 0.2498 0.2189 0.2394 0.2189 0.2483 0.2189 0.2498 0.2189 0.2093 0.2189 0.2394 0.2189 0.2706 0.2189 0.2498 0.2189 0.2483 0.2189 0.6966 0.2189 0.6848 0.2189 0.6832 0.2189 0.6984 0.2189 0.6848 0.2189 0.6966 0.2189 0.7007 0.2189 0.6984 0.2189 0.6966 0.2189 0.7023 0.2189 0.6984 0.2189 0.7007 0.2189 0.2989 0.2189 0.2706 0.2189 0.2483 0.2189 0.3041 0.2189 0.2706 0.2189 0.2989 0.2189 0.3034 0.2189 0.3041 0.2189 0.2989 0.2189 0.3144 0.2189 0.3041 0.2189 0.3034 0.2189 0.7056 0.2189 0.7023 0.2189 0.7007 0.2189 0.7072 0.2189 0.7023 0.2189 0.7056 0.2189 0.7062 0.2189 0.7072 0.2189 0.7056 0.2189 0.3570 0.2189 0.3570 0.2189 0.3144 0.2189 0.3570 0.2189 0.3144 0.2189 0.3034 0.2189 0.7077 0.2189 0.7072 0.2189 0.7062 0.2189 0.7034 0.2189 0.7077 0.2189 0.7062 0.2189 0.7048 0.2189 0.7077 0.2189 0.7034 0.2189 0.7021 0.2189 0.7048 0.2189 0.7034 0.2189 0.7036 0.2189 0.7048 0.2189 0.7021 0.2189 0.4187 0.2189 0.3570 0.2189 0.3570 0.2189 0.4187 0.2189 0.4185 0.2189 0.3570 0.2189 0.6893 0.2189 0.7036 0.2189 0.7021 0.2189 0.6905 0.2189 0.7036 0.2189 0.6893 0.2189 0.4818 0.2189 0.4185 0.2189 0.4187 0.2189 0.4818 0.2189 0.4815 0.2189 0.4185 0.2189 0.6635 0.2189 0.6905 0.2189 0.6893 0.2189 0.6645 0.2189 0.6905 0.2189 0.6635 0.2189 0.5365 0.2189 0.4815 0.2189 0.4818 0.2189 0.5365 0.2189 0.5361 0.2189 0.4815 0.2189 0.6267 0.2189 0.6645 0.2189 0.6635 0.2189 0.5855 0.2189 0.5361 0.2189 0.5365 0.2189 0.5855 0.2189 0.5849 0.2189 0.5361 0.2189 0.5855 0.2189 0.6267 0.2189 0.5849 0.2189 0.5855 0.2189 0.6274 0.2189 0.6267 0.2189 0.6267 0.2189 0.6274 0.2189 0.6645 0.2189 0.7374 0.9075 0.8389 0.9302 0.8389 0.9075 0.7231 0.9302 0.8389 0.9302 0.7374 0.9075 0.7251 0.2038 0.8389 0.2264 0.8389 0.2038 0.6730 0.2264 0.8389 0.2264 0.7251 0.2038 0.8389 0.2264 0.7251 0.2038 0.8389 0.2038 0.8389 0.2264 0.6730 0.2264 0.7251 0.2038 0.8389 0.9302 0.7231 0.9302 0.7374 0.9075 0.8389 0.9302 0.7374 0.9075 0.8389 0.9075 0.5622 0.7981 0.5770 0.8547 0.5622 0.8547 0.5770 0.7981 0.5770 0.8547 0.5622 0.7981 0.5939 0.7981 0.5939 0.8547 0.5770 0.8547 0.5939 0.7981 0.5770 0.8547 0.5770 0.7981 0.6219 0.7981 0.6219 0.8547 0.5939 0.8547 0.6219 0.7981 0.5939 0.8547 0.5939 0.7981 0.6509 0.7981 0.6509 0.8547 0.6219 0.8547 0.6509 0.7981 0.6219 0.8547 0.6219 0.7981 0.6951 0.8547 0.6951 0.7981 0.6509 0.7981 0.6509 0.8547 0.6951 0.8547 0.6509 0.7981 0.6509 0.8547 0.6509 0.7981 0.6951 0.7981 0.6951 0.8547 0.6509 0.8547 0.6951 0.7981 0.5976 0.5447 0.6070 0.5335 0.6225 0.5151 0.5707 0.5769 0.5677 0.5804 0.5724 0.5749 0.5707 0.5769 0.5724 0.5749 0.5755 0.5711 0.5707 0.5769 0.5646 0.5842 0.5677 0.5804 0.5808 0.5648 0.5755 0.5711 0.5817 0.5637 0.5808 0.5648 0.5817 0.5637 0.5861 0.5585 0.5808 0.5648 0.5707 0.5769 0.5755 0.5711 0.5808 0.5648 0.5861 0.5585 0.5976 0.5447 0.6951 0.4283 0.6509 0.4811 0.6951 0.4283 0.6509 0.4811 0.6389 0.4954 0.6509 0.4811 0.6509 0.4811 0.6509 0.4811 0.6951 0.4283 0.6225 0.5151 0.6070 0.5335 0.6134 0.5259 0.6225 0.5151 0.6134 0.5259 0.6267 0.5100 0.6225 0.5151 0.6267 0.5100 0.6323 0.5033 0.6225 0.5151 0.6323 0.5033 0.6389 0.4954 0.6225 0.5151 0.6389 0.4954 0.6509 0.4811 0.5608 0.5887 0.5609 0.5886 0.5620 0.5873 0.5617 0.5876 0.5614 0.5879 0.5608 0.5887 0.5617 0.5876 0.5620 0.5873 0.5629 0.5862 0.5617 0.5876 0.5608 0.5887 0.5620 0.5873 0.5646 0.5842 0.5629 0.5862 0.5658 0.5827 0.5646 0.5842 0.5658 0.5827 0.5677 0.5804 0.5646 0.5842 0.5617 0.5876 0.5629 0.5862 0.5976 0.5447 0.5861 0.5585 0.5935 0.5497 0.5976 0.5447 0.5935 0.5497 0.5989 0.5432 0.5976 0.5447 0.5989 0.5432 0.6070 0.5335 0.3156 0.1245 0.3048 0.1019 0.3570 0.1019 0.3156 0.1245 0.3570 0.1019 0.3570 0.1245 0.3048 0.1245 0.3048 0.1019 0.3156 0.1245 0.2731 0.1245 0.3048 0.1019 0.3048 0.1245 0.2512 0.1019 0.3048 0.1019 0.2731 0.1245 0.2512 0.1245 0.2512 0.1019 0.2731 0.1245 0.2119 0.1245 0.2512 0.1019 0.2512 0.1245 0.1913 0.1019 0.2512 0.1019 0.2119 0.1245 0.1913 0.1245 0.1913 0.1019 0.2119 0.1245 0.1552 0.1245 0.1913 0.1019 0.1913 0.1245 0.1368 0.1019 0.1913 0.1019 0.1552 0.1245 0.1368 0.1245 0.1368 0.1019 0.1552 0.1245 0.1054 0.1245 0.0941 0.1019 0.1368 0.1019 0.1054 0.1245 0.1368 0.1019 0.1368 0.1245 0.0941 0.1245 0.0941 0.1019 0.1054 0.1245 0.0679 0.1245 0.0589 0.1019 0.0941 0.1019 0.0679 0.1245 0.0941 0.1019 0.0941 0.1245 0.0589 0.1245 0.0589 0.1019 0.0679 0.1245 0.0389 0.1245 0.0324 0.1019 0.0589 0.1019 0.0389 0.1245 0.0589 0.1019 0.0589 0.1245 0.0324 0.1245 0.0324 0.1019 0.0389 0.1245 0.0194 0.1245 0.0324 0.1019 0.0324 0.1245 0.0149 0.1019 0.0324 0.1019 0.0194 0.1245 0.0149 0.1245 0.0149 0.1019 0.0194 0.1245 0.0101 0.1245 0.0149 0.1019 0.0149 0.1245 0.0095 0.1019 0.0149 0.1019 0.0101 0.1245 0.0095 0.1245 0.0095 0.1019 0.0101 0.1245 0.0121 0.1245 0.0134 0.1019 0.0095 0.1019 0.0121 0.1245 0.0095 0.1019 0.0095 0.1245 0.0134 0.1245 0.0149 0.1019 0.0134 0.1019 0.0134 0.1245 0.0134 0.1019 0.0121 0.1245 0.0260 0.1245 0.0260 0.1019 0.0149 0.1019 0.0260 0.1245 0.0149 0.1019 0.0134 0.1245 0.0323 0.1019 0.0260 0.1019 0.0260 0.1245 0.0515 0.1245 0.0612 0.1019 0.0515 0.1019 0.0515 0.1245 0.0515 0.1019 0.0323 0.1019 0.0515 0.1245 0.0323 0.1019 0.0260 0.1245 0.0882 0.1245 0.1009 0.1019 0.0882 0.1019 0.0882 0.1245 0.0882 0.1019 0.0612 0.1019 0.0882 0.1245 0.0612 0.1019 0.0515 0.1245 0.1297 0.1245 0.1450 0.1019 0.1297 0.1019 0.1297 0.1245 0.1297 0.1019 0.1009 0.1019 0.1297 0.1245 0.1009 0.1019 0.0882 0.1245 0.1784 0.1245 0.1784 0.1019 0.1450 0.1019 0.1784 0.1245 0.1450 0.1019 0.1297 0.1245 0.1957 0.1019 0.1784 0.1019 0.1784 0.1245 0.2328 0.1245 0.1957 0.1019 0.1784 0.1245 0.2328 0.1245 0.2328 0.1019 0.1957 0.1019 0.2517 0.1019 0.2328 0.1019 0.2328 0.1245 0.2957 0.1245 0.2517 0.1019 0.2328 0.1245 0.2957 0.1245 0.3114 0.1019 0.2957 0.1019 0.2957 0.1245 0.2957 0.1019 0.2517 0.1019 0.3570 0.1245 0.3114 0.1019 0.2957 0.1245 0.3570 0.1245 0.3570 0.1019 0.3114 0.1019 0.3774 0.1019 0.3570 0.1019 0.3570 0.1245 0.3984 0.1245 0.3774 0.1019 0.3570 0.1245 0.3984 0.1245 0.4093 0.1019 0.3774 0.1019 0.4093 0.1245 0.4093 0.1019 0.3984 0.1245 0.4410 0.1245 0.4093 0.1019 0.4093 0.1245 0.4410 0.1245 0.4410 0.1019 0.4093 0.1019 0.4629 0.1245 0.4410 0.1019 0.4410 0.1245 0.4629 0.1245 0.4629 0.1019 0.4410 0.1019 0.5022 0.1245 0.4629 0.1019 0.4629 0.1245 0.5022 0.1245 0.5022 0.1019 0.4629 0.1019 0.5227 0.1245 0.5022 0.1019 0.5022 0.1245 0.5227 0.1245 0.5227 0.1019 0.5022 0.1019 0.5588 0.1245 0.5227 0.1019 0.5227 0.1245 0.5588 0.1245 0.5588 0.1019 0.5227 0.1019 0.5773 0.1019 0.5588 0.1019 0.5588 0.1245 0.5773 0.1245 0.5773 0.1019 0.5588 0.1245 0.6087 0.1019 0.5773 0.1019 0.5773 0.1245 0.6087 0.1245 0.6087 0.1019 0.5773 0.1245 0.6087 0.1245 0.6200 0.1019 0.6087 0.1019 0.6200 0.1245 0.6200 0.1019 0.6087 0.1245 0.6461 0.1019 0.6200 0.1019 0.6200 0.1245 0.6461 0.1245 0.6461 0.1019 0.6200 0.1245 0.6552 0.1245 0.6461 0.1019 0.6461 0.1245 0.6552 0.1245 0.6552 0.1019 0.6461 0.1019 0.6752 0.1245 0.6552 0.1019 0.6552 0.1245 0.6752 0.1245 0.6816 0.1019 0.6752 0.1019 0.6752 0.1245 0.6752 0.1019 0.6552 0.1019 0.6816 0.1245 0.6816 0.1019 0.6752 0.1245 0.6947 0.1019 0.6816 0.1019 0.6816 0.1245 0.6947 0.1245 0.6947 0.1019 0.6816 0.1245 0.6991 0.1245 0.6991 0.1019 0.6947 0.1019 0.6991 0.1245 0.6947 0.1019 0.6947 0.1245 0.7039 0.1245 0.7039 0.1019 0.6991 0.1019 0.7039 0.1245 0.6991 0.1019 0.6991 0.1245 0.7046 0.1245 0.7046 0.1019 0.7039 0.1019 0.7046 0.1245 0.7039 0.1019 0.7039 0.1245 0.7019 0.1245 0.7019 0.1019 0.7046 0.1019 0.7019 0.1245 0.7046 0.1019 0.7046 0.1245 0.7006 0.1245 0.7019 0.1019 0.7019 0.1245 0.7006 0.1245 0.7006 0.1019 0.7019 0.1019 0.6881 0.1245 0.7006 0.1019 0.7006 0.1245 0.6881 0.1245 0.6881 0.1019 0.7006 0.1019 0.6625 0.1245 0.6881 0.1019 0.6881 0.1245 0.6625 0.1245 0.6625 0.1019 0.6881 0.1019 0.6259 0.1245 0.6625 0.1019 0.6625 0.1245 0.6259 0.1245 0.6259 0.1019 0.6625 0.1019 0.5843 0.1245 0.6259 0.1019 0.6259 0.1245 0.5843 0.1245 0.5843 0.1019 0.6259 0.1019 0.5357 0.1245 0.5843 0.1019 0.5843 0.1245 0.5357 0.1245 0.5357 0.1019 0.5843 0.1019 0.4812 0.1245 0.5357 0.1019 0.5357 0.1245 0.4812 0.1245 0.4812 0.1019 0.5357 0.1019 0.4184 0.1019 0.4812 0.1019 0.4812 0.1245 0.4184 0.1245 0.4184 0.1019 0.4812 0.1245 0.3570 0.1245 0.4184 0.1019 0.4184 0.1245 0.3570 0.1245 0.3570 0.1019 0.4184 0.1019 0.5258 0.0145 0.5346 0.0083 0.5403 0.0145 0.0840 0.0145 0.0923 0.0083 0.0891 0.0083 0.5258 0.0145 0.5403 0.0145 0.5172 0.0221 0.0848 0.0145 0.0932 0.0083 0.0840 0.0145 0.0848 0.0145 0.0840 0.0145 0.0775 0.0221 0.5082 0.0083 0.5206 0.0083 0.5258 0.0145 0.0952 0.0083 0.1090 0.0021 0.0932 0.0083 0.5082 0.0083 0.5002 0.0021 0.5206 0.0083 0.0952 0.0083 0.0932 0.0083 0.0848 0.0145 0.4863 0.0021 0.4788 0.0000 0.5002 0.0021 0.0869 0.0145 0.0848 0.0145 0.0775 0.0221 0.0869 0.0145 0.0952 0.0083 0.0848 0.0145 0.4863 0.0021 0.5002 0.0021 0.5082 0.0083 0.0869 0.0145 0.0775 0.0221 0.0916 0.0221 0.5130 0.0145 0.5082 0.0083 0.5258 0.0145 0.1183 0.0021 0.1320 0.0000 0.1090 0.0021 0.1183 0.0021 0.1090 0.0021 0.0952 0.0083 0.5130 0.0145 0.5258 0.0145 0.5172 0.0221 0.1197 0.0021 0.1411 0.0000 0.1320 0.0000 0.4935 0.0083 0.4863 0.0021 0.5082 0.0083 0.1197 0.0021 0.1320 0.0000 0.1183 0.0021 0.4714 0.0021 0.4863 0.0021 0.4935 0.0083 0.4714 0.0021 0.4788 0.0000 0.4863 0.0021 0.1050 0.0083 0.1183 0.0021 0.0952 0.0083 0.4714 0.0021 0.4648 0.0000 0.4788 0.0000 0.1050 0.0083 0.1197 0.0021 0.1183 0.0021 0.4978 0.0145 0.5082 0.0083 0.5130 0.0145 0.4978 0.0145 0.5130 0.0145 0.5172 0.0221 0.1065 0.0083 0.1197 0.0021 0.1050 0.0083 0.4978 0.0145 0.5172 0.0221 0.4693 0.0221 0.4978 0.0145 0.4935 0.0083 0.5082 0.0083 0.4777 0.0083 0.4714 0.0021 0.4935 0.0083 0.0970 0.0145 0.0952 0.0083 0.0869 0.0145 0.0970 0.0145 0.0869 0.0145 0.0916 0.0221 0.0970 0.0145 0.1050 0.0083 0.0952 0.0083 0.4574 0.0021 0.4714 0.0021 0.4777 0.0083 0.4574 0.0021 0.4648 0.0000 0.4714 0.0021 0.1279 0.0021 0.1411 0.0000 0.1197 0.0021 0.4574 0.0021 0.4387 0.0000 0.4648 0.0000 0.4816 0.0145 0.4978 0.0145 0.4693 0.0221 0.0985 0.0145 0.1065 0.0083 0.1050 0.0083 0.4816 0.0145 0.4935 0.0083 0.4978 0.0145 0.0985 0.0145 0.0970 0.0145 0.0916 0.0221 0.4816 0.0145 0.4777 0.0083 0.4935 0.0083 0.0985 0.0145 0.1050 0.0083 0.0970 0.0145 0.4630 0.0083 0.4574 0.0021 0.4777 0.0083 0.1152 0.0083 0.1197 0.0021 0.1065 0.0083 0.1152 0.0083 0.1279 0.0021 0.1197 0.0021 0.1383 0.0021 0.1509 0.0000 0.1411 0.0000 0.4437 0.0021 0.4387 0.0000 0.4574 0.0021 0.1383 0.0021 0.1411 0.0000 0.1279 0.0021 0.1075 0.0145 0.0916 0.0221 0.1181 0.0221 0.4663 0.0145 0.4630 0.0083 0.4777 0.0083 0.4663 0.0145 0.4816 0.0145 0.4693 0.0221 0.1075 0.0145 0.1065 0.0083 0.0985 0.0145 0.4663 0.0145 0.4777 0.0083 0.4816 0.0145 0.1075 0.0145 0.0985 0.0145 0.0916 0.0221 0.1075 0.0145 0.1152 0.0083 0.1065 0.0083 0.4485 0.0083 0.4574 0.0021 0.4630 0.0083 0.1433 0.0021 0.1673 0.0000 0.1509 0.0000 0.4485 0.0083 0.4437 0.0021 0.4574 0.0021 0.1433 0.0021 0.1509 0.0000 0.1383 0.0021 0.1262 0.0083 0.1433 0.0021 0.1383 0.0021 0.1262 0.0083 0.1279 0.0021 0.1152 0.0083 0.1262 0.0083 0.1383 0.0021 0.1279 0.0021 0.4281 0.0021 0.4240 0.0000 0.4387 0.0000 0.4281 0.0021 0.4387 0.0000 0.4437 0.0021 0.4514 0.0145 0.4630 0.0083 0.4663 0.0145 0.4514 0.0145 0.4485 0.0083 0.4630 0.0083 0.1315 0.0083 0.1433 0.0021 0.1262 0.0083 0.4514 0.0145 0.4663 0.0145 0.4693 0.0221 0.1188 0.0145 0.1262 0.0083 0.1152 0.0083 0.1188 0.0145 0.1075 0.0145 0.1181 0.0221 0.1188 0.0145 0.1152 0.0083 0.1075 0.0145 0.4320 0.0083 0.4437 0.0021 0.4485 0.0083 0.4320 0.0083 0.4281 0.0021 0.4437 0.0021 0.1557 0.0021 0.1433 0.0021 0.1315 0.0083 0.4067 0.0021 0.3974 0.0000 0.4240 0.0000 0.1557 0.0021 0.1776 0.0000 0.1673 0.0000 0.1557 0.0021 0.1673 0.0000 0.1433 0.0021 0.1243 0.0145 0.1262 0.0083 0.1188 0.0145 0.1243 0.0145 0.1188 0.0145 0.1181 0.0221 0.4067 0.0021 0.4240 0.0000 0.4281 0.0021 0.4067 0.0021 0.4281 0.0021 0.4320 0.0083 0.1243 0.0145 0.1315 0.0083 0.1262 0.0083 0.4344 0.0145 0.4485 0.0083 0.4514 0.0145 0.4344 0.0145 0.4514 0.0145 0.4693 0.0221 0.4344 0.0145 0.4320 0.0083 0.4485 0.0083 0.1445 0.0083 0.1557 0.0021 0.1315 0.0083 0.4344 0.0145 0.4693 0.0221 0.4126 0.0221 0.1445 0.0083 0.1315 0.0083 0.1243 0.0145 0.3999 0.0021 0.3974 0.0000 0.4067 0.0021 0.1666 0.0021 0.1776 0.0000 0.1557 0.0021 0.1666 0.0021 0.1557 0.0021 0.1445 0.0083 0.1377 0.0145 0.1243 0.0145 0.1181 0.0221 0.1377 0.0145 0.1445 0.0083 0.1243 0.0145 0.1377 0.0145 0.1181 0.0221 0.1553 0.0221 0.4095 0.0083 0.3999 0.0021 0.4067 0.0021 0.4095 0.0083 0.4067 0.0021 0.4320 0.0083 0.1766 0.0021 0.1776 0.0000 0.1666 0.0021 0.1766 0.0021 0.1985 0.0000 0.1776 0.0000 0.3921 0.0021 0.3974 0.0000 0.3999 0.0021 0.1561 0.0083 0.1666 0.0021 0.1445 0.0083 0.3921 0.0021 0.3901 0.0000 0.3974 0.0000 0.1561 0.0083 0.1766 0.0021 0.1666 0.0021 0.1497 0.0145 0.1445 0.0083 0.1377 0.0145 0.1497 0.0145 0.1377 0.0145 0.1553 0.0221 0.1497 0.0145 0.1561 0.0083 0.1445 0.0083 0.4023 0.0083 0.3999 0.0021 0.4095 0.0083 0.4023 0.0083 0.3921 0.0021 0.3999 0.0021 0.1666 0.0083 0.1766 0.0021 0.1561 0.0083 0.1666 0.0083 0.1561 0.0083 0.1497 0.0145 0.4111 0.0145 0.4344 0.0145 0.4126 0.0221 0.4111 0.0145 0.4320 0.0083 0.4344 0.0145 0.4111 0.0145 0.4095 0.0083 0.4320 0.0083 0.1888 0.0021 0.1766 0.0021 0.1666 0.0083 0.1888 0.0021 0.1985 0.0000 0.1766 0.0021 0.3940 0.0083 0.3921 0.0021 0.4023 0.0083 0.1606 0.0145 0.1497 0.0145 0.1553 0.0221 0.1606 0.0145 0.1666 0.0083 0.1497 0.0145 0.3782 0.0021 0.3570 0.0021 0.3570 0.0000 0.3782 0.0021 0.3770 0.0000 0.3901 0.0000 0.1794 0.0083 0.1888 0.0021 0.1666 0.0083 0.3782 0.0021 0.3570 0.0000 0.3770 0.0000 0.1794 0.0083 0.1666 0.0083 0.1606 0.0145 0.3782 0.0021 0.3901 0.0000 0.3921 0.0021 0.3782 0.0021 0.3921 0.0021 0.3940 0.0083 0.4037 0.0145 0.4023 0.0083 0.4095 0.0083 0.2021 0.0021 0.1888 0.0021 0.1794 0.0083 0.4037 0.0145 0.4095 0.0083 0.4111 0.0145 0.2021 0.0021 0.1985 0.0000 0.1888 0.0021 0.4037 0.0145 0.4111 0.0145 0.4126 0.0221 0.2021 0.0021 0.2110 0.0000 0.1985 0.0000 0.1738 0.0145 0.1606 0.0145 0.1553 0.0221 0.1738 0.0145 0.1794 0.0083 0.1606 0.0145 0.3952 0.0145 0.3940 0.0083 0.4023 0.0083 0.1738 0.0145 0.1553 0.0221 0.1969 0.0221 0.3952 0.0145 0.4023 0.0083 0.4037 0.0145 0.3952 0.0145 0.4037 0.0145 0.4126 0.0221 0.2138 0.0021 0.2352 0.0000 0.2110 0.0000 0.3794 0.0083 0.3570 0.0083 0.3570 0.0021 0.2138 0.0021 0.2110 0.0000 0.2021 0.0021 0.3794 0.0083 0.3940 0.0083 0.3952 0.0145 0.1935 0.0083 0.2138 0.0021 0.2021 0.0021 0.1935 0.0083 0.2021 0.0021 0.1794 0.0083 0.3794 0.0083 0.3570 0.0021 0.3782 0.0021 0.3794 0.0083 0.3782 0.0021 0.3940 0.0083 0.1935 0.0083 0.1794 0.0083 0.1738 0.0145 0.3801 0.0145 0.3570 0.0145 0.3570 0.0083 0.3801 0.0145 0.3570 0.0221 0.3570 0.0145 0.1883 0.0145 0.1738 0.0145 0.1969 0.0221 0.3801 0.0145 0.3570 0.0083 0.3794 0.0083 0.1883 0.0145 0.1935 0.0083 0.1738 0.0145 0.3801 0.0145 0.3952 0.0145 0.4126 0.0221 0.3801 0.0145 0.3794 0.0083 0.3952 0.0145 0.3801 0.0145 0.4126 0.0221 0.3570 0.0221 0.2059 0.0083 0.2138 0.0021 0.1935 0.0083 0.2278 0.0021 0.2493 0.0000 0.2352 0.0000 0.2278 0.0021 0.2352 0.0000 0.2138 0.0021 0.2011 0.0145 0.2059 0.0083 0.1935 0.0083 0.2011 0.0145 0.1883 0.0145 0.1969 0.0221 0.2011 0.0145 0.1935 0.0083 0.1883 0.0145 0.2206 0.0083 0.2138 0.0021 0.2059 0.0083 0.2206 0.0083 0.2278 0.0021 0.2138 0.0021 0.2427 0.0021 0.2493 0.0000 0.2278 0.0021 0.2427 0.0021 0.2278 0.0021 0.2206 0.0083 0.2163 0.0145 0.1969 0.0221 0.2448 0.0221 0.2163 0.0145 0.2206 0.0083 0.2059 0.0083 0.2163 0.0145 0.2059 0.0083 0.2011 0.0145 0.2163 0.0145 0.2011 0.0145 0.1969 0.0221 0.2363 0.0083 0.2427 0.0021 0.2206 0.0083 0.2363 0.0083 0.2206 0.0083 0.2163 0.0145 0.2566 0.0021 0.2754 0.0000 0.2493 0.0000 0.2566 0.0021 0.2493 0.0000 0.2427 0.0021 0.2325 0.0145 0.2163 0.0145 0.2448 0.0221 0.2325 0.0145 0.2363 0.0083 0.2163 0.0145 0.2511 0.0083 0.2427 0.0021 0.2363 0.0083 0.2511 0.0083 0.2566 0.0021 0.2427 0.0021 0.2704 0.0021 0.2754 0.0000 0.2566 0.0021 0.2704 0.0021 0.2566 0.0021 0.2511 0.0083 0.2477 0.0145 0.2325 0.0145 0.2448 0.0221 0.2477 0.0145 0.2363 0.0083 0.2325 0.0145 0.2477 0.0145 0.2511 0.0083 0.2363 0.0083 0.2656 0.0083 0.2704 0.0021 0.2511 0.0083 0.2656 0.0083 0.2511 0.0083 0.2477 0.0145 0.2860 0.0021 0.2901 0.0000 0.2754 0.0000 0.2860 0.0021 0.2754 0.0000 0.2704 0.0021 0.2860 0.0021 0.2704 0.0021 0.2656 0.0083 0.2627 0.0145 0.2477 0.0145 0.2448 0.0221 0.2627 0.0145 0.2656 0.0083 0.2477 0.0145 0.2820 0.0083 0.2860 0.0021 0.2656 0.0083 0.2820 0.0083 0.2656 0.0083 0.2627 0.0145 0.3073 0.0021 0.2901 0.0000 0.2860 0.0021 0.3073 0.0021 0.3166 0.0000 0.2901 0.0000 0.2796 0.0145 0.2627 0.0145 0.2448 0.0221 0.2796 0.0145 0.2820 0.0083 0.2627 0.0145 0.2796 0.0145 0.2448 0.0221 0.3015 0.0221 0.3142 0.0021 0.3166 0.0000 0.3073 0.0021 0.3046 0.0083 0.3073 0.0021 0.2860 0.0021 0.3046 0.0083 0.3142 0.0021 0.3073 0.0021 0.3046 0.0083 0.2860 0.0021 0.2820 0.0083 0.3220 0.0021 0.3166 0.0000 0.3142 0.0021 0.3220 0.0021 0.3240 0.0000 0.3166 0.0000 0.3118 0.0083 0.3142 0.0021 0.3046 0.0083 0.3118 0.0083 0.3220 0.0021 0.3142 0.0021 0.3029 0.0145 0.3046 0.0083 0.2820 0.0083 0.3029 0.0145 0.2820 0.0083 0.2796 0.0145 0.3029 0.0145 0.2796 0.0145 0.3015 0.0221 0.3029 0.0145 0.3118 0.0083 0.3046 0.0083 0.3200 0.0083 0.3220 0.0021 0.3118 0.0083 0.3359 0.0021 0.3220 0.0021 0.3200 0.0083 0.3359 0.0021 0.3240 0.0000 0.3220 0.0021 0.3359 0.0021 0.3371 0.0000 0.3240 0.0000 0.3359 0.0021 0.3570 0.0000 0.3371 0.0000 0.3103 0.0145 0.3029 0.0145 0.3015 0.0221 0.3103 0.0145 0.3118 0.0083 0.3029 0.0145 0.3103 0.0145 0.3200 0.0083 0.3118 0.0083 0.3189 0.0145 0.3200 0.0083 0.3103 0.0145 0.3189 0.0145 0.3103 0.0145 0.3015 0.0221 0.3347 0.0083 0.3359 0.0021 0.3200 0.0083 0.3570 0.0021 0.3359 0.0021 0.3347 0.0083 0.3570 0.0021 0.3570 0.0000 0.3359 0.0021 0.3340 0.0145 0.3200 0.0083 0.3189 0.0145 0.3340 0.0145 0.3347 0.0083 0.3200 0.0083 0.3340 0.0145 0.3189 0.0145 0.3015 0.0221 0.3340 0.0145 0.3015 0.0221 0.3570 0.0221 0.3570 0.0083 0.3570 0.0021 0.3347 0.0083 0.3570 0.0145 0.3570 0.0221 0.4027 0.0221 0.3570 0.0145 0.3347 0.0083 0.3340 0.0145 0.3570 0.0145 0.3340 0.0145 0.3570 0.0221 0.3570 0.0145 0.3570 0.0083 0.3347 0.0083 0.3979 0.0021 0.4081 0.0000 0.3570 0.0000 0.3979 0.0021 0.3570 0.0000 0.3570 0.0021 0.3979 0.0021 0.3570 0.0021 0.3570 0.0083 0.4015 0.0021 0.4081 0.0000 0.3979 0.0021 0.4113 0.0021 0.4081 0.0000 0.4015 0.0021 0.4001 0.0083 0.3979 0.0021 0.3570 0.0083 0.4001 0.0083 0.4015 0.0021 0.3979 0.0021 0.4040 0.0083 0.4113 0.0021 0.4015 0.0021 0.4040 0.0083 0.4015 0.0021 0.4001 0.0083 0.4015 0.0145 0.4027 0.0221 0.4068 0.0221 0.4015 0.0145 0.4001 0.0083 0.3570 0.0083 0.4015 0.0145 0.3570 0.0145 0.4027 0.0221 0.4015 0.0145 0.3570 0.0083 0.3570 0.0145 0.4055 0.0145 0.4001 0.0083 0.4015 0.0145 0.4055 0.0145 0.4015 0.0145 0.4068 0.0221 0.4055 0.0145 0.4040 0.0083 0.4001 0.0083 0.4143 0.0083 0.4113 0.0021 0.4040 0.0083 0.4161 0.0145 0.4068 0.0221 0.4496 0.0221 0.4161 0.0145 0.4055 0.0145 0.4068 0.0221 0.4161 0.0145 0.4040 0.0083 0.4055 0.0145 0.4161 0.0145 0.4143 0.0083 0.4040 0.0083 0.4398 0.0021 0.4600 0.0000 0.4081 0.0000 0.4398 0.0021 0.4081 0.0000 0.4113 0.0021 0.4471 0.0021 0.4600 0.0000 0.4398 0.0021 0.4444 0.0083 0.4113 0.0021 0.4143 0.0083 0.4444 0.0083 0.4398 0.0021 0.4113 0.0021 0.4444 0.0083 0.4471 0.0021 0.4398 0.0021 0.4520 0.0083 0.4471 0.0021 0.4444 0.0083 0.4471 0.0145 0.4444 0.0083 0.4143 0.0083 0.4471 0.0145 0.4161 0.0145 0.4496 0.0221 0.4471 0.0145 0.4143 0.0083 0.4161 0.0145 0.4663 0.0021 0.4600 0.0000 0.4471 0.0021 0.4663 0.0021 0.4471 0.0021 0.4520 0.0083 0.4551 0.0145 0.4496 0.0221 0.4577 0.0221 0.4551 0.0145 0.4471 0.0145 0.4496 0.0221 0.4551 0.0145 0.4520 0.0083 0.4444 0.0083 0.4551 0.0145 0.4444 0.0083 0.4471 0.0145 0.4724 0.0083 0.4663 0.0021 0.4520 0.0083 0.4875 0.0021 0.5027 0.0000 0.4600 0.0000 0.4875 0.0021 0.4663 0.0021 0.4724 0.0083 0.4875 0.0021 0.4600 0.0000 0.4663 0.0021 0.4760 0.0145 0.4724 0.0083 0.4520 0.0083 0.4760 0.0145 0.4520 0.0083 0.4551 0.0145 0.4760 0.0145 0.4577 0.0221 0.5029 0.0221 0.4760 0.0145 0.4551 0.0145 0.4577 0.0221 0.4941 0.0021 0.5027 0.0000 0.4875 0.0021 0.4947 0.0083 0.4724 0.0083 0.4760 0.0145 0.4947 0.0083 0.4875 0.0021 0.4724 0.0083 0.4947 0.0083 0.4941 0.0021 0.4875 0.0021 0.5017 0.0083 0.4941 0.0021 0.4947 0.0083 0.4991 0.0145 0.4760 0.0145 0.5029 0.0221 0.4991 0.0145 0.4947 0.0083 0.4760 0.0145 0.4991 0.0145 0.5017 0.0083 0.4947 0.0083 0.5116 0.0021 0.5027 0.0000 0.4941 0.0021 0.5116 0.0021 0.4941 0.0021 0.5017 0.0083 0.5063 0.0145 0.5029 0.0221 0.5103 0.0221 0.5063 0.0145 0.5017 0.0083 0.4991 0.0145 0.5063 0.0145 0.4991 0.0145 0.5029 0.0221 0.5202 0.0083 0.5116 0.0021 0.5017 0.0083 0.5202 0.0083 0.5017 0.0083 0.5063 0.0145 0.5300 0.0021 0.5362 0.0000 0.5027 0.0000 0.5300 0.0021 0.5027 0.0000 0.5116 0.0021 0.5300 0.0021 0.5116 0.0021 0.5202 0.0083 0.5254 0.0145 0.5103 0.0221 0.5504 0.0221 0.5254 0.0145 0.5063 0.0145 0.5103 0.0221 0.5254 0.0145 0.5202 0.0083 0.5063 0.0145 0.5357 0.0021 0.5362 0.0000 0.5300 0.0021 0.5396 0.0083 0.5300 0.0021 0.5202 0.0083 0.5396 0.0083 0.5357 0.0021 0.5300 0.0021 0.5456 0.0083 0.5357 0.0021 0.5396 0.0083 0.5471 0.0021 0.5357 0.0021 0.5456 0.0083 0.5471 0.0021 0.5362 0.0000 0.5357 0.0021 0.5454 0.0145 0.5504 0.0221 0.5568 0.0221 0.5454 0.0145 0.5254 0.0145 0.5504 0.0221 0.5454 0.0145 0.5202 0.0083 0.5254 0.0145 0.3162 0.0021 0.3059 0.0000 0.3570 0.0000 0.5454 0.0145 0.5456 0.0083 0.5396 0.0083 0.5454 0.0145 0.5396 0.0083 0.5202 0.0083 0.3162 0.0021 0.3570 0.0000 0.3570 0.0021 0.5516 0.0145 0.5454 0.0145 0.5568 0.0221 0.5516 0.0145 0.5456 0.0083 0.5454 0.0145 0.3126 0.0021 0.3059 0.0000 0.3162 0.0021 0.5577 0.0083 0.5471 0.0021 0.5456 0.0083 0.3028 0.0021 0.3059 0.0000 0.3126 0.0021 0.5621 0.0021 0.5629 0.0000 0.5362 0.0000 0.5621 0.0021 0.5362 0.0000 0.5471 0.0021 0.3139 0.0083 0.3570 0.0021 0.3570 0.0083 0.3139 0.0083 0.3570 0.0083 0.3570 0.0145 0.3139 0.0083 0.3162 0.0021 0.3570 0.0021 0.5641 0.0145 0.5516 0.0145 0.5568 0.0221 0.3139 0.0083 0.3126 0.0021 0.3162 0.0021 0.5641 0.0145 0.5456 0.0083 0.5516 0.0145 0.5641 0.0145 0.5577 0.0083 0.5456 0.0083 0.5641 0.0145 0.5568 0.0221 0.5863 0.0221 0.3101 0.0083 0.3126 0.0021 0.3139 0.0083 0.5667 0.0021 0.5629 0.0000 0.5621 0.0021 0.3101 0.0083 0.3028 0.0021 0.3126 0.0021 0.5734 0.0083 0.5621 0.0021 0.5471 0.0021 0.5734 0.0083 0.5471 0.0021 0.5577 0.0083 0.3126 0.0145 0.3570 0.0145 0.3570 0.0221 0.5734 0.0083 0.5667 0.0021 0.5621 0.0021 0.3126 0.0145 0.3114 0.0221 0.3073 0.0221 0.3126 0.0145 0.3570 0.0221 0.3114 0.0221 0.3126 0.0145 0.3139 0.0083 0.3570 0.0145 0.3086 0.0145 0.3101 0.0083 0.3139 0.0083 0.3086 0.0145 0.3126 0.0145 0.3073 0.0221 0.5783 0.0083 0.5667 0.0021 0.5734 0.0083 0.3086 0.0145 0.3139 0.0083 0.3126 0.0145 0.2998 0.0083 0.3028 0.0021 0.3101 0.0083 0.5755 0.0021 0.5629 0.0000 0.5667 0.0021 0.5755 0.0021 0.5667 0.0021 0.5783 0.0083 0.2980 0.0145 0.3101 0.0083 0.3086 0.0145 0.2980 0.0145 0.3073 0.0221 0.2645 0.0221 0.5803 0.0145 0.5734 0.0083 0.5577 0.0083 0.2980 0.0145 0.3086 0.0145 0.3073 0.0221 0.5803 0.0145 0.5577 0.0083 0.5641 0.0145 0.2980 0.0145 0.2998 0.0083 0.3101 0.0083 0.5803 0.0145 0.5641 0.0145 0.5863 0.0221 0.2743 0.0021 0.2541 0.0000 0.3059 0.0000 0.5803 0.0145 0.5863 0.0221 0.5915 0.0221 0.5853 0.0145 0.5783 0.0083 0.5734 0.0083 0.2743 0.0021 0.3059 0.0000 0.3028 0.0021 0.5853 0.0145 0.5734 0.0083 0.5803 0.0145 0.2743 0.0021 0.3028 0.0021 0.2998 0.0083 0.5853 0.0145 0.5803 0.0145 0.5915 0.0221 0.2670 0.0021 0.2541 0.0000 0.2743 0.0021 0.5877 0.0083 0.5755 0.0021 0.5783 0.0083 0.5877 0.0083 0.5783 0.0083 0.5853 0.0145 0.2697 0.0083 0.2998 0.0083 0.2980 0.0145 0.2697 0.0083 0.2670 0.0021 0.2743 0.0021 0.5869 0.0021 0.5819 0.0000 0.5629 0.0000 0.2697 0.0083 0.2743 0.0021 0.2998 0.0083 0.5869 0.0021 0.5629 0.0000 0.5755 0.0021 0.5869 0.0021 0.5755 0.0021 0.5877 0.0083 0.5950 0.0145 0.5853 0.0145 0.5915 0.0221 0.2620 0.0083 0.2670 0.0021 0.2697 0.0083 0.5950 0.0145 0.5877 0.0083 0.5853 0.0145 0.5950 0.0145 0.5915 0.0221 0.6141 0.0221 0.2669 0.0145 0.2980 0.0145 0.2645 0.0221 0.5902 0.0021 0.5819 0.0000 0.5869 0.0021 0.2669 0.0145 0.2697 0.0083 0.2980 0.0145 0.2477 0.0021 0.2541 0.0000 0.2670 0.0021 0.5997 0.0083 0.5869 0.0021 0.5877 0.0083 0.5997 0.0083 0.5902 0.0021 0.5869 0.0021 0.2590 0.0145 0.2697 0.0083 0.2669 0.0145 0.6032 0.0083 0.5902 0.0021 0.5997 0.0083 0.2590 0.0145 0.2669 0.0145 0.2645 0.0221 0.2590 0.0145 0.2620 0.0083 0.2697 0.0083 0.2590 0.0145 0.2645 0.0221 0.2564 0.0221 0.5957 0.0021 0.5819 0.0000 0.5902 0.0021 0.2417 0.0083 0.2477 0.0021 0.2670 0.0021 0.5957 0.0021 0.5902 0.0021 0.6032 0.0083 0.2417 0.0083 0.2670 0.0021 0.2620 0.0083 0.6074 0.0145 0.5950 0.0145 0.6141 0.0221 0.6074 0.0145 0.5877 0.0083 0.5950 0.0145 0.2266 0.0021 0.2541 0.0000 0.2477 0.0021 0.6074 0.0145 0.5997 0.0083 0.5877 0.0083 0.2266 0.0021 0.2113 0.0000 0.2541 0.0000 0.6074 0.0145 0.6141 0.0221 0.6178 0.0221 0.6110 0.0145 0.6032 0.0083 0.5997 0.0083 0.6110 0.0145 0.5997 0.0083 0.6074 0.0145 0.2380 0.0145 0.2417 0.0083 0.2620 0.0083 0.6110 0.0145 0.6074 0.0145 0.6178 0.0221 0.2380 0.0145 0.2590 0.0145 0.2564 0.0221 0.2380 0.0145 0.2564 0.0221 0.2112 0.0221 0.6089 0.0083 0.5957 0.0021 0.6032 0.0083 0.2380 0.0145 0.2620 0.0083 0.2590 0.0145 0.2200 0.0021 0.2113 0.0000 0.2266 0.0021 0.6169 0.0145 0.6110 0.0145 0.6178 0.0221 0.6169 0.0145 0.6089 0.0083 0.6032 0.0083 0.6169 0.0145 0.6032 0.0083 0.6110 0.0145 0.2194 0.0083 0.2200 0.0021 0.2266 0.0021 0.6169 0.0145 0.6178 0.0221 0.6325 0.0221 0.2194 0.0083 0.2417 0.0083 0.2380 0.0145 0.6034 0.0021 0.5928 0.0000 0.5819 0.0000 0.2194 0.0083 0.2266 0.0021 0.2477 0.0021 0.2194 0.0083 0.2477 0.0021 0.2417 0.0083 0.6034 0.0021 0.5819 0.0000 0.5957 0.0021 0.2123 0.0083 0.2200 0.0021 0.2194 0.0083 0.6060 0.0021 0.5928 0.0000 0.6034 0.0021 0.2150 0.0145 0.2194 0.0083 0.2380 0.0145 0.2150 0.0145 0.2380 0.0145 0.2112 0.0221 0.6171 0.0083 0.5957 0.0021 0.6089 0.0083 0.2024 0.0021 0.2113 0.0000 0.2200 0.0021 0.6171 0.0083 0.6034 0.0021 0.5957 0.0021 0.6171 0.0083 0.6060 0.0021 0.6034 0.0021 0.2024 0.0021 0.2200 0.0021 0.2123 0.0083 0.6073 0.0021 0.5928 0.0000 0.6060 0.0021 0.2078 0.0145 0.2150 0.0145 0.2112 0.0221 0.2078 0.0145 0.2194 0.0083 0.2150 0.0145 0.6253 0.0145 0.6089 0.0083 0.6169 0.0145 0.2078 0.0145 0.2123 0.0083 0.2194 0.0083 0.6253 0.0145 0.6169 0.0145 0.6325 0.0221 0.6253 0.0145 0.6171 0.0083 0.6089 0.0083 0.2078 0.0145 0.2112 0.0221 0.2037 0.0221 0.1938 0.0083 0.2024 0.0021 0.2123 0.0083 0.6198 0.0083 0.6060 0.0021 0.6171 0.0083 0.6198 0.0083 0.6073 0.0021 0.6060 0.0021 0.1841 0.0021 0.2113 0.0000 0.2024 0.0021 0.1841 0.0021 0.1779 0.0000 0.2113 0.0000 0.6212 0.0083 0.6073 0.0021 0.6198 0.0083 0.1887 0.0145 0.2078 0.0145 0.2037 0.0221 0.6282 0.0145 0.6198 0.0083 0.6171 0.0083 0.1887 0.0145 0.1938 0.0083 0.2123 0.0083 0.6282 0.0145 0.6253 0.0145 0.6325 0.0221 0.1887 0.0145 0.2123 0.0083 0.2078 0.0145 0.6282 0.0145 0.6171 0.0083 0.6253 0.0145 0.1887 0.0145 0.2037 0.0221 0.1636 0.0221 0.6282 0.0145 0.6325 0.0221 0.6354 0.0221 0.1784 0.0021 0.1779 0.0000 0.1841 0.0021 0.6100 0.0021 0.5954 0.0000 0.5928 0.0000 0.6100 0.0021 0.5928 0.0000 0.6073 0.0021 0.1745 0.0083 0.2024 0.0021 0.1938 0.0083 0.6100 0.0021 0.6073 0.0021 0.6212 0.0083 0.1745 0.0083 0.1784 0.0021 0.1841 0.0021 0.6295 0.0145 0.6198 0.0083 0.6282 0.0145 0.1745 0.0083 0.1841 0.0021 0.2024 0.0021 0.6295 0.0145 0.6212 0.0083 0.6198 0.0083 0.1685 0.0083 0.1784 0.0021 0.1745 0.0083 0.6295 0.0145 0.6282 0.0145 0.6354 0.0221 0.6106 0.0021 0.5963 0.0000 0.5954 0.0000 0.6106 0.0021 0.5954 0.0000 0.6100 0.0021 0.1669 0.0021 0.1779 0.0000 0.1784 0.0021 0.6241 0.0083 0.6212 0.0083 0.6295 0.0145 0.6241 0.0083 0.6100 0.0021 0.6212 0.0083 0.1687 0.0145 0.1938 0.0083 0.1887 0.0145 0.1687 0.0145 0.1887 0.0145 0.1636 0.0221 0.6241 0.0083 0.6106 0.0021 0.6100 0.0021 0.1687 0.0145 0.1745 0.0083 0.1938 0.0083 0.1687 0.0145 0.1636 0.0221 0.1573 0.0221 0.6109 0.0021 0.5963 0.0000 0.6106 0.0021 0.1625 0.0145 0.1685 0.0083 0.1745 0.0083 0.1625 0.0145 0.1687 0.0145 0.1573 0.0221 0.1625 0.0145 0.1745 0.0083 0.1687 0.0145 0.1564 0.0083 0.1784 0.0021 0.1685 0.0083 0.6109 0.0021 0.5963 0.0000 0.5963 0.0000 0.1564 0.0083 0.1669 0.0021 0.1784 0.0021 0.6109 0.0021 0.5963 0.0000 0.6109 0.0021 0.6325 0.0145 0.6295 0.0145 0.6354 0.0221 0.1520 0.0021 0.1779 0.0000 0.1669 0.0021 0.6325 0.0145 0.6241 0.0083 0.6295 0.0145 0.1520 0.0021 0.1511 0.0000 0.1779 0.0000 0.6325 0.0145 0.6354 0.0221 0.6406 0.0221 0.6247 0.0083 0.6106 0.0021 0.6241 0.0083 0.1500 0.0145 0.1685 0.0083 0.1625 0.0145 0.1500 0.0145 0.1564 0.0083 0.1685 0.0083 0.1500 0.0145 0.1573 0.0221 0.1277 0.0221 0.6247 0.0083 0.6109 0.0021 0.6106 0.0021 0.1500 0.0145 0.1625 0.0145 0.1573 0.0221 0.1474 0.0021 0.1511 0.0000 0.1520 0.0021 0.6332 0.0145 0.6247 0.0083 0.6241 0.0083 0.6332 0.0145 0.6241 0.0083 0.6325 0.0145 0.6332 0.0145 0.6325 0.0145 0.6406 0.0221 0.1406 0.0083 0.1474 0.0021 0.1520 0.0021 0.6250 0.0083 0.6109 0.0021 0.6247 0.0083 0.6250 0.0083 0.6109 0.0021 0.6109 0.0021 0.1406 0.0083 0.1520 0.0021 0.1669 0.0021 0.1406 0.0083 0.1669 0.0021 0.1564 0.0083 0.1358 0.0083 0.1474 0.0021 0.1406 0.0083 0.6250 0.0083 0.6109 0.0021 0.6250 0.0083 0.6335 0.0145 0.6250 0.0083 0.6247 0.0083 0.6335 0.0145 0.6247 0.0083 0.6332 0.0145 0.6335 0.0145 0.6332 0.0145 0.6406 0.0221 0.1385 0.0021 0.1474 0.0021 0.1358 0.0083 0.1385 0.0021 0.1511 0.0000 0.1474 0.0021 0.6335 0.0145 0.6406 0.0221 0.6409 0.0221 0.6335 0.0145 0.6250 0.0083 0.6335 0.0145 0.1338 0.0145 0.1564 0.0083 0.1500 0.0145 0.6335 0.0145 0.6250 0.0083 0.6250 0.0083 0.1338 0.0145 0.1406 0.0083 0.1564 0.0083 0.1338 0.0145 0.1500 0.0145 0.1277 0.0221 0.6335 0.0145 0.6335 0.0145 0.6409 0.0221 0.6078 0.0021 0.5929 0.0000 0.5963 0.0000 0.1287 0.0145 0.1358 0.0083 0.1406 0.0083 0.1287 0.0145 0.1338 0.0145 0.1277 0.0221 0.6078 0.0021 0.5963 0.0000 0.6109 0.0021 0.1287 0.0145 0.1406 0.0083 0.1338 0.0145 0.6078 0.0021 0.6109 0.0021 0.6250 0.0083 0.1287 0.0145 0.1277 0.0221 0.1226 0.0221 0.1264 0.0083 0.1358 0.0083 0.1287 0.0145 0.6070 0.0021 0.5907 0.0000 0.5929 0.0000 0.1264 0.0083 0.1385 0.0021 0.1358 0.0083 0.6070 0.0021 0.5929 0.0000 0.6078 0.0021 0.1271 0.0021 0.1322 0.0000 0.1511 0.0000 0.1271 0.0021 0.1511 0.0000 0.1385 0.0021 0.6217 0.0083 0.6078 0.0021 0.6250 0.0083 0.1191 0.0145 0.1264 0.0083 0.1287 0.0145 0.1191 0.0145 0.1287 0.0145 0.1226 0.0221 0.6217 0.0083 0.6070 0.0021 0.6078 0.0021 0.1191 0.0145 0.1226 0.0221 0.0999 0.0221 0.6050 0.0021 0.5907 0.0000 0.6070 0.0021 0.1238 0.0021 0.1322 0.0000 0.1271 0.0021 0.1144 0.0083 0.1385 0.0021 0.1264 0.0083 0.6209 0.0083 0.6050 0.0021 0.6070 0.0021 0.6209 0.0083 0.6070 0.0021 0.6217 0.0083 0.1144 0.0083 0.1271 0.0021 0.1385 0.0021 0.1144 0.0083 0.1238 0.0021 0.1271 0.0021 0.6301 0.0145 0.6250 0.0083 0.6335 0.0145 0.6301 0.0145 0.6335 0.0145 0.6409 0.0221 0.1109 0.0083 0.1238 0.0021 0.1144 0.0083 0.6301 0.0145 0.6217 0.0083 0.6250 0.0083 0.6301 0.0145 0.6409 0.0221 0.6375 0.0221 0.1184 0.0021 0.1322 0.0000 0.1238 0.0021 0.1184 0.0021 0.1238 0.0021 0.1109 0.0083 0.6292 0.0145 0.6217 0.0083 0.6301 0.0145 0.1067 0.0145 0.1264 0.0083 0.1191 0.0145 0.6292 0.0145 0.6209 0.0083 0.6217 0.0083 0.1067 0.0145 0.1144 0.0083 0.1264 0.0083 0.1067 0.0145 0.1191 0.0145 0.0999 0.0221 0.6292 0.0145 0.6375 0.0221 0.6366 0.0221 0.1067 0.0145 0.1109 0.0083 0.1144 0.0083 0.6292 0.0145 0.6301 0.0145 0.6375 0.0221 0.1067 0.0145 0.0999 0.0221 0.0963 0.0221 0.6188 0.0083 0.6050 0.0021 0.6209 0.0083 0.1031 0.0145 0.1109 0.0083 0.1067 0.0145 0.1031 0.0145 0.1067 0.0145 0.0963 0.0221 0.1051 0.0083 0.1109 0.0083 0.1031 0.0145 0.6271 0.0145 0.6366 0.0221 0.6225 0.0221 0.1051 0.0083 0.1184 0.0021 0.1109 0.0083 0.6271 0.0145 0.6188 0.0083 0.6209 0.0083 0.6271 0.0145 0.6209 0.0083 0.6292 0.0145 0.6271 0.0145 0.6292 0.0145 0.6366 0.0221 0.0972 0.0145 0.1051 0.0083 0.1031 0.0145 0.5958 0.0021 0.5820 0.0000 0.5907 0.0000 0.0972 0.0145 0.0963 0.0221 0.0815 0.0221 0.0972 0.0145 0.1031 0.0145 0.0963 0.0221 0.5958 0.0021 0.5907 0.0000 0.6050 0.0021 0.1107 0.0021 0.1212 0.0000 0.1322 0.0000 0.5958 0.0021 0.6050 0.0021 0.6188 0.0083 0.1107 0.0021 0.1322 0.0000 0.1184 0.0021 0.5944 0.0021 0.5730 0.0000 0.5820 0.0000 0.1107 0.0021 0.1184 0.0021 0.1051 0.0083 0.5944 0.0021 0.5820 0.0000 0.5958 0.0021 0.1081 0.0021 0.1212 0.0000 0.1107 0.0021 0.6091 0.0083 0.6188 0.0083 0.6271 0.0145 0.6091 0.0083 0.5944 0.0021 0.5958 0.0021 0.0970 0.0083 0.1081 0.0021 0.1107 0.0021 0.6091 0.0083 0.5958 0.0021 0.6188 0.0083 0.0970 0.0083 0.1051 0.0083 0.0972 0.0145 0.6076 0.0083 0.5944 0.0021 0.6091 0.0083 0.0970 0.0083 0.1107 0.0021 0.1051 0.0083 0.6171 0.0145 0.6271 0.0145 0.6225 0.0221 0.1068 0.0021 0.1212 0.0000 0.1081 0.0021 0.6171 0.0145 0.6091 0.0083 0.6271 0.0145 0.5862 0.0021 0.5944 0.0021 0.6076 0.0083 0.5862 0.0021 0.5730 0.0000 0.5944 0.0021 0.0887 0.0145 0.0972 0.0145 0.0815 0.0221 0.0887 0.0145 0.0970 0.0083 0.0972 0.0145 0.0942 0.0083 0.1068 0.0021 0.1081 0.0021 0.6155 0.0145 0.6076 0.0083 0.6091 0.0083 0.0942 0.0083 0.1081 0.0021 0.0970 0.0083 0.6155 0.0145 0.6171 0.0145 0.6225 0.0221 0.6155 0.0145 0.6091 0.0083 0.6171 0.0145 0.5989 0.0083 0.5862 0.0021 0.6076 0.0083 0.5989 0.0083 0.6076 0.0083 0.6155 0.0145 0.0929 0.0083 0.1068 0.0021 0.0942 0.0083 0.0859 0.0145 0.0815 0.0221 0.0786 0.0221 0.0859 0.0145 0.0887 0.0145 0.0815 0.0221 0.5757 0.0021 0.5631 0.0000 0.5730 0.0000 0.0859 0.0145 0.0970 0.0083 0.0887 0.0145 0.5757 0.0021 0.5862 0.0021 0.5989 0.0083 0.0859 0.0145 0.0942 0.0083 0.0970 0.0083 0.1040 0.0021 0.1186 0.0000 0.1212 0.0000 0.5757 0.0021 0.5730 0.0000 0.5862 0.0021 0.6066 0.0145 0.5989 0.0083 0.6155 0.0145 0.6066 0.0145 0.6155 0.0145 0.6225 0.0221 0.1040 0.0021 0.1212 0.0000 0.1068 0.0021 0.6066 0.0145 0.6225 0.0221 0.5960 0.0221 0.5707 0.0021 0.5468 0.0000 0.5631 0.0000 0.1040 0.0021 0.1068 0.0021 0.0929 0.0083 0.0845 0.0145 0.0929 0.0083 0.0942 0.0083 0.0845 0.0145 0.0859 0.0145 0.0786 0.0221 0.5707 0.0021 0.5631 0.0000 0.5757 0.0021 0.5879 0.0083 0.5989 0.0083 0.6066 0.0145 0.5879 0.0083 0.5757 0.0021 0.5989 0.0083 0.0845 0.0145 0.0942 0.0083 0.0859 0.0145 0.1034 0.0021 0.1178 0.0000 0.1186 0.0000 0.5879 0.0083 0.5707 0.0021 0.5757 0.0021 0.1034 0.0021 0.1186 0.0000 0.1040 0.0021 0.0900 0.0083 0.1040 0.0021 0.0929 0.0083 0.5826 0.0083 0.5707 0.0021 0.5879 0.0083 0.5952 0.0145 0.5879 0.0083 0.6066 0.0145 0.0900 0.0083 0.1034 0.0021 0.1040 0.0021 0.5952 0.0145 0.6066 0.0145 0.5960 0.0221 0.0900 0.0083 0.0929 0.0083 0.0845 0.0145 0.1032 0.0021 0.1178 0.0000 0.1034 0.0021 0.5584 0.0021 0.5468 0.0000 0.5707 0.0021 0.5584 0.0021 0.5707 0.0021 0.5826 0.0083 0.1032 0.0021 0.1178 0.0000 0.1032 0.0021 0.5897 0.0145 0.5879 0.0083 0.5952 0.0145 0.1032 0.0021 0.1178 0.0000 0.1178 0.0000 0.5897 0.0145 0.5826 0.0083 0.5879 0.0083 0.5897 0.0145 0.5952 0.0145 0.5960 0.0221 0.0815 0.0145 0.0845 0.0145 0.0786 0.0221 0.0815 0.0145 0.0900 0.0083 0.0845 0.0145 0.5696 0.0083 0.5584 0.0021 0.5826 0.0083 0.5696 0.0083 0.5826 0.0083 0.5897 0.0145 0.0815 0.0145 0.0786 0.0221 0.0734 0.0221 0.0894 0.0083 0.1034 0.0021 0.0900 0.0083 0.5474 0.0021 0.5364 0.0000 0.5468 0.0000 0.0894 0.0083 0.0900 0.0083 0.0815 0.0145 0.5474 0.0021 0.5584 0.0021 0.5696 0.0083 0.0894 0.0083 0.1032 0.0021 0.1034 0.0021 0.5474 0.0021 0.5468 0.0000 0.5584 0.0021 0.0809 0.0145 0.0815 0.0145 0.0734 0.0221 0.5763 0.0145 0.5897 0.0145 0.5960 0.0221 0.0809 0.0145 0.0894 0.0083 0.0815 0.0145 0.5763 0.0145 0.5696 0.0083 0.5897 0.0145 0.5763 0.0145 0.5960 0.0221 0.5588 0.0221 0.0891 0.0083 0.1032 0.0021 0.0894 0.0083 0.5374 0.0021 0.5364 0.0000 0.5474 0.0021 0.0891 0.0083 0.1032 0.0021 0.1032 0.0021 0.5374 0.0021 0.5156 0.0000 0.5364 0.0000 0.0891 0.0083 0.0894 0.0083 0.0809 0.0145 0.5580 0.0083 0.5374 0.0021 0.5474 0.0021 0.0891 0.0083 0.1032 0.0021 0.0891 0.0083 0.5580 0.0083 0.5474 0.0021 0.5696 0.0083 0.5580 0.0083 0.5696 0.0083 0.5763 0.0145 0.5644 0.0145 0.5763 0.0145 0.5588 0.0221 0.0806 0.0145 0.0809 0.0145 0.0734 0.0221 0.5644 0.0145 0.5580 0.0083 0.5763 0.0145 0.0806 0.0145 0.0891 0.0083 0.0809 0.0145 0.5474 0.0083 0.5374 0.0021 0.5580 0.0083 0.0806 0.0145 0.0734 0.0221 0.0731 0.0221 0.0806 0.0145 0.0891 0.0083 0.0806 0.0145 0.0806 0.0145 0.0891 0.0083 0.0891 0.0083 0.5474 0.0083 0.5580 0.0083 0.5644 0.0145 0.0806 0.0145 0.0806 0.0145 0.0731 0.0221 0.0806 0.0145 0.0731 0.0221 0.0766 0.0221 0.5253 0.0021 0.5030 0.0000 0.5156 0.0000 0.1063 0.0021 0.1178 0.0000 0.1032 0.0021 0.5253 0.0021 0.5374 0.0021 0.5474 0.0083 0.5253 0.0021 0.5156 0.0000 0.5374 0.0021 0.1063 0.0021 0.1212 0.0000 0.1178 0.0000 0.5535 0.0145 0.5644 0.0145 0.5588 0.0221 0.5535 0.0145 0.5474 0.0083 0.5644 0.0145 0.1071 0.0021 0.1233 0.0000 0.1212 0.0000 0.1071 0.0021 0.1212 0.0000 0.1063 0.0021 0.5346 0.0083 0.5253 0.0021 0.5474 0.0083 0.0923 0.0083 0.1063 0.0021 0.1032 0.0021 0.0923 0.0083 0.1032 0.0021 0.0891 0.0083 0.5120 0.0021 0.5253 0.0021 0.5346 0.0083 0.0923 0.0083 0.1071 0.0021 0.1063 0.0021 0.5120 0.0021 0.5030 0.0000 0.5253 0.0021 0.5403 0.0145 0.5535 0.0145 0.5588 0.0221 0.1090 0.0021 0.1320 0.0000 0.1233 0.0000 0.5403 0.0145 0.5474 0.0083 0.5535 0.0145 0.1090 0.0021 0.1233 0.0000 0.1071 0.0021 0.5403 0.0145 0.5346 0.0083 0.5474 0.0083 0.5403 0.0145 0.5588 0.0221 0.5172 0.0221 0.5002 0.0021 0.4788 0.0000 0.5030 0.0000 0.0932 0.0083 0.1071 0.0021 0.0923 0.0083 0.5002 0.0021 0.5030 0.0000 0.5120 0.0021 0.5206 0.0083 0.5120 0.0021 0.5346 0.0083 0.0932 0.0083 0.1090 0.0021 0.1071 0.0021 0.0840 0.0145 0.0891 0.0083 0.0806 0.0145 0.0840 0.0145 0.0806 0.0145 0.0766 0.0221 0.5206 0.0083 0.5002 0.0021 0.5120 0.0021 0.0840 0.0145 0.0932 0.0083 0.0923 0.0083 0.5258 0.0145 0.5206 0.0083 0.5346 0.0083 0.0840 0.0145 0.0766 0.0221 0.0775 0.0221 0.2990 0.0528 0.3570 0.0528 0.3570 0.0221 0.3015 0.0221 0.2990 0.0528 0.3570 0.0221 0.2398 0.0528 0.2990 0.0528 0.3015 0.0221 0.2448 0.0221 0.2398 0.0528 0.3015 0.0221 0.1892 0.0528 0.2398 0.0528 0.2448 0.0221 0.1969 0.0221 0.1892 0.0528 0.2448 0.0221 0.1446 0.0528 0.1892 0.0528 0.1969 0.0221 0.1553 0.0221 0.1446 0.0528 0.1969 0.0221 0.1038 0.0528 0.1446 0.0528 0.1553 0.0221 0.1181 0.0221 0.1038 0.0528 0.1553 0.0221 0.0735 0.0528 0.1038 0.0528 0.1181 0.0221 0.0916 0.0221 0.0735 0.0528 0.1181 0.0221 0.0546 0.0528 0.0735 0.0528 0.0916 0.0221 0.0775 0.0221 0.0546 0.0528 0.0916 0.0221 0.0766 0.0221 0.0491 0.0528 0.0546 0.0528 0.0766 0.0221 0.0546 0.0528 0.0775 0.0221 0.0731 0.0221 0.0475 0.0528 0.0491 0.0528 0.0731 0.0221 0.0474 0.0528 0.0475 0.0528 0.0731 0.0221 0.0491 0.0528 0.0766 0.0221 0.0734 0.0221 0.0474 0.0528 0.0731 0.0221 0.0516 0.0528 0.0474 0.0528 0.0734 0.0221 0.0786 0.0221 0.0529 0.0528 0.0516 0.0528 0.0786 0.0221 0.0516 0.0528 0.0734 0.0221 0.0815 0.0221 0.0664 0.0528 0.0529 0.0528 0.0815 0.0221 0.0529 0.0528 0.0786 0.0221 0.0963 0.0221 0.0704 0.0528 0.0664 0.0528 0.0963 0.0221 0.0664 0.0528 0.0815 0.0221 0.0999 0.0221 0.0910 0.0528 0.0704 0.0528 0.0999 0.0221 0.0704 0.0528 0.0963 0.0221 0.1226 0.0221 0.0969 0.0528 0.0910 0.0528 0.1226 0.0221 0.0910 0.0528 0.0999 0.0221 0.1277 0.0221 0.1243 0.0528 0.0969 0.0528 0.1277 0.0221 0.0969 0.0528 0.1226 0.0221 0.1573 0.0221 0.1318 0.0528 0.1243 0.0528 0.1573 0.0221 0.1243 0.0528 0.1277 0.0221 0.1636 0.0221 0.1701 0.0528 0.1318 0.0528 0.1636 0.0221 0.1318 0.0528 0.1573 0.0221 0.2037 0.0221 0.1789 0.0528 0.1701 0.0528 0.2037 0.0221 0.1701 0.0528 0.1636 0.0221 0.2112 0.0221 0.2228 0.0528 0.1789 0.0528 0.2112 0.0221 0.1789 0.0528 0.2037 0.0221 0.2564 0.0221 0.2228 0.0528 0.2112 0.0221 0.2564 0.0221 0.2326 0.0528 0.2228 0.0528 0.2645 0.0221 0.2326 0.0528 0.2564 0.0221 0.2645 0.0221 0.2803 0.0528 0.2326 0.0528 0.3073 0.0221 0.2803 0.0528 0.2645 0.0221 0.3073 0.0221 0.2907 0.0528 0.2803 0.0528 0.3114 0.0221 0.2907 0.0528 0.3073 0.0221 0.3114 0.0221 0.3243 0.0528 0.2907 0.0528 0.3114 0.0221 0.3402 0.0528 0.3243 0.0528 0.3570 0.0221 0.3402 0.0528 0.3114 0.0221 0.3570 0.0221 0.3570 0.0528 0.3402 0.0528 0.3963 0.0528 0.3570 0.0528 0.3570 0.0221 0.4126 0.0221 0.3963 0.0528 0.3570 0.0221 0.4126 0.0221 0.4150 0.0528 0.3963 0.0528 0.4126 0.0221 0.4528 0.0528 0.4150 0.0528 0.4693 0.0221 0.4528 0.0528 0.4126 0.0221 0.4693 0.0221 0.4743 0.0528 0.4528 0.0528 0.4693 0.0221 0.5054 0.0528 0.4743 0.0528 0.5172 0.0221 0.5054 0.0528 0.4693 0.0221 0.5172 0.0221 0.5249 0.0528 0.5054 0.0528 0.5172 0.0221 0.5525 0.0528 0.5249 0.0528 0.5588 0.0221 0.5695 0.0528 0.5525 0.0528 0.5588 0.0221 0.5928 0.0528 0.5695 0.0528 0.5588 0.0221 0.5525 0.0528 0.5172 0.0221 0.5960 0.0221 0.6103 0.0528 0.5928 0.0528 0.5960 0.0221 0.6281 0.0528 0.6103 0.0528 0.5960 0.0221 0.5928 0.0528 0.5588 0.0221 0.6225 0.0221 0.6406 0.0528 0.6281 0.0528 0.6225 0.0221 0.6523 0.0528 0.6406 0.0528 0.6225 0.0221 0.6281 0.0528 0.5960 0.0221 0.6366 0.0221 0.6595 0.0528 0.6523 0.0528 0.6366 0.0221 0.6523 0.0528 0.6225 0.0221 0.6375 0.0221 0.6648 0.0528 0.6595 0.0528 0.6375 0.0221 0.6649 0.0528 0.6648 0.0528 0.6375 0.0221 0.6595 0.0528 0.6366 0.0221 0.6409 0.0221 0.6667 0.0528 0.6649 0.0528 0.6409 0.0221 0.6649 0.0528 0.6375 0.0221 0.6406 0.0221 0.6655 0.0528 0.6667 0.0528 0.6406 0.0221 0.6667 0.0528 0.6409 0.0221 0.6354 0.0221 0.6612 0.0528 0.6655 0.0528 0.6354 0.0221 0.6655 0.0528 0.6406 0.0221 0.6325 0.0221 0.6550 0.0528 0.6612 0.0528 0.6325 0.0221 0.6612 0.0528 0.6354 0.0221 0.6178 0.0221 0.6436 0.0528 0.6550 0.0528 0.6178 0.0221 0.6550 0.0528 0.6325 0.0221 0.6141 0.0221 0.6343 0.0528 0.6436 0.0528 0.6141 0.0221 0.6436 0.0528 0.6178 0.0221 0.6172 0.0528 0.6343 0.0528 0.6141 0.0221 0.5915 0.0221 0.6044 0.0528 0.6172 0.0528 0.5915 0.0221 0.6172 0.0528 0.6141 0.0221 0.5863 0.0221 0.5823 0.0528 0.6044 0.0528 0.5863 0.0221 0.6044 0.0528 0.5915 0.0221 0.5568 0.0221 0.5823 0.0528 0.5863 0.0221 0.5568 0.0221 0.5665 0.0528 0.5823 0.0528 0.5504 0.0221 0.5665 0.0528 0.5568 0.0221 0.5352 0.0528 0.5665 0.0528 0.5504 0.0221 0.5103 0.0221 0.5352 0.0528 0.5504 0.0221 0.5103 0.0221 0.5168 0.0528 0.5352 0.0528 0.5029 0.0221 0.5168 0.0528 0.5103 0.0221 0.5029 0.0221 0.4814 0.0528 0.5168 0.0528 0.4577 0.0221 0.4814 0.0528 0.5029 0.0221 0.4577 0.0221 0.4613 0.0528 0.4814 0.0528 0.4496 0.0221 0.4613 0.0528 0.4577 0.0221 0.4496 0.0221 0.4233 0.0528 0.4613 0.0528 0.4068 0.0221 0.4233 0.0528 0.4496 0.0221 0.4068 0.0221 0.4085 0.0528 0.4233 0.0528 0.4027 0.0221 0.4085 0.0528 0.4068 0.0221 0.4027 0.0221 0.3897 0.0528 0.4085 0.0528 0.3570 0.0221 0.3897 0.0528 0.4027 0.0221 0.3570 0.0221 0.3570 0.0528 0.3897 0.0528 0.5907 0.0000 0.5030 0.0000 0.3974 0.0000 0.5907 0.0000 0.5468 0.0000 0.5030 0.0000 0.5907 0.0000 0.5820 0.0000 0.5730 0.0000 0.1511 0.0000 0.2113 0.0000 0.1779 0.0000 0.5907 0.0000 0.3974 0.0000 0.1212 0.0000 0.5907 0.0000 0.1212 0.0000 0.1233 0.0000 0.5907 0.0000 0.5730 0.0000 0.5468 0.0000 0.3166 0.0000 0.1233 0.0000 0.2110 0.0000 0.3166 0.0000 0.2110 0.0000 0.2493 0.0000 0.3166 0.0000 0.2493 0.0000 0.2754 0.0000 0.3166 0.0000 0.2754 0.0000 0.2901 0.0000 0.3059 0.0000 0.2541 0.0000 0.2113 0.0000 0.1212 0.0000 0.1511 0.0000 0.1322 0.0000 0.1212 0.0000 0.2113 0.0000 0.1511 0.0000 0.1212 0.0000 0.3059 0.0000 0.2113 0.0000 0.1178 0.0000 0.1212 0.0000 0.1186 0.0000 0.3570 0.0000 0.3166 0.0000 0.3240 0.0000 0.3570 0.0000 0.3240 0.0000 0.3371 0.0000 0.1178 0.0000 0.1212 0.0000 0.1178 0.0000 0.5928 0.0000 0.5907 0.0000 0.1233 0.0000 0.5928 0.0000 0.5954 0.0000 0.5963 0.0000 0.5928 0.0000 0.5963 0.0000 0.5963 0.0000 0.5928 0.0000 0.5963 0.0000 0.5929 0.0000 0.5928 0.0000 0.5929 0.0000 0.5907 0.0000 0.5928 0.0000 0.1233 0.0000 0.3166 0.0000 0.4081 0.0000 0.5928 0.0000 0.3166 0.0000 0.3901 0.0000 0.3770 0.0000 0.3570 0.0000 0.4081 0.0000 0.3166 0.0000 0.3570 0.0000 0.1212 0.0000 0.1212 0.0000 0.1178 0.0000 0.5629 0.0000 0.5819 0.0000 0.5928 0.0000 0.3974 0.0000 0.3570 0.0000 0.3059 0.0000 0.3974 0.0000 0.3901 0.0000 0.3570 0.0000 0.5027 0.0000 0.4081 0.0000 0.4600 0.0000 0.3974 0.0000 0.3059 0.0000 0.1212 0.0000 0.5027 0.0000 0.5928 0.0000 0.4081 0.0000 0.5027 0.0000 0.5629 0.0000 0.5928 0.0000 0.5362 0.0000 0.5629 0.0000 0.5027 0.0000 0.1233 0.0000 0.1212 0.0000 0.1212 0.0000 0.4387 0.0000 0.4240 0.0000 0.3974 0.0000 0.1411 0.0000 0.1233 0.0000 0.1320 0.0000 0.4648 0.0000 0.4387 0.0000 0.3974 0.0000 0.1673 0.0000 0.1411 0.0000 0.1509 0.0000 0.1673 0.0000 0.1233 0.0000 0.1411 0.0000 0.5030 0.0000 0.4788 0.0000 0.4648 0.0000 0.5030 0.0000 0.4648 0.0000 0.3974 0.0000 0.5364 0.0000 0.5156 0.0000 0.5030 0.0000 0.2110 0.0000 0.1233 0.0000 0.1673 0.0000 0.2110 0.0000 0.1673 0.0000 0.1776 0.0000 0.2110 0.0000 0.1776 0.0000 0.1985 0.0000 0.5468 0.0000 0.5364 0.0000 0.5030 0.0000 0.2493 0.0000 0.2110 0.0000 0.2352 0.0000 0.5730 0.0000 0.5631 0.0000 0.5468 0.0000 0.3570 0.0528 0.3243 0.1019 0.3570 0.1019 0.2990 0.0528 0.3243 0.1019 0.3570 0.0528 0.2990 0.0528 0.2637 0.1019 0.2907 0.1019 0.2990 0.0528 0.2907 0.1019 0.3110 0.1019 0.2990 0.0528 0.3110 0.1019 0.3243 0.1019 0.2398 0.0528 0.2637 0.1019 0.2990 0.0528 0.2398 0.0528 0.2073 0.1019 0.2326 0.1019 0.2398 0.0528 0.2326 0.1019 0.2637 0.1019 0.1892 0.0528 0.1563 0.1019 0.1789 0.1019 0.1892 0.0528 0.2073 0.1019 0.2398 0.0528 0.1892 0.0528 0.1789 0.1019 0.2073 0.1019 0.1446 0.0528 0.1169 0.1019 0.1318 0.1019 0.1446 0.0528 0.1318 0.1019 0.1563 0.1019 0.1446 0.0528 0.1563 0.1019 0.1892 0.0528 0.1038 0.0528 0.0852 0.1019 0.0969 0.1019 0.1038 0.0528 0.0969 0.1019 0.1169 0.1019 0.1038 0.0528 0.1169 0.1019 0.1446 0.0528 0.0735 0.0528 0.0626 0.1019 0.0704 0.1019 0.0735 0.0528 0.0704 0.1019 0.0852 0.1019 0.0735 0.0528 0.0852 0.1019 0.1038 0.0528 0.0546 0.0528 0.0529 0.1019 0.0626 0.1019 0.0546 0.0528 0.0626 0.1019 0.0735 0.0528 0.0491 0.0528 0.0474 0.1019 0.0499 0.1019 0.0491 0.0528 0.0499 0.1019 0.0529 0.1019 0.0491 0.0528 0.0529 0.1019 0.0546 0.0528 0.0475 0.0528 0.0474 0.1019 0.0491 0.0528 0.0474 0.0528 0.0491 0.1019 0.0479 0.1019 0.0474 0.0528 0.0479 0.1019 0.0474 0.1019 0.0474 0.0528 0.0474 0.1019 0.0475 0.0528 0.0516 0.0528 0.0546 0.1019 0.0491 0.1019 0.0516 0.0528 0.0491 0.1019 0.0474 0.0528 0.0529 0.0528 0.0570 0.1019 0.0546 0.1019 0.0529 0.0528 0.0546 0.1019 0.0516 0.0528 0.0664 0.0528 0.0735 0.1019 0.0570 0.1019 0.0664 0.0528 0.0570 0.1019 0.0529 0.0528 0.0704 0.0528 0.0780 0.1019 0.0735 0.1019 0.0704 0.0528 0.0735 0.1019 0.0664 0.0528 0.0910 0.0528 0.1038 0.1019 0.0780 0.1019 0.0910 0.0528 0.0780 0.1019 0.0704 0.0528 0.0969 0.0528 0.1038 0.1019 0.0910 0.0528 0.0969 0.0528 0.1102 0.1019 0.1038 0.1019 0.1243 0.0528 0.1102 0.1019 0.0969 0.0528 0.1243 0.0528 0.1446 0.1019 0.1102 0.1019 0.1318 0.0528 0.1446 0.1019 0.1243 0.0528 0.1318 0.0528 0.1528 0.1019 0.1446 0.1019 0.1701 0.0528 0.1892 0.1019 0.1528 0.1019 0.1701 0.0528 0.1528 0.1019 0.1318 0.0528 0.1789 0.0528 0.1892 0.1019 0.1701 0.0528 0.1789 0.0528 0.1986 0.1019 0.1892 0.1019 0.2228 0.0528 0.2398 0.1019 0.1986 0.1019 0.2228 0.0528 0.1986 0.1019 0.1789 0.0528 0.2326 0.0528 0.2503 0.1019 0.2398 0.1019 0.2326 0.0528 0.2398 0.1019 0.2228 0.0528 0.2803 0.0528 0.2990 0.1019 0.2503 0.1019 0.2803 0.0528 0.2503 0.1019 0.2326 0.0528 0.2907 0.0528 0.3061 0.1019 0.2990 0.1019 0.2907 0.0528 0.2990 0.1019 0.2803 0.0528 0.3243 0.0528 0.3570 0.1019 0.3061 0.1019 0.3243 0.0528 0.3061 0.1019 0.2907 0.0528 0.3402 0.0528 0.3570 0.1019 0.3243 0.0528 0.3570 0.0528 0.3897 0.1019 0.3633 0.1019 0.3570 0.0528 0.3633 0.1019 0.3570 0.1019 0.3570 0.0528 0.3570 0.1019 0.3402 0.0528 0.3963 0.0528 0.3897 0.1019 0.3570 0.0528 0.4150 0.0528 0.4233 0.1019 0.3897 0.1019 0.4150 0.0528 0.3897 0.1019 0.3963 0.0528 0.4528 0.0528 0.4814 0.1019 0.4233 0.1019 0.4528 0.0528 0.4233 0.1019 0.4150 0.0528 0.4743 0.0528 0.4814 0.1019 0.4528 0.0528 0.5054 0.0528 0.5352 0.1019 0.4814 0.1019 0.5054 0.0528 0.4814 0.1019 0.4743 0.0528 0.5249 0.0528 0.5352 0.1019 0.5054 0.0528 0.5525 0.0528 0.5823 0.1019 0.5352 0.1019 0.5525 0.0528 0.5352 0.1019 0.5249 0.0528 0.5695 0.0528 0.5823 0.1019 0.5525 0.0528 0.5928 0.0528 0.6172 0.1019 0.5823 0.1019 0.5928 0.0528 0.5823 0.1019 0.5695 0.0528 0.6103 0.0528 0.6172 0.1019 0.5928 0.0528 0.6281 0.0528 0.6436 0.1019 0.6172 0.1019 0.6281 0.0528 0.6172 0.1019 0.6103 0.0528 0.6406 0.0528 0.6436 0.1019 0.6281 0.0528 0.6523 0.0528 0.6612 0.1019 0.6436 0.1019 0.6523 0.0528 0.6436 0.1019 0.6406 0.0528 0.6595 0.0528 0.6612 0.1019 0.6523 0.0528 0.6648 0.0528 0.6612 0.1019 0.6595 0.0528 0.6649 0.0528 0.6667 0.1019 0.6612 0.1019 0.6649 0.0528 0.6612 0.1019 0.6648 0.0528 0.6667 0.0528 0.6667 0.1019 0.6649 0.0528 0.6655 0.0528 0.6649 0.1019 0.6667 0.1019 0.6655 0.0528 0.6667 0.1019 0.6667 0.0528 0.6612 0.0528 0.6595 0.1019 0.6649 0.1019 0.6612 0.0528 0.6649 0.1019 0.6655 0.0528 0.6550 0.0528 0.6595 0.1019 0.6612 0.0528 0.6406 0.1019 0.6595 0.1019 0.6550 0.0528 0.6436 0.0528 0.6406 0.1019 0.6550 0.0528 0.6343 0.0528 0.6406 0.1019 0.6436 0.0528 0.6103 0.1019 0.6406 0.1019 0.6343 0.0528 0.6172 0.0528 0.6103 0.1019 0.6343 0.0528 0.6044 0.0528 0.6103 0.1019 0.6172 0.0528 0.5823 0.0528 0.5695 0.1019 0.6103 0.1019 0.5823 0.0528 0.6103 0.1019 0.6044 0.0528 0.5665 0.0528 0.5695 0.1019 0.5823 0.0528 0.5352 0.0528 0.5249 0.1019 0.5695 0.1019 0.5352 0.0528 0.5695 0.1019 0.5665 0.0528 0.5168 0.0528 0.5249 0.1019 0.5352 0.0528 0.4743 0.1019 0.5249 0.1019 0.5168 0.0528 0.4814 0.0528 0.4743 0.1019 0.5168 0.0528 0.4613 0.0528 0.4743 0.1019 0.4814 0.0528 0.4150 0.1019 0.4743 0.1019 0.4613 0.0528 0.4233 0.0528 0.4150 0.1019 0.4613 0.0528 0.4085 0.0528 0.4150 0.1019 0.4233 0.0528 0.3897 0.0528 0.3570 0.1019 0.4150 0.1019 0.3897 0.0528 0.4150 0.1019 0.4085 0.0528 0.3570 0.0528 0.3570 0.1019 0.3897 0.0528 0.1446 0.1019 0.1368 0.1019 0.0941 0.1019 0.1528 0.1019 0.1368 0.1019 0.1446 0.1019 0.1102 0.1019 0.1446 0.1019 0.0941 0.1019 0.1038 0.1019 0.0941 0.1019 0.0589 0.1019 0.1038 0.1019 0.1102 0.1019 0.0941 0.1019 0.1892 0.1019 0.1913 0.1019 0.1368 0.1019 0.1892 0.1019 0.1368 0.1019 0.1528 0.1019 0.1986 0.1019 0.1913 0.1019 0.1892 0.1019 0.0780 0.1019 0.0589 0.1019 0.0324 0.1019 0.0780 0.1019 0.1038 0.1019 0.0589 0.1019 0.0735 0.1019 0.0780 0.1019 0.0324 0.1019 0.2398 0.1019 0.2512 0.1019 0.1913 0.1019 0.2398 0.1019 0.1913 0.1019 0.1986 0.1019 0.2503 0.1019 0.2512 0.1019 0.2398 0.1019 0.0570 0.1019 0.0324 0.1019 0.0149 0.1019 0.0570 0.1019 0.0735 0.1019 0.0324 0.1019 0.0546 0.1019 0.0570 0.1019 0.0149 0.1019 0.2990 0.1019 0.3048 0.1019 0.2512 0.1019 0.2990 0.1019 0.2512 0.1019 0.2503 0.1019 0.3061 0.1019 0.3048 0.1019 0.2990 0.1019 0.0491 0.1019 0.0149 0.1019 0.0095 0.1019 0.0491 0.1019 0.0546 0.1019 0.0149 0.1019 0.0479 0.1019 0.0491 0.1019 0.0095 0.1019 0.0474 0.1019 0.0479 0.1019 0.0095 0.1019 0.3570 0.1019 0.3570 0.1019 0.3048 0.1019 0.3570 0.1019 0.3048 0.1019 0.3061 0.1019 0.3633 0.1019 0.3570 0.1019 0.3570 0.1019 0.3897 0.1019 0.4184 0.1019 0.3570 0.1019 0.3897 0.1019 0.3570 0.1019 0.3633 0.1019 0.0499 0.1019 0.0095 0.1019 0.0134 0.1019 0.0499 0.1019 0.0474 0.1019 0.0095 0.1019 0.0529 0.1019 0.0134 0.1019 0.0149 0.1019 0.0529 0.1019 0.0499 0.1019 0.0134 0.1019 0.4233 0.1019 0.4184 0.1019 0.3897 0.1019 0.0260 0.1019 0.0529 0.1019 0.0149 0.1019 0.4812 0.1019 0.4184 0.1019 0.4233 0.1019 0.0626 0.1019 0.0260 0.1019 0.0323 0.1019 0.0626 0.1019 0.0529 0.1019 0.0260 0.1019 0.0704 0.1019 0.0626 0.1019 0.0323 0.1019 0.4814 0.1019 0.4812 0.1019 0.4233 0.1019 0.0515 0.1019 0.0704 0.1019 0.0323 0.1019 0.0852 0.1019 0.0704 0.1019 0.0515 0.1019 0.5357 0.1019 0.4812 0.1019 0.4814 0.1019 0.0612 0.1019 0.0852 0.1019 0.0515 0.1019 0.0969 0.1019 0.0852 0.1019 0.0612 0.1019 0.5352 0.1019 0.5357 0.1019 0.4814 0.1019 0.0882 0.1019 0.0969 0.1019 0.0612 0.1019 0.1169 0.1019 0.0969 0.1019 0.0882 0.1019 0.5843 0.1019 0.5357 0.1019 0.5352 0.1019 0.1009 0.1019 0.1169 0.1019 0.0882 0.1019 0.1318 0.1019 0.1169 0.1019 0.1009 0.1019 0.5823 0.1019 0.5843 0.1019 0.5352 0.1019 0.1297 0.1019 0.1563 0.1019 0.1318 0.1019 0.1297 0.1019 0.1318 0.1019 0.1009 0.1019 0.6259 0.1019 0.5843 0.1019 0.5823 0.1019 0.1450 0.1019 0.1563 0.1019 0.1297 0.1019 0.1789 0.1019 0.1563 0.1019 0.1450 0.1019 0.6172 0.1019 0.6259 0.1019 0.5823 0.1019 0.1784 0.1019 0.1789 0.1019 0.1450 0.1019 0.2073 0.1019 0.1789 0.1019 0.1784 0.1019 0.6625 0.1019 0.6259 0.1019 0.6172 0.1019 0.1957 0.1019 0.2073 0.1019 0.1784 0.1019 0.2326 0.1019 0.2073 0.1019 0.1957 0.1019 0.6436 0.1019 0.6625 0.1019 0.6172 0.1019 0.2328 0.1019 0.2326 0.1019 0.1957 0.1019 0.2637 0.1019 0.2326 0.1019 0.2328 0.1019 0.6881 0.1019 0.6625 0.1019 0.6436 0.1019 0.2517 0.1019 0.2637 0.1019 0.2328 0.1019 0.2907 0.1019 0.2637 0.1019 0.2517 0.1019 0.6612 0.1019 0.6881 0.1019 0.6436 0.1019 0.2957 0.1019 0.2907 0.1019 0.2517 0.1019 0.2957 0.1019 0.3110 0.1019 0.2907 0.1019 0.7006 0.1019 0.6881 0.1019 0.6612 0.1019 0.3114 0.1019 0.3110 0.1019 0.2957 0.1019 0.3114 0.1019 0.3243 0.1019 0.3110 0.1019 0.7019 0.1019 0.7006 0.1019 0.6612 0.1019 0.6667 0.1019 0.7019 0.1019 0.6612 0.1019 0.3570 0.1019 0.3243 0.1019 0.3114 0.1019 0.3570 0.1019 0.3570 0.1019 0.3243 0.1019 0.7046 0.1019 0.7019 0.1019 0.6667 0.1019 0.3774 0.1019 0.3570 0.1019 0.3570 0.1019 0.3774 0.1019 0.4150 0.1019 0.3570 0.1019 0.7039 0.1019 0.6667 0.1019 0.6649 0.1019 0.7039 0.1019 0.7046 0.1019 0.6667 0.1019 0.4093 0.1019 0.4150 0.1019 0.3774 0.1019 0.6991 0.1019 0.6649 0.1019 0.6595 0.1019 0.6991 0.1019 0.7039 0.1019 0.6649 0.1019 0.6947 0.1019 0.6991 0.1019 0.6595 0.1019 0.4410 0.1019 0.4150 0.1019 0.4093 0.1019 0.4629 0.1019 0.4150 0.1019 0.4410 0.1019 0.4629 0.1019 0.4743 0.1019 0.4150 0.1019 0.6816 0.1019 0.6595 0.1019 0.6406 0.1019 0.6816 0.1019 0.6947 0.1019 0.6595 0.1019 0.6752 0.1019 0.6816 0.1019 0.6406 0.1019 0.5022 0.1019 0.4743 0.1019 0.4629 0.1019 0.5227 0.1019 0.5249 0.1019 0.4743 0.1019 0.5227 0.1019 0.4743 0.1019 0.5022 0.1019 0.6552 0.1019 0.6406 0.1019 0.6103 0.1019 0.6552 0.1019 0.6752 0.1019 0.6406 0.1019 0.6461 0.1019 0.6552 0.1019 0.6103 0.1019 0.5588 0.1019 0.5249 0.1019 0.5227 0.1019 0.5773 0.1019 0.5249 0.1019 0.5588 0.1019 0.5773 0.1019 0.5695 0.1019 0.5249 0.1019 0.6200 0.1019 0.6103 0.1019 0.5695 0.1019 0.6200 0.1019 0.6461 0.1019 0.6103 0.1019 0.6087 0.1019 0.5695 0.1019 0.5773 0.1019 0.6087 0.1019 0.6200 0.1019 0.5695 0.1019 0.6484 0.1434 0.6215 0.1245 0.6568 0.1245 0.6484 0.1434 0.6568 0.1245 0.6568 0.1434 0.0657 0.1434 0.0573 0.1245 0.0573 0.1434 0.6568 0.1623 0.6772 0.1434 0.6772 0.1623 0.0573 0.1623 0.0657 0.1434 0.0573 0.1434 0.0573 0.1623 0.0368 0.1434 0.0368 0.1623 0.6568 0.1623 0.6568 0.1434 0.6772 0.1434 0.0573 0.1623 0.0573 0.1434 0.0368 0.1434 0.0657 0.1623 0.0657 0.1434 0.0573 0.1623 0.6484 0.1623 0.6484 0.1434 0.6568 0.1434 0.6484 0.1623 0.6568 0.1434 0.6568 0.1623 0.0573 0.1811 0.0573 0.1623 0.0368 0.1623 0.6568 0.1811 0.6772 0.1623 0.6772 0.1811 0.6568 0.1811 0.6568 0.1623 0.6772 0.1623 0.0573 0.1811 0.0368 0.1623 0.0368 0.1811 0.0657 0.1811 0.0657 0.1623 0.0573 0.1623 0.0657 0.1811 0.0573 0.1623 0.0573 0.1811 0.0573 0.2000 0.0368 0.1811 0.0368 0.2000 0.6484 0.1811 0.6484 0.1623 0.6568 0.1623 0.0573 0.2000 0.0573 0.1811 0.0368 0.1811 0.6484 0.1811 0.6568 0.1623 0.6568 0.1811 0.0573 0.2000 0.0368 0.2189 0.0573 0.2189 0.6568 0.2000 0.6772 0.1811 0.6772 0.2000 0.0573 0.2000 0.0573 0.2189 0.0657 0.2189 0.6568 0.2000 0.6772 0.2000 0.6772 0.2189 0.0573 0.2000 0.0368 0.2000 0.0368 0.2189 0.6568 0.2000 0.6568 0.1811 0.6772 0.1811 0.6568 0.2000 0.6772 0.2189 0.6568 0.2189 0.0925 0.1434 0.0925 0.1245 0.0657 0.1245 0.6215 0.1434 0.6215 0.1245 0.6484 0.1434 0.0925 0.1434 0.0657 0.1245 0.0657 0.1434 0.0657 0.2000 0.0657 0.1811 0.0573 0.1811 0.6484 0.2000 0.6568 0.2189 0.6484 0.2189 0.0657 0.2000 0.0573 0.2000 0.0657 0.2189 0.6484 0.2000 0.6568 0.2000 0.6568 0.2189 0.0657 0.2000 0.0573 0.1811 0.0573 0.2000 0.6484 0.2000 0.6484 0.1811 0.6568 0.1811 0.1030 0.1434 0.1030 0.1245 0.0925 0.1245 0.6484 0.2000 0.6568 0.1811 0.6568 0.2000 0.6111 0.1434 0.5788 0.1245 0.6215 0.1245 0.1030 0.1434 0.0925 0.1245 0.0925 0.1434 0.6111 0.1434 0.6215 0.1245 0.6215 0.1434 0.0925 0.1623 0.0657 0.1434 0.0657 0.1623 0.6215 0.1623 0.6484 0.1434 0.6484 0.1623 0.0925 0.1623 0.0925 0.1434 0.0657 0.1434 0.6215 0.1623 0.6215 0.1434 0.6484 0.1434 0.1030 0.1623 0.1030 0.1434 0.0925 0.1434 0.1030 0.1623 0.0925 0.1434 0.0925 0.1623 0.6111 0.1623 0.6111 0.1434 0.6215 0.1434 0.6111 0.1623 0.6215 0.1434 0.6215 0.1623 0.0925 0.1811 0.0657 0.1623 0.0657 0.1811 0.6215 0.1811 0.6484 0.1623 0.6484 0.1811 0.0925 0.1811 0.0925 0.1623 0.0657 0.1623 0.6215 0.1811 0.6215 0.1623 0.6484 0.1623 0.1030 0.1811 0.1030 0.1623 0.0925 0.1623 0.1030 0.1811 0.0925 0.1623 0.0925 0.1811 0.6111 0.1811 0.6111 0.1623 0.6215 0.1623 0.6111 0.1811 0.6215 0.1623 0.6215 0.1811 0.0925 0.2000 0.0657 0.2000 0.0657 0.2189 0.6215 0.2000 0.6484 0.2189 0.6215 0.2189 0.0925 0.2000 0.0925 0.1811 0.0657 0.1811 0.6215 0.2000 0.6484 0.2000 0.6484 0.2189 0.0925 0.2000 0.0657 0.2189 0.0925 0.2189 0.6215 0.2000 0.6484 0.1811 0.6484 0.2000 0.6215 0.2000 0.6215 0.1811 0.6484 0.1811 0.0925 0.2000 0.0657 0.1811 0.0657 0.2000 0.1353 0.1434 0.1030 0.1245 0.1030 0.1434 0.1353 0.1434 0.1353 0.1245 0.1030 0.1245 0.1353 0.1434 0.1030 0.1434 0.1030 0.1623 0.5788 0.1434 0.5788 0.1245 0.6111 0.1434 0.5788 0.1434 0.6111 0.1434 0.6111 0.1623 0.1030 0.2000 0.0925 0.1811 0.0925 0.2000 0.6111 0.2000 0.6215 0.2189 0.6111 0.2189 0.1030 0.2000 0.1030 0.1811 0.0925 0.1811 0.6111 0.2000 0.6111 0.2189 0.5788 0.2189 0.6111 0.2000 0.6215 0.2000 0.6215 0.2189 0.1030 0.2000 0.0925 0.2000 0.0925 0.2189 0.6111 0.2000 0.6111 0.1811 0.6215 0.1811 0.1030 0.2000 0.0925 0.2189 0.1030 0.2189 0.6111 0.2000 0.6215 0.1811 0.6215 0.2000 0.1030 0.2000 0.1030 0.2189 0.1353 0.2189 0.1353 0.1623 0.1030 0.1623 0.1030 0.1811 0.1353 0.1623 0.1353 0.1434 0.1030 0.1623 0.5788 0.1623 0.6111 0.1623 0.6111 0.1811 0.5788 0.1623 0.5788 0.1434 0.6111 0.1623 0.5613 0.1434 0.5242 0.1245 0.5788 0.1245 0.1527 0.1434 0.1353 0.1245 0.1353 0.1434 0.1527 0.1434 0.1527 0.1245 0.1353 0.1245 0.5613 0.1434 0.5788 0.1245 0.5788 0.1434 0.5788 0.1811 0.5788 0.1623 0.6111 0.1811 0.1353 0.1811 0.1353 0.1623 0.1030 0.1811 0.1353 0.1811 0.1030 0.1811 0.1030 0.2000 0.5788 0.1811 0.6111 0.1811 0.6111 0.2000 0.5613 0.1623 0.5613 0.1434 0.5788 0.1434 0.1527 0.1623 0.1353 0.1434 0.1353 0.1623 0.5613 0.1623 0.5788 0.1434 0.5788 0.1623 0.1527 0.1623 0.1527 0.1434 0.1353 0.1434 0.1353 0.2000 0.1030 0.2000 0.1353 0.2189 0.5788 0.2000 0.5788 0.1811 0.6111 0.2000 0.1353 0.2000 0.1353 0.1811 0.1030 0.2000 0.5788 0.2000 0.6111 0.2000 0.5788 0.2189 0.5613 0.1811 0.5788 0.1623 0.5788 0.1811 0.5613 0.1811 0.5613 0.1623 0.5788 0.1623 0.1527 0.1811 0.1353 0.1623 0.1353 0.1811 0.1527 0.1811 0.1527 0.1623 0.1353 0.1623 0.1898 0.1434 0.1898 0.1245 0.1527 0.1245 0.5242 0.1434 0.5242 0.1245 0.5613 0.1434 0.1898 0.1434 0.1527 0.1245 0.1527 0.1434 0.5613 0.2000 0.5788 0.2189 0.5613 0.2189 0.5613 0.2000 0.5613 0.1811 0.5788 0.1811 0.1527 0.2000 0.1353 0.2000 0.1353 0.2189 0.5613 0.2000 0.5788 0.1811 0.5788 0.2000 0.1527 0.2000 0.1527 0.1811 0.1353 0.1811 0.5613 0.2000 0.5788 0.2000 0.5788 0.2189 0.1527 0.2000 0.1353 0.1811 0.1353 0.2000 0.1527 0.2000 0.1353 0.2189 0.1527 0.2189 0.5242 0.1623 0.5613 0.1434 0.5613 0.1623 0.1898 0.1623 0.1898 0.1434 0.1527 0.1434 0.5242 0.1623 0.5242 0.1434 0.5613 0.1434 0.1898 0.1623 0.1527 0.1434 0.1527 0.1623 0.5047 0.1434 0.4643 0.1245 0.5242 0.1245 0.5047 0.1434 0.5242 0.1245 0.5242 0.1434 0.2093 0.1434 0.1898 0.1245 0.1898 0.1434 0.2093 0.1434 0.2093 0.1245 0.1898 0.1245 0.2093 0.1434 0.2498 0.1245 0.2093 0.1245 0.5242 0.1811 0.5613 0.1623 0.5613 0.1811 0.5242 0.1811 0.5242 0.1623 0.5613 0.1623 0.1898 0.1811 0.1898 0.1623 0.1527 0.1623 0.1898 0.1811 0.1527 0.1623 0.1527 0.1811 0.5047 0.1623 0.5242 0.1434 0.5242 0.1623 0.5047 0.1623 0.5047 0.1434 0.5242 0.1434 0.2093 0.1623 0.2093 0.1434 0.1898 0.1434 0.5242 0.2000 0.5613 0.2000 0.5613 0.2189 0.5242 0.2000 0.5613 0.2189 0.5242 0.2189 0.2093 0.1623 0.1898 0.1434 0.1898 0.1623 0.5242 0.2000 0.5613 0.1811 0.5613 0.2000 0.5242 0.2000 0.5242 0.1811 0.5613 0.1811 0.1898 0.2000 0.1527 0.1811 0.1527 0.2000 0.1898 0.2000 0.1527 0.2000 0.1527 0.2189 0.1898 0.2000 0.1898 0.1811 0.1527 0.1811 0.1898 0.2000 0.1527 0.2189 0.1898 0.2189 0.5047 0.1811 0.5242 0.1623 0.5242 0.1811 0.5047 0.1811 0.5047 0.1623 0.5242 0.1623 0.2093 0.1811 0.1898 0.1623 0.1898 0.1811 0.4643 0.1434 0.4643 0.1245 0.5047 0.1434 0.2093 0.1811 0.2093 0.1623 0.1898 0.1623 0.4643 0.1434 0.5047 0.1434 0.5047 0.1623 0.5047 0.2000 0.5242 0.2189 0.5047 0.2189 0.2498 0.1434 0.2498 0.1245 0.2093 0.1434 0.5047 0.2000 0.5047 0.2189 0.4643 0.2189 0.5047 0.2000 0.5242 0.2000 0.5242 0.2189 0.5047 0.2000 0.5242 0.1811 0.5242 0.2000 0.5047 0.2000 0.5047 0.1811 0.5242 0.1811 0.2093 0.2000 0.1898 0.1811 0.1898 0.2000 0.2093 0.2000 0.1898 0.2189 0.2093 0.2189 0.2093 0.2000 0.1898 0.2000 0.1898 0.2189 0.2093 0.2000 0.2093 0.1811 0.1898 0.1811 0.4643 0.1623 0.5047 0.1623 0.5047 0.1811 0.2498 0.1623 0.2498 0.1434 0.2093 0.1434 0.4643 0.1623 0.4643 0.1434 0.5047 0.1623 0.4435 0.1434 0.4100 0.1245 0.4643 0.1245 0.2498 0.1623 0.2093 0.1434 0.2093 0.1623 0.4435 0.1434 0.4643 0.1245 0.4643 0.1434 0.2706 0.1434 0.2498 0.1245 0.2498 0.1434 0.4643 0.1811 0.5047 0.1811 0.5047 0.2000 0.2706 0.1434 0.2706 0.1245 0.2498 0.1245 0.4643 0.1811 0.4643 0.1623 0.5047 0.1811 0.4435 0.1623 0.4643 0.1434 0.4643 0.1623 0.2498 0.1811 0.2498 0.1623 0.2093 0.1623 0.4435 0.1623 0.4435 0.1434 0.4643 0.1434 0.2498 0.1811 0.2093 0.1623 0.2093 0.1811 0.4643 0.2000 0.5047 0.2000 0.4643 0.2189 0.4643 0.2000 0.4643 0.1811 0.5047 0.2000 0.2706 0.1623 0.2498 0.1434 0.2498 0.1623 0.4435 0.1811 0.4643 0.1623 0.4643 0.1811 0.2706 0.1623 0.2706 0.1434 0.2498 0.1434 0.4435 0.1811 0.4435 0.1623 0.4643 0.1623 0.2498 0.2000 0.2498 0.1811 0.2093 0.1811 0.2498 0.2000 0.2093 0.2189 0.2498 0.2189 0.2498 0.2000 0.2093 0.2000 0.2093 0.2189 0.2498 0.2000 0.2093 0.1811 0.2093 0.2000 0.4100 0.1434 0.4100 0.1245 0.4435 0.1434 0.4100 0.1434 0.4435 0.1434 0.4435 0.1623 0.2706 0.1811 0.2706 0.1623 0.2498 0.1623 0.3997 0.1434 0.3570 0.1245 0.4100 0.1245 0.2706 0.1811 0.2498 0.1623 0.2498 0.1811 0.3041 0.1434 0.2706 0.1245 0.2706 0.1434 0.3041 0.1434 0.2706 0.1434 0.2706 0.1623 0.3997 0.1434 0.4100 0.1245 0.4100 0.1434 0.4435 0.2000 0.4643 0.2189 0.4435 0.2189 0.3041 0.1434 0.3041 0.1245 0.2706 0.1245 0.4435 0.2000 0.4643 0.2000 0.4643 0.2189 0.4435 0.2000 0.4643 0.1811 0.4643 0.2000 0.4435 0.2000 0.4435 0.1811 0.4643 0.1811 0.3144 0.1434 0.3041 0.1245 0.3041 0.1434 0.3144 0.1434 0.3342 0.1245 0.3041 0.1245 0.4100 0.1623 0.4435 0.1623 0.4435 0.1811 0.4100 0.1623 0.4100 0.1434 0.4435 0.1623 0.2706 0.2000 0.2498 0.1811 0.2498 0.2000 0.4100 0.1623 0.3997 0.1434 0.4100 0.1434 0.2706 0.2000 0.2706 0.1811 0.2498 0.1811 0.2706 0.2000 0.2498 0.2000 0.2498 0.2189 0.2706 0.2000 0.2498 0.2189 0.2706 0.2189 0.3997 0.1623 0.3570 0.2189 0.3570 0.1245 0.3997 0.1623 0.3570 0.1245 0.3997 0.1434 0.3997 0.1623 0.3997 0.1434 0.4100 0.1623 0.3041 0.1623 0.3041 0.1434 0.2706 0.1623 0.4100 0.1811 0.4435 0.1811 0.4435 0.2000 0.4100 0.1811 0.4100 0.1623 0.4435 0.1811 0.3041 0.1623 0.2706 0.1623 0.2706 0.1811 0.3144 0.1623 0.3041 0.1434 0.3041 0.1623 0.3144 0.1623 0.3144 0.1434 0.3041 0.1434 0.3997 0.1811 0.3570 0.2189 0.3997 0.1623 0.3997 0.1811 0.3997 0.1623 0.4100 0.1623 0.3997 0.1811 0.4100 0.1623 0.4100 0.1811 0.4100 0.2000 0.4435 0.2189 0.4100 0.2189 0.3041 0.1811 0.2706 0.1811 0.2706 0.2000 0.3041 0.1811 0.3041 0.1623 0.2706 0.1811 0.4100 0.2000 0.4435 0.2000 0.4435 0.2189 0.4100 0.2000 0.4100 0.1811 0.4435 0.2000 0.3997 0.2000 0.4100 0.2189 0.3997 0.2189 0.3342 0.1434 0.3144 0.1434 0.3144 0.1623 0.3997 0.2000 0.3997 0.2189 0.3570 0.2189 0.3342 0.1434 0.3342 0.1245 0.3144 0.1434 0.3997 0.2000 0.3570 0.2189 0.3997 0.1811 0.3997 0.2000 0.4100 0.2000 0.4100 0.2189 0.3997 0.2000 0.3997 0.1811 0.4100 0.1811 0.3997 0.2000 0.4100 0.1811 0.4100 0.2000 0.3144 0.1811 0.3144 0.1623 0.3041 0.1623 0.3144 0.1811 0.3041 0.1623 0.3041 0.1811 0.3041 0.2000 0.2706 0.2000 0.2706 0.2189 0.3041 0.2000 0.3041 0.1811 0.2706 0.2000 0.3041 0.2000 0.2706 0.2189 0.3041 0.2189 0.3041 0.2000 0.3041 0.2189 0.3144 0.2189 0.3342 0.1623 0.3342 0.1434 0.3144 0.1623 0.3342 0.1623 0.3144 0.1623 0.3144 0.1811 0.3570 0.1434 0.3342 0.1434 0.3342 0.1623 0.3570 0.1434 0.3342 0.1245 0.3342 0.1434 0.3570 0.1434 0.3570 0.1245 0.3342 0.1245 0.3144 0.2000 0.3041 0.1811 0.3041 0.2000 0.3144 0.2000 0.3144 0.1811 0.3041 0.1811 0.3144 0.2000 0.3041 0.2000 0.3144 0.2189 0.3342 0.1811 0.3144 0.1811 0.3144 0.2000 0.3342 0.1811 0.3342 0.1623 0.3144 0.1811 0.3570 0.1623 0.3570 0.1434 0.3342 0.1623 0.3342 0.2000 0.3144 0.2000 0.3144 0.2189 0.3342 0.2000 0.3342 0.1811 0.3144 0.2000 0.3342 0.2000 0.3144 0.2189 0.3570 0.2189 0.3570 0.1811 0.3342 0.1623 0.3342 0.1811 0.3570 0.1811 0.3570 0.1623 0.3342 0.1623 0.4002 0.1434 0.4002 0.1245 0.3570 0.1245 0.4002 0.1434 0.3570 0.1245 0.3570 0.1434 0.3570 0.2000 0.3342 0.1811 0.3342 0.2000 0.3570 0.2000 0.3342 0.2000 0.3570 0.2189 0.3570 0.2000 0.3570 0.1811 0.3342 0.1811 0.4002 0.1623 0.3570 0.1434 0.3570 0.1623 0.4002 0.1623 0.4002 0.1434 0.3570 0.1434 0.4185 0.1434 0.4185 0.1245 0.4002 0.1245 0.4185 0.1434 0.4002 0.1245 0.4002 0.1434 0.4002 0.1811 0.3570 0.1623 0.3570 0.1811 0.4002 0.1811 0.4002 0.1623 0.3570 0.1623 0.4185 0.1623 0.4002 0.1434 0.4002 0.1623 0.4185 0.1623 0.4185 0.1434 0.4002 0.1434 0.4002 0.2000 0.3570 0.1811 0.3570 0.2000 0.4002 0.2000 0.3570 0.2000 0.3570 0.2189 0.4002 0.2000 0.4002 0.1811 0.3570 0.1811 0.4002 0.2000 0.3570 0.2189 0.4185 0.2189 0.4185 0.1811 0.4002 0.1623 0.4002 0.1811 0.4185 0.1811 0.4185 0.1623 0.4002 0.1623 0.4602 0.1434 0.4602 0.1245 0.4185 0.1245 0.4602 0.1434 0.4185 0.1434 0.4185 0.1623 0.4602 0.1434 0.4185 0.1245 0.4185 0.1434 0.4185 0.2000 0.4002 0.1811 0.4002 0.2000 0.4185 0.2000 0.4002 0.2000 0.4185 0.2189 0.4185 0.2000 0.4185 0.1811 0.4002 0.1811 0.4602 0.1623 0.4185 0.1623 0.4185 0.1811 0.4602 0.1623 0.4602 0.1434 0.4185 0.1623 0.4815 0.1434 0.4815 0.1245 0.4602 0.1245 0.4815 0.1434 0.4602 0.1245 0.4602 0.1434 0.4602 0.1811 0.4185 0.1811 0.4185 0.2000 0.4602 0.1811 0.4602 0.1623 0.4185 0.1811 0.4815 0.1623 0.4602 0.1434 0.4602 0.1623 0.4815 0.1623 0.4815 0.1434 0.4602 0.1434 0.4602 0.2000 0.4602 0.1811 0.4185 0.2000 0.4602 0.2000 0.4185 0.2189 0.4815 0.2189 0.4602 0.2000 0.4185 0.2000 0.4185 0.2189 0.4815 0.1811 0.4815 0.1623 0.4602 0.1623 0.4815 0.1811 0.4602 0.1623 0.4602 0.1811 0.5165 0.1434 0.4815 0.1245 0.4815 0.1434 0.5165 0.1434 0.5165 0.1245 0.4815 0.1245 0.5165 0.1434 0.5361 0.1245 0.5165 0.1245 0.5165 0.1434 0.4815 0.1434 0.4815 0.1623 0.4815 0.2000 0.4602 0.2000 0.4815 0.2189 0.4815 0.2000 0.4815 0.1811 0.4602 0.1811 0.4815 0.2000 0.4602 0.1811 0.4602 0.2000 0.5165 0.1623 0.4815 0.1623 0.4815 0.1811 0.5165 0.1623 0.5165 0.1434 0.4815 0.1623 0.5361 0.1434 0.5361 0.1245 0.5165 0.1434 0.5361 0.1434 0.5165 0.1434 0.5165 0.1623 0.5165 0.1811 0.4815 0.1811 0.4815 0.2000 0.5165 0.1811 0.5165 0.1623 0.4815 0.1811 0.5361 0.1623 0.5361 0.1434 0.5165 0.1623 0.5165 0.2000 0.5165 0.1811 0.4815 0.2000 0.5165 0.2000 0.4815 0.2189 0.5361 0.2189 0.5165 0.2000 0.4815 0.2000 0.4815 0.2189 0.5361 0.1811 0.5165 0.1623 0.5165 0.1811 0.5361 0.1811 0.5361 0.1623 0.5165 0.1623 0.5676 0.1434 0.5361 0.1245 0.5361 0.1434 0.5676 0.1434 0.5676 0.1245 0.5361 0.1245 0.5361 0.2000 0.5165 0.1811 0.5165 0.2000 0.5361 0.2000 0.5165 0.2000 0.5361 0.2189 0.5361 0.2000 0.5361 0.1811 0.5165 0.1811 0.5676 0.1623 0.5676 0.1434 0.5361 0.1434 0.5676 0.1623 0.5361 0.1434 0.5361 0.1623 0.5849 0.1434 0.5676 0.1245 0.5676 0.1434 0.5849 0.1434 0.5849 0.1245 0.5676 0.1245 0.5676 0.1811 0.5361 0.1623 0.5361 0.1811 0.5676 0.1811 0.5676 0.1623 0.5361 0.1623 0.5849 0.1623 0.5676 0.1434 0.5676 0.1623 0.5849 0.1623 0.5849 0.1434 0.5676 0.1434 0.5676 0.2000 0.5361 0.2000 0.5361 0.2189 0.5676 0.2000 0.5361 0.1811 0.5361 0.2000 0.5676 0.2000 0.5676 0.1811 0.5361 0.1811 0.5676 0.2000 0.5361 0.2189 0.5849 0.2189 0.5849 0.1811 0.5676 0.1623 0.5676 0.1811 0.5849 0.1811 0.5849 0.1623 0.5676 0.1623 0.6121 0.1434 0.5849 0.1245 0.5849 0.1434 0.6121 0.1434 0.6121 0.1245 0.5849 0.1245 0.5849 0.2000 0.5849 0.1811 0.5676 0.1811 0.5849 0.2000 0.5676 0.1811 0.5676 0.2000 0.2955 0.1434 0.2955 0.1245 0.3570 0.1245 0.5849 0.2000 0.5676 0.2000 0.5849 0.2189 0.2955 0.1434 0.2326 0.1245 0.2955 0.1245 0.6121 0.1623 0.5849 0.1434 0.5849 0.1623 0.6121 0.1623 0.6121 0.1434 0.5849 0.1434 0.2955 0.1623 0.2955 0.1434 0.3570 0.1245 0.6267 0.1434 0.6121 0.1245 0.6121 0.1434 0.2955 0.1811 0.2955 0.1623 0.3570 0.1245 0.6267 0.1434 0.6267 0.1245 0.6121 0.1245 0.6267 0.1434 0.6121 0.1434 0.6121 0.1623 0.2955 0.1811 0.3570 0.1245 0.3570 0.2189 0.6121 0.1811 0.5849 0.1623 0.5849 0.1811 0.2955 0.2000 0.2955 0.1811 0.3570 0.2189 0.2955 0.2000 0.3570 0.2189 0.2955 0.2189 0.6121 0.1811 0.6121 0.1623 0.5849 0.1623 0.2326 0.1434 0.1780 0.1245 0.2326 0.1245 0.2326 0.1434 0.2955 0.1434 0.2955 0.1623 0.6267 0.1623 0.6121 0.1623 0.6121 0.1811 0.6267 0.1623 0.6267 0.1434 0.6121 0.1623 0.2326 0.1434 0.2326 0.1245 0.2955 0.1434 0.2326 0.1623 0.2955 0.1623 0.2955 0.1811 0.6121 0.2000 0.5849 0.1811 0.5849 0.2000 0.6121 0.2000 0.5849 0.2000 0.5849 0.2189 0.6121 0.2000 0.6121 0.1811 0.5849 0.1811 0.2326 0.1623 0.2326 0.1434 0.2955 0.1623 0.2326 0.1811 0.2326 0.1623 0.2955 0.1811 0.6121 0.2000 0.5849 0.2189 0.6267 0.2189 0.6267 0.1811 0.6267 0.1623 0.6121 0.1811 0.2326 0.1811 0.2955 0.1811 0.2955 0.2000 0.6267 0.1811 0.6121 0.1811 0.6121 0.2000 0.2326 0.2000 0.2326 0.1811 0.2955 0.2000 0.6524 0.1434 0.6524 0.1245 0.6267 0.1245 0.2326 0.2000 0.2955 0.2189 0.2326 0.2189 0.6524 0.1434 0.6267 0.1245 0.6267 0.1434 0.2326 0.2000 0.2955 0.2000 0.2955 0.2189 0.1780 0.1434 0.2326 0.1434 0.2326 0.1623 0.6267 0.2000 0.6121 0.2000 0.6267 0.2189 0.6267 0.2000 0.6267 0.1811 0.6121 0.2000 0.1780 0.1434 0.1780 0.1245 0.2326 0.1434 0.6524 0.1623 0.6524 0.1434 0.6267 0.1434 0.6524 0.1623 0.6267 0.1434 0.6267 0.1623 0.1780 0.1623 0.1780 0.1434 0.2326 0.1623 0.1780 0.1811 0.1780 0.1623 0.2326 0.1623 0.1780 0.1811 0.2326 0.1623 0.2326 0.1811 0.6635 0.1434 0.6635 0.1245 0.6524 0.1245 0.6635 0.1434 0.6820 0.1245 0.6635 0.1245 0.6635 0.1434 0.6524 0.1245 0.6524 0.1434 0.1780 0.2000 0.2326 0.1811 0.2326 0.2000 0.1780 0.2000 0.1780 0.1811 0.2326 0.1811 0.1780 0.2000 0.2326 0.2189 0.1780 0.2189 0.6524 0.1811 0.6267 0.1623 0.6267 0.1811 0.1780 0.2000 0.2326 0.2000 0.2326 0.2189 0.6524 0.1811 0.6524 0.1623 0.6267 0.1623 0.1292 0.1434 0.1292 0.1245 0.1780 0.1245 0.1292 0.1434 0.0874 0.1245 0.1292 0.1245 0.6635 0.1623 0.6524 0.1434 0.6524 0.1623 0.1292 0.1434 0.1780 0.1245 0.1780 0.1434 0.6635 0.1623 0.6635 0.1434 0.6524 0.1434 0.1292 0.1623 0.1292 0.1434 0.1780 0.1434 0.6524 0.2000 0.6267 0.2000 0.6267 0.2189 0.6524 0.2000 0.6524 0.1811 0.6267 0.1811 0.1292 0.1623 0.1780 0.1434 0.1780 0.1623 0.6524 0.2000 0.6267 0.1811 0.6267 0.2000 0.6524 0.2000 0.6267 0.2189 0.6635 0.2189 0.1292 0.1811 0.1780 0.1623 0.1780 0.1811 0.1292 0.1811 0.1292 0.1623 0.1780 0.1623 0.6635 0.1811 0.6524 0.1623 0.6524 0.1811 0.6635 0.1811 0.6635 0.1623 0.6524 0.1623 0.1292 0.2000 0.1780 0.2189 0.1292 0.2189 0.6820 0.1434 0.6893 0.1245 0.6820 0.1245 0.6820 0.1434 0.6820 0.1245 0.6635 0.1434 0.1292 0.2000 0.1780 0.1811 0.1780 0.2000 0.1292 0.2000 0.1292 0.1811 0.1780 0.1811 0.6820 0.1434 0.6635 0.1434 0.6635 0.1623 0.1292 0.2000 0.1780 0.2000 0.1780 0.2189 0.6635 0.2000 0.6524 0.1811 0.6524 0.2000 0.0874 0.1434 0.0874 0.1245 0.1292 0.1434 0.6635 0.2000 0.6524 0.2000 0.6635 0.2189 0.6635 0.2000 0.6635 0.1811 0.6524 0.1811 0.0874 0.1623 0.0874 0.1434 0.1292 0.1434 0.6820 0.1623 0.6820 0.1434 0.6635 0.1623 0.0874 0.1623 0.1292 0.1434 0.1292 0.1623 0.6893 0.1434 0.6893 0.1245 0.6820 0.1434 0.6820 0.1811 0.6635 0.1623 0.6635 0.1811 0.0874 0.1811 0.0874 0.1623 0.1292 0.1623 0.6820 0.1811 0.6820 0.1623 0.6635 0.1623 0.0874 0.1811 0.1292 0.1623 0.1292 0.1811 0.0874 0.2000 0.1292 0.2000 0.1292 0.2189 0.0874 0.2000 0.1292 0.1811 0.1292 0.2000 0.0874 0.2000 0.0874 0.1811 0.1292 0.1811 0.0874 0.2000 0.1292 0.2189 0.0874 0.2189 0.6893 0.1623 0.6893 0.1434 0.6820 0.1434 0.6893 0.1623 0.6820 0.1434 0.6820 0.1623 0.0505 0.1434 0.0874 0.1434 0.0874 0.1623 0.0505 0.1434 0.0505 0.1245 0.0874 0.1245 0.6820 0.2000 0.6635 0.2000 0.6635 0.2189 0.0505 0.1434 0.0874 0.1245 0.0874 0.1434 0.6820 0.2000 0.6635 0.1811 0.6635 0.2000 0.6820 0.2000 0.6820 0.1811 0.6635 0.1811 0.6820 0.2000 0.6635 0.2189 0.6893 0.2189 0.0505 0.1623 0.0874 0.1623 0.0874 0.1811 0.6893 0.1811 0.6893 0.1623 0.6820 0.1623 0.6893 0.1811 0.6820 0.1623 0.6820 0.1811 0.0505 0.1623 0.0505 0.1434 0.0874 0.1623 0.0505 0.1811 0.0874 0.1811 0.0874 0.2000 0.7000 0.1434 0.6893 0.1245 0.6893 0.1434 0.0505 0.1811 0.0505 0.1623 0.0874 0.1811 0.7000 0.1434 0.7000 0.1245 0.6893 0.1245 0.0505 0.2000 0.0874 0.2000 0.0874 0.2189 0.0505 0.2000 0.0874 0.2189 0.0505 0.2189 0.6893 0.2000 0.6893 0.1811 0.6820 0.1811 0.0505 0.2000 0.0505 0.1811 0.0874 0.2000 0.6893 0.2000 0.6820 0.1811 0.6820 0.2000 0.6893 0.2000 0.6820 0.2000 0.6893 0.2189 0.0248 0.1434 0.0248 0.1245 0.0505 0.1245 0.7021 0.1434 0.7021 0.1245 0.7000 0.1245 0.7021 0.1434 0.7000 0.1245 0.7000 0.1434 0.0248 0.1434 0.0505 0.1245 0.0505 0.1434 0.0248 0.1623 0.0505 0.1434 0.0505 0.1623 0.7000 0.1623 0.6893 0.1434 0.6893 0.1623 0.0248 0.1623 0.0248 0.1434 0.0505 0.1434 0.7000 0.1623 0.7000 0.1434 0.6893 0.1434 0.7034 0.1434 0.7021 0.1245 0.7021 0.1434 0.0248 0.1811 0.0505 0.1623 0.0505 0.1811 0.7034 0.1434 0.7047 0.1245 0.7021 0.1245 0.0248 0.1811 0.0248 0.1623 0.0505 0.1623 0.0248 0.2000 0.0248 0.1811 0.0505 0.1811 0.0248 0.2000 0.0505 0.2189 0.0248 0.2189 0.7021 0.1623 0.7000 0.1434 0.7000 0.1623 0.0248 0.2000 0.0505 0.2000 0.0505 0.2189 0.0248 0.2000 0.0505 0.1811 0.0505 0.2000 0.0119 0.1434 0.0119 0.1245 0.0248 0.1245 0.7021 0.1623 0.7021 0.1434 0.7000 0.1434 0.0119 0.1434 0.0248 0.1245 0.0248 0.1434 0.7000 0.1811 0.7000 0.1623 0.6893 0.1623 0.7000 0.1811 0.6893 0.1623 0.6893 0.1811 0.0107 0.1434 0.0107 0.1245 0.0119 0.1245 0.7047 0.1434 0.7047 0.1245 0.7034 0.1434 0.0107 0.1434 0.0119 0.1245 0.0119 0.1434 0.0119 0.1623 0.0119 0.1434 0.0248 0.1434 0.7034 0.1623 0.7034 0.1434 0.7021 0.1434 0.7034 0.1623 0.7021 0.1434 0.7021 0.1623 0.0119 0.1623 0.0248 0.1434 0.0248 0.1623 0.7021 0.1811 0.7021 0.1623 0.7000 0.1623 0.0107 0.1623 0.0119 0.1434 0.0119 0.1623 0.7021 0.1811 0.7000 0.1623 0.7000 0.1811 0.0107 0.1623 0.0107 0.1434 0.0119 0.1434 0.7000 0.2000 0.6893 0.1811 0.6893 0.2000 0.7000 0.2000 0.6893 0.2000 0.6893 0.2189 0.0119 0.1811 0.0119 0.1623 0.0248 0.1623 0.7000 0.2000 0.7000 0.1811 0.6893 0.1811 0.7000 0.2000 0.6893 0.2189 0.7021 0.2189 0.0119 0.1811 0.0248 0.1623 0.0248 0.1811 0.7047 0.1623 0.7047 0.1434 0.7034 0.1434 0.7047 0.1623 0.7034 0.1434 0.7034 0.1623 0.7034 0.1811 0.7021 0.1623 0.7021 0.1811 0.0107 0.1811 0.0119 0.1623 0.0119 0.1811 0.7034 0.1811 0.7034 0.1623 0.7021 0.1623 0.0107 0.1811 0.0107 0.1623 0.0119 0.1623 0.0119 0.2000 0.0248 0.2000 0.0248 0.2189 0.0119 0.2000 0.0248 0.1811 0.0248 0.2000 0.0119 0.2000 0.0119 0.1811 0.0248 0.1811 0.7021 0.2000 0.7021 0.1811 0.7000 0.1811 0.7021 0.2000 0.7000 0.1811 0.7000 0.2000 0.0119 0.2000 0.0248 0.2189 0.0119 0.2189 0.7021 0.2000 0.7000 0.2000 0.7021 0.2189 0.0107 0.2000 0.0119 0.2000 0.0119 0.2189 0.0107 0.2000 0.0119 0.1811 0.0119 0.2000 0.7021 0.2000 0.7021 0.2189 0.7034 0.2189 0.0107 0.2000 0.0107 0.1811 0.0119 0.1811 0.7047 0.1811 0.7047 0.1623 0.7034 0.1623 0.0107 0.2000 0.0119 0.2189 0.0107 0.2189 0.7047 0.1811 0.7034 0.1623 0.7034 0.1811 0.0079 0.1434 0.0079 0.1245 0.0107 0.1245 0.0079 0.1434 0.0107 0.1245 0.0107 0.1434 0.7034 0.2000 0.7021 0.1811 0.7021 0.2000 0.7034 0.2000 0.7034 0.1811 0.7021 0.1811 0.7034 0.2000 0.7021 0.2000 0.7034 0.2189 0.7062 0.1434 0.7047 0.1245 0.7047 0.1434 0.0079 0.1623 0.0107 0.1434 0.0107 0.1623 0.7062 0.1434 0.7062 0.1245 0.7047 0.1245 0.7062 0.1434 0.7047 0.1434 0.7047 0.1623 0.0079 0.1623 0.0079 0.1434 0.0107 0.1434 0.7047 0.2000 0.7047 0.1811 0.7034 0.1811 0.0085 0.1434 0.0085 0.1245 0.0079 0.1245 0.7047 0.2000 0.7034 0.1811 0.7034 0.2000 0.7047 0.2000 0.7034 0.2000 0.7034 0.2189 0.0085 0.1434 0.0079 0.1245 0.0079 0.1434 0.7047 0.2000 0.7034 0.2189 0.7062 0.2189 0.7062 0.1623 0.7047 0.1623 0.7047 0.1811 0.7062 0.1623 0.7062 0.1434 0.7047 0.1623 0.0079 0.1811 0.0107 0.1623 0.0107 0.1811 0.0079 0.1811 0.0079 0.1623 0.0107 0.1623 0.7056 0.1434 0.7007 0.1245 0.7062 0.1245 0.7056 0.1434 0.7062 0.1245 0.7062 0.1434 0.7056 0.1434 0.7062 0.1434 0.7062 0.1623 0.0085 0.1623 0.0085 0.1434 0.0079 0.1434 0.0085 0.1623 0.0079 0.1434 0.0079 0.1623 0.7062 0.1811 0.7047 0.1811 0.7047 0.2000 0.7062 0.1811 0.7062 0.1623 0.7047 0.1811 0.0079 0.2000 0.0079 0.1811 0.0107 0.1811 0.0079 0.2000 0.0107 0.2000 0.0107 0.2189 0.0079 0.2000 0.0107 0.2189 0.0079 0.2189 0.7056 0.1623 0.7056 0.1434 0.7062 0.1623 0.0079 0.2000 0.0107 0.1811 0.0107 0.2000 0.0085 0.1811 0.0085 0.1623 0.0079 0.1623 0.7062 0.2000 0.7047 0.2000 0.7062 0.2189 0.0085 0.1811 0.0079 0.1623 0.0079 0.1811 0.7062 0.2000 0.7062 0.1811 0.7047 0.2000 0.0134 0.1434 0.0134 0.1245 0.0085 0.1245 0.7056 0.1811 0.7062 0.1623 0.7062 0.1811 0.0134 0.1434 0.0175 0.1245 0.0134 0.1245 0.7056 0.1811 0.7056 0.1623 0.7062 0.1623 0.0134 0.1434 0.0085 0.1245 0.0085 0.1434 0.7007 0.1434 0.7007 0.1245 0.7056 0.1434 0.0085 0.2000 0.0079 0.1811 0.0079 0.2000 0.0085 0.2000 0.0085 0.1811 0.0079 0.1811 0.0085 0.2000 0.0079 0.2000 0.0079 0.2189 0.0085 0.2000 0.0079 0.2189 0.0085 0.2189 0.7056 0.2000 0.7062 0.2000 0.7062 0.2189 0.7056 0.2000 0.7056 0.1811 0.7062 0.1811 0.7056 0.2000 0.7062 0.2189 0.7056 0.2189 0.7056 0.2000 0.7062 0.1811 0.7062 0.2000 0.0134 0.1623 0.0085 0.1434 0.0085 0.1623 0.7007 0.1623 0.7056 0.1434 0.7056 0.1623 0.7007 0.1623 0.7007 0.1434 0.7056 0.1434 0.0134 0.1623 0.0134 0.1434 0.0085 0.1434 0.0175 0.1434 0.0175 0.1245 0.0134 0.1434 0.0175 0.1434 0.0134 0.1434 0.0134 0.1623 0.6966 0.1434 0.6832 0.1245 0.7007 0.1245 0.0134 0.1811 0.0085 0.1623 0.0085 0.1811 0.6966 0.1434 0.7007 0.1245 0.7007 0.1434 0.0134 0.1811 0.0134 0.1623 0.0085 0.1623 0.7007 0.1811 0.7007 0.1623 0.7056 0.1623 0.7007 0.1811 0.7056 0.1623 0.7056 0.1811 0.0175 0.1623 0.0175 0.1434 0.0134 0.1623 0.0134 0.2000 0.0085 0.1811 0.0085 0.2000 0.6966 0.1623 0.6966 0.1434 0.7007 0.1434 0.0134 0.2000 0.0085 0.2000 0.0085 0.2189 0.0134 0.2000 0.0134 0.1811 0.0085 0.1811 0.6966 0.1623 0.7007 0.1434 0.7007 0.1623 0.0134 0.2000 0.0085 0.2189 0.0134 0.2189 0.7007 0.2000 0.7056 0.2000 0.7056 0.2189 0.7007 0.2000 0.7007 0.1811 0.7056 0.1811 0.0175 0.1811 0.0175 0.1623 0.0134 0.1623 0.7007 0.2000 0.7056 0.2189 0.7007 0.2189 0.7007 0.2000 0.7056 0.1811 0.7056 0.2000 0.0175 0.1811 0.0134 0.1623 0.0134 0.1811 0.6966 0.1811 0.7007 0.1623 0.7007 0.1811 0.0308 0.1434 0.0308 0.1245 0.0175 0.1245 0.6966 0.1811 0.6966 0.1623 0.7007 0.1623 0.0308 0.1434 0.0175 0.1245 0.0175 0.1434 0.6832 0.1434 0.6832 0.1245 0.6966 0.1434 0.6832 0.1434 0.6966 0.1434 0.6966 0.1623 0.0175 0.2000 0.0134 0.1811 0.0134 0.2000 0.0175 0.2000 0.0175 0.1811 0.0134 0.1811 0.0175 0.2000 0.0134 0.2189 0.0175 0.2189 0.0175 0.2000 0.0134 0.2000 0.0134 0.2189 0.6966 0.2000 0.6966 0.1811 0.7007 0.1811 0.6966 0.2000 0.7007 0.2000 0.7007 0.2189 0.0368 0.1434 0.0368 0.1245 0.0308 0.1245 0.6966 0.2000 0.7007 0.2189 0.6966 0.2189 0.0368 0.1434 0.0573 0.1245 0.0368 0.1245 0.0368 0.1434 0.0308 0.1245 0.0308 0.1434 0.6966 0.2000 0.7007 0.1811 0.7007 0.2000 0.6772 0.1434 0.6568 0.1245 0.6832 0.1245 0.6772 0.1434 0.6832 0.1245 0.6832 0.1434 0.0308 0.1623 0.0308 0.1434 0.0175 0.1434 0.0308 0.1623 0.0175 0.1434 0.0175 0.1623 0.6832 0.1623 0.6832 0.1434 0.6966 0.1623 0.6832 0.1623 0.6966 0.1623 0.6966 0.1811 0.0368 0.1623 0.0368 0.1434 0.0308 0.1434 0.6772 0.1623 0.6832 0.1434 0.6832 0.1623 0.0368 0.1623 0.0308 0.1434 0.0308 0.1623 0.6772 0.1623 0.6772 0.1434 0.6832 0.1434 0.0308 0.1811 0.0175 0.1623 0.0175 0.1811 0.6832 0.1811 0.6832 0.1623 0.6966 0.1811 0.6832 0.1811 0.6966 0.1811 0.6966 0.2000 0.0308 0.1811 0.0308 0.1623 0.0175 0.1623 0.6772 0.1811 0.6772 0.1623 0.6832 0.1623 0.6772 0.1811 0.6832 0.1623 0.6832 0.1811 0.0368 0.1811 0.0368 0.1623 0.0308 0.1623 0.0368 0.1811 0.0308 0.1623 0.0308 0.1811 0.0308 0.2000 0.0175 0.1811 0.0175 0.2000 0.0308 0.2000 0.0175 0.2189 0.0308 0.2189 0.6832 0.2000 0.6966 0.2000 0.6966 0.2189 0.6832 0.2000 0.6832 0.1811 0.6966 0.2000 0.0308 0.2000 0.0175 0.2000 0.0175 0.2189 0.0308 0.2000 0.0308 0.1811 0.0175 0.1811 0.6832 0.2000 0.6966 0.2189 0.6832 0.2189 0.0573 0.1434 0.0573 0.1245 0.0368 0.1434 0.6568 0.1434 0.6568 0.1245 0.6772 0.1434 0.6772 0.2000 0.6832 0.1811 0.6832 0.2000 0.0368 0.2000 0.0308 0.2189 0.0368 0.2189 0.6772 0.2000 0.6772 0.1811 0.6832 0.1811 0.0368 0.2000 0.0308 0.2000 0.0308 0.2189 0.6772 0.2000 0.6832 0.2000 0.6832 0.2189 0.6772 0.2000 0.6832 0.2189 0.6772 0.2189 0.0368 0.2000 0.0368 0.1811 0.0308 0.1811 0.0368 0.2000 0.0308 0.1811 0.0308 0.2000 0.0657 0.1434 0.0657 0.1245 0.0573 0.1245 0.1552 0.1245 0.1292 0.1245 0.1368 0.1245 0.0505 0.1245 0.0589 0.1245 0.0679 0.1245 0.1913 0.1245 0.1780 0.1245 0.1552 0.1245 0.2119 0.1245 0.1780 0.1245 0.1913 0.1245 0.0389 0.1245 0.0589 0.1245 0.0505 0.1245 0.0248 0.1245 0.0324 0.1245 0.0389 0.1245 0.2512 0.1245 0.2326 0.1245 0.2119 0.1245 0.0194 0.1245 0.0324 0.1245 0.0248 0.1245 0.0119 0.1245 0.0194 0.1245 0.0248 0.1245 0.0119 0.1245 0.0149 0.1245 0.0194 0.1245 0.3048 0.1245 0.2955 0.1245 0.2731 0.1245 0.0107 0.1245 0.0149 0.1245 0.0119 0.1245 0.3156 0.1245 0.2955 0.1245 0.3048 0.1245 0.0101 0.1245 0.0149 0.1245 0.0107 0.1245 0.0079 0.1245 0.0101 0.1245 0.0107 0.1245 0.0095 0.1245 0.0101 0.1245 0.0079 0.1245 0.3570 0.1245 0.3570 0.1245 0.3156 0.1245 0.0085 0.1245 0.0095 0.1245 0.0079 0.1245 0.0121 0.1245 0.0095 0.1245 0.0085 0.1245 0.4100 0.1245 0.3570 0.1245 0.3570 0.1245 0.0134 0.1245 0.0134 0.1245 0.0121 0.1245 0.0134 0.1245 0.0121 0.1245 0.0085 0.1245 0.4184 0.1245 0.4100 0.1245 0.3570 0.1245 0.0175 0.1245 0.0134 0.1245 0.0134 0.1245 0.0260 0.1245 0.0134 0.1245 0.0175 0.1245 0.4643 0.1245 0.4100 0.1245 0.4184 0.1245 0.0308 0.1245 0.0260 0.1245 0.0175 0.1245 0.4812 0.1245 0.4643 0.1245 0.4184 0.1245 0.0368 0.1245 0.0260 0.1245 0.0308 0.1245 0.0515 0.1245 0.0260 0.1245 0.0368 0.1245 0.5242 0.1245 0.4643 0.1245 0.4812 0.1245 0.0573 0.1245 0.0515 0.1245 0.0368 0.1245 0.5357 0.1245 0.5242 0.1245 0.4812 0.1245 0.0657 0.1245 0.0515 0.1245 0.0573 0.1245 0.0882 0.1245 0.0515 0.1245 0.0657 0.1245 0.5788 0.1245 0.5242 0.1245 0.5357 0.1245 0.0925 0.1245 0.0882 0.1245 0.0657 0.1245 0.5843 0.1245 0.5788 0.1245 0.5357 0.1245 0.1030 0.1245 0.0882 0.1245 0.0925 0.1245 0.1297 0.1245 0.0882 0.1245 0.1030 0.1245 0.6215 0.1245 0.5788 0.1245 0.5843 0.1245 0.1353 0.1245 0.1297 0.1245 0.1030 0.1245 0.6259 0.1245 0.6215 0.1245 0.5843 0.1245 0.1527 0.1245 0.1297 0.1245 0.1353 0.1245 0.1784 0.1245 0.1297 0.1245 0.1527 0.1245 0.6568 0.1245 0.6215 0.1245 0.6259 0.1245 0.1898 0.1245 0.1784 0.1245 0.1527 0.1245 0.6625 0.1245 0.6568 0.1245 0.6259 0.1245 0.2093 0.1245 0.1784 0.1245 0.1898 0.1245 0.2328 0.1245 0.1784 0.1245 0.2093 0.1245 0.2498 0.1245 0.2328 0.1245 0.2093 0.1245 0.6881 0.1245 0.6832 0.1245 0.6625 0.1245 0.2706 0.1245 0.2328 0.1245 0.2498 0.1245 0.2957 0.1245 0.2328 0.1245 0.2706 0.1245 0.7006 0.1245 0.7007 0.1245 0.6881 0.1245 0.3041 0.1245 0.2957 0.1245 0.2706 0.1245 0.7019 0.1245 0.7007 0.1245 0.7006 0.1245 0.3342 0.1245 0.2957 0.1245 0.3041 0.1245 0.3570 0.1245 0.2957 0.1245 0.3342 0.1245 0.3570 0.1245 0.3570 0.1245 0.3342 0.1245 0.7062 0.1245 0.7019 0.1245 0.7046 0.1245 0.7039 0.1245 0.7062 0.1245 0.7046 0.1245 0.7047 0.1245 0.7062 0.1245 0.7039 0.1245 0.3984 0.1245 0.3570 0.1245 0.3570 0.1245 0.4002 0.1245 0.3984 0.1245 0.3570 0.1245 0.4093 0.1245 0.3984 0.1245 0.4002 0.1245 0.6991 0.1245 0.7021 0.1245 0.7047 0.1245 0.6991 0.1245 0.7047 0.1245 0.7039 0.1245 0.4185 0.1245 0.4093 0.1245 0.4002 0.1245 0.7000 0.1245 0.7021 0.1245 0.6991 0.1245 0.6947 0.1245 0.7000 0.1245 0.6991 0.1245 0.4410 0.1245 0.4093 0.1245 0.4185 0.1245 0.4602 0.1245 0.4410 0.1245 0.4185 0.1245 0.4629 0.1245 0.4410 0.1245 0.4602 0.1245 0.6893 0.1245 0.7000 0.1245 0.6947 0.1245 0.6816 0.1245 0.6893 0.1245 0.6947 0.1245 0.4815 0.1245 0.4629 0.1245 0.4602 0.1245 0.6820 0.1245 0.6893 0.1245 0.6816 0.1245 0.6752 0.1245 0.6820 0.1245 0.6816 0.1245 0.5022 0.1245 0.4629 0.1245 0.4815 0.1245 0.5165 0.1245 0.5022 0.1245 0.4815 0.1245 0.5227 0.1245 0.5022 0.1245 0.5165 0.1245 0.6635 0.1245 0.6820 0.1245 0.6752 0.1245 0.6552 0.1245 0.6635 0.1245 0.6752 0.1245 0.5361 0.1245 0.5227 0.1245 0.5165 0.1245 0.6524 0.1245 0.6635 0.1245 0.6552 0.1245 0.6461 0.1245 0.6524 0.1245 0.6552 0.1245 0.5588 0.1245 0.5227 0.1245 0.5361 0.1245 0.5676 0.1245 0.5588 0.1245 0.5361 0.1245 0.5773 0.1245 0.5588 0.1245 0.5676 0.1245 0.6267 0.1245 0.6461 0.1245 0.6200 0.1245 0.6267 0.1245 0.6524 0.1245 0.6461 0.1245 0.5849 0.1245 0.6087 0.1245 0.5773 0.1245 0.5849 0.1245 0.5773 0.1245 0.5676 0.1245 0.6121 0.1245 0.6200 0.1245 0.6087 0.1245 0.6121 0.1245 0.6087 0.1245 0.5849 0.1245 0.6121 0.1245 0.6267 0.1245 0.6200 0.1245 0.7062 0.1245 0.7007 0.1245 0.7019 0.1245 0.7007 0.1245 0.6832 0.1245 0.6881 0.1245 0.6832 0.1245 0.6568 0.1245 0.6625 0.1245 0.3570 0.1245 0.2955 0.1245 0.3156 0.1245 0.2955 0.1245 0.2326 0.1245 0.2731 0.1245 0.2731 0.1245 0.2326 0.1245 0.2512 0.1245 0.2326 0.1245 0.1780 0.1245 0.2119 0.1245 0.1780 0.1245 0.1292 0.1245 0.1552 0.1245 0.0874 0.1245 0.0505 0.1245 0.0679 0.1245 0.0505 0.1245 0.0248 0.1245 0.0389 0.1245 0.0679 0.1245 0.0941 0.1245 0.0874 0.1245 0.0874 0.1245 0.0941 0.1245 0.1054 0.1245 0.0874 0.1245 0.1054 0.1245 0.1292 0.1245 0.1292 0.1245 0.1054 0.1245 0.1368 0.1245 0.3178 0.3208 0.3570 0.3208 0.3570 0.3377 0.3037 0.3377 0.3178 0.3208 0.3570 0.3377 0.3037 0.3377 0.3060 0.3208 0.3178 0.3208 0.2775 0.3208 0.3060 0.3208 0.3037 0.3377 0.2495 0.3377 0.2775 0.3208 0.3037 0.3377 0.2495 0.3377 0.2540 0.3208 0.2775 0.3208 0.2260 0.3208 0.2540 0.3208 0.2495 0.3377 0.2042 0.3377 0.2048 0.3208 0.2260 0.3208 0.2042 0.3377 0.2260 0.3208 0.2495 0.3377 0.1802 0.3208 0.2048 0.3208 0.2042 0.3377 0.1655 0.3377 0.1623 0.3208 0.1802 0.3208 0.1655 0.3377 0.1802 0.3208 0.2042 0.3377 0.1459 0.3208 0.1623 0.3208 0.1655 0.3377 0.1317 0.3377 0.1317 0.3208 0.1459 0.3208 0.1317 0.3377 0.1459 0.3208 0.1655 0.3377 0.1196 0.3208 0.1317 0.3208 0.1317 0.3377 0.1088 0.3377 0.1100 0.3208 0.1196 0.3208 0.1088 0.3377 0.1196 0.3208 0.1317 0.3377 0.1019 0.3208 0.1100 0.3208 0.1088 0.3377 0.0993 0.3377 0.0982 0.3208 0.1019 0.3208 0.0993 0.3377 0.1019 0.3208 0.1088 0.3377 0.0976 0.3377 0.0982 0.3208 0.0993 0.3377 0.0964 0.3208 0.0982 0.3208 0.0976 0.3377 0.0964 0.3377 0.0964 0.3208 0.0976 0.3377 0.0976 0.3208 0.0964 0.3208 0.0964 0.3377 0.0982 0.3377 0.0993 0.3208 0.0976 0.3208 0.0982 0.3377 0.0976 0.3208 0.0964 0.3377 0.1019 0.3377 0.0993 0.3208 0.0982 0.3377 0.1088 0.3208 0.0993 0.3208 0.1019 0.3377 0.1100 0.3377 0.1088 0.3208 0.1019 0.3377 0.1196 0.3377 0.1088 0.3208 0.1100 0.3377 0.1317 0.3208 0.1088 0.3208 0.1196 0.3377 0.1317 0.3377 0.1317 0.3208 0.1196 0.3377 0.1459 0.3377 0.1317 0.3208 0.1317 0.3377 0.1655 0.3208 0.1317 0.3208 0.1459 0.3377 0.1623 0.3377 0.1655 0.3208 0.1459 0.3377 0.1802 0.3377 0.1655 0.3208 0.1623 0.3377 0.2042 0.3208 0.1655 0.3208 0.1802 0.3377 0.2048 0.3377 0.2042 0.3208 0.1802 0.3377 0.2260 0.3377 0.2042 0.3208 0.2048 0.3377 0.2495 0.3208 0.2042 0.3208 0.2260 0.3377 0.2540 0.3377 0.2495 0.3208 0.2260 0.3377 0.2775 0.3377 0.2495 0.3208 0.2540 0.3377 0.3037 0.3208 0.2495 0.3208 0.2775 0.3377 0.3074 0.3377 0.3037 0.3208 0.2775 0.3377 0.3178 0.3377 0.3037 0.3208 0.3074 0.3377 0.3570 0.3208 0.3037 0.3208 0.3178 0.3377 0.3570 0.3377 0.3570 0.3208 0.3178 0.3377 0.3624 0.3377 0.3570 0.3208 0.3570 0.3377 0.3963 0.3208 0.3570 0.3208 0.3624 0.3377 0.4103 0.3377 0.4081 0.3208 0.3963 0.3208 0.4103 0.3377 0.3963 0.3208 0.3624 0.3377 0.4155 0.3377 0.4081 0.3208 0.4103 0.3377 0.4366 0.3208 0.4081 0.3208 0.4155 0.3377 0.4646 0.3377 0.4601 0.3208 0.4366 0.3208 0.4646 0.3377 0.4366 0.3208 0.4155 0.3377 0.4656 0.3377 0.4601 0.3208 0.4646 0.3377 0.4880 0.3208 0.4601 0.3208 0.4656 0.3377 0.5098 0.3377 0.4880 0.3208 0.4656 0.3377 0.5098 0.3377 0.5093 0.3208 0.4880 0.3208 0.5108 0.3377 0.5093 0.3208 0.5098 0.3377 0.5338 0.3208 0.5093 0.3208 0.5108 0.3377 0.5486 0.3377 0.5338 0.3208 0.5108 0.3377 0.5486 0.3377 0.5518 0.3208 0.5338 0.3208 0.5493 0.3377 0.5518 0.3208 0.5486 0.3377 0.5682 0.3208 0.5518 0.3208 0.5493 0.3377 0.5824 0.3377 0.5682 0.3208 0.5493 0.3377 0.5824 0.3377 0.5823 0.3208 0.5682 0.3208 0.5830 0.3377 0.5823 0.3208 0.5824 0.3377 0.5945 0.3208 0.5823 0.3208 0.5830 0.3377 0.6052 0.3377 0.5945 0.3208 0.5830 0.3377 0.6052 0.3377 0.6041 0.3208 0.5945 0.3208 0.6056 0.3377 0.6041 0.3208 0.6052 0.3377 0.6122 0.3208 0.6041 0.3208 0.6056 0.3377 0.6147 0.3377 0.6122 0.3208 0.6056 0.3377 0.6147 0.3377 0.6158 0.3208 0.6122 0.3208 0.6166 0.3377 0.6158 0.3208 0.6147 0.3377 0.6177 0.3208 0.6158 0.3208 0.6166 0.3377 0.6177 0.3377 0.6177 0.3208 0.6166 0.3377 0.6165 0.3208 0.6177 0.3208 0.6177 0.3377 0.6157 0.3377 0.6165 0.3208 0.6177 0.3377 0.6157 0.3377 0.6147 0.3208 0.6165 0.3208 0.6122 0.3377 0.6147 0.3208 0.6157 0.3377 0.6052 0.3208 0.6147 0.3208 0.6122 0.3377 0.6037 0.3377 0.6052 0.3208 0.6122 0.3377 0.5945 0.3377 0.6052 0.3208 0.6037 0.3377 0.5824 0.3208 0.6052 0.3208 0.5945 0.3377 0.5818 0.3377 0.5824 0.3208 0.5945 0.3377 0.5682 0.3377 0.5824 0.3208 0.5818 0.3377 0.5486 0.3208 0.5824 0.3208 0.5682 0.3377 0.5510 0.3377 0.5486 0.3208 0.5682 0.3377 0.5338 0.3377 0.5486 0.3208 0.5510 0.3377 0.5098 0.3208 0.5486 0.3208 0.5338 0.3377 0.5084 0.3377 0.5098 0.3208 0.5338 0.3377 0.4880 0.3377 0.5098 0.3208 0.5084 0.3377 0.4646 0.3208 0.5098 0.3208 0.4880 0.3377 0.4591 0.3377 0.4646 0.3208 0.4880 0.3377 0.4366 0.3377 0.4646 0.3208 0.4591 0.3377 0.4103 0.3208 0.4646 0.3208 0.4366 0.3377 0.4075 0.3377 0.4103 0.3208 0.4366 0.3377 0.3963 0.3377 0.4103 0.3208 0.4075 0.3377 0.3570 0.3208 0.4103 0.3208 0.3963 0.3377 0.3570 0.3377 0.3570 0.3208 0.3963 0.3377 0.6056 0.3377 0.6052 0.3377 0.5824 0.3377 0.6056 0.3377 0.4656 0.3377 0.4646 0.3377 0.6056 0.3377 0.5493 0.3377 0.5486 0.3377 0.6056 0.3377 0.5824 0.3377 0.5493 0.3377 0.1459 0.3377 0.1802 0.3377 0.1623 0.3377 0.3570 0.3377 0.2495 0.3377 0.3037 0.3377 0.6157 0.3377 0.6166 0.3377 0.6147 0.3377 0.6157 0.3377 0.6177 0.3377 0.6166 0.3377 0.2540 0.3377 0.2048 0.3377 0.1802 0.3377 0.2540 0.3377 0.2260 0.3377 0.2048 0.3377 0.4075 0.3377 0.3570 0.3377 0.3963 0.3377 0.6122 0.3377 0.4646 0.3377 0.2540 0.3377 0.1100 0.3377 0.1317 0.3377 0.1196 0.3377 0.6122 0.3377 0.6056 0.3377 0.4646 0.3377 0.1100 0.3377 0.1459 0.3377 0.1317 0.3377 0.6122 0.3377 0.6147 0.3377 0.6056 0.3377 0.1100 0.3377 0.1802 0.3377 0.1459 0.3377 0.6122 0.3377 0.6157 0.3377 0.6147 0.3377 0.1100 0.3377 0.2540 0.3377 0.1802 0.3377 0.6122 0.3377 0.2540 0.3377 0.1019 0.3377 0.4366 0.3377 0.2495 0.3377 0.3570 0.3377 0.4366 0.3377 0.3570 0.3377 0.4075 0.3377 0.1019 0.3377 0.2540 0.3377 0.1100 0.3377 0.4591 0.3377 0.1019 0.3377 0.2495 0.3377 0.4591 0.3377 0.6122 0.3377 0.1019 0.3377 0.4591 0.3377 0.6037 0.3377 0.6122 0.3377 0.4591 0.3377 0.2495 0.3377 0.4366 0.3377 0.3178 0.3377 0.3074 0.3377 0.2775 0.3377 0.5818 0.3377 0.5945 0.3377 0.6037 0.3377 0.5084 0.3377 0.4591 0.3377 0.4880 0.3377 0.3570 0.3377 0.2775 0.3377 0.2540 0.3377 0.3570 0.3377 0.3178 0.3377 0.2775 0.3377 0.5682 0.3377 0.5818 0.3377 0.6037 0.3377 0.0976 0.3377 0.0982 0.3377 0.0964 0.3377 0.5338 0.3377 0.6037 0.3377 0.4591 0.3377 0.5338 0.3377 0.5510 0.3377 0.5682 0.3377 0.5338 0.3377 0.4591 0.3377 0.5084 0.3377 0.5338 0.3377 0.5682 0.3377 0.6037 0.3377 0.0993 0.3377 0.1019 0.3377 0.0982 0.3377 0.0993 0.3377 0.0982 0.3377 0.0976 0.3377 0.4155 0.3377 0.4103 0.3377 0.3624 0.3377 0.1088 0.3377 0.1019 0.3377 0.0993 0.3377 0.4646 0.3377 0.3624 0.3377 0.3570 0.3377 0.4646 0.3377 0.4155 0.3377 0.3624 0.3377 0.4646 0.3377 0.3570 0.3377 0.2540 0.3377 0.5108 0.3377 0.5098 0.3377 0.4656 0.3377 0.1655 0.3377 0.1088 0.3377 0.1317 0.3377 0.5486 0.3377 0.5108 0.3377 0.4656 0.3377 0.2495 0.3377 0.1019 0.3377 0.1088 0.3377 0.2495 0.3377 0.1655 0.3377 0.2042 0.3377 0.2495 0.3377 0.1088 0.3377 0.1655 0.3377 0.6052 0.3377 0.5830 0.3377 0.5824 0.3377 0.6056 0.3377 0.5486 0.3377 0.4656 0.3377 1.0000 0.3735 1.0000 0.3573 1.0000 0.3415 1.0000 0.3767 1.0000 0.3866 1.0000 0.3573 1.0000 0.3767 1.0000 0.3573 1.0000 0.3735 1.0000 0.3390 1.0000 0.3735 1.0000 0.3415 1.0000 0.3327 1.0000 0.3415 1.0000 0.3143 1.0000 0.3327 1.0000 0.3390 1.0000 0.3415 1.0000 0.4169 1.0000 0.4055 1.0000 0.3866 1.0000 0.4169 1.0000 0.3866 1.0000 0.3767 1.0000 0.4206 1.0000 0.4396 1.0000 0.4055 1.0000 0.4206 1.0000 0.4055 1.0000 0.4169 1.0000 0.3092 1.0000 0.3143 1.0000 0.3026 1.0000 0.3092 1.0000 0.3327 1.0000 0.3143 1.0000 0.3014 1.0000 0.3026 1.0000 0.2840 1.0000 0.3014 1.0000 0.3092 1.0000 0.3026 1.0000 0.4642 1.0000 0.4610 1.0000 0.4396 1.0000 0.4642 1.0000 0.4396 1.0000 0.4206 1.0000 0.4681 1.0000 0.4610 1.0000 0.4642 1.0000 0.2885 1.0000 0.2840 1.0000 0.2768 1.0000 0.2885 1.0000 0.3014 1.0000 0.2840 1.0000 0.5033 1.0000 0.4610 1.0000 0.4681 1.0000 0.2802 1.0000 0.2885 1.0000 0.2768 1.0000 0.2674 1.0000 0.2802 1.0000 0.2768 1.0000 0.5129 1.0000 0.5215 1.0000 0.5033 1.0000 0.5129 1.0000 0.5033 1.0000 0.4681 1.0000 0.5167 1.0000 0.5215 1.0000 0.5129 1.0000 0.2768 1.0000 0.2674 1.0000 0.2672 1.0000 0.2768 1.0000 0.2802 1.0000 0.2674 1.0000 0.5398 1.0000 0.5215 1.0000 0.5167 1.0000 0.5417 1.0000 0.5215 1.0000 0.5398 1.0000 0.5660 1.0000 0.5215 1.0000 0.5417 1.0000 0.5660 1.0000 0.5660 1.0000 0.5417 1.0000 0.2736 1.0000 0.2672 1.0000 0.2642 1.0000 0.2736 1.0000 0.2768 1.0000 0.2672 1.0000 0.2736 1.0000 0.2736 1.0000 0.2642 1.0000 0.2649 1.0000 0.2736 1.0000 0.2642 1.0000 0.5884 1.0000 0.5660 1.0000 0.5660 1.0000 0.2748 1.0000 0.2736 1.0000 0.2649 1.0000 0.2781 1.0000 0.2748 1.0000 0.2649 1.0000 0.2707 1.0000 0.2785 1.0000 0.2781 1.0000 0.2707 1.0000 0.2781 1.0000 0.2649 1.0000 0.6278 1.0000 0.6087 1.0000 0.5884 1.0000 0.6278 1.0000 0.5884 1.0000 0.5660 1.0000 0.2758 1.0000 0.2785 1.0000 0.2707 1.0000 0.6526 1.0000 0.6087 1.0000 0.6278 1.0000 0.2912 1.0000 0.2785 1.0000 0.2758 1.0000 0.2919 1.0000 0.2912 1.0000 0.2758 1.0000 0.2919 1.0000 0.2919 1.0000 0.2758 1.0000 0.6905 1.0000 0.6526 1.0000 0.6278 1.0000 0.7135 1.0000 0.6526 1.0000 0.6905 1.0000 0.3134 1.0000 0.2919 1.0000 0.2989 1.0000 0.3134 1.0000 0.2919 1.0000 0.2919 1.0000 0.3144 1.0000 0.3134 1.0000 0.2989 1.0000 0.3233 1.0000 0.3144 1.0000 0.2989 1.0000 0.7423 1.0000 0.7135 1.0000 0.6905 1.0000 0.3445 1.0000 0.3144 1.0000 0.3233 1.0000 0.3445 1.0000 0.3233 1.0000 0.3328 1.0000 0.3459 1.0000 0.3445 1.0000 0.3328 1.0000 0.7679 1.0000 0.7135 1.0000 0.7423 1.0000 0.3642 1.0000 0.3459 1.0000 0.3328 1.0000 0.7862 1.0000 0.7679 1.0000 0.7423 1.0000 0.3834 1.0000 0.3459 1.0000 0.3642 1.0000 0.3834 1.0000 0.3642 1.0000 0.3759 1.0000 0.3898 1.0000 0.3834 1.0000 0.3759 1.0000 0.8088 1.0000 0.7679 1.0000 0.7862 1.0000 0.8176 1.0000 0.8088 1.0000 0.7862 1.0000 0.4186 1.0000 0.3898 1.0000 0.3759 1.0000 0.4279 1.0000 0.3898 1.0000 0.4186 1.0000 0.4321 1.0000 0.4279 1.0000 0.4186 1.0000 0.4416 1.0000 0.4279 1.0000 0.4321 1.0000 0.8402 1.0000 0.8088 1.0000 0.8176 1.0000 0.8402 1.0000 0.8402 1.0000 0.8176 1.0000 0.4758 1.0000 0.4416 1.0000 0.4321 1.0000 0.4794 1.0000 0.4758 1.0000 0.4321 1.0000 0.4940 1.0000 0.4758 1.0000 0.4794 1.0000 0.5043 1.0000 0.4758 1.0000 0.4940 1.0000 0.8613 1.0000 0.8402 1.0000 0.8402 1.0000 0.8536 1.0000 0.8613 1.0000 0.8402 1.0000 0.5233 1.0000 0.5043 1.0000 0.4940 1.0000 0.5233 1.0000 0.5244 1.0000 0.5043 1.0000 0.5305 1.0000 0.5244 1.0000 0.5233 1.0000 0.8573 1.0000 0.8613 1.0000 0.8536 1.0000 0.5660 1.0000 0.5244 1.0000 0.5305 1.0000 0.5660 1.0000 0.5715 1.0000 0.5660 1.0000 0.5660 1.0000 0.5660 1.0000 0.5305 1.0000 0.8679 1.0000 0.8573 1.0000 0.8585 1.0000 0.8679 1.0000 0.8613 1.0000 0.8573 1.0000 0.5923 1.0000 0.5715 1.0000 0.5660 1.0000 0.8649 1.0000 0.8679 1.0000 0.8585 1.0000 0.8519 1.0000 0.8649 1.0000 0.8585 1.0000 0.6287 1.0000 0.6192 1.0000 0.5923 1.0000 0.6287 1.0000 0.5923 1.0000 0.5660 1.0000 0.8552 1.0000 0.8649 1.0000 0.8519 1.0000 0.6678 1.0000 0.6192 1.0000 0.6287 1.0000 0.8307 1.0000 0.8552 1.0000 0.8519 1.0000 0.6925 1.0000 0.6678 1.0000 0.6287 1.0000 0.7151 1.0000 0.6678 1.0000 0.6925 1.0000 0.7455 1.0000 0.7151 1.0000 0.6925 1.0000 0.7455 1.0000 0.7586 1.0000 0.7151 1.0000 0.7905 1.0000 0.7586 1.0000 0.7455 1.0000 0.7905 1.0000 0.8307 1.0000 0.7994 1.0000 0.7905 1.0000 0.7994 1.0000 0.7586 1.0000 0.7905 1.0000 0.8295 1.0000 0.8307 1.0000 0.8307 1.0000 0.8295 1.0000 0.8552 0.9179 0.8981 0.9179 0.8981 0.9179 0.8679 0.9179 0.2694 0.9179 0.2989 0.9179 0.2340 0.9179 0.3233 0.9179 0.2989 0.9179 0.2694 0.9179 0.3328 0.9179 0.3233 0.9179 0.2694 0.9179 0.7679 0.9179 0.7746 0.9179 0.7135 0.9179 0.8166 0.9179 0.7746 0.9179 0.7679 0.9179 0.3573 0.9179 0.3453 0.9179 0.2940 0.9179 0.3155 0.9179 0.3328 0.9179 0.2694 0.9179 0.3415 0.9179 0.2940 0.9179 0.2606 0.9179 0.3415 0.9179 0.3573 0.9179 0.2940 0.9179 0.3642 0.9179 0.3328 0.9179 0.3155 0.9179 0.3866 0.9179 0.3453 0.9179 0.3573 0.9179 0.3759 0.9179 0.3642 0.9179 0.3155 0.9179 0.3143 0.9179 0.3415 0.9179 0.2606 0.9179 0.8088 0.9179 0.8166 0.9179 0.7679 0.9179 0.4055 0.9179 0.4033 0.9179 0.3453 0.9179 0.4055 0.9179 0.3453 0.9179 0.3866 0.9179 0.8627 0.9179 0.8166 0.9179 0.8088 0.9179 0.3026 0.9179 0.2606 0.9179 0.2340 0.9179 0.3575 0.9179 0.3759 0.9179 0.3155 0.9179 0.3026 0.9179 0.3143 0.9179 0.2606 0.9179 0.4186 0.9179 0.3759 0.9179 0.3575 0.9179 0.4396 0.9179 0.4033 0.9179 0.4055 0.9179 0.2840 0.9179 0.3026 0.9179 0.2340 0.9179 0.4610 0.9179 0.4033 0.9179 0.4396 0.9179 0.8981 0.9179 0.8088 0.9179 0.8402 0.9179 0.8981 0.9179 0.8627 0.9179 0.8088 0.9179 0.4033 0.9179 0.4321 0.9179 0.4186 0.9179 0.4033 0.9179 0.4186 0.9179 0.3575 0.9179 0.2768 0.9179 0.2840 0.9179 0.2340 0.9179 0.4794 0.9179 0.4321 0.9179 0.4033 0.9179 0.5033 0.9179 0.4033 0.9179 0.4610 0.9179 0.4940 0.9179 0.4794 0.9179 0.4033 0.9179 0.5215 0.9179 0.4033 0.9179 0.5033 0.9179 0.8613 0.9179 0.8981 0.9179 0.8402 0.9179 0.2674 0.9179 0.2768 0.9179 0.2340 0.9179 0.2672 0.9179 0.2674 0.9179 0.2340 0.9179 0.5233 0.9179 0.4940 0.9179 0.4033 0.9179 0.2642 0.9179 0.2672 0.9179 0.2340 0.9179 0.5305 0.9179 0.5233 0.9179 0.4033 0.9179 0.5660 0.9179 0.4033 0.9179 0.5215 0.9179 0.5660 0.9179 0.5305 0.9179 0.4033 0.9179 0.8679 0.9179 0.8981 0.9179 0.8613 0.9179 0.7288 0.9179 0.4033 0.9179 0.5660 0.9179 0.7288 0.9179 0.6087 0.9179 0.6526 0.9179 0.7288 0.9179 0.5884 0.9179 0.6087 0.9179 0.7288 0.9179 0.5660 0.9179 0.5884 0.9179 0.7288 0.9179 0.6287 0.9179 0.5660 0.9179 0.7288 0.9179 0.5660 0.9179 0.4033 0.9179 0.2340 0.9179 0.2649 0.9179 0.2642 0.9179 0.7288 0.9179 0.6925 0.9179 0.6287 0.9179 0.2340 0.9179 0.2707 0.9179 0.2649 0.9179 0.2340 0.9179 0.2758 0.9179 0.2707 0.9179 0.7288 0.9179 0.7455 0.9179 0.6925 0.9179 0.2340 0.9179 0.2642 0.9179 0.2340 0.9179 0.2919 0.9179 0.2758 0.9179 0.2340 0.9179 0.8981 0.9179 0.8552 0.9179 0.8295 0.9179 0.8981 0.9179 0.8649 0.9179 0.8552 0.9179 0.8981 0.9179 0.8679 0.9179 0.8649 0.9179 0.2989 0.9179 0.2919 0.9179 0.2340 0.9179 0.8714 0.9179 0.8295 0.9179 0.7905 0.9179 0.8714 0.9179 0.8981 0.9179 0.8295 0.9179 0.7868 0.9179 0.7455 0.9179 0.7288 0.9179 0.7135 0.9179 0.7288 0.9179 0.6526 0.9179 0.8380 0.9179 0.7455 0.9179 0.7868 0.9179 0.7746 0.9179 0.7288 0.9179 0.7135 0.9179 0.8380 0.9179 0.7905 0.9179 0.7455 0.9179 0.8380 0.9179 0.8714 0.9179 0.7905 0.9179 0.2606 0.8389 0.2340 0.9179 0.2340 0.9179 0.2606 0.8389 0.2940 0.8389 0.2606 0.9179 0.2606 0.8389 0.2606 0.8389 0.2340 0.9179 0.2940 0.8389 0.3453 0.8389 0.2940 0.9179 0.2940 0.8389 0.2940 0.9179 0.2606 0.9179 0.3453 0.8389 0.4033 0.8389 0.3453 0.9179 0.3453 0.8389 0.3453 0.9179 0.2940 0.9179 0.4033 0.8389 0.4033 0.9179 0.3453 0.9179 0.4033 0.8389 0.3575 0.8389 0.4033 0.9179 0.3575 0.8389 0.3575 0.9179 0.4033 0.9179 0.3155 0.8389 0.3155 0.8389 0.3575 0.9179 0.3155 0.8389 0.3575 0.9179 0.3575 0.9179 0.2694 0.8389 0.2340 0.8389 0.2694 0.9179 0.2694 0.8389 0.2694 0.8389 0.3155 0.9179 0.2694 0.8389 0.3155 0.9179 0.3155 0.9179 0.2340 0.8389 0.2340 0.9179 0.2694 0.9179 0.7288 0.8389 0.7746 0.8389 0.7288 0.9179 0.7746 0.8389 0.7746 0.9179 0.7288 0.9179 0.8166 0.8389 0.8166 0.8389 0.7746 0.9179 0.8166 0.8389 0.7746 0.9179 0.7746 0.9179 0.8627 0.8389 0.8981 0.8389 0.8627 0.9179 0.8627 0.8389 0.8627 0.8389 0.8166 0.9179 0.8627 0.8389 0.8166 0.9179 0.8166 0.9179 0.8981 0.8389 0.8981 0.9179 0.8627 0.9179 0.8981 0.8389 0.8714 0.8389 0.8981 0.9179 0.8714 0.8389 0.8714 0.9179 0.8981 0.9179 0.8380 0.8389 0.8380 0.8389 0.8714 0.9179 0.8380 0.8389 0.8714 0.9179 0.8714 0.9179 0.7868 0.8389 0.7288 0.8389 0.7868 0.9179 0.7868 0.8389 0.7868 0.8389 0.8380 0.9179 0.7868 0.8389 0.8380 0.9179 0.8380 0.9179 0.7288 0.8389 0.7288 0.9179 0.7868 0.9179 0.7288 0.9179 0.4033 0.8389 0.4033 0.8389 0.7288 0.9179 0.7288 0.8389 0.4033 0.9179 0.8981 0.9179 0.8981 0.8389 0.8981 0.9179 0.8981 0.8389 0.8981 0.8389 0.8981 0.8389 0.7288 0.8389 0.4033 0.9179 0.4033 0.9179 0.7288 0.8389 0.7288 0.9179 0.4033 0.9179 0.2340 0.9179 0.2340 0.8389 0.2340 0.9179 0.2340 0.8389 0.2340 0.8389 0.2340 1.0000 0.2649 0.9179 0.2707 1.0000 0.2707 1.0000 0.6526 0.9179 0.6526 1.0000 0.6087 1.0000 0.2642 0.9179 0.2672 0.9179 0.2642 1.0000 0.7135 0.9179 0.7135 0.9179 0.6526 1.0000 0.2642 0.9179 0.2642 1.0000 0.2649 1.0000 0.7135 0.9179 0.6526 1.0000 0.6526 1.0000 0.7679 0.9179 0.7679 0.9179 0.7135 1.0000 0.7679 0.9179 0.7135 1.0000 0.7135 1.0000 0.2672 0.9179 0.2674 0.9179 0.2672 1.0000 0.2672 0.9179 0.2672 1.0000 0.2642 1.0000 0.2674 0.9179 0.2768 0.9179 0.2674 1.0000 0.8088 0.9179 0.8088 0.9179 0.7679 1.0000 0.2674 0.9179 0.2674 1.0000 0.2672 1.0000 0.8088 0.9179 0.7679 1.0000 0.7679 1.0000 0.5305 0.9179 0.5305 0.9179 0.5660 1.0000 0.5305 0.9179 0.5660 1.0000 0.5660 1.0000 0.8402 0.9179 0.8613 0.9179 0.8402 1.0000 0.8402 0.9179 0.8402 0.9179 0.8088 1.0000 0.8402 0.9179 0.8088 1.0000 0.8088 1.0000 0.5233 0.9179 0.5305 1.0000 0.5305 1.0000 0.5233 0.9179 0.4940 0.9179 0.5233 1.0000 0.2768 0.9179 0.2768 1.0000 0.2674 1.0000 0.5233 0.9179 0.5233 0.9179 0.5305 1.0000 0.8613 0.9179 0.8679 0.9179 0.8613 1.0000 0.8613 0.9179 0.8613 1.0000 0.8402 1.0000 0.2840 0.9179 0.2840 0.9179 0.2768 1.0000 0.2840 0.9179 0.2768 1.0000 0.2768 1.0000 0.4940 0.9179 0.4940 1.0000 0.5233 1.0000 0.4940 0.9179 0.4794 0.9179 0.4940 1.0000 0.4794 0.9179 0.4794 1.0000 0.4940 1.0000 0.8679 0.9179 0.8679 1.0000 0.8613 1.0000 0.4794 0.9179 0.4321 0.9179 0.4794 1.0000 0.3026 0.9179 0.3026 0.9179 0.2840 1.0000 0.8649 0.9179 0.8679 1.0000 0.8679 1.0000 0.8649 0.9179 0.8552 0.9179 0.8649 1.0000 0.3026 0.9179 0.2840 1.0000 0.2840 1.0000 0.8649 0.9179 0.8649 0.9179 0.8679 1.0000 0.3143 0.9179 0.3415 0.9179 0.3143 1.0000 0.3143 0.9179 0.3143 0.9179 0.3026 1.0000 0.4321 0.9179 0.4321 1.0000 0.4794 1.0000 0.3143 0.9179 0.3026 1.0000 0.3026 1.0000 0.8552 0.9179 0.8552 1.0000 0.8649 1.0000 0.4186 0.9179 0.4321 1.0000 0.4321 1.0000 0.4186 0.9179 0.4186 0.9179 0.4321 1.0000 0.8295 0.9179 0.8552 1.0000 0.8552 1.0000 0.8295 0.9179 0.8295 0.9179 0.8552 1.0000 0.3415 0.9179 0.3573 0.9179 0.3415 1.0000 0.3415 0.9179 0.3415 1.0000 0.3143 1.0000 0.7905 0.9179 0.8295 1.0000 0.8295 1.0000 0.7905 0.9179 0.7455 0.9179 0.7905 1.0000 0.3573 0.9179 0.3573 1.0000 0.3415 1.0000 0.7905 0.9179 0.7905 0.9179 0.8295 1.0000 0.3759 0.9179 0.4186 1.0000 0.4186 1.0000 0.3759 0.9179 0.3642 0.9179 0.3759 1.0000 0.3759 0.9179 0.3759 0.9179 0.4186 1.0000 0.7455 0.9179 0.7455 1.0000 0.7905 1.0000 0.3642 0.9179 0.3642 1.0000 0.3759 1.0000 0.3642 0.9179 0.3328 0.9179 0.3642 1.0000 0.3866 0.9179 0.3866 0.9179 0.3573 1.0000 0.3866 0.9179 0.3573 1.0000 0.3573 1.0000 0.6925 0.9179 0.7455 1.0000 0.7455 1.0000 0.6925 0.9179 0.6287 0.9179 0.6925 1.0000 0.6925 0.9179 0.6925 0.9179 0.7455 1.0000 0.4055 0.9179 0.3866 1.0000 0.3866 1.0000 0.4055 0.9179 0.4396 0.9179 0.4055 1.0000 0.4055 0.9179 0.4055 0.9179 0.3866 1.0000 0.6287 0.9179 0.6287 1.0000 0.6925 1.0000 0.3328 0.9179 0.3328 1.0000 0.3642 1.0000 0.5660 0.9179 0.5660 0.9179 0.6287 1.0000 0.3233 0.9179 0.3233 0.9179 0.3328 1.0000 0.5660 0.9179 0.6287 1.0000 0.6287 1.0000 0.4396 0.9179 0.4396 1.0000 0.4055 1.0000 0.3233 0.9179 0.3328 1.0000 0.3328 1.0000 0.4396 0.9179 0.4610 0.9179 0.4396 1.0000 0.4610 0.9179 0.5033 0.9179 0.4610 1.0000 0.4610 0.9179 0.4610 1.0000 0.4396 1.0000 0.2989 0.9179 0.2919 0.9179 0.2989 1.0000 0.2989 0.9179 0.2989 0.9179 0.3233 1.0000 0.2989 0.9179 0.3233 1.0000 0.3233 1.0000 0.2919 0.9179 0.2758 0.9179 0.2919 1.0000 0.2919 0.9179 0.2919 1.0000 0.2989 1.0000 0.5033 0.9179 0.5215 0.9179 0.5033 1.0000 0.5033 0.9179 0.5033 1.0000 0.4610 1.0000 0.5215 0.9179 0.5660 0.9179 0.5215 1.0000 0.5215 0.9179 0.5215 1.0000 0.5033 1.0000 0.2758 0.9179 0.2707 0.9179 0.2758 1.0000 0.2758 0.9179 0.2758 1.0000 0.2919 1.0000 0.5660 0.9179 0.5884 0.9179 0.5660 1.0000 0.5660 0.9179 0.5660 1.0000 0.5215 1.0000 0.2707 0.9179 0.2707 1.0000 0.2758 1.0000 0.5884 0.9179 0.6087 0.9179 0.5884 1.0000 0.5884 0.9179 0.5884 1.0000 0.5660 1.0000 0.6087 0.9179 0.6526 0.9179 0.6087 1.0000 0.6087 0.9179 0.6087 1.0000 0.5884 1.0000 0.2649 0.9179 0.2642 0.9179 0.2649 1.0000 0.2649 0.9179 0.2649 0.9179 0.2707 1.0000 0.5417 0.9210 0.5417 0.9210 0.5660 1.0000 0.5417 0.9210 0.5660 1.0000 0.5660 1.0000 0.5398 0.9210 0.5417 1.0000 0.5417 1.0000 0.5398 0.9210 0.5398 0.9210 0.5417 1.0000 0.5167 0.9210 0.5398 1.0000 0.5398 1.0000 0.5167 0.9210 0.5167 0.9210 0.5398 1.0000 0.5129 0.9210 0.5167 1.0000 0.5167 1.0000 0.5129 0.9210 0.5129 0.9210 0.5167 1.0000 0.4681 0.9210 0.5129 1.0000 0.5129 1.0000 0.4681 0.9210 0.4681 0.9210 0.5129 1.0000 0.4642 0.9210 0.4206 0.9210 0.4642 1.0000 0.4642 0.9210 0.4642 0.9210 0.4681 1.0000 0.4642 0.9210 0.4681 1.0000 0.4681 1.0000 0.4206 0.9210 0.4169 0.9210 0.4206 1.0000 0.4206 0.9210 0.4206 1.0000 0.4642 1.0000 0.4169 0.9210 0.4169 1.0000 0.4206 1.0000 0.3767 0.9210 0.3767 0.9210 0.4169 1.0000 0.3767 0.9210 0.4169 1.0000 0.4169 1.0000 0.3735 0.9210 0.3735 0.9210 0.3767 1.0000 0.3735 0.9210 0.3767 1.0000 0.3767 1.0000 0.3390 0.9210 0.3390 0.9210 0.3735 1.0000 0.3390 0.9210 0.3735 1.0000 0.3735 1.0000 0.3327 0.9210 0.3092 0.9210 0.3327 1.0000 0.3327 0.9210 0.3327 0.9210 0.3390 1.0000 0.3327 0.9210 0.3390 1.0000 0.3390 1.0000 0.3092 0.9210 0.3014 0.9210 0.3092 1.0000 0.3092 0.9210 0.3092 1.0000 0.3327 1.0000 0.3014 0.9210 0.2885 0.9210 0.3014 1.0000 0.3014 0.9210 0.3014 1.0000 0.3092 1.0000 0.2885 0.9210 0.2802 0.9210 0.2885 1.0000 0.2885 0.9210 0.2885 1.0000 0.3014 1.0000 0.2802 0.9210 0.2802 1.0000 0.2885 1.0000 0.2768 0.9210 0.2768 0.9210 0.2802 1.0000 0.2768 0.9210 0.2802 1.0000 0.2802 1.0000 0.2736 0.9210 0.2736 0.9210 0.2768 1.0000 0.2736 0.9210 0.2768 1.0000 0.2768 1.0000 0.2736 0.9210 0.2736 0.9210 0.2736 1.0000 0.2736 0.9210 0.2736 1.0000 0.2736 1.0000 0.2748 0.9210 0.2748 0.9210 0.2736 1.0000 0.2748 0.9210 0.2736 1.0000 0.2736 1.0000 0.2781 0.9210 0.2748 1.0000 0.2748 1.0000 0.2781 0.9210 0.2781 0.9210 0.2748 1.0000 0.2785 0.9210 0.2781 1.0000 0.2781 1.0000 0.2785 0.9210 0.2785 0.9210 0.2781 1.0000 0.2912 0.9210 0.2785 1.0000 0.2785 1.0000 0.2912 0.9210 0.2912 0.9210 0.2785 1.0000 0.2919 0.9210 0.2912 1.0000 0.2912 1.0000 0.2919 0.9210 0.3134 0.9210 0.2919 1.0000 0.2919 0.9210 0.2919 0.9210 0.2912 1.0000 0.3134 0.9210 0.3134 1.0000 0.2919 1.0000 0.3134 0.9210 0.3144 0.9210 0.3134 1.0000 0.3144 0.9210 0.3445 0.9210 0.3144 1.0000 0.3144 0.9210 0.3144 1.0000 0.3134 1.0000 0.3445 0.9210 0.3459 0.9210 0.3445 1.0000 0.3445 0.9210 0.3445 1.0000 0.3144 1.0000 0.3459 0.9210 0.3459 1.0000 0.3445 1.0000 0.3834 0.9210 0.3834 0.9210 0.3459 1.0000 0.3834 0.9210 0.3459 1.0000 0.3459 1.0000 0.3898 0.9210 0.3898 0.9210 0.3834 1.0000 0.3898 0.9210 0.3834 1.0000 0.3834 1.0000 0.4279 0.9210 0.4416 0.9210 0.4279 1.0000 0.4279 0.9210 0.4279 0.9210 0.3898 1.0000 0.4279 0.9210 0.3898 1.0000 0.3898 1.0000 0.4416 0.9210 0.4758 0.9210 0.4416 1.0000 0.4416 0.9210 0.4416 1.0000 0.4279 1.0000 0.4758 0.9210 0.5043 0.9210 0.4758 1.0000 0.4758 0.9210 0.4758 1.0000 0.4416 1.0000 0.5043 0.9210 0.5244 0.9210 0.5043 1.0000 0.5043 0.9210 0.5043 1.0000 0.4758 1.0000 0.5244 0.9210 0.5660 0.9210 0.5244 1.0000 0.5244 0.9210 0.5244 1.0000 0.5043 1.0000 0.5660 0.9210 0.5715 0.9210 0.5660 1.0000 0.5660 0.9210 0.5660 1.0000 0.5244 1.0000 0.5715 0.9210 0.5923 0.9210 0.5715 1.0000 0.5715 0.9210 0.5715 1.0000 0.5660 1.0000 0.5923 0.9210 0.6192 0.9210 0.5923 1.0000 0.5923 0.9210 0.5923 1.0000 0.5715 1.0000 0.6192 0.9210 0.6678 0.9210 0.6192 1.0000 0.6192 0.9210 0.6192 1.0000 0.5923 1.0000 0.6678 0.9210 0.7151 0.9210 0.6678 1.0000 0.6678 0.9210 0.6678 1.0000 0.6192 1.0000 0.7151 0.9210 0.7586 0.9210 0.7151 1.0000 0.7151 0.9210 0.7151 1.0000 0.6678 1.0000 0.7586 0.9210 0.7586 1.0000 0.7151 1.0000 0.7994 0.9210 0.8307 0.9210 0.7994 1.0000 0.7994 0.9210 0.7994 0.9210 0.7586 1.0000 0.7994 0.9210 0.7586 1.0000 0.7586 1.0000 0.8307 0.9210 0.8519 0.9210 0.8307 1.0000 0.8307 0.9210 0.8307 1.0000 0.7994 1.0000 0.8519 0.9210 0.8585 0.9210 0.8519 1.0000 0.8519 0.9210 0.8519 1.0000 0.8307 1.0000 0.8585 0.9210 0.8585 1.0000 0.8519 1.0000 0.8573 0.9210 0.8585 1.0000 0.8585 1.0000 0.8573 0.9210 0.8536 0.9210 0.8573 1.0000 0.8573 0.9210 0.8573 0.9210 0.8585 1.0000 0.8536 0.9210 0.8536 1.0000 0.8573 1.0000 0.8402 0.9210 0.8402 0.9210 0.8536 1.0000 0.8402 0.9210 0.8536 1.0000 0.8536 1.0000 0.8176 0.9210 0.7862 0.9210 0.8176 1.0000 0.8176 0.9210 0.8176 0.9210 0.8402 1.0000 0.8176 0.9210 0.8402 1.0000 0.8402 1.0000 0.7862 0.9210 0.7862 1.0000 0.8176 1.0000 0.7423 0.9210 0.7423 0.9210 0.7862 1.0000 0.7423 0.9210 0.7862 1.0000 0.7862 1.0000 0.6905 0.9210 0.6905 0.9210 0.7423 1.0000 0.6905 0.9210 0.7423 1.0000 0.7423 1.0000 0.6278 0.9210 0.5660 0.9210 0.6278 1.0000 0.6278 0.9210 0.6278 0.9210 0.6905 1.0000 0.6278 0.9210 0.6905 1.0000 0.6905 1.0000 0.5660 0.9210 0.5660 1.0000 0.6278 0.9210 0.3327 0.9210 0.3735 0.9210 0.3390 0.9210 0.4169 0.9210 0.3767 0.9210 0.3735 0.9210 0.4758 0.9210 0.4279 0.9210 0.4416 0.9210 0.5043 0.9210 0.4681 0.9210 0.2785 0.9210 0.5043 0.9210 0.3898 0.9210 0.4279 0.9210 0.5043 0.9210 0.3834 0.9210 0.3898 0.9210 0.5043 0.9210 0.7862 0.9210 0.4681 0.9210 0.5043 0.9210 0.2785 0.9210 0.3834 0.9210 0.5043 0.9210 0.4279 0.9210 0.4758 0.9210 0.5043 0.9210 0.8176 0.9210 0.7862 0.9210 0.4681 0.9210 0.4206 0.9210 0.4169 0.9210 0.4681 0.9210 0.4642 0.9210 0.4206 0.9210 0.4681 0.9210 0.4169 0.9210 0.3735 0.9210 0.5715 0.9210 0.5244 0.9210 0.5660 0.9210 0.2802 0.9210 0.3014 0.9210 0.2885 0.9210 0.5923 0.9210 0.5043 0.9210 0.5244 0.9210 0.5923 0.9210 0.5244 0.9210 0.5715 0.9210 0.6192 0.9210 0.5043 0.9210 0.5923 0.9210 0.8519 0.9210 0.8176 0.9210 0.5043 0.9210 0.8519 0.9210 0.8402 0.9210 0.8176 0.9210 0.8519 0.9210 0.8536 0.9210 0.8402 0.9210 0.8519 0.9210 0.8573 0.9210 0.8536 0.9210 0.8519 0.9210 0.8585 0.9210 0.8573 0.9210 0.2768 0.9210 0.3092 0.9210 0.3014 0.9210 0.8519 0.9210 0.5043 0.9210 0.6192 0.9210 0.2768 0.9210 0.3327 0.9210 0.3092 0.9210 0.2768 0.9210 0.3735 0.9210 0.3327 0.9210 0.2768 0.9210 0.4681 0.9210 0.3735 0.9210 0.2768 0.9210 0.3014 0.9210 0.2802 0.9210 0.7151 0.9210 0.6192 0.9210 0.6678 0.9210 0.7994 0.9210 0.8307 0.9210 0.8519 0.9210 0.7994 0.9210 0.6192 0.9210 0.7151 0.9210 0.7994 0.9210 0.8519 0.9210 0.6192 0.9210 0.5660 0.9210 0.5129 0.9210 0.4681 0.9210 0.7586 0.9210 0.7994 0.9210 0.7151 0.9210 0.5660 0.9210 0.5167 0.9210 0.5129 0.9210 0.5660 0.9210 0.5398 0.9210 0.5167 0.9210 0.5660 0.9210 0.5417 0.9210 0.5398 0.9210 0.2748 0.9210 0.2736 0.9210 0.2736 0.9210 0.2781 0.9210 0.2768 0.9210 0.2736 0.9210 0.2781 0.9210 0.2736 0.9210 0.2748 0.9210 0.2785 0.9210 0.4681 0.9210 0.2768 0.9210 0.2785 0.9210 0.2768 0.9210 0.2781 0.9210 0.6278 0.9210 0.5660 0.9210 0.4681 0.9210 0.6905 0.9210 0.6278 0.9210 0.4681 0.9210 0.3134 0.9210 0.2912 0.9210 0.2919 0.9210 0.3134 0.9210 0.2785 0.9210 0.2912 0.9210 0.3144 0.9210 0.2785 0.9210 0.3134 0.9210 0.7423 0.9210 0.6905 0.9210 0.4681 0.9210 0.3445 0.9210 0.2785 0.9210 0.3144 0.9210 0.7862 0.9210 0.7423 0.9210 0.4681 0.9210 0.3834 0.9210 0.2785 0.9210 0.3445 0.9210 0.3834 0.9210 0.3445 0.9210 0.3459 0.1655 0.3208 0.0826 0.3208 0.0641 0.3208 0.1655 0.3208 0.1073 0.3208 0.0826 0.3208 0.1655 0.3208 0.1298 0.3208 0.1073 0.3208 0.2042 0.3208 0.1298 0.3208 0.1655 0.3208 0.2042 0.3208 0.1588 0.3208 0.1298 0.3208 0.2042 0.3208 0.1786 0.3208 0.1588 0.3208 0.1317 0.3208 0.0480 0.3208 0.0338 0.3208 0.1317 0.3208 0.0641 0.3208 0.0480 0.3208 0.1317 0.3208 0.1655 0.3208 0.0641 0.3208 0.2495 0.3208 0.1786 0.3208 0.2042 0.3208 0.2495 0.3208 0.2166 0.3208 0.1786 0.3208 0.2495 0.3208 0.2303 0.3208 0.2166 0.3208 0.1088 0.3208 0.0221 0.3208 0.0127 0.3208 0.1088 0.3208 0.0338 0.3208 0.0221 0.3208 0.1088 0.3208 0.1317 0.3208 0.0338 0.3208 0.3037 0.3208 0.2741 0.3208 0.2303 0.3208 0.3037 0.3208 0.2898 0.3208 0.2741 0.3208 0.3037 0.3208 0.3349 0.3208 0.2898 0.3208 0.3037 0.3208 0.2303 0.3208 0.2495 0.3208 0.0993 0.3208 0.0054 0.3208 0.0016 0.3208 0.0993 0.3208 0.0127 0.3208 0.0054 0.3208 0.0993 0.3208 0.1088 0.3208 0.0127 0.3208 0.0976 0.3208 0.0993 0.3208 0.0016 0.3208 0.0964 0.3208 0.0000 0.3208 0.0015 0.3208 0.0964 0.3208 0.0016 0.3208 0.0000 0.3208 0.0964 0.3208 0.0976 0.3208 0.0016 0.3208 0.3570 0.3208 0.3538 0.3208 0.3349 0.3208 0.3570 0.3208 0.3959 0.3208 0.3538 0.3208 0.3570 0.3208 0.3349 0.3208 0.3037 0.3208 0.0982 0.3208 0.0015 0.3208 0.0046 0.3208 0.0982 0.3208 0.0964 0.3208 0.0015 0.3208 0.3963 0.3208 0.3959 0.3208 0.3570 0.3208 0.3963 0.3208 0.4145 0.3208 0.3959 0.3208 0.4081 0.3208 0.4554 0.3208 0.4145 0.3208 0.4081 0.3208 0.4145 0.3208 0.3963 0.3208 0.1019 0.3208 0.0046 0.3208 0.0135 0.3208 0.1019 0.3208 0.0982 0.3208 0.0046 0.3208 0.4366 0.3208 0.4731 0.3208 0.4554 0.3208 0.4366 0.3208 0.4554 0.3208 0.4081 0.3208 0.1100 0.3208 0.0135 0.3208 0.0189 0.3208 0.1100 0.3208 0.1019 0.3208 0.0135 0.3208 0.4601 0.3208 0.5175 0.3208 0.4731 0.3208 0.4601 0.3208 0.4731 0.3208 0.4366 0.3208 0.1196 0.3208 0.0189 0.3208 0.0375 0.3208 0.1196 0.3208 0.1100 0.3208 0.0189 0.3208 0.4880 0.3208 0.5338 0.3208 0.5175 0.3208 0.4880 0.3208 0.5175 0.3208 0.4601 0.3208 0.1317 0.3208 0.1196 0.3208 0.0375 0.3208 0.1317 0.3208 0.0375 0.3208 0.0461 0.3208 0.5093 0.3208 0.5338 0.3208 0.4880 0.3208 0.5093 0.3208 0.5736 0.3208 0.5338 0.3208 0.1459 0.3208 0.1317 0.3208 0.0461 0.3208 0.1459 0.3208 0.0461 0.3208 0.0729 0.3208 0.0802 0.3208 0.1459 0.3208 0.0729 0.3208 0.5828 0.3208 0.5736 0.3208 0.5093 0.3208 0.1623 0.3208 0.1459 0.3208 0.0802 0.3208 0.5338 0.3208 0.5828 0.3208 0.5093 0.3208 0.5338 0.3208 0.6003 0.3208 0.5828 0.3208 0.6098 0.3208 0.6003 0.3208 0.5338 0.3208 0.1137 0.3208 0.1623 0.3208 0.0802 0.3208 0.1137 0.3208 0.1802 0.3208 0.1623 0.3208 0.5518 0.3208 0.6098 0.3208 0.5338 0.3208 0.6241 0.3208 0.6003 0.3208 0.6098 0.3208 0.1225 0.3208 0.1802 0.3208 0.1137 0.3208 0.2048 0.3208 0.1802 0.3208 0.1225 0.3208 0.6098 0.3208 0.6098 0.3208 0.5518 0.3208 0.6098 0.3208 0.5682 0.3208 0.5823 0.3208 0.6098 0.3208 0.5518 0.3208 0.5682 0.3208 0.1619 0.3208 0.2048 0.3208 0.1225 0.3208 0.1619 0.3208 0.2260 0.3208 0.2048 0.3208 0.1746 0.3208 0.2260 0.3208 0.1619 0.3208 0.5945 0.3208 0.6098 0.3208 0.5823 0.3208 0.6772 0.3208 0.6098 0.3208 0.5945 0.3208 0.2163 0.3208 0.2260 0.3208 0.1746 0.3208 0.2163 0.3208 0.2540 0.3208 0.2260 0.3208 0.2303 0.3208 0.2540 0.3208 0.2163 0.3208 0.2303 0.3208 0.2775 0.3208 0.2540 0.3208 0.6951 0.3208 0.6772 0.3208 0.5945 0.3208 0.6951 0.3208 0.6041 0.3208 0.6122 0.3208 0.6951 0.3208 0.5945 0.3208 0.6041 0.3208 0.6158 0.3208 0.6951 0.3208 0.6122 0.3208 0.6177 0.3208 0.6951 0.3208 0.6158 0.3208 0.2788 0.3208 0.2775 0.3208 0.2303 0.3208 0.2788 0.3208 0.3060 0.3208 0.2775 0.3208 0.2853 0.3208 0.3178 0.3208 0.3060 0.3208 0.2853 0.3208 0.3060 0.3208 0.2788 0.3208 0.3443 0.3208 0.3570 0.3208 0.3178 0.3208 0.3443 0.3208 0.3178 0.3208 0.2853 0.3208 0.4107 0.3208 0.3570 0.3208 0.3443 0.3208 0.4107 0.3208 0.4103 0.3208 0.3570 0.3208 0.6098 0.3208 0.5824 0.3208 0.5486 0.3208 0.6098 0.3208 0.6052 0.3208 0.5824 0.3208 0.4695 0.3208 0.4646 0.3208 0.4103 0.3208 0.4695 0.3208 0.4103 0.3208 0.4107 0.3208 0.6951 0.3208 0.6052 0.3208 0.6098 0.3208 0.6951 0.3208 0.6951 0.3208 0.6177 0.3208 0.6951 0.3208 0.6147 0.3208 0.6052 0.3208 0.6951 0.3208 0.6165 0.3208 0.6147 0.3208 0.6951 0.3208 0.6177 0.3208 0.6165 0.3208 0.6772 0.3208 0.6951 0.3208 0.6098 0.3208 0.5254 0.3208 0.4646 0.3208 0.4695 0.3208 0.5254 0.3208 0.5098 0.3208 0.4646 0.3208 0.6098 0.3208 0.6098 0.3208 0.5486 0.3208 0.6098 0.3208 0.5486 0.3208 0.5098 0.3208 0.5792 0.3208 0.6098 0.3208 0.5098 0.3208 0.5792 0.3208 0.5098 0.3208 0.5254 0.3208 0.6241 0.3208 0.6098 0.3208 0.5792 0.3208 0.6063 0.5637 0.6063 0.5648 0.6070 0.5637 0.6323 0.5804 0.6323 0.5827 0.6375 0.5804 0.6323 0.5804 0.6317 0.5827 0.6323 0.5827 0.5976 0.5887 0.5989 0.7981 0.5841 0.7981 0.5935 0.5804 0.5935 0.5827 0.5973 0.5804 0.5976 0.5887 0.5841 0.7981 0.5841 0.5887 0.6317 0.5804 0.6317 0.5827 0.6323 0.5804 0.5973 0.5749 0.5973 0.5769 0.5989 0.5749 0.5989 0.5887 0.5989 0.7981 0.5976 0.5887 0.6389 0.5711 0.6389 0.5749 0.6414 0.5711 0.6389 0.5711 0.6375 0.5749 0.6389 0.5749 0.5989 0.5711 0.5989 0.5749 0.6063 0.5711 0.5989 0.5711 0.5973 0.5749 0.5989 0.5749 0.6267 0.5862 0.6267 0.5887 0.6317 0.5862 0.5976 0.5862 0.5976 0.5887 0.5841 0.5887 0.5904 0.5827 0.5904 0.5862 0.5935 0.5827 0.5904 0.5827 0.5935 0.5827 0.5935 0.5804 0.5976 0.5862 0.5841 0.5887 0.5841 0.5862 0.6414 0.5151 0.6389 0.5259 0.6414 0.5259 0.5989 0.5862 0.5976 0.5887 0.5976 0.5862 0.5989 0.5862 0.5989 0.5887 0.5976 0.5887 0.5976 0.5827 0.5841 0.5862 0.5841 0.5827 0.5976 0.5827 0.5841 0.5827 0.5841 0.5804 0.6414 0.5151 0.6414 0.5259 0.6509 0.4811 0.6237 0.5887 0.6237 0.7981 0.6267 0.5887 0.5976 0.5827 0.5976 0.5862 0.5841 0.5862 0.6140 0.5497 0.6140 0.5585 0.6237 0.5585 0.6140 0.5497 0.6237 0.5585 0.6237 0.5497 0.6375 0.5711 0.6375 0.5749 0.6389 0.5711 0.5989 0.5827 0.5989 0.5862 0.5976 0.5862 0.5989 0.5827 0.5976 0.5862 0.5976 0.5827 0.6070 0.5585 0.6134 0.5637 0.6134 0.5585 0.5976 0.5804 0.5841 0.5804 0.5841 0.5769 0.6323 0.5769 0.6375 0.5769 0.6375 0.5749 0.6070 0.5585 0.6070 0.5637 0.6134 0.5637 0.6323 0.5769 0.6375 0.5804 0.6375 0.5769 0.5976 0.5804 0.5989 0.5827 0.5976 0.5827 0.6323 0.5769 0.6323 0.5804 0.6375 0.5804 0.6323 0.5769 0.6317 0.5804 0.6323 0.5804 0.5976 0.5804 0.5976 0.5827 0.5841 0.5804 0.6267 0.5335 0.6267 0.5432 0.6317 0.5335 0.6267 0.5335 0.6237 0.5432 0.6267 0.5432 0.5989 0.5804 0.5989 0.5827 0.5976 0.5804 0.5976 0.5769 0.5976 0.5804 0.5841 0.5769 0.6414 0.5648 0.6414 0.5711 0.6509 0.4811 0.5861 0.5887 0.5904 0.7981 0.5904 0.5887 0.5976 0.5769 0.5841 0.5769 0.5841 0.5749 0.5989 0.5769 0.5989 0.5804 0.5976 0.5804 0.5861 0.5887 0.5828 0.7981 0.5904 0.7981 0.5989 0.5769 0.5976 0.5804 0.5976 0.5769 0.6317 0.5769 0.6317 0.5804 0.6323 0.5769 0.5976 0.5749 0.5841 0.5749 0.5841 0.5711 0.5976 0.5749 0.5976 0.5769 0.5841 0.5749 0.5935 0.5769 0.5973 0.5804 0.5973 0.5769 0.5976 0.5749 0.5989 0.5769 0.5976 0.5769 0.5935 0.5769 0.5973 0.5769 0.5973 0.5749 0.6267 0.5827 0.6317 0.5862 0.6317 0.5827 0.5935 0.5769 0.5935 0.5804 0.5973 0.5804 0.6267 0.5827 0.6317 0.5827 0.6317 0.5804 0.6267 0.5827 0.6267 0.5862 0.6317 0.5862 0.5989 0.5749 0.5989 0.5769 0.5976 0.5749 0.5976 0.5711 0.5976 0.5749 0.5841 0.5711 0.5976 0.5711 0.5989 0.5749 0.5976 0.5749 0.6323 0.5259 0.6323 0.5335 0.6375 0.5259 0.6237 0.5862 0.6237 0.5887 0.6267 0.5887 0.6237 0.5862 0.6267 0.5887 0.6267 0.5862 0.5989 0.5711 0.5989 0.5749 0.5976 0.5711 0.6134 0.5497 0.6134 0.5585 0.6140 0.5585 0.6134 0.5497 0.6140 0.5585 0.6140 0.5497 0.5976 0.5648 0.5976 0.5711 0.5841 0.5711 0.6414 0.5637 0.6414 0.5648 0.6509 0.4811 0.6323 0.5749 0.6317 0.5769 0.6323 0.5769 0.5973 0.5711 0.5973 0.5749 0.5989 0.5711 0.6323 0.5749 0.6323 0.5769 0.6375 0.5749 0.6157 0.5887 0.6157 0.7981 0.5989 0.7981 0.6063 0.5585 0.6063 0.5637 0.6070 0.5637 0.6323 0.5749 0.6375 0.5749 0.6375 0.5711 0.6157 0.5887 0.5989 0.7981 0.5989 0.5887 0.6063 0.5585 0.6070 0.5637 0.6070 0.5585 0.6317 0.5749 0.6317 0.5769 0.6323 0.5749 0.6317 0.5259 0.6317 0.5335 0.6323 0.5335 0.6317 0.5259 0.6323 0.5335 0.6323 0.5259 0.6317 0.5259 0.6267 0.5335 0.6317 0.5335 0.5976 0.5637 0.5976 0.5648 0.5841 0.5711 0.5904 0.5804 0.5904 0.5827 0.5935 0.5804 0.6267 0.5804 0.6267 0.5827 0.6317 0.5804 0.5904 0.5804 0.5935 0.5804 0.5935 0.5769 0.6389 0.5648 0.6414 0.5711 0.6414 0.5648 0.5989 0.5648 0.5989 0.5711 0.5976 0.5711 0.6389 0.5648 0.6414 0.5648 0.6414 0.5637 0.5989 0.5648 0.5976 0.5711 0.5976 0.5648 0.5935 0.5749 0.5935 0.5769 0.5973 0.5749 0.5989 0.5648 0.5976 0.5648 0.5976 0.5637 0.6389 0.5648 0.6389 0.5711 0.6414 0.5711 0.5935 0.5749 0.5973 0.5749 0.5973 0.5711 0.6157 0.5862 0.5989 0.5887 0.5989 0.5862 0.6157 0.5862 0.6157 0.5887 0.5989 0.5887 0.6389 0.5637 0.6389 0.5648 0.6414 0.5637 0.5861 0.5862 0.5904 0.5887 0.5904 0.5862 0.5861 0.5862 0.5861 0.5887 0.5904 0.5887 0.6389 0.5151 0.6375 0.5259 0.6389 0.5259 0.6237 0.5827 0.6237 0.5862 0.6267 0.5862 0.6237 0.5827 0.6267 0.5827 0.6267 0.5804 0.6389 0.5151 0.6389 0.5259 0.6414 0.5151 0.5989 0.5637 0.5989 0.5648 0.5976 0.5637 0.6237 0.5827 0.6267 0.5862 0.6267 0.5827 0.6157 0.5827 0.5989 0.5862 0.5989 0.5827 0.6375 0.5648 0.6389 0.5711 0.6389 0.5648 0.6157 0.5827 0.5989 0.5827 0.5989 0.5804 0.6237 0.5335 0.6237 0.5432 0.6267 0.5335 0.6375 0.5648 0.6389 0.5648 0.6389 0.5637 0.6157 0.5827 0.6157 0.5862 0.5989 0.5862 0.6375 0.5648 0.6375 0.5711 0.6389 0.5711 0.6323 0.5711 0.6317 0.5749 0.6323 0.5749 0.5989 0.5648 0.6063 0.5711 0.6063 0.5648 0.5989 0.5648 0.6063 0.5648 0.6063 0.5637 0.5989 0.5648 0.5989 0.5711 0.6063 0.5711 0.5976 0.5585 0.5841 0.5711 0.5808 0.5648 0.5976 0.5585 0.5976 0.5637 0.5841 0.5711 0.6323 0.5711 0.6323 0.5749 0.6375 0.5711 0.5989 0.5585 0.5989 0.5637 0.5976 0.5637 0.6140 0.5447 0.6140 0.5497 0.6237 0.5497 0.6140 0.5447 0.6237 0.5497 0.6237 0.5447 0.6317 0.5711 0.6317 0.5749 0.6323 0.5711 0.5989 0.5585 0.5976 0.5637 0.5976 0.5585 0.6375 0.5637 0.6375 0.5648 0.6389 0.5637 0.6157 0.5804 0.6157 0.5827 0.5989 0.5804 0.6414 0.5100 0.6414 0.5151 0.6509 0.4811 0.6414 0.5585 0.6414 0.5637 0.6509 0.4811 0.6375 0.5151 0.6375 0.5259 0.6389 0.5151 0.6375 0.5151 0.6323 0.5259 0.6375 0.5259 0.6225 0.5887 0.6335 0.7981 0.6157 0.7981 0.5904 0.5769 0.5904 0.5804 0.5935 0.5769 0.6267 0.5769 0.6317 0.5804 0.6317 0.5769 0.6225 0.5887 0.6157 0.7981 0.6157 0.5887 0.6267 0.5769 0.6317 0.5769 0.6317 0.5749 0.6267 0.5769 0.6267 0.5804 0.6317 0.5804 0.5904 0.5769 0.5935 0.5769 0.5935 0.5749 0.6225 0.5862 0.6157 0.5887 0.6157 0.5862 0.6225 0.5862 0.6225 0.5887 0.6157 0.5887 0.6237 0.5804 0.6237 0.5827 0.6267 0.5804 0.6157 0.5769 0.5989 0.5804 0.5989 0.5769 0.6157 0.5769 0.5989 0.5769 0.5989 0.5749 0.5828 0.5887 0.5828 0.7981 0.5861 0.5887 0.6267 0.5749 0.6267 0.5769 0.6317 0.5749 0.6267 0.5749 0.6317 0.5749 0.6317 0.5711 0.6134 0.5447 0.6140 0.5497 0.6140 0.5447 0.6157 0.5769 0.6157 0.5804 0.5989 0.5804 0.6134 0.5447 0.6134 0.5497 0.6140 0.5497 0.6389 0.5585 0.6389 0.5637 0.6414 0.5637 0.6157 0.5749 0.5989 0.5749 0.5989 0.5711 0.5989 0.5637 0.5989 0.5648 0.6063 0.5637 0.6389 0.5585 0.6414 0.5637 0.6414 0.5585 0.6157 0.5749 0.6157 0.5769 0.5989 0.5749 0.5861 0.5827 0.5861 0.5862 0.5904 0.5862 0.6237 0.5769 0.6267 0.5804 0.6267 0.5769 0.6237 0.5769 0.6267 0.5769 0.6267 0.5749 0.5861 0.5827 0.5904 0.5862 0.5904 0.5827 0.6225 0.5827 0.6157 0.5862 0.6157 0.5827 0.6225 0.5827 0.6225 0.5862 0.6157 0.5862 0.5935 0.5711 0.5935 0.5749 0.5973 0.5711 0.6237 0.5769 0.6237 0.5804 0.6267 0.5804 0.6225 0.5827 0.6157 0.5827 0.6157 0.5804 0.5976 0.5497 0.5808 0.5648 0.5976 0.5447 0.6140 0.5432 0.6237 0.5447 0.6237 0.5432 0.6140 0.5432 0.6140 0.5447 0.6237 0.5447 0.5976 0.5497 0.5976 0.5585 0.5808 0.5648 0.5989 0.5497 0.5976 0.5497 0.5976 0.5447 0.6140 0.5432 0.6237 0.5432 0.6237 0.5335 0.6140 0.5887 0.6140 0.7981 0.6237 0.7981 0.5989 0.5497 0.5976 0.5585 0.5976 0.5497 0.5989 0.5497 0.5989 0.5585 0.5976 0.5585 0.5904 0.5749 0.5904 0.5769 0.5935 0.5749 0.6140 0.5887 0.6237 0.5887 0.6237 0.5862 0.5904 0.5749 0.5935 0.5749 0.5935 0.5711 0.6140 0.5887 0.6237 0.7981 0.6237 0.5887 0.5973 0.5648 0.5989 0.5711 0.5989 0.5648 0.6375 0.5585 0.6375 0.5637 0.6389 0.5637 0.6225 0.5804 0.6225 0.5827 0.6157 0.5804 0.5973 0.5648 0.5989 0.5648 0.5989 0.5637 0.5973 0.5648 0.5973 0.5711 0.5989 0.5711 0.6157 0.5711 0.6157 0.5749 0.5989 0.5711 0.6375 0.5585 0.6389 0.5637 0.6389 0.5585 0.6134 0.5432 0.6134 0.5447 0.6140 0.5447 0.6225 0.5769 0.6157 0.5804 0.6157 0.5769 0.6134 0.5432 0.6140 0.5447 0.6140 0.5432 0.6225 0.5769 0.6225 0.5804 0.6157 0.5804 0.6225 0.5769 0.6157 0.5769 0.6157 0.5749 0.5817 0.5887 0.5828 0.7981 0.5828 0.5887 0.6225 0.5749 0.6157 0.5749 0.6157 0.5711 0.6225 0.5749 0.6225 0.5769 0.6157 0.5749 0.6134 0.5887 0.6140 0.7981 0.6140 0.5887 0.5817 0.5887 0.5774 0.7981 0.5828 0.7981 0.6267 0.5259 0.6237 0.5335 0.6267 0.5335 0.6335 0.5887 0.6335 0.7981 0.6225 0.5887 0.6323 0.5648 0.6375 0.5711 0.6375 0.5648 0.6323 0.5648 0.6323 0.5711 0.6375 0.5711 0.6267 0.5259 0.6267 0.5335 0.6317 0.5259 0.6389 0.5100 0.6389 0.5151 0.6414 0.5151 0.6335 0.5887 0.6509 0.4811 0.6509 0.7981 0.6335 0.5887 0.6509 0.7981 0.6335 0.7981 0.6335 0.5887 0.6225 0.5887 0.6225 0.5862 0.6157 0.5648 0.6157 0.5711 0.5989 0.5711 0.6389 0.5100 0.6414 0.5151 0.6414 0.5100 0.6323 0.5648 0.6375 0.5648 0.6375 0.5637 0.5828 0.5862 0.5861 0.5887 0.5861 0.5862 0.6237 0.5749 0.6237 0.5769 0.6267 0.5749 0.6157 0.5648 0.5989 0.5711 0.5989 0.5648 0.6157 0.5648 0.5989 0.5648 0.5989 0.5637 0.5828 0.5862 0.5828 0.5887 0.5861 0.5887 0.6335 0.5862 0.6225 0.5862 0.6225 0.5827 0.5973 0.5637 0.5973 0.5648 0.5989 0.5637 0.6267 0.5711 0.6267 0.5749 0.6317 0.5711 0.5861 0.5804 0.5904 0.5827 0.5904 0.5804 0.6267 0.5711 0.6237 0.5749 0.6267 0.5749 0.6335 0.5862 0.6335 0.5887 0.6225 0.5862 0.6335 0.5862 0.6509 0.4811 0.6335 0.5887 0.6317 0.5648 0.6317 0.5711 0.6323 0.5711 0.5861 0.5804 0.5861 0.5827 0.5904 0.5827 0.6317 0.5648 0.6323 0.5711 0.6323 0.5648 0.6157 0.5637 0.6157 0.5648 0.5989 0.5637 0.6225 0.5711 0.6225 0.5749 0.6157 0.5711 0.6323 0.5637 0.6323 0.5648 0.6375 0.5637 0.6070 0.5497 0.6134 0.5585 0.6134 0.5497 0.6323 0.5637 0.6317 0.5648 0.6323 0.5648 0.6070 0.5497 0.6070 0.5585 0.6134 0.5585 0.6335 0.5827 0.6225 0.5827 0.6225 0.5804 0.6375 0.5100 0.6389 0.5151 0.6389 0.5100 0.6335 0.5827 0.6335 0.5862 0.6225 0.5827 0.6140 0.5862 0.6140 0.5887 0.6237 0.5862 0.6335 0.5827 0.6509 0.4811 0.6335 0.5862 0.6375 0.5100 0.6375 0.5151 0.6389 0.5151 0.6140 0.5862 0.6237 0.5862 0.6237 0.5827 0.6157 0.5585 0.6157 0.5637 0.5989 0.5637 0.6317 0.5637 0.6317 0.5648 0.6323 0.5637 0.6063 0.5497 0.6070 0.5585 0.6070 0.5497 0.6063 0.5497 0.6063 0.5585 0.6070 0.5585 0.6157 0.5585 0.5989 0.5637 0.5989 0.5585 0.5817 0.5862 0.5817 0.5887 0.5828 0.5887 0.6335 0.5804 0.6225 0.5804 0.6225 0.5769 0.5817 0.5862 0.5828 0.5887 0.5828 0.5862 0.6335 0.5804 0.6335 0.5827 0.6225 0.5804 0.6134 0.5862 0.6134 0.5887 0.6140 0.5887 0.6335 0.5804 0.6509 0.4811 0.6335 0.5827 0.6134 0.5862 0.6140 0.5887 0.6140 0.5862 0.6225 0.5648 0.6157 0.5648 0.6157 0.5637 0.5904 0.5711 0.5904 0.5749 0.5935 0.5711 0.6225 0.5648 0.6225 0.5711 0.6157 0.5711 0.5989 0.5585 0.6063 0.5637 0.6063 0.5585 0.6225 0.5648 0.6157 0.5711 0.6157 0.5648 0.6225 0.5637 0.6225 0.5648 0.6157 0.5637 0.5989 0.5585 0.5989 0.5637 0.6063 0.5637 0.6414 0.5497 0.6414 0.5585 0.6509 0.4811 0.6237 0.5259 0.6237 0.5335 0.6267 0.5259 0.6237 0.5711 0.6237 0.5749 0.6267 0.5711 0.6335 0.5769 0.6225 0.5769 0.6225 0.5749 0.6335 0.5769 0.6509 0.4811 0.6335 0.5804 0.6335 0.5769 0.6335 0.5804 0.6225 0.5769 0.6323 0.5151 0.6323 0.5259 0.6375 0.5151 0.6140 0.5827 0.6237 0.5827 0.6237 0.5804 0.6335 0.5749 0.6225 0.5749 0.6225 0.5711 0.6323 0.5151 0.6317 0.5259 0.6323 0.5259 0.6140 0.5827 0.6140 0.5862 0.6237 0.5827 0.5828 0.5827 0.5828 0.5862 0.5861 0.5862 0.6335 0.5749 0.6335 0.5769 0.6225 0.5749 0.6335 0.5749 0.6509 0.4811 0.6335 0.5769 0.6134 0.5827 0.6140 0.5862 0.6140 0.5827 0.5828 0.5827 0.5861 0.5862 0.5861 0.5827 0.6225 0.5585 0.6157 0.5637 0.6157 0.5585 0.6225 0.5585 0.6225 0.5637 0.6157 0.5637 0.6414 0.5033 0.6414 0.5100 0.6509 0.4811 0.6414 0.5033 0.6509 0.4811 0.6389 0.4954 0.6414 0.5033 0.6389 0.5100 0.6414 0.5100 0.6134 0.5827 0.6134 0.5862 0.6140 0.5862 0.6157 0.5497 0.6157 0.5585 0.5989 0.5585 0.5861 0.5769 0.5861 0.5804 0.5904 0.5804 0.6157 0.5497 0.5989 0.5585 0.5989 0.5497 0.5861 0.5769 0.5904 0.5804 0.5904 0.5769 0.6323 0.5585 0.6375 0.5637 0.6375 0.5585 0.6323 0.5585 0.6323 0.5637 0.6375 0.5637 0.6335 0.5711 0.6509 0.4811 0.6335 0.5749 0.6335 0.5711 0.6335 0.5749 0.6225 0.5711 0.6335 0.5711 0.6225 0.5711 0.6225 0.5648 0.6317 0.5151 0.6267 0.5259 0.6317 0.5259 0.6389 0.5497 0.6389 0.5585 0.6414 0.5585 0.6317 0.5151 0.6317 0.5259 0.6323 0.5151 0.6389 0.5497 0.6414 0.5585 0.6414 0.5497 0.6157 0.5447 0.6157 0.5497 0.5989 0.5497 0.5935 0.5648 0.5973 0.5711 0.5973 0.5648 0.6317 0.5585 0.6323 0.5637 0.6323 0.5585 0.5935 0.5648 0.5973 0.5648 0.5973 0.5637 0.6157 0.5432 0.5989 0.5497 0.5976 0.5447 0.6157 0.5432 0.6157 0.5447 0.5989 0.5497 0.5935 0.5648 0.5935 0.5711 0.5973 0.5711 0.6317 0.5585 0.6317 0.5637 0.6323 0.5637 0.6335 0.5648 0.6225 0.5648 0.6225 0.5637 0.5973 0.5585 0.5973 0.5637 0.5989 0.5637 0.6335 0.5648 0.6509 0.4811 0.6335 0.5711 0.5973 0.5585 0.5989 0.5637 0.5989 0.5585 0.6335 0.5648 0.6335 0.5711 0.6225 0.5648 0.6267 0.5648 0.6317 0.5711 0.6317 0.5648 0.6267 0.5648 0.6267 0.5711 0.6317 0.5711 0.6267 0.5648 0.6317 0.5648 0.6317 0.5637 0.6335 0.5637 0.6509 0.4811 0.6335 0.5648 0.5817 0.5827 0.5828 0.5862 0.5828 0.5827 0.6335 0.5637 0.6225 0.5637 0.6225 0.5585 0.5817 0.5827 0.5817 0.5862 0.5828 0.5862 0.6335 0.5637 0.6335 0.5648 0.6225 0.5637 0.5935 0.5637 0.5935 0.5648 0.5973 0.5637 0.6225 0.5497 0.6225 0.5585 0.6157 0.5585 0.6140 0.5804 0.6134 0.5827 0.6140 0.5827 0.6225 0.5497 0.6157 0.5585 0.6157 0.5497 0.6140 0.5804 0.6140 0.5827 0.6237 0.5804 0.5828 0.5804 0.5828 0.5827 0.5861 0.5827 0.6267 0.5637 0.6267 0.5648 0.6317 0.5637 0.6225 0.5447 0.6157 0.5497 0.6157 0.5447 0.5828 0.5804 0.5861 0.5827 0.5861 0.5804 0.5828 0.5804 0.5817 0.5827 0.5828 0.5827 0.6225 0.5447 0.6225 0.5497 0.6157 0.5497 0.6070 0.5447 0.6134 0.5497 0.6134 0.5447 0.6335 0.5585 0.6509 0.4811 0.6335 0.5637 0.6335 0.5585 0.6225 0.5585 0.6225 0.5497 0.6335 0.5585 0.6335 0.5637 0.6225 0.5585 0.6070 0.5447 0.6070 0.5497 0.6134 0.5497 0.5861 0.5749 0.5904 0.5769 0.5904 0.5749 0.5861 0.5749 0.5861 0.5769 0.5904 0.5769 0.6225 0.5432 0.6157 0.5447 0.6157 0.5432 0.5861 0.5749 0.5904 0.5749 0.5904 0.5711 0.6225 0.5432 0.6225 0.5447 0.6157 0.5447 0.6157 0.5335 0.5976 0.5447 0.6225 0.5151 0.6389 0.5033 0.6414 0.5033 0.6389 0.4954 0.6157 0.5335 0.6157 0.5432 0.5976 0.5447 0.6389 0.5033 0.6389 0.5100 0.6414 0.5033 0.6070 0.5887 0.6063 0.7981 0.6140 0.7981 0.6070 0.5887 0.6140 0.7981 0.6134 0.5887 0.6157 0.5335 0.6225 0.5432 0.6157 0.5432 0.6389 0.5033 0.6375 0.5100 0.6389 0.5100 0.6134 0.5804 0.6134 0.5827 0.6140 0.5804 0.6335 0.5497 0.6509 0.4811 0.6335 0.5585 0.6063 0.5447 0.6070 0.5497 0.6070 0.5447 0.6335 0.5497 0.6225 0.5497 0.6225 0.5447 0.6335 0.5497 0.6335 0.5585 0.6225 0.5497 0.6063 0.5447 0.6063 0.5497 0.6070 0.5497 0.6414 0.5447 0.6389 0.5497 0.6414 0.5497 0.6225 0.5335 0.6225 0.5432 0.6157 0.5335 0.6070 0.5432 0.6134 0.5432 0.6070 0.5335 0.6070 0.5432 0.6134 0.5447 0.6134 0.5432 0.6070 0.5432 0.6070 0.5447 0.6134 0.5447 0.6414 0.5447 0.6414 0.5497 0.6509 0.4811 0.5774 0.5887 0.5817 0.5887 0.5817 0.5862 0.6335 0.5447 0.6509 0.4811 0.6335 0.5497 0.6335 0.5447 0.6225 0.5447 0.6225 0.5432 0.6335 0.5447 0.6335 0.5497 0.6225 0.5447 0.6375 0.5497 0.6389 0.5585 0.6389 0.5497 0.6335 0.5432 0.6225 0.5432 0.6225 0.5335 0.6335 0.5432 0.6509 0.4811 0.6335 0.5447 0.6375 0.5497 0.6375 0.5585 0.6389 0.5585 0.6335 0.5432 0.6335 0.5447 0.6225 0.5432 0.6225 0.5259 0.6225 0.5335 0.6157 0.5335 0.5774 0.5887 0.5774 0.7981 0.5817 0.5887 0.6225 0.5259 0.6157 0.5335 0.6225 0.5151 0.6335 0.5335 0.6335 0.5432 0.6225 0.5335 0.5817 0.5804 0.5817 0.5827 0.5828 0.5804 0.6063 0.5887 0.6063 0.7981 0.6070 0.5887 0.6335 0.5335 0.6509 0.4811 0.6335 0.5432 0.6335 0.5335 0.6225 0.5335 0.6225 0.5259 0.6335 0.5259 0.6225 0.5259 0.6225 0.5151 0.6140 0.5335 0.6140 0.5432 0.6237 0.5335 0.6335 0.5259 0.6509 0.4811 0.6335 0.5335 0.6335 0.5259 0.6335 0.5335 0.6225 0.5259 0.6140 0.5335 0.6134 0.5432 0.6140 0.5432 0.6335 0.5151 0.6335 0.5259 0.6225 0.5151 0.6335 0.5151 0.6509 0.4811 0.6335 0.5259 0.6063 0.5432 0.6070 0.5335 0.5989 0.5432 0.6335 0.5100 0.6225 0.5151 0.6509 0.4811 0.6063 0.5432 0.6070 0.5432 0.6070 0.5335 0.6335 0.5100 0.6335 0.5151 0.6225 0.5151 0.6063 0.5432 0.6063 0.5447 0.6070 0.5447 0.6414 0.5432 0.6414 0.5447 0.6509 0.4811 0.6335 0.5100 0.6509 0.4811 0.6335 0.5151 0.6063 0.5432 0.6070 0.5447 0.6070 0.5432 0.6063 0.5432 0.5989 0.5432 0.6063 0.5447 0.6323 0.5100 0.6375 0.5100 0.6323 0.5033 0.6323 0.5100 0.6375 0.5151 0.6375 0.5100 0.6070 0.5862 0.6070 0.5887 0.6134 0.5887 0.6323 0.5100 0.6323 0.5151 0.6375 0.5151 0.6375 0.5033 0.6323 0.5033 0.6375 0.5100 0.6375 0.5033 0.6389 0.4954 0.6323 0.5033 0.6070 0.5862 0.6134 0.5887 0.6134 0.5862 0.6375 0.5033 0.6375 0.5100 0.6389 0.5033 0.6237 0.5648 0.6267 0.5711 0.6267 0.5648 0.6375 0.5033 0.6389 0.5033 0.6389 0.4954 0.6134 0.5335 0.6134 0.5259 0.6070 0.5335 0.6134 0.5335 0.6140 0.5335 0.6134 0.5259 0.6237 0.5648 0.6267 0.5648 0.6267 0.5637 0.6134 0.5335 0.6134 0.5432 0.6140 0.5335 0.6134 0.5335 0.6070 0.5335 0.6134 0.5432 0.5904 0.5648 0.5935 0.5648 0.5935 0.5637 0.5904 0.5648 0.5935 0.5711 0.5935 0.5648 0.6237 0.5648 0.6237 0.5711 0.6267 0.5711 0.6140 0.5769 0.6140 0.5804 0.6237 0.5804 0.5904 0.5648 0.5904 0.5711 0.5935 0.5711 0.6317 0.5100 0.6317 0.5151 0.6323 0.5151 0.6317 0.5100 0.6323 0.5033 0.6267 0.5100 0.6140 0.5769 0.6237 0.5769 0.6237 0.5749 0.6317 0.5100 0.6323 0.5100 0.6323 0.5033 0.6317 0.5100 0.6323 0.5151 0.6323 0.5100 0.6140 0.5769 0.6237 0.5804 0.6237 0.5769 0.6389 0.5447 0.6389 0.5497 0.6414 0.5447 0.5828 0.5769 0.5828 0.5804 0.5861 0.5804 0.5828 0.5769 0.5817 0.5804 0.5828 0.5804 0.5828 0.5769 0.5861 0.5804 0.5861 0.5769 0.5861 0.5711 0.5861 0.5749 0.5904 0.5711 0.6134 0.5769 0.6140 0.5804 0.6140 0.5769 0.6134 0.5769 0.6134 0.5804 0.6140 0.5804 0.5774 0.5862 0.5817 0.5862 0.5817 0.5827 0.6063 0.5862 0.6070 0.5887 0.6070 0.5862 0.5774 0.5862 0.5774 0.5887 0.5817 0.5862 0.6063 0.5862 0.6063 0.5887 0.6070 0.5887 0.5904 0.5637 0.5904 0.5648 0.5935 0.5637 0.6267 0.5151 0.6267 0.5259 0.6317 0.5151 0.6267 0.5151 0.6317 0.5151 0.6317 0.5100 0.6267 0.5151 0.6317 0.5100 0.6267 0.5100 0.6237 0.5637 0.6237 0.5648 0.6267 0.5637 0.6267 0.5151 0.6237 0.5259 0.6267 0.5259 0.5935 0.5585 0.5935 0.5637 0.5973 0.5637 0.6140 0.5749 0.6140 0.5769 0.6237 0.5749 0.6140 0.5749 0.6134 0.5769 0.6140 0.5769 0.5935 0.5585 0.5973 0.5637 0.5973 0.5585 0.6140 0.5749 0.6237 0.5749 0.6237 0.5711 0.6389 0.5432 0.6389 0.5447 0.6414 0.5447 0.5817 0.5769 0.5817 0.5804 0.5828 0.5769 0.6389 0.5432 0.6414 0.5447 0.6414 0.5432 0.5828 0.5749 0.5861 0.5769 0.5861 0.5749 0.6267 0.5585 0.6317 0.5637 0.6317 0.5585 0.5828 0.5749 0.5861 0.5749 0.5861 0.5711 0.5828 0.5749 0.5817 0.5769 0.5828 0.5769 0.5828 0.5749 0.5828 0.5769 0.5861 0.5769 0.6267 0.5585 0.6267 0.5637 0.6317 0.5637 0.6375 0.5447 0.6375 0.5497 0.6389 0.5497 0.6375 0.5447 0.6389 0.5497 0.6389 0.5447 0.5755 0.5887 0.5774 0.7981 0.5774 0.5887 0.5755 0.5887 0.5717 0.7981 0.5774 0.7981 0.5989 0.5497 0.5989 0.5585 0.6063 0.5585 0.6134 0.5749 0.6134 0.5769 0.6140 0.5749 0.5989 0.5497 0.6063 0.5497 0.6063 0.5447 0.5989 0.5497 0.6063 0.5585 0.6063 0.5497 0.6070 0.5827 0.6134 0.5827 0.6134 0.5804 0.6070 0.5827 0.6134 0.5862 0.6134 0.5827 0.5817 0.5749 0.5817 0.5769 0.5828 0.5749 0.6070 0.5827 0.6070 0.5862 0.6134 0.5862 0.5774 0.5827 0.5817 0.5827 0.5817 0.5804 0.5774 0.5827 0.5774 0.5862 0.5817 0.5827 0.6375 0.5432 0.6389 0.5447 0.6389 0.5432 0.6375 0.5432 0.6375 0.5447 0.6389 0.5447 0.6323 0.5497 0.6323 0.5585 0.6375 0.5585 0.5755 0.5862 0.5774 0.5887 0.5774 0.5862 0.6323 0.5497 0.6375 0.5585 0.6375 0.5497 0.5755 0.5862 0.5755 0.5887 0.5774 0.5887 0.5973 0.5497 0.5973 0.5585 0.5989 0.5585 0.6323 0.5497 0.6375 0.5497 0.6375 0.5447 0.5973 0.5497 0.5935 0.5497 0.5935 0.5585 0.5973 0.5497 0.5989 0.5585 0.5989 0.5497 0.5973 0.5497 0.5935 0.5585 0.5973 0.5585 0.6063 0.5827 0.6063 0.5862 0.6070 0.5862 0.5828 0.5711 0.5828 0.5749 0.5861 0.5711 0.5828 0.5711 0.5817 0.5749 0.5828 0.5749 0.6063 0.5827 0.6070 0.5862 0.6070 0.5827 0.5904 0.5585 0.5935 0.5497 0.5861 0.5585 0.5904 0.5585 0.5935 0.5585 0.5935 0.5497 0.6317 0.5497 0.6317 0.5585 0.6323 0.5585 0.5904 0.5585 0.5904 0.5637 0.5935 0.5637 0.5904 0.5585 0.5861 0.5585 0.5904 0.5637 0.5904 0.5585 0.5935 0.5637 0.5935 0.5585 0.6140 0.5259 0.6134 0.5259 0.6140 0.5335 0.6140 0.5259 0.6267 0.5100 0.6134 0.5259 0.6317 0.5497 0.6323 0.5585 0.6323 0.5497 0.6140 0.5259 0.6140 0.5335 0.6237 0.5335 0.6140 0.5259 0.6237 0.5335 0.6237 0.5259 0.6140 0.5259 0.6237 0.5259 0.6267 0.5151 0.6070 0.5804 0.6070 0.5827 0.6134 0.5804 0.6140 0.5259 0.6267 0.5151 0.6267 0.5100 0.5774 0.5804 0.5774 0.5827 0.5817 0.5804 0.6070 0.5804 0.6063 0.5827 0.6070 0.5827 0.5774 0.5804 0.5817 0.5804 0.5817 0.5769 0.6140 0.5711 0.6134 0.5749 0.6140 0.5749 0.6140 0.5711 0.6140 0.5749 0.6237 0.5711 0.5861 0.5648 0.5904 0.5711 0.5904 0.5648 0.5861 0.5648 0.5861 0.5711 0.5904 0.5711 0.5989 0.5447 0.5973 0.5497 0.5989 0.5497 0.5989 0.5447 0.5935 0.5497 0.5973 0.5497 0.6237 0.5585 0.6237 0.5637 0.6267 0.5637 0.5989 0.5447 0.5989 0.5432 0.5935 0.5497 0.6237 0.5585 0.6267 0.5637 0.6267 0.5585 0.5989 0.5447 0.6063 0.5447 0.5989 0.5432 0.5989 0.5447 0.5989 0.5497 0.6063 0.5447 0.5608 0.5887 0.5613 0.7981 0.5608 0.7981 0.5817 0.5711 0.5817 0.5749 0.5828 0.5711 0.5861 0.5637 0.5861 0.5648 0.5904 0.5648 0.6063 0.5804 0.6063 0.5827 0.6070 0.5804 0.5861 0.5637 0.5904 0.5648 0.5904 0.5637 0.5861 0.5637 0.5904 0.5637 0.5861 0.5585 0.5755 0.5827 0.5774 0.5862 0.5774 0.5827 0.6134 0.5711 0.6134 0.5749 0.6140 0.5711 0.5755 0.5827 0.5755 0.5862 0.5774 0.5862 0.5755 0.5827 0.5774 0.5827 0.5774 0.5804 0.5724 0.5887 0.5755 0.5887 0.5755 0.5862 0.5989 0.5887 0.6063 0.5887 0.6063 0.5862 0.5724 0.5887 0.5717 0.7981 0.5755 0.5887 0.5989 0.5887 0.6063 0.7981 0.6063 0.5887 0.5774 0.5769 0.5774 0.5804 0.5817 0.5769 0.5989 0.5887 0.5973 0.7981 0.6063 0.7981 0.5774 0.5769 0.5817 0.5769 0.5817 0.5749 0.6414 0.5335 0.6414 0.5432 0.6509 0.4811 0.6414 0.5335 0.6389 0.5432 0.6414 0.5432 0.5755 0.5804 0.5755 0.5827 0.5774 0.5804 0.6070 0.5769 0.6134 0.5804 0.6134 0.5769 0.5717 0.5887 0.5717 0.7981 0.5724 0.5887 0.6070 0.5769 0.6070 0.5804 0.6134 0.5804 0.5724 0.5862 0.5755 0.5862 0.5755 0.5827 0.5724 0.5862 0.5724 0.5887 0.5755 0.5862 0.6323 0.5447 0.6323 0.5497 0.6375 0.5447 0.5774 0.5749 0.5817 0.5749 0.5817 0.5711 0.5774 0.5749 0.5774 0.5769 0.5817 0.5749 0.6317 0.5447 0.6323 0.5497 0.6323 0.5447 0.5828 0.5648 0.5828 0.5711 0.5861 0.5711 0.6317 0.5447 0.6317 0.5497 0.6323 0.5497 0.6063 0.5769 0.6063 0.5804 0.6070 0.5804 0.5828 0.5648 0.5861 0.5711 0.5861 0.5648 0.5717 0.5862 0.5717 0.5887 0.5724 0.5887 0.5717 0.5862 0.5724 0.5887 0.5724 0.5862 0.6063 0.5769 0.6070 0.5804 0.6070 0.5769 0.5828 0.5637 0.5861 0.5585 0.5817 0.5637 0.5828 0.5637 0.5861 0.5637 0.5861 0.5585 0.5828 0.5637 0.5861 0.5648 0.5861 0.5637 0.5973 0.5887 0.5973 0.7981 0.5989 0.5887 0.5828 0.5637 0.5828 0.5648 0.5861 0.5648 0.5755 0.5769 0.5774 0.5804 0.5774 0.5769 0.5755 0.5769 0.5755 0.5804 0.5774 0.5804 0.5755 0.5769 0.5774 0.5769 0.5774 0.5749 0.5817 0.5648 0.5817 0.5711 0.5828 0.5711 0.5817 0.5648 0.5828 0.5637 0.5817 0.5637 0.5817 0.5648 0.5828 0.5648 0.5828 0.5637 0.6323 0.5432 0.6323 0.5447 0.6375 0.5447 0.5817 0.5648 0.5828 0.5711 0.5828 0.5648 0.5724 0.5827 0.5755 0.5827 0.5755 0.5804 0.6323 0.5432 0.6375 0.5447 0.6375 0.5432 0.5724 0.5827 0.5724 0.5862 0.5755 0.5827 0.5989 0.5862 0.6063 0.5862 0.6063 0.5827 0.5774 0.5711 0.5817 0.5637 0.5755 0.5711 0.5774 0.5711 0.5817 0.5711 0.5817 0.5648 0.5774 0.5711 0.5774 0.5749 0.5817 0.5711 0.5774 0.5711 0.5817 0.5648 0.5817 0.5637 0.5989 0.5862 0.5973 0.5887 0.5989 0.5887 0.5755 0.5749 0.5755 0.5711 0.5724 0.5749 0.5989 0.5862 0.5989 0.5887 0.6063 0.5862 0.5755 0.5749 0.5755 0.5769 0.5774 0.5749 0.6070 0.5749 0.6134 0.5749 0.6134 0.5711 0.5755 0.5749 0.5774 0.5749 0.5774 0.5711 0.6070 0.5749 0.6070 0.5769 0.6134 0.5769 0.5755 0.5749 0.5774 0.5711 0.5755 0.5711 0.6070 0.5749 0.6063 0.5769 0.6070 0.5769 0.5717 0.5827 0.5717 0.5862 0.5724 0.5862 0.6070 0.5749 0.6134 0.5769 0.6134 0.5749 0.5717 0.5827 0.5724 0.5862 0.5724 0.5827 0.5724 0.5804 0.5724 0.5827 0.5755 0.5804 0.6267 0.5497 0.6267 0.5585 0.6317 0.5585 0.5724 0.5804 0.5755 0.5804 0.5755 0.5769 0.6267 0.5497 0.6317 0.5585 0.6317 0.5497 0.5724 0.5804 0.5717 0.5827 0.5724 0.5827 0.6267 0.5497 0.6317 0.5497 0.6317 0.5447 0.5717 0.5804 0.5717 0.5827 0.5724 0.5804 0.6317 0.5432 0.6323 0.5447 0.6323 0.5432 0.6317 0.5432 0.6317 0.5447 0.6323 0.5447 0.5680 0.5887 0.5717 0.5887 0.5717 0.5862 0.6389 0.5335 0.6389 0.5432 0.6414 0.5335 0.5680 0.5887 0.5680 0.7981 0.5717 0.7981 0.5680 0.5887 0.5717 0.7981 0.5717 0.5887 0.5724 0.5769 0.5755 0.5749 0.5724 0.5749 0.6389 0.5335 0.6375 0.5432 0.6389 0.5432 0.5724 0.5769 0.5755 0.5769 0.5755 0.5749 0.5724 0.5769 0.5724 0.5804 0.5755 0.5769 0.5724 0.5769 0.5717 0.5804 0.5724 0.5804 0.6063 0.5749 0.6063 0.5769 0.6070 0.5749 0.5677 0.5887 0.5680 0.7981 0.5680 0.5887 0.5717 0.5769 0.5724 0.5769 0.5724 0.5749 0.6140 0.5648 0.6237 0.5711 0.6237 0.5648 0.5717 0.5769 0.5717 0.5804 0.5724 0.5769 0.6414 0.5887 0.6509 0.7981 0.6509 0.4811 0.6140 0.5648 0.6237 0.5648 0.6237 0.5637 0.6140 0.5648 0.6140 0.5711 0.6237 0.5711 0.6134 0.5648 0.6134 0.5711 0.6140 0.5711 0.5680 0.5862 0.5680 0.5887 0.5717 0.5862 0.5680 0.5862 0.5717 0.5862 0.5717 0.5827 0.5677 0.5862 0.5677 0.5887 0.5680 0.5887 0.6134 0.5648 0.6140 0.5711 0.6140 0.5648 0.5677 0.5862 0.5680 0.5887 0.5680 0.5862 0.5680 0.5827 0.5680 0.5862 0.5717 0.5827 0.5973 0.5862 0.5973 0.5887 0.5989 0.5862 0.5680 0.5827 0.5717 0.5827 0.5717 0.5804 0.5677 0.5827 0.5677 0.5862 0.5680 0.5862 0.5677 0.5827 0.5677 0.5804 0.5658 0.5827 0.5677 0.5827 0.5680 0.5827 0.5677 0.5804 0.6414 0.5887 0.6414 0.7981 0.6509 0.7981 0.5677 0.5827 0.5680 0.5862 0.5680 0.5827 0.6140 0.5637 0.6134 0.5648 0.6140 0.5648 0.6414 0.5862 0.6414 0.5887 0.6509 0.4811 0.5658 0.5887 0.5677 0.5887 0.5677 0.5862 0.6140 0.5637 0.6140 0.5648 0.6237 0.5637 0.6375 0.5335 0.6375 0.5432 0.6389 0.5335 0.6375 0.5335 0.6323 0.5432 0.6375 0.5432 0.5658 0.5887 0.5645 0.7981 0.5680 0.7981 0.5658 0.5887 0.5680 0.7981 0.5677 0.5887 0.5680 0.5804 0.5680 0.5827 0.5717 0.5804 0.5680 0.5804 0.5724 0.5749 0.5677 0.5804 0.6389 0.5887 0.6414 0.7981 0.6414 0.5887 0.5680 0.5804 0.5677 0.5804 0.5680 0.5827 0.6134 0.5637 0.6134 0.5648 0.6140 0.5637 0.5680 0.5804 0.5717 0.5769 0.5724 0.5749 0.5680 0.5804 0.5717 0.5804 0.5717 0.5769 0.5658 0.5862 0.5677 0.5862 0.5677 0.5827 0.5658 0.5862 0.5677 0.5827 0.5658 0.5827 0.5989 0.5827 0.6063 0.5827 0.6063 0.5804 0.5658 0.5862 0.5658 0.5887 0.5677 0.5862 0.5645 0.5887 0.5645 0.7981 0.5658 0.5887 0.5989 0.5827 0.5989 0.5862 0.6063 0.5827 0.5645 0.5887 0.5658 0.5887 0.5658 0.5862 0.6389 0.5887 0.6375 0.7981 0.6414 0.7981 0.6070 0.5711 0.6063 0.5749 0.6070 0.5749 0.5645 0.5862 0.5658 0.5827 0.5629 0.5862 0.5645 0.5862 0.5658 0.5862 0.5658 0.5827 0.6070 0.5711 0.6070 0.5749 0.6134 0.5711 0.5645 0.5862 0.5645 0.5887 0.5658 0.5862 0.5629 0.5887 0.5645 0.7981 0.5645 0.5887 0.5629 0.5887 0.5645 0.5862 0.5629 0.5862 0.5629 0.5887 0.5645 0.5887 0.5645 0.5862 0.6237 0.5497 0.6267 0.5585 0.6267 0.5497 0.5629 0.5887 0.5625 0.7981 0.5645 0.7981 0.6237 0.5497 0.6237 0.5585 0.6267 0.5585 0.5625 0.5887 0.5629 0.5862 0.5620 0.5873 0.5625 0.5887 0.5625 0.7981 0.5629 0.5887 0.6375 0.5887 0.6375 0.7981 0.6389 0.5887 0.6063 0.5711 0.6063 0.5749 0.6070 0.5711 0.5625 0.5887 0.5629 0.5887 0.5629 0.5862 0.6389 0.5862 0.6414 0.5887 0.6414 0.5862 0.5620 0.5887 0.5625 0.5887 0.5620 0.5873 0.5620 0.5887 0.5625 0.7981 0.5625 0.5887 0.6389 0.5862 0.6375 0.5887 0.6389 0.5887 0.5620 0.5887 0.5612 0.7981 0.5625 0.7981 0.6389 0.5862 0.6389 0.5887 0.6414 0.5887 0.5612 0.5887 0.5620 0.5873 0.5609 0.5886 0.5612 0.5887 0.5620 0.5887 0.5620 0.5873 0.5612 0.5887 0.5612 0.7981 0.5620 0.5887 0.6414 0.5827 0.6389 0.5862 0.6414 0.5862 0.5609 0.5887 0.5609 0.5886 0.5608 0.5887 0.5609 0.5887 0.5612 0.5887 0.5609 0.5886 0.5609 0.5887 0.5612 0.7981 0.5612 0.5887 0.5609 0.5887 0.5608 0.7981 0.5612 0.7981 0.5609 0.5887 0.5608 0.5887 0.5608 0.7981 0.5935 0.5887 0.5904 0.7981 0.5973 0.7981 0.6414 0.5827 0.6414 0.5862 0.6509 0.4811 0.5617 0.5887 0.5614 0.5879 0.5617 0.5876 0.5935 0.5887 0.5973 0.7981 0.5973 0.5887 0.5617 0.5887 0.5608 0.5887 0.5614 0.5879 0.6267 0.5447 0.6267 0.5497 0.6317 0.5447 0.5617 0.5887 0.5618 0.7981 0.5613 0.7981 0.5617 0.5887 0.5613 0.7981 0.5608 0.5887 0.6375 0.5862 0.6375 0.5887 0.6389 0.5862 0.5618 0.5887 0.5617 0.5876 0.5646 0.5842 0.5618 0.5887 0.5618 0.7981 0.5617 0.5887 0.5618 0.5887 0.5617 0.5887 0.5617 0.5876 0.6414 0.5804 0.6414 0.5827 0.6509 0.4811 0.6414 0.5259 0.6414 0.5335 0.6509 0.4811 0.6389 0.5827 0.6389 0.5862 0.6414 0.5827 0.6389 0.5827 0.6375 0.5862 0.6389 0.5862 0.5646 0.5887 0.5650 0.7981 0.5618 0.7981 0.5973 0.5827 0.5973 0.5862 0.5989 0.5862 0.6389 0.5827 0.6414 0.5827 0.6414 0.5804 0.5646 0.5887 0.5618 0.7981 0.5618 0.5887 0.6375 0.5827 0.6375 0.5862 0.6389 0.5827 0.5973 0.5827 0.5989 0.5862 0.5989 0.5827 0.5989 0.5804 0.6063 0.5804 0.6063 0.5769 0.5989 0.5804 0.5989 0.5827 0.6063 0.5804 0.5650 0.5887 0.5650 0.7981 0.5646 0.5887 0.5646 0.5862 0.5618 0.5887 0.5646 0.5842 0.5646 0.5862 0.5646 0.5887 0.5618 0.5887 0.5989 0.5804 0.5973 0.5827 0.5989 0.5827 0.6389 0.5804 0.6375 0.5827 0.6389 0.5827 0.5650 0.5862 0.5646 0.5842 0.5707 0.5769 0.6267 0.5432 0.6317 0.5447 0.6317 0.5432 0.6267 0.5432 0.6267 0.5447 0.6317 0.5447 0.6389 0.5804 0.6389 0.5827 0.6414 0.5804 0.5650 0.5862 0.5650 0.5887 0.5646 0.5887 0.5650 0.5862 0.5646 0.5862 0.5646 0.5842 0.5650 0.5862 0.5646 0.5887 0.5646 0.5862 0.6140 0.5585 0.6140 0.5637 0.6237 0.5637 0.6140 0.5585 0.6237 0.5637 0.6237 0.5585 0.6323 0.5887 0.6375 0.7981 0.6375 0.5887 0.6323 0.5887 0.6375 0.5887 0.6375 0.5862 0.5707 0.5887 0.5726 0.7981 0.5650 0.7981 0.5707 0.5887 0.5650 0.7981 0.5650 0.5887 0.5935 0.5862 0.5973 0.5887 0.5973 0.5862 0.6323 0.5887 0.6317 0.7981 0.6375 0.7981 0.5707 0.5862 0.5650 0.5887 0.5650 0.5862 0.5935 0.5862 0.5935 0.5887 0.5973 0.5887 0.6414 0.5769 0.6414 0.5804 0.6509 0.4811 0.5707 0.5862 0.5707 0.5887 0.5650 0.5887 0.5726 0.5887 0.5726 0.7981 0.5707 0.5887 0.5973 0.5804 0.5973 0.5827 0.5989 0.5804 0.6134 0.5585 0.6140 0.5637 0.6140 0.5585 0.6134 0.5585 0.6134 0.5637 0.6140 0.5637 0.5707 0.5827 0.5707 0.5862 0.5650 0.5862 0.5726 0.5862 0.5726 0.5887 0.5707 0.5887 0.6389 0.5259 0.6389 0.5335 0.6414 0.5335 0.5726 0.5862 0.5707 0.5887 0.5707 0.5862 0.6317 0.5887 0.6317 0.7981 0.6323 0.5887 0.6389 0.5259 0.6414 0.5335 0.6414 0.5259 0.5707 0.5804 0.5650 0.5862 0.5707 0.5769 0.5707 0.5804 0.5707 0.5827 0.5650 0.5862 0.6237 0.5447 0.6237 0.5497 0.6267 0.5497 0.6237 0.5447 0.6267 0.5497 0.6267 0.5447 0.6375 0.5804 0.6375 0.5827 0.6389 0.5804 0.5726 0.5827 0.5707 0.5862 0.5707 0.5827 0.5726 0.5827 0.5726 0.5862 0.5707 0.5862 0.5726 0.5827 0.5707 0.5827 0.5707 0.5804 0.5989 0.5769 0.6063 0.5769 0.6063 0.5749 0.5726 0.5804 0.5707 0.5804 0.5707 0.5769 0.5726 0.5804 0.5726 0.5827 0.5707 0.5804 0.5989 0.5769 0.5989 0.5804 0.6063 0.5769 0.6414 0.5749 0.6414 0.5769 0.6509 0.4811 0.6323 0.5335 0.6317 0.5432 0.6323 0.5432 0.5808 0.5887 0.5841 0.7981 0.5726 0.7981 0.5808 0.5887 0.5726 0.7981 0.5726 0.5887 0.6323 0.5335 0.6323 0.5432 0.6375 0.5335 0.6323 0.5862 0.6317 0.5887 0.6323 0.5887 0.5808 0.5887 0.5726 0.5887 0.5726 0.5862 0.5904 0.5887 0.5935 0.5887 0.5935 0.5862 0.6323 0.5862 0.6323 0.5887 0.6375 0.5862 0.6317 0.5862 0.6317 0.5887 0.6323 0.5862 0.5904 0.5887 0.5904 0.7981 0.5935 0.5887 0.5808 0.5862 0.5808 0.5887 0.5726 0.5862 0.6389 0.5769 0.6414 0.5804 0.6414 0.5769 0.6389 0.5769 0.6414 0.5769 0.6414 0.5749 0.6389 0.5769 0.6375 0.5804 0.6389 0.5804 0.6317 0.5335 0.6317 0.5432 0.6323 0.5335 0.6389 0.5769 0.6389 0.5804 0.6414 0.5804 0.5841 0.5887 0.5841 0.7981 0.5808 0.5887 0.6317 0.5335 0.6267 0.5432 0.6317 0.5432 0.5808 0.5827 0.5726 0.5862 0.5726 0.5827 0.6070 0.5648 0.6134 0.5711 0.6134 0.5648 0.6375 0.5769 0.6375 0.5804 0.6389 0.5769 0.5808 0.5827 0.5726 0.5827 0.5726 0.5804 0.6070 0.5648 0.6070 0.5711 0.6134 0.5711 0.5808 0.5827 0.5808 0.5862 0.5726 0.5862 0.6375 0.5259 0.6389 0.5335 0.6389 0.5259 0.6389 0.5749 0.6375 0.5769 0.6389 0.5769 0.6389 0.5749 0.6389 0.5769 0.6414 0.5749 0.5808 0.5804 0.5808 0.5827 0.5726 0.5804 0.6375 0.5259 0.6323 0.5335 0.6375 0.5335 0.6323 0.5827 0.6375 0.5862 0.6375 0.5827 0.6375 0.5259 0.6375 0.5335 0.6389 0.5335 0.5841 0.5862 0.5841 0.5887 0.5808 0.5887 0.6237 0.5432 0.6237 0.5447 0.6267 0.5447 0.5841 0.5862 0.5808 0.5887 0.5808 0.5862 0.6323 0.5827 0.6375 0.5827 0.6375 0.5804 0.6323 0.5827 0.6323 0.5862 0.6375 0.5862 0.5841 0.5827 0.5808 0.5862 0.5808 0.5827 0.6237 0.5432 0.6267 0.5447 0.6267 0.5432 0.5841 0.5827 0.5808 0.5827 0.5808 0.5804 0.5841 0.5827 0.5841 0.5862 0.5808 0.5862 0.5935 0.5827 0.5973 0.5827 0.5973 0.5804 0.6414 0.5711 0.6389 0.5749 0.6414 0.5749 0.5808 0.5769 0.5808 0.5804 0.5726 0.5804 0.5935 0.5827 0.5973 0.5862 0.5973 0.5827 0.6414 0.5711 0.6414 0.5749 0.6509 0.4811 0.5935 0.5827 0.5935 0.5862 0.5973 0.5862 0.5808 0.5749 0.5808 0.5769 0.5726 0.5804 0.5989 0.5749 0.5989 0.5769 0.6063 0.5749 0.6317 0.5827 0.6317 0.5862 0.6323 0.5862 0.6317 0.5827 0.6323 0.5862 0.6323 0.5827 0.5989 0.5749 0.6063 0.5749 0.6063 0.5711 0.5841 0.5804 0.5841 0.5827 0.5808 0.5804 0.5808 0.5711 0.5707 0.5769 0.5808 0.5648 0.6063 0.5648 0.6070 0.5711 0.6070 0.5648 0.5808 0.5711 0.5808 0.5749 0.5726 0.5804 0.6063 0.5648 0.6063 0.5711 0.6070 0.5711 0.5808 0.5711 0.5726 0.5804 0.5707 0.5769 0.5841 0.5769 0.5808 0.5804 0.5808 0.5769 0.5841 0.5769 0.5808 0.5769 0.5808 0.5749 0.6070 0.5637 0.6070 0.5648 0.6134 0.5648 0.6070 0.5637 0.6063 0.5648 0.6070 0.5648 0.5841 0.5769 0.5841 0.5804 0.5808 0.5804 0.6070 0.5637 0.6134 0.5648 0.6134 0.5637 0.6267 0.5887 0.6237 0.7981 0.6317 0.7981 0.6267 0.5887 0.6317 0.5887 0.6317 0.5862 0.5841 0.5749 0.5841 0.5769 0.5808 0.5749 0.5973 0.5769 0.5989 0.5804 0.5989 0.5769 0.5973 0.5769 0.5973 0.5804 0.5989 0.5804 0.6267 0.5887 0.6317 0.7981 0.6317 0.5887 0.5841 0.5749 0.5808 0.5749 0.5808 0.5711 0.5973 0.5769 0.5989 0.5769 0.5989 0.5749 0.6375 0.5749 0.6375 0.5769 0.6389 0.5749 0.5841 0.5711 0.5808 0.5711 0.5808 0.5648 0.5841 0.5711 0.5841 0.5749 0.5808 0.5711 0.5904 0.5862 0.5935 0.5862 0.5935 0.5827 0.5904 0.5862 0.5904 0.5887 0.5935 0.5862 0.6951 0.7981 0.6509 0.4811 0.6951 0.4283 0.6951 0.7981 0.6509 0.7981 0.6509 0.4811 0.6951 0.7981 0.6951 0.4283 0.6509 0.4811 0.6509 0.7981 0.6951 0.7981 0.6509 0.4811 0.6951 0.3208 0.6951 0.2774 0.6951 0.2774 0.6951 0.3921 0.6951 0.2774 0.6951 0.3208 0.6951 0.4283 0.6951 0.3921 0.6951 0.3921 0.6951 0.4283 0.6951 0.3921 0.6951 0.3208 0.6951 0.3208 0.6951 0.4283 0.6951 0.3208 0.6951 0.2774 0.6951 0.3208 0.6951 0.2774 0.6951 0.4283 0.6951 0.4283 0.6951 0.3208 0.6951 0.3921 0.6951 0.3208 0.6951 0.2774 0.6951 0.3921 0.6951 0.4283 0.6951 0.3208 0.6951 0.3921 0.6951 0.4283 0.6951 0.3921 0.6951 0.7981 0.6951 0.8547 0.6951 0.3921 0.6951 0.7981 0.6951 0.3921 0.6951 0.4283 0.6951 0.7981 0.6951 0.7981 0.6951 0.4283 0.6951 0.8547 0.6951 0.8547 0.6951 0.7981 0.6951 0.7981 0.6951 0.7981 0.6951 0.4283 0.6951 0.7981 0.6951 0.4283 0.6951 0.3921 0.6951 0.8547 0.6951 0.8547 0.6951 0.7981 0.6951 0.8547 0.6951 0.7981 0.6951 0.3921 0.5622 0.7981 0.4945 0.7981 0.5106 0.7981 0.5852 0.7981 0.6063 0.7981 0.5973 0.7981 0.5852 0.7981 0.5973 0.7981 0.5622 0.7981 0.6140 0.7981 0.6063 0.7981 0.5852 0.7981 0.5989 0.7981 0.5939 0.7981 0.5770 0.7981 0.5989 0.7981 0.5770 0.7981 0.5622 0.7981 0.5989 0.7981 0.5622 0.7981 0.5841 0.7981 0.5726 0.7981 0.5622 0.7981 0.5106 0.7981 0.5726 0.7981 0.5841 0.7981 0.5622 0.7981 0.6123 0.7981 0.6140 0.7981 0.5852 0.7981 0.6157 0.7981 0.6219 0.7981 0.5939 0.7981 0.6123 0.7981 0.6237 0.7981 0.6140 0.7981 0.6123 0.7981 0.6317 0.7981 0.6237 0.7981 0.6157 0.7981 0.5939 0.7981 0.5989 0.7981 0.5650 0.7981 0.5106 0.7981 0.5198 0.7981 0.5650 0.7981 0.5726 0.7981 0.5106 0.7981 0.6315 0.7981 0.6317 0.7981 0.6123 0.7981 0.6315 0.7981 0.6375 0.7981 0.6317 0.7981 0.6315 0.7981 0.6414 0.7981 0.6375 0.7981 0.6335 0.7981 0.6509 0.7981 0.6219 0.7981 0.6335 0.7981 0.6219 0.7981 0.6157 0.7981 0.6509 0.7981 0.6414 0.7981 0.6315 0.7981 0.6509 0.7981 0.6509 0.7981 0.6414 0.7981 0.5618 0.7981 0.5650 0.7981 0.5198 0.7981 0.6951 0.7981 0.6951 0.7981 0.6509 0.7981 0.5613 0.7981 0.5618 0.7981 0.5198 0.7981 0.6951 0.7981 0.6509 0.7981 0.6509 0.7981 0.6509 0.7981 0.6509 0.7981 0.6335 0.7981 0.5608 0.7981 0.5198 0.7981 0.5204 0.7981 0.5608 0.7981 0.5613 0.7981 0.5198 0.7981 0.6951 0.7981 0.6509 0.7981 0.6509 0.7981 0.5612 0.7981 0.5608 0.7981 0.5204 0.7981 0.5625 0.7981 0.5612 0.7981 0.5204 0.7981 0.5645 0.7981 0.5625 0.7981 0.5204 0.7981 0.5680 0.7981 0.5204 0.7981 0.5114 0.7981 0.5680 0.7981 0.5645 0.7981 0.5204 0.7981 0.6951 0.7981 0.6951 0.7981 0.6509 0.7981 0.5717 0.7981 0.5680 0.7981 0.5114 0.7981 0.5622 0.7981 0.5717 0.7981 0.5114 0.7981 0.5622 0.7981 0.5774 0.7981 0.5717 0.7981 0.5622 0.7981 0.5828 0.7981 0.5774 0.7981 0.5622 0.7981 0.5114 0.7981 0.4945 0.7981 0.5904 0.7981 0.5828 0.7981 0.5622 0.7981 0.5973 0.7981 0.5904 0.7981 0.5622 0.7981 0.5852 0.8547 0.5622 0.8547 0.4805 0.8547 0.2224 0.8547 0.2285 0.8547 0.1548 0.8547 0.2224 0.8547 0.2315 0.8547 0.2285 0.8547 0.2549 0.8547 0.2315 0.8547 0.2224 0.8547 0.6123 0.8547 0.5852 0.8547 0.4636 0.8547 0.2557 0.8547 0.2549 0.8547 0.2224 0.8547 0.2524 0.8547 0.2224 0.8547 0.2319 0.8547 0.2292 0.8547 0.2224 0.8547 0.1548 0.8547 0.2292 0.8547 0.2319 0.8547 0.2224 0.8547 0.6951 0.8547 0.6951 0.8547 0.6509 0.8547 0.6951 0.8547 0.6509 0.8547 0.6315 0.8547 0.2627 0.8547 0.2832 0.8547 0.2557 0.8547 0.2616 0.8547 0.2627 0.8547 0.2224 0.8547 0.2627 0.8547 0.2840 0.8547 0.2832 0.8547 0.2627 0.8547 0.2557 0.8547 0.2224 0.8547 0.2616 0.8547 0.2224 0.8547 0.2524 0.8547 0.6923 0.8547 0.6315 0.8547 0.6123 0.8547 0.6923 0.8547 0.4636 0.8547 0.4311 0.8547 0.5622 0.8547 0.4699 0.8547 0.4945 0.8547 0.2787 0.8547 0.2627 0.8547 0.2616 0.8547 0.6923 0.8547 0.4311 0.8547 0.3570 0.8547 0.6923 0.8547 0.6951 0.8547 0.6315 0.8547 0.6923 0.8547 0.6123 0.8547 0.4636 0.8547 0.2111 0.8547 0.2292 0.8547 0.1548 0.8547 0.7094 0.8547 0.6951 0.8547 0.6923 0.8547 0.3138 0.8547 0.2840 0.8547 0.2627 0.8547 0.2109 0.8547 0.2111 0.8547 0.1548 0.8547 0.2951 0.8547 0.3088 0.8547 0.2627 0.8547 0.2951 0.8547 0.2627 0.8547 0.2787 0.8547 0.5770 0.8547 0.4699 0.8547 0.5622 0.8547 0.3066 0.8547 0.3088 0.8547 0.2951 0.8547 0.5939 0.8547 0.4374 0.8547 0.4699 0.8547 0.5939 0.8547 0.4699 0.8547 0.5770 0.8547 0.1988 0.8547 0.2109 0.8547 0.1548 0.8547 0.6923 0.8547 0.3570 0.8547 0.4374 0.8547 0.1987 0.8547 0.1988 0.8547 0.1548 0.8547 0.6923 0.8547 0.4374 0.8547 0.5939 0.8547 0.3154 0.8547 0.3088 0.8547 0.3066 0.8547 0.3373 0.8547 0.3088 0.8547 0.3154 0.8547 0.3373 0.8547 0.3570 0.8547 0.3088 0.8547 0.6219 0.8547 0.6923 0.8547 0.5939 0.8547 0.1932 0.8547 0.1987 0.8547 0.1548 0.8547 0.1931 0.8547 0.1932 0.8547 0.1548 0.8547 0.3088 0.8547 0.3147 0.8547 0.3138 0.8547 0.3088 0.8547 0.3356 0.8547 0.3147 0.8547 0.3088 0.8547 0.3361 0.8547 0.3356 0.8547 0.3088 0.8547 0.3138 0.8547 0.2627 0.8547 0.6951 0.8547 0.7094 0.8547 0.6923 0.8547 0.1931 0.8547 0.1931 0.8547 0.1548 0.8547 0.3701 0.8547 0.3570 0.8547 0.3373 0.8547 0.6509 0.8547 0.6923 0.8547 0.6219 0.8547 0.6509 0.8547 0.6951 0.8547 0.6923 0.8547 0.3570 0.8547 0.3945 0.8547 0.3570 0.8547 0.3570 0.8547 0.3570 0.8547 0.3361 0.8547 0.4031 0.8547 0.3570 0.8547 0.3701 0.8547 0.3570 0.8547 0.3361 0.8547 0.3088 0.8547 0.6951 0.8547 0.6951 0.8547 0.6509 0.8547 0.1548 0.8547 0.1931 0.8547 0.1548 0.8547 0.1548 0.8547 0.1939 0.8547 0.1931 0.8547 0.1548 0.8547 0.1958 0.8547 0.1939 0.8547 0.4311 0.8547 0.3945 0.8547 0.3570 0.8547 0.1548 0.8547 0.2004 0.8547 0.1958 0.8547 0.2074 0.8547 0.2004 0.8547 0.1548 0.8547 0.2129 0.8547 0.2074 0.8547 0.1548 0.8547 0.4374 0.8547 0.3570 0.8547 0.4031 0.8547 0.5622 0.8547 0.4945 0.8547 0.4805 0.8547 0.2285 0.8547 0.2129 0.8547 0.1548 0.8547 0.5852 0.8547 0.4805 0.8547 0.4636 0.8547 0.6315 0.7981 0.6509 0.8547 0.6509 0.7981 0.6315 0.7981 0.6123 0.8547 0.6315 0.8547 0.6315 0.7981 0.6315 0.8547 0.6509 0.8547 0.6123 0.7981 0.6123 0.8547 0.6315 0.7981 0.5852 0.7981 0.5852 0.8547 0.6123 0.8547 0.5852 0.7981 0.6123 0.8547 0.6123 0.7981 0.5622 0.7981 0.5622 0.8547 0.5852 0.8547 0.5622 0.7981 0.5852 0.8547 0.5852 0.7981 0.4945 0.8547 0.5622 0.8547 0.5622 0.7981 0.4945 0.8547 0.5622 0.7981 0.4945 0.7981 0.3570 0.7981 0.3701 0.8547 0.3373 0.8547 0.3570 0.7981 0.3373 0.8547 0.3395 0.7981 0.3570 0.7981 0.3395 0.7981 0.3570 0.7660 0.3570 0.7981 0.3570 0.7660 0.3700 0.7660 0.3700 0.7981 0.3701 0.8547 0.3570 0.7981 0.3700 0.7981 0.3570 0.7981 0.3700 0.7660 0.3701 0.7981 0.3701 0.8547 0.3700 0.7981 0.3701 0.7981 0.3700 0.7660 0.3788 0.7660 0.3701 0.7981 0.3700 0.7981 0.3700 0.7660 0.3788 0.7981 0.4031 0.8547 0.3701 0.8547 0.3788 0.7981 0.3701 0.8547 0.3701 0.7981 0.3788 0.7981 0.3701 0.7981 0.3788 0.7660 0.4013 0.7981 0.4031 0.8547 0.3788 0.7981 0.4013 0.7981 0.3788 0.7660 0.4013 0.7660 0.4013 0.7981 0.3788 0.7981 0.3788 0.7660 0.4031 0.7981 0.4031 0.8547 0.4013 0.7981 0.4031 0.7981 0.4013 0.7660 0.4324 0.7660 0.4031 0.7981 0.4013 0.7981 0.4013 0.7660 0.4324 0.7981 0.4374 0.8547 0.4031 0.8547 0.4324 0.7981 0.4031 0.8547 0.4031 0.7981 0.4324 0.7981 0.4031 0.7981 0.4324 0.7660 0.4374 0.7981 0.4374 0.8547 0.4324 0.7981 0.4374 0.7981 0.4324 0.7660 0.4613 0.7660 0.4374 0.7981 0.4324 0.7981 0.4324 0.7660 0.4613 0.7981 0.4699 0.8547 0.4374 0.8547 0.4613 0.7981 0.4374 0.8547 0.4374 0.7981 0.4613 0.7981 0.4374 0.7981 0.4613 0.7660 0.4699 0.7981 0.4613 0.7660 0.4858 0.7660 0.4699 0.7981 0.4613 0.7981 0.4613 0.7660 0.4699 0.7981 0.4699 0.8547 0.4613 0.7981 0.4858 0.7981 0.4945 0.7981 0.4945 0.8547 0.4858 0.7981 0.4945 0.8547 0.4699 0.8547 0.4858 0.7981 0.4858 0.7660 0.4945 0.7981 0.4858 0.7981 0.4699 0.7981 0.4858 0.7660 0.4858 0.7981 0.4699 0.8547 0.4699 0.7981 0.4840 0.7981 0.4945 0.8547 0.4945 0.7981 0.4840 0.7981 0.4945 0.7981 0.4840 0.7660 0.4840 0.7981 0.4805 0.8547 0.4945 0.8547 0.4805 0.7981 0.4840 0.7981 0.4840 0.7660 0.4805 0.7981 0.4805 0.8547 0.4840 0.7981 0.4636 0.7981 0.4805 0.7981 0.4840 0.7660 0.4636 0.7981 0.4840 0.7660 0.4591 0.7660 0.4636 0.7981 0.4805 0.8547 0.4805 0.7981 0.4636 0.7981 0.4636 0.8547 0.4805 0.8547 0.4591 0.7981 0.4636 0.7981 0.4591 0.7660 0.4591 0.7981 0.4636 0.8547 0.4636 0.7981 0.4591 0.7981 0.4311 0.8547 0.4636 0.8547 0.4311 0.7981 0.4591 0.7660 0.4300 0.7660 0.4311 0.7981 0.4591 0.7981 0.4591 0.7660 0.4311 0.7981 0.4311 0.8547 0.4591 0.7981 0.4300 0.7981 0.4300 0.7660 0.3952 0.7660 0.4300 0.7981 0.4311 0.7981 0.4300 0.7660 0.4300 0.7981 0.3945 0.8547 0.4311 0.8547 0.4300 0.7981 0.4311 0.8547 0.4311 0.7981 0.3952 0.7981 0.4300 0.7981 0.3952 0.7660 0.3952 0.7981 0.3945 0.8547 0.4300 0.7981 0.3945 0.7981 0.3945 0.8547 0.3952 0.7981 0.3945 0.7981 0.3952 0.7660 0.3570 0.7660 0.3945 0.7981 0.3952 0.7981 0.3952 0.7660 0.3945 0.7981 0.3570 0.7660 0.3570 0.8547 0.3945 0.7981 0.3570 0.8547 0.3945 0.8547 0.5043 0.7660 0.5106 0.7981 0.4945 0.7981 0.5043 0.7660 0.4945 0.7981 0.4858 0.7660 0.5168 0.7660 0.5198 0.7981 0.5106 0.7981 0.5168 0.7660 0.5106 0.7981 0.5043 0.7660 0.5213 0.7660 0.5204 0.7981 0.5198 0.7981 0.5213 0.7660 0.5198 0.7981 0.5168 0.7660 0.5199 0.7660 0.5204 0.7981 0.5213 0.7660 0.5153 0.7660 0.5114 0.7981 0.5204 0.7981 0.5153 0.7660 0.5204 0.7981 0.5199 0.7660 0.5030 0.7660 0.4945 0.7981 0.5114 0.7981 0.5030 0.7660 0.5114 0.7981 0.5153 0.7660 0.4840 0.7660 0.4945 0.7981 0.5030 0.7660 0.3361 0.7981 0.3356 0.8547 0.3361 0.8547 0.3361 0.7981 0.3361 0.8547 0.3570 0.8547 0.3361 0.7981 0.3570 0.8547 0.3570 0.7660 0.3361 0.7981 0.3570 0.7660 0.3352 0.7660 0.3352 0.7981 0.3361 0.7981 0.3352 0.7660 0.3352 0.7981 0.3356 0.8547 0.3361 0.7981 0.3267 0.7981 0.3352 0.7981 0.3352 0.7660 0.3267 0.7981 0.3147 0.8547 0.3356 0.8547 0.3267 0.7981 0.3352 0.7660 0.3267 0.7660 0.3267 0.7981 0.3356 0.8547 0.3352 0.7981 0.3147 0.7981 0.3138 0.8547 0.3147 0.8547 0.3147 0.7981 0.3267 0.7981 0.3267 0.7660 0.3147 0.7981 0.3147 0.8547 0.3267 0.7981 0.3147 0.7981 0.3267 0.7660 0.3128 0.7660 0.3128 0.7981 0.3147 0.7981 0.3128 0.7660 0.3128 0.7981 0.3138 0.8547 0.3147 0.7981 0.2957 0.7981 0.3138 0.8547 0.3128 0.7981 0.2957 0.7981 0.3128 0.7981 0.3128 0.7660 0.2957 0.7981 0.2840 0.8547 0.3138 0.8547 0.2957 0.7981 0.3128 0.7660 0.2957 0.7660 0.2840 0.7981 0.2840 0.8547 0.2957 0.7981 0.2840 0.7981 0.2957 0.7981 0.2957 0.7660 0.2840 0.7981 0.2832 0.8547 0.2840 0.8547 0.2840 0.7981 0.2957 0.7660 0.2816 0.7660 0.2816 0.7981 0.2816 0.7660 0.2655 0.7660 0.2816 0.7981 0.2840 0.7981 0.2816 0.7660 0.2816 0.7981 0.2832 0.8547 0.2840 0.7981 0.2655 0.7981 0.2557 0.8547 0.2832 0.8547 0.2655 0.7981 0.2816 0.7981 0.2655 0.7660 0.2655 0.7981 0.2832 0.8547 0.2816 0.7981 0.2557 0.7981 0.2655 0.7981 0.2655 0.7660 0.2557 0.7981 0.2549 0.8547 0.2557 0.8547 0.2557 0.7981 0.2557 0.8547 0.2655 0.7981 0.2557 0.7981 0.2655 0.7660 0.2528 0.7660 0.2528 0.7981 0.2557 0.7981 0.2528 0.7660 0.2528 0.7981 0.2528 0.7660 0.2388 0.7660 0.2528 0.7981 0.2549 0.8547 0.2557 0.7981 0.2388 0.7981 0.2528 0.7981 0.2388 0.7660 0.2388 0.7981 0.2315 0.8547 0.2549 0.8547 0.2388 0.7981 0.2549 0.8547 0.2528 0.7981 0.2315 0.7981 0.2388 0.7981 0.2388 0.7660 0.2315 0.7981 0.2285 0.8547 0.2315 0.8547 0.2315 0.7981 0.2315 0.8547 0.2388 0.7981 0.2315 0.7981 0.2388 0.7660 0.2283 0.7660 0.2283 0.7981 0.2315 0.7981 0.2283 0.7660 0.2283 0.7981 0.2285 0.8547 0.2315 0.7981 0.2174 0.7981 0.2285 0.8547 0.2283 0.7981 0.2174 0.7981 0.2283 0.7981 0.2283 0.7660 0.2174 0.7981 0.2129 0.8547 0.2285 0.8547 0.2174 0.7981 0.2283 0.7660 0.2174 0.7660 0.2129 0.7981 0.2174 0.7981 0.2174 0.7660 0.2129 0.7981 0.2174 0.7660 0.2098 0.7660 0.2129 0.7981 0.2129 0.8547 0.2174 0.7981 0.2098 0.7981 0.2129 0.8547 0.2129 0.7981 0.2098 0.7981 0.2129 0.7981 0.2098 0.7660 0.2098 0.7981 0.2074 0.8547 0.2129 0.8547 0.2074 0.7981 0.2098 0.7981 0.2098 0.7660 0.2074 0.7981 0.2074 0.8547 0.2098 0.7981 0.2074 0.7981 0.2098 0.7660 0.2026 0.7660 0.2026 0.7981 0.2074 0.7981 0.2026 0.7660 0.2026 0.7981 0.2004 0.8547 0.2074 0.8547 0.2026 0.7981 0.2074 0.8547 0.2074 0.7981 0.2004 0.7981 0.2004 0.8547 0.2026 0.7981 0.2004 0.7981 0.2026 0.7660 0.1972 0.7660 0.2004 0.7981 0.2026 0.7981 0.2026 0.7660 0.1972 0.7981 0.1958 0.8547 0.2004 0.8547 0.1972 0.7981 0.2004 0.8547 0.2004 0.7981 0.1972 0.7981 0.2004 0.7981 0.1972 0.7660 0.1958 0.7981 0.1972 0.7981 0.1972 0.7660 0.1958 0.7981 0.1972 0.7660 0.1946 0.7660 0.1958 0.7981 0.1958 0.8547 0.1972 0.7981 0.1946 0.7981 0.1958 0.7981 0.1946 0.7660 0.1946 0.7981 0.1958 0.8547 0.1958 0.7981 0.1946 0.7981 0.1939 0.8547 0.1958 0.8547 0.1939 0.7981 0.1931 0.8547 0.1939 0.8547 0.1939 0.7981 0.1939 0.8547 0.1946 0.7981 0.1939 0.7981 0.1946 0.7981 0.1946 0.7660 0.1931 0.7981 0.1931 0.8547 0.1939 0.7981 0.1931 0.7981 0.1939 0.7981 0.1946 0.7660 0.1931 0.7981 0.1946 0.7660 0.1927 0.7660 0.1927 0.7981 0.1931 0.8547 0.1931 0.8547 0.1927 0.7981 0.1931 0.8547 0.1931 0.7981 0.1927 0.7981 0.1927 0.7660 0.1928 0.7660 0.1927 0.7981 0.1931 0.7981 0.1927 0.7660 0.1928 0.7981 0.1931 0.8547 0.1927 0.7981 0.1928 0.7981 0.1927 0.7981 0.1928 0.7660 0.1931 0.7981 0.1928 0.7981 0.1928 0.7660 0.1931 0.7981 0.1931 0.8547 0.1928 0.7981 0.1932 0.7981 0.1932 0.8547 0.1931 0.8547 0.1932 0.7981 0.1931 0.7981 0.1928 0.7660 0.1932 0.7981 0.1928 0.7660 0.1942 0.7660 0.1932 0.7981 0.1931 0.8547 0.1931 0.7981 0.1942 0.7981 0.1932 0.8547 0.1932 0.7981 0.1942 0.7981 0.1987 0.8547 0.1932 0.8547 0.1942 0.7981 0.1932 0.7981 0.1942 0.7660 0.1970 0.7981 0.1987 0.8547 0.1942 0.7981 0.1970 0.7981 0.1942 0.7981 0.1942 0.7660 0.1970 0.7981 0.1942 0.7660 0.1970 0.7660 0.1987 0.7981 0.1970 0.7981 0.1970 0.7660 0.1987 0.7981 0.1988 0.8547 0.1987 0.8547 0.1987 0.7981 0.1970 0.7660 0.1988 0.7660 0.1987 0.7981 0.1987 0.8547 0.1970 0.7981 0.1988 0.7981 0.1987 0.7981 0.1988 0.7660 0.1988 0.7981 0.1988 0.8547 0.1987 0.7981 0.1988 0.7981 0.1988 0.7660 0.2076 0.7660 0.2076 0.7981 0.2109 0.8547 0.1988 0.8547 0.2076 0.7981 0.1988 0.8547 0.1988 0.7981 0.2076 0.7981 0.1988 0.7981 0.2076 0.7660 0.2109 0.7981 0.2111 0.8547 0.2109 0.8547 0.2109 0.7981 0.2109 0.8547 0.2076 0.7981 0.2109 0.7981 0.2076 0.7660 0.2110 0.7660 0.2109 0.7981 0.2076 0.7981 0.2076 0.7660 0.2111 0.7981 0.2111 0.8547 0.2109 0.7981 0.2111 0.7981 0.2109 0.7981 0.2110 0.7660 0.2111 0.7981 0.2110 0.7660 0.2251 0.7660 0.2251 0.7981 0.2292 0.8547 0.2111 0.8547 0.2251 0.7981 0.2111 0.8547 0.2111 0.7981 0.2251 0.7981 0.2111 0.7981 0.2251 0.7660 0.2292 0.7981 0.2251 0.7981 0.2251 0.7660 0.2292 0.7981 0.2292 0.8547 0.2251 0.7981 0.2292 0.7981 0.2251 0.7660 0.2300 0.7660 0.2319 0.7981 0.2292 0.8547 0.2292 0.7981 0.2319 0.7981 0.2292 0.7981 0.2300 0.7660 0.2319 0.7981 0.2319 0.8547 0.2292 0.8547 0.2319 0.7981 0.2300 0.7660 0.2488 0.7660 0.2488 0.7981 0.2319 0.8547 0.2319 0.7981 0.2488 0.7981 0.2319 0.7981 0.2488 0.7660 0.2488 0.7981 0.2524 0.8547 0.2319 0.8547 0.2524 0.7981 0.2488 0.7981 0.2488 0.7660 0.2524 0.7981 0.2524 0.8547 0.2488 0.7981 0.2524 0.7981 0.2488 0.7660 0.2550 0.7660 0.2550 0.7981 0.2524 0.7981 0.2550 0.7660 0.2550 0.7981 0.2524 0.8547 0.2524 0.7981 0.2550 0.7981 0.2616 0.8547 0.2524 0.8547 0.2616 0.7981 0.2550 0.7981 0.2550 0.7660 0.2616 0.7981 0.2616 0.8547 0.2550 0.7981 0.2616 0.7981 0.2550 0.7660 0.2772 0.7660 0.2772 0.7981 0.2787 0.8547 0.2616 0.8547 0.2772 0.7981 0.2616 0.8547 0.2616 0.7981 0.2772 0.7981 0.2616 0.7981 0.2772 0.7660 0.2787 0.7981 0.2787 0.8547 0.2772 0.7981 0.2787 0.7981 0.2772 0.7981 0.2772 0.7660 0.2787 0.7981 0.2772 0.7660 0.2841 0.7660 0.2841 0.7981 0.2951 0.8547 0.2787 0.8547 0.2841 0.7981 0.2787 0.8547 0.2787 0.7981 0.2841 0.7981 0.2787 0.7981 0.2841 0.7660 0.2950 0.7981 0.2951 0.8547 0.2841 0.7981 0.2950 0.7981 0.2841 0.7981 0.2841 0.7660 0.2950 0.7981 0.2841 0.7660 0.3081 0.7660 0.3066 0.7981 0.3066 0.8547 0.2951 0.8547 0.3066 0.7981 0.2951 0.8547 0.2950 0.7981 0.3066 0.7981 0.2950 0.7981 0.3081 0.7660 0.3081 0.7981 0.3154 0.8547 0.3066 0.8547 0.3081 0.7981 0.3066 0.8547 0.3066 0.7981 0.3081 0.7981 0.3066 0.7981 0.3081 0.7660 0.3154 0.7981 0.3154 0.8547 0.3081 0.7981 0.3154 0.7981 0.3081 0.7981 0.3081 0.7660 0.3154 0.7981 0.3081 0.7660 0.3188 0.7660 0.3188 0.7981 0.3373 0.8547 0.3154 0.8547 0.3188 0.7981 0.3154 0.8547 0.3154 0.7981 0.3188 0.7981 0.3154 0.7981 0.3188 0.7660 0.3374 0.7981 0.3373 0.8547 0.3188 0.7981 0.3374 0.7981 0.3188 0.7981 0.3188 0.7660 0.3374 0.7981 0.3188 0.7660 0.3395 0.7660 0.3395 0.7981 0.3373 0.8547 0.3374 0.7981 0.3395 0.7981 0.3374 0.7981 0.3395 0.7660 0.3395 0.7981 0.3395 0.7660 0.3570 0.7660 0.8389 0.2038 0.7251 0.2038 0.7548 0.2038 0.7750 0.2038 0.8389 0.2038 0.7548 0.2038 0.7841 0.2038 0.8389 0.2038 0.7750 0.2038 0.8389 0.2038 0.7821 0.2038 0.7677 0.2038 0.8389 0.2038 0.7677 0.2038 0.7492 0.2038 0.8389 0.2038 0.7492 0.2038 0.7251 0.2038 0.8389 0.2038 0.8389 0.2038 0.7841 0.2038 0.8389 0.2038 0.7841 0.2038 0.7821 0.2038 0.7374 0.3164 0.8389 0.3164 0.8389 0.2264 0.7374 0.3164 0.8389 0.2264 0.6730 0.2264 0.6241 0.3208 0.7374 0.4274 0.7374 0.3164 0.6241 0.3208 0.6730 0.2264 0.6241 0.2264 0.6241 0.3208 0.7374 0.3164 0.6730 0.2264 0.6098 0.3208 0.7374 0.4274 0.6241 0.3208 0.6241 0.3208 0.6241 0.2264 0.6730 0.2264 0.7374 0.3164 0.6241 0.3208 0.6730 0.2264 0.8389 0.2264 0.7374 0.3164 0.6730 0.2264 0.7374 0.4274 0.6098 0.3208 0.6241 0.3208 0.7374 0.4274 0.6241 0.3208 0.7374 0.3164 0.8389 0.3164 0.7374 0.3164 0.8389 0.2264 0.0802 0.3208 0.0712 0.2264 0.0980 0.2264 0.0802 0.3208 0.0980 0.2264 0.1137 0.3208 0.2898 0.3208 0.2952 0.2264 0.2741 0.3208 0.0729 0.3208 0.0570 0.2264 0.0712 0.2264 0.0729 0.3208 0.0712 0.2264 0.0802 0.3208 0.3349 0.3208 0.3570 0.2264 0.2952 0.2264 0.6241 0.3208 0.5957 0.2264 0.6241 0.2264 0.3349 0.3208 0.2952 0.2264 0.2898 0.3208 0.0461 0.3208 0.0363 0.2264 0.0570 0.2264 0.0461 0.3208 0.0570 0.2264 0.0729 0.3208 0.3538 0.3208 0.3570 0.2264 0.3349 0.3208 0.5792 0.3208 0.5957 0.2264 0.6241 0.3208 0.0375 0.3208 0.0261 0.2264 0.0363 0.2264 0.0375 0.3208 0.0363 0.2264 0.0461 0.3208 0.5792 0.3208 0.5545 0.2264 0.5632 0.2264 0.3959 0.3208 0.4146 0.2264 0.3570 0.2264 0.5792 0.3208 0.5632 0.2264 0.5919 0.2264 0.3959 0.3208 0.3570 0.2264 0.3538 0.3208 0.5792 0.3208 0.5919 0.2264 0.5957 0.2264 0.4145 0.3208 0.4146 0.2264 0.3959 0.3208 0.0189 0.3208 0.0144 0.2264 0.0261 0.2264 0.5254 0.3208 0.5545 0.2264 0.5792 0.3208 0.4554 0.3208 0.4719 0.2264 0.4146 0.2264 0.0189 0.3208 0.0261 0.2264 0.0375 0.3208 0.4554 0.3208 0.4146 0.2264 0.4145 0.3208 0.5254 0.3208 0.4962 0.2264 0.5059 0.2264 0.5254 0.3208 0.5059 0.2264 0.5545 0.2264 0.0135 0.3208 0.0082 0.2264 0.0144 0.2264 0.4731 0.3208 0.4719 0.2264 0.4554 0.3208 0.0135 0.3208 0.0144 0.2264 0.0189 0.3208 0.5175 0.3208 0.5273 0.2264 0.4719 0.2264 0.0046 0.3208 0.0023 0.2264 0.0082 0.2264 0.4695 0.3208 0.4962 0.2264 0.5254 0.3208 0.5175 0.3208 0.4719 0.2264 0.4731 0.3208 0.0046 0.3208 0.0082 0.2264 0.0135 0.3208 0.4695 0.3208 0.4430 0.2264 0.4962 0.2264 0.5338 0.3208 0.5273 0.2264 0.5175 0.3208 0.0015 0.3208 0.0003 0.2264 0.0023 0.2264 0.0015 0.3208 0.0023 0.2264 0.0046 0.3208 0.5736 0.3208 0.5796 0.2264 0.5273 0.2264 0.5736 0.3208 0.5273 0.2264 0.5338 0.3208 0.4107 0.3208 0.4430 0.2264 0.4695 0.3208 0.4107 0.3208 0.3724 0.2264 0.3832 0.2264 0.4107 0.3208 0.3832 0.2264 0.4325 0.2264 0.4107 0.3208 0.4325 0.2264 0.4430 0.2264 0.5828 0.3208 0.5796 0.2264 0.5736 0.3208 0.0000 0.3208 0.0008 0.2264 0.0003 0.2264 0.0000 0.3208 0.0003 0.2264 0.0015 0.3208 0.6003 0.3208 0.6241 0.2264 0.5796 0.2264 0.6003 0.3208 0.5796 0.2264 0.5828 0.3208 0.0016 0.3208 0.0008 0.2264 0.0000 0.3208 0.6241 0.3208 0.6241 0.2264 0.6003 0.3208 0.0016 0.3208 0.0030 0.2264 0.0008 0.2264 0.3443 0.3208 0.3724 0.2264 0.4107 0.3208 0.3443 0.3208 0.3115 0.2264 0.3223 0.2264 0.3443 0.3208 0.3223 0.2264 0.3724 0.2264 0.0054 0.3208 0.0030 0.2264 0.0016 0.3208 0.0054 0.3208 0.0104 0.2264 0.0030 0.2264 0.2853 0.3208 0.3115 0.2264 0.3443 0.3208 0.2853 0.3208 0.2619 0.2264 0.3115 0.2264 0.0127 0.3208 0.0178 0.2264 0.0104 0.2264 0.0127 0.3208 0.0104 0.2264 0.0054 0.3208 0.2788 0.3208 0.2482 0.2264 0.2619 0.2264 0.2788 0.3208 0.2619 0.2264 0.2853 0.3208 0.0221 0.3208 0.0178 0.2264 0.0127 0.3208 0.0221 0.3208 0.0240 0.2264 0.0178 0.2264 0.0338 0.3208 0.0240 0.2264 0.0221 0.3208 0.0338 0.3208 0.0439 0.2264 0.0240 0.2264 0.2303 0.3208 0.2039 0.2264 0.2482 0.2264 0.2303 0.3208 0.2482 0.2264 0.2788 0.3208 0.0480 0.3208 0.0439 0.2264 0.0338 0.3208 0.0641 0.3208 0.0809 0.2264 0.0439 0.2264 0.0641 0.3208 0.0439 0.2264 0.0480 0.3208 0.2163 0.3208 0.1909 0.2264 0.2039 0.2264 0.2163 0.3208 0.2039 0.2264 0.2303 0.3208 0.0826 0.3208 0.0809 0.2264 0.0641 0.3208 0.1073 0.3208 0.1279 0.2264 0.0809 0.2264 0.1073 0.3208 0.0809 0.2264 0.0826 0.3208 0.1746 0.3208 0.1522 0.2264 0.1909 0.2264 0.1746 0.3208 0.1909 0.2264 0.2163 0.3208 0.1298 0.3208 0.1279 0.2264 0.1073 0.3208 0.1619 0.3208 0.1476 0.2264 0.1522 0.2264 0.1619 0.3208 0.1522 0.2264 0.1746 0.3208 0.1588 0.3208 0.1775 0.2264 0.1279 0.2264 0.1588 0.3208 0.1279 0.2264 0.1298 0.3208 0.1786 0.3208 0.1775 0.2264 0.1588 0.3208 0.1225 0.3208 0.1156 0.2264 0.1476 0.2264 0.1225 0.3208 0.1476 0.2264 0.1619 0.3208 0.2166 0.3208 0.2326 0.2264 0.1775 0.2264 0.2166 0.3208 0.1775 0.2264 0.1786 0.3208 0.1137 0.3208 0.0980 0.2264 0.1156 0.2264 0.1137 0.3208 0.1156 0.2264 0.1225 0.3208 0.2303 0.3208 0.2326 0.2264 0.2166 0.3208 0.2741 0.3208 0.2952 0.2264 0.2326 0.2264 0.2741 0.3208 0.2326 0.2264 0.2303 0.3208 0.8389 0.9302 0.8389 0.8981 0.8389 0.8714 0.8389 0.9811 0.8389 0.9811 0.8389 0.8981 0.8389 0.9811 0.8389 0.8981 0.8389 0.8981 0.8389 0.2940 0.8389 0.3164 0.8389 0.2264 0.8389 0.9811 0.8389 0.8981 0.8389 0.9302 0.8389 0.9075 0.8389 0.8380 0.8389 0.8156 0.8389 0.3453 0.8389 0.3164 0.8389 0.2940 0.8389 0.9075 0.8389 0.8714 0.8389 0.8380 0.8389 0.2606 0.8389 0.2264 0.8389 0.2038 0.8389 0.9302 0.8389 0.9302 0.8389 0.8714 0.8389 0.2606 0.8389 0.2940 0.8389 0.2264 0.8389 0.9302 0.8389 0.8714 0.8389 0.9075 0.8389 0.8156 0.8389 0.7381 0.8389 0.7746 0.8389 0.3940 0.8389 0.3164 0.8389 0.3453 0.8389 0.3164 0.8389 0.3940 0.8389 0.3575 0.8389 0.7381 0.8389 0.8156 0.8389 0.7868 0.8389 0.2340 0.8389 0.2606 0.8389 0.2038 0.8389 0.4033 0.8389 0.3940 0.8389 0.3453 0.8389 0.7288 0.8389 0.3940 0.8389 0.4033 0.8389 0.2340 0.8389 0.2340 0.8389 0.2038 0.8389 0.7381 0.8389 0.3940 0.8389 0.7288 0.8389 0.2038 0.8389 0.2340 0.8389 0.2038 0.8389 0.7746 0.8389 0.7381 0.8389 0.7288 0.8389 0.2694 0.8389 0.2340 0.8389 0.2038 0.8389 0.2264 0.8389 0.2694 0.8389 0.2038 0.8389 0.8166 0.8389 0.8156 0.8389 0.7746 0.8389 0.3155 0.8389 0.2694 0.8389 0.2264 0.8389 0.3164 0.8389 0.3155 0.8389 0.2264 0.8389 0.9075 0.8389 0.8156 0.8389 0.8166 0.8389 0.8627 0.8389 0.9075 0.8389 0.8166 0.8389 0.3575 0.8389 0.3155 0.8389 0.3164 0.8389 0.9302 0.8389 0.9075 0.8389 0.8627 0.8389 0.4033 0.8389 0.3575 0.8389 0.3940 0.8389 0.9302 0.8389 0.8627 0.8389 0.8981 0.8389 0.9302 0.8389 0.9302 0.8389 0.8627 0.8389 0.9811 0.8389 0.9302 0.8389 0.8981 0.8389 0.7381 0.8389 0.4033 0.8389 0.3940 0.8389 0.7381 0.8389 0.7288 0.8389 0.4033 0.8389 0.7868 0.8389 0.7288 0.8389 0.7381 0.8389 0.8156 0.8389 0.8380 0.8389 0.7868 0.7374 0.4274 0.7707 0.3940 0.7374 0.3164 0.7707 0.7381 0.7374 0.4274 0.6951 0.3921 0.7707 0.7381 0.7707 0.3940 0.7374 0.4274 0.7094 0.8547 0.7374 0.9075 0.7374 0.8156 0.6951 0.8547 0.7374 0.8156 0.7707 0.7381 0.6951 0.8547 0.7707 0.7381 0.6951 0.3921 0.6951 0.8547 0.7094 0.8547 0.7374 0.8156 0.7231 0.9302 0.7374 0.9075 0.7094 0.8547 0.7094 0.9302 0.7231 0.9302 0.7094 0.8547 0.7707 0.7381 0.8389 0.7381 0.8389 0.3940 0.7707 0.7381 0.8389 0.3940 0.7707 0.3940 0.7707 0.3940 0.7374 0.4274 0.7374 0.3164 0.7707 0.7381 0.6951 0.8547 0.6951 0.3921 0.7707 0.7381 0.6951 0.3921 0.7374 0.4274 0.7707 0.7381 0.7374 0.4274 0.7707 0.3940 0.7374 0.8156 0.7094 0.8547 0.6951 0.8547 0.7374 0.8156 0.6951 0.8547 0.7707 0.7381 0.7231 0.9302 0.7094 0.9302 0.7094 0.8547 0.7374 0.9075 0.7231 0.9302 0.7094 0.8547 0.7374 0.9075 0.7094 0.8547 0.7374 0.8156 0.8389 0.7381 0.7707 0.7381 0.7707 0.3940 0.8389 0.7381 0.7707 0.3940 0.8389 0.3940 0.6951 0.2774 0.6951 0.2774 0.6772 0.2774 0.6296 0.3907 0.6342 0.4057 0.6221 0.4057 0.3118 0.3774 0.3118 0.3746 0.3005 0.3774 0.6296 0.3907 0.6342 0.3907 0.6342 0.4057 0.3118 0.3774 0.3005 0.3774 0.3005 0.3907 0.6296 0.3907 0.6296 0.3774 0.6342 0.3907 0.6221 0.3746 0.6296 0.3589 0.6296 0.3746 0.6221 0.3746 0.6221 0.3589 0.6296 0.3589 0.3118 0.3907 0.3005 0.3907 0.3118 0.4057 0.3118 0.3907 0.3118 0.3774 0.3005 0.3907 0.3497 0.3478 0.3497 0.3377 0.3118 0.3478 0.6221 0.3774 0.6296 0.3746 0.6296 0.3774 0.6221 0.3774 0.6221 0.3746 0.6296 0.3746 0.3497 0.3489 0.3118 0.3478 0.3118 0.3489 0.6088 0.3478 0.6016 0.3377 0.6221 0.3478 0.3497 0.3489 0.3497 0.3478 0.3118 0.3478 0.3497 0.3557 0.3118 0.3489 0.3118 0.3557 0.6088 0.3489 0.6221 0.3478 0.6221 0.3489 0.6088 0.3489 0.6088 0.3478 0.6221 0.3478 0.3497 0.3557 0.3497 0.3489 0.3118 0.3489 0.3570 0.3478 0.3497 0.3377 0.3497 0.3478 0.3570 0.3478 0.3497 0.3478 0.3497 0.3489 0.6088 0.3557 0.6221 0.3489 0.6221 0.3557 0.6088 0.3557 0.6088 0.3489 0.6221 0.3489 0.3570 0.3478 0.3570 0.3377 0.3497 0.3377 0.6221 0.3907 0.6296 0.3907 0.6221 0.4057 0.3570 0.3489 0.3497 0.3489 0.3497 0.3557 0.6221 0.3907 0.6296 0.3774 0.6296 0.3907 0.3570 0.3489 0.3570 0.3478 0.3497 0.3489 0.3497 0.3589 0.3118 0.3557 0.3118 0.3589 0.6221 0.3907 0.6221 0.3774 0.6296 0.3774 0.3497 0.3589 0.3497 0.3557 0.3118 0.3557 0.6088 0.3589 0.6088 0.3557 0.6221 0.3557 0.6088 0.3589 0.6221 0.3557 0.6221 0.3589 0.3570 0.3557 0.3497 0.3557 0.3497 0.3589 0.6016 0.3478 0.6088 0.3478 0.6088 0.3489 0.3570 0.3557 0.3570 0.3489 0.3497 0.3557 0.3570 0.3589 0.3570 0.3557 0.3497 0.3589 0.6016 0.3478 0.6016 0.3377 0.6088 0.3478 0.6016 0.3489 0.6088 0.3489 0.6088 0.3557 0.6016 0.3489 0.6016 0.3478 0.6088 0.3489 0.3497 0.3746 0.3118 0.3589 0.3118 0.3746 0.3497 0.3746 0.3497 0.3589 0.3118 0.3589 0.3715 0.3478 0.3570 0.3377 0.3570 0.3478 0.3715 0.3478 0.3570 0.3478 0.3570 0.3489 0.6016 0.3557 0.6016 0.3489 0.6088 0.3557 0.3715 0.3478 0.4083 0.3377 0.3570 0.3377 0.6016 0.3557 0.6088 0.3557 0.6088 0.3589 0.6016 0.3589 0.6016 0.3557 0.6088 0.3589 0.3497 0.3774 0.3118 0.3746 0.3118 0.3774 0.3497 0.3774 0.3497 0.3746 0.3118 0.3746 0.6088 0.3746 0.6088 0.3589 0.6221 0.3589 0.3715 0.3489 0.3715 0.3478 0.3570 0.3489 0.6088 0.3746 0.6221 0.3589 0.6221 0.3746 0.0632 0.3377 0.0687 0.3377 0.0635 0.3478 0.3570 0.3746 0.3497 0.3746 0.3497 0.3774 0.6088 0.3774 0.6088 0.3746 0.6221 0.3746 0.6088 0.3774 0.6221 0.3746 0.6221 0.3774 0.0641 0.3489 0.0632 0.3377 0.0635 0.3478 0.3570 0.3746 0.3570 0.3589 0.3497 0.3589 0.3570 0.3746 0.3497 0.3589 0.3497 0.3746 0.5935 0.3478 0.6016 0.3377 0.6016 0.3478 0.3715 0.3557 0.3570 0.3489 0.3570 0.3557 0.3715 0.3557 0.3715 0.3489 0.3570 0.3489 0.3570 0.3774 0.3570 0.3746 0.3497 0.3774 0.5935 0.3489 0.5935 0.3478 0.6016 0.3478 0.3715 0.3589 0.3715 0.3557 0.3570 0.3557 0.5935 0.3489 0.6016 0.3478 0.6016 0.3489 0.5935 0.3557 0.6016 0.3557 0.6016 0.3589 0.5935 0.3557 0.6016 0.3489 0.6016 0.3557 0.3715 0.3589 0.3570 0.3557 0.3570 0.3589 0.5935 0.3557 0.5935 0.3489 0.6016 0.3489 0.3497 0.3907 0.3118 0.4057 0.3715 0.4057 0.6016 0.3746 0.6088 0.3589 0.6088 0.3746 0.3497 0.3907 0.3118 0.3907 0.3118 0.4057 0.6016 0.3746 0.6016 0.3589 0.6088 0.3589 0.3497 0.3907 0.3118 0.3774 0.3118 0.3907 0.6016 0.3746 0.6088 0.3746 0.6088 0.3774 0.3497 0.3907 0.3497 0.3774 0.3118 0.3774 0.3570 0.3907 0.3570 0.3774 0.3497 0.3774 0.3570 0.3907 0.3497 0.3907 0.3715 0.4057 0.3570 0.3907 0.3497 0.3774 0.3497 0.3907 0.3715 0.3746 0.3570 0.3589 0.3570 0.3746 0.5935 0.3589 0.5935 0.3557 0.6016 0.3589 0.3715 0.3746 0.3715 0.3589 0.3570 0.3589 0.6088 0.3907 0.6221 0.3774 0.6221 0.3907 0.6088 0.3907 0.6088 0.3774 0.6221 0.3774 0.3715 0.3774 0.3570 0.3746 0.3570 0.3774 0.6088 0.3907 0.6221 0.4057 0.6088 0.4057 0.3715 0.3774 0.3715 0.3746 0.3570 0.3746 0.6088 0.3907 0.6221 0.3907 0.6221 0.4057 0.6016 0.3774 0.6088 0.3774 0.6088 0.3907 0.3715 0.3907 0.3570 0.3907 0.3715 0.4057 0.3715 0.3907 0.3715 0.3774 0.3570 0.3774 0.6016 0.3774 0.6016 0.3746 0.6088 0.3774 0.5935 0.3746 0.6016 0.3589 0.6016 0.3746 0.3715 0.3907 0.3570 0.3774 0.3570 0.3907 0.5935 0.3746 0.5935 0.3589 0.6016 0.3589 0.6016 0.3907 0.6016 0.3774 0.6088 0.3907 0.6016 0.3907 0.6088 0.3907 0.6088 0.4057 0.6016 0.3907 0.6088 0.4057 0.5935 0.4057 0.5935 0.3774 0.5935 0.3746 0.6016 0.3746 0.4076 0.3478 0.4083 0.3377 0.3715 0.3478 0.5935 0.3774 0.6016 0.3746 0.6016 0.3774 0.5758 0.3478 0.6016 0.3377 0.5935 0.3478 0.4076 0.3489 0.4076 0.3478 0.3715 0.3478 0.4076 0.3489 0.3715 0.3478 0.3715 0.3489 0.5758 0.3478 0.5630 0.3377 0.6016 0.3377 0.5758 0.3489 0.5935 0.3478 0.5935 0.3489 0.4113 0.3478 0.4083 0.3377 0.4076 0.3478 0.4113 0.3478 0.4076 0.3478 0.4076 0.3489 0.4113 0.3478 0.4113 0.3377 0.4083 0.3377 0.5758 0.3489 0.5758 0.3478 0.5935 0.3478 0.4113 0.3489 0.4113 0.3478 0.4076 0.3489 0.5758 0.3557 0.5935 0.3489 0.5935 0.3557 0.4076 0.3557 0.3715 0.3489 0.3715 0.3557 0.4076 0.3557 0.4076 0.3489 0.3715 0.3489 0.5758 0.3557 0.5758 0.3489 0.5935 0.3489 0.5758 0.3589 0.5935 0.3557 0.5935 0.3589 0.5758 0.3589 0.5758 0.3557 0.5935 0.3557 0.4076 0.3589 0.3715 0.3557 0.3715 0.3589 0.5935 0.3907 0.6016 0.3774 0.6016 0.3907 0.4076 0.3589 0.4076 0.3557 0.3715 0.3557 0.5935 0.3907 0.5935 0.3774 0.6016 0.3774 0.5935 0.3907 0.6016 0.3907 0.5935 0.4057 0.5630 0.3478 0.5758 0.3478 0.5758 0.3489 0.4113 0.3557 0.4113 0.3489 0.4076 0.3489 0.4113 0.3557 0.4076 0.3489 0.4076 0.3557 0.5630 0.3478 0.5630 0.3377 0.5758 0.3478 0.4113 0.3589 0.4076 0.3557 0.4076 0.3589 0.4113 0.3589 0.4113 0.3557 0.4076 0.3557 0.5630 0.3489 0.5630 0.3478 0.5758 0.3489 0.4076 0.3746 0.3715 0.3589 0.3715 0.3746 0.5630 0.3489 0.5758 0.3489 0.5758 0.3557 0.5758 0.3746 0.5758 0.3589 0.5935 0.3589 0.5758 0.3746 0.5935 0.3589 0.5935 0.3746 0.4076 0.3746 0.4076 0.3589 0.3715 0.3589 0.4301 0.3478 0.4113 0.3377 0.4113 0.3478 0.5630 0.3557 0.5758 0.3557 0.5758 0.3589 0.5630 0.3557 0.5630 0.3489 0.5758 0.3557 0.4301 0.3489 0.4301 0.3478 0.4113 0.3478 0.5758 0.3774 0.5935 0.3746 0.5935 0.3774 0.4301 0.3489 0.4113 0.3478 0.4113 0.3489 0.5758 0.3774 0.5758 0.3746 0.5935 0.3746 0.4076 0.3774 0.4076 0.3746 0.3715 0.3746 0.4076 0.3774 0.3715 0.3746 0.3715 0.3774 0.5567 0.3478 0.5630 0.3377 0.5630 0.3478 0.4113 0.3746 0.4113 0.3589 0.4076 0.3589 0.5567 0.3489 0.5630 0.3478 0.5630 0.3489 0.4113 0.3746 0.4076 0.3589 0.4076 0.3746 0.5567 0.3489 0.5567 0.3478 0.5630 0.3478 0.5630 0.3589 0.5758 0.3589 0.5758 0.3746 0.4113 0.3774 0.4076 0.3746 0.4076 0.3774 0.4113 0.3774 0.4113 0.3746 0.4076 0.3746 0.5630 0.3589 0.5630 0.3557 0.5758 0.3589 0.4301 0.3557 0.4301 0.3489 0.4113 0.3489 0.5567 0.3557 0.5567 0.3489 0.5630 0.3489 0.4301 0.3557 0.4113 0.3489 0.4113 0.3557 0.5567 0.3557 0.5630 0.3489 0.5630 0.3557 0.5567 0.3557 0.5630 0.3557 0.5630 0.3589 0.5567 0.3589 0.5567 0.3557 0.5630 0.3589 0.4301 0.3589 0.4113 0.3557 0.4113 0.3589 0.4301 0.3589 0.4301 0.3557 0.4113 0.3557 0.5758 0.3907 0.5758 0.3774 0.5935 0.3774 0.5758 0.3907 0.5935 0.4057 0.5758 0.4057 0.5758 0.3907 0.5935 0.3774 0.5935 0.3907 0.4076 0.3907 0.4076 0.3774 0.3715 0.3774 0.5758 0.3907 0.5935 0.3907 0.5935 0.4057 0.4076 0.3907 0.3715 0.3907 0.3715 0.4057 0.4076 0.3907 0.3715 0.3774 0.3715 0.3907 0.4076 0.3907 0.3715 0.4057 0.4076 0.4057 0.5630 0.3746 0.5630 0.3589 0.5758 0.3746 0.5630 0.3746 0.5758 0.3746 0.5758 0.3774 0.4418 0.3478 0.4113 0.3377 0.4301 0.3478 0.5630 0.3774 0.5630 0.3746 0.5758 0.3774 0.5630 0.3774 0.5758 0.3774 0.5758 0.3907 0.4418 0.3478 0.4654 0.3377 0.4113 0.3377 0.4418 0.3489 0.4418 0.3478 0.4301 0.3478 0.5567 0.3746 0.5630 0.3589 0.5630 0.3746 0.4418 0.3489 0.4301 0.3478 0.4301 0.3489 0.5567 0.3746 0.5567 0.3589 0.5630 0.3589 0.5567 0.3774 0.5567 0.3746 0.5630 0.3746 0.4113 0.3907 0.4076 0.4057 0.4300 0.4057 0.4113 0.3907 0.4076 0.3774 0.4076 0.3907 0.5567 0.3774 0.5630 0.3746 0.5630 0.3774 0.4113 0.3907 0.4113 0.3774 0.4076 0.3774 0.4113 0.3907 0.4076 0.3907 0.4076 0.4057 0.4418 0.3557 0.4301 0.3489 0.4301 0.3557 0.5355 0.3478 0.5202 0.3377 0.5630 0.3377 0.5355 0.3478 0.5630 0.3377 0.5567 0.3478 0.4418 0.3557 0.4418 0.3489 0.4301 0.3489 0.4418 0.3589 0.4418 0.3557 0.4301 0.3557 0.5355 0.3489 0.5355 0.3478 0.5567 0.3478 0.4418 0.3589 0.4301 0.3557 0.4301 0.3589 0.5355 0.3489 0.5567 0.3478 0.5567 0.3489 0.4301 0.3746 0.4113 0.3589 0.4113 0.3746 0.4301 0.3746 0.4301 0.3589 0.4113 0.3589 0.5630 0.3907 0.5758 0.3907 0.5758 0.4057 0.5630 0.3907 0.5758 0.4057 0.5567 0.4057 0.5630 0.3907 0.5630 0.3774 0.5758 0.3907 0.4301 0.3774 0.4113 0.3746 0.4113 0.3774 0.4301 0.3774 0.4301 0.3746 0.4113 0.3746 0.5355 0.3557 0.5355 0.3489 0.5567 0.3489 0.5355 0.3557 0.5567 0.3489 0.5567 0.3557 0.4418 0.3746 0.4301 0.3589 0.4301 0.3746 0.4418 0.3746 0.4418 0.3589 0.4301 0.3589 0.5355 0.3589 0.5355 0.3557 0.5567 0.3557 0.5355 0.3589 0.5567 0.3557 0.5567 0.3589 0.4301 0.3907 0.4301 0.3774 0.4113 0.3774 0.4301 0.3907 0.4113 0.3907 0.4300 0.4057 0.5567 0.3907 0.5567 0.3774 0.5630 0.3774 0.4301 0.3907 0.4113 0.3774 0.4113 0.3907 0.5567 0.3907 0.5630 0.3774 0.5630 0.3907 0.5567 0.3907 0.5630 0.3907 0.5567 0.4057 0.4418 0.3774 0.4301 0.3746 0.4301 0.3774 0.4418 0.3774 0.4418 0.3746 0.4301 0.3746 0.5202 0.3478 0.5202 0.3377 0.5355 0.3478 0.4654 0.3478 0.4654 0.3377 0.4418 0.3478 0.5202 0.3489 0.5202 0.3478 0.5355 0.3478 0.5202 0.3489 0.5355 0.3478 0.5355 0.3489 0.5355 0.3746 0.5567 0.3589 0.5567 0.3746 0.4654 0.3489 0.4654 0.3478 0.4418 0.3478 0.5355 0.3746 0.5355 0.3589 0.5567 0.3589 0.4654 0.3489 0.4418 0.3478 0.4418 0.3489 0.4654 0.3489 0.4418 0.3489 0.4418 0.3557 0.4668 0.3478 0.4654 0.3377 0.4654 0.3478 0.5202 0.3557 0.5355 0.3489 0.5355 0.3557 0.5202 0.3557 0.5202 0.3489 0.5355 0.3489 0.4668 0.3478 0.4668 0.3377 0.4654 0.3377 0.5355 0.3774 0.5567 0.3746 0.5567 0.3774 0.4668 0.3478 0.4654 0.3478 0.4654 0.3489 0.5355 0.3774 0.5355 0.3746 0.5567 0.3746 0.4668 0.3489 0.4668 0.3478 0.4654 0.3489 0.5202 0.3589 0.5355 0.3557 0.5355 0.3589 0.4654 0.3557 0.4654 0.3489 0.4418 0.3557 0.5202 0.3589 0.5202 0.3557 0.5355 0.3557 0.5081 0.3478 0.5202 0.3377 0.5202 0.3478 0.5081 0.3478 0.5202 0.3478 0.5202 0.3489 0.4668 0.3557 0.4668 0.3489 0.4654 0.3489 0.5081 0.3478 0.4712 0.3377 0.5202 0.3377 0.4668 0.3557 0.4654 0.3489 0.4654 0.3557 0.4654 0.3589 0.4654 0.3557 0.4418 0.3557 0.5081 0.3489 0.5081 0.3478 0.5202 0.3489 0.4654 0.3589 0.4668 0.3557 0.4654 0.3557 0.5081 0.3489 0.5202 0.3489 0.5202 0.3557 0.4654 0.3589 0.4418 0.3557 0.4418 0.3589 0.5355 0.3907 0.5567 0.3774 0.5567 0.3907 0.5355 0.3907 0.5567 0.3907 0.5567 0.4057 0.5355 0.3907 0.5355 0.3774 0.5567 0.3774 0.4668 0.3589 0.4668 0.3557 0.4654 0.3589 0.5355 0.3907 0.5567 0.4057 0.5355 0.4057 0.4418 0.3907 0.4301 0.3907 0.4300 0.4057 0.5081 0.3557 0.5202 0.3557 0.5202 0.3589 0.4418 0.3907 0.4300 0.4057 0.4417 0.4057 0.5081 0.3557 0.5081 0.3489 0.5202 0.3557 0.4418 0.3907 0.4418 0.3774 0.4301 0.3774 0.4418 0.3907 0.4301 0.3774 0.4301 0.3907 0.4819 0.3478 0.4668 0.3377 0.4668 0.3478 0.5202 0.3746 0.5355 0.3589 0.5355 0.3746 0.5202 0.3746 0.5202 0.3589 0.5355 0.3589 0.5081 0.3589 0.5081 0.3557 0.5202 0.3589 0.4819 0.3489 0.4668 0.3478 0.4668 0.3489 0.4819 0.3489 0.4819 0.3478 0.4668 0.3478 0.5081 0.3589 0.5202 0.3589 0.5202 0.3746 0.5202 0.3774 0.5355 0.3746 0.5355 0.3774 0.5202 0.3774 0.5202 0.3746 0.5355 0.3746 0.4654 0.3746 0.4418 0.3589 0.4418 0.3746 0.4654 0.3746 0.4654 0.3589 0.4418 0.3589 0.5202 0.3907 0.5355 0.3774 0.5355 0.3907 0.5202 0.3907 0.5202 0.3774 0.5355 0.3774 0.5202 0.3907 0.5355 0.4057 0.5081 0.4057 0.5202 0.3907 0.5355 0.3907 0.5355 0.4057 0.4654 0.3746 0.4418 0.3746 0.4418 0.3774 0.4668 0.3746 0.4654 0.3589 0.4654 0.3746 0.5081 0.3746 0.5081 0.3589 0.5202 0.3746 0.5081 0.3746 0.5202 0.3746 0.5202 0.3774 0.4668 0.3746 0.4668 0.3589 0.4654 0.3589 0.4819 0.3557 0.4819 0.3489 0.4668 0.3489 0.5081 0.3774 0.5202 0.3774 0.5202 0.3907 0.4819 0.3557 0.4668 0.3489 0.4668 0.3557 0.5081 0.3774 0.5081 0.3746 0.5202 0.3774 0.4840 0.3478 0.4712 0.3377 0.5081 0.3478 0.4654 0.3774 0.4654 0.3746 0.4418 0.3774 0.4840 0.3489 0.5081 0.3478 0.5081 0.3489 0.4668 0.3774 0.4654 0.3746 0.4654 0.3774 0.4668 0.3774 0.4668 0.3746 0.4654 0.3746 0.4840 0.3489 0.4840 0.3478 0.5081 0.3478 0.4819 0.3589 0.4668 0.3557 0.4668 0.3589 0.4819 0.3589 0.4819 0.3557 0.4668 0.3557 0.4840 0.3557 0.5081 0.3489 0.5081 0.3557 0.4840 0.3557 0.5081 0.3557 0.5081 0.3589 0.4939 0.3478 0.4668 0.3377 0.4819 0.3478 0.4840 0.3557 0.4840 0.3489 0.5081 0.3489 0.4939 0.3478 0.5186 0.3377 0.4668 0.3377 0.4939 0.3489 0.4819 0.3478 0.4819 0.3489 0.4840 0.3589 0.4840 0.3557 0.5081 0.3589 0.5081 0.3907 0.5202 0.3907 0.5081 0.4057 0.4939 0.3489 0.4939 0.3478 0.4819 0.3478 0.5081 0.3907 0.5081 0.3774 0.5202 0.3907 0.4654 0.3907 0.4417 0.4057 0.4819 0.4057 0.4654 0.3907 0.4418 0.3907 0.4417 0.4057 0.4654 0.3907 0.4654 0.3774 0.4418 0.3774 0.4712 0.3478 0.4712 0.3377 0.4840 0.3478 0.4654 0.3907 0.4418 0.3774 0.4418 0.3907 0.4712 0.3489 0.4712 0.3478 0.4840 0.3478 0.4939 0.3557 0.4819 0.3489 0.4819 0.3557 0.4939 0.3557 0.4939 0.3489 0.4819 0.3489 0.4712 0.3489 0.4840 0.3478 0.4840 0.3489 0.4668 0.3907 0.4654 0.3907 0.4819 0.4057 0.4712 0.3489 0.4840 0.3489 0.4840 0.3557 0.4668 0.3907 0.4668 0.3774 0.4654 0.3774 0.4668 0.3907 0.4654 0.3774 0.4654 0.3907 0.4712 0.3557 0.4712 0.3489 0.4840 0.3557 0.4939 0.3589 0.4819 0.3557 0.4819 0.3589 0.4712 0.3557 0.4840 0.3557 0.4840 0.3589 0.4939 0.3589 0.4939 0.3557 0.4819 0.3557 0.4819 0.3746 0.4668 0.3589 0.4668 0.3746 0.4840 0.3746 0.5081 0.3589 0.5081 0.3746 0.4819 0.3746 0.4819 0.3589 0.4668 0.3589 0.4840 0.3746 0.5081 0.3746 0.5081 0.3774 0.4840 0.3746 0.4840 0.3589 0.5081 0.3589 0.3027 0.3478 0.3027 0.3377 0.3570 0.3377 0.4712 0.3589 0.4712 0.3557 0.4840 0.3589 0.4819 0.3774 0.4668 0.3746 0.4668 0.3774 0.4819 0.3774 0.4819 0.3746 0.4668 0.3746 0.4840 0.3774 0.4840 0.3746 0.5081 0.3774 0.3027 0.3489 0.3027 0.3478 0.3570 0.3377 0.3012 0.3478 0.2472 0.3377 0.3027 0.3377 0.4939 0.3746 0.4939 0.3589 0.4819 0.3589 0.4939 0.3746 0.4819 0.3589 0.4819 0.3746 0.3012 0.3478 0.3027 0.3478 0.3027 0.3489 0.4537 0.3478 0.4712 0.3377 0.4712 0.3478 0.3012 0.3478 0.3027 0.3377 0.3027 0.3478 0.4819 0.3907 0.4668 0.3907 0.4819 0.4057 0.4537 0.3478 0.4135 0.3377 0.4712 0.3377 0.4819 0.3907 0.4668 0.3774 0.4668 0.3907 0.4537 0.3489 0.4712 0.3478 0.4712 0.3489 0.3012 0.3489 0.3012 0.3478 0.3027 0.3489 0.4819 0.3907 0.4819 0.3774 0.4668 0.3774 0.3027 0.3557 0.3027 0.3489 0.3570 0.3377 0.4939 0.3774 0.4819 0.3746 0.4819 0.3774 0.4939 0.3774 0.4939 0.3746 0.4819 0.3746 0.4537 0.3489 0.4537 0.3478 0.4712 0.3478 0.4840 0.3907 0.4840 0.3774 0.5081 0.3774 0.3012 0.3557 0.3027 0.3489 0.3027 0.3557 0.4840 0.3907 0.5081 0.4057 0.4840 0.4057 0.5186 0.3478 0.5186 0.3377 0.4939 0.3478 0.5186 0.3478 0.4939 0.3478 0.4939 0.3489 0.4840 0.3907 0.5081 0.3907 0.5081 0.4057 0.3012 0.3557 0.3012 0.3489 0.3027 0.3489 0.4840 0.3907 0.5081 0.3774 0.5081 0.3907 0.4712 0.3746 0.4712 0.3589 0.4840 0.3589 0.5186 0.3478 0.5199 0.3377 0.5186 0.3377 0.3027 0.3589 0.3012 0.3557 0.3027 0.3557 0.4712 0.3746 0.4840 0.3589 0.4840 0.3746 0.3027 0.3589 0.3027 0.3557 0.3570 0.3377 0.5186 0.3489 0.5186 0.3478 0.4939 0.3489 0.4712 0.3774 0.4840 0.3774 0.4840 0.3907 0.5186 0.3489 0.4939 0.3489 0.4939 0.3557 0.4712 0.3774 0.4712 0.3746 0.4840 0.3746 0.3012 0.3589 0.3012 0.3557 0.3027 0.3589 0.4712 0.3774 0.4840 0.3746 0.4840 0.3774 0.3027 0.3746 0.3570 0.3377 0.3570 0.4057 0.4537 0.3557 0.4712 0.3489 0.4712 0.3557 0.3027 0.3746 0.3027 0.3589 0.3570 0.3377 0.4537 0.3557 0.4537 0.3489 0.4712 0.3489 0.3012 0.3746 0.3027 0.3589 0.3027 0.3746 0.5199 0.3478 0.5199 0.3377 0.5186 0.3478 0.5199 0.3489 0.5199 0.3478 0.5186 0.3478 0.3012 0.3746 0.3012 0.3589 0.3027 0.3589 0.4537 0.3589 0.4712 0.3557 0.4712 0.3589 0.3027 0.3774 0.3012 0.3746 0.3027 0.3746 0.5199 0.3489 0.5186 0.3478 0.5186 0.3489 0.4537 0.3589 0.4537 0.3557 0.4712 0.3557 0.3027 0.3774 0.3027 0.3746 0.3570 0.4057 0.5186 0.3557 0.5199 0.3489 0.5186 0.3489 0.4712 0.3907 0.4712 0.3774 0.4840 0.3907 0.3012 0.3774 0.3012 0.3746 0.3027 0.3774 0.5186 0.3557 0.5186 0.3489 0.4939 0.3557 0.4712 0.3907 0.4840 0.3907 0.4840 0.4057 0.3027 0.3907 0.3570 0.4057 0.3012 0.4057 0.5186 0.3557 0.4939 0.3557 0.4939 0.3589 0.4712 0.3907 0.4840 0.4057 0.4537 0.4057 0.4537 0.3746 0.4712 0.3589 0.4712 0.3746 0.3027 0.3907 0.3027 0.3774 0.3570 0.4057 0.5199 0.3557 0.5199 0.3489 0.5186 0.3557 0.4537 0.3746 0.4537 0.3589 0.4712 0.3589 0.3012 0.3907 0.3027 0.3774 0.3027 0.3907 0.3012 0.3907 0.3027 0.3907 0.3012 0.4057 0.3012 0.3907 0.3012 0.3774 0.3027 0.3774 0.4939 0.3907 0.4939 0.3774 0.4819 0.3774 0.4537 0.3774 0.4712 0.3746 0.4712 0.3774 0.4939 0.3907 0.4819 0.4057 0.4940 0.4057 0.4939 0.3907 0.4819 0.3774 0.4819 0.3907 0.4537 0.3774 0.4537 0.3746 0.4712 0.3746 0.2472 0.3478 0.2472 0.3377 0.3012 0.3478 0.4939 0.3907 0.4819 0.3907 0.4819 0.4057 0.4537 0.3774 0.4712 0.3774 0.4712 0.3907 0.5186 0.3589 0.5186 0.3557 0.4939 0.3589 0.4277 0.3478 0.4135 0.3377 0.4537 0.3478 0.4277 0.3478 0.4537 0.3478 0.4537 0.3489 0.5186 0.3589 0.4939 0.3589 0.4939 0.3746 0.2472 0.3489 0.3012 0.3478 0.3012 0.3489 0.4277 0.3489 0.4277 0.3478 0.4537 0.3489 0.5199 0.3589 0.5186 0.3557 0.5186 0.3589 0.5199 0.3589 0.5199 0.3557 0.5186 0.3557 0.2472 0.3489 0.2472 0.3478 0.3012 0.3478 0.5302 0.3478 0.5199 0.3377 0.5199 0.3478 0.2454 0.3478 0.2472 0.3377 0.2472 0.3478 0.4277 0.3557 0.4537 0.3489 0.4537 0.3557 0.2454 0.3489 0.2472 0.3478 0.2472 0.3489 0.5302 0.3489 0.5199 0.3478 0.5199 0.3489 0.4277 0.3557 0.4537 0.3557 0.4537 0.3589 0.2454 0.3489 0.2454 0.3478 0.2472 0.3478 0.4277 0.3557 0.4277 0.3489 0.4537 0.3489 0.5302 0.3489 0.5302 0.3478 0.5199 0.3478 0.4537 0.3907 0.4712 0.3907 0.4537 0.4057 0.5302 0.3557 0.5199 0.3489 0.5199 0.3557 0.4537 0.3907 0.4537 0.3774 0.4712 0.3907 0.5302 0.3557 0.5302 0.3489 0.5199 0.3489 0.4277 0.3589 0.4277 0.3557 0.4537 0.3589 0.2472 0.3557 0.3012 0.3489 0.3012 0.3557 0.2472 0.3557 0.2472 0.3489 0.3012 0.3489 0.5302 0.3557 0.5199 0.3557 0.5199 0.3589 0.2454 0.3557 0.2454 0.3489 0.2472 0.3489 0.2454 0.3557 0.2472 0.3489 0.2472 0.3557 0.5186 0.3746 0.5186 0.3589 0.4939 0.3746 0.4135 0.3478 0.4135 0.3377 0.4277 0.3478 0.2472 0.3589 0.2472 0.3557 0.3012 0.3557 0.5186 0.3746 0.4939 0.3746 0.4939 0.3774 0.5302 0.3589 0.5302 0.3557 0.5199 0.3589 0.4135 0.3489 0.4277 0.3478 0.4277 0.3489 0.2472 0.3589 0.3012 0.3557 0.3012 0.3589 0.2454 0.3589 0.2454 0.3557 0.2472 0.3557 0.4135 0.3489 0.4135 0.3478 0.4277 0.3478 0.5199 0.3746 0.5199 0.3589 0.5186 0.3589 0.4135 0.3489 0.4277 0.3489 0.4277 0.3557 0.2454 0.3589 0.2472 0.3557 0.2472 0.3589 0.5199 0.3746 0.5186 0.3589 0.5186 0.3746 0.5186 0.3774 0.4939 0.3774 0.4939 0.3907 0.2472 0.3746 0.2472 0.3589 0.3012 0.3589 0.4135 0.3557 0.4135 0.3489 0.4277 0.3557 0.4277 0.3746 0.4537 0.3589 0.4537 0.3746 0.2472 0.3746 0.3012 0.3589 0.3012 0.3746 0.5186 0.3774 0.5186 0.3746 0.4939 0.3774 0.4277 0.3746 0.4537 0.3746 0.4537 0.3774 0.4277 0.3746 0.4277 0.3589 0.4537 0.3589 0.2454 0.3746 0.2454 0.3589 0.2472 0.3589 0.5199 0.3774 0.5199 0.3746 0.5186 0.3746 0.2454 0.3746 0.2472 0.3589 0.2472 0.3746 0.5199 0.3774 0.5186 0.3746 0.5186 0.3774 0.5437 0.3478 0.5199 0.3377 0.5302 0.3478 0.4049 0.3478 0.4135 0.3377 0.4135 0.3478 0.2472 0.3774 0.2454 0.3746 0.2472 0.3746 0.5437 0.3478 0.5302 0.3478 0.5302 0.3489 0.2472 0.3774 0.2472 0.3746 0.3012 0.3746 0.2472 0.3774 0.3012 0.3746 0.3012 0.3774 0.5437 0.3478 0.5655 0.3377 0.5199 0.3377 0.4135 0.3589 0.4277 0.3557 0.4277 0.3589 0.2454 0.3774 0.2454 0.3746 0.2472 0.3774 0.4135 0.3589 0.4135 0.3557 0.4277 0.3557 0.5437 0.3489 0.5302 0.3489 0.5302 0.3557 0.2472 0.3907 0.3012 0.4057 0.2454 0.4057 0.5437 0.3489 0.5437 0.3478 0.5302 0.3489 0.2472 0.3907 0.3012 0.3907 0.3012 0.4057 0.2472 0.3907 0.2472 0.3774 0.3012 0.3774 0.5302 0.3746 0.5302 0.3589 0.5199 0.3589 0.5302 0.3746 0.5199 0.3589 0.5199 0.3746 0.4277 0.3774 0.4277 0.3746 0.4537 0.3774 0.2472 0.3907 0.3012 0.3774 0.3012 0.3907 0.2454 0.3907 0.2472 0.3907 0.2454 0.4057 0.5302 0.3746 0.5199 0.3746 0.5199 0.3774 0.2454 0.3907 0.2454 0.4057 0.1966 0.4057 0.2454 0.3907 0.2472 0.3774 0.2472 0.3907 0.4049 0.3489 0.4135 0.3478 0.4135 0.3489 0.2454 0.3907 0.2454 0.3774 0.2472 0.3774 0.5186 0.3907 0.4939 0.3907 0.4940 0.4057 0.4049 0.3489 0.4049 0.3478 0.4135 0.3478 0.1966 0.3478 0.1942 0.3377 0.2472 0.3377 0.5186 0.3907 0.5186 0.3774 0.4939 0.3907 0.1966 0.3478 0.2472 0.3377 0.2454 0.3478 0.5186 0.3907 0.4940 0.4057 0.5302 0.4057 0.1966 0.3478 0.2454 0.3478 0.2454 0.3489 0.4049 0.3557 0.4135 0.3489 0.4135 0.3557 0.5437 0.3557 0.5302 0.3557 0.5302 0.3589 0.4049 0.3557 0.4049 0.3489 0.4135 0.3489 0.5437 0.3557 0.5437 0.3489 0.5302 0.3557 0.5199 0.3907 0.5186 0.3907 0.5302 0.4057 0.4049 0.3589 0.4135 0.3557 0.4135 0.3589 0.5199 0.3907 0.5199 0.3774 0.5186 0.3774 0.5199 0.3907 0.5186 0.3774 0.5186 0.3907 0.4049 0.3589 0.4049 0.3557 0.4135 0.3557 0.4277 0.3907 0.4537 0.3907 0.4537 0.4057 0.1966 0.3489 0.1966 0.3478 0.2454 0.3489 0.5302 0.3774 0.5302 0.3746 0.5199 0.3774 0.4277 0.3907 0.4537 0.4057 0.4277 0.4057 0.1966 0.3489 0.2454 0.3489 0.2454 0.3557 0.4277 0.3907 0.4537 0.3774 0.4537 0.3907 0.4277 0.3907 0.4277 0.3774 0.4537 0.3774 0.1942 0.3478 0.1942 0.3377 0.1966 0.3478 0.4135 0.3746 0.4135 0.3589 0.4277 0.3589 0.4135 0.3746 0.4277 0.3589 0.4277 0.3746 0.5437 0.3589 0.5302 0.3589 0.5302 0.3746 0.1942 0.3489 0.1942 0.3478 0.1966 0.3478 0.5437 0.3589 0.5437 0.3557 0.5302 0.3589 0.1942 0.3489 0.1966 0.3478 0.1966 0.3489 0.5302 0.3907 0.5302 0.4057 0.5436 0.4057 0.5302 0.3907 0.5199 0.3907 0.5302 0.4057 0.5302 0.3907 0.5199 0.3774 0.5199 0.3907 0.3920 0.3478 0.3570 0.3377 0.4135 0.3377 0.1966 0.3557 0.1942 0.3489 0.1966 0.3489 0.5302 0.3907 0.5302 0.3774 0.5199 0.3774 0.3920 0.3478 0.4135 0.3377 0.4049 0.3478 0.1966 0.3557 0.1966 0.3489 0.2454 0.3557 0.5437 0.3746 0.5302 0.3746 0.5302 0.3774 0.1966 0.3557 0.2454 0.3557 0.2454 0.3589 0.3920 0.3489 0.3920 0.3478 0.4049 0.3478 0.5437 0.3746 0.5437 0.3589 0.5302 0.3746 0.3920 0.3489 0.3570 0.3377 0.3920 0.3478 0.5437 0.3774 0.5437 0.3746 0.5302 0.3774 0.3920 0.3489 0.4049 0.3478 0.4049 0.3489 0.1966 0.3589 0.1966 0.3557 0.2454 0.3589 0.5437 0.3774 0.5302 0.3774 0.5302 0.3907 0.1966 0.3589 0.2454 0.3589 0.2454 0.3746 0.5655 0.3478 0.5655 0.3377 0.5437 0.3478 0.4135 0.3774 0.4135 0.3746 0.4277 0.3746 0.1942 0.3557 0.1942 0.3489 0.1966 0.3557 0.4135 0.3774 0.4277 0.3746 0.4277 0.3774 0.3920 0.3557 0.3920 0.3489 0.4049 0.3489 0.5655 0.3478 0.5666 0.3377 0.5655 0.3377 0.3920 0.3557 0.3570 0.3377 0.3920 0.3489 0.1942 0.3589 0.1942 0.3557 0.1966 0.3557 0.3920 0.3557 0.4049 0.3489 0.4049 0.3557 0.1942 0.3589 0.1966 0.3557 0.1966 0.3589 0.5655 0.3489 0.5437 0.3478 0.5437 0.3489 0.5655 0.3489 0.5655 0.3478 0.5437 0.3478 0.4049 0.3746 0.4135 0.3589 0.4135 0.3746 0.1966 0.3746 0.2454 0.3746 0.2454 0.3774 0.1966 0.3746 0.1966 0.3589 0.2454 0.3746 0.4049 0.3746 0.4049 0.3589 0.4135 0.3589 0.1966 0.3774 0.2454 0.3774 0.2454 0.3907 0.3920 0.3589 0.3570 0.3377 0.3920 0.3557 0.5655 0.3557 0.5655 0.3489 0.5437 0.3489 0.3920 0.3589 0.3920 0.3557 0.4049 0.3557 0.1966 0.3774 0.1966 0.3746 0.2454 0.3774 0.5655 0.3557 0.5437 0.3489 0.5437 0.3557 0.3920 0.3589 0.4049 0.3557 0.4049 0.3589 0.1942 0.3746 0.1942 0.3589 0.1966 0.3589 0.4049 0.3774 0.4049 0.3746 0.4135 0.3746 0.1942 0.3746 0.1966 0.3589 0.1966 0.3746 0.5437 0.3907 0.5302 0.3907 0.5436 0.4057 0.4049 0.3774 0.4135 0.3746 0.4135 0.3774 0.1942 0.3774 0.1942 0.3746 0.1966 0.3746 0.5437 0.3907 0.5437 0.3774 0.5302 0.3907 0.4135 0.3907 0.4135 0.3774 0.4277 0.3774 0.1942 0.3774 0.1966 0.3746 0.1966 0.3774 0.4135 0.3907 0.4277 0.3907 0.4277 0.4057 0.1966 0.3907 0.1942 0.3774 0.1966 0.3774 0.5718 0.3478 0.5666 0.3377 0.5655 0.3478 0.4135 0.3907 0.4277 0.4057 0.4049 0.4057 0.1966 0.3907 0.1966 0.3774 0.2454 0.3907 0.4135 0.3907 0.4277 0.3774 0.4277 0.3907 0.1966 0.3907 0.2454 0.3907 0.1966 0.4057 0.5655 0.3589 0.5437 0.3557 0.5437 0.3589 0.4049 0.3907 0.4049 0.3774 0.4135 0.3774 0.1942 0.3907 0.1966 0.4057 0.1496 0.4057 0.1942 0.3907 0.1966 0.3907 0.1966 0.4057 0.4049 0.3907 0.4135 0.3907 0.4049 0.4057 0.1942 0.3907 0.1942 0.3774 0.1966 0.3907 0.5655 0.3589 0.5655 0.3557 0.5437 0.3557 0.4049 0.3907 0.4135 0.3774 0.4135 0.3907 0.3920 0.3746 0.4049 0.3589 0.4049 0.3746 0.1496 0.3478 0.1474 0.3377 0.1942 0.3377 0.3920 0.3746 0.3570 0.4057 0.3570 0.3377 0.5718 0.3489 0.5655 0.3478 0.5655 0.3489 0.3920 0.3746 0.3570 0.3377 0.3920 0.3589 0.5718 0.3489 0.5718 0.3478 0.5655 0.3478 0.3920 0.3746 0.3920 0.3589 0.4049 0.3589 0.3920 0.3774 0.3920 0.3746 0.4049 0.3746 0.1496 0.3478 0.1942 0.3377 0.1942 0.3478 0.3920 0.3774 0.3570 0.4057 0.3920 0.3746 0.5718 0.3557 0.5655 0.3489 0.5655 0.3557 0.3920 0.3774 0.4049 0.3746 0.4049 0.3774 0.3920 0.3907 0.3920 0.3774 0.4049 0.3774 0.5718 0.3557 0.5718 0.3489 0.5655 0.3489 0.3920 0.3907 0.4049 0.3774 0.4049 0.3907 0.1496 0.3489 0.1942 0.3478 0.1942 0.3489 0.3920 0.3907 0.4049 0.3907 0.4049 0.4057 0.3920 0.3907 0.3570 0.4057 0.3920 0.3774 0.3920 0.3907 0.4049 0.4057 0.3920 0.4057 0.1496 0.3489 0.1496 0.3478 0.1942 0.3478 0.3920 0.3907 0.3920 0.4057 0.3570 0.4057 0.5718 0.3589 0.5655 0.3557 0.5655 0.3589 0.5718 0.3589 0.5718 0.3557 0.5655 0.3557 0.1474 0.3478 0.1496 0.3478 0.1496 0.3489 0.1474 0.3478 0.1474 0.3377 0.1496 0.3478 0.5655 0.3746 0.5437 0.3589 0.5437 0.3746 0.5655 0.3746 0.5655 0.3589 0.5437 0.3589 0.1474 0.3489 0.1474 0.3478 0.1496 0.3489 0.1496 0.3557 0.1496 0.3489 0.1942 0.3489 0.5829 0.3478 0.6005 0.3377 0.5666 0.3377 0.5829 0.3478 0.5666 0.3377 0.5718 0.3478 0.1496 0.3557 0.1474 0.3489 0.1496 0.3489 0.1496 0.3557 0.1942 0.3489 0.1942 0.3557 0.5655 0.3774 0.5655 0.3746 0.5437 0.3746 0.5655 0.3774 0.5437 0.3746 0.5437 0.3774 0.1496 0.3589 0.1942 0.3557 0.1942 0.3589 0.1496 0.3589 0.1496 0.3557 0.1942 0.3557 0.5829 0.3489 0.5829 0.3478 0.5718 0.3478 0.5829 0.3489 0.5718 0.3478 0.5718 0.3489 0.5718 0.3746 0.5718 0.3589 0.5655 0.3589 0.1474 0.3557 0.1474 0.3489 0.1496 0.3557 0.1474 0.3557 0.1496 0.3557 0.1496 0.3589 0.5718 0.3746 0.5655 0.3589 0.5655 0.3746 0.1474 0.3589 0.1474 0.3557 0.1496 0.3589 0.5829 0.3557 0.5718 0.3489 0.5718 0.3557 0.1496 0.3746 0.1942 0.3589 0.1942 0.3746 0.1496 0.3746 0.1496 0.3589 0.1942 0.3589 0.5829 0.3557 0.5829 0.3489 0.5718 0.3489 0.5718 0.3774 0.5718 0.3746 0.5655 0.3746 0.1496 0.3774 0.1942 0.3746 0.1942 0.3774 0.5718 0.3774 0.5655 0.3746 0.5655 0.3774 0.1496 0.3774 0.1496 0.3746 0.1942 0.3746 0.5829 0.3589 0.5718 0.3557 0.5718 0.3589 0.1474 0.3746 0.1474 0.3589 0.1496 0.3589 0.1474 0.3746 0.1496 0.3589 0.1496 0.3746 0.5829 0.3589 0.5829 0.3557 0.5718 0.3557 0.5655 0.3907 0.5655 0.3774 0.5437 0.3774 0.1474 0.3774 0.1496 0.3746 0.1496 0.3774 0.5655 0.3907 0.5436 0.4057 0.5718 0.4057 0.1474 0.3774 0.1474 0.3746 0.1496 0.3746 0.5655 0.3907 0.5437 0.3907 0.5436 0.4057 0.5655 0.3907 0.5437 0.3774 0.5437 0.3907 0.1496 0.3907 0.1942 0.3907 0.1496 0.4057 0.5718 0.3907 0.5655 0.3774 0.5655 0.3907 0.1496 0.3907 0.1942 0.3774 0.1942 0.3907 0.5718 0.3907 0.5718 0.3774 0.5655 0.3774 0.1496 0.3907 0.1496 0.3774 0.1942 0.3774 0.5718 0.3907 0.5655 0.3907 0.5718 0.4057 0.1474 0.3907 0.1496 0.4057 0.1161 0.4057 0.5829 0.3746 0.5718 0.3589 0.5718 0.3746 0.1474 0.3907 0.1496 0.3907 0.1496 0.4057 0.1474 0.3907 0.1474 0.3774 0.1496 0.3774 0.5829 0.3746 0.5829 0.3589 0.5718 0.3589 0.1474 0.3907 0.1496 0.3774 0.1496 0.3907 0.1161 0.3478 0.1127 0.3377 0.1474 0.3377 0.1161 0.3478 0.1474 0.3377 0.1474 0.3478 0.5829 0.3774 0.5718 0.3746 0.5718 0.3774 0.1161 0.3478 0.1474 0.3478 0.1474 0.3489 0.5829 0.3774 0.5829 0.3746 0.5718 0.3746 0.6005 0.3478 0.6005 0.3377 0.5829 0.3478 0.1161 0.3489 0.1474 0.3489 0.1474 0.3557 0.1161 0.3489 0.1161 0.3478 0.1474 0.3489 0.6005 0.3478 0.6014 0.3377 0.6005 0.3377 0.6005 0.3489 0.5829 0.3478 0.5829 0.3489 0.1127 0.3478 0.1161 0.3478 0.1161 0.3489 0.1127 0.3478 0.1127 0.3377 0.1161 0.3478 0.6005 0.3489 0.6005 0.3478 0.5829 0.3478 0.1161 0.3557 0.1474 0.3557 0.1474 0.3589 0.1161 0.3557 0.1161 0.3489 0.1474 0.3557 0.6005 0.3557 0.5829 0.3489 0.5829 0.3557 0.1127 0.3489 0.1127 0.3478 0.1161 0.3489 0.6005 0.3557 0.6005 0.3489 0.5829 0.3489 0.1161 0.3589 0.1474 0.3589 0.1474 0.3746 0.5829 0.3907 0.5718 0.3774 0.5718 0.3907 0.5829 0.3907 0.5829 0.3774 0.5718 0.3774 0.1161 0.3589 0.1161 0.3557 0.1474 0.3589 0.5829 0.3907 0.5718 0.3907 0.5718 0.4057 0.5829 0.3907 0.5718 0.4057 0.5829 0.4057 0.6055 0.3478 0.6005 0.3478 0.6005 0.3489 0.6055 0.3478 0.6014 0.3377 0.6005 0.3478 0.1127 0.3557 0.1161 0.3489 0.1161 0.3557 0.1127 0.3557 0.1127 0.3489 0.1161 0.3489 0.6005 0.3589 0.5829 0.3557 0.5829 0.3589 0.1127 0.3589 0.1161 0.3557 0.1161 0.3589 0.6005 0.3589 0.6005 0.3557 0.5829 0.3557 0.1127 0.3589 0.1127 0.3557 0.1161 0.3557 0.1161 0.3746 0.1161 0.3589 0.1474 0.3746 0.1161 0.3746 0.1474 0.3746 0.1474 0.3774 0.6055 0.3489 0.6055 0.3478 0.6005 0.3489 0.1161 0.3774 0.1474 0.3774 0.1474 0.3907 0.1161 0.3774 0.1161 0.3746 0.1474 0.3774 0.6055 0.3557 0.6005 0.3489 0.6005 0.3557 0.6055 0.3557 0.6055 0.3489 0.6005 0.3489 0.1127 0.3746 0.1161 0.3589 0.1161 0.3746 0.1127 0.3746 0.1127 0.3589 0.1161 0.3589 0.1127 0.3774 0.1127 0.3746 0.1161 0.3746 0.6055 0.3589 0.6005 0.3557 0.6005 0.3589 0.6055 0.3589 0.6055 0.3557 0.6005 0.3557 0.1127 0.3774 0.1161 0.3746 0.1161 0.3774 0.1161 0.3907 0.1474 0.3907 0.1161 0.4057 0.6005 0.3746 0.5829 0.3589 0.5829 0.3746 0.1161 0.3907 0.1161 0.3774 0.1474 0.3907 0.6005 0.3746 0.6005 0.3589 0.5829 0.3589 0.1127 0.3907 0.1127 0.3774 0.1161 0.3774 0.1127 0.3907 0.1161 0.3774 0.1161 0.3907 0.6140 0.3478 0.6014 0.3377 0.6055 0.3478 0.1127 0.3907 0.1161 0.3907 0.1161 0.4057 0.1127 0.3907 0.1161 0.4057 0.0910 0.4057 0.0910 0.3478 0.0863 0.3377 0.1127 0.3377 0.6140 0.3478 0.6272 0.3377 0.6014 0.3377 0.6005 0.3774 0.5829 0.3746 0.5829 0.3774 0.0910 0.3478 0.1127 0.3377 0.1127 0.3478 0.6005 0.3774 0.6005 0.3746 0.5829 0.3746 0.6140 0.3489 0.6140 0.3478 0.6055 0.3478 0.6140 0.3489 0.6055 0.3478 0.6055 0.3489 0.0910 0.3489 0.0910 0.3478 0.1127 0.3478 0.0910 0.3489 0.1127 0.3478 0.1127 0.3489 0.6055 0.3746 0.6055 0.3589 0.6005 0.3589 0.6055 0.3746 0.6005 0.3589 0.6005 0.3746 0.0910 0.3557 0.0910 0.3489 0.1127 0.3489 0.0910 0.3557 0.1127 0.3489 0.1127 0.3557 0.0910 0.3557 0.1127 0.3557 0.1127 0.3589 0.6140 0.3557 0.6055 0.3489 0.6055 0.3557 0.0910 0.3589 0.0910 0.3557 0.1127 0.3589 0.6140 0.3557 0.6140 0.3489 0.6055 0.3489 0.6055 0.3774 0.6005 0.3746 0.6005 0.3774 0.6055 0.3774 0.6055 0.3746 0.6005 0.3746 0.0863 0.3478 0.0863 0.3377 0.0910 0.3478 0.0863 0.3489 0.0910 0.3489 0.0910 0.3557 0.6140 0.3589 0.6055 0.3557 0.6055 0.3589 0.6140 0.3589 0.6140 0.3557 0.6055 0.3557 0.0863 0.3489 0.0863 0.3478 0.0910 0.3478 0.0863 0.3489 0.0910 0.3478 0.0910 0.3489 0.6005 0.3907 0.5829 0.3774 0.5829 0.3907 0.6005 0.3907 0.5829 0.4057 0.6055 0.4057 0.6005 0.3907 0.6005 0.3774 0.5829 0.3774 0.6005 0.3907 0.5829 0.3907 0.5829 0.4057 0.0863 0.3557 0.0863 0.3489 0.0910 0.3557 0.0863 0.3589 0.0910 0.3557 0.0910 0.3589 0.6055 0.3907 0.6055 0.3774 0.6005 0.3774 0.0863 0.3589 0.0863 0.3557 0.0910 0.3557 0.6055 0.3907 0.6005 0.3907 0.6055 0.4057 0.6055 0.3907 0.6005 0.3774 0.6005 0.3907 0.0910 0.3746 0.0910 0.3589 0.1127 0.3589 0.6140 0.3746 0.6055 0.3589 0.6055 0.3746 0.0910 0.3746 0.1127 0.3589 0.1127 0.3746 0.6140 0.3746 0.6140 0.3589 0.6055 0.3589 0.0910 0.3774 0.0910 0.3746 0.1127 0.3746 0.6140 0.3774 0.6140 0.3746 0.6055 0.3746 0.6140 0.3774 0.6055 0.3746 0.6055 0.3774 0.0910 0.3774 0.1127 0.3746 0.1127 0.3774 0.0863 0.3746 0.0910 0.3589 0.0910 0.3746 0.0863 0.3746 0.0769 0.3746 0.0863 0.3589 0.0863 0.3746 0.0863 0.3589 0.0910 0.3589 0.6272 0.3478 0.6272 0.3377 0.6140 0.3478 0.0910 0.3907 0.1127 0.3907 0.0910 0.4057 0.6272 0.3478 0.6278 0.3377 0.6272 0.3377 0.0910 0.3907 0.0910 0.3774 0.1127 0.3774 0.0910 0.3907 0.1127 0.3774 0.1127 0.3907 0.0863 0.3774 0.0910 0.4057 0.0769 0.3746 0.0863 0.3774 0.0910 0.3907 0.0910 0.4057 0.0863 0.3774 0.0769 0.3746 0.0863 0.3746 0.0863 0.3774 0.0910 0.3746 0.0910 0.3774 0.6272 0.3489 0.6272 0.3478 0.6140 0.3478 0.0863 0.3774 0.0863 0.3746 0.0910 0.3746 0.0863 0.3774 0.0910 0.3774 0.0910 0.3907 0.6272 0.3489 0.6140 0.3478 0.6140 0.3489 0.0769 0.3557 0.0687 0.3377 0.0863 0.3377 0.0769 0.3557 0.0863 0.3377 0.0863 0.3478 0.0769 0.3557 0.0863 0.3478 0.0863 0.3489 0.0769 0.3557 0.0863 0.3489 0.0863 0.3557 0.6278 0.3478 0.6278 0.3377 0.6272 0.3478 0.0769 0.3557 0.0863 0.3557 0.0863 0.3589 0.0769 0.3589 0.0863 0.3589 0.0769 0.3746 0.6278 0.3478 0.6272 0.3478 0.6272 0.3489 0.0769 0.3589 0.0769 0.3557 0.0863 0.3589 0.6278 0.3489 0.6278 0.3478 0.6272 0.3489 0.0687 0.3478 0.0687 0.3377 0.0769 0.3557 0.0687 0.3489 0.0769 0.3746 0.0676 0.3557 0.6272 0.3557 0.6272 0.3489 0.6140 0.3489 0.0687 0.3489 0.0769 0.3589 0.0769 0.3746 0.0687 0.3489 0.0769 0.3557 0.0769 0.3589 0.0687 0.3489 0.0687 0.3478 0.0769 0.3557 0.6272 0.3557 0.6140 0.3489 0.6140 0.3557 0.0676 0.3478 0.0635 0.3478 0.0687 0.3377 0.0676 0.3478 0.0687 0.3377 0.0687 0.3478 0.0676 0.3478 0.0687 0.3478 0.0687 0.3489 0.6140 0.3907 0.6140 0.3774 0.6055 0.3774 0.0676 0.3489 0.0676 0.3557 0.0635 0.3478 0.0676 0.3489 0.0635 0.3478 0.0676 0.3478 0.0676 0.3489 0.0687 0.3489 0.0676 0.3557 0.6140 0.3907 0.6055 0.4057 0.6140 0.4057 0.0676 0.3489 0.0676 0.3478 0.0687 0.3489 0.0641 0.3478 0.0680 0.3377 0.0632 0.3377 0.6140 0.3907 0.6055 0.3907 0.6055 0.4057 0.0641 0.3478 0.0632 0.3377 0.0641 0.3489 0.6140 0.3907 0.6055 0.3774 0.6055 0.3907 0.0680 0.3478 0.0682 0.3377 0.0680 0.3377 0.6278 0.3557 0.6278 0.3489 0.6272 0.3489 0.6278 0.3557 0.6272 0.3489 0.6272 0.3557 0.0680 0.3478 0.0680 0.3377 0.0641 0.3478 0.0680 0.3478 0.0641 0.3478 0.0641 0.3489 0.0680 0.3489 0.0641 0.3489 0.0692 0.3589 0.0680 0.3489 0.0680 0.3478 0.0641 0.3489 0.6272 0.3589 0.6272 0.3557 0.6140 0.3557 0.0692 0.3478 0.0682 0.3377 0.0680 0.3478 0.6272 0.3589 0.6140 0.3557 0.6140 0.3589 0.0692 0.3478 0.0680 0.3478 0.0680 0.3489 0.6278 0.3589 0.6272 0.3557 0.6272 0.3589 0.6278 0.3589 0.6278 0.3557 0.6272 0.3557 0.0692 0.3489 0.0692 0.3478 0.0680 0.3489 0.0692 0.3557 0.0680 0.3489 0.0692 0.3589 0.0692 0.3557 0.0692 0.3489 0.0680 0.3489 0.6324 0.3478 0.6278 0.3377 0.6278 0.3478 0.0783 0.3478 0.0834 0.3377 0.0682 0.3377 0.6324 0.3489 0.6278 0.3478 0.6278 0.3489 0.0783 0.3478 0.0682 0.3377 0.0692 0.3478 0.0783 0.3478 0.0692 0.3478 0.0692 0.3489 0.6324 0.3489 0.6324 0.3478 0.6278 0.3478 0.6324 0.3557 0.6324 0.3489 0.6278 0.3489 0.0783 0.3489 0.0692 0.3489 0.0692 0.3557 0.0783 0.3489 0.0783 0.3478 0.0692 0.3489 0.6324 0.3557 0.6278 0.3489 0.6278 0.3557 0.0783 0.3557 0.0692 0.3557 0.0692 0.3589 0.0783 0.3557 0.0783 0.3489 0.0692 0.3557 0.6272 0.3746 0.6272 0.3589 0.6140 0.3589 0.0783 0.3589 0.0783 0.3557 0.0692 0.3589 0.6272 0.3746 0.6140 0.3589 0.6140 0.3746 0.0834 0.3478 0.0845 0.3377 0.0834 0.3377 0.6324 0.3589 0.6278 0.3557 0.6278 0.3589 0.6324 0.3589 0.6324 0.3557 0.6278 0.3557 0.0834 0.3478 0.0834 0.3377 0.0783 0.3478 0.6278 0.3746 0.6272 0.3589 0.6272 0.3746 0.6278 0.3746 0.6278 0.3589 0.6272 0.3589 0.0834 0.3489 0.0834 0.3478 0.0783 0.3478 0.6272 0.3774 0.6140 0.3746 0.6140 0.3774 0.0834 0.3489 0.0783 0.3478 0.0783 0.3489 0.6272 0.3774 0.6272 0.3746 0.6140 0.3746 0.6278 0.3774 0.6278 0.3746 0.6272 0.3746 0.0845 0.3478 0.0845 0.3377 0.0834 0.3478 0.6278 0.3774 0.6272 0.3746 0.6272 0.3774 0.0845 0.3478 0.0834 0.3478 0.0834 0.3489 0.6377 0.3478 0.6324 0.3478 0.6324 0.3489 0.6377 0.3478 0.6278 0.3377 0.6324 0.3478 0.0845 0.3489 0.0845 0.3478 0.0834 0.3489 0.6377 0.3478 0.6442 0.3377 0.6278 0.3377 0.6377 0.3489 0.6324 0.3489 0.6324 0.3557 0.0834 0.3557 0.0834 0.3489 0.0783 0.3489 0.0834 0.3557 0.0783 0.3489 0.0783 0.3557 0.6377 0.3489 0.6377 0.3478 0.6324 0.3489 0.6272 0.3907 0.6272 0.3774 0.6140 0.3774 0.6272 0.3907 0.6140 0.3907 0.6140 0.4057 0.0783 0.3746 0.0692 0.3589 0.0783 0.3774 0.6272 0.3907 0.6140 0.4057 0.6324 0.4057 0.0783 0.3746 0.0783 0.3589 0.0692 0.3589 0.6272 0.3907 0.6140 0.3774 0.6140 0.3907 0.0834 0.3589 0.0834 0.3557 0.0783 0.3557 0.6324 0.3746 0.6324 0.3589 0.6278 0.3589 0.6324 0.3746 0.6278 0.3589 0.6278 0.3746 0.6324 0.3746 0.6278 0.3746 0.6278 0.3774 0.0834 0.3589 0.0783 0.3557 0.0783 0.3589 0.0845 0.3557 0.0834 0.3489 0.0834 0.3557 0.6377 0.3557 0.6324 0.3557 0.6324 0.3589 0.0845 0.3557 0.0845 0.3489 0.0834 0.3489 0.6377 0.3557 0.6377 0.3489 0.6324 0.3557 0.0845 0.3589 0.0834 0.3557 0.0834 0.3589 0.0845 0.3589 0.0845 0.3557 0.0834 0.3557 0.6278 0.3907 0.6272 0.3774 0.6272 0.3907 0.6278 0.3907 0.6278 0.3774 0.6272 0.3774 0.6278 0.3907 0.6272 0.3907 0.6324 0.4057 0.0910 0.3478 0.0845 0.3377 0.0845 0.3478 0.6324 0.3774 0.6324 0.3746 0.6278 0.3774 0.0910 0.3478 0.1108 0.3377 0.0845 0.3377 0.0910 0.3489 0.0845 0.3478 0.0845 0.3489 0.6377 0.3589 0.6324 0.3589 0.6324 0.3746 0.6377 0.3589 0.6377 0.3557 0.6324 0.3589 0.0910 0.3489 0.0910 0.3478 0.0845 0.3478 0.6324 0.3907 0.6324 0.4057 0.6377 0.4057 0.6324 0.3907 0.6278 0.3907 0.6324 0.4057 0.6324 0.3907 0.6278 0.3774 0.6278 0.3907 0.0834 0.3746 0.0834 0.3589 0.0783 0.3589 0.6324 0.3907 0.6324 0.3774 0.6278 0.3774 0.0834 0.3746 0.0783 0.3589 0.0783 0.3746 0.6377 0.3746 0.6324 0.3746 0.6324 0.3774 0.0834 0.3774 0.0783 0.3746 0.0783 0.3774 0.6377 0.3746 0.6377 0.3589 0.6324 0.3746 0.0834 0.3774 0.0783 0.3774 0.0844 0.3907 0.0834 0.3774 0.0834 0.3746 0.0783 0.3746 0.0845 0.3746 0.0834 0.3589 0.0834 0.3746 0.6377 0.3774 0.6324 0.3774 0.6324 0.3907 0.0845 0.3746 0.0845 0.3589 0.0834 0.3589 0.6377 0.3774 0.6377 0.3746 0.6324 0.3774 0.6442 0.3478 0.6442 0.3377 0.6377 0.3478 0.0910 0.3557 0.0845 0.3489 0.0845 0.3557 0.0910 0.3557 0.0910 0.3489 0.0845 0.3489 0.0845 0.3774 0.0845 0.3746 0.0834 0.3746 0.6442 0.3489 0.6377 0.3478 0.6377 0.3489 0.0845 0.3774 0.0834 0.3746 0.0834 0.3774 0.6442 0.3489 0.6442 0.3478 0.6377 0.3478 0.0845 0.3774 0.0834 0.3774 0.0844 0.3907 0.0910 0.3589 0.0910 0.3557 0.0845 0.3557 0.0910 0.3589 0.0845 0.3557 0.0845 0.3589 0.6454 0.3478 0.6442 0.3377 0.6442 0.3478 0.6454 0.3478 0.6454 0.3377 0.6442 0.3377 0.0910 0.3746 0.0845 0.3589 0.0845 0.3746 0.6442 0.3557 0.6377 0.3489 0.6377 0.3557 0.0910 0.3746 0.0910 0.3589 0.0845 0.3589 0.6442 0.3557 0.6442 0.3489 0.6377 0.3489 0.0910 0.3774 0.0910 0.3746 0.0845 0.3746 0.6454 0.3489 0.6454 0.3478 0.6442 0.3478 0.0910 0.3774 0.0845 0.3746 0.0845 0.3774 0.6454 0.3489 0.6442 0.3478 0.6442 0.3489 0.0910 0.3907 0.0844 0.3907 0.0910 0.4057 0.0910 0.3907 0.0845 0.3774 0.0844 0.3907 0.6442 0.3589 0.6377 0.3557 0.6377 0.3589 0.0910 0.3907 0.0910 0.3774 0.0845 0.3774 0.1108 0.3478 0.1108 0.3377 0.0910 0.3478 0.6442 0.3589 0.6442 0.3557 0.6377 0.3557 0.6377 0.3907 0.6324 0.3907 0.6377 0.4057 0.6377 0.3907 0.6377 0.3774 0.6324 0.3907 0.6454 0.3557 0.6454 0.3489 0.6442 0.3489 0.1108 0.3478 0.1125 0.3377 0.1108 0.3377 0.1108 0.3489 0.0910 0.3478 0.0910 0.3489 0.1108 0.3489 0.0910 0.3489 0.0910 0.3557 0.6454 0.3557 0.6442 0.3489 0.6442 0.3557 0.6454 0.3589 0.6442 0.3557 0.6442 0.3589 0.1108 0.3489 0.1108 0.3478 0.0910 0.3478 0.6454 0.3589 0.6454 0.3557 0.6442 0.3557 0.1125 0.3478 0.1125 0.3377 0.1108 0.3478 0.1125 0.3478 0.1108 0.3478 0.1108 0.3489 0.1125 0.3489 0.1125 0.3478 0.1108 0.3489 0.6475 0.3478 0.6454 0.3377 0.6454 0.3478 0.1108 0.3557 0.0910 0.3557 0.0910 0.3589 0.6475 0.3489 0.6475 0.3478 0.6454 0.3478 0.1108 0.3557 0.1108 0.3489 0.0910 0.3557 0.6475 0.3489 0.6454 0.3478 0.6454 0.3489 0.1108 0.3589 0.1108 0.3557 0.0910 0.3589 0.6442 0.3746 0.6377 0.3589 0.6377 0.3746 0.6442 0.3746 0.6442 0.3589 0.6377 0.3589 0.1125 0.3557 0.1125 0.3489 0.1108 0.3489 0.1125 0.3557 0.1108 0.3557 0.1108 0.3589 0.1125 0.3557 0.1108 0.3489 0.1108 0.3557 0.6442 0.3774 0.6442 0.3746 0.6377 0.3746 0.6442 0.3774 0.6377 0.3746 0.6377 0.3774 0.6475 0.3557 0.6454 0.3489 0.6454 0.3557 0.1125 0.3589 0.1125 0.3557 0.1108 0.3589 0.1198 0.3478 0.1125 0.3377 0.1125 0.3478 0.6475 0.3557 0.6475 0.3489 0.6454 0.3489 0.1198 0.3478 0.1490 0.3377 0.1125 0.3377 0.6475 0.3589 0.6454 0.3557 0.6454 0.3589 0.1198 0.3489 0.1125 0.3478 0.1125 0.3489 0.1198 0.3489 0.1198 0.3478 0.1125 0.3478 0.6475 0.3589 0.6475 0.3557 0.6454 0.3557 0.6454 0.3746 0.6454 0.3589 0.6442 0.3589 0.1198 0.3557 0.1125 0.3489 0.1125 0.3557 0.6454 0.3746 0.6442 0.3589 0.6442 0.3746 0.1198 0.3557 0.1198 0.3489 0.1125 0.3489 0.6454 0.3774 0.6442 0.3746 0.6442 0.3774 0.1108 0.3746 0.1108 0.3589 0.0910 0.3589 0.6454 0.3774 0.6454 0.3746 0.6442 0.3746 0.1108 0.3746 0.0910 0.3589 0.0910 0.3746 0.6442 0.3907 0.6377 0.3907 0.6377 0.4057 0.6442 0.3907 0.6377 0.3774 0.6377 0.3907 0.6442 0.3907 0.6442 0.3774 0.6377 0.3774 0.6442 0.3907 0.6377 0.4057 0.6475 0.4057 0.1198 0.3589 0.1125 0.3557 0.1125 0.3589 0.6495 0.3478 0.6454 0.3377 0.6475 0.3478 0.1198 0.3589 0.1198 0.3557 0.1125 0.3557 0.6495 0.3478 0.6508 0.3377 0.6454 0.3377 0.1108 0.3774 0.0910 0.3746 0.0910 0.3774 0.6495 0.3489 0.6475 0.3478 0.6475 0.3489 0.1108 0.3774 0.1108 0.3746 0.0910 0.3746 0.6495 0.3489 0.6495 0.3478 0.6475 0.3478 0.1125 0.3746 0.1108 0.3589 0.1108 0.3746 0.1125 0.3746 0.1125 0.3589 0.1108 0.3589 0.6475 0.3746 0.6475 0.3589 0.6454 0.3589 0.1125 0.3746 0.1108 0.3746 0.1108 0.3774 0.6475 0.3746 0.6454 0.3589 0.6454 0.3746 0.6475 0.3746 0.6454 0.3746 0.6454 0.3774 0.1125 0.3774 0.1125 0.3746 0.1108 0.3774 0.6454 0.3907 0.6454 0.3774 0.6442 0.3774 0.6454 0.3907 0.6442 0.3774 0.6442 0.3907 0.1108 0.3907 0.0910 0.4057 0.1198 0.4057 0.6454 0.3907 0.6442 0.3907 0.6475 0.4057 0.1108 0.3907 0.0910 0.3907 0.0910 0.4057 0.1108 0.3907 0.0910 0.3774 0.0910 0.3907 0.1108 0.3907 0.1108 0.3774 0.0910 0.3774 0.6495 0.3557 0.6475 0.3489 0.6475 0.3557 0.1198 0.3746 0.1125 0.3589 0.1125 0.3746 0.6495 0.3557 0.6495 0.3489 0.6475 0.3489 0.1198 0.3746 0.1198 0.3589 0.1125 0.3589 0.1125 0.3907 0.1125 0.3774 0.1108 0.3774 0.1125 0.3907 0.1108 0.3907 0.1198 0.4057 0.6475 0.3774 0.6475 0.3746 0.6454 0.3774 0.1125 0.3907 0.1108 0.3774 0.1108 0.3907 0.1198 0.3774 0.1125 0.3746 0.1125 0.3774 0.6495 0.3589 0.6495 0.3557 0.6475 0.3557 0.1198 0.3774 0.1198 0.3746 0.1125 0.3746 0.1198 0.3907 0.1125 0.3907 0.1198 0.4057 0.6495 0.3589 0.6475 0.3557 0.6475 0.3589 0.6475 0.3907 0.6454 0.3774 0.6454 0.3907 0.1198 0.3907 0.1125 0.3774 0.1125 0.3907 0.6475 0.3907 0.6454 0.3907 0.6475 0.4057 0.1198 0.3907 0.1198 0.3774 0.1125 0.3774 0.6475 0.3907 0.6475 0.3774 0.6454 0.3774 0.6495 0.3746 0.6475 0.3589 0.6475 0.3746 0.6495 0.3746 0.6495 0.3589 0.6475 0.3589 0.1490 0.3478 0.1490 0.3377 0.1198 0.3478 0.1490 0.3478 0.1198 0.3478 0.1198 0.3489 0.6508 0.3478 0.6508 0.3377 0.6495 0.3478 0.1490 0.3489 0.1490 0.3478 0.1198 0.3489 0.1490 0.3489 0.1198 0.3489 0.1198 0.3557 0.1511 0.3478 0.1490 0.3377 0.1490 0.3478 0.1511 0.3478 0.1490 0.3478 0.1490 0.3489 0.6495 0.3774 0.6475 0.3746 0.6475 0.3774 0.6495 0.3774 0.6495 0.3746 0.6475 0.3746 0.1511 0.3478 0.1511 0.3377 0.1490 0.3377 0.1511 0.3489 0.1511 0.3478 0.1490 0.3489 0.6508 0.3489 0.6495 0.3478 0.6495 0.3489 0.1490 0.3557 0.1490 0.3489 0.1198 0.3557 0.6508 0.3489 0.6508 0.3478 0.6495 0.3478 0.6509 0.3478 0.6508 0.3377 0.6508 0.3478 0.6509 0.3478 0.6509 0.3377 0.6508 0.3377 0.1490 0.3589 0.1490 0.3557 0.1198 0.3557 0.6509 0.3478 0.6508 0.3478 0.6508 0.3489 0.1490 0.3589 0.1198 0.3557 0.1198 0.3589 0.6508 0.3557 0.6495 0.3557 0.6495 0.3589 0.1511 0.3557 0.1490 0.3489 0.1490 0.3557 0.1511 0.3557 0.1511 0.3489 0.1490 0.3489 0.6508 0.3557 0.6495 0.3489 0.6495 0.3557 0.1511 0.3557 0.1490 0.3557 0.1490 0.3589 0.6508 0.3557 0.6508 0.3489 0.6495 0.3489 0.1511 0.3589 0.1511 0.3557 0.1490 0.3589 0.6509 0.3489 0.6509 0.3478 0.6508 0.3489 0.1596 0.3478 0.1511 0.3478 0.1511 0.3489 0.1596 0.3478 0.1511 0.3377 0.1511 0.3478 0.6508 0.3589 0.6508 0.3557 0.6495 0.3589 0.1596 0.3478 0.1914 0.3377 0.1511 0.3377 0.1596 0.3489 0.1511 0.3489 0.1511 0.3557 0.1596 0.3489 0.1596 0.3478 0.1511 0.3489 0.6495 0.3907 0.6475 0.4057 0.6495 0.4057 0.6495 0.3907 0.6475 0.3907 0.6475 0.4057 0.6495 0.3907 0.6475 0.3774 0.6475 0.3907 0.1596 0.3557 0.1511 0.3557 0.1511 0.3589 0.6495 0.3907 0.6495 0.3774 0.6475 0.3774 0.1596 0.3557 0.1596 0.3489 0.1511 0.3557 0.1490 0.3746 0.1198 0.3589 0.1198 0.3746 0.6509 0.3557 0.6508 0.3489 0.6508 0.3557 0.6509 0.3557 0.6509 0.3489 0.6508 0.3489 0.1490 0.3746 0.1490 0.3589 0.1198 0.3589 0.6508 0.3478 0.6509 0.3377 0.6509 0.3478 0.6508 0.3478 0.6509 0.3478 0.6509 0.3489 0.1596 0.3589 0.1596 0.3557 0.1511 0.3589 0.1490 0.3774 0.1198 0.3746 0.1198 0.3774 0.6509 0.3589 0.6508 0.3557 0.6508 0.3589 0.6509 0.3589 0.6509 0.3557 0.6508 0.3557 0.1490 0.3774 0.1490 0.3746 0.1198 0.3746 0.1511 0.3746 0.1511 0.3589 0.1490 0.3589 0.6508 0.3489 0.6509 0.3489 0.6509 0.3557 0.6508 0.3489 0.6508 0.3478 0.6509 0.3489 0.1511 0.3746 0.1490 0.3589 0.1490 0.3746 0.6508 0.3557 0.6508 0.3489 0.6509 0.3557 0.1511 0.3746 0.1490 0.3746 0.1490 0.3774 0.1511 0.3774 0.1511 0.3746 0.1490 0.3774 0.6508 0.3557 0.6509 0.3557 0.6509 0.3589 0.1490 0.3907 0.1490 0.3774 0.1198 0.3774 0.1490 0.3907 0.1198 0.3907 0.1198 0.4057 0.1490 0.3907 0.1198 0.3774 0.1198 0.3907 0.1490 0.3907 0.1198 0.4057 0.1596 0.4057 0.6505 0.3478 0.6461 0.3377 0.6509 0.3377 0.6505 0.3478 0.6509 0.3377 0.6508 0.3478 0.1490 0.3907 0.1511 0.3774 0.1490 0.3774 0.6505 0.3478 0.6508 0.3478 0.6508 0.3489 0.1596 0.3746 0.1596 0.3589 0.1511 0.3589 0.6508 0.3746 0.6495 0.3589 0.6495 0.3746 0.1596 0.3746 0.1511 0.3589 0.1511 0.3746 0.1596 0.3746 0.1511 0.3746 0.1511 0.3774 0.6508 0.3746 0.6495 0.3746 0.6495 0.3774 0.6508 0.3746 0.6508 0.3589 0.6495 0.3589 0.1596 0.3774 0.1596 0.3746 0.1511 0.3774 0.6505 0.3489 0.6508 0.3489 0.6508 0.3557 0.1511 0.3907 0.1490 0.3907 0.1596 0.4057 0.1511 0.3907 0.1511 0.3774 0.1490 0.3907 0.6505 0.3489 0.6505 0.3478 0.6508 0.3489 0.6508 0.3589 0.6508 0.3557 0.6509 0.3589 0.1596 0.3907 0.1596 0.3774 0.1511 0.3774 0.1596 0.3907 0.1511 0.3907 0.1596 0.4057 0.1596 0.3907 0.1511 0.3774 0.1511 0.3907 0.1914 0.3478 0.1596 0.3478 0.1596 0.3489 0.6508 0.3774 0.6508 0.3746 0.6495 0.3774 0.1914 0.3478 0.1914 0.3377 0.1596 0.3478 0.6508 0.3774 0.6495 0.3774 0.6495 0.3907 0.6509 0.3746 0.6508 0.3589 0.6508 0.3746 0.1914 0.3489 0.1914 0.3478 0.1596 0.3489 0.1914 0.3489 0.1596 0.3489 0.1596 0.3557 0.6509 0.3746 0.6508 0.3746 0.6508 0.3774 0.6509 0.3746 0.6509 0.3589 0.6508 0.3589 0.6505 0.3557 0.6505 0.3489 0.6508 0.3557 0.1939 0.3478 0.1914 0.3377 0.1914 0.3478 0.6505 0.3557 0.6508 0.3557 0.6508 0.3589 0.6509 0.3774 0.6509 0.3746 0.6508 0.3774 0.1939 0.3478 0.1939 0.3377 0.1914 0.3377 0.1939 0.3489 0.1914 0.3478 0.1914 0.3489 0.1939 0.3489 0.1939 0.3478 0.1914 0.3478 0.6505 0.3589 0.6505 0.3557 0.6508 0.3589 0.1914 0.3557 0.1914 0.3489 0.1596 0.3557 0.1914 0.3557 0.1596 0.3557 0.1596 0.3589 0.6508 0.3907 0.6509 0.3774 0.6508 0.3774 0.6508 0.3907 0.6508 0.3774 0.6495 0.3907 0.6508 0.3907 0.6495 0.3907 0.6495 0.4057 0.1914 0.3589 0.1596 0.3589 0.1596 0.3746 0.6508 0.3907 0.6495 0.4057 0.6508 0.4057 0.6508 0.3746 0.6508 0.3589 0.6509 0.3589 0.6508 0.3746 0.6509 0.3746 0.6509 0.3774 0.1914 0.3589 0.1914 0.3557 0.1596 0.3589 0.6508 0.3746 0.6509 0.3589 0.6509 0.3746 0.1939 0.3557 0.1914 0.3489 0.1914 0.3557 0.6508 0.3774 0.6508 0.3746 0.6509 0.3774 0.1939 0.3557 0.1939 0.3489 0.1914 0.3489 0.1939 0.3589 0.1939 0.3557 0.1914 0.3557 0.6509 0.3907 0.6509 0.3774 0.6508 0.3907 0.6509 0.3907 0.6508 0.3907 0.6508 0.4057 0.1939 0.3589 0.1914 0.3557 0.1914 0.3589 0.6505 0.3746 0.6505 0.3589 0.6508 0.3589 0.2040 0.3478 0.1939 0.3377 0.1939 0.3478 0.6505 0.3746 0.6508 0.3589 0.6508 0.3746 0.2040 0.3478 0.2400 0.3377 0.1939 0.3377 0.2040 0.3489 0.1939 0.3489 0.1939 0.3557 0.6505 0.3746 0.6508 0.3746 0.6508 0.3774 0.2040 0.3489 0.2040 0.3478 0.1939 0.3478 0.6505 0.3774 0.6505 0.3746 0.6508 0.3774 0.2040 0.3489 0.1939 0.3478 0.1939 0.3489 0.6508 0.3907 0.6508 0.3774 0.6509 0.3774 0.6508 0.3907 0.6509 0.3774 0.6509 0.3907 0.6508 0.3907 0.6509 0.3907 0.6508 0.4057 0.6508 0.3907 0.6505 0.3774 0.6508 0.3774 0.2040 0.3557 0.2040 0.3489 0.1939 0.3557 0.6508 0.3907 0.6508 0.4057 0.6505 0.4057 0.6478 0.3478 0.6461 0.3377 0.6505 0.3478 0.1914 0.3746 0.1914 0.3589 0.1596 0.3746 0.1914 0.3746 0.1596 0.3746 0.1596 0.3774 0.2040 0.3589 0.2040 0.3557 0.1939 0.3557 0.6478 0.3489 0.6505 0.3478 0.6505 0.3489 0.2040 0.3589 0.1939 0.3557 0.1939 0.3589 0.6478 0.3489 0.6478 0.3478 0.6505 0.3478 0.1914 0.3774 0.1914 0.3746 0.1596 0.3774 0.1914 0.3774 0.1596 0.3774 0.1596 0.3907 0.1939 0.3746 0.1939 0.3589 0.1914 0.3589 0.1939 0.3746 0.1914 0.3589 0.1914 0.3746 0.6505 0.3907 0.6505 0.3774 0.6508 0.3907 0.6505 0.3907 0.6508 0.3907 0.6505 0.4057 0.6478 0.3557 0.6505 0.3489 0.6505 0.3557 0.1939 0.3774 0.1914 0.3746 0.1914 0.3774 0.1939 0.3774 0.1939 0.3746 0.1914 0.3746 0.6478 0.3557 0.6478 0.3489 0.6505 0.3489 0.1914 0.3907 0.1914 0.3774 0.1596 0.3907 0.6478 0.3589 0.6505 0.3557 0.6505 0.3589 0.1914 0.3907 0.1596 0.4057 0.2040 0.4057 0.1914 0.3907 0.1939 0.3774 0.1914 0.3774 0.1914 0.3907 0.1596 0.3907 0.1596 0.4057 0.2040 0.3746 0.2040 0.3589 0.1939 0.3589 0.6478 0.3589 0.6478 0.3557 0.6505 0.3557 0.6461 0.3478 0.6461 0.3377 0.6478 0.3478 0.2040 0.3746 0.1939 0.3589 0.1939 0.3746 0.6461 0.3478 0.6478 0.3478 0.6478 0.3489 0.1939 0.3907 0.1914 0.3907 0.2040 0.4057 0.1939 0.3907 0.1939 0.3774 0.1914 0.3907 0.6461 0.3489 0.6478 0.3489 0.6478 0.3557 0.2040 0.3774 0.1939 0.3746 0.1939 0.3774 0.2040 0.3774 0.2040 0.3746 0.1939 0.3746 0.6461 0.3489 0.6461 0.3478 0.6478 0.3489 0.2040 0.3907 0.1939 0.3907 0.2040 0.4057 0.6458 0.3478 0.6461 0.3377 0.6461 0.3478 0.2040 0.3907 0.1939 0.3774 0.1939 0.3907 0.2040 0.3907 0.2040 0.3774 0.1939 0.3774 0.6458 0.3478 0.6458 0.3377 0.6461 0.3377 0.2400 0.3478 0.2400 0.3377 0.2040 0.3478 0.6458 0.3478 0.6461 0.3478 0.6461 0.3489 0.6458 0.3489 0.6458 0.3478 0.6461 0.3489 0.2400 0.3478 0.2428 0.3377 0.2400 0.3377 0.6461 0.3557 0.6478 0.3557 0.6478 0.3589 0.2400 0.3489 0.2040 0.3478 0.2040 0.3489 0.6461 0.3557 0.6461 0.3489 0.6478 0.3557 0.2400 0.3489 0.2400 0.3478 0.2040 0.3478 0.6458 0.3557 0.6458 0.3489 0.6461 0.3489 0.2428 0.3478 0.2428 0.3377 0.2400 0.3478 0.6458 0.3557 0.6461 0.3489 0.6461 0.3557 0.6461 0.3589 0.6461 0.3557 0.6478 0.3589 0.2428 0.3489 0.2428 0.3478 0.2400 0.3478 0.2428 0.3489 0.2400 0.3478 0.2400 0.3489 0.6458 0.3589 0.6458 0.3557 0.6461 0.3557 0.2400 0.3557 0.2040 0.3489 0.2040 0.3557 0.6458 0.3589 0.6461 0.3557 0.6461 0.3589 0.6478 0.3746 0.6505 0.3589 0.6505 0.3746 0.2400 0.3557 0.2400 0.3489 0.2040 0.3489 0.6478 0.3746 0.6478 0.3589 0.6505 0.3589 0.2400 0.3589 0.2400 0.3557 0.2040 0.3557 0.6478 0.3774 0.6505 0.3746 0.6505 0.3774 0.2400 0.3589 0.2040 0.3557 0.2040 0.3589 0.6478 0.3774 0.6478 0.3746 0.6505 0.3746 0.2428 0.3557 0.2428 0.3489 0.2400 0.3489 0.6414 0.3478 0.6296 0.3377 0.6458 0.3377 0.2428 0.3557 0.2400 0.3489 0.2400 0.3557 0.6414 0.3478 0.6458 0.3377 0.6458 0.3478 0.2428 0.3589 0.2400 0.3557 0.2400 0.3589 0.2428 0.3589 0.2428 0.3557 0.2400 0.3557 0.6461 0.3746 0.6478 0.3589 0.6478 0.3746 0.2534 0.3478 0.2428 0.3377 0.2428 0.3478 0.2534 0.3478 0.2428 0.3478 0.2428 0.3489 0.6461 0.3746 0.6461 0.3589 0.6478 0.3589 0.6461 0.3746 0.6478 0.3746 0.6478 0.3774 0.2534 0.3478 0.2934 0.3377 0.2428 0.3377 0.2534 0.3489 0.2534 0.3478 0.2428 0.3489 0.2534 0.3489 0.2428 0.3489 0.2428 0.3557 0.6414 0.3489 0.6458 0.3478 0.6458 0.3489 0.2534 0.3557 0.2534 0.3489 0.2428 0.3557 0.6414 0.3489 0.6414 0.3478 0.6458 0.3478 0.6458 0.3746 0.6461 0.3589 0.6461 0.3746 0.2534 0.3557 0.2428 0.3557 0.2428 0.3589 0.2400 0.3746 0.2040 0.3589 0.2040 0.3746 0.6458 0.3746 0.6458 0.3589 0.6461 0.3589 0.6461 0.3774 0.6461 0.3746 0.6478 0.3774 0.2400 0.3746 0.2400 0.3589 0.2040 0.3589 0.6478 0.3907 0.6505 0.4057 0.6477 0.4057 0.6478 0.3907 0.6505 0.3907 0.6505 0.4057 0.2534 0.3589 0.2534 0.3557 0.2428 0.3589 0.6478 0.3907 0.6505 0.3774 0.6505 0.3907 0.6478 0.3907 0.6478 0.3774 0.6505 0.3774 0.6458 0.3774 0.6458 0.3746 0.6461 0.3746 0.2400 0.3774 0.2040 0.3746 0.2040 0.3774 0.6458 0.3774 0.6461 0.3746 0.6461 0.3774 0.2400 0.3774 0.2400 0.3746 0.2040 0.3746 0.6414 0.3557 0.6414 0.3489 0.6458 0.3489 0.2428 0.3746 0.2428 0.3589 0.2400 0.3589 0.2428 0.3746 0.2400 0.3589 0.2400 0.3746 0.6414 0.3557 0.6458 0.3489 0.6458 0.3557 0.2428 0.3774 0.2400 0.3746 0.2400 0.3774 0.2428 0.3774 0.2428 0.3746 0.2400 0.3746 0.6414 0.3589 0.6414 0.3557 0.6458 0.3557 0.2400 0.3907 0.2040 0.4057 0.2534 0.4057 0.2400 0.3907 0.2040 0.3907 0.2040 0.4057 0.2400 0.3907 0.2040 0.3774 0.2040 0.3907 0.6414 0.3589 0.6458 0.3557 0.6458 0.3589 0.2400 0.3907 0.2400 0.3774 0.2040 0.3774 0.6461 0.3907 0.6461 0.3774 0.6478 0.3774 0.6461 0.3907 0.6478 0.3907 0.6477 0.4057 0.2534 0.3746 0.2428 0.3589 0.2428 0.3746 0.2534 0.3746 0.2534 0.3589 0.2428 0.3589 0.6461 0.3907 0.6478 0.3774 0.6478 0.3907 0.6458 0.3907 0.6461 0.3774 0.6461 0.3907 0.2534 0.3746 0.2428 0.3746 0.2428 0.3774 0.6458 0.3907 0.6458 0.3774 0.6461 0.3774 0.6458 0.3907 0.6461 0.3907 0.6477 0.4057 0.2428 0.3907 0.2400 0.3907 0.2534 0.4057 0.6458 0.3907 0.6477 0.4057 0.6414 0.4057 0.6414 0.3746 0.6458 0.3589 0.6458 0.3746 0.2428 0.3907 0.2428 0.3774 0.2400 0.3774 0.2428 0.3907 0.2400 0.3774 0.2400 0.3907 0.6414 0.3746 0.6414 0.3589 0.6458 0.3589 0.2534 0.3774 0.2534 0.3746 0.2428 0.3774 0.6414 0.3774 0.6458 0.3746 0.6458 0.3774 0.2534 0.3774 0.2428 0.3774 0.2428 0.3907 0.6414 0.3774 0.6458 0.3774 0.6458 0.3907 0.2534 0.3907 0.2534 0.3774 0.2428 0.3907 0.2534 0.3907 0.2428 0.3907 0.2534 0.4057 0.6414 0.3774 0.6414 0.3746 0.6458 0.3746 0.2934 0.3478 0.2534 0.3478 0.2534 0.3489 0.2934 0.3478 0.2934 0.3377 0.2534 0.3478 0.6342 0.3478 0.6296 0.3377 0.6414 0.3478 0.6342 0.3489 0.6414 0.3478 0.6414 0.3489 0.6342 0.3489 0.6342 0.3478 0.6414 0.3478 0.2934 0.3489 0.2934 0.3478 0.2534 0.3489 0.6342 0.3557 0.6414 0.3489 0.6414 0.3557 0.2934 0.3557 0.2934 0.3489 0.2534 0.3489 0.6342 0.3557 0.6342 0.3489 0.6414 0.3489 0.2934 0.3557 0.2534 0.3489 0.2534 0.3557 0.6342 0.3589 0.6414 0.3557 0.6414 0.3589 0.6342 0.3589 0.6342 0.3557 0.6414 0.3557 0.3005 0.3478 0.3005 0.3377 0.2934 0.3377 0.3005 0.3478 0.2934 0.3377 0.2934 0.3478 0.3005 0.3489 0.2934 0.3478 0.2934 0.3489 0.6414 0.3907 0.6414 0.3774 0.6458 0.3907 0.6414 0.3907 0.6458 0.3907 0.6414 0.4057 0.3005 0.3489 0.3005 0.3478 0.2934 0.3478 0.6296 0.3478 0.6342 0.3478 0.6342 0.3489 0.6296 0.3478 0.6296 0.3377 0.6342 0.3478 0.2934 0.3589 0.2934 0.3557 0.2534 0.3557 0.2934 0.3589 0.2534 0.3557 0.2534 0.3589 0.6296 0.3489 0.6342 0.3489 0.6342 0.3557 0.6296 0.3489 0.6296 0.3478 0.6342 0.3489 0.3005 0.3557 0.3005 0.3489 0.2934 0.3489 0.3005 0.3557 0.2934 0.3489 0.2934 0.3557 0.3005 0.3589 0.3005 0.3557 0.2934 0.3557 0.6296 0.3557 0.6342 0.3557 0.6342 0.3589 0.3005 0.3589 0.2934 0.3557 0.2934 0.3589 0.6296 0.3557 0.6296 0.3489 0.6342 0.3557 0.3118 0.3478 0.3005 0.3377 0.3005 0.3478 0.3118 0.3478 0.3005 0.3478 0.3005 0.3489 0.6296 0.3589 0.6296 0.3557 0.6342 0.3589 0.3118 0.3478 0.3497 0.3377 0.3005 0.3377 0.3118 0.3489 0.3005 0.3489 0.3005 0.3557 0.3118 0.3489 0.3118 0.3478 0.3005 0.3489 0.6342 0.3746 0.6414 0.3589 0.6414 0.3746 0.6342 0.3746 0.6342 0.3589 0.6414 0.3589 0.2934 0.3746 0.2934 0.3589 0.2534 0.3589 0.6342 0.3774 0.6342 0.3746 0.6414 0.3746 0.6342 0.3774 0.6414 0.3746 0.6414 0.3774 0.2934 0.3746 0.2534 0.3589 0.2534 0.3746 0.2934 0.3774 0.2534 0.3746 0.2534 0.3774 0.6221 0.3478 0.6296 0.3377 0.6296 0.3478 0.2934 0.3774 0.2934 0.3746 0.2534 0.3746 0.6221 0.3478 0.6016 0.3377 0.6296 0.3377 0.3118 0.3557 0.3005 0.3557 0.3005 0.3589 0.6221 0.3478 0.6296 0.3478 0.6296 0.3489 0.3118 0.3557 0.3118 0.3489 0.3005 0.3557 0.6221 0.3489 0.6221 0.3478 0.6296 0.3489 0.3118 0.3589 0.3118 0.3557 0.3005 0.3589 0.6296 0.3746 0.6342 0.3589 0.6342 0.3746 0.6296 0.3746 0.6342 0.3746 0.6342 0.3774 0.6296 0.3746 0.6296 0.3589 0.6342 0.3589 0.3005 0.3746 0.3005 0.3589 0.2934 0.3589 0.6342 0.3907 0.6414 0.3774 0.6414 0.3907 0.6342 0.3907 0.6414 0.4057 0.6342 0.4057 0.3005 0.3746 0.2934 0.3589 0.2934 0.3746 0.6342 0.3907 0.6414 0.3907 0.6414 0.4057 0.6342 0.3907 0.6342 0.3774 0.6414 0.3774 0.3005 0.3774 0.2934 0.3746 0.2934 0.3774 0.3005 0.3774 0.3005 0.3746 0.2934 0.3746 0.2934 0.3907 0.2534 0.3774 0.2534 0.3907 0.6221 0.3557 0.6221 0.3489 0.6296 0.3489 0.2934 0.3907 0.2534 0.4057 0.3118 0.4057 0.6221 0.3557 0.6296 0.3489 0.6296 0.3557 0.2934 0.3907 0.2934 0.3774 0.2534 0.3774 0.2934 0.3907 0.2534 0.3907 0.2534 0.4057 0.6296 0.3774 0.6296 0.3746 0.6342 0.3774 0.3118 0.3746 0.3005 0.3589 0.3005 0.3746 0.3118 0.3746 0.3005 0.3746 0.3005 0.3774 0.6296 0.3774 0.6342 0.3774 0.6342 0.3907 0.3118 0.3746 0.3118 0.3589 0.3005 0.3589 0.6221 0.3589 0.6296 0.3557 0.6296 0.3589 0.3005 0.3907 0.3005 0.3774 0.2934 0.3774 0.6221 0.3589 0.6221 0.3557 0.6296 0.3557 0.3005 0.3907 0.2934 0.3907 0.3118 0.4057 0.3005 0.3907 0.2934 0.3774 0.2934 0.3907 0.4074 0.4434 0.3743 0.4434 0.3786 0.4434 0.3570 0.4434 0.1673 0.4434 0.2196 0.4434 0.6130 0.4434 0.4951 0.4434 0.4924 0.4434 0.6130 0.4434 0.6178 0.4434 0.4951 0.4434 0.6120 0.4434 0.6130 0.4434 0.4924 0.4434 0.6005 0.4434 0.5969 0.4434 0.4820 0.4434 0.6120 0.4434 0.4924 0.4434 0.4895 0.4434 0.6005 0.4434 0.4820 0.4434 0.4916 0.4434 0.4336 0.4434 0.3905 0.4434 0.4074 0.4434 0.4336 0.4434 0.3920 0.4434 0.3905 0.4434 0.4348 0.4434 0.3920 0.4434 0.4336 0.4434 0.2664 0.4434 0.3570 0.4434 0.2196 0.4434 0.4348 0.4434 0.4164 0.4434 0.3920 0.4434 0.1673 0.4434 0.2237 0.4434 0.1888 0.4434 0.1673 0.4434 0.1888 0.4434 0.1784 0.4434 0.1673 0.4434 0.1784 0.4434 0.1627 0.4434 0.5948 0.4434 0.6120 0.4434 0.4895 0.4434 0.1673 0.4434 0.1627 0.4434 0.1582 0.4434 0.5948 0.4434 0.4895 0.4434 0.4807 0.4434 0.1673 0.4434 0.1582 0.4434 0.1410 0.4434 0.5929 0.4434 0.5948 0.4434 0.4807 0.4434 0.5929 0.4434 0.4807 0.4434 0.4784 0.4434 0.4825 0.4434 0.4164 0.4434 0.4348 0.4434 0.4825 0.4434 0.4179 0.4434 0.4164 0.4434 0.4839 0.4434 0.4179 0.4434 0.4825 0.4434 0.4839 0.4434 0.4408 0.4434 0.4179 0.4434 0.5652 0.4434 0.5929 0.4434 0.4784 0.4434 0.5652 0.4434 0.4784 0.4434 0.4630 0.4434 0.3570 0.4434 0.3826 0.4434 0.3412 0.4434 0.3570 0.4434 0.3412 0.4434 0.3269 0.4434 0.3570 0.4434 0.3269 0.4434 0.2896 0.4434 0.3570 0.4434 0.2896 0.4434 0.2760 0.4434 0.3570 0.4434 0.2760 0.4434 0.2360 0.4434 0.3570 0.4434 0.2360 0.4434 0.2237 0.4434 0.5624 0.4434 0.5652 0.4434 0.4630 0.4434 0.5624 0.4434 0.4630 0.4434 0.4619 0.4434 0.3570 0.4434 0.2237 0.4434 0.1673 0.4434 0.5260 0.4434 0.4408 0.4434 0.4839 0.4434 0.3886 0.4434 0.3826 0.4434 0.3570 0.4434 0.5260 0.4434 0.4421 0.4434 0.4408 0.4434 0.5295 0.4434 0.5624 0.4434 0.4619 0.4434 0.5295 0.4434 0.4421 0.4434 0.5260 0.4434 0.3886 0.4434 0.4446 0.4434 0.4348 0.4434 0.3886 0.4434 0.4348 0.4434 0.3939 0.4434 0.5295 0.4434 0.4619 0.4434 0.4421 0.4434 0.3886 0.4434 0.3939 0.4434 0.3826 0.4434 0.6139 0.4434 0.6005 0.4434 0.4916 0.4434 0.4206 0.4434 0.4446 0.4434 0.3886 0.4434 0.6151 0.4434 0.4916 0.4434 0.4950 0.4434 0.6151 0.4434 0.4950 0.4434 0.4958 0.4434 0.4206 0.4434 0.4951 0.4434 0.4874 0.4434 0.4206 0.4434 0.4874 0.4434 0.4613 0.4434 0.4206 0.4434 0.4613 0.4434 0.4446 0.4434 0.6151 0.4434 0.6139 0.4434 0.4916 0.4434 0.3220 0.4434 0.3570 0.4434 0.2664 0.4434 0.4470 0.4434 0.4951 0.4434 0.4206 0.4434 0.4470 0.4434 0.5332 0.4434 0.4951 0.4434 0.5398 0.4434 0.5332 0.4434 0.4470 0.4434 0.6193 0.4434 0.4958 0.4434 0.4961 0.4434 0.1755 0.4434 0.1673 0.4434 0.1410 0.4434 0.6193 0.4434 0.6151 0.4434 0.4958 0.4434 0.4670 0.4434 0.5398 0.4434 0.4470 0.4434 0.6192 0.4434 0.6193 0.4434 0.4961 0.4434 0.6192 0.4434 0.4961 0.4434 0.4951 0.4434 0.5711 0.4434 0.5398 0.4434 0.4670 0.4434 0.5763 0.4434 0.5711 0.4434 0.4670 0.4434 0.5763 0.4434 0.4670 0.4434 0.4820 0.4434 0.2196 0.4434 0.1673 0.4434 0.1755 0.4434 0.3786 0.4434 0.3743 0.4434 0.3735 0.4434 0.3786 0.4434 0.3735 0.4434 0.3570 0.4434 0.3786 0.4434 0.3570 0.4434 0.3220 0.4434 0.6178 0.4434 0.6192 0.4434 0.4951 0.4434 0.5969 0.4434 0.5763 0.4434 0.4820 0.4434 0.4074 0.4434 0.3905 0.4434 0.3743 0.4434 0.4083 0.3377 0.3497 0.3377 0.3570 0.3377 0.4083 0.3377 0.3005 0.3377 0.3497 0.3377 0.4113 0.3377 0.1127 0.3377 0.0863 0.3377 0.4113 0.3377 0.3005 0.3377 0.4083 0.3377 0.4113 0.3377 0.0863 0.3377 0.0834 0.3377 0.4113 0.3377 0.1914 0.3377 0.3005 0.3377 0.4113 0.3377 0.0834 0.3377 0.1490 0.3377 0.4113 0.3377 0.1490 0.3377 0.1914 0.3377 0.6454 0.3377 0.6509 0.3377 0.6461 0.3377 0.6454 0.3377 0.6508 0.3377 0.6509 0.3377 0.6442 0.3377 0.1474 0.3377 0.1127 0.3377 0.0682 0.3377 0.0632 0.3377 0.0680 0.3377 0.6442 0.3377 0.1942 0.3377 0.1474 0.3377 0.6442 0.3377 0.2472 0.3377 0.1942 0.3377 0.6442 0.3377 0.3027 0.3377 0.2472 0.3377 0.6442 0.3377 0.6454 0.3377 0.6461 0.3377 0.6442 0.3377 0.3570 0.3377 0.3027 0.3377 0.6442 0.3377 0.6461 0.3377 0.5630 0.3377 0.6442 0.3377 0.4712 0.3377 0.3570 0.3377 0.6442 0.3377 0.1127 0.3377 0.4113 0.3377 0.6442 0.3377 0.5630 0.3377 0.4712 0.3377 0.0834 0.3377 0.0687 0.3377 0.0632 0.3377 0.0834 0.3377 0.0863 0.3377 0.0687 0.3377 0.4668 0.3377 0.4113 0.3377 0.4654 0.3377 0.0834 0.3377 0.0632 0.3377 0.0682 0.3377 0.6272 0.3377 0.6278 0.3377 0.6442 0.3377 0.5186 0.3377 0.4113 0.3377 0.4668 0.3377 0.4712 0.3377 0.4135 0.3377 0.3570 0.3377 0.5199 0.3377 0.6442 0.3377 0.4113 0.3377 0.5199 0.3377 0.4113 0.3377 0.5186 0.3377 0.1108 0.3377 0.0834 0.3377 0.0845 0.3377 0.6014 0.3377 0.6272 0.3377 0.6442 0.3377 0.6005 0.3377 0.6014 0.3377 0.6442 0.3377 0.5666 0.3377 0.6442 0.3377 0.5199 0.3377 0.5666 0.3377 0.6005 0.3377 0.6442 0.3377 0.5655 0.3377 0.5666 0.3377 0.5199 0.3377 0.5630 0.3377 0.5202 0.3377 0.4712 0.3377 0.1490 0.3377 0.1108 0.3377 0.1125 0.3377 0.1490 0.3377 0.0834 0.3377 0.1108 0.3377 0.1914 0.3377 0.1490 0.3377 0.1511 0.3377 0.2428 0.3377 0.1939 0.3377 0.2400 0.3377 0.3005 0.3377 0.2428 0.3377 0.2934 0.3377 0.3005 0.3377 0.1914 0.3377 0.1939 0.3377 0.3005 0.3377 0.1939 0.3377 0.2428 0.3377 0.6461 0.3377 0.6016 0.3377 0.5630 0.3377 0.6461 0.3377 0.6296 0.3377 0.6016 0.3377 0.6461 0.3377 0.6458 0.3377 0.6296 0.3377 0.4336 0.4434 0.4277 0.4057 0.4537 0.4057 0.5763 0.4434 0.6140 0.4057 0.6055 0.4057 0.5763 0.4434 0.6055 0.4057 0.5711 0.4434 0.4336 0.4434 0.4537 0.4057 0.4348 0.4434 0.4074 0.4434 0.4049 0.4057 0.4277 0.4057 0.4074 0.4434 0.3920 0.4057 0.4049 0.4057 0.4074 0.4434 0.4277 0.4057 0.4336 0.4434 0.1380 0.4398 0.1198 0.4057 0.0910 0.4057 0.5969 0.4434 0.6324 0.4057 0.6140 0.4057 0.5969 0.4434 0.6140 0.4057 0.5763 0.4434 0.3786 0.4434 0.3570 0.4057 0.3920 0.4057 0.3786 0.4434 0.3920 0.4057 0.4074 0.4434 0.6005 0.4434 0.6377 0.4057 0.6324 0.4057 0.6005 0.4434 0.6324 0.4057 0.5969 0.4434 0.1582 0.4434 0.1198 0.4057 0.1380 0.4398 0.3220 0.4434 0.3012 0.4057 0.3570 0.4057 0.1582 0.4434 0.1380 0.4398 0.1410 0.4434 0.3220 0.4434 0.3570 0.4057 0.3786 0.4434 0.1627 0.4434 0.1198 0.4057 0.1582 0.4434 0.1627 0.4434 0.1596 0.4057 0.1198 0.4057 0.6139 0.4434 0.6475 0.4057 0.6377 0.4057 0.1784 0.4434 0.1596 0.4057 0.1627 0.4434 0.2664 0.4434 0.2454 0.4057 0.3012 0.4057 0.6139 0.4434 0.6377 0.4057 0.6005 0.4434 0.2664 0.4434 0.3012 0.4057 0.3220 0.4434 0.6151 0.4434 0.6495 0.4057 0.6475 0.4057 0.6151 0.4434 0.6475 0.4057 0.6139 0.4434 0.1888 0.4434 0.2040 0.4057 0.1596 0.4057 0.1888 0.4434 0.1596 0.4057 0.1784 0.4434 0.2196 0.4434 0.1966 0.4057 0.2454 0.4057 0.2196 0.4434 0.2454 0.4057 0.2664 0.4434 0.2237 0.4434 0.2040 0.4057 0.1888 0.4434 0.1755 0.4434 0.1496 0.4057 0.1966 0.4057 0.1755 0.4434 0.1966 0.4057 0.2196 0.4434 0.2360 0.4434 0.2534 0.4057 0.2040 0.4057 0.2360 0.4434 0.2040 0.4057 0.2237 0.4434 0.6193 0.4434 0.6508 0.4057 0.6495 0.4057 0.1380 0.4398 0.1161 0.4057 0.1496 0.4057 0.6193 0.4434 0.6495 0.4057 0.6151 0.4434 0.1380 0.4398 0.1496 0.4057 0.1755 0.4434 0.2760 0.4434 0.2534 0.4057 0.2360 0.4434 0.6192 0.4434 0.6505 0.4057 0.6508 0.4057 0.1410 0.4434 0.1380 0.4398 0.1755 0.4434 0.2896 0.4434 0.3118 0.4057 0.2534 0.4057 0.6192 0.4434 0.6508 0.4057 0.6193 0.4434 0.2896 0.4434 0.2534 0.4057 0.2760 0.4434 0.0910 0.4057 0.1161 0.4057 0.1380 0.4398 0.3269 0.4434 0.3118 0.4057 0.2896 0.4434 0.6178 0.4434 0.6505 0.4057 0.6192 0.4434 0.6178 0.4434 0.6477 0.4057 0.6505 0.4057 0.3412 0.4434 0.3715 0.4057 0.3118 0.4057 0.3412 0.4434 0.3118 0.4057 0.3269 0.4434 0.6130 0.4434 0.6477 0.4057 0.6178 0.4434 0.6130 0.4434 0.6414 0.4057 0.6477 0.4057 0.3826 0.4434 0.4076 0.4057 0.3715 0.4057 0.3826 0.4434 0.3715 0.4057 0.3412 0.4434 0.6120 0.4434 0.6414 0.4057 0.6130 0.4434 0.6120 0.4434 0.6342 0.4057 0.6414 0.4057 0.5948 0.4434 0.6342 0.4057 0.6120 0.4434 0.3939 0.4434 0.4300 0.4057 0.4076 0.4057 0.5948 0.4434 0.6221 0.4057 0.6342 0.4057 0.3939 0.4434 0.4076 0.4057 0.3826 0.4434 0.5929 0.4434 0.6221 0.4057 0.5948 0.4434 0.5929 0.4434 0.6088 0.4057 0.6221 0.4057 0.4348 0.4434 0.4417 0.4057 0.4300 0.4057 0.4348 0.4434 0.4300 0.4057 0.3939 0.4434 0.5652 0.4434 0.6088 0.4057 0.5929 0.4434 0.4446 0.4434 0.4819 0.4057 0.4417 0.4057 0.5652 0.4434 0.5935 0.4057 0.6088 0.4057 0.4446 0.4434 0.4417 0.4057 0.4348 0.4434 0.4613 0.4434 0.4940 0.4057 0.4819 0.4057 0.4613 0.4434 0.4819 0.4057 0.4446 0.4434 0.5624 0.4434 0.5935 0.4057 0.5652 0.4434 0.5624 0.4434 0.5758 0.4057 0.5935 0.4057 0.4874 0.4434 0.4940 0.4057 0.4613 0.4434 0.5295 0.4434 0.5758 0.4057 0.5624 0.4434 0.5295 0.4434 0.5567 0.4057 0.5758 0.4057 0.4951 0.4434 0.5302 0.4057 0.4940 0.4057 0.4951 0.4434 0.4940 0.4057 0.4874 0.4434 0.5260 0.4434 0.5567 0.4057 0.5295 0.4434 0.5260 0.4434 0.5355 0.4057 0.5567 0.4057 0.4839 0.4434 0.5355 0.4057 0.5260 0.4434 0.4839 0.4434 0.5081 0.4057 0.5355 0.4057 0.5332 0.4434 0.5436 0.4057 0.5302 0.4057 0.5332 0.4434 0.5718 0.4057 0.5436 0.4057 0.4825 0.4434 0.4840 0.4057 0.5081 0.4057 0.5332 0.4434 0.5302 0.4057 0.4951 0.4434 0.4825 0.4434 0.5081 0.4057 0.4839 0.4434 0.5398 0.4434 0.5829 0.4057 0.5718 0.4057 0.5398 0.4434 0.5718 0.4057 0.5332 0.4434 0.4348 0.4434 0.4537 0.4057 0.4840 0.4057 0.5711 0.4434 0.6055 0.4057 0.5829 0.4057 0.4348 0.4434 0.4840 0.4057 0.4825 0.4434 0.5711 0.4434 0.5829 0.4057 0.5398 0.4434 " />
						</IndexedFaceSet>
					</Shape>
				</Group>
			</Transform>
		</Transform>
	</Scene>
</X3D>