timestamp,elapsed_s,target_index,cursor_x,cursor_y,target_x,target_y,distance,hit_event,roll,pitch,filter
1784237844.8129206,0.001,0,400.0,300.0,628.06,313.65,228.47,,0.0,0.0,complementary
1784237844.8279517,0.0161,0,400.0,300.0,628.06,313.65,228.47,,0.0,0.0,complementary
1784237844.8439567,0.0321,0,400.0,300.0,628.06,313.65,228.47,,0.0,0.0,complementary
1784237844.8600068,0.0481,0,400.0,300.0,628.06,313.65,228.47,,0.0,0.0,complementary
1784237844.8760197,0.0641,0,400.07,300.31,628.06,313.65,228.38,,0.0048,0.0012,complementary
1784237844.8926663,0.0808,0,400.15,300.62,628.06,313.65,228.28,,0.0048,0.0012,complementary
1784237844.9087126,0.0968,0,400.23,300.93,628.06,313.65,228.19,,0.0048,0.0012,complementary
1784237844.9252312,0.1133,0,400.38,301.56,628.06,313.65,228.0,,0.0096,0.0023,complementary
1784237844.9415169,0.1296,0,400.53,302.19,628.06,313.65,227.82,,0.0096,0.0023,complementary
1784237844.958057,0.1462,0,400.74,303.08,628.06,313.65,227.57,,0.0134,0.0032,complementary
1784237844.974102,0.1622,0,400.94,303.94,628.06,313.65,227.32,,0.0134,0.0032,complementary
1784237844.9909525,0.1791,0,401.17,305.17,628.06,313.65,227.05,,0.0182,0.0034,complementary
1784237845.0075784,0.1957,0,401.4,306.38,628.06,313.65,226.78,,0.0182,0.0034,complementary
1784237845.0246806,0.2128,0,401.75,307.96,628.06,313.65,226.38,,0.0231,0.0052,complementary
1784237845.0412185,0.2293,0,402.09,309.5,628.06,313.65,226.01,,0.0231,0.0052,complementary
1784237845.0571256,0.2452,0,402.42,310.97,628.06,313.65,225.65,,0.0231,0.0052,complementary
1784237845.0733323,0.2614,0,402.99,312.69,628.06,313.65,225.07,,0.0265,0.0087,complementary
1784237845.090969,0.2791,0,403.61,314.56,628.06,313.65,224.46,,0.0265,0.0087,complementary
1784237845.1079826,0.2961,0,404.3,316.55,628.06,313.65,223.78,,0.0293,0.0102,complementary
1784237845.1239786,0.3121,0,404.95,318.42,628.06,313.65,223.16,,0.0293,0.0102,complementary
1784237845.139942,0.3281,0,405.35,320.37,628.06,313.65,222.81,,0.0306,0.0063,complementary
1784237845.1559782,0.3441,0,405.76,322.33,628.06,313.65,222.47,,0.0306,0.0063,complementary
1784237845.1721685,0.3603,0,406.17,324.31,628.06,313.65,222.15,,0.0306,0.0063,complementary
1784237845.1883132,0.3764,0,406.06,326.39,628.06,313.65,222.36,,0.0322,-0.0016,complementary
1784237845.2053716,0.3935,0,405.95,328.59,628.06,313.65,222.61,,0.0322,-0.0016,complementary
1784237845.222637,0.4108,0,405.42,331.01,628.06,313.65,223.32,,0.0351,-0.0078,complementary
1784237845.2392817,0.4274,0,404.9,333.35,628.06,313.65,224.03,,0.0351,-0.0078,complementary
1784237845.2559998,0.4441,0,404.19,335.85,628.06,313.65,224.97,,0.0374,-0.0106,complementary
1784237845.272207,0.4603,0,403.5,338.27,628.06,313.65,225.9,,0.0374,-0.0106,complementary
1784237845.2880232,0.4761,0,402.83,340.64,628.06,313.65,226.84,,0.0374,-0.0106,complementary
1784237845.3038988,0.492,0,402.06,342.96,628.06,313.65,227.89,,0.0367,-0.0121,complementary
1784237845.3201473,0.5083,0,401.27,345.35,628.06,313.65,228.99,,0.0367,-0.0121,complementary
1784237845.336222,0.5243,0,400.46,347.43,628.06,313.65,230.1,,0.0324,-0.0127,complementary
1784237845.3535173,0.5416,0,399.58,349.67,628.06,313.65,231.3,,0.0324,-0.0127,complementary
1784237845.3702047,0.5583,0,398.73,351.84,628.06,313.65,232.48,,0.0324,-0.0127,complementary
1784237845.3858428,0.574,0,398.2,353.35,628.06,313.65,233.26,,0.0242,-0.0085,complementary
1784237845.4024017,0.5905,0,397.63,354.95,628.06,313.65,234.1,,0.0242,-0.0085,complementary
1784237845.4198248,0.6079,0,397.66,355.89,628.06,313.65,234.24,,0.0134,0.0004,complementary
1784237845.4364965,0.6246,0,397.69,356.79,628.06,313.65,234.38,,0.0134,0.0004,complementary
1784237845.453402,0.6415,0,397.71,357.7,628.06,313.65,234.52,,0.0134,0.0004,complementary
1784237845.4704363,0.6586,0,397.94,358.1,628.06,313.65,234.38,,0.0059,0.0033,complementary
1784237845.487942,0.6761,0,398.17,358.52,628.06,313.65,234.23,,0.0059,0.0033,complementary
1784237845.504408,0.6925,0,398.89,358.53,628.06,313.65,233.52,,0.0002,0.011,complementary
1784237845.521451,0.7096,0,399.64,358.54,628.06,313.65,232.79,,0.0002,0.011,complementary
1784237845.5382717,0.7264,0,400.38,358.56,628.06,313.65,232.07,,0.0002,0.011,complementary
1784237845.5551612,0.7433,0,402.0,357.96,628.06,313.65,230.37,,-0.0089,0.0239,complementary
1784237845.570975,0.7591,0,403.97,356.8,628.06,313.65,228.21,,-0.0184,0.0312,complementary
1784237845.5866792,0.7748,0,405.93,355.64,628.06,313.65,226.06,,-0.0184,0.0312,complementary
1784237845.603305,0.7914,0,408.28,354.08,628.06,313.65,223.47,,-0.0235,0.0354,complementary
1784237845.6203284,0.8084,0,410.69,352.48,628.06,313.65,220.81,,-0.0235,0.0354,complementary
1784237845.6370227,0.8251,0,413.05,350.92,628.06,313.65,218.21,,-0.0235,0.0354,complementary
1784237845.6534436,0.8416,0,415.47,349.32,628.06,313.65,215.56,,-0.0244,0.0368,complementary
1784237845.6703715,0.8585,0,417.96,347.67,628.06,313.65,212.84,,-0.0244,0.0368,complementary
1784237845.6875236,0.8756,0,420.79,345.6,628.06,313.65,209.72,,-0.0301,0.0413,complementary
1784237845.705024,0.8931,0,423.68,343.49,628.06,313.65,206.54,,-0.0301,0.0413,complementary
1784237845.7211967,0.9093,0,426.36,341.55,628.06,313.65,203.62,,-0.0301,0.0413,complementary
1784237845.7372398,0.9254,0,428.93,339.46,628.06,313.65,200.8,,-0.0326,0.0401,complementary
1784237845.7537537,0.9419,0,431.58,337.3,628.06,313.65,197.9,,-0.0326,0.0401,complementary
1784237845.770326,0.9584,0,434.8,335.11,628.06,313.65,194.44,,-0.033,0.0486,complementary
1784237845.787039,0.9752,0,438.05,332.9,628.06,313.65,190.98,,-0.033,0.0486,complementary
1784237845.8034408,0.9916,0,441.24,330.74,628.06,313.65,187.6,,-0.033,0.0486,complementary
1784237845.821054,1.0092,0,444.93,328.74,628.06,313.65,183.75,,-0.0283,0.0523,complementary
1784237845.8370016,1.0251,0,448.27,326.94,628.06,313.65,180.28,,-0.0283,0.0523,complementary
1784237845.852899,1.041,0,451.81,326.07,628.06,313.65,176.69,,-0.0136,0.0556,complementary
1784237845.8687394,1.0569,0,455.33,325.21,628.06,313.65,173.12,,-0.0136,0.0556,complementary
1784237845.8852448,1.0734,0,459.0,324.31,628.06,313.65,169.39,,-0.0136,0.0556,complementary
1784237845.9014766,1.0896,0,462.47,324.07,628.06,313.65,165.92,,-0.0037,0.0534,complementary
1784237845.9183977,1.1065,0,466.08,323.82,628.06,313.65,162.3,,-0.0037,0.0534,complementary
1784237845.9360156,1.1241,0,469.59,324.06,628.06,313.65,158.81,,0.0034,0.0498,complementary
1784237845.9518766,1.14,0,472.75,324.27,628.06,313.65,155.68,,0.0034,0.0498,complementary
1784237845.9679208,1.156,0,475.94,324.49,628.06,313.65,152.5,,0.0034,0.0498,complementary
1784237845.9837842,1.1719,0,479.33,324.87,628.06,313.65,149.15,,0.006,0.0534,complementary
1784237846.0009654,1.1891,0,483.0,325.28,628.06,313.65,145.52,,0.006,0.0534,complementary
1784237846.0167778,1.2049,0,486.91,325.98,628.06,313.65,141.69,,0.011,0.0618,complementary
1784237846.0334182,1.2215,0,491.02,326.71,628.06,313.65,137.66,,0.011,0.0618,complementary
1784237846.0501544,1.2383,0,495.52,327.91,628.06,313.65,133.31,,0.018,0.0672,complementary
1784237846.0659814,1.2541,0,499.77,329.05,628.06,313.65,129.21,,0.018,0.0672,complementary
1784237846.0817797,1.2699,0,504.02,330.19,628.06,313.65,125.14,,0.018,0.0672,complementary
1784237846.0989528,1.2871,0,508.45,331.62,628.06,313.65,120.95,,0.0208,0.0645,complementary
1784237846.1151812,1.3033,0,512.64,332.97,628.06,313.65,117.03,,0.0208,0.0645,complementary
1784237846.1314142,1.3195,0,516.72,334.07,628.06,313.65,113.2,,0.0169,0.0628,complementary
1784237846.149021,1.3371,0,521.15,335.26,628.06,313.65,109.08,,0.0169,0.0628,complementary
1784237846.1645782,1.3527,0,525.16,336.07,628.06,313.65,105.31,,0.013,0.0645,complementary
1784237846.181393,1.3695,0,529.5,336.94,628.06,313.65,101.28,,0.013,0.0645,complementary
1784237846.1980047,1.3861,0,533.79,337.81,628.06,313.65,97.32,,0.013,0.0645,complementary
1784237846.2141078,1.4022,0,537.99,338.14,628.06,313.65,93.34,,0.0052,0.0652,complementary
1784237846.2302303,1.4183,0,542.19,338.48,628.06,313.65,89.39,,0.0052,0.0652,complementary
1784237846.2463214,1.4344,0,546.39,338.3,628.06,313.65,85.3,,-0.0028,0.0653,complementary
1784237846.2639484,1.4521,0,551.0,338.1,628.06,313.65,80.85,,-0.0028,0.0653,complementary
1784237846.2803586,1.4685,0,555.17,337.52,628.06,313.65,76.7,,-0.0088,0.0635,complementary
1784237846.2974443,1.4856,0,559.51,336.91,628.06,313.65,72.39,,-0.0088,0.0635,complementary
1784237846.3142805,1.5024,0,563.79,336.32,628.06,313.65,68.15,,-0.0088,0.0635,complementary
1784237846.3309808,1.5191,0,567.58,335.62,628.06,313.65,64.35,,-0.0105,0.0567,complementary
1784237846.3472311,1.5353,0,571.27,334.94,628.06,313.65,60.65,,-0.0105,0.0567,complementary
1784237846.3638253,1.5519,0,574.54,334.33,628.06,313.65,57.38,,-0.0091,0.0494,complementary
1784237846.3805428,1.5687,0,577.85,333.73,628.06,313.65,54.08,,-0.0091,0.0494,complementary
1784237846.3975065,1.5856,0,581.2,333.11,628.06,313.65,50.74,,-0.0091,0.0494,complementary
1784237846.4143236,1.6024,0,584.03,332.57,628.06,313.65,47.92,,-0.008,0.0422,complementary
1784237846.4314995,1.6196,0,586.93,332.03,628.06,313.65,45.05,,-0.008,0.0422,complementary
1784237846.4483786,1.6365,0,589.31,331.58,628.06,313.65,42.7,,-0.0066,0.0352,complementary
1784237846.4650726,1.6532,0,591.66,331.14,628.06,313.65,40.38,,-0.0066,0.0352,complementary
1784237846.480993,1.6691,0,593.91,330.72,628.06,313.65,38.18,,-0.0066,0.0352,complementary
1784237846.4973416,1.6855,0,595.7,330.43,628.06,313.65,36.46,,-0.0044,0.0273,complementary
1784237846.5143638,1.7025,0,597.56,330.14,628.06,313.65,34.67,,-0.0044,0.0273,complementary
1784237846.5310779,1.7192,0,598.8,330.07,628.06,313.65,33.55,,-0.001,0.0186,complementary
1784237846.5475361,1.7357,0,600.02,330.0,628.06,313.65,32.46,,-0.001,0.0186,complementary
1784237846.5641375,1.7523,0,600.68,330.06,628.06,313.65,31.92,,0.0008,0.0099,complementary
1784237846.5800161,1.7681,0,601.31,330.11,628.06,313.65,31.41,,0.0008,0.0099,complementary
1784237846.5959914,1.7841,0,601.95,330.16,628.06,313.65,30.89,,0.0008,0.0099,complementary
1784237846.6122422,1.8004,0,602.03,330.25,628.06,313.65,30.87,,0.0014,0.0012,complementary
1784237846.6281466,1.8163,0,602.11,330.34,628.06,313.65,30.86,,0.0014,0.0012,complementary
1784237846.64442,1.8325,0,601.82,330.43,628.06,313.65,31.15,,0.0013,-0.0045,complementary
1784237846.6617706,1.8499,0,601.5,330.52,628.06,313.65,31.46,,0.0013,-0.0045,complementary
1784237846.6784203,1.8665,0,601.2,330.6,628.06,313.65,31.76,,0.0013,-0.0045,complementary
1784237846.6954176,1.8835,0,600.67,330.67,628.06,313.65,32.25,,0.0009,-0.0078,complementary
1784237846.712412,1.9005,0,600.14,330.73,628.06,313.65,32.73,,0.0009,-0.0078,complementary
1784237846.7290952,1.9172,0,599.93,330.93,628.06,313.65,33.01,,0.003,-0.0032,complementary
1784237846.7447436,1.9329,0,599.73,331.11,628.06,313.65,33.28,,0.003,-0.0032,complementary
1784237846.7620196,1.9501,0,599.51,331.31,628.06,313.65,33.57,,0.003,-0.0032,complementary
1784237846.778074,1.9662,0,599.89,331.37,628.06,313.65,33.27,,0.0008,0.006,complementary
1784237846.7942877,1.9824,0,600.28,331.42,628.06,313.65,32.97,,0.0008,0.006,complementary
1784237846.8112965,1.9994,0,601.47,331.21,628.06,313.65,31.87,,-0.003,0.0175,complementary
1784237846.8278427,2.016,0,602.63,331.02,628.06,313.65,30.8,,-0.003,0.0175,complementary
1784237846.8434944,2.0316,0,604.33,330.65,628.06,313.65,29.19,,-0.0058,0.0272,complementary
1784237846.8606596,2.0488,0,606.2,330.25,628.06,313.65,27.45,,-0.0058,0.0272,complementary
1784237846.8771558,2.0653,0,608.0,329.86,628.06,313.65,25.8,,-0.0058,0.0272,complementary
1784237846.8931632,2.0813,0,610.2,329.39,628.06,313.65,23.8,,-0.0074,0.0344,complementary
1784237846.9089751,2.0971,0,612.38,328.92,628.06,313.65,21.89,,-0.0074,0.0344,complementary
1784237846.9249442,2.1131,0,614.57,328.44,628.06,313.65,20.02,,-0.0074,0.0344,complementary
1784237846.941502,2.1296,0,617.14,327.7,628.06,313.65,17.8,,-0.0111,0.0387,complementary
1784237846.9581733,2.1463,0,619.72,326.96,628.06,313.65,15.71,,-0.0111,0.0387,complementary
1784237846.9741387,2.1623,0,622.18,326.14,628.06,313.65,13.8,,-0.0129,0.0386,complementary
1784237846.9900434,2.1782,0,624.64,325.32,628.06,313.65,12.16,,-0.0129,0.0386,complementary
1784237847.0061188,2.1942,0,627.12,324.49,628.06,313.65,10.88,,-0.0129,0.0386,complementary
1784237847.022257,2.2104,0,629.51,323.74,628.06,313.65,10.2,,-0.0115,0.037,complementary
1784237847.0393748,2.2275,0,632.05,322.96,628.06,313.65,10.13,,-0.0115,0.037,complementary
1784237847.056278,2.2444,0,634.33,322.26,628.06,313.65,10.65,,-0.0103,0.0337,complementary
1784237847.0718257,2.2599,0,636.43,321.62,628.06,313.65,11.56,,-0.0103,0.0337,complementary
1784237847.0884073,2.2765,0,638.22,321.04,628.06,313.65,12.56,,-0.0088,0.027,complementary
1784237847.1057577,2.2939,0,640.09,320.43,628.06,313.65,13.81,,-0.0088,0.027,complementary
1784237847.1231086,2.3112,0,641.96,319.82,628.06,313.65,15.21,,-0.0088,0.027,complementary
1784237847.1394436,2.3276,0,643.03,319.5,628.06,313.65,16.07,,-0.0049,0.0162,complementary
1784237847.1563878,2.3445,0,644.13,319.16,628.06,313.65,16.99,,-0.0049,0.0162,complementary
1784237847.1729646,2.3611,0,644.36,319.21,628.06,313.65,17.23,,0.0007,0.0035,complementary
1784237847.1889377,2.3771,0,644.59,319.25,628.06,313.65,17.45,,0.0007,0.0035,complementary
1784237847.2052119,2.3933,0,644.82,319.3,628.06,313.65,17.69,,0.0007,0.0035,complementary
1784237847.2211807,2.4093,0,644.13,319.63,628.06,313.65,17.14,,0.0052,-0.0109,complementary
1784237847.2376926,2.4258,0,643.41,319.98,628.06,313.65,16.6,,0.0052,-0.0109,complementary
1784237847.2545838,2.4427,0,641.94,320.66,628.06,313.65,15.55,,0.0101,-0.0217,complementary
1784237847.271235,2.4593,0,640.49,321.33,628.06,313.65,14.62,,0.0101,-0.0217,complementary
1784237847.2869992,2.4751,0,639.12,321.97,628.06,313.65,13.85,,0.0101,-0.0217,complementary
1784237847.303428,2.4915,0,637.41,322.88,628.06,313.65,13.14,,0.0138,-0.0261,complementary
1784237847.3202615,2.5084,0,635.65,323.81,628.06,313.65,12.68,,0.0138,-0.0261,complementary
1784237847.3369293,2.525,0,633.87,324.75,628.06,313.65,12.53,,0.0141,-0.0267,complementary
1784237847.352819,2.5409,0,632.18,325.65,628.06,313.65,12.69,,0.0141,-0.0267,complementary
1784237847.368953,2.5571,0,630.46,326.56,628.06,313.65,13.14,,0.0141,-0.0267,complementary
1784237847.384644,2.5728,0,628.87,327.45,628.06,313.65,13.82,,0.0141,-0.0253,complementary
1784237847.4015245,2.5896,0,627.15,328.4,628.06,313.65,14.78,,0.0141,-0.0253,complementary
1784237847.4189773,2.6071,0,625.49,329.51,628.06,313.65,16.07,,0.0159,-0.0239,complementary
1784237847.4348555,2.623,0,623.97,330.52,628.06,313.65,17.36,,0.0159,-0.0239,complementary
1784237847.4505095,2.6386,0,622.67,331.51,628.06,313.65,18.65,,0.0158,-0.0208,complementary
1784237847.4672225,2.6553,0,621.28,332.56,628.06,313.65,20.09,,0.0158,-0.0208,complementary
1784237847.4828475,2.671,0,619.99,333.55,628.06,313.65,21.48,,0.0158,-0.0208,complementary
1784237847.499399,2.6875,0,618.94,334.52,628.06,313.65,22.78,,0.0146,-0.0158,complementary
1784237847.5161285,2.7042,0,617.89,335.5,628.06,313.65,24.1,,0.0146,-0.0158,complementary
1784237847.532538,2.7207,0,617.37,336.37,628.06,313.65,25.11,,0.0133,-0.0079,complementary
1784237847.5495813,2.7377,0,616.83,337.27,628.06,313.65,26.16,,0.0133,-0.0079,complementary
1784237847.566296,2.7544,0,616.29,338.16,628.06,313.65,27.19,,0.0133,-0.0079,complementary
1784237847.5824919,2.7706,0,616.35,338.75,628.06,313.65,27.7,,0.0091,0.0008,complementary
1784237847.5992417,2.7874,0,616.4,339.37,628.06,313.65,28.24,,0.0091,0.0008,complementary
1784237847.6159916,2.8041,0,616.91,339.7,628.06,313.65,28.34,,0.005,0.0076,complementary
1784237847.6320126,2.8201,0,617.4,340.02,628.06,313.65,28.45,,0.005,0.0076,complementary
1784237847.6482646,2.8364,0,618.02,340.15,628.06,313.65,28.34,,0.002,0.0095,complementary
1784237847.6652484,2.8534,0,618.67,340.28,628.06,313.65,28.24,,0.002,0.0095,complementary
1784237847.6815283,2.8696,0,619.29,340.41,628.06,313.65,28.16,,0.002,0.0095,complementary
1784237847.6985874,2.8867,0,619.83,340.49,628.06,313.65,28.08,,0.0012,0.0079,complementary
1784237847.7151694,2.9033,0,620.35,340.57,628.06,313.65,28.0,,0.0012,0.0079,complementary
1784237847.7310994,2.9192,0,620.67,340.61,628.06,313.65,27.96,,0.0007,0.005,complementary
1784237847.7471895,2.9353,0,620.99,340.66,628.06,313.65,27.92,,0.0007,0.005,complementary
1784237847.7637026,2.9518,0,621.32,340.71,628.06,313.65,27.88,,0.0007,0.005,complementary
1784237847.7812288,2.9693,0,621.59,340.43,628.06,313.65,27.55,,-0.004,0.0039,complementary
1784237847.7972887,2.9854,0,621.84,340.17,628.06,313.65,27.24,,-0.004,0.0039,complementary
1784237847.8131917,3.0013,0,622.01,339.78,628.06,313.65,26.82,,-0.0061,0.0027,complementary
1784237847.828912,3.017,0,622.18,339.39,628.06,313.65,26.41,,-0.0061,0.0027,complementary
1784237847.8452227,3.0333,0,622.36,338.99,628.06,313.65,25.98,,-0.0061,0.0027,complementary
1784237847.8623765,3.0505,0,622.46,338.55,628.06,313.65,25.52,,-0.0065,0.0014,complementary
1784237847.8793519,3.0675,0,622.56,338.11,628.06,313.65,25.07,,-0.0065,0.0014,complementary
1784237847.8961453,3.0843,0,622.54,337.47,628.06,313.65,24.45,,-0.0095,-0.0003,complementary
1784237847.9126947,3.1008,0,622.51,336.84,628.06,313.65,23.84,,-0.0095,-0.0003,complementary
1784237847.9297721,3.1179,0,622.49,336.19,628.06,313.65,23.22,,-0.0095,-0.0003,complementary
1784237847.9453335,3.1334,0,622.45,335.54,628.06,313.65,22.6,,-0.0104,-0.0007,complementary
1784237847.9621818,3.1503,0,622.4,334.84,628.06,313.65,21.94,,-0.0104,-0.0007,complementary
1784237847.9785674,3.1667,0,622.41,334.0,628.06,313.65,21.12,,-0.0129,0.0003,complementary
1784237847.9954066,3.1835,0,622.43,333.12,628.06,313.65,20.27,,-0.0129,0.0003,complementary
1784237848.0120666,3.2002,0,622.51,332.2,628.06,313.65,19.37,,-0.0138,0.0011,complementary
1784237848.0280123,3.2161,0,622.58,331.32,628.06,313.65,18.5,,-0.0138,0.0011,complementary
1784237848.044575,3.2327,0,622.65,330.4,628.06,313.65,17.6,,-0.0138,0.0011,complementary
1784237848.0615752,3.2497,0,622.81,329.57,628.06,313.65,16.76,,-0.0122,0.0024,complementary
1784237848.0783029,3.2664,0,622.98,328.75,628.06,313.65,15.94,,-0.0122,0.0024,complementary
1784237848.0939226,3.282,0,623.18,327.94,628.06,313.65,15.1,,-0.013,0.0032,complementary
1784237848.1103609,3.2985,0,623.39,327.09,628.06,313.65,14.23,,-0.013,0.0032,complementary
1784237848.1271493,3.3153,0,623.61,326.22,628.06,313.65,13.33,,-0.013,0.0032,complementary
1784237848.1437004,3.3318,0,623.86,325.34,628.06,313.65,12.43,,-0.0132,0.0038,complementary
1784237848.1610458,3.3492,0,624.12,324.43,628.06,313.65,11.48,,-0.0132,0.0038,complementary
1784237848.1771169,3.3652,0,624.44,323.62,628.06,313.65,10.61,,-0.0125,0.0049,complementary
1784237848.1928027,3.3809,0,624.74,322.84,628.06,313.65,9.77,,-0.0125,0.0049,complementary
1784237848.2093925,3.3975,0,625.07,322.01,628.06,313.65,8.88,,-0.0125,0.0049,complementary
1784237848.2259982,3.4141,0,625.37,321.17,628.06,313.65,7.98,,-0.0127,0.0046,complementary
1784237848.2423935,3.4305,0,625.68,320.34,628.06,313.65,7.1,,-0.0127,0.0046,complementary
1784237848.2592711,3.4474,0,625.95,319.48,628.06,313.65,6.2,,-0.0127,0.004,complementary
1784237848.2759283,3.464,0,626.21,318.64,628.06,313.65,5.32,,-0.0127,0.004,complementary
1784237848.292065,3.4802,0,626.46,317.78,628.06,313.65,4.44,,-0.0132,0.0039,complementary
1784237848.3083165,3.4964,0,626.71,316.93,628.06,313.65,3.54,,-0.0132,0.0039,complementary
1784237848.3251472,3.5133,0,626.9,316.06,628.06,313.65,2.68,,-0.0129,0.0027,complementary
1784237848.3413463,3.5295,0,627.07,315.22,628.06,313.65,1.86,,-0.0129,0.0027,complementary
1784237848.358158,3.5463,0,627.13,314.36,628.06,313.65,1.17,,-0.0129,0.0008,complementary
1784237848.374395,3.5625,0,627.18,313.52,628.06,313.65,0.89,,-0.0129,0.0008,complementary
1784237848.3912923,3.5794,0,627.24,312.66,628.06,313.65,1.29,,-0.0129,0.0008,complementary
1784237848.4085205,3.5966,0,626.87,311.94,628.06,313.65,2.09,,-0.0104,-0.0053,complementary
1784237848.4259887,3.6141,0,626.5,311.21,628.06,313.65,2.9,,-0.0104,-0.0053,complementary
1784237848.4423525,3.6305,0,625.78,310.72,628.06,313.65,3.71,,-0.0074,-0.011,complementary
1784237848.458917,3.647,0,625.05,310.23,628.06,313.65,4.55,,-0.0074,-0.011,complementary
1784237848.4746304,3.6627,0,624.36,309.76,628.06,313.65,5.36,,-0.0074,-0.011,complementary
1784237848.4912481,3.6794,0,623.44,309.49,628.06,313.65,6.21,,-0.0041,-0.0138,complementary
1784237848.508438,3.6966,0,622.5,309.2,628.06,313.65,7.12,,-0.0041,-0.0138,complementary
1784237848.5252032,3.7133,0,621.59,309.27,628.06,313.65,7.81,,0.0009,-0.0135,complementary
1784237848.5408695,3.729,0,620.75,309.33,628.06,313.65,8.49,,0.0009,-0.0135,complementary
1784237848.5575964,3.7457,0,619.85,309.39,628.06,313.65,9.25,,0.0009,-0.0135,complementary
1784237848.574666,3.7628,1,618.94,309.55,631.04,522.03,212.82,TARGET_HIT,0.0024,-0.0133,complementary
1784237848.5920315,3.7801,1,618.02,309.72,631.04,522.03,212.71,,0.0024,-0.0133,complementary
1784237848.6079702,3.7961,1,617.29,309.87,631.04,522.03,212.6,,0.0025,-0.0115,complementary
1784237848.6241066,3.8122,1,616.55,310.03,631.04,522.03,212.49,,0.0025,-0.0115,complementary
1784237848.6402917,3.8284,1,615.81,310.19,631.04,522.03,212.39,,0.0025,-0.0115,complementary
1784237848.6573834,3.8455,1,615.14,310.38,631.04,522.03,212.25,,0.0027,-0.0097,complementary
1784237848.6749017,3.863,1,614.46,310.57,631.04,522.03,212.11,,0.0027,-0.0097,complementary
1784237848.691264,3.8794,1,613.97,310.71,631.04,522.03,212.01,,0.0023,-0.0076,complementary
1784237848.707263,3.8954,1,613.48,310.86,631.04,522.03,211.9,,0.0023,-0.0076,complementary
1784237848.7233357,3.9114,1,613.13,310.91,631.04,522.03,211.87,,0.0009,-0.0054,complementary
1784237848.7403123,3.9284,1,612.76,310.98,631.04,522.03,211.84,,0.0009,-0.0054,complementary
1784237848.7570868,3.9452,1,612.4,311.04,631.04,522.03,211.82,,0.0009,-0.0054,complementary
1784237848.7730222,3.9611,1,612.24,311.06,631.04,522.03,211.81,,0.0004,-0.0025,complementary
1784237848.7894652,3.9776,1,612.07,311.09,631.04,522.03,211.8,,0.0004,-0.0025,complementary
1784237848.8061776,3.9943,1,611.86,311.15,631.04,522.03,211.75,,0.001,-0.0032,complementary
1784237848.8216507,4.0098,1,611.66,311.21,631.04,522.03,211.7,,0.001,-0.0032,complementary
1784237848.8389795,4.0271,1,611.44,311.28,631.04,522.03,211.66,,0.001,-0.0032,complementary
1784237848.855078,4.0432,1,610.94,311.49,631.04,522.03,211.49,,0.0033,-0.0078,complementary
1784237848.870643,4.0588,1,610.46,311.7,631.04,522.03,211.34,,0.0033,-0.0078,complementary
1784237848.8874497,4.0756,1,609.57,312.15,631.04,522.03,210.98,,0.0067,-0.0132,complementary
1784237848.9047427,4.0929,1,608.66,312.61,631.04,522.03,210.61,,0.0067,-0.0132,complementary
1784237848.921798,4.1099,1,607.81,313.44,631.04,522.03,209.88,,0.0122,-0.0123,complementary
1784237848.9383488,4.1265,1,607.0,314.24,631.04,522.03,209.17,,0.0122,-0.0123,complementary
1784237848.9545105,4.1426,1,606.2,315.03,631.04,522.03,208.49,,0.0122,-0.0123,complementary
1784237848.9713185,4.1594,1,605.79,316.99,631.04,522.03,206.59,,0.0291,-0.0061,complementary
1784237848.9883895,4.1765,1,605.38,318.97,631.04,522.03,204.68,,0.0291,-0.0061,complementary
1784237849.0050924,4.1932,1,605.77,322.2,631.04,522.03,201.42,,0.0483,0.0058,complementary
1784237849.0215113,4.2096,1,606.15,325.37,631.04,522.03,198.23,,0.0483,0.0058,complementary
1784237849.038291,4.2264,1,606.54,328.61,631.04,522.03,194.96,,0.0483,0.0058,complementary
1784237849.0542326,4.2423,1,607.1,331.76,631.04,522.03,191.77,,0.0494,0.0088,complementary
1784237849.0709624,4.2591,1,607.69,335.07,631.04,522.03,188.42,,0.0494,0.0088,complementary
1784237849.0866542,4.2748,1,608.12,337.85,631.04,522.03,185.6,,0.0444,0.0068,complementary
1784237849.104073,4.2922,1,608.59,340.95,631.04,522.03,182.47,,0.0444,0.0068,complementary
1784237849.1204414,4.3086,1,609.15,344.19,631.04,522.03,179.18,,0.0495,0.0085,complementary
1784237849.138155,4.3263,1,609.76,347.7,631.04,522.03,175.62,,0.0495,0.0085,complementary
1784237849.1542866,4.3424,1,610.31,350.9,631.04,522.03,172.38,,0.0495,0.0085,complementary
1784237849.171158,4.3593,1,610.87,354.39,631.04,522.03,168.85,,0.0518,0.0084,complementary
1784237849.1871552,4.3753,1,611.41,357.71,631.04,522.03,165.49,,0.0518,0.0084,complementary
1784237849.2030604,4.3912,1,611.94,361.0,631.04,522.03,162.16,,0.0518,0.0084,complementary
1784237849.2189112,4.407,1,612.38,364.18,631.04,522.03,158.95,,0.0501,0.007,complementary
1784237849.2350218,4.4231,1,612.84,367.41,631.04,522.03,155.69,,0.0501,0.007,complementary
1784237849.2514875,4.4396,1,613.16,370.6,631.04,522.03,152.48,,0.0486,0.005,complementary
1784237849.268369,4.4565,1,613.5,373.88,631.04,522.03,149.18,,0.0486,0.005,complementary
1784237849.2850995,4.4732,1,613.59,377.14,631.04,522.03,145.94,,0.0487,0.0014,complementary
1784237849.30111,4.4892,1,613.68,380.26,631.04,522.03,142.83,,0.0487,0.0014,complementary
1784237849.318241,4.5064,1,613.78,383.59,631.04,522.03,139.51,,0.0487,0.0014,complementary
1784237849.3341625,4.5223,1,613.72,386.81,631.04,522.03,136.33,,0.0505,-0.001,complementary
1784237849.350656,4.5388,1,613.65,390.14,631.04,522.03,133.03,,0.0505,-0.001,complementary
1784237849.3681808,4.5563,1,613.53,393.78,631.04,522.03,129.44,,0.0518,-0.0017,complementary
1784237849.3846455,4.5728,1,613.42,397.19,631.04,522.03,126.08,,0.0518,-0.0017,complementary
1784237849.4016635,4.5898,1,613.3,400.72,631.04,522.03,122.6,,0.0518,-0.0017,complementary
1784237849.418445,4.6066,1,613.13,404.29,631.04,522.03,119.1,,0.0532,-0.0026,complementary
1784237849.4351108,4.6232,1,612.95,407.84,631.04,522.03,115.62,,0.0532,-0.0026,complementary
1784237849.4513805,4.6395,1,612.77,411.34,631.04,522.03,112.19,,0.0538,-0.0029,complementary
1784237849.4684618,4.6566,1,612.57,415.01,631.04,522.03,108.6,,0.0538,-0.0029,complementary
1784237849.4864736,4.6746,1,612.42,418.94,631.04,522.03,104.76,,0.0545,-0.0021,complementary
1784237849.5032053,4.6913,1,612.28,422.58,631.04,522.03,101.2,,0.0545,-0.0021,complementary
1784237849.5191019,4.7072,1,612.15,426.05,631.04,522.03,97.83,,0.0545,-0.0021,complementary
1784237849.5350027,4.7231,1,612.09,429.47,631.04,522.03,94.48,,0.0539,-0.0009,complementary
1784237849.5512686,4.7394,1,612.03,432.98,631.04,522.03,91.05,,0.0539,-0.0009,complementary
1784237849.568349,4.7565,1,612.07,436.52,631.04,522.03,87.59,,0.0518,0.0005,complementary
1784237849.5853105,4.7734,1,612.1,440.04,631.04,522.03,84.15,,0.0518,0.0005,complementary
1784237849.6019752,4.7901,1,612.25,443.21,631.04,522.03,81.03,,0.0476,0.0023,complementary
1784237849.618411,4.8065,1,612.4,446.34,631.04,522.03,77.95,,0.0476,0.0023,complementary
1784237849.6349795,4.8231,1,612.68,449.38,631.04,522.03,74.93,,0.0459,0.0043,complementary
1784237849.6508455,4.839,1,612.96,452.3,631.04,522.03,72.04,,0.0459,0.0043,complementary
1784237849.667958,4.8561,1,613.26,455.44,631.04,522.03,68.92,,0.0459,0.0043,complementary
1784237849.6835072,4.8716,1,613.63,458.4,631.04,522.03,65.98,,0.0475,0.006,complementary
1784237849.7003794,4.8885,1,614.03,461.6,631.04,522.03,62.78,,0.0475,0.006,complementary
1784237849.7178297,4.9059,1,614.44,464.94,631.04,522.03,59.46,,0.0479,0.0058,complementary
1784237849.733813,4.9219,1,614.81,468.0,631.04,522.03,56.42,,0.0479,0.0058,complementary
1784237849.7500703,4.9382,1,615.19,471.11,631.04,522.03,53.33,,0.0479,0.0058,complementary
1784237849.7663333,4.9544,1,615.62,474.17,631.04,522.03,50.29,,0.0469,0.0067,complementary
1784237849.7834177,4.9715,1,616.08,477.37,631.04,522.03,47.1,,0.0469,0.0067,complementary
1784237849.8001127,4.9882,1,616.64,480.38,631.04,522.03,44.07,,0.0451,0.0083,complementary
1784237849.8160062,5.0041,1,617.17,483.25,631.04,522.03,41.19,,0.0451,0.0083,complementary
1784237849.8322182,5.0203,1,617.71,486.18,631.04,522.03,38.25,,0.0451,0.0083,complementary
1784237849.8482883,5.0364,1,618.28,488.96,631.04,522.03,35.45,,0.0433,0.0089,complementary
1784237849.866027,5.0541,1,618.92,492.03,631.04,522.03,32.35,,0.0433,0.0089,complementary
1784237849.8820844,5.0702,1,619.55,494.96,631.04,522.03,29.41,,0.0456,0.0098,complementary
1784237849.8982127,5.0863,1,620.18,497.91,631.04,522.03,26.46,,0.0456,0.0098,complementary
1784237849.913881,5.102,1,620.79,500.77,631.04,522.03,23.61,,0.0456,0.0098,complementary
1784237849.9294848,5.1176,1,621.29,503.29,631.04,522.03,21.13,,0.0405,0.008,complementary
1784237849.9461684,5.1343,1,621.82,505.99,631.04,522.03,18.5,,0.0405,0.008,complementary
1784237849.962337,5.1505,1,622.24,508.22,631.04,522.03,16.38,,0.0344,0.0066,complementary
1784237849.9794064,5.1675,1,622.7,510.57,631.04,522.03,14.18,,0.0344,0.0066,complementary
1784237849.996349,5.1845,1,623.21,512.5,631.04,522.03,12.34,,0.0285,0.0077,complementary
1784237850.0138535,5.202,1,623.75,514.49,631.04,522.03,10.49,,0.0285,0.0077,complementary
1784237850.0302746,5.2184,1,624.25,516.36,631.04,522.03,8.84,,0.0285,0.0077,complementary
1784237850.0474353,5.2355,1,624.81,517.8,631.04,522.03,7.53,,0.021,0.0081,complementary
1784237850.0639613,5.2521,1,625.34,519.19,631.04,522.03,6.37,,0.021,0.0081,complementary
1784237850.0803552,5.2685,1,626.02,520.29,631.04,522.03,5.32,,0.0168,0.0104,complementary
1784237850.0971355,5.2852,1,626.71,521.42,631.04,522.03,4.37,,0.0168,0.0104,complementary
1784237850.113474,5.3016,1,627.61,522.34,631.04,522.03,3.44,,0.0141,0.0137,complementary
1784237850.130834,5.3189,1,628.57,523.33,631.04,522.03,2.79,,0.0141,0.0137,complementary
1784237850.147365,5.3355,1,629.47,524.26,631.04,522.03,2.73,,0.0141,0.0137,complementary
1784237850.1643143,5.3524,1,630.38,525.08,631.04,522.03,3.12,,0.012,0.0133,complementary
1784237850.1812654,5.3694,1,631.28,525.89,631.04,522.03,3.87,,0.012,0.0133,complementary
1784237850.1984148,5.3865,1,632.09,526.57,631.04,522.03,4.66,,0.0099,0.0118,complementary
1784237850.2150328,5.4031,1,632.88,527.22,631.04,522.03,5.51,,0.0099,0.0118,complementary
1784237850.2314508,5.4196,1,633.65,527.87,631.04,522.03,6.4,,0.0099,0.0118,complementary
1784237850.248695,5.4368,1,634.32,528.37,631.04,522.03,7.14,,0.0073,0.0096,complementary
1784237850.264438,5.4526,1,634.93,528.83,631.04,522.03,7.83,,0.0073,0.0096,complementary
1784237850.28149,5.4696,1,635.47,529.16,631.04,522.03,8.39,,0.0048,0.0079,complementary
1784237850.2982872,5.4864,1,636.0,529.48,631.04,522.03,8.95,,0.0048,0.0079,complementary
1784237850.3152258,5.5033,1,636.54,529.8,631.04,522.03,9.51,,0.0048,0.0079,complementary
1784237850.3316267,5.5197,1,637.04,530.18,631.04,522.03,10.12,,0.0058,0.0077,complementary
1784237850.348473,5.5366,1,637.56,530.57,631.04,522.03,10.75,,0.0058,0.0077,complementary
1784237850.3662531,5.5544,1,638.12,531.08,631.04,522.03,11.49,,0.0071,0.0078,complementary
1784237850.3823547,5.5705,1,638.62,531.54,631.04,522.03,12.16,,0.0071,0.0078,complementary
1784237850.3993964,5.5875,1,638.96,531.97,631.04,522.03,12.71,,0.0064,0.0049,complementary
1784237850.416402,5.6045,1,639.29,532.41,631.04,522.03,13.25,,0.0064,0.0049,complementary
1784237850.4329543,5.6211,1,639.43,532.89,631.04,522.03,13.72,,0.0073,0.0021,complementary
1784237850.4486198,5.6367,1,639.56,533.35,631.04,522.03,14.16,,0.0073,0.0021,complementary
1784237850.4653056,5.6534,1,639.71,533.83,631.04,522.03,14.64,,0.0073,0.0021,complementary
1784237850.482931,5.671,1,639.57,534.35,631.04,522.03,14.98,,0.0074,-0.0019,complementary
1784237850.4994884,5.6876,1,639.44,534.84,631.04,522.03,15.32,,0.0074,-0.0019,complementary
1784237850.5162745,5.7044,1,639.31,535.33,631.04,522.03,15.66,,0.0074,-0.0019,complementary
1784237850.5322907,5.7204,2,638.9,535.75,85.15,135.97,682.98,TARGET_HIT,0.0065,-0.0064,complementary
1784237850.5491102,5.7372,2,638.47,536.19,85.15,135.97,682.89,,0.0065,-0.0064,complementary
1784237850.5650127,5.7531,2,637.91,536.63,85.15,135.97,682.69,,0.007,-0.0089,complementary
1784237850.5806408,5.7688,2,637.35,537.07,85.15,135.97,682.5,,0.007,-0.0089,complementary
1784237850.5974646,5.7856,2,636.75,537.55,85.15,135.97,682.29,,0.007,-0.0089,complementary
1784237850.6140866,5.8022,2,635.98,537.88,85.15,135.97,681.87,,0.005,-0.0115,complementary
1784237850.6305673,5.8187,2,635.22,538.21,85.15,135.97,681.45,,0.005,-0.0115,complementary
1784237850.6473973,5.8355,2,634.4,538.43,85.15,135.97,680.92,,0.0033,-0.0122,complementary
1784237850.665096,5.8532,2,633.54,538.66,85.15,135.97,680.36,,0.0033,-0.0122,complementary
1784237850.6813564,5.8695,2,632.82,538.82,85.15,135.97,679.87,,0.0024,-0.0111,complementary
1784237850.6986074,5.8867,2,632.06,538.98,85.15,135.97,679.36,,0.0024,-0.0111,complementary
1784237850.7160335,5.9041,2,631.31,539.07,85.15,135.97,678.81,,0.0012,-0.0107,complementary
1784237850.732191,5.9203,2,630.62,539.15,85.15,135.97,678.3,,0.0012,-0.0107,complementary
1784237850.7480636,5.9362,2,629.94,539.22,85.15,135.97,677.79,,0.0012,-0.0107,complementary
1784237850.7643037,5.9524,2,629.23,539.2,85.15,135.97,677.22,,-0.0003,-0.0108,complementary
1784237850.7815938,5.9697,2,628.48,539.18,85.15,135.97,676.6,,-0.0003,-0.0108,complementary
1784237850.798436,5.9866,2,627.52,538.86,85.15,135.97,675.63,,-0.0048,-0.0144,complementary
1784237850.8152058,6.0033,2,626.55,538.54,85.15,135.97,674.67,,-0.0048,-0.0144,complementary
1784237850.8308225,6.0189,2,625.65,538.25,85.15,135.97,673.77,,-0.0048,-0.0144,complementary
1784237850.8482456,6.0364,2,624.12,537.43,85.15,135.97,672.06,,-0.0116,-0.022,complementary
1784237850.8650157,6.0531,2,622.65,536.65,85.15,135.97,670.41,,-0.0116,-0.022,complementary
1784237850.8810859,6.0692,2,620.36,535.4,85.15,135.97,667.82,,-0.0195,-0.0356,complementary
1784237850.8971393,6.0853,2,618.07,534.14,85.15,135.97,665.24,,-0.0195,-0.0356,complementary
1784237850.9136457,6.1018,2,614.38,532.33,85.15,135.97,661.2,,-0.0274,-0.0559,complementary
1784237850.9302156,6.1183,2,610.68,530.51,85.15,135.97,657.15,,-0.0274,-0.0559,complementary
1784237850.9461262,6.1342,2,605.97,528.41,85.15,135.97,652.12,,-0.0331,-0.0739,complementary
1784237850.96171,6.1498,2,601.36,526.34,85.15,135.97,647.2,,-0.0331,-0.0739,complementary
1784237850.978303,6.1664,2,596.46,524.14,85.15,135.97,641.96,,-0.0331,-0.0739,complementary
1784237850.9949176,6.183,2,590.52,521.39,85.15,135.97,635.56,,-0.0415,-0.0894,complementary
1784237851.0109413,6.1991,2,584.79,518.73,85.15,135.97,629.4,,-0.0415,-0.0894,complementary
1784237851.0266173,6.2147,2,579.18,516.13,85.15,135.97,623.37,,-0.0415,-0.0894,complementary
1784237851.0440457,6.2322,2,572.08,512.01,85.15,135.97,615.23,,-0.0591,-0.1018,complementary
1784237851.0601428,6.2483,2,565.53,508.2,85.15,135.97,607.71,,-0.0591,-0.1018,complementary
1784237851.076014,6.2641,2,558.46,503.29,85.15,135.97,599.12,,-0.0774,-0.1113,complementary
1784237851.091732,6.2798,2,551.46,498.42,85.15,135.97,590.61,,-0.0774,-0.1113,complementary
1784237851.1085598,6.2967,2,543.96,493.22,85.15,135.97,581.49,,-0.0774,-0.1113,complementary
1784237851.1252801,6.3134,2,536.09,487.27,85.15,135.97,571.63,,-0.089,-0.1177,complementary
1784237851.142396,6.3305,2,528.04,481.17,85.15,135.97,561.53,,-0.089,-0.1177,complementary
1784237851.1589484,6.3471,2,520.14,475.26,85.15,135.97,551.66,,-0.0893,-0.1193,complementary
1784237851.1745806,6.3627,2,512.67,469.68,85.15,135.97,542.35,,-0.0893,-0.1193,complementary
1784237851.1921453,6.3803,2,504.29,463.41,85.15,135.97,531.88,,-0.0893,-0.1193,complementary
1784237851.208442,6.3966,2,496.56,457.81,85.15,135.97,522.34,,-0.086,-0.1185,complementary
1784237851.2250862,6.4132,2,488.67,452.08,85.15,135.97,512.6,,-0.086,-0.1185,complementary
1784237851.2412562,6.4294,2,481.01,446.52,85.15,135.97,503.14,,-0.086,-0.1185,complementary
1784237851.2574818,6.4456,2,473.16,440.73,85.15,135.97,493.39,,-0.0892,-0.1209,complementary
1784237851.2742486,6.4624,2,465.05,434.75,85.15,135.97,483.32,,-0.0892,-0.1209,complementary
1784237851.2914946,6.4796,2,456.71,428.23,85.15,135.97,472.73,,-0.0944,-0.121,complementary
1784237851.3083136,6.4964,2,448.57,421.88,85.15,135.97,462.4,,-0.0944,-0.121,complementary
1784237851.3250003,6.5131,2,440.45,415.36,85.15,135.97,452.0,,-0.0977,-0.1216,complementary
1784237851.3405988,6.5287,2,432.87,409.27,85.15,135.97,442.27,,-0.0977,-0.1216,complementary
1784237851.3582764,6.5464,2,424.27,402.36,85.15,135.97,431.24,,-0.0977,-0.1216,complementary
1784237851.3742363,6.5624,2,416.44,395.99,85.15,135.97,421.14,,-0.0998,-0.1227,complementary
1784237851.3913412,6.5795,2,408.04,389.17,85.15,135.97,410.33,,-0.0998,-0.1227,complementary
1784237851.4084673,6.5966,2,399.45,382.21,85.15,135.97,399.27,,-0.1016,-0.1255,complementary
1784237851.425127,6.6132,2,391.08,375.44,85.15,135.97,388.51,,-0.1016,-0.1255,complementary
1784237851.441104,6.6292,2,382.87,368.83,85.15,135.97,377.97,,-0.1034,-0.1285,complementary
1784237851.457013,6.6451,2,374.7,362.26,85.15,135.97,367.48,,-0.1034,-0.1285,complementary
1784237851.4730635,6.6612,2,366.45,355.62,85.15,135.97,356.9,,-0.1034,-0.1285,complementary
1784237851.4890842,6.6772,2,358.17,348.94,85.15,135.97,346.26,,-0.1042,-0.1292,complementary
1784237851.5046153,6.6927,2,350.14,342.47,85.15,135.97,335.95,,-0.1042,-0.1292,complementary
1784237851.5215595,6.7097,2,341.38,335.41,85.15,135.97,324.7,,-0.1042,-0.1292,complementary
1784237851.538364,6.7265,2,332.53,328.24,85.15,135.97,313.31,,-0.1066,-0.1316,complementary
1784237851.5550215,6.7431,2,323.77,321.14,85.15,135.97,302.03,,-0.1066,-0.1316,complementary
1784237851.5713658,6.7595,2,315.13,314.15,85.15,135.97,290.92,,-0.1069,-0.1321,complementary
1784237851.5884287,6.7765,2,306.11,306.85,85.15,135.97,279.33,,-0.1069,-0.1321,complementary
1784237851.6062613,6.7944,2,296.7,299.24,85.15,135.97,267.22,,-0.1067,-0.1319,complementary
1784237851.6220155,6.8101,2,288.39,292.51,85.15,135.97,256.53,,-0.1067,-0.1319,complementary
1784237851.6382582,6.8264,2,279.81,285.58,85.15,135.97,245.51,,-0.1067,-0.1319,complementary
1784237851.654384,6.8425,2,271.39,278.75,85.15,135.97,234.67,,-0.1059,-0.1307,complementary
1784237851.6711254,6.8592,2,262.64,271.65,85.15,135.97,223.41,,-0.1059,-0.1307,complementary
1784237851.6874301,6.8755,2,254.4,264.99,85.15,135.97,212.82,,-0.1022,-0.1262,complementary
1784237851.7046254,6.8927,2,245.72,257.96,85.15,135.97,201.66,,-0.1022,-0.1262,complementary
1784237851.7215393,6.9097,2,237.18,251.05,85.15,135.97,190.67,,-0.1022,-0.1262,complementary
1784237851.7381015,6.9262,2,229.1,244.57,85.15,135.97,180.32,,-0.0978,-0.122,complementary
1784237851.7542915,6.9424,2,221.19,238.24,85.15,135.97,170.19,,-0.0978,-0.122,complementary
1784237851.7707589,6.9589,2,213.23,232.06,85.15,135.97,160.12,,-0.0938,-0.1208,complementary
1784237851.788213,6.9763,2,204.79,225.51,85.15,135.97,149.44,,-0.0938,-0.1208,complementary
1784237851.804542,6.9927,2,196.9,219.39,85.15,135.97,139.45,,-0.0938,-0.1208,complementary
1784237851.8214152,7.0095,2,189.24,213.67,85.15,135.97,129.89,,-0.0848,-0.1136,complementary
1784237851.8384678,7.0266,2,181.49,207.88,85.15,135.97,120.22,,-0.0848,-0.1136,complementary
1784237851.855236,7.0434,2,174.6,203.17,85.15,135.97,111.88,,-0.0703,-0.1027,complementary
1784237851.8713443,7.0595,2,167.98,198.63,85.15,135.97,103.86,,-0.0703,-0.1027,complementary
1784237851.8885648,7.0767,2,160.83,193.89,85.15,135.97,95.3,,-0.0689,-0.1038,complementary
1784237851.9052374,7.0934,2,153.91,189.29,85.15,135.97,87.01,,-0.0689,-0.1038,complementary
1784237851.9211981,7.1093,2,147.28,184.89,85.15,135.97,79.08,,-0.0689,-0.1038,complementary
1784237851.9381707,7.1263,2,140.26,180.3,85.15,135.97,70.73,,-0.0676,-0.1034,complementary
1784237851.9539812,7.1421,2,133.72,176.02,85.15,135.97,62.96,,-0.0676,-0.1034,complementary
1784237851.9703863,7.1585,2,127.19,171.92,85.15,135.97,55.32,,-0.0625,-0.0995,complementary
1784237851.9879844,7.1761,2,120.19,167.53,85.15,135.97,47.15,,-0.0625,-0.0995,complementary
1784237852.004407,7.1925,2,114.09,163.58,85.15,135.97,39.99,,-0.0601,-0.0928,complementary
1784237852.0210598,7.2092,2,107.9,159.57,85.15,135.97,32.78,,-0.0601,-0.0928,complementary
1784237852.0366693,7.2248,2,102.11,155.81,85.15,135.97,26.1,,-0.0601,-0.0928,complementary
1784237852.0525599,7.2407,2,96.63,152.38,85.15,135.97,20.03,,-0.054,-0.0862,complementary
1784237852.068478,7.2566,2,91.14,148.95,85.15,135.97,14.29,,-0.054,-0.0862,complementary
1784237852.0853336,7.2734,2,85.36,145.25,85.15,135.97,9.27,,-0.0549,-0.0857,complementary
1784237852.1027963,7.2909,2,79.37,141.41,85.15,135.97,7.93,,-0.0549,-0.0857,complementary
1784237852.1184194,7.3065,2,74.02,137.98,85.15,135.97,11.31,,-0.0549,-0.0857,complementary
1784237852.1352372,7.3234,2,68.38,134.45,85.15,135.97,16.84,,-0.0526,-0.0838,complementary
1784237852.1524916,7.3406,2,62.6,130.82,85.15,135.97,23.14,,-0.0526,-0.0838,complementary
1784237852.1695216,7.3576,2,57.18,127.47,85.15,135.97,29.23,,-0.0492,-0.0795,complementary
1784237852.1863136,7.3744,2,51.84,124.16,85.15,135.97,35.34,,-0.0492,-0.0795,complementary
1784237852.203468,7.3916,2,46.38,120.78,85.15,135.97,41.63,,-0.0492,-0.0795,complementary
1784237852.2205048,7.4086,2,41.41,117.6,85.15,135.97,47.44,,-0.0468,-0.073,complementary
1784237852.237577,7.4257,2,36.43,114.4,85.15,135.97,53.28,,-0.0468,-0.073,complementary
1784237852.2544098,7.4425,2,32.37,111.64,85.15,135.97,58.12,,-0.041,-0.0603,complementary
1784237852.271816,7.4599,2,28.17,108.79,85.15,135.97,63.14,,-0.041,-0.0603,complementary
1784237852.2876098,7.4757,2,25.23,106.58,85.15,135.97,66.74,,-0.0349,-0.0464,complementary
1784237852.3042638,7.4924,2,22.14,104.26,85.15,135.97,70.54,,-0.0349,-0.0464,complementary
1784237852.320429,7.5085,2,19.14,102.01,85.15,135.97,74.24,,-0.0349,-0.0464,complementary
1784237852.3375056,7.5256,2,16.74,100.0,85.15,135.97,77.29,,-0.0294,-0.0351,complementary
1784237852.354541,7.5427,2,14.35,98.0,85.15,135.97,80.35,,-0.0294,-0.0351,complementary
1784237852.3716414,7.5598,2,12.76,96.47,85.15,135.97,82.46,,-0.0223,-0.0232,complementary
1784237852.3882961,7.5764,2,11.22,94.99,85.15,135.97,84.53,,-0.0223,-0.0232,complementary
1784237852.404896,7.593,2,9.68,93.51,85.15,135.97,86.6,,-0.0223,-0.0232,complementary
1784237852.4212503,7.6094,2,8.89,92.43,85.15,135.97,87.82,,-0.0165,-0.0121,complementary
1784237852.4381187,7.6262,2,8.07,91.32,85.15,135.97,89.08,,-0.0165,-0.0121,complementary
1784237852.4541857,7.6423,2,8,90.52,85.15,135.97,89.54,,-0.0123,-0.0043,complementary
1784237852.4703577,7.6585,2,8,89.73,85.15,135.97,89.95,,-0.0123,-0.0043,complementary
1784237852.4870994,7.6752,2,8,88.97,85.15,135.97,90.34,,-0.0113,-0.0018,complementary
1784237852.5027883,7.6909,2,8,88.27,85.15,135.97,90.71,,-0.0113,-0.0018,complementary
1784237852.5193377,7.7075,2,8,87.52,85.15,135.97,91.1,,-0.0113,-0.0018,complementary
1784237852.5363998,7.7245,2,8.1,86.88,85.15,135.97,91.36,,-0.0094,0.0014,complementary
1784237852.5537412,7.7419,2,8.55,86.71,85.15,135.97,91.07,,-0.0025,0.0065,complementary
1784237852.5694017,7.7575,2,8.96,86.55,85.15,135.97,90.81,,-0.0025,0.0065,complementary
1784237852.5860572,7.7742,2,9.39,86.39,85.15,135.97,90.54,,-0.0025,0.0065,complementary
1784237852.6021414,7.7903,2,9.9,86.31,85.15,135.97,90.16,,-0.0012,0.0079,complementary
1784237852.6182332,7.8063,2,10.41,86.24,85.15,135.97,89.78,,-0.0012,0.0079,complementary
1784237852.6341527,7.8223,2,11.1,86.17,85.15,135.97,89.24,,-0.001,0.0109,complementary
1784237852.6496892,7.8378,2,11.78,86.11,85.15,135.97,88.71,,-0.001,0.0109,complementary
1784237852.666155,7.8543,2,12.73,86.26,85.15,135.97,87.84,,0.0023,0.0145,complementary
1784237852.6818101,7.8699,2,13.63,86.4,85.15,135.97,87.02,,0.0023,0.0145,complementary
1784237852.69855,7.8867,2,14.6,86.56,85.15,135.97,86.13,,0.0023,0.0145,complementary
1784237852.7160769,7.9042,2,15.75,86.9,85.15,135.97,84.99,,0.0049,0.0164,complementary
1784237852.7321827,7.9203,2,16.81,87.22,85.15,135.97,83.95,,0.0049,0.0164,complementary
1784237852.7483695,7.9365,2,17.97,87.76,85.15,135.97,82.69,,0.0083,0.018,complementary
1784237852.7649226,7.953,2,19.16,88.31,85.15,135.97,81.4,,0.0083,0.018,complementary
1784237852.7811697,7.9693,2,20.39,89.0,85.15,135.97,80.0,,0.0108,0.0189,complementary
1784237852.7978144,7.9859,2,21.65,89.72,85.15,135.97,78.56,,0.0108,0.0189,complementary
1784237852.8144097,8.0025,2,22.9,90.43,85.15,135.97,77.13,,0.0108,0.0189,complementary
1784237852.8317614,8.0199,2,24.29,91.21,85.15,135.97,75.55,,0.0112,0.02,complementary
1784237852.8482814,8.0364,2,25.61,91.95,85.15,135.97,74.05,,0.0112,0.02,complementary
1784237852.8644037,8.0525,2,26.95,92.71,85.15,135.97,72.52,,0.0117,0.0207,complementary
1784237852.8814063,8.0695,2,28.36,93.5,85.15,135.97,70.92,,0.0117,0.0207,complementary
1784237852.8979805,8.0861,2,29.73,94.27,85.15,135.97,69.35,,0.0117,0.0207,complementary
1784237852.914494,8.1026,2,31.19,95.12,85.15,135.97,67.68,,0.0129,0.0221,complementary
1784237852.9311063,8.1192,2,32.66,95.97,85.15,135.97,66.0,,0.0129,0.0221,complementary
1784237852.9471202,8.1352,2,34.0,96.74,85.15,135.97,64.46,,0.012,0.021,complementary
1784237852.962705,8.1508,2,35.31,97.49,85.15,135.97,62.97,,0.012,0.021,complementary
1784237852.9794564,8.1676,2,36.71,98.3,85.15,135.97,61.37,,0.012,0.021,complementary
1784237852.9971614,8.1853,2,38.03,99.08,85.15,135.97,59.85,,0.011,0.0186,complementary
1784237853.0146096,8.2027,2,39.32,99.85,85.15,135.97,58.35,,0.011,0.0186,complementary
1784237853.031339,8.2195,2,40.5,100.65,85.15,135.97,56.93,,0.0121,0.0176,complementary
1784237853.048518,8.2366,2,41.71,101.48,85.15,135.97,55.47,,0.0121,0.0176,complementary
1784237853.0654144,8.2535,2,42.99,102.37,85.15,135.97,53.91,,0.0132,0.019,complementary
1784237853.0829327,8.271,2,44.32,103.3,85.15,135.97,52.3,,0.0132,0.019,complementary
1784237853.0991342,8.2872,2,45.63,104.17,85.15,135.97,50.73,,0.0134,0.0202,complementary
1784237853.1160514,8.3042,2,46.99,105.08,85.15,135.97,49.1,,0.0134,0.0202,complementary
1784237853.1321328,8.3202,2,48.29,105.94,85.15,135.97,47.55,,0.0134,0.0202,complementary
1784237853.1482277,8.3363,2,49.66,106.82,85.15,135.97,45.93,,0.0137,0.0213,complementary
1784237853.1636767,8.3518,2,50.97,107.67,85.15,135.97,44.38,,0.0137,0.0213,complementary
1784237853.1804194,8.3685,2,52.52,108.65,85.15,135.97,42.56,,0.0146,0.0231,complementary
1784237853.1969452,8.3851,2,54.04,109.61,85.15,135.97,40.77,,0.0146,0.0231,complementary
1784237853.2128549,8.401,2,55.57,110.66,85.15,135.97,38.93,,0.0164,0.024,complementary
1784237853.2284434,8.4166,2,57.06,111.69,85.15,135.97,37.13,,0.0164,0.024,complementary
1784237853.245397,8.4335,2,58.69,112.8,85.15,135.97,35.17,,0.0164,0.024,complementary
1784237853.2622573,8.4504,2,60.29,113.98,85.15,135.97,33.19,,0.0175,0.0237,complementary
1784237853.2785091,8.4666,2,61.83,115.12,85.15,135.97,31.29,,0.0175,0.0237,complementary
1784237853.2953932,8.4835,2,63.38,116.4,85.15,135.97,29.28,,0.0189,0.023,complementary
1784237853.3120985,8.5002,2,64.92,117.66,85.15,135.97,27.29,,0.0189,0.023,complementary
1784237853.3284328,8.5165,2,66.46,119.1,85.15,135.97,25.18,,0.022,0.0237,complementary
1784237853.345361,8.5335,2,68.07,120.58,85.15,135.97,22.99,,0.022,0.0237,complementary
1784237853.3624067,8.5505,2,69.68,122.08,85.15,135.97,20.79,,0.022,0.0237,complementary
1784237853.3793387,8.5675,2,71.26,123.59,85.15,135.97,18.61,,0.0222,0.0234,complementary
1784237853.3963637,8.5845,2,72.86,125.1,85.15,135.97,16.41,,0.0222,0.0234,complementary
1784237853.4136403,8.6018,2,74.43,126.6,85.15,135.97,14.25,,0.0216,0.0227,complementary
1784237853.4301798,8.6183,2,75.93,128.02,85.15,135.97,12.17,,0.0216,0.0227,complementary
1784237853.447493,8.6356,2,77.43,129.54,85.15,135.97,10.05,,0.0218,0.0217,complementary
1784237853.464127,8.6522,2,78.88,130.99,85.15,135.97,8.01,,0.0218,0.0217,complementary
1784237853.4801855,8.6683,2,80.28,132.39,85.15,135.97,6.05,,0.0218,0.0217,complementary
1784237853.4976592,8.6858,2,81.71,133.89,85.15,135.97,4.02,,0.0214,0.0205,complementary
1784237853.5143073,8.7024,2,83.07,135.32,85.15,135.97,2.18,,0.0214,0.0205,complementary
1784237853.5314426,8.7196,2,84.34,136.71,85.15,135.97,1.09,,0.0204,0.0186,complementary
1784237853.5480232,8.7361,2,85.57,138.06,85.15,135.97,2.13,,0.0204,0.0186,complementary
1784237853.5635657,8.7517,2,86.43,139.14,85.15,135.97,3.41,,0.0173,0.0137,complementary
1784237853.5806096,8.7687,2,87.36,140.31,85.15,135.97,4.87,,0.0173,0.0137,complementary
1784237853.5972264,8.7853,2,88.27,141.46,85.15,135.97,6.32,,0.0173,0.0137,complementary
1784237853.6133108,8.8014,2,88.87,142.37,85.15,135.97,7.4,,0.0141,0.0092,complementary
1784237853.629579,8.8177,2,89.47,143.28,85.15,135.97,8.49,,0.0141,0.0092,complementary
1784237853.6462464,8.8344,2,89.71,143.94,85.15,135.97,9.18,,0.0098,0.0037,complementary
1784237853.6619108,8.85,2,89.94,144.55,85.15,135.97,9.82,,0.0098,0.0037,complementary
1784237853.677478,8.8656,2,90.17,145.16,85.15,135.97,10.47,,0.0098,0.0037,complementary
1784237853.6939754,8.8821,2,90.07,145.44,85.15,135.97,10.67,,0.0043,-0.0015,complementary
1784237853.7096267,8.8977,2,89.98,145.71,85.15,135.97,10.87,,0.0043,-0.0015,complementary
1784237853.7260394,8.9142,2,89.61,145.53,85.15,135.97,10.54,,-0.0028,-0.0056,complementary
1784237853.7419305,8.93,2,89.26,145.35,85.15,135.97,10.24,,-0.0028,-0.0056,complementary
1784237853.7583103,8.9464,2,88.89,145.17,85.15,135.97,9.93,,-0.0028,-0.0056,complementary
1784237853.7754347,8.9635,2,88.46,144.77,85.15,135.97,9.4,,-0.0059,-0.0063,complementary
1784237853.7920344,8.9801,2,88.04,144.38,85.15,135.97,8.89,,-0.0059,-0.0063,complementary
1784237853.808744,8.9969,2,87.71,143.96,85.15,135.97,8.38,,-0.0063,-0.0048,complementary
1784237853.8249414,9.0131,2,87.4,143.55,85.15,135.97,7.9,,-0.0063,-0.0048,complementary
1784237853.8406034,9.0287,2,87.1,143.15,85.15,135.97,7.44,,-0.0063,-0.0048,complementary
1784237853.8582692,9.0464,2,86.95,142.77,85.15,135.97,7.03,,-0.0054,-0.0021,complementary
1784237853.874224,9.0623,2,86.82,142.43,85.15,135.97,6.67,,-0.0054,-0.0021,complementary
1784237853.8911064,9.0792,2,86.79,142.14,85.15,135.97,6.38,,-0.0043,-0.0004,complementary
1784237853.9066596,9.0948,2,86.76,141.87,85.15,135.97,6.11,,-0.0043,-0.0004,complementary
1784237853.9233167,9.1114,2,86.89,141.71,85.15,135.97,6.0,,-0.0024,0.002,complementary
1784237853.9399953,9.1281,2,87.03,141.55,85.15,135.97,5.89,,-0.0024,0.002,complementary
1784237853.9561589,9.1443,2,87.15,141.4,85.15,135.97,5.79,,-0.0024,0.002,complementary
1784237853.971763,9.1599,3,87.37,141.29,82.46,524.08,382.82,TARGET_HIT,-0.0018,0.0035,complementary
1784237853.9891949,9.1773,3,87.61,141.16,82.46,524.08,382.95,,-0.0018,0.0035,complementary
1784237854.0063503,9.1945,3,87.93,141.13,82.46,524.08,382.99,,-0.0005,0.0047,complementary
1784237854.0233753,9.2115,3,88.25,141.09,82.46,524.08,383.03,,-0.0005,0.0047,complementary
1784237854.0408816,9.229,3,88.57,141.08,82.46,524.08,383.05,,-0.0002,0.0046,complementary
1784237854.0574172,9.2455,3,88.88,141.06,82.46,524.08,383.07,,-0.0002,0.0046,complementary
1784237854.074126,9.2622,3,89.21,141.11,82.46,524.08,383.03,,0.0008,0.0051,complementary
1784237854.090297,9.2784,3,89.54,141.16,82.46,524.08,382.98,,0.0008,0.0051,complementary
1784237854.1071658,9.2953,3,89.88,141.22,82.46,524.08,382.94,,0.0008,0.0051,complementary
1784237854.124097,9.3122,3,90.2,141.29,82.46,524.08,382.87,,0.0011,0.0047,complementary
1784237854.1402283,9.3283,3,90.5,141.37,82.46,524.08,382.8,,0.0011,0.0047,complementary
1784237854.1574905,9.3456,3,90.85,141.46,82.46,524.08,382.72,,0.0013,0.005,complementary
1784237854.174981,9.3631,3,91.2,141.55,82.46,524.08,382.63,,0.0013,0.005,complementary
1784237854.1908846,9.379,3,91.57,141.73,82.46,524.08,382.46,,0.0029,0.0058,complementary
1784237854.2064028,9.3945,3,91.93,141.91,82.46,524.08,382.29,,0.0029,0.0058,complementary
1784237854.2231772,9.4113,3,92.31,142.1,82.46,524.08,382.11,,0.0029,0.0058,complementary
1784237854.239211,9.4273,3,92.78,142.45,82.46,524.08,381.77,,0.0055,0.0072,complementary
1784237854.2561824,9.4443,3,93.27,142.82,82.46,524.08,381.41,,0.0055,0.0072,complementary
1784237854.2726154,9.4607,3,93.77,143.46,82.46,524.08,380.79,,0.0097,0.0077,complementary
1784237854.2893183,9.4774,3,94.29,144.1,82.46,524.08,380.16,,0.0097,0.0077,complementary
1784237854.3060946,9.4942,3,94.57,144.96,82.46,524.08,379.31,,0.0128,0.0042,complementary
1784237854.3217223,9.5098,3,94.83,145.76,82.46,524.08,378.53,,0.0128,0.0042,complementary
1784237854.3383255,9.5264,3,94.79,146.99,82.46,524.08,377.29,,0.0186,-0.0005,complementary
1784237854.354784,9.5429,3,94.76,148.21,82.46,524.08,376.07,,0.0186,-0.0005,complementary
1784237854.371125,9.5592,3,94.73,149.43,82.46,524.08,374.85,,0.0186,-0.0005,complementary
1784237854.387498,9.5756,3,94.5,151.49,82.46,524.08,372.79,,0.0315,-0.0035,complementary
1784237854.4049788,9.5931,3,94.26,153.69,82.46,524.08,370.58,,0.0315,-0.0035,complementary
1784237854.4214513,9.6096,3,93.79,156.36,82.46,524.08,367.89,,0.0406,-0.0071,complementary
1784237854.43809,9.6262,3,93.32,159.07,82.46,524.08,365.17,,0.0406,-0.0071,complementary
1784237854.4543204,9.6424,3,92.86,161.7,82.46,524.08,362.53,,0.0406,-0.0071,complementary
1784237854.470937,9.6591,3,92.3,164.69,82.46,524.08,359.53,,0.0449,-0.0084,complementary
1784237854.487175,9.6753,3,91.75,167.61,82.46,524.08,356.59,,0.0449,-0.0084,complementary
1784237854.5030782,9.6912,3,91.33,170.91,82.46,524.08,353.28,,0.0519,-0.0065,complementary
1784237854.5194857,9.7076,3,90.91,174.32,82.46,524.08,349.86,,0.0519,-0.0065,complementary
1784237854.5360022,9.7241,3,90.48,177.75,82.46,524.08,346.42,,0.0519,-0.0065,complementary
1784237854.5516229,9.7397,3,90.38,181.58,82.46,524.08,342.59,,0.0613,-0.0016,complementary
1784237854.5684962,9.7566,3,90.28,185.72,82.46,524.08,338.45,,0.0613,-0.0016,complementary
1784237854.58648,9.7746,3,90.37,190.59,82.46,524.08,333.58,,0.0677,0.0013,complementary
1784237854.6038704,9.792,3,90.47,195.3,82.46,524.08,328.88,,0.0677,0.0013,complementary
1784237854.6200686,9.8082,3,90.55,199.68,82.46,524.08,324.5,,0.0677,0.0013,complementary
1784237854.6362998,9.8244,3,90.55,204.12,82.46,524.08,320.06,,0.0684,-0.0001,complementary
1784237854.653212,9.8413,3,90.54,208.74,82.46,524.08,315.44,,0.0684,-0.0001,complementary
1784237854.6694632,9.8576,3,90.67,213.53,82.46,524.08,310.66,,0.0736,0.0019,complementary
1784237854.6860704,9.8742,3,90.8,218.42,82.46,524.08,305.77,,0.0736,0.0019,complementary
1784237854.7024746,9.8906,3,90.92,223.25,82.46,524.08,300.95,,0.0736,0.0019,complementary
1784237854.7190368,9.9072,3,91.25,228.53,82.46,524.08,295.68,,0.0796,0.0049,complementary
1784237854.7350025,9.9231,3,91.56,233.61,82.46,524.08,290.61,,0.0796,0.0049,complementary
1784237854.7507007,9.9388,3,91.88,238.69,82.46,524.08,285.55,,0.0808,0.005,complementary
1784237854.767319,9.9554,3,92.21,244.06,82.46,524.08,280.19,,0.0808,0.005,complementary
1784237854.7842584,9.9724,3,92.47,249.57,82.46,524.08,274.69,,0.0813,0.0038,complementary
1784237854.8016796,9.9898,3,92.74,255.23,82.46,524.08,269.04,,0.0813,0.0038,complementary
1784237854.8181117,10.0062,3,92.99,260.58,82.46,524.08,263.71,,0.0813,0.0038,complementary
1784237854.8342495,10.0224,3,93.2,265.97,82.46,524.08,258.34,,0.0835,0.0032,complementary
1784237854.8512719,10.0394,3,93.41,271.65,82.46,524.08,252.67,,0.0835,0.0032,complementary
1784237854.8683,10.0564,3,93.63,277.34,82.46,524.08,247.0,,0.0835,0.0032,complementary
1784237854.8845017,10.0726,3,93.72,282.75,82.46,524.08,241.59,,0.0836,0.0014,complementary
1784237854.901997,10.0901,3,93.82,288.6,82.46,524.08,235.75,,0.0836,0.0014,complementary
1784237854.9180596,10.1062,3,93.83,293.85,82.46,524.08,230.51,,0.0818,0.0002,complementary
1784237854.934122,10.1222,3,93.85,299.11,82.46,524.08,225.26,,0.0818,0.0002,complementary
1784237854.9501567,10.1383,3,93.78,304.35,82.46,524.08,220.02,,0.0817,-0.0011,complementary
1784237854.9661815,10.1543,3,93.71,309.58,82.46,524.08,214.79,,0.0817,-0.0011,complementary
1784237854.9828703,10.171,3,93.53,315.06,82.46,524.08,209.32,,0.082,-0.0026,complementary
1784237854.9990544,10.1872,3,93.36,320.37,82.46,524.08,204.01,,0.082,-0.0026,complementary
1784237855.0159512,10.2041,3,93.19,325.91,82.46,524.08,198.46,,0.082,-0.0026,complementary
1784237855.0324047,10.2205,3,92.97,331.37,82.46,524.08,193.0,,0.083,-0.0033,complementary
1784237855.0491095,10.2372,3,92.75,336.92,82.46,524.08,187.45,,0.083,-0.0033,complementary
1784237855.0647447,10.2529,3,92.48,342.1,82.46,524.08,182.26,,0.0829,-0.0044,complementary
1784237855.0820122,10.2701,3,92.18,347.83,82.46,524.08,176.52,,0.0829,-0.0044,complementary
1784237855.0977118,10.2858,3,91.9,353.03,82.46,524.08,171.31,,0.0829,-0.0044,complementary
1784237855.1144001,10.3025,3,91.61,358.67,82.46,524.08,165.67,,0.0844,-0.0044,complementary
1784237855.1314166,10.3195,3,91.31,364.41,82.46,524.08,159.91,,0.0844,-0.0044,complementary
1784237855.148146,10.3363,3,90.94,370.14,82.46,524.08,154.17,,0.0856,-0.0055,complementary
1784237855.1641695,10.3523,3,90.59,375.62,82.46,524.08,148.68,,0.0856,-0.0055,complementary
1784237855.1806695,10.3688,3,90.22,381.27,82.46,524.08,143.02,,0.0856,-0.0055,complementary
1784237855.1973171,10.3854,3,89.8,386.96,82.46,524.08,137.31,,0.0854,-0.0063,complementary
1784237855.2140474,10.4022,3,89.38,392.68,82.46,524.08,131.58,,0.0854,-0.0063,complementary
1784237855.230117,10.4182,3,88.93,398.22,82.46,524.08,126.03,,0.0862,-0.0069,complementary
1784237855.2457306,10.4338,3,88.5,403.6,82.46,524.08,120.63,,0.0862,-0.0069,complementary
1784237855.2623804,10.4505,3,88.03,409.34,82.46,524.08,114.87,,0.0862,-0.007,complementary
1784237855.2793672,10.4675,3,87.55,415.2,82.46,524.08,109.0,,0.0862,-0.007,complementary
1784237855.2963831,10.4845,3,87.08,421.06,82.46,524.08,103.12,,0.0862,-0.007,complementary
1784237855.3130977,10.5012,3,86.59,426.82,82.46,524.08,97.35,,0.0862,-0.0073,complementary
1784237855.3292286,10.5173,3,86.12,432.38,82.46,524.08,91.77,,0.0862,-0.0073,complementary
1784237855.3462212,10.5343,3,85.64,438.27,82.46,524.08,85.87,,0.0866,-0.007,complementary
1784237855.3626192,10.5507,3,85.18,443.95,82.46,524.08,80.17,,0.0866,-0.007,complementary
1784237855.3798616,10.568,3,84.7,449.93,82.46,524.08,74.18,,0.0866,-0.007,complementary
1784237855.3962212,10.5843,3,84.23,455.64,82.46,524.08,68.46,,0.0872,-0.0072,complementary
1784237855.4122086,10.6003,3,83.77,461.22,82.46,524.08,62.87,,0.0872,-0.0072,complementary
1784237855.4283698,10.6165,3,83.29,466.75,82.46,524.08,57.33,,0.0856,-0.0074,complementary
1784237855.445068,10.6332,3,82.8,472.47,82.46,524.08,51.61,,0.0856,-0.0074,complementary
1784237855.4608698,10.649,3,82.25,477.7,82.46,524.08,46.38,,0.0826,-0.0087,complementary
1784237855.477081,10.6652,3,81.68,483.05,82.46,524.08,41.03,,0.0826,-0.0087,complementary
1784237855.493204,10.6813,3,80.98,487.95,82.46,524.08,36.16,,0.0759,-0.0108,complementary
1784237855.5088482,10.697,3,80.31,492.69,82.46,524.08,31.46,,0.0759,-0.0108,complementary
1784237855.525911,10.714,3,79.57,497.87,82.46,524.08,26.37,,0.0759,-0.0108,complementary
1784237855.5424306,10.7305,3,78.74,502.09,82.46,524.08,22.3,,0.0639,-0.0126,complementary
1784237855.5592704,10.7474,3,77.89,506.39,82.46,524.08,18.27,,0.0639,-0.0126,complementary
1784237855.5759742,10.7641,3,77.08,510.23,82.46,524.08,14.86,,0.0575,-0.0121,complementary
1784237855.5916152,10.7797,3,76.33,513.82,82.46,524.08,11.95,,0.0575,-0.0121,complementary
1784237855.6090176,10.7971,3,75.48,517.82,82.46,524.08,9.37,,0.0575,-0.0121,complementary
1784237855.626009,10.8141,3,74.7,521.47,82.46,524.08,8.18,,0.0537,-0.0114,complementary
1784237855.6416152,10.8297,3,73.99,524.83,82.46,524.08,8.5,,0.0537,-0.0114,complementary
1784237855.658483,10.8466,3,73.26,527.85,82.46,524.08,9.94,,0.0448,-0.0108,complementary
1784237855.6759057,10.864,3,72.51,530.97,82.46,524.08,12.1,,0.0448,-0.0108,complementary
1784237855.6924405,10.8806,3,71.94,533.47,82.46,524.08,14.1,,0.0378,-0.0086,complementary
1784237855.7088997,10.897,3,71.37,535.96,82.46,524.08,16.25,,0.0378,-0.0086,complementary
1784237855.7253346,10.9134,3,70.81,538.44,82.46,524.08,18.49,,0.0378,-0.0086,complementary
1784237855.7421436,10.9303,3,70.36,540.81,82.46,524.08,20.64,,0.0351,-0.0067,complementary
1784237855.7583137,10.9464,3,69.92,543.08,82.46,524.08,22.76,,0.0351,-0.0067,complementary
1784237855.7752714,10.9634,3,69.46,545.46,82.46,524.08,25.02,,0.0351,-0.0067,complementary
1784237855.7920535,10.9802,3,69.07,547.53,82.46,524.08,27.0,,0.0308,-0.0059,complementary
1784237855.8085856,10.9967,3,68.67,549.57,82.46,524.08,28.98,,0.0308,-0.0059,complementary
1784237855.825065,11.0132,3,68.39,551.36,82.46,524.08,30.69,,0.0271,-0.0043,complementary
1784237855.8409162,11.029,3,68.11,553.08,82.46,524.08,32.35,,0.0271,-0.0043,complementary
1784237855.8571134,11.0452,3,67.83,554.84,82.46,524.08,34.06,,0.0271,-0.0043,complementary
1784237855.8731565,11.0613,3,67.63,556.44,82.46,524.08,35.59,,0.0249,-0.0031,complementary
1784237855.889027,11.0771,3,67.44,558.02,82.46,524.08,37.11,,0.0249,-0.0031,complementary
1784237855.9052815,11.0934,3,67.24,559.51,82.46,524.08,38.56,,0.0229,-0.003,complementary
1784237855.9227085,11.1108,3,67.04,561.11,82.46,524.08,40.11,,0.0229,-0.003,complementary
1784237855.940304,11.1284,3,66.84,562.47,82.46,524.08,41.45,,0.0194,-0.0028,complementary
1784237855.9572058,11.1453,3,66.65,563.78,82.46,524.08,42.74,,0.0194,-0.0028,complementary
1784237855.9733799,11.1615,3,66.47,565.04,82.46,524.08,43.97,,0.0194,-0.0028,complementary
1784237855.990529,11.1786,3,66.26,566.18,82.46,524.08,45.11,,0.0167,-0.0029,complementary
1784237856.008254,11.1964,3,66.05,567.36,82.46,524.08,46.29,,0.0167,-0.0029,complementary
1784237856.0242326,11.2123,3,65.82,568.31,82.46,524.08,47.26,,0.0149,-0.0036,complementary
1784237856.0415897,11.2297,3,65.57,569.35,82.46,524.08,48.31,,0.0149,-0.0036,complementary
1784237856.058314,11.2464,3,65.31,570.06,82.46,524.08,49.08,,0.0108,-0.0039,complementary
1784237856.0749457,11.2631,3,65.05,570.78,82.46,524.08,49.84,,0.0108,-0.0039,complementary
1784237856.0912037,11.2793,3,64.8,571.48,82.46,524.08,50.58,,0.0108,-0.0039,complementary
1784237856.107815,11.2959,3,64.59,571.96,82.46,524.08,51.1,,0.0072,-0.0031,complementary
1784237856.1236148,11.3117,3,64.4,572.41,82.46,524.08,51.6,,0.0072,-0.0031,complementary
1784237856.1405334,11.3286,3,64.33,572.68,82.46,524.08,51.88,,0.004,-0.001,complementary
1784237856.1573787,11.3455,3,64.27,572.96,82.46,524.08,52.15,,0.004,-0.001,complementary
1784237856.1750867,11.3632,3,64.43,573.07,82.46,524.08,52.2,,0.0015,0.0023,complementary
1784237856.191588,11.3797,3,64.58,573.17,82.46,524.08,52.24,,0.0015,0.0023,complementary
1784237856.2084916,11.3966,3,64.74,573.27,82.46,524.08,52.28,,0.0015,0.0023,complementary
1784237856.2252138,11.4133,3,65.02,573.16,82.46,524.08,52.09,,-0.0017,0.0042,complementary
1784237856.2413077,11.4294,3,65.29,573.05,82.46,524.08,51.89,,-0.0017,0.0042,complementary
1784237856.2581801,11.4463,3,65.6,572.71,82.46,524.08,51.47,,-0.0051,0.0047,complementary
1784237856.2748237,11.4629,3,65.92,572.37,82.46,524.08,51.05,,-0.0051,0.0047,complementary
1784237856.292023,11.4801,3,66.24,572.02,82.46,524.08,50.61,,-0.0051,0.0047,complementary
1784237856.308217,11.4963,3,66.65,571.53,82.46,524.08,50.02,,-0.0075,0.0063,complementary
1784237856.3238525,11.512,3,67.05,571.06,82.46,524.08,49.45,,-0.0075,0.0063,complementary
1784237856.3404253,11.5285,3,67.45,570.39,82.46,524.08,48.68,,-0.0102,0.0061,complementary
1784237856.3582404,11.5464,3,67.88,569.66,82.46,524.08,47.85,,-0.0102,0.0061,complementary
1784237856.3745053,11.5626,3,68.27,568.87,82.46,524.08,46.98,,-0.0121,0.0061,complementary
1784237856.3913674,11.5795,3,68.68,568.06,82.46,524.08,46.09,,-0.0121,0.0061,complementary
1784237856.4081657,11.5963,3,69.09,567.23,82.46,524.08,45.17,,-0.0123,0.006,complementary
1784237856.424145,11.6123,3,69.47,566.44,82.46,524.08,44.31,,-0.0123,0.006,complementary
1784237856.4400237,11.6281,3,69.86,565.66,82.46,524.08,43.44,,-0.0123,0.006,complementary
1784237856.4563003,11.6444,3,70.19,564.78,82.46,524.08,42.51,,-0.0135,0.0051,complementary
1784237856.4730618,11.6612,3,70.53,563.88,82.46,524.08,41.55,,-0.0135,0.0051,complementary
1784237856.4894016,11.6775,3,70.73,562.95,82.46,524.08,40.6,,-0.0143,0.003,complementary
1784237856.5060718,11.6942,3,70.93,561.99,82.46,524.08,39.63,,-0.0143,0.003,complementary
1784237856.5220969,11.7102,3,71.12,561.08,82.46,524.08,38.7,,-0.0143,0.003,complementary
1784237856.5383658,11.7265,3,71.2,560.01,82.46,524.08,37.66,,-0.0164,0.0012,complementary
1784237856.5552251,11.7433,3,71.28,558.91,82.46,524.08,36.58,,-0.0164,0.0012,complementary
1784237856.5717654,11.7599,3,71.32,557.77,82.46,524.08,35.48,,-0.0171,0.0006,complementary
1784237856.5873666,11.7755,3,71.36,556.7,82.46,524.08,34.46,,-0.0171,0.0006,complementary
1784237856.6043305,11.7924,3,71.41,555.44,82.46,524.08,33.25,,-0.0187,0.0007,complementary
1784237856.6210883,11.8092,3,71.46,554.19,82.46,524.08,32.05,,-0.0187,0.0007,complementary
1784237856.6373951,11.8255,3,71.5,552.97,82.46,524.08,30.9,,-0.0187,0.0007,complementary
1784237856.6540618,11.8422,3,71.55,551.54,82.46,524.08,29.55,,-0.0214,0.0007,complementary
1784237856.669711,11.8578,3,71.59,550.21,82.46,524.08,28.3,,-0.0214,0.0007,complementary
1784237856.686388,11.8745,3,71.69,548.79,82.46,524.08,26.95,,-0.0213,0.0015,complementary
1784237856.7038193,11.8919,3,71.79,547.3,82.46,524.08,25.55,,-0.0213,0.0015,complementary
1784237856.720404,11.9085,3,71.89,545.89,82.46,524.08,24.23,,-0.0213,0.0015,complementary
1784237856.736878,11.925,3,72.01,544.41,82.46,524.08,22.86,,-0.0225,0.0018,complementary
1784237856.753196,11.9413,3,72.12,542.94,82.46,524.08,21.51,,-0.0225,0.0018,complementary
1784237856.768988,11.9571,3,72.32,541.37,82.46,524.08,20.04,,-0.0248,0.0031,complementary
1784237856.784795,11.9729,3,72.51,539.8,82.46,524.08,18.6,,-0.0248,0.0031,complementary
1784237856.8019557,11.9901,3,72.82,538.14,82.46,524.08,17.05,,-0.0241,0.0044,complementary
1784237856.818464,12.0066,3,73.11,536.55,82.46,524.08,15.59,,-0.0241,0.0044,complementary
1784237856.8350723,12.0232,3,73.44,534.91,82.46,524.08,14.09,,-0.0247,0.005,complementary
1784237856.8508732,12.039,3,73.75,533.34,82.46,524.08,12.71,,-0.0247,0.005,complementary
1784237856.8673637,12.0555,3,74.08,531.71,82.46,524.08,11.33,,-0.0247,0.005,complementary
1784237856.8839793,12.0721,3,74.54,530.17,82.46,524.08,9.99,,-0.0232,0.0069,complementary
1784237856.9002106,12.0883,3,74.99,528.66,82.46,524.08,8.77,,-0.0232,0.0069,complementary
1784237856.916538,12.1047,3,75.6,527.49,82.46,524.08,7.66,,-0.0179,0.0094,complementary
1784237856.932669,12.1208,3,76.2,526.34,82.46,524.08,6.65,,-0.0179,0.0094,complementary
1784237856.948747,12.1369,3,76.81,525.19,82.46,524.08,5.76,,-0.0179,0.0094,complementary
1784237856.9663014,12.1544,3,77.27,524.22,82.46,524.08,5.19,,-0.0138,0.0066,complementary
1784237856.9833553,12.1715,3,77.72,523.28,82.46,524.08,4.8,,-0.0138,0.0066,complementary
1784237857.0003746,12.1885,3,77.87,522.71,82.46,524.08,4.79,,-0.0084,0.0022,complementary
1784237857.0170195,12.2051,3,78.02,522.16,82.46,524.08,4.84,,-0.0084,0.0022,complementary
1784237857.0333855,12.2215,3,78.16,521.61,82.46,524.08,4.96,,-0.0084,0.0022,complementary
1784237857.0503972,12.2385,3,78.1,521.35,82.46,524.08,5.14,,-0.0038,-0.0008,complementary
1784237857.0669422,12.2551,3,78.04,521.09,82.46,524.08,5.33,,-0.0038,-0.0008,complementary
1784237857.0833168,12.2714,3,77.87,521.22,82.46,524.08,5.4,,0.0019,-0.0026,complementary
1784237857.100278,12.2884,3,77.7,521.34,82.46,524.08,5.49,,0.0019,-0.0026,complementary
1784237857.1172361,12.3054,3,77.49,521.51,82.46,524.08,5.59,,0.0025,-0.003,complementary
1784237857.1330328,12.3211,3,77.3,521.67,82.46,524.08,5.69,,0.0025,-0.003,complementary
1784237857.149388,12.3375,3,77.1,521.83,82.46,524.08,5.81,,0.0025,-0.003,complementary
1784237857.1660275,12.3541,3,76.82,522.01,82.46,524.08,6.01,,0.0026,-0.0043,complementary
1784237857.1824262,12.3705,3,76.54,522.18,82.46,524.08,6.22,,0.0026,-0.0043,complementary
1784237857.1990812,12.3872,3,76.27,522.38,82.46,524.08,6.42,,0.0029,-0.004,complementary
1784237857.2149553,12.4031,3,76.01,522.56,82.46,524.08,6.62,,0.0029,-0.004,complementary
1784237857.2311127,12.4192,3,75.75,522.75,82.46,524.08,6.83,,0.0029,-0.004,complementary
1784237857.2470982,12.4352,3,75.5,522.88,82.46,524.08,7.06,,0.0021,-0.0039,complementary
1784237857.2627003,12.4508,3,75.26,523.01,82.46,524.08,7.28,,0.0021,-0.0039,complementary
1784237857.2787938,12.4669,3,75.07,523.18,82.46,524.08,7.45,,0.0026,-0.003,complementary
1784237857.2961872,12.4843,3,74.86,523.37,82.46,524.08,7.63,,0.0026,-0.003,complementary
1784237857.3117342,12.4998,3,74.67,523.53,82.46,524.08,7.8,,0.0026,-0.003,complementary
1784237857.328369,12.5165,3,74.57,523.67,82.46,524.08,7.9,,0.0021,-0.0016,complementary
1784237857.3454366,12.5336,3,74.46,523.81,82.46,524.08,8.0,,0.0021,-0.0016,complementary
1784237857.3626175,12.5507,4,74.46,523.86,501.0,392.71,446.24,TARGET_HIT,0.0007,-0.0,complementary
1784237857.379327,12.5674,4,74.46,523.9,501.0,392.71,446.26,,0.0007,-0.0,complementary
1784237857.3959746,12.5841,4,74.57,523.92,501.0,392.71,446.16,,0.0003,0.0016,complementary
1784237857.4120317,12.6001,4,74.67,523.94,501.0,392.71,446.06,,0.0003,0.0016,complementary
1784237857.4276116,12.6157,4,74.88,523.85,501.0,392.71,445.84,,-0.0015,0.0033,complementary
1784237857.4450178,12.6331,4,75.11,523.74,501.0,392.71,445.59,,-0.0015,0.0033,complementary
1784237857.4612534,12.6494,4,75.32,523.65,501.0,392.71,445.36,,-0.0015,0.0033,complementary
1784237857.4783876,12.6665,4,75.67,523.47,501.0,392.71,444.98,,-0.0026,0.005,complementary
1784237857.4951735,12.6833,4,76.0,523.3,501.0,392.71,444.6,,-0.0026,0.005,complementary
1784237857.5106292,12.6987,4,76.36,523.14,501.0,392.71,444.22,,-0.0025,0.0058,complementary
1784237857.52736,12.7155,4,76.75,522.97,501.0,392.71,443.8,,-0.0025,0.0058,complementary
1784237857.5442348,12.7323,4,77.14,522.8,501.0,392.71,443.37,,-0.0025,0.0058,complementary
1784237857.5604844,12.7486,4,77.58,522.54,501.0,392.71,442.88,,-0.004,0.0067,complementary
1784237857.5770085,12.7651,4,78.02,522.28,501.0,392.71,442.38,,-0.004,0.0067,complementary
1784237857.5925384,12.7807,4,78.82,521.94,501.0,392.71,441.52,,-0.0054,0.0128,complementary
1784237857.6099007,12.798,4,79.71,521.57,501.0,392.71,440.56,,-0.0054,0.0128,complementary
1784237857.6265547,12.8147,4,80.56,521.21,501.0,392.71,439.64,,-0.0054,0.0128,complementary
1784237857.6431444,12.8313,4,82.02,520.7,501.0,392.71,438.09,,-0.0077,0.022,complementary
1784237857.6592715,12.8474,4,83.45,520.2,501.0,392.71,436.58,,-0.0077,0.022,complementary
1784237857.676127,12.8642,4,85.61,519.33,501.0,392.71,434.26,,-0.013,0.0321,complementary
1784237857.6922798,12.8804,4,87.68,518.49,501.0,392.71,432.03,,-0.013,0.0321,complementary
1784237857.7082317,12.8963,4,90.5,517.43,501.0,392.71,429.02,,-0.0167,0.0442,complementary
1784237857.725247,12.9134,4,93.51,516.29,501.0,392.71,425.81,,-0.0167,0.0442,complementary
1784237857.7423825,12.9305,4,97.57,515.08,501.0,392.71,421.58,,-0.0177,0.0591,complementary
1784237857.7597804,12.9479,4,101.68,513.85,501.0,392.71,417.29,,-0.0177,0.0591,complementary
1784237857.7772555,12.9654,4,105.82,512.61,501.0,392.71,412.97,,-0.0177,0.0591,complementary
1784237857.793902,12.982,4,110.49,511.57,501.0,392.71,408.19,,-0.0156,0.0703,complementary
1784237857.810334,12.9984,4,115.11,510.55,501.0,392.71,403.48,,-0.0156,0.0703,complementary
1784237857.8275483,13.0157,4,120.5,509.33,501.0,392.71,397.97,,-0.0177,0.0783,complementary
1784237857.8443265,13.0324,4,125.75,508.15,501.0,392.71,392.6,,-0.0177,0.0783,complementary
1784237857.8613257,13.0494,4,131.08,506.94,501.0,392.71,387.16,,-0.0177,0.0783,complementary
1784237857.8785913,13.0667,4,136.51,505.59,501.0,392.71,381.57,,-0.0196,0.0786,complementary
1784237857.896422,13.0845,4,142.11,504.19,501.0,392.71,375.8,,-0.0196,0.0786,complementary
1784237857.9139364,13.1021,4,147.84,502.88,501.0,392.71,369.95,,-0.0187,0.0817,complementary
1784237857.929559,13.1177,4,152.94,501.72,501.0,392.71,364.73,,-0.0187,0.0817,complementary
1784237857.9461703,13.1343,4,158.36,500.48,501.0,392.71,359.18,,-0.0187,0.0817,complementary
1784237857.9619102,13.15,4,163.8,499.28,501.0,392.71,353.63,,-0.0191,0.0864,complementary
1784237857.978314,13.1664,4,169.47,498.02,501.0,392.71,347.85,,-0.0191,0.0864,complementary
1784237857.9952898,13.1834,4,175.46,496.59,501.0,392.71,341.71,,-0.021,0.0883,complementary
1784237858.0127892,13.2009,4,181.64,495.12,501.0,392.71,335.37,,-0.021,0.0883,complementary
1784237858.0284898,13.2166,4,187.19,493.71,501.0,392.71,329.66,,-0.0225,0.0884,complementary
1784237858.0452473,13.2334,4,193.12,492.19,501.0,392.71,323.55,,-0.0225,0.0884,complementary
1784237858.061769,13.2499,4,198.93,490.62,501.0,392.71,317.54,,-0.0238,0.0879,complementary
1784237858.07912,13.2672,4,205.03,488.97,501.0,392.71,311.23,,-0.0238,0.0879,complementary
1784237858.0953662,13.2835,4,210.66,487.26,501.0,392.71,305.34,,-0.0263,0.0867,complementary
1784237858.1128116,13.3009,4,216.71,485.43,501.0,392.71,299.02,,-0.0263,0.0867,complementary
1784237858.1284041,13.3165,4,222.12,483.79,501.0,392.71,293.37,,-0.0263,0.0867,complementary
1784237858.1449482,13.3331,4,227.85,481.83,501.0,392.71,287.32,,-0.0296,0.0865,complementary
1784237858.161275,13.3494,4,233.5,479.9,501.0,392.71,281.35,,-0.0296,0.0865,complementary
1784237858.1778152,13.3659,4,239.33,477.93,501.0,392.71,275.19,,-0.0299,0.0882,complementary
1784237858.1941187,13.3822,4,245.08,475.98,501.0,392.71,269.12,,-0.0299,0.0882,complementary
1784237858.210485,13.3986,4,250.9,473.9,501.0,392.71,262.94,,-0.0318,0.0889,complementary
1784237858.2272398,13.4154,4,256.86,471.77,501.0,392.71,256.62,,-0.0318,0.0889,complementary
1784237858.2442985,13.4324,4,262.92,469.6,501.0,392.71,250.18,,-0.0318,0.0889,complementary
1784237858.260942,13.4491,4,268.89,467.3,501.0,392.71,243.8,,-0.0345,0.0896,complementary
1784237858.2771428,13.4653,4,274.69,465.06,501.0,392.71,237.59,,-0.0345,0.0896,complementary
1784237858.2927587,13.4809,4,280.29,462.9,501.0,392.71,231.6,,-0.0345,0.0896,complementary
1784237858.3093736,13.4975,4,286.27,460.54,501.0,392.71,225.18,,-0.0356,0.09,complementary
1784237858.3263285,13.5144,4,292.38,458.13,501.0,392.71,218.64,,-0.0356,0.09,complementary
1784237858.3432293,13.5313,4,298.42,455.65,501.0,392.71,212.13,,-0.0367,0.0894,complementary
1784237858.3599727,13.5481,4,304.41,453.19,501.0,392.71,205.68,,-0.0367,0.0894,complementary
1784237858.376266,13.5644,4,310.27,450.71,501.0,392.71,199.35,,-0.0381,0.0899,complementary
1784237858.3925626,13.5807,4,316.13,448.23,501.0,392.71,193.02,,-0.0381,0.0899,complementary
1784237858.4093733,13.5975,4,322.17,445.67,501.0,392.71,186.5,,-0.0381,0.0899,complementary
1784237858.4263566,13.6145,4,328.39,443.06,501.0,392.71,179.8,,-0.0384,0.0915,complementary
1784237858.4429388,13.6311,4,334.45,440.51,501.0,392.71,173.27,,-0.0384,0.0915,complementary
1784237858.458649,13.6468,4,340.23,438.06,501.0,392.71,167.04,,-0.039,0.0919,complementary
1784237858.47516,13.6633,4,346.3,435.48,501.0,392.71,160.5,,-0.039,0.0919,complementary
1784237858.4920495,13.6802,4,352.51,432.84,501.0,392.71,153.82,,-0.039,0.0919,complementary
1784237858.5083287,13.6964,4,358.52,430.3,501.0,392.71,147.36,,-0.0391,0.0923,complementary
1784237858.5254624,13.7136,4,364.84,427.62,501.0,392.71,140.56,,-0.0391,0.0923,complementary
1784237858.5429823,13.7311,4,371.43,424.87,501.0,392.71,133.5,,-0.0393,0.094,complementary
1784237858.5589805,13.7471,4,377.45,422.36,501.0,392.71,127.06,,-0.0393,0.094,complementary
1784237858.574625,13.7627,4,383.33,419.9,501.0,392.71,120.77,,-0.0393,0.094,complementary
1784237858.591314,13.7794,4,389.64,417.24,501.0,392.71,114.02,,-0.0399,0.0946,complementary
1784237858.6082196,13.7963,4,396.04,414.54,501.0,392.71,107.2,,-0.0399,0.0946,complementary
1784237858.6243665,13.8125,4,402.1,412.0,501.0,392.71,100.76,,-0.0394,0.0938,complementary
1784237858.641092,13.8292,4,408.38,409.37,501.0,392.71,94.1,,-0.0394,0.0938,complementary
1784237858.656737,13.8449,4,414.09,406.98,501.0,392.71,88.07,,-0.0381,0.0912,complementary
1784237858.673617,13.8617,4,420.25,404.41,501.0,392.71,81.59,,-0.0381,0.0912,complementary
1784237858.6902766,13.8784,4,426.33,401.87,501.0,392.71,75.23,,-0.0381,0.0912,complementary
1784237858.707263,13.8954,4,432.23,399.46,501.0,392.71,69.1,,-0.0354,0.0868,complementary
1784237858.7239373,13.9121,4,438.02,397.1,501.0,392.71,63.13,,-0.0354,0.0868,complementary
1784237858.7402112,13.9283,4,443.27,394.96,501.0,392.71,57.77,,-0.0329,0.0807,complementary
1784237858.7562203,13.9443,4,448.44,392.86,501.0,392.71,52.56,,-0.0329,0.0807,complementary
1784237858.7733953,13.9615,4,453.99,390.6,501.0,392.71,47.06,,-0.0329,0.0807,complementary
1784237858.7908106,13.9789,4,459.13,388.63,501.0,392.71,42.07,,-0.0284,0.0737,complementary
1784237858.8083236,13.9964,4,464.29,386.64,501.0,392.71,37.21,,-0.0284,0.0737,complementary
1784237858.8249393,14.0131,4,468.2,385.14,501.0,392.71,33.66,,-0.0226,0.0589,complementary
1784237858.8404996,14.0286,4,471.87,383.73,501.0,392.71,30.48,,-0.0226,0.0589,complementary
1784237858.858034,14.0461,4,474.83,382.61,501.0,392.71,28.05,,-0.0159,0.0423,complementary
1784237858.8740287,14.0621,4,477.54,381.59,501.0,392.71,25.96,,-0.0159,0.0423,complementary
1784237858.8904822,14.0786,4,480.32,380.54,501.0,392.71,24.0,,-0.0159,0.0423,complementary
1784237858.9071918,14.0953,4,482.57,379.87,501.0,392.71,22.46,,-0.01,0.0337,complementary
1784237858.9233654,14.1115,4,484.75,379.23,501.0,392.71,21.11,,-0.01,0.0337,complementary
1784237858.9409,14.129,4,486.66,378.93,501.0,392.71,19.89,,-0.0042,0.0272,complementary
1784237858.9574568,14.1456,4,488.46,378.65,501.0,392.71,18.83,,-0.0042,0.0272,complementary
1784237858.974974,14.1631,4,490.37,378.36,501.0,392.71,17.86,,-0.0042,0.0272,complementary
1784237858.9909797,14.1791,4,492.01,378.23,501.0,392.71,17.05,,-0.0021,0.0256,complementary
1784237859.006632,14.1947,4,493.61,378.1,501.0,392.71,16.38,,-0.0021,0.0256,complementary
1784237859.023292,14.2114,4,495.07,378.17,501.0,392.71,15.71,,0.0011,0.0219,complementary
1784237859.0405273,14.2286,4,496.58,378.24,501.0,392.71,15.13,,0.0011,0.0219,complementary
1784237859.0570703,14.2452,4,497.89,378.4,501.0,392.71,14.64,,0.0024,0.0198,complementary
1784237859.0726178,14.2607,4,499.13,378.55,501.0,392.71,14.28,,0.0024,0.0198,complementary
1784237859.0891666,14.2773,4,500.44,378.71,501.0,392.71,14.01,,0.0024,0.0198,complementary
1784237859.1052117,14.2933,4,501.76,378.88,501.0,392.71,13.86,,0.0026,0.0206,complementary
1784237859.120974,14.3091,4,503.06,379.04,501.0,392.71,13.83,,0.0026,0.0206,complementary
1784237859.1371539,14.3253,4,504.4,379.2,501.0,392.71,13.93,,0.0026,0.0206,complementary
1784237859.1532197,14.3413,4,505.69,379.38,501.0,392.71,14.13,,0.0028,0.0201,complementary
1784237859.1704154,14.3585,4,507.07,379.58,501.0,392.71,14.47,,0.0028,0.0201,complementary
1784237859.187859,14.376,4,508.47,379.75,501.0,392.71,14.96,,0.0025,0.0201,complementary
1784237859.2041094,14.3922,4,509.78,379.92,501.0,392.71,15.52,,0.0025,0.0201,complementary
1784237859.2203164,14.4084,4,511.12,380.01,501.0,392.71,16.24,,0.0014,0.0206,complementary
1784237859.2377915,14.4259,4,512.56,380.11,501.0,392.71,17.1,,0.0014,0.0206,complementary
1784237859.2548976,14.443,4,513.96,380.21,501.0,392.71,18.01,,0.0014,0.0206,complementary
1784237859.271296,14.4594,4,515.16,380.23,501.0,392.71,18.88,,0.0002,0.0182,complementary
1784237859.2880776,14.4762,4,516.38,380.24,501.0,392.71,19.8,,0.0002,0.0182,complementary
1784237859.304217,14.4923,4,517.42,380.31,501.0,392.71,20.58,,0.0011,0.0161,complementary
1784237859.320176,14.5083,4,518.45,380.39,501.0,392.71,21.36,,0.0011,0.0161,complementary
1784237859.3361006,14.5242,4,519.47,380.46,501.0,392.71,22.17,,0.0011,0.0161,complementary
1784237859.3522744,14.5404,4,520.2,380.44,501.0,392.71,22.79,,-0.0004,0.0113,complementary
1784237859.3682606,14.5564,4,520.92,380.41,501.0,392.71,23.42,,-0.0004,0.0113,complementary
1784237859.3847682,14.5729,4,521.34,380.42,501.0,392.71,23.77,,0.0001,0.0063,complementary
1784237859.4008615,14.589,4,521.74,380.42,501.0,392.71,24.11,,0.0001,0.0063,complementary
1784237859.417453,14.6056,4,522.15,380.43,501.0,392.71,24.46,,0.0001,0.0063,complementary
1784237859.4343755,14.6225,4,522.24,380.49,501.0,392.71,24.51,,0.0009,0.0013,complementary
1784237859.4514544,14.6396,4,522.32,380.55,501.0,392.71,24.55,,0.0009,0.0013,complementary
1784237859.4680436,14.6562,4,521.93,380.45,501.0,392.71,24.25,,-0.0014,-0.006,complementary
1784237859.4836311,14.6717,4,521.55,380.36,501.0,392.71,23.98,,-0.0014,-0.006,complementary
1784237859.4995916,14.6877,4,520.91,380.2,501.0,392.71,23.52,,-0.0025,-0.01,complementary
1784237859.5163796,14.7045,4,520.24,380.03,501.0,392.71,23.05,,-0.0025,-0.01,complementary
1784237859.5337267,14.7218,4,519.06,379.78,501.0,392.71,22.22,,-0.0036,-0.017,complementary
1784237859.5503497,14.7385,4,517.93,379.54,501.0,392.71,21.45,,-0.0036,-0.017,complementary
1784237859.5674386,14.7556,4,516.46,379.35,501.0,392.71,20.43,,-0.0027,-0.0215,complementary
1784237859.5839353,14.772,4,515.04,379.18,501.0,392.71,19.5,,-0.0027,-0.0215,complementary
1784237859.600412,14.7885,4,513.62,379.0,501.0,392.71,18.64,,-0.0027,-0.0215,complementary
1784237859.6171076,14.8052,4,511.79,378.76,501.0,392.71,17.64,,-0.0036,-0.0273,complementary
1784237859.6331897,14.8213,4,510.03,378.53,501.0,392.71,16.82,,-0.0036,-0.0273,complementary
1784237859.6488967,14.837,4,508.06,378.25,501.0,392.71,16.09,,-0.0044,-0.0314,complementary
1784237859.6649072,14.853,4,506.06,377.97,501.0,392.71,15.59,,-0.0044,-0.0314,complementary
1784237859.6810193,14.8691,4,504.03,377.79,501.0,392.71,15.23,,-0.0028,-0.0314,complementary
1784237859.6965756,14.8847,4,502.08,377.61,501.0,392.71,15.14,,-0.0028,-0.0314,complementary
1784237859.7138793,14.902,4,499.91,377.42,501.0,392.71,15.33,,-0.0028,-0.0314,complementary
1784237859.7295723,14.9177,4,498.25,377.28,501.0,392.71,15.68,,-0.0022,-0.0264,complementary
1784237859.7460752,14.9342,4,496.51,377.13,501.0,392.71,16.21,,-0.0022,-0.0264,complementary
1784237859.7622564,14.9504,4,495.32,376.9,501.0,392.71,16.8,,-0.0035,-0.0184,complementary
1784237859.7790422,14.9672,4,494.08,376.67,501.0,392.71,17.47,,-0.0035,-0.0184,complementary
1784237859.7945914,14.9827,4,493.45,376.56,501.0,392.71,17.82,,-0.0016,-0.0101,complementary
1784237859.811892,15.0,4,492.75,376.45,501.0,392.71,18.23,,-0.0016,-0.0101,complementary
1784237859.8285792,15.0167,4,492.08,376.34,501.0,392.71,18.64,,-0.0016,-0.0101,complementary
1784237859.845306,15.0334,4,491.81,376.33,501.0,392.71,18.78,,-0.0001,-0.004,complementary
1784237859.8623016,15.0504,4,491.54,376.33,501.0,392.71,18.92,,-0.0001,-0.004,complementary
1784237859.879505,15.0676,4,491.75,376.52,501.0,392.71,18.64,,0.0028,0.0032,complementary
1784237859.8962255,15.0843,4,491.97,376.71,501.0,392.71,18.38,,0.0028,0.0032,complementary
1784237859.912014,15.1001,4,492.32,376.95,501.0,392.71,17.99,,0.0039,0.0055,complementary
1784237859.9284348,15.1165,4,492.68,377.21,501.0,392.71,17.6,,0.0039,0.0055,complementary
1784237859.945411,15.1335,4,493.13,377.49,501.0,392.71,17.13,,0.0042,0.0067,complementary
1784237859.962973,15.1511,4,493.6,377.79,501.0,392.71,16.66,,0.0042,0.0067,complementary
1784237859.9793305,15.1674,4,494.1,378.06,501.0,392.71,16.2,,0.0042,0.0076,complementary
1784237859.996343,15.1845,4,494.61,378.35,501.0,392.71,15.72,,0.0042,0.0076,complementary
1784237860.0134294,15.2015,4,495.28,378.67,501.0,392.71,15.17,,0.0047,0.0097,complementary
1784237860.0308816,15.219,4,495.95,379.0,501.0,392.71,14.61,,0.0047,0.0097,complementary
1784237860.0472286,15.2353,4,496.59,379.31,501.0,392.71,14.11,,0.0047,0.0097,complementary
1784237860.0632207,15.2513,4,497.25,379.81,501.0,392.71,13.44,,0.0078,0.0103,complementary
1784237860.0804222,15.2685,4,497.95,380.35,501.0,392.71,12.73,,0.0078,0.0103,complementary
1784237860.097115,15.2852,4,498.53,380.87,501.0,392.71,12.1,,0.0077,0.0087,complementary
1784237860.113136,15.3013,4,499.09,381.36,501.0,392.71,11.51,,0.0077,0.0087,complementary
1784237860.1287653,15.3169,4,499.63,381.84,501.0,392.71,10.96,,0.0077,0.0087,complementary
1784237860.14597,15.3341,4,500.01,382.39,501.0,392.71,10.37,,0.008,0.0056,complementary
1784237860.162151,15.3503,5,500.37,382.91,734.63,150.68,329.85,TARGET_HIT,0.008,0.0056,complementary
1784237860.1784253,15.3665,5,500.54,383.53,734.63,150.68,330.18,,0.0096,0.0026,complementary
1784237860.1963463,15.3845,5,500.72,384.22,734.63,150.68,330.53,,0.0096,0.0026,complementary
1784237860.213072,15.4012,5,500.78,384.81,734.63,150.68,330.91,,0.0089,0.0009,complementary
1784237860.2289398,15.4171,5,500.84,385.38,734.63,150.68,331.27,,0.0089,0.0009,complementary
1784237860.244525,15.4326,5,500.9,385.93,734.63,150.68,331.62,,0.0089,0.0009,complementary
1784237860.2616165,15.4497,5,500.86,386.36,734.63,150.68,331.96,,0.0063,-0.0006,complementary
1784237860.2783084,15.4664,5,500.81,386.79,734.63,150.68,332.29,,0.0063,-0.0006,complementary
1784237860.2960846,15.4842,5,500.64,387.3,734.63,150.68,332.78,,0.0072,-0.0024,complementary
1784237860.3119628,15.5001,5,500.48,387.76,734.63,150.68,333.21,,0.0072,-0.0024,complementary
1784237860.327706,15.5158,5,500.33,388.21,734.63,150.68,333.64,,0.0072,-0.0024,complementary
1784237860.344556,15.5327,5,500.1,388.77,734.63,150.68,334.2,,0.0082,-0.0034,complementary
1784237860.362016,15.5501,5,499.86,389.34,734.63,150.68,334.77,,0.0082,-0.0034,complementary
1784237860.3776515,15.5658,5,499.6,389.66,734.63,150.68,335.18,,0.0051,-0.0042,complementary
1784237860.3949738,15.5831,5,499.32,390.01,734.63,150.68,335.63,,0.0051,-0.0042,complementary
1784237860.4111915,15.5993,5,499.12,390.19,734.63,150.68,335.9,,0.0027,-0.0031,complementary
1784237860.4268577,15.615,5,498.93,390.35,734.63,150.68,336.15,,0.0027,-0.0031,complementary
1784237860.4434726,15.6316,5,499.01,390.58,734.63,150.68,336.26,,0.0034,0.0012,complementary
1784237860.4603553,15.6485,5,499.09,390.81,734.63,150.68,336.37,,0.0034,0.0012,complementary
1784237860.4774344,15.6655,5,499.51,390.83,734.63,150.68,336.09,,0.0002,0.0061,complementary
1784237860.4938924,15.682,5,499.91,390.85,734.63,150.68,335.82,,0.0002,0.0061,complementary
1784237860.5099585,15.6981,5,500.3,390.86,734.63,150.68,335.55,,0.0002,0.0061,complementary
1784237860.5259786,15.7141,5,500.89,390.15,734.63,150.68,334.63,,-0.0111,0.0093,complementary
1784237860.5424726,15.7306,5,501.51,389.42,734.63,150.68,333.68,,-0.0111,0.0093,complementary
1784237860.559485,15.7476,5,502.45,387.81,734.63,150.68,331.87,,-0.0237,0.0139,complementary
1784237860.5760436,15.7642,5,503.37,386.24,734.63,150.68,330.1,,-0.0237,0.0139,complementary
1784237860.5921032,15.7802,5,504.67,384.05,734.63,150.68,327.63,,-0.0342,0.0202,complementary
1784237860.608193,15.7963,5,505.97,381.85,734.63,150.68,325.15,,-0.0342,0.0202,complementary
1784237860.6241257,15.8122,5,507.55,379.16,734.63,150.68,322.13,,-0.0422,0.0248,complementary
1784237860.6402004,15.8283,5,509.14,376.45,734.63,150.68,319.09,,-0.0422,0.0248,complementary
1784237860.6559799,15.8441,5,510.7,373.78,734.63,150.68,316.1,,-0.0422,0.0248,complementary
1784237860.6723402,15.8605,5,512.66,370.58,734.63,150.68,312.45,,-0.0489,0.0299,complementary
1784237860.6894097,15.8775,5,514.7,367.24,734.63,150.68,308.65,,-0.0489,0.0299,complementary
1784237860.7060564,15.8942,5,517.19,363.79,734.63,150.68,304.46,,-0.0518,0.0373,complementary
1784237860.7220821,15.9102,5,519.58,360.47,734.63,150.68,300.43,,-0.0518,0.0373,complementary
1784237860.737626,15.9257,5,521.9,357.25,734.63,150.68,296.52,,-0.0518,0.0373,complementary
1784237860.7543178,15.9424,5,524.75,353.7,734.63,150.68,292.0,,-0.0533,0.0427,complementary
1784237860.7711256,15.9592,5,527.62,350.12,734.63,150.68,287.45,,-0.0533,0.0427,complementary
1784237860.787009,15.9751,5,530.54,346.61,734.63,150.68,282.91,,-0.0552,0.0459,complementary
1784237860.8027618,15.9909,5,533.43,343.13,734.63,150.68,278.42,,-0.0552,0.0459,complementary
1784237860.8194218,16.0075,5,536.73,339.3,734.63,150.68,273.38,,-0.0575,0.0495,complementary
1784237860.8364518,16.0246,5,540.1,335.38,734.63,150.68,268.24,,-0.0575,0.0495,complementary
1784237860.8537173,16.0418,5,543.85,331.35,734.63,150.68,262.75,,-0.0583,0.0542,complementary
1784237860.8707757,16.0589,5,547.55,327.37,734.63,150.68,257.33,,-0.0583,0.0542,complementary
1784237860.8873878,16.0755,5,551.15,323.5,734.63,150.68,252.05,,-0.0583,0.0542,complementary
1784237860.904459,16.0926,5,555.06,319.36,734.63,150.68,246.37,,-0.0607,0.0572,complementary
1784237860.9214027,16.1095,5,558.93,315.24,734.63,150.68,240.73,,-0.0607,0.0572,complementary
1784237860.9385555,16.1267,5,563.07,310.87,734.63,150.68,234.71,,-0.0638,0.0603,complementary
1784237860.9561372,16.1443,5,567.31,306.38,734.63,150.68,228.55,,-0.0638,0.0603,complementary
1784237860.9722433,16.1604,5,571.2,302.27,734.63,150.68,222.91,,-0.0638,0.0603,complementary
1784237860.9889338,16.177,5,575.41,298.0,734.63,150.68,216.91,,-0.0639,0.0631,complementary
1784237861.0049746,16.1931,5,579.46,293.9,734.63,150.68,211.16,,-0.0639,0.0631,complementary
1784237861.020942,16.2091,5,583.54,289.78,734.63,150.68,205.37,,-0.0645,0.0638,complementary
1784237861.036629,16.2247,5,587.54,285.74,734.63,150.68,199.69,,-0.0645,0.0638,complementary
1784237861.0532756,16.2414,5,591.82,281.36,734.63,150.68,193.58,,-0.0657,0.0644,complementary
1784237861.0695248,16.2576,5,596.0,277.1,734.63,150.68,187.61,,-0.0657,0.0644,complementary
1784237861.086098,16.2742,5,600.27,272.74,734.63,150.68,181.52,,-0.0657,0.0644,complementary
1784237861.102622,16.2907,5,604.55,268.51,734.63,150.68,175.5,,-0.0641,0.0648,complementary
1784237861.1195672,16.3077,5,608.95,264.16,734.63,150.68,169.33,,-0.0641,0.0648,complementary
1784237861.1360676,16.3242,5,613.24,259.94,734.63,150.68,163.32,,-0.064,0.065,complementary
1784237861.1519978,16.3401,5,617.39,255.86,734.63,150.68,157.51,,-0.064,0.065,complementary
1784237861.1684294,16.3565,5,621.66,251.65,734.63,150.68,151.52,,-0.064,0.065,complementary
1784237861.1851518,16.3733,5,626.03,247.31,734.63,150.68,145.36,,-0.0649,0.0654,complementary
1784237861.200982,16.3891,5,630.18,243.2,734.63,150.68,139.54,,-0.0649,0.0654,complementary
1784237861.2167127,16.4048,5,634.37,239.14,734.63,150.68,133.7,,-0.0646,0.0666,complementary
1784237861.2341962,16.4223,5,639.03,234.62,734.63,150.68,127.22,,-0.0646,0.0666,complementary
1784237861.2507029,16.4388,5,643.42,230.35,734.63,150.68,121.1,,-0.0646,0.0666,complementary
1784237861.2683747,16.4565,5,648.13,225.79,734.63,150.68,114.56,,-0.0645,0.0666,complementary
1784237861.285416,16.4735,5,652.67,221.39,734.63,150.68,108.24,,-0.0645,0.0666,complementary
1784237861.3024442,16.4906,5,657.25,217.0,734.63,150.68,101.91,,-0.0645,0.0672,complementary
1784237861.319209,16.5073,5,661.75,212.67,734.63,150.68,95.68,,-0.0645,0.0672,complementary
1784237861.335382,16.5235,5,666.12,208.56,734.63,150.68,89.69,,-0.0635,0.0675,complementary
1784237861.3520684,16.5402,5,670.62,204.33,734.63,150.68,83.51,,-0.0635,0.0675,complementary
1784237861.3683693,16.5565,5,675.02,200.19,734.63,150.68,77.48,,-0.0635,0.0675,complementary
1784237861.3853014,16.5734,5,679.37,196.22,734.63,150.68,71.6,,-0.0585,0.0643,complementary
1784237861.4020972,16.5902,5,683.69,192.29,734.63,150.68,65.77,,-0.0585,0.0643,complementary
1784237861.4177268,16.6058,5,687.45,188.84,734.63,150.68,60.68,,-0.0551,0.0602,complementary
1784237861.4344234,16.6225,5,691.47,185.16,734.63,150.68,55.24,,-0.0551,0.0602,complementary
1784237861.4513843,16.6395,5,695.34,182.04,734.63,150.68,50.27,,-0.046,0.057,complementary
1784237861.467974,16.6561,5,699.12,178.99,734.63,150.68,45.41,,-0.046,0.057,complementary
1784237861.4843438,16.6725,5,702.85,175.98,734.63,150.68,40.62,,-0.046,0.057,complementary
1784237861.5013933,16.6895,5,706.53,174.26,734.63,150.68,36.68,,-0.0253,0.0539,complementary
1784237861.5180008,16.7061,5,710.11,172.58,734.63,150.68,32.87,,-0.0253,0.0539,complementary
1784237861.5335774,16.7217,5,713.07,171.4,734.63,150.68,29.91,,-0.0188,0.0474,complementary
1784237861.5503418,16.7385,5,716.25,170.14,734.63,150.68,26.77,,-0.0188,0.0474,complementary
1784237861.566887,16.755,5,719.3,168.74,734.63,150.68,23.69,,-0.0211,0.0461,complementary
1784237861.5829086,16.771,5,722.25,167.39,734.63,150.68,20.8,,-0.0211,0.0461,complementary
1784237861.5985315,16.7866,5,725.28,166.16,734.63,150.68,18.08,,-0.0197,0.0485,complementary
1784237861.6160173,16.8041,5,728.67,164.79,734.63,150.68,15.31,,-0.0197,0.0485,complementary
1784237861.6322157,16.8203,5,731.82,163.51,734.63,150.68,13.13,,-0.0197,0.0485,complementary
1784237861.6493876,16.8375,5,735.07,162.61,734.63,150.68,11.94,,-0.0131,0.0474,complementary
1784237861.6660092,16.8541,5,738.22,161.74,734.63,150.68,11.63,,-0.0131,0.0474,complementary
1784237861.6816955,16.8698,5,741.13,161.08,734.63,150.68,12.26,,-0.0107,0.0464,complementary
1784237861.6979902,16.8861,5,744.15,160.38,734.63,150.68,13.59,,-0.0107,0.0464,complementary
1784237861.7141292,16.9022,5,746.89,159.69,734.63,150.68,15.22,,-0.0107,0.0425,complementary
1784237861.7299745,16.9181,5,749.59,159.01,734.63,150.68,17.12,,-0.0107,0.0425,complementary
1784237861.7461405,16.9343,5,752.34,158.32,734.63,150.68,19.29,,-0.0107,0.0425,complementary
1784237861.7621653,16.9503,5,754.81,157.69,734.63,150.68,21.37,,-0.0098,0.0386,complementary
1784237861.7786894,16.9668,5,757.37,157.04,734.63,150.68,23.61,,-0.0098,0.0386,complementary
1784237861.795275,16.9834,5,759.51,156.59,734.63,150.68,25.58,,-0.0068,0.0323,complementary
1784237861.8128717,17.001,5,761.79,156.11,734.63,150.68,27.7,,-0.0068,0.0323,complementary
1784237861.8290627,17.0172,5,763.35,155.59,734.63,150.68,29.14,,-0.008,0.0241,complementary
1784237861.8449352,17.033,5,764.88,155.08,734.63,150.68,30.57,,-0.008,0.0241,complementary
1784237861.8612761,17.0494,5,766.46,154.55,734.63,150.68,32.07,,-0.008,0.0241,complementary
1784237861.877329,17.0654,5,767.27,153.85,734.63,150.68,32.8,,-0.011,0.0126,complementary
1784237861.8941677,17.0823,5,768.12,153.11,734.63,150.68,33.58,,-0.011,0.0126,complementary
1784237861.9097147,17.0978,5,768.29,152.46,734.63,150.68,33.71,,-0.0105,0.0026,complementary
1784237861.926338,17.1145,5,768.46,151.76,734.63,150.68,33.85,,-0.0105,0.0026,complementary
1784237861.943048,17.1312,5,767.86,150.99,734.63,150.68,33.23,,-0.0115,-0.009,complementary
1784237861.9591534,17.1473,5,767.28,150.25,734.63,150.68,32.65,,-0.0115,-0.009,complementary
1784237861.9748719,17.163,5,766.71,149.52,734.63,150.68,32.1,,-0.0115,-0.009,complementary
1784237861.9903631,17.1785,5,765.77,148.63,734.63,150.68,31.21,,-0.0145,-0.0152,complementary
1784237862.0072715,17.1954,5,764.74,147.65,734.63,150.68,30.27,,-0.0145,-0.0152,complementary
1784237862.0233262,17.2114,5,763.48,146.5,734.63,150.68,29.16,,-0.018,-0.0196,complementary
1784237862.0400448,17.2282,5,762.17,145.29,734.63,150.68,28.07,,-0.018,-0.0196,complementary
1784237862.056152,17.2443,5,760.91,144.14,734.63,150.68,27.09,,-0.018,-0.0196,complementary
1784237862.0723817,17.2605,5,759.69,143.0,734.63,150.68,26.22,,-0.0175,-0.0187,complementary
1784237862.0895185,17.2776,5,758.41,141.81,734.63,150.68,25.38,,-0.0175,-0.0187,complementary
1784237862.1062984,17.2944,5,757.25,140.67,734.63,150.68,24.74,,-0.0169,-0.0173,complementary
1784237862.12326,17.3114,5,756.07,139.53,734.63,150.68,24.17,,-0.0169,-0.0173,complementary
1784237862.139358,17.3275,5,754.96,138.44,734.63,150.68,23.73,,-0.0169,-0.0173,complementary
1784237862.1559315,17.344,5,754.02,137.25,734.63,150.68,23.59,,-0.0179,-0.0141,complementary
1784237862.172329,17.3604,5,753.1,136.08,734.63,150.68,23.54,,-0.0179,-0.0141,complementary
1784237862.1893785,17.3775,5,752.56,135.05,734.63,150.68,23.79,,-0.0151,-0.0079,complementary
1784237862.205995,17.3941,5,752.03,134.04,734.63,150.68,24.08,,-0.0151,-0.0079,complementary
1784237862.2220995,17.4102,5,751.9,133.29,734.63,150.68,24.51,,-0.0116,-0.0021,complementary
1784237862.2387562,17.4269,5,751.76,132.52,734.63,150.68,24.97,,-0.0116,-0.0021,complementary
1784237862.2552586,17.4434,5,751.62,131.75,734.63,150.68,25.44,,-0.0116,-0.0021,complementary
1784237862.2723355,17.4604,5,751.8,131.32,734.63,150.68,25.88,,-0.0064,0.0025,complementary
1784237862.288917,17.477,5,751.96,130.89,734.63,150.68,26.31,,-0.0064,0.0025,complementary
1784237862.3053148,17.4934,5,752.12,130.81,734.63,150.68,26.48,,-0.0013,0.0024,complementary
1784237862.3218703,17.51,5,752.28,130.73,734.63,150.68,26.64,,-0.0013,0.0024,complementary
1784237862.337703,17.5258,5,752.44,130.65,734.63,150.68,26.81,,-0.0013,0.0024,complementary
1784237862.3542705,17.5424,5,752.41,130.87,734.63,150.68,26.62,,0.0034,-0.0004,complementary
1784237862.370135,17.5582,5,752.38,131.09,734.63,150.68,26.44,,0.0034,-0.0004,complementary
1784237862.3863273,17.5744,5,752.36,131.31,734.63,150.68,26.26,,0.0034,-0.0004,complementary
1784237862.4029136,17.591,5,751.99,131.81,734.63,150.68,25.64,,0.0075,-0.0055,complementary
1784237862.419141,17.6073,5,751.64,132.3,734.63,150.68,25.04,,0.0075,-0.0055,complementary
1784237862.4351518,17.6233,5,751.01,132.93,734.63,150.68,24.16,,0.0099,-0.0097,complementary
1784237862.4508004,17.6389,5,750.41,133.55,734.63,150.68,23.29,,0.0099,-0.0097,complementary
1784237862.4680266,17.6561,5,749.58,134.32,734.63,150.68,22.16,,0.0112,-0.012,complementary
1784237862.4842594,17.6724,5,748.8,135.05,734.63,150.68,21.1,,0.0112,-0.012,complementary
1784237862.4999337,17.688,5,748.04,135.76,734.63,150.68,20.07,,0.0112,-0.012,complementary
1784237862.5163453,17.7045,5,747.2,136.63,734.63,150.68,18.86,,0.0132,-0.0128,complementary
1784237862.5332847,17.7214,5,746.33,137.52,734.63,150.68,17.61,,0.0132,-0.0128,complementary
1784237862.5500946,17.7382,5,745.29,138.41,734.63,150.68,16.25,,0.0132,-0.0154,complementary
1784237862.5664077,17.7545,5,744.29,139.28,734.63,150.68,14.95,,0.0132,-0.0154,complementary
1784237862.5835679,17.7717,5,742.98,140.28,734.63,150.68,13.34,,0.0146,-0.0191,complementary
1784237862.6003034,17.7884,5,741.7,141.26,734.63,150.68,11.78,,0.0146,-0.0191,complementary
1784237862.6175036,17.8056,5,740.39,142.27,734.63,150.68,10.19,,0.0146,-0.0191,complementary
1784237862.6340752,17.8222,5,738.8,143.18,734.63,150.68,8.58,,0.0138,-0.0239,complementary
1784237862.6503751,17.8385,5,737.24,144.08,734.63,150.68,7.1,,0.0138,-0.0239,complementary
1784237862.6669362,17.8551,5,735.63,144.97,734.63,150.68,5.79,,0.0134,-0.0244,complementary
1784237862.6828754,17.871,5,734.07,145.83,734.63,150.68,4.88,,0.0134,-0.0244,complementary
1784237862.6993146,17.8874,5,732.46,146.71,734.63,150.68,4.52,,0.0134,-0.0244,complementary
1784237862.7164462,17.9046,5,731.14,147.64,734.63,150.68,4.63,,0.0135,-0.0193,complementary
1784237862.7330732,17.9212,5,729.85,148.54,734.63,150.68,5.23,,0.0135,-0.0193,complementary
1784237862.748993,17.9371,5,728.62,149.4,734.63,150.68,6.14,,0.0135,-0.0193,complementary
1784237862.7651472,17.9533,5,727.61,150.26,734.63,150.68,7.03,,0.0132,-0.0157,complementary
1784237862.7812486,17.9694,5,726.6,151.11,734.63,150.68,8.03,,0.0132,-0.0157,complementary
1784237862.7989433,17.9871,5,725.88,152.01,734.63,150.68,8.85,,0.0127,-0.0102,complementary
1784237862.8150182,18.0031,5,725.22,152.82,734.63,150.68,9.64,,0.0127,-0.0102,complementary
1784237862.8310418,18.0192,5,724.57,153.64,734.63,150.68,10.48,,0.0127,-0.0102,complementary
1784237862.8468957,18.035,5,724.29,154.2,734.63,150.68,10.92,,0.0089,-0.0044,complementary
1784237862.8630817,18.0512,5,724.01,154.78,734.63,150.68,11.38,,0.0089,-0.0044,complementary
1784237862.8792737,18.0674,5,724.09,154.96,734.63,150.68,11.38,,0.0029,0.0012,complementary
1784237862.8960216,18.0841,5,724.17,155.16,734.63,150.68,11.37,,0.0029,0.0012,complementary
1784237862.9125352,18.1006,5,724.63,154.88,734.63,150.68,10.84,,-0.0042,0.007,complementary
1784237862.9297369,18.1179,5,725.11,154.59,734.63,150.68,10.29,,-0.0042,0.007,complementary
1784237862.9471996,18.1353,5,725.6,154.3,734.63,150.68,9.72,,-0.0042,0.007,complementary
1784237862.9630744,18.1512,5,726.22,153.71,734.63,150.68,8.94,,-0.0093,0.0097,complementary
1784237862.9791682,18.1673,5,726.84,153.11,734.63,150.68,8.15,,-0.0093,0.0097,complementary
1784237862.9952164,18.1833,5,727.53,152.55,734.63,150.68,7.34,,-0.0087,0.0107,complementary
1784237863.0107958,18.1989,5,728.2,152.01,734.63,150.68,6.57,,-0.0087,0.0107,complementary
1784237863.0268385,18.215,5,728.91,151.64,734.63,150.68,5.8,,-0.0057,0.0112,complementary
1784237863.0424585,18.2306,5,729.61,151.29,734.63,150.68,5.05,,-0.0057,0.0112,complementary
1784237863.0591533,18.2473,5,730.35,150.91,734.63,150.68,4.28,,-0.0057,0.0112,complementary
1784237863.0750146,18.2631,5,730.96,150.48,734.63,150.68,3.68,,-0.0066,0.0095,complementary
1784237863.0912428,18.2794,6,731.57,150.05,359.8,382.3,438.35,TARGET_HIT,-0.0066,0.0095,complementary
1784237863.108551,18.2967,6,732.17,149.58,359.8,382.3,439.1,,-0.0069,0.0086,complementary
1784237863.1263003,18.3144,6,732.78,149.09,359.8,382.3,439.88,,-0.0069,0.0086,complementary
1784237863.1432385,18.3314,6,733.26,148.84,359.8,382.3,440.42,,-0.0037,0.0071,complementary
1784237863.1592138,18.3473,6,733.71,148.6,359.8,382.3,440.93,,-0.0037,0.0071,complementary
1784237863.1755211,18.3636,6,733.93,148.36,359.8,382.3,441.25,,-0.0038,0.0034,complementary
1784237863.1928375,18.381,6,734.16,148.1,359.8,382.3,441.59,,-0.0038,0.0034,complementary
1784237863.2102523,18.3984,6,734.4,147.83,359.8,382.3,441.92,,-0.0038,0.0034,complementary
1784237863.2270665,18.4152,6,734.42,147.47,359.8,382.3,442.13,,-0.0053,0.0002,complementary
1784237863.2434502,18.4316,6,734.43,147.12,359.8,382.3,442.33,,-0.0053,0.0002,complementary
1784237863.2604609,18.4486,6,734.31,146.71,359.8,382.3,442.45,,-0.0061,-0.0017,complementary
1784237863.2772331,18.4653,6,734.2,146.31,359.8,382.3,442.57,,-0.0061,-0.0017,complementary
1784237863.2935452,18.4817,6,734.08,145.9,359.8,382.3,442.69,,-0.0061,-0.0017,complementary
1784237863.310615,18.4987,6,733.8,145.6,359.8,382.3,442.61,,-0.0044,-0.0042,complementary
1784237863.3273642,18.5155,6,733.52,145.3,359.8,382.3,442.53,,-0.0044,-0.0042,complementary
1784237863.3441863,18.5323,6,732.77,144.9,359.8,382.3,442.11,,-0.0059,-0.0111,complementary
1784237863.360202,18.5483,6,732.06,144.52,359.8,382.3,441.71,,-0.0059,-0.0111,complementary
1784237863.377012,18.5651,6,730.58,143.98,359.8,382.3,440.76,,-0.0081,-0.0221,complementary
1784237863.3924758,18.5806,6,729.21,143.47,359.8,382.3,439.88,,-0.0081,-0.0221,complementary
1784237863.409356,18.5975,6,727.72,142.93,359.8,382.3,438.93,,-0.0081,-0.0221,complementary
1784237863.426081,18.6142,6,725.28,142.47,359.8,382.3,437.14,,-0.0068,-0.0365,complementary
1784237863.4418013,18.6299,6,722.99,142.04,359.8,382.3,435.46,,-0.0068,-0.0365,complementary
1784237863.4592876,18.6474,6,719.52,141.67,359.8,382.3,432.78,,-0.0053,-0.0495,complementary
1784237863.4760299,18.6641,6,716.21,141.31,359.8,382.3,430.23,,-0.0053,-0.0495,complementary
1784237863.4921227,18.6802,6,713.02,140.97,359.8,382.3,427.79,,-0.0053,-0.0495,complementary
1784237863.5081358,18.6962,6,709.41,140.8,359.8,382.3,424.91,,-0.0025,-0.0564,complementary
1784237863.5240803,18.7122,6,705.82,140.64,359.8,382.3,422.05,,-0.0025,-0.0564,complementary
1784237863.5405416,18.7287,6,701.82,140.76,359.8,382.3,418.71,,0.0018,-0.0607,complementary
1784237863.5575593,18.7457,6,697.69,140.88,359.8,382.3,415.27,,0.0018,-0.0607,complementary
1784237863.5745869,18.7627,6,693.51,141.74,359.8,382.3,411.38,,0.0127,-0.0613,complementary
1784237863.5917506,18.7799,6,689.3,142.62,359.8,382.3,407.45,,0.0127,-0.0613,complementary
1784237863.608365,18.7965,6,685.11,144.02,359.8,382.3,403.24,,0.0211,-0.0632,complementary
1784237863.6252437,18.8134,6,680.84,145.44,359.8,382.3,398.96,,0.0211,-0.0632,complementary
1784237863.642587,18.8307,6,676.46,146.9,359.8,382.3,394.56,,0.0211,-0.0632,complementary
1784237863.6592424,18.8474,6,672.02,148.52,359.8,382.3,390.04,,0.0243,-0.0666,complementary
1784237863.6760685,18.8642,6,667.53,150.15,359.8,382.3,385.47,,0.0243,-0.0666,complementary
1784237863.6921473,18.8803,6,663.27,152.04,359.8,382.3,380.93,,0.0293,-0.0664,complementary
1784237863.7085955,18.8967,6,658.9,153.96,359.8,382.3,376.29,,0.0293,-0.0664,complementary
1784237863.7263682,18.9145,6,654.11,156.45,359.8,382.3,370.98,,0.0349,-0.0673,complementary
1784237863.7430441,18.9312,6,649.62,158.78,359.8,382.3,366.0,,0.0349,-0.0673,complementary
1784237863.7587621,18.9469,6,645.39,160.97,359.8,382.3,361.31,,0.0349,-0.0673,complementary
1784237863.7760932,18.9642,6,640.49,163.63,359.8,382.3,355.81,,0.0383,-0.0707,complementary
1784237863.7925346,18.9806,6,635.83,166.15,359.8,382.3,350.59,,0.0383,-0.0707,complementary
1784237863.8093278,18.9974,6,631.07,169.01,359.8,382.3,345.08,,0.0425,-0.0709,complementary
1784237863.8263822,19.0145,6,626.23,171.91,359.8,382.3,339.48,,0.0425,-0.0709,complementary
1784237863.843776,19.0319,6,621.53,175.36,359.8,382.3,333.65,,0.0496,-0.0675,complementary
1784237863.859469,19.0476,6,617.29,178.48,359.8,382.3,328.39,,0.0496,-0.0675,complementary
1784237863.8759696,19.0641,6,612.83,181.75,359.8,382.3,322.86,,0.0496,-0.0675,complementary
1784237863.8923793,19.0805,6,608.48,185.12,359.8,382.3,317.36,,0.0513,-0.0663,complementary
1784237863.9092066,19.0973,6,604.01,188.57,359.8,382.3,311.72,,0.0513,-0.0663,complementary
1784237863.9248824,19.113,6,599.91,191.54,359.8,382.3,306.66,,0.0474,-0.0654,complementary
1784237863.9412715,19.1294,6,595.62,194.64,359.8,382.3,301.37,,0.0474,-0.0654,complementary
1784237863.9574685,19.1456,6,591.38,197.71,359.8,382.3,296.14,,0.0474,-0.0654,complementary
1784237863.974303,19.1624,6,587.06,200.96,359.8,382.3,290.74,,0.0483,-0.0641,complementary
1784237863.9914596,19.1796,6,582.66,204.27,359.8,382.3,285.24,,0.0483,-0.0641,complementary
1784237864.0081017,19.1962,6,578.35,207.59,359.8,382.3,279.8,,0.0499,-0.0647,complementary
1784237864.0243127,19.2124,6,574.16,210.83,359.8,382.3,274.5,,0.0499,-0.0647,complementary
1784237864.041429,19.2295,6,569.72,214.15,359.8,382.3,268.96,,0.0486,-0.0649,complementary
1784237864.0586264,19.2467,6,565.25,217.49,359.8,382.3,263.38,,0.0486,-0.0649,complementary
1784237864.0765069,19.2646,6,560.61,220.97,359.8,382.3,257.59,,0.0486,-0.0649,complementary
1784237864.0935173,19.2816,6,556.2,224.39,359.8,382.3,252.01,,0.0503,-0.0649,complementary
1784237864.1104283,19.2985,6,551.81,227.79,359.8,382.3,246.45,,0.0503,-0.0649,complementary
1784237864.1269476,19.3151,6,547.46,231.22,359.8,382.3,240.91,,0.0519,-0.0658,complementary
1784237864.1435654,19.3317,6,543.08,234.67,359.8,382.3,235.34,,0.0519,-0.0658,complementary
1784237864.1603765,19.3485,6,538.57,238.05,359.8,382.3,229.71,,0.0501,-0.067,complementary
1784237864.1775236,19.3656,6,533.98,241.49,359.8,382.3,223.97,,0.0501,-0.067,complementary
1784237864.1950395,19.3832,6,529.28,245.0,359.8,382.3,218.11,,0.0501,-0.067,complementary
1784237864.2114055,19.3995,6,524.93,248.34,359.8,382.3,212.63,,0.0511,-0.0664,complementary
1784237864.228383,19.4165,6,520.42,251.81,359.8,382.3,206.94,,0.0511,-0.0664,complementary
1784237864.245096,19.4332,6,516.07,255.31,359.8,382.3,201.36,,0.0524,-0.0651,complementary
1784237864.2614558,19.4496,6,511.81,258.74,359.8,382.3,195.89,,0.0524,-0.0651,complementary
1784237864.2783787,19.4665,6,507.41,262.29,359.8,382.3,190.24,,0.0524,-0.0651,complementary
1784237864.296185,19.4843,6,502.94,266.12,359.8,382.3,184.35,,0.0538,-0.0627,complementary
1784237864.3122375,19.5004,6,498.91,269.58,359.8,382.3,179.05,,0.0538,-0.0627,complementary
1784237864.3293877,19.5175,6,494.98,273.22,359.8,382.3,173.7,,0.0531,-0.0573,complementary
1784237864.3461914,19.5343,6,491.13,276.79,359.8,382.3,168.45,,0.0531,-0.0573,complementary
1784237864.3623767,19.5505,6,487.41,280.23,359.8,382.3,163.41,,0.0531,-0.0573,complementary
1784237864.3794546,19.5676,6,484.08,283.88,359.8,382.3,158.53,,0.0533,-0.0488,complementary
1784237864.3961453,19.5843,6,480.82,287.44,359.8,382.3,153.76,,0.0533,-0.0488,complementary
1784237864.4120893,19.6002,6,478.3,290.95,359.8,382.3,149.63,,0.055,-0.0394,complementary
1784237864.4282506,19.6164,6,475.75,294.5,359.8,382.3,145.44,,0.055,-0.0394,complementary
1784237864.4460418,19.6342,6,472.95,298.42,359.8,382.3,140.85,,0.055,-0.0394,complementary
1784237864.4616024,19.6497,6,471.09,301.92,359.8,382.3,137.28,,0.0563,-0.0298,complementary
1784237864.4785748,19.6667,6,469.07,305.74,359.8,382.3,133.41,,0.0563,-0.0298,complementary
1784237864.4953558,19.6835,6,467.44,309.66,359.8,382.3,129.86,,0.0583,-0.0242,complementary
1784237864.5119958,19.7001,6,465.84,313.54,359.8,382.3,126.38,,0.0583,-0.0242,complementary
1784237864.5284367,19.7166,6,464.38,317.58,359.8,382.3,122.99,,0.0614,-0.0221,complementary
1784237864.5449421,19.7331,6,462.93,321.63,359.8,382.3,119.64,,0.0614,-0.0221,complementary
1784237864.5612435,19.7494,6,461.48,325.64,359.8,382.3,116.4,,0.0614,-0.0221,complementary
1784237864.5772543,19.7654,6,459.95,329.56,359.8,382.3,113.19,,0.0612,-0.0239,complementary
1784237864.5932703,19.7814,6,458.42,333.48,359.8,382.3,110.04,,0.0612,-0.0239,complementary
1784237864.6099322,19.798,6,456.55,337.32,359.8,382.3,106.69,,0.0576,-0.0282,complementary
1784237864.6254828,19.8136,6,454.8,340.9,359.8,382.3,103.62,,0.0576,-0.0282,complementary
1784237864.64223,19.8303,6,452.5,344.45,359.8,382.3,100.13,,0.0529,-0.0343,complementary
1784237864.6594617,19.8476,6,450.14,348.1,359.8,382.3,96.59,,0.0529,-0.0343,complementary
1784237864.6761763,19.8643,6,447.36,351.4,359.8,382.3,92.85,,0.0493,-0.0415,complementary
1784237864.6921926,19.8803,6,444.7,354.56,359.8,382.3,89.32,,0.0493,-0.0415,complementary
1784237864.7083688,19.8965,6,442.01,357.75,359.8,382.3,85.8,,0.0493,-0.0415,complementary
1784237864.7261064,19.9142,6,438.47,360.96,359.8,382.3,81.51,,0.0453,-0.0499,complementary
1784237864.7422633,19.9304,6,435.25,363.88,359.8,382.3,77.66,,0.0453,-0.0499,complementary
1784237864.7598078,19.9479,6,431.09,366.59,359.8,382.3,72.99,,0.0386,-0.0593,complementary
1784237864.7762015,19.9643,6,427.2,369.13,359.8,382.3,68.67,,0.0386,-0.0593,complementary
1784237864.7919827,19.9801,6,423.46,371.56,359.8,382.3,64.56,,0.0386,-0.0593,complementary
1784237864.8078446,19.996,6,419.39,373.7,359.8,382.3,60.2,,0.0336,-0.0641,complementary
1784237864.8249986,20.0131,6,414.99,376.01,359.8,382.3,55.54,,0.0336,-0.0641,complementary
1784237864.8409288,20.029,6,410.81,377.81,359.8,382.3,51.2,,0.0284,-0.0656,complementary
1784237864.856489,20.0446,6,406.73,379.58,359.8,382.3,47.0,,0.0284,-0.0656,complementary
1784237864.8735785,20.0617,6,402.24,381.52,359.8,382.3,42.45,,0.0284,-0.0656,complementary
1784237864.8903968,20.0785,6,398.05,383.03,359.8,382.3,38.25,,0.0226,-0.0623,complementary
1784237864.9074926,20.0956,6,393.79,384.58,359.8,382.3,34.06,,0.0226,-0.0623,complementary
1784237864.9243593,20.1125,6,389.85,385.62,359.8,382.3,30.23,,0.0154,-0.0583,complementary
1784237864.941149,20.1293,6,385.94,386.66,359.8,382.3,26.5,,0.0154,-0.0583,complementary
1784237864.956686,20.1448,6,382.31,387.62,359.8,382.3,23.13,,0.0154,-0.0583,complementary
1784237864.9733207,20.1614,6,378.5,388.31,359.8,382.3,19.64,,0.0104,-0.0573,complementary
1784237864.990284,20.1784,6,374.61,389.01,359.8,382.3,16.26,,0.0104,-0.0573,complementary
1784237865.0072377,20.1954,6,370.68,389.45,359.8,382.3,13.02,,0.0064,-0.058,complementary
1784237865.023296,20.2114,6,366.96,389.86,359.8,382.3,10.41,,0.0064,-0.058,complementary
1784237865.040337,20.2285,6,363.06,390.13,359.8,382.3,8.48,,0.0039,-0.0572,complementary
1784237865.0569105,20.245,6,359.27,390.39,359.8,382.3,8.11,,0.0039,-0.0572,complementary
1784237865.0727112,20.2608,6,355.85,390.63,359.8,382.3,9.23,,0.0039,-0.0541,complementary
1784237865.0901077,20.2782,6,352.08,390.91,359.8,382.3,11.56,,0.0039,-0.0541,complementary
1784237865.106234,20.2943,6,348.95,391.06,359.8,382.3,13.95,,0.0024,-0.0486,complementary
1784237865.1230502,20.3112,6,345.68,391.22,359.8,382.3,16.7,,0.0024,-0.0486,complementary
1784237865.1392968,20.3274,6,342.53,391.38,359.8,382.3,19.52,,0.0024,-0.0486,complementary
1784237865.1562483,20.3444,6,339.89,391.42,359.8,382.3,21.91,,0.0006,-0.0389,complementary
1784237865.1722226,20.3603,6,337.4,391.46,359.8,382.3,24.21,,0.0006,-0.0389,complementary
1784237865.188465,20.3766,6,335.96,391.36,359.8,382.3,25.5,,-0.0016,-0.0221,complementary
1784237865.20609,20.3942,6,334.4,391.24,359.8,382.3,26.93,,-0.0016,-0.0221,complementary
1784237865.2217221,20.4098,6,334.1,391.22,359.8,382.3,27.21,,-0.0004,-0.0049,complementary
1784237865.2391798,20.4273,6,333.76,391.19,359.8,382.3,27.52,,-0.0004,-0.0049,complementary
1784237865.255101,20.4432,6,333.45,391.17,359.8,382.3,27.81,,-0.0004,-0.0049,complementary
1784237865.2713473,20.4595,6,333.87,391.46,359.8,382.3,27.5,,0.0046,0.0065,complementary
1784237865.288588,20.4767,6,334.32,391.78,359.8,382.3,27.19,,0.0046,0.0065,complementary
1784237865.305114,20.4932,6,335.31,392.31,359.8,382.3,26.47,,0.0081,0.0148,complementary
1784237865.3206103,20.5087,6,336.23,392.81,359.8,382.3,25.81,,0.0081,0.0148,complementary
1784237865.3376603,20.5258,6,337.24,393.36,359.8,382.3,25.13,,0.0081,0.0148,complementary
1784237865.3545635,20.5427,6,338.5,393.91,359.8,382.3,24.27,,0.0082,0.0186,complementary
1784237865.371317,20.5594,6,340.0,394.53,359.8,382.3,23.27,,0.0092,0.0224,complementary
1784237865.3886197,20.5767,6,341.55,395.16,359.8,382.3,22.33,,0.0092,0.0224,complementary
1784237865.4061599,20.5943,6,343.12,395.8,359.8,382.3,21.46,,0.0092,0.0224,complementary
1784237865.4224653,20.6106,6,344.63,396.21,359.8,382.3,20.58,,0.0062,0.0231,complementary
1784237865.4398246,20.6279,6,346.24,396.64,359.8,382.3,19.74,,0.0062,0.0231,complementary
1784237865.4562666,20.6444,6,347.73,396.81,359.8,382.3,18.88,,0.0026,0.0227,complementary
1784237865.4729545,20.6611,6,349.24,396.98,359.8,382.3,18.08,,0.0026,0.0227,complementary
1784237865.4891949,20.6773,6,350.62,397.04,359.8,382.3,17.37,,0.001,0.0211,complementary
1784237865.5051668,20.6933,6,351.97,397.1,359.8,382.3,16.75,,0.001,0.0211,complementary
1784237865.5214064,20.7095,6,352.85,397.02,359.8,382.3,16.28,,-0.0014,0.0136,complementary
1784237865.5386271,20.7267,6,353.79,396.92,359.8,382.3,15.81,,-0.0014,0.0136,complementary
1784237865.5560994,20.7442,6,354.74,396.83,359.8,382.3,15.38,,-0.0014,0.0136,complementary
1784237865.5724652,20.7606,6,354.95,396.53,359.8,382.3,15.03,,-0.0046,0.0032,complementary
1784237865.5899472,20.7781,6,355.17,396.2,359.8,382.3,14.66,,-0.0046,0.0032,complementary
1784237865.606158,20.7943,6,354.81,395.7,359.8,382.3,14.3,,-0.0078,-0.0055,complementary
1784237865.621964,20.8101,6,354.46,395.21,359.8,382.3,13.97,,-0.0078,-0.0055,complementary
1784237865.638199,20.8263,6,353.73,394.64,359.8,382.3,13.75,,-0.0088,-0.0113,complementary
1784237865.654235,20.8423,6,353.01,394.07,359.8,382.3,13.59,,-0.0088,-0.0113,complementary
1784237865.6706402,20.8588,6,352.0,393.36,359.8,382.3,13.53,,-0.0109,-0.0153,complementary
1784237865.687907,20.876,6,350.94,392.6,359.8,382.3,13.59,,-0.0109,-0.0153,complementary
1784237865.704863,20.893,6,349.91,391.87,359.8,382.3,13.77,,-0.0109,-0.0153,complementary
1784237865.7204864,20.9086,6,349.0,390.92,359.8,382.3,13.82,,-0.0151,-0.0144,complementary
1784237865.7372754,20.9254,6,348.04,389.91,359.8,382.3,14.02,,-0.0151,-0.0144,complementary
1784237865.7527273,20.9408,6,347.34,388.85,359.8,382.3,14.08,,-0.0171,-0.0113,complementary
1784237865.7700603,20.9582,6,346.56,387.67,359.8,382.3,14.29,,-0.0171,-0.0113,complementary
1784237865.7861342,20.9742,6,345.84,386.57,359.8,382.3,14.6,,-0.0171,-0.0113,complementary
1784237865.8018317,20.9899,6,345.32,385.56,359.8,382.3,14.85,,-0.016,-0.0082,complementary
1784237865.818257,21.0064,6,344.78,384.51,359.8,382.3,15.19,,-0.016,-0.0082,complementary
1784237865.8338816,21.022,6,344.5,383.42,359.8,382.3,15.34,,-0.0174,-0.0044,complementary
1784237865.849653,21.0378,6,344.23,382.33,359.8,382.3,15.58,,-0.0174,-0.0044,complementary
1784237865.8670325,21.0551,6,343.92,381.12,359.8,382.3,15.93,,-0.0174,-0.0044,complementary
1784237865.883232,21.0713,6,344.03,380.11,359.8,382.3,15.92,,-0.0156,0.0017,complementary
1784237865.8989723,21.0871,6,344.14,379.13,359.8,382.3,15.98,,-0.0156,0.0017,complementary
1784237865.9160056,21.1041,6,344.74,378.47,359.8,382.3,15.54,,-0.0096,0.0088,complementary
1784237865.9322956,21.1204,6,345.32,377.84,359.8,382.3,15.15,,-0.0096,0.0088,complementary
1784237865.9491956,21.1373,6,346.25,377.49,359.8,382.3,14.38,,-0.0051,0.0138,complementary
1784237865.964654,21.1528,6,347.1,377.18,359.8,382.3,13.69,,-0.0051,0.0138,complementary
1784237865.981305,21.1694,6,348.02,376.83,359.8,382.3,12.99,,-0.0051,0.0138,complementary
1784237865.998445,21.1866,6,349.02,376.77,359.8,382.3,12.12,,-0.0009,0.0146,complementary
1784237866.0163558,21.2045,7,350.07,376.71,696.6,288.61,357.55,TARGET_HIT,-0.0009,0.0146,complementary
1784237866.0330937,21.2212,7,350.85,376.82,696.6,288.61,356.82,,0.0017,0.0117,complementary
1784237866.0494912,21.2376,7,351.62,376.94,696.6,288.61,356.1,,0.0017,0.0117,complementary
1784237866.06661,21.2547,7,352.07,377.55,696.6,288.61,355.82,,0.0089,0.0065,complementary
1784237866.083352,21.2715,7,352.51,378.14,696.6,288.61,355.55,,0.0089,0.0065,complementary
1784237866.1003642,21.2885,7,352.62,379.16,696.6,288.61,355.69,,0.0149,0.0017,complementary
1784237866.1170342,21.3051,7,352.73,380.15,696.6,288.61,355.84,,0.0149,0.0017,complementary
1784237866.133214,21.3213,7,352.84,381.11,696.6,288.61,355.98,,0.0149,0.0017,complementary
1784237866.149218,21.3373,7,352.71,382.06,696.6,288.61,356.36,,0.0148,-0.0022,complementary
1784237866.166204,21.3543,7,352.56,383.07,696.6,288.61,356.77,,0.0148,-0.0022,complementary
1784237866.181861,21.37,7,352.53,383.92,696.6,288.61,357.03,,0.0136,-0.0005,complementary
1784237866.1974463,21.3856,7,352.49,384.76,696.6,288.61,357.28,,0.0136,-0.0005,complementary
1784237866.214754,21.4029,7,352.46,385.71,696.6,288.61,357.57,,0.0136,-0.0005,complementary
1784237866.2305548,21.4187,7,352.54,386.62,696.6,288.61,357.75,,0.0144,0.0012,complementary
1784237866.2472134,21.4353,7,352.62,387.58,696.6,288.61,357.93,,0.0144,0.0012,complementary
1784237866.2635643,21.4517,7,352.7,388.52,696.6,288.61,358.12,,0.0144,0.0012,complementary
1784237866.280323,21.4684,7,352.82,389.46,696.6,288.61,358.27,,0.014,0.0017,complementary
1784237866.2969756,21.4851,7,352.93,390.4,696.6,288.61,358.42,,0.014,0.0017,complementary
1784237866.313417,21.5015,7,353.3,391.2,696.6,288.61,358.3,,0.0122,0.0056,complementary
1784237866.3301518,21.5183,7,353.68,392.01,696.6,288.61,358.17,,0.0122,0.0056,complementary
1784237866.3460803,21.5342,7,354.04,392.79,696.6,288.61,358.05,,0.0122,0.0056,complementary
1784237866.3616474,21.5498,7,354.82,393.46,696.6,288.61,357.49,,0.0107,0.0126,complementary
1784237866.3784692,21.5666,7,355.67,394.18,696.6,288.61,356.89,,0.0107,0.0126,complementary
1784237866.3964882,21.5846,7,357.31,394.47,696.6,288.61,355.42,,0.0041,0.0227,complementary
1784237866.413185,21.6013,7,358.83,394.75,696.6,288.61,354.05,,0.0041,0.0227,complementary
1784237866.4295082,21.6176,7,360.97,394.57,696.6,288.61,351.96,,-0.0027,0.0327,complementary
1784237866.4459553,21.6341,7,363.12,394.39,696.6,288.61,349.85,,-0.0027,0.0327,complementary
1784237866.4620476,21.6502,7,365.81,393.68,696.6,288.61,347.07,,-0.011,0.0418,complementary
1784237866.4777374,21.6659,7,368.43,392.98,696.6,288.61,344.37,,-0.011,0.0418,complementary
1784237866.494193,21.6823,7,371.18,392.26,696.6,288.61,341.53,,-0.011,0.0418,complementary
1784237866.5103786,21.6985,7,374.36,391.11,696.6,288.61,338.14,,-0.0177,0.0492,complementary
1784237866.5271993,21.7153,7,377.67,389.92,696.6,288.61,334.63,,-0.0177,0.0492,complementary
1784237866.5430303,21.7311,7,381.21,388.51,696.6,288.61,330.84,,-0.0222,0.0558,complementary
1784237866.559642,21.7478,7,384.92,387.04,696.6,288.61,326.85,,-0.0222,0.0558,complementary
1784237866.5769746,21.7651,7,388.79,385.5,696.6,288.61,322.7,,-0.0222,0.0558,complementary
1784237866.593551,21.7817,7,392.85,383.76,696.6,288.61,318.31,,-0.0262,0.0612,complementary
1784237866.610978,21.7991,7,397.11,381.94,696.6,288.61,313.69,,-0.0262,0.0612,complementary
1784237866.627249,21.8154,7,401.49,380.08,696.6,288.61,308.96,,-0.0286,0.0673,complementary
1784237866.6437051,21.8318,7,405.92,378.2,696.6,288.61,304.17,,-0.0286,0.0673,complementary
1784237866.6602554,21.8484,7,410.38,376.31,696.6,288.61,299.35,,-0.0286,0.0673,complementary
1784237866.6767669,21.8649,7,415.14,374.58,696.6,288.61,294.3,,-0.0262,0.0721,complementary
1784237866.6933005,21.8814,7,419.91,372.84,696.6,288.61,289.23,,-0.0262,0.0721,complementary
1784237866.7104175,21.8985,7,425.07,370.99,696.6,288.61,283.75,,-0.027,0.0755,complementary
1784237866.7271988,21.9153,7,430.14,369.18,696.6,288.61,278.37,,-0.027,0.0755,complementary
1784237866.7436361,21.9318,7,435.25,367.24,696.6,288.61,272.92,,-0.0295,0.0777,complementary
1784237866.7610672,21.9492,7,440.67,365.18,696.6,288.61,267.13,,-0.0295,0.0777,complementary
1784237866.7771661,21.9653,7,445.82,363.24,696.6,288.61,261.64,,-0.0302,0.08,complementary
1784237866.7934122,21.9815,7,451.02,361.28,696.6,288.61,256.1,,-0.0302,0.08,complementary
1784237866.8105524,21.9987,7,456.5,359.21,696.6,288.61,250.26,,-0.0302,0.08,complementary
1784237866.8278775,22.016,7,462.11,357.14,696.6,288.61,244.29,,-0.0299,0.0809,complementary
1784237866.8436565,22.0318,7,467.22,355.25,696.6,288.61,238.86,,-0.0299,0.0809,complementary
1784237866.8607929,22.0489,7,472.59,353.17,696.6,288.61,233.13,,-0.0303,0.0783,complementary
1784237866.8777254,22.0658,7,477.89,351.12,696.6,288.61,227.47,,-0.0303,0.0783,complementary
1784237866.8952036,22.0833,7,483.29,348.91,696.6,288.61,221.67,,-0.0315,0.0772,complementary
1784237866.911276,22.0994,7,488.25,346.89,696.6,288.61,216.34,,-0.0315,0.0772,complementary
1784237866.9282827,22.1164,7,493.5,344.74,696.6,288.61,210.71,,-0.0315,0.0772,complementary
1784237866.943919,22.132,7,498.52,342.81,696.6,288.61,205.36,,-0.0308,0.0802,complementary
1784237866.9594655,22.1476,7,503.5,340.9,696.6,288.61,200.05,,-0.0308,0.0802,complementary
1784237866.9765658,22.1647,7,509.15,338.81,696.6,288.61,194.06,,-0.0305,0.0825,complementary
1784237866.993221,22.1813,7,514.64,336.78,696.6,288.61,188.22,,-0.0305,0.0825,complementary
1784237867.0092814,22.1974,7,519.94,334.82,696.6,288.61,182.6,,-0.0305,0.0825,complementary
1784237867.024818,22.2129,7,525.15,332.89,696.6,288.61,177.07,,-0.0311,0.0838,complementary
1784237867.041926,22.23,7,530.89,330.76,696.6,288.61,170.99,,-0.0311,0.0838,complementary
1784237867.0573826,22.2455,7,536.14,328.84,696.6,288.61,165.42,,-0.031,0.085,complementary
1784237867.0739105,22.262,7,541.76,326.79,696.6,288.61,159.47,,-0.031,0.085,complementary
1784237867.0904245,22.2785,7,547.45,324.75,696.6,288.61,153.46,,-0.0309,0.0861,complementary
1784237867.1075954,22.2957,7,553.36,322.62,696.6,288.61,147.22,,-0.0309,0.0861,complementary
1784237867.1241758,22.3123,7,559.07,320.57,696.6,288.61,141.19,,-0.0309,0.0861,complementary
1784237867.1401412,22.3283,7,564.47,318.61,696.6,288.61,135.49,,-0.0307,0.0846,complementary
1784237867.1557806,22.3439,7,569.77,316.68,696.6,288.61,129.9,,-0.0307,0.0846,complementary
1784237867.173039,22.3612,7,575.61,314.56,696.6,288.61,123.74,,-0.0307,0.0846,complementary
1784237867.1892953,22.3774,7,581.11,312.56,696.6,288.61,117.94,,-0.0307,0.0846,complementary
1784237867.2060573,22.3942,7,586.53,310.65,696.6,288.61,112.25,,-0.0285,0.0808,complementary
1784237867.2216454,22.4098,7,591.57,308.88,696.6,288.61,106.97,,-0.0285,0.0808,complementary
1784237867.2386012,22.4267,7,597.05,306.95,696.6,288.61,101.23,,-0.0285,0.0808,complementary
1784237867.2559953,22.4441,7,602.09,305.2,696.6,288.61,95.95,,-0.0251,0.0725,complementary
1784237867.272129,22.4602,7,606.77,303.58,696.6,288.61,91.07,,-0.0251,0.0725,complementary
1784237867.2883754,22.4765,7,611.19,302.05,696.6,288.61,86.46,,-0.0236,0.0681,complementary
1784237867.3048892,22.493,7,615.69,300.49,696.6,288.61,81.78,,-0.0236,0.0681,complementary
1784237867.3204927,22.5086,7,619.77,299.09,696.6,288.61,77.54,,-0.0224,0.0654,complementary
1784237867.3374622,22.5256,7,624.21,297.57,696.6,288.61,72.94,,-0.0224,0.0654,complementary
1784237867.3539813,22.5421,7,628.53,296.1,696.6,288.61,68.48,,-0.0224,0.0654,complementary
1784237867.3704863,22.5586,7,632.65,294.64,696.6,288.61,64.23,,-0.0221,0.0625,complementary
1784237867.3876102,22.5757,7,636.93,293.12,696.6,288.61,59.83,,-0.0221,0.0625,complementary
1784237867.4045672,22.5927,7,640.87,291.67,696.6,288.61,55.81,,-0.0214,0.058,complementary
1784237867.4219167,22.61,7,644.9,290.19,696.6,288.61,51.73,,-0.0214,0.058,complementary
1784237867.4382958,22.6264,7,648.7,288.79,696.6,288.61,47.9,,-0.0214,0.058,complementary
1784237867.4543283,22.6424,7,651.61,287.49,696.6,288.61,45.0,,-0.0202,0.0454,complementary
1784237867.4709406,22.6591,7,654.63,286.15,696.6,288.61,42.04,,-0.0202,0.0454,complementary
1784237867.4863884,22.6745,7,656.54,284.95,696.6,288.61,40.22,,-0.0194,0.031,complementary
1784237867.5029254,22.691,7,658.59,283.67,696.6,288.61,38.33,,-0.0194,0.031,complementary
1784237867.5191329,22.7072,7,659.86,282.46,696.6,288.61,37.25,,-0.0186,0.0195,complementary
1784237867.5348957,22.723,7,661.09,281.29,696.6,288.61,36.26,,-0.0186,0.0195,complementary
1784237867.551223,22.7393,7,661.54,280.1,696.6,288.61,36.08,,-0.0181,0.0068,complementary
1784237867.5671685,22.7553,7,661.97,278.95,696.6,288.61,35.95,,-0.0181,0.0068,complementary
1784237867.5829837,22.7711,7,661.93,277.8,696.6,288.61,36.31,,-0.0181,-0.0006,complementary
1784237867.5986276,22.7867,7,661.9,276.66,696.6,288.61,36.7,,-0.0181,-0.0006,complementary
1784237867.6154125,22.8035,7,661.86,275.45,696.6,288.61,37.15,,-0.0181,-0.0006,complementary
1784237867.632601,22.8207,7,661.95,274.26,696.6,288.61,37.5,,-0.0173,0.0014,complementary
1784237867.6493647,22.8375,7,662.04,273.1,696.6,288.61,37.88,,-0.0173,0.0014,complementary
1784237867.6664927,22.8546,7,662.17,271.81,696.6,288.61,38.31,,-0.0189,0.0019,complementary
1784237867.6837149,22.8718,7,662.3,270.5,696.6,288.61,38.78,,-0.0189,0.0019,complementary
1784237867.7005038,22.8886,7,662.29,269.29,696.6,288.61,39.38,,-0.018,-0.0003,complementary
1784237867.7180097,22.9061,7,662.27,268.03,696.6,288.61,40.03,,-0.018,-0.0003,complementary
1784237867.7342694,22.9224,7,661.99,266.88,696.6,288.61,40.86,,-0.0176,-0.0042,complementary
1784237867.751786,22.9399,7,661.7,265.65,696.6,288.61,41.78,,-0.0176,-0.0042,complementary
1784237867.7692559,22.9574,7,661.41,264.36,696.6,288.61,42.74,,-0.0184,-0.0042,complementary
1784237867.7847009,22.9728,7,661.15,263.22,696.6,288.61,43.6,,-0.0184,-0.0042,complementary
1784237867.8022375,22.9904,7,660.86,261.93,696.6,288.61,44.6,,-0.0184,-0.0042,complementary
1784237867.8184283,23.0065,7,660.91,260.75,696.6,288.61,45.28,,-0.0181,0.0007,complementary
1784237867.835282,23.0234,7,660.96,259.53,696.6,288.61,46.0,,-0.0181,0.0007,complementary
1784237867.8522809,23.0404,7,661.59,258.29,696.6,288.61,46.31,,-0.0182,0.0093,complementary
1784237867.8685782,23.0567,7,662.19,257.11,696.6,288.61,46.65,,-0.0182,0.0093,complementary
1784237867.8860292,23.0741,7,662.84,255.84,696.6,288.61,47.04,,-0.0182,0.0093,complementary
1784237867.9037678,23.0919,7,664.29,254.65,696.6,288.61,46.88,,-0.0169,0.0203,complementary
1784237867.920462,23.1086,7,665.65,253.52,696.6,288.61,46.79,,-0.0169,0.0203,complementary
1784237867.937419,23.1255,7,667.51,252.7,696.6,288.61,46.21,,-0.0121,0.0275,complementary
1784237867.9539485,23.1421,7,669.33,251.9,696.6,288.61,45.73,,-0.0121,0.0275,complementary
1784237867.970437,23.1586,7,671.27,251.31,696.6,288.61,45.09,,-0.009,0.0294,complementary
1784237867.9871824,23.1753,7,673.24,250.71,696.6,288.61,44.52,,-0.009,0.0294,complementary
1784237868.0027459,23.1909,7,675.07,250.15,696.6,288.61,44.07,,-0.009,0.0294,complementary
1784237868.019715,23.2078,7,676.85,249.77,696.6,288.61,43.57,,-0.0056,0.0263,complementary
1784237868.0364199,23.2245,7,678.61,249.4,696.6,288.61,43.15,,-0.0056,0.0263,complementary
1784237868.0532322,23.2413,7,680.19,249.64,696.6,288.61,42.29,,0.0036,0.0236,complementary
1784237868.0687113,23.2568,7,681.65,249.86,696.6,288.61,41.54,,0.0036,0.0236,complementary
1784237868.0860252,23.2741,7,682.9,250.73,696.6,288.61,40.28,,0.0127,0.018,complementary
1784237868.101695,23.2898,7,684.03,251.53,696.6,288.61,39.16,,0.0127,0.018,complementary
1784237868.1182072,23.3063,7,685.22,252.36,696.6,288.61,37.99,,0.0127,0.018,complementary
1784237868.134569,23.3227,7,685.86,253.67,696.6,288.61,36.55,,0.02,0.0098,complementary
1784237868.1511478,23.3393,7,686.51,255.0,696.6,288.61,35.09,,0.02,0.0098,complementary
1784237868.167568,23.3557,7,686.74,256.71,696.6,288.61,33.39,,0.0259,0.0035,complementary
1784237868.1841486,23.3723,7,686.97,258.43,696.6,288.61,31.68,,0.0259,0.0035,complementary
1784237868.2003493,23.3885,7,687.2,260.11,696.6,288.61,30.01,,0.0259,0.0035,complementary
1784237868.216855,23.405,7,687.02,261.96,696.6,288.61,28.32,,0.0281,-0.0027,complementary
1784237868.2324252,23.4205,7,686.85,263.71,696.6,288.61,26.74,,0.0281,-0.0027,complementary
1784237868.2495465,23.4377,7,686.32,265.68,696.6,288.61,25.13,,0.0287,-0.0078,complementary
1784237868.267325,23.4554,7,685.76,267.73,696.6,288.61,23.53,,0.0287,-0.0078,complementary
1784237868.284442,23.4726,7,685.13,269.61,696.6,288.61,22.19,,0.0276,-0.0093,complementary
1784237868.3015757,23.4897,7,684.49,271.5,696.6,288.61,20.96,,0.0276,-0.0093,complementary
1784237868.3181274,23.5062,7,683.87,273.33,696.6,288.61,19.89,,0.0276,-0.0093,complementary
1784237868.3342974,23.5224,7,683.39,275.04,696.6,288.61,18.94,,0.0264,-0.0074,complementary
1784237868.3515317,23.5396,7,682.88,276.86,696.6,288.61,18.06,,0.0264,-0.0074,complementary
1784237868.3680868,23.5562,7,682.53,278.32,696.6,288.61,17.43,,0.0221,-0.0054,complementary
1784237868.3841336,23.5722,7,682.18,279.74,696.6,288.61,16.93,,0.0221,-0.0054,complementary
1784237868.3996744,23.5878,7,682.02,280.85,696.6,288.61,16.51,,0.0179,-0.0026,complementary
1784237868.4162192,23.6043,7,681.85,282.03,696.6,288.61,16.14,,0.0179,-0.0026,complementary
1784237868.4329855,23.6211,7,681.68,283.24,696.6,288.61,15.86,,0.0179,-0.0026,complementary
1784237868.4493961,23.6375,7,681.77,284.04,696.6,288.61,15.52,,0.0123,0.0014,complementary
1784237868.466484,23.6546,7,681.86,284.88,696.6,288.61,15.2,,0.0123,0.0014,complementary
1784237868.4831107,23.6712,7,682.21,285.23,696.6,288.61,14.78,,0.0053,0.0053,complementary
1784237868.499441,23.6876,7,682.56,285.58,696.6,288.61,14.37,,0.0053,0.0053,complementary
1784237868.5160413,23.7042,7,682.91,285.93,696.6,288.61,13.95,,0.0053,0.0053,complementary
1784237868.5315557,23.7197,7,683.43,285.86,696.6,288.61,13.45,,-0.0011,0.0085,complementary
1784237868.548504,23.7366,7,684.0,285.78,696.6,288.61,12.91,,-0.0011,0.0085,complementary
1784237868.5662713,23.7544,7,684.81,285.46,696.6,288.61,12.2,,-0.0046,0.0113,complementary
1784237868.581738,23.7699,7,685.51,285.17,696.6,288.61,11.61,,-0.0046,0.0113,complementary
1784237868.597949,23.7861,7,686.34,284.8,696.6,288.61,10.95,,-0.0057,0.0127,complementary
1784237868.6140645,23.8022,7,687.16,284.43,696.6,288.61,10.32,,-0.0057,0.0127,complementary
1784237868.6298828,23.818,7,687.96,284.07,696.6,288.61,9.76,,-0.0057,0.0127,complementary
1784237868.646625,23.8347,7,688.8,283.69,696.6,288.61,9.22,,-0.0056,0.0125,complementary
1784237868.6640549,23.8522,7,689.67,283.3,696.6,288.61,8.73,,-0.0056,0.0125,complementary
1784237868.680125,23.8682,7,690.42,283.02,696.6,288.61,8.34,,-0.0045,0.0116,complementary
1784237868.6962264,23.8843,7,691.17,282.73,696.6,288.61,8.0,,-0.0045,0.0116,complementary
1784237868.7129118,23.901,7,691.73,282.35,696.6,288.61,7.93,,-0.0057,0.0085,complementary
1784237868.7284448,23.9166,7,692.26,281.99,696.6,288.61,7.91,,-0.0057,0.0085,complementary
1784237868.7454824,23.9336,7,692.84,281.6,696.6,288.61,7.96,,-0.0057,0.0085,complementary
1784237868.7622347,23.9503,7,693.26,281.18,696.6,288.61,8.14,,-0.0062,0.0063,complementary
1784237868.7793012,23.9674,7,693.69,280.76,696.6,288.61,8.37,,-0.0062,0.0063,complementary
1784237868.7960594,23.9842,7,693.87,280.32,696.6,288.61,8.73,,-0.0066,0.0027,complementary
1784237868.8123393,24.0005,7,694.05,279.89,696.6,288.61,9.09,,-0.0066,0.0027,complementary
1784237868.8290458,24.0172,7,693.97,279.28,696.6,288.61,9.69,,-0.009,-0.0011,complementary
1784237868.844529,24.0326,7,693.9,278.72,696.6,288.61,10.25,,-0.009,-0.0011,complementary
1784237868.8611712,24.0493,7,693.83,278.12,696.6,288.61,10.85,,-0.009,-0.0011,complementary
1784237868.8771827,24.0653,7,693.61,277.36,696.6,288.61,11.64,,-0.0119,-0.0035,complementary
1784237868.892895,24.081,7,693.39,276.61,696.6,288.61,12.43,,-0.0119,-0.0035,complementary
1784237868.908528,24.0966,8,693.17,275.86,696.6,288.61,13.2,TARGET_HIT,-0.0119,-0.0035,complementary
