timestamp,elapsed_s,target_index,cursor_x,cursor_y,target_x,target_y,distance,hit_event,roll,pitch,filter
1784237723.513083,0.0055,0,400.0,300.01,116.06,104.76,344.59,,0.0005,-0.0001,mahony
1784237723.5250819,0.0175,0,399.99,300.03,116.06,104.76,344.6,,0.0005,-0.0001,mahony
1784237723.541608,0.034,0,399.86,300.34,116.06,104.76,344.67,,0.0046,-0.002,mahony
1784237723.5581858,0.0506,0,399.73,300.65,116.06,104.76,344.73,,0.0046,-0.002,mahony
1784237723.574187,0.0666,0,399.58,301.12,116.06,104.76,344.88,,0.0074,-0.0024,mahony
1784237723.5909011,0.0833,0,399.42,301.62,116.06,104.76,345.03,,0.0074,-0.0024,mahony
1784237723.6084993,0.1009,0,399.11,302.29,116.06,104.76,345.16,,0.0095,-0.0044,mahony
1784237723.6254447,0.1178,0,398.82,302.93,116.06,104.76,345.29,,0.0095,-0.0044,mahony
1784237723.64217,0.1346,0,398.52,303.57,116.06,104.76,345.41,,0.0095,-0.0044,mahony
1784237723.6585267,0.1509,0,398.19,304.3,116.06,104.76,345.57,,0.0113,-0.0051,mahony
1784237723.6751192,0.1675,0,397.85,305.05,116.06,104.76,345.72,,0.0113,-0.0051,mahony
1784237723.691646,0.184,0,397.53,305.96,116.06,104.76,345.99,,0.0138,-0.0049,mahony
1784237723.7077465,0.2001,0,397.21,306.85,116.06,104.76,346.25,,0.0138,-0.0049,mahony
1784237723.7232647,0.2157,0,396.91,307.85,116.06,104.76,346.59,,0.0161,-0.0048,mahony
1784237723.7393577,0.2318,0,396.6,308.88,116.06,104.76,346.95,,0.0161,-0.0048,mahony
1784237723.75539,0.2478,0,396.3,309.91,116.06,104.76,347.3,,0.0161,-0.0048,mahony
1784237723.7711484,0.2635,0,396.0,311.04,116.06,104.76,347.73,,0.0179,-0.0047,mahony
1784237723.787207,0.2796,0,395.69,312.19,116.06,104.76,348.17,,0.0179,-0.0047,mahony
1784237723.8033745,0.2958,0,395.38,313.5,116.06,104.76,348.71,,0.0203,-0.0048,mahony
1784237723.819562,0.312,0,395.08,314.82,116.06,104.76,349.25,,0.0203,-0.0048,mahony
1784237723.8362594,0.3287,0,394.76,316.17,116.06,104.76,349.81,,0.0203,-0.0048,mahony
1784237723.8521655,0.3446,0,394.41,317.63,116.06,104.76,350.41,,0.023,-0.0055,mahony
1784237723.868783,0.3612,0,394.04,319.16,116.06,104.76,351.05,,0.023,-0.0055,mahony
1784237723.8869967,0.3794,0,393.61,321.07,116.06,104.76,351.88,,0.0263,-0.006,mahony
1784237723.9041708,0.3966,0,393.2,322.88,116.06,104.76,352.68,,0.0263,-0.006,mahony
1784237723.9209936,0.4134,0,392.77,324.81,116.06,104.76,353.54,,0.0287,-0.0063,mahony
1784237723.9385526,0.431,0,392.33,326.82,116.06,104.76,354.45,,0.0287,-0.0063,mahony
1784237723.955115,0.4475,0,391.92,328.72,116.06,104.76,355.32,,0.0287,-0.0063,mahony
1784237723.9709048,0.4633,0,391.43,330.69,116.06,104.76,356.19,,0.0312,-0.0077,mahony
1784237723.9881546,0.4806,0,390.91,332.84,116.06,104.76,357.16,,0.0312,-0.0077,mahony
1784237724.005019,0.4974,0,390.39,335.14,116.06,104.76,358.23,,0.0341,-0.0076,mahony
1784237724.0215096,0.5139,0,389.89,337.39,116.06,104.76,359.3,,0.0341,-0.0076,mahony
1784237724.0375273,0.5299,0,389.4,339.57,116.06,104.76,360.35,,0.0341,-0.0076,mahony
1784237724.0531979,0.5456,0,388.87,341.82,116.06,104.76,361.42,,0.0359,-0.0085,mahony
1784237724.0691373,0.5615,0,388.32,344.12,116.06,104.76,362.52,,0.0359,-0.0085,mahony
1784237724.0864282,0.5788,0,387.68,346.72,116.06,104.76,363.76,,0.0377,-0.0094,mahony
1784237724.102122,0.5945,0,387.09,349.09,116.06,104.76,364.9,,0.0377,-0.0094,mahony
1784237724.119292,0.6117,0,386.41,351.87,116.06,104.76,366.27,,0.0404,-0.0098,mahony
1784237724.1363015,0.6287,0,385.75,354.61,116.06,104.76,367.64,,0.0404,-0.0098,mahony
1784237724.1522312,0.6446,0,385.12,357.18,116.06,104.76,368.93,,0.0404,-0.0098,mahony
1784237724.1687717,0.6612,0,384.43,360.03,116.06,104.76,370.38,,0.043,-0.0105,mahony
1784237724.1862252,0.6786,0,383.7,363.04,116.06,104.76,371.93,,0.043,-0.0105,mahony
1784237724.2022467,0.6946,0,382.99,365.88,116.06,104.76,373.41,,0.0444,-0.0111,mahony
1784237724.2180676,0.7105,0,382.28,368.69,116.06,104.76,374.88,,0.0444,-0.0111,mahony
1784237724.2349615,0.7274,0,381.2,371.55,116.06,104.76,376.14,,0.0424,-0.016,mahony
1784237724.2517867,0.7442,0,380.13,374.41,116.06,104.76,377.41,,0.0424,-0.016,mahony
1784237724.269092,0.7615,0,379.02,377.34,116.06,104.76,378.75,,0.0424,-0.016,mahony
1784237724.2864656,0.7789,0,377.33,379.49,116.06,104.76,379.13,,0.0308,-0.0243,mahony
1784237724.3030756,0.7955,0,375.72,381.53,116.06,104.76,379.51,,0.0308,-0.0243,mahony
1784237724.3192916,0.8117,0,373.95,382.69,116.06,104.76,379.15,,0.0179,-0.0272,mahony
1784237724.3364336,0.8288,0,372.09,383.92,116.06,104.76,378.79,,0.0179,-0.0272,mahony
1784237724.3529263,0.8453,0,370.44,384.65,116.06,104.76,378.22,,0.0111,-0.0249,mahony
1784237724.3695533,0.862,0,368.79,385.39,116.06,104.76,377.66,,0.0111,-0.0249,mahony
1784237724.385503,0.8779,0,367.2,386.1,116.06,104.76,377.13,,0.0111,-0.0249,mahony
1784237724.4014976,0.8939,0,365.74,386.96,116.06,104.76,376.8,,0.0134,-0.0228,mahony
1784237724.4183035,0.9107,0,364.21,387.86,116.06,104.76,376.46,,0.0134,-0.0228,mahony
1784237724.434318,0.9267,0,362.78,388.82,116.06,104.76,376.24,,0.0149,-0.0224,mahony
1784237724.4508119,0.9432,0,361.3,389.8,116.06,104.76,376.02,,0.0149,-0.0224,mahony
1784237724.4683108,0.9607,0,359.87,390.57,116.06,104.76,375.67,,0.011,-0.0205,mahony
1784237724.4841602,0.9766,0,358.57,391.26,116.06,104.76,375.36,,0.011,-0.0205,mahony
1784237724.5003278,0.9927,0,357.24,391.97,116.06,104.76,375.04,,0.011,-0.0205,mahony
1784237724.5169468,1.0093,0,356.07,392.45,116.06,104.76,374.66,,0.0072,-0.0176,mahony
1784237724.533008,1.0254,0,354.94,392.91,116.06,104.76,374.29,,0.0072,-0.0176,mahony
1784237724.550569,1.043,0,353.55,393.38,116.06,104.76,373.77,,0.0067,-0.0198,mahony
1784237724.5672398,1.0596,0,352.22,393.83,116.06,104.76,373.28,,0.0067,-0.0198,mahony
1784237724.5835323,1.0759,0,350.87,394.46,116.06,104.76,372.91,,0.0097,-0.0208,mahony
1784237724.60011,1.0925,0,349.49,395.11,116.06,104.76,372.54,,0.0097,-0.0208,mahony
1784237724.6167848,1.1092,0,348.25,395.7,116.06,104.76,372.24,,0.009,-0.0186,mahony
1784237724.63371,1.1261,0,346.99,396.31,116.06,104.76,371.93,,0.009,-0.0186,mahony
1784237724.6504114,1.1428,0,345.74,396.66,116.06,104.76,371.43,,0.0053,-0.0188,mahony
1784237724.6671975,1.1596,0,344.48,397.02,116.06,104.76,370.93,,0.0053,-0.0188,mahony
1784237724.6842597,1.1767,0,343.35,397.3,116.06,104.76,370.46,,0.0041,-0.0165,mahony
1784237724.7006624,1.1931,0,342.27,397.56,116.06,104.76,370.0,,0.0041,-0.0165,mahony
1784237724.7172236,1.2096,0,341.17,397.83,116.06,104.76,369.55,,0.0041,-0.0165,mahony
1784237724.7341115,1.2265,0,340.38,398.08,116.06,104.76,369.27,,0.0037,-0.0117,mahony
1784237724.7503717,1.2428,0,339.62,398.33,116.06,104.76,369.0,,0.0037,-0.0117,mahony
1784237724.7660286,1.2584,0,338.89,398.45,116.06,104.76,368.65,,0.0019,-0.0117,mahony
1784237724.78334,1.2757,0,338.07,398.58,116.06,104.76,368.27,,0.0019,-0.0117,mahony
1784237724.7988975,1.2913,0,337.15,398.42,116.06,104.76,367.58,,-0.0026,-0.0148,mahony
1784237724.8161526,1.3086,0,336.13,398.24,116.06,104.76,366.82,,-0.0026,-0.0148,mahony
1784237724.8331306,1.3255,0,335.12,398.06,116.06,104.76,366.08,,-0.0026,-0.0148,mahony
1784237724.850081,1.3425,0,334.23,397.56,116.06,104.76,365.15,,-0.0074,-0.0131,mahony
1784237724.866227,1.3586,0,333.38,397.08,116.06,104.76,364.26,,-0.0074,-0.0131,mahony
1784237724.8823597,1.3748,0,332.42,396.55,116.06,104.76,363.25,,-0.0083,-0.015,mahony
1784237724.898447,1.3908,0,331.46,396.01,116.06,104.76,362.25,,-0.0083,-0.015,mahony
1784237724.9139795,1.4064,0,330.53,395.5,116.06,104.76,361.28,,-0.0083,-0.015,mahony
1784237724.930505,1.4229,0,329.54,394.95,116.06,104.76,360.25,,-0.0083,-0.015,mahony
1784237724.9461777,1.4386,0,328.6,394.43,116.06,104.76,359.28,,-0.0083,-0.015,mahony
1784237724.9633024,1.4557,0,327.58,393.86,116.06,104.76,358.21,,-0.0083,-0.015,mahony
1784237724.9790244,1.4714,0,326.72,393.02,116.06,104.76,357.03,,-0.0133,-0.0136,mahony
1784237724.9955118,1.4879,0,325.82,392.15,116.06,104.76,355.8,,-0.0133,-0.0136,mahony
1784237725.01119,1.5036,0,324.97,391.31,116.06,104.76,354.62,,-0.0133,-0.0136,mahony
1784237725.0283682,1.5208,0,323.92,389.83,116.06,104.76,352.81,,-0.0215,-0.0152,mahony
1784237725.045632,1.538,0,322.87,388.35,116.06,104.76,350.98,,-0.0215,-0.0152,mahony
1784237725.0621843,1.5546,0,321.86,386.92,116.06,104.76,349.24,,-0.0215,-0.0152,mahony
1784237725.0793996,1.5718,0,320.81,385.44,116.06,104.76,347.42,,-0.0215,-0.0152,mahony
1784237725.0950294,1.5874,0,319.86,384.09,116.06,104.76,345.77,,-0.0215,-0.0152,mahony
1784237725.1123188,1.6047,0,318.96,382.3,116.06,104.76,343.8,,-0.0259,-0.013,mahony
1784237725.1287344,1.6211,0,318.1,380.6,116.06,104.76,341.92,,-0.0259,-0.013,mahony
1784237725.146138,1.6385,0,317.2,378.8,116.06,104.76,339.93,,-0.0259,-0.013,mahony
1784237725.1628335,1.6552,0,316.33,377.07,116.06,104.76,338.02,,-0.0259,-0.013,mahony
1784237725.1799655,1.6724,0,315.43,375.3,116.06,104.76,336.06,,-0.0259,-0.013,mahony
1784237725.1972513,1.6897,0,314.53,373.51,116.06,104.76,334.09,,-0.0259,-0.013,mahony
1784237725.2132726,1.7057,0,313.7,371.85,116.06,104.76,332.26,,-0.0259,-0.013,mahony
1784237725.2294872,1.7219,0,312.73,369.46,116.06,104.76,329.76,,-0.0368,-0.015,mahony
1784237725.2453494,1.7378,0,311.77,367.12,116.06,104.76,327.32,,-0.0368,-0.015,mahony
1784237725.261589,1.754,0,310.97,364.31,116.06,104.76,324.59,,-0.0433,-0.0123,mahony
1784237725.2773657,1.7698,0,310.2,361.58,116.06,104.76,321.94,,-0.0433,-0.0123,mahony
1784237725.2928839,1.7853,0,309.43,358.89,116.06,104.76,319.34,,-0.0433,-0.0123,mahony
1784237725.309965,1.8024,0,308.59,355.94,116.06,104.76,316.48,,-0.0433,-0.0123,mahony
1784237725.3273482,1.8197,0,307.73,352.93,116.06,104.76,313.57,,-0.0433,-0.0123,mahony
1784237725.343464,1.8359,0,306.94,350.14,116.06,104.76,310.88,,-0.0433,-0.0123,mahony
1784237725.3596096,1.852,0,306.11,346.89,116.06,104.76,307.81,,-0.0504,-0.0128,mahony
1784237725.3763795,1.8688,0,305.25,343.51,116.06,104.76,304.62,,-0.0504,-0.0128,mahony
1784237725.392484,1.8849,0,304.42,340.27,116.06,104.76,301.57,,-0.0504,-0.0128,mahony
1784237725.408261,1.9007,0,303.61,337.09,116.06,104.76,298.58,,-0.0504,-0.0128,mahony
1784237725.425239,1.9176,0,302.74,333.67,116.06,104.76,295.38,,-0.0504,-0.0128,mahony
1784237725.4419203,1.9343,0,301.89,330.31,116.06,104.76,292.24,,-0.0504,-0.0128,mahony
1784237725.4591582,1.9516,0,301.0,326.83,116.06,104.76,289.0,,-0.0504,-0.0128,mahony
1784237725.4763844,1.9688,0,300.24,323.16,116.06,104.76,285.69,,-0.0533,-0.0111,mahony
1784237725.4925618,1.985,0,299.52,319.71,116.06,104.76,282.6,,-0.0533,-0.0111,mahony
1784237725.5089378,2.0013,0,298.79,316.22,116.06,104.76,279.47,,-0.0533,-0.0111,mahony
1784237725.5260215,2.0184,0,298.03,312.58,116.06,104.76,276.23,,-0.0533,-0.0111,mahony
1784237725.5432796,2.0357,0,297.26,308.9,116.06,104.76,272.96,,-0.0533,-0.0111,mahony
1784237725.5594616,2.0519,0,296.54,305.45,116.06,104.76,269.91,,-0.0533,-0.0111,mahony
1784237725.5752037,2.0676,0,295.43,301.73,116.06,104.76,266.4,,-0.059,-0.0177,mahony
1784237725.5913982,2.0838,0,294.28,297.91,116.06,104.76,262.81,,-0.059,-0.0177,mahony
1784237725.60718,2.0996,0,293.17,294.18,116.06,104.76,259.32,,-0.059,-0.0177,mahony
1784237725.6241338,2.1165,0,291.97,290.18,116.06,104.76,255.58,,-0.059,-0.0177,mahony
1784237725.6413283,2.1337,0,290.75,286.12,116.06,104.76,251.81,,-0.059,-0.0177,mahony
1784237725.658329,2.1507,0,289.55,282.1,116.06,104.76,248.09,,-0.059,-0.0177,mahony
1784237725.674334,2.1667,0,287.77,278.37,116.06,104.76,244.18,,-0.0583,-0.0277,mahony
1784237725.690786,2.1832,0,285.95,274.53,116.06,104.76,240.18,,-0.0583,-0.0277,mahony
1784237725.7080736,2.2005,0,284.03,270.5,116.06,104.76,235.97,,-0.0583,-0.0277,mahony
1784237725.725217,2.2176,0,281.79,266.31,116.06,104.76,231.45,,-0.061,-0.0326,mahony
1784237725.7413938,2.2338,0,279.68,262.36,116.06,104.76,227.18,,-0.061,-0.0326,mahony
1784237725.7570188,2.2494,0,277.65,258.55,116.06,104.76,223.07,,-0.061,-0.0326,mahony
1784237725.7742434,2.2666,0,275.4,254.35,116.06,104.76,218.55,,-0.061,-0.0326,mahony
1784237725.790676,2.2831,0,273.26,250.34,116.06,104.76,214.25,,-0.061,-0.0326,mahony
1784237725.8070836,2.2995,0,270.88,246.62,116.06,104.76,209.98,,-0.0567,-0.0362,mahony
1784237725.82327,2.3157,0,268.54,242.95,116.06,104.76,205.78,,-0.0567,-0.0362,mahony
1784237725.8395603,2.332,0,266.18,239.26,116.06,104.76,201.56,,-0.0567,-0.0362,mahony
1784237725.8553412,2.3477,0,263.9,235.68,116.06,104.76,197.47,,-0.0567,-0.0362,mahony
1784237725.8719478,2.3643,0,261.49,231.92,116.06,104.76,193.18,,-0.0567,-0.0362,mahony
1784237725.8886678,2.3811,0,259.07,228.13,116.06,104.76,188.87,,-0.0567,-0.0362,mahony
1784237725.905167,2.3976,0,256.31,224.48,116.06,104.76,184.4,,-0.0552,-0.0419,mahony
1784237725.9213653,2.4138,0,253.59,220.91,116.06,104.76,180.01,,-0.0552,-0.0419,mahony
1784237725.9371586,2.4296,0,250.94,217.42,116.06,104.76,175.74,,-0.0552,-0.0419,mahony
1784237725.9542763,2.4467,0,248.07,213.64,116.06,104.76,171.12,,-0.0552,-0.0419,mahony
1784237725.9700904,2.4625,0,245.42,210.15,116.06,104.76,166.85,,-0.0552,-0.0419,mahony
1784237725.9865978,2.479,0,242.65,206.5,116.06,104.76,162.41,,-0.0552,-0.0419,mahony
1784237726.0025697,2.495,0,239.33,203.19,116.06,104.76,157.75,,-0.0519,-0.0519,mahony
1784237726.0184624,2.5109,0,236.04,199.9,116.06,104.76,153.12,,-0.0519,-0.0519,mahony
1784237726.0340831,2.5265,0,232.8,196.66,116.06,104.76,148.57,,-0.0519,-0.0519,mahony
1784237726.0511374,2.5435,0,229.28,193.25,116.06,104.76,143.7,,-0.05,-0.0515,mahony
1784237726.0671575,2.5596,0,225.99,190.04,116.06,104.76,139.13,,-0.05,-0.0515,mahony
1784237726.0838592,2.5763,0,222.55,186.7,116.06,104.76,134.37,,-0.05,-0.0515,mahony
1784237726.1011019,2.5935,0,219.0,183.26,116.06,104.76,129.45,,-0.05,-0.0515,mahony
1784237726.118217,2.6106,0,215.47,179.84,116.06,104.76,124.58,,-0.05,-0.0515,mahony
1784237726.1350217,2.6274,0,212.01,176.48,116.06,104.76,119.79,,-0.05,-0.0515,mahony
1784237726.1518292,2.6442,0,208.96,173.73,116.06,104.76,115.71,,-0.0408,-0.0453,mahony
1784237726.169142,2.6615,0,205.82,170.9,116.06,104.76,111.5,,-0.0408,-0.0453,mahony
1784237726.1865714,2.679,0,202.66,168.05,116.06,104.76,107.27,,-0.0408,-0.0453,mahony
1784237726.202235,2.6946,0,199.82,165.49,116.06,104.76,103.46,,-0.0408,-0.0453,mahony
1784237726.2189386,2.7113,0,196.79,162.76,116.06,104.76,99.41,,-0.0408,-0.0453,mahony
1784237726.2355595,2.728,0,193.78,160.05,116.06,104.76,95.38,,-0.0408,-0.0453,mahony
1784237726.2513697,2.7438,0,191.5,158.2,116.06,104.76,92.46,,-0.0292,-0.036,mahony
1784237726.2676485,2.76,0,189.16,156.3,116.06,104.76,89.45,,-0.0292,-0.036,mahony
1784237726.2834842,2.7759,0,186.88,154.46,116.06,104.76,86.52,,-0.0292,-0.036,mahony
1784237726.2994146,2.7918,0,184.59,152.6,116.06,104.76,83.58,,-0.0292,-0.036,mahony
1784237726.315428,2.8078,0,182.29,150.73,116.06,104.76,80.62,,-0.0292,-0.036,mahony
1784237726.3310435,2.8234,0,180.04,148.91,116.06,104.76,77.73,,-0.0292,-0.036,mahony
1784237726.347494,2.8399,0,177.97,147.24,116.06,104.76,75.08,,-0.0253,-0.0315,mahony
1784237726.363865,2.8563,0,175.91,145.59,116.06,104.76,72.45,,-0.0253,-0.0315,mahony
1784237726.3810556,2.8735,0,173.65,143.74,116.06,104.76,69.54,,-0.0268,-0.0329,mahony
1784237726.3980584,2.8905,0,171.41,141.91,116.06,104.76,66.66,,-0.0268,-0.0329,mahony
1784237726.415467,2.9079,0,169.12,140.05,116.06,104.76,63.72,,-0.0268,-0.0329,mahony
1784237726.4319794,2.9244,0,166.94,138.27,116.06,104.76,60.93,,-0.0268,-0.0329,mahony
1784237726.4494424,2.9418,0,164.65,136.4,116.06,104.76,57.98,,-0.0268,-0.0329,mahony
1784237726.4653912,2.9578,0,162.48,134.37,116.06,104.76,55.05,,-0.0319,-0.034,mahony
1784237726.4816408,2.974,0,160.26,132.29,116.06,104.76,52.08,,-0.0319,-0.034,mahony
1784237726.4976304,2.99,0,158.09,130.26,116.06,104.76,49.16,,-0.0319,-0.034,mahony
1784237726.5132484,3.0056,0,155.96,128.27,116.06,104.76,46.31,,-0.0319,-0.034,mahony
1784237726.5302298,3.0226,0,153.65,126.1,116.06,104.76,43.23,,-0.0319,-0.034,mahony
1784237726.546644,3.039,0,151.36,123.96,116.06,104.76,40.19,,-0.0325,-0.0349,mahony
1784237726.5637596,3.0562,0,148.98,121.74,116.06,104.76,37.04,,-0.0325,-0.0349,mahony
1784237726.580871,3.0733,0,146.59,119.51,116.06,104.76,33.91,,-0.0325,-0.0349,mahony
1784237726.5984006,3.0908,0,144.15,117.37,116.06,104.76,30.8,,-0.0304,-0.0348,mahony
1784237726.6144145,3.1068,0,141.93,115.43,116.06,104.76,27.98,,-0.0304,-0.0348,mahony
1784237726.630432,3.1228,0,139.7,113.48,116.06,104.76,25.2,,-0.0304,-0.0348,mahony
1784237726.646386,3.1388,0,137.48,111.53,116.06,104.76,22.47,,-0.0304,-0.0348,mahony
1784237726.6624653,3.1549,0,135.25,109.58,116.06,104.76,19.78,,-0.0304,-0.0348,mahony
1784237726.6784706,3.1709,0,133.4,108.1,116.06,104.76,17.66,,-0.0231,-0.0289,mahony
1784237726.6951747,3.1876,0,131.47,106.56,116.06,104.76,15.51,,-0.0231,-0.0289,mahony
1784237726.7116613,3.2041,0,129.56,105.03,116.06,104.76,13.51,,-0.0231,-0.0289,mahony
1784237726.7271104,3.2195,0,127.78,103.61,116.06,104.76,11.78,,-0.0231,-0.0289,mahony
1784237726.7450802,3.2375,0,125.7,101.95,116.06,104.76,10.05,,-0.0231,-0.0289,mahony
1784237726.762363,3.2548,0,124.28,101.29,116.06,104.76,8.93,,-0.0096,-0.0206,mahony
1784237726.778485,3.2709,0,122.95,100.67,116.06,104.76,8.02,,-0.0096,-0.0206,mahony
1784237726.7946913,3.2871,0,121.61,100.05,116.06,104.76,7.29,,-0.0096,-0.0206,mahony
1784237726.811706,3.3041,0,120.6,99.85,116.06,104.76,6.69,,-0.0029,-0.015,mahony
1784237726.8293436,3.3217,0,119.54,99.65,116.06,104.76,6.19,,-0.0029,-0.015,mahony
1784237726.8451064,3.3375,0,118.6,99.47,116.06,104.76,5.87,,-0.0029,-0.015,mahony
1784237726.862286,3.3547,0,117.57,99.27,116.06,104.76,5.69,,-0.0029,-0.015,mahony
1784237726.87855,3.371,0,117.31,99.49,116.06,104.76,5.42,,0.0034,-0.004,mahony
1784237726.8945565,3.387,0,117.06,99.71,116.06,104.76,5.15,,0.0034,-0.004,mahony
1784237726.9107878,3.4032,0,116.8,99.93,116.06,104.76,4.89,,0.0034,-0.004,mahony
1784237726.9281938,3.4206,0,116.52,100.16,116.06,104.76,4.62,,0.0034,-0.004,mahony
1784237726.9446409,3.437,0,116.26,100.38,116.06,104.76,4.38,,0.0034,-0.004,mahony
1784237726.961115,3.4535,0,115.95,100.58,116.06,104.76,4.18,,0.003,-0.0048,mahony
1784237726.9779358,3.4703,0,115.63,100.78,116.06,104.76,4.0,,0.003,-0.0048,mahony
1784237726.995555,3.488,0,115.3,100.99,116.06,104.76,3.85,,0.003,-0.0048,mahony
1784237727.011515,3.5039,0,114.91,101.24,116.06,104.76,3.71,,0.0038,-0.006,mahony
1784237727.0276043,3.52,0,114.52,101.48,116.06,104.76,3.62,,0.0038,-0.006,mahony
1784237727.0434153,3.5358,0,114.14,101.73,116.06,104.76,3.59,,0.0038,-0.006,mahony
1784237727.0592482,3.5516,0,113.76,101.97,116.06,104.76,3.62,,0.0038,-0.006,mahony
1784237727.076565,3.569,0,113.34,102.23,116.06,104.76,3.71,,0.0038,-0.006,mahony
1784237727.0924256,3.5848,0,112.87,102.48,116.06,104.76,3.93,,0.0038,-0.0074,mahony
1784237727.108328,3.6007,0,112.39,102.72,116.06,104.76,4.19,,0.0038,-0.0074,mahony
1784237727.1253319,3.6177,0,111.89,102.98,116.06,104.76,4.53,,0.0038,-0.0074,mahony
1784237727.1413004,3.6337,0,111.42,103.23,116.06,104.76,4.89,,0.0038,-0.0074,mahony
1784237727.157097,3.6495,0,110.95,103.47,116.06,104.76,5.27,,0.0038,-0.0074,mahony
1784237727.174329,3.6667,0,110.36,103.46,116.06,104.76,5.84,,-0.0002,-0.0085,mahony
1784237727.19014,3.6825,0,109.83,103.45,116.06,104.76,6.37,,-0.0002,-0.0085,mahony
1784237727.2072608,3.6997,0,109.23,103.29,116.06,104.76,6.99,,-0.0022,-0.0088,mahony
1784237727.223563,3.716,0,108.66,103.15,116.06,104.76,7.58,,-0.0022,-0.0088,mahony
1784237727.240167,3.7326,0,108.07,103.0,116.06,104.76,8.18,,-0.0022,-0.0088,mahony
1784237727.2570171,3.7494,0,107.48,102.84,116.06,104.76,8.79,,-0.0022,-0.0088,mahony
1784237727.2736945,3.7661,1,106.9,102.69,443.98,286.89,384.12,TARGET_HIT,-0.0022,-0.0088,mahony
1784237727.2905486,3.7829,1,106.49,102.52,443.98,286.89,384.56,,-0.0026,-0.006,mahony
1784237727.307084,3.7995,1,106.1,102.34,443.98,286.89,384.99,,-0.0026,-0.006,mahony
1784237727.324294,3.8167,1,105.9,102.17,443.98,286.89,385.25,,-0.0025,-0.0029,mahony
1784237727.3401067,3.8325,1,105.71,102.01,443.98,286.89,385.49,,-0.0025,-0.0029,mahony
1784237727.3567064,3.8491,1,105.52,101.84,443.98,286.89,385.74,,-0.0025,-0.0029,mahony
1784237727.3733544,3.8658,1,105.32,101.67,443.98,286.89,386.0,,-0.0025,-0.0029,mahony
1784237727.3893614,3.8818,1,105.7,101.55,443.98,286.89,385.73,,-0.0019,0.0058,mahony
1784237727.4053016,3.8977,1,106.07,101.43,443.98,286.89,385.46,,-0.0019,0.0058,mahony
1784237727.420915,3.9133,1,106.44,101.31,443.98,286.89,385.19,,-0.0019,0.0058,mahony
1784237727.4384897,3.9309,1,106.85,101.18,443.98,286.89,384.9,,-0.0019,0.0058,mahony
1784237727.4543927,3.9468,1,107.22,101.06,443.98,286.89,384.63,,-0.0019,0.0058,mahony
1784237727.4704247,3.9628,1,107.59,100.94,443.98,286.89,384.36,,-0.0019,0.0058,mahony
1784237727.4872375,3.9796,1,108.57,100.94,443.98,286.89,383.5,,-0.0,0.0145,mahony
1784237727.50361,3.996,1,109.52,100.94,443.98,286.89,382.67,,-0.0,0.0145,mahony
1784237727.5195334,4.0119,1,111.23,101.19,443.98,286.89,381.06,,0.0039,0.0268,mahony
1784237727.536118,4.0285,1,113.01,101.45,443.98,286.89,379.38,,0.0039,0.0268,mahony
1784237727.5533788,4.0458,1,114.86,101.73,443.98,286.89,377.63,,0.0039,0.0268,mahony
1784237727.5690873,4.0615,1,116.54,101.97,443.98,286.89,376.04,,0.0039,0.0268,mahony
1784237727.586479,4.0789,1,118.41,102.25,443.98,286.89,374.28,,0.0039,0.0268,mahony
1784237727.6023374,4.0947,1,120.11,102.5,443.98,286.89,372.68,,0.0039,0.0268,mahony
1784237727.6184235,4.1108,1,121.83,102.75,443.98,286.89,371.06,,0.0039,0.0268,mahony
1784237727.63533,4.1277,1,124.08,103.45,443.98,286.89,368.76,,0.0104,0.0332,mahony
1784237727.6512082,4.1436,1,126.19,104.11,443.98,286.89,366.6,,0.0104,0.0332,mahony
1784237727.6675959,4.16,1,128.6,105.57,443.98,286.89,363.79,,0.0222,0.0367,mahony
1784237727.6834419,4.1758,1,130.93,106.98,443.98,286.89,361.07,,0.0222,0.0367,mahony
1784237727.6995914,4.192,1,133.3,108.41,443.98,286.89,358.3,,0.0222,0.0367,mahony
1784237727.7152407,4.2076,1,135.9,110.31,443.98,286.89,355.1,,0.0303,0.0416,mahony
1784237727.7317474,4.2241,1,138.64,112.31,443.98,286.89,351.72,,0.0303,0.0416,mahony
1784237727.7484028,4.2408,1,141.41,114.33,443.98,286.89,348.32,,0.0303,0.0416,mahony
1784237727.7650695,4.2575,1,144.18,116.35,443.98,286.89,344.91,,0.0303,0.0416,mahony
1784237727.7818074,4.2742,1,146.97,118.37,443.98,286.89,341.49,,0.0303,0.0416,mahony
1784237727.799343,4.2917,1,150.18,121.18,443.98,286.89,337.31,,0.04,0.0458,mahony
1784237727.8153949,4.3078,1,153.11,123.75,443.98,286.89,333.49,,0.04,0.0458,mahony
1784237727.8314075,4.3238,1,156.04,126.82,443.98,286.89,329.44,,0.0479,0.0457,mahony
1784237727.8480952,4.3405,1,159.09,130.01,443.98,286.89,325.23,,0.0479,0.0457,mahony
1784237727.8651967,4.3576,1,162.22,133.29,443.98,286.89,320.91,,0.0479,0.0457,mahony
1784237727.882355,4.3748,1,165.35,136.58,443.98,286.89,316.59,,0.0479,0.0457,mahony
1784237727.898116,4.3905,1,168.52,139.59,443.98,286.89,312.37,,0.0478,0.0503,mahony
1784237727.9139552,4.4064,1,171.71,142.62,443.98,286.89,308.13,,0.0478,0.0503,mahony
1784237727.9310644,4.4235,1,175.15,145.88,443.98,286.89,303.57,,0.0478,0.0503,mahony
1784237727.947546,4.4399,1,178.46,149.03,443.98,286.89,299.17,,0.0478,0.0503,mahony
1784237727.9639454,4.4563,1,182.04,152.14,443.98,286.89,294.56,,0.0473,0.0546,mahony
1784237727.9808195,4.4732,1,185.72,155.33,443.98,286.89,289.83,,0.0473,0.0546,mahony
1784237727.9973829,4.4898,1,189.34,158.47,443.98,286.89,285.19,,0.0473,0.0546,mahony
1784237728.013781,4.5062,1,193.19,161.58,443.98,286.89,280.36,,0.0474,0.0587,mahony
1784237728.0304253,4.5228,1,197.09,164.74,443.98,286.89,275.45,,0.0474,0.0587,mahony
1784237728.0465343,4.5389,1,200.87,167.79,443.98,286.89,270.71,,0.0474,0.0587,mahony
1784237728.062688,4.5551,1,204.66,170.86,443.98,286.89,265.96,,0.0474,0.0587,mahony
1784237728.0782971,4.5707,1,208.72,173.74,443.98,286.89,261.06,,0.0461,0.065,mahony
1784237728.0946329,4.587,1,212.96,176.75,443.98,286.89,255.93,,0.0461,0.065,mahony
1784237728.1106932,4.6031,1,217.13,179.72,443.98,286.89,250.89,,0.0461,0.065,mahony
1784237728.1284912,4.6209,1,222.18,183.05,443.98,286.89,244.9,,0.0469,0.0709,mahony
1784237728.1441064,4.6365,1,226.61,185.98,443.98,286.89,239.65,,0.0469,0.0709,mahony
1784237728.1610394,4.6534,1,231.91,188.85,443.98,286.89,233.63,,0.0424,0.0783,mahony
1784237728.1784203,4.6708,1,237.36,191.8,443.98,286.89,227.45,,0.0424,0.0783,mahony
1784237728.1944554,4.6869,1,242.77,194.09,443.98,286.89,221.58,,0.0358,0.0843,mahony
1784237728.210812,4.7032,1,248.28,196.43,443.98,286.89,215.59,,0.0358,0.0843,mahony
1784237728.2276542,4.7201,1,253.96,198.84,443.98,286.89,209.42,,0.0358,0.0843,mahony
1784237728.2434661,4.7359,1,259.62,201.04,443.98,286.89,203.36,,0.0347,0.0895,mahony
1784237728.2595248,4.7519,1,265.37,203.26,443.98,286.89,197.21,,0.0347,0.0895,mahony
1784237728.275184,4.7676,1,271.16,205.12,443.98,286.89,191.19,,0.0297,0.0923,mahony
1784237728.2921517,4.7846,1,277.42,207.14,443.98,286.89,184.66,,0.0297,0.0923,mahony
1784237728.309135,4.8015,1,283.7,209.16,443.98,286.89,178.13,,0.0297,0.0923,mahony
1784237728.3260314,4.8184,1,290.06,210.88,443.98,286.89,171.66,,0.0255,0.0942,mahony
1784237728.3431525,4.8356,1,296.51,212.63,443.98,286.89,165.11,,0.0255,0.0942,mahony
1784237728.3600893,4.8525,1,302.82,214.26,443.98,286.89,158.75,,0.0242,0.0931,mahony
1784237728.3772695,4.8697,1,309.22,215.93,443.98,286.89,152.3,,0.0242,0.0931,mahony
1784237728.3929439,4.8853,1,314.99,217.37,443.98,286.89,146.53,,0.023,0.092,mahony
1784237728.4099383,4.9023,1,321.25,218.93,443.98,286.89,140.29,,0.023,0.092,mahony
1784237728.4264443,4.9188,1,326.99,220.4,443.98,286.89,134.56,,0.0223,0.087,mahony
1784237728.4429574,4.9354,1,332.74,221.87,443.98,286.89,128.85,,0.0223,0.087,mahony
1784237728.4604425,4.9528,1,338.82,223.43,443.98,286.89,122.82,,0.0223,0.087,mahony
1784237728.4761808,4.9686,1,343.48,224.86,443.98,286.89,118.1,,0.0226,0.0739,mahony
1784237728.491937,4.9843,1,348.14,226.28,443.98,286.89,113.4,,0.0226,0.0739,mahony
1784237728.5085113,5.0009,1,351.79,228.11,443.98,286.89,109.34,,0.0276,0.0551,mahony
1784237728.5248544,5.0173,1,355.39,229.91,443.98,286.89,105.33,,0.0276,0.0551,mahony
1784237728.5412219,5.0336,1,357.84,232.37,443.98,286.89,101.94,,0.0376,0.0375,mahony
1784237728.5571344,5.0495,1,360.23,234.76,443.98,286.89,98.65,,0.0376,0.0375,mahony
1784237728.5738082,5.0662,1,362.73,237.27,443.98,286.89,95.21,,0.0376,0.0375,mahony
1784237728.5908449,5.0832,1,364.16,241.12,443.98,286.89,92.01,,0.0566,0.021,mahony
1784237728.608407,5.1008,1,365.64,245.1,443.98,286.89,88.79,,0.0566,0.021,mahony
1784237728.6239274,5.1163,1,366.94,248.62,443.98,286.89,86.02,,0.0566,0.021,mahony
1784237728.6408525,5.1333,1,367.71,253.09,443.98,286.89,83.42,,0.0661,0.0114,mahony
1784237728.6578822,5.1503,1,368.49,257.6,443.98,286.89,80.97,,0.0661,0.0114,mahony
1784237728.67471,5.1671,1,369.08,261.9,443.98,286.89,78.96,,0.064,0.0088,mahony
1784237728.6912544,5.1837,1,369.65,266.14,443.98,286.89,77.17,,0.064,0.0088,mahony
1784237728.7073107,5.1997,1,370.43,269.85,443.98,286.89,75.49,,0.0578,0.0121,mahony
1784237728.723771,5.2162,1,371.23,273.66,443.98,286.89,73.94,,0.0578,0.0121,mahony
1784237728.7411554,5.2336,1,372.5,277.3,443.98,286.89,72.12,,0.0523,0.0183,mahony
1784237728.757558,5.25,1,373.7,280.73,443.98,286.89,70.55,,0.0523,0.0183,mahony
1784237728.7734208,5.2658,1,374.86,284.05,443.98,286.89,69.18,,0.0523,0.0183,mahony
1784237728.7892594,5.2817,1,376.36,286.93,443.98,286.89,67.62,,0.0455,0.0236,mahony
1784237728.8052888,5.2977,1,377.87,289.84,443.98,286.89,66.17,,0.0455,0.0236,mahony
1784237728.8220682,5.3145,1,380.23,292.0,443.98,286.89,63.96,,0.0322,0.0351,mahony
1784237728.8394604,5.3319,1,382.67,294.24,443.98,286.89,61.75,,0.0322,0.0351,mahony
1784237728.8551166,5.3475,1,384.86,296.26,443.98,286.89,59.85,,0.0322,0.0351,mahony
1784237728.8717642,5.3642,1,388.1,297.4,443.98,286.89,56.86,,0.0171,0.0486,mahony
1784237728.8891532,5.3816,1,391.48,298.59,443.98,286.89,53.78,,0.0171,0.0486,mahony
1784237728.9050853,5.3975,1,395.07,299.13,443.98,286.89,50.41,,0.0085,0.0564,mahony
1784237728.9218886,5.4143,1,398.86,299.7,443.98,286.89,46.9,,0.0085,0.0564,mahony
1784237728.9392211,5.4316,1,403.19,300.0,443.98,286.89,42.84,,0.0043,0.0624,mahony
1784237728.95523,5.4476,1,407.18,300.27,443.98,286.89,39.15,,0.0043,0.0624,mahony
1784237728.9716232,5.464,1,411.27,300.55,443.98,286.89,35.44,,0.0043,0.0624,mahony
1784237728.987382,5.4798,1,415.26,300.23,443.98,286.89,31.67,,-0.0051,0.0632,mahony
1784237729.0038087,5.4962,1,419.41,299.9,443.98,286.89,27.8,,-0.0051,0.0632,mahony
1784237729.0210037,5.5134,1,423.72,299.24,443.98,286.89,23.73,,-0.0096,0.0626,mahony
1784237729.0382426,5.5306,1,428.03,298.58,443.98,286.89,19.77,,-0.0096,0.0626,mahony
1784237729.0548608,5.5473,1,432.03,298.17,443.98,286.89,16.43,,-0.0062,0.0601,mahony
1784237729.072353,5.5648,1,436.23,297.73,443.98,286.89,13.32,,-0.0062,0.0601,mahony
1784237729.0884974,5.5809,1,439.89,297.28,443.98,286.89,11.16,,-0.007,0.0566,mahony
1784237729.105026,5.5974,1,443.63,296.81,443.98,286.89,9.93,,-0.007,0.0566,mahony
1784237729.1222153,5.6146,1,447.52,296.33,443.98,286.89,10.08,,-0.007,0.0566,mahony
1784237729.1393018,5.6317,1,451.05,295.87,443.98,286.89,11.43,,-0.0068,0.0516,mahony
1784237729.155319,5.6477,1,454.35,295.43,443.98,286.89,13.44,,-0.0068,0.0516,mahony
1784237729.1713927,5.6638,1,457.08,295.22,443.98,286.89,15.52,,-0.0034,0.0425,mahony
1784237729.187119,5.6795,1,459.75,295.0,443.98,286.89,17.74,,-0.0034,0.0425,mahony
1784237729.2036211,5.696,1,462.55,294.78,443.98,286.89,20.18,,-0.0034,0.0425,mahony
1784237729.2192783,5.7117,1,464.44,294.6,443.98,286.89,21.87,,-0.0029,0.0302,mahony
1784237729.2354963,5.7279,1,466.4,294.41,443.98,286.89,23.65,,-0.0029,0.0302,mahony
1784237729.2512314,5.7436,1,467.31,294.34,443.98,286.89,24.5,,-0.0011,0.0145,mahony
1784237729.2671378,5.7595,1,468.24,294.27,443.98,286.89,25.36,,-0.0011,0.0145,mahony
1784237729.284054,5.7765,1,469.22,294.2,443.98,286.89,26.28,,-0.0011,0.0145,mahony
1784237729.300592,5.793,1,469.51,294.47,443.98,286.89,26.63,,0.0041,0.0044,mahony
1784237729.3174126,5.8098,1,469.81,294.75,443.98,286.89,27.0,,0.0041,0.0044,mahony
1784237729.3329759,5.8254,1,469.68,295.11,443.98,286.89,26.99,,0.0058,-0.002,mahony
1784237729.3505938,5.843,1,469.54,295.52,443.98,286.89,26.98,,0.0058,-0.002,mahony
1784237729.3662722,5.8587,1,469.42,295.88,443.98,286.89,26.99,,0.0058,-0.002,mahony
1784237729.3819427,5.8743,1,468.94,296.26,443.98,286.89,26.67,,0.006,-0.0076,mahony
1784237729.3988283,5.8912,1,468.43,296.66,443.98,286.89,26.33,,0.006,-0.0076,mahony
1784237729.4161782,5.9086,1,467.66,297.14,443.98,286.89,25.8,,0.0069,-0.0111,mahony
1784237729.4337358,5.9261,1,466.88,297.63,443.98,286.89,25.29,,0.0069,-0.0111,mahony
1784237729.4506834,5.9431,1,466.09,298.09,443.98,286.89,24.79,,0.0069,-0.0116,mahony
1784237729.466735,5.9591,1,465.34,298.54,443.98,286.89,24.33,,0.0069,-0.0116,mahony
1784237729.4824238,5.9748,1,464.62,298.97,443.98,286.89,23.91,,0.0069,-0.0116,mahony
1784237729.49842,5.9908,1,463.93,299.34,443.98,286.89,23.52,,0.0058,-0.0107,mahony
1784237729.5140827,6.0065,1,463.26,299.7,443.98,286.89,23.15,,0.0058,-0.0107,mahony
1784237729.5312138,6.0236,1,462.7,300.08,443.98,286.89,22.9,,0.0055,-0.0082,mahony
1784237729.5473099,6.0397,1,462.17,300.43,443.98,286.89,22.68,,0.0055,-0.0082,mahony
1784237729.562951,6.0554,1,461.94,300.79,443.98,286.89,22.71,,0.0058,-0.0038,mahony
1784237729.5797658,6.0722,1,461.68,301.18,443.98,286.89,22.75,,0.0058,-0.0038,mahony
1784237729.596194,6.0886,1,461.72,301.48,443.98,286.89,22.97,,0.0046,0.0005,mahony
1784237729.612732,6.1051,1,461.75,301.78,443.98,286.89,23.19,,0.0046,0.0005,mahony
1784237729.6301277,6.1225,1,462.14,301.99,443.98,286.89,23.62,,0.0031,0.0055,mahony
1784237729.6464303,6.1388,1,462.5,302.19,443.98,286.89,24.02,,0.0031,0.0055,mahony
1784237729.6622567,6.1547,1,462.84,302.39,443.98,286.89,24.42,,0.0031,0.0055,mahony
1784237729.6784081,6.1708,1,463.28,302.51,443.98,286.89,24.83,,0.0019,0.0067,mahony
1784237729.6943052,6.1867,1,463.71,302.63,443.98,286.89,25.24,,0.0019,0.0067,mahony
1784237729.7110686,6.2035,1,464.15,302.76,443.98,286.89,25.67,,0.0019,0.0067,mahony
1784237729.7283068,6.2207,1,464.56,302.87,443.98,286.89,26.06,,0.0016,0.0058,mahony
1784237729.7444136,6.2368,1,464.93,302.98,443.98,286.89,26.42,,0.0016,0.0058,mahony
1784237729.7602122,6.2526,1,465.05,302.91,443.98,286.89,26.47,,-0.0012,0.0019,mahony
1784237729.775969,6.2684,1,465.17,302.83,443.98,286.89,26.52,,-0.0012,0.0019,mahony
1784237729.7931316,6.2855,1,465.29,302.75,443.98,286.89,26.57,,-0.0012,0.0019,mahony
1784237729.8105035,6.3029,1,464.91,302.42,443.98,286.89,26.06,,-0.0048,-0.0055,mahony
1784237729.8263893,6.3188,1,464.56,302.12,443.98,286.89,25.6,,-0.0048,-0.0055,mahony
1784237729.8422906,6.3347,1,463.67,301.6,443.98,286.89,24.58,,-0.0082,-0.0139,mahony
1784237729.8584476,6.3508,1,462.77,301.07,443.98,286.89,23.54,,-0.0082,-0.0139,mahony
1784237729.8739467,6.3663,1,461.91,300.56,443.98,286.89,22.54,,-0.0082,-0.0139,mahony
1784237729.891317,6.3837,1,460.59,299.72,443.98,286.89,20.99,,-0.012,-0.0189,mahony
1784237729.9074388,6.3998,1,459.38,298.95,443.98,286.89,19.56,,-0.012,-0.0189,mahony
1784237729.9234452,6.4158,1,457.78,297.94,443.98,286.89,17.68,,-0.0158,-0.0249,mahony
1784237729.9392738,6.4317,1,456.21,296.94,443.98,286.89,15.83,,-0.0158,-0.0249,mahony
1784237729.9561586,6.4486,1,454.53,295.88,443.98,286.89,13.86,,-0.0158,-0.0249,mahony
1784237729.9733284,6.4657,1,452.57,294.64,443.98,286.89,11.57,,-0.0179,-0.0285,mahony
1784237729.9893537,6.4818,1,450.74,293.49,443.98,286.89,9.45,,-0.0179,-0.0285,mahony
1784237730.0052347,6.4976,1,448.93,292.36,443.98,286.89,7.38,,-0.0179,-0.0285,mahony
1784237730.021145,6.5135,1,447.12,291.22,443.98,286.89,5.35,,-0.0179,-0.0285,mahony
1784237730.0384796,6.5309,1,445.28,289.95,443.98,286.89,3.32,,-0.0184,-0.0266,mahony
1784237730.0542328,6.5466,1,443.6,288.79,443.98,286.89,1.93,,-0.0184,-0.0266,mahony
1784237730.0713747,6.5638,1,442.01,287.52,443.98,286.89,2.07,,-0.0186,-0.0233,mahony
1784237730.087854,6.5803,1,440.47,286.29,443.98,286.89,3.56,,-0.0186,-0.0233,mahony
1784237730.1051085,6.5975,1,438.86,285.01,443.98,286.89,5.45,,-0.0186,-0.0233,mahony
1784237730.1217906,6.6142,1,437.53,283.9,443.98,286.89,7.11,,-0.0166,-0.0199,mahony
1784237730.138919,6.6313,1,436.16,282.77,443.98,286.89,8.84,,-0.0166,-0.0199,mahony
1784237730.1563313,6.6487,1,435.07,281.7,443.98,286.89,10.31,,-0.0153,-0.0156,mahony
1784237730.1730428,6.6654,1,434.03,280.68,443.98,286.89,11.73,,-0.0153,-0.0156,mahony
1784237730.1894739,6.6819,1,433.0,279.67,443.98,286.89,13.13,,-0.0153,-0.0156,mahony
1784237730.2060893,6.6985,1,432.23,278.86,443.98,286.89,14.23,,-0.0123,-0.0117,mahony
1784237730.221866,6.7143,1,431.49,278.08,443.98,286.89,15.28,,-0.0123,-0.0117,mahony
1784237730.2394168,6.7318,1,430.99,277.61,443.98,286.89,15.96,,-0.0068,-0.0072,mahony
1784237730.2553399,6.7477,1,430.53,277.18,443.98,286.89,16.59,,-0.0068,-0.0072,mahony
1784237730.271567,6.764,1,430.45,277.06,443.98,286.89,16.73,,-0.0019,-0.0014,mahony
1784237730.2877243,6.7801,1,430.36,276.94,443.98,286.89,16.87,,-0.0019,-0.0014,mahony
1784237730.3036141,6.796,1,430.54,277.09,443.98,286.89,16.63,,0.0025,0.0028,mahony
1784237730.3207076,6.8131,1,430.73,277.27,443.98,286.89,16.37,,0.0025,0.0028,mahony
1784237730.3385139,6.8309,1,430.93,277.44,443.98,286.89,16.11,,0.0025,0.0028,mahony
1784237730.354066,6.8465,1,431.29,277.82,443.98,286.89,15.6,,0.0061,0.0057,mahony
1784237730.3712668,6.8637,1,431.68,278.25,443.98,286.89,15.03,,0.0061,0.0057,mahony
1784237730.386879,6.8793,1,432.12,278.82,443.98,286.89,14.34,,0.0092,0.0071,mahony
1784237730.4036338,6.896,1,432.6,279.44,443.98,286.89,13.6,,0.0092,0.0071,mahony
1784237730.419498,6.9119,1,433.05,280.02,443.98,286.89,12.91,,0.0092,0.0071,mahony
1784237730.4351325,6.9275,1,433.47,280.63,443.98,286.89,12.23,,0.0098,0.0067,mahony
1784237730.4524736,6.9449,1,433.94,281.31,443.98,286.89,11.49,,0.0098,0.0067,mahony
1784237730.4680555,6.9605,1,434.36,281.92,443.98,286.89,10.83,,0.0098,0.0067,mahony
1784237730.485367,6.9778,1,434.77,282.57,443.98,286.89,10.17,,0.0093,0.006,mahony
1784237730.5014892,6.9939,2,435.15,283.17,710.04,214.65,283.3,TARGET_HIT,0.0093,0.006,mahony
1784237730.5173023,7.0097,2,435.52,283.77,710.04,214.65,283.1,,0.0096,0.0057,mahony
1784237730.5331616,7.0256,2,435.88,284.38,710.04,214.65,282.89,,0.0096,0.0057,mahony
1784237730.550133,7.0425,2,436.27,285.03,710.04,214.65,282.68,,0.0096,0.0057,mahony
1784237730.5674314,7.0598,2,436.48,285.7,710.04,214.65,282.64,,0.0097,0.0031,mahony
1784237730.5849934,7.0774,2,436.53,286.3,710.04,214.65,282.74,,0.0085,0.0007,mahony
1784237730.6025715,7.095,2,436.58,286.89,710.04,214.65,282.84,,0.0085,0.0007,mahony
1784237730.6186225,7.111,2,436.63,287.43,710.04,214.65,282.93,,0.0085,0.0007,mahony
1784237730.6341522,7.1266,2,436.65,287.93,710.04,214.65,283.04,,0.008,0.0003,mahony
1784237730.6505196,7.1429,2,436.67,288.45,710.04,214.65,283.16,,0.008,0.0003,mahony
1784237730.6663208,7.1587,2,436.69,288.95,710.04,214.65,283.27,,0.008,0.0003,mahony
1784237730.6820507,7.1745,2,436.7,289.46,710.04,214.65,283.4,,0.0081,0.0001,mahony
1784237730.6984503,7.1909,2,436.65,289.92,710.04,214.65,283.57,,0.0069,-0.0008,mahony
1784237730.7148755,7.2073,2,436.6,290.37,710.04,214.65,283.74,,0.0069,-0.0008,mahony
1784237730.7316556,7.2241,2,436.55,290.84,710.04,214.65,283.91,,0.0069,-0.0008,mahony
1784237730.7473161,7.2397,2,436.44,291.16,710.04,214.65,284.11,,0.0052,-0.0018,mahony
1784237730.7634382,7.2558,2,436.32,291.5,710.04,214.65,284.3,,0.0052,-0.0018,mahony
1784237730.7799776,7.2724,2,436.59,291.87,710.04,214.65,284.15,,0.0056,0.004,mahony
1784237730.7970548,7.2895,2,436.86,292.25,710.04,214.65,283.99,,0.0056,0.004,mahony
1784237730.81447,7.3069,2,437.13,292.64,710.04,214.65,283.83,,0.0056,0.004,mahony
1784237730.8304288,7.3228,2,438.14,292.97,710.04,214.65,282.95,,0.0053,0.0158,mahony
1784237730.847176,7.3396,2,439.21,293.33,710.04,214.65,282.03,,0.0053,0.0158,mahony
1784237730.8640544,7.3565,2,441.44,293.3,710.04,214.65,279.88,,-0.0004,0.0331,mahony
1784237730.881658,7.3741,2,443.77,293.26,710.04,214.65,277.64,,-0.0004,0.0331,mahony
1784237730.897431,7.3898,2,447.03,292.84,710.04,214.65,274.39,,-0.0067,0.0517,mahony
1784237730.9134893,7.4059,2,450.35,292.41,710.04,214.65,271.09,,-0.0067,0.0517,mahony
1784237730.9292214,7.4216,2,453.6,291.99,710.04,214.65,267.85,,-0.0067,0.0517,mahony
1784237730.945913,7.4383,2,457.74,291.23,710.04,214.65,263.67,,-0.0114,0.062,mahony
1784237730.9635282,7.4559,2,462.11,290.43,710.04,214.65,259.25,,-0.0114,0.062,mahony
1784237730.979563,7.472,2,466.73,289.42,710.04,214.65,254.54,,-0.0157,0.0721,mahony
1784237730.9954264,7.4878,2,471.31,288.42,710.04,214.65,249.87,,-0.0157,0.0721,mahony
1784237731.011585,7.504,2,476.79,287.17,710.04,214.65,244.27,,-0.0193,0.0848,mahony
1784237731.0273051,7.5197,2,482.12,285.96,710.04,214.65,238.82,,-0.0193,0.0848,mahony
1784237731.044228,7.5366,2,487.86,284.65,710.04,214.65,232.95,,-0.0193,0.0848,mahony
1784237731.0600553,7.5525,2,493.46,283.29,710.04,214.65,227.2,,-0.0216,0.0884,mahony
1784237731.0773427,7.5697,2,499.57,281.79,710.04,214.65,220.92,,-0.0216,0.0884,mahony
1784237731.0934107,7.5858,2,505.24,280.28,710.04,214.65,215.06,,-0.0236,0.0882,mahony
1784237731.1100397,7.6024,2,511.11,278.71,710.04,214.65,209.0,,-0.0236,0.0882,mahony
1784237731.1264446,7.6188,2,516.9,277.17,710.04,214.65,203.01,,-0.0236,0.0882,mahony
1784237731.142126,7.6345,2,522.33,275.67,710.04,214.65,197.38,,-0.0239,0.0866,mahony
1784237731.1582508,7.6507,2,527.92,274.12,710.04,214.65,191.59,,-0.0239,0.0866,mahony
1784237731.1743686,7.6668,2,533.51,272.58,710.04,214.65,185.8,,-0.0239,0.0866,mahony
1784237731.190261,7.6827,2,538.94,270.99,710.04,214.65,180.15,,-0.025,0.0854,mahony
1784237731.2064226,7.6988,2,544.46,269.38,710.04,214.65,174.4,,-0.025,0.0854,mahony
1784237731.2223942,7.7148,2,549.92,267.8,710.04,214.65,168.71,,-0.0248,0.0855,mahony
1784237731.2383614,7.7308,2,555.39,266.21,710.04,214.65,163.03,,-0.0248,0.0855,mahony
1784237731.254276,7.7467,2,560.83,264.63,710.04,214.65,157.36,,-0.0248,0.0855,mahony
1784237731.2703633,7.7628,2,566.45,263.01,710.04,214.65,151.52,,-0.0252,0.0874,mahony
1784237731.286269,7.7787,2,572.01,261.41,710.04,214.65,145.74,,-0.0252,0.0874,mahony
1784237731.3029346,7.7953,2,577.75,259.64,710.04,214.65,139.73,,-0.0265,0.0862,mahony
1784237731.319822,7.8122,2,583.57,257.85,710.04,214.65,133.65,,-0.0265,0.0862,mahony
1784237731.3372264,7.8296,2,589.57,256.01,710.04,214.65,127.37,,-0.0265,0.0862,mahony
1784237731.3540926,7.8465,2,595.31,254.23,710.04,214.65,121.37,,-0.0263,0.085,mahony
1784237731.3712363,7.8636,2,601.14,252.43,710.04,214.65,115.27,,-0.0263,0.085,mahony
1784237731.3885531,7.881,2,606.88,250.52,710.04,214.65,109.23,,-0.0276,0.0829,mahony
1784237731.4051454,7.8975,2,612.37,248.69,710.04,214.65,103.43,,-0.0276,0.0829,mahony
1784237731.4212668,7.9137,2,617.62,246.89,710.04,214.65,97.89,,-0.0279,0.0813,mahony
1784237731.438021,7.9304,2,623.06,245.02,710.04,214.65,92.13,,-0.0279,0.0813,mahony
1784237731.454817,7.9472,2,628.52,243.14,710.04,214.65,86.36,,-0.0279,0.0813,mahony
1784237731.471543,7.9639,2,633.76,241.28,710.04,214.65,80.8,,-0.0278,0.0783,mahony
1784237731.4874818,7.9799,2,638.76,239.51,710.04,214.65,75.5,,-0.0278,0.0783,mahony
1784237731.5030675,7.9955,2,643.42,237.8,710.04,214.65,70.53,,-0.0275,0.0748,mahony
1784237731.520139,8.0125,2,648.53,235.92,710.04,214.65,65.09,,-0.0275,0.0748,mahony
1784237731.5368447,8.0292,2,653.53,234.08,710.04,214.65,59.76,,-0.0275,0.0748,mahony
1784237731.5540197,8.0464,2,658.56,232.2,710.04,214.65,54.39,,-0.0274,0.0733,mahony
1784237731.5713203,8.0637,2,663.63,230.3,710.04,214.65,48.98,,-0.0274,0.0733,mahony
1784237731.5869162,8.0793,2,667.87,228.75,710.04,214.65,44.47,,-0.0249,0.0679,mahony
1784237731.6036084,8.096,2,672.4,227.09,710.04,214.65,39.65,,-0.0249,0.0679,mahony
1784237731.6193304,8.1117,2,676.67,225.52,710.04,214.65,35.1,,-0.0249,0.0679,mahony
1784237731.635377,8.1278,2,680.31,224.11,710.04,214.65,31.2,,-0.0219,0.0568,mahony
1784237731.6511536,8.1436,2,683.9,222.73,710.04,214.65,27.37,,-0.0219,0.0568,mahony
1784237731.6685143,8.1609,2,686.94,221.53,710.04,214.65,24.11,,-0.0172,0.0438,mahony
1784237731.6852238,8.1776,2,689.86,220.38,710.04,214.65,20.98,,-0.0172,0.0438,mahony
1784237731.7018294,8.1942,2,692.77,219.23,710.04,214.65,17.87,,-0.0172,0.0438,mahony
1784237731.7186704,8.2111,2,694.94,218.28,710.04,214.65,15.54,,-0.0142,0.0321,mahony
1784237731.735113,8.2275,2,697.05,217.35,710.04,214.65,13.27,,-0.0142,0.0321,mahony
1784237731.752463,8.2449,2,699.09,216.41,710.04,214.65,11.09,,-0.0134,0.0294,mahony
1784237731.7682827,8.2607,2,700.95,215.56,710.04,214.65,9.14,,-0.0134,0.0294,mahony
1784237731.7850623,8.2775,2,703.05,214.62,710.04,214.65,7.0,,-0.014,0.0312,mahony
1784237731.802676,8.2951,2,705.25,213.63,710.04,214.65,4.9,,-0.014,0.0312,mahony
1784237731.819123,8.3115,2,707.3,212.71,710.04,214.65,3.36,,-0.014,0.0312,mahony
1784237731.8355775,8.328,2,709.45,211.79,710.04,214.65,2.92,,-0.014,0.0326,mahony
1784237731.8520355,8.3444,2,711.6,210.87,710.04,214.65,4.09,,-0.014,0.0326,mahony
1784237731.8691802,8.3616,2,713.77,210.0,710.04,214.65,5.96,,-0.0126,0.0317,mahony
1784237731.8853617,8.3778,2,715.82,209.19,710.04,214.65,7.95,,-0.0126,0.0317,mahony
1784237731.9014657,8.3939,2,717.86,208.37,710.04,214.65,10.02,,-0.0126,0.0317,mahony
1784237731.9172928,8.4097,2,719.84,207.61,710.04,214.65,12.07,,-0.0121,0.0313,mahony
1784237731.9330585,8.4255,2,721.81,206.84,710.04,214.65,14.12,,-0.0121,0.0313,mahony
1784237731.950254,8.4427,2,723.91,206.03,710.04,214.65,16.32,,-0.0118,0.0304,mahony
1784237731.9665105,8.4589,2,725.88,205.26,710.04,214.65,18.41,,-0.0118,0.0304,mahony
1784237731.9820802,8.4745,2,727.78,204.53,710.04,214.65,20.42,,-0.0118,0.0304,mahony
1784237731.9992197,8.4916,2,729.72,203.72,710.04,214.65,22.51,,-0.0117,0.0283,mahony
1784237732.015365,8.5078,2,731.55,202.97,710.04,214.65,24.48,,-0.0117,0.0283,mahony
1784237732.0310504,8.5235,2,733.17,202.21,710.04,214.65,26.26,,-0.0121,0.0257,mahony
1784237732.0482998,8.5407,2,734.94,201.37,710.04,214.65,28.22,,-0.0121,0.0257,mahony
1784237732.0650735,8.5575,2,736.56,200.6,710.04,214.65,30.01,,-0.0114,0.0242,mahony
1784237732.0817902,8.5742,2,738.18,199.84,710.04,214.65,31.8,,-0.0114,0.0242,mahony
1784237732.0980606,8.5905,2,739.75,199.1,710.04,214.65,33.54,,-0.0114,0.0242,mahony
1784237732.1149817,8.6074,2,741.12,198.36,710.04,214.65,35.09,,-0.0109,0.0201,mahony
1784237732.131505,8.6239,2,742.45,197.63,710.04,214.65,36.6,,-0.0109,0.0201,mahony
1784237732.147076,8.6395,2,743.39,196.98,710.04,214.65,37.74,,-0.0105,0.0151,mahony
1784237732.1630538,8.6555,2,744.35,196.31,710.04,214.65,38.9,,-0.0105,0.0151,mahony
1784237732.1803024,8.6727,2,744.78,195.74,710.04,214.65,39.55,,-0.0082,0.0063,mahony
1784237732.1964033,8.6888,2,745.19,195.21,710.04,214.65,40.16,,-0.0082,0.0063,mahony
1784237732.212277,8.7047,2,745.58,194.69,710.04,214.65,40.76,,-0.0082,0.0063,mahony
1784237732.2289944,8.7214,2,745.42,194.22,710.04,214.65,40.85,,-0.0069,-0.0025,mahony
1784237732.2451131,8.7375,2,745.25,193.78,710.04,214.65,40.93,,-0.0069,-0.0025,mahony
1784237732.261487,8.7539,2,744.41,193.38,710.04,214.65,40.41,,-0.006,-0.0129,mahony
1784237732.2774901,8.7699,2,743.58,193.0,710.04,214.65,39.92,,-0.006,-0.0129,mahony
1784237732.2931328,8.7855,2,742.77,192.62,710.04,214.65,39.45,,-0.006,-0.0129,mahony
1784237732.3102045,8.8026,2,741.21,192.33,710.04,214.65,38.34,,-0.0044,-0.0228,mahony
1784237732.3265085,8.8189,2,739.72,192.04,710.04,214.65,37.31,,-0.0044,-0.0228,mahony
1784237732.342979,8.8354,2,737.99,191.72,710.04,214.65,36.15,,-0.0049,-0.0263,mahony
1784237732.3606086,8.853,2,736.13,191.37,710.04,214.65,34.97,,-0.0049,-0.0263,mahony
1784237732.3762994,8.8687,2,734.47,190.99,710.04,214.65,34.01,,-0.006,-0.0264,mahony
1784237732.391906,8.8843,2,732.83,190.61,710.04,214.65,33.12,,-0.006,-0.0264,mahony
1784237732.4090073,8.9014,2,731.02,190.2,710.04,214.65,32.22,,-0.006,-0.0264,mahony
1784237732.4257443,8.9181,2,729.52,189.85,710.04,214.65,31.54,,-0.0053,-0.0224,mahony
1784237732.441379,8.9338,2,728.12,189.52,710.04,214.65,30.96,,-0.0053,-0.0224,mahony
1784237732.4572968,8.9497,2,727.13,189.31,710.04,214.65,30.57,,-0.0034,-0.0155,mahony
1784237732.4732015,8.9656,2,726.14,189.09,710.04,214.65,30.21,,-0.0034,-0.0155,mahony
1784237732.4905078,8.9829,2,725.78,189.01,710.04,214.65,30.08,,-0.0012,-0.0052,mahony
1784237732.5062025,8.9986,2,725.46,188.94,710.04,214.65,29.98,,-0.0012,-0.0052,mahony
1784237732.5229492,9.0154,2,725.11,188.86,710.04,214.65,29.87,,-0.0012,-0.0052,mahony
1784237732.5400937,9.0325,2,725.74,189.1,710.04,214.65,29.99,,0.0035,0.0093,mahony
1784237732.5569782,9.0494,2,726.37,189.34,710.04,214.65,30.12,,0.0035,0.0093,mahony
1784237732.574161,9.0666,2,727.79,189.88,710.04,214.65,30.47,,0.0079,0.0207,mahony
1784237732.5903196,9.0827,2,729.13,190.4,710.04,214.65,30.87,,0.0079,0.0207,mahony
1784237732.6069005,9.0993,2,730.51,190.92,710.04,214.65,31.33,,0.0079,0.0207,mahony
1784237732.6249247,9.1173,2,732.24,191.74,710.04,214.65,31.9,,0.0113,0.024,mahony
1784237732.6424632,9.1349,2,733.92,192.53,710.04,214.65,32.55,,0.0113,0.024,mahony
1784237732.6588032,9.1512,2,735.49,193.26,710.04,214.65,33.24,,0.0113,0.024,mahony
1784237732.6754801,9.1679,2,737.12,194.27,710.04,214.65,33.89,,0.0151,0.0244,mahony
1784237732.6921043,9.1845,2,738.74,195.27,710.04,214.65,34.62,,0.0151,0.0244,mahony
1784237732.7091453,9.2015,2,740.12,196.48,710.04,214.65,35.13,,0.0178,0.0202,mahony
1784237732.725269,9.2177,2,741.42,197.63,710.04,214.65,35.7,,0.0178,0.0202,mahony
1784237732.7415094,9.2339,2,742.48,198.93,710.04,214.65,36.05,,0.02,0.0163,mahony
1784237732.757885,9.2503,2,743.55,200.24,710.04,214.65,36.47,,0.02,0.0163,mahony
1784237732.7750068,9.2674,2,744.67,201.61,710.04,214.65,37.0,,0.02,0.0163,mahony
1784237732.7923312,9.2847,2,745.24,202.84,710.04,214.65,37.12,,0.0177,0.0082,mahony
1784237732.808704,9.3011,2,745.77,203.99,710.04,214.65,37.29,,0.0177,0.0082,mahony
1784237732.824342,9.3167,2,746.29,205.1,710.04,214.65,37.48,,0.0177,0.0082,mahony
1784237732.841046,9.3334,2,746.27,206.2,710.04,214.65,37.2,,0.0165,-0.0002,mahony
1784237732.8581266,9.3505,2,746.26,207.33,710.04,214.65,36.94,,0.0165,-0.0002,mahony
1784237732.8749757,9.3674,2,745.59,208.34,710.04,214.65,36.1,,0.0149,-0.0099,mahony
1784237732.8922312,9.3846,2,744.9,209.37,710.04,214.65,35.26,,0.0149,-0.0099,mahony
1784237732.9093306,9.4017,2,743.74,210.22,710.04,214.65,33.98,,0.0125,-0.017,mahony
1784237732.925934,9.4183,2,742.61,211.05,710.04,214.65,32.76,,0.0125,-0.017,mahony
1784237732.9426851,9.4351,2,741.22,211.82,710.04,214.65,31.3,,0.0116,-0.0207,mahony
1784237732.9587843,9.4512,2,739.89,212.57,710.04,214.65,29.91,,0.0116,-0.0207,mahony
1784237732.9762309,9.4686,2,738.36,213.28,710.04,214.65,28.34,,0.0101,-0.0219,mahony
1784237732.992678,9.4851,2,736.91,213.94,710.04,214.65,26.88,,0.0101,-0.0219,mahony
1784237733.0083656,9.5008,2,735.54,214.58,710.04,214.65,25.49,,0.0101,-0.0219,mahony
1784237733.0239847,9.5164,2,734.16,215.25,710.04,214.65,24.12,,0.0106,-0.022,mahony
1784237733.041559,9.534,2,732.61,215.99,710.04,214.65,22.6,,0.0106,-0.022,mahony
1784237733.0580165,9.5504,2,731.16,216.67,710.04,214.65,21.22,,0.0102,-0.0219,mahony
1784237733.0749025,9.5673,2,729.68,217.36,710.04,214.65,19.82,,0.0102,-0.0219,mahony
1784237733.092301,9.5847,2,728.23,218.06,710.04,214.65,18.5,,0.0102,-0.0209,mahony
1784237733.1080346,9.6004,2,726.92,218.7,710.04,214.65,17.35,,0.0102,-0.0209,mahony
1784237733.124977,9.6174,2,725.51,219.39,710.04,214.65,16.17,,0.0102,-0.0209,mahony
1784237733.142497,9.6349,2,724.1,220.17,710.04,214.65,15.1,,0.011,-0.02,mahony
1784237733.1583512,9.6508,2,722.84,220.87,710.04,214.65,14.22,,0.011,-0.02,mahony
1784237733.1740062,9.6664,2,721.68,221.52,710.04,214.65,13.51,,0.0105,-0.0185,mahony
1784237733.191415,9.6838,2,720.39,222.25,710.04,214.65,12.84,,0.0105,-0.0185,mahony
1784237733.2081103,9.7005,2,719.31,222.95,710.04,214.65,12.43,,0.0104,-0.0163,mahony
1784237733.2244449,9.7168,2,718.24,223.63,710.04,214.65,12.15,,0.0104,-0.0163,mahony
1784237733.2406678,9.7331,2,717.28,224.34,710.04,214.65,12.09,,0.0109,-0.0148,mahony
1784237733.2578232,9.7502,2,716.27,225.09,710.04,214.65,12.15,,0.0109,-0.0148,mahony
1784237733.2750552,9.7675,2,715.25,225.84,710.04,214.65,12.34,,0.0109,-0.0148,mahony
1784237733.2926104,9.785,2,714.37,226.63,710.04,214.65,12.74,,0.0113,-0.0125,mahony
1784237733.3092017,9.8016,2,713.54,227.38,710.04,214.65,13.2,,0.0113,-0.0125,mahony
1784237733.3247945,9.8172,2,712.79,228.06,710.04,214.65,13.68,,0.0108,-0.012,mahony
1784237733.342088,9.8345,2,711.95,228.8,710.04,214.65,14.28,,0.0108,-0.012,mahony
1784237733.3592625,9.8517,2,711.22,229.54,710.04,214.65,14.93,,0.0107,-0.0107,mahony
1784237733.3750641,9.8675,2,710.54,230.22,710.04,214.65,15.57,,0.0107,-0.0107,mahony
1784237733.3923924,9.8848,2,710.19,230.85,710.04,214.65,16.2,,0.0091,-0.005,mahony
1784237733.4089231,9.9013,2,709.86,231.45,710.04,214.65,16.8,,0.0091,-0.005,mahony
1784237733.425261,9.9177,2,709.53,232.05,710.04,214.65,17.4,,0.0091,-0.005,mahony
1784237733.4421482,9.9345,2,709.45,232.48,710.04,214.65,17.84,,0.0065,-0.0013,mahony
1784237733.4581845,9.9506,2,709.37,232.9,710.04,214.65,18.26,,0.0065,-0.0013,mahony
1784237733.475269,9.9677,2,709.5,233.09,710.04,214.65,18.45,,0.0028,0.0019,mahony
1784237733.4919848,9.9844,2,709.62,233.28,710.04,214.65,18.63,,0.0028,0.0019,mahony
1784237733.5093932,10.0018,2,709.75,233.48,710.04,214.65,18.83,,0.0028,0.0019,mahony
1784237733.5253737,10.0178,2,709.96,233.38,710.04,214.65,18.73,,-0.0015,0.0033,mahony
1784237733.5418656,10.0343,2,710.18,233.28,710.04,214.65,18.63,,-0.0015,0.0033,mahony
1784237733.5594392,10.0518,2,710.56,232.78,710.04,214.65,18.14,,-0.0071,0.0053,mahony
1784237733.5761082,10.0685,2,710.91,232.3,710.04,214.65,17.67,,-0.0071,0.0053,mahony
1784237733.593168,10.0856,2,711.39,231.58,710.04,214.65,16.98,,-0.0106,0.007,mahony
1784237733.6097326,10.1021,2,711.85,230.88,710.04,214.65,16.33,,-0.0106,0.007,mahony
1784237733.6253312,10.1177,2,712.29,230.21,710.04,214.65,15.72,,-0.0106,0.007,mahony
1784237733.6424713,10.1349,2,712.82,229.43,710.04,214.65,15.04,,-0.0115,0.0078,mahony
1784237733.6590292,10.1514,3,713.34,228.67,554.29,238.18,159.33,TARGET_HIT,-0.0115,0.0078,mahony
1784237733.6759582,10.1684,3,713.79,227.94,554.29,238.18,159.83,,-0.0108,0.0067,mahony
1784237733.6928008,10.1852,3,714.25,227.21,554.29,238.18,160.33,,-0.0108,0.0067,mahony
1784237733.710094,10.2025,3,714.6,226.36,554.29,238.18,160.74,,-0.0122,0.005,mahony
1784237733.7258055,10.2182,3,714.91,225.6,554.29,238.18,161.11,,-0.0122,0.005,mahony
1784237733.7424185,10.2348,3,715.25,224.78,554.29,238.18,161.51,,-0.0122,0.005,mahony
1784237733.7581637,10.2506,3,715.52,224.07,554.29,238.18,161.84,,-0.0114,0.0043,mahony
1784237733.7750626,10.2675,3,715.81,223.29,554.29,238.18,162.2,,-0.0114,0.0043,mahony
1784237733.7921565,10.2846,3,715.99,222.56,554.29,238.18,162.44,,-0.0107,0.0025,mahony
1784237733.808384,10.3008,3,716.15,221.87,554.29,238.18,162.68,,-0.0107,0.0025,mahony
1784237733.8239746,10.3164,3,716.19,221.22,554.29,238.18,162.79,,-0.0104,0.0007,mahony
1784237733.8407109,10.3331,3,716.24,220.52,554.29,238.18,162.91,,-0.0104,0.0007,mahony
1784237733.858143,10.3505,3,716.29,219.79,554.29,238.18,163.04,,-0.0104,0.0007,mahony
1784237733.8751307,10.3675,3,716.29,219.16,554.29,238.18,163.1,,-0.0092,-0.0001,mahony
1784237733.891324,10.3837,3,716.28,218.57,554.29,238.18,163.17,,-0.0092,-0.0001,mahony
1784237733.9073694,10.3998,3,716.12,218.14,554.29,238.18,163.06,,-0.0066,-0.0025,mahony
1784237733.9235735,10.416,3,715.96,217.72,554.29,238.18,162.96,,-0.0066,-0.0025,mahony
1784237733.9390924,10.4315,3,715.39,217.44,554.29,238.18,162.42,,-0.0044,-0.0093,mahony
1784237733.9557905,10.4482,3,714.77,217.15,554.29,238.18,161.84,,-0.0044,-0.0093,mahony
1784237733.9732442,10.4656,3,714.12,216.84,554.29,238.18,161.24,,-0.0044,-0.0093,mahony
1784237733.9904065,10.4828,3,712.52,216.67,554.29,238.18,159.69,,-0.0025,-0.0232,mahony
1784237734.0061364,10.4985,3,711.06,216.51,554.29,238.18,158.26,,-0.0025,-0.0232,mahony
1784237734.023315,10.5157,3,708.13,216.55,554.29,238.18,155.34,,0.0006,-0.0427,mahony
1784237734.039519,10.5319,3,705.36,216.59,554.29,238.18,152.6,,0.0006,-0.0427,mahony
1784237734.0561228,10.5485,3,702.52,216.63,554.29,238.18,149.78,,0.0006,-0.0427,mahony
1784237734.072867,10.5653,3,698.34,216.92,554.29,238.18,145.61,,0.0043,-0.0623,mahony
1784237734.0902998,10.5827,3,694.0,217.23,554.29,238.18,141.26,,0.0043,-0.0623,mahony
1784237734.1063068,10.5987,3,689.19,217.57,554.29,238.18,136.46,,0.0053,-0.0751,mahony
1784237734.1221278,10.6145,3,684.44,217.9,554.29,238.18,131.71,,0.0053,-0.0751,mahony
1784237734.1394677,10.6319,3,679.23,218.27,554.29,238.18,126.51,,0.0053,-0.0751,mahony
1784237734.1549995,10.6474,3,674.36,218.5,554.29,238.18,121.66,,0.0038,-0.0784,mahony
1784237734.1720545,10.6645,3,669.01,218.76,554.29,238.18,116.34,,0.0038,-0.0784,mahony
1784237734.1886222,10.681,3,664.03,218.99,554.29,238.18,111.4,,0.0035,-0.075,mahony
1784237734.2050421,10.6974,3,659.11,219.22,554.29,238.18,106.51,,0.0035,-0.075,mahony
1784237734.2216792,10.7141,3,654.42,219.59,554.29,238.18,101.84,,0.0055,-0.0704,mahony
1784237734.2373047,10.7297,3,650.02,219.94,554.29,238.18,97.45,,0.0055,-0.0704,mahony
1784237734.2541022,10.7465,3,645.58,220.43,554.29,238.18,92.99,,0.0074,-0.0661,mahony
1784237734.2714038,10.7638,3,641.0,220.94,554.29,238.18,88.4,,0.0074,-0.0661,mahony
1784237734.2870576,10.7795,3,636.86,221.4,554.29,238.18,84.25,,0.0074,-0.0661,mahony
1784237734.3050606,10.7975,3,632.3,222.08,554.29,238.18,79.65,,0.0094,-0.0633,mahony
1784237734.3225431,10.8149,3,627.87,222.74,554.29,238.18,75.18,,0.0094,-0.0633,mahony
1784237734.33849,10.8309,3,624.07,223.56,554.29,238.18,71.29,,0.013,-0.0595,mahony
1784237734.3551662,10.8476,3,620.1,224.43,554.29,238.18,67.23,,0.013,-0.0595,mahony
1784237734.3718581,10.8643,3,616.13,225.29,554.29,238.18,63.17,,0.013,-0.0595,mahony
1784237734.3890476,10.8814,3,612.59,226.43,554.29,238.18,59.47,,0.0166,-0.0515,mahony
1784237734.4065137,10.8989,3,608.99,227.59,554.29,238.18,55.72,,0.0166,-0.0515,mahony
1784237734.4229636,10.9154,3,606.11,228.81,554.29,238.18,52.66,,0.0186,-0.0438,mahony
1784237734.4400644,10.9325,3,603.12,230.09,554.29,238.18,49.49,,0.0186,-0.0438,mahony
1784237734.4573603,10.9498,3,600.9,231.47,554.29,238.18,47.09,,0.02,-0.032,mahony
1784237734.4736958,10.9661,3,598.81,232.77,554.29,238.18,44.84,,0.02,-0.032,mahony
1784237734.4893372,10.9817,3,596.8,234.02,554.29,238.18,42.71,,0.02,-0.032,mahony
1784237734.5052893,10.9977,3,595.04,235.19,554.29,238.18,40.85,,0.0183,-0.0277,mahony
1784237734.5216613,11.0141,3,593.23,236.39,554.29,238.18,38.97,,0.0183,-0.0277,mahony
1784237734.5382805,11.0307,3,591.39,237.61,554.29,238.18,37.1,,0.0183,-0.0277,mahony
1784237734.5553453,11.0477,3,589.53,238.84,554.29,238.18,35.24,,0.018,-0.0273,mahony
1784237734.5716963,11.0641,3,587.74,240.01,554.29,238.18,33.5,,0.018,-0.0273,mahony
1784237734.588317,11.0807,3,586.04,241.2,554.29,238.18,31.89,,0.0179,-0.0256,mahony
1784237734.6043353,11.0967,3,584.4,242.35,554.29,238.18,30.39,,0.0179,-0.0256,mahony
1784237734.6206162,11.113,3,582.64,243.33,554.29,238.18,28.81,,0.0151,-0.027,mahony
1784237734.6367161,11.1291,3,580.9,244.3,554.29,238.18,27.3,,0.0151,-0.027,mahony
1784237734.6530986,11.1455,3,579.14,245.29,554.29,238.18,25.84,,0.0151,-0.027,mahony
1784237734.6702867,11.1627,3,577.21,246.32,554.29,238.18,24.32,,0.015,-0.028,mahony
1784237734.6864471,11.1788,3,575.4,247.29,554.29,238.18,22.99,,0.015,-0.028,mahony
1784237734.702026,11.1944,3,573.38,248.1,554.29,238.18,21.51,,0.013,-0.0324,mahony
1784237734.7181103,11.2105,3,571.29,248.94,554.29,238.18,20.12,,0.013,-0.0324,mahony
1784237734.733985,11.2264,3,569.23,249.76,554.29,238.18,18.9,,0.013,-0.0324,mahony
1784237734.751169,11.2436,3,566.75,250.44,554.29,238.18,17.48,,0.0099,-0.0361,mahony
1784237734.7669961,11.2594,3,564.47,251.07,554.29,238.18,16.42,,0.0099,-0.0361,mahony
1784237734.7841136,11.2765,3,561.76,251.53,554.29,238.18,15.3,,0.0068,-0.0396,mahony
1784237734.8001807,11.2926,3,559.22,251.97,554.29,238.18,14.64,,0.0068,-0.0396,mahony
1784237734.817426,11.3098,3,556.49,252.43,554.29,238.18,14.42,,0.0068,-0.0396,mahony
1784237734.8333163,11.3257,3,554.15,252.74,554.29,238.18,14.57,,0.0049,-0.0368,mahony
1784237734.8493502,11.3418,3,551.79,253.06,554.29,238.18,15.09,,0.0049,-0.0368,mahony
1784237734.8648264,11.3572,3,549.95,253.19,554.29,238.18,15.63,,0.0022,-0.0297,mahony
1784237734.881622,11.374,3,547.96,253.34,554.29,238.18,16.43,,0.0022,-0.0297,mahony
1784237734.8991418,11.3915,3,545.87,253.49,554.29,238.18,17.48,,0.0022,-0.0297,mahony
1784237734.916365,11.4088,3,544.39,253.5,554.29,238.18,18.24,,0.0001,-0.0216,mahony
1784237734.9330049,11.4254,3,542.95,253.5,554.29,238.18,19.07,,0.0001,-0.0216,mahony
1784237734.9494498,11.4419,3,541.98,253.46,554.29,238.18,19.63,,-0.0006,-0.0147,mahony
1784237734.9662628,11.4587,3,540.99,253.42,554.29,238.18,20.23,,-0.0006,-0.0147,mahony
1784237734.9832833,11.4757,3,540.5,253.32,554.29,238.18,20.48,,-0.0015,-0.0072,mahony
1784237734.999262,11.4917,3,540.04,253.23,554.29,238.18,20.73,,-0.0015,-0.0072,mahony
1784237735.0166473,11.509,3,539.54,253.12,554.29,238.18,21.0,,-0.0015,-0.0072,mahony
1784237735.0322623,11.5247,3,539.64,252.97,554.29,238.18,20.82,,-0.0025,0.0017,mahony
1784237735.0483828,11.5408,3,539.75,252.81,554.29,238.18,20.63,,-0.0025,0.0017,mahony
1784237735.0639753,11.5564,3,540.38,252.64,554.29,238.18,20.07,,-0.0026,0.0101,mahony
1784237735.080793,11.5732,3,541.06,252.47,554.29,238.18,19.48,,-0.0026,0.0101,mahony
1784237735.0974073,11.5898,3,541.73,252.3,554.29,238.18,18.9,,-0.0026,0.0101,mahony
1784237735.1138742,11.6063,3,542.95,252.16,554.29,238.18,18.0,,-0.0021,0.0185,mahony
1784237735.1311967,11.6236,3,544.23,252.02,554.29,238.18,17.11,,-0.0021,0.0185,mahony
1784237735.1482053,11.6406,3,545.9,251.85,554.29,238.18,16.04,,-0.0025,0.0245,mahony
1784237735.1640344,11.6564,3,547.45,251.69,554.29,238.18,15.14,,-0.0025,0.0245,mahony
1784237735.180655,11.6731,3,549.08,251.52,554.29,238.18,14.32,,-0.0025,0.0245,mahony
1784237735.1964834,11.6889,3,550.91,251.34,554.29,238.18,13.59,,-0.0027,0.029,mahony
1784237735.2124686,11.7049,3,552.76,251.17,554.29,238.18,13.08,,-0.0027,0.029,mahony
1784237735.2280397,11.7204,3,554.5,250.95,554.29,238.18,12.77,,-0.0036,0.0279,mahony
1784237735.2450788,11.7375,3,556.4,250.71,554.29,238.18,12.7,,-0.0036,0.0279,mahony
1784237735.2625804,11.755,3,557.88,250.58,554.29,238.18,12.91,,-0.0018,0.0211,mahony
1784237735.2792492,11.7717,3,559.28,250.46,554.29,238.18,13.25,,-0.0018,0.0211,mahony
1784237735.2960865,11.7885,3,560.71,250.34,554.29,238.18,13.74,,-0.0018,0.0211,mahony
1784237735.3135765,11.806,4,561.69,250.26,272.05,397.53,324.93,TARGET_HIT,-0.0011,0.0141,mahony
1784237735.330208,11.8226,4,562.63,250.19,272.05,397.53,325.8,,-0.0011,0.0141,mahony
1784237735.3471344,11.8395,4,563.06,250.11,272.05,397.53,326.21,,-0.0011,0.0062,mahony
1784237735.363754,11.8562,4,563.47,250.04,272.05,397.53,326.62,,-0.0011,0.0062,mahony
1784237735.3793163,11.8717,4,563.24,249.98,272.05,397.53,326.44,,-0.0009,-0.0037,mahony
1784237735.3951292,11.8875,4,563.01,249.92,272.05,397.53,326.25,,-0.0009,-0.0037,mahony
1784237735.412675,11.9051,4,562.75,249.86,272.05,397.53,326.05,,-0.0009,-0.0037,mahony
1784237735.4299498,11.9224,4,562.11,249.91,272.05,397.53,325.46,,0.0006,-0.0092,mahony
1784237735.4467509,11.9392,4,561.49,249.95,272.05,397.53,324.89,,0.0006,-0.0092,mahony
1784237735.4640691,11.9565,4,560.45,250.09,272.05,397.53,323.9,,0.002,-0.0151,mahony
1784237735.4804063,11.9728,4,559.46,250.22,272.05,397.53,322.96,,0.002,-0.0151,mahony
1784237735.4965088,11.9889,4,558.44,250.35,272.05,397.53,321.99,,0.002,-0.0159,mahony
1784237735.512508,12.0049,4,557.43,250.47,272.05,397.53,321.03,,0.002,-0.0159,mahony
1784237735.5281718,12.0206,4,556.43,250.6,272.05,397.53,320.09,,0.002,-0.0159,mahony
1784237735.545286,12.0377,4,555.36,250.76,272.05,397.53,319.07,,0.0024,-0.0156,mahony
1784237735.5613613,12.0538,4,554.36,250.92,272.05,397.53,318.11,,0.0024,-0.0156,mahony
1784237735.5771885,12.0696,4,552.92,251.12,272.05,397.53,316.74,,0.0032,-0.0227,mahony
1784237735.5929542,12.0854,4,551.49,251.32,272.05,397.53,315.37,,0.0032,-0.0227,mahony
1784237735.6099243,12.1023,4,549.94,251.54,272.05,397.53,313.91,,0.0032,-0.0227,mahony
1784237735.627135,12.1195,4,547.46,251.75,272.05,397.53,311.61,,0.0031,-0.0361,mahony
1784237735.6434584,12.1359,4,545.1,251.95,272.05,397.53,309.43,,0.0031,-0.0361,mahony
1784237735.6592805,12.1517,4,541.77,252.26,272.05,397.53,306.35,,0.0049,-0.0526,mahony
1784237735.6751647,12.1676,4,538.43,252.57,272.05,397.53,303.26,,0.0049,-0.0526,mahony
1784237735.6924584,12.1849,4,533.39,253.11,272.05,397.53,298.58,,0.0077,-0.0729,mahony
1784237735.7081652,12.2006,4,528.8,253.59,272.05,397.53,294.34,,0.0077,-0.0729,mahony
1784237735.725109,12.2175,4,523.86,254.12,272.05,397.53,289.78,,0.0077,-0.0729,mahony
1784237735.7425013,12.2349,4,518.0,255.09,272.05,397.53,284.22,,0.014,-0.0842,mahony
1784237735.758209,12.2506,4,512.71,255.97,272.05,397.53,279.2,,0.014,-0.0842,mahony
1784237735.7753472,12.2677,4,506.69,257.9,272.05,397.53,273.04,,0.0281,-0.0878,mahony
1784237735.7914963,12.2839,4,501.02,259.71,272.05,397.53,267.24,,0.0281,-0.0878,mahony
1784237735.8072867,12.2997,4,495.47,261.48,272.05,397.53,261.58,,0.0281,-0.0878,mahony
1784237735.8235846,12.316,4,489.8,263.97,272.05,397.53,255.45,,0.0382,-0.087,mahony
1784237735.840207,12.3326,4,484.02,266.51,272.05,397.53,249.19,,0.0382,-0.087,mahony
1784237735.857419,12.3498,4,478.19,269.23,272.05,397.53,242.8,,0.0394,-0.0848,mahony
1784237735.8739097,12.3663,4,472.59,271.83,272.05,397.53,236.68,,0.0394,-0.0848,mahony
1784237735.8914404,12.3838,4,466.9,274.77,272.05,397.53,230.29,,0.042,-0.0812,mahony
1784237735.9080482,12.4004,4,461.5,277.56,272.05,397.53,224.24,,0.042,-0.0812,mahony
1784237735.9250324,12.4174,4,455.98,280.42,272.05,397.53,218.05,,0.042,-0.0812,mahony
1784237735.9424179,12.4348,4,450.56,283.59,272.05,397.53,211.77,,0.0456,-0.078,mahony
1784237735.958419,12.4508,4,445.56,286.51,272.05,397.53,205.99,,0.0456,-0.078,mahony
1784237735.9741383,12.4665,4,440.65,289.32,272.05,397.53,200.34,,0.0447,-0.0781,mahony
1784237735.9909837,12.4834,4,435.39,292.32,272.05,397.53,194.29,,0.0447,-0.0781,mahony
1784237736.0083952,12.5008,4,429.95,295.44,272.05,397.53,188.03,,0.0447,-0.0781,mahony
1784237736.0239637,12.5164,4,425.09,298.15,272.05,397.53,182.48,,0.0436,-0.078,mahony
1784237736.0410962,12.5335,4,419.75,301.14,272.05,397.53,176.37,,0.0436,-0.078,mahony
1784237736.0584128,12.5508,4,414.41,304.01,272.05,397.53,170.33,,0.0414,-0.0771,mahony
1784237736.0741532,12.5666,4,409.56,306.61,272.05,397.53,164.85,,0.0414,-0.0771,mahony
1784237736.0915546,12.584,4,404.2,309.49,272.05,397.53,158.78,,0.0414,-0.0771,mahony
1784237736.107479,12.5999,4,399.37,311.95,272.05,397.53,153.41,,0.0385,-0.0757,mahony
1784237736.1232092,12.6156,4,394.61,314.37,272.05,397.53,148.11,,0.0385,-0.0757,mahony
1784237736.1398115,12.6322,4,389.77,316.77,272.05,397.53,142.75,,0.0362,-0.0729,mahony
1784237736.1565342,12.6489,4,384.89,319.2,272.05,397.53,137.36,,0.0362,-0.0729,mahony
1784237736.1723335,12.6647,4,380.36,321.34,272.05,397.53,132.42,,0.0339,-0.0717,mahony
1784237736.1882734,12.6807,4,375.79,323.51,272.05,397.53,127.44,,0.0339,-0.0717,mahony
1784237736.2039642,12.6964,4,371.29,325.64,272.05,397.53,122.55,,0.0339,-0.0717,mahony
1784237736.2209644,12.7134,4,366.56,327.78,272.05,397.53,117.46,,0.0315,-0.0696,mahony
1784237736.2388155,12.7312,4,361.59,330.03,272.05,397.53,112.13,,0.0315,-0.0696,mahony
1784237736.2553654,12.7478,4,356.99,332.11,272.05,397.53,107.21,,0.0315,-0.0696,mahony
1784237736.2714672,12.7639,4,352.74,334.04,272.05,397.53,102.68,,0.0299,-0.0659,mahony
1784237736.288093,12.7805,4,348.36,336.02,272.05,397.53,98.01,,0.0299,-0.0659,mahony
1784237736.3051822,12.7976,4,344.16,337.73,272.05,397.53,93.68,,0.0249,-0.0615,mahony
1784237736.3216383,12.814,4,340.11,339.36,272.05,397.53,89.52,,0.0249,-0.0615,mahony
1784237736.3373265,12.8297,4,336.62,340.55,272.05,397.53,86.11,,0.019,-0.0556,mahony
1784237736.3537798,12.8462,4,332.95,341.8,272.05,397.53,82.55,,0.019,-0.0556,mahony
1784237736.3710375,12.8634,4,329.11,343.11,272.05,397.53,78.85,,0.019,-0.0556,mahony
1784237736.3884606,12.8809,4,325.68,344.22,272.05,397.53,75.62,,0.016,-0.0492,mahony
1784237736.4051127,12.8975,4,322.4,345.29,272.05,397.53,72.56,,0.016,-0.0492,mahony
1784237736.4222832,12.9147,4,319.22,346.48,272.05,397.53,69.51,,0.0174,-0.0463,mahony
1784237736.43846,12.9309,4,316.23,347.6,272.05,397.53,66.67,,0.0174,-0.0463,mahony
1784237736.454102,12.9465,4,313.54,348.69,272.05,397.53,64.09,,0.0173,-0.043,mahony
1784237736.4705791,12.963,4,310.71,349.83,272.05,397.53,61.4,,0.0173,-0.043,mahony
1784237736.4866009,12.979,4,307.96,350.94,272.05,397.53,58.82,,0.0173,-0.043,mahony
1784237736.5030854,12.9955,4,305.55,352.15,272.05,397.53,56.4,,0.0183,-0.0365,mahony
1784237736.5203874,13.0128,4,303.02,353.42,272.05,397.53,53.9,,0.0183,-0.0365,mahony
1784237736.5360622,13.0285,4,301.09,354.87,272.05,397.53,51.61,,0.0231,-0.0308,mahony
1784237736.5529792,13.0454,4,299.01,356.44,272.05,397.53,49.15,,0.0231,-0.0308,mahony
1784237736.5699291,13.0623,4,297.43,358.59,272.05,397.53,46.49,,0.0317,-0.0232,mahony
1784237736.5872846,13.0797,4,295.82,360.79,272.05,397.53,43.76,,0.0317,-0.0232,mahony
1784237736.6043184,13.0967,4,294.52,363.28,272.05,397.53,40.96,,0.0366,-0.0191,mahony
1784237736.620975,13.1134,4,293.25,365.72,272.05,397.53,38.23,,0.0366,-0.0191,mahony
1784237736.6376297,13.13,4,291.98,368.15,272.05,397.53,35.5,,0.0366,-0.0191,mahony
1784237736.6531973,13.1456,4,290.8,370.41,272.05,397.53,32.97,,0.0362,-0.0189,mahony
1784237736.669379,13.1618,4,289.58,372.75,272.05,397.53,30.35,,0.0362,-0.0189,mahony
1784237736.6848176,13.1772,4,288.58,375.06,272.05,397.53,27.9,,0.0373,-0.0161,mahony
1784237736.7019541,13.1944,4,287.47,377.61,272.05,397.53,25.19,,0.0373,-0.0161,mahony
1784237736.7193964,13.2118,4,286.34,380.22,272.05,397.53,22.45,,0.0373,-0.0161,mahony
1784237736.735437,13.2278,4,285.52,382.52,272.05,397.53,20.17,,0.0359,-0.0128,mahony
1784237736.7521322,13.2445,4,284.67,384.92,272.05,397.53,17.83,,0.0359,-0.0128,mahony
1784237736.7693012,13.2617,4,283.88,387.38,272.05,397.53,15.59,,0.0358,-0.0114,mahony
1784237736.785305,13.2777,4,283.15,389.67,272.05,397.53,13.6,,0.0358,-0.0114,mahony
1784237736.8015332,13.2939,4,282.36,391.9,272.05,397.53,11.74,,0.0343,-0.0121,mahony
1784237736.8183124,13.3107,4,281.55,394.2,272.05,397.53,10.06,,0.0343,-0.0121,mahony
1784237736.8349755,13.3274,4,280.74,396.49,272.05,397.53,8.75,,0.0343,-0.0121,mahony
1784237736.8524175,13.3448,4,279.59,398.39,272.05,397.53,7.58,,0.0273,-0.0165,mahony
1784237736.8683698,13.3608,4,278.53,400.13,272.05,397.53,6.98,,0.0273,-0.0165,mahony
1784237736.8853145,13.3777,4,276.96,401.5,272.05,397.53,6.31,,0.0202,-0.0232,mahony
1784237736.9019816,13.3944,4,275.42,402.85,272.05,397.53,6.29,,0.0202,-0.0232,mahony
1784237736.9191313,13.4115,4,273.83,404.23,272.05,397.53,6.93,,0.0202,-0.0232,mahony
1784237736.9363635,13.4288,4,271.99,405.29,272.05,397.53,7.76,,0.0154,-0.0267,mahony
1784237736.9523103,13.4447,4,270.29,406.27,272.05,397.53,8.91,,0.0154,-0.0267,mahony
1784237736.9680054,13.4604,4,268.51,407.03,272.05,397.53,10.14,,0.0122,-0.0282,mahony
1784237736.985316,13.4777,4,266.64,407.65,272.05,397.53,11.47,,0.0089,-0.027,mahony
1784237737.001023,13.4934,4,264.94,408.21,272.05,397.53,12.82,,0.0089,-0.027,mahony
1784237737.0185654,13.511,4,263.05,408.83,272.05,397.53,14.45,,0.0089,-0.027,mahony
1784237737.03416,13.5266,4,261.55,409.31,272.05,397.53,15.78,,0.0077,-0.0241,mahony
1784237737.0503287,13.5427,4,259.99,409.81,272.05,397.53,17.21,,0.0077,-0.0241,mahony
1784237737.0663764,13.5588,4,258.62,410.16,272.05,397.53,18.44,,0.0056,-0.0214,mahony
1784237737.0821464,13.5745,4,257.27,410.52,272.05,397.53,19.67,,0.0056,-0.0214,mahony
1784237737.0992231,13.5916,4,256.01,410.93,272.05,397.53,20.9,,0.0061,-0.0185,mahony
1784237737.1149483,13.6073,4,254.85,411.32,272.05,397.53,22.04,,0.0061,-0.0185,mahony
1784237737.1317573,13.6242,4,253.83,411.66,272.05,397.53,23.06,,0.0051,-0.0151,mahony
1784237737.1477695,13.6402,4,252.86,411.99,272.05,397.53,24.03,,0.0051,-0.0151,mahony
1784237737.1651697,13.6576,4,251.81,412.35,272.05,397.53,25.09,,0.0051,-0.0151,mahony
1784237737.1811638,13.6736,4,251.18,412.56,272.05,397.53,25.72,,0.0034,-0.0098,mahony
1784237737.19712,13.6895,4,250.55,412.78,272.05,397.53,26.36,,0.0034,-0.0098,mahony
1784237737.214462,13.7069,4,250.48,412.93,272.05,397.53,26.51,,0.0022,-0.0011,mahony
1784237737.230958,13.7234,4,250.4,413.07,272.05,397.53,26.65,,0.0022,-0.0011,mahony
1784237737.2476625,13.7401,4,250.33,413.22,272.05,397.53,26.8,,0.0022,-0.0011,mahony
1784237737.2641559,13.7566,4,250.9,413.3,272.05,397.53,26.38,,0.0012,0.0086,mahony
1784237737.2808135,13.7732,4,251.47,413.37,272.05,397.53,25.97,,0.0012,0.0086,mahony
1784237737.2975035,13.7899,4,252.68,413.32,272.05,397.53,24.99,,-0.0008,0.0181,mahony
1784237737.3133821,13.8058,4,253.83,413.27,272.05,397.53,24.08,,-0.0008,0.0181,mahony
1784237737.32944,13.8218,4,255.43,413.2,272.05,397.53,22.84,,-0.0012,0.0249,mahony
1784237737.3456297,13.838,4,257.05,413.12,272.05,397.53,21.64,,-0.0012,0.0249,mahony
1784237737.3617904,13.8542,4,258.94,413.07,272.05,397.53,20.34,,-0.0006,0.0293,mahony
1784237737.3785725,13.871,4,260.9,413.03,272.05,397.53,19.09,,-0.0006,0.0293,mahony
1784237737.3953447,13.8877,4,262.87,412.99,272.05,397.53,17.98,,-0.0006,0.0293,mahony
1784237737.4111292,13.9035,4,264.71,412.9,272.05,397.53,17.03,,-0.0014,0.0292,mahony
1784237737.427525,13.9199,4,266.62,412.8,272.05,397.53,16.21,,-0.0014,0.0292,mahony
1784237737.4440324,13.9364,4,268.51,412.71,272.05,397.53,15.58,,-0.0015,0.0286,mahony
1784237737.4610806,13.9535,4,270.47,412.61,272.05,397.53,15.16,,-0.0015,0.0286,mahony
1784237737.4782705,13.9707,4,272.43,412.43,272.05,397.53,14.91,,-0.0025,0.0286,mahony
1784237737.4953754,13.9878,4,274.39,412.26,272.05,397.53,14.91,,-0.0025,0.0286,mahony
1784237737.511394,14.0038,4,276.22,412.1,272.05,397.53,15.15,,-0.0025,0.0286,mahony
1784237737.527465,14.0199,4,277.8,411.97,272.05,397.53,15.54,,-0.002,0.0246,mahony
1784237737.5440571,14.0365,4,279.44,411.83,272.05,397.53,16.09,,-0.002,0.0246,mahony
1784237737.5613573,14.0538,4,280.59,411.7,272.05,397.53,16.54,,-0.0019,0.0166,mahony
1784237737.5773454,14.0697,4,281.65,411.58,272.05,397.53,17.01,,-0.0019,0.0166,mahony
1784237737.5935764,14.086,4,282.29,411.44,272.05,397.53,17.26,,-0.0022,0.0098,mahony
1784237737.6096456,14.102,4,282.92,411.29,272.05,397.53,17.53,,-0.0022,0.0098,mahony
1784237737.6252048,14.1176,4,283.53,411.16,272.05,397.53,17.81,,-0.0022,0.0098,mahony
1784237737.6421466,14.1345,4,283.63,411.13,272.05,397.53,17.86,,-0.0004,0.0015,mahony
1784237737.6583455,14.1507,4,283.09,411.2,272.05,397.53,17.57,,0.0011,-0.0083,mahony
1784237737.6743886,14.1668,4,282.56,411.28,272.05,397.53,17.3,,0.0011,-0.0083,mahony
1784237737.69051,14.1829,4,282.03,411.35,272.05,397.53,17.04,,0.0011,-0.0083,mahony
1784237737.7063,14.1987,4,281.28,411.44,272.05,397.53,16.69,,0.0014,-0.0118,mahony
1784237737.7227874,14.2152,4,280.5,411.53,272.05,397.53,16.35,,0.0014,-0.0118,mahony
1784237737.740297,14.2327,4,279.81,411.61,272.05,397.53,16.07,,0.0011,-0.0099,mahony
1784237737.7565556,14.249,4,279.16,411.68,272.05,397.53,15.84,,0.0011,-0.0099,mahony
1784237737.7724743,14.2649,4,278.57,411.71,272.05,397.53,15.6,,0.0005,-0.0093,mahony
1784237737.7888534,14.2813,4,277.96,411.74,272.05,397.53,15.39,,0.0005,-0.0093,mahony
1784237737.8053703,14.2978,4,277.29,411.77,272.05,397.53,15.17,,0.0004,-0.0102,mahony
1784237737.821897,14.3143,4,276.61,411.8,272.05,397.53,14.98,,0.0004,-0.0102,mahony
1784237737.8391101,14.3315,4,275.84,411.83,272.05,397.53,14.79,,0.0005,-0.0112,mahony
1784237737.855217,14.3476,4,275.12,411.87,272.05,397.53,14.66,,0.0005,-0.0112,mahony
1784237737.8708475,14.3632,4,274.42,411.9,272.05,397.53,14.56,,0.0005,-0.0112,mahony
1784237737.8875136,14.3799,4,273.77,411.88,272.05,397.53,14.45,,-0.0002,-0.0097,mahony
1784237737.9032886,14.3957,4,273.16,411.87,272.05,397.53,14.38,,-0.0002,-0.0097,mahony
1784237737.919605,14.412,4,272.77,411.89,272.05,397.53,14.38,,0.0003,-0.0059,mahony
1784237737.935401,14.4278,4,272.4,411.91,272.05,397.53,14.39,,0.0003,-0.0059,mahony
1784237737.9511437,14.4435,5,272.2,411.92,246.92,434.29,33.76,TARGET_HIT,0.0001,-0.0031,mahony
1784237737.9670143,14.4594,5,272.01,411.93,246.92,434.29,33.61,,0.0001,-0.0031,mahony
1784237737.9842257,14.4766,5,271.79,411.93,246.92,434.29,33.45,,0.0001,-0.0031,mahony
1784237738.0005925,14.493,5,271.73,411.89,246.92,434.29,33.44,,-0.0007,-0.0009,mahony
1784237738.0162926,14.5087,5,271.67,411.84,246.92,434.29,33.42,,-0.0007,-0.0009,mahony
1784237738.0331402,14.5255,5,271.69,411.78,246.92,434.29,33.48,,-0.001,0.0002,mahony
1784237738.0494876,14.5419,5,271.7,411.72,246.92,434.29,33.53,,-0.001,0.0002,mahony
1784237738.0650716,14.5575,5,271.74,411.64,246.92,434.29,33.61,,-0.0012,0.0007,mahony
1784237738.0818484,14.5742,5,271.79,411.55,246.92,434.29,33.7,,-0.0012,0.0007,mahony
1784237738.099334,14.5917,5,271.84,411.47,246.92,434.29,33.8,,-0.0012,0.0007,mahony
1784237738.1149578,14.6074,5,271.95,411.36,246.92,434.29,33.95,,-0.0017,0.0017,mahony
1784237738.132424,14.6248,5,272.07,411.25,246.92,434.29,34.11,,-0.0017,0.0017,mahony
1784237738.1480787,14.6405,5,272.35,411.13,246.92,434.29,34.4,,-0.0018,0.0045,mahony
1784237738.165506,14.6579,5,272.66,411.01,246.92,434.29,34.71,,-0.0018,0.0045,mahony
1784237738.1816409,14.674,5,273.17,410.9,246.92,434.29,35.16,,-0.0017,0.0079,mahony
1784237738.198215,14.6906,5,273.69,410.79,246.92,434.29,35.63,,-0.0017,0.0079,mahony
1784237738.2153301,14.7077,5,274.23,410.68,246.92,434.29,36.11,,-0.0017,0.0079,mahony
1784237738.2313914,14.7238,5,274.51,410.61,246.92,434.29,36.36,,-0.001,0.0043,mahony
1784237738.247278,14.7397,5,274.78,410.55,246.92,434.29,36.61,,-0.001,0.0043,mahony
1784237738.2639115,14.7563,5,274.57,410.57,246.92,434.29,36.44,,0.0004,-0.0031,mahony
1784237738.2814252,14.7738,5,274.36,410.6,246.92,434.29,36.25,,0.0004,-0.0031,mahony
1784237738.2972918,14.7897,5,273.57,410.84,246.92,434.29,35.5,,0.0038,-0.0124,mahony
1784237738.3130143,14.8054,5,272.78,411.08,246.92,434.29,34.76,,0.0038,-0.0124,mahony
1784237738.329517,14.8219,5,271.96,411.33,246.92,434.29,33.98,,0.0038,-0.0124,mahony
1784237738.3453538,14.8378,5,270.59,411.7,246.92,434.29,32.72,,0.0059,-0.0217,mahony
1784237738.361562,14.854,5,269.19,412.08,246.92,434.29,31.45,,0.0059,-0.0217,mahony
1784237738.3774283,14.8698,5,267.55,412.6,246.92,434.29,29.94,,0.0081,-0.0258,mahony
1784237738.3939476,14.8863,5,265.85,413.13,246.92,434.29,28.39,,0.0081,-0.0258,mahony
1784237738.4111502,14.9036,5,264.08,413.69,246.92,434.29,26.81,,0.0081,-0.0258,mahony
1784237738.428556,14.921,5,262.31,414.27,246.92,434.29,25.26,,0.0083,-0.0254,mahony
1784237738.4451241,14.9375,5,260.63,414.82,246.92,434.29,23.82,,0.0083,-0.0254,mahony
1784237738.4616098,14.954,5,259.22,415.32,246.92,434.29,22.62,,0.0076,-0.0214,mahony
1784237738.4781625,14.9706,5,257.81,415.82,246.92,434.29,21.45,,0.0076,-0.0214,mahony
1784237738.4953935,14.9878,5,256.63,416.37,246.92,434.29,20.39,,0.008,-0.017,mahony
1784237738.511504,15.0039,5,255.53,416.89,246.92,434.29,19.42,,0.008,-0.017,mahony
1784237738.5272877,15.0197,5,254.46,417.4,246.92,434.29,18.5,,0.008,-0.017,mahony
1784237738.5439744,15.0364,5,253.62,417.87,246.92,434.29,17.74,,0.0071,-0.0125,mahony
1784237738.561231,15.0536,5,252.75,418.35,246.92,434.29,16.98,,0.0071,-0.0125,mahony
1784237738.57827,15.0707,5,252.36,418.59,246.92,434.29,16.62,,0.0035,-0.0058,mahony
1784237738.5943153,15.0867,5,251.99,418.82,246.92,434.29,16.29,,0.0035,-0.0058,mahony
1784237738.6103702,15.1028,5,251.61,419.04,246.92,434.29,15.96,,0.0035,-0.0058,mahony
1784237738.6267715,15.1192,5,251.68,419.07,246.92,434.29,15.95,,0.0005,0.0011,mahony
1784237738.6441967,15.1366,5,251.76,419.11,246.92,434.29,15.94,,0.0005,0.0011,mahony
1784237738.6614408,15.1538,5,252.14,418.99,246.92,434.29,16.17,,-0.0017,0.0056,mahony
1784237738.677301,15.1697,5,252.5,418.88,246.92,434.29,16.39,,-0.0017,0.0056,mahony
1784237738.6940422,15.1864,5,253.04,418.66,246.92,434.29,16.79,,-0.0034,0.008,mahony
1784237738.7102077,15.2026,5,253.55,418.44,246.92,434.29,17.19,,-0.0034,0.008,mahony
1784237738.727396,15.2198,5,254.05,418.16,246.92,434.29,17.64,,-0.004,0.0072,mahony
1784237738.7434778,15.2359,5,254.51,417.91,246.92,434.29,18.06,,-0.004,0.0072,mahony
1784237738.7593272,15.2517,5,254.96,417.65,246.92,434.29,18.49,,-0.004,0.0072,mahony
1784237738.7749987,15.2674,5,255.36,417.45,246.92,434.29,18.84,,-0.0033,0.0063,mahony
1784237738.7923937,15.2848,5,255.8,417.22,246.92,434.29,19.25,,-0.0033,0.0063,mahony
1784237738.8085365,15.3009,5,256.13,416.97,246.92,434.29,19.62,,-0.0039,0.0051,mahony
1784237738.8251684,15.3176,5,256.46,416.71,246.92,434.29,20.01,,-0.0039,0.0051,mahony
1784237738.8417954,15.3342,5,256.8,416.46,246.92,434.29,20.39,,-0.0039,0.0051,mahony
1784237738.8593018,15.3517,5,257.16,416.27,246.92,434.29,20.73,,-0.0027,0.0051,mahony
1784237738.8761842,15.3686,5,257.51,416.09,246.92,434.29,21.06,,-0.0027,0.0051,mahony
1784237738.8919623,15.3844,5,257.64,415.94,246.92,434.29,21.25,,-0.0023,0.0022,mahony
1784237738.9092112,15.4016,5,257.79,415.78,246.92,434.29,21.47,,-0.0023,0.0022,mahony
1784237738.9256608,15.4181,5,257.81,415.71,246.92,434.29,21.55,,-0.0012,0.0004,mahony
1784237738.9430313,15.4354,5,257.84,415.62,246.92,434.29,21.63,,-0.0012,0.0004,mahony
1784237738.9599886,15.4524,5,257.86,415.54,246.92,434.29,21.71,,-0.0012,0.0004,mahony
1784237738.9771695,15.4696,5,257.72,415.54,246.92,434.29,21.64,,-0.0,-0.0021,mahony
1784237738.9934406,15.4858,5,257.58,415.54,246.92,434.29,21.57,,-0.0,-0.0021,mahony
1784237739.0090601,15.5015,5,257.26,415.66,246.92,434.29,21.32,,0.0019,-0.0051,mahony
1784237739.0267544,15.5192,5,256.9,415.79,246.92,434.29,21.02,,0.0019,-0.0051,mahony
1784237739.0422838,15.5347,5,256.53,415.93,246.92,434.29,20.73,,0.0023,-0.0059,mahony
1784237739.058129,15.5505,5,256.16,416.07,246.92,434.29,20.43,,0.0023,-0.0059,mahony
1784237739.0755365,15.5679,5,255.75,416.23,246.92,434.29,20.11,,0.0023,-0.0059,mahony
1784237739.0915544,15.584,6,255.47,416.46,118.67,450.25,140.91,TARGET_HIT,0.0036,-0.0045,mahony
1784237739.1072876,15.5997,6,255.19,416.69,118.67,450.25,140.58,,0.0036,-0.0045,mahony
1784237739.1237738,15.6162,6,254.96,416.97,118.67,450.25,140.3,,0.0042,-0.0034,mahony
1784237739.140528,15.6329,6,254.74,417.25,118.67,450.25,140.01,,0.0042,-0.0034,mahony
1784237739.157135,15.6495,6,254.59,417.59,118.67,450.25,139.79,,0.0052,-0.0023,mahony
1784237739.173341,15.6657,6,254.44,417.93,118.67,450.25,139.56,,0.0052,-0.0023,mahony
1784237739.1898005,15.6822,6,254.29,418.27,118.67,450.25,139.34,,0.0052,-0.0023,mahony
1784237739.207207,15.6996,6,254.18,418.64,118.67,450.25,139.15,,0.0054,-0.0016,mahony
1784237739.2231545,15.7156,6,254.08,418.98,118.67,450.25,138.97,,0.0054,-0.0016,mahony
1784237739.239812,15.7322,6,254.01,419.39,118.67,450.25,138.81,,0.0061,-0.0011,mahony
1784237739.2570062,15.7494,6,253.93,419.81,118.67,450.25,138.64,,0.0061,-0.0011,mahony
1784237739.2749507,15.7674,6,253.94,420.2,118.67,450.25,138.56,,0.0054,0.0001,mahony
1784237739.292149,15.7846,6,253.94,420.57,118.67,450.25,138.49,,0.0054,0.0001,mahony
1784237739.3095813,15.802,6,253.95,420.94,118.67,450.25,138.42,,0.0054,0.0001,mahony
1784237739.3251588,15.8176,6,254.02,421.27,118.67,450.25,138.42,,0.0053,0.0011,mahony
1784237739.342197,15.8346,6,254.1,421.63,118.67,450.25,138.42,,0.0053,0.0011,mahony
1784237739.3587651,15.8512,6,254.15,421.95,118.67,450.25,138.4,,0.0048,0.0008,mahony
1784237739.3763425,15.8687,6,254.21,422.28,118.67,450.25,138.39,,0.0048,0.0008,mahony
1784237739.392079,15.8845,6,254.26,422.59,118.67,450.25,138.38,,0.0048,0.0008,mahony
1784237739.409563,15.902,6,253.92,422.91,118.67,450.25,137.98,,0.0046,-0.0049,mahony
1784237739.4262285,15.9186,6,253.59,423.21,118.67,450.25,137.6,,0.0046,-0.0049,mahony
1784237739.44291,15.9353,6,252.6,423.51,118.67,450.25,136.57,,0.0044,-0.0149,mahony
1784237739.4604602,15.9529,6,251.55,423.82,118.67,450.25,135.48,,0.0044,-0.0149,mahony
1784237739.477239,15.9696,6,250.54,424.11,118.67,450.25,134.44,,0.0044,-0.0149,mahony
1784237739.4934845,15.9859,6,248.74,424.38,118.67,450.25,132.61,,0.004,-0.0278,mahony
1784237739.510208,16.0026,6,246.88,424.65,118.67,450.25,130.74,,0.004,-0.0278,mahony
1784237739.5271325,16.0195,6,244.31,424.95,118.67,450.25,128.16,,0.0045,-0.0379,mahony
1784237739.543881,16.0363,6,241.77,425.25,118.67,450.25,125.61,,0.0045,-0.0379,mahony
1784237739.5610125,16.0534,6,238.81,425.53,118.67,450.25,122.65,,0.0041,-0.0432,mahony
1784237739.5782225,16.0706,6,235.83,425.82,118.67,450.25,119.68,,0.0041,-0.0432,mahony
1784237739.5939896,16.0864,6,232.95,426.04,118.67,450.25,116.81,,0.0035,-0.0457,mahony
1784237739.6110134,16.1034,6,229.84,426.27,118.67,450.25,113.72,,0.0035,-0.0457,mahony
1784237739.627625,16.12,6,226.74,426.48,118.67,450.25,110.66,,0.0031,-0.0466,mahony
1784237739.6449442,16.1373,6,223.52,426.7,118.67,450.25,107.46,,0.0031,-0.0466,mahony
1784237739.6619406,16.1543,6,220.37,427.04,118.67,450.25,104.32,,0.0049,-0.0463,mahony
1784237739.6794603,16.1719,6,217.13,427.38,118.67,450.25,101.08,,0.0049,-0.0463,mahony
1784237739.6952999,16.1877,6,214.2,427.69,118.67,450.25,98.15,,0.0049,-0.0463,mahony
1784237739.7111504,16.2036,6,211.26,428.07,118.67,450.25,95.2,,0.0059,-0.0464,mahony
1784237739.727415,16.2198,6,208.24,428.45,118.67,450.25,92.18,,0.0059,-0.0464,mahony
1784237739.7439566,16.2364,6,205.25,428.85,118.67,450.25,89.19,,0.006,-0.0451,mahony
1784237739.7610502,16.2535,6,202.17,429.25,118.67,450.25,86.1,,0.006,-0.0451,mahony
1784237739.778094,16.2705,6,199.23,429.71,118.67,450.25,83.14,,0.0067,-0.0431,mahony
1784237739.7945051,16.2869,6,196.41,430.15,118.67,450.25,80.29,,0.0067,-0.0431,mahony
1784237739.8101234,16.3025,6,193.72,430.57,118.67,450.25,77.58,,0.0067,-0.0431,mahony
1784237739.826884,16.3193,6,190.98,431.12,118.67,450.25,74.79,,0.0083,-0.0408,mahony
1784237739.8441944,16.3366,6,188.15,431.7,118.67,450.25,71.91,,0.0083,-0.0408,mahony
1784237739.8614137,16.3538,6,185.32,432.33,118.67,450.25,69.02,,0.0092,-0.0411,mahony
1784237739.877201,16.3696,6,182.73,432.91,118.67,450.25,66.36,,0.0092,-0.0411,mahony
1784237739.8939784,16.3864,6,179.94,433.53,118.67,450.25,63.51,,0.0093,-0.0416,mahony
1784237739.9111683,16.4036,6,177.08,434.17,118.67,450.25,60.58,,0.0093,-0.0416,mahony
1784237739.9280956,16.4205,6,174.26,434.8,118.67,450.25,57.69,,0.0093,-0.0416,mahony
1784237739.9451463,16.4375,6,171.42,435.45,118.67,450.25,54.78,,0.0094,-0.0417,mahony
1784237739.9612112,16.4536,6,168.74,436.05,118.67,450.25,52.04,,0.0094,-0.0417,mahony
1784237739.9782977,16.4707,6,166.06,436.74,118.67,450.25,49.28,,0.01,-0.0391,mahony
1784237739.9939818,16.4864,6,163.61,437.36,118.67,450.25,46.75,,0.01,-0.0391,mahony
1784237740.011174,16.5036,6,161.53,438.16,118.67,450.25,44.54,,0.0115,-0.0302,mahony
1784237740.0277066,16.5201,6,159.54,438.92,118.67,450.25,42.41,,0.0115,-0.0302,mahony
1784237740.0439978,16.5364,6,158.26,439.78,118.67,450.25,40.95,,0.0132,-0.0197,mahony
1784237740.0614386,16.5538,6,156.89,440.7,118.67,450.25,39.39,,0.0132,-0.0197,mahony
1784237740.0770783,16.5695,6,155.65,441.52,118.67,450.25,38.0,,0.0132,-0.0197,mahony
1784237740.0940413,16.5864,6,154.94,442.45,118.67,450.25,37.1,,0.0137,-0.0105,mahony
1784237740.1114118,16.6038,6,154.21,443.4,118.67,450.25,36.19,,0.0137,-0.0105,mahony
1784237740.1271234,16.6195,6,153.51,444.17,118.67,450.25,35.37,,0.0122,-0.0111,mahony
1784237740.1449523,16.6374,6,152.72,445.05,118.67,450.25,34.44,,0.0122,-0.0111,mahony
1784237740.162107,16.6545,6,151.73,445.84,118.67,450.25,33.35,,0.0116,-0.0144,mahony
1784237740.1793988,16.6718,6,150.73,446.64,118.67,450.25,32.26,,0.0116,-0.0144,mahony
1784237740.195086,16.6875,6,149.82,447.36,118.67,450.25,31.28,,0.0116,-0.0144,mahony
1784237740.2122188,16.7046,6,148.82,448.04,118.67,450.25,30.23,,0.0099,-0.0145,mahony
1784237740.2284498,16.7209,6,147.88,448.68,118.67,450.25,29.25,,0.0099,-0.0145,mahony
1784237740.2452478,16.7376,6,146.91,449.27,118.67,450.25,28.25,,0.0087,-0.0145,mahony
1784237740.2612703,16.7537,6,145.98,449.83,118.67,450.25,27.31,,0.0087,-0.0145,mahony
1784237740.278452,16.7709,6,144.77,450.45,118.67,450.25,26.09,,0.009,-0.0177,mahony
1784237740.2950673,16.7875,6,143.59,451.04,118.67,450.25,24.93,,0.009,-0.0177,mahony
1784237740.3121011,16.8045,6,142.39,451.66,118.67,450.25,23.75,,0.009,-0.0177,mahony
1784237740.3288326,16.8212,6,140.84,452.17,118.67,450.25,22.25,,0.0076,-0.0232,mahony
1784237740.3464615,16.8389,6,139.2,452.71,118.67,450.25,20.68,,0.0076,-0.0232,mahony
1784237740.3625522,16.855,6,137.51,453.22,118.67,450.25,19.07,,0.008,-0.0264,mahony
1784237740.3793004,16.8717,6,135.74,453.76,118.67,450.25,17.42,,0.008,-0.0264,mahony
1784237740.3950996,16.8875,6,134.07,454.26,118.67,450.25,15.91,,0.008,-0.0264,mahony
1784237740.4121177,16.9045,6,132.3,454.81,118.67,450.25,14.37,,0.008,-0.0261,mahony
1784237740.4284441,16.9208,6,130.6,455.33,118.67,450.25,12.96,,0.008,-0.0261,mahony
1784237740.4441175,16.9365,6,129.09,455.79,118.67,450.25,11.8,,0.0073,-0.024,mahony
1784237740.4611247,16.9535,6,127.46,456.29,118.67,450.25,10.66,,0.0073,-0.024,mahony
1784237740.4782758,16.9707,6,126.04,456.77,118.67,450.25,9.84,,0.0071,-0.0206,mahony
1784237740.4949572,16.9874,6,124.67,457.24,118.67,450.25,9.21,,0.0071,-0.0206,mahony
1784237740.5115485,17.0039,6,123.3,457.71,118.67,450.25,8.78,,0.0071,-0.0206,mahony
1784237740.5272264,17.0196,6,122.19,458.14,118.67,450.25,8.64,,0.0068,-0.0177,mahony
1784237740.543102,17.0355,6,121.07,458.57,118.67,450.25,8.66,,0.0068,-0.0177,mahony
1784237740.5600386,17.0524,6,120.29,459.01,118.67,450.25,8.91,,0.0065,-0.0115,mahony
1784237740.5770068,17.0694,6,119.51,459.45,118.67,450.25,9.24,,0.0065,-0.0115,mahony
1784237740.5941741,17.0866,6,119.1,459.86,118.67,450.25,9.62,,0.006,-0.0059,mahony
1784237740.6107175,17.1031,6,118.72,460.26,118.67,450.25,10.01,,0.006,-0.0059,mahony
1784237740.6282399,17.1206,6,118.3,460.68,118.67,450.25,10.43,,0.006,-0.0059,mahony
1784237740.6455233,17.1379,6,118.25,461.14,118.67,450.25,10.89,,0.0066,-0.0008,mahony
1784237740.6620157,17.1544,6,118.19,461.57,118.67,450.25,11.33,,0.0066,-0.0008,mahony
1784237740.6791544,17.1716,6,118.51,461.91,118.67,450.25,11.66,,0.0049,0.0047,mahony
1784237740.6952975,17.1877,6,118.81,462.22,118.67,450.25,11.97,,0.0049,0.0047,mahony
1784237740.7110488,17.2035,6,119.11,462.53,118.67,450.25,12.29,,0.0049,0.0047,mahony
1784237740.7275867,17.22,6,119.58,462.79,118.67,450.25,12.57,,0.0039,0.0072,mahony
1784237740.743958,17.2364,6,120.05,463.04,118.67,450.25,12.87,,0.0039,0.0072,mahony
1784237740.7609322,17.2533,6,120.65,463.27,118.67,450.25,13.17,,0.0034,0.0089,mahony
1784237740.7778647,17.2703,6,121.25,463.5,118.67,450.25,13.5,,0.0034,0.0089,mahony
1784237740.7943337,17.2867,6,122.0,463.65,118.67,450.25,13.81,,0.0023,0.0113,mahony
1784237740.8106127,17.303,6,122.74,463.8,118.67,450.25,14.15,,0.0023,0.0113,mahony
1784237740.8264341,17.3188,6,123.63,463.91,118.67,450.25,14.53,,0.0017,0.0141,mahony
1784237740.8428528,17.3353,6,124.56,464.03,118.67,450.25,14.98,,0.0017,0.0141,mahony
1784237740.860112,17.3525,6,125.53,464.15,118.67,450.25,15.5,,0.0017,0.0141,mahony
1784237740.8775532,17.37,6,126.54,464.22,118.67,450.25,16.03,,0.001,0.0144,mahony
1784237740.8940132,17.3864,6,127.49,464.29,118.67,450.25,16.57,,0.001,0.0144,mahony
1784237740.9115374,17.4039,6,128.44,464.38,118.67,450.25,17.18,,0.0013,0.0137,mahony
1784237740.927889,17.4203,6,129.34,464.46,118.67,450.25,17.77,,0.0013,0.0137,mahony
1784237740.9451988,17.4376,6,130.07,464.46,118.67,450.25,18.22,,0.0001,0.0106,mahony
1784237740.9616706,17.4541,7,130.77,464.47,611.45,248.08,527.15,TARGET_HIT,0.0001,0.0106,mahony
1784237740.9772062,17.4696,7,131.42,464.47,611.45,248.08,526.55,,0.0001,0.0106,mahony
1784237740.9943192,17.4867,7,131.92,464.45,611.45,248.08,526.09,,-0.0003,0.0072,mahony
1784237741.0104914,17.5029,7,132.38,464.43,611.45,248.08,525.66,,-0.0003,0.0072,mahony
1784237741.0267859,17.5192,7,132.82,464.42,611.45,248.08,525.26,,-0.0002,0.0066,mahony
1784237741.0442874,17.5367,7,133.28,464.41,611.45,248.08,524.83,,-0.0002,0.0066,mahony
1784237741.0599306,17.5523,7,133.66,464.38,611.45,248.08,524.47,,-0.0005,0.0061,mahony
1784237741.0774457,17.5698,7,134.09,464.34,611.45,248.08,524.06,,-0.0005,0.0061,mahony
1784237741.0935018,17.5859,7,134.31,464.29,611.45,248.08,523.84,,-0.0009,0.0033,mahony
1784237741.1093764,17.6018,7,134.52,464.23,611.45,248.08,523.63,,-0.0009,0.0033,mahony
1784237741.1253119,17.6177,7,134.47,464.19,611.45,248.08,523.65,,-0.0006,-0.0007,mahony
1784237741.1418326,17.6342,7,134.43,464.15,611.45,248.08,523.68,,-0.0006,-0.0007,mahony
1784237741.1589653,17.6514,7,134.38,464.11,611.45,248.08,523.71,,-0.0006,-0.0007,mahony
1784237741.176417,17.6688,7,134.42,464.12,611.45,248.08,523.67,,0.0001,0.0006,mahony
1784237741.192166,17.6846,7,134.46,464.12,611.45,248.08,523.64,,0.0001,0.0006,mahony
1784237741.2089775,17.7014,7,134.88,464.1,611.45,248.08,523.24,,-0.0004,0.0063,mahony
1784237741.2260592,17.7185,7,135.31,464.07,611.45,248.08,522.84,,-0.0004,0.0063,mahony
1784237741.2426763,17.7351,7,136.26,463.96,611.45,248.08,521.93,,-0.0016,0.0143,mahony
1784237741.259111,17.7515,7,137.2,463.86,611.45,248.08,521.03,,-0.0016,0.0143,mahony
1784237741.276392,17.7688,7,139.31,463.6,611.45,248.08,519.0,,-0.0037,0.0305,mahony
1784237741.2920654,17.7845,7,141.23,463.37,611.45,248.08,517.16,,-0.0037,0.0305,mahony
1784237741.3085241,17.8009,7,143.24,463.12,611.45,248.08,515.23,,-0.0037,0.0305,mahony
1784237741.3241565,17.8166,7,146.15,462.54,611.45,248.08,512.34,,-0.0093,0.0466,mahony
1784237741.3399587,17.8324,7,149.1,461.95,611.45,248.08,509.42,,-0.0093,0.0466,mahony
1784237741.35741,17.8498,7,153.19,460.8,611.45,248.08,505.23,,-0.0165,0.0586,mahony
1784237741.3736076,17.866,7,156.98,459.73,611.45,248.08,501.33,,-0.0165,0.0586,mahony
1784237741.3891654,17.8816,7,160.63,458.7,611.45,248.08,497.6,,-0.0165,0.0586,mahony
1784237741.4063096,17.8987,7,165.35,457.18,611.45,248.08,492.68,,-0.0222,0.0688,mahony
1784237741.4224083,17.9148,7,169.78,455.74,611.45,248.08,488.06,,-0.0222,0.0688,mahony
1784237741.4381363,17.9305,7,174.45,454.02,611.45,248.08,483.1,,-0.0274,0.0742,mahony
1784237741.4539006,17.9463,7,179.12,452.29,611.45,248.08,478.13,,-0.0274,0.0742,mahony
1784237741.4710648,17.9635,7,184.56,449.95,611.45,248.08,472.22,,-0.0341,0.0792,mahony
1784237741.4872096,17.9796,7,189.68,447.75,611.45,248.08,466.65,,-0.0341,0.0792,mahony
1784237741.5036728,17.9961,7,194.9,445.51,611.45,248.08,460.97,,-0.0341,0.0792,mahony
1784237741.5213056,18.0137,7,200.66,442.84,611.45,248.08,454.62,,-0.0377,0.0818,mahony
1784237741.5373518,18.0298,7,205.91,440.42,611.45,248.08,448.84,,-0.0377,0.0818,mahony
1784237741.5538375,18.0462,7,211.36,437.86,611.45,248.08,442.82,,-0.0388,0.0827,mahony
1784237741.570564,18.063,7,216.89,435.27,611.45,248.08,436.71,,-0.0388,0.0827,mahony
1784237741.586953,18.0794,7,222.31,432.63,611.45,248.08,430.69,,-0.0402,0.0826,mahony
1784237741.6043873,18.0968,7,228.07,429.82,611.45,248.08,424.28,,-0.0402,0.0826,mahony
1784237741.6201622,18.1126,7,233.29,427.29,611.45,248.08,418.48,,-0.0402,0.0826,mahony
1784237741.637357,18.1298,7,239.11,424.5,611.45,248.08,412.02,,-0.0405,0.0847,mahony
1784237741.654048,18.1464,7,244.77,421.79,611.45,248.08,405.75,,-0.0405,0.0847,mahony
1784237741.6711948,18.1636,7,250.77,419.07,611.45,248.08,399.16,,-0.0398,0.0875,mahony
1784237741.6873298,18.1797,7,256.42,416.5,611.45,248.08,392.96,,-0.0398,0.0875,mahony
1784237741.7035003,18.1959,7,262.23,413.96,611.45,248.08,386.61,,-0.0393,0.0899,mahony
1784237741.7192645,18.2117,7,267.9,411.48,611.45,248.08,380.43,,-0.0393,0.0899,mahony
1784237741.736022,18.2284,7,273.93,408.85,611.45,248.08,373.86,,-0.0393,0.0899,mahony
1784237741.7531168,18.2455,7,280.22,406.2,611.45,248.08,367.04,,-0.0387,0.092,mahony
1784237741.7697113,18.2621,7,286.33,403.63,611.45,248.08,360.42,,-0.0387,0.092,mahony
1784237741.7851937,18.2776,7,292.17,401.26,611.45,248.08,354.13,,-0.0382,0.0942,mahony
1784237741.8017552,18.2942,7,298.41,398.73,611.45,248.08,347.41,,-0.0382,0.0942,mahony
1784237741.8182368,18.3106,7,304.62,396.21,611.45,248.08,340.72,,-0.0382,0.0942,mahony
1784237741.8353066,18.3277,7,311.23,393.6,611.45,248.08,333.63,,-0.0383,0.0968,mahony
1784237741.851376,18.3438,7,317.45,391.14,611.45,248.08,326.96,,-0.0383,0.0968,mahony
1784237741.8674228,18.3598,7,323.77,388.67,611.45,248.08,320.2,,-0.0386,0.0984,mahony
1784237741.8831346,18.3755,7,329.95,386.24,611.45,248.08,313.58,,-0.0386,0.0984,mahony
1784237741.900372,18.3928,7,336.8,383.58,611.45,248.08,306.26,,-0.0386,0.0992,mahony
1784237741.9169536,18.4094,7,343.38,381.02,611.45,248.08,299.23,,-0.0386,0.0992,mahony
1784237741.9341617,18.4266,7,350.28,378.32,611.45,248.08,291.84,,-0.0392,0.1003,mahony
1784237741.9506543,18.4431,7,356.9,375.73,611.45,248.08,284.77,,-0.0392,0.1003,mahony
1784237741.9663627,18.4588,7,363.2,373.26,611.45,248.08,278.03,,-0.0392,0.1003,mahony
1784237741.9820979,18.4745,7,369.56,370.72,611.45,248.08,271.21,,-0.0404,0.101,mahony
1784237741.9984512,18.4909,7,376.17,368.08,611.45,248.08,264.12,,-0.0404,0.101,mahony
1784237742.0149632,18.5074,7,382.89,365.36,611.45,248.08,256.9,,-0.0411,0.1018,mahony
1784237742.0324895,18.5249,7,390.02,362.48,611.45,248.08,249.24,,-0.0411,0.1018,mahony
1784237742.0481253,18.5405,7,396.39,359.91,611.45,248.08,242.4,,-0.0411,0.1018,mahony
1784237742.0651164,18.5575,7,403.31,357.05,611.45,248.08,234.94,,-0.0421,0.1018,mahony
1784237742.0812008,18.5736,7,409.86,354.34,611.45,248.08,227.88,,-0.0421,0.1018,mahony
1784237742.0985298,18.5909,7,416.98,351.2,611.45,248.08,220.12,,-0.0452,0.1027,mahony
1784237742.1152356,18.6076,7,423.84,348.18,611.45,248.08,212.64,,-0.0452,0.1027,mahony
1784237742.1328115,18.6252,7,431.07,345.0,611.45,248.08,204.77,,-0.0452,0.1027,mahony
1784237742.149356,18.6418,7,437.87,341.93,611.45,248.08,197.33,,-0.0463,0.1028,mahony
1784237742.166008,18.6584,7,444.72,338.85,611.45,248.08,189.84,,-0.0463,0.1028,mahony
1784237742.183494,18.6759,7,451.91,335.65,611.45,248.08,181.99,,-0.0458,0.1028,mahony
1784237742.1992815,18.6917,7,458.4,332.76,611.45,248.08,174.91,,-0.0458,0.1028,mahony
1784237742.214946,18.7073,7,464.85,329.89,611.45,248.08,167.89,,-0.0458,0.1028,mahony
1784237742.2320943,18.7245,7,471.83,326.62,611.45,248.08,160.19,,-0.0477,0.1019,mahony
1784237742.2479644,18.7404,7,478.3,323.59,611.45,248.08,153.08,,-0.0477,0.1019,mahony
1784237742.2649193,18.7573,7,485.18,320.37,611.45,248.08,145.5,,-0.0475,0.1015,mahony
1784237742.2817597,18.7742,7,492.02,317.17,611.45,248.08,137.97,,-0.0475,0.1015,mahony
1784237742.2985072,18.7909,7,498.83,313.98,611.45,248.08,130.49,,-0.0475,0.1015,mahony
1784237742.3150203,18.8074,7,505.48,310.84,611.45,248.08,123.16,,-0.0476,0.1007,mahony
1784237742.3314905,18.8239,7,512.11,307.7,611.45,248.08,115.86,,-0.0476,0.1007,mahony
1784237742.3477662,18.8402,7,518.67,304.6,611.45,248.08,108.64,,-0.0476,0.1007,mahony
1784237742.3654666,18.8579,7,525.57,301.23,611.45,248.08,101.0,,-0.0475,0.0975,mahony
1784237742.3820317,18.8744,7,532.03,298.08,611.45,248.08,93.85,,-0.0475,0.0975,mahony
1784237742.398965,18.8914,7,538.63,294.86,611.45,248.08,86.56,,-0.0475,0.0975,mahony
1784237742.4154994,18.9079,7,544.7,291.69,611.45,248.08,79.74,,-0.048,0.0917,mahony
1784237742.431825,18.9242,7,550.68,288.55,611.45,248.08,73.01,,-0.048,0.0917,mahony
1784237742.4490614,18.9415,7,556.94,285.24,611.45,248.08,65.98,,-0.048,0.0907,mahony
1784237742.4653563,18.9578,7,562.85,282.11,611.45,248.08,59.33,,-0.048,0.0907,mahony
1784237742.4820404,18.9744,7,568.84,278.81,611.45,248.08,52.54,,-0.0495,0.0898,mahony
1784237742.4982128,18.9906,7,574.65,275.61,611.45,248.08,45.96,,-0.0495,0.0898,mahony
1784237742.5152624,19.0077,7,580.78,272.24,611.45,248.08,39.05,,-0.0495,0.0898,mahony
1784237742.5315363,19.0239,7,586.22,269.11,611.45,248.08,32.84,,-0.0482,0.0836,mahony
1784237742.5482016,19.0406,7,591.8,265.89,611.45,248.08,26.53,,-0.0482,0.0836,mahony
1784237742.565266,19.0577,7,596.62,263.12,611.45,248.08,21.12,,-0.0406,0.0707,mahony
1784237742.5815694,19.074,7,601.23,260.48,611.45,248.08,16.07,,-0.0406,0.0707,mahony
1784237742.5975277,19.0899,7,605.75,257.89,611.45,248.08,11.35,,-0.0406,0.0707,mahony
1784237742.6140556,19.1065,7,609.19,255.96,611.45,248.08,8.2,,-0.0292,0.052,mahony
1784237742.63059,19.123,7,612.63,254.03,611.45,248.08,6.06,,-0.0292,0.052,mahony
1784237742.6469073,19.1393,7,615.22,252.68,611.45,248.08,5.95,,-0.0206,0.0398,mahony
1784237742.6637707,19.1562,7,617.91,251.3,611.45,248.08,7.21,,-0.0206,0.0398,mahony
1784237742.6803682,19.1728,7,620.62,250.06,611.45,248.08,9.37,,-0.0186,0.0408,mahony
1784237742.6974819,19.1899,7,623.41,248.78,611.45,248.08,11.98,,-0.0186,0.0408,mahony
1784237742.7140205,19.2064,7,626.11,247.55,611.45,248.08,14.66,,-0.0186,0.0408,mahony
1784237742.7305548,19.223,7,628.96,246.46,611.45,248.08,17.58,,-0.0165,0.0432,mahony
1784237742.7471128,19.2395,7,631.82,245.37,611.45,248.08,20.55,,-0.0165,0.0432,mahony
1784237742.7636251,19.256,7,634.6,244.51,611.45,248.08,23.42,,-0.0129,0.0421,mahony
1784237742.7801604,19.2726,7,637.39,243.66,611.45,248.08,26.31,,-0.0129,0.0421,mahony
1784237742.7969222,19.2893,7,640.21,242.8,611.45,248.08,29.23,,-0.0129,0.0421,mahony
1784237742.8134344,19.3058,7,642.81,242.18,611.45,248.08,31.91,,-0.0094,0.0394,mahony
1784237742.829515,19.3219,7,645.34,241.58,611.45,248.08,34.51,,-0.0094,0.0394,mahony
1784237742.845029,19.3374,7,647.65,241.1,611.45,248.08,36.86,,-0.0077,0.0372,mahony
1784237742.8625681,19.355,7,650.26,240.56,611.45,248.08,39.52,,-0.0077,0.0372,mahony
1784237742.8786118,19.371,7,652.49,240.15,611.45,248.08,41.8,,-0.0065,0.0348,mahony
1784237742.8951411,19.3875,7,654.79,239.72,611.45,248.08,44.14,,-0.0065,0.0348,mahony
1784237742.9122415,19.4046,7,657.17,239.27,611.45,248.08,46.56,,-0.0065,0.0348,mahony
1784237742.9287908,19.4212,7,659.26,239.02,611.45,248.08,48.66,,-0.0037,0.0315,mahony
1784237742.9463298,19.4387,7,661.47,238.76,611.45,248.08,50.88,,-0.0037,0.0315,mahony
1784237742.962208,19.4546,7,663.26,238.6,611.45,248.08,52.67,,-0.0026,0.0282,mahony
1784237742.9781177,19.4705,7,665.06,238.43,611.45,248.08,54.47,,-0.0026,0.0282,mahony
1784237742.995307,19.4877,7,666.85,238.46,611.45,248.08,56.23,,0.0004,0.0261,mahony
1784237743.011246,19.5036,7,668.51,238.49,611.45,248.08,57.86,,0.0004,0.0261,mahony
1784237743.0272489,19.5197,7,670.18,238.52,611.45,248.08,59.5,,0.0004,0.0261,mahony
1784237743.0441518,19.5366,7,671.57,238.75,611.45,248.08,60.84,,0.0035,0.0205,mahony
1784237743.060468,19.5529,7,672.91,238.98,611.45,248.08,62.13,,0.0035,0.0205,mahony
1784237743.0771794,19.5696,7,673.75,239.41,611.45,248.08,62.9,,0.0064,0.0126,mahony
1784237743.093225,19.5856,7,674.56,239.82,611.45,248.08,63.65,,0.0064,0.0126,mahony
1784237743.1093698,19.6018,7,674.89,240.41,611.45,248.08,63.9,,0.0092,0.0051,mahony
1784237743.1254005,19.6178,7,675.21,241.0,611.45,248.08,64.15,,0.0092,0.0051,mahony
1784237743.1415014,19.6339,7,675.54,241.59,611.45,248.08,64.41,,0.0092,0.0051,mahony
1784237743.1572948,19.6497,7,675.6,242.25,611.45,248.08,64.41,,0.0103,0.0009,mahony
1784237743.1730022,19.6654,7,675.65,242.9,611.45,248.08,64.4,,0.0103,0.0009,mahony
1784237743.1900406,19.6824,7,675.4,243.62,611.45,248.08,64.1,,0.0107,-0.0037,mahony
1784237743.207524,19.6999,7,675.14,244.37,611.45,248.08,63.8,,0.0107,-0.0037,mahony
1784237743.2236707,19.7161,7,674.9,245.06,611.45,248.08,63.52,,0.0107,-0.0037,mahony
1784237743.2393093,19.7317,7,674.45,245.74,611.45,248.08,63.04,,0.0109,-0.0072,mahony
1784237743.2553399,19.7477,7,673.99,246.45,611.45,248.08,62.56,,0.0109,-0.0072,mahony
1784237743.2714512,19.7639,7,673.53,247.15,611.45,248.08,62.08,,0.0109,-0.0072,mahony
1784237743.2876704,19.7801,7,672.87,247.94,611.45,248.08,61.42,,0.0121,-0.0101,mahony
1784237743.304343,19.7967,7,672.14,248.77,611.45,248.08,60.69,,0.0124,-0.0109,mahony
1784237743.321884,19.8143,7,671.38,249.64,611.45,248.08,59.95,,0.0124,-0.0109,mahony
1784237743.3384316,19.8308,7,670.62,250.37,611.45,248.08,59.21,,0.0111,-0.0115,mahony
1784237743.3555741,19.848,7,669.83,251.13,611.45,248.08,58.46,,0.0111,-0.0115,mahony
1784237743.3712704,19.8637,7,668.99,251.78,611.45,248.08,57.65,,0.0104,-0.0134,mahony
1784237743.3874285,19.8798,7,668.12,252.46,611.45,248.08,56.83,,0.0104,-0.0134,mahony
1784237743.4035964,19.896,7,667.25,253.13,611.45,248.08,56.02,,0.0104,-0.0134,mahony
1784237743.4196546,19.9121,7,666.49,253.77,611.45,248.08,55.33,,0.01,-0.0117,mahony
1784237743.4373057,19.9297,7,665.67,254.48,611.45,248.08,54.59,,0.01,-0.0117,mahony
1784237743.4542828,19.9467,7,665.12,254.96,611.45,248.08,54.11,,0.0071,-0.008,mahony
1784237743.4701626,19.9626,7,664.61,255.41,611.45,248.08,53.66,,0.0071,-0.008,mahony
1784237743.4868882,19.9793,7,664.07,255.63,611.45,248.08,53.16,,0.0032,-0.0081,mahony
1784237743.5035906,19.996,7,663.53,255.84,611.45,248.08,52.65,,0.0032,-0.0081,mahony
1784237743.5195231,20.0119,7,663.02,256.05,611.45,248.08,52.18,,0.0032,-0.0081,mahony
1784237743.5351481,20.0275,7,662.56,256.23,611.45,248.08,51.75,,0.0029,-0.0074,mahony
1784237743.551224,20.0436,7,662.08,256.42,611.45,248.08,51.31,,0.0029,-0.0074,mahony
1784237743.5680542,20.0605,7,661.5,256.53,611.45,248.08,50.75,,0.0017,-0.0086,mahony
1784237743.5852568,20.0777,7,660.91,256.65,611.45,248.08,50.19,,0.0017,-0.0086,mahony
1784237743.6023302,20.0947,7,660.32,256.76,611.45,248.08,49.63,,0.0017,-0.0086,mahony
1784237743.6180863,20.1105,7,659.71,256.74,611.45,248.08,49.02,,-0.0004,-0.0097,mahony
1784237743.6338925,20.1263,7,659.09,256.71,611.45,248.08,48.42,,-0.0004,-0.0097,mahony
1784237743.6514864,20.1439,7,658.37,256.68,611.45,248.08,47.7,,-0.0005,-0.0103,mahony
1784237743.6682456,20.1606,7,657.68,256.65,611.45,248.08,47.01,,-0.0005,-0.0103,mahony
1784237743.6841924,20.1766,7,657.02,256.62,611.45,248.08,46.36,,-0.0005,-0.0103,mahony
1784237743.7005124,20.1929,7,656.08,256.55,611.45,248.08,45.42,,-0.001,-0.0144,mahony
1784237743.7176015,20.21,7,655.09,256.48,611.45,248.08,44.44,,-0.001,-0.0144,mahony
1784237743.7338111,20.2262,7,654.05,256.37,611.45,248.08,43.4,,-0.0017,-0.016,mahony
1784237743.751254,20.2437,7,652.94,256.25,611.45,248.08,42.28,,-0.0017,-0.016,mahony
1784237743.7672832,20.2597,7,651.91,256.14,611.45,248.08,41.25,,-0.0017,-0.016,mahony
1784237743.7829654,20.2754,7,650.78,256.15,611.45,248.08,40.15,,0.0002,-0.018,mahony
1784237743.8003905,20.2928,7,649.53,256.17,611.45,248.08,38.93,,0.0002,-0.018,mahony
1784237743.8161871,20.3086,7,648.18,256.14,611.45,248.08,37.6,,-0.0005,-0.0214,mahony
1784237743.8321638,20.3246,7,646.81,256.1,611.45,248.08,36.26,,-0.0005,-0.0214,mahony
1784237743.848883,20.3413,7,645.12,256.13,611.45,248.08,34.62,,0.0004,-0.0253,mahony
1784237743.8664289,20.3588,7,643.35,256.16,611.45,248.08,32.9,,0.0004,-0.0253,mahony
1784237743.8821633,20.3746,7,641.76,256.18,611.45,248.08,31.37,,0.0004,-0.0253,mahony
1784237743.8995595,20.392,7,639.93,256.27,611.45,248.08,29.63,,0.0013,-0.0262,mahony
1784237743.9163036,20.4087,7,638.18,256.36,611.45,248.08,27.98,,0.0013,-0.0262,mahony
1784237743.9323978,20.4248,7,636.4,256.43,611.45,248.08,26.31,,0.0011,-0.0276,mahony
1784237743.9480689,20.4405,7,634.67,256.5,611.45,248.08,24.7,,0.0011,-0.0276,mahony
1784237743.9652987,20.4577,7,632.77,256.58,611.45,248.08,22.94,,0.0011,-0.0276,mahony
1784237743.9827216,20.4751,7,630.94,256.67,611.45,248.08,21.3,,0.0014,-0.0262,mahony
1784237743.998431,20.4908,7,629.3,256.76,611.45,248.08,19.84,,0.0014,-0.0262,mahony
1784237744.0143597,20.5068,7,627.73,256.85,611.45,248.08,18.49,,0.0015,-0.0246,mahony
1784237744.031024,20.5234,7,626.09,256.96,611.45,248.08,17.12,,0.0015,-0.0246,mahony
1784237744.048312,20.5407,7,624.4,257.06,611.45,248.08,15.75,,0.0015,-0.0246,mahony
1784237744.0638626,20.5563,7,623.05,257.12,611.45,248.08,14.7,,0.001,-0.0217,mahony
1784237744.0810723,20.5735,7,621.56,257.19,611.45,248.08,13.6,,0.001,-0.0217,mahony
1784237744.0978718,20.5903,7,620.48,257.25,611.45,248.08,12.87,,0.0009,-0.016,mahony
1784237744.115118,20.6075,7,619.38,257.31,611.45,248.08,12.16,,0.0009,-0.016,mahony
1784237744.1322207,20.6246,7,618.61,257.31,611.45,248.08,11.68,,0.0001,-0.0112,mahony
1784237744.1481316,20.6405,7,617.9,257.32,611.45,248.08,11.27,,0.0001,-0.0112,mahony
1784237744.1652324,20.6576,7,617.14,257.33,611.45,248.08,10.85,,0.0001,-0.0112,mahony
1784237744.1814072,20.6738,7,616.83,257.28,611.45,248.08,10.66,,-0.0007,-0.0048,mahony
1784237744.1973412,20.6897,7,616.52,257.24,611.45,248.08,10.47,,-0.0007,-0.0048,mahony
1784237744.2137318,20.7061,7,616.52,257.12,611.45,248.08,10.36,,-0.0018,0.0,mahony
1784237744.2310517,20.7235,7,616.52,257.0,611.45,248.08,10.26,,-0.0018,0.0,mahony
1784237744.2476711,20.7401,7,616.66,256.91,611.45,248.08,10.25,,-0.0013,0.002,mahony
1784237744.263726,20.7561,7,616.79,256.82,611.45,248.08,10.24,,-0.0013,0.002,mahony
1784237744.2793014,20.7717,7,616.92,256.74,611.45,248.08,10.24,,-0.0013,0.002,mahony
1784237744.2965107,20.7889,7,617.29,256.6,611.45,248.08,10.33,,-0.0021,0.0055,mahony
1784237744.312581,20.805,7,617.65,256.47,611.45,248.08,10.42,,-0.0021,0.0055,mahony
1784237744.3282816,20.8207,7,617.99,256.33,611.45,248.08,10.53,,-0.0021,0.0055,mahony
1784237744.3450844,20.8375,7,618.48,256.19,611.45,248.08,10.73,,-0.0021,0.0072,mahony
1784237744.362088,20.8545,7,618.97,256.05,611.45,248.08,10.95,,-0.0021,0.0072,mahony
1784237744.3794696,20.8719,7,619.53,255.94,611.45,248.08,11.27,,-0.0015,0.0081,mahony
1784237744.3951392,20.8875,7,620.05,255.85,611.45,248.08,11.58,,-0.0015,0.0081,mahony
1784237744.4124439,20.9048,7,620.57,255.73,611.45,248.08,11.9,,-0.0017,0.0075,mahony
1784237744.4282734,20.9207,7,621.04,255.62,611.45,248.08,12.2,,-0.0017,0.0075,mahony
1784237744.4454849,20.9379,7,621.56,255.5,611.45,248.08,12.54,,-0.0017,0.0075,mahony
1784237744.4610999,20.9535,7,621.85,255.42,611.45,248.08,12.73,,-0.0012,0.0046,mahony
1784237744.4774728,20.9699,7,622.15,255.34,611.45,248.08,12.93,,-0.0012,0.0046,mahony
1784237744.493483,20.9859,7,622.22,255.26,611.45,248.08,12.94,,-0.0013,0.001,mahony
1784237744.5099642,21.0024,7,622.29,255.17,611.45,248.08,12.95,,-0.0013,0.001,mahony
1784237744.5269327,21.0193,7,621.98,255.09,611.45,248.08,12.65,,-0.0011,-0.0045,mahony
1784237744.5438166,21.0362,7,621.68,255.02,611.45,248.08,12.36,,-0.0011,-0.0045,mahony
1784237744.561124,21.0535,7,621.37,254.94,611.45,248.08,12.06,,-0.0011,-0.0045,mahony
1784237744.578521,21.0709,7,620.72,255.02,611.45,248.08,11.57,,0.0011,-0.0094,mahony
1784237744.595226,21.0876,8,620.09,255.09,611.45,248.08,11.12,TARGET_HIT,0.0011,-0.0094,mahony
