timestamp,elapsed_s,target_index,cursor_x,cursor_y,target_x,target_y,distance,hit_event,roll,pitch,filter
1784237535.4709816,0.006,0,399.9,299.86,279.72,344.17,128.09,,-0.0071,-0.0049,madgwick
1784237535.481502,0.0165,0,399.7,299.56,279.72,344.17,128.0,,-0.0071,-0.0049,madgwick
1784237535.4988377,0.0338,0,399.36,299.07,279.72,344.17,127.85,,-0.0071,-0.0049,madgwick
1784237535.5142322,0.0492,0,399.05,298.64,279.72,344.17,127.73,,-0.0071,-0.0049,madgwick
1784237535.531744,0.0667,0,398.71,298.14,279.72,344.17,127.58,,-0.0071,-0.0049,madgwick
1784237535.547423,0.0824,0,398.3,298.18,279.72,344.17,127.19,,0.0006,-0.0065,madgwick
1784237535.56343,0.0984,0,397.88,298.22,279.72,344.17,126.78,,0.0006,-0.0065,madgwick
1784237535.5793102,0.1143,0,396.3,298.81,279.72,344.17,125.1,,0.0093,-0.0249,madgwick
1784237535.5952437,0.1302,0,394.71,299.4,279.72,344.17,123.4,,0.0093,-0.0249,madgwick
1784237535.6117642,0.1467,0,391.43,300.49,279.72,344.17,119.95,,0.0165,-0.0497,madgwick
1784237535.6286993,0.1637,0,388.06,301.61,279.72,344.17,116.4,,0.0165,-0.0497,madgwick
1784237535.644619,0.1796,0,384.28,302.46,279.72,344.17,112.58,,0.0134,-0.0594,madgwick
1784237535.6606798,0.1957,0,380.47,303.33,279.72,344.17,108.72,,0.0134,-0.0594,madgwick
1784237535.6770477,0.212,0,376.12,303.49,279.72,344.17,104.63,,0.0025,-0.0665,madgwick
1784237535.6941624,0.2291,0,371.56,303.66,279.72,344.17,100.38,,0.0025,-0.0665,madgwick
1784237535.7113101,0.2463,0,367.0,303.83,279.72,344.17,96.16,,0.0025,-0.0665,madgwick
1784237535.727594,0.2626,0,361.68,304.37,279.72,344.17,91.11,,0.0084,-0.0818,madgwick
1784237535.7442436,0.2792,0,356.23,304.93,279.72,344.17,85.98,,0.0084,-0.0818,madgwick
1784237535.761165,0.2961,0,350.71,305.53,279.72,344.17,80.83,,0.0088,-0.0815,madgwick
1784237535.7788818,0.3139,0,344.94,306.16,279.72,344.17,75.49,,0.0088,-0.0815,madgwick
1784237535.7951202,0.3301,0,339.58,306.06,279.72,344.17,70.97,,-0.0016,-0.0825,madgwick
1784237535.8122394,0.3472,0,333.93,305.95,279.72,344.17,66.33,,-0.0016,-0.0825,madgwick
1784237535.8297691,0.3648,0,328.15,305.84,279.72,344.17,61.76,,-0.0016,-0.0825,madgwick
1784237535.846402,0.3814,0,322.63,306.09,279.72,344.17,57.37,,0.0038,-0.0829,madgwick
1784237535.8629632,0.3979,0,317.14,306.35,279.72,344.17,53.2,,0.0038,-0.0829,madgwick
1784237535.8799977,0.415,0,311.99,306.81,279.72,344.17,49.37,,0.0068,-0.0755,madgwick
1784237535.8970034,0.432,0,306.85,307.28,279.72,344.17,45.8,,0.0068,-0.0755,madgwick
1784237535.9139266,0.4489,0,302.03,307.57,279.72,344.17,42.86,,0.0044,-0.0712,madgwick
1784237535.9307325,0.4657,0,297.24,307.87,279.72,344.17,40.31,,0.0044,-0.0712,madgwick
1784237535.9478006,0.4828,0,292.38,308.16,279.72,344.17,38.17,,0.0044,-0.0712,madgwick
1784237535.9640055,0.499,0,288.11,308.08,279.72,344.17,37.05,,-0.0013,-0.0658,madgwick
1784237535.9808412,0.5158,0,283.68,307.99,279.72,344.17,36.39,,-0.0013,-0.0658,madgwick
1784237535.9970102,0.532,0,279.62,307.85,279.72,344.17,36.32,,-0.0022,-0.0628,madgwick
1784237536.0139973,0.549,0,275.35,307.71,279.72,344.17,36.72,,-0.0022,-0.0628,madgwick
1784237536.031394,0.5664,0,270.98,307.55,279.72,344.17,37.64,,-0.0022,-0.0628,madgwick
1784237536.0482972,0.5833,0,266.88,307.42,279.72,344.17,38.92,,-0.002,-0.0606,madgwick
1784237536.0656774,0.6007,0,262.91,307.0,279.72,344.17,40.8,,-0.0061,-0.0572,madgwick
1784237536.0822446,0.6172,0,259.11,306.59,279.72,344.17,42.85,,-0.0061,-0.0572,madgwick
1784237536.099282,0.6343,0,255.61,306.17,279.72,344.17,45.0,,-0.0063,-0.0514,madgwick
1784237536.115883,0.6509,0,252.2,305.75,279.72,344.17,47.25,,-0.0063,-0.0514,madgwick
1784237536.132398,0.6674,0,248.81,305.34,279.72,344.17,49.63,,-0.0063,-0.0514,madgwick
1784237536.149742,0.6847,0,245.68,305.44,279.72,344.17,51.56,,0.0015,-0.0452,madgwick
1784237536.1663356,0.7013,0,242.68,305.53,279.72,344.17,53.52,,0.0015,-0.0452,madgwick
1784237536.1832125,0.7182,0,239.75,306.62,279.72,344.17,54.84,,0.016,-0.0434,madgwick
1784237536.1996255,0.7346,0,236.9,307.67,279.72,344.17,56.26,,0.016,-0.0434,madgwick
1784237536.2156796,0.7507,0,234.3,309.63,279.72,344.17,57.06,,0.0305,-0.0405,madgwick
1784237536.232399,0.7674,0,231.6,311.67,279.72,344.17,58.07,,0.0305,-0.0405,madgwick
1784237536.2483063,0.7833,0,229.02,313.61,279.72,344.17,59.19,,0.0305,-0.0405,madgwick
1784237536.2649722,0.8,0,227.17,315.94,279.72,344.17,59.65,,0.0349,-0.0278,madgwick
1784237536.2818158,0.8168,0,225.29,318.29,279.72,344.17,60.26,,0.0349,-0.0278,madgwick
1784237536.2986968,0.8337,0,224.0,320.48,279.72,344.17,60.54,,0.0325,-0.0192,madgwick
1784237536.3149526,0.8499,0,222.75,322.59,279.72,344.17,60.91,,0.0325,-0.0192,madgwick
1784237536.33119,0.8662,0,221.99,324.9,279.72,344.17,60.85,,0.0356,-0.0117,madgwick
1784237536.3484492,0.8834,0,221.19,327.36,279.72,344.17,60.9,,0.0356,-0.0117,madgwick
1784237536.3658931,0.9009,0,220.82,330.07,279.72,344.17,60.56,,0.0388,-0.0053,madgwick
1784237536.3825974,0.9176,0,220.47,332.66,279.72,344.17,60.36,,0.0388,-0.0053,madgwick
1784237536.3986807,0.9337,0,220.13,335.16,279.72,344.17,60.27,,0.0388,-0.0053,madgwick
1784237536.415333,0.9503,0,219.89,337.67,279.72,344.17,60.18,,0.0377,-0.0037,madgwick
1784237536.4319751,0.967,0,219.64,340.18,279.72,344.17,60.21,,0.0377,-0.0037,madgwick
1784237536.4495173,0.9845,0,219.62,342.61,279.72,344.17,60.12,,0.0347,-0.0004,madgwick
1784237536.4660761,1.0011,0,219.59,344.91,279.72,344.17,60.13,,0.0347,-0.0004,madgwick
1784237536.4839833,1.019,0,220.46,347.06,279.72,344.17,59.33,,0.03,0.0121,madgwick
1784237536.5018141,1.0368,0,221.32,349.2,279.72,344.17,58.61,,0.03,0.0121,madgwick
1784237536.5179358,1.0529,0,222.4,351.0,279.72,344.17,57.72,,0.0279,0.0168,madgwick
1784237536.5340655,1.069,0,223.48,352.8,279.72,344.17,56.89,,0.0279,0.0168,madgwick
1784237536.5508327,1.0858,0,224.61,354.68,279.72,344.17,56.1,,0.0279,0.0168,madgwick
1784237536.5670671,1.102,0,225.76,356.62,279.72,344.17,55.37,,0.0299,0.0178,madgwick
1784237536.5839646,1.1189,0,226.96,358.64,279.72,344.17,54.7,,0.0299,0.0178,madgwick
1784237536.600386,1.1354,0,228.07,360.46,279.72,344.17,54.16,,0.0277,0.0168,madgwick
1784237536.6161819,1.1512,0,229.13,362.21,279.72,344.17,53.71,,0.0277,0.0168,madgwick
1784237536.6338165,1.1688,0,230.13,363.49,279.72,344.17,53.22,,0.0181,0.0142,madgwick
1784237536.6498144,1.1848,0,231.04,364.64,279.72,344.17,52.81,,0.0181,0.0142,madgwick
1784237536.6657627,1.2007,0,231.95,365.8,279.72,344.17,52.44,,0.0181,0.0142,madgwick
1784237536.682244,1.2172,0,233.0,366.5,279.72,344.17,51.78,,0.0107,0.0159,madgwick
1784237536.6991782,1.2342,0,234.08,367.23,279.72,344.17,51.13,,0.0107,0.0159,madgwick
1784237536.7161844,1.2512,0,235.28,368.02,279.72,344.17,50.43,,0.0117,0.0177,madgwick
1784237536.7338169,1.2688,0,236.53,368.85,279.72,344.17,49.74,,0.0117,0.0177,madgwick
1784237536.7495275,1.2845,0,237.6,369.65,279.72,344.17,49.23,,0.0128,0.0171,madgwick
1784237536.7652123,1.3002,0,238.67,370.45,279.72,344.17,48.74,,0.0128,0.0171,madgwick
1784237536.7822866,1.3173,0,239.93,371.41,279.72,344.17,48.22,,0.0139,0.0185,madgwick
1784237536.7998714,1.3349,0,241.23,372.39,279.72,344.17,47.72,,0.0139,0.0185,madgwick
1784237536.8155491,1.3505,0,242.39,373.26,279.72,344.17,47.33,,0.0139,0.0185,madgwick
1784237536.8319676,1.3669,0,243.44,374.37,279.72,344.17,47.2,,0.0169,0.0161,madgwick
1784237536.8488503,1.3838,0,244.53,375.52,279.72,344.17,47.13,,0.0169,0.0161,madgwick
1784237536.8649976,1.4,0,245.17,376.82,279.72,344.17,47.53,,0.0201,0.01,madgwick
1784237536.8817203,1.4167,0,245.84,378.16,279.72,344.17,47.99,,0.0201,0.01,madgwick
1784237536.8981903,1.4332,0,246.52,379.56,279.72,344.17,48.53,,0.0213,0.0103,madgwick
1784237536.9149747,1.45,0,247.21,380.99,279.72,344.17,49.12,,0.0213,0.0103,madgwick
1784237536.9316185,1.4666,0,247.9,382.41,279.72,344.17,49.75,,0.0213,0.0103,madgwick
1784237536.9477081,1.4827,0,248.39,383.87,279.72,344.17,50.58,,0.0228,0.0076,madgwick
1784237536.9638317,1.4988,0,248.88,385.34,279.72,344.17,51.44,,0.0228,0.0076,madgwick
1784237536.9803011,1.5153,0,249.32,386.8,279.72,344.17,52.36,,0.0222,0.0068,madgwick
1784237536.9978483,1.5328,0,249.8,388.35,279.72,344.17,53.36,,0.0222,0.0068,madgwick
1784237537.0139809,1.549,0,250.56,389.79,279.72,344.17,54.14,,0.0222,0.0119,madgwick
1784237537.03158,1.5666,0,251.4,391.35,279.72,344.17,55.03,,0.0222,0.0119,madgwick
1784237537.047751,1.5827,0,252.16,392.79,279.72,344.17,55.89,,0.0222,0.0119,madgwick
1784237537.0641363,1.5991,0,252.58,394.45,279.72,344.17,57.14,,0.0253,0.0064,madgwick
1784237537.0816123,1.6166,0,253.06,396.2,279.72,344.17,58.46,,0.025,0.0069,madgwick
1784237537.0972507,1.6322,0,253.5,397.77,279.72,344.17,59.67,,0.025,0.0069,madgwick
1784237537.1149735,1.65,0,253.99,399.54,279.72,344.17,61.06,,0.025,0.0069,madgwick
1784237537.1322293,1.6672,0,254.76,400.98,279.72,344.17,62.05,,0.0208,0.0112,madgwick
1784237537.1497192,1.6847,0,255.55,402.43,279.72,344.17,63.08,,0.0208,0.0112,madgwick
1784237537.166386,1.7014,0,256.47,403.47,279.72,344.17,63.7,,0.0155,0.0139,madgwick
1784237537.183968,1.7189,0,257.45,404.56,279.72,344.17,64.37,,0.0155,0.0139,madgwick
1784237537.2009954,1.736,0,258.58,405.14,279.72,344.17,64.53,,0.0085,0.0166,madgwick
1784237537.2184393,1.7534,0,259.74,405.74,279.72,344.17,64.73,,0.0085,0.0166,madgwick
1784237537.2341378,1.7691,0,260.79,406.27,279.72,344.17,64.92,,0.0085,0.0166,madgwick
1784237537.2509663,1.7859,0,261.71,406.57,279.72,344.17,64.94,,0.0044,0.0138,madgwick
1784237537.2681983,1.8032,0,262.66,406.87,279.72,344.17,64.98,,0.0044,0.0138,madgwick
1784237537.2847924,1.8198,0,263.55,406.66,279.72,344.17,64.55,,-0.0032,0.0134,madgwick
1784237537.3006036,1.8356,0,264.4,406.45,279.72,344.17,64.14,,-0.0032,0.0134,madgwick
1784237537.3162324,1.8512,0,265.24,406.25,279.72,344.17,63.75,,-0.0032,0.0134,madgwick
1784237537.3328032,1.8678,0,266.33,405.55,279.72,344.17,62.83,,-0.0106,0.0164,madgwick
1784237537.349245,1.8842,0,267.4,404.86,279.72,344.17,61.92,,-0.0106,0.0164,madgwick
1784237537.3659465,1.9009,0,268.25,403.76,279.72,344.17,60.68,,-0.0164,0.0127,madgwick
1784237537.3830369,1.918,0,269.12,402.64,279.72,344.17,59.42,,-0.0164,0.0127,madgwick
1784237537.399957,1.9349,0,269.84,401.08,279.72,344.17,57.76,,-0.0231,0.0107,madgwick
1784237537.417218,1.9522,0,270.58,399.48,279.72,344.17,56.07,,-0.0231,0.0107,madgwick
1784237537.4337935,1.9688,0,271.33,397.49,279.72,344.17,53.98,,-0.0301,0.0114,madgwick
1784237537.4500718,1.9851,0,272.07,395.53,279.72,344.17,51.93,,-0.0301,0.0114,madgwick
1784237537.466878,2.0019,0,272.84,393.51,279.72,344.17,49.82,,-0.0301,0.0114,madgwick
1784237537.4841568,2.0191,0,273.37,391.27,279.72,344.17,47.52,,-0.0324,0.0077,madgwick
1784237537.5009258,2.0359,0,273.89,389.09,279.72,344.17,45.3,,-0.0324,0.0077,madgwick
1784237537.5169299,2.0519,0,274.18,386.88,279.72,344.17,43.07,,-0.0345,0.0046,madgwick
1784237537.5339386,2.0689,0,274.5,384.53,279.72,344.17,40.7,,-0.0345,0.0046,madgwick
1784237537.550803,2.0858,0,274.86,382.05,279.72,344.17,38.19,,-0.0369,0.0053,madgwick
1784237537.567376,2.1024,0,275.21,379.6,279.72,344.17,35.72,,-0.0369,0.0053,madgwick
1784237537.5843918,2.1194,0,275.32,377.18,279.72,344.17,33.3,,-0.0356,0.0016,madgwick
1784237537.6013496,2.1363,0,275.43,374.77,279.72,344.17,30.9,,-0.0356,0.0016,madgwick
1784237537.6171126,2.1521,0,275.25,372.51,279.72,344.17,28.69,,-0.0358,-0.0029,madgwick
1784237537.63408,2.1691,0,275.05,370.08,279.72,344.17,26.33,,-0.0358,-0.0029,madgwick
1784237537.6511548,2.1861,0,274.85,367.64,279.72,344.17,23.97,,-0.0358,-0.0029,madgwick
1784237537.6688714,2.2039,0,274.64,364.91,279.72,344.17,21.35,,-0.0385,-0.003,madgwick
1784237537.6840756,2.2191,0,274.46,362.56,279.72,344.17,19.13,,-0.0385,-0.003,madgwick
1784237537.7009203,2.2359,0,273.9,360.14,279.72,344.17,17.0,,-0.036,-0.0083,madgwick
1784237537.7176738,2.2527,0,273.35,357.73,279.72,344.17,14.98,,-0.036,-0.0083,madgwick
1784237537.7341995,2.2692,0,273.08,355.47,279.72,344.17,13.11,,-0.0341,-0.0041,madgwick
1784237537.7520235,2.287,0,272.79,353.04,279.72,344.17,11.26,,-0.0341,-0.0041,madgwick
1784237537.7691414,2.3041,0,272.29,351.23,279.72,344.17,10.25,,-0.0264,-0.0073,madgwick
1784237537.7863505,2.3213,0,271.79,349.41,279.72,344.17,9.51,,-0.0264,-0.0073,madgwick
1784237537.8038895,2.3389,0,271.28,347.56,279.72,344.17,9.1,,-0.0264,-0.0073,madgwick
1784237537.8209233,2.3559,0,270.56,346.57,279.72,344.17,9.46,,-0.0146,-0.0104,madgwick
1784237537.8379295,2.3729,0,269.85,345.57,279.72,344.17,9.96,,-0.0146,-0.0104,madgwick
1784237537.8558545,2.3908,0,269.28,345.42,279.72,344.17,10.51,,-0.0022,-0.008,madgwick
1784237537.8712018,2.4062,0,268.79,345.29,279.72,344.17,10.99,,-0.0022,-0.008,madgwick
1784237537.8883011,2.4233,0,268.23,346.03,279.72,344.17,11.63,,0.0108,-0.0081,madgwick
1784237537.9062335,2.4412,0,267.65,346.8,279.72,344.17,12.35,,0.0108,-0.0081,madgwick
1784237537.9229786,2.458,0,267.13,348.14,279.72,344.17,13.2,,0.0199,-0.0079,madgwick
1784237537.940427,2.4754,0,266.58,349.53,279.72,344.17,14.19,,0.0199,-0.0079,madgwick
1784237537.9571853,2.4922,0,266.52,350.9,279.72,344.17,14.82,,0.0205,-0.0009,madgwick
1784237537.9740489,2.509,0,266.46,352.28,279.72,344.17,15.54,,0.0205,-0.0009,madgwick
1784237537.9912398,2.5262,0,266.4,353.69,279.72,344.17,16.37,,0.0205,-0.0009,madgwick
1784237538.0084248,2.5434,0,266.74,355.09,279.72,344.17,16.96,,0.0205,0.005,madgwick
1784237538.0249982,2.56,0,267.07,356.45,279.72,344.17,17.63,,0.0205,0.005,madgwick
1784237538.041617,2.5766,0,267.63,357.92,279.72,344.17,18.31,,0.022,0.0084,madgwick
1784237538.0579154,2.5929,0,268.18,359.35,279.72,344.17,19.07,,0.022,0.0084,madgwick
1784237538.074116,2.6091,0,269.21,360.71,279.72,344.17,19.59,,0.0209,0.016,madgwick
1784237538.0911732,2.6262,0,270.3,362.13,279.72,344.17,20.28,,0.0209,0.016,madgwick
1784237538.1082258,2.6432,0,271.39,363.56,279.72,344.17,21.1,,0.0209,0.016,madgwick
1784237538.1252706,2.6603,0,272.56,365.11,279.72,344.17,22.13,,0.0228,0.0171,madgwick
1784237538.1422663,2.6772,0,273.72,366.66,279.72,344.17,23.28,,0.0228,0.0171,madgwick
1784237538.1589723,2.694,0,274.99,368.48,279.72,344.17,24.76,,0.0271,0.019,madgwick
1784237538.176093,2.7111,0,276.3,370.33,279.72,344.17,26.39,,0.0271,0.019,madgwick
1784237538.1939573,2.7289,0,277.57,372.39,279.72,344.17,28.3,,0.0287,0.0178,madgwick
1784237538.2111683,2.7462,0,278.8,374.37,279.72,344.17,30.21,,0.0287,0.0178,madgwick
1784237538.2281942,2.7632,0,280.01,376.32,279.72,344.17,32.16,,0.0287,0.0178,madgwick
1784237538.2452004,2.7802,0,281.52,377.94,279.72,344.17,33.81,,0.0237,0.0221,madgwick
1784237538.2621446,2.7971,0,283.02,379.54,279.72,344.17,35.53,,0.0237,0.0221,madgwick
1784237538.2793787,2.8144,0,284.62,380.75,279.72,344.17,36.91,,0.0175,0.0232,madgwick
1784237538.2950702,2.8301,0,286.08,381.85,279.72,344.17,38.21,,0.0175,0.0232,madgwick
1784237538.3121278,2.8471,0,287.22,382.98,279.72,344.17,39.53,,0.0165,0.0168,madgwick
1784237538.3292778,2.8643,0,288.38,384.11,279.72,344.17,40.87,,0.0165,0.0168,madgwick
1784237538.3461134,2.8811,0,289.68,384.81,279.72,344.17,41.85,,0.0104,0.0194,madgwick
1784237538.3633184,2.8983,0,291.02,385.52,279.72,344.17,42.87,,0.0104,0.0194,madgwick
1784237538.379931,2.9149,0,292.31,386.21,279.72,344.17,43.89,,0.0104,0.0194,madgwick
1784237538.396939,2.9319,0,293.05,386.89,279.72,344.17,44.76,,0.01,0.0109,madgwick
1784237538.414133,2.9491,0,293.81,387.58,279.72,344.17,45.64,,0.01,0.0109,madgwick
1784237538.4312449,2.9662,0,294.08,387.8,279.72,344.17,45.93,,0.0032,0.0041,madgwick
1784237538.4489326,2.9839,0,294.37,388.02,279.72,344.17,46.24,,0.0032,0.0041,madgwick
1784237538.465534,3.0005,0,294.53,387.74,279.72,344.17,46.02,,-0.0042,0.0024,madgwick
1784237538.4820392,3.017,0,294.69,387.46,279.72,344.17,45.81,,-0.0042,0.0024,madgwick
1784237538.4990933,3.0341,0,294.86,387.18,279.72,344.17,45.6,,-0.0042,0.0024,madgwick
1784237538.5157263,3.0507,0,294.58,386.71,279.72,344.17,45.07,,-0.007,-0.0042,madgwick
1784237538.5319896,3.067,0,294.31,386.26,279.72,344.17,44.55,,-0.007,-0.0042,madgwick
1784237538.5493505,3.0843,0,293.65,385.5,279.72,344.17,43.62,,-0.0108,-0.0095,madgwick
1784237538.566132,3.1011,0,293.01,384.78,279.72,344.17,42.73,,-0.0108,-0.0095,madgwick
1784237538.584228,3.1192,0,292.2,383.7,279.72,344.17,41.45,,-0.0149,-0.0113,madgwick
1784237538.601779,3.1368,0,291.4,382.66,279.72,344.17,40.22,,-0.0149,-0.0113,madgwick
1784237538.6180155,3.153,0,290.67,381.69,279.72,344.17,39.09,,-0.0149,-0.0113,madgwick
1784237538.63454,3.1695,0,289.66,380.7,279.72,344.17,37.86,,-0.015,-0.0153,madgwick
1784237538.6503687,3.1854,0,288.69,379.75,279.72,344.17,36.69,,-0.015,-0.0153,madgwick
1784237538.6669018,3.2019,0,287.59,378.59,279.72,344.17,35.32,,-0.0175,-0.0165,madgwick
1784237538.6841042,3.2191,0,286.46,377.39,279.72,344.17,33.9,,-0.0175,-0.0165,madgwick
1784237538.7010581,3.236,0,285.15,376.25,279.72,344.17,32.54,,-0.0168,-0.0193,madgwick
1784237538.7182236,3.2532,0,283.83,375.1,279.72,344.17,31.2,,-0.0168,-0.0193,madgwick
1784237538.734783,3.2698,0,282.47,373.87,279.72,344.17,29.83,,-0.0185,-0.0205,madgwick
1784237538.751091,3.2861,0,281.13,372.66,279.72,344.17,28.53,,-0.0185,-0.0205,madgwick
1784237538.7682557,3.3032,0,279.7,371.29,279.72,344.17,27.13,,-0.0199,-0.0209,madgwick
1784237538.7850134,3.32,0,278.3,369.96,279.72,344.17,25.83,,-0.0199,-0.0209,madgwick
1784237538.802053,3.337,0,276.87,368.6,279.72,344.17,24.6,,-0.0199,-0.0209,madgwick
1784237538.8193486,3.3543,0,275.75,367.27,279.72,344.17,23.44,,-0.0193,-0.0163,madgwick
1784237538.8362281,3.3712,0,274.65,365.96,279.72,344.17,22.38,,-0.0193,-0.0163,madgwick
1784237538.8541226,3.3891,0,273.37,364.76,279.72,344.17,21.55,,-0.0168,-0.0179,madgwick
1784237538.8713808,3.4064,0,272.13,363.6,279.72,344.17,20.86,,-0.0168,-0.0179,madgwick
1784237538.8881798,3.4232,0,271.25,362.49,279.72,344.17,20.18,,-0.0165,-0.0131,madgwick
1784237538.9052641,3.4402,0,270.35,361.36,279.72,344.17,19.58,,-0.0165,-0.0131,madgwick
1784237538.9220424,3.457,0,269.44,360.32,279.72,344.17,19.15,,-0.0154,-0.0137,madgwick
1784237538.9386616,3.4736,0,268.53,359.29,279.72,344.17,18.82,,-0.0154,-0.0137,madgwick
1784237538.9542685,3.4893,0,267.67,358.33,279.72,344.17,18.59,,-0.0154,-0.0137,madgwick
1784237538.9710689,3.5061,0,267.11,357.13,279.72,344.17,18.09,,-0.0178,-0.0084,madgwick
1784237538.9884028,3.5234,0,266.52,355.9,279.72,344.17,17.66,,-0.0178,-0.0084,madgwick
1784237539.0052845,3.5403,0,266.46,354.66,279.72,344.17,16.9,,-0.0184,-0.0009,madgwick
1784237539.02229,3.5573,0,266.41,353.41,279.72,344.17,16.21,,-0.0184,-0.0009,madgwick
1784237539.0393455,3.5743,0,266.49,352.42,279.72,344.17,15.59,,-0.0146,0.0013,madgwick
1784237539.0560784,3.5911,0,266.58,351.44,279.72,344.17,15.02,,-0.0146,0.0013,madgwick
1784237539.0739589,3.6089,0,267.1,350.48,279.72,344.17,14.11,,-0.0134,0.0073,madgwick
1784237539.0900695,3.6251,0,267.57,349.62,279.72,344.17,13.31,,-0.0134,0.0073,madgwick
1784237539.106127,3.6411,0,268.04,348.75,279.72,344.17,12.55,,-0.0134,0.0073,madgwick
1784237539.12391,3.6589,0,268.87,347.97,279.72,344.17,11.49,,-0.011,0.0117,madgwick
1784237539.1403875,3.6754,0,269.64,347.25,279.72,344.17,10.54,,-0.011,0.0117,madgwick
1784237539.1571078,3.6921,0,270.78,346.45,279.72,344.17,9.23,,-0.0119,0.017,madgwick
1784237539.1743507,3.7093,0,271.95,345.63,279.72,344.17,7.9,,-0.0119,0.017,madgwick
1784237539.1913362,3.7263,0,273.47,344.92,279.72,344.17,6.3,,-0.0104,0.0223,madgwick
1784237539.2081218,3.7431,0,274.96,344.23,279.72,344.17,4.76,,-0.0104,0.0223,madgwick
1784237539.2249553,3.7599,0,276.63,343.53,279.72,344.17,3.15,,-0.0103,0.0248,madgwick
1784237539.242436,3.7774,0,278.37,342.81,279.72,344.17,1.91,,-0.0103,0.0248,madgwick
1784237539.259006,3.794,0,280.1,342.25,279.72,344.17,1.96,,-0.0085,0.0261,madgwick
1784237539.2760599,3.811,0,281.88,341.66,279.72,344.17,3.31,,-0.0085,0.0261,madgwick
1784237539.2931416,3.8281,0,283.66,341.08,279.72,344.17,5.01,,-0.0085,0.0261,madgwick
1784237539.3098075,3.8448,0,285.21,340.7,279.72,344.17,6.5,,-0.0058,0.0233,madgwick
1784237539.3262997,3.8613,0,286.74,340.32,279.72,344.17,8.01,,-0.0058,0.0233,madgwick
1784237539.3439643,3.8789,0,288.34,339.84,279.72,344.17,9.64,,-0.0067,0.0226,madgwick
1784237539.3600063,3.895,0,289.79,339.42,279.72,344.17,11.13,,-0.0067,0.0226,madgwick
1784237539.3771024,3.9121,0,291.07,338.99,279.72,344.17,12.47,,-0.0062,0.0187,madgwick
1784237539.39394,3.9289,0,292.33,338.57,279.72,344.17,13.8,,-0.0062,0.0187,madgwick
1784237539.410223,3.9452,0,293.55,338.17,279.72,344.17,15.08,,-0.0062,0.0187,madgwick
1784237539.427033,3.962,0,294.7,337.46,279.72,344.17,16.41,,-0.0105,0.017,madgwick
1784237539.44418,3.9792,0,295.86,336.74,279.72,344.17,17.77,,-0.0105,0.017,madgwick
1784237539.4612167,3.9962,1,296.43,336.19,283.7,396.62,61.75,TARGET_HIT,-0.0081,0.0083,madgwick
1784237539.4783812,4.0134,1,297.0,335.64,283.7,396.62,62.41,,-0.0081,0.0083,madgwick
1784237539.4949825,4.03,1,297.33,335.0,283.7,396.62,63.11,,-0.0096,0.005,madgwick
1784237539.5117393,4.0467,1,297.66,334.35,283.7,396.62,63.81,,-0.0096,0.005,madgwick
1784237539.5280905,4.0631,1,297.67,333.92,283.7,396.62,64.23,,-0.0065,0.0002,madgwick
1784237539.5456944,4.0807,1,297.69,333.47,283.7,396.62,64.68,,-0.0065,0.0002,madgwick
1784237539.5612543,4.0962,1,297.71,333.06,283.7,396.62,65.08,,-0.0065,0.0002,madgwick
1784237539.5779054,4.1129,1,297.43,332.81,283.7,396.62,65.27,,-0.0038,-0.0041,madgwick
1784237539.5941243,4.1291,1,297.17,332.56,283.7,396.62,65.46,,-0.0038,-0.0041,madgwick
1784237539.6113791,4.1464,1,296.62,332.33,283.7,396.62,65.57,,-0.0032,-0.008,madgwick
1784237539.6287596,4.1637,1,296.06,332.11,283.7,396.62,65.68,,-0.0032,-0.008,madgwick
1784237539.6454093,4.1804,1,295.33,331.94,283.7,396.62,65.72,,-0.0026,-0.011,madgwick
1784237539.6611223,4.1961,1,294.64,331.77,283.7,396.62,65.76,,-0.0026,-0.011,madgwick
1784237539.6780157,4.213,1,293.7,331.72,283.7,396.62,65.66,,-0.0008,-0.0139,madgwick
1784237539.6948874,4.2299,1,292.76,331.67,283.7,396.62,65.57,,-0.0008,-0.0139,madgwick
1784237539.7110236,4.246,1,291.73,331.49,283.7,396.62,65.62,,-0.0028,-0.0159,madgwick
1784237539.7279596,4.2629,1,290.65,331.3,283.7,396.62,65.68,,-0.0028,-0.0159,madgwick
1784237539.7446,4.2796,1,289.59,331.12,283.7,396.62,65.76,,-0.0028,-0.0159,madgwick
1784237539.7603173,4.2953,1,288.48,331.04,283.7,396.62,65.75,,-0.0012,-0.0176,madgwick
1784237539.7772682,4.3122,1,287.29,330.96,283.7,396.62,65.76,,-0.0012,-0.0176,madgwick
1784237539.7942162,4.3292,1,285.94,331.21,283.7,396.62,65.45,,0.0037,-0.0199,madgwick
1784237539.8118052,4.3468,1,284.54,331.47,283.7,396.62,65.15,,0.0037,-0.0199,madgwick
1784237539.8279574,4.3629,1,283.24,332.39,283.7,396.62,64.23,,0.0142,-0.0201,madgwick
1784237539.8454452,4.3804,1,281.83,333.38,283.7,396.62,63.26,,0.0142,-0.0201,madgwick
1784237539.8623424,4.3973,1,280.39,335.18,283.7,396.62,61.52,,0.0266,-0.0214,madgwick
1784237539.879249,4.4142,1,278.94,336.98,283.7,396.62,59.82,,0.0266,-0.0214,madgwick
1784237539.8958323,4.4308,1,277.52,338.75,283.7,396.62,58.19,,0.0266,-0.0214,madgwick
1784237539.9122784,4.4473,1,276.45,341.03,283.7,396.62,56.06,,0.0346,-0.0163,madgwick
1784237539.9290142,4.464,1,275.36,343.35,283.7,396.62,53.92,,0.0346,-0.0163,madgwick
1784237539.945858,4.4808,1,274.36,346.33,283.7,396.62,51.15,,0.0442,-0.0149,madgwick
1784237539.9615242,4.4965,1,273.42,349.09,283.7,396.62,48.62,,0.0442,-0.0149,madgwick
1784237539.9772933,4.5123,1,272.48,351.88,283.7,396.62,46.12,,0.0442,-0.0149,madgwick
1784237539.993967,4.5289,1,271.35,355.16,283.7,396.62,43.25,,0.0492,-0.017,madgwick
1784237540.0111926,4.5462,1,270.19,358.55,283.7,396.62,40.39,,0.0492,-0.017,madgwick
1784237540.028355,4.5633,1,269.44,361.79,283.7,396.62,37.63,,0.0472,-0.0109,madgwick
1784237540.045624,4.5806,1,268.68,365.05,283.7,396.62,34.96,,0.0472,-0.0109,madgwick
1784237540.0622725,4.5973,1,268.25,368.11,283.7,396.62,32.42,,0.0459,-0.0064,madgwick
1784237540.0787897,4.6138,1,267.83,371.14,283.7,396.62,30.01,,0.0459,-0.0064,madgwick
1784237540.0948825,4.6299,1,267.41,374.1,283.7,396.62,27.79,,0.0459,-0.0064,madgwick
1784237540.1105416,4.6455,1,267.35,376.81,283.7,396.62,25.68,,0.0433,-0.001,madgwick
1784237540.1265934,4.6616,1,267.29,379.59,283.7,396.62,23.65,,0.0433,-0.001,madgwick
1784237540.1431546,4.6781,1,267.23,382.46,283.7,396.62,21.72,,0.0433,-0.001,madgwick
1784237540.1602905,4.6953,1,267.67,385.04,283.7,396.62,19.78,,0.0377,0.0064,madgwick
1784237540.177932,4.7129,1,268.12,387.69,283.7,396.62,17.95,,0.0377,0.0064,madgwick
1784237540.1940331,4.729,1,268.86,389.9,283.7,396.62,16.29,,0.0343,0.0115,madgwick
1784237540.2112432,4.7462,1,269.65,392.26,283.7,396.62,14.71,,0.0343,0.0115,madgwick
1784237540.2284253,4.7634,1,270.72,394.4,283.7,396.62,13.16,,0.0311,0.0156,madgwick
1784237540.2442443,4.7792,1,271.71,396.36,283.7,396.62,11.99,,0.0311,0.0156,madgwick
1784237540.2613153,4.7963,1,273.1,398.1,283.7,396.62,10.7,,0.0254,0.0204,madgwick
1784237540.2783413,4.8133,1,274.49,399.83,283.7,396.62,9.75,,0.0254,0.0204,madgwick
1784237540.294017,4.829,1,276.04,401.06,283.7,396.62,8.86,,0.0196,0.0247,madgwick
1784237540.3115644,4.8465,1,277.77,402.44,283.7,396.62,8.31,,0.0196,0.0247,madgwick
1784237540.327904,4.8629,1,279.3,403.56,283.7,396.62,8.22,,0.0171,0.0234,madgwick
1784237540.345103,4.8801,1,280.91,404.73,283.7,396.62,8.58,,0.0171,0.0234,madgwick
1784237540.361957,4.8969,1,282.48,405.89,283.7,396.62,9.35,,0.0171,0.0234,madgwick
1784237540.3779244,4.9129,1,284.16,407.02,283.7,396.62,10.41,,0.0176,0.0262,madgwick
1784237540.3935647,4.9285,1,285.8,408.12,283.7,396.62,11.69,,0.0176,0.0262,madgwick
1784237540.4094741,4.9445,1,287.59,409.41,283.7,396.62,13.37,,0.0203,0.0281,madgwick
1784237540.4252503,4.9602,1,289.36,410.69,283.7,396.62,15.17,,0.0203,0.0281,madgwick
1784237540.4425955,4.9776,1,291.31,412.1,283.7,396.62,17.25,,0.0203,0.0281,madgwick
1784237540.4586601,4.9936,1,293.0,413.24,283.7,396.62,19.05,,0.0177,0.0264,madgwick
1784237540.4744074,5.0094,1,294.66,414.35,283.7,396.62,20.85,,0.0177,0.0264,madgwick
1784237540.4911418,5.0261,1,296.15,415.72,283.7,396.62,22.8,,0.0204,0.0222,madgwick
1784237540.508358,5.0433,1,297.68,417.12,283.7,396.62,24.82,,0.0204,0.0222,madgwick
1784237540.5258725,5.0609,1,299.43,418.39,283.7,396.62,26.86,,0.0181,0.0249,madgwick
1784237540.541635,5.0766,1,301.0,419.53,283.7,396.62,28.71,,0.0181,0.0249,madgwick
1784237540.55799,5.093,1,302.64,420.71,283.7,396.62,30.65,,0.0181,0.0249,madgwick
1784237540.5755064,5.1105,1,304.37,421.96,283.7,396.62,32.7,,0.0178,0.0247,madgwick
1784237540.59205,5.127,1,306.0,423.13,283.7,396.62,34.65,,0.0178,0.0247,madgwick
1784237540.6088874,5.1439,1,307.28,424.48,283.7,396.62,36.5,,0.0199,0.019,madgwick
1784237540.6250842,5.1601,1,308.51,425.77,283.7,396.62,38.28,,0.0199,0.019,madgwick
1784237540.642187,5.1772,1,310.0,427.05,283.7,396.62,40.22,,0.0188,0.0218,madgwick
1784237540.6593673,5.1943,1,311.49,428.35,283.7,396.62,42.18,,0.0188,0.0218,madgwick
1784237540.6767893,5.2118,1,312.51,429.83,283.7,396.62,43.97,,0.0213,0.0146,madgwick
1784237540.6931193,5.2281,1,313.47,431.23,283.7,396.62,45.65,,0.0213,0.0146,madgwick
1784237540.7098358,5.2448,1,314.2,432.45,283.7,396.62,47.06,,0.0182,0.011,madgwick
1784237540.7260022,5.261,1,314.91,433.63,283.7,396.62,48.41,,0.0182,0.011,madgwick
1784237540.7426062,5.2776,1,315.64,434.84,283.7,396.62,49.81,,0.0182,0.011,madgwick
1784237540.7587855,5.2938,1,316.09,436.0,283.7,396.62,50.99,,0.0179,0.007,madgwick
1784237540.7752063,5.3102,1,316.56,437.17,283.7,396.62,52.2,,0.0179,0.007,madgwick
1784237540.792007,5.327,1,316.58,438.35,283.7,396.62,53.13,,0.0175,0.0003,madgwick
1784237540.8087857,5.3438,1,316.6,439.52,283.7,396.62,54.07,,0.0175,0.0003,madgwick
1784237540.8253028,5.3603,1,316.32,440.44,283.7,396.62,54.63,,0.014,-0.0043,madgwick
1784237540.8427615,5.3777,1,316.02,441.42,283.7,396.62,55.25,,0.014,-0.0043,madgwick
1784237540.8594046,5.3944,1,315.62,441.86,283.7,396.62,55.37,,0.0067,-0.006,madgwick
1784237540.8755524,5.4105,1,315.23,442.29,283.7,396.62,55.5,,0.0067,-0.006,madgwick
1784237540.8913713,5.4264,1,314.85,442.71,283.7,396.62,55.63,,0.0067,-0.006,madgwick
1784237540.908904,5.4439,1,313.99,442.94,283.7,396.62,55.35,,0.0033,-0.0122,madgwick
1784237540.9261403,5.4611,1,313.15,443.17,283.7,396.62,55.09,,0.0033,-0.0122,madgwick
1784237540.9437842,5.4788,1,312.15,443.12,283.7,396.62,54.51,,-0.0008,-0.0142,madgwick
1784237540.9597502,5.4947,1,311.24,443.07,283.7,396.62,54.0,,-0.0008,-0.0142,madgwick
1784237540.9761314,5.5111,1,310.31,443.01,283.7,396.62,53.49,,-0.0008,-0.0142,madgwick
1784237540.9931273,5.5281,1,309.12,442.9,283.7,396.62,52.8,,-0.0017,-0.0175,madgwick
1784237541.0092552,5.5442,1,307.99,442.79,283.7,396.62,52.17,,-0.0017,-0.0175,madgwick
1784237541.0259242,5.5609,1,306.63,442.64,283.7,396.62,51.42,,-0.0021,-0.0205,madgwick
1784237541.04283,5.5778,1,305.25,442.5,283.7,396.62,50.69,,-0.0021,-0.0205,madgwick
1784237541.0591683,5.5942,1,303.91,442.36,283.7,396.62,50.01,,-0.0021,-0.0205,madgwick
1784237541.0763793,5.6114,1,302.37,442.05,283.7,396.62,49.12,,-0.0045,-0.0223,madgwick
1784237541.0926156,5.6276,1,301.12,441.53,283.7,396.62,48.17,,-0.008,-0.0193,madgwick
1784237541.1083746,5.6434,1,299.91,441.02,283.7,396.62,47.27,,-0.008,-0.0193,madgwick
1784237541.1251879,5.6602,1,298.61,440.49,283.7,396.62,46.33,,-0.008,-0.0193,madgwick
1784237541.141907,5.6769,1,297.1,440.01,283.7,396.62,45.42,,-0.0071,-0.0225,madgwick
1784237541.1591597,5.6941,1,295.55,439.52,283.7,396.62,44.51,,-0.0071,-0.0225,madgwick
1784237541.175959,5.7109,1,294.27,438.91,283.7,396.62,43.59,,-0.0091,-0.0191,madgwick
1784237541.1929708,5.728,1,292.97,438.29,283.7,396.62,42.69,,-0.0091,-0.0191,madgwick
1784237541.2099667,5.7449,1,291.89,437.52,283.7,396.62,41.72,,-0.0112,-0.0158,madgwick
1784237541.2274249,5.7624,1,290.78,436.74,283.7,396.62,40.75,,-0.0112,-0.0158,madgwick
1784237541.243979,5.779,1,289.59,436.17,283.7,396.62,39.99,,-0.0086,-0.018,madgwick
1784237541.2607934,5.7958,1,288.38,435.59,283.7,396.62,39.25,,-0.0086,-0.018,madgwick
1784237541.276776,5.8118,1,287.47,434.89,283.7,396.62,38.46,,-0.0109,-0.0141,madgwick
1784237541.293076,5.8281,1,286.55,434.18,283.7,396.62,37.67,,-0.0109,-0.0141,madgwick
1784237541.3102627,5.8452,1,285.58,433.43,283.7,396.62,36.86,,-0.0109,-0.0141,madgwick
1784237541.3272223,5.8622,1,284.85,432.52,283.7,396.62,35.92,,-0.0134,-0.0107,madgwick
1784237541.3440714,5.8791,1,284.13,431.62,283.7,396.62,35.01,,-0.0134,-0.0107,madgwick
1784237541.3612142,5.8962,1,283.62,430.54,283.7,396.62,33.93,,-0.0157,-0.0074,madgwick
1784237541.377795,5.9128,1,283.13,429.51,283.7,396.62,32.89,,-0.0157,-0.0074,madgwick
1784237541.3939447,5.9289,1,282.67,428.59,283.7,396.62,31.99,,-0.0142,-0.0072,madgwick
1784237541.4107625,5.9457,1,282.19,427.63,283.7,396.62,31.05,,-0.0142,-0.0072,madgwick
1784237541.4271743,5.9622,1,282.09,426.65,283.7,396.62,30.08,,-0.0149,-0.0015,madgwick
1784237541.444148,5.9791,1,281.98,425.64,283.7,396.62,29.08,,-0.0149,-0.0015,madgwick
1784237541.4613266,5.9963,1,281.7,424.85,283.7,396.62,28.3,,-0.0115,-0.0042,madgwick
1784237541.4770296,6.012,1,281.44,424.12,283.7,396.62,27.6,,-0.0115,-0.0042,madgwick
1784237541.4940114,6.029,1,281.15,423.34,283.7,396.62,26.85,,-0.0115,-0.0042,madgwick
1784237541.511296,6.0463,1,281.18,422.42,283.7,396.62,25.93,,-0.0133,0.0003,madgwick
1784237541.5280662,6.063,1,281.2,421.53,283.7,396.62,25.04,,-0.0133,0.0003,madgwick
1784237541.5453362,6.0803,1,281.54,420.47,283.7,396.62,23.95,,-0.0154,0.005,madgwick
1784237541.5621512,6.0971,1,281.88,419.44,283.7,396.62,22.89,,-0.0154,0.005,madgwick
1784237541.5792758,6.1143,1,281.97,418.7,283.7,396.62,22.15,,-0.0108,0.0013,madgwick
1784237541.596701,6.1317,1,282.06,417.94,283.7,396.62,21.39,,-0.0108,0.0013,madgwick
1784237541.6131732,6.1482,1,282.34,417.08,283.7,396.62,20.51,,-0.0132,0.0043,madgwick
1784237541.6303096,6.1653,1,282.64,416.17,283.7,396.62,19.59,,-0.0132,0.0043,madgwick
1784237541.6472235,6.1822,1,282.7,415.17,283.7,396.62,18.58,,-0.0149,0.0009,madgwick
1784237541.6640413,6.199,1,282.76,414.16,283.7,396.62,17.57,,-0.0149,0.0009,madgwick
1784237541.6812966,6.2163,1,282.82,413.13,283.7,396.62,16.54,,-0.0149,0.0009,madgwick
1784237541.6979494,6.2329,1,282.62,412.39,283.7,396.62,15.81,,-0.0111,-0.003,madgwick
1784237541.7141743,6.2492,1,282.43,411.68,283.7,396.62,15.11,,-0.0111,-0.003,madgwick
1784237541.7316082,6.2666,1,282.2,411.08,283.7,396.62,14.54,,-0.0085,-0.0032,madgwick
1784237541.7483017,6.2833,1,281.99,410.52,283.7,396.62,14.0,,-0.0085,-0.0032,madgwick
1784237541.7655628,6.3005,1,281.88,409.72,283.7,396.62,13.23,,-0.0115,-0.0016,madgwick
1784237541.7813509,6.3163,1,281.78,408.99,283.7,396.62,12.53,,-0.0115,-0.0016,madgwick
1784237541.7972229,6.3322,1,281.68,408.26,283.7,396.62,11.82,,-0.0115,-0.0016,madgwick
1784237541.8140614,6.349,1,281.75,407.53,283.7,396.62,11.09,,-0.0109,0.0011,madgwick
1784237541.8314772,6.3665,1,281.83,406.77,283.7,396.62,10.32,,-0.0109,0.0011,madgwick
1784237541.8480418,6.383,1,281.74,406.12,283.7,396.62,9.71,,-0.0098,-0.0013,madgwick
1784237541.8646777,6.3997,1,281.66,405.47,283.7,396.62,9.09,,-0.0098,-0.0013,madgwick
1784237541.8810103,6.416,1,281.57,404.84,283.7,396.62,8.49,,-0.0098,-0.0013,madgwick
1784237541.89777,6.4328,1,281.67,404.12,283.7,396.62,7.78,,-0.0106,0.0014,madgwick
1784237541.9135647,6.4485,1,281.76,403.45,283.7,396.62,7.11,,-0.0106,0.0014,madgwick
1784237541.9297402,6.4647,1,281.65,402.87,283.7,396.62,6.58,,-0.009,-0.0017,madgwick
1784237541.945968,6.4809,1,281.54,402.28,283.7,396.62,6.07,,-0.009,-0.0017,madgwick
1784237541.9624007,6.4974,1,281.63,401.52,283.7,396.62,5.32,,-0.0117,0.0014,madgwick
1784237541.9782598,6.5132,1,281.72,400.77,283.7,396.62,4.6,,-0.0117,0.0014,madgwick
1784237541.9953284,6.5303,1,281.82,399.98,283.7,396.62,3.85,,-0.0117,0.0014,madgwick
1784237542.011143,6.5461,1,282.09,399.23,283.7,396.62,3.07,,-0.0117,0.0043,madgwick
1784237542.0280566,6.563,1,282.38,398.44,283.7,396.62,2.25,,-0.0117,0.0043,madgwick
1784237542.0449092,6.5799,1,282.5,397.78,283.7,396.62,1.67,,-0.0097,0.0017,madgwick
1784237542.0607488,6.5957,1,282.61,397.17,283.7,396.62,1.22,,-0.0097,0.0017,madgwick
1784237542.0768034,6.6118,1,282.59,396.7,283.7,396.62,1.11,,-0.0073,-0.0003,madgwick
1784237542.0928285,6.6278,1,282.57,396.22,283.7,396.62,1.19,,-0.0073,-0.0003,madgwick
1784237542.1088924,6.6439,1,282.7,395.61,283.7,396.62,1.41,,-0.0096,0.0021,madgwick
1784237542.1254706,6.6605,1,282.84,394.98,283.7,396.62,1.85,,-0.0096,0.0021,madgwick
1784237542.1422446,6.6772,1,282.98,394.34,283.7,396.62,2.39,,-0.0096,0.0021,madgwick
1784237542.158996,6.694,1,282.89,393.84,283.7,396.62,2.89,,-0.0073,-0.0013,madgwick
1784237542.175794,6.7108,1,282.81,393.35,283.7,396.62,3.39,,-0.0073,-0.0013,madgwick
1784237542.191936,6.7269,1,282.94,392.91,283.7,396.62,3.78,,-0.0068,0.002,madgwick
1784237542.2079942,6.743,2,283.07,392.47,460.83,426.83,181.06,TARGET_HIT,-0.0068,0.002,madgwick
1784237542.2245107,6.7595,2,282.95,392.13,460.83,426.83,181.24,,-0.0052,-0.0018,madgwick
1784237542.2401614,6.7751,2,282.83,391.81,460.83,426.83,181.41,,-0.0052,-0.0018,madgwick
1784237542.2569506,6.7919,2,282.71,391.46,460.83,426.83,181.6,,-0.0052,-0.0018,madgwick
1784237542.2736669,6.8086,2,282.76,390.89,460.83,426.83,181.67,,-0.0085,0.0007,madgwick
1784237542.2894733,6.8245,2,282.8,390.36,460.83,426.83,181.74,,-0.0085,0.0007,madgwick
1784237542.305043,6.84,2,282.96,389.73,460.83,426.83,181.7,,-0.01,0.0026,madgwick
1784237542.3220828,6.8571,2,283.14,389.05,460.83,426.83,181.67,,-0.01,0.0026,madgwick
1784237542.3390138,6.874,2,283.07,388.45,460.83,426.83,181.86,,-0.0089,-0.0011,madgwick
1784237542.3561356,6.8911,2,283.0,387.84,460.83,426.83,182.06,,-0.0089,-0.0011,madgwick
1784237542.3727958,6.9078,2,282.92,387.25,460.83,426.83,182.26,,-0.0089,-0.0011,madgwick
1784237542.3889995,6.924,2,283.04,386.55,460.83,426.83,182.3,,-0.0108,0.0018,madgwick
1784237542.4060178,6.941,2,283.16,385.81,460.83,426.83,182.35,,-0.0108,0.0018,madgwick
1784237542.4229488,6.9579,2,283.18,385.22,460.83,426.83,182.46,,-0.0087,0.0003,madgwick
1784237542.439604,6.9746,2,283.2,384.64,460.83,426.83,182.57,,-0.0087,0.0003,madgwick
1784237542.4552414,6.9902,2,283.22,384.1,460.83,426.83,182.68,,-0.0087,0.0003,madgwick
1784237542.472222,7.0072,2,283.3,383.72,460.83,426.83,182.69,,-0.0055,0.0012,madgwick
1784237542.4889915,7.024,2,283.38,383.35,460.83,426.83,182.7,,-0.0055,0.0012,madgwick
1784237542.5059967,7.041,2,284.07,383.09,460.83,426.83,182.1,,-0.0039,0.0101,madgwick
1784237542.5229692,7.058,2,284.76,382.83,460.83,426.83,181.49,,-0.0039,0.0101,madgwick
1784237542.5402439,7.0752,2,286.39,382.89,460.83,426.83,179.89,,0.0008,0.0237,madgwick
1784237542.5569723,7.092,2,287.98,382.94,460.83,426.83,178.34,,0.0008,0.0237,madgwick
1784237542.5734987,7.1085,2,289.88,383.77,460.83,426.83,176.3,,0.0126,0.0287,madgwick
1784237542.589886,7.1249,2,291.76,384.6,460.83,426.83,174.27,,0.0126,0.0287,madgwick
1784237542.6063323,7.1413,2,293.64,385.43,460.83,426.83,172.24,,0.0126,0.0287,madgwick
1784237542.623047,7.158,2,296.0,386.91,460.83,426.83,169.61,,0.0222,0.0352,madgwick
1784237542.6399887,7.175,2,298.38,388.41,460.83,426.83,166.94,,0.0222,0.0352,madgwick
1784237542.6572602,7.1922,2,301.06,390.54,460.83,426.83,163.85,,0.0308,0.0388,madgwick
1784237542.6740637,7.209,2,303.67,392.61,460.83,426.83,160.85,,0.0308,0.0388,madgwick
1784237542.6911829,7.2262,2,306.45,395.12,460.83,426.83,157.61,,0.0367,0.0406,madgwick
1784237542.7083402,7.2433,2,309.23,397.64,460.83,426.83,154.39,,0.0367,0.0406,madgwick
1784237542.7248898,7.2599,2,311.91,400.06,460.83,426.83,151.31,,0.0367,0.0406,madgwick
1784237542.7412627,7.2762,2,314.87,402.54,460.83,426.83,147.97,,0.0377,0.0451,madgwick
1784237542.758052,7.293,2,317.9,405.07,460.83,426.83,144.58,,0.0377,0.0451,madgwick
1784237542.7750423,7.31,2,321.06,407.75,460.83,426.83,141.07,,0.0394,0.0465,madgwick
1784237542.7922661,7.3272,2,324.26,410.46,460.83,426.83,137.55,,0.0394,0.0465,madgwick
1784237542.8089178,7.3439,2,327.54,413.13,460.83,426.83,134.0,,0.0401,0.0492,madgwick
1784237542.8245933,7.3596,2,330.62,415.65,460.83,426.83,130.69,,0.0401,0.0492,madgwick
1784237542.840391,7.3754,2,334.0,418.18,460.83,426.83,127.13,,0.04,0.0534,madgwick
1784237542.8562582,7.3912,2,337.38,420.72,460.83,426.83,123.6,,0.04,0.0534,madgwick
1784237542.873156,7.4081,2,340.99,423.42,460.83,426.83,119.89,,0.04,0.0534,madgwick
1784237542.8906212,7.4256,2,344.68,426.36,460.83,426.83,116.16,,0.0421,0.0528,madgwick
1784237542.9068987,7.4419,2,348.11,429.1,460.83,426.83,112.75,,0.0421,0.0528,madgwick
1784237542.9229941,7.458,2,351.88,431.66,460.83,426.83,109.06,,0.0399,0.0586,madgwick
1784237542.9397905,7.4748,2,355.82,434.34,460.83,426.83,105.28,,0.0399,0.0586,madgwick
1784237542.9553003,7.4903,2,359.76,436.65,460.83,426.83,101.55,,0.0372,0.0635,madgwick
1784237542.972229,7.5072,2,364.05,439.17,460.83,426.83,97.56,,0.0372,0.0635,madgwick
1784237542.9889405,7.5239,2,368.3,441.66,460.83,426.83,93.72,,0.0372,0.0635,madgwick
1784237543.006347,7.5413,2,372.97,444.16,460.83,426.83,89.56,,0.0359,0.0671,madgwick
1784237543.0229137,7.5579,2,377.42,446.54,460.83,426.83,85.71,,0.0359,0.0671,madgwick
1784237543.039958,7.5749,2,382.19,448.84,460.83,426.83,81.66,,0.0338,0.0701,madgwick
1784237543.0572114,7.5922,2,387.03,451.18,460.83,426.83,77.72,,0.0338,0.0701,madgwick
1784237543.0741901,7.6092,2,392.02,453.08,460.83,426.83,73.65,,0.0281,0.0735,madgwick
1784237543.0912724,7.6263,2,397.05,455.0,460.83,426.83,69.73,,0.0281,0.0735,madgwick
1784237543.108059,7.643,2,402.13,456.55,460.83,426.83,65.8,,0.0231,0.0757,madgwick
1784237543.125459,7.6604,2,407.39,458.16,460.83,426.83,61.95,,0.0231,0.0757,madgwick
1784237543.1412094,7.6762,2,412.16,459.62,460.83,426.83,58.68,,0.0231,0.0757,madgwick
1784237543.15813,7.6931,2,416.63,461.12,460.83,426.83,55.94,,0.0223,0.066,madgwick
1784237543.1760054,7.711,2,421.35,462.72,460.83,426.83,53.35,,0.0223,0.066,madgwick
1784237543.1928978,7.7279,2,425.85,463.83,460.83,426.83,50.91,,0.0165,0.0666,madgwick
1784237543.2100885,7.7451,2,430.44,464.96,460.83,426.83,48.76,,0.0165,0.0666,madgwick
1784237543.227246,7.7622,2,434.45,466.04,460.83,426.83,47.26,,0.0157,0.0584,madgwick
1784237543.2431426,7.7781,2,438.16,467.04,460.83,426.83,46.16,,0.0157,0.0584,madgwick
1784237543.2603273,7.7953,2,442.17,468.12,460.83,426.83,45.31,,0.0157,0.0584,madgwick
1784237543.2779264,7.8129,2,445.76,469.16,460.83,426.83,44.93,,0.0147,0.0509,madgwick
1784237543.2951214,7.8301,2,449.26,470.18,460.83,426.83,44.86,,0.0147,0.0509,madgwick
1784237543.3119478,7.8469,2,452.83,470.88,460.83,426.83,44.77,,0.0105,0.053,madgwick
1784237543.3280466,7.863,2,456.25,471.55,460.83,426.83,44.95,,0.0105,0.053,madgwick
1784237543.3449793,7.88,2,459.84,472.26,460.83,426.83,45.44,,0.0105,0.053,madgwick
1784237543.3626306,7.8976,2,462.74,473.18,460.83,426.83,46.38,,0.013,0.041,madgwick
1784237543.3791678,7.9141,2,465.45,474.04,460.83,426.83,47.43,,0.013,0.041,madgwick
1784237543.3964493,7.9314,2,467.88,474.93,460.83,426.83,48.61,,0.013,0.0351,madgwick
1784237543.412784,7.9478,2,470.18,475.78,460.83,426.83,49.83,,0.013,0.0351,madgwick
1784237543.4283285,7.9633,2,472.1,476.63,460.83,426.83,51.05,,0.0136,0.031,madgwick
1784237543.44511,7.9801,2,474.18,477.54,460.83,426.83,52.44,,0.0136,0.031,madgwick
1784237543.4626436,7.9976,2,476.35,478.5,460.83,426.83,53.94,,0.0136,0.031,madgwick
1784237543.4783792,8.0134,2,477.69,479.49,460.83,426.83,55.28,,0.0157,0.0213,madgwick
1784237543.4951952,8.0302,2,479.13,480.54,460.83,426.83,56.74,,0.0157,0.0213,madgwick
1784237543.5119767,8.047,2,480.25,481.52,460.83,426.83,58.03,,0.0145,0.0167,madgwick
1784237543.5281808,8.0632,2,481.33,482.46,460.83,426.83,59.28,,0.0145,0.0167,madgwick
1784237543.545362,8.0803,2,482.29,483.31,460.83,426.83,60.42,,0.0125,0.014,madgwick
1784237543.561517,8.0965,2,483.19,484.12,460.83,426.83,61.49,,0.0125,0.014,madgwick
1784237543.5780513,8.113,2,483.56,484.93,460.83,426.83,62.39,,0.0123,0.0055,madgwick
1784237543.5949442,8.1299,2,483.93,485.77,460.83,426.83,63.3,,0.0123,0.0055,madgwick
1784237543.6113956,8.1464,2,483.96,486.46,460.83,426.83,63.95,,0.0105,0.0004,madgwick
1784237543.6279392,8.1629,2,483.98,487.16,460.83,426.83,64.61,,0.0105,0.0004,madgwick
1784237543.64429,8.1793,2,484.01,487.84,460.83,426.83,65.26,,0.0105,0.0004,madgwick
1784237543.6602166,8.1952,2,483.85,488.36,460.83,426.83,65.68,,0.008,-0.0025,madgwick
1784237543.6769245,8.2119,2,483.68,488.89,460.83,426.83,66.13,,0.008,-0.0025,madgwick
1784237543.6937928,8.2288,2,483.22,489.26,460.83,426.83,66.32,,0.0054,-0.0069,madgwick
1784237543.7100565,8.245,2,482.78,489.61,460.83,426.83,66.5,,0.0054,-0.0069,madgwick
1784237543.7271786,8.2622,2,482.14,489.81,460.83,426.83,66.49,,0.003,-0.0092,madgwick
1784237543.7439518,8.2789,2,481.52,490.01,460.83,426.83,66.48,,0.003,-0.0092,madgwick
1784237543.7611806,8.2962,2,480.89,490.22,460.83,426.83,66.48,,0.003,-0.0092,madgwick
1784237543.7786188,8.3136,2,480.21,490.1,460.83,426.83,66.16,,-0.0018,-0.0098,madgwick
1784237543.7950451,8.33,2,479.56,489.98,460.83,426.83,65.87,,-0.0018,-0.0098,madgwick
1784237543.812189,8.3472,2,478.73,489.57,460.83,426.83,65.24,,-0.0059,-0.0122,madgwick
1784237543.8288147,8.3638,2,477.91,489.18,460.83,426.83,64.64,,-0.0059,-0.0122,madgwick
1784237543.8448553,8.3798,2,477.33,488.46,460.83,426.83,63.8,,-0.0112,-0.009,madgwick
1784237543.8619902,8.397,2,476.71,487.7,460.83,426.83,62.9,,-0.0112,-0.009,madgwick
1784237543.8795269,8.4145,2,475.92,486.66,460.83,426.83,61.7,,-0.0148,-0.0112,madgwick
1784237543.8956375,8.4306,2,475.2,485.71,460.83,426.83,60.6,,-0.0148,-0.0112,madgwick
1784237543.9121685,8.4472,2,474.58,484.51,460.83,426.83,59.29,,-0.018,-0.0094,madgwick
1784237543.9297645,8.4647,2,473.92,483.24,460.83,426.83,57.91,,-0.018,-0.0094,madgwick
1784237543.945796,8.4808,2,473.32,482.09,460.83,426.83,56.65,,-0.018,-0.0094,madgwick
1784237543.9628234,8.4978,2,472.45,480.89,460.83,426.83,55.29,,-0.0176,-0.0127,madgwick
1784237543.9788215,8.5138,2,471.64,479.76,460.83,426.83,54.02,,-0.0176,-0.0127,madgwick
1784237543.9943912,8.5294,2,471.04,478.49,460.83,426.83,52.65,,-0.0205,-0.0097,madgwick
1784237544.0104163,8.5454,2,470.41,477.17,460.83,426.83,51.24,,-0.0205,-0.0097,madgwick
1784237544.0265248,8.5615,2,469.79,475.86,460.83,426.83,49.83,,-0.0205,-0.0097,madgwick
1784237544.0429194,8.5779,2,468.92,474.73,460.83,426.83,48.57,,-0.0172,-0.0133,madgwick
1784237544.0589435,8.5939,2,468.07,473.62,460.83,426.83,47.34,,-0.0172,-0.0133,madgwick
1784237544.0764618,8.6114,2,466.86,472.43,460.83,426.83,45.99,,-0.017,-0.0173,madgwick
1784237544.092978,8.628,2,465.72,471.31,460.83,426.83,44.74,,-0.017,-0.0173,madgwick
1784237544.1101978,8.6452,2,464.43,469.94,460.83,426.83,43.26,,-0.0198,-0.0186,madgwick
1784237544.1263134,8.6613,2,463.23,468.66,460.83,426.83,41.9,,-0.0198,-0.0186,madgwick
1784237544.1428277,8.6778,2,462.19,467.29,460.83,426.83,40.48,,-0.0209,-0.0157,madgwick
1784237544.1591032,8.6941,2,461.17,465.93,460.83,426.83,39.1,,-0.0209,-0.0157,madgwick
1784237544.176216,8.7112,2,459.81,464.52,460.83,426.83,37.7,,-0.0205,-0.0199,madgwick
1784237544.1932278,8.7282,2,458.45,463.13,460.83,426.83,36.37,,-0.0205,-0.0199,madgwick
1784237544.210034,8.745,2,457.38,461.6,460.83,426.83,34.94,,-0.0227,-0.0159,madgwick
1784237544.2274323,8.7624,2,456.27,460.02,460.83,426.83,33.5,,-0.0227,-0.0159,madgwick
1784237544.2431982,8.7782,2,455.48,458.47,460.83,426.83,32.08,,-0.0247,-0.0125,madgwick
1784237544.260422,8.7954,2,454.61,456.77,460.83,426.83,30.57,,-0.0247,-0.0125,madgwick
1784237544.277795,8.8128,2,453.99,455.14,460.83,426.83,29.12,,-0.0235,-0.009,madgwick
1784237544.2941487,8.8291,2,453.4,453.6,460.83,426.83,27.78,,-0.0235,-0.009,madgwick
1784237544.3113308,8.8463,2,453.12,452.14,460.83,426.83,26.46,,-0.0212,-0.0042,madgwick
1784237544.32867,8.8637,2,452.83,450.67,460.83,426.83,25.14,,-0.0212,-0.0042,madgwick
1784237544.3449554,8.8799,2,452.56,449.29,460.83,426.83,23.93,,-0.0212,-0.0042,madgwick
1784237544.3626187,8.8976,2,452.57,447.87,460.83,426.83,22.6,,-0.02,0.0002,madgwick
1784237544.3792877,8.9143,2,452.59,446.54,460.83,426.83,21.36,,-0.02,0.0002,madgwick
1784237544.3963218,8.9313,2,452.48,445.11,460.83,426.83,20.1,,-0.021,-0.0017,madgwick
1784237544.4140818,8.9491,2,452.36,443.62,460.83,426.83,18.8,,-0.021,-0.0017,madgwick
1784237544.4310412,8.966,2,452.58,442.43,460.83,426.83,17.65,,-0.0175,0.0033,madgwick
1784237544.4487653,8.9837,2,452.81,441.19,460.83,426.83,16.45,,-0.0175,0.0033,madgwick
1784237544.4651558,9.0001,2,452.94,440.23,460.83,426.83,15.55,,-0.0147,0.002,madgwick
1784237544.4824896,9.0175,2,453.08,439.21,460.83,426.83,14.6,,-0.0147,0.002,madgwick
1784237544.498361,9.0333,2,453.37,438.21,460.83,426.83,13.61,,-0.0157,0.0045,madgwick
1784237544.5156221,9.0506,2,453.68,437.13,460.83,426.83,12.54,,-0.0157,0.0045,madgwick
1784237544.531248,9.0662,2,454.15,436.14,460.83,426.83,11.46,,-0.0158,0.0076,madgwick
1784237544.5480745,9.0831,2,454.66,435.08,460.83,426.83,10.3,,-0.0158,0.0076,madgwick
1784237544.5652251,9.1002,2,455.18,434.0,460.83,426.83,9.12,,-0.0158,0.0076,madgwick
1784237544.5824373,9.1174,2,455.92,432.99,460.83,426.83,7.88,,-0.0146,0.0107,madgwick
1784237544.598673,9.1337,2,456.62,432.05,460.83,426.83,6.71,,-0.0146,0.0107,madgwick
1784237544.6142695,9.1493,2,457.21,431.38,460.83,426.83,5.81,,-0.0107,0.0096,madgwick
1784237544.6316676,9.1666,2,457.88,430.64,460.83,426.83,4.82,,-0.0107,0.0096,madgwick
1784237544.6476018,9.1826,2,458.62,430.09,460.83,426.83,3.94,,-0.0087,0.0116,madgwick
1784237544.6636155,9.1986,2,459.36,429.53,460.83,426.83,3.07,,-0.0087,0.0116,madgwick
1784237544.6798654,9.2148,2,460.12,428.97,460.83,426.83,2.25,,-0.0087,0.0116,madgwick
1784237544.6955001,9.2305,2,460.75,428.25,460.83,426.83,1.41,,-0.0116,0.0101,madgwick
1784237544.7121658,9.2471,2,461.42,427.48,460.83,426.83,0.87,,-0.0116,0.0101,madgwick
1784237544.7290304,9.264,2,461.81,426.7,460.83,426.83,0.98,,-0.0115,0.0057,madgwick
1784237544.745807,9.2808,2,462.19,425.93,460.83,426.83,1.63,,-0.0115,0.0057,madgwick
1784237544.7620647,9.297,2,462.56,425.18,460.83,426.83,2.39,,-0.0115,0.0057,madgwick
1784237544.7788992,9.3139,2,462.8,424.52,460.83,426.83,3.04,,-0.0098,0.0036,madgwick
1784237544.7957852,9.3308,2,463.05,423.86,460.83,426.83,3.71,,-0.0098,0.0036,madgwick
1784237544.8115525,9.3465,2,463.1,423.44,460.83,426.83,4.08,,-0.0067,0.0008,madgwick
1784237544.8272665,9.3622,2,463.15,423.02,460.83,426.83,4.46,,-0.0067,0.0008,madgwick
1784237544.8440716,9.3791,2,463.21,422.57,460.83,426.83,4.88,,-0.0067,0.0008,madgwick
1784237544.861651,9.3966,2,463.01,422.24,460.83,426.83,5.09,,-0.0047,-0.0027,madgwick
1784237544.8778555,9.4128,2,462.84,421.93,460.83,426.83,5.29,,-0.0047,-0.0027,madgwick
1784237544.8942947,9.4293,2,462.78,421.38,460.83,426.83,5.79,,-0.0084,-0.0009,madgwick
1784237544.9121418,9.4471,2,462.71,420.78,460.83,426.83,6.34,,-0.0084,-0.0009,madgwick
1784237544.9290864,9.4641,2,462.37,420.47,460.83,426.83,6.55,,-0.0046,-0.005,madgwick
1784237544.9462194,9.4812,2,462.03,420.16,460.83,426.83,6.78,,-0.0046,-0.005,madgwick
1784237544.9640582,9.499,2,461.52,420.13,460.83,426.83,6.74,,-0.0004,-0.0072,madgwick
1784237544.981482,9.5165,3,461.02,420.1,451.96,334.06,86.51,TARGET_HIT,-0.0004,-0.0072,madgwick
1784237544.9970393,9.532,3,460.74,420.02,451.96,334.06,86.4,,-0.0013,-0.0045,madgwick
1784237545.013805,9.5488,3,460.44,419.94,451.96,334.06,86.29,,-0.0013,-0.0045,madgwick
1784237545.0296113,9.5646,3,460.26,419.78,451.96,334.06,86.12,,-0.0025,-0.0028,madgwick
1784237545.0461266,9.5811,3,460.08,419.62,451.96,334.06,85.94,,-0.0025,-0.0028,madgwick
1784237545.0641193,9.5991,3,459.64,419.31,451.96,334.06,85.59,,-0.0043,-0.006,madgwick
1784237545.0816023,9.6166,3,459.22,419.0,451.96,334.06,85.25,,-0.0043,-0.006,madgwick
1784237545.0982704,9.6333,3,459.03,418.55,451.96,334.06,84.79,,-0.0067,-0.0028,madgwick
1784237545.1152263,9.6502,3,458.84,418.1,451.96,334.06,84.32,,-0.0067,-0.0028,madgwick
1784237545.1319547,9.6669,3,458.46,417.79,451.96,334.06,83.98,,-0.0046,-0.0057,madgwick
1784237545.1486726,9.6837,3,458.08,417.48,451.96,334.06,83.64,,-0.0046,-0.0057,madgwick
1784237545.165603,9.7006,3,457.69,417.16,451.96,334.06,83.3,,-0.0046,-0.0057,madgwick
1784237545.1812987,9.7163,3,457.54,416.77,451.96,334.06,82.9,,-0.0062,-0.0025,madgwick
1784237545.198339,9.7333,3,457.37,416.35,451.96,334.06,82.46,,-0.0062,-0.0025,madgwick
1784237545.2150838,9.7501,3,457.01,416.0,451.96,334.06,82.1,,-0.0051,-0.0053,madgwick
1784237545.2320955,9.7671,3,456.65,415.66,451.96,334.06,81.73,,-0.0051,-0.0053,madgwick
1784237545.2492862,9.7843,3,456.49,415.19,451.96,334.06,81.26,,-0.0067,-0.0023,madgwick
1784237545.266918,9.8019,3,456.33,414.72,451.96,334.06,80.78,,-0.0067,-0.0023,madgwick
1784237545.2839026,9.8189,3,455.93,414.28,451.96,334.06,80.31,,-0.0065,-0.006,madgwick
1784237545.3007898,9.8358,3,455.52,413.84,451.96,334.06,79.85,,-0.0065,-0.006,madgwick
1784237545.3169322,9.8519,3,455.14,413.42,451.96,334.06,79.42,,-0.0065,-0.006,madgwick
1784237545.333943,9.8689,3,454.9,412.54,451.96,334.06,78.54,,-0.0128,-0.0035,madgwick
1784237545.3507361,9.8857,3,454.66,411.68,451.96,334.06,77.67,,-0.0128,-0.0035,madgwick
1784237545.3667884,9.9018,3,454.46,410.49,451.96,334.06,76.47,,-0.0185,-0.0032,madgwick
1784237545.3829563,9.9179,3,454.25,409.29,451.96,334.06,75.26,,-0.0185,-0.0032,madgwick
1784237545.3996346,9.9346,3,454.04,408.05,451.96,334.06,74.02,,-0.0185,-0.0032,madgwick
1784237545.415193,9.9502,3,453.6,406.81,451.96,334.06,72.77,,-0.02,-0.007,madgwick
1784237545.4319909,9.967,3,453.13,405.47,451.96,334.06,71.42,,-0.02,-0.007,madgwick
1784237545.4494371,9.9844,3,452.55,404.22,451.96,334.06,70.16,,-0.0178,-0.0084,madgwick
1784237545.4665504,10.0015,3,451.97,403.0,451.96,334.06,68.94,,-0.0178,-0.0084,madgwick
1784237545.4821253,10.0171,3,451.45,401.89,451.96,334.06,67.83,,-0.0178,-0.0084,madgwick
1784237545.4992814,10.0343,3,450.71,400.73,451.96,334.06,66.68,,-0.017,-0.0108,madgwick
1784237545.516065,10.051,3,449.98,399.59,451.96,334.06,65.56,,-0.017,-0.0108,madgwick
1784237545.5331984,10.0682,3,449.07,398.4,451.96,334.06,64.4,,-0.0174,-0.0133,madgwick
1784237545.5499382,10.0849,3,448.18,397.23,451.96,334.06,63.28,,-0.0174,-0.0133,madgwick
1784237545.5656857,10.1007,3,447.19,396.26,451.96,334.06,62.38,,-0.0154,-0.0158,madgwick
1784237545.5826032,10.1176,3,446.12,395.22,451.96,334.06,61.44,,-0.0154,-0.0158,madgwick
1784237545.5986652,10.1336,3,445.24,394.08,451.96,334.06,60.39,,-0.0179,-0.0137,madgwick
1784237545.6143818,10.1494,3,444.38,392.95,451.96,334.06,59.37,,-0.0179,-0.0137,madgwick
1784237545.6312656,10.1662,3,443.45,391.74,451.96,334.06,58.31,,-0.0179,-0.0137,madgwick
1784237545.648131,10.1831,3,442.7,390.42,451.96,334.06,57.11,,-0.0197,-0.0112,madgwick
1784237545.6652627,10.2002,3,441.93,389.07,451.96,334.06,55.91,,-0.0197,-0.0112,madgwick
1784237545.6819854,10.217,3,441.11,387.96,451.96,334.06,54.98,,-0.0166,-0.0123,madgwick
1784237545.699406,10.2344,3,440.25,386.81,451.96,334.06,54.03,,-0.0166,-0.0123,madgwick
1784237545.715175,10.2502,3,439.8,385.68,451.96,334.06,53.03,,-0.018,-0.0071,madgwick
1784237545.7328649,10.2678,3,439.3,384.41,451.96,334.06,51.91,,-0.018,-0.0071,madgwick
1784237545.7493274,10.2843,3,438.83,383.22,451.96,334.06,50.88,,-0.018,-0.0071,madgwick
1784237545.7660527,10.301,3,438.71,382.07,451.96,334.06,49.8,,-0.0172,-0.0018,madgwick
1784237545.7840202,10.319,3,439.09,380.77,451.96,334.06,48.45,,-0.0181,0.0052,madgwick
1784237545.801319,10.3363,3,439.45,379.52,451.96,334.06,47.14,,-0.0181,0.0052,madgwick
1784237545.8180037,10.353,3,439.8,378.31,451.96,334.06,45.89,,-0.0181,0.0052,madgwick
1784237545.835252,10.3702,3,440.34,377.15,451.96,334.06,44.62,,-0.0169,0.0078,madgwick
1784237545.8518817,10.3869,3,440.86,376.02,451.96,334.06,43.4,,-0.0169,0.0078,madgwick
1784237545.8683867,10.4034,3,441.66,374.76,451.96,334.06,41.98,,-0.0191,0.0122,madgwick
1784237545.8848991,10.4199,3,442.46,373.5,451.96,334.06,40.57,,-0.0191,0.0122,madgwick
1784237545.9014947,10.4365,3,443.46,372.26,451.96,334.06,39.13,,-0.0188,0.0151,madgwick
1784237545.918055,10.453,3,444.46,371.01,451.96,334.06,37.7,,-0.0188,0.0151,madgwick
1784237545.9353533,10.4703,3,445.48,369.95,451.96,334.06,36.46,,-0.0154,0.0147,madgwick
1784237545.9521546,10.4871,3,446.47,368.91,451.96,334.06,35.28,,-0.0154,0.0147,madgwick
1784237545.969555,10.5045,3,447.69,367.72,451.96,334.06,33.93,,-0.0171,0.0175,madgwick
1784237545.9860172,10.521,3,448.84,366.59,451.96,334.06,32.68,,-0.0171,0.0175,madgwick
1784237546.0031426,10.5381,3,450.18,365.35,451.96,334.06,31.33,,-0.0182,0.0196,madgwick
1784237546.0199122,10.5549,3,451.49,364.12,451.96,334.06,30.06,,-0.0182,0.0196,madgwick
1784237546.0370212,10.572,3,452.66,363.15,451.96,334.06,29.09,,-0.0143,0.0171,madgwick
1784237546.0538123,10.5888,3,453.81,362.19,451.96,334.06,28.18,,-0.0143,0.0171,madgwick
1784237546.0694408,10.6044,3,454.88,361.29,451.96,334.06,27.39,,-0.0143,0.0171,madgwick
1784237546.0874372,10.6224,3,455.83,360.32,451.96,334.06,26.55,,-0.0134,0.0133,madgwick
1784237546.1032238,10.6382,3,456.67,359.48,451.96,334.06,25.85,,-0.0134,0.0133,madgwick
1784237546.1201954,10.6552,3,457.65,358.43,451.96,334.06,25.02,,-0.0154,0.0144,madgwick
1784237546.1362603,10.6712,3,458.57,357.44,451.96,334.06,24.3,,-0.0154,0.0144,madgwick
1784237546.1537745,10.6888,3,459.22,356.45,451.96,334.06,23.53,,-0.0142,0.0093,madgwick
1784237546.169445,10.7044,3,459.81,355.56,451.96,334.06,22.88,,-0.0142,0.0093,madgwick
1784237546.1866486,10.7216,3,460.45,354.58,451.96,334.06,22.2,,-0.0142,0.0093,madgwick
1784237546.2028115,10.7378,3,460.96,353.46,451.96,334.06,21.38,,-0.0173,0.0079,madgwick
1784237546.218817,10.7538,3,461.46,352.35,451.96,334.06,20.61,,-0.0173,0.0079,madgwick
1784237546.2350605,10.77,3,461.71,351.21,451.96,334.06,19.73,,-0.0177,0.0039,madgwick
1784237546.2516415,10.7866,3,461.97,350.03,451.96,334.06,18.85,,-0.0177,0.0039,madgwick
1784237546.2673855,10.8024,3,462.03,349.01,451.96,334.06,18.02,,-0.0163,0.0009,madgwick
1784237546.2849333,10.8199,3,462.09,347.86,451.96,334.06,17.11,,-0.0163,0.0009,madgwick
1784237546.3021445,10.8371,3,462.15,346.73,451.96,334.06,16.26,,-0.0163,0.0009,madgwick
1784237546.31899,10.854,3,462.41,345.51,451.96,334.06,15.5,,-0.0181,0.0039,madgwick
1784237546.3360133,10.871,3,462.67,344.28,451.96,334.06,14.81,,-0.0181,0.0039,madgwick
1784237546.3531754,10.8882,3,462.67,343.2,451.96,334.06,14.08,,-0.0157,-0.0001,madgwick
1784237546.3706532,10.9056,3,462.67,342.11,451.96,334.06,13.39,,-0.0157,-0.0001,madgwick
1784237546.3867712,10.9218,3,462.84,341.2,451.96,334.06,13.01,,-0.014,0.0026,madgwick
1784237546.4024043,10.9374,3,463.0,340.32,451.96,334.06,12.69,,-0.014,0.0026,madgwick
1784237546.4189694,10.954,3,462.99,339.57,451.96,334.06,12.33,,-0.0113,-0.0002,madgwick
1784237546.4363725,10.9714,3,462.97,338.79,451.96,334.06,11.98,,-0.0113,-0.0002,madgwick
1784237546.4537897,10.9888,3,462.96,338.0,451.96,334.06,11.68,,-0.0113,-0.0002,madgwick
1784237546.471459,11.0064,3,462.99,337.02,451.96,334.06,11.42,,-0.0138,0.0005,madgwick
1784237546.4880931,11.0231,3,463.02,336.1,451.96,334.06,11.25,,-0.0138,0.0005,madgwick
1784237546.5052378,11.0402,3,462.86,335.41,451.96,334.06,10.98,,-0.0102,-0.0024,madgwick
1784237546.5226276,11.0576,3,462.7,334.7,451.96,334.06,10.76,,-0.0102,-0.0024,madgwick
1784237546.5388691,11.0739,3,462.71,334.05,451.96,334.06,10.75,,-0.0099,0.0002,madgwick
1784237546.5552225,11.0902,3,462.72,333.4,451.96,334.06,10.78,,-0.0099,0.0002,madgwick
1784237546.5722053,11.1072,3,462.48,333.02,451.96,334.06,10.57,,-0.0056,-0.0036,madgwick
1784237546.5895686,11.1246,3,462.23,332.64,451.96,334.06,10.37,,-0.0056,-0.0036,madgwick
1784237546.6052914,11.1403,3,462.0,332.29,451.96,334.06,10.2,,-0.0056,-0.0036,madgwick
1784237546.6220965,11.1571,3,461.95,332.13,451.96,334.06,10.18,,-0.0023,-0.0007,madgwick
1784237546.6389592,11.1739,3,461.9,331.97,451.96,334.06,10.16,,-0.0023,-0.0007,madgwick
1784237546.6560278,11.191,3,461.65,331.97,451.96,334.06,9.92,,-0.0001,-0.0036,madgwick
1784237546.6726797,11.2077,3,461.41,331.96,451.96,334.06,9.68,,-0.0001,-0.0036,madgwick
1784237546.6891644,11.2241,3,461.39,331.92,451.96,334.06,9.68,,-0.0007,-0.0003,madgwick
1784237546.7064795,11.2415,3,461.38,331.87,451.96,334.06,9.67,,-0.0007,-0.0003,madgwick
1784237546.7232223,11.2582,3,461.36,331.82,451.96,334.06,9.66,,-0.0007,-0.0003,madgwick
1784237546.7401576,11.2751,3,461.23,331.96,451.96,334.06,9.51,,0.0021,-0.0019,madgwick
1784237546.7570965,11.2921,3,461.1,332.1,451.96,334.06,9.35,,0.0021,-0.0019,madgwick
1784237546.7744088,11.3094,3,460.96,332.49,451.96,334.06,9.14,,0.0057,-0.0019,madgwick
1784237546.7907152,11.3257,3,460.84,332.86,451.96,334.06,8.96,,0.0057,-0.0019,madgwick
1784237546.8067808,11.3418,4,460.54,333.31,374.08,314.09,88.57,TARGET_HIT,0.0069,-0.0046,madgwick
1784237546.8228943,11.3579,4,460.24,333.75,374.08,314.09,88.37,,0.0069,-0.0046,madgwick
1784237546.8390431,11.374,4,460.13,334.03,374.08,314.09,88.33,,0.0043,-0.0017,madgwick
1784237546.8559606,11.3909,4,460.01,334.32,374.08,314.09,88.28,,0.0043,-0.0017,madgwick
1784237546.8725646,11.4075,4,459.9,334.61,374.08,314.09,88.23,,0.0043,-0.0017,madgwick
1784237546.8891485,11.4241,4,459.58,334.79,374.08,314.09,87.96,,0.0027,-0.0048,madgwick
1784237546.906209,11.4412,4,459.25,334.98,374.08,314.09,87.69,,0.0027,-0.0048,madgwick
1784237546.9227717,11.4578,4,458.8,335.29,374.08,314.09,87.33,,0.0048,-0.0068,madgwick
1784237546.9385288,11.4735,4,458.56,335.48,374.08,314.09,87.14,,0.0031,-0.0038,madgwick
1784237546.955065,11.49,4,458.31,335.69,374.08,314.09,86.95,,0.0031,-0.0038,madgwick
1784237546.9726715,11.5077,4,458.04,335.9,374.08,314.09,86.74,,0.0031,-0.0038,madgwick
1784237546.9890275,11.524,4,457.93,335.94,374.08,314.09,86.65,,0.0006,-0.0017,madgwick
1784237547.0057466,11.5407,4,457.82,335.98,374.08,314.09,86.55,,0.0006,-0.0017,madgwick
1784237547.0221872,11.5572,4,457.79,335.97,374.08,314.09,86.52,,-0.0003,-0.0004,madgwick
1784237547.0395348,11.5745,4,457.76,335.95,374.08,314.09,86.49,,-0.0003,-0.0004,madgwick
1784237547.0558553,11.5908,4,457.74,335.93,374.08,314.09,86.46,,-0.0003,-0.0004,madgwick
1784237547.0716038,11.6066,4,457.37,336.13,374.08,314.09,86.15,,0.0031,-0.0059,madgwick
1784237547.087481,11.6225,4,456.99,336.33,374.08,314.09,85.84,,0.0031,-0.0059,madgwick
1784237547.1031373,11.6381,4,456.36,336.57,374.08,314.09,85.29,,0.0039,-0.0101,madgwick
1784237547.120242,11.6552,4,455.67,336.84,374.08,314.09,84.7,,0.0039,-0.0101,madgwick
1784237547.1369812,11.672,4,454.62,336.81,374.08,314.09,83.68,,-0.0004,-0.0157,madgwick
1784237547.1542685,11.6893,4,453.54,336.78,374.08,314.09,82.63,,-0.0004,-0.0157,madgwick
1784237547.1709025,11.7059,4,452.49,336.75,374.08,314.09,81.62,,-0.0004,-0.0157,madgwick
1784237547.186952,11.7219,4,450.73,336.81,374.08,314.09,79.94,,0.0008,-0.0275,madgwick
1784237547.2037954,11.7388,4,448.88,336.86,374.08,314.09,78.18,,0.0008,-0.0275,madgwick
1784237547.2195244,11.7545,4,446.88,336.73,374.08,314.09,76.24,,-0.0022,-0.0316,madgwick
1784237547.2360573,11.771,4,444.79,336.58,374.08,314.09,74.2,,-0.0022,-0.0316,madgwick
1784237547.2530782,11.7881,4,442.38,336.27,374.08,314.09,71.81,,-0.0045,-0.0354,madgwick
1784237547.2701066,11.8051,4,439.96,335.96,374.08,314.09,69.42,,-0.0045,-0.0354,madgwick
1784237547.2871566,11.8221,4,437.09,335.8,374.08,314.09,66.64,,-0.0024,-0.0422,madgwick
1784237547.3039856,11.839,4,434.25,335.63,374.08,314.09,63.91,,-0.0024,-0.0422,madgwick
1784237547.320619,11.8556,4,431.26,335.37,374.08,314.09,61.01,,-0.004,-0.0448,madgwick
1784237547.3364375,11.8714,4,428.43,335.11,374.08,314.09,58.27,,-0.004,-0.0448,madgwick
1784237547.3539472,11.8889,4,425.29,334.83,374.08,314.09,55.25,,-0.004,-0.0448,madgwick
1784237547.3710032,11.906,4,422.12,334.51,374.08,314.09,52.2,,-0.0047,-0.0464,madgwick
1784237547.3880339,11.923,4,418.82,334.12,374.08,314.09,49.02,,-0.0057,-0.0485,madgwick
1784237547.4053693,11.9404,4,415.46,333.72,374.08,314.09,45.8,,-0.0057,-0.0485,madgwick
1784237547.4221444,11.9571,4,412.12,333.45,374.08,314.09,42.68,,-0.004,-0.0498,madgwick
1784237547.4389844,11.974,4,408.77,333.18,374.08,314.09,39.6,,-0.004,-0.0498,madgwick
1784237547.4558697,11.9909,4,405.49,332.98,374.08,314.09,36.65,,-0.003,-0.0486,madgwick
1784237547.4719954,12.007,4,402.36,332.79,374.08,314.09,33.9,,-0.003,-0.0486,madgwick
1784237547.488779,12.0238,4,399.63,332.63,374.08,314.09,31.57,,-0.0023,-0.0406,madgwick
1784237547.5059385,12.0409,4,396.85,332.48,374.08,314.09,29.27,,-0.0023,-0.0406,madgwick
1784237547.522984,12.058,4,394.09,332.32,374.08,314.09,27.07,,-0.0023,-0.0406,madgwick
1784237547.5399957,12.075,4,391.8,332.09,374.08,314.09,25.26,,-0.0034,-0.0336,madgwick
1784237547.557201,12.0922,4,389.49,331.86,374.08,314.09,23.52,,-0.0034,-0.0336,madgwick
1784237547.5741086,12.1091,4,387.55,331.81,374.08,314.09,22.26,,-0.0008,-0.0286,madgwick
1784237547.591142,12.1261,4,385.6,331.75,374.08,314.09,21.09,,-0.0008,-0.0286,madgwick
1784237547.6083498,12.1433,4,383.81,331.64,374.08,314.09,20.07,,-0.0016,-0.0261,madgwick
1784237547.6250033,12.16,4,382.07,331.54,374.08,314.09,19.19,,-0.0016,-0.0261,madgwick
1784237547.6421196,12.1771,4,380.58,331.29,374.08,314.09,18.39,,-0.0036,-0.0218,madgwick
1784237547.6595511,12.1945,4,379.06,331.04,374.08,314.09,17.67,,-0.0036,-0.0218,madgwick
1784237547.6753318,12.2103,4,377.69,330.81,374.08,314.09,17.11,,-0.0036,-0.0218,madgwick
1784237547.6919348,12.2269,4,376.58,330.4,374.08,314.09,16.5,,-0.0062,-0.0167,madgwick
1784237547.7080686,12.2431,4,375.51,330.0,374.08,314.09,15.97,,-0.0062,-0.0167,madgwick
1784237547.7254364,12.2604,4,374.6,329.71,374.08,314.09,15.63,,-0.0041,-0.0131,madgwick
1784237547.7421372,12.2771,4,373.73,329.44,374.08,314.09,15.36,,-0.0041,-0.0131,madgwick
1784237547.759094,12.2941,4,373.14,329.14,374.08,314.09,15.08,,-0.0044,-0.0087,madgwick
1784237547.7761147,12.3111,4,372.55,328.84,374.08,314.09,14.83,,-0.0044,-0.0087,madgwick
1784237547.7939095,12.3289,4,372.38,328.43,374.08,314.09,14.44,,-0.0058,-0.0024,madgwick
1784237547.80963,12.3446,4,372.23,328.06,374.08,314.09,14.09,,-0.0058,-0.0024,madgwick
1784237547.825906,12.3609,4,372.07,327.68,374.08,314.09,13.74,,-0.0058,-0.0024,madgwick
1784237547.8419487,12.3769,4,372.12,327.37,374.08,314.09,13.42,,-0.0049,0.0007,madgwick
1784237547.8592947,12.3943,4,372.16,327.03,374.08,314.09,13.08,,-0.0049,0.0007,madgwick
1784237547.8759844,12.411,4,371.95,326.9,374.08,314.09,12.98,,-0.002,-0.0032,madgwick
1784237547.8938885,12.4289,4,371.72,326.76,374.08,314.09,12.89,,-0.002,-0.0032,madgwick
1784237547.9109843,12.446,4,371.76,326.66,374.08,314.09,12.78,,-0.0015,0.0007,madgwick
1784237547.9286587,12.4636,4,371.81,326.55,374.08,314.09,12.67,,-0.0015,0.0007,madgwick
1784237547.9450545,12.48,4,371.63,326.51,374.08,314.09,12.66,,-0.0007,-0.0027,madgwick
1784237547.9617424,12.4967,4,371.45,326.46,374.08,314.09,12.65,,-0.0007,-0.0027,madgwick
1784237547.9780324,12.513,4,371.23,326.61,374.08,314.09,12.84,,0.0024,-0.0034,madgwick
1784237547.994707,12.5297,4,371.0,326.77,374.08,314.09,13.05,,0.0024,-0.0034,madgwick
1784237548.0111485,12.5461,4,370.77,326.92,374.08,314.09,13.25,,0.0024,-0.0034,madgwick
1784237548.02778,12.5628,4,370.72,327.12,374.08,314.09,13.46,,0.0029,-0.0009,madgwick
1784237548.0439045,12.5789,4,370.66,327.31,374.08,314.09,13.66,,0.0029,-0.0009,madgwick
1784237548.060952,12.5959,4,370.76,327.36,374.08,314.09,13.68,,0.0007,0.0015,madgwick
1784237548.0784543,12.6134,4,370.87,327.41,374.08,314.09,13.7,,0.0007,0.0015,madgwick
1784237548.0942564,12.6292,4,371.09,327.28,374.08,314.09,13.53,,-0.002,0.0034,madgwick
1784237548.1113265,12.6463,4,371.32,327.15,374.08,314.09,13.35,,-0.002,0.0034,madgwick
1784237548.1283693,12.6634,4,371.32,327.14,374.08,314.09,13.34,,-0.0001,-0.0,madgwick
1784237548.14496,12.6799,4,371.31,327.13,374.08,314.09,13.33,,-0.0001,-0.0,madgwick
1784237548.1624682,12.6974,4,371.37,326.84,374.08,314.09,13.04,,-0.0042,0.0008,madgwick
1784237548.1798651,12.7148,4,371.42,326.55,374.08,314.09,12.74,,-0.0042,0.0008,madgwick
1784237548.1964092,12.7314,5,371.47,326.27,713.77,188.96,368.81,TARGET_HIT,-0.0042,0.0008,madgwick
1784237548.2140594,12.749,5,371.29,326.13,713.77,188.96,368.93,,-0.002,-0.0027,madgwick
1784237548.2310767,12.7661,5,371.11,326.0,713.77,188.96,369.04,,-0.002,-0.0027,madgwick
1784237548.2479894,12.783,5,370.8,326.0,713.77,188.96,369.33,,0.0001,-0.0045,madgwick
1784237548.2650807,12.8001,5,370.49,326.01,713.77,188.96,369.62,,0.0001,-0.0045,madgwick
1784237548.2825358,12.8175,5,370.09,325.79,713.77,188.96,369.92,,-0.003,-0.0058,madgwick
1784237548.298557,12.8335,5,369.72,325.6,713.77,188.96,370.19,,-0.003,-0.0058,madgwick
1784237548.3142405,12.8492,5,369.35,325.41,713.77,188.96,370.46,,-0.003,-0.0058,madgwick
1784237548.3310742,12.8661,5,369.14,325.09,713.77,188.96,370.54,,-0.0047,-0.0032,madgwick
1784237548.3482304,12.8832,5,368.92,324.77,713.77,188.96,370.62,,-0.0047,-0.0032,madgwick
1784237548.3650637,12.9,5,368.93,324.53,713.77,188.96,370.52,,-0.0035,0.0002,madgwick
1784237548.3820775,12.9171,5,368.94,324.29,713.77,188.96,370.43,,-0.0035,0.0002,madgwick
1784237548.3986151,12.9336,5,368.94,324.31,713.77,188.96,370.44,,0.0004,-0.0,madgwick
1784237548.4152215,12.9502,5,368.94,324.34,713.77,188.96,370.45,,0.0004,-0.0,madgwick
1784237548.431816,12.9668,5,369.17,324.49,713.77,188.96,370.28,,0.0023,0.0035,madgwick
1784237548.4478073,12.9828,5,369.4,324.64,713.77,188.96,370.13,,0.0023,0.0035,madgwick
1784237548.4647963,12.9998,5,369.64,324.8,713.77,188.96,369.97,,0.0023,0.0035,madgwick
1784237548.480578,13.0156,5,369.83,325.13,713.77,188.96,369.91,,0.0053,0.003,madgwick
1784237548.496304,13.0313,5,370.01,325.46,713.77,188.96,369.86,,0.0053,0.003,madgwick
1784237548.5142808,13.0493,5,370.39,326.1,713.77,188.96,369.75,,0.0089,0.0053,madgwick
1784237548.5311048,13.0661,5,370.74,326.7,713.77,188.96,369.64,,0.0089,0.0053,madgwick
1784237548.5479314,13.0829,5,372.13,327.32,713.77,188.96,368.59,,0.0092,0.0207,madgwick
1784237548.565421,13.1004,5,373.58,327.97,713.77,188.96,367.49,,0.0092,0.0207,madgwick
1784237548.5813148,13.1163,5,375.87,328.51,713.77,188.96,365.58,,0.0086,0.036,madgwick
1784237548.5971081,13.1321,5,378.15,329.06,713.77,188.96,363.68,,0.0086,0.036,madgwick
1784237548.6141562,13.1491,5,381.88,329.63,713.77,188.96,360.47,,0.0084,0.0547,madgwick
1784237548.6313274,13.1663,5,385.63,330.2,713.77,188.96,357.24,,0.0084,0.0547,madgwick
1784237548.648548,13.1835,5,390.41,330.87,713.77,188.96,353.12,,0.0096,0.0693,madgwick
1784237548.664137,13.1991,5,394.73,331.47,713.77,188.96,349.42,,0.0096,0.0693,madgwick
1784237548.6811647,13.2161,5,399.45,332.12,713.77,188.96,345.38,,0.0096,0.0693,madgwick
1784237548.6978996,13.2329,5,404.88,332.69,713.77,188.96,340.69,,0.0085,0.0812,madgwick
1784237548.7142632,13.2492,5,410.2,333.25,713.77,188.96,336.11,,0.0085,0.0812,madgwick
1784237548.730938,13.2659,5,416.11,333.66,713.77,188.96,330.96,,0.0062,0.0887,madgwick
1784237548.748088,13.2831,5,422.2,334.09,713.77,188.96,325.69,,0.0062,0.0887,madgwick
1784237548.765121,13.3001,5,428.49,334.4,713.77,188.96,320.21,,0.0046,0.0924,madgwick
1784237548.7821057,13.3171,5,434.77,334.72,713.77,188.96,314.77,,0.0046,0.0924,madgwick
1784237548.7994485,13.3344,5,441.18,335.04,713.77,188.96,309.25,,0.0046,0.0924,madgwick
1784237548.8162973,13.3513,5,447.54,335.25,713.77,188.96,303.77,,0.0032,0.0943,madgwick
1784237548.8330016,13.368,5,453.84,335.46,713.77,188.96,298.37,,0.0032,0.0943,madgwick
1784237548.8499491,13.3849,5,460.12,335.52,713.77,188.96,292.94,,0.0009,0.0927,madgwick
1784237548.8658202,13.4008,5,466.01,335.58,713.77,188.96,287.89,,0.0009,0.0927,madgwick
1784237548.8814855,13.4165,5,471.68,335.31,713.77,188.96,282.88,,-0.0042,0.0906,madgwick
1784237548.8970482,13.432,5,477.32,335.05,713.77,188.96,277.93,,-0.0042,0.0906,madgwick
1784237548.9138415,13.4488,5,483.41,334.77,713.77,188.96,272.62,,-0.0042,0.0906,madgwick
1784237548.9301672,13.4651,5,489.39,334.02,713.77,188.96,267.19,,-0.0114,0.0915,madgwick
1784237548.9472716,13.4823,5,495.65,333.24,713.77,188.96,261.52,,-0.0114,0.0915,madgwick
1784237548.9633904,13.4984,5,501.35,331.92,713.77,188.96,256.04,,-0.0204,0.0884,madgwick
1784237548.9796057,13.5146,5,506.83,330.02,713.77,188.96,250.44,,-0.0294,0.0845,madgwick
1784237548.996163,13.5311,5,512.42,328.07,713.77,188.96,244.72,,-0.0294,0.0845,madgwick
1784237549.0137494,13.5487,5,518.37,326.0,713.77,188.96,238.66,,-0.0294,0.0845,madgwick
1784237549.0293171,13.5643,5,523.7,323.79,713.77,188.96,233.03,,-0.0356,0.0856,madgwick
1784237549.0460196,13.581,5,529.42,321.41,713.77,188.96,226.99,,-0.0356,0.0856,madgwick
1784237549.0631013,13.5981,5,535.69,318.59,713.77,188.96,220.26,,-0.0413,0.0917,madgwick
1784237549.079975,13.615,5,541.87,315.8,713.77,188.96,213.62,,-0.0413,0.0917,madgwick
1784237549.0970883,13.6321,5,547.83,313.03,713.77,188.96,207.19,,-0.0405,0.087,madgwick
1784237549.1144145,13.6494,5,553.86,310.23,713.77,188.96,200.69,,-0.0405,0.087,madgwick
1784237549.1312745,13.6663,5,560.06,307.47,713.77,188.96,194.09,,-0.0409,0.0919,madgwick
1784237549.1486068,13.6836,5,566.43,304.63,713.77,188.96,187.31,,-0.0409,0.0919,madgwick
1784237549.1640792,13.6991,5,572.12,302.1,713.77,188.96,181.28,,-0.0409,0.0919,madgwick
1784237549.1808307,13.7158,5,578.54,299.2,713.77,188.96,174.46,,-0.0433,0.0959,madgwick
1784237549.1969597,13.7319,5,584.73,296.41,713.77,188.96,167.91,,-0.0433,0.0959,madgwick
1784237549.2124364,13.7474,5,590.74,293.61,713.77,188.96,161.51,,-0.0452,0.0971,madgwick
1784237549.2283602,13.7633,5,596.92,290.73,713.77,188.96,154.95,,-0.0452,0.0971,madgwick
1784237549.244885,13.7799,5,603.56,287.71,713.77,188.96,147.98,,-0.0457,0.1004,madgwick
1784237549.2608025,13.7958,5,609.95,284.81,713.77,188.96,141.29,,-0.0457,0.1004,madgwick
1784237549.276521,13.8115,5,616.42,281.86,713.77,188.96,134.56,,-0.0469,0.1029,madgwick
1784237549.2928693,13.8279,5,623.15,278.79,713.77,188.96,127.59,,-0.0469,0.1029,madgwick
1784237549.3093076,13.8443,5,630.14,275.57,713.77,188.96,120.39,,-0.0489,0.1063,madgwick
1784237549.3267815,13.8618,5,637.57,272.15,713.77,188.96,112.81,,-0.0489,0.1063,madgwick
1784237549.3440192,13.879,5,644.91,269.04,713.77,188.96,105.61,,-0.0451,0.1064,madgwick
1784237549.3607593,13.8957,5,652.03,266.02,713.77,188.96,98.74,,-0.0451,0.1064,madgwick
1784237549.3762329,13.9112,5,658.62,263.23,713.77,188.96,92.5,,-0.0451,0.1064,madgwick
1784237549.3939059,13.9289,5,665.98,259.89,713.77,188.96,85.52,,-0.0472,0.1042,madgwick
1784237549.409704,13.9447,5,672.57,256.91,713.77,188.96,79.46,,-0.0472,0.1042,madgwick
1784237549.4260325,13.961,5,678.75,254.26,713.77,188.96,74.09,,-0.0406,0.0946,madgwick
1784237549.4440699,13.9791,5,685.58,251.33,713.77,188.96,68.44,,-0.0406,0.0946,madgwick
1784237549.4615135,13.9965,5,691.28,248.88,713.77,188.96,64.0,,-0.0351,0.0817,madgwick
1784237549.4775193,14.0125,5,696.51,246.63,713.77,188.96,60.19,,-0.0351,0.0817,madgwick
1784237549.493787,14.0288,5,700.97,244.53,713.77,188.96,57.02,,-0.0323,0.0685,madgwick
1784237549.5099678,14.0449,5,705.4,242.43,713.77,188.96,54.12,,-0.0323,0.0685,madgwick
1784237549.5274065,14.0624,5,710.18,240.18,713.77,188.96,51.34,,-0.0323,0.0685,madgwick
1784237549.5441692,14.0792,5,714.45,238.1,713.77,188.96,49.14,,-0.031,0.0636,madgwick
1784237549.561441,14.0964,5,718.84,235.96,713.77,188.96,47.27,,-0.031,0.0636,madgwick
1784237549.5782626,14.1132,5,722.81,233.95,713.77,188.96,45.89,,-0.0299,0.0589,madgwick
1784237549.5954118,14.1304,5,726.85,231.9,713.77,188.96,44.89,,-0.0299,0.0589,madgwick
1784237549.6119661,14.1469,5,729.93,230.29,713.77,188.96,44.38,,-0.0243,0.0465,madgwick
1784237549.6280303,14.163,5,732.91,228.73,713.77,188.96,44.14,,-0.0243,0.0465,madgwick
1784237549.6450157,14.18,5,736.07,227.08,713.77,188.96,44.17,,-0.0243,0.0465,madgwick
1784237549.662475,14.1975,5,738.65,225.77,713.77,188.96,44.43,,-0.0188,0.0369,madgwick
1784237549.6785257,14.2135,5,741.03,224.56,713.77,188.96,44.83,,-0.0188,0.0369,madgwick
1784237549.6960227,14.231,5,743.27,223.41,713.77,188.96,45.36,,-0.0164,0.0321,madgwick
1784237549.7130997,14.2481,5,745.47,222.29,713.77,188.96,46.0,,-0.0164,0.0321,madgwick
1784237549.730336,14.2653,5,747.24,221.39,713.77,188.96,46.6,,-0.0131,0.0257,madgwick
1784237549.746926,14.2819,5,748.94,220.52,713.77,188.96,47.26,,-0.0131,0.0257,madgwick
1784237549.7635503,14.2985,5,750.35,219.77,713.77,188.96,47.83,,-0.0113,0.0211,madgwick
1784237549.7792683,14.3142,5,751.67,219.07,713.77,188.96,48.41,,-0.0113,0.0211,madgwick
1784237549.7959921,14.331,5,752.84,218.38,713.77,188.96,48.91,,-0.0103,0.0174,madgwick
1784237549.8126986,14.3477,5,754.0,217.69,713.77,188.96,49.44,,-0.0103,0.0174,madgwick
1784237549.828864,14.3638,5,755.13,217.03,713.77,188.96,49.99,,-0.0103,0.0174,madgwick
1784237549.8452983,14.3803,5,756.1,216.45,713.77,188.96,50.48,,-0.0088,0.0148,madgwick
1784237549.8620598,14.397,5,757.1,215.86,713.77,188.96,51.0,,-0.0088,0.0148,madgwick
1784237549.8786435,14.4136,5,757.86,215.46,713.77,188.96,51.44,,-0.006,0.0114,madgwick
1784237549.8944585,14.4294,5,758.58,215.08,713.77,188.96,51.87,,-0.006,0.0114,madgwick
1784237549.9109864,14.446,5,759.13,214.83,713.77,188.96,52.22,,-0.0039,0.0083,madgwick
1784237549.927224,14.4622,5,759.66,214.58,713.77,188.96,52.56,,-0.0039,0.0083,madgwick
1784237549.9439678,14.4789,5,760.03,214.41,713.77,188.96,52.8,,-0.0025,0.0055,madgwick
1784237549.9606776,14.4957,5,760.4,214.24,713.77,188.96,53.04,,-0.0025,0.0055,madgwick
1784237549.9769373,14.5119,5,760.59,214.19,713.77,188.96,53.18,,-0.0008,0.003,madgwick
1784237549.9935727,14.5286,5,760.78,214.14,713.77,188.96,53.33,,-0.0008,0.003,madgwick
1784237550.0098095,14.5448,5,760.98,214.09,713.77,188.96,53.48,,-0.0008,0.003,madgwick
1784237550.0255716,14.5606,5,760.94,214.17,713.77,188.96,53.48,,0.0012,-0.0006,madgwick
1784237550.0412297,14.5762,5,760.9,214.24,713.77,188.96,53.48,,0.0012,-0.0006,madgwick
1784237550.0580788,14.5931,5,760.66,214.4,713.77,188.96,53.34,,0.0023,-0.0035,madgwick
1784237550.0748274,14.6098,5,760.42,214.55,713.77,188.96,53.21,,0.0023,-0.0035,madgwick
1784237550.0909557,14.6259,5,759.95,214.56,713.77,188.96,52.8,,0.0001,-0.0073,madgwick
1784237550.1076903,14.6427,5,759.46,214.57,713.77,188.96,52.37,,0.0001,-0.0073,madgwick
1784237550.1237414,14.6587,5,758.98,214.58,713.77,188.96,51.97,,0.0001,-0.0073,madgwick
1784237550.140357,14.6753,5,758.09,214.78,713.77,188.96,51.29,,0.003,-0.0135,madgwick
1784237550.1568847,14.6919,5,757.2,214.98,713.77,188.96,50.62,,0.003,-0.0135,madgwick
1784237550.1738968,14.7089,5,756.25,215.39,713.77,188.96,50.03,,0.0061,-0.0139,madgwick
1784237550.1904306,14.7254,5,755.34,215.79,713.77,188.96,49.47,,0.0061,-0.0139,madgwick
1784237550.207156,14.7421,5,754.0,216.22,713.77,188.96,48.6,,0.0064,-0.02,madgwick
1784237550.2240224,14.759,5,752.66,216.65,713.77,188.96,47.74,,0.0064,-0.02,madgwick
1784237550.2410033,14.776,5,751.3,217.09,713.77,188.96,46.9,,0.0064,-0.02,madgwick
1784237550.2578046,14.7928,5,749.65,217.4,713.77,188.96,45.78,,0.0046,-0.0246,madgwick
1784237550.2741604,14.8091,5,748.04,217.71,713.77,188.96,44.73,,0.0046,-0.0246,madgwick
1784237550.291237,14.8262,5,746.26,217.72,713.77,188.96,43.39,,0.0001,-0.026,madgwick
1784237550.307946,14.8429,5,744.53,217.72,713.77,188.96,42.11,,0.0001,-0.026,madgwick
1784237550.324137,14.8591,5,742.65,217.68,713.77,188.96,40.73,,-0.0007,-0.029,madgwick
1784237550.3407898,14.8758,5,740.72,217.64,713.77,188.96,39.35,,-0.0007,-0.029,madgwick
1784237550.3568864,14.8919,5,738.63,217.69,713.77,188.96,38.0,,0.0009,-0.0324,madgwick
1784237550.372606,14.9076,5,736.59,217.75,713.77,188.96,36.74,,0.0009,-0.0324,madgwick
1784237550.38821,14.9232,5,734.57,217.81,713.77,188.96,35.56,,0.0009,-0.0324,madgwick
1784237550.405117,14.9401,5,732.79,217.6,713.77,188.96,34.37,,-0.0031,-0.0264,madgwick
1784237550.4223945,14.9574,5,730.96,217.38,713.77,188.96,33.21,,-0.0031,-0.0264,madgwick
1784237550.4393294,14.9743,5,729.06,217.26,713.77,188.96,32.16,,-0.0018,-0.0281,madgwick
1784237550.4560237,14.991,5,727.19,217.13,713.77,188.96,31.2,,-0.0018,-0.0281,madgwick
1784237550.4738605,15.0088,5,724.96,217.15,713.77,188.96,30.33,,0.0003,-0.0312,madgwick
1784237550.489585,15.0246,5,723.0,217.17,713.77,188.96,29.68,,0.0003,-0.0312,madgwick
1784237550.5053682,15.0403,5,721.03,217.19,713.77,188.96,29.14,,0.0003,-0.0312,madgwick
1784237550.5227482,15.0577,5,719.43,216.68,713.77,188.96,28.29,,-0.0073,-0.023,madgwick
1784237550.5392005,15.0742,5,717.91,216.2,713.77,188.96,27.55,,-0.0073,-0.023,madgwick
1784237550.5564084,15.0914,5,716.32,215.34,713.77,188.96,26.5,,-0.0124,-0.0231,madgwick
1784237550.5737853,15.1088,5,714.72,214.48,713.77,188.96,25.53,,-0.0124,-0.0231,madgwick
1784237550.5894516,15.1244,5,713.36,213.69,713.77,188.96,24.73,,-0.0126,-0.0217,madgwick
1784237550.6059787,15.141,5,711.92,212.86,713.77,188.96,23.96,,-0.0126,-0.0217,madgwick
1784237550.623221,15.1582,5,711.0,211.63,713.77,188.96,22.84,,-0.0178,-0.0134,madgwick
1784237550.6399367,15.1749,5,710.11,210.44,713.77,188.96,21.79,,-0.0178,-0.0134,madgwick
1784237550.657313,15.1923,5,709.18,209.21,713.77,188.96,20.76,,-0.0178,-0.0134,madgwick
1784237550.67398,15.209,5,708.8,207.87,713.77,188.96,19.54,,-0.0201,-0.0057,madgwick
1784237550.6910443,15.226,5,708.41,206.5,713.77,188.96,18.33,,-0.0201,-0.0057,madgwick
1784237550.7080092,15.243,5,708.36,205.21,713.77,188.96,17.12,,-0.019,-0.0007,madgwick
1784237550.7251866,15.2602,5,708.31,203.9,713.77,188.96,15.9,,-0.019,-0.0007,madgwick
1784237550.7422118,15.2772,5,708.32,202.81,713.77,188.96,14.88,,-0.016,0.0,madgwick
1784237550.7592602,15.2942,5,708.32,201.72,713.77,188.96,13.87,,-0.016,0.0,madgwick
1784237550.776078,15.3111,5,708.48,200.78,713.77,188.96,12.94,,-0.014,0.0025,madgwick
1784237550.792821,15.3278,5,708.65,199.84,713.77,188.96,12.02,,-0.014,0.0025,madgwick
1784237550.8091147,15.3441,5,708.81,198.93,713.77,188.96,11.13,,-0.014,0.0025,madgwick
1784237550.8268008,15.3618,5,709.18,197.83,713.77,188.96,9.98,,-0.0155,0.0053,madgwick
1784237550.8426971,15.3777,5,709.52,196.85,713.77,188.96,8.96,,-0.0155,0.0053,madgwick
1784237550.858923,15.3939,5,709.97,195.66,713.77,188.96,7.7,,-0.0183,0.0069,madgwick
1784237550.8758104,15.4108,5,710.43,194.42,713.77,188.96,6.39,,-0.0183,0.0069,madgwick
1784237550.8913682,15.4263,5,710.97,193.23,713.77,188.96,5.1,,-0.0192,0.0085,madgwick
1784237550.908407,15.4434,5,711.55,191.92,713.77,188.96,3.7,,-0.0192,0.0085,madgwick
1784237550.9258502,15.4608,5,712.24,190.46,713.77,188.96,2.14,,-0.0209,0.0099,madgwick
1784237550.9417117,15.4767,5,712.86,189.14,713.77,188.96,0.92,,-0.0209,0.0099,madgwick
1784237550.957868,15.4928,5,713.36,187.98,713.77,188.96,1.07,,-0.018,0.0076,madgwick
1784237550.9741426,15.5091,5,713.85,186.81,713.77,188.96,2.16,,-0.018,0.0076,madgwick
1784237550.9912198,15.5262,5,714.55,185.56,713.77,188.96,3.49,,-0.0183,0.0102,madgwick
1784237551.0085032,15.5435,5,715.25,184.29,713.77,188.96,4.9,,-0.0183,0.0102,madgwick
1784237551.0241318,15.5591,5,715.89,183.15,713.77,188.96,6.19,,-0.0183,0.0102,madgwick
1784237551.0412133,15.5762,5,716.29,182.13,713.77,188.96,7.28,,-0.0149,0.0059,madgwick
1784237551.0583918,15.5934,5,716.7,181.11,713.77,188.96,8.38,,-0.0149,0.0059,madgwick
1784237551.0757532,15.6107,5,717.41,180.1,713.77,188.96,9.58,,-0.0145,0.0103,madgwick
1784237551.0914912,15.6265,5,718.06,179.18,713.77,188.96,10.68,,-0.0145,0.0103,madgwick
1784237551.1080275,15.643,5,718.49,178.41,713.77,188.96,11.57,,-0.0117,0.0066,madgwick
1784237551.1250467,15.66,5,718.94,177.61,713.77,188.96,12.48,,-0.0117,0.0066,madgwick
1784237551.1419377,15.6769,5,719.15,176.95,713.77,188.96,13.17,,-0.0097,0.0031,madgwick
1784237551.158224,15.6932,5,719.35,176.32,713.77,188.96,13.83,,-0.0097,0.0031,madgwick
1784237551.175308,15.7103,5,719.56,175.65,713.77,188.96,14.52,,-0.0097,0.0031,madgwick
1784237551.192215,15.7272,5,719.99,174.91,713.77,188.96,15.37,,-0.011,0.0063,madgwick
1784237551.209075,15.7441,5,720.41,174.17,713.77,188.96,16.22,,-0.011,0.0063,madgwick
1784237551.2260833,15.7611,5,720.53,173.63,713.77,188.96,16.76,,-0.008,0.0017,madgwick
1784237551.2441137,15.7791,6,720.65,173.06,648.27,360.69,201.11,TARGET_HIT,-0.008,0.0017,madgwick
1784237551.2610512,15.796,6,720.49,172.78,648.27,360.69,201.31,,-0.0041,-0.0023,madgwick
1784237551.2786772,15.8137,6,720.33,172.49,648.27,360.69,201.52,,-0.0041,-0.0023,madgwick
1784237551.294293,15.8293,6,720.18,172.24,648.27,360.69,201.7,,-0.0041,-0.0023,madgwick
1784237551.3108966,15.8459,6,719.83,172.19,648.27,360.69,201.63,,-0.0008,-0.0053,madgwick
1784237551.3269038,15.8619,6,719.49,172.14,648.27,360.69,201.56,,-0.0008,-0.0053,madgwick
1784237551.3443387,15.8793,6,718.76,172.44,648.27,360.69,201.01,,0.0044,-0.0105,madgwick
1784237551.3618555,15.8968,6,718.03,172.75,648.27,360.69,200.47,,0.0044,-0.0105,madgwick
1784237551.378047,15.913,6,717.54,173.0,648.27,360.69,200.06,,0.0039,-0.0076,madgwick
1784237551.3947241,15.9297,6,717.03,173.26,648.27,360.69,199.64,,0.0039,-0.0076,madgwick
1784237551.4112153,15.9462,6,716.53,173.52,648.27,360.69,199.23,,0.0039,-0.0076,madgwick
1784237551.428042,15.963,6,715.96,173.62,648.27,360.69,198.94,,0.0015,-0.0084,madgwick
1784237551.4453278,15.9803,6,715.38,173.73,648.27,360.69,198.64,,0.0015,-0.0084,madgwick
1784237551.462033,15.997,6,715.0,173.84,648.27,360.69,198.41,,0.0017,-0.0056,madgwick
1784237551.4792402,16.0142,6,714.61,173.96,648.27,360.69,198.17,,0.0017,-0.0056,madgwick
1784237551.4961352,16.0311,6,714.04,174.22,648.27,360.69,197.74,,0.0038,-0.0084,madgwick
1784237551.51415,16.0491,6,713.44,174.49,648.27,360.69,197.28,,0.0038,-0.0084,madgwick
1784237551.531418,16.0664,6,712.86,174.75,648.27,360.69,196.84,,0.0038,-0.0084,madgwick
1784237551.5473769,16.0824,6,712.1,175.26,648.27,360.69,196.11,,0.008,-0.0118,madgwick
1784237551.5639637,16.0989,6,711.32,175.79,648.27,360.69,195.36,,0.008,-0.0118,madgwick
1784237551.5812168,16.1162,6,710.37,176.71,648.27,360.69,194.18,,0.0133,-0.0137,madgwick
1784237551.5980275,16.133,6,709.45,177.6,648.27,360.69,193.04,,0.0133,-0.0137,madgwick
1784237551.615054,16.15,6,708.27,178.96,648.27,360.69,191.38,,0.02,-0.0173,madgwick
1784237551.63196,16.1669,6,707.1,180.31,648.27,360.69,189.73,,0.02,-0.0173,madgwick
1784237551.647951,16.1829,6,705.77,182.15,648.27,360.69,187.57,,0.0288,-0.0208,madgwick
1784237551.663999,16.199,6,704.43,184.0,648.27,360.69,185.4,,0.0288,-0.0208,madgwick
1784237551.6813405,16.2163,6,702.99,186.0,648.27,360.69,183.06,,0.0288,-0.0208,madgwick
1784237551.6982677,16.2332,6,701.29,188.63,648.27,360.69,180.05,,0.0388,-0.0251,madgwick
1784237551.7149348,16.2499,6,699.62,191.22,648.27,360.69,177.08,,0.0388,-0.0251,madgwick
1784237551.731523,16.2665,6,697.91,194.42,648.27,360.69,173.53,,0.0482,-0.0257,madgwick
1784237551.7480419,16.283,6,696.21,197.6,648.27,360.69,169.99,,0.0482,-0.0257,madgwick
1784237551.7645123,16.2995,6,694.42,201.24,648.27,360.69,165.99,,0.0552,-0.0272,madgwick
1784237551.7816074,16.3166,6,692.56,205.02,648.27,360.69,161.85,,0.0552,-0.0272,madgwick
1784237551.7973845,16.3324,6,690.65,208.88,648.27,360.69,157.62,,0.0611,-0.0303,madgwick
1784237551.813961,16.3489,6,688.64,212.93,648.27,360.69,153.18,,0.0611,-0.0303,madgwick
1784237551.8311636,16.3661,6,686.78,217.2,648.27,360.69,148.57,,0.0621,-0.027,madgwick
1784237551.847987,16.383,6,684.96,221.38,648.27,360.69,144.07,,0.0621,-0.027,madgwick
1784237551.865368,16.4003,6,683.09,225.69,648.27,360.69,139.42,,0.0621,-0.027,madgwick
1784237551.8814254,16.4164,6,681.63,229.56,648.27,360.69,135.31,,0.0603,-0.0226,madgwick
1784237551.8973813,16.4324,6,680.19,233.41,648.27,360.69,131.23,,0.0603,-0.0226,madgwick
1784237551.9142106,16.4492,6,678.91,237.29,648.27,360.69,127.15,,0.0577,-0.019,madgwick
1784237551.9318113,16.4668,6,677.57,241.35,648.27,360.69,122.88,,0.0577,-0.019,madgwick
1784237551.9474852,16.4825,6,676.2,245.06,648.27,360.69,118.95,,0.0592,-0.0219,madgwick
1784237551.9642158,16.4992,6,674.73,249.03,648.27,360.69,114.76,,0.0592,-0.0219,madgwick
1784237551.981692,16.5167,6,673.2,253.17,648.27,360.69,110.38,,0.0592,-0.0219,madgwick
1784237551.9972892,16.5323,6,671.72,256.9,648.27,360.69,106.41,,0.0598,-0.0237,madgwick
1784237552.0150144,16.55,6,670.04,261.14,648.27,360.69,101.9,,0.0598,-0.0237,madgwick
1784237552.0321395,16.5671,6,668.33,265.25,648.27,360.69,97.52,,0.0601,-0.0248,madgwick
1784237552.0492213,16.5842,6,666.63,269.36,648.27,360.69,93.16,,0.0601,-0.0248,madgwick
1784237552.066066,16.601,6,664.87,273.4,648.27,360.69,88.86,,0.0599,-0.0262,madgwick
1784237552.0826323,16.6176,6,663.14,277.37,648.27,360.69,84.64,,0.0599,-0.0262,madgwick
1784237552.0984223,16.6334,6,661.49,281.15,648.27,360.69,80.63,,0.0599,-0.0262,madgwick
1784237552.1153,16.6503,6,659.57,285.23,648.27,360.69,76.31,,0.0603,-0.0284,madgwick
1784237552.131016,16.666,6,657.78,289.02,648.27,360.69,72.3,,0.0603,-0.0284,madgwick
1784237552.1476848,16.6827,6,656.04,292.69,648.27,360.69,68.45,,0.0551,-0.0261,madgwick
1784237552.16424,16.6992,6,654.31,296.33,648.27,360.69,64.64,,0.0551,-0.0261,madgwick
1784237552.1807828,16.7158,6,652.8,299.69,648.27,360.69,61.17,,0.0507,-0.0228,madgwick
1784237552.1973794,16.7324,6,651.28,303.05,648.27,360.69,57.72,,0.0507,-0.0228,madgwick
1784237552.214926,16.7499,6,649.68,306.61,648.27,360.69,54.1,,0.0507,-0.0228,madgwick
1784237552.2303736,16.7654,6,648.32,309.42,648.27,360.69,51.27,,0.0455,-0.022,madgwick
1784237552.2479768,16.783,6,646.77,312.63,648.27,360.69,48.09,,0.0455,-0.022,madgwick
1784237552.2648494,16.7998,6,645.66,315.4,648.27,360.69,45.36,,0.0411,-0.0164,madgwick
1784237552.281504,16.8165,6,644.56,318.15,648.27,360.69,42.71,,0.0411,-0.0164,madgwick
1784237552.2980707,16.8331,6,643.76,320.39,648.27,360.69,40.56,,0.0338,-0.0121,madgwick
1784237552.3152368,16.8502,6,642.93,322.71,648.27,360.69,38.35,,0.0338,-0.0121,madgwick
1784237552.3319087,16.8669,6,642.49,324.42,648.27,360.69,36.73,,0.0256,-0.0066,madgwick
1784237552.3480122,16.883,6,642.07,326.07,648.27,360.69,35.18,,0.0256,-0.0066,madgwick
1784237552.3655758,16.9006,6,641.97,327.32,648.27,360.69,33.96,,0.0178,-0.0015,madgwick
1784237552.381911,16.9169,6,641.87,328.48,648.27,360.69,32.84,,0.0178,-0.0015,madgwick
1784237552.398173,16.9332,6,641.78,329.64,648.27,360.69,31.72,,0.0178,-0.0015,madgwick
1784237552.4153252,16.9503,6,642.11,330.6,648.27,360.69,30.72,,0.0139,0.0049,madgwick
1784237552.4322531,16.9672,6,642.45,331.54,648.27,360.69,29.73,,0.0139,0.0049,madgwick
1784237552.4492688,16.9843,6,642.81,332.28,648.27,360.69,28.93,,0.011,0.0053,madgwick
1784237552.4660375,17.001,6,643.17,333.02,648.27,360.69,28.14,,0.011,0.0053,madgwick
1784237552.4828217,17.0178,6,643.92,333.68,648.27,360.69,27.36,,0.0098,0.0112,madgwick
1784237552.4990766,17.0341,6,644.65,334.31,648.27,360.69,26.62,,0.0098,0.0112,madgwick
1784237552.5161388,17.0511,6,645.28,335.19,648.27,360.69,25.67,,0.0129,0.0093,madgwick
1784237552.532965,17.0679,6,645.9,336.06,648.27,360.69,24.74,,0.0129,0.0093,madgwick
1784237552.5499501,17.0849,6,646.73,336.89,648.27,360.69,23.86,,0.0121,0.0121,madgwick
1784237552.566154,17.1011,6,647.51,337.67,648.27,360.69,23.03,,0.0121,0.0121,madgwick
1784237552.5829692,17.118,6,648.54,338.42,648.27,360.69,22.28,,0.0111,0.0153,madgwick
1784237552.5997105,17.1347,6,649.56,339.16,648.27,360.69,21.57,,0.0111,0.0153,madgwick
1784237552.6159155,17.1509,6,650.56,339.87,648.27,360.69,20.94,,0.0111,0.0153,madgwick
1784237552.6329205,17.1679,6,651.69,340.74,648.27,360.69,20.24,,0.0127,0.0166,madgwick
1784237552.6501236,17.1851,6,652.84,341.61,648.27,360.69,19.62,,0.0127,0.0166,madgwick
1784237552.666576,17.2016,6,654.12,342.42,648.27,360.69,19.18,,0.0123,0.0195,madgwick
1784237552.6830199,17.218,6,655.4,343.23,648.27,360.69,18.86,,0.0123,0.0195,madgwick
1784237552.6999936,17.235,6,656.7,343.95,648.27,360.69,18.75,,0.0105,0.0191,madgwick
1784237552.717016,17.252,6,658.0,344.66,648.27,360.69,18.75,,0.0105,0.0191,madgwick
1784237552.7340126,17.269,6,659.38,345.09,648.27,360.69,19.15,,0.0064,0.0202,madgwick
1784237552.7507205,17.2857,6,660.73,345.52,648.27,360.69,19.63,,0.0064,0.0202,madgwick
1784237552.7669604,17.3019,6,662.05,345.93,648.27,360.69,20.19,,0.0064,0.0202,madgwick
1784237552.784291,17.3193,6,663.62,346.12,648.27,360.69,21.16,,0.0028,0.0227,madgwick
1784237552.8012705,17.3363,6,665.16,346.31,648.27,360.69,22.18,,0.0028,0.0227,madgwick
1784237552.8180916,17.3531,6,666.49,346.63,648.27,360.69,23.02,,0.0047,0.0198,madgwick
1784237552.8353689,17.3704,6,667.86,346.96,648.27,360.69,23.93,,0.0047,0.0198,madgwick
1784237552.8522093,17.3872,6,669.11,347.38,648.27,360.69,24.73,,0.0063,0.0185,madgwick
1784237552.8694243,17.4044,6,670.39,347.81,648.27,360.69,25.59,,0.0063,0.0185,madgwick
1784237552.8860497,17.421,6,671.32,348.11,648.27,360.69,26.26,,0.0044,0.0141,madgwick
1784237552.9040933,17.4391,6,672.34,348.43,648.27,360.69,27.02,,0.0044,0.0141,madgwick
1784237552.9218364,17.4568,6,673.08,348.42,648.27,360.69,27.68,,-0.0001,0.0104,madgwick
1784237552.9375026,17.4725,6,673.73,348.42,648.27,360.69,28.26,,-0.0001,0.0104,madgwick
1784237552.9538329,17.4888,6,674.3,348.0,648.27,360.69,28.96,,-0.0064,0.0087,madgwick
1784237552.9707036,17.5057,6,674.88,347.57,648.27,360.69,29.67,,-0.0064,0.0087,madgwick
1784237552.9871783,17.5222,6,675.46,347.15,648.27,360.69,30.37,,-0.0064,0.0087,madgwick
1784237553.0038123,17.5388,6,675.57,346.65,648.27,360.69,30.7,,-0.0076,0.0017,madgwick
1784237553.0198421,17.5548,6,675.67,346.16,648.27,360.69,31.02,,-0.0076,0.0017,madgwick
1784237553.0360315,17.571,6,675.4,345.66,648.27,360.69,31.02,,-0.0078,-0.0042,madgwick
1784237553.052852,17.5878,6,675.12,345.13,648.27,360.69,31.04,,-0.0078,-0.0042,madgwick
1784237553.068974,17.604,6,674.39,344.66,648.27,360.69,30.65,,-0.0074,-0.0114,madgwick
1784237553.0851867,17.6202,6,673.65,344.18,648.27,360.69,30.28,,-0.0074,-0.0114,madgwick
1784237553.1023107,17.6373,6,672.87,343.67,648.27,360.69,29.92,,-0.0074,-0.0114,madgwick
1784237553.1190426,17.654,6,671.47,343.23,648.27,360.69,29.03,,-0.0066,-0.021,madgwick
1784237553.1365936,17.6716,6,669.99,342.77,648.27,360.69,28.16,,-0.0066,-0.021,madgwick
1784237553.1527588,17.6877,6,668.74,342.07,648.27,360.69,27.68,,-0.0109,-0.0193,madgwick
1784237553.16886,17.7038,6,667.5,341.37,648.27,360.69,27.26,,-0.0109,-0.0193,madgwick
1784237553.1855497,17.7205,6,665.94,340.56,648.27,360.69,26.79,,-0.012,-0.0234,madgwick
1784237553.2017894,17.7368,6,664.43,339.78,648.27,360.69,26.42,,-0.012,-0.0234,madgwick
1784237553.218057,17.753,6,662.91,339.0,648.27,360.69,26.17,,-0.012,-0.0234,madgwick
1784237553.2350016,17.77,6,661.35,337.97,648.27,360.69,26.22,,-0.0152,-0.023,madgwick
1784237553.252035,17.787,6,659.78,336.93,648.27,360.69,26.41,,-0.0152,-0.023,madgwick
1784237553.2691667,17.8041,6,658.17,335.79,648.27,360.69,26.8,,-0.0166,-0.0235,madgwick
1784237553.285987,17.821,6,656.59,334.68,648.27,360.69,27.31,,-0.0166,-0.0235,madgwick
1784237553.302634,17.8376,6,654.89,333.79,648.27,360.69,27.71,,-0.0134,-0.0255,madgwick
1784237553.3183944,17.8534,6,653.28,332.94,648.27,360.69,28.2,,-0.0134,-0.0255,madgwick
1784237553.3352628,17.8702,6,651.5,332.33,648.27,360.69,28.54,,-0.009,-0.0264,madgwick
1784237553.3522623,17.8872,6,649.71,331.72,648.27,360.69,29.01,,-0.009,-0.0264,madgwick
1784237553.3694198,17.9044,6,648.42,331.14,648.27,360.69,29.55,,-0.0084,-0.0187,madgwick
1784237553.3852596,17.9202,6,647.24,330.6,648.27,360.69,30.1,,-0.0084,-0.0187,madgwick
1784237553.4027205,17.9377,6,645.93,330.01,648.27,360.69,30.77,,-0.0084,-0.0187,madgwick
1784237553.4189227,17.9539,6,644.68,329.8,648.27,360.69,31.1,,-0.0033,-0.0193,madgwick
1784237553.4362586,17.9712,6,643.34,329.58,648.27,360.69,31.5,,-0.0033,-0.0193,madgwick
1784237553.453165,17.9881,6,642.23,329.83,648.27,360.69,31.45,,0.0037,-0.0164,madgwick
1784237553.469884,18.0049,6,641.13,330.08,648.27,360.69,31.43,,0.0037,-0.0164,madgwick
1784237553.4873874,18.0224,6,640.34,330.52,648.27,360.69,31.19,,0.0064,-0.0113,madgwick
1784237553.503127,18.0381,6,639.63,330.92,648.27,360.69,31.0,,0.0064,-0.0113,madgwick
1784237553.5204268,18.0554,6,638.85,331.36,648.27,360.69,30.8,,0.0064,-0.0113,madgwick
1784237553.5370219,18.072,6,638.36,331.92,648.27,360.69,30.43,,0.0084,-0.0074,madgwick
1784237553.5540485,18.089,6,637.86,332.49,648.27,360.69,30.06,,0.0084,-0.0074,madgwick
1784237553.5709023,18.1059,6,637.59,333.1,648.27,360.69,29.58,,0.0091,-0.0039,madgwick
1784237553.5874517,18.1224,6,637.33,333.7,648.27,360.69,29.12,,0.0091,-0.0039,madgwick
1784237553.6044464,18.1394,6,637.35,334.18,648.27,360.69,28.67,,0.007,0.0003,madgwick
1784237553.6207824,18.1558,6,637.37,334.63,648.27,360.69,28.25,,0.007,0.0003,madgwick
1784237553.6369371,18.1719,6,637.65,335.19,648.27,360.69,27.63,,0.0086,0.0042,madgwick
1784237553.653636,18.1886,6,637.93,335.76,648.27,360.69,26.99,,0.0086,0.0042,madgwick
1784237553.6699646,18.2049,6,638.21,336.32,648.27,360.69,26.36,,0.0086,0.0042,madgwick
1784237553.686389,18.2214,6,638.78,336.91,648.27,360.69,25.61,,0.0089,0.0087,madgwick
1784237553.7031908,18.2382,6,639.36,337.51,648.27,360.69,24.84,,0.0089,0.0087,madgwick
1784237553.720366,18.2553,6,639.85,338.19,648.27,360.69,24.02,,0.01,0.007,madgwick
1784237553.737895,18.2729,6,640.34,338.89,648.27,360.69,23.2,,0.01,0.007,madgwick
1784237553.754989,18.29,6,641.19,339.43,648.27,360.69,22.41,,0.0078,0.0124,madgwick
1784237553.7722263,18.3072,6,642.05,339.97,648.27,360.69,21.64,,0.0078,0.0124,madgwick
1784237553.789572,18.3246,6,642.7,340.78,648.27,360.69,20.68,,0.0116,0.0094,madgwick
1784237553.8058383,18.3408,6,643.32,341.53,648.27,360.69,19.79,,0.0116,0.0094,madgwick
1784237553.8217723,18.3568,6,643.92,342.28,648.27,360.69,18.92,,0.0116,0.0094,madgwick
1784237553.8380926,18.3731,6,644.36,343.16,648.27,360.69,17.96,,0.0136,0.0068,madgwick
1784237553.8547702,18.3898,6,644.82,344.07,648.27,360.69,16.98,,0.0136,0.0068,madgwick
1784237553.8706295,18.4056,6,645.45,344.88,648.27,360.69,16.06,,0.0128,0.0099,madgwick
1784237553.887386,18.4224,6,646.12,345.73,648.27,360.69,15.11,,0.0128,0.0099,madgwick
1784237553.9040313,18.439,6,646.59,346.88,648.27,360.69,13.91,,0.0172,0.0071,madgwick
1784237553.921047,18.456,6,647.08,348.05,648.27,360.69,12.69,,0.0172,0.0071,madgwick
1784237553.9378357,18.4728,6,647.45,349.56,648.27,360.69,11.16,,0.0225,0.0056,madgwick
1784237553.9539762,18.489,6,647.81,351.02,648.27,360.69,9.69,,0.0225,0.0056,madgwick
1784237553.9694998,18.5045,6,648.04,352.6,648.27,360.69,8.1,,0.0254,0.0037,madgwick
1784237553.9851315,18.5201,6,648.27,354.19,648.27,360.69,6.51,,0.0254,0.0037,madgwick
1784237554.0024884,18.5375,6,648.75,355.78,648.27,360.69,4.93,,0.023,0.0069,madgwick
1784237554.0192187,18.5542,6,649.21,357.32,648.27,360.69,3.5,,0.023,0.0069,madgwick
1784237554.0358274,18.5708,6,649.67,358.85,648.27,360.69,2.31,,0.023,0.0069,madgwick
1784237554.051301,18.5863,6,649.96,360.09,648.27,360.69,1.79,,0.0199,0.0047,madgwick
1784237554.068237,18.6032,6,650.28,361.43,648.27,360.69,2.14,,0.0199,0.0047,madgwick
1784237554.0852535,18.6202,6,650.81,362.56,648.27,360.69,3.16,,0.0166,0.0079,madgwick
1784237554.102003,18.637,6,651.34,363.68,648.27,360.69,4.28,,0.0166,0.0079,madgwick
1784237554.1188834,18.6539,6,651.88,364.8,648.27,360.69,5.46,,0.0166,0.0079,madgwick
1784237554.13619,18.6712,6,652.29,366.14,648.27,360.69,6.77,,0.0194,0.0059,madgwick
1784237554.1529822,18.688,6,652.69,367.44,648.27,360.69,8.07,,0.0194,0.0059,madgwick
1784237554.1706228,18.7056,6,653.29,368.61,648.27,360.69,9.38,,0.0166,0.0086,madgwick
1784237554.1866949,18.7217,6,653.85,369.68,648.27,360.69,10.58,,0.0166,0.0086,madgwick
1784237554.2022424,18.7372,6,654.18,370.66,648.27,360.69,11.59,,0.0158,0.0055,madgwick
1784237554.2198312,18.7548,6,654.57,371.77,648.27,360.69,12.75,,0.0158,0.0055,madgwick
1784237554.2358851,18.7709,6,655.14,372.55,648.27,360.69,13.71,,0.0121,0.0089,madgwick
1784237554.2519298,18.7869,6,655.71,373.33,648.27,360.69,14.66,,0.0121,0.0089,madgwick
1784237554.268818,18.8038,6,656.31,374.15,648.27,360.69,15.67,,0.0121,0.0089,madgwick
1784237554.284528,18.8195,6,656.81,374.62,648.27,360.69,16.34,,0.0075,0.008,madgwick
1784237554.3010244,18.836,6,657.34,375.11,648.27,360.69,17.04,,0.0075,0.008,madgwick
1784237554.3180664,18.853,6,657.68,375.8,648.27,360.69,17.8,,0.0101,0.0051,madgwick
1784237554.335299,18.8703,6,658.03,376.5,648.27,360.69,18.58,,0.0101,0.0051,madgwick
1784237554.352023,18.887,6,658.16,377.28,648.27,360.69,19.32,,0.0117,0.002,madgwick
1784237554.3695996,18.9046,6,658.3,378.1,648.27,360.69,20.1,,0.0117,0.002,madgwick
1784237554.3853512,18.9203,7,658.22,378.77,359.49,474.94,313.83,TARGET_HIT,0.0105,-0.0014,madgwick
1784237554.402115,18.9371,7,658.12,379.47,359.49,474.94,313.52,,0.0105,-0.0014,madgwick
1784237554.4189007,18.9539,7,658.2,380.03,359.49,474.94,313.43,,0.0082,0.0012,madgwick
1784237554.4360511,18.971,7,658.28,380.59,359.49,474.94,313.33,,0.0082,0.0012,madgwick
1784237554.4529338,18.9879,7,658.01,381.2,359.49,474.94,312.89,,0.009,-0.004,madgwick
1784237554.4691875,19.0042,7,657.75,381.78,359.49,474.94,312.47,,0.009,-0.004,madgwick
1784237554.486079,19.0211,7,657.47,382.39,359.49,474.94,312.03,,0.009,-0.004,madgwick
1784237554.5026329,19.0376,7,656.99,382.85,359.49,474.94,311.43,,0.007,-0.0073,madgwick
1784237554.5194666,19.0544,7,656.5,383.32,359.49,474.94,310.82,,0.007,-0.0073,madgwick
1784237554.5350134,19.07,7,656.24,383.59,359.49,474.94,310.5,,0.0043,-0.0041,madgwick
1784237554.5529532,19.0879,7,655.95,383.89,359.49,474.94,310.12,,0.0043,-0.0041,madgwick
1784237554.5684955,19.1035,7,655.42,384.26,359.49,474.94,309.51,,0.0059,-0.0085,madgwick
1784237554.584935,19.1199,7,654.86,384.64,359.49,474.94,308.87,,0.0059,-0.0085,madgwick
1784237554.6009212,19.1359,7,654.51,384.99,359.49,474.94,308.43,,0.0054,-0.0054,madgwick
1784237554.616586,19.1516,7,654.18,385.33,359.49,474.94,308.01,,0.0054,-0.0054,madgwick
1784237554.6327865,19.1678,7,653.83,385.68,359.49,474.94,307.58,,0.0054,-0.0054,madgwick
1784237554.6482985,19.1833,7,653.56,385.83,359.49,474.94,307.28,,0.0024,-0.0043,madgwick
1784237554.6652434,19.2002,7,653.27,385.99,359.49,474.94,306.95,,0.0024,-0.0043,madgwick
1784237554.68209,19.2171,7,652.74,385.82,359.49,474.94,306.49,,-0.0025,-0.0078,madgwick
1784237554.6998093,19.2348,7,652.19,385.65,359.49,474.94,306.02,,-0.0025,-0.0078,madgwick
1784237554.7152689,19.2503,7,651.32,385.12,359.49,474.94,305.35,,-0.0085,-0.014,madgwick
1784237554.7321115,19.2671,7,650.38,384.55,359.49,474.94,304.62,,-0.0085,-0.014,madgwick
1784237554.7487895,19.2838,7,649.45,383.98,359.49,474.94,303.9,,-0.0085,-0.014,madgwick
1784237554.7650838,19.3001,7,648.02,382.88,359.49,474.94,302.86,,-0.0169,-0.022,madgwick
1784237554.782269,19.3173,7,646.51,381.72,359.49,474.94,301.78,,-0.0169,-0.022,madgwick
1784237554.7988107,19.3338,7,644.3,380.51,359.49,474.94,300.06,,-0.0183,-0.0334,madgwick
1784237554.8150308,19.35,7,642.13,379.32,359.49,474.94,298.38,,-0.0183,-0.0334,madgwick
1784237554.8325307,19.3675,7,639.34,378.08,359.49,474.94,296.14,,-0.0178,-0.0398,madgwick
1784237554.8486943,19.3837,7,636.77,376.93,359.49,474.94,294.09,,-0.0178,-0.0398,madgwick
1784237554.865268,19.4002,7,634.13,375.75,359.49,474.94,292.01,,-0.0178,-0.0398,madgwick
1784237554.8822272,19.4172,7,631.04,374.68,359.49,474.94,289.46,,-0.0156,-0.0456,madgwick
1784237554.899247,19.4342,7,627.93,373.62,359.49,474.94,286.93,,-0.0156,-0.0456,madgwick
1784237554.9157772,19.4508,7,624.68,372.75,359.49,474.94,284.2,,-0.0131,-0.0491,madgwick
1784237554.9317913,19.4668,7,621.54,371.91,359.49,474.94,281.58,,-0.0131,-0.0491,madgwick
1784237554.9479809,19.483,7,618.22,371.06,359.49,474.94,278.81,,-0.013,-0.0512,madgwick
1784237554.964862,19.4998,7,614.77,370.18,359.49,474.94,275.94,,-0.013,-0.0512,madgwick
1784237554.9808257,19.5158,7,611.5,369.35,359.49,474.94,273.24,,-0.013,-0.0512,madgwick
1784237554.9970598,19.532,7,608.1,368.82,359.49,474.94,270.32,,-0.0082,-0.0523,madgwick
1784237555.0141232,19.5491,7,604.53,368.26,359.49,474.94,267.26,,-0.0082,-0.0523,madgwick
1784237555.0308754,19.5659,7,601.06,368.12,359.49,474.94,264.14,,-0.0021,-0.0518,madgwick
1784237555.0471034,19.5821,7,597.7,367.99,359.49,474.94,261.12,,-0.0021,-0.0518,madgwick
1784237555.0636866,19.5987,7,594.26,367.85,359.49,474.94,258.04,,-0.0021,-0.0518,madgwick
1784237555.0800955,19.6151,7,591.07,368.23,359.49,474.94,254.99,,0.0057,-0.0486,madgwick
1784237555.0969806,19.632,7,587.79,368.62,359.49,474.94,251.85,,0.0057,-0.0486,madgwick
1784237555.1141875,19.6492,7,584.44,369.01,359.49,474.94,248.65,,0.0057,-0.0486,madgwick
1784237555.1307223,19.6657,7,581.23,369.39,359.49,474.94,245.58,,0.0057,-0.0486,madgwick
1784237555.1463575,19.6813,7,578.19,369.75,359.49,474.94,242.68,,0.0057,-0.0486,madgwick
1784237555.164004,19.699,7,574.38,370.2,359.49,474.94,239.06,,0.0064,-0.054,madgwick
1784237555.181678,19.7167,7,570.57,370.66,359.49,474.94,235.43,,0.0064,-0.054,madgwick
1784237555.1971853,19.7322,7,567.22,371.06,359.49,474.94,232.26,,0.0064,-0.054,madgwick
1784237555.2142239,19.7492,7,563.54,371.5,359.49,474.94,228.78,,0.0064,-0.054,madgwick
1784237555.2309299,19.7659,7,559.94,371.93,359.49,474.94,225.37,,0.0064,-0.054,madgwick
1784237555.2475035,19.7825,7,556.36,372.36,359.49,474.94,222.0,,0.0064,-0.054,madgwick
1784237555.2647998,19.7998,7,552.29,372.97,359.49,474.94,218.11,,0.0089,-0.0588,madgwick
1784237555.2812312,19.8162,7,548.43,373.56,359.49,474.94,214.43,,0.0089,-0.0588,madgwick
1784237555.2981446,19.8331,7,544.45,374.16,359.49,474.94,210.64,,0.0089,-0.0588,madgwick
1784237555.315638,19.8506,7,540.25,374.88,359.49,474.94,206.61,,0.0104,-0.06,madgwick
1784237555.331783,19.8668,7,536.38,375.55,359.49,474.94,202.9,,0.0104,-0.06,madgwick
1784237555.3475318,19.8825,7,532.59,376.21,359.49,474.94,199.28,,0.0104,-0.06,madgwick
1784237555.364056,19.899,7,528.63,376.89,359.49,474.94,195.5,,0.0104,-0.06,madgwick
1784237555.3813984,19.9164,7,524.46,377.61,359.49,474.94,191.54,,0.0104,-0.06,madgwick
1784237555.3983405,19.9333,7,520.32,378.47,359.49,474.94,187.54,,0.0127,-0.0612,madgwick
1784237555.414927,19.9499,7,516.26,379.32,359.49,474.94,183.63,,0.0127,-0.0612,madgwick
1784237555.4316988,19.9667,7,512.15,380.17,359.49,474.94,179.69,,0.0127,-0.0612,madgwick
1784237555.4479032,19.9829,7,508.18,380.99,359.49,474.94,175.89,,0.0127,-0.0612,madgwick
1784237555.465555,20.0005,7,503.86,381.89,359.49,474.94,171.76,,0.0127,-0.0612,madgwick
1784237555.4813488,20.0163,7,500.0,382.7,359.49,474.94,168.08,,0.0127,-0.0612,madgwick
1784237555.4974108,20.0324,7,496.03,383.72,359.49,474.94,164.21,,0.0159,-0.0617,madgwick
1784237555.5139894,20.049,7,491.94,384.77,359.49,474.94,160.23,,0.0159,-0.0617,madgwick
1784237555.5312033,20.0662,7,487.7,385.87,359.49,474.94,156.11,,0.0159,-0.0617,madgwick
1784237555.5479314,20.0829,7,483.57,386.93,359.49,474.94,152.12,,0.0159,-0.0617,madgwick
1784237555.5646033,20.0996,7,479.45,387.99,359.49,474.94,148.16,,0.0159,-0.0617,madgwick
1784237555.580699,20.1157,7,475.48,389.02,359.49,474.94,144.35,,0.0159,-0.0617,madgwick
1784237555.59701,20.132,7,471.47,390.45,359.49,474.94,140.28,,0.0219,-0.0614,madgwick
1784237555.6138847,20.1489,7,467.32,391.93,359.49,474.94,136.08,,0.0219,-0.0614,madgwick
1784237555.630095,20.1651,7,463.34,393.35,359.49,474.94,132.07,,0.0219,-0.0614,madgwick
1784237555.6472685,20.1823,7,459.47,395.23,359.49,474.94,127.87,,0.0273,-0.0564,madgwick
1784237555.664019,20.199,7,455.69,397.06,359.49,474.94,123.78,,0.0273,-0.0564,madgwick
1784237555.6811574,20.2161,7,451.83,398.93,359.49,474.94,119.6,,0.0273,-0.0564,madgwick
1784237555.6979642,20.2329,7,448.04,400.76,359.49,474.94,115.51,,0.0273,-0.0564,madgwick
1784237555.7150016,20.25,7,444.2,402.62,359.49,474.94,111.38,,0.0273,-0.0564,madgwick
1784237555.7324708,20.2675,7,440.36,404.95,359.49,474.94,106.95,,0.0334,-0.055,madgwick
1784237555.7482245,20.2832,7,436.89,407.05,359.49,474.94,102.96,,0.0334,-0.055,madgwick
1784237555.7653954,20.3004,7,433.12,409.34,359.49,474.94,98.61,,0.0334,-0.055,madgwick
1784237555.782165,20.3171,7,429.43,411.58,359.49,474.94,94.37,,0.0334,-0.055,madgwick
1784237555.7993011,20.3343,7,425.66,413.87,359.49,474.94,90.05,,0.0334,-0.055,madgwick
1784237555.8159869,20.351,7,421.99,416.09,359.49,474.94,85.85,,0.0334,-0.055,madgwick
1784237555.8333442,20.3683,7,418.61,418.57,359.49,474.94,81.69,,0.0357,-0.0487,madgwick
1784237555.849453,20.3844,7,415.47,420.87,359.49,474.94,77.83,,0.0357,-0.0487,madgwick
1784237555.865978,20.401,7,412.51,423.32,359.49,474.94,74.0,,0.0371,-0.0448,madgwick
1784237555.8816297,20.4166,7,409.71,425.65,359.49,474.94,70.37,,0.0371,-0.0448,madgwick
1784237555.8973663,20.4323,7,406.89,427.99,359.49,474.94,66.72,,0.0371,-0.0448,madgwick
1784237555.9139996,20.449,7,403.92,430.46,359.49,474.94,62.87,,0.0371,-0.0448,madgwick
1784237555.9304357,20.4654,7,400.97,432.9,359.49,474.94,59.06,,0.0371,-0.0448,madgwick
1784237555.9470086,20.482,7,398.27,435.46,359.49,474.94,55.34,,0.0386,-0.0407,madgwick
1784237555.9634438,20.4984,7,395.59,437.99,359.49,474.94,51.66,,0.0386,-0.0407,madgwick
1784237555.980092,20.5151,7,392.88,440.56,359.49,474.94,47.92,,0.0386,-0.0407,madgwick
1784237555.9965496,20.5315,7,390.2,443.1,359.49,474.94,44.23,,0.0386,-0.0407,madgwick
1784237556.013153,20.5481,7,387.49,445.66,359.49,474.94,40.51,,0.0386,-0.0407,madgwick
1784237556.029916,20.5649,7,384.76,448.25,359.49,474.94,36.75,,0.0386,-0.0407,madgwick
1784237556.0465534,20.5815,7,382.5,450.55,359.49,474.94,33.53,,0.0345,-0.034,madgwick
1784237556.063551,20.5985,7,380.19,452.89,359.49,474.94,30.24,,0.0345,-0.034,madgwick
1784237556.0793228,20.6143,7,378.04,455.07,359.49,474.94,27.18,,0.0345,-0.034,madgwick
1784237556.0963721,20.6314,7,376.03,457.36,359.49,474.94,24.14,,0.0336,-0.0294,madgwick
1784237556.1123686,20.6474,7,374.15,459.51,359.49,474.94,21.29,,0.0336,-0.0294,madgwick
1784237556.1294072,20.6644,7,372.14,461.8,359.49,474.94,18.24,,0.0336,-0.0294,madgwick
1784237556.146357,20.6813,7,370.15,464.07,359.49,474.94,15.22,,0.0336,-0.0294,madgwick
1784237556.1627786,20.6978,7,368.22,466.28,359.49,474.94,12.29,,0.0336,-0.0294,madgwick
1784237556.1788726,20.7139,7,366.54,468.45,359.49,474.94,9.58,,0.0337,-0.026,madgwick
1784237556.1954517,20.7304,7,364.82,470.68,359.49,474.94,6.82,,0.0337,-0.026,madgwick
1784237556.2129672,20.7479,7,363.0,473.04,359.49,474.94,3.99,,0.0337,-0.026,madgwick
1784237556.229633,20.7646,7,361.27,475.29,359.49,474.94,1.81,,0.0337,-0.026,madgwick
1784237556.2462077,20.7812,7,359.54,477.52,359.49,474.94,2.59,,0.0337,-0.026,madgwick
1784237556.263134,20.7981,7,357.78,479.81,359.49,474.94,5.16,,0.0337,-0.026,madgwick
1784237556.280006,20.815,7,356.26,481.98,359.49,474.94,7.75,,0.0322,-0.0226,madgwick
1784237556.2976909,20.8327,7,354.66,484.26,359.49,474.94,10.5,,0.0322,-0.0226,madgwick
1784237556.3131647,20.8481,7,353.26,486.26,359.49,474.94,12.92,,0.0322,-0.0226,madgwick
1784237556.3301866,20.8652,7,352.07,488.34,359.49,474.94,15.32,,0.0306,-0.0175,madgwick
1784237556.3468654,20.8818,7,350.9,490.38,359.49,474.94,17.67,,0.0306,-0.0175,madgwick
1784237556.3625152,20.8975,7,349.81,492.29,359.49,474.94,19.87,,0.0306,-0.0175,madgwick
1784237556.378272,20.9133,7,348.71,494.22,359.49,474.94,22.09,,0.0306,-0.0175,madgwick
1784237556.3954303,20.9304,7,347.51,496.32,359.49,474.94,24.51,,0.0306,-0.0175,madgwick
1784237556.4119334,20.9469,7,346.68,498.12,359.49,474.94,26.49,,0.0273,-0.0126,madgwick
1784237556.429289,20.9643,7,345.8,500.01,359.49,474.94,28.57,,0.0273,-0.0126,madgwick
1784237556.446237,20.9812,7,344.95,501.86,359.49,474.94,30.6,,0.0273,-0.0126,madgwick
1784237556.464309,20.9993,7,344.04,503.83,359.49,474.94,32.77,,0.0273,-0.0126,madgwick
1784237556.4810534,21.016,7,343.2,505.66,359.49,474.94,34.78,,0.0273,-0.0126,madgwick
1784237556.4975004,21.0325,7,342.37,507.45,359.49,474.94,36.75,,0.0273,-0.0126,madgwick
1784237556.5131996,21.0482,7,341.83,508.96,359.49,474.94,38.33,,0.024,-0.0085,madgwick
1784237556.5305524,21.0655,7,341.24,510.62,359.49,474.94,40.08,,0.024,-0.0085,madgwick
1784237556.5463436,21.0813,7,340.96,511.95,359.49,474.94,41.39,,0.0211,-0.0045,madgwick
1784237556.5621078,21.0971,7,340.68,513.28,359.49,474.94,42.71,,0.0211,-0.0045,madgwick
1784237556.5790267,21.114,7,340.38,514.71,359.49,474.94,44.12,,0.0211,-0.0045,madgwick
1784237556.5961943,21.1312,7,340.07,516.15,359.49,474.94,45.56,,0.0211,-0.0045,madgwick
1784237556.613285,21.1483,7,339.77,517.59,359.49,474.94,47.0,,0.0211,-0.0045,madgwick
1784237556.6295152,21.1645,7,339.73,518.88,359.49,474.94,48.18,,0.0198,-0.0006,madgwick
1784237556.6452706,21.1803,7,339.69,520.12,359.49,474.94,49.33,,0.0198,-0.0006,madgwick
1784237556.6620858,21.1971,7,339.65,521.45,359.49,474.94,50.57,,0.0198,-0.0006,madgwick
1784237556.6789699,21.214,7,339.61,522.79,359.49,474.94,51.81,,0.0198,-0.0006,madgwick
1784237556.6964698,21.2315,7,339.57,524.17,359.49,474.94,53.11,,0.0198,-0.0006,madgwick
1784237556.7122126,21.2472,7,339.76,525.32,359.49,474.94,54.11,,0.0183,0.0029,madgwick
1784237556.729296,21.2643,7,339.96,526.57,359.49,474.94,55.21,,0.0183,0.0029,madgwick
1784237556.7461507,21.2811,7,340.42,527.7,359.49,474.94,56.1,,0.0167,0.0069,madgwick
1784237556.764264,21.2992,7,340.92,528.9,359.49,474.94,57.07,,0.0167,0.0069,madgwick
1784237556.7810757,21.3161,7,341.38,530.03,359.49,474.94,57.99,,0.0167,0.0069,madgwick
1784237556.7983468,21.3333,7,341.86,531.18,359.49,474.94,58.94,,0.0167,0.0069,madgwick
1784237556.814188,21.3492,7,342.3,532.24,359.49,474.94,59.82,,0.0167,0.0069,madgwick
1784237556.8310416,21.366,7,342.93,533.15,359.49,474.94,60.52,,0.0136,0.0094,madgwick
1784237556.8477244,21.3827,7,343.55,534.05,359.49,474.94,61.23,,0.0136,0.0094,madgwick
1784237556.8640964,21.3991,7,344.17,534.94,359.49,474.94,61.93,,0.0136,0.0094,madgwick
1784237556.8816082,21.4166,7,344.83,535.89,359.49,474.94,62.69,,0.0136,0.0094,madgwick
1784237556.8976722,21.4327,7,345.43,536.76,359.49,474.94,63.4,,0.0136,0.0094,madgwick
1784237556.9133341,21.4483,7,346.05,537.49,359.49,474.94,63.98,,0.0116,0.0099,madgwick
1784237556.9293642,21.4643,7,346.68,538.23,359.49,474.94,64.58,,0.0116,0.0099,madgwick
1784237556.9450362,21.48,7,347.3,538.96,359.49,474.94,65.17,,0.0116,0.0099,madgwick
1784237556.9619384,21.4969,7,348.17,539.41,359.49,474.94,65.46,,0.0067,0.0128,madgwick
1784237556.9782887,21.5133,7,349.01,539.85,359.49,474.94,65.76,,0.0067,0.0128,madgwick
1784237556.9961107,21.5311,7,349.92,540.33,359.49,474.94,66.09,,0.0067,0.0128,madgwick
1784237557.0126414,21.5476,7,350.77,540.78,359.49,474.94,66.42,,0.0067,0.0128,madgwick
1784237557.0282016,21.5632,7,351.57,541.2,359.49,474.94,66.73,,0.0067,0.0128,madgwick
1784237557.0451887,21.5802,7,352.5,541.34,359.49,474.94,66.77,,0.0021,0.0136,madgwick
1784237557.0620236,21.597,7,353.42,541.48,359.49,474.94,66.82,,0.0021,0.0136,madgwick
1784237557.07915,21.6141,7,354.35,541.62,359.49,474.94,66.88,,0.0021,0.0136,madgwick
1784237557.096636,21.6316,7,355.3,541.77,359.49,474.94,66.96,,0.0021,0.0136,madgwick
1784237557.1127937,21.6478,7,356.19,541.9,359.49,474.94,67.05,,0.0021,0.0136,madgwick
1784237557.129079,21.6641,7,357.1,541.76,359.49,474.94,66.86,,-0.0023,0.0141,madgwick
1784237557.1460814,21.6811,7,358.06,541.6,359.49,474.94,66.68,,-0.0023,0.0141,madgwick
1784237557.1632297,21.6982,7,358.94,541.13,359.49,474.94,66.2,,-0.0069,0.0128,madgwick
1784237557.1799574,21.7149,7,359.79,540.67,359.49,474.94,65.73,,-0.0069,0.0128,madgwick
1784237557.196736,21.7317,7,360.65,540.21,359.49,474.94,65.28,,-0.0069,0.0128,madgwick
1784237557.2126935,21.7477,7,361.47,539.77,359.49,474.94,64.86,,-0.0069,0.0128,madgwick
1784237557.2289703,21.764,7,362.28,539.09,359.49,474.94,64.22,,-0.0104,0.0125,madgwick
1784237557.245791,21.7808,7,363.12,538.39,359.49,474.94,63.56,,-0.0104,0.0125,madgwick
1784237557.2620862,21.7971,7,363.94,537.72,359.49,474.94,62.94,,-0.0104,0.0125,madgwick
1784237557.2789748,21.814,7,364.74,536.77,359.49,474.94,62.06,,-0.014,0.0119,madgwick
1784237557.2960129,21.831,7,365.56,535.82,359.49,474.94,61.19,,-0.014,0.0119,madgwick
1784237557.3139558,21.8489,7,366.41,534.82,359.49,474.94,60.28,,-0.014,0.0119,madgwick
1784237557.3313048,21.8663,7,367.24,533.85,359.49,474.94,59.42,,-0.014,0.0119,madgwick
1784237557.3480325,21.883,7,368.03,532.91,359.49,474.94,58.6,,-0.014,0.0119,madgwick
1784237557.3647914,21.8998,7,368.89,531.82,359.49,474.94,57.66,,-0.0162,0.0127,madgwick
1784237557.3813155,21.9163,7,369.73,530.75,359.49,474.94,56.74,,-0.0162,0.0127,madgwick
1784237557.3973532,21.9323,7,370.46,529.52,359.49,474.94,55.68,,-0.0191,0.0115,madgwick
1784237557.413999,21.949,7,371.23,528.25,359.49,474.94,54.59,,-0.0191,0.0115,madgwick
1784237557.4310374,21.966,7,372.09,526.77,359.49,474.94,53.34,,-0.0217,0.0127,madgwick
1784237557.4480052,21.983,7,372.95,525.3,359.49,474.94,52.13,,-0.0217,0.0127,madgwick
1784237557.465179,22.0002,7,373.82,523.81,359.49,474.94,50.93,,-0.0217,0.0127,madgwick
1784237557.4823198,22.0173,7,374.36,522.3,359.49,474.94,49.64,,-0.022,0.0079,madgwick
1784237557.4996018,22.0346,7,374.5,520.79,359.49,474.94,48.25,,-0.0219,0.002,madgwick
1784237557.515718,22.0507,7,374.63,519.37,359.49,474.94,46.95,,-0.0219,0.002,madgwick
1784237557.5319428,22.0669,7,374.77,517.95,359.49,474.94,45.65,,-0.0219,0.002,madgwick
1784237557.5489204,22.0839,7,374.91,516.3,359.49,474.94,44.15,,-0.0243,0.0022,madgwick
1784237557.566538,22.1015,7,375.07,514.59,359.49,474.94,42.61,,-0.0243,0.0022,madgwick
1784237557.583919,22.1189,7,374.7,513.09,359.49,474.94,41.07,,-0.0216,-0.0053,madgwick
1784237557.6002495,22.1352,7,374.35,511.67,359.49,474.94,39.63,,-0.0216,-0.0053,madgwick
1784237557.6169407,22.1519,7,374.0,510.23,359.49,474.94,38.16,,-0.0216,-0.0053,madgwick
1784237557.6330438,22.168,7,373.37,508.95,359.49,474.94,36.74,,-0.0199,-0.0097,madgwick
1784237557.6501803,22.1852,7,372.71,507.58,359.49,474.94,35.22,,-0.0199,-0.0097,madgwick
1784237557.66731,22.2023,7,372.31,505.89,359.49,474.94,33.5,,-0.0248,-0.0058,madgwick
1784237557.684036,22.219,7,371.92,504.23,359.49,474.94,31.82,,-0.0248,-0.0058,madgwick
1784237557.700627,22.2356,7,371.19,502.76,359.49,474.94,30.19,,-0.0221,-0.011,madgwick
1784237557.7167776,22.2518,7,370.48,501.34,359.49,474.94,28.6,,-0.0221,-0.011,madgwick
1784237557.7329416,22.2679,7,369.76,499.91,359.49,474.94,27.01,,-0.0221,-0.011,madgwick
1784237557.7496698,22.2847,7,369.08,498.34,359.49,474.94,25.3,,-0.0235,-0.0102,madgwick
1784237557.7659295,22.3009,7,368.41,496.82,359.49,474.94,23.63,,-0.0235,-0.0102,madgwick
1784237557.782836,22.3178,7,367.94,495.1,359.49,474.94,21.86,,-0.0254,-0.007,madgwick
1784237557.7987912,22.3338,7,367.49,493.47,359.49,474.94,20.19,,-0.0254,-0.007,madgwick
1784237557.814508,22.3495,7,367.05,491.87,359.49,474.94,18.55,,-0.0254,-0.007,madgwick
1784237557.8314981,22.3665,7,366.49,490.24,359.49,474.94,16.83,,-0.0241,-0.0081,madgwick
1784237557.8479316,22.3829,7,365.96,488.66,359.49,474.94,15.17,,-0.0241,-0.0081,madgwick
1784237557.865269,22.4003,7,365.81,486.93,359.49,474.94,13.56,,-0.0249,-0.0021,madgwick
1784237557.882016,22.417,7,365.67,485.26,359.49,474.94,12.04,,-0.0249,-0.0021,madgwick
1784237557.8991208,22.4341,7,365.52,483.56,359.49,474.94,10.52,,-0.0249,-0.0021,madgwick
1784237557.9162784,22.4513,7,365.25,482.24,359.49,474.94,9.31,,-0.0192,-0.004,madgwick
1784237557.9342005,22.4692,7,364.97,480.86,359.49,474.94,8.07,,-0.0192,-0.004,madgwick
1784237557.951613,22.4866,7,365.11,479.68,359.49,474.94,7.36,,-0.0169,0.0021,madgwick
1784237557.9681978,22.5032,7,365.25,478.56,359.49,474.94,6.81,,-0.0169,0.0021,madgwick
1784237557.9846377,22.5196,7,365.32,477.75,359.49,474.94,6.48,,-0.0123,0.0011,madgwick
1784237558.0007534,22.5357,7,365.4,476.95,359.49,474.94,6.25,,-0.0123,0.0011,madgwick
1784237558.0162385,22.5512,7,365.47,476.19,359.49,474.94,6.11,,-0.0123,0.0011,madgwick
1784237558.0327766,22.5678,7,365.74,475.47,359.49,474.94,6.27,,-0.0108,0.0041,madgwick
1784237558.0490527,22.584,7,366.0,474.77,359.49,474.94,6.52,,-0.0108,0.0041,madgwick
1784237558.0661407,22.6011,7,366.17,474.21,359.49,474.94,6.72,,-0.0082,0.0025,madgwick
1784237558.0828965,22.6179,7,366.33,473.66,359.49,474.94,6.97,,-0.0082,0.0025,madgwick
1784237558.100272,22.6353,7,366.51,473.09,359.49,474.94,7.26,,-0.0082,0.0025,madgwick
1784237558.1177244,22.6527,7,366.8,472.55,359.49,474.94,7.7,,-0.0077,0.0043,madgwick
1784237558.1340837,22.6691,7,367.08,472.05,359.49,474.94,8.13,,-0.0077,0.0043,madgwick
1784237558.1512554,22.6862,7,367.15,471.56,359.49,474.94,8.37,,-0.0071,0.001,madgwick
1784237558.167795,22.7028,7,367.21,471.09,359.49,474.94,8.63,,-0.0071,0.001,madgwick
1784237558.1838222,22.7188,7,367.26,470.85,359.49,474.94,8.78,,-0.0038,0.0007,madgwick
1784237558.2004101,22.7354,7,367.31,470.59,359.49,474.94,8.95,,-0.0038,0.0007,madgwick
1784237558.2174544,22.7524,7,367.36,470.33,359.49,474.94,9.12,,-0.0038,0.0007,madgwick
1784237558.2341504,22.7691,7,367.55,469.99,359.49,474.94,9.45,,-0.005,0.0029,madgwick
1784237558.2512977,22.7863,7,367.74,469.65,359.49,474.94,9.8,,-0.005,0.0029,madgwick
1784237558.2682087,22.8032,7,367.67,469.4,359.49,474.94,9.88,,-0.0037,-0.0011,madgwick
1784237558.2848039,22.8198,7,367.59,469.16,359.49,474.94,9.96,,-0.0037,-0.0011,madgwick
1784237558.3005226,22.8355,7,367.34,468.99,359.49,474.94,9.85,,-0.0027,-0.0041,madgwick
1784237558.3161306,22.8511,7,367.09,468.82,359.49,474.94,9.75,,-0.0027,-0.0041,madgwick
1784237558.3330827,22.8681,7,366.89,468.45,359.49,474.94,9.85,,-0.0056,-0.0028,madgwick
1784237558.3499637,22.8849,7,366.7,468.07,359.49,474.94,9.96,,-0.0056,-0.0028,madgwick
1784237558.3662884,22.9013,7,366.29,467.87,359.49,474.94,9.81,,-0.003,-0.0063,madgwick
1784237558.3838515,22.9188,8,365.85,467.66,359.49,474.94,9.66,TARGET_HIT,-0.003,-0.0063,madgwick
