timestamp,elapsed_s,target_index,cursor_x,cursor_y,target_x,target_y,distance,hit_event,roll,pitch,filter
1784236872.6893241,0.0048,0,400.0,300.0,102.16,378.07,307.9,,0.0,0.0,naive
1784236872.7034683,0.019,0,400.0,299.98,102.16,378.07,307.91,,-0.0,-0.0003,naive
1784236872.7182271,0.0337,0,400.0,299.97,102.16,378.07,307.91,,-0.0,-0.0003,naive
1784236872.7342849,0.0498,0,399.98,299.84,102.16,378.07,307.92,,-0.0003,-0.002,naive
1784236872.7513096,0.0668,0,399.96,299.71,102.16,378.07,307.93,,-0.0003,-0.002,naive
1784236872.7683327,0.0838,0,399.94,299.57,102.16,378.07,307.95,,-0.0003,-0.002,naive
1784236872.78501,0.1005,0,399.84,299.32,102.16,378.07,307.92,,-0.0014,-0.0038,naive
1784236872.8020456,0.1176,0,399.74,299.05,102.16,378.07,307.89,,-0.0014,-0.0038,naive
1784236872.8191319,0.1346,0,399.66,298.81,102.16,378.07,307.88,,-0.0011,-0.0036,naive
1784236872.8361871,0.1517,0,399.59,298.56,102.16,378.07,307.87,,-0.0011,-0.0036,naive
1784236872.8532379,0.1687,0,399.51,298.31,102.16,378.07,307.86,,-0.0011,-0.0036,naive
1784236872.8703566,0.1859,0,399.38,298.07,102.16,378.07,307.8,,-0.0019,-0.0035,naive
1784236872.886445,0.202,0,399.26,297.85,102.16,378.07,307.74,,-0.0019,-0.0035,naive
1784236872.9032557,0.2188,0,398.96,297.9,102.16,378.07,307.44,,-0.0043,0.0009,naive
1784236872.9195771,0.2351,0,398.68,297.96,102.16,378.07,307.15,,-0.0043,0.0009,naive
1784236872.936009,0.2515,0,398.29,298.08,102.16,378.07,306.75,,-0.0059,0.0018,naive
1784236872.95354,0.269,0,397.88,298.2,102.16,378.07,306.32,,-0.0059,0.0018,naive
1784236872.9695692,0.2851,0,397.63,297.84,102.16,378.07,306.17,,-0.004,-0.0056,naive
1784236872.9858255,0.3013,0,397.37,297.48,102.16,378.07,306.01,,-0.004,-0.0056,naive
1784236873.0024023,0.3179,0,397.49,296.69,102.16,378.07,306.34,,0.0018,-0.012,naive
1784236873.0188496,0.3344,0,397.61,295.9,102.16,378.07,306.66,,0.0018,-0.012,naive
1784236873.03489,0.3504,0,397.72,295.14,102.16,378.07,306.98,,0.0018,-0.012,naive
1784236873.0514078,0.3669,0,398.37,294.56,102.16,378.07,307.76,,0.0098,-0.0087,naive
1784236873.0680275,0.3835,0,399.02,293.98,102.16,378.07,308.54,,0.0098,-0.0087,naive
1784236873.0854282,0.4009,0,399.78,293.53,102.16,378.07,309.39,,0.0109,-0.0065,naive
1784236873.1014335,0.4169,0,400.48,293.12,102.16,378.07,310.18,,0.0109,-0.0065,naive
1784236873.1174548,0.433,0,400.84,292.44,102.16,378.07,310.71,,0.0057,-0.0106,naive
1784236873.1334696,0.449,0,401.21,291.76,102.16,378.07,311.25,,0.0057,-0.0106,naive
1784236873.1499844,0.4655,0,401.58,291.07,102.16,378.07,311.81,,0.0057,-0.0106,naive
1784236873.1675181,0.483,0,401.83,290.15,102.16,378.07,312.31,,0.0036,-0.0131,naive
1784236873.184053,0.4996,0,402.07,289.28,102.16,378.07,312.78,,0.0036,-0.0131,naive
1784236873.2015622,0.5171,0,402.62,288.36,102.16,378.07,313.56,,0.0078,-0.0132,naive
1784236873.2172706,0.5328,0,403.11,287.53,102.16,378.07,314.27,,0.0078,-0.0132,naive
1784236873.2331052,0.5486,0,403.82,286.71,102.16,378.07,315.19,,0.0113,-0.0128,naive
1784236873.2507977,0.5663,0,404.63,285.81,102.16,378.07,316.22,,0.0113,-0.0128,naive
1784236873.2671719,0.5827,0,405.37,284.96,102.16,378.07,317.18,,0.0113,-0.0128,naive
1784236873.2844274,0.5999,0,406.31,284.26,102.16,378.07,318.28,,0.0136,-0.0101,naive
1784236873.3015013,0.617,0,407.24,283.57,102.16,378.07,319.38,,0.0136,-0.0101,naive
1784236873.3175218,0.633,0,408.11,283.12,102.16,378.07,320.35,,0.0136,-0.007,naive
1784236873.3340552,0.6496,0,409.02,282.66,102.16,378.07,321.35,,0.0136,-0.007,naive
1784236873.3512118,0.6667,0,409.9,282.55,102.16,378.07,322.22,,0.0128,-0.0016,naive
1784236873.368416,0.6839,0,410.78,282.44,102.16,378.07,323.1,,0.0128,-0.0016,naive
1784236873.3845124,0.7,0,411.43,282.81,102.16,378.07,323.61,,0.0102,0.0057,naive
1784236873.4005435,0.7161,0,412.09,283.17,102.16,378.07,324.13,,0.0102,0.0057,naive
1784236873.4166415,0.7321,0,412.5,283.67,102.16,378.07,324.38,,0.0064,0.0077,naive
1784236873.4331596,0.7487,0,412.93,284.18,102.16,378.07,324.64,,0.0064,0.0077,naive
1784236873.4503074,0.7658,0,413.37,284.71,102.16,378.07,324.91,,0.0064,0.0077,naive
1784236873.467186,0.7827,0,414.59,285.95,102.16,378.07,325.73,,0.0181,0.0185,naive
1784236873.484214,0.7997,0,415.83,287.21,102.16,378.07,326.56,,0.0181,0.0185,naive
1784236873.5019166,0.8174,0,415.94,288.82,102.16,378.07,326.22,,0.0016,0.0228,naive
1784236873.5190547,0.8346,0,416.04,290.38,102.16,378.07,325.9,,0.0016,0.0228,naive
1784236873.5361576,0.8517,0,415.14,292.02,102.16,378.07,324.6,,-0.0132,0.0239,naive
1784236873.5534234,0.8689,0,414.23,293.67,102.16,378.07,323.28,,-0.0132,0.0239,naive
1784236873.5700393,0.8855,0,413.2,295.4,102.16,378.07,321.84,,-0.0155,0.0259,naive
1784236873.587259,0.9028,0,412.14,297.18,102.16,378.07,320.36,,-0.0155,0.0259,naive
1784236873.6051126,0.9206,0,411.01,299.08,102.16,378.07,318.79,,-0.0158,0.0266,naive
1784236873.62326,0.9388,0,409.87,301.02,102.16,378.07,317.21,,-0.0158,0.0266,naive
1784236873.64097,0.9565,0,407.26,302.01,102.16,378.07,314.44,,-0.0368,0.014,naive
1784236873.6585035,0.974,0,404.67,302.99,102.16,378.07,311.69,,-0.0368,0.014,naive
1784236873.675037,0.9905,0,402.24,303.91,102.16,378.07,309.11,,-0.0368,0.014,naive
1784236873.6915543,1.0071,0,398.9,304.62,102.16,378.07,305.69,,-0.0506,0.0107,naive
1784236873.7085798,1.0241,0,395.45,305.36,102.16,378.07,302.17,,-0.0506,0.0107,naive
1784236873.7245965,1.0401,0,392.31,305.88,102.16,378.07,298.99,,-0.0491,0.0082,naive
1784236873.7409558,1.0565,0,389.09,306.41,102.16,378.07,295.75,,-0.0491,0.0082,naive
1784236873.7577152,1.0732,0,385.8,306.96,102.16,378.07,292.42,,-0.0491,0.0082,naive
1784236873.7743506,1.0899,0,382.89,306.74,102.16,378.07,289.65,,-0.0437,-0.0033,naive
1784236873.791183,1.1067,0,379.95,306.52,102.16,378.07,286.85,,-0.0437,-0.0033,naive
1784236873.8080301,1.1235,0,377.17,305.87,102.16,378.07,284.33,,-0.0412,-0.0096,naive
1784236873.824572,1.1401,0,374.45,305.23,102.16,378.07,281.86,,-0.0412,-0.0096,naive
1784236873.8401792,1.1557,0,371.64,304.73,102.16,378.07,279.28,,-0.045,-0.008,naive
1784236873.8567758,1.1723,0,368.66,304.2,102.16,378.07,276.54,,-0.045,-0.008,naive
1784236873.8731627,1.1887,0,365.71,303.68,102.16,378.07,273.85,,-0.045,-0.008,naive
1784236873.8903527,1.2059,0,362.09,303.96,102.16,378.07,270.29,,-0.0526,0.0042,naive
1784236873.9074135,1.2229,0,358.5,304.25,102.16,378.07,266.75,,-0.0526,0.0042,naive
1784236873.924308,1.2398,0,354.84,305.84,102.16,378.07,262.8,,-0.0541,0.0236,naive
1784236873.9414375,1.2569,0,351.13,307.46,102.16,378.07,258.79,,-0.0541,0.0236,naive
1784236873.9572036,1.2727,0,348.04,309.03,102.16,378.07,255.39,,-0.0491,0.025,naive
1784236873.974268,1.2898,0,344.68,310.74,102.16,378.07,251.7,,-0.0491,0.025,naive
1784236873.991208,1.3067,0,341.74,311.78,102.16,378.07,248.59,,-0.0434,0.0154,naive
1784236874.0084634,1.324,0,338.75,312.84,102.16,378.07,245.42,,-0.0434,0.0154,naive
1784236874.0253446,1.3409,0,335.85,314.38,102.16,378.07,242.21,,-0.043,0.0228,naive
1784236874.0423055,1.3578,0,332.93,315.92,102.16,378.07,238.99,,-0.043,0.0228,naive
1784236874.0592067,1.3747,0,330.02,317.46,102.16,378.07,235.79,,-0.043,0.0228,naive
1784236874.076234,1.3917,0,327.03,319.16,102.16,378.07,232.46,,-0.044,0.0249,naive
1784236874.093179,1.4087,0,324.05,320.84,102.16,378.07,229.15,,-0.044,0.0249,naive
1784236874.109853,1.4254,0,321.76,321.71,102.16,378.07,226.71,,-0.0343,0.0131,naive
1784236874.126194,1.4417,0,319.52,322.57,102.16,378.07,224.33,,-0.0343,0.0131,naive
1784236874.143011,1.4585,0,317.64,322.71,102.16,378.07,222.48,,-0.0279,0.0021,naive
1784236874.1599178,1.4754,0,315.75,322.85,102.16,378.07,220.61,,-0.0279,0.0021,naive
1784236874.177108,1.4926,0,313.83,322.99,102.16,378.07,218.72,,-0.0279,0.0021,naive
1784236874.1937976,1.5093,0,312.14,322.97,102.16,378.07,217.09,,-0.0253,-0.0003,naive
1784236874.2093465,1.5249,0,310.57,322.95,102.16,378.07,215.57,,-0.0253,-0.0003,naive
1784236874.226423,1.5419,0,308.97,322.7,102.16,378.07,214.09,,-0.0234,-0.0036,naive
1784236874.2430792,1.5586,0,307.41,322.46,102.16,378.07,212.65,,-0.0234,-0.0036,naive
1784236874.2596912,1.5752,0,305.86,322.23,102.16,378.07,211.21,,-0.0234,-0.0036,naive
1784236874.2756119,1.5911,0,304.57,321.85,102.16,378.07,210.07,,-0.0202,-0.0059,naive
1784236874.29149,1.607,0,303.29,321.47,102.16,378.07,208.94,,-0.0202,-0.0059,naive
1784236874.3084157,1.6239,0,302.33,321.34,102.16,378.07,208.05,,-0.0141,-0.0019,naive
1784236874.3250072,1.6405,0,301.39,321.22,102.16,378.07,207.19,,-0.0141,-0.0019,naive
1784236874.3419597,1.6575,0,300.44,321.29,102.16,378.07,206.25,,-0.014,0.0011,naive
1784236874.3586402,1.6741,0,299.51,321.36,102.16,378.07,205.33,,-0.014,0.0011,naive
1784236874.3750203,1.6905,0,298.59,321.43,102.16,378.07,204.43,,-0.014,0.0011,naive
1784236874.3915415,1.707,0,297.03,321.01,102.16,378.07,203.05,,-0.0237,-0.0064,naive
1784236874.4082217,1.7237,0,295.45,320.58,102.16,378.07,201.65,,-0.0237,-0.0064,naive
1784236874.4252322,1.7407,0,293.43,320.34,102.16,378.07,199.79,,-0.0296,-0.0036,naive
1784236874.441768,1.7573,0,291.47,320.1,102.16,378.07,197.99,,-0.0296,-0.0036,naive
1784236874.4578109,1.7733,0,289.38,320.04,102.16,378.07,196.01,,-0.0326,-0.0009,naive
1784236874.4734032,1.7889,0,287.35,319.99,102.16,378.07,194.09,,-0.0326,-0.0009,naive
1784236874.4911401,1.8066,0,285.04,319.92,102.16,378.07,191.9,,-0.0326,-0.0009,naive
1784236874.5079973,1.8235,0,282.33,319.74,102.16,378.07,189.38,,-0.0402,-0.0028,naive
1784236874.5246675,1.8402,0,279.65,319.56,102.16,378.07,186.89,,-0.0402,-0.0028,naive
1784236874.5405376,1.856,0,276.79,319.44,102.16,378.07,184.21,,-0.0451,-0.0017,naive
1784236874.5569048,1.8724,0,273.84,319.33,102.16,378.07,181.45,,-0.0451,-0.0017,naive
1784236874.5731921,1.8887,0,270.9,319.22,102.16,378.07,178.71,,-0.0451,-0.0017,naive
1784236874.590226,1.9057,0,267.66,319.05,102.16,378.07,175.71,,-0.0475,-0.0025,naive
1784236874.606898,1.9224,0,264.5,318.88,102.16,378.07,172.79,,-0.0475,-0.0025,naive
1784236874.623349,1.9389,0,261.02,318.56,102.16,378.07,169.64,,-0.0529,-0.0048,naive
1784236874.640751,1.9563,0,257.33,318.23,102.16,378.07,166.31,,-0.0529,-0.0048,naive
1784236874.6566975,1.9722,0,253.96,317.92,102.16,378.07,163.28,,-0.0529,-0.0048,naive
1784236874.6731563,1.9887,0,250.34,317.53,102.16,378.07,160.07,,-0.0549,-0.006,naive
1784236874.6902964,2.0058,0,246.58,317.12,102.16,378.07,156.75,,-0.0549,-0.006,naive
1784236874.7074971,2.023,0,242.94,316.72,102.16,378.07,153.57,,-0.0528,-0.0058,naive
1784236874.7242455,2.0398,0,239.4,316.32,102.16,378.07,150.49,,-0.0528,-0.0058,naive
1784236874.7414334,2.0569,0,236.0,315.86,102.16,378.07,147.59,,-0.0495,-0.0067,naive
1784236874.7579815,2.0735,0,232.73,315.42,102.16,378.07,144.82,,-0.0495,-0.0067,naive
1784236874.774515,2.09,0,229.46,314.98,102.16,378.07,142.07,,-0.0495,-0.0067,naive
1784236874.790088,2.1056,0,226.67,314.42,102.16,378.07,139.84,,-0.0447,-0.009,naive
1784236874.8068666,2.1224,0,223.67,313.82,102.16,378.07,137.45,,-0.0447,-0.009,naive
1784236874.8230186,2.1385,0,221.25,312.95,102.16,378.07,135.73,,-0.0375,-0.0133,naive
1784236874.839592,2.1551,0,218.77,312.07,102.16,378.07,133.99,,-0.0375,-0.0133,naive
1784236874.856086,2.1716,0,216.29,311.19,102.16,378.07,132.29,,-0.0375,-0.0133,naive
1784236874.8732986,2.1888,0,214.29,310.04,102.16,378.07,131.15,,-0.0292,-0.0167,naive
1784236874.8901093,2.2056,0,212.32,308.92,102.16,378.07,130.07,,-0.0292,-0.0167,naive
1784236874.9072578,2.2228,0,210.66,307.29,102.16,378.07,129.54,,-0.0243,-0.0237,naive
1784236874.9243188,2.2398,0,209.0,305.68,102.16,378.07,129.06,,-0.0243,-0.0237,naive
1784236874.9412014,2.2567,0,207.36,304.08,102.16,378.07,128.62,,-0.0243,-0.0237,naive
1784236874.9582732,2.2738,0,206.08,301.98,102.16,378.07,128.8,,-0.0187,-0.0307,naive
1784236874.9755204,2.291,0,204.79,299.86,102.16,378.07,129.03,,-0.0187,-0.0307,naive
1784236874.9912183,2.3067,0,203.86,297.58,102.16,378.07,129.7,,-0.0148,-0.0363,naive
1784236875.0086024,2.3241,0,202.83,295.06,102.16,378.07,130.48,,-0.0148,-0.0363,naive
1784236875.0250413,2.3405,0,201.86,292.67,102.16,378.07,131.27,,-0.0148,-0.0363,naive
1784236875.0419862,2.3575,0,201.09,289.99,102.16,378.07,132.45,,-0.0114,-0.0396,naive
1784236875.059545,2.3751,0,200.28,287.21,102.16,378.07,133.73,,-0.0114,-0.0396,naive
1784236875.0767524,2.3923,0,199.68,284.48,102.16,378.07,135.16,,-0.0088,-0.0397,naive
1784236875.093375,2.4089,0,199.09,281.84,102.16,378.07,136.59,,-0.0088,-0.0397,naive
1784236875.1100526,2.4256,0,198.47,279.29,102.16,378.07,137.96,,-0.0093,-0.0382,naive
1784236875.127487,2.443,0,197.83,276.63,102.16,378.07,139.43,,-0.0093,-0.0382,naive
1784236875.1441855,2.4597,0,196.98,274.02,102.16,378.07,140.77,,-0.0127,-0.0391,naive
1784236875.161622,2.4771,0,196.09,271.29,102.16,378.07,142.22,,-0.0127,-0.0391,naive
1784236875.1774166,2.4929,0,194.98,269.12,102.16,378.07,143.12,,-0.0177,-0.0343,naive
1784236875.194728,2.5102,0,193.75,266.74,102.16,378.07,144.16,,-0.0177,-0.0343,naive
1784236875.2105138,2.526,0,192.64,264.58,102.16,378.07,145.14,,-0.0177,-0.0343,naive
1784236875.2270596,2.5426,0,191.22,263.03,102.16,378.07,145.48,,-0.0215,-0.0234,naive
1784236875.2441742,2.5597,0,189.75,261.43,102.16,378.07,145.86,,-0.0215,-0.0234,naive
1784236875.2616546,2.5772,0,187.94,260.56,102.16,378.07,145.49,,-0.0258,-0.0124,naive
1784236875.2776868,2.5932,0,186.29,259.77,102.16,378.07,145.16,,-0.0258,-0.0124,naive
1784236875.2935066,2.609,0,184.66,258.99,102.16,378.07,144.86,,-0.0258,-0.0124,naive
1784236875.3101628,2.6257,0,182.62,259.21,102.16,378.07,143.53,,-0.0306,0.0033,naive
1784236875.327032,2.6425,0,180.56,259.43,102.16,378.07,142.2,,-0.0306,0.0033,naive
1784236875.3436794,2.6592,0,178.27,260.12,102.16,378.07,140.37,,-0.0344,0.0104,naive
1784236875.3598742,2.6754,0,176.04,260.8,102.16,378.07,138.6,,-0.0344,0.0104,naive
1784236875.3755832,2.6911,0,173.88,261.45,102.16,378.07,136.9,,-0.0344,0.0104,naive
1784236875.3917532,2.7073,0,171.53,262.78,102.16,378.07,134.55,,-0.0363,0.0205,naive
1784236875.407343,2.7228,0,169.27,264.06,102.16,378.07,132.29,,-0.0363,0.0205,naive
1784236875.4241512,2.7397,0,166.84,265.86,102.16,378.07,129.51,,-0.0361,0.0268,naive
1784236875.4407868,2.7563,0,164.44,267.65,102.16,378.07,126.77,,-0.0361,0.0268,naive
1784236875.4563303,2.7718,0,162.19,269.32,102.16,378.07,124.22,,-0.0361,0.0268,naive
1784236875.47322,2.7887,0,159.73,271.14,102.16,378.07,121.44,,-0.0365,0.027,naive
1784236875.4898317,2.8053,0,157.31,272.93,102.16,378.07,118.72,,-0.0365,0.027,naive
1784236875.5065303,2.822,0,154.89,274.8,102.16,378.07,115.95,,-0.0362,0.0279,naive
1784236875.5222642,2.8378,0,152.61,276.55,102.16,378.07,113.36,,-0.0362,0.0279,naive
1784236875.5392778,2.8548,0,150.15,278.46,102.16,378.07,110.57,,-0.0362,0.0279,naive
1784236875.5561256,2.8716,0,147.84,280.18,102.16,378.07,108.02,,-0.0343,0.0256,naive
1784236875.5730782,2.8886,0,145.52,281.92,102.16,378.07,105.48,,-0.0343,0.0256,naive
1784236875.590215,2.9057,0,143.48,283.64,102.16,378.07,103.07,,-0.0298,0.0251,naive
1784236875.6072118,2.9227,0,141.45,285.35,102.16,378.07,100.7,,-0.0298,0.0251,naive
1784236875.6236641,2.9392,0,139.77,287.13,102.16,378.07,98.41,,-0.0255,0.0271,naive
1784236875.6396096,2.9551,0,138.14,288.86,102.16,378.07,96.19,,-0.0255,0.0271,naive
1784236875.6553252,2.9708,0,136.73,290.55,102.16,378.07,94.1,,-0.0224,0.0268,naive
1784236875.6726043,2.9881,0,135.18,292.4,102.16,378.07,91.81,,-0.0224,0.0268,naive
1784236875.6883256,3.0038,0,133.77,294.09,102.16,378.07,89.73,,-0.0224,0.0268,naive
1784236875.7051861,3.0207,0,132.72,295.91,102.16,378.07,87.66,,-0.0155,0.027,naive
1784236875.7220619,3.0376,0,131.68,297.73,102.16,378.07,85.58,,-0.0155,0.027,naive
1784236875.7387795,3.0543,0,131.16,299.71,102.16,378.07,83.55,,-0.0077,0.0296,naive
1784236875.755337,3.0708,0,130.65,301.67,102.16,378.07,81.54,,-0.0077,0.0296,naive
1784236875.7720356,3.0875,0,130.37,303.6,102.16,378.07,79.63,,-0.0043,0.029,naive
1784236875.7892313,3.1047,0,130.07,305.6,102.16,378.07,77.66,,-0.0043,0.029,naive
1784236875.8058822,3.1214,0,129.79,307.52,102.16,378.07,75.76,,-0.0043,0.029,naive
1784236875.8215117,3.137,0,129.54,309.25,102.16,378.07,74.07,,-0.004,0.0276,naive
1784236875.8385117,3.154,0,129.27,311.12,102.16,378.07,72.23,,-0.004,0.0276,naive
1784236875.8552465,3.1708,0,129.09,312.91,102.16,378.07,70.5,,-0.0027,0.0267,naive
1784236875.8732195,3.1887,0,128.9,314.83,102.16,378.07,68.65,,-0.0027,0.0267,naive
1784236875.89045,3.206,0,128.76,316.65,102.16,378.07,66.93,,-0.002,0.0263,naive
1784236875.9079022,3.2234,0,128.63,318.48,102.16,378.07,65.2,,-0.002,0.0263,naive
1784236875.9254894,3.241,0,128.38,320.25,102.16,378.07,63.48,,-0.0034,0.0252,naive
1784236875.9412034,3.2567,0,128.17,321.84,102.16,378.07,61.96,,-0.0034,0.0252,naive
1784236875.9577467,3.2733,0,127.94,323.5,102.16,378.07,60.35,,-0.0034,0.0252,naive
1784236875.9743931,3.2899,0,127.59,325.25,102.16,378.07,58.62,,-0.0053,0.0263,naive
1784236875.9913626,3.3069,0,127.23,327.04,102.16,378.07,56.85,,-0.0053,0.0263,naive
1784236876.0079424,3.3234,0,126.7,328.86,102.16,378.07,54.99,,-0.0079,0.0275,naive
1784236876.02525,3.3408,0,126.16,330.76,102.16,378.07,53.04,,-0.0079,0.0275,naive
1784236876.0421803,3.3577,0,125.43,332.73,102.16,378.07,50.96,,-0.0107,0.029,naive
1784236876.0590222,3.3745,0,124.71,334.68,102.16,378.07,48.9,,-0.0107,0.029,naive
1784236876.0763113,3.3918,0,123.97,336.68,102.16,378.07,46.78,,-0.0107,0.029,naive
1784236876.093222,3.4087,0,122.97,338.82,102.16,378.07,44.43,,-0.0148,0.0315,naive
1784236876.1103296,3.4258,0,121.96,340.97,102.16,378.07,42.05,,-0.0148,0.0315,naive
1784236876.1272478,3.4428,0,120.75,343.18,102.16,378.07,39.53,,-0.0178,0.0327,naive
1784236876.1444736,3.46,0,119.52,345.44,102.16,378.07,36.96,,-0.0178,0.0327,naive
1784236876.1612911,3.4768,0,118.2,347.85,102.16,378.07,34.22,,-0.0196,0.0358,naive
1784236876.1782784,3.4938,0,116.87,350.28,102.16,378.07,31.44,,-0.0196,0.0358,naive
1784236876.1949506,3.5105,0,115.49,352.76,102.16,378.07,28.61,,-0.0207,0.0371,naive
1784236876.21231,3.5278,0,114.05,355.33,102.16,378.07,25.65,,-0.0207,0.0371,naive
1784236876.22905,3.5446,0,112.66,357.82,102.16,378.07,22.81,,-0.0207,0.0371,naive
1784236876.246162,3.5617,0,111.18,360.37,102.16,378.07,19.86,,-0.0216,0.0373,naive
1784236876.2632515,3.5788,0,109.7,362.92,102.16,378.07,16.92,,-0.0216,0.0373,naive
1784236876.279781,3.5953,0,108.34,365.34,102.16,378.07,14.14,,-0.0206,0.0367,naive
1784236876.2954767,3.611,0,107.04,367.65,102.16,378.07,11.51,,-0.0206,0.0367,naive
1784236876.3116884,3.6272,0,105.71,370.03,102.16,378.07,8.79,,-0.0206,0.0367,naive
1784236876.3273516,3.6429,0,104.55,372.18,102.16,378.07,6.35,,-0.0185,0.0344,naive
1784236876.3444188,3.6599,0,103.28,374.53,102.16,378.07,3.71,,-0.0185,0.0344,naive
1784236876.3606255,3.6761,0,102.29,376.59,102.16,378.07,1.48,,-0.0153,0.0318,naive
1784236876.376243,3.6918,0,101.34,378.58,102.16,378.07,0.97,,-0.0153,0.0318,naive
1784236876.3931098,3.7086,0,100.31,380.73,102.16,378.07,3.24,,-0.0153,0.0318,naive
1784236876.41065,3.7262,0,99.58,382.72,102.16,378.07,5.32,,-0.0105,0.0284,naive
1784236876.4264143,3.7419,0,98.92,384.51,102.16,378.07,7.21,,-0.0105,0.0284,naive
1784236876.4434545,3.759,0,98.53,386.08,102.16,378.07,8.8,,-0.0057,0.023,naive
1784236876.4600194,3.7755,0,98.15,387.61,102.16,378.07,10.35,,-0.0057,0.023,naive
1784236876.4772031,3.7927,0,98.07,388.95,102.16,378.07,11.63,,-0.0011,0.0196,naive
1784236876.494129,3.8096,0,97.99,390.28,102.16,378.07,12.9,,-0.0011,0.0196,naive
1784236876.5114572,3.827,0,97.92,391.63,102.16,378.07,14.21,,-0.0011,0.0196,naive
1784236876.5273914,3.8429,0,98.26,392.59,102.16,378.07,15.04,,0.0054,0.0151,naive
1784236876.544539,3.86,0,98.63,393.63,102.16,378.07,15.96,,0.0054,0.0151,naive
1784236876.5602705,3.8758,0,99.42,394.51,102.16,378.07,16.67,,0.0126,0.014,naive
1784236876.5771055,3.8926,0,100.27,395.45,102.16,378.07,17.48,,0.0126,0.014,naive
1784236876.594496,3.91,0,101.15,396.42,102.16,378.07,18.38,,0.0126,0.014,naive
1784236876.6114848,3.927,0,102.23,397.11,102.16,378.07,19.04,,0.0158,0.0101,naive
1784236876.6283202,3.9438,0,103.3,397.79,102.16,378.07,19.76,,0.0158,0.0101,naive
1784236876.645365,3.9609,0,104.46,398.06,102.16,378.07,20.13,,0.0171,0.004,naive
1784236876.6631398,3.9786,0,105.68,398.35,102.16,378.07,20.59,,0.0171,0.004,naive
1784236876.6805723,3.9961,0,106.86,398.52,102.16,378.07,20.99,,0.017,0.0025,naive
1784236876.696257,4.0118,0,107.93,398.68,102.16,378.07,21.4,,0.017,0.0025,naive
1784236876.7133265,4.0288,0,108.93,398.72,102.16,378.07,21.73,,0.0148,0.0006,naive
1784236876.730862,4.0464,0,109.97,398.76,102.16,378.07,22.12,,0.0148,0.0006,naive
1784236876.7465546,4.0621,0,110.9,398.8,102.16,378.07,22.49,,0.0148,0.0006,naive
1784236876.7632291,4.0787,0,111.66,398.72,102.16,378.07,22.73,,0.0115,-0.0012,naive
1784236876.7803876,4.0959,0,112.45,398.64,102.16,378.07,23.0,,0.0115,-0.0012,naive
1784236876.7970152,4.1125,0,113.02,398.53,102.16,378.07,23.16,,0.0085,-0.0016,naive
1784236876.8145804,4.1301,0,113.62,398.41,102.16,378.07,23.35,,0.0085,-0.0016,naive
1784236876.8301797,4.1457,0,113.92,398.29,102.16,378.07,23.4,,0.0049,-0.0019,naive
1784236876.8467965,4.1623,0,114.25,398.16,102.16,378.07,23.45,,0.0049,-0.0019,naive
1784236876.8631413,4.1786,0,114.57,398.04,102.16,378.07,23.51,,0.0049,-0.0019,naive
1784236876.8806102,4.1961,0,114.5,397.87,102.16,378.07,23.34,,-0.0011,-0.0023,naive
1784236876.8965495,4.2121,0,114.03,397.73,102.16,378.07,22.97,,-0.0073,-0.0023,naive
1784236876.913226,4.2287,0,113.54,397.57,102.16,378.07,22.58,,-0.0073,-0.0023,naive
1784236876.9299035,4.2454,0,113.05,397.42,102.16,378.07,22.21,,-0.0073,-0.0023,naive
1784236876.9467087,4.2622,0,112.16,397.31,102.16,378.07,21.69,,-0.0132,-0.0017,naive
1784236876.9631796,4.2787,0,111.29,397.2,102.16,378.07,21.2,,-0.0132,-0.0017,naive
1784236876.980174,4.2957,0,110.15,397.1,102.16,378.07,20.64,,-0.0169,-0.0014,naive
1784236876.9972756,4.3128,0,108.99,397.0,102.16,378.07,20.13,,-0.0169,-0.0014,naive
1784236877.0145414,4.33,0,107.7,396.95,102.16,378.07,19.68,,-0.0187,-0.0007,naive
1784236877.0312047,4.3467,0,106.45,396.91,102.16,378.07,19.32,,-0.0187,-0.0007,naive
1784236877.0483189,4.3638,0,105.17,396.86,102.16,378.07,19.03,,-0.0187,-0.0007,naive
1784236877.0655267,4.381,0,103.71,396.77,102.16,378.07,18.77,,-0.0212,-0.0013,naive
1784236877.081986,4.3975,0,102.32,396.69,102.16,378.07,18.62,,-0.0212,-0.0013,naive
1784236877.0994606,4.415,0,100.67,396.58,102.16,378.07,18.57,,-0.0236,-0.0016,naive
1784236877.1159213,4.4314,0,99.11,396.47,102.16,378.07,18.65,,-0.0236,-0.0016,naive
1784236877.1330864,4.4486,0,97.57,396.42,102.16,378.07,18.91,,-0.0224,-0.0008,naive
1784236877.1497967,4.4653,0,96.07,396.36,102.16,378.07,19.28,,-0.0224,-0.0008,naive
1784236877.166321,4.4818,0,94.65,396.35,102.16,378.07,19.76,,-0.0214,-0.0002,naive
1784236877.1829462,4.4985,0,93.23,396.34,102.16,378.07,20.34,,-0.0214,-0.0002,naive
1784236877.19862,4.5141,0,91.94,396.26,102.16,378.07,20.87,,-0.0205,-0.0012,naive
1784236877.214367,4.5299,0,90.65,396.19,102.16,378.07,21.47,,-0.0205,-0.0012,naive
1784236877.2312682,4.5468,0,89.26,396.11,102.16,378.07,22.17,,-0.0205,-0.0012,naive
1784236877.2480414,4.5635,0,88.02,396.05,102.16,378.07,22.87,,-0.0186,-0.0009,naive
1784236877.265152,4.5807,0,86.74,395.98,102.16,378.07,23.64,,-0.0186,-0.0009,naive
1784236877.2819865,4.5975,0,85.68,395.98,102.16,378.07,24.34,,-0.0158,-0.0001,naive
1784236877.2994537,4.615,0,84.57,395.97,102.16,378.07,25.09,,-0.0158,-0.0001,naive
1784236877.31612,4.6316,0,83.52,395.96,102.16,378.07,25.84,,-0.0158,-0.0001,naive
1784236877.3333218,4.6488,0,82.62,395.89,102.16,378.07,26.45,,-0.0131,-0.001,naive
1784236877.3501666,4.6657,0,81.74,395.82,102.16,378.07,27.06,,-0.0131,-0.001,naive
1784236877.3672144,4.6827,0,81.06,395.75,102.16,378.07,27.53,,-0.0099,-0.001,naive
1784236877.384209,4.6997,0,80.38,395.68,102.16,378.07,28.01,,-0.0099,-0.001,naive
1784236877.4010923,4.7166,0,79.97,395.63,102.16,378.07,28.3,,-0.0061,-0.0007,naive
1784236877.4179847,4.7335,0,79.56,395.58,102.16,378.07,28.59,,-0.0061,-0.0007,naive
1784236877.4339652,4.7495,0,79.16,395.53,102.16,378.07,28.88,,-0.0061,-0.0007,naive
1784236877.449546,4.7651,0,78.98,395.46,102.16,378.07,28.98,,-0.0029,-0.0011,naive
1784236877.465402,4.7809,0,78.8,395.39,102.16,378.07,29.08,,-0.0029,-0.0011,naive
1784236877.4834518,4.799,0,78.67,395.32,102.16,378.07,29.14,,-0.0017,-0.0009,naive
1784236877.500132,4.8156,0,78.56,395.26,102.16,378.07,29.2,,-0.0017,-0.0009,naive
1784236877.5174367,4.8329,0,78.42,395.23,102.16,378.07,29.29,,-0.002,-0.0004,naive
1784236877.5344489,4.85,0,78.29,395.2,102.16,378.07,29.39,,-0.002,-0.0004,naive
1784236877.551977,4.8675,0,78.15,395.17,102.16,378.07,29.48,,-0.002,-0.0004,naive
1784236877.5690434,4.8846,0,78.03,395.16,102.16,378.07,29.57,,-0.0018,-0.0001,naive
1784236877.5863738,4.9019,0,77.9,395.15,102.16,378.07,29.67,,-0.0018,-0.0001,naive
1784236877.6021614,4.9177,0,77.79,395.19,102.16,378.07,29.78,,-0.0018,0.0005,naive
1784236877.6189706,4.9345,0,77.67,395.22,102.16,378.07,29.9,,-0.0018,0.0005,naive
1784236877.636315,4.9518,0,77.56,395.28,102.16,378.07,30.03,,-0.0016,0.0009,naive
1784236877.6529763,4.9685,0,77.45,395.34,102.16,378.07,30.15,,-0.0016,0.0009,naive
1784236877.669211,4.9847,0,77.35,395.4,102.16,378.07,30.27,,-0.0016,0.0009,naive
1784236877.6871016,5.0026,0,77.31,395.46,102.16,378.07,30.33,,-0.0005,0.0009,naive
1784236877.7039924,5.0195,0,77.28,395.52,102.16,378.07,30.39,,-0.0005,0.0009,naive
1784236877.7214124,5.0369,0,77.2,395.58,102.16,378.07,30.49,,-0.0011,0.0009,naive
1784236877.7382436,5.0538,0,77.13,395.65,102.16,378.07,30.58,,-0.0011,0.0009,naive
1784236877.7553236,5.0708,0,77.06,395.71,102.16,378.07,30.68,,-0.0011,0.0009,naive
1784236877.7723968,5.0879,0,76.99,395.7,102.16,378.07,30.73,,-0.001,-0.0001,naive
1784236877.7894871,5.105,0,76.93,395.7,102.16,378.07,30.78,,-0.001,-0.0001,naive
1784236877.8052142,5.1207,0,76.92,395.64,102.16,378.07,30.76,,-0.0001,-0.0009,naive
1784236877.8229508,5.1385,0,76.91,395.57,102.16,378.07,30.73,,-0.0001,-0.0009,naive
1784236877.8392453,5.1548,0,76.98,395.49,102.16,378.07,30.62,,0.0011,-0.0013,naive
1784236877.856501,5.172,0,77.05,395.4,102.16,378.07,30.51,,0.0011,-0.0013,naive
1784236877.8729692,5.1885,0,77.12,395.32,102.16,378.07,30.41,,0.0011,-0.0013,naive
1784236877.890442,5.2059,0,77.25,395.16,102.16,378.07,30.21,,0.0018,-0.0023,naive
1784236877.9075701,5.2231,0,77.37,395.0,102.16,378.07,30.02,,0.0018,-0.0023,naive
1784236877.9241314,5.2396,0,77.61,394.86,102.16,378.07,29.74,,0.0036,-0.0022,naive
1784236877.9417553,5.2573,0,77.87,394.7,102.16,378.07,29.44,,0.0036,-0.0022,naive
1784236877.9574292,5.2729,0,78.17,394.51,102.16,378.07,29.08,,0.0049,-0.0031,naive
1784236877.9744499,5.29,0,78.51,394.3,102.16,378.07,28.68,,0.0049,-0.0031,naive
1784236877.9910235,5.3065,0,78.83,394.09,102.16,378.07,28.3,,0.0049,-0.0031,naive
1784236878.0079067,5.3234,0,79.25,393.91,102.16,378.07,27.85,,0.0062,-0.0027,naive
1784236878.024121,5.3396,0,79.66,393.73,102.16,378.07,27.42,,0.0062,-0.0027,naive
1784236878.041115,5.3566,0,80.18,393.61,102.16,378.07,26.92,,0.0076,-0.0017,naive
1784236878.0581195,5.3736,0,80.69,393.49,102.16,378.07,26.43,,0.0076,-0.0017,naive
1784236878.0754373,5.3909,0,81.22,393.37,102.16,378.07,25.93,,0.0076,-0.0017,naive
1784236878.0913484,5.4069,0,81.66,393.24,102.16,378.07,25.5,,0.0069,-0.0021,naive
1784236878.1089659,5.4245,0,82.15,393.09,102.16,378.07,25.02,,0.0069,-0.0021,naive
1784236878.1264,5.4419,0,82.67,393.01,102.16,378.07,24.56,,0.0075,-0.0012,naive
1784236878.1430945,5.4586,0,83.17,392.92,102.16,378.07,24.11,,0.0075,-0.0012,naive
1784236878.1605277,5.476,0,83.69,392.84,102.16,378.07,23.65,,0.0075,-0.0012,naive
1784236878.1764538,5.492,0,84.23,392.75,102.16,378.07,23.18,,0.0084,-0.0014,naive
1784236878.1930172,5.5085,0,84.79,392.66,102.16,378.07,22.68,,0.0084,-0.0014,naive
1784236878.2104547,5.526,0,85.34,392.59,102.16,378.07,22.22,,0.0079,-0.001,naive
1784236878.2271795,5.5427,0,85.87,392.52,102.16,378.07,21.77,,0.0079,-0.001,naive
1784236878.2440882,5.5596,0,86.32,392.4,102.16,378.07,21.37,,0.0066,-0.0017,naive
1784236878.2608097,5.5763,0,86.76,392.29,102.16,378.07,20.97,,0.0066,-0.0017,naive
1784236878.2764838,5.592,0,87.17,392.19,102.16,378.07,20.59,,0.0066,-0.0017,naive
1784236878.2934098,5.6089,0,87.61,392.06,102.16,378.07,20.19,,0.0065,-0.0019,naive
1784236878.31003,5.6255,0,88.05,391.94,102.16,378.07,19.79,,0.0065,-0.0019,naive
1784236878.326523,5.642,0,88.42,391.8,102.16,378.07,19.42,,0.0057,-0.0021,naive
1784236878.3422306,5.6577,0,88.78,391.66,102.16,378.07,19.07,,0.0057,-0.0021,naive
1784236878.3593946,5.6749,0,89.18,391.51,102.16,378.07,18.69,,0.0057,-0.0021,naive
1784236878.3759658,5.6915,0,89.5,391.29,102.16,378.07,18.3,,0.0049,-0.0034,naive
1784236878.3926382,5.7081,0,89.82,391.06,102.16,378.07,17.91,,0.0049,-0.0034,naive
1784236878.408478,5.724,0,90.12,390.77,102.16,378.07,17.51,,0.0046,-0.0045,naive
1784236878.424137,5.7396,0,90.41,390.49,102.16,378.07,17.1,,0.0046,-0.0045,naive
1784236878.4413748,5.7569,0,90.72,390.18,102.16,378.07,16.66,,0.0046,-0.0045,naive
1784236878.4585714,5.7741,0,91.06,389.85,102.16,378.07,16.19,,0.0049,-0.0049,naive
1784236878.4746978,5.7902,0,91.38,389.53,102.16,378.07,15.74,,0.0049,-0.0049,naive
1784236878.4902227,5.8057,0,91.68,389.23,102.16,378.07,15.31,,0.0049,-0.0049,naive
1784236878.5069575,5.8225,0,91.98,388.87,102.16,378.07,14.85,,0.0045,-0.0053,naive
1784236878.5235224,5.839,0,92.28,388.53,102.16,378.07,14.39,,0.0045,-0.0053,naive
1784236878.540043,5.8556,0,92.58,388.17,102.16,378.07,13.92,,0.0045,-0.0054,naive
1784236878.55745,5.873,0,92.89,387.79,102.16,378.07,13.43,,0.0045,-0.0054,naive
1784236878.5746694,5.8902,0,93.2,387.41,102.16,378.07,12.95,,0.0045,-0.0054,naive
1784236878.5903168,5.9058,0,93.49,387.07,102.16,378.07,12.5,,0.0046,-0.0055,naive
1784236878.6077633,5.9233,0,93.81,386.69,102.16,378.07,12.0,,0.0046,-0.0055,naive
1784236878.6242573,5.9398,0,94.08,386.34,102.16,378.07,11.56,,0.0041,-0.0053,naive
1784236878.640837,5.9563,0,94.36,385.98,102.16,378.07,11.11,,0.0041,-0.0053,naive
1784236878.6565917,5.9721,0,94.62,385.65,102.16,378.07,10.69,,0.0041,-0.0053,naive
1784236878.6727204,5.9882,0,94.85,385.31,102.16,378.07,10.3,,0.0035,-0.0052,naive
1784236878.688378,6.0039,0,95.06,384.99,102.16,378.07,9.91,,0.0035,-0.0052,naive
1784236878.705137,6.0206,0,95.3,384.63,102.16,378.07,9.49,,0.0035,-0.0053,naive
1784236878.7223392,6.0378,0,95.55,384.27,102.16,378.07,9.07,,0.0035,-0.0053,naive
1784236878.739077,6.0546,0,95.72,383.91,102.16,378.07,8.7,,0.0026,-0.0053,naive
1784236878.756157,6.0717,0,95.9,383.55,102.16,378.07,8.32,,0.0026,-0.0053,naive
1784236878.773418,6.0889,0,96.09,383.19,102.16,378.07,7.95,,0.0026,-0.0053,naive
1784236878.7895682,6.1051,0,96.22,382.84,102.16,378.07,7.62,,0.002,-0.0054,naive
1784236878.8052244,6.1207,0,96.34,382.5,102.16,378.07,7.32,,0.002,-0.0054,naive
1784236878.823162,6.1387,0,96.48,382.13,102.16,378.07,6.98,,0.0019,-0.0052,naive
1784236878.8400118,6.1555,1,96.61,381.78,473.8,274.06,392.27,TARGET_HIT,0.0019,-0.0052,naive
1784236878.856743,6.1723,1,96.74,381.44,473.8,274.06,392.05,,0.0019,-0.0052,naive
1784236878.8734057,6.1889,1,96.8,381.11,473.8,274.06,391.91,,0.0009,-0.0049,naive
1784236878.8904037,6.2059,1,96.86,380.78,473.8,274.06,391.76,,0.0009,-0.0049,naive
1784236878.9067175,6.2222,1,96.8,380.44,473.8,274.06,391.72,,-0.0008,-0.0052,naive
1784236878.9232335,6.2387,1,96.75,380.1,473.8,274.06,391.68,,-0.0008,-0.0052,naive
1784236878.9396827,6.2552,1,96.69,379.76,473.8,274.06,391.64,,-0.0008,-0.0052,naive
1784236878.9561563,6.2717,1,96.62,379.44,473.8,274.06,391.62,,-0.001,-0.0048,naive
1784236878.9735413,6.289,1,96.55,379.11,473.8,274.06,391.6,,-0.001,-0.0048,naive
1784236878.9900794,6.3056,1,96.45,378.8,473.8,274.06,391.61,,-0.0015,-0.0046,naive
1784236879.0070162,6.3225,1,96.36,378.49,473.8,274.06,391.62,,-0.0015,-0.0046,naive
1784236879.0242176,6.3397,1,96.24,378.15,473.8,274.06,391.65,,-0.0017,-0.005,naive
1784236879.041149,6.3567,1,96.12,377.81,473.8,274.06,391.67,,-0.0017,-0.005,naive
1784236879.0572398,6.3727,1,96.1,377.49,473.8,274.06,391.6,,-0.0002,-0.0049,naive
1784236879.0746706,6.3902,1,96.08,377.15,473.8,274.06,391.53,,-0.0002,-0.0049,naive
1784236879.0905406,6.406,1,96.07,376.84,473.8,274.06,391.46,,-0.0002,-0.0049,naive
1784236879.1065361,6.422,1,96.23,376.53,473.8,274.06,391.22,,0.0026,-0.0049,naive
1784236879.1222885,6.4378,1,96.39,376.22,473.8,274.06,390.99,,0.0026,-0.0049,naive
1784236879.1392136,6.4547,1,96.83,375.86,473.8,274.06,390.48,,0.0064,-0.0053,naive
1784236879.1557622,6.4713,1,97.25,375.51,473.8,274.06,389.98,,0.0064,-0.0053,naive
1784236879.172074,6.4876,1,97.67,375.16,473.8,274.06,389.48,,0.0064,-0.0053,naive
1784236879.189273,6.5048,1,98.43,374.78,473.8,274.06,388.65,,0.0111,-0.0056,naive
1784236879.2062109,6.5217,1,99.18,374.39,473.8,274.06,387.82,,0.0111,-0.0056,naive
1784236879.2227156,6.5382,1,100.25,373.94,473.8,274.06,386.68,,0.0161,-0.0068,naive
1784236879.238805,6.5543,1,101.28,373.5,473.8,274.06,385.56,,0.0161,-0.0068,naive
1784236879.2544758,6.57,1,102.29,373.07,473.8,274.06,384.47,,0.0161,-0.0068,naive
1784236879.2712905,6.5868,1,103.55,372.6,473.8,274.06,383.14,,0.0187,-0.007,naive
1784236879.2884934,6.604,1,104.84,372.12,473.8,274.06,381.77,,0.0187,-0.007,naive
1784236879.3056283,6.6211,1,106.18,371.55,473.8,274.06,380.32,,0.0197,-0.0083,naive
1784236879.3213544,6.6369,1,107.42,371.03,473.8,274.06,378.99,,0.0197,-0.0083,naive
1784236879.3385224,6.654,1,108.91,370.38,473.8,274.06,377.39,,0.0217,-0.0095,naive
1784236879.354217,6.6697,1,110.27,369.78,473.8,274.06,375.92,,0.0217,-0.0095,naive
1784236879.371745,6.6873,1,111.79,369.12,473.8,274.06,374.28,,0.0217,-0.0095,naive
1784236879.3881083,6.7036,1,113.36,368.53,473.8,274.06,372.61,,0.0239,-0.009,naive
1784236879.4054208,6.7209,1,115.02,367.91,473.8,274.06,370.85,,0.0239,-0.009,naive
1784236879.4222329,6.7377,1,116.66,367.27,473.8,274.06,369.1,,0.0245,-0.0095,naive
1784236879.4393609,6.7549,1,118.34,366.62,473.8,274.06,367.31,,0.0245,-0.0095,naive
1784236879.4565325,6.772,1,120.04,365.94,473.8,274.06,365.49,,0.0248,-0.0099,naive
1784236879.4731758,6.7887,1,121.69,365.28,473.8,274.06,363.73,,0.0248,-0.0099,naive
1784236879.4901142,6.8056,1,123.37,364.61,473.8,274.06,361.94,,0.0248,-0.0099,naive
1784236879.5074801,6.823,1,125.17,363.95,473.8,274.06,360.03,,0.0259,-0.0094,naive
1784236879.5241156,6.8396,1,126.89,363.33,473.8,274.06,358.21,,0.0259,-0.0094,naive
1784236879.5408106,6.8563,1,128.7,362.66,473.8,274.06,356.29,,0.0271,-0.0099,naive
1784236879.5570579,6.8726,1,130.46,362.02,473.8,274.06,354.43,,0.0271,-0.0099,naive
1784236879.5742238,6.8897,1,132.4,361.25,473.8,274.06,352.35,,0.0283,-0.0112,naive
1784236879.5908175,6.9063,1,134.29,360.5,473.8,274.06,350.35,,0.0283,-0.0112,naive
1784236879.606496,6.922,1,136.19,359.73,473.8,274.06,348.31,,0.0304,-0.0123,naive
1784236879.623303,6.9388,1,138.23,358.9,473.8,274.06,346.13,,0.0304,-0.0123,naive
1784236879.6404767,6.956,1,140.32,358.06,473.8,274.06,343.9,,0.0304,-0.0123,naive
1784236879.6571434,6.9727,1,142.53,357.1,473.8,274.06,341.52,,0.0333,-0.0144,naive
1784236879.674352,6.9899,1,144.82,356.11,473.8,274.06,339.06,,0.0333,-0.0144,naive
1784236879.6915288,7.007,1,147.36,355.0,473.8,274.06,336.33,,0.0369,-0.0162,naive
1784236879.7081697,7.0237,1,149.81,353.92,473.8,274.06,333.69,,0.0369,-0.0162,naive
1784236879.7250912,7.0406,1,152.31,352.82,473.8,274.06,331.0,,0.0369,-0.0162,naive
1784236879.7421103,7.0576,1,155.0,351.56,473.8,274.06,328.08,,0.0396,-0.0186,naive
1784236879.7594812,7.075,1,157.75,350.27,473.8,274.06,325.11,,0.0396,-0.0186,naive
1784236879.7767236,7.0922,1,160.74,348.77,473.8,274.06,321.85,,0.0433,-0.0217,naive
1784236879.7933712,7.1089,1,163.62,347.33,473.8,274.06,318.71,,0.0433,-0.0217,naive
1784236879.8102682,7.1258,1,166.8,345.77,473.8,274.06,315.26,,0.0471,-0.023,naive
1784236879.8268332,7.1423,1,169.92,344.25,473.8,274.06,311.88,,0.0471,-0.023,naive
1784236879.842533,7.158,1,172.88,342.81,473.8,274.06,308.68,,0.0471,-0.023,naive
1784236879.8594878,7.175,1,176.21,341.07,473.8,274.06,305.04,,0.0491,-0.0256,naive
1784236879.8767073,7.1922,1,179.59,339.31,473.8,274.06,301.35,,0.0491,-0.0256,naive
1784236879.8923707,7.2079,1,182.83,337.62,473.8,274.06,297.83,,0.0516,-0.027,naive
1784236879.9088256,7.2243,1,186.22,335.84,473.8,274.06,294.14,,0.0516,-0.027,naive
1784236879.9251697,7.2407,1,189.73,334.03,473.8,274.06,290.33,,0.0537,-0.0277,naive
1784236879.9422998,7.2578,1,193.41,332.13,473.8,274.06,286.34,,0.0537,-0.0277,naive
1784236879.959271,7.2748,1,197.05,330.24,473.8,274.06,282.39,,0.0537,-0.0277,naive
1784236879.9758418,7.2913,1,200.68,328.3,473.8,274.06,278.45,,0.0548,-0.0293,naive
1784236879.9920511,7.3076,1,204.23,326.41,473.8,274.06,274.6,,0.0548,-0.0293,naive
1784236880.0090752,7.3246,1,208.07,324.4,473.8,274.06,270.46,,0.0563,-0.0295,naive
1784236880.026168,7.3417,1,211.92,322.38,473.8,274.06,266.3,,0.0563,-0.0295,naive
1784236880.0426185,7.3581,1,215.62,320.44,473.8,274.06,262.31,,0.0563,-0.0295,naive
1784236880.0585399,7.374,1,219.24,318.55,473.8,274.06,258.42,,0.0568,-0.0298,naive
1784236880.0750082,7.3905,1,222.98,316.59,473.8,274.06,254.4,,0.0568,-0.0298,naive
1784236880.0929885,7.4085,1,227.08,314.33,473.8,274.06,249.98,,0.057,-0.0314,naive
1784236880.1102107,7.4257,1,231.01,312.17,473.8,274.06,245.76,,0.057,-0.0314,naive
1784236880.1271627,7.4427,1,234.89,310.02,473.8,274.06,241.6,,0.0573,-0.0317,naive
1784236880.143803,7.4593,1,238.7,307.91,473.8,274.06,237.52,,0.0573,-0.0317,naive
1784236880.1593356,7.4748,1,242.26,305.94,473.8,274.06,233.72,,0.0573,-0.0317,naive
1784236880.176334,7.4918,1,246.13,303.68,473.8,274.06,229.59,,0.0569,-0.0334,naive
1784236880.1933658,7.5089,1,250.0,301.4,473.8,274.06,225.46,,0.0569,-0.0334,naive
1784236880.210198,7.5257,1,253.66,298.9,473.8,274.06,221.53,,0.0544,-0.0372,naive
1784236880.2274983,7.543,1,257.43,296.33,473.8,274.06,217.51,,0.0544,-0.0372,naive
1784236880.2432578,7.5588,1,260.75,293.88,473.8,274.06,213.97,,0.0527,-0.0389,naive
1784236880.2600904,7.5756,1,264.3,291.26,473.8,274.06,210.2,,0.0527,-0.0389,naive
1784236880.2773721,7.5929,1,267.95,288.57,473.8,274.06,206.36,,0.0527,-0.0389,naive
1784236880.2942963,7.6098,1,271.55,285.92,473.8,274.06,202.59,,0.0533,-0.0391,naive
1784236880.3110955,7.6266,1,275.13,283.3,473.8,274.06,198.88,,0.0533,-0.0391,naive
1784236880.3284028,7.6439,1,278.54,280.36,473.8,274.06,195.36,,0.0492,-0.0424,naive
1784236880.3457065,7.6612,1,281.94,277.42,473.8,274.06,191.88,,0.0492,-0.0424,naive
1784236880.3615906,7.6771,1,284.88,274.7,473.8,274.06,188.91,,0.0463,-0.0428,naive
1784236880.3772652,7.6928,1,287.79,272.02,473.8,274.06,186.02,,0.0463,-0.0428,naive
1784236880.3943727,7.7099,1,290.95,269.09,473.8,274.06,182.91,,0.0463,-0.0428,naive
1784236880.4111958,7.7267,1,293.88,266.25,473.8,274.06,180.09,,0.0435,-0.0423,naive
1784236880.4280832,7.7436,1,296.82,263.39,473.8,274.06,177.3,,0.0435,-0.0423,naive
1784236880.444971,7.7605,1,299.52,260.63,473.8,274.06,174.79,,0.04,-0.0408,naive
1784236880.4619067,7.7774,1,302.23,257.87,473.8,274.06,172.33,,0.04,-0.0408,naive
1784236880.4776728,7.7932,1,304.76,255.29,473.8,274.06,170.08,,0.04,-0.0408,naive
1784236880.4932995,7.8088,1,307.13,252.86,473.8,274.06,168.01,,0.0379,-0.0389,naive
1784236880.5100002,7.8255,1,309.66,250.26,473.8,274.06,165.85,,0.0379,-0.0389,naive
1784236880.527526,7.843,1,311.96,247.65,473.8,274.06,163.98,,0.0327,-0.0372,naive
1784236880.543161,7.8587,1,314.0,245.33,473.8,274.06,162.36,,0.0327,-0.0372,naive
1784236880.560336,7.8758,1,315.97,242.81,473.8,274.06,160.89,,0.0286,-0.0366,naive
1784236880.5775917,7.8931,1,317.94,240.29,473.8,274.06,159.47,,0.0286,-0.0366,naive
1784236880.5931726,7.9087,1,319.72,238.01,473.8,274.06,158.23,,0.0286,-0.0366,naive
1784236880.6098044,7.9253,1,321.57,235.81,473.8,274.06,156.96,,0.0278,-0.0331,naive
1784236880.6262546,7.9418,1,323.4,233.63,473.8,274.06,155.74,,0.0278,-0.0331,naive
1784236880.6430385,7.9585,1,325.0,231.53,473.8,274.06,154.75,,0.0239,-0.0312,naive
1784236880.6604602,7.976,1,326.67,229.36,473.8,274.06,153.77,,0.0239,-0.0312,naive
1784236880.6778688,7.9934,1,327.97,227.35,473.8,274.06,153.12,,0.0188,-0.0289,naive
1784236880.6935282,8.009,1,329.15,225.54,473.8,274.06,152.57,,0.0188,-0.0289,naive
1784236880.7100704,8.0256,1,330.39,223.62,473.8,274.06,152.02,,0.0188,-0.0289,naive
1784236880.7277052,8.0432,1,331.68,221.78,473.8,274.06,151.43,,0.0183,-0.0261,naive
1784236880.7434096,8.0589,1,332.83,220.14,473.8,274.06,150.93,,0.0183,-0.0261,naive
1784236880.7594018,8.0749,1,333.96,218.68,473.8,274.06,150.41,,0.0176,-0.0229,naive
1784236880.7761621,8.0917,1,335.14,217.14,473.8,274.06,149.89,,0.0176,-0.0229,naive
1784236880.7929218,8.1084,1,336.19,216.04,473.8,274.06,149.34,,0.0157,-0.0164,naive
1784236880.8088865,8.1244,1,337.19,214.99,473.8,274.06,148.83,,0.0157,-0.0164,naive
1784236880.8251326,8.1406,1,338.21,213.92,473.8,274.06,148.33,,0.0157,-0.0164,naive
1784236880.8423467,8.1579,1,339.27,213.08,473.8,274.06,147.7,,0.0154,-0.0121,naive
1784236880.8593633,8.1749,1,340.31,212.26,473.8,274.06,147.1,,0.0154,-0.0121,naive
1784236880.87625,8.1918,1,341.34,211.73,473.8,274.06,146.39,,0.0152,-0.0078,naive
1784236880.8930614,8.2086,1,342.35,211.2,473.8,274.06,145.7,,0.0152,-0.0078,naive
1784236880.910253,8.2258,1,343.38,210.98,473.8,274.06,144.87,,0.0149,-0.0032,naive
1784236880.9269445,8.2425,1,344.38,210.77,473.8,274.06,144.06,,0.0149,-0.0032,naive
1784236880.9430451,8.2586,1,345.34,210.56,473.8,274.06,143.29,,0.0149,-0.0032,naive
1784236880.9596753,8.2752,1,346.39,210.46,473.8,274.06,142.4,,0.0157,-0.0015,naive
1784236880.9752626,8.2908,1,347.37,210.36,473.8,274.06,141.57,,0.0157,-0.0015,naive
1784236880.9921257,8.3076,1,348.48,210.44,473.8,274.06,140.54,,0.0165,0.0012,naive
1784236881.0091176,8.3246,1,349.6,210.52,473.8,274.06,139.5,,0.0165,0.0012,naive
1784236881.026182,8.3417,1,350.76,210.73,473.8,274.06,138.38,,0.017,0.0032,naive
1784236881.0431035,8.3586,1,351.91,210.95,473.8,274.06,137.26,,0.017,0.0032,naive
1784236881.06039,8.3759,1,353.08,211.16,473.8,274.06,136.12,,0.017,0.0032,naive
1784236881.0773082,8.3928,1,354.21,211.48,473.8,274.06,134.97,,0.0167,0.0047,naive
1784236881.0943162,8.4098,1,355.35,211.81,473.8,274.06,133.81,,0.0167,0.0047,naive
1784236881.1109514,8.4265,1,356.45,212.13,473.8,274.06,132.69,,0.0165,0.0049,naive
1784236881.1275856,8.4431,1,357.54,212.45,473.8,274.06,131.57,,0.0165,0.0049,naive
1784236881.1432118,8.4587,1,358.57,212.76,473.8,274.06,130.52,,0.0165,0.0049,naive
1784236881.1605332,8.476,1,359.68,213.18,473.8,274.06,129.34,,0.0159,0.0061,naive
1784236881.1763856,8.4919,1,360.69,213.57,473.8,274.06,128.27,,0.0159,0.0061,naive
1784236881.1934083,8.5089,1,361.75,214.15,473.8,274.06,127.06,,0.0156,0.0085,naive
1784236881.2101789,8.5257,1,362.79,214.72,473.8,274.06,125.87,,0.0156,0.0085,naive
1784236881.227066,8.5426,1,363.84,215.3,473.8,274.06,124.67,,0.0156,0.0085,naive
1784236881.2441952,8.5597,1,364.84,216.01,473.8,274.06,123.45,,0.0146,0.0104,naive
1784236881.2609274,8.5764,1,365.82,216.7,473.8,274.06,122.27,,0.0146,0.0104,naive
1784236881.2763932,8.5919,1,366.71,217.43,473.8,274.06,121.14,,0.0144,0.0117,naive
1784236881.2932892,8.6088,1,367.68,218.22,473.8,274.06,119.91,,0.0144,0.0117,naive
1784236881.3101585,8.6257,1,368.63,219.22,473.8,274.06,118.61,,0.0141,0.0148,naive
1784236881.3269346,8.6424,1,369.57,220.21,473.8,274.06,117.31,,0.0141,0.0148,naive
1784236881.3441958,8.6597,1,370.54,221.23,473.8,274.06,115.98,,0.0141,0.0148,naive
1784236881.3612561,8.6768,1,371.49,222.39,473.8,274.06,114.62,,0.0138,0.017,naive
1784236881.3781238,8.6936,1,372.42,223.53,473.8,274.06,113.27,,0.0138,0.017,naive
1784236881.3954673,8.711,1,373.38,224.72,473.8,274.06,111.88,,0.0139,0.0171,naive
1784236881.4134192,8.7289,1,374.38,225.95,473.8,274.06,110.44,,0.0139,0.0171,naive
1784236881.4300854,8.7456,1,375.36,227.09,473.8,274.06,109.06,,0.0147,0.0172,naive
1784236881.4468062,8.7623,1,376.35,228.25,473.8,274.06,107.68,,0.0147,0.0172,naive
1784236881.462945,8.7785,1,377.29,229.36,473.8,274.06,106.35,,0.0147,0.0172,naive
1784236881.4804473,8.796,1,378.44,230.59,473.8,274.06,104.8,,0.0164,0.0176,naive
1784236881.4961786,8.8117,1,379.47,231.7,473.8,274.06,103.4,,0.0164,0.0176,naive
1784236881.5129728,8.8285,1,380.61,232.88,473.8,274.06,101.88,,0.017,0.0177,naive
1784236881.5296226,8.8451,1,381.74,234.06,473.8,274.06,100.37,,0.017,0.0177,naive
1784236881.5455086,8.861,1,382.84,235.13,473.8,274.06,98.94,,0.0173,0.0169,naive
1784236881.5633097,8.8788,1,384.07,236.33,473.8,274.06,97.33,,0.0173,0.0169,naive
1784236881.5800834,8.8956,1,385.23,237.46,473.8,274.06,95.83,,0.0173,0.0169,naive
1784236881.596726,8.9122,1,386.39,238.52,473.8,274.06,94.35,,0.0175,0.016,naive
1784236881.6130955,8.9286,1,387.53,239.57,473.8,274.06,92.9,,0.0175,0.016,naive
1784236881.63032,8.9458,1,388.77,240.65,473.8,274.06,91.36,,0.0179,0.0156,naive
1784236881.6472313,8.9627,1,389.98,241.7,473.8,274.06,89.85,,0.0179,0.0156,naive
1784236881.6641479,8.9797,1,391.21,242.65,473.8,274.06,88.36,,0.0182,0.0139,naive
1784236881.6807368,8.9962,1,392.42,243.57,473.8,274.06,86.9,,0.0182,0.0139,naive
1784236881.6970525,9.0126,1,393.77,244.35,473.8,274.06,85.36,,0.0207,0.012,naive
1784236881.7145271,9.03,1,395.22,245.19,473.8,274.06,83.72,,0.0207,0.012,naive
1784236881.7302558,9.0458,1,396.52,245.94,473.8,274.06,82.24,,0.0207,0.012,naive
1784236881.747472,9.063,1,398.1,246.77,473.8,274.06,80.47,,0.0229,0.0122,naive
1784236881.7643034,9.0798,1,399.64,247.59,473.8,274.06,78.74,,0.0229,0.0122,naive
1784236881.7819462,9.0975,1,401.32,248.38,473.8,274.06,76.89,,0.0238,0.0112,naive
1784236881.7975032,9.113,1,402.8,249.08,473.8,274.06,75.27,,0.0238,0.0112,naive
1784236881.8131716,9.1287,1,404.3,249.69,473.8,274.06,73.65,,0.0239,0.0098,naive
1784236881.8302639,9.1458,1,405.93,250.36,473.8,274.06,71.89,,0.0239,0.0098,naive
1784236881.8474553,9.163,1,407.63,251.03,473.8,274.06,70.06,,0.0248,0.0097,naive
1784236881.8641589,9.1797,1,409.29,251.68,473.8,274.06,68.28,,0.0248,0.0097,naive
1784236881.880934,9.1964,1,410.95,252.33,473.8,274.06,66.49,,0.0248,0.0097,naive
1784236881.8970368,9.2125,1,412.61,252.97,473.8,274.06,64.72,,0.0257,0.0099,naive
1784236881.914211,9.2297,1,414.37,253.64,473.8,274.06,62.83,,0.0257,0.0099,naive
1784236881.9316006,9.2471,1,416.11,254.33,473.8,274.06,60.97,,0.025,0.0099,naive
1784236881.9477298,9.2632,1,417.73,254.97,473.8,274.06,59.23,,0.025,0.0099,naive
1784236881.9633358,9.2788,1,419.26,255.65,473.8,274.06,57.57,,0.0245,0.0109,naive
1784236881.980128,9.2956,1,420.9,256.38,473.8,274.06,55.77,,0.0245,0.0109,naive
1784236881.996799,9.3123,1,422.53,257.1,473.8,274.06,53.99,,0.0245,0.0109,naive
1784236882.0130181,9.3285,1,424.03,257.82,473.8,274.06,52.35,,0.0231,0.011,naive
1784236882.0300941,9.3456,1,425.61,258.57,473.8,274.06,50.62,,0.0231,0.011,naive
1784236882.0470347,9.3625,1,427.02,259.3,473.8,274.06,49.05,,0.0208,0.0108,naive
1784236882.0641735,9.3797,1,428.45,260.04,473.8,274.06,47.46,,0.0208,0.0108,naive
1784236882.0813084,9.3968,1,429.88,260.78,473.8,274.06,45.88,,0.0208,0.0108,naive
1784236882.0984545,9.414,1,431.16,261.51,473.8,274.06,44.45,,0.0186,0.0106,naive
1784236882.115048,9.4306,1,432.39,262.21,473.8,274.06,43.07,,0.0186,0.0106,naive
1784236882.1322393,9.4477,1,433.66,262.95,473.8,274.06,41.65,,0.0184,0.0107,naive
1784236882.1496756,9.4652,1,434.94,263.7,473.8,274.06,40.22,,0.0184,0.0107,naive
1784236882.165288,9.4808,1,436.04,264.39,473.8,274.06,38.97,,0.0177,0.0111,naive
1784236882.1822042,9.4977,1,437.24,265.14,473.8,274.06,37.63,,0.0177,0.0111,naive
1784236882.1993687,9.5149,1,438.45,265.9,473.8,274.06,36.28,,0.0177,0.0111,naive
1784236882.215898,9.5314,1,439.63,266.61,473.8,274.06,34.97,,0.0178,0.0108,naive
1784236882.2332926,9.5488,1,440.86,267.36,473.8,274.06,33.61,,0.0178,0.0108,naive
1784236882.250068,9.5656,1,441.97,268.02,473.8,274.06,32.4,,0.0165,0.0098,naive
1784236882.2674894,9.583,1,443.12,268.71,473.8,274.06,31.14,,0.0165,0.0098,naive
1784236882.2839448,9.5995,1,444.1,269.34,473.8,274.06,30.07,,0.015,0.0096,naive
1784236882.3001773,9.6157,1,445.07,269.96,473.8,274.06,29.02,,0.015,0.0096,naive
1784236882.3173337,9.6328,1,446.1,270.62,473.8,274.06,27.91,,0.015,0.0096,naive
1784236882.333919,9.6494,1,447.05,271.23,473.8,274.06,26.9,,0.0143,0.0093,naive
1784236882.351153,9.6667,1,448.03,271.87,473.8,274.06,25.86,,0.0143,0.0093,naive
1784236882.3681943,9.6837,1,448.99,272.55,473.8,274.06,24.85,,0.0141,0.01,naive
1784236882.385273,9.7008,1,449.96,273.24,473.8,274.06,23.85,,0.0141,0.01,naive
1784236882.402427,9.7179,1,450.91,273.92,473.8,274.06,22.89,,0.0139,0.0099,naive
1784236882.4191713,9.7347,1,451.84,274.58,473.8,274.06,21.96,,0.0139,0.0099,naive
1784236882.436886,9.7524,1,452.83,275.28,473.8,274.06,21.01,,0.0139,0.0099,naive
1784236882.453182,9.7687,1,453.67,275.93,473.8,274.06,20.21,,0.013,0.01,naive
1784236882.4707084,9.7862,1,454.58,276.63,473.8,274.06,19.39,,0.013,0.01,naive
1784236882.4866316,9.8021,1,455.41,277.26,473.8,274.06,18.67,,0.013,0.01,naive
1784236882.5031464,9.8187,1,456.31,277.96,473.8,274.06,17.92,,0.0136,0.0105,naive
1784236882.5196967,9.8352,1,457.21,278.65,473.8,274.06,17.21,,0.0136,0.0105,naive
1784236882.5354095,9.8509,1,458.0,279.28,473.8,274.06,16.64,,0.0125,0.0099,naive
1784236882.5523174,9.8678,1,458.85,279.95,473.8,274.06,16.07,,0.0125,0.0099,naive
1784236882.5694706,9.885,1,459.71,280.63,473.8,274.06,15.55,,0.0125,0.0099,naive
1784236882.5859895,9.9015,1,460.51,281.29,473.8,274.06,15.12,,0.0122,0.01,naive
1784236882.6031659,9.9187,1,461.35,281.97,473.8,274.06,14.75,,0.0122,0.01,naive
1784236882.6200721,9.9356,1,462.14,282.64,473.8,274.06,14.48,,0.0117,0.0099,naive
1784236882.6372073,9.9527,1,462.94,283.32,473.8,274.06,14.27,,0.0117,0.0099,naive
1784236882.653816,9.9693,1,463.67,284.0,473.8,274.06,14.2,,0.0109,0.0102,naive
1784236882.670416,9.9859,1,464.39,284.68,473.8,274.06,14.19,,0.0109,0.0102,naive
1784236882.6874077,10.0029,1,465.0,285.37,473.8,274.06,14.33,,0.0089,0.0101,naive
1784236882.7043664,10.0199,1,465.6,286.05,473.8,274.06,14.53,,0.0089,0.0101,naive
1784236882.7210834,10.0366,1,466.1,286.74,473.8,274.06,14.84,,0.0074,0.0103,naive
1784236882.7376559,10.0532,1,466.59,287.43,473.8,274.06,15.19,,0.0074,0.0103,naive
1784236882.7532792,10.0688,1,467.06,288.07,473.8,274.06,15.55,,0.0074,0.0103,naive
1784236882.7700987,10.0856,1,467.42,288.77,473.8,274.06,16.04,,0.0054,0.0104,naive
1784236882.7866435,10.1022,1,467.78,289.46,473.8,274.06,16.54,,0.0054,0.0104,naive
1784236882.803163,10.1187,1,467.95,290.15,473.8,274.06,17.12,,0.0027,0.0104,naive
1784236882.8204498,10.136,1,468.14,290.87,473.8,274.06,17.74,,0.0027,0.0104,naive
1784236882.8374534,10.153,1,468.23,291.62,473.8,274.06,18.42,,0.0014,0.0109,naive
1784236882.8542116,10.1697,1,468.33,292.35,473.8,274.06,19.1,,0.0014,0.0109,naive
1784236882.8709784,10.1865,1,468.44,293.12,473.8,274.06,19.81,,0.0017,0.0115,naive
1784236882.887868,10.2034,1,468.55,293.9,473.8,274.06,20.52,,0.0017,0.0115,naive
1784236882.9038007,10.2193,1,468.66,294.63,473.8,274.06,21.21,,0.0017,0.0115,naive
1784236882.9195008,10.235,1,468.74,295.33,473.8,274.06,21.87,,0.0014,0.0111,naive
1784236882.9352863,10.2508,1,468.83,296.03,473.8,274.06,22.53,,0.0014,0.0111,naive
1784236882.952044,10.2676,1,468.96,296.75,473.8,274.06,23.2,,0.0019,0.0106,naive
1784236882.9692874,10.2848,1,469.09,297.48,473.8,274.06,23.89,,0.0019,0.0106,naive
1784236882.9860232,10.3015,1,469.27,298.19,473.8,274.06,24.56,,0.0028,0.0107,naive
1784236883.0027313,10.3182,1,469.46,298.91,473.8,274.06,25.23,,0.0028,0.0107,naive
1784236883.0186849,10.3342,1,469.64,299.59,473.8,274.06,25.87,,0.0028,0.0107,naive
1784236883.0343432,10.3499,1,469.87,300.26,473.8,274.06,26.5,,0.0037,0.0107,naive
1784236883.0514083,10.3669,1,470.23,301.07,473.8,274.06,27.25,,0.0053,0.0119,naive
1784236883.0687451,10.3843,1,470.6,301.9,473.8,274.06,28.03,,0.0053,0.0119,naive
1784236883.0845478,10.4001,1,470.93,302.65,473.8,274.06,28.74,,0.0053,0.0119,naive
1784236883.1011364,10.4166,1,471.31,303.38,473.8,274.06,29.43,,0.0057,0.0109,naive
1784236883.118369,10.4339,1,471.7,304.13,473.8,274.06,30.15,,0.0057,0.0109,naive
1784236883.135786,10.4513,1,472.11,304.86,473.8,274.06,30.85,,0.0059,0.0104,naive
1784236883.1522288,10.4677,1,472.5,305.54,473.8,274.06,31.51,,0.0059,0.0104,naive
1784236883.1690228,10.4845,1,472.92,306.05,473.8,274.06,32.0,,0.0063,0.0075,naive
1784236883.1864338,10.5019,1,473.36,306.57,473.8,274.06,32.52,,0.0063,0.0075,naive
1784236883.203407,10.5189,1,473.79,307.08,473.8,274.06,33.02,,0.0063,0.0075,naive
1784236883.220123,10.5356,1,474.25,307.34,473.8,274.06,33.28,,0.007,0.0038,naive
1784236883.2373097,10.5528,1,474.73,307.6,473.8,274.06,33.56,,0.007,0.0038,naive
1784236883.2540288,10.5695,1,475.37,307.68,473.8,274.06,33.66,,0.0096,0.0012,naive
1784236883.271192,10.5867,1,476.03,307.76,473.8,274.06,33.77,,0.0096,0.0012,naive
1784236883.2885044,10.604,1,476.68,307.56,473.8,274.06,33.62,,0.0094,-0.0029,naive
1784236883.3041956,10.6197,1,477.28,307.37,473.8,274.06,33.5,,0.0094,-0.0029,naive
1784236883.3214505,10.637,1,477.93,307.17,473.8,274.06,33.37,,0.0094,-0.0029,naive
1784236883.338159,10.6537,1,478.44,306.8,473.8,274.06,33.08,,0.0076,-0.0055,naive
1784236883.3553436,10.6709,1,478.96,306.42,473.8,274.06,32.78,,0.0076,-0.0055,naive
1784236883.3732166,10.6887,1,479.4,305.9,473.8,274.06,32.34,,0.0062,-0.0073,naive
1784236883.3898723,10.7054,1,479.82,305.42,473.8,274.06,31.93,,0.0062,-0.0073,naive
1784236883.4062564,10.7218,1,480.1,304.82,473.8,274.06,31.4,,0.0043,-0.0092,naive
1784236883.423013,10.7385,1,480.38,304.2,473.8,274.06,30.86,,0.0043,-0.0092,naive
1784236883.4403086,10.7558,1,480.68,303.57,473.8,274.06,30.3,,0.0043,-0.0092,naive
1784236883.4570541,10.7726,1,480.84,302.84,473.8,274.06,29.64,,0.0024,-0.0108,naive
1784236883.4745975,10.7901,1,481.01,302.08,473.8,274.06,28.94,,0.0024,-0.0108,naive
1784236883.490765,10.8063,1,481.09,301.36,473.8,274.06,28.26,,0.0012,-0.0112,naive
1784236883.50629,10.8218,1,481.16,300.66,473.8,274.06,27.6,,0.0012,-0.0112,naive
1784236883.52279,10.8383,1,481.24,299.94,473.8,274.06,26.93,,0.0012,-0.011,naive
1784236883.5387044,10.8542,1,481.31,299.24,473.8,274.06,26.28,,0.0012,-0.011,naive
1784236883.5551133,10.8706,1,481.39,298.52,473.8,274.06,25.62,,0.0012,-0.011,naive
1784236883.573025,10.8885,1,481.35,297.71,473.8,274.06,24.83,,-0.0005,-0.0114,naive
1784236883.5897877,10.9053,1,481.32,296.95,473.8,274.06,24.1,,-0.0005,-0.0114,naive
1784236883.6055095,10.921,1,481.31,296.28,473.8,274.06,23.46,,-0.0001,-0.0107,naive
1784236883.6231942,10.9387,1,481.3,295.52,473.8,274.06,22.74,,-0.0001,-0.0107,naive
1784236883.6402242,10.9557,1,481.29,294.8,473.8,274.06,22.05,,-0.0001,-0.0107,naive
1784236883.657291,10.9728,1,481.28,294.07,473.8,274.06,21.37,,-0.0002,-0.0106,naive
1784236883.6737394,10.9892,1,481.26,293.37,473.8,274.06,20.71,,-0.0002,-0.0106,naive
1784236883.6897576,11.0053,1,481.16,292.67,473.8,274.06,20.01,,-0.0017,-0.011,naive
1784236883.705495,11.021,1,481.05,291.97,473.8,274.06,19.33,,-0.0017,-0.011,naive
1784236883.7211356,11.0366,1,480.94,291.28,473.8,274.06,18.65,,-0.0017,-0.011,naive
1784236883.73767,11.0532,1,480.84,290.58,473.8,274.06,17.97,,-0.0015,-0.0105,naive
1784236883.7539294,11.0694,1,480.74,289.9,473.8,274.06,17.3,,-0.0015,-0.0105,naive
1784236883.7712932,11.0868,1,480.76,289.25,473.8,274.06,16.71,,0.0002,-0.0094,naive
1784236883.788054,11.1036,1,480.77,288.62,473.8,274.06,16.15,,0.0002,-0.0094,naive
1784236883.8053408,11.1208,1,480.69,287.93,473.8,274.06,15.49,,-0.0011,-0.01,naive
1784236883.8223064,11.1378,1,480.62,287.25,473.8,274.06,14.85,,-0.0011,-0.01,naive
1784236883.8397765,11.1553,1,480.58,286.58,473.8,274.06,14.24,,-0.0004,-0.0097,naive
1784236883.8553097,11.1708,1,480.56,285.98,473.8,274.06,13.7,,-0.0004,-0.0097,naive
1784236883.8719294,11.1874,1,480.53,285.33,473.8,274.06,13.13,,-0.0004,-0.0097,naive
1784236883.8881764,11.2037,1,480.58,284.76,473.8,274.06,12.67,,0.0008,-0.0088,naive
1784236883.9053879,11.2209,1,480.63,284.16,473.8,274.06,12.19,,0.0008,-0.0088,naive
1784236883.9221792,11.2377,1,480.61,283.54,473.8,274.06,11.67,,-0.0003,-0.0093,naive
1784236883.93923,11.2547,1,480.59,282.9,473.8,274.06,11.15,,-0.0003,-0.0093,naive
1784236883.9565775,11.2721,1,480.62,282.28,473.8,274.06,10.68,,0.0006,-0.0091,naive
1784236883.9731324,11.2886,1,480.66,281.68,473.8,274.06,10.25,,0.0006,-0.0091,naive
1784236883.9901614,11.3057,1,480.76,281.12,473.8,274.06,9.92,,0.0015,-0.0081,naive
1784236884.0069158,11.3224,1,480.86,280.58,473.8,274.06,9.61,,0.0015,-0.0081,naive
1784236884.0230567,11.3386,1,480.95,280.06,473.8,274.06,9.34,,0.0015,-0.0081,naive
1784236884.0400784,11.3556,1,481.01,279.47,473.8,274.06,9.01,,0.0008,-0.0087,naive
1784236884.0574508,11.373,1,481.07,278.86,473.8,274.06,8.71,,0.0008,-0.0087,naive
1784236884.0742452,11.3898,1,481.08,278.24,473.8,274.06,8.4,,0.0003,-0.0092,naive
1784236884.0913508,11.4069,1,481.1,277.61,473.8,274.06,8.12,,0.0003,-0.0092,naive
1784236884.1080937,11.4236,1,481.19,277.04,473.8,274.06,7.97,,0.0014,-0.0085,naive
1784236884.1252146,11.4407,1,481.29,276.45,473.8,274.06,7.87,,0.0014,-0.0085,naive
1784236884.1419961,11.4575,1,481.38,275.88,473.8,274.06,7.8,,0.0014,-0.0085,naive
1784236884.1593425,11.4748,1,481.44,275.27,473.8,274.06,7.74,,0.0008,-0.0089,naive
1784236884.1762996,11.4918,1,481.49,274.66,473.8,274.06,7.72,,0.0008,-0.0089,naive
1784236884.1934779,11.509,1,481.51,274.04,473.8,274.06,7.71,,0.0002,-0.0091,naive
1784236884.2094584,11.525,1,481.52,273.45,473.8,274.06,7.74,,0.0002,-0.0091,naive
1784236884.2269948,11.5425,1,481.58,272.88,473.8,274.06,7.87,,0.0009,-0.0082,naive
1784236884.244097,11.5596,1,481.64,272.32,473.8,274.06,8.03,,0.0009,-0.0082,naive
1784236884.2609816,11.5765,2,481.7,271.77,411.69,69.26,214.27,TARGET_HIT,0.0009,-0.0082,naive
1784236884.2781487,11.5937,2,481.7,271.21,411.69,69.26,213.74,,-0.0,-0.0081,naive
1784236884.2952116,11.6107,2,481.7,270.66,411.69,69.26,213.22,,-0.0,-0.0081,naive
1784236884.3129885,11.6285,2,481.62,270.1,411.69,69.26,212.66,,-0.0011,-0.0079,naive
1784236884.3304052,11.6459,2,481.55,269.54,411.69,69.26,212.12,,-0.0011,-0.0079,naive
1784236884.3475213,11.663,2,481.47,269.0,411.69,69.26,211.58,,-0.0011,-0.0079,naive
1784236884.3632035,11.6787,2,481.47,268.58,411.69,69.26,211.18,,-0.0001,-0.0068,naive
1784236884.3801856,11.6957,2,481.46,268.11,411.69,69.26,210.74,,-0.0001,-0.0068,naive
1784236884.3972034,11.7127,2,481.43,267.65,411.69,69.26,210.29,,-0.0005,-0.0068,naive
1784236884.4144003,11.7299,2,481.4,267.18,411.69,69.26,209.84,,-0.0005,-0.0068,naive
1784236884.43137,11.7469,2,481.31,266.75,411.69,69.26,209.41,,-0.0012,-0.0063,naive
1784236884.4484658,11.764,2,481.23,266.32,411.69,69.26,208.97,,-0.0012,-0.0063,naive
1784236884.465184,11.7807,2,481.15,265.91,411.69,69.26,208.55,,-0.0012,-0.0062,naive
1784236884.4821906,11.7977,2,481.07,265.48,411.69,69.26,208.13,,-0.0012,-0.0062,naive
1784236884.499711,11.8152,2,480.98,265.05,411.69,69.26,207.69,,-0.0012,-0.0062,naive
1784236884.5158617,11.8314,2,480.85,264.64,411.69,69.26,207.26,,-0.002,-0.0063,naive
1784236884.531979,11.8475,2,480.73,264.23,411.69,69.26,206.83,,-0.002,-0.0063,naive
1784236884.5489469,11.8645,2,480.59,263.81,411.69,69.26,206.38,,-0.002,-0.0063,naive
1784236884.5655162,11.881,2,480.47,263.4,411.69,69.26,205.96,,-0.0019,-0.0062,naive
1784236884.5812356,11.8967,2,480.35,263.01,411.69,69.26,205.55,,-0.0019,-0.0062,naive
1784236884.5982192,11.9137,2,480.18,262.55,411.69,69.26,205.06,,-0.0025,-0.0068,naive
1784236884.6155326,11.931,2,480.0,262.08,411.69,69.26,204.56,,-0.0025,-0.0068,naive
1784236884.6312225,11.9467,2,479.64,261.45,411.69,69.26,203.85,,-0.0058,-0.01,naive
1784236884.6478155,11.9633,2,479.25,260.78,411.69,69.26,203.09,,-0.0058,-0.01,naive
1784236884.6643224,11.9798,2,478.87,260.12,411.69,69.26,202.34,,-0.0058,-0.01,naive
1784236884.6815062,11.997,2,477.97,259.13,411.69,69.26,201.1,,-0.0131,-0.0144,naive
1784236884.697194,12.0127,2,477.15,258.22,411.69,69.26,199.98,,-0.0131,-0.0144,naive
1784236884.7147362,12.0302,2,476.16,257.21,411.69,69.26,198.7,,-0.0141,-0.0144,naive
1784236884.7308598,12.0464,2,475.25,256.28,411.69,69.26,197.53,,-0.0141,-0.0144,naive
1784236884.7465737,12.0621,2,474.26,255.31,411.69,69.26,196.29,,-0.0158,-0.0155,naive
1784236884.7626863,12.0782,2,473.24,254.31,411.69,69.26,195.02,,-0.0158,-0.0155,naive
1784236884.7792397,12.0947,2,472.2,253.28,411.69,69.26,193.71,,-0.0158,-0.0155,naive
1784236884.7961261,12.1116,2,470.77,251.91,411.69,69.26,191.96,,-0.0212,-0.0203,naive
1784236884.8133342,12.1288,2,469.31,250.51,411.69,69.26,190.19,,-0.0212,-0.0203,naive
1784236884.8307252,12.1462,2,467.94,249.1,411.69,69.26,188.43,,-0.0198,-0.0203,naive
1784236884.846299,12.1618,2,466.71,247.84,411.69,69.26,186.86,,-0.0198,-0.0203,naive
1784236884.863334,12.1788,2,465.65,246.6,411.69,69.26,185.37,,-0.0155,-0.0181,naive
1784236884.880698,12.1962,2,464.58,245.34,411.69,69.26,183.85,,-0.0155,-0.0181,naive
1784236884.8963964,12.2119,2,463.61,244.2,411.69,69.26,182.48,,-0.0155,-0.0181,naive
1784236884.9131799,12.2287,2,462.58,242.92,411.69,69.26,180.96,,-0.0152,-0.0191,naive
1784236884.9299884,12.2455,2,461.56,241.63,411.69,69.26,179.44,,-0.0152,-0.0191,naive
1784236884.9460592,12.2616,2,460.55,240.39,411.69,69.26,177.96,,-0.0158,-0.0194,naive
1784236884.9633446,12.2789,2,459.46,239.04,411.69,69.26,176.37,,-0.0158,-0.0194,naive
1784236884.9802756,12.2958,2,458.56,237.81,411.69,69.26,174.95,,-0.0132,-0.0182,naive
1784236884.99742,12.3129,2,457.66,236.57,411.69,69.26,173.51,,-0.0132,-0.0182,naive
1784236885.014114,12.3296,2,456.78,235.36,411.69,69.26,172.11,,-0.0132,-0.0182,naive
1784236885.0314894,12.347,2,455.88,234.0,411.69,69.26,170.56,,-0.013,-0.0195,naive
1784236885.0474765,12.363,2,455.05,232.75,411.69,69.26,169.14,,-0.013,-0.0195,naive
1784236885.0651147,12.3806,2,454.2,231.32,411.69,69.26,167.54,,-0.0121,-0.0203,naive
1784236885.0823348,12.3978,2,453.36,229.92,411.69,69.26,165.98,,-0.0121,-0.0203,naive
1784236885.0995328,12.415,2,452.67,228.48,411.69,69.26,164.41,,-0.01,-0.0209,naive
1784236885.1162615,12.4318,2,452.0,227.08,411.69,69.26,162.89,,-0.01,-0.0209,naive
1784236885.1331863,12.4487,2,451.42,225.56,411.69,69.26,161.27,,-0.0085,-0.0225,naive
1784236885.1504307,12.4659,2,450.84,224.02,411.69,69.26,159.63,,-0.0085,-0.0225,naive
1784236885.1670594,12.4826,2,450.4,222.45,411.69,69.26,158.01,,-0.0065,-0.0235,naive
1784236885.1841342,12.4996,2,449.95,220.85,411.69,69.26,156.34,,-0.0065,-0.0235,naive
1784236885.2008212,12.5163,2,449.52,219.28,411.69,69.26,154.71,,-0.0065,-0.0235,naive
1784236885.2172241,12.5327,2,449.13,217.65,411.69,69.26,153.04,,-0.0059,-0.0248,naive
1784236885.233807,12.5493,2,448.74,216.0,411.69,69.26,151.35,,-0.0059,-0.0248,naive
1784236885.2499385,12.5654,2,448.4,214.27,411.69,69.26,149.58,,-0.0053,-0.0268,naive
1784236885.2663093,12.5818,2,448.06,212.51,411.69,69.26,147.8,,-0.0053,-0.0268,naive
1784236885.2832818,12.5988,2,447.7,210.69,411.69,69.26,145.94,,-0.0053,-0.0268,naive
1784236885.3009784,12.6165,2,447.35,208.63,411.69,69.26,143.86,,-0.0049,-0.0291,naive
1784236885.3166616,12.6322,2,447.05,206.8,411.69,69.26,142.01,,-0.0049,-0.0291,naive
1784236885.332303,12.6478,2,446.76,204.88,411.69,69.26,140.08,,-0.0045,-0.0307,naive
1784236885.3492124,12.6647,2,446.46,202.81,411.69,69.26,138.0,,-0.0045,-0.0307,naive
1784236885.365978,12.6815,2,446.09,200.51,411.69,69.26,135.68,,-0.0054,-0.0342,naive
1784236885.3832393,12.6987,2,445.72,198.15,411.69,69.26,133.3,,-0.0054,-0.0342,naive
1784236885.400626,12.7161,2,445.35,195.77,411.69,69.26,130.91,,-0.0054,-0.0342,naive
1784236885.4163506,12.7319,2,444.93,193.44,411.69,69.26,128.55,,-0.0067,-0.037,naive
1784236885.433116,12.7486,2,444.48,190.96,411.69,69.26,126.04,,-0.0067,-0.037,naive
1784236885.4497828,12.7653,2,444.03,188.44,411.69,69.26,123.48,,-0.0068,-0.0378,naive
1784236885.465246,12.7808,2,443.61,186.1,411.69,69.26,121.12,,-0.0068,-0.0378,naive
1784236885.4819312,12.7974,2,443.11,183.46,411.69,69.26,118.44,,-0.0074,-0.0396,naive
1784236885.4983866,12.8139,2,442.63,180.85,411.69,69.26,115.8,,-0.0074,-0.0396,naive
1784236885.5150201,12.8305,2,442.12,178.18,411.69,69.26,113.09,,-0.0075,-0.0401,naive
1784236885.5315738,12.8471,2,441.62,175.53,411.69,69.26,110.4,,-0.0075,-0.0401,naive
1784236885.5471377,12.8626,2,441.15,173.03,411.69,69.26,107.87,,-0.0075,-0.0401,naive
1784236885.5643063,12.8798,2,440.59,170.25,411.69,69.26,105.04,,-0.0082,-0.0405,naive
1784236885.5807414,12.8962,2,440.05,167.58,411.69,69.26,102.33,,-0.0082,-0.0405,naive
1784236885.5972767,12.9128,2,439.47,164.85,411.69,69.26,99.54,,-0.0088,-0.0413,naive
1784236885.6144228,12.9299,2,438.86,162.01,411.69,69.26,96.65,,-0.0088,-0.0413,naive
1784236885.6314254,12.9469,2,438.27,159.2,411.69,69.26,93.78,,-0.0088,-0.0413,naive
1784236885.6480403,12.9635,2,437.74,156.53,411.69,69.26,91.07,,-0.0079,-0.0402,naive
1784236885.6651769,12.9807,2,437.2,153.77,411.69,69.26,88.28,,-0.0079,-0.0402,naive
1784236885.682985,12.9985,2,436.62,150.87,411.69,69.26,85.33,,-0.0083,-0.0408,naive
1784236885.7003024,13.0158,2,436.04,148.05,411.69,69.26,82.46,,-0.0083,-0.0408,naive
1784236885.7170177,13.0325,2,435.56,145.38,411.69,69.26,79.78,,-0.0072,-0.0398,naive
1784236885.7342374,13.0497,2,435.07,142.64,411.69,69.26,77.01,,-0.0072,-0.0398,naive
1784236885.751848,13.0674,2,434.56,139.84,411.69,69.26,74.19,,-0.0072,-0.0398,naive
1784236885.7678826,13.0834,2,434.15,137.32,411.69,69.26,71.67,,-0.0064,-0.0393,naive
1784236885.7844396,13.0999,2,433.72,134.72,411.69,69.26,69.07,,-0.0064,-0.0393,naive
1784236885.8002172,13.1157,2,433.3,132.29,411.69,69.26,66.63,,-0.0068,-0.0385,naive
1784236885.8172517,13.1328,2,432.83,129.66,411.69,69.26,63.99,,-0.0068,-0.0385,naive
1784236885.8348503,13.1504,2,432.39,127.07,411.69,69.26,61.4,,-0.0063,-0.0368,naive
1784236885.8504748,13.166,2,432.0,124.76,411.69,69.26,59.1,,-0.0063,-0.0368,naive
1784236885.8665054,13.182,2,431.55,122.36,411.69,69.26,56.69,,-0.0071,-0.0375,naive
1784236885.883045,13.1986,2,431.08,119.88,411.69,69.26,54.2,,-0.0071,-0.0375,naive
1784236885.900087,13.2156,2,430.6,117.32,411.69,69.26,51.65,,-0.0071,-0.0375,naive
1784236885.9169734,13.2325,2,430.17,114.89,411.69,69.26,49.23,,-0.0064,-0.036,naive
1784236885.933681,13.2492,2,429.74,112.48,411.69,69.26,46.84,,-0.0064,-0.036,naive
1784236885.9502175,13.2657,2,429.32,110.1,411.69,69.26,44.48,,-0.0064,-0.036,naive
1784236885.967257,13.2828,2,428.92,107.69,411.69,69.26,42.11,,-0.0058,-0.0354,naive
1784236885.9842985,13.2998,2,428.53,105.28,411.69,69.26,39.76,,-0.0058,-0.0354,naive
1784236886.0013475,13.3169,2,428.13,102.87,411.69,69.26,37.41,,-0.0058,-0.0354,naive
1784236886.0173798,13.3329,2,427.7,100.65,411.69,69.26,35.23,,-0.0068,-0.0346,naive
1784236886.0349646,13.3505,2,427.22,98.21,411.69,69.26,32.85,,-0.0068,-0.0346,naive
1784236886.0529957,13.3685,2,426.74,95.72,411.69,69.26,30.43,,-0.0068,-0.0346,naive
1784236886.0705285,13.386,2,426.35,93.56,411.69,69.26,28.38,,-0.0054,-0.0307,naive
1784236886.0870776,13.4026,2,426.0,91.53,411.69,69.26,26.47,,-0.0054,-0.0307,naive
1784236886.1046355,13.4201,2,425.62,89.38,411.69,69.26,24.46,,-0.0054,-0.0307,naive
1784236886.1201653,13.4357,2,425.18,87.51,411.69,69.26,22.7,,-0.007,-0.03,naive
1784236886.1370533,13.4526,2,424.71,85.49,411.69,69.26,20.81,,-0.007,-0.03,naive
1784236886.1540604,13.4696,2,424.24,83.45,411.69,69.26,18.94,,-0.007,-0.03,naive
1784236886.1715713,13.4871,2,423.82,81.52,411.69,69.26,17.25,,-0.006,-0.0275,naive
1784236886.1885996,13.5041,2,423.41,79.65,411.69,69.26,15.66,,-0.006,-0.0275,naive
1784236886.2051346,13.5206,2,423.18,78.02,411.69,69.26,14.44,,-0.0035,-0.0247,naive
1784236886.2231493,13.5387,2,422.93,76.24,411.69,69.26,13.22,,-0.0035,-0.0247,naive
1784236886.2402108,13.5557,2,422.81,74.78,411.69,69.26,12.41,,-0.0017,-0.0213,naive
1784236886.2573571,13.5729,2,422.69,73.32,411.69,69.26,11.73,,-0.0017,-0.0213,naive
1784236886.2740722,13.5896,2,422.58,71.9,411.69,69.26,11.2,,-0.0017,-0.0213,naive
1784236886.2913814,13.6069,2,422.43,70.47,411.69,69.26,10.8,,-0.0022,-0.0206,naive
1784236886.307918,13.6234,2,422.28,69.11,411.69,69.26,10.59,,-0.0022,-0.0206,naive
1784236886.32451,13.64,2,422.09,67.8,411.69,69.26,10.5,,-0.0029,-0.0196,naive
1784236886.3403208,13.6558,2,421.91,66.56,411.69,69.26,10.57,,-0.0029,-0.0196,naive
1784236886.3571584,13.6727,2,421.78,65.39,411.69,69.26,10.8,,-0.0019,-0.0174,naive
1784236886.3746846,13.6902,2,421.64,64.17,411.69,69.26,11.18,,-0.0019,-0.0174,naive
1784236886.3911972,13.7067,2,421.43,62.96,411.69,69.26,11.6,,-0.0032,-0.0183,naive
1784236886.4082336,13.7237,2,421.21,61.71,411.69,69.26,12.15,,-0.0032,-0.0183,naive
1784236886.4252565,13.7408,2,421.0,60.46,411.69,69.26,12.81,,-0.0032,-0.0183,naive
1784236886.4432735,13.7588,2,420.65,59.12,411.69,69.26,13.53,,-0.0049,-0.0187,naive
1784236886.4603038,13.7758,2,420.31,57.84,411.69,69.26,14.31,,-0.0049,-0.0187,naive
1784236886.4763284,13.7918,2,420.13,56.74,411.69,69.26,15.1,,-0.0029,-0.0172,naive
1784236886.4933968,13.8089,2,419.93,55.57,411.69,69.26,15.98,,-0.0029,-0.0172,naive
1784236886.5104215,13.8259,2,419.67,54.37,411.69,69.26,16.89,,-0.0039,-0.0176,naive
1784236886.5269523,13.8425,2,419.41,53.21,411.69,69.26,17.81,,-0.0039,-0.0176,naive
1784236886.543055,13.8586,2,419.16,52.08,411.69,69.26,18.74,,-0.0039,-0.0176,naive
1784236886.559587,13.8751,2,418.98,51.11,411.69,69.26,19.55,,-0.0028,-0.0146,naive
1784236886.5761588,13.8917,2,418.79,50.15,411.69,69.26,20.39,,-0.0028,-0.0146,naive
1784236886.5932071,13.9087,2,418.85,49.53,411.69,69.26,20.99,,0.0009,-0.009,naive
1784236886.6107404,13.9262,2,418.92,48.9,411.69,69.26,21.61,,0.0009,-0.009,naive
1784236886.6267924,13.9423,2,418.92,48.49,411.69,69.26,22.0,,0.0001,-0.0064,naive
1784236886.6423092,13.9578,2,418.93,48.09,411.69,69.26,22.38,,0.0001,-0.0064,naive
1784236886.659325,13.9748,2,418.93,47.65,411.69,69.26,22.79,,0.0001,-0.0064,naive
1784236886.6760633,13.9916,2,419.03,47.4,411.69,69.26,23.06,,0.0014,-0.0037,naive
1784236886.6930952,14.0086,2,419.13,47.15,411.69,69.26,23.33,,0.0014,-0.0037,naive
1784236886.7103775,14.0259,2,419.67,47.3,411.69,69.26,23.37,,0.0078,0.0021,naive
1784236886.7269428,14.0424,2,420.18,47.44,411.69,69.26,23.42,,0.0078,0.0021,naive
1784236886.7439792,14.0595,2,420.72,47.59,411.69,69.26,23.48,,0.0078,0.0021,naive
1784236886.760652,14.0762,2,421.35,47.99,411.69,69.26,23.37,,0.0095,0.006,naive
1784236886.776423,14.0919,2,421.95,48.37,411.69,69.26,23.28,,0.0095,0.006,naive
1784236886.7933235,14.1088,2,422.4,48.8,411.69,69.26,23.1,,0.0066,0.0064,naive
1784236886.810306,14.1258,2,422.85,49.23,411.69,69.26,22.93,,0.0066,0.0064,naive
1784236886.8272805,14.1428,2,423.31,49.66,411.69,69.26,22.78,,0.0066,0.0064,naive
1784236886.844339,14.1598,2,423.74,50.31,411.69,69.26,22.46,,0.0064,0.0095,naive
1784236886.8613734,14.1769,2,424.17,50.96,411.69,69.26,22.15,,0.0064,0.0095,naive
1784236886.8774197,14.1929,2,424.55,51.58,411.69,69.26,21.86,,0.0058,0.0096,naive
1784236886.8940241,14.2095,2,424.93,52.21,411.69,69.26,21.59,,0.0058,0.0096,naive
1784236886.9112408,14.2267,2,425.23,52.94,411.69,69.26,21.21,,0.0044,0.0106,naive
1784236886.928312,14.2438,2,425.53,53.67,411.69,69.26,20.85,,0.0044,0.0106,naive
1784236886.9448903,14.2604,2,425.82,54.37,411.69,69.26,20.53,,0.0044,0.0106,naive
1784236886.9612052,14.2767,2,426.06,55.03,411.69,69.26,20.22,,0.0036,0.0101,naive
1784236886.9783523,14.2939,2,426.3,55.72,411.69,69.26,19.92,,0.0036,0.0101,naive
1784236886.995884,14.3114,2,426.51,56.39,411.69,69.26,19.63,,0.0029,0.0095,naive
1784236887.0119069,14.3274,2,426.69,57.0,411.69,69.26,19.38,,0.0029,0.0095,naive
1784236887.027929,14.3434,2,426.84,57.6,411.69,69.26,19.11,,0.0023,0.0094,naive
1784236887.0444613,14.36,2,426.99,58.22,411.69,69.26,18.86,,0.0023,0.0094,naive
1784236887.0609734,14.3765,2,427.14,58.85,411.69,69.26,18.63,,0.0023,0.0094,naive
1784236887.0779946,14.3935,2,427.25,59.46,411.69,69.26,18.39,,0.0017,0.0089,naive
1784236887.0951347,14.4106,2,427.37,60.07,411.69,69.26,18.18,,0.0017,0.0089,naive
1784236887.113151,14.4287,2,427.41,60.69,411.69,69.26,17.9,,0.0005,0.0087,naive
1784236887.1301785,14.4457,2,427.45,61.28,411.69,69.26,17.66,,0.0005,0.0087,naive
1784236887.1472013,14.4627,2,427.41,61.89,411.69,69.26,17.36,,-0.0005,0.009,naive
1784236887.164167,14.4797,2,427.37,62.5,411.69,69.26,17.08,,-0.0005,0.009,naive
1784236887.1806786,14.4962,2,427.34,63.09,411.69,69.26,16.82,,-0.0005,0.009,naive
1784236887.196301,14.5118,2,427.29,63.65,411.69,69.26,16.58,,-0.0007,0.0088,naive
1784236887.2133243,14.5288,2,427.24,64.25,411.69,69.26,16.34,,-0.0007,0.0088,naive
1784236887.2300375,14.5455,2,427.18,64.84,411.69,69.26,16.1,,-0.001,0.0089,naive
1784236887.2475696,14.5631,2,427.1,65.46,411.69,69.26,15.88,,-0.001,0.0089,naive
1784236887.2635863,14.5791,2,427.04,66.03,411.69,69.26,15.69,,-0.001,0.0089,naive
1784236887.2801142,14.5956,2,426.98,66.6,411.69,69.26,15.52,,-0.001,0.0087,naive
1784236887.2973924,14.6129,2,426.91,67.2,411.69,69.26,15.36,,-0.001,0.0087,naive
1784236887.3144152,14.6299,2,426.85,67.79,411.69,69.26,15.24,,-0.0008,0.0086,naive
1784236887.3304367,14.6459,2,426.8,68.34,411.69,69.26,15.14,,-0.0008,0.0086,naive
1784236887.3473668,14.6629,2,426.73,68.91,411.69,69.26,15.04,,-0.0011,0.0084,naive
1784236887.3639722,14.6795,2,426.65,69.47,411.69,69.26,14.96,,-0.0011,0.0084,naive
1784236887.3810873,14.6966,2,426.58,70.04,411.69,69.26,14.91,,-0.0011,0.0084,naive
1784236887.3981807,14.7137,2,426.51,70.6,411.69,69.26,14.88,,-0.0011,0.0082,naive
1784236887.4154367,14.7309,2,426.43,71.17,411.69,69.26,14.87,,-0.0011,0.0082,naive
1784236887.4320827,14.7476,2,426.37,71.73,411.69,69.26,14.89,,-0.0009,0.0084,naive
1784236887.449514,14.765,2,426.31,72.32,411.69,69.26,14.94,,-0.0009,0.0084,naive
1784236887.4652731,14.7808,2,426.26,72.85,411.69,69.26,15.0,,-0.0009,0.0084,naive
1784236887.4832695,14.7988,3,426.17,73.42,514.29,98.62,91.65,TARGET_HIT,-0.0012,0.0078,naive
1784236887.5001395,14.8156,3,426.1,73.95,514.29,98.62,91.58,,-0.0012,0.0078,naive
1784236887.5171216,14.8326,3,426.02,74.5,514.29,98.62,91.51,,-0.0011,0.0082,naive
1784236887.5336652,14.8492,3,425.94,75.05,514.29,98.62,91.44,,-0.0011,0.0082,naive
1784236887.5495849,14.8651,3,425.86,75.57,514.29,98.62,91.39,,-0.0013,0.0082,naive
1784236887.5662389,14.8817,3,425.78,76.11,514.29,98.62,91.33,,-0.0013,0.0082,naive
1784236887.582916,14.8984,3,425.69,76.65,514.29,98.62,91.28,,-0.0013,0.0082,naive
1784236887.5992072,14.9147,3,425.59,77.15,514.29,98.62,91.27,,-0.0017,0.0076,naive
1784236887.6164458,14.932,3,425.47,77.68,514.29,98.62,91.26,,-0.0017,0.0076,naive
1784236887.6332257,14.9487,3,425.36,78.18,514.29,98.62,91.25,,-0.0017,0.0076,naive
1784236887.6501336,14.9656,3,425.25,78.7,514.29,98.62,91.24,,-0.0017,0.0076,naive
1784236887.6674654,14.983,3,425.13,79.2,514.29,98.62,91.25,,-0.0017,0.0073,naive
1784236887.6831274,14.9986,3,425.02,79.66,514.29,98.62,91.26,,-0.0017,0.0073,naive
1784236887.700207,15.0157,3,424.9,80.16,514.29,98.62,91.27,,-0.0017,0.0073,naive
1784236887.7166505,15.0322,3,424.8,80.65,514.29,98.62,91.27,,-0.0015,0.0074,naive
1784236887.7332957,15.0488,3,424.7,81.14,514.29,98.62,91.28,,-0.0015,0.0074,naive
1784236887.7499626,15.0655,3,424.66,81.64,514.29,98.62,91.23,,-0.0006,0.0075,naive
1784236887.7667136,15.0822,3,424.62,82.14,514.29,98.62,91.17,,-0.0006,0.0075,naive
1784236887.7834444,15.099,3,424.58,82.64,514.29,98.62,91.12,,-0.0006,0.0075,naive
1784236887.800714,15.1162,3,424.55,83.16,514.29,98.62,91.06,,-0.0005,0.0075,naive
1784236887.816424,15.1319,3,424.52,83.63,514.29,98.62,91.01,,-0.0005,0.0075,naive
1784236887.8333325,15.1488,3,424.64,84.09,514.29,98.62,90.82,,0.0017,0.0068,naive
1784236887.850401,15.1659,3,424.76,84.55,514.29,98.62,90.63,,0.0017,0.0068,naive
1784236887.86694,15.1824,3,425.09,85.03,514.29,98.62,90.23,,0.005,0.0073,naive
1784236887.8841572,15.1997,3,425.43,85.53,514.29,98.62,89.82,,0.005,0.0073,naive
1784236887.9014544,15.217,3,425.78,86.04,514.29,98.62,89.4,,0.005,0.0073,naive
1784236887.9181,15.2336,3,426.08,86.49,514.29,98.62,89.04,,0.0045,0.0067,naive
1784236887.9352088,15.2507,3,426.38,86.95,514.29,98.62,88.68,,0.0045,0.0067,naive
1784236887.9517968,15.2673,3,426.48,87.29,514.29,98.62,88.54,,0.0015,0.0052,naive
1784236887.9675386,15.283,3,426.57,87.62,514.29,98.62,88.4,,0.0015,0.0052,naive
1784236887.9840245,15.2995,3,426.51,87.91,514.29,98.62,88.43,,-0.001,0.0044,naive
1784236888.0008447,15.3164,3,426.45,88.21,514.29,98.62,88.46,,-0.001,0.0044,naive
1784236888.0165002,15.332,3,426.36,88.53,514.29,98.62,88.51,,-0.0014,0.0051,naive
1784236888.0331771,15.3487,3,426.26,88.88,514.29,98.62,88.57,,-0.0014,0.0051,naive
1784236888.049954,15.3655,3,426.16,89.22,514.29,98.62,88.63,,-0.0014,0.0051,naive
1784236888.0665267,15.382,3,426.05,89.56,514.29,98.62,88.71,,-0.0017,0.0051,naive
1784236888.08222,15.3977,3,425.94,89.88,514.29,98.62,88.78,,-0.0017,0.0051,naive
1784236888.0994802,15.415,3,425.74,90.23,514.29,98.62,88.95,,-0.003,0.0052,naive
1784236888.1155722,15.4311,3,425.54,90.57,514.29,98.62,89.11,,-0.003,0.0052,naive
1784236888.1319208,15.4474,3,425.22,90.92,514.29,98.62,89.4,,-0.0049,0.0054,naive
1784236888.1484492,15.464,3,424.9,91.27,514.29,98.62,89.7,,-0.0049,0.0054,naive
1784236888.165188,15.4807,3,424.5,91.64,514.29,98.62,90.06,,-0.0059,0.0056,naive
1784236888.1819818,15.4975,3,424.11,92.02,514.29,98.62,90.42,,-0.0059,0.0056,naive
1784236888.1986017,15.5141,3,423.81,92.42,514.29,98.62,90.69,,-0.0045,0.0061,naive
1784236888.2143075,15.5298,3,423.53,92.8,514.29,98.62,90.95,,-0.0045,0.0061,naive
1784236888.231771,15.5473,3,423.22,93.22,514.29,98.62,91.23,,-0.0045,0.0061,naive
1784236888.248356,15.5639,3,423.06,93.68,514.29,98.62,91.37,,-0.0024,0.0069,naive
1784236888.2651067,15.5806,3,422.9,94.15,514.29,98.62,91.5,,-0.0024,0.0069,naive
1784236888.2821486,15.5977,3,422.88,94.58,514.29,98.62,91.5,,-0.0002,0.0063,naive
1784236888.299499,15.615,3,422.86,95.02,514.29,98.62,91.5,,-0.0002,0.0063,naive
1784236888.3151383,15.6306,3,422.98,95.4,514.29,98.62,91.36,,0.0019,0.006,naive
1784236888.3316438,15.6472,3,423.11,95.8,514.29,98.62,91.23,,0.0019,0.006,naive
1784236888.3480878,15.6636,3,423.24,96.2,514.29,98.62,91.09,,0.0019,0.006,naive
1784236888.3646076,15.6801,3,423.52,96.56,514.29,98.62,90.79,,0.0043,0.0056,naive
1784236888.3810298,15.6965,3,423.81,96.93,514.29,98.62,90.5,,0.0043,0.0056,naive
1784236888.398287,15.7138,3,424.31,97.2,514.29,98.62,89.99,,0.0073,0.0038,naive
1784236888.415069,15.7306,3,424.8,97.45,514.29,98.62,89.5,,0.0073,0.0038,naive
1784236888.4330058,15.7485,3,425.52,97.77,514.29,98.62,88.78,,0.0101,0.0044,naive
1784236888.4505508,15.7661,3,426.23,98.08,514.29,98.62,88.07,,0.0101,0.0044,naive
1784236888.4670749,15.7826,3,426.89,98.36,514.29,98.62,87.4,,0.0101,0.0044,naive
1784236888.4840746,15.7996,3,427.61,98.64,514.29,98.62,86.69,,0.0105,0.0041,naive
1784236888.500642,15.8161,3,428.3,98.91,514.29,98.62,85.99,,0.0105,0.0041,naive
1784236888.516446,15.832,3,428.95,99.16,514.29,98.62,85.34,,0.0103,0.0039,naive
1784236888.5335224,15.849,3,429.66,99.43,514.29,98.62,84.64,,0.0103,0.0039,naive
1784236888.5501554,15.8657,3,430.34,99.69,514.29,98.62,83.95,,0.0103,0.0039,naive
1784236888.5672314,15.8827,3,431.02,99.96,514.29,98.62,83.28,,0.0099,0.004,naive
1784236888.5842338,15.8997,3,431.7,100.24,514.29,98.62,82.61,,0.0099,0.004,naive
1784236888.6007354,15.9162,3,432.38,100.49,514.29,98.62,81.93,,0.0104,0.0039,naive
1784236888.6168988,15.9324,3,433.05,100.74,514.29,98.62,81.27,,0.0104,0.0039,naive
1784236888.632981,15.9485,3,433.72,100.99,514.29,98.62,80.61,,0.0104,0.0039,naive
1784236888.6496606,15.9652,3,434.36,101.27,514.29,98.62,79.98,,0.0095,0.0041,naive
1784236888.6660671,15.9816,3,434.98,101.53,514.29,98.62,79.36,,0.0095,0.0041,naive
1784236888.6834,15.9989,3,435.63,101.8,514.29,98.62,78.73,,0.0093,0.0038,naive
1784236888.7006912,16.0162,3,436.27,102.06,514.29,98.62,78.1,,0.0093,0.0038,naive
1784236888.7166457,16.0322,3,436.87,102.29,514.29,98.62,77.51,,0.0093,0.0037,naive
1784236888.7334106,16.0489,3,437.49,102.54,514.29,98.62,76.9,,0.0093,0.0037,naive
1784236888.75057,16.0661,3,438.19,102.77,514.29,98.62,76.21,,0.0102,0.0033,naive
1784236888.7667637,16.0823,3,438.85,102.98,514.29,98.62,75.57,,0.0102,0.0033,naive
1784236888.7835252,16.099,3,439.53,103.2,514.29,98.62,74.9,,0.0102,0.0033,naive
1784236888.8009515,16.1165,3,440.24,103.42,514.29,98.62,74.2,,0.0102,0.0031,naive
1784236888.8181372,16.1336,3,440.95,103.63,514.29,98.62,73.52,,0.0102,0.0031,naive
1784236888.8353443,16.1509,3,441.67,103.78,514.29,98.62,72.81,,0.0105,0.0022,naive
1784236888.8534186,16.1689,3,442.43,103.94,514.29,98.62,72.06,,0.0105,0.0022,naive
1784236888.870495,16.186,3,443.24,104.12,514.29,98.62,71.26,,0.0119,0.0026,naive
1784236888.886128,16.2016,3,443.99,104.28,514.29,98.62,70.53,,0.0119,0.0026,naive
1784236888.9035523,16.2191,3,444.82,104.47,514.29,98.62,69.72,,0.0119,0.0026,naive
1784236888.9193647,16.2349,3,445.64,104.66,514.29,98.62,68.92,,0.0129,0.003,naive
1784236888.9366124,16.2521,3,446.53,104.87,514.29,98.62,68.05,,0.0129,0.003,naive
1784236888.9523115,16.2678,3,447.41,105.1,514.29,98.62,67.2,,0.0139,0.0037,naive
1784236888.9692705,16.2848,3,448.35,105.35,514.29,98.62,66.28,,0.0139,0.0037,naive
1784236888.986167,16.3017,3,449.32,105.63,514.29,98.62,65.35,,0.0144,0.0042,naive
1784236889.0026221,16.3181,3,450.27,105.9,514.29,98.62,64.44,,0.0144,0.0042,naive
1784236889.0190632,16.3346,3,451.21,106.18,514.29,98.62,63.53,,0.0144,0.0042,naive
1784236889.036822,16.3523,3,452.28,106.36,514.29,98.62,62.49,,0.015,0.0025,naive
1784236889.0530336,16.3685,3,453.26,106.53,514.29,98.62,61.55,,0.015,0.0025,naive
1784236889.0705054,16.386,3,454.39,106.65,514.29,98.62,60.43,,0.0163,0.0017,naive
1784236889.0864227,16.4019,3,455.43,106.75,514.29,98.62,59.42,,0.0163,0.0017,naive
1784236889.1032043,16.4187,3,456.56,106.84,514.29,98.62,58.32,,0.0168,0.0012,naive
1784236889.1198993,16.4354,3,457.68,106.92,514.29,98.62,57.22,,0.0168,0.0012,naive
1784236889.1362915,16.4518,3,458.78,107.0,514.29,98.62,56.14,,0.0168,0.0012,naive
1784236889.1530433,16.4686,3,459.93,107.02,514.29,98.62,55.01,,0.0171,0.0002,naive
1784236889.170333,16.4858,3,461.11,107.03,514.29,98.62,53.84,,0.0171,0.0002,naive
1784236889.1879294,16.5034,3,462.34,107.0,514.29,98.62,52.62,,0.0176,-0.0004,naive
1784236889.2035267,16.519,3,463.44,106.98,514.29,98.62,51.53,,0.0176,-0.0004,naive
1784236889.2203722,16.5359,3,464.62,106.92,514.29,98.62,50.36,,0.0175,-0.001,naive
1784236889.2371094,16.5526,3,465.8,106.85,514.29,98.62,49.19,,0.0175,-0.001,naive
1784236889.2541008,16.5696,3,466.99,106.78,514.29,98.62,48.0,,0.0175,-0.001,naive
1784236889.2710502,16.5866,3,468.21,106.61,514.29,98.62,46.77,,0.0181,-0.0025,naive
1784236889.288128,16.6036,3,469.45,106.44,514.29,98.62,45.52,,0.0181,-0.0025,naive
1784236889.3056414,16.6211,3,470.75,106.29,514.29,98.62,44.21,,0.0187,-0.0021,naive
1784236889.3211772,16.6367,3,471.91,106.16,514.29,98.62,43.04,,0.0187,-0.0021,naive
1784236889.33833,16.6538,3,473.2,106.01,514.29,98.62,41.76,,0.0187,-0.0021,naive
1784236889.35557,16.6711,3,474.46,105.79,514.29,98.62,40.47,,0.0184,-0.0032,naive
1784236889.3716066,16.6871,3,475.64,105.58,514.29,98.62,39.27,,0.0184,-0.0032,naive
1784236889.3873782,16.7029,3,476.78,105.32,514.29,98.62,38.11,,0.018,-0.0041,naive
1784236889.4044416,16.7199,3,478.01,105.04,514.29,98.62,36.85,,0.018,-0.0041,naive
1784236889.4209235,16.7364,3,479.2,104.77,514.29,98.62,35.63,,0.018,-0.0041,naive
1784236889.4367125,16.7522,3,480.33,104.54,514.29,98.62,34.47,,0.018,-0.0037,naive
1784236889.4533644,16.7689,3,481.53,104.29,514.29,98.62,33.25,,0.018,-0.0037,naive
1784236889.4703813,16.7859,3,482.73,104.03,514.29,98.62,32.03,,0.0176,-0.0039,naive
1784236889.4869082,16.8024,3,483.89,103.77,514.29,98.62,30.84,,0.0176,-0.0039,naive
1784236889.5024865,16.818,3,484.94,103.5,514.29,98.62,29.75,,0.017,-0.0044,naive
1784236889.5196898,16.8352,3,486.11,103.2,514.29,98.62,28.55,,0.017,-0.0044,naive
1784236889.5360978,16.8516,3,487.23,102.91,514.29,98.62,27.4,,0.017,-0.0044,naive
1784236889.5532207,16.8687,3,488.36,102.63,514.29,98.62,26.24,,0.0165,-0.0041,naive
1784236889.5702229,16.8857,3,489.48,102.35,514.29,98.62,25.09,,0.0165,-0.0041,naive
1784236889.5872679,16.9028,3,490.57,102.04,514.29,98.62,23.97,,0.016,-0.0046,naive
1784236889.6041899,16.9197,3,491.65,101.73,514.29,98.62,22.86,,0.016,-0.0046,naive
1784236889.6212823,16.9368,3,492.7,101.43,514.29,98.62,21.77,,0.0154,-0.0044,naive
1784236889.638003,16.9535,3,493.73,101.13,514.29,98.62,20.71,,0.0154,-0.0044,naive
1784236889.6551847,16.9707,3,494.72,100.88,514.29,98.62,19.7,,0.0144,-0.0037,naive
1784236889.6724122,16.9879,3,495.72,100.62,514.29,98.62,18.68,,0.0144,-0.0037,naive
1784236889.688164,17.0037,3,496.63,100.39,514.29,98.62,17.75,,0.0144,-0.0037,naive
1784236889.7051954,17.0207,3,497.48,100.08,514.29,98.62,16.88,,0.0125,-0.0045,naive
1784236889.7220879,17.0376,3,498.32,99.77,514.29,98.62,16.01,,0.0125,-0.0045,naive
1784236889.7395027,17.055,3,499.02,99.44,514.29,98.62,15.29,,0.0101,-0.0049,naive
1784236889.7556236,17.0711,3,499.67,99.12,514.29,98.62,14.63,,0.0101,-0.0049,naive
1784236889.7719104,17.0874,3,500.33,98.8,514.29,98.62,13.97,,0.0101,-0.0049,naive
1784236889.7884936,17.104,3,500.67,98.33,514.29,98.62,13.62,,0.0052,-0.0072,naive
1784236889.8053596,17.1209,3,501.02,97.84,514.29,98.62,13.29,,0.0052,-0.0072,naive
1784236889.822304,17.1378,3,501.3,97.34,514.29,98.62,13.05,,0.0042,-0.0074,naive
1784236889.839884,17.1554,3,501.6,96.82,514.29,98.62,12.82,,0.0042,-0.0074,naive
1784236889.8561924,17.1717,3,501.86,96.4,514.29,98.62,12.63,,0.004,-0.0065,naive
1784236889.8733945,17.1889,3,502.14,95.95,514.29,98.62,12.44,,0.004,-0.0065,naive
1784236889.89045,17.206,3,502.4,95.47,514.29,98.62,12.31,,0.0037,-0.0071,naive
1784236889.9072077,17.2227,3,502.65,94.99,514.29,98.62,12.2,,0.0037,-0.0071,naive
1784236889.9243026,17.2398,3,502.9,94.51,514.29,98.62,12.11,,0.0037,-0.0071,naive
1784236889.9411938,17.2567,3,503.2,94.09,514.29,98.62,11.99,,0.0043,-0.0062,naive
1784236889.958571,17.2741,3,503.5,93.66,514.29,98.62,11.88,,0.0043,-0.0062,naive
1784236889.9742014,17.2897,3,503.8,93.27,514.29,98.62,11.78,,0.0049,-0.0062,naive
1784236889.9908597,17.3064,3,504.12,92.86,514.29,98.62,11.69,,0.0049,-0.0062,naive
1784236890.0082982,17.3238,3,504.46,92.42,514.29,98.62,11.62,,0.0049,-0.0062,naive
1784236890.0252545,17.3408,3,504.85,91.99,514.29,98.62,11.54,,0.0057,-0.0064,naive
1784236890.0420322,17.3575,3,505.23,91.56,514.29,98.62,11.49,,0.0057,-0.0064,naive
1784236890.0591843,17.3747,3,505.71,91.18,514.29,98.62,11.36,,0.007,-0.0055,naive
1784236890.0761535,17.3917,3,506.18,90.81,514.29,98.62,11.26,,0.007,-0.0055,naive
1784236890.0931199,17.4086,3,506.65,90.43,514.29,98.62,11.2,,0.007,-0.0055,naive
1784236890.1097736,17.4253,3,507.14,90.04,514.29,98.62,11.17,,0.0074,-0.0059,naive
1784236890.126422,17.4419,3,507.63,89.65,514.29,98.62,11.17,,0.0074,-0.0059,naive
1784236890.143246,17.4588,3,508.21,89.28,514.29,98.62,11.14,,0.0086,-0.0055,naive
1784236890.1605072,17.476,3,508.81,88.9,514.29,98.62,11.16,,0.0086,-0.0055,naive
1784236890.1761732,17.4917,3,509.35,88.56,514.29,98.62,11.21,,0.0086,-0.0053,naive
1784236890.1934047,17.5089,3,509.94,88.19,514.29,98.62,11.3,,0.0086,-0.0053,naive
1784236890.2101338,17.5256,3,510.47,87.81,514.29,98.62,11.46,,0.0079,-0.0057,naive
1784236890.2273262,17.5428,4,511.01,87.43,669.43,72.75,159.1,TARGET_HIT,0.0079,-0.0057,naive
1784236890.2438996,17.5594,4,511.53,87.05,669.43,72.75,158.54,,0.0079,-0.0057,naive
1784236890.2611759,17.5767,4,512.05,86.71,669.43,72.75,158.0,,0.0074,-0.0049,naive
1784236890.2782924,17.5938,4,512.56,86.38,669.43,72.75,157.46,,0.0074,-0.0049,naive
1784236890.2953448,17.6109,4,513.07,86.04,669.43,72.75,156.93,,0.0074,-0.0049,naive
1784236890.3133311,17.6288,4,513.4,85.74,669.43,72.75,156.57,,0.0047,-0.0043,naive
1784236890.3299003,17.6454,4,513.71,85.45,669.43,72.75,156.23,,0.0047,-0.0043,naive
1784236890.3474548,17.663,4,513.92,85.26,669.43,72.75,156.01,,0.003,-0.0028,naive
1784236890.3632073,17.6787,4,514.11,85.08,669.43,72.75,155.8,,0.003,-0.0028,naive
1784236890.3804986,17.696,4,514.25,85.05,669.43,72.75,155.66,,0.002,-0.0005,naive
1784236890.396252,17.7118,4,514.38,85.01,669.43,72.75,155.53,,0.002,-0.0005,naive
1784236890.413155,17.7287,4,514.52,84.98,669.43,72.75,155.39,,0.002,-0.0005,naive
1784236890.4305642,17.7461,4,514.52,85.17,669.43,72.75,155.4,,0.0001,0.0027,naive
1784236890.4463756,17.7619,4,514.53,85.34,669.43,72.75,155.41,,0.0001,0.0027,naive
1784236890.4631286,17.7786,4,514.43,85.71,669.43,72.75,155.54,,-0.0015,0.0055,naive
1784236890.4801762,17.7957,4,514.32,86.08,669.43,72.75,155.68,,-0.0015,0.0055,naive
1784236890.4977157,17.8132,4,514.14,86.47,669.43,72.75,155.89,,-0.0026,0.0055,naive
1784236890.514307,17.8298,4,513.97,86.84,669.43,72.75,156.1,,-0.0026,0.0055,naive
1784236890.5309289,17.8464,4,513.79,87.21,669.43,72.75,156.3,,-0.0026,0.0055,naive
1784236890.5464563,17.862,4,513.68,87.57,669.43,72.75,156.45,,-0.0018,0.0058,naive
1784236890.5633256,17.8788,4,513.57,87.96,669.43,72.75,156.6,,-0.0018,0.0058,naive
1784236890.5804353,17.8959,4,513.67,88.29,669.43,72.75,156.53,,0.0015,0.0048,naive
1784236890.597245,17.9128,4,513.77,88.61,669.43,72.75,156.46,,0.0015,0.0048,naive
1784236890.614634,17.9301,4,514.26,88.84,669.43,72.75,156.0,,0.007,0.0033,naive
1784236890.6309626,17.9465,4,514.72,89.05,669.43,72.75,155.57,,0.007,0.0033,naive
1784236890.6482043,17.9637,4,515.2,89.28,669.43,72.75,155.11,,0.007,0.0033,naive
1784236890.6651952,17.9807,4,516.04,89.4,669.43,72.75,154.29,,0.0124,0.0017,naive
1784236890.682337,17.9978,4,516.89,89.52,669.43,72.75,153.45,,0.0124,0.0017,naive
1784236890.6989372,18.0144,4,517.96,89.42,669.43,72.75,152.38,,0.0161,-0.0014,naive
1784236890.7152407,18.0307,4,519.01,89.33,669.43,72.75,151.33,,0.0161,-0.0014,naive
1784236890.7318642,18.0474,4,520.08,89.23,669.43,72.75,150.26,,0.0161,-0.0014,naive
1784236890.748293,18.0638,4,521.26,88.91,669.43,72.75,149.04,,0.0181,-0.0048,naive
1784236890.7654977,18.081,4,522.51,88.58,669.43,72.75,147.77,,0.0181,-0.0048,naive
1784236890.7815616,18.0971,4,523.8,88.23,669.43,72.75,146.44,,0.0202,-0.0055,naive
1784236890.7980437,18.1136,4,525.13,87.86,669.43,72.75,145.08,,0.0202,-0.0055,naive
1784236890.815411,18.1309,4,526.54,87.4,669.43,72.75,143.63,,0.0203,-0.0067,naive
1784236890.8322062,18.1477,4,527.9,86.95,669.43,72.75,142.24,,0.0203,-0.0067,naive
1784236890.8482363,18.1637,4,529.2,86.52,669.43,72.75,140.9,,0.0203,-0.0067,naive
1784236890.8656237,18.1811,4,530.56,86.0,669.43,72.75,139.5,,0.0196,-0.0075,naive
1784236890.8815234,18.197,4,531.81,85.53,669.43,72.75,138.21,,0.0196,-0.0075,naive
1784236890.8980703,18.2136,4,533.07,85.05,669.43,72.75,136.91,,0.0191,-0.0072,naive
1784236890.9148984,18.2304,4,534.35,84.56,669.43,72.75,135.59,,0.0191,-0.0072,naive
1784236890.9304678,18.246,4,535.54,84.11,669.43,72.75,134.37,,0.0191,-0.0072,naive
1784236890.9471993,18.2627,4,536.79,83.65,669.43,72.75,133.08,,0.0187,-0.0069,naive
1784236890.9640615,18.2796,4,538.05,83.18,669.43,72.75,131.79,,0.0187,-0.0069,naive
1784236890.981245,18.2968,4,539.35,82.68,669.43,72.75,130.46,,0.0188,-0.0072,naive
1784236890.99823,18.3137,4,540.62,82.19,669.43,72.75,129.15,,0.0188,-0.0072,naive
1784236891.0154524,18.331,4,541.92,81.69,669.43,72.75,127.82,,0.0188,-0.0072,naive
1784236891.0331268,18.3486,4,543.23,81.16,669.43,72.75,126.48,,0.0186,-0.0076,naive
1784236891.0502853,18.3658,4,544.5,80.63,669.43,72.75,125.17,,0.0186,-0.0076,naive
1784236891.067359,18.3829,4,545.81,80.13,669.43,72.75,123.84,,0.0191,-0.0074,naive
1784236891.083905,18.3994,4,547.08,79.64,669.43,72.75,122.55,,0.0191,-0.0074,naive
1784236891.1003726,18.4159,4,548.38,79.12,669.43,72.75,121.21,,0.0199,-0.0079,naive
1784236891.1169734,18.4325,4,549.7,78.6,669.43,72.75,119.87,,0.0199,-0.0079,naive
1784236891.1336126,18.4491,4,551.03,78.04,669.43,72.75,118.51,,0.02,-0.0084,naive
1784236891.1498828,18.4654,4,552.34,77.49,669.43,72.75,117.19,,0.02,-0.0084,naive
1784236891.1673024,18.4828,4,553.77,76.94,669.43,72.75,115.74,,0.0206,-0.008,naive
1784236891.1844654,18.5,4,555.18,76.39,669.43,72.75,114.31,,0.0206,-0.008,naive
1784236891.2002344,18.5157,4,556.55,75.9,669.43,72.75,112.92,,0.0217,-0.0077,naive
1784236891.2173278,18.5328,4,558.03,75.38,669.43,72.75,111.43,,0.0217,-0.0077,naive
1784236891.2341688,18.5497,4,559.49,74.86,669.43,72.75,109.95,,0.0217,-0.0077,naive
1784236891.251013,18.5665,4,561.03,74.3,669.43,72.75,108.41,,0.0227,-0.0083,naive
1784236891.2681072,18.5836,4,562.58,73.73,669.43,72.75,106.85,,0.0227,-0.0083,naive
1784236891.2847998,18.6003,4,564.17,73.06,669.43,72.75,105.26,,0.0238,-0.0101,naive
1784236891.3006516,18.6162,4,565.67,72.42,669.43,72.75,103.76,,0.0238,-0.0101,naive
1784236891.3165426,18.632,4,567.31,71.74,669.43,72.75,102.12,,0.0258,-0.0107,naive
1784236891.3326435,18.6482,4,568.97,71.05,669.43,72.75,100.47,,0.0258,-0.0107,naive
1784236891.3491125,18.6646,4,570.67,70.34,669.43,72.75,98.78,,0.0258,-0.0107,naive
1784236891.3661146,18.6816,4,572.55,69.55,669.43,72.75,96.93,,0.0276,-0.0116,naive
1784236891.3826616,18.6982,4,574.38,68.79,669.43,72.75,95.13,,0.0276,-0.0116,naive
1784236891.3987505,18.7143,4,576.22,67.97,669.43,72.75,93.33,,0.0285,-0.0126,naive
1784236891.4145932,18.7301,4,578.03,67.17,669.43,72.75,91.57,,0.0285,-0.0126,naive
1784236891.43025,18.7458,4,579.89,66.35,669.43,72.75,89.77,,0.0297,-0.0131,naive
1784236891.4476511,18.7632,4,581.95,65.44,669.43,72.75,87.78,,0.0297,-0.0131,naive
1784236891.464258,18.7798,4,583.93,64.57,669.43,72.75,85.89,,0.0297,-0.0131,naive
1784236891.4814892,18.797,4,585.99,63.61,669.43,72.75,83.93,,0.03,-0.0139,naive
1784236891.497212,18.8127,4,587.88,62.74,669.43,72.75,82.16,,0.03,-0.0139,naive
1784236891.514337,18.8298,4,589.93,61.75,669.43,72.75,80.26,,0.0299,-0.0144,naive
1784236891.5314953,18.847,4,591.98,60.77,669.43,72.75,78.37,,0.0299,-0.0144,naive
1784236891.5472343,18.8627,4,593.86,59.86,669.43,72.75,76.66,,0.0299,-0.0144,naive
1784236891.5636787,18.8792,4,595.82,58.95,669.43,72.75,74.89,,0.0298,-0.0139,naive
1784236891.579246,18.8948,4,597.67,58.09,669.43,72.75,73.24,,0.0298,-0.0139,naive
1784236891.596421,18.9119,4,599.61,57.1,669.43,72.75,71.55,,0.0282,-0.0143,naive
1784236891.6133351,18.9288,4,601.51,56.13,669.43,72.75,69.92,,0.0282,-0.0143,naive
1784236891.6300125,18.9455,4,603.39,55.17,669.43,72.75,68.34,,0.0282,-0.0143,naive
1784236891.6472704,18.9628,4,605.1,54.17,669.43,72.75,66.96,,0.0247,-0.0146,naive
1784236891.6645734,18.9801,4,606.81,53.15,669.43,72.75,65.61,,0.0247,-0.0146,naive
1784236891.6808398,18.9963,4,608.42,52.2,669.43,72.75,64.38,,0.0247,-0.0146,naive
1784236891.697484,19.013,4,609.82,51.04,669.43,72.75,63.44,,0.021,-0.0174,naive
1784236891.713957,19.0295,4,611.21,49.9,669.43,72.75,62.55,,0.021,-0.0174,naive
1784236891.7302506,19.0458,4,612.18,48.49,669.43,72.75,62.17,,0.015,-0.0215,naive
1784236891.746844,19.0624,4,613.18,47.07,669.43,72.75,61.84,,0.015,-0.0215,naive
1784236891.7630413,19.0785,4,614.15,45.67,669.43,72.75,61.56,,0.015,-0.0215,naive
1784236891.7797263,19.0952,4,615.25,44.22,669.43,72.75,61.24,,0.0165,-0.0218,naive
1784236891.7954142,19.1109,4,616.28,42.84,669.43,72.75,60.99,,0.0165,-0.0218,naive
1784236891.811883,19.1274,4,617.37,41.37,669.43,72.75,60.79,,0.0165,-0.0224,naive
1784236891.8273811,19.1429,4,618.39,39.98,669.43,72.75,60.66,,0.0165,-0.0224,naive
1784236891.8444808,19.16,4,619.47,38.35,669.43,72.75,60.65,,0.0158,-0.0237,naive
1784236891.8613303,19.1768,4,620.54,36.75,669.43,72.75,60.71,,0.0158,-0.0237,naive
1784236891.878409,19.1939,4,621.62,35.13,669.43,72.75,60.84,,0.0158,-0.0237,naive
1784236891.895044,19.2106,4,622.75,33.51,669.43,72.75,60.98,,0.017,-0.0243,naive
1784236891.9117334,19.2272,4,623.89,31.89,669.43,72.75,61.19,,0.017,-0.0243,naive
1784236891.9274724,19.243,4,624.96,30.36,669.43,72.75,61.44,,0.017,-0.0243,naive
1784236891.945309,19.2608,4,626.16,28.57,669.43,72.75,61.84,,0.0167,-0.025,naive
1784236891.9634428,19.2789,4,627.26,26.62,669.43,72.75,62.5,,0.0152,-0.0268,naive
1784236891.980477,19.296,4,628.3,24.79,669.43,72.75,63.18,,0.0152,-0.0268,naive
1784236891.9977198,19.3132,4,629.35,22.94,669.43,72.75,63.93,,0.0152,-0.0268,naive
1784236892.0143604,19.3299,4,630.45,21.26,669.43,72.75,64.58,,0.0165,-0.0252,naive
1784236892.03121,19.3467,4,631.57,19.56,669.43,72.75,65.29,,0.0165,-0.0252,naive
1784236892.0482688,19.3638,4,632.87,18.27,669.43,72.75,65.62,,0.019,-0.019,naive
1784236892.0651863,19.3807,4,634.16,16.98,669.43,72.75,65.99,,0.019,-0.019,naive
1784236892.0821335,19.3976,4,635.45,15.7,669.43,72.75,66.41,,0.019,-0.019,naive
1784236892.0994077,19.4149,4,636.91,15.0,669.43,72.75,66.28,,0.0212,-0.0101,naive
1784236892.1153972,19.4309,4,638.26,14.35,669.43,72.75,66.2,,0.0212,-0.0101,naive
1784236892.133141,19.4486,4,639.68,14.55,669.43,72.75,65.37,,0.0199,0.0028,naive
1784236892.1500733,19.4656,4,641.02,14.74,669.43,72.75,64.6,,0.0199,0.0028,naive
1784236892.167319,19.4828,4,642.18,15.52,669.43,72.75,63.39,,0.0167,0.0113,naive
1784236892.1831908,19.4987,4,643.23,16.24,669.43,72.75,62.29,,0.0167,0.0113,naive
1784236892.1999397,19.5154,4,644.35,17.0,669.43,72.75,61.13,,0.0167,0.0113,naive
1784236892.2161112,19.5316,4,645.31,17.93,669.43,72.75,59.89,,0.0149,0.0144,naive
1784236892.2333603,19.5489,4,646.34,18.93,669.43,72.75,58.57,,0.0149,0.0144,naive
1784236892.2500236,19.5655,4,647.23,20.24,669.43,72.75,57.01,,0.0133,0.0197,naive
1784236892.2675087,19.583,4,648.16,21.62,669.43,72.75,55.38,,0.0133,0.0197,naive
1784236892.284023,19.5995,4,649.02,23.0,669.43,72.75,53.77,,0.0131,0.0209,naive
1784236892.3011684,19.6167,4,649.92,24.44,669.43,72.75,52.11,,0.0131,0.0209,naive
1784236892.3179388,19.6334,4,650.8,25.84,669.43,72.75,50.48,,0.0131,0.0209,naive
1784236892.3339767,19.6495,4,651.59,27.18,669.43,72.75,48.94,,0.0123,0.0208,naive
1784236892.3512568,19.6668,4,652.44,28.62,669.43,72.75,47.29,,0.0123,0.0208,naive
1784236892.3687105,19.6842,4,653.26,30.11,669.43,72.75,45.6,,0.0118,0.0214,naive
1784236892.3843923,19.6999,4,654.0,31.46,669.43,72.75,44.08,,0.0118,0.0214,naive
1784236892.4010599,19.7166,4,654.78,32.82,669.43,72.75,42.53,,0.0117,0.0204,naive
1784236892.417928,19.7334,4,655.57,34.2,669.43,72.75,40.97,,0.0117,0.0204,naive
1784236892.4343696,19.7499,4,656.33,35.55,669.43,72.75,39.45,,0.0117,0.0204,naive
1784236892.4510062,19.7665,4,657.0,36.92,669.43,72.75,37.93,,0.01,0.0207,naive
1784236892.4683678,19.7839,4,657.7,38.36,669.43,72.75,36.34,,0.01,0.0207,naive
1784236892.484993,19.8005,4,658.37,39.74,669.43,72.75,34.82,,0.01,0.0207,naive
1784236892.503068,19.8186,4,659.0,41.17,669.43,72.75,33.26,,0.0088,0.0198,naive
1784236892.5205586,19.8361,4,659.61,42.55,669.43,72.75,31.76,,0.0088,0.0198,naive
1784236892.536598,19.8521,4,660.15,43.83,669.43,72.75,30.37,,0.0085,0.0199,naive
1784236892.5521486,19.8677,4,660.68,45.07,669.43,72.75,29.04,,0.0085,0.0199,naive
1784236892.5691054,19.8846,4,661.22,46.41,669.43,72.75,27.6,,0.0079,0.0198,naive
1784236892.5859616,19.9015,4,661.75,47.74,669.43,72.75,26.16,,0.0079,0.0198,naive
1784236892.602601,19.9181,4,662.23,48.98,669.43,72.75,24.84,,0.0071,0.0187,naive
1784236892.6187701,19.9343,4,662.69,50.19,669.43,72.75,23.55,,0.0071,0.0187,naive
1784236892.634307,19.9498,4,663.13,51.35,669.43,72.75,22.31,,0.0071,0.0187,naive
1784236892.651119,19.9666,4,663.57,52.62,669.43,72.75,20.97,,0.0065,0.0188,naive
1784236892.6684394,19.9839,4,664.02,53.92,669.43,72.75,19.6,,0.0065,0.0188,naive
1784236892.6850328,20.0005,4,664.47,55.08,669.43,72.75,18.35,,0.0067,0.0176,naive
1784236892.7018635,20.0174,4,664.92,56.27,669.43,72.75,17.09,,0.0067,0.0176,naive
1784236892.7183409,20.0338,4,665.36,57.43,669.43,72.75,15.86,,0.0067,0.0176,naive
1784236892.7350335,20.0505,4,665.74,58.52,669.43,72.75,14.71,,0.0057,0.0163,naive
1784236892.7521806,20.0677,4,666.13,59.64,669.43,72.75,13.53,,0.0057,0.0163,naive
1784236892.768984,20.0845,4,666.46,60.77,669.43,72.75,12.34,,0.0049,0.0169,naive
1784236892.785551,20.1011,4,666.78,61.89,669.43,72.75,11.18,,0.0049,0.0169,naive
1784236892.8021226,20.1176,4,667.11,63.01,669.43,72.75,10.02,,0.0049,0.0169,naive
1784236892.8189988,20.1345,4,667.44,64.1,669.43,72.75,8.88,,0.0048,0.0162,naive
1784236892.836432,20.1519,4,667.77,65.23,669.43,72.75,7.71,,0.0048,0.0162,naive
1784236892.8533468,20.1689,4,668.04,66.32,669.43,72.75,6.58,,0.004,0.0162,naive
1784236892.870159,20.1857,4,668.31,67.41,669.43,72.75,5.46,,0.004,0.0162,naive
1784236892.887212,20.2027,4,668.63,68.55,669.43,72.75,4.28,,0.0047,0.0168,naive
1784236892.9044406,20.2199,4,668.95,69.71,669.43,72.75,3.08,,0.0047,0.0168,naive
1784236892.9210677,20.2366,4,669.26,70.83,669.43,72.75,1.93,,0.0047,0.0168,naive
1784236892.9382346,20.2537,4,669.61,71.95,669.43,72.75,0.83,,0.005,0.0163,naive
1784236892.9555402,20.271,4,669.95,73.07,669.43,72.75,0.61,,0.005,0.0163,naive
1784236892.9710536,20.2866,4,670.24,74.08,669.43,72.75,1.56,,0.0046,0.0163,naive
1784236892.988203,20.3037,4,670.55,75.2,669.43,72.75,2.69,,0.0046,0.0163,naive
1784236893.0048244,20.3203,4,670.86,76.27,669.43,72.75,3.8,,0.0046,0.0161,naive
1784236893.0209363,20.3364,4,671.16,77.31,669.43,72.75,4.87,,0.0046,0.0161,naive
1784236893.037224,20.3527,4,671.45,78.36,669.43,72.75,5.96,,0.0046,0.0161,naive
1784236893.053679,20.3692,4,671.7,79.28,669.43,72.75,6.91,,0.0038,0.014,naive
1784236893.069306,20.3848,4,671.94,80.16,669.43,72.75,7.82,,0.0038,0.014,naive
1784236893.085855,20.4014,4,672.05,81.01,669.43,72.75,8.66,,0.0017,0.0129,naive
1784236893.1014163,20.4169,4,672.16,81.82,669.43,72.75,9.46,,0.0017,0.0129,naive
1784236893.1183136,20.4338,4,672.26,82.74,669.43,72.75,10.38,,0.0016,0.0136,naive
1784236893.1351933,20.4507,4,672.37,83.66,669.43,72.75,11.29,,0.0016,0.0136,naive
1784236893.1523974,20.4679,4,672.47,84.59,669.43,72.75,12.22,,0.0016,0.0136,naive
1784236893.1692934,20.4848,4,672.48,85.36,669.43,72.75,12.97,,0.0002,0.0113,naive
1784236893.1859615,20.5015,4,672.49,86.11,669.43,72.75,13.7,,0.0002,0.0113,naive
1784236893.202125,20.5176,4,672.3,86.73,669.43,72.75,14.27,,-0.003,0.0096,naive
1784236893.2187972,20.5343,4,672.1,87.37,669.43,72.75,14.86,,-0.003,0.0096,naive
1784236893.2351704,20.5507,4,671.92,87.92,669.43,72.75,15.37,,-0.0028,0.0083,naive
1784236893.2519994,20.5675,5,671.73,88.48,69.42,346.87,655.4,TARGET_HIT,-0.0028,0.0083,naive
1784236893.2687593,20.5843,5,671.54,89.03,69.42,346.87,655.01,,-0.0028,0.0083,naive
1784236893.2843764,20.5999,5,671.13,89.11,69.42,346.87,654.6,,-0.0066,0.0012,naive
1784236893.3014638,20.617,5,670.68,89.19,69.42,346.87,654.15,,-0.0066,0.0012,naive
1784236893.317483,20.633,5,670.03,89.06,69.42,346.87,653.61,,-0.0101,-0.0021,naive
1784236893.3341913,20.6497,5,669.36,88.92,69.42,346.87,653.04,,-0.0101,-0.0021,naive
1784236893.3510225,20.6665,5,668.67,88.77,69.42,346.87,652.47,,-0.0101,-0.0021,naive
1784236893.3689907,20.6845,5,668.24,88.4,69.42,346.87,652.22,,-0.0061,-0.0053,naive
1784236893.3865573,20.7021,5,667.81,88.03,69.42,346.87,651.98,,-0.0061,-0.0053,naive
1784236893.4023092,20.7178,5,667.54,87.51,69.42,346.87,651.93,,-0.0044,-0.0081,naive
1784236893.4192393,20.7347,5,667.25,86.96,69.42,346.87,651.88,,-0.0044,-0.0081,naive
1784236893.4364834,20.752,5,667.01,86.39,69.42,346.87,651.9,,-0.0033,-0.0083,naive
1784236893.4522762,20.7678,5,666.8,85.87,69.42,346.87,651.91,,-0.0033,-0.0083,naive
1784236893.469774,20.7853,5,666.57,85.29,69.42,346.87,651.93,,-0.0033,-0.0083,naive
1784236893.4861543,20.8017,5,666.14,84.26,69.42,346.87,651.95,,-0.0066,-0.0156,naive
1784236893.5031,20.8186,5,665.69,83.21,69.42,346.87,651.97,,-0.0066,-0.0156,naive
1784236893.5206964,20.8362,5,664.74,81.63,69.42,346.87,651.73,,-0.0136,-0.0224,naive
1784236893.5372133,20.8527,5,663.84,80.14,69.42,346.87,651.52,,-0.0136,-0.0224,naive
1784236893.5540776,20.8696,5,662.82,78.77,69.42,346.87,651.16,,-0.0151,-0.0203,naive
1784236893.5707417,20.8862,5,661.82,77.42,69.42,346.87,650.8,,-0.0151,-0.0203,naive
1784236893.586948,20.9025,5,660.85,76.11,69.42,346.87,650.46,,-0.0151,-0.0203,naive
1784236893.604365,20.9199,5,659.59,75.06,69.42,346.87,649.76,,-0.018,-0.015,naive
1784236893.6215606,20.9371,5,658.36,74.03,69.42,346.87,649.07,,-0.018,-0.015,naive
1784236893.6379716,20.9535,5,657.17,73.05,69.42,346.87,648.41,,-0.018,-0.015,naive
1784236893.654252,20.9698,5,655.69,72.53,69.42,346.87,647.28,,-0.0228,-0.0079,naive
1784236893.6714337,20.9869,5,654.12,71.99,69.42,346.87,646.09,,-0.0228,-0.0079,naive
1784236893.6883132,21.0038,5,652.29,71.86,69.42,346.87,644.49,,-0.0272,-0.0019,naive
1784236893.705688,21.0212,5,650.4,71.72,69.42,346.87,642.84,,-0.0272,-0.0019,naive
1784236893.7214925,21.037,5,648.68,71.6,69.42,346.87,641.34,,-0.0272,-0.0019,naive
1784236893.7389793,21.0545,5,646.75,71.82,69.42,346.87,639.5,,-0.0276,0.0031,naive
1784236893.755692,21.0712,5,644.91,72.03,69.42,346.87,637.75,,-0.0276,0.0031,naive
1784236893.7714067,21.0869,5,643.15,72.69,69.42,346.87,635.88,,-0.028,0.0105,naive
1784236893.7882597,21.1038,5,641.27,73.39,69.42,346.87,633.88,,-0.028,0.0105,naive
1784236893.805383,21.1209,5,639.35,74.11,69.42,346.87,631.84,,-0.028,0.0105,naive
1784236893.823015,21.1385,5,636.97,74.76,69.42,346.87,629.42,,-0.0337,0.0092,naive
1784236893.84032,21.1558,5,634.64,75.4,69.42,346.87,627.04,,-0.0337,0.0092,naive
1784236893.8572397,21.1727,5,632.07,76.14,69.42,346.87,624.4,,-0.038,0.011,naive
1784236893.874288,21.1898,5,629.48,76.89,69.42,346.87,621.74,,-0.038,0.011,naive
1784236893.8914669,21.207,5,626.83,77.7,69.42,346.87,619.0,,-0.0386,0.0117,naive
1784236893.9080203,21.2235,5,624.28,78.47,69.42,346.87,616.37,,-0.0386,0.0117,naive
1784236893.9248416,21.2403,5,621.14,79.02,69.42,346.87,613.31,,-0.0466,0.0082,naive
1784236893.940671,21.2562,5,618.2,79.54,69.42,346.87,610.43,,-0.0466,0.0082,naive
1784236893.957067,21.2726,5,615.14,80.07,69.42,346.87,607.45,,-0.0466,0.0082,naive
1784236893.9749935,21.2905,5,611.6,80.69,69.42,346.87,604.0,,-0.0494,0.0086,naive
1784236893.9912179,21.3067,5,608.4,81.26,69.42,346.87,600.87,,-0.0494,0.0086,naive
1784236894.008005,21.3235,5,604.9,81.79,69.42,346.87,597.51,,-0.052,0.0079,naive
1784236894.0250642,21.3406,5,601.36,82.33,69.42,346.87,594.09,,-0.052,0.0079,naive
1784236894.0422323,21.3577,5,597.48,82.74,69.42,346.87,590.44,,-0.0564,0.006,naive
1784236894.0592592,21.3748,5,593.64,83.15,69.42,346.87,586.82,,-0.0564,0.006,naive
1784236894.0761633,21.3917,5,589.78,83.6,69.42,346.87,583.17,,-0.0571,0.0066,naive
1784236894.0932562,21.4088,5,585.87,84.05,69.42,346.87,579.48,,-0.0571,0.0066,naive
1784236894.109789,21.4253,5,581.94,84.37,69.42,346.87,575.84,,-0.0594,0.0048,naive
1784236894.1254926,21.441,5,578.21,84.67,69.42,346.87,572.38,,-0.0594,0.0048,naive
1784236894.141813,21.4573,5,574.05,84.83,69.42,346.87,568.61,,-0.0637,0.0026,naive
1784236894.1574087,21.4729,5,570.08,84.99,69.42,346.87,565.01,,-0.0637,0.0026,naive
1784236894.1745703,21.4901,5,565.7,85.17,69.42,346.87,561.06,,-0.0637,0.0026,naive
1784236894.1901476,21.5057,5,561.86,85.34,69.42,346.87,557.58,,-0.0616,0.0028,naive
1784236894.2073207,21.5228,5,557.63,85.53,69.42,346.87,553.76,,-0.0616,0.0028,naive
1784236894.2239738,21.5395,5,553.52,85.72,69.42,346.87,550.05,,-0.0616,0.0028,naive
1784236894.2414222,21.5569,5,549.19,85.61,69.42,346.87,546.3,,-0.0621,-0.0016,naive
1784236894.258071,21.5736,5,545.06,85.5,69.42,346.87,542.72,,-0.0621,-0.0016,naive
1784236894.275218,21.5907,5,540.95,85.12,69.42,346.87,539.31,,-0.0599,-0.0056,naive
1784236894.2917435,21.6073,5,537.0,84.75,69.42,346.87,536.04,,-0.0599,-0.0056,naive
1784236894.3082433,21.6238,5,533.35,84.23,69.42,346.87,533.12,,-0.0552,-0.0079,naive
1784236894.3250353,21.6405,5,529.64,83.7,69.42,346.87,530.15,,-0.0552,-0.0079,naive
1784236894.3420753,21.6576,5,526.2,82.71,69.42,346.87,527.66,,-0.0505,-0.0145,naive
1784236894.3591654,21.6747,5,522.75,81.72,69.42,346.87,525.18,,-0.0505,-0.0145,naive
1784236894.3765552,21.6921,5,519.24,80.71,69.42,346.87,522.67,,-0.0505,-0.0145,naive
1784236894.3922076,21.7077,5,516.4,79.82,69.42,346.87,520.69,,-0.0453,-0.0142,naive
1784236894.4090838,21.7246,5,513.35,78.86,69.42,346.87,518.56,,-0.0453,-0.0142,naive
1784236894.4265206,21.742,5,510.72,78.32,69.42,346.87,516.59,,-0.0376,-0.0077,naive
1784236894.4433448,21.7589,5,508.19,77.81,69.42,346.87,514.7,,-0.0376,-0.0077,naive
1784236894.4600139,21.7755,5,505.68,77.29,69.42,346.87,512.83,,-0.0376,-0.0077,naive
1784236894.476915,21.7924,5,503.34,77.16,69.42,346.87,510.91,,-0.0346,-0.0019,naive
1784236894.494128,21.8096,5,500.96,77.03,69.42,346.87,508.96,,-0.0346,-0.0019,naive
1784236894.51104,21.8265,5,498.72,77.52,69.42,346.87,506.8,,-0.0331,0.0072,naive
1784236894.5282292,21.8437,5,496.44,78.01,69.42,346.87,504.61,,-0.0331,0.0072,naive
1784236894.5452752,21.8608,5,494.51,79.15,69.42,346.87,502.37,,-0.0282,0.0168,naive
1784236894.5623484,21.8779,5,492.59,80.3,69.42,346.87,500.13,,-0.0282,0.0168,naive
1784236894.5790312,21.8945,5,490.7,81.42,69.42,346.87,497.94,,-0.0282,0.0168,naive
1784236894.5963924,21.9119,5,489.07,83.22,69.42,346.87,495.6,,-0.0236,0.026,naive
1784236894.613223,21.9287,5,487.48,84.97,69.42,346.87,493.32,,-0.0236,0.026,naive
1784236894.6301148,21.9456,5,485.92,86.96,69.42,346.87,490.95,,-0.0231,0.0294,naive
1784236894.6468253,21.9623,5,484.38,88.92,69.42,346.87,488.6,,-0.0231,0.0294,naive
1784236894.6630602,21.9786,5,482.78,91.01,69.42,346.87,486.14,,-0.0246,0.0321,naive
1784236894.6804805,21.996,5,481.06,93.25,69.42,346.87,483.5,,-0.0246,0.0321,naive
1784236894.6961205,22.0116,5,479.52,95.41,69.42,346.87,481.06,,-0.0246,0.0346,naive
1784236894.7133486,22.0289,5,477.82,97.8,69.42,346.87,478.36,,-0.0246,0.0346,naive
1784236894.7300518,22.0456,5,476.18,100.11,69.42,346.87,475.76,,-0.0246,0.0346,naive
1784236894.7473562,22.0629,5,474.49,102.67,69.42,346.87,472.99,,-0.0244,0.0369,naive
1784236894.7643232,22.0798,5,472.83,105.17,69.42,346.87,470.28,,-0.0244,0.0369,naive
1784236894.7812731,22.0968,5,471.1,107.78,69.42,346.87,467.46,,-0.0255,0.0385,naive
1784236894.7981336,22.1136,5,469.38,110.38,69.42,346.87,464.65,,-0.0255,0.0385,naive
1784236894.8151388,22.1306,5,467.53,113.07,69.42,346.87,461.69,,-0.0272,0.0395,naive
1784236894.8331234,22.1486,5,465.58,115.91,69.42,346.87,458.57,,-0.0272,0.0395,naive
1784236894.850275,22.1658,5,463.58,118.68,69.42,346.87,455.45,,-0.0292,0.0404,naive
1784236894.8673787,22.1829,5,461.58,121.44,69.42,346.87,452.34,,-0.0292,0.0404,naive
1784236894.8843231,22.1998,5,459.61,124.18,69.42,346.87,449.26,,-0.0292,0.0404,naive
1784236894.901673,22.2172,5,457.38,127.03,69.42,346.87,445.91,,-0.0321,0.0411,naive
1784236894.918207,22.2337,5,455.25,129.75,69.42,346.87,442.73,,-0.0321,0.0411,naive
1784236894.9352968,22.2508,5,452.88,132.47,69.42,346.87,439.33,,-0.0347,0.0397,naive
1784236894.9520938,22.2676,5,450.56,135.13,69.42,346.87,436.0,,-0.0347,0.0397,naive
1784236894.9692035,22.2847,5,447.94,137.82,69.42,346.87,432.41,,-0.0383,0.0393,naive
1784236894.9862733,22.3018,5,445.32,140.51,69.42,346.87,428.82,,-0.0383,0.0393,naive
1784236895.0029967,22.3185,5,442.63,143.12,69.42,346.87,425.2,,-0.0403,0.039,naive
1784236895.0190387,22.3345,5,440.04,145.62,69.42,346.87,421.73,,-0.0403,0.039,naive
1784236895.0362527,22.3518,5,437.26,148.31,69.42,346.87,418.01,,-0.0403,0.039,naive
1784236895.0533335,22.3688,5,434.43,150.97,69.42,346.87,414.26,,-0.0415,0.039,naive
1784236895.0705006,22.386,5,431.58,153.65,69.42,346.87,410.48,,-0.0415,0.039,naive
1784236895.0862076,22.4017,5,428.76,156.07,69.42,346.87,406.85,,-0.045,0.0386,naive
1784236895.1030989,22.4186,5,425.72,158.68,69.42,346.87,402.95,,-0.045,0.0386,naive
1784236895.1200583,22.4356,5,422.5,161.31,69.42,346.87,398.88,,-0.0474,0.0388,naive
1784236895.1371202,22.4526,5,419.27,163.96,69.42,346.87,394.78,,-0.0474,0.0388,naive
1784236895.1543713,22.4699,5,415.95,166.64,69.42,346.87,390.59,,-0.0482,0.0389,naive
1784236895.1712346,22.4867,5,412.7,169.27,69.42,346.87,386.5,,-0.0482,0.0389,naive
1784236895.1883817,22.5039,5,409.26,171.94,69.42,346.87,382.22,,-0.0501,0.0389,naive
1784236895.2055697,22.5211,5,405.82,174.61,69.42,346.87,377.94,,-0.0501,0.0389,naive
1784236895.221494,22.537,5,402.63,177.09,69.42,346.87,373.97,,-0.0501,0.0389,naive
1784236895.2379956,22.5535,5,399.14,179.6,69.42,346.87,369.72,,-0.0528,0.038,naive
1784236895.2551937,22.5707,5,395.51,182.21,69.42,346.87,365.3,,-0.0528,0.038,naive
1784236895.271648,22.5872,5,391.98,184.72,69.42,346.87,361.02,,-0.0536,0.0382,naive
1784236895.2877731,22.6033,5,388.52,187.19,69.42,346.87,356.82,,-0.0536,0.0382,naive
1784236895.3035204,22.619,5,385.14,189.59,69.42,346.87,352.73,,-0.0536,0.0382,naive
1784236895.3192532,22.6348,5,381.93,192.07,69.42,346.87,348.75,,-0.051,0.0393,naive
1784236895.3361025,22.6516,5,378.5,194.72,69.42,346.87,344.5,,-0.051,0.0393,naive
1784236895.3529696,22.6685,5,375.14,197.37,69.42,346.87,340.32,,-0.0497,0.0393,naive
1784236895.3702877,22.6858,5,371.7,200.09,69.42,346.87,336.03,,-0.0497,0.0393,naive
1784236895.3872194,22.7027,5,368.29,202.69,69.42,346.87,331.83,,-0.0503,0.0383,naive
1784236895.403854,22.7194,5,364.94,205.24,69.42,346.87,327.71,,-0.0503,0.0383,naive
1784236895.419514,22.735,5,361.79,207.64,69.42,346.87,323.83,,-0.0503,0.0383,naive
1784236895.4350843,22.7506,5,358.64,209.98,69.42,346.87,319.99,,-0.0505,0.0376,naive
1784236895.4522562,22.7678,5,355.18,212.56,69.42,346.87,315.75,,-0.0505,0.0376,naive
1784236895.4692557,22.7848,5,351.7,215.1,69.42,346.87,311.52,,-0.0512,0.0373,naive
1784236895.4861655,22.8017,5,348.24,217.63,69.42,346.87,307.32,,-0.0512,0.0373,naive
1784236895.5031347,22.8186,5,344.74,220.14,69.42,346.87,303.09,,-0.0516,0.037,naive
1784236895.5198772,22.8354,5,341.28,222.61,69.42,346.87,298.91,,-0.0516,0.037,naive
1784236895.5361216,22.8516,5,337.93,225.02,69.42,346.87,294.87,,-0.0516,0.037,naive
1784236895.5533473,22.8689,5,334.34,227.6,69.42,346.87,290.54,,-0.0521,0.0374,naive
1784236895.5702884,22.8858,5,330.82,230.13,69.42,346.87,286.28,,-0.0521,0.0374,naive
1784236895.586943,22.9024,5,327.36,232.62,69.42,346.87,282.11,,-0.0519,0.0374,naive
1784236895.603234,22.9187,5,323.98,235.06,69.42,346.87,278.03,,-0.0519,0.0374,naive
1784236895.6200178,22.9355,5,320.49,237.57,69.42,346.87,273.83,,-0.0519,0.0374,naive
1784236895.6368606,22.9524,5,316.98,240.12,69.42,346.87,269.59,,-0.0522,0.0378,naive
1784236895.6529949,22.9685,5,313.61,242.56,69.42,346.87,265.54,,-0.0522,0.0378,naive
1784236895.670447,22.986,5,309.9,245.23,69.42,346.87,261.08,,-0.0532,0.0383,naive
1784236895.6878989,23.0034,5,306.18,247.9,69.42,346.87,256.62,,-0.0532,0.0383,naive
1784236895.7048447,23.0204,5,302.56,250.49,69.42,346.87,252.27,,-0.0535,0.0383,naive
1784236895.7211509,23.0367,5,299.07,252.99,69.42,346.87,248.1,,-0.0535,0.0383,naive
1784236895.738154,23.0537,5,295.44,255.6,69.42,346.87,243.75,,-0.0535,0.0383,naive
1784236895.7548287,23.0703,5,291.86,258.21,69.42,346.87,239.46,,-0.0536,0.0392,naive
1784236895.770452,23.086,5,288.51,260.66,69.42,346.87,235.45,,-0.0536,0.0392,naive
1784236895.787542,23.103,5,284.83,263.33,69.42,346.87,231.04,,-0.0539,0.0391,naive
1784236895.8043272,23.1198,5,281.21,265.95,69.42,346.87,226.73,,-0.0539,0.0391,naive
1784236895.821358,23.1369,5,277.56,268.59,69.42,346.87,222.38,,-0.0536,0.0386,naive
1784236895.8383768,23.1539,5,273.92,271.22,69.42,346.87,218.04,,-0.0536,0.0386,naive
1784236895.8553927,23.1709,5,270.27,273.84,69.42,346.87,213.72,,-0.0536,0.0386,naive
1784236895.8734038,23.1889,5,266.46,276.67,69.42,346.87,209.17,,-0.0529,0.0392,naive
1784236895.8900414,23.2055,5,262.93,279.27,69.42,346.87,204.98,,-0.0529,0.0392,naive
1784236895.907058,23.2226,5,259.39,281.9,69.42,346.87,200.78,,-0.052,0.0386,naive
1784236895.9240782,23.2396,5,255.85,284.52,69.42,346.87,196.58,,-0.052,0.0386,naive
1784236895.9405894,23.2561,5,252.42,287.06,69.42,346.87,192.53,,-0.0519,0.0384,naive
1784236895.9571083,23.2726,5,248.99,289.6,69.42,346.87,188.49,,-0.0519,0.0384,naive
1784236895.9741206,23.2896,5,245.5,292.24,69.42,346.87,184.37,,-0.0513,0.0388,naive
1784236895.9911342,23.3066,5,242.01,294.88,69.42,346.87,180.26,,-0.0513,0.0388,naive
1784236896.0081494,23.3237,5,238.52,297.52,69.42,346.87,176.16,,-0.0513,0.0388,naive
1784236896.0256653,23.3412,5,235.0,300.22,69.42,346.87,172.02,,-0.0503,0.0386,naive
1784236896.0416782,23.3572,5,231.77,302.7,69.42,346.87,168.26,,-0.0503,0.0386,naive
1784236896.0577726,23.3733,5,228.55,305.19,69.42,346.87,164.5,,-0.0501,0.0388,naive
1784236896.073328,23.3888,5,225.43,307.6,69.42,346.87,160.88,,-0.0501,0.0388,naive
1784236896.090425,23.4059,5,222.02,310.28,69.42,346.87,156.93,,-0.0498,0.0391,naive
1784236896.1069531,23.4225,5,218.73,312.86,69.42,346.87,153.14,,-0.0498,0.0391,naive
1784236896.1243105,23.4398,5,215.32,315.58,69.42,346.87,149.22,,-0.0492,0.0392,naive
1784236896.1409488,23.4565,5,212.04,318.18,69.42,346.87,145.48,,-0.0492,0.0392,naive
1784236896.1574461,23.473,5,208.79,320.77,69.42,346.87,141.8,,-0.0492,0.0392,naive
1784236896.1739688,23.4895,5,205.54,323.33,69.42,346.87,138.14,,-0.0492,0.0388,naive
1784236896.1913924,23.5069,5,202.11,326.04,69.42,346.87,134.32,,-0.0492,0.0388,naive
1784236896.2083297,23.5238,5,198.85,328.45,69.42,346.87,130.74,,-0.0481,0.0356,naive
1784236896.2251918,23.5407,5,195.61,330.85,69.42,346.87,127.21,,-0.0481,0.0356,naive
1784236896.24177,23.5573,5,192.68,333.08,69.42,346.87,124.03,,-0.0442,0.0336,naive
1784236896.2577655,23.5733,5,189.85,335.23,69.42,346.87,121.0,,-0.0442,0.0336,naive
1784236896.2741392,23.5896,5,186.96,337.44,69.42,346.87,117.92,,-0.0442,0.0336,naive
1784236896.2913957,23.6069,5,184.07,339.58,69.42,346.87,114.88,,-0.0419,0.0311,naive
1784236896.3083,23.6238,5,181.23,341.69,69.42,346.87,111.93,,-0.0419,0.0311,naive
1784236896.3254428,23.6409,5,178.63,343.26,69.42,346.87,109.27,,-0.0379,0.0229,naive
1784236896.3420877,23.6576,5,176.11,344.79,69.42,346.87,106.71,,-0.0379,0.0229,naive
1784236896.359227,23.6747,5,173.98,346.04,69.42,346.87,104.56,,-0.0311,0.0182,naive
1784236896.375947,23.6915,5,171.9,347.26,69.42,346.87,102.48,,-0.0311,0.0182,naive
1784236896.3917782,23.7073,5,170.3,348.05,69.42,346.87,100.89,,-0.0252,0.0125,naive
1784236896.4082935,23.7238,5,168.64,348.88,69.42,346.87,99.24,,-0.0252,0.0125,naive
1784236896.4249687,23.7405,5,166.96,349.71,69.42,346.87,97.59,,-0.0252,0.0125,naive
1784236896.4415836,23.7571,5,165.62,350.21,69.42,346.87,96.26,,-0.0202,0.0074,naive
1784236896.4570541,23.7726,5,164.37,350.67,69.42,346.87,95.03,,-0.0202,0.0074,naive
1784236896.4740946,23.7896,5,163.28,350.94,69.42,346.87,93.95,,-0.0159,0.004,naive
1784236896.491175,23.8067,5,162.19,351.22,69.42,346.87,92.88,,-0.0159,0.004,naive
1784236896.508254,23.8238,5,161.33,351.24,69.42,346.87,92.01,,-0.0127,0.0004,naive
1784236896.5249622,23.8405,5,160.48,351.27,69.42,346.87,91.17,,-0.0127,0.0004,naive
1784236896.541492,23.857,5,159.64,351.29,69.42,346.87,90.33,,-0.0127,0.0004,naive
1784236896.5570867,23.8726,5,158.95,351.39,69.42,346.87,89.65,,-0.011,0.0016,naive
1784236896.5735683,23.8891,5,158.23,351.5,69.42,346.87,88.93,,-0.011,0.0016,naive
1784236896.589292,23.9048,5,157.6,351.55,69.42,346.87,88.3,,-0.01,0.0008,naive
1784236896.6064117,23.9219,5,156.91,351.61,69.42,346.87,87.62,,-0.01,0.0008,naive
1784236896.623365,23.9389,5,156.22,351.49,69.42,346.87,86.92,,-0.0102,-0.0018,naive
1784236896.6401997,23.9557,5,155.53,351.37,69.42,346.87,86.23,,-0.0102,-0.0018,naive
1784236896.6569116,23.9724,5,154.85,351.25,69.42,346.87,85.54,,-0.0102,-0.0018,naive
1784236896.673158,23.9887,5,154.22,351.12,69.42,346.87,84.91,,-0.0096,-0.0021,naive
1784236896.6902475,24.0058,5,153.57,350.97,69.42,346.87,84.25,,-0.0096,-0.0021,naive
1784236896.7070107,24.0225,5,152.96,350.82,69.42,346.87,83.63,,-0.0091,-0.0023,naive
1784236896.7239616,24.0395,5,152.34,350.67,69.42,346.87,83.01,,-0.0091,-0.0023,naive
1784236896.739565,24.0551,5,151.69,350.48,69.42,346.87,82.35,,-0.0103,-0.0029,naive
1784236896.756329,24.0718,5,151.0,350.29,69.42,346.87,81.65,,-0.0103,-0.0029,naive
1784236896.773016,24.0885,5,150.07,350.02,69.42,346.87,80.72,,-0.0139,-0.004,naive
1784236896.789707,24.1052,5,149.14,349.75,69.42,346.87,79.78,,-0.0139,-0.004,naive
1784236896.8055687,24.1211,5,148.26,349.5,69.42,346.87,78.89,,-0.0139,-0.004,naive
1784236896.8211,24.1366,5,147.21,349.33,69.42,346.87,77.83,,-0.0169,-0.0027,naive
1784236896.8379574,24.1535,5,146.08,349.15,69.42,346.87,76.69,,-0.0169,-0.0027,naive
1784236896.8553462,24.1709,5,144.65,349.08,69.42,346.87,75.26,,-0.0205,-0.0009,naive
1784236896.8731666,24.1887,5,143.19,349.02,69.42,346.87,73.8,,-0.0205,-0.0009,naive
1784236896.8903413,24.2058,5,141.78,348.96,69.42,346.87,72.39,,-0.0205,-0.0009,naive
1784236896.9073815,24.2229,5,139.95,348.87,69.42,346.87,70.56,,-0.0269,-0.0013,naive
1784236896.9242737,24.2398,5,138.13,348.78,69.42,346.87,68.74,,-0.0269,-0.0013,naive
1784236896.9410083,24.2565,5,136.13,348.8,69.42,346.87,66.74,,-0.0299,0.0003,naive
1784236896.9583933,24.2739,5,134.06,348.82,69.42,346.87,64.67,,-0.0299,0.0003,naive
1784236896.9750302,24.2905,5,132.14,348.99,69.42,346.87,62.76,,-0.0288,0.0025,naive
1784236896.9919877,24.3075,5,130.19,349.16,69.42,346.87,60.82,,-0.0288,0.0025,naive
1784236897.0089314,24.3244,5,128.12,349.3,69.42,346.87,58.75,,-0.0306,0.0021,naive
1784236897.025177,24.3407,5,126.13,349.44,69.42,346.87,56.77,,-0.0306,0.0021,naive
1784236897.0422275,24.3577,5,124.05,349.58,69.42,346.87,54.69,,-0.0306,0.0021,naive
1784236897.058976,24.3745,5,121.97,349.76,69.42,346.87,52.63,,-0.031,0.0028,naive
1784236897.0764575,24.392,5,119.97,350.07,69.42,346.87,50.65,,-0.0287,0.0044,naive
1784236897.093139,24.4086,5,118.05,350.37,69.42,346.87,48.76,,-0.0287,0.0044,naive
1784236897.1102037,24.4257,5,116.1,350.67,69.42,346.87,46.83,,-0.0287,0.0044,naive
1784236897.1270673,24.4426,5,114.16,350.9,69.42,346.87,44.92,,-0.0288,0.0034,naive
1784236897.1440458,24.4596,5,112.2,351.13,69.42,346.87,43.0,,-0.0288,0.0034,naive
1784236897.160765,24.4763,5,110.36,351.39,69.42,346.87,41.19,,-0.0275,0.0038,naive
1784236897.1773086,24.4928,5,108.54,351.64,69.42,346.87,39.42,,-0.0275,0.0038,naive
1784236897.1940928,24.5096,5,106.83,351.89,69.42,346.87,37.74,,-0.0256,0.0037,naive
1784236897.2110364,24.5265,5,105.09,352.14,69.42,346.87,36.06,,-0.0256,0.0037,naive
1784236897.228576,24.5441,5,103.29,352.4,69.42,346.87,34.33,,-0.0256,0.0037,naive
1784236897.2451162,24.5606,5,101.71,352.62,69.42,346.87,32.8,,-0.0239,0.0032,naive
1784236897.262293,24.5778,5,100.07,352.84,69.42,346.87,31.23,,-0.0239,0.0032,naive
1784236897.2793033,24.5948,5,98.61,353.01,69.42,346.87,29.83,,-0.0214,0.0025,naive
1784236897.296126,24.6116,5,97.17,353.17,69.42,346.87,28.45,,-0.0214,0.0025,naive
1784236897.3130875,24.6286,5,95.99,353.32,69.42,346.87,27.35,,-0.0173,0.0021,naive
1784236897.3295577,24.6451,5,94.86,353.45,69.42,346.87,26.28,,-0.0173,0.0021,naive
1784236897.345247,24.6608,5,93.77,353.59,69.42,346.87,25.26,,-0.0173,0.0021,naive
1784236897.3618033,24.6773,5,92.97,353.78,69.42,346.87,24.55,,-0.0121,0.0029,naive
1784236897.3780172,24.6935,5,92.19,353.97,69.42,346.87,23.85,,-0.0121,0.0029,naive
1784236897.3950877,24.7106,5,91.51,354.12,69.42,346.87,23.25,,-0.01,0.0022,naive
1784236897.4123368,24.7278,5,90.82,354.27,69.42,346.87,22.64,,-0.01,0.0022,naive
1784236897.4289792,24.7445,5,90.2,354.35,69.42,346.87,22.09,,-0.0093,0.0013,naive
1784236897.444463,24.76,5,89.63,354.43,69.42,346.87,21.58,,-0.0093,0.0013,naive
1784236897.4611552,24.7767,5,89.01,354.52,69.42,346.87,21.03,,-0.0093,0.0013,naive
1784236897.4783463,24.7939,5,88.48,354.6,69.42,346.87,20.57,,-0.0077,0.0012,naive
1784236897.4953477,24.8109,5,87.96,354.69,69.42,346.87,20.12,,-0.0077,0.0012,naive
1784236897.5121043,24.8276,5,87.58,354.83,69.42,346.87,19.83,,-0.0057,0.0022,naive
1784236897.5291467,24.8447,5,87.19,354.98,69.42,346.87,19.54,,-0.0057,0.0022,naive
1784236897.5461073,24.8616,5,86.71,355.02,69.42,346.87,19.12,,-0.0071,0.0006,naive
1784236897.5629191,24.8784,5,86.24,355.06,69.42,346.87,18.71,,-0.0071,0.0006,naive
1784236897.5793397,24.8948,5,85.78,355.1,69.42,346.87,18.31,,-0.0071,0.0006,naive
1784236897.5962818,24.9118,5,85.22,355.08,69.42,346.87,17.8,,-0.0083,-0.0004,naive
1784236897.6133318,24.9288,5,84.65,355.05,69.42,346.87,17.29,,-0.0083,-0.0004,naive
1784236897.6301491,24.9457,5,84.18,355.13,69.42,346.87,16.92,,-0.007,0.0012,naive
1784236897.647099,24.9626,5,83.71,355.21,69.42,346.87,16.55,,-0.007,0.0012,naive
1784236897.6639593,24.9795,5,83.12,355.21,69.42,346.87,16.04,,-0.0088,-0.0,naive
1784236897.6797748,24.9953,5,82.56,355.21,69.42,346.87,15.57,,-0.0088,-0.0,naive
1784236897.6962492,25.0118,5,81.94,355.19,69.42,346.87,15.03,,-0.0095,-0.0003,naive
1784236897.7129683,25.0285,5,81.3,355.17,69.42,346.87,14.49,,-0.0095,-0.0003,naive
1784236897.7297738,25.0453,5,80.66,355.15,69.42,346.87,13.96,,-0.0095,-0.0003,naive
1784236897.7461586,25.0617,5,80.14,355.2,69.42,346.87,13.57,,-0.008,0.0007,naive
1784236897.7631595,25.0787,5,79.59,355.24,69.42,346.87,13.18,,-0.008,0.0007,naive
1784236897.7804415,25.0959,5,78.98,355.24,69.42,346.87,12.7,,-0.0089,-0.0001,naive
1784236897.796931,25.1124,5,78.39,355.24,69.42,346.87,12.26,,-0.0089,-0.0001,naive
1784236897.8142266,25.1297,5,77.8,355.27,69.42,346.87,11.87,,-0.0085,0.0005,naive
1784236897.8311625,25.1467,5,77.23,355.31,69.42,346.87,11.5,,-0.0085,0.0005,naive
1784236897.848505,25.164,5,76.79,355.42,69.42,346.87,11.29,,-0.0064,0.0016,naive
1784236897.8644712,25.18,5,76.38,355.53,69.42,346.87,11.11,,-0.0064,0.0016,naive
1784236897.8812835,25.1968,5,75.95,355.66,69.42,346.87,10.96,,-0.0064,0.002,naive
1784236897.898189,25.2137,5,75.52,355.8,69.42,346.87,10.82,,-0.0064,0.002,naive
1784236897.9148307,25.2303,5,75.1,355.93,69.42,346.87,10.7,,-0.0064,0.002,naive
1784236897.9304216,25.2459,5,74.72,356.06,69.42,346.87,10.61,,-0.0062,0.0021,naive
1784236897.9460704,25.2616,5,74.33,356.19,69.42,346.87,10.54,,-0.0062,0.0021,naive
1784236897.9632201,25.2787,5,73.98,356.35,69.42,346.87,10.52,,-0.0051,0.0023,naive
1784236897.9796982,25.2952,5,73.65,356.5,69.42,346.87,10.52,,-0.0051,0.0023,naive
1784236897.9962716,25.3118,5,73.34,356.65,69.42,346.87,10.53,,-0.0048,0.0022,naive
1784236898.0132031,25.3287,5,73.01,356.79,69.42,346.87,10.56,,-0.0048,0.0022,naive
1784236898.0304415,25.3459,5,72.69,356.94,69.42,346.87,10.59,,-0.0048,0.0022,naive
1784236898.0475209,25.363,6,72.36,357.07,287.38,99.03,335.88,TARGET_HIT,-0.0047,0.0018,naive
1784236898.063331,25.3788,6,72.06,357.18,287.38,99.03,336.16,,-0.0047,0.0018,naive
1784236898.0795827,25.3951,6,71.8,357.28,287.38,99.03,336.4,,-0.004,0.0016,naive
1784236898.095284,25.4108,6,71.55,357.38,287.38,99.03,336.64,,-0.004,0.0016,naive
1784236898.1123579,25.4279,6,71.29,357.46,287.38,99.03,336.86,,-0.0038,0.0011,naive
1784236898.1290753,25.4446,6,71.04,357.53,287.38,99.03,337.08,,-0.0038,0.0011,naive
1784236898.146475,25.462,6,70.78,357.61,287.38,99.03,337.31,,-0.0038,0.0011,naive
1784236898.1629326,25.4784,6,70.54,357.62,287.38,99.03,337.47,,-0.0035,0.0002,naive
1784236898.1802208,25.4957,6,70.3,357.63,287.38,99.03,337.63,,-0.0035,0.0002,naive
1784236898.1973279,25.5128,6,70.09,357.6,287.38,99.03,337.74,,-0.003,-0.0004,naive
1784236898.214185,25.5297,6,69.89,357.57,287.38,99.03,337.85,,-0.003,-0.0004,naive
1784236898.2306936,25.5462,6,69.69,357.54,287.38,99.03,337.95,,-0.003,-0.0004,naive
1784236898.247053,25.5626,6,69.52,357.49,287.38,99.03,338.02,,-0.0026,-0.0008,naive
1784236898.2642643,25.5798,6,69.35,357.43,287.38,99.03,338.1,,-0.0026,-0.0008,naive
1784236898.281403,25.5969,6,69.27,357.29,287.38,99.03,338.04,,-0.0012,-0.0021,naive
1784236898.2985804,25.6141,6,69.18,357.15,287.38,99.03,337.98,,-0.0012,-0.0021,naive
1784236898.3146174,25.6301,6,69.31,356.93,287.38,99.03,337.74,,0.0019,-0.0034,naive
1784236898.331047,25.6466,6,69.44,356.71,287.38,99.03,337.48,,0.0019,-0.0034,naive
1784236898.348657,25.6642,6,69.57,356.47,287.38,99.03,337.21,,0.0019,-0.0034,naive
1784236898.364436,25.6799,6,69.84,356.15,287.38,99.03,336.8,,0.0042,-0.005,naive
1784236898.3815293,25.697,6,70.13,355.81,287.38,99.03,336.35,,0.0042,-0.005,naive
1784236898.3982618,25.7138,6,70.69,355.25,287.38,99.03,335.56,,0.0084,-0.0085,naive
1784236898.4154336,25.7309,6,71.26,354.66,287.38,99.03,334.74,,0.0084,-0.0085,naive
1784236898.4319384,25.7474,6,72.11,353.89,287.38,99.03,333.61,,0.0128,-0.0117,naive
1784236898.4475744,25.7631,6,72.91,353.16,287.38,99.03,332.54,,0.0128,-0.0117,naive
1784236898.4631715,25.7787,6,73.85,352.27,287.38,99.03,331.25,,0.0151,-0.0142,naive
1784236898.4799902,25.7955,6,74.87,351.32,287.38,99.03,329.86,,0.0151,-0.0142,naive
1784236898.4967918,25.8123,6,75.88,350.36,287.38,99.03,328.48,,0.0151,-0.0142,naive
1784236898.513319,25.8288,6,76.97,349.2,287.38,99.03,326.88,,0.0165,-0.0176,naive
1784236898.5308182,25.8463,6,78.13,347.96,287.38,99.03,325.2,,0.0165,-0.0176,naive
1784236898.546724,25.8622,6,79.41,346.61,287.38,99.03,323.34,,0.0201,-0.0212,naive
1784236898.5634089,25.8789,6,80.75,345.19,287.38,99.03,321.39,,0.0201,-0.0212,naive
1784236898.5795405,25.895,6,82.33,343.75,287.38,99.03,319.27,,0.0243,-0.0224,naive
1784236898.5952773,25.9108,6,83.86,342.34,287.38,99.03,317.2,,0.0243,-0.0224,naive
1784236898.6130729,25.9286,6,85.59,340.74,287.38,99.03,314.87,,0.0243,-0.0224,naive
1784236898.630575,25.9461,6,87.36,339.09,287.38,99.03,312.47,,0.0252,-0.0236,naive
1784236898.6469736,25.9625,6,89.01,337.54,287.38,99.03,310.22,,0.0252,-0.0236,naive
1784236898.6644204,25.9799,6,90.69,335.7,287.38,99.03,307.73,,0.0241,-0.0264,naive
1784236898.6814625,25.997,6,92.34,333.9,287.38,99.03,305.29,,0.0241,-0.0264,naive
1784236898.6979713,26.0135,6,93.94,332.0,287.38,99.03,302.81,,0.0242,-0.0288,naive
1784236898.7146208,26.0301,6,95.55,330.08,287.38,99.03,300.3,,0.0242,-0.0288,naive
1784236898.7302167,26.0457,6,97.06,328.29,287.38,99.03,297.96,,0.0242,-0.0288,naive
1784236898.7474573,26.063,6,98.82,326.13,287.38,99.03,295.18,,0.0254,-0.0313,naive
1784236898.7641892,26.0797,6,100.52,324.04,287.38,99.03,292.48,,0.0254,-0.0313,naive
1784236898.7809858,26.0965,6,102.2,321.74,287.38,99.03,289.64,,0.0251,-0.0342,naive
1784236898.7984223,26.1139,6,103.96,319.36,287.38,99.03,286.68,,0.0251,-0.0342,naive
1784236898.8153174,26.1308,6,105.54,316.74,287.38,99.03,283.66,,0.0234,-0.0388,naive
1784236898.8320053,26.1475,6,107.11,314.15,287.38,99.03,280.67,,0.0234,-0.0388,naive
1784236898.8485136,26.164,6,108.65,311.59,287.38,99.03,277.71,,0.0234,-0.0388,naive
1784236898.8644018,26.1799,6,110.12,309.01,287.38,99.03,274.8,,0.0231,-0.0405,naive
1784236898.8815527,26.1971,6,111.7,306.24,287.38,99.03,271.65,,0.0231,-0.0405,naive
1784236898.8974557,26.213,6,113.14,303.56,287.38,99.03,268.68,,0.0227,-0.042,naive
1784236898.9139383,26.2294,6,114.64,300.79,287.38,99.03,265.6,,0.0227,-0.042,naive
1784236898.9303226,26.2458,6,116.12,298.03,287.38,99.03,262.55,,0.0227,-0.042,naive
1784236898.947451,26.263,6,117.76,295.02,287.38,99.03,259.2,,0.0239,-0.044,naive
1784236898.9644341,26.2799,6,119.38,292.04,287.38,99.03,255.88,,0.0239,-0.044,naive
1784236898.9814968,26.297,6,121.05,289.05,287.38,99.03,252.53,,0.0245,-0.0437,naive
1784236898.9973974,26.3129,6,122.6,286.27,287.38,99.03,249.42,,0.0245,-0.0437,naive
1784236899.0144827,26.33,6,124.2,283.18,287.38,99.03,246.05,,0.0233,-0.0452,naive
1784236899.0307934,26.3463,6,125.72,280.23,287.38,99.03,242.83,,0.0233,-0.0452,naive
1784236899.0470197,26.3625,6,127.24,277.3,287.38,99.03,239.64,,0.0233,-0.0452,naive
1784236899.0636015,26.3791,6,128.78,274.2,287.38,99.03,236.29,,0.0233,-0.0468,naive
1784236899.0801845,26.3957,6,130.33,271.09,287.38,99.03,232.95,,0.0233,-0.0468,naive
1784236899.0976403,26.4131,6,131.96,267.88,287.38,99.03,229.49,,0.0233,-0.046,naive
1784236899.1132739,26.4288,6,133.42,265.0,287.38,99.03,226.38,,0.0233,-0.046,naive
1784236899.1298463,26.4454,6,134.97,261.91,287.38,99.03,223.06,,0.0233,-0.0467,naive
1784236899.1453967,26.4609,6,136.42,259.0,287.38,99.03,219.95,,0.0233,-0.0467,naive
1784236899.1623397,26.4778,6,138.0,255.83,287.38,99.03,216.57,,0.0233,-0.0467,naive
1784236899.179235,26.4947,6,139.58,252.69,287.38,99.03,213.2,,0.0234,-0.0466,naive
1784236899.1964226,26.5119,6,141.2,249.49,287.38,99.03,209.78,,0.0234,-0.0466,naive
1784236899.2133768,26.5289,6,142.79,246.33,287.38,99.03,206.41,,0.0234,-0.0466,naive
1784236899.2301922,26.5457,6,144.37,243.31,287.38,99.03,203.14,,0.0235,-0.0449,naive
1784236899.247357,26.5629,6,145.98,240.22,287.38,99.03,199.82,,0.0235,-0.0449,naive
1784236899.264682,26.5802,6,147.57,237.1,287.38,99.03,196.49,,0.0228,-0.0451,naive
1784236899.2807682,26.5963,6,149.04,234.19,287.38,99.03,193.41,,0.0228,-0.0451,naive
1784236899.2963862,26.6119,6,150.46,231.37,287.38,99.03,190.42,,0.0228,-0.0451,naive
1784236899.31306,26.6286,6,151.96,228.42,287.38,99.03,187.29,,0.0225,-0.0444,naive
1784236899.3304963,26.646,6,153.53,225.32,287.38,99.03,184.02,,0.0225,-0.0444,naive
1784236899.3463573,26.6619,6,154.95,222.54,287.38,99.03,181.08,,0.0223,-0.0439,naive
1784236899.3630917,26.6786,6,156.44,219.6,287.38,99.03,177.99,,0.0223,-0.0439,naive
1784236899.3800664,26.6956,6,157.98,216.64,287.38,99.03,174.86,,0.0226,-0.0436,naive
1784236899.3967524,26.7123,6,159.48,213.73,287.38,99.03,171.79,,0.0226,-0.0436,naive
1784236899.413067,26.7286,6,160.96,210.89,287.38,99.03,168.8,,0.0226,-0.0436,naive
1784236899.4296932,26.7452,6,162.4,208.01,287.38,99.03,165.81,,0.0218,-0.0433,naive
1784236899.4456491,26.7612,6,163.79,205.24,287.38,99.03,162.95,,0.0218,-0.0433,naive
1784236899.4618154,26.7773,6,165.2,202.44,287.38,99.03,160.07,,0.0218,-0.0433,naive
1784236899.477436,26.7929,6,166.56,199.73,287.38,99.03,157.28,,0.0218,-0.0433,naive
1784236899.494402,26.8099,6,168.06,196.79,287.38,99.03,154.25,,0.0222,-0.0432,naive
1784236899.511633,26.8271,6,169.59,193.81,287.38,99.03,151.19,,0.0222,-0.0432,naive
1784236899.528026,26.8435,6,170.99,190.97,287.38,99.03,148.33,,0.0213,-0.0433,naive
1784236899.5454419,26.8609,6,172.47,187.96,287.38,99.03,145.3,,0.0213,-0.0433,naive
1784236899.562307,26.8778,6,173.86,185.11,287.38,99.03,142.46,,0.0206,-0.0423,naive
1784236899.5789957,26.8945,6,175.23,182.28,287.38,99.03,139.67,,0.0206,-0.0423,naive
1784236899.5951543,26.9107,6,176.57,179.53,287.38,99.03,136.96,,0.0207,-0.0427,naive
1784236899.6122139,26.9277,6,177.99,176.61,287.38,99.03,134.11,,0.0207,-0.0427,naive
1784236899.6292224,26.9447,6,179.4,173.71,287.38,99.03,131.29,,0.0207,-0.0427,naive
1784236899.6464686,26.962,6,180.83,170.77,287.38,99.03,128.45,,0.0207,-0.0427,naive
1784236899.663104,26.9786,6,182.18,167.95,287.38,99.03,125.77,,0.0202,-0.0424,naive
1784236899.679978,26.9955,6,183.54,165.08,287.38,99.03,123.07,,0.0202,-0.0424,naive
1784236899.6970026,27.0125,6,184.98,162.07,287.38,99.03,120.24,,0.0211,-0.0443,naive
1784236899.7139986,27.0295,6,186.42,159.05,287.38,99.03,117.45,,0.0211,-0.0443,naive
1784236899.731435,27.0469,6,187.89,155.96,287.38,99.03,114.62,,0.0211,-0.0443,naive
1784236899.74738,27.0629,6,189.22,153.11,287.38,99.03,112.07,,0.0208,-0.0446,naive
1784236899.764249,27.0798,6,190.62,150.1,287.38,99.03,109.41,,0.0208,-0.0446,naive
1784236899.78136,27.0969,6,192.04,147.05,287.38,99.03,106.75,,0.0208,-0.0446,naive
1784236899.7981737,27.1137,6,193.32,144.09,287.38,99.03,104.3,,0.019,-0.0439,naive
1784236899.815176,27.1307,6,194.61,141.11,287.38,99.03,101.86,,0.019,-0.0439,naive
1784236899.8323128,27.1478,6,195.75,138.44,287.38,99.03,99.75,,0.0165,-0.039,naive
1784236899.849013,27.1645,6,196.85,135.83,287.38,99.03,97.73,,0.0165,-0.039,naive
1784236899.8660142,27.1815,6,197.97,133.18,287.38,99.03,95.71,,0.0165,-0.039,naive
1784236899.8832338,27.1987,6,198.71,130.98,287.38,99.03,94.25,,0.0108,-0.0319,naive
1784236899.900078,27.2156,6,199.44,128.83,287.38,99.03,92.85,,0.0108,-0.0319,naive
1784236899.9173732,27.2329,6,199.83,127.29,287.38,99.03,92.0,,0.0055,-0.0223,naive
1784236899.9342794,27.2498,6,200.2,125.78,287.38,99.03,91.19,,0.0055,-0.0223,naive
1784236899.9509985,27.2665,6,200.55,124.77,287.38,99.03,90.56,,0.0053,-0.015,naive
1784236899.9678597,27.2834,6,200.91,123.76,287.38,99.03,89.94,,0.0053,-0.015,naive
1784236899.9842129,27.2997,6,201.25,122.78,287.38,99.03,89.34,,0.0053,-0.015,naive
1784236900.0018477,27.3174,6,201.61,121.91,287.38,99.03,88.77,,0.005,-0.0124,naive
1784236900.0173323,27.3328,6,201.92,121.14,287.38,99.03,88.27,,0.005,-0.0124,naive
1784236900.0343566,27.3499,6,202.16,120.32,287.38,99.03,87.84,,0.0035,-0.0121,naive
1784236900.0514948,27.367,6,202.39,119.49,287.38,99.03,87.42,,0.0035,-0.0121,naive
1784236900.067097,27.3826,6,202.61,118.73,287.38,99.03,87.03,,0.0035,-0.0121,naive
1784236900.084571,27.4001,6,202.91,117.97,287.38,99.03,86.57,,0.0044,-0.0108,naive
1784236900.1001759,27.4157,6,203.19,117.3,287.38,99.03,86.15,,0.0044,-0.0108,naive
1784236900.1167915,27.4323,6,203.51,116.62,287.38,99.03,85.69,,0.0049,-0.0103,naive
1784236900.1324983,27.448,6,203.82,115.97,287.38,99.03,85.26,,0.0049,-0.0103,naive
1784236900.1492066,27.4647,6,204.15,115.29,287.38,99.03,84.81,,0.0049,-0.0103,naive
1784236900.16625,27.4818,6,204.46,114.73,287.38,99.03,84.39,,0.0046,-0.0082,naive
1784236900.1827905,27.4983,6,204.77,114.19,287.38,99.03,83.99,,0.0046,-0.0082,naive
1784236900.1993682,27.5149,6,205.08,113.67,287.38,99.03,83.6,,0.0046,-0.0078,naive
1784236900.2166388,27.5321,6,205.39,113.14,287.38,99.03,83.19,,0.0046,-0.0078,naive
1784236900.2322633,27.5478,6,205.68,112.65,287.38,99.03,82.83,,0.0046,-0.0078,naive
1784236900.2494996,27.565,6,206.03,112.19,287.38,99.03,82.41,,0.0051,-0.0068,naive
1784236900.2660718,27.5816,6,206.37,111.74,287.38,99.03,82.0,,0.0051,-0.0068,naive
1784236900.2829397,27.5984,6,206.87,111.29,287.38,99.03,81.44,,0.0074,-0.0066,naive
1784236900.2998981,27.6154,6,207.37,110.84,287.38,99.03,80.87,,0.0074,-0.0066,naive
1784236900.3172605,27.6328,6,207.89,110.37,287.38,99.03,80.3,,0.0074,-0.0066,naive
1784236900.3340275,27.6495,6,208.58,109.84,287.38,99.03,79.54,,0.0103,-0.0079,naive
1784236900.3511508,27.6667,6,209.29,109.3,287.38,99.03,78.76,,0.0103,-0.0079,naive
1784236900.3681228,27.6836,6,210.27,108.69,287.38,99.03,77.72,,0.0144,-0.009,naive
1784236900.3852458,27.7008,6,211.25,108.08,287.38,99.03,76.67,,0.0144,-0.009,naive
1784236900.40188,27.7174,6,212.51,107.35,287.38,99.03,75.33,,0.0189,-0.0109,naive
1784236900.4180646,27.7336,6,213.74,106.65,287.38,99.03,74.04,,0.0189,-0.0109,naive
1784236900.4350646,27.7506,6,215.37,105.76,287.38,99.03,72.33,,0.024,-0.0131,naive
1784236900.4529226,27.7684,6,217.09,104.83,287.38,99.03,70.53,,0.024,-0.0131,naive
1784236900.4688876,27.7844,6,218.62,103.99,287.38,99.03,68.94,,0.024,-0.0131,naive
1784236900.4868228,27.8023,6,220.61,103.02,287.38,99.03,66.89,,0.0277,-0.0136,naive
1784236900.5030198,27.8185,6,222.41,102.13,287.38,99.03,65.05,,0.0277,-0.0136,naive
1784236900.5200663,27.8356,6,224.57,100.94,287.38,99.03,62.84,,0.0317,-0.0175,naive
1784236900.5376408,27.8531,6,226.8,99.71,287.38,99.03,60.59,,0.0317,-0.0175,naive
1784236900.5536873,27.8692,6,229.11,98.66,287.38,99.03,58.27,,0.0361,-0.0163,naive
1784236900.569364,27.8849,6,231.38,97.64,287.38,99.03,56.02,,0.0361,-0.0163,naive
1784236900.5860167,27.9015,6,233.84,96.55,287.38,99.03,53.6,,0.037,-0.0164,naive
1784236900.6025426,27.918,6,236.29,95.47,287.38,99.03,51.22,,0.037,-0.0164,naive
1784236900.6182458,27.9338,6,238.62,94.44,287.38,99.03,48.98,,0.037,-0.0164,naive
1784236900.635192,27.9507,6,240.95,93.2,287.38,99.03,46.8,,0.0343,-0.0182,naive
1784236900.65198,27.9675,6,243.25,91.98,287.38,99.03,44.69,,0.0343,-0.0182,naive
1784236900.6690974,27.9846,6,245.52,90.75,287.38,99.03,42.67,,0.0332,-0.0179,naive
1784236900.6855986,28.0011,6,247.71,89.57,287.38,99.03,40.78,,0.0332,-0.0179,naive
1784236900.701567,28.0171,6,249.83,88.43,287.38,99.03,39.02,,0.0332,-0.0179,naive
1784236900.7174516,28.033,6,251.76,87.26,287.38,99.03,37.51,,0.0304,-0.0184,naive
1784236900.7331867,28.0487,6,253.67,86.11,287.38,99.03,36.1,,0.0304,-0.0184,naive
1784236900.7499704,28.0655,6,255.26,84.68,287.38,99.03,35.18,,0.0236,-0.0212,naive
1784236900.76705,28.0826,6,256.88,83.23,287.38,99.03,34.35,,0.0236,-0.0212,naive
1784236900.784296,28.0998,6,258.51,81.77,287.38,99.03,33.64,,0.0236,-0.0212,naive
1784236900.8001244,28.1156,6,259.52,80.05,287.38,99.03,33.72,,0.016,-0.0272,naive
1784236900.8171904,28.1327,6,260.61,78.19,287.38,99.03,33.93,,0.016,-0.0272,naive
1784236900.8342364,28.1497,6,261.17,76.11,287.38,99.03,34.82,,0.0082,-0.0305,naive
1784236900.8512404,28.1667,6,261.73,74.04,287.38,99.03,35.81,,0.0082,-0.0305,naive
1784236900.8678799,28.1834,6,262.16,72.26,287.38,99.03,36.78,,0.0064,-0.0268,naive
1784236900.884104,28.1996,6,262.58,70.52,287.38,99.03,37.79,,0.0064,-0.0268,naive
1784236900.900885,28.2164,6,262.8,69.04,287.38,99.03,38.79,,0.0032,-0.0221,naive
1784236900.9170861,28.2326,6,263.01,67.6,287.38,99.03,39.78,,0.0032,-0.0221,naive
1784236900.9341962,28.2497,6,263.23,66.09,287.38,99.03,40.85,,0.0032,-0.0221,naive
1784236900.9514272,28.2669,6,263.17,64.69,287.38,99.03,42.02,,-0.0009,-0.0202,naive
1784236900.968381,28.2839,6,263.11,63.32,287.38,99.03,43.18,,-0.0009,-0.0202,naive
1784236900.9854248,28.3009,6,262.96,62.35,287.38,99.03,44.07,,-0.0022,-0.0143,naive
1784236901.0033302,28.3188,6,262.81,61.32,287.38,99.03,45.01,,-0.0022,-0.0143,naive
1784236901.020063,28.3356,6,262.66,60.37,287.38,99.03,45.89,,-0.0022,-0.0143,naive
1784236901.0365481,28.3521,6,262.52,59.78,287.38,99.03,46.47,,-0.0021,-0.0089,naive
1784236901.0521595,28.3677,6,262.39,59.22,287.38,99.03,47.01,,-0.0021,-0.0089,naive
1784236901.0691628,28.3847,6,262.2,58.87,287.38,99.03,47.41,,-0.0028,-0.0052,naive
1784236901.0861073,28.4016,6,262.01,58.52,287.38,99.03,47.81,,-0.0028,-0.0052,naive
1784236901.1034143,28.4189,6,261.82,58.37,287.38,99.03,48.03,,-0.0028,-0.0021,naive
1784236901.1191614,28.4347,6,261.65,58.24,287.38,99.03,48.24,,-0.0028,-0.0021,naive
1784236901.1366277,28.4521,6,261.45,58.09,287.38,99.03,48.47,,-0.0028,-0.0021,naive
1784236901.1521614,28.4677,6,261.35,58.19,287.38,99.03,48.44,,-0.0017,0.0016,naive
1784236901.169493,28.485,6,261.23,58.3,287.38,99.03,48.41,,-0.0017,0.0016,naive
1784236901.1860678,28.5016,6,261.17,58.66,287.38,99.03,48.14,,-0.0009,0.0054,naive
1784236901.2033,28.5188,6,261.11,59.03,287.38,99.03,47.86,,-0.0009,0.0054,naive
1784236901.2199597,28.5355,6,261.05,59.39,287.38,99.03,47.59,,-0.0009,0.0054,naive
1784236901.2356908,28.5512,6,260.95,59.92,287.38,99.03,47.21,,-0.0016,0.0085,naive
1784236901.252066,28.5676,6,260.84,60.48,287.38,99.03,46.8,,-0.0016,0.0085,naive
1784236901.2685535,28.5841,6,260.68,61.21,287.38,99.03,46.3,,-0.0024,0.0111,naive
1784236901.284125,28.5996,6,260.54,61.9,287.38,99.03,45.82,,-0.0024,0.0111,naive
1784236901.301099,28.6166,6,260.37,62.65,287.38,99.03,45.31,,-0.0024,0.0111,naive
1784236901.3185298,28.634,6,260.21,63.8,287.38,99.03,44.49,,-0.0023,0.0164,naive
1784236901.3341098,28.6496,6,260.07,64.82,287.38,99.03,43.78,,-0.0023,0.0164,naive
1784236901.3511593,28.6667,6,259.92,66.05,287.38,99.03,42.92,,-0.0022,0.018,naive
1784236901.36808,28.6836,6,259.77,67.26,287.38,99.03,42.1,,-0.0022,0.018,naive
1784236901.3847265,28.7002,6,259.56,68.48,287.38,99.03,41.33,,-0.0031,0.0182,naive
1784236901.400592,28.7161,6,259.36,69.63,287.38,99.03,40.62,,-0.0031,0.0182,naive
1784236901.416335,28.7318,6,259.16,70.78,287.38,99.03,39.93,,-0.0031,0.0182,naive
1784236901.4329953,28.7485,6,259.03,71.97,287.38,99.03,39.19,,-0.0019,0.0179,naive
1784236901.4503095,28.7658,6,259.03,73.12,287.38,99.03,38.41,,-0.0001,0.0167,naive
1784236901.4670618,28.7826,6,259.02,74.24,287.38,99.03,37.67,,-0.0001,0.0167,naive
1784236901.4844685,28.8,6,259.02,75.4,287.38,99.03,36.92,,-0.0001,0.0167,naive
1784236901.5013509,28.8169,6,259.18,76.39,287.38,99.03,36.17,,0.0024,0.0146,naive
1784236901.5185864,28.8341,6,259.35,77.4,287.38,99.03,35.41,,0.0024,0.0146,naive
1784236901.5352027,28.8507,6,259.71,78.31,287.38,99.03,34.57,,0.0055,0.0138,naive
1784236901.5517359,28.8672,6,260.07,79.22,287.38,99.03,33.74,,0.0055,0.0138,naive
1784236901.5673335,28.8828,6,260.55,80.09,287.38,99.03,32.84,,0.0076,0.014,naive
1784236901.584495,28.9,6,261.08,81.05,287.38,99.03,31.86,,0.0076,0.014,naive
1784236901.6015077,28.917,6,261.6,82.01,287.38,99.03,30.9,,0.0076,0.014,naive
1784236901.6180673,28.9336,6,262.19,82.76,287.38,99.03,29.99,,0.009,0.0114,naive
1784236901.6352558,28.9508,6,262.82,83.54,287.38,99.03,29.04,,0.009,0.0114,naive
1784236901.651989,28.9675,6,263.41,84.34,287.38,99.03,28.12,,0.0089,0.0119,naive
1784236901.6691751,28.9847,6,264.02,85.16,287.38,99.03,27.17,,0.0089,0.0119,naive
1784236901.6859744,29.0015,6,264.67,85.96,287.38,99.03,26.21,,0.0096,0.0119,naive
1784236901.702312,29.0178,6,265.3,86.74,287.38,99.03,25.28,,0.0096,0.0119,naive
1784236901.7192996,29.0348,6,266.03,87.43,287.38,99.03,24.3,,0.0108,0.0101,naive
1784236901.7359452,29.0515,6,266.75,88.1,287.38,99.03,23.35,,0.0108,0.0101,naive
1784236901.7522726,29.0678,6,267.51,88.76,287.38,99.03,22.37,,0.0115,0.0101,naive
1784236901.7690735,29.0846,6,268.28,89.44,287.38,99.03,21.37,,0.0115,0.0101,naive
1784236901.7864246,29.1019,6,269.08,90.14,287.38,99.03,20.35,,0.0115,0.0101,naive
1784236901.8030274,29.1185,6,269.82,90.82,287.38,99.03,19.39,,0.0111,0.0101,naive
1784236901.8201416,29.1356,6,270.57,91.51,287.38,99.03,18.42,,0.0111,0.0101,naive
1784236901.837309,29.1528,6,271.35,92.21,287.38,99.03,17.42,,0.0113,0.0102,naive
1784236901.8542163,29.1697,6,272.12,92.9,287.38,99.03,16.45,,0.0113,0.0102,naive
1784236901.8709812,29.1865,6,272.83,93.59,287.38,99.03,15.54,,0.0106,0.0103,naive
1784236901.8877454,29.2033,6,273.53,94.29,287.38,99.03,14.64,,0.0106,0.0103,naive
1784236901.9033415,29.2188,6,274.19,94.93,287.38,99.03,13.81,,0.0106,0.0103,naive
1784236901.920085,29.2356,6,274.84,95.65,287.38,99.03,13.0,,0.0096,0.0107,naive
1784236901.9370475,29.2526,6,275.49,96.37,287.38,99.03,12.19,,0.0096,0.0107,naive
1784236901.9542515,29.2698,6,276.15,97.1,287.38,99.03,11.4,,0.0097,0.0106,naive
1784236901.9716606,29.2872,6,276.82,97.84,287.38,99.03,10.63,,0.0097,0.0106,naive
1784236901.988047,29.3036,6,277.46,98.54,287.38,99.03,9.94,,0.0097,0.0106,naive
1784236902.0048764,29.3204,6,277.99,99.24,287.38,99.03,9.4,,0.0079,0.0104,naive
1784236902.0212884,29.3368,6,278.51,99.92,287.38,99.03,8.92,,0.0079,0.0104,naive
1784236902.038048,29.3536,6,278.99,100.66,287.38,99.03,8.54,,0.0073,0.011,naive
1784236902.0552628,29.3708,6,279.49,101.42,287.38,99.03,8.24,,0.0073,0.011,naive
1784236902.072301,29.3878,6,279.99,102.17,287.38,99.03,8.03,,0.0073,0.011,naive
1784236902.0893419,29.4048,6,280.5,102.99,287.38,99.03,7.93,,0.0075,0.0121,naive
1784236902.10629,29.4218,6,281.02,103.81,287.38,99.03,7.96,,0.0075,0.0121,naive
1784236902.1231804,29.4387,6,281.48,104.66,287.38,99.03,8.16,,0.0068,0.0127,naive
1784236902.139747,29.4553,6,281.93,105.5,287.38,99.03,8.46,,0.0068,0.0127,naive
1784236902.1555498,29.4711,6,282.29,106.36,287.38,99.03,8.92,,0.0058,0.0135,naive
1784236902.1711943,29.4867,6,282.66,107.2,287.38,99.03,9.43,,0.0058,0.0135,naive
1784236902.1872005,29.5027,6,283.03,108.06,287.38,99.03,10.02,,0.0058,0.0135,naive
1784236902.2036417,29.5191,6,283.34,108.98,287.38,99.03,10.73,,0.0048,0.0139,naive
1784236902.2195203,29.535,6,283.65,109.86,287.38,99.03,11.45,,0.0048,0.0139,naive
1784236902.236055,29.5516,6,283.91,110.79,287.38,99.03,12.26,,0.004,0.014,naive
1784236902.2533102,29.5688,6,284.19,111.76,287.38,99.03,13.12,,0.004,0.014,naive
1784236902.270539,29.586,6,284.37,112.72,287.38,99.03,14.01,,0.0026,0.0139,naive
1784236902.2868736,29.6024,6,284.54,113.63,287.38,99.03,14.87,,0.0026,0.0139,naive
1784236902.3040154,29.6195,6,284.73,114.59,287.38,99.03,15.78,,0.0026,0.0139,naive
1784236902.3209827,29.6365,6,284.9,115.53,287.38,99.03,16.68,,0.0026,0.0139,naive
1784236902.33856,29.6541,6,285.09,116.52,287.38,99.03,17.63,,0.0026,0.0139,naive
1784236902.3551755,29.6707,6,285.25,117.41,287.38,99.03,18.5,,0.0024,0.0135,naive
1784236902.3721087,29.6876,7,285.42,118.32,662.27,209.03,387.62,TARGET_HIT,0.0024,0.0135,naive
1784236902.3893132,29.7048,7,285.59,119.25,662.27,209.03,387.24,,0.0024,0.0135,naive
1784236902.4061782,29.7217,7,285.76,120.09,662.27,209.03,386.87,,0.0026,0.0125,naive
1784236902.4232035,29.7387,7,285.94,120.95,662.27,209.03,386.51,,0.0026,0.0125,naive
1784236902.440534,29.756,7,286.17,121.78,662.27,209.03,386.09,,0.0034,0.012,naive
1784236902.4564712,29.772,7,286.39,122.54,662.27,209.03,385.7,,0.0034,0.012,naive
1784236902.4732234,29.7887,7,286.62,123.34,662.27,209.03,385.3,,0.0034,0.012,naive
1784236902.4902353,29.8057,7,286.86,124.01,662.27,209.03,384.91,,0.0036,0.0098,naive
1784236902.5071564,29.8227,7,287.11,124.67,662.27,209.03,384.53,,0.0036,0.0098,naive
1784236902.5242162,29.8397,7,287.29,125.19,662.27,209.03,384.24,,0.0027,0.0076,naive
1784236902.5407932,29.8563,7,287.47,125.69,662.27,209.03,383.95,,0.0027,0.0076,naive
1784236902.5568337,29.8723,7,287.63,126.03,662.27,209.03,383.73,,0.0024,0.0052,naive
1784236902.5735075,29.889,7,287.79,126.38,662.27,209.03,383.5,,0.0024,0.0052,naive
1784236902.5903554,29.9059,7,287.94,126.57,662.27,209.03,383.3,,0.0023,0.0029,naive
1784236902.6077693,29.9233,7,288.1,126.78,662.27,209.03,383.1,,0.0023,0.0029,naive
1784236902.6243684,29.9399,7,288.26,126.97,662.27,209.03,382.91,,0.0023,0.0029,naive
1784236902.6413012,29.9568,7,288.41,127.17,662.27,209.03,382.71,,0.0023,0.0029,naive
1784236902.6579525,29.9735,7,288.57,127.36,662.27,209.03,382.52,,0.0023,0.0029,naive
1784236902.6751673,29.9907,7,288.73,127.56,662.27,209.03,382.32,,0.0023,0.0029,naive
1784236902.6917353,30.0072,7,288.88,127.76,662.27,209.03,382.13,,0.0023,0.0029,naive
1784236902.7073956,30.0229,7,289.02,127.94,662.27,209.03,381.95,,0.0023,0.0029,naive
1784236902.7250032,30.0405,7,289.19,128.14,662.27,209.03,381.75,,0.0023,0.0029,naive
1784236902.7423615,30.0579,7,289.35,128.35,662.27,209.03,381.55,,0.0023,0.0029,naive
1784236902.759645,30.0752,7,289.51,128.55,662.27,209.03,381.35,,0.0023,0.0029,naive
1784236902.7756793,30.0912,7,289.65,128.74,662.27,209.03,381.17,,0.0023,0.0029,naive
1784236902.791739,30.1072,7,289.8,128.92,662.27,209.03,380.98,,0.0023,0.0029,naive
1784236902.8074064,30.1229,7,289.95,129.11,662.27,209.03,380.81,,0.0023,0.0029,naive
1784236902.8249292,30.1404,7,290.11,129.31,662.27,209.03,380.6,,0.0023,0.0029,naive
1784236902.8414402,30.1569,7,290.26,129.5,662.27,209.03,380.41,,0.0023,0.0029,naive
1784236902.8574533,30.173,7,290.41,129.69,662.27,209.03,380.23,,0.0023,0.0029,naive
1784236902.8734634,30.189,7,290.56,129.88,662.27,209.03,380.05,,0.0023,0.0029,naive
1784236902.889976,30.2055,7,290.71,130.07,662.27,209.03,379.86,,0.0023,0.0029,naive
1784236902.9069147,30.2224,7,290.87,130.27,662.27,209.03,379.66,,0.0023,0.0029,naive
1784236902.922924,30.2384,7,291.01,130.45,662.27,209.03,379.48,,0.0023,0.0029,naive
1784236902.9390533,30.2546,7,291.16,130.64,662.27,209.03,379.3,,0.0023,0.0029,naive
1784236902.9561422,30.2716,7,291.32,130.84,662.27,209.03,379.1,,0.0023,0.0029,naive
1784236902.9731522,30.2887,7,291.48,131.04,662.27,209.03,378.91,,0.0023,0.0029,naive
1784236902.990269,30.3058,7,291.64,131.24,662.27,209.03,378.71,,0.0023,0.0029,naive
1784236903.0072742,30.3228,7,291.79,131.44,662.27,209.03,378.52,,0.0023,0.0029,naive
1784236903.024923,30.3404,7,291.96,131.64,662.27,209.03,378.31,,0.0023,0.0029,naive
1784236903.0414338,30.3569,7,292.11,131.84,662.27,209.03,378.13,,0.0023,0.0029,naive
1784236903.0584557,30.374,7,292.26,132.04,662.27,209.03,377.93,,0.0023,0.0029,naive
1784236903.074139,30.3896,7,292.41,132.22,662.27,209.03,377.75,,0.0023,0.0029,naive
1784236903.0915074,30.407,7,292.57,132.42,662.27,209.03,377.55,,0.0023,0.0029,naive
1784236903.108216,30.4237,7,292.72,132.62,662.27,209.03,377.36,,0.0023,0.0029,naive
1784236903.125164,30.4407,7,292.88,132.81,662.27,209.03,377.17,,0.0023,0.0029,naive
1784236903.1432269,30.4587,7,293.05,133.03,662.27,209.03,376.96,,0.0023,0.0029,naive
1784236903.1604164,30.4759,7,293.21,133.23,662.27,209.03,376.77,,0.0023,0.0029,naive
1784236903.177173,30.4927,7,293.36,133.42,662.27,209.03,376.58,,0.0023,0.0029,naive
1784236903.194216,30.5097,7,293.52,133.62,662.27,209.03,376.38,,0.0023,0.0029,naive
1784236903.2115953,30.5271,7,293.68,133.82,662.27,209.03,376.19,,0.0023,0.0029,naive
1784236903.2275245,30.543,7,293.83,134.01,662.27,209.03,376.0,,0.0023,0.0029,naive
1784236903.244188,30.5597,7,293.98,134.2,662.27,209.03,375.82,,0.0023,0.0029,naive
1784236903.261671,30.5772,7,294.14,134.41,662.27,209.03,375.62,,0.0023,0.0029,naive
1784236903.278226,30.5937,7,294.29,134.6,662.27,209.03,375.43,,0.0023,0.0029,naive
1784236903.2955048,30.611,7,294.45,134.8,662.27,209.03,375.23,,0.0023,0.0029,naive
1784236903.311968,30.6275,7,294.61,134.99,662.27,209.03,375.04,,0.0023,0.0029,naive
1784236903.3277383,30.6432,7,294.75,135.18,662.27,209.03,374.87,,0.0023,0.0029,naive
1784236903.3433201,30.6588,7,294.89,135.36,662.27,209.03,374.69,,0.0023,0.0029,naive
1784236903.3604646,30.676,7,295.05,135.56,662.27,209.03,374.49,,0.0023,0.0029,naive
1784236903.3762927,30.6918,7,295.2,135.75,662.27,209.03,374.32,,0.0023,0.0029,naive
1784236903.3929574,30.7085,7,295.35,135.94,662.27,209.03,374.13,,0.0023,0.0029,naive
1784236903.4099698,30.7255,7,295.51,136.14,662.27,209.03,373.93,,0.0023,0.0029,naive
1784236903.4267745,30.7423,7,295.67,136.33,662.27,209.03,373.74,,0.0023,0.0029,naive
1784236903.442396,30.7579,7,295.81,136.52,662.27,209.03,373.57,,0.0023,0.0029,naive
1784236903.4592931,30.7748,7,295.97,136.71,662.27,209.03,373.37,,0.0023,0.0029,naive
1784236903.4761338,30.7916,7,296.12,136.91,662.27,209.03,373.18,,0.0023,0.0029,naive
1784236903.4932556,30.8088,7,296.28,137.11,662.27,209.03,372.99,,0.0023,0.0029,naive
1784236903.5101495,30.8257,7,296.44,137.31,662.27,209.03,372.8,,0.0023,0.0029,naive
1784236903.5268154,30.8423,7,296.59,137.5,662.27,209.03,372.61,,0.0023,0.0029,naive
1784236903.5423322,30.8578,7,296.73,137.68,662.27,209.03,372.44,,0.0023,0.0029,naive
1784236903.558537,30.874,7,296.88,137.87,662.27,209.03,372.25,,0.0023,0.0029,naive
1784236903.5752156,30.8907,7,297.04,138.07,662.27,209.03,372.06,,0.0023,0.0029,naive
1784236903.593147,30.9087,7,297.2,138.28,662.27,209.03,371.86,,0.0023,0.0029,naive
1784236903.609963,30.9255,7,297.36,138.47,662.27,209.03,371.67,,0.0023,0.0029,naive
1784236903.6258035,30.9413,7,297.5,138.66,662.27,209.03,371.49,,0.0023,0.0029,naive
1784236903.6421912,30.9577,7,297.65,138.85,662.27,209.03,371.31,,0.0023,0.0029,naive
1784236903.6589506,30.9745,7,297.77,139.01,662.27,209.03,371.17,,0.0017,0.0024,naive
1784236903.6750894,30.9906,7,297.87,139.17,662.27,209.03,371.03,,0.0017,0.0024,naive
1784236903.6922328,31.0077,7,297.99,139.33,662.27,209.03,370.89,,0.0017,0.0024,naive
1784236903.7092063,31.0247,7,298.06,139.47,662.27,209.03,370.79,,0.0011,0.002,naive
1784236903.7259755,31.0415,7,298.13,139.6,662.27,209.03,370.7,,0.0011,0.002,naive
1784236903.7424908,31.058,7,298.29,139.64,662.27,209.03,370.53,,0.0024,0.0007,naive
1784236903.7582507,31.0738,7,298.44,139.68,662.27,209.03,370.38,,0.0024,0.0007,naive
1784236903.7753823,31.0909,7,298.53,139.77,662.27,209.03,370.28,,0.0013,0.0012,naive
1784236903.792206,31.1077,7,298.61,139.85,662.27,209.03,370.18,,0.0013,0.0012,naive
1784236903.8082144,31.1237,7,298.69,139.93,662.27,209.03,370.08,,0.0013,0.0012,naive
1784236903.8252294,31.1407,7,298.55,140.0,662.27,209.03,370.21,,-0.0021,0.001,naive
1784236903.8431034,31.1586,7,298.4,140.07,662.27,209.03,370.35,,-0.0021,0.001,naive
1784236903.860336,31.1758,7,297.85,140.07,662.27,209.03,370.89,,-0.008,0.0,naive
1784236903.8769999,31.1925,7,297.31,140.07,662.27,209.03,371.42,,-0.008,0.0,naive
1784236903.8931508,31.2087,7,296.79,140.07,662.27,209.03,371.93,,-0.008,0.0,naive
1784236903.9100382,31.2255,7,296.33,140.09,662.27,209.03,372.38,,-0.0069,0.0004,naive
1784236903.9275825,31.2431,7,295.84,140.12,662.27,209.03,372.85,,-0.0069,0.0004,naive
1784236903.94425,31.2598,7,295.76,140.24,662.27,209.03,372.92,,-0.0013,0.0018,naive
1784236903.9616268,31.2771,7,295.66,140.36,662.27,209.03,372.98,,-0.0013,0.0018,naive
1784236903.9776459,31.2932,7,296.15,140.53,662.27,209.03,372.48,,0.0075,0.0027,naive
1784236903.9932504,31.3088,7,296.62,140.7,662.27,209.03,371.98,,0.0075,0.0027,naive
1784236904.0099368,31.3254,7,298.13,141.01,662.27,209.03,370.44,,0.0226,0.0046,naive
1784236904.0267282,31.3422,7,299.65,141.31,662.27,209.03,368.89,,0.0226,0.0046,naive
1784236904.0432684,31.3588,7,301.77,141.82,662.27,209.03,366.71,,0.0321,0.0077,naive
1784236904.0608397,31.3763,7,304.03,142.36,662.27,209.03,364.39,,0.0321,0.0077,naive
1784236904.0768924,31.3924,7,305.86,142.82,662.27,209.03,362.51,,0.0285,0.0071,naive
1784236904.0930905,31.4086,7,307.7,143.28,662.27,209.03,360.61,,0.0285,0.0071,naive
1784236904.1106274,31.4261,7,308.72,143.39,662.27,209.03,359.59,,0.0145,0.0016,naive
1784236904.1270049,31.4425,7,309.66,143.5,662.27,209.03,358.64,,0.0145,0.0016,naive
1784236904.1440692,31.4596,7,310.65,143.6,662.27,209.03,357.65,,0.0145,0.0016,naive
1784236904.1615884,31.4771,7,310.47,143.29,662.27,209.03,357.89,,-0.0026,-0.0045,naive
1784236904.1771822,31.4927,7,310.3,143.01,662.27,209.03,358.11,,-0.0026,-0.0045,naive
1784236904.1940987,31.5096,7,309.21,142.56,662.27,209.03,359.26,,-0.0161,-0.0067,naive
1784236904.2112012,31.5267,7,308.11,142.1,662.27,209.03,360.43,,-0.0161,-0.0067,naive
1784236904.2281249,31.5436,7,306.36,141.63,662.27,209.03,362.24,,-0.0259,-0.007,naive
1784236904.2453692,31.5609,7,304.58,141.14,662.27,209.03,364.08,,-0.0259,-0.007,naive
1784236904.2622273,31.5777,7,302.83,140.67,662.27,209.03,365.88,,-0.0259,-0.007,naive
1784236904.2790232,31.5945,7,301.09,140.29,662.27,209.03,367.66,,-0.0259,-0.0057,naive
1784236904.296317,31.6118,7,299.3,139.9,662.27,209.03,369.5,,-0.0259,-0.0057,naive
1784236904.3130484,31.6286,7,298.16,139.79,662.27,209.03,370.64,,-0.017,-0.0016,naive
1784236904.3303685,31.6459,7,296.98,139.69,662.27,209.03,371.82,,-0.017,-0.0016,naive
1784236904.3469882,31.6625,7,296.38,139.78,662.27,209.03,372.38,,-0.0089,0.0015,naive
1784236904.3645213,31.68,7,295.76,139.88,662.27,209.03,372.98,,-0.0089,0.0015,naive
1784236904.381185,31.6967,7,295.16,139.98,662.27,209.03,373.54,,-0.0089,0.0015,naive
1784236904.3988833,31.7144,7,294.57,140.0,662.27,209.03,374.12,,-0.0084,0.0003,naive
1784236904.4156654,31.7312,7,294.01,140.02,662.27,209.03,374.67,,-0.0084,0.0003,naive
1784236904.4314606,31.747,7,292.98,139.87,662.27,209.03,375.71,,-0.0164,-0.0024,naive
1784236904.447175,31.7627,7,291.95,139.72,662.27,209.03,376.75,,-0.0164,-0.0024,naive
1784236904.4644094,31.7799,7,290.82,139.56,662.27,209.03,377.89,,-0.0164,-0.0024,naive
1784236904.480342,31.7958,7,289.12,139.23,662.27,209.03,379.62,,-0.0267,-0.0053,naive
1784236904.4974706,31.813,7,287.29,138.86,662.27,209.03,381.49,,-0.0267,-0.0053,naive
1784236904.5139842,31.8295,7,284.58,138.32,662.27,209.03,384.26,,-0.0411,-0.0082,naive
1784236904.5310953,31.8466,7,281.76,137.76,662.27,209.03,387.12,,-0.0411,-0.0082,naive
1784236904.5481153,31.8636,7,278.08,137.16,662.27,209.03,390.86,,-0.0541,-0.0088,naive
1784236904.5656567,31.8812,7,274.28,136.54,662.27,209.03,394.7,,-0.0541,-0.0088,naive
1784236904.5821686,31.8977,7,270.04,135.94,662.27,209.03,398.98,,-0.0642,-0.0092,naive
1784236904.599417,31.9149,7,265.61,135.3,662.27,209.03,403.46,,-0.0642,-0.0092,naive
1784236904.6163135,31.9318,7,260.43,134.73,662.27,209.03,408.65,,-0.0767,-0.0084,naive
1784236904.633465,31.949,7,255.17,134.16,662.27,209.03,413.93,,-0.0767,-0.0084,naive
1784236904.6505845,31.9661,7,249.92,133.58,662.27,209.03,419.2,,-0.0767,-0.0084,naive
1784236904.6662254,31.9817,7,244.7,133.23,662.27,209.03,424.39,,-0.0833,-0.0056,naive
1784236904.6830523,31.9986,7,239.1,132.85,662.27,209.03,429.98,,-0.0833,-0.0056,naive
1784236904.6998684,32.0154,7,233.42,132.62,662.27,209.03,435.61,,-0.0844,-0.0034,naive
1784236904.7156646,32.0312,7,228.08,132.41,662.27,209.03,440.9,,-0.0844,-0.0034,naive
1784236904.7319808,32.0475,7,222.57,132.19,662.27,209.03,446.36,,-0.0844,-0.0034,naive
1784236904.7491705,32.0647,7,216.97,132.18,662.27,209.03,451.89,,-0.0815,-0.0002,naive
1784236904.7666142,32.0821,7,211.28,132.17,662.27,209.03,457.49,,-0.0815,-0.0002,naive
1784236904.7833052,32.0988,7,206.14,132.3,662.27,209.03,462.54,,-0.0771,0.0021,naive
1784236904.8001833,32.1157,7,200.93,132.44,662.27,209.03,467.65,,-0.0771,0.0021,naive
1784236904.8170679,32.1326,7,195.91,132.55,662.27,209.03,472.59,,-0.0744,0.0016,naive
1784236904.8336673,32.1492,7,190.96,132.65,662.27,209.03,477.46,,-0.0744,0.0016,naive
1784236904.8493109,32.1648,7,187.09,132.96,662.27,209.03,481.24,,-0.062,0.0049,naive
1784236904.8660629,32.1816,7,182.93,133.29,662.27,209.03,485.28,,-0.062,0.0049,naive
1784236904.8829863,32.1985,7,178.74,133.63,662.27,209.03,489.38,,-0.062,0.0049,naive
1784236904.9003117,32.2158,7,176.24,134.57,662.27,209.03,491.7,,-0.0361,0.0136,naive
1784236904.9170058,32.2325,7,173.83,135.48,662.27,209.03,493.95,,-0.0361,0.0136,naive
1784236904.9342806,32.2498,7,172.82,136.65,662.27,209.03,494.77,,-0.0146,0.0169,naive
1784236904.9515507,32.2671,7,171.81,137.81,662.27,209.03,495.6,,-0.0146,0.0169,naive
1784236904.967254,32.2828,7,170.89,138.87,662.27,209.03,496.36,,-0.0146,0.0169,naive
1784236904.9838297,32.2993,7,170.58,139.78,662.27,209.03,496.54,,-0.0047,0.0137,naive
1784236905.0014906,32.317,7,170.25,140.75,662.27,209.03,496.74,,-0.0047,0.0137,naive
1784236905.0174744,32.333,7,170.39,141.48,662.27,209.03,496.5,,0.0023,0.0115,naive
1784236905.0333102,32.3488,7,170.53,142.21,662.27,209.03,496.26,,0.0023,0.0115,naive
1784236905.0504742,32.366,7,171.11,142.86,662.27,209.03,495.59,,0.0084,0.0096,naive
1784236905.0672207,32.3827,7,171.68,143.51,662.27,209.03,494.95,,0.0084,0.0096,naive
1784236905.0842907,32.3998,7,172.64,144.01,662.27,209.03,493.93,,0.014,0.0073,naive
1784236905.1009474,32.4165,7,173.57,144.49,662.27,209.03,492.94,,0.014,0.0073,naive
1784236905.117163,32.4327,7,174.74,144.9,662.27,209.03,491.73,,0.0181,0.0063,naive
1784236905.1340892,32.4496,7,175.97,145.33,662.27,209.03,490.46,,0.0181,0.0063,naive
1784236905.151322,32.4668,7,177.38,145.72,662.27,209.03,489.01,,0.0204,0.0056,naive
1784236905.1679742,32.4835,7,178.74,146.09,662.27,209.03,487.61,,0.0204,0.0056,naive
1784236905.1855106,32.501,7,180.27,146.38,662.27,209.03,486.05,,0.0219,0.0041,naive
1784236905.201661,32.5172,7,181.68,146.64,662.27,209.03,484.62,,0.0219,0.0041,naive
1784236905.218251,32.5338,7,183.27,146.8,662.27,209.03,483.02,,0.0239,0.0024,naive
1784236905.23561,32.5511,7,184.93,146.97,662.27,209.03,481.35,,0.0239,0.0024,naive
1784236905.2512171,32.5667,7,186.43,147.12,662.27,209.03,479.85,,0.0239,0.0024,naive
1784236905.2683995,32.5839,7,188.45,147.23,662.27,209.03,477.83,,0.0294,0.0016,naive
1784236905.2845104,32.6,7,190.34,147.33,662.27,209.03,475.94,,0.0294,0.0016,naive
1784236905.3013325,32.6168,7,192.63,147.47,662.27,209.03,473.66,,0.034,0.0021,naive
1784236905.3185742,32.6341,7,194.98,147.62,662.27,209.03,471.31,,0.034,0.0021,naive
1784236905.3352697,32.6508,7,197.5,147.67,662.27,209.03,468.81,,0.0377,0.0007,naive
1784236905.3518085,32.6673,7,199.99,147.72,662.27,209.03,466.33,,0.0377,0.0007,naive
1784236905.3682601,32.6838,7,202.47,147.77,662.27,209.03,463.86,,0.0377,0.0007,naive
1784236905.3855264,32.701,7,205.43,147.79,662.27,209.03,460.93,,0.0428,0.0003,naive
1784236905.4012463,32.7168,7,208.12,147.8,662.27,209.03,458.26,,0.0428,0.0003,naive
1784236905.4184747,32.734,7,211.3,147.91,662.27,209.03,455.09,,0.0462,0.0015,naive
1784236905.434036,32.7495,7,214.18,148.0,662.27,209.03,452.23,,0.0462,0.0015,naive
1784236905.4514084,32.7669,7,217.39,148.1,662.27,209.03,449.04,,0.0462,0.0015,naive
1784236905.46793,32.7834,7,220.64,148.09,662.27,209.03,445.82,,0.0492,-0.0002,naive
1784236905.484563,32.8001,7,223.91,148.08,662.27,209.03,442.58,,0.0492,-0.0002,naive
1784236905.500125,32.8156,7,227.14,148.12,662.27,209.03,439.38,,0.0518,0.0006,naive
1784236905.5174289,32.8329,7,230.72,148.16,662.27,209.03,435.82,,0.0518,0.0006,naive
1784236905.5341456,32.8497,7,234.19,148.21,662.27,209.03,432.38,,0.0518,0.0006,naive
1784236905.5513237,32.8668,7,237.86,148.17,662.27,209.03,428.75,,0.0535,-0.0005,naive
1784236905.5684638,32.884,7,241.53,148.13,662.27,209.03,425.12,,0.0535,-0.0005,naive
1784236905.5850375,32.9005,7,245.26,148.01,662.27,209.03,421.45,,0.0562,-0.0019,naive
1784236905.602289,32.9178,7,249.14,147.88,662.27,209.03,417.63,,0.0562,-0.0019,naive
1784236905.6195014,32.935,7,253.08,147.8,662.27,209.03,413.75,,0.0572,-0.0011,naive
1784236905.6351316,32.9506,7,256.66,147.73,662.27,209.03,410.22,,0.0572,-0.0011,naive
1784236905.6521926,32.9677,7,260.51,147.54,662.27,209.03,406.44,,0.0564,-0.0028,naive
1784236905.668773,32.9843,7,264.25,147.35,662.27,209.03,402.77,,0.0564,-0.0028,naive
1784236905.685228,33.0007,7,267.97,147.16,662.27,209.03,399.13,,0.0564,-0.0028,naive
1784236905.7022605,33.0178,7,271.82,146.9,662.27,209.03,395.36,,0.0566,-0.0038,naive
1784236905.7190046,33.0345,7,275.61,146.65,662.27,209.03,391.66,,0.0566,-0.0038,naive
1784236905.7361114,33.0516,7,279.4,146.42,662.27,209.03,387.95,,0.0554,-0.0034,naive
1784236905.7529624,33.0685,7,283.14,146.18,662.27,209.03,384.3,,0.0554,-0.0034,naive
1784236905.7703054,33.0858,7,286.83,145.82,662.27,209.03,380.72,,0.0532,-0.0053,naive
1784236905.7868705,33.1024,7,290.36,145.47,662.27,209.03,377.3,,0.0532,-0.0053,naive
1784236905.8033452,33.1189,7,293.79,145.06,662.27,209.03,374.0,,0.052,-0.0062,naive
1784236905.8206143,33.1361,7,297.38,144.63,662.27,209.03,370.53,,0.052,-0.0062,naive
1784236905.8364,33.1519,7,300.59,144.22,662.27,209.03,367.44,,0.0509,-0.0065,naive
1784236905.852351,33.1679,7,303.83,143.8,662.27,209.03,364.32,,0.0509,-0.0065,naive
1784236905.8684149,33.1839,7,307.1,143.38,662.27,209.03,361.18,,0.0509,-0.0065,naive
1784236905.885018,33.2005,7,310.43,142.88,662.27,209.03,358.01,,0.0501,-0.0076,naive
1784236905.9021332,33.2176,7,313.86,142.36,662.27,209.03,354.74,,0.0501,-0.0076,naive
1784236905.9189768,33.2345,7,317.24,141.85,662.27,209.03,351.51,,0.0502,-0.0076,naive
1784236905.9363055,33.2518,7,320.71,141.32,662.27,209.03,348.2,,0.0502,-0.0076,naive
1784236905.952827,33.2683,7,323.97,140.81,662.27,209.03,345.11,,0.0493,-0.0077,naive
1784236905.9684849,33.284,7,327.06,140.33,662.27,209.03,342.18,,0.0493,-0.0077,naive
1784236905.985208,33.3007,7,330.36,139.81,662.27,209.03,339.05,,0.0493,-0.0077,naive
1784236906.0032728,33.3188,7,333.85,139.1,662.27,209.03,335.79,,0.0483,-0.0099,naive
1784236906.0200331,33.3355,7,337.09,138.43,662.27,209.03,332.76,,0.0483,-0.0099,naive
1784236906.037272,33.3528,7,340.33,137.68,662.27,209.03,329.75,,0.047,-0.0109,naive
1784236906.0540216,33.3695,7,343.48,136.95,662.27,209.03,326.84,,0.047,-0.0109,naive
1784236906.0713084,33.3868,7,346.71,136.09,662.27,209.03,323.88,,0.0467,-0.0123,naive
1784236906.0882597,33.4038,7,349.88,135.26,662.27,209.03,320.98,,0.0467,-0.0123,naive
1784236906.1050816,33.4206,7,353.02,134.43,662.27,209.03,318.12,,0.0467,-0.0123,naive
1784236906.1232333,33.4387,7,356.48,133.36,662.27,209.03,315.02,,0.0476,-0.0148,naive
1784236906.1405883,33.4561,7,359.78,132.33,662.27,209.03,312.06,,0.0476,-0.0148,naive
1784236906.1564856,33.472,7,362.81,131.39,662.27,209.03,309.36,,0.0476,-0.0148,naive
1784236906.1730452,33.4886,7,365.96,130.21,662.27,209.03,306.61,,0.0476,-0.0178,naive
1784236906.190493,33.506,7,369.28,128.97,662.27,209.03,303.73,,0.0476,-0.0178,naive
1784236906.206061,33.5216,7,372.2,127.65,662.27,209.03,301.27,,0.0469,-0.0212,naive
1784236906.2230804,33.5386,7,375.4,126.21,662.27,209.03,298.59,,0.0469,-0.0212,naive
1784236906.2402391,33.5557,7,378.48,124.55,662.27,209.03,296.1,,0.0449,-0.0241,naive
1784236906.2577205,33.5732,7,381.62,122.87,662.27,209.03,293.58,,0.0449,-0.0241,naive
1784236906.273379,33.5889,7,384.44,121.35,662.27,209.03,291.34,,0.0449,-0.0241,naive
1784236906.289531,33.605,7,387.23,119.55,662.27,209.03,289.23,,0.0433,-0.0279,naive
1784236906.3053732,33.6209,7,389.98,117.78,662.27,209.03,287.18,,0.0433,-0.0279,naive
1784236906.3219764,33.6375,7,392.73,116.2,662.27,209.03,285.08,,0.0415,-0.0239,naive
1784236906.338221,33.6537,7,395.43,114.64,662.27,209.03,283.04,,0.0415,-0.0239,naive
1784236906.3553383,33.6708,7,398.28,113.01,662.27,209.03,280.91,,0.0415,-0.0239,naive
1784236906.3729901,33.6885,7,401.06,111.7,662.27,209.03,278.75,,0.0395,-0.0186,naive
1784236906.390143,33.7056,7,403.77,110.42,662.27,209.03,276.67,,0.0395,-0.0186,naive
1784236906.4075413,33.723,7,406.21,109.73,662.27,209.03,274.64,,0.0351,-0.0099,naive
1784236906.423261,33.7388,7,408.42,109.11,662.27,209.03,272.81,,0.0351,-0.0099,naive
1784236906.4402497,33.7558,7,410.2,109.63,662.27,209.03,270.96,,0.0261,0.0077,naive
1784236906.456908,33.7724,7,411.94,110.14,662.27,209.03,269.16,,0.0261,0.0077,naive
1784236906.4730012,33.7885,7,413.07,111.58,662.27,209.03,267.57,,0.0176,0.0224,naive
1784236906.489934,33.8054,7,414.27,113.11,662.27,209.03,265.91,,0.0176,0.0224,naive
1784236906.5065055,33.822,7,415.07,115.1,662.27,209.03,264.45,,0.012,0.0301,naive
1784236906.522981,33.8385,7,415.86,117.09,662.27,209.03,263.01,,0.012,0.0301,naive
1784236906.5396018,33.8551,7,416.44,119.56,662.27,209.03,261.61,,0.0087,0.0372,naive
1784236906.5556557,33.8712,7,417.0,121.95,662.27,209.03,260.27,,0.0087,0.0372,naive
1784236906.5716298,33.8871,7,417.56,124.33,662.27,209.03,258.95,,0.0087,0.0372,naive
1784236906.5876844,33.9032,7,418.12,127.26,662.27,209.03,257.48,,0.0087,0.0456,naive
1784236906.6032536,33.9188,7,418.66,130.1,662.27,209.03,256.08,,0.0087,0.0456,naive
1784236906.620237,33.9357,7,419.25,133.2,662.27,209.03,254.58,,0.0087,0.0456,naive
1784236906.637655,33.9532,7,419.82,136.92,662.27,209.03,252.95,,0.0082,0.0534,naive
1784236906.654109,33.9696,7,420.36,140.44,662.27,209.03,251.45,,0.0082,0.0534,naive
1784236906.6710663,33.9866,7,420.92,144.06,662.27,209.03,249.95,,0.0082,0.0534,naive
1784236906.6880698,34.0036,7,421.37,147.6,662.27,209.03,248.61,,0.0067,0.052,naive
1784236906.7051754,34.0207,7,421.83,151.16,662.27,209.03,247.31,,0.0067,0.052,naive
1784236906.722371,34.0379,7,422.27,154.55,662.27,209.03,246.1,,0.0064,0.0494,naive
1784236906.7390435,34.0546,7,422.7,157.85,662.27,209.03,244.98,,0.0064,0.0494,naive
1784236906.755965,34.0715,7,423.13,161.19,662.27,209.03,243.87,,0.0064,0.0494,naive
1784236906.7723582,34.0879,7,423.62,164.04,662.27,209.03,242.86,,0.0074,0.0434,naive
1784236906.789885,34.1054,7,424.14,167.08,662.27,209.03,241.8,,0.0074,0.0434,naive
1784236906.8060215,34.1215,7,424.61,169.88,662.27,209.03,240.86,,0.0074,0.0434,naive
1784236906.823192,34.1387,7,425.34,172.47,662.27,209.03,239.74,,0.0105,0.0377,naive
1784236906.8402867,34.1558,7,426.06,175.04,662.27,209.03,238.64,,0.0105,0.0377,naive
1784236906.8573282,34.1728,7,426.78,177.61,662.27,209.03,237.58,,0.0105,0.0377,naive
1784236906.8743541,34.1899,7,427.77,179.77,662.27,209.03,236.32,,0.0145,0.0317,naive
1784236906.8910406,34.2065,7,428.73,181.89,662.27,209.03,235.11,,0.0145,0.0317,naive
1784236906.9076428,34.2231,7,429.91,183.51,662.27,209.03,233.76,,0.0177,0.0244,naive
1784236906.9233093,34.2388,7,431.02,185.04,662.27,209.03,232.49,,0.0177,0.0244,naive
1784236906.9404833,34.256,7,432.23,186.72,662.27,209.03,231.11,,0.0177,0.0244,naive
1784236906.9575095,34.273,7,433.64,188.17,662.27,209.03,229.58,,0.0207,0.0213,naive
1784236906.9742458,34.2898,7,435.03,189.6,662.27,209.03,228.07,,0.0207,0.0213,naive
1784236906.990688,34.3062,7,436.55,190.79,662.27,209.03,226.46,,0.0231,0.0181,naive
1784236907.0063138,34.3218,7,438.0,191.92,662.27,209.03,224.93,,0.0231,0.0181,naive
1784236907.0231695,34.3387,7,439.64,193.03,662.27,209.03,223.2,,0.0244,0.0164,naive
1784236907.0403805,34.3559,7,441.32,194.16,662.27,209.03,221.45,,0.0244,0.0164,naive
1784236907.0573678,34.3729,7,442.96,195.07,662.27,209.03,219.75,,0.0242,0.0134,naive
1784236907.0740297,34.3895,7,444.57,195.96,662.27,209.03,218.09,,0.0242,0.0134,naive
1784236907.0911896,34.4067,7,446.24,196.8,662.27,209.03,216.38,,0.0243,0.0123,naive
1784236907.108049,34.4236,7,447.88,197.63,662.27,209.03,214.7,,0.0243,0.0123,naive
1784236907.125647,34.4412,7,449.59,198.5,662.27,209.03,212.95,,0.0243,0.0123,naive
1784236907.1417174,34.4572,7,451.16,199.31,662.27,209.03,211.33,,0.0246,0.0127,naive
1784236907.157941,34.4734,7,452.76,200.14,662.27,209.03,209.7,,0.0246,0.0127,naive
1784236907.17413,34.4896,7,454.33,200.73,662.27,209.03,208.11,,0.0242,0.009,naive
1784236907.190746,34.5063,7,455.94,201.32,662.27,209.03,206.48,,0.0242,0.009,naive
1784236907.2070599,34.5226,7,457.59,201.93,662.27,209.03,204.81,,0.0253,0.0093,naive
1784236907.2243118,34.5398,7,459.33,202.58,662.27,209.03,203.04,,0.0253,0.0093,naive
1784236907.2413688,34.5569,7,461.05,203.21,662.27,209.03,201.3,,0.0253,0.0093,naive
1784236907.2581623,34.5737,7,462.79,203.74,662.27,209.03,199.55,,0.0259,0.0079,naive
1784236907.2750347,34.5905,7,464.55,204.28,662.27,209.03,197.78,,0.0259,0.0079,naive
1784236907.292216,34.6077,7,466.33,204.82,662.27,209.03,195.99,,0.0259,0.0079,naive
1784236907.309474,34.625,7,468.1,205.38,662.27,209.03,194.2,,0.0257,0.0081,naive
1784236907.3254652,34.641,7,469.74,205.9,662.27,209.03,192.55,,0.0257,0.0081,naive
1784236907.341554,34.6571,7,471.37,206.44,662.27,209.03,190.92,,0.0253,0.0084,naive
1784236907.358464,34.674,7,473.08,207.01,662.27,209.03,189.2,,0.0253,0.0084,naive
1784236907.3753574,34.6909,7,474.58,207.24,662.27,209.03,187.7,,0.0222,0.0034,naive
1784236907.3926883,34.7082,7,476.12,207.47,662.27,209.03,186.16,,0.0222,0.0034,naive
1784236907.40935,34.7249,7,477.6,207.7,662.27,209.03,184.68,,0.0222,0.0034,naive
1784236907.4266596,34.7422,7,478.81,207.72,662.27,209.03,183.46,,0.0175,0.0003,naive
1784236907.4434452,34.759,7,479.99,207.74,662.27,209.03,182.29,,0.0175,0.0003,naive
1784236907.4598691,34.7754,7,481.16,207.39,662.27,209.03,181.12,,0.0178,-0.0054,naive
1784236907.475625,34.7911,7,482.28,207.05,662.27,209.03,180.0,,0.0178,-0.0054,naive
1784236907.491431,34.8069,7,483.41,206.71,662.27,209.03,178.87,,0.0178,-0.0054,naive
1784236907.5081384,34.8236,7,484.31,205.91,662.27,209.03,177.99,,0.0134,-0.0119,naive
1784236907.525504,34.841,7,485.24,205.08,662.27,209.03,177.07,,0.0134,-0.0119,naive
1784236907.5411556,34.8567,7,485.87,204.06,662.27,209.03,176.47,,0.0101,-0.0163,naive
1784236907.557764,34.8733,7,486.54,202.98,662.27,209.03,175.84,,0.0101,-0.0163,naive
1784236907.5733156,34.8888,7,487.17,201.97,662.27,209.03,175.25,,0.0101,-0.0163,naive
1784236907.590817,34.9063,7,487.82,200.4,662.27,209.03,174.66,,0.0094,-0.0225,naive
1784236907.6071455,34.9227,7,488.44,198.93,662.27,209.03,174.12,,0.0094,-0.0225,naive
1784236907.6243591,34.9399,7,488.78,197.14,662.27,209.03,173.89,,0.005,-0.0259,naive
1784236907.641598,34.9571,7,489.13,195.36,662.27,209.03,173.68,,0.005,-0.0259,naive
1784236907.6573107,34.9728,7,489.41,193.79,662.27,209.03,173.53,,0.0045,-0.0249,naive
1784236907.6740954,34.9896,7,489.72,192.11,662.27,209.03,173.38,,0.0045,-0.0249,naive
1784236907.6912637,35.0068,7,490.03,190.4,662.27,209.03,173.25,,0.0045,-0.0249,naive
1784236907.7082725,35.0238,7,490.52,188.86,662.27,209.03,172.93,,0.0073,-0.0226,naive
1784236907.724987,35.0405,7,491.01,187.35,662.27,209.03,172.62,,0.0073,-0.0226,naive
1784236907.7413251,35.0568,7,491.39,186.1,662.27,209.03,172.42,,0.0057,-0.0192,naive
1784236907.7581878,35.0737,7,491.77,184.8,662.27,209.03,172.21,,0.0057,-0.0192,naive
1784236907.774966,35.0905,7,492.01,183.77,662.27,209.03,172.12,,0.0036,-0.0154,naive
1784236907.7917879,35.1073,7,492.25,182.73,662.27,209.03,172.04,,0.0036,-0.0154,naive
1784236907.8083382,35.1238,7,492.48,182.14,662.27,209.03,171.91,,0.0034,-0.0089,naive
1784236907.825534,35.141,7,492.72,181.52,662.27,209.03,171.77,,0.0034,-0.0089,naive
1784236907.841604,35.1571,7,492.94,180.95,662.27,209.03,171.64,,0.0034,-0.0089,naive
1784236907.8579893,35.1735,7,493.13,180.97,662.27,209.03,171.45,,0.0029,0.0003,naive
1784236907.875456,35.191,7,493.33,180.99,662.27,209.03,171.25,,0.0029,0.0003,naive
1784236907.892321,35.2078,7,493.51,181.45,662.27,209.03,171.0,,0.0026,0.0068,naive
1784236907.9096384,35.2251,7,493.69,181.92,662.27,209.03,170.75,,0.0026,0.0068,naive
1784236907.9254618,35.241,7,493.86,182.35,662.27,209.03,170.51,,0.0026,0.0068,naive
1784236907.941507,35.257,7,494.22,183.06,662.27,209.03,170.04,,0.0057,0.0111,naive
1784236907.9570847,35.2726,7,494.58,183.75,662.27,209.03,169.59,,0.0057,0.0111,naive
1784236907.9742293,35.2897,7,495.25,184.79,662.27,209.03,168.77,,0.0098,0.0151,naive
1784236907.9906678,35.3062,7,495.9,185.78,662.27,209.03,167.99,,0.0098,0.0151,naive
1784236908.007222,35.3227,7,496.79,186.7,662.27,209.03,166.98,,0.0134,0.0139,naive
1784236908.024478,35.34,7,497.71,187.66,662.27,209.03,165.94,,0.0134,0.0139,naive
1784236908.0402431,35.3558,7,498.56,188.53,662.27,209.03,164.99,,0.0134,0.0139,naive
1784236908.0574646,35.373,7,499.71,189.46,662.27,209.03,163.73,,0.0168,0.0135,naive
1784236908.0751987,35.3907,7,500.9,190.42,662.27,209.03,162.44,,0.0168,0.0135,naive
1784236908.0921628,35.4077,7,502.52,191.17,662.27,209.03,160.75,,0.0238,0.0111,naive
1784236908.109426,35.4249,7,504.16,191.94,662.27,209.03,159.03,,0.0238,0.0111,naive
1784236908.1259887,35.4415,7,506.31,192.7,662.27,209.03,156.82,,0.0324,0.0114,naive
1784236908.1428747,35.4584,7,508.49,193.47,662.27,209.03,154.56,,0.0324,0.0114,naive
1784236908.159132,35.4746,7,510.6,194.22,662.27,209.03,152.39,,0.0324,0.0114,naive
1784236908.176061,35.4916,7,512.91,194.79,662.27,209.03,150.04,,0.0341,0.0085,naive
1784236908.1925504,35.5081,7,515.16,195.35,662.27,209.03,147.74,,0.0341,0.0085,naive
1784236908.2094686,35.525,7,517.34,195.67,662.27,209.03,145.54,,0.0323,0.0047,naive
1784236908.22645,35.542,7,519.53,195.98,662.27,209.03,143.33,,0.0323,0.0047,naive
1784236908.2430716,35.5586,7,521.68,196.3,662.27,209.03,141.17,,0.0323,0.0047,naive
1784236908.2604215,35.5759,7,524.11,196.39,662.27,209.03,138.74,,0.035,0.0014,naive
1784236908.2778203,35.5933,7,526.55,196.49,662.27,209.03,136.3,,0.035,0.0014,naive
1784236908.2943158,35.6098,7,528.93,196.69,662.27,209.03,133.91,,0.0361,0.0031,naive
1784236908.3112922,35.6268,7,531.38,196.9,662.27,209.03,131.45,,0.0361,0.0031,naive
1784236908.3285258,35.644,7,533.87,197.11,662.27,209.03,128.96,,0.0361,0.0031,naive
1784236908.34505,35.6606,7,536.08,197.18,662.27,209.03,126.75,,0.0335,0.0011,naive
1784236908.3623552,35.6779,7,538.4,197.26,662.27,209.03,124.43,,0.0335,0.0011,naive
1784236908.3798144,35.6953,7,540.68,197.26,662.27,209.03,122.16,,0.0326,-0.0,naive
1784236908.3973389,35.7128,7,542.96,197.26,662.27,209.03,119.89,,0.0326,-0.0,naive
1784236908.4138675,35.7294,7,545.1,197.31,662.27,209.03,117.75,,0.0324,0.0008,naive
1784236908.4312575,35.7468,7,547.35,197.37,662.27,209.03,115.51,,0.0324,0.0008,naive
1784236908.4485579,35.7641,7,549.66,197.4,662.27,209.03,113.21,,0.0334,0.0005,naive
1784236908.465201,35.7807,7,551.88,197.44,662.27,209.03,110.99,,0.0334,0.0005,naive
1784236908.4822,35.7977,7,554.15,197.47,662.27,209.03,108.74,,0.0334,0.0005,naive
1784236908.4994056,35.8149,7,556.53,197.51,662.27,209.03,106.37,,0.0345,0.0006,naive
1784236908.5159507,35.8315,7,558.81,197.55,662.27,209.03,104.09,,0.0345,0.0006,naive
1784236908.5330794,35.8486,7,561.19,197.59,662.27,209.03,101.73,,0.0347,0.0006,naive
1784236908.5501437,35.8657,7,563.55,197.63,662.27,209.03,99.37,,0.0347,0.0006,naive
1784236908.5672035,35.8827,7,565.92,197.67,662.27,209.03,97.02,,0.0347,0.0005,naive
1784236908.5842996,35.8998,7,568.29,197.7,662.27,209.03,94.66,,0.0347,0.0005,naive
1784236908.6008294,35.9163,7,570.56,197.7,662.27,209.03,92.41,,0.0343,0.0,naive
1784236908.617184,35.9327,7,572.8,197.7,662.27,209.03,90.18,,0.0343,0.0,naive
1784236908.633753,35.9493,7,575.08,197.7,662.27,209.03,87.92,,0.0343,0.0,naive
1784236908.6494699,35.965,7,577.23,197.74,662.27,209.03,85.79,,0.0342,0.0007,naive
1784236908.6661088,35.9816,7,579.51,197.79,662.27,209.03,83.52,,0.0342,0.0007,naive
1784236908.683053,35.9986,7,581.75,197.82,662.27,209.03,81.3,,0.033,0.0005,naive
1784236908.7002146,36.0157,7,584.01,197.86,662.27,209.03,79.05,,0.033,0.0005,naive
1784236908.7169735,36.0325,7,586.23,197.9,662.27,209.03,76.85,,0.033,0.0005,naive
1784236908.7331314,36.0486,7,588.33,197.89,662.27,209.03,74.77,,0.0326,-0.0,naive
1784236908.74979,36.0653,7,590.5,197.89,662.27,209.03,72.63,,0.0326,-0.0,naive
1784236908.7654493,36.081,7,592.53,197.89,662.27,209.03,70.62,,0.0324,-0.0001,naive
1784236908.7820046,36.0975,7,594.68,197.89,662.27,209.03,68.5,,0.0324,-0.0001,naive
1784236908.7994413,36.1149,7,596.94,197.88,662.27,209.03,66.27,,0.0324,-0.0001,naive
1784236908.8164241,36.1319,7,599.13,197.86,662.27,209.03,64.12,,0.0322,-0.0004,naive
1784236908.8332436,36.1488,7,601.3,197.83,662.27,209.03,61.99,,0.0322,-0.0004,naive
1784236908.8499694,36.1655,7,603.43,197.77,662.27,209.03,59.91,,0.0318,-0.0009,naive
1784236908.8654451,36.181,7,605.39,197.71,662.27,209.03,57.99,,0.0318,-0.0009,naive
1784236908.8822074,36.1977,7,607.52,197.65,662.27,209.03,55.92,,0.0318,-0.0009,naive
1784236908.8991363,36.2146,7,609.62,197.6,662.27,209.03,53.87,,0.031,-0.0007,naive
1784236908.9158628,36.2314,7,611.7,197.55,662.27,209.03,51.86,,0.031,-0.0007,naive
1784236908.931486,36.247,7,613.59,197.51,662.27,209.03,50.03,,0.0302,-0.0007,naive
1784236908.9488788,36.2644,7,615.69,197.46,662.27,209.03,48.0,,0.0302,-0.0007,naive
1784236908.9653099,36.2808,7,617.61,197.36,662.27,209.03,46.16,,0.0293,-0.0015,naive
1784236908.9821002,36.2976,7,619.58,197.26,662.27,209.03,44.28,,0.0293,-0.0015,naive
1784236908.9995208,36.315,7,621.62,197.16,662.27,209.03,42.35,,0.0293,-0.0015,naive
1784236909.0156865,36.3312,7,623.48,197.09,662.27,209.03,40.59,,0.0288,-0.0011,naive
1784236909.0321057,36.3476,7,625.37,197.02,662.27,209.03,38.8,,0.0288,-0.0011,naive
1784236909.0488167,36.3643,7,627.26,196.93,662.27,209.03,37.05,,0.0282,-0.0012,naive
1784236909.0644314,36.3799,7,629.02,196.86,662.27,209.03,35.41,,0.0282,-0.0012,naive
1784236909.0811472,36.3967,7,630.9,196.77,662.27,209.03,33.68,,0.0282,-0.0012,naive
1784236909.0982838,36.4138,7,632.79,196.68,662.27,209.03,31.97,,0.0275,-0.0014,naive
1784236909.1151557,36.4307,7,634.64,196.59,662.27,209.03,30.3,,0.0275,-0.0014,naive
1784236909.1331682,36.4487,7,636.56,196.5,662.27,209.03,28.61,,0.0265,-0.0012,naive
1784236909.1504157,36.4659,7,638.39,196.41,662.27,209.03,27.01,,0.0265,-0.0012,naive
1784236909.1675181,36.483,7,640.17,196.3,662.27,209.03,25.5,,0.0261,-0.0016,naive
1784236909.1831706,36.4987,7,641.81,196.21,662.27,209.03,24.15,,0.0261,-0.0016,naive
1784236909.1998281,36.5153,7,643.43,196.07,662.27,209.03,22.87,,0.0243,-0.002,naive
1784236909.2162645,36.5318,7,645.02,195.94,662.27,209.03,21.65,,0.0243,-0.002,naive
1784236909.2329814,36.5485,7,646.65,195.8,662.27,209.03,20.47,,0.0243,-0.002,naive
1784236909.2505097,36.566,7,648.15,195.61,662.27,209.03,19.48,,0.0214,-0.0027,naive
1784236909.2664292,36.5819,7,649.51,195.44,662.27,209.03,18.64,,0.0214,-0.0027,naive
1784236909.2835555,36.5991,7,650.9,195.19,662.27,209.03,17.91,,0.0203,-0.0037,naive
1784236909.300152,36.6157,7,652.26,194.95,662.27,209.03,17.28,,0.0203,-0.0037,naive
1784236909.3174553,36.633,7,653.75,194.74,662.27,209.03,16.64,,0.0216,-0.003,naive
1784236909.3331554,36.6487,7,655.1,194.55,662.27,209.03,16.16,,0.0216,-0.003,naive
1784236909.3499725,36.6655,7,656.55,194.35,662.27,209.03,15.76,,0.0216,-0.003,naive
1784236909.365675,36.6812,7,657.86,194.19,662.27,209.03,15.48,,0.0208,-0.0024,naive
1784236909.381504,36.697,7,659.17,194.04,662.27,209.03,15.31,,0.0208,-0.0024,naive
1784236909.3970785,36.7126,7,660.23,194.06,662.27,209.03,15.11,,0.017,0.0004,naive
1784236909.4142778,36.7298,7,661.41,194.09,662.27,209.03,14.97,,0.017,0.0004,naive
1784236909.4315357,36.747,7,662.58,194.12,662.27,209.03,14.92,,0.017,0.0004,naive
1784236909.4484332,36.7639,7,663.24,194.52,662.27,209.03,14.55,,0.0098,0.0059,naive
1784236909.4654262,36.7809,7,663.91,194.92,662.27,209.03,14.21,,0.0098,0.0059,naive
1784236909.4824452,36.798,7,663.62,195.63,662.27,209.03,13.47,,-0.0042,0.0104,naive
1784236909.499077,36.8146,7,663.34,196.32,662.27,209.03,12.76,,-0.0042,0.0104,naive
1784236909.515679,36.8312,7,663.06,197.01,662.27,209.03,12.05,,-0.0042,0.0104,naive
1784236909.5320616,36.8476,7,662.15,197.68,662.27,209.03,11.36,,-0.0138,0.0102,naive
1784236909.5495658,36.8651,7,661.18,198.39,662.27,209.03,10.7,,-0.0138,0.0102,naive
1784236909.5652483,36.8808,7,660.27,199.27,662.27,209.03,9.97,,-0.0146,0.014,naive
1784236909.5820973,36.8976,7,659.28,200.21,662.27,209.03,9.31,,-0.0146,0.014,naive
1784236909.599518,36.915,7,658.32,201.3,662.27,209.03,8.68,,-0.0138,0.0157,naive
1784236909.6160636,36.9316,7,657.41,202.35,662.27,209.03,8.26,,-0.0138,0.0157,naive
1784236909.6332388,36.9487,7,656.47,203.43,662.27,209.03,8.07,,-0.0138,0.0157,naive
1784236909.6492066,36.9647,7,655.56,204.52,662.27,209.03,8.09,,-0.0142,0.0171,naive
1784236909.666327,36.9818,7,654.59,205.69,662.27,209.03,8.38,,-0.0142,0.0171,naive
1784236909.6830254,36.9985,7,653.69,206.77,662.27,209.03,8.88,,-0.0135,0.0161,naive
1784236909.6996486,37.0152,7,652.79,207.84,662.27,209.03,9.56,,-0.0135,0.0161,naive
1784236909.7163107,37.0318,7,651.89,208.92,662.27,209.03,10.38,,-0.0135,0.0161,naive
1784236909.733233,37.0487,7,651.1,210.11,662.27,209.03,11.22,,-0.0116,0.0177,naive
1784236909.750559,37.0661,7,650.3,211.34,662.27,209.03,12.2,,-0.0116,0.0177,naive
1784236909.766531,37.082,7,649.65,212.44,662.27,209.03,13.07,,-0.01,0.0172,naive
1784236909.783367,37.0989,7,648.98,213.6,662.27,209.03,14.06,,-0.01,0.0172,naive
1784236909.8003476,37.1159,7,648.3,214.77,662.27,209.03,15.11,,-0.01,0.0172,naive
1784236909.8169765,37.1325,8,647.79,215.88,662.27,209.03,16.02,TARGET_HIT,-0.0076,0.0167,naive
