timestamp,elapsed_s,target_index,cursor_x,cursor_y,target_x,target_y,distance,hit_event,accel_x,accel_y,vel_x,vel_y,zupt_active,filter
1785678941.6970258,0.0055,0,400.03,300.03,319.84,519.88,234.02,,0.3895,0.4429,0.002,0.002,0,kalman_zupt
1785678941.7095706,0.0181,0,400.1,300.12,319.84,519.88,233.96,,0.3895,0.4429,0.002,0.002,0,kalman_zupt
1785678941.725209,0.0337,0,400.56,300.67,319.84,519.88,233.6,,0.5043,0.6147,0.01,0.012,0,kalman_zupt
1785678941.741314,0.0498,0,401.04,301.24,319.84,519.88,233.23,,0.5043,0.6147,0.01,0.012,0,kalman_zupt
1785678941.7577713,0.0663,0,401.53,301.83,319.84,519.88,232.85,,0.5043,0.6147,0.01,0.012,0,kalman_zupt
1785678941.7747295,0.0832,0,401.91,302.66,319.84,519.88,232.2,,-0.1298,0.2717,0.008,0.016,0,kalman_zupt
1785678941.7907038,0.0992,0,402.28,303.45,319.84,519.88,231.6,,-0.1298,0.2717,0.008,0.016,0,kalman_zupt
1785678941.807883,0.1164,0,402.34,304.23,319.84,519.88,230.89,,-0.3718,-0.0796,0.001,0.015,0,kalman_zupt
1785678941.825517,0.134,0,402.41,305.03,319.84,519.88,230.17,,-0.3718,-0.0796,0.001,0.015,0,kalman_zupt
1785678941.8417146,0.1502,0,402.47,305.76,319.84,519.88,229.51,,-0.3718,-0.0796,0.001,0.015,0,kalman_zupt
1785678941.8587325,0.1672,0,402.42,306.58,319.84,519.88,228.73,,-0.1322,0.0554,-0.001,0.016,0,kalman_zupt
1785678941.876224,0.1847,0,402.37,307.42,319.84,519.88,227.93,,-0.1322,0.0554,-0.001,0.016,0,kalman_zupt
1785678941.8922029,0.2007,0,402.18,308.2,319.84,519.88,227.13,,-0.1817,0.0209,-0.004,0.016,0,kalman_zupt
1785678941.9082723,0.2168,0,401.99,308.99,319.84,519.88,226.33,,-0.1817,0.0209,-0.004,0.016,0,kalman_zupt
1785678941.9243608,0.2329,0,401.81,309.78,319.84,519.88,225.52,,-0.1817,0.0209,-0.004,0.016,0,kalman_zupt
1785678941.940576,0.2491,0,401.33,310.61,319.84,519.88,224.58,,-0.3574,0.0424,-0.01,0.017,0,kalman_zupt
1785678941.9577696,0.2663,0,400.83,311.49,319.84,519.88,223.58,,-0.3574,0.0424,-0.01,0.017,0,kalman_zupt
1785678941.9748478,0.2833,0,399.98,312.45,319.84,519.88,222.38,,-0.4066,0.0976,-0.017,0.019,0,kalman_zupt
1785678941.9916875,0.3002,0,399.14,313.39,319.84,519.88,221.19,,-0.4066,0.0976,-0.017,0.019,0,kalman_zupt
1785678942.0096545,0.3181,0,398.19,314.55,319.84,519.88,219.78,,-0.0501,0.1539,-0.018,0.021,0,kalman_zupt
1785678942.0265253,0.335,0,397.31,315.63,319.84,519.88,218.44,,-0.0501,0.1539,-0.018,0.021,0,kalman_zupt
1785678942.043275,0.3518,0,396.43,316.71,319.84,519.88,217.12,,-0.0501,0.1539,-0.018,0.021,0,kalman_zupt
1785678942.05941,0.3679,0,395.58,317.75,319.84,519.88,215.85,,-0.0501,0.1539,-0.018,0.021,0,kalman_zupt
1785678942.0755472,0.384,0,394.73,318.79,319.84,519.88,214.58,,-0.0501,0.1539,-0.018,0.021,0,kalman_zupt
1785678942.0923858,0.4009,0,393.71,320.0,319.84,519.88,213.1,,-0.1588,0.1413,-0.02,0.024,0,kalman_zupt
1785678942.1084242,0.4169,0,392.73,321.14,319.84,519.88,211.68,,-0.1588,0.1413,-0.02,0.024,0,kalman_zupt
1785678942.1247168,0.4332,0,391.75,322.31,319.84,519.88,210.25,,-0.1588,0.1413,-0.02,0.024,0,kalman_zupt
1785678942.1417656,0.4503,0,390.71,323.53,319.84,519.88,208.75,,-0.1588,0.1413,-0.02,0.024,0,kalman_zupt
1785678942.1577935,0.4663,0,389.74,324.68,319.84,519.88,207.34,,-0.1588,0.1413,-0.02,0.024,0,kalman_zupt
1785678942.1747243,0.4832,0,388.71,325.89,319.84,519.88,205.86,,-0.1588,0.1413,-0.02,0.024,0,kalman_zupt
1785678942.19179,0.5003,0,387.68,327.11,319.84,519.88,204.36,,-0.1588,0.1413,-0.02,0.024,0,kalman_zupt
1785678942.207878,0.5164,0,386.7,328.26,319.84,519.88,202.95,,-0.1588,0.1413,-0.02,0.024,0,kalman_zupt
1785678942.2246392,0.5331,0,385.46,329.52,319.84,519.88,201.36,,-0.2653,0.0706,-0.025,0.025,0,kalman_zupt
1785678942.2414625,0.55,0,384.22,330.78,319.84,519.88,199.76,,-0.2653,0.0706,-0.025,0.025,0,kalman_zupt
1785678942.2573307,0.5658,0,382.87,332.07,319.84,519.88,198.1,,-0.2276,0.1318,-0.028,0.027,0,kalman_zupt
1785678942.273496,0.582,0,381.5,333.39,319.84,519.88,196.42,,-0.2276,0.1318,-0.028,0.027,0,kalman_zupt
1785678942.2894294,0.5979,0,380.15,334.68,319.84,519.88,194.77,,-0.2276,0.1318,-0.028,0.027,0,kalman_zupt
1785678942.3051798,0.6137,0,378.71,336.06,319.84,519.88,193.02,,-0.141,0.1268,-0.03,0.029,0,kalman_zupt
1785678942.3215528,0.63,0,377.21,337.49,319.84,519.88,191.2,,-0.141,0.1268,-0.03,0.029,0,kalman_zupt
1785678942.337296,0.6458,0,375.67,339.04,319.84,519.88,189.26,,-0.1382,0.238,-0.033,0.033,0,kalman_zupt
1785678942.3533266,0.6618,0,374.1,340.62,319.84,519.88,187.29,,-0.1382,0.238,-0.033,0.033,0,kalman_zupt
1785678942.3690526,0.6775,0,372.56,342.17,319.84,519.88,185.36,,-0.1382,0.238,-0.033,0.033,0,kalman_zupt
1785678942.386297,0.6948,0,370.76,344.06,319.84,519.88,183.04,,-0.1144,0.212,-0.035,0.037,0,kalman_zupt
1785678942.4025037,0.711,0,369.08,345.84,319.84,519.88,180.87,,-0.1144,0.212,-0.035,0.037,0,kalman_zupt
1785678942.4196663,0.7282,0,367.13,348.05,319.84,519.88,178.22,,-0.1836,0.3733,-0.038,0.043,0,kalman_zupt
1785678942.4367037,0.7452,0,365.2,350.24,319.84,519.88,175.6,,-0.1836,0.3733,-0.038,0.043,0,kalman_zupt
1785678942.4533343,0.7618,0,363.32,352.39,319.84,519.88,173.04,,-0.1836,0.3733,-0.038,0.043,0,kalman_zupt
1785678942.4693449,0.7778,0,361.5,354.45,319.84,519.88,170.6,,-0.1836,0.3733,-0.038,0.043,0,kalman_zupt
1785678942.4858694,0.7944,0,359.63,356.58,319.84,519.88,168.08,,-0.1836,0.3733,-0.038,0.043,0,kalman_zupt
1785678942.502523,0.811,0,357.74,358.72,319.84,519.88,165.56,,-0.1836,0.3733,-0.038,0.043,0,kalman_zupt
1785678942.5195463,0.828,0,355.81,360.91,319.84,519.88,162.99,,-0.1836,0.3733,-0.038,0.043,0,kalman_zupt
1785678942.536564,0.8451,0,353.88,363.1,319.84,519.88,160.43,,-0.1836,0.3733,-0.038,0.043,0,kalman_zupt
1785678942.5521092,0.8606,0,352.12,365.11,319.84,519.88,158.1,,-0.1836,0.3733,-0.038,0.043,0,kalman_zupt
1785678942.5678782,0.8764,0,350.33,367.14,319.84,519.88,155.76,,-0.1836,0.3733,-0.038,0.043,0,kalman_zupt
1785678942.5846994,0.8932,0,348.42,369.3,319.84,519.88,153.26,,-0.1836,0.3733,-0.038,0.043,0,kalman_zupt
1785678942.6016138,0.9101,0,346.5,371.48,319.84,519.88,150.77,,-0.1836,0.3733,-0.038,0.043,0,kalman_zupt
1785678942.6195168,0.928,0,344.47,373.79,319.84,519.88,148.15,,-0.1836,0.3733,-0.038,0.043,0,kalman_zupt
1785678942.6353438,0.9438,0,342.68,375.83,319.84,519.88,145.85,,-0.1836,0.3733,-0.038,0.043,0,kalman_zupt
1785678942.6516476,0.9601,0,340.83,377.93,319.84,519.88,143.5,,-0.1836,0.3733,-0.038,0.043,0,kalman_zupt
1785678942.6693223,0.9778,0,338.83,380.2,319.84,519.88,140.96,,-0.1836,0.3733,-0.038,0.043,0,kalman_zupt
1785678942.68523,0.9937,0,337.02,382.25,319.84,519.88,138.7,,-0.1836,0.3733,-0.038,0.043,0,kalman_zupt
1785678942.7012494,1.0097,0,335.21,384.31,319.84,519.88,136.43,,-0.1836,0.3733,-0.038,0.043,0,kalman_zupt
1785678942.7177706,1.0263,0,333.33,386.44,319.84,519.88,134.12,,-0.1836,0.3733,-0.038,0.043,0,kalman_zupt
1785678942.7349737,1.0435,0,331.38,388.66,319.84,519.88,131.73,,-0.1836,0.3733,-0.038,0.043,0,kalman_zupt
1785678942.751107,1.0596,0,329.55,390.74,319.84,519.88,129.51,,-0.1836,0.3733,-0.038,0.043,0,kalman_zupt
1785678942.7676342,1.0761,0,327.68,392.86,319.84,519.88,127.26,,-0.1836,0.3733,-0.038,0.043,0,kalman_zupt
1785678942.7846737,1.0932,0,325.75,395.06,319.84,519.88,124.96,,-0.1836,0.3733,-0.038,0.043,0,kalman_zupt
1785678942.8017209,1.1102,0,323.82,397.25,319.84,519.88,122.69,,-0.1836,0.3733,-0.038,0.043,0,kalman_zupt
1785678942.8192585,1.1278,0,321.83,399.51,319.84,519.88,120.38,,-0.1836,0.3733,-0.038,0.043,0,kalman_zupt
1785678942.835218,1.1437,0,320.02,401.57,319.84,519.88,118.31,,-0.1836,0.3733,-0.038,0.043,0,kalman_zupt
1785678942.8514285,1.1599,0,318.18,403.66,319.84,519.88,116.24,,-0.1836,0.3733,-0.038,0.043,0,kalman_zupt
1785678942.8678706,1.1764,0,316.31,405.77,319.84,519.88,114.16,,-0.1836,0.3733,-0.038,0.043,0,kalman_zupt
1785678942.8846774,1.1932,0,314.41,407.94,319.84,519.88,112.07,,-0.1836,0.3733,-0.038,0.043,0,kalman_zupt
1785678942.901372,1.2099,0,312.52,410.09,319.84,519.88,110.04,,-0.1836,0.3733,-0.038,0.043,0,kalman_zupt
1785678942.9172597,1.2258,0,310.72,412.13,319.84,519.88,108.13,,-0.1836,0.3733,-0.038,0.043,0,kalman_zupt
1785678942.933402,1.2419,0,308.88,414.21,319.84,519.88,106.23,,-0.1836,0.3733,-0.038,0.043,0,kalman_zupt
1785678942.9497159,1.2582,0,307.04,416.31,319.84,519.88,104.35,,-0.1836,0.3733,-0.038,0.043,0,kalman_zupt
1785678942.966971,1.2755,0,305.08,418.54,319.84,519.88,102.41,,-0.1836,0.3733,-0.038,0.043,0,kalman_zupt
1785678942.9837208,1.2922,0,303.18,420.69,319.84,519.88,100.58,,-0.1836,0.3733,-0.038,0.043,0,kalman_zupt
1785678943.0015128,1.31,0,301.16,422.98,319.84,519.88,98.68,,-0.1836,0.3733,-0.038,0.043,0,kalman_zupt
1785678943.0174496,1.3259,0,299.36,425.04,319.84,519.88,97.03,,-0.1836,0.3733,-0.038,0.043,0,kalman_zupt
1785678943.0337079,1.3422,0,297.51,427.13,319.84,519.88,95.4,,-0.1836,0.3733,-0.038,0.043,0,kalman_zupt
1785678943.0501745,1.3587,0,295.65,429.25,319.84,519.88,93.8,,-0.1836,0.3733,-0.038,0.043,0,kalman_zupt
1785678943.0664866,1.375,0,293.8,431.35,319.84,519.88,92.28,,-0.1836,0.3733,-0.038,0.043,0,kalman_zupt
1785678943.0820467,1.3905,0,292.03,433.36,319.84,519.88,90.88,,-0.1836,0.3733,-0.038,0.043,0,kalman_zupt
1785678943.0981004,1.4066,0,290.21,435.42,319.84,519.88,89.5,,-0.1836,0.3733,-0.038,0.043,0,kalman_zupt
1785678943.1145186,1.423,0,288.35,437.54,319.84,519.88,88.16,,-0.1836,0.3733,-0.038,0.043,0,kalman_zupt
1785678943.13133,1.4398,0,286.44,439.7,319.84,519.88,86.85,,-0.1836,0.3733,-0.038,0.043,0,kalman_zupt
1785678943.1472325,1.4557,0,284.64,441.75,319.84,519.88,85.69,,-0.1836,0.3733,-0.038,0.043,0,kalman_zupt
1785678943.163673,1.4722,0,282.78,443.87,319.84,519.88,84.57,,-0.1836,0.3733,-0.038,0.043,0,kalman_zupt
1785678943.180607,1.4891,0,280.86,446.05,319.84,519.88,83.49,,-0.1836,0.3733,-0.038,0.043,0,kalman_zupt
1785678943.1974301,1.5059,0,278.95,448.22,319.84,519.88,82.51,,-0.1836,0.3733,-0.038,0.043,0,kalman_zupt
1785678943.2132397,1.5217,0,277.16,450.25,319.84,519.88,81.67,,-0.1836,0.3733,-0.038,0.043,0,kalman_zupt
1785678943.2294838,1.538,0,275.31,452.34,319.84,519.88,80.89,,-0.1836,0.3733,-0.038,0.043,0,kalman_zupt
1785678943.2455902,1.5541,0,273.49,454.42,319.84,519.88,80.21,,-0.1836,0.3733,-0.038,0.043,0,kalman_zupt
1785678943.262794,1.5713,0,271.54,456.63,319.84,519.88,79.58,,-0.1836,0.3733,-0.038,0.043,0,kalman_zupt
1785678943.279381,1.5879,0,269.66,458.77,319.84,519.88,79.07,,-0.1836,0.3733,-0.038,0.043,0,kalman_zupt
1785678943.2955124,1.604,0,267.83,460.85,319.84,519.88,78.68,,-0.1836,0.3733,-0.038,0.043,0,kalman_zupt
1785678943.31257,1.6211,0,265.89,463.04,319.84,519.88,78.36,,-0.1836,0.3733,-0.038,0.043,0,kalman_zupt
1785678943.328472,1.637,0,264.09,465.09,319.84,519.88,78.16,,-0.1836,0.3733,-0.038,0.043,0,kalman_zupt
1785678943.3440576,1.6525,0,262.32,467.1,319.84,519.88,78.06,,-0.1836,0.3733,-0.038,0.043,0,kalman_zupt
1785678943.3610027,1.6695,0,260.4,469.28,319.84,519.88,78.06,,-0.1836,0.3733,-0.038,0.043,0,kalman_zupt
1785678943.3775866,1.6861,0,258.52,471.42,319.84,519.88,78.15,,-0.1836,0.3733,-0.038,0.043,0,kalman_zupt
1785678943.3942251,1.7027,0,256.64,473.56,319.84,519.88,78.36,,-0.1836,0.3733,-0.038,0.043,0,kalman_zupt
1785678943.4102366,1.7187,0,254.82,475.62,319.84,519.88,78.65,,-0.1836,0.3733,-0.038,0.043,0,kalman_zupt
1785678943.426745,1.7352,0,252.95,477.75,319.84,519.88,79.05,,-0.1836,0.3733,-0.038,0.043,0,kalman_zupt
1785678943.4437568,1.7522,0,251.02,479.94,319.84,519.88,79.57,,-0.1836,0.3733,-0.038,0.043,0,kalman_zupt
1785678943.4610956,1.7696,0,249.05,482.17,319.84,519.88,80.2,,-0.1836,0.3733,-0.038,0.043,0,kalman_zupt
1785678943.4769788,1.7855,0,247.25,484.22,319.84,519.88,80.87,,-0.1836,0.3733,-0.038,0.043,0,kalman_zupt
1785678943.4937673,1.8023,0,245.03,486.48,319.84,519.88,81.93,,-0.3825,0.1127,-0.044,0.045,0,kalman_zupt
1785678943.5103636,1.8189,0,242.82,488.71,319.84,519.88,83.08,,-0.3825,0.1127,-0.044,0.045,0,kalman_zupt
1785678943.5266507,1.8351,0,240.66,490.9,319.84,519.88,84.31,,-0.3825,0.1127,-0.044,0.045,0,kalman_zupt
1785678943.543681,1.8522,0,238.41,493.19,319.84,519.88,85.7,,-0.3825,0.1127,-0.044,0.045,0,kalman_zupt
1785678943.5615299,1.87,0,235.98,495.51,319.84,519.88,87.33,,-0.0647,-0.0855,-0.045,0.043,0,kalman_zupt
1785678943.5778036,1.8863,0,233.76,497.62,319.84,519.88,88.91,,-0.0647,-0.0855,-0.045,0.043,0,kalman_zupt
1785678943.5948112,1.9033,0,231.45,499.83,319.84,519.88,90.64,,-0.0647,-0.0855,-0.045,0.043,0,kalman_zupt
1785678943.6116612,1.9202,0,229.15,502.02,319.84,519.88,92.43,,-0.0647,-0.0855,-0.045,0.043,0,kalman_zupt
1785678943.6284242,1.9369,0,226.75,503.94,319.84,519.88,94.44,,-0.1436,-0.3048,-0.048,0.038,0,kalman_zupt
1785678943.6443539,1.9528,0,224.47,505.76,319.84,519.88,96.41,,-0.1436,-0.3048,-0.048,0.038,0,kalman_zupt
1785678943.6603029,1.9688,0,222.18,507.59,319.84,519.88,98.43,,-0.1436,-0.3048,-0.048,0.038,0,kalman_zupt
1785678943.6764684,1.985,0,219.69,509.5,319.84,519.88,100.69,,-0.2263,0.0818,-0.051,0.04,0,kalman_zupt
1785678943.6920965,2.0006,0,217.27,511.36,319.84,519.88,102.92,,-0.2263,0.0818,-0.051,0.04,0,kalman_zupt
1785678943.7093413,2.0178,0,214.61,513.4,319.84,519.88,105.42,,-0.2263,0.0818,-0.051,0.04,0,kalman_zupt
1785678943.7256174,2.0341,0,212.1,515.33,319.84,519.88,107.83,,-0.2263,0.0818,-0.051,0.04,0,kalman_zupt
1785678943.7423892,2.0509,0,209.51,517.32,319.84,519.88,110.35,,-0.2263,0.0818,-0.051,0.04,0,kalman_zupt
1785678943.759088,2.0676,0,206.94,519.3,319.84,519.88,112.9,,-0.2263,0.0818,-0.051,0.04,0,kalman_zupt
1785678943.776444,2.0849,0,204.26,521.35,319.84,519.88,115.59,,-0.2263,0.0818,-0.051,0.04,0,kalman_zupt
1785678943.7924507,2.1009,0,201.79,523.25,319.84,519.88,118.1,,-0.2263,0.0818,-0.051,0.04,0,kalman_zupt
1785678943.8085523,2.117,0,199.3,525.16,319.84,519.88,120.65,,-0.2263,0.0818,-0.051,0.04,0,kalman_zupt
1785678943.8242264,2.1327,0,196.89,527.02,319.84,519.88,123.16,,-0.2263,0.0818,-0.051,0.04,0,kalman_zupt
1785678943.8406186,2.1491,0,194.36,528.96,319.84,519.88,125.81,,-0.2263,0.0818,-0.051,0.04,0,kalman_zupt
1785678943.8574362,2.1659,0,191.76,530.95,319.84,519.88,128.55,,-0.2263,0.0818,-0.051,0.04,0,kalman_zupt
1785678943.8734663,2.182,0,189.29,532.85,319.84,519.88,131.19,,-0.2263,0.0818,-0.051,0.04,0,kalman_zupt
1785678943.8891675,2.1977,0,186.87,534.71,319.84,519.88,133.8,,-0.2263,0.0818,-0.051,0.04,0,kalman_zupt
1785678943.9049308,2.2134,0,184.43,536.58,319.84,519.88,136.43,,-0.2263,0.0818,-0.051,0.04,0,kalman_zupt
1785678943.920814,2.2293,0,181.98,538.46,319.84,519.88,139.1,,-0.2263,0.0818,-0.051,0.04,0,kalman_zupt
1785678943.9378786,2.2464,0,179.08,540.73,319.84,519.88,142.29,,-0.3032,0.2815,-0.057,0.044,0,kalman_zupt
1785678943.9550009,2.2635,0,176.18,543.01,319.84,519.88,145.51,,-0.3032,0.2815,-0.057,0.044,0,kalman_zupt
1785678943.9717376,2.2802,0,173.33,545.23,319.84,519.88,148.68,,-0.3032,0.2815,-0.057,0.044,0,kalman_zupt
1785678943.9885712,2.2971,0,170.38,547.18,319.84,519.88,151.93,,-0.1079,-0.3388,-0.058,0.039,0,kalman_zupt
1785678944.005581,2.3141,0,167.4,549.15,319.84,519.88,155.22,,-0.1079,-0.3388,-0.058,0.039,0,kalman_zupt
1785678944.0230336,2.3315,0,164.27,550.91,319.84,519.88,158.63,,-0.0802,-0.2838,-0.06,0.034,0,kalman_zupt
1785678944.04036,2.3489,0,161.16,552.66,319.84,519.88,162.03,,-0.0802,-0.2838,-0.06,0.034,0,kalman_zupt
1785678944.056388,2.3649,0,158.28,554.28,319.84,519.88,165.18,,-0.0802,-0.2838,-0.06,0.034,0,kalman_zupt
1785678944.0728333,2.3813,0,155.27,555.86,319.84,519.88,168.45,,-0.0748,-0.1066,-0.061,0.032,0,kalman_zupt
1785678944.0904408,2.3989,0,152.05,557.54,319.84,519.88,171.97,,-0.0748,-0.1066,-0.061,0.032,0,kalman_zupt
1785678944.1061091,2.4146,0,149.14,559.04,319.84,519.88,175.14,,-0.0531,-0.0017,-0.062,0.032,0,kalman_zupt
1785678944.1221075,2.4306,0,146.17,560.57,319.84,519.88,178.37,,-0.0531,-0.0017,-0.062,0.032,0,kalman_zupt
1785678944.1384277,2.4469,0,143.14,562.13,319.84,519.88,181.68,,-0.0531,-0.0017,-0.062,0.032,0,kalman_zupt
1785678944.154739,2.4632,0,139.94,563.85,319.84,519.88,185.19,,-0.2048,0.1969,-0.065,0.035,0,kalman_zupt
1785678944.1713927,2.4799,0,136.69,565.6,319.84,519.88,188.77,,-0.2048,0.1969,-0.065,0.035,0,kalman_zupt
1785678944.1872265,2.4957,0,133.59,567.27,319.84,519.88,192.18,,-0.2048,0.1969,-0.065,0.035,0,kalman_zupt
1785678944.2031925,2.5117,0,130.4,569.02,319.84,519.88,195.7,,-0.0783,0.0902,-0.066,0.037,0,kalman_zupt
1785678944.219289,2.5278,0,127.19,570.78,319.84,519.88,199.26,,-0.0783,0.0902,-0.066,0.037,0,kalman_zupt
1785678944.2355785,2.5441,0,123.97,572.62,319.84,519.88,202.84,,0.0318,0.0647,-0.066,0.038,0,kalman_zupt
1785678944.252515,2.561,0,120.62,574.52,319.84,519.88,206.58,,0.0318,0.0647,-0.066,0.038,0,kalman_zupt
1785678944.2695332,2.578,0,117.25,576.44,319.84,519.88,210.34,,0.0318,0.0647,-0.066,0.038,0,kalman_zupt
1785678944.285209,2.5937,0,114.15,578.21,319.84,519.88,213.8,,0.0318,0.0647,-0.066,0.038,0,kalman_zupt
1785678944.3015447,2.61,0,110.9,580.08,319.84,519.88,217.44,,-0.0167,0.0315,-0.066,0.038,0,kalman_zupt
1785678944.3183863,2.6269,0,107.56,582.0,319.84,519.88,221.19,,-0.0167,0.0315,-0.066,0.038,0,kalman_zupt
1785678944.3346252,2.6431,0,104.33,583.86,319.84,519.88,224.81,,-0.0167,0.0315,-0.066,0.038,0,kalman_zupt
1785678944.351549,2.66,0,100.8,585.86,319.84,519.88,228.76,,-0.1906,0.0835,-0.069,0.04,0,kalman_zupt
1785678944.3671181,2.6756,0,97.56,587.71,319.84,519.88,232.4,,-0.1906,0.0835,-0.069,0.04,0,kalman_zupt
1785678944.3829181,2.6914,0,94.27,589.58,319.84,519.88,236.1,,-0.1906,0.0835,-0.069,0.04,0,kalman_zupt
1785678944.399604,2.7081,0,90.79,591.56,319.84,519.88,240.0,,-0.1906,0.0835,-0.069,0.04,0,kalman_zupt
1785678944.4165843,2.7251,0,87.07,592,319.84,519.88,243.69,,-0.2092,0.1459,-0.073,0.042,0,kalman_zupt
1785678944.4326024,2.7411,0,83.56,592,319.84,519.88,247.04,,-0.2092,0.1459,-0.073,0.042,0,kalman_zupt
1785678944.449462,2.758,0,79.68,592,319.84,519.88,250.75,,-0.217,0.1783,-0.077,0.045,0,kalman_zupt
1785678944.465627,2.7741,0,75.96,592,319.84,519.88,254.31,,-0.217,0.1783,-0.077,0.045,0,kalman_zupt
1785678944.4826086,2.7911,0,72.06,592,319.84,519.88,258.06,,-0.217,0.1783,-0.077,0.045,0,kalman_zupt
1785678944.4993408,2.8078,0,67.97,592,319.84,519.88,261.99,,-0.2817,0.1162,-0.081,0.047,0,kalman_zupt
1785678944.5156732,2.8242,0,63.99,592,319.84,519.88,265.82,,-0.2817,0.1162,-0.081,0.047,0,kalman_zupt
1785678944.5323594,2.8409,0,59.74,592,319.84,519.88,269.91,,-0.1993,0.1813,-0.085,0.05,0,kalman_zupt
1785678944.5480645,2.8566,0,55.75,592,319.84,519.88,273.76,,-0.1993,0.1813,-0.085,0.05,0,kalman_zupt
1785678944.5644305,2.8729,0,51.59,592,319.84,519.88,277.77,,-0.1993,0.1813,-0.085,0.05,0,kalman_zupt
1785678944.580353,2.8888,0,47.38,592,319.84,519.88,281.84,,-0.2203,0.0854,-0.088,0.051,0,kalman_zupt
1785678944.5967467,2.9052,0,43.04,592,319.84,519.88,286.04,,-0.2203,0.0854,-0.088,0.051,0,kalman_zupt
1785678944.6140535,2.9225,0,38.36,592,319.84,519.88,290.57,,-0.113,0.0676,-0.09,0.052,0,kalman_zupt
1785678944.6306374,2.9391,0,33.87,592,319.84,519.88,294.92,,-0.113,0.0676,-0.09,0.052,0,kalman_zupt
1785678944.6477642,2.9563,0,29.24,592,319.84,519.88,299.41,,-0.113,0.0676,-0.09,0.052,0,kalman_zupt
1785678944.6646736,2.9732,0,24.5,592,319.84,519.88,304.02,,-0.1996,0.1108,-0.094,0.054,0,kalman_zupt
1785678944.681562,2.9901,0,19.76,592,319.84,519.88,308.63,,-0.1996,0.1108,-0.094,0.054,0,kalman_zupt
1785678944.6981227,3.0066,0,15.11,592,319.84,519.88,313.15,,-0.1996,0.1108,-0.094,0.054,0,kalman_zupt
1785678944.714647,3.0231,0,10.39,592,319.84,519.88,317.74,,-0.0993,0.1311,-0.095,0.057,0,kalman_zupt
1785678944.731349,3.0398,0,8,592,319.84,519.88,320.07,,-0.0993,0.1311,-0.095,0.057,0,kalman_zupt
1785678944.7472708,3.0558,0,8,592,319.84,519.88,320.07,,-0.0884,0.0881,-0.097,0.058,0,kalman_zupt
1785678944.7638865,3.0724,0,8,592,319.84,519.88,320.07,,-0.0884,0.0881,-0.097,0.058,0,kalman_zupt
1785678944.7805877,3.0891,0,8,592,319.84,519.88,320.07,,-0.193,0.0572,-0.1,0.059,0,kalman_zupt
1785678944.797468,3.106,0,8,592,319.84,519.88,320.07,,-0.193,0.0572,-0.1,0.059,0,kalman_zupt
1785678944.8133092,3.1218,0,8,592,319.84,519.88,320.07,,-0.1573,0.0186,-0.102,0.059,0,kalman_zupt
1785678944.8292422,3.1377,0,8,592,319.84,519.88,320.07,,-0.1573,0.0186,-0.102,0.059,0,kalman_zupt
1785678944.845362,3.1539,0,8,592,319.84,519.88,320.07,,-0.1573,0.0186,-0.102,0.059,0,kalman_zupt
1785678944.8614712,3.17,0,8,592,319.84,519.88,320.07,,-0.0796,0.0705,-0.104,0.06,0,kalman_zupt
1785678944.8777268,3.1862,0,8,592,319.84,519.88,320.07,,-0.0796,0.0705,-0.104,0.06,0,kalman_zupt
1785678944.8943357,3.2028,0,8,592,319.84,519.88,320.07,,-0.1448,0.0946,-0.106,0.062,0,kalman_zupt
1785678944.910481,3.219,0,8,592,319.84,519.88,320.07,,-0.1448,0.0946,-0.106,0.062,0,kalman_zupt
1785678944.9269602,3.2355,0,8,592,319.84,519.88,320.07,,-0.1448,0.0946,-0.106,0.062,0,kalman_zupt
1785678944.9444556,3.2529,0,8,592,319.84,519.88,320.07,,-0.2004,0.0696,-0.11,0.063,0,kalman_zupt
1785678944.9606578,3.2691,0,8,592,319.84,519.88,320.07,,-0.2004,0.0696,-0.11,0.063,0,kalman_zupt
1785678944.9776523,3.2861,0,8,592,319.84,519.88,320.07,,-0.2004,0.0696,-0.11,0.063,0,kalman_zupt
1785678944.9951656,3.3037,0,8,592,319.84,519.88,320.07,,-0.2004,0.0696,-0.11,0.063,0,kalman_zupt
1785678945.0107656,3.3193,0,8,592,319.84,519.88,320.07,,-0.0651,0.0513,-0.111,0.064,0,kalman_zupt
1785678945.0277245,3.3362,0,8,592,319.84,519.88,320.07,,-0.0651,0.0513,-0.111,0.064,0,kalman_zupt
1785678945.0446465,3.3531,0,8,592,319.84,519.88,320.07,,-0.0651,0.0513,-0.111,0.064,0,kalman_zupt
1785678945.0616577,3.3701,0,8,592,319.84,519.88,320.07,,-0.0651,0.0513,-0.111,0.064,0,kalman_zupt
1785678945.078142,3.3866,0,8,592,319.84,519.88,320.07,,-0.1534,0.1315,-0.113,0.066,0,kalman_zupt
1785678945.0938656,3.4024,0,8,592,319.84,519.88,320.07,,-0.1534,0.1315,-0.113,0.066,0,kalman_zupt
1785678945.110567,3.4191,0,8,592,319.84,519.88,320.07,,-0.1534,0.1315,-0.113,0.066,0,kalman_zupt
1785678945.1275904,3.4361,0,8,592,319.84,519.88,320.07,,-0.1534,0.1315,-0.113,0.066,0,kalman_zupt
1785678945.1433873,3.4519,0,8,592,319.84,519.88,320.07,,-0.1779,-0.0709,-0.116,0.065,0,kalman_zupt
1785678945.159672,3.4682,0,8,592,319.84,519.88,320.07,,-0.1779,-0.0709,-0.116,0.065,0,kalman_zupt
1785678945.1768265,3.4853,0,8,592,319.84,519.88,320.07,,-0.1779,-0.0709,-0.116,0.065,0,kalman_zupt
1785678945.1934314,3.5019,0,8,592,319.84,519.88,320.07,,-0.1614,-0.3508,-0.119,0.059,0,kalman_zupt
1785678945.2093184,3.5178,0,8,592,319.84,519.88,320.07,,-0.1614,-0.3508,-0.119,0.059,0,kalman_zupt
1785678945.2258058,3.5343,0,8,592,319.84,519.88,320.07,,-0.2506,-0.9525,-0.123,0.043,0,kalman_zupt
1785678945.243099,3.5516,0,8,592,319.84,519.88,320.07,,-0.2506,-0.9525,-0.123,0.043,0,kalman_zupt
1785678945.259256,3.5677,0,8,592,319.84,519.88,320.07,,-0.2506,-0.9525,-0.123,0.043,0,kalman_zupt
1785678945.27557,3.5841,0,8,592,319.84,519.88,320.07,,0.0375,-1.083,-0.122,0.026,0,kalman_zupt
1785678945.29231,3.6008,0,8,592,319.84,519.88,320.07,,0.0375,-1.083,-0.122,0.026,0,kalman_zupt
1785678945.308641,3.6171,0,8,592,319.84,519.88,320.07,,0.0375,-1.083,-0.122,0.026,0,kalman_zupt
1785678945.3258982,3.6344,0,8,592,319.84,519.88,320.07,,0.0375,-1.083,-0.122,0.026,0,kalman_zupt
1785678945.3434386,3.6519,0,8,592,319.84,519.88,320.07,,0.0375,-1.083,-0.122,0.026,0,kalman_zupt
1785678945.3595486,3.668,0,8,592,319.84,519.88,320.07,,0.0375,-1.083,-0.122,0.026,0,kalman_zupt
1785678945.3765912,3.6851,0,8,592,319.84,519.88,320.07,,0.0375,-1.083,-0.122,0.026,0,kalman_zupt
1785678945.3936498,3.7021,0,8,592,319.84,519.88,320.07,,0.0375,-1.083,-0.122,0.026,0,kalman_zupt
1785678945.4106853,3.7192,0,8,592,319.84,519.88,320.07,,0.0375,-1.083,-0.122,0.026,0,kalman_zupt
1785678945.4281955,3.7367,0,8,592,319.84,519.88,320.07,,0.0375,-1.083,-0.122,0.026,0,kalman_zupt
1785678945.4442492,3.7527,0,8,592,319.84,519.88,320.07,,0.0375,-1.083,-0.122,0.026,0,kalman_zupt
1785678945.4602954,3.7688,0,8,592,319.84,519.88,320.07,,0.0375,-1.083,-0.122,0.026,0,kalman_zupt
1785678945.4765317,3.785,0,8,592,319.84,519.88,320.07,,0.0375,-1.083,-0.122,0.026,0,kalman_zupt
1785678945.4931252,3.8016,0,8,592,319.84,519.88,320.07,,0.0375,-1.083,-0.122,0.026,0,kalman_zupt
1785678945.5093532,3.8178,0,8,592,319.84,519.88,320.07,,0.0375,-1.083,-0.122,0.026,0,kalman_zupt
1785678945.5254724,3.834,0,8,592,319.84,519.88,320.07,,0.1333,-1.2456,-0.12,0.006,0,kalman_zupt
1785678945.541306,3.8498,0,8,592,319.84,519.88,320.07,,0.1333,-1.2456,-0.12,0.006,0,kalman_zupt
1785678945.5576491,3.8661,0,8,592,319.84,519.88,320.07,,0.1333,-1.2456,-0.12,0.006,0,kalman_zupt
1785678945.5747142,3.8832,0,8,592,319.84,519.88,320.07,,-0.2111,1.4227,-0.124,0.03,0,kalman_zupt
1785678945.592253,3.9007,0,8,592,319.84,519.88,320.07,,-0.2111,1.4227,-0.124,0.03,0,kalman_zupt
1785678945.6092665,3.9178,0,8,592,319.84,519.88,320.07,,-0.2309,0.9655,-0.127,0.046,0,kalman_zupt
1785678945.6253638,3.9339,0,8,592,319.84,519.88,320.07,,-0.2309,0.9655,-0.127,0.046,0,kalman_zupt
1785678945.6411445,3.9496,0,8,592,319.84,519.88,320.07,,-0.2309,0.9655,-0.127,0.046,0,kalman_zupt
1785678945.6576533,3.9661,0,8,592,319.84,519.88,320.07,,0.9813,1.0982,-0.111,0.065,0,kalman_zupt
1785678945.6748009,3.9833,0,8,592,319.84,519.88,320.07,,0.9813,1.0982,-0.111,0.065,0,kalman_zupt
1785678945.691816,4.0003,0,8,592,319.84,519.88,320.07,,0.7076,0.4594,-0.099,0.072,0,kalman_zupt
1785678945.7093523,4.0178,0,8,592,319.84,519.88,320.07,,0.7076,0.4594,-0.099,0.072,0,kalman_zupt
1785678945.725865,4.0344,0,8,592,319.84,519.88,320.07,,0.7076,0.4594,-0.099,0.072,0,kalman_zupt
1785678945.7424526,4.0509,0,8,592,319.84,519.88,320.07,,-0.1046,-0.1138,-0.101,0.07,0,kalman_zupt
1785678945.759294,4.0678,0,8,592,319.84,519.88,320.07,,-0.1046,-0.1138,-0.101,0.07,0,kalman_zupt
1785678945.7753484,4.0838,0,8,592,319.84,519.88,320.07,,-0.1046,-0.1138,-0.101,0.07,0,kalman_zupt
1785678945.7912335,4.0997,0,8,592,319.84,519.88,320.07,,-0.1046,-0.1138,-0.101,0.07,0,kalman_zupt
1785678945.8073015,4.1158,0,8,592,319.84,519.88,320.07,,0.3337,-0.2557,-0.096,0.066,0,kalman_zupt
1785678945.8228621,4.1314,0,8,592,319.84,519.88,320.07,,0.3337,-0.2557,-0.096,0.066,0,kalman_zupt
1785678945.8404675,4.149,0,8,592,319.84,519.88,320.07,,0.3337,-0.2557,-0.096,0.066,0,kalman_zupt
1785678945.8567069,4.1652,0,8,592,319.84,519.88,320.07,,0.3337,-0.2557,-0.096,0.066,0,kalman_zupt
1785678945.8734007,4.1819,0,8,592,319.84,519.88,320.07,,0.0278,-0.335,-0.095,0.061,0,kalman_zupt
1785678945.8892083,4.1977,0,8,592,319.84,519.88,320.07,,0.0278,-0.335,-0.095,0.061,0,kalman_zupt
1785678945.9050949,4.2136,0,8,592,319.84,519.88,320.07,,0.0278,-0.335,-0.095,0.061,0,kalman_zupt
1785678945.9208026,4.2293,0,8,592,319.84,519.88,320.07,,0.185,-0.2641,-0.092,0.057,0,kalman_zupt
1785678945.9374342,4.2459,0,8,592,319.84,519.88,320.07,,0.185,-0.2641,-0.092,0.057,0,kalman_zupt
1785678945.9535685,4.2621,0,8,592,319.84,519.88,320.07,,0.1737,-0.3128,-0.089,0.052,0,kalman_zupt
1785678945.969279,4.2778,0,8,592,319.84,519.88,320.07,,0.1737,-0.3128,-0.089,0.052,0,kalman_zupt
1785678945.9857538,4.2942,0,8,592,319.84,519.88,320.07,,0.1737,-0.3128,-0.089,0.052,0,kalman_zupt
1785678946.0025322,4.311,0,8,592,319.84,519.88,320.07,,0.0923,-0.3766,-0.088,0.045,0,kalman_zupt
1785678946.0193734,4.3279,0,8,592,319.84,519.88,320.07,,0.0923,-0.3766,-0.088,0.045,0,kalman_zupt
1785678946.0353534,4.3438,0,8,592,319.84,519.88,320.07,,0.1092,-0.3107,-0.086,0.04,0,kalman_zupt
1785678946.0514805,4.36,0,8,592,319.84,519.88,320.07,,0.1092,-0.3107,-0.086,0.04,0,kalman_zupt
1785678946.0674255,4.3759,0,8,592,319.84,519.88,320.07,,0.1092,-0.3107,-0.086,0.04,0,kalman_zupt
1785678946.0837066,4.3922,0,8,592,319.84,519.88,320.07,,0.0307,-0.4006,-0.086,0.034,0,kalman_zupt
1785678946.10077,4.4093,0,8,592,319.84,519.88,320.07,,0.0307,-0.4006,-0.086,0.034,0,kalman_zupt
1785678946.1175153,4.426,0,8,592,319.84,519.88,320.07,,0.055,-0.3957,-0.085,0.027,0,kalman_zupt
1785678946.1337042,4.4422,0,8,592,319.84,519.88,320.07,,0.055,-0.3957,-0.085,0.027,0,kalman_zupt
1785678946.1503584,4.4589,0,8,592,319.84,519.88,320.07,,0.0863,-0.4364,-0.083,0.02,0,kalman_zupt
1785678946.1665044,4.475,0,8,592,319.84,519.88,320.07,,0.0863,-0.4364,-0.083,0.02,0,kalman_zupt
1785678946.1825264,4.491,0,8,592,319.84,519.88,320.07,,0.0863,-0.4364,-0.083,0.02,0,kalman_zupt
1785678946.199622,4.5081,0,8,592,319.84,519.88,320.07,,0.1262,-0.4495,-0.081,0.012,0,kalman_zupt
1785678946.2166731,4.5252,0,8,592,319.84,519.88,320.07,,0.1262,-0.4495,-0.081,0.012,0,kalman_zupt
1785678946.233795,4.5423,0,8,592,319.84,519.88,320.07,,0.0645,-0.3824,-0.08,0.006,0,kalman_zupt
1785678946.2500925,4.5586,0,8,592,319.84,519.88,320.07,,0.0645,-0.3824,-0.08,0.006,0,kalman_zupt
1785678946.2671657,4.5757,0,8,591.96,319.84,519.88,320.06,,0.1486,-0.3697,-0.077,-0.001,0,kalman_zupt
1785678946.2837343,4.5922,0,8,591.93,319.84,519.88,320.05,,0.1486,-0.3697,-0.077,-0.001,0,kalman_zupt
1785678946.3013504,4.6098,0,8,591.5,319.84,519.88,319.96,,0.1599,-0.4277,-0.075,-0.008,0,kalman_zupt
1785678946.3178058,4.6263,0,8,591.09,319.84,519.88,319.87,,0.1599,-0.4277,-0.075,-0.008,0,kalman_zupt
1785678946.3346415,4.6431,0,8,590.67,319.84,519.88,319.77,,0.1599,-0.4277,-0.075,-0.008,0,kalman_zupt
1785678946.3512766,4.6598,0,8,589.85,319.84,519.88,319.59,,0.23,-0.4951,-0.071,-0.016,0,kalman_zupt
1785678946.3677151,4.6762,0,8,589.04,319.84,519.88,319.42,,0.23,-0.4951,-0.071,-0.016,0,kalman_zupt
1785678946.3848004,4.6933,0,8,587.81,319.84,519.88,319.15,,0.444,-0.4453,-0.063,-0.024,0,kalman_zupt
1785678946.4020522,4.7105,0,8,586.56,319.84,519.88,318.89,,0.444,-0.4453,-0.063,-0.024,0,kalman_zupt
1785678946.4176474,4.7261,0,8,585.05,319.84,519.88,318.58,,0.1866,-0.5259,-0.06,-0.032,0,kalman_zupt
1785678946.4342754,4.7428,0,8,583.44,319.84,519.88,318.25,,0.1866,-0.5259,-0.06,-0.032,0,kalman_zupt
1785678946.4503953,4.7589,0,8,581.88,319.84,519.88,317.94,,0.1866,-0.5259,-0.06,-0.032,0,kalman_zupt
1785678946.4663787,4.7749,0,8,580.33,319.84,519.88,317.64,,0.1866,-0.5259,-0.06,-0.032,0,kalman_zupt
1785678946.482609,4.7911,0,8,578.37,319.84,519.88,317.28,,0.1201,-0.4871,-0.058,-0.04,0,kalman_zupt
1785678946.4996464,4.8081,0,8,576.32,319.84,519.88,316.9,,0.1201,-0.4871,-0.058,-0.04,0,kalman_zupt
1785678946.5168223,4.8253,0,8,574.25,319.84,519.88,316.54,,0.1201,-0.4871,-0.058,-0.04,0,kalman_zupt
1785678946.5342965,4.8428,0,8,572.14,319.84,519.88,316.19,,0.1201,-0.4871,-0.058,-0.04,0,kalman_zupt
1785678946.5503457,4.8588,0,8,569.94,319.84,519.88,315.83,,0.0429,-0.3435,-0.058,-0.046,0,kalman_zupt
1785678946.5664103,4.8749,0,8,567.74,319.84,519.88,315.49,,0.0429,-0.3435,-0.058,-0.046,0,kalman_zupt
1785678946.5827472,4.8912,0,8,565.5,319.84,519.88,315.16,,0.0429,-0.3435,-0.058,-0.046,0,kalman_zupt
1785678946.5994384,4.9079,0,8,562.99,319.84,519.88,314.8,,-0.0047,-0.2713,-0.058,-0.05,0,kalman_zupt
1785678946.6171834,4.9257,0,8,560.31,319.84,519.88,314.45,,-0.0047,-0.2713,-0.058,-0.05,0,kalman_zupt
1785678946.6333985,4.9419,0,8,557.67,319.84,519.88,314.12,,0.0515,-0.253,-0.057,-0.054,0,kalman_zupt
1785678946.6491814,4.9577,0,8,555.1,319.84,519.88,313.82,,0.0515,-0.253,-0.057,-0.054,0,kalman_zupt
1785678946.6650097,4.9735,0,8,552.52,319.84,519.88,313.54,,0.0515,-0.253,-0.057,-0.054,0,kalman_zupt
1785678946.6817555,4.9902,0,8,549.53,319.84,519.88,313.24,,0.0582,-0.3051,-0.056,-0.059,0,kalman_zupt
1785678946.6984549,5.0069,0,8,546.56,319.84,519.88,312.98,,0.0582,-0.3051,-0.056,-0.059,0,kalman_zupt
1785678946.715237,5.0237,0,8,543.32,319.84,519.88,312.72,,0.088,-0.2915,-0.054,-0.064,0,kalman_zupt
1785678946.731583,5.0401,0,8,540.16,319.84,519.88,312.5,,0.088,-0.2915,-0.054,-0.064,0,kalman_zupt
1785678946.7480936,5.0566,0,8,536.98,319.84,519.88,312.31,,0.088,-0.2915,-0.054,-0.064,0,kalman_zupt
1785678946.7647786,5.0733,0,8,533.46,319.84,519.88,312.13,,0.3002,-0.3615,-0.049,-0.07,0,kalman_zupt
1785678946.7824621,5.091,0,8,529.72,319.84,519.88,311.99,,0.3002,-0.3615,-0.049,-0.07,0,kalman_zupt
1785678946.7982945,5.1068,0,8,526.38,319.84,519.88,311.91,,0.3002,-0.3615,-0.049,-0.07,0,kalman_zupt
1785678946.8146482,5.1231,0,8,522.66,319.84,519.88,311.85,,0.3491,-0.3401,-0.044,-0.076,0,kalman_zupt
1785678946.8316946,5.1402,0,8,518.77,319.84,519.88,311.84,,0.3491,-0.3401,-0.044,-0.076,0,kalman_zupt
1785678946.8492436,5.1577,0,8,514.6,319.84,519.88,311.88,,0.7411,-0.1888,-0.031,-0.079,0,kalman_zupt
1785678946.865237,5.1737,0,8,510.8,319.84,519.88,311.97,,0.7411,-0.1888,-0.031,-0.079,0,kalman_zupt
1785678946.8818665,5.1904,0,8,506.63,319.84,519.88,312.12,,1.2236,-0.2634,-0.01,-0.084,0,kalman_zupt
1785678946.8995562,5.208,0,8,502.19,319.84,519.88,312.34,,1.2236,-0.2634,-0.01,-0.084,0,kalman_zupt
1785678946.9154456,5.2239,0,8,498.21,319.84,519.88,312.59,,1.2236,-0.2634,-0.01,-0.084,0,kalman_zupt
1785678946.9310408,5.2395,0,8.54,494.13,319.84,519.88,312.36,,1.4047,-0.2256,0.012,-0.087,0,kalman_zupt
1785678946.9474485,5.2559,0,9.11,489.84,319.84,519.88,312.18,,1.4047,-0.2256,0.012,-0.087,0,kalman_zupt
1785678946.9633386,5.2718,0,9.65,485.69,319.84,519.88,312.06,,1.4047,-0.2256,0.012,-0.087,0,kalman_zupt
1785678946.9794228,5.2879,0,10.21,481.48,319.84,519.88,312.0,,1.4047,-0.2256,0.012,-0.087,0,kalman_zupt
1785678946.996155,5.3046,0,10.79,477.11,319.84,519.88,312.0,,1.4047,-0.2256,0.012,-0.087,0,kalman_zupt
1785678947.0127668,5.3213,0,11.36,472.77,319.84,519.88,312.05,,1.4047,-0.2256,0.012,-0.087,0,kalman_zupt
1785678947.0296695,5.3382,0,11.95,468.35,319.84,519.88,312.18,,1.4047,-0.2256,0.012,-0.087,0,kalman_zupt
1785678947.0472715,5.3558,0,12.55,463.75,319.84,519.88,312.37,,1.4047,-0.2256,0.012,-0.087,0,kalman_zupt
1785678947.063373,5.3719,0,13.11,459.54,319.84,519.88,312.61,,1.4047,-0.2256,0.012,-0.087,0,kalman_zupt
1785678947.0795584,5.3881,0,13.67,455.31,319.84,519.88,312.91,,1.4047,-0.2256,0.012,-0.087,0,kalman_zupt
1785678947.0953426,5.4038,0,14.21,451.18,319.84,519.88,313.25,,1.4047,-0.2256,0.012,-0.087,0,kalman_zupt
1785678947.111702,5.4202,0,14.78,446.91,319.84,519.88,313.67,,1.4047,-0.2256,0.012,-0.087,0,kalman_zupt
1785678947.128515,5.437,0,15.36,442.51,319.84,519.88,314.16,,1.4047,-0.2256,0.012,-0.087,0,kalman_zupt
1785678947.1453695,5.4539,0,15.94,438.11,319.84,519.88,314.71,,1.4047,-0.2256,0.012,-0.087,0,kalman_zupt
1785678947.1615694,5.4701,0,16.5,433.87,319.84,519.88,315.3,,1.4047,-0.2256,0.012,-0.087,0,kalman_zupt
1785678947.1778183,5.4863,0,17.06,429.62,319.84,519.88,315.94,,1.4047,-0.2256,0.012,-0.087,0,kalman_zupt
1785678947.1954105,5.5039,0,17.67,425.03,319.84,519.88,316.71,,1.4047,-0.2256,0.012,-0.087,0,kalman_zupt
1785678947.2118623,5.5204,0,18.24,420.73,319.84,519.88,317.48,,1.4047,-0.2256,0.012,-0.087,0,kalman_zupt
1785678947.2298028,5.5383,0,18.86,416.04,319.84,519.88,318.39,,1.4047,-0.2256,0.012,-0.087,0,kalman_zupt
1785678947.2467396,5.5552,0,19.44,411.61,319.84,519.88,319.31,,1.4047,-0.2256,0.012,-0.087,0,kalman_zupt
1785678947.2637784,5.5723,0,20.03,407.15,319.84,519.88,320.3,,1.4047,-0.2256,0.012,-0.087,0,kalman_zupt
1785678947.2808142,5.5893,0,20.62,402.7,319.84,519.88,321.35,,1.4047,-0.2256,0.012,-0.087,0,kalman_zupt
1785678947.297656,5.6061,0,21.2,398.3,319.84,519.88,322.44,,1.4047,-0.2256,0.012,-0.087,0,kalman_zupt
1785678947.3145845,5.6231,0,21.79,393.87,319.84,519.88,323.59,,1.4047,-0.2256,0.012,-0.087,0,kalman_zupt
1785678947.3318417,5.6403,0,22.38,389.36,319.84,519.88,324.83,,1.4047,-0.2256,0.012,-0.087,0,kalman_zupt
1785678947.3485258,5.657,0,22.96,385.0,319.84,519.88,326.08,,1.4047,-0.2256,0.012,-0.087,0,kalman_zupt
1785678947.3655496,5.674,0,23.55,380.55,319.84,519.88,327.42,,1.4047,-0.2256,0.012,-0.087,0,kalman_zupt
1785678947.3818107,5.6903,0,24.11,376.3,319.84,519.88,328.74,,1.4047,-0.2256,0.012,-0.087,0,kalman_zupt
1785678947.3984072,5.7069,0,24.68,371.96,319.84,519.88,330.15,,1.4047,-0.2256,0.012,-0.087,0,kalman_zupt
1785678947.4144425,5.7229,0,25.23,367.77,319.84,519.88,331.55,,1.4047,-0.2256,0.012,-0.087,0,kalman_zupt
1785678947.4305294,5.739,0,25.79,363.57,319.84,519.88,333.01,,1.4047,-0.2256,0.012,-0.087,0,kalman_zupt
1785678947.447176,5.7557,0,26.36,359.22,319.84,519.88,334.57,,1.4047,-0.2256,0.012,-0.087,0,kalman_zupt
1785678947.463445,5.7719,0,26.93,354.96,319.84,519.88,336.15,,1.4047,-0.2256,0.012,-0.087,0,kalman_zupt
1785678947.4794207,5.7879,0,27.48,350.79,319.84,519.88,337.74,,1.4047,-0.2256,0.012,-0.087,0,kalman_zupt
1785678947.4955723,5.8041,0,28.04,346.56,319.84,519.88,339.39,,1.4047,-0.2256,0.012,-0.087,0,kalman_zupt
1785678947.512358,5.8208,0,28.62,342.18,319.84,519.88,341.16,,1.4047,-0.2256,0.012,-0.087,0,kalman_zupt
1785678947.5285254,5.837,0,29.17,337.95,319.84,519.88,342.9,,1.4047,-0.2256,0.012,-0.087,0,kalman_zupt
1785678947.5445557,5.853,0,29.73,333.76,319.84,519.88,344.68,,1.4047,-0.2256,0.012,-0.087,0,kalman_zupt
1785678947.5606718,5.8692,0,30.28,329.55,319.84,519.88,346.51,,1.4047,-0.2256,0.012,-0.087,0,kalman_zupt
1785678947.5781393,5.8866,0,30.89,324.98,319.84,519.88,348.54,,1.4047,-0.2256,0.012,-0.087,0,kalman_zupt
1785678947.5944138,5.9029,0,31.45,320.73,319.84,519.88,350.47,,1.4047,-0.2256,0.012,-0.087,0,kalman_zupt
1785678947.610187,5.9187,0,32.0,316.61,319.84,519.88,352.38,,1.4047,-0.2256,0.012,-0.087,0,kalman_zupt
1785678947.6259267,5.9344,0,32.54,312.49,319.84,519.88,354.33,,1.4047,-0.2256,0.012,-0.087,0,kalman_zupt
1785678947.6426442,5.9511,0,33.12,308.12,319.84,519.88,356.44,,1.4047,-0.2256,0.012,-0.087,0,kalman_zupt
1785678947.6592977,5.9678,0,33.69,303.77,319.84,519.88,358.59,,1.4047,-0.2256,0.012,-0.087,0,kalman_zupt
1785678947.6759176,5.9844,0,34.27,299.42,319.84,519.88,360.77,,1.4047,-0.2256,0.012,-0.087,0,kalman_zupt
1785678947.6930618,6.0016,0,34.86,294.94,319.84,519.88,363.06,,1.4047,-0.2256,0.012,-0.087,0,kalman_zupt
1785678947.7089167,6.0174,0,35.4,290.8,319.84,519.88,365.21,,1.4047,-0.2256,0.012,-0.087,0,kalman_zupt
1785678947.72565,6.0341,0,35.98,286.42,319.84,519.88,367.53,,1.4047,-0.2256,0.012,-0.087,0,kalman_zupt
1785678947.7424388,6.0509,0,36.56,282.04,319.84,519.88,369.88,,1.4047,-0.2256,0.012,-0.087,0,kalman_zupt
1785678947.7586863,6.0672,0,37.12,277.79,319.84,519.88,372.2,,1.4047,-0.2256,0.012,-0.087,0,kalman_zupt
1785678947.7756507,6.0841,0,37.71,273.35,319.84,519.88,374.66,,1.4047,-0.2256,0.012,-0.087,0,kalman_zupt
1785678947.792559,6.1011,0,38.29,268.93,319.84,519.88,377.15,,1.4047,-0.2256,0.012,-0.087,0,kalman_zupt
1785678947.8094945,6.118,0,38.88,264.51,319.84,519.88,379.68,,1.4047,-0.2256,0.012,-0.087,0,kalman_zupt
1785678947.8254254,6.1339,0,39.43,260.34,319.84,519.88,382.08,,1.4047,-0.2256,0.012,-0.087,0,kalman_zupt
1785678947.8414536,6.1499,0,39.98,256.15,319.84,519.88,384.54,,1.4047,-0.2256,0.012,-0.087,0,kalman_zupt
1785678947.8570886,6.1656,0,40.52,252.07,319.84,519.88,386.96,,1.4047,-0.2256,0.012,-0.087,0,kalman_zupt
1785678947.873402,6.1819,0,41.09,247.8,319.84,519.88,389.52,,1.4047,-0.2256,0.012,-0.087,0,kalman_zupt
1785678947.8897398,6.1982,0,41.65,243.53,319.84,519.88,392.12,,1.4047,-0.2256,0.012,-0.087,0,kalman_zupt
1785678947.9064825,6.215,0,42.23,239.16,319.84,519.88,394.81,,1.4047,-0.2256,0.012,-0.087,0,kalman_zupt
1785678947.9226673,6.2312,0,42.79,234.93,319.84,519.88,397.44,,1.4047,-0.2256,0.012,-0.087,0,kalman_zupt
1785678947.9395344,6.248,0,43.37,230.52,319.84,519.88,400.21,,1.4047,-0.2256,0.012,-0.087,0,kalman_zupt
1785678947.9563658,6.2649,0,43.95,226.12,319.84,519.88,403.0,,1.4047,-0.2256,0.012,-0.087,0,kalman_zupt
1785678947.9723387,6.2808,0,44.5,221.94,319.84,519.88,405.68,,1.4047,-0.2256,0.012,-0.087,0,kalman_zupt
1785678947.989632,6.2981,0,45.1,217.42,319.84,519.88,408.61,,1.4047,-0.2256,0.012,-0.087,0,kalman_zupt
1785678948.0065022,6.315,0,45.26,214.04,319.84,519.88,411.01,,-0.4994,1.207,0.003,-0.067,0,kalman_zupt
1785678948.0225408,6.331,0,45.41,210.83,319.84,519.88,413.31,,-0.4994,1.207,0.003,-0.067,0,kalman_zupt
1785678948.039337,6.3478,0,45.56,207.46,319.84,519.88,415.73,,-0.4994,1.207,0.003,-0.067,0,kalman_zupt
1785678948.0553997,6.3639,0,45.71,204.25,319.84,519.88,418.06,,-0.4994,1.207,0.003,-0.067,0,kalman_zupt
1785678948.0714576,6.3799,0,45.76,201.68,319.84,519.88,419.97,,-0.133,0.8354,0.001,-0.053,0,kalman_zupt
1785678948.0880148,6.3965,0,45.8,199.03,319.84,519.88,421.95,,-0.133,0.8354,0.001,-0.053,0,kalman_zupt
1785678948.1047764,6.4133,0,45.95,196.74,319.84,519.88,423.6,,0.1131,0.4702,0.003,-0.045,0,kalman_zupt
1785678948.1215265,6.43,0,46.09,194.45,319.84,519.88,425.25,,0.1131,0.4702,0.003,-0.045,0,kalman_zupt
1785678948.1375434,6.446,0,46.2,191.94,319.84,519.88,427.12,,-0.037,-0.4348,0.002,-0.052,0,kalman_zupt
1785678948.1550584,6.4636,0,46.32,189.18,319.84,519.88,429.16,,-0.037,-0.4348,0.002,-0.052,0,kalman_zupt
1785678948.1727178,6.4812,0,46.43,186.4,319.84,519.88,431.23,,-0.037,-0.4348,0.002,-0.052,0,kalman_zupt
1785678948.1896114,6.4981,0,46.95,183.23,319.84,519.88,433.36,,0.4729,-0.6005,0.01,-0.063,0,kalman_zupt
1785678948.2070403,6.5155,0,47.49,179.96,319.84,519.88,435.57,,0.4729,-0.6005,0.01,-0.063,0,kalman_zupt
1785678948.2234144,6.5319,0,48.25,176.18,319.84,519.88,438.05,,0.3155,-0.8703,0.015,-0.077,0,kalman_zupt
1785678948.2393727,6.5479,0,48.98,172.51,319.84,519.88,440.49,,0.3155,-0.8703,0.015,-0.077,0,kalman_zupt
1785678948.2554908,6.564,0,49.73,168.79,319.84,519.88,442.97,,0.3155,-0.8703,0.015,-0.077,0,kalman_zupt
1785678948.27142,6.5799,0,50.84,164.44,319.84,519.88,445.76,,0.4976,-0.8973,0.023,-0.091,0,kalman_zupt
1785678948.2879274,6.5964,0,52.0,159.92,319.84,519.88,448.67,,0.4976,-0.8973,0.023,-0.091,0,kalman_zupt
1785678948.3045075,6.613,0,53.39,154.55,319.84,519.88,452.17,,0.2837,-1.0148,0.028,-0.108,0,kalman_zupt
1785678948.3217583,6.6302,0,54.85,148.97,319.84,519.88,455.85,,0.2837,-1.0148,0.028,-0.108,0,kalman_zupt
1785678948.339215,6.6477,0,56.77,142.55,319.84,519.88,459.98,,0.5021,-0.8312,0.037,-0.122,0,kalman_zupt
1785678948.3555164,6.664,0,58.57,136.57,319.84,519.88,463.89,,0.5021,-0.8312,0.037,-0.122,0,kalman_zupt
1785678948.3731072,6.6816,0,60.78,129.51,319.84,519.88,468.5,,0.2881,-0.6356,0.042,-0.134,0,kalman_zupt
1785678948.3893902,6.6979,0,62.83,122.98,319.84,519.88,472.84,,0.2881,-0.6356,0.042,-0.134,0,kalman_zupt
1785678948.405898,6.7144,0,64.9,116.37,319.84,519.88,477.3,,0.2881,-0.6356,0.042,-0.134,0,kalman_zupt
1785678948.4234688,6.732,0,67.5,108.77,319.84,519.88,482.37,,0.4231,-0.5921,0.049,-0.144,0,kalman_zupt
1785678948.439371,6.7479,0,69.85,101.9,319.84,519.88,487.03,,0.4231,-0.5921,0.049,-0.144,0,kalman_zupt
1785678948.4555542,6.764,0,72.59,94.85,319.84,519.88,491.71,,0.4385,-0.0738,0.056,-0.145,0,kalman_zupt
1785678948.47216,6.7807,0,75.4,87.61,319.84,519.88,496.59,,0.4385,-0.0738,0.056,-0.145,0,kalman_zupt
1785678948.4891963,6.7977,0,78.28,80.19,319.84,519.88,501.67,,0.4385,-0.0738,0.056,-0.145,0,kalman_zupt
1785678948.5052142,6.8137,0,80.99,73.21,319.84,519.88,506.52,,0.4385,-0.0738,0.056,-0.145,0,kalman_zupt
1785678948.5212283,6.8297,0,83.7,66.23,319.84,519.88,511.42,,0.4385,-0.0738,0.056,-0.145,0,kalman_zupt
1785678948.5376332,6.8461,0,86.48,59.09,319.84,519.88,516.51,,0.4385,-0.0738,0.056,-0.145,0,kalman_zupt
1785678948.5546453,6.8631,0,89.36,51.67,319.84,519.88,521.86,,0.4385,-0.0738,0.056,-0.145,0,kalman_zupt
1785678948.5716712,6.8802,0,92.24,44.26,319.84,519.88,527.28,,0.4385,-0.0738,0.056,-0.145,0,kalman_zupt
1785678948.5892048,6.8977,0,95.21,36.62,319.84,519.88,532.92,,0.4385,-0.0738,0.056,-0.145,0,kalman_zupt
1785678948.6057198,6.9142,0,98.0,29.42,319.84,519.88,538.3,,0.4385,-0.0738,0.056,-0.145,0,kalman_zupt
1785678948.6227405,6.9312,0,100.88,22.0,319.84,519.88,543.9,,0.4385,-0.0738,0.056,-0.145,0,kalman_zupt
1785678948.6397529,6.9482,0,103.76,14.59,319.84,519.88,549.55,,0.4385,-0.0738,0.056,-0.145,0,kalman_zupt
1785678948.6573396,6.9658,0,106.73,8,319.84,519.88,554.47,,0.4385,-0.0738,0.056,-0.145,0,kalman_zupt
1785678948.6733902,6.9819,0,109.45,8,319.84,519.88,553.43,,0.4385,-0.0738,0.056,-0.145,0,kalman_zupt
1785678948.6895056,6.998,0,112.18,8,319.84,519.88,552.4,,0.4385,-0.0738,0.056,-0.145,0,kalman_zupt
1785678948.7053058,7.0138,0,114.85,8,319.84,519.88,551.4,,0.4385,-0.0738,0.056,-0.145,0,kalman_zupt
1785678948.7217956,7.0303,0,117.64,8,319.84,519.88,550.37,,0.4385,-0.0738,0.056,-0.145,0,kalman_zupt
1785678948.7394507,7.0479,0,120.63,8,319.84,519.88,549.28,,0.4385,-0.0738,0.056,-0.145,0,kalman_zupt
1785678948.7554135,7.0639,0,123.33,8,319.84,519.88,548.3,,0.4385,-0.0738,0.056,-0.145,0,kalman_zupt
1785678948.771296,7.0798,0,126.02,8,319.84,519.88,547.35,,0.4385,-0.0738,0.056,-0.145,0,kalman_zupt
1785678948.7871099,7.0956,0,128.69,8,319.84,519.88,546.4,,0.4385,-0.0738,0.056,-0.145,0,kalman_zupt
1785678948.8030589,7.1116,0,131.39,8,319.84,519.88,545.47,,0.4385,-0.0738,0.056,-0.145,0,kalman_zupt
1785678948.8194146,7.1279,0,134.16,8,319.84,519.88,544.52,,0.4385,-0.0738,0.056,-0.145,0,kalman_zupt
1785678948.8351524,7.1436,0,136.82,8,319.84,519.88,543.61,,0.4385,-0.0738,0.056,-0.145,0,kalman_zupt
1785678948.851611,7.1601,0,139.61,8,319.84,519.88,542.68,,0.4385,-0.0738,0.056,-0.145,0,kalman_zupt
1785678948.869327,7.1778,0,142.6,8,319.84,519.88,541.69,,0.4385,-0.0738,0.056,-0.145,0,kalman_zupt
1785678948.8862858,7.1948,0,145.47,8,319.84,519.88,540.76,,0.4385,-0.0738,0.056,-0.145,0,kalman_zupt
1785678948.9026535,7.2111,0,148.24,8,319.84,519.88,539.88,,0.4385,-0.0738,0.056,-0.145,0,kalman_zupt
1785678948.9194183,7.2279,0,151.08,8,319.84,519.88,538.98,,0.4385,-0.0738,0.056,-0.145,0,kalman_zupt
1785678948.9353163,7.2438,0,153.77,8,319.84,519.88,538.15,,0.4385,-0.0738,0.056,-0.145,0,kalman_zupt
1785678948.9515018,7.26,0,156.51,8,319.84,519.88,537.31,,0.4385,-0.0738,0.056,-0.145,0,kalman_zupt
1785678948.9672568,7.2757,0,159.17,8,319.84,519.88,536.5,,0.4385,-0.0738,0.056,-0.145,0,kalman_zupt
1785678948.9837952,7.2923,0,161.97,8,319.84,519.88,535.67,,0.4385,-0.0738,0.056,-0.145,0,kalman_zupt
1785678949.0007567,7.3092,0,164.84,8,319.84,519.88,534.83,,0.4385,-0.0738,0.056,-0.145,0,kalman_zupt
1785678949.0172386,7.3257,0,167.63,8,319.84,519.88,534.03,,0.4385,-0.0738,0.056,-0.145,0,kalman_zupt
1785678949.0328584,7.3414,0,170.27,8,319.84,519.88,533.28,,0.4385,-0.0738,0.056,-0.145,0,kalman_zupt
1785678949.0504484,7.3589,0,173.25,8,319.84,519.88,532.46,,0.4385,-0.0738,0.056,-0.145,0,kalman_zupt
1785678949.0663671,7.3749,0,175.94,8,319.84,519.88,531.72,,0.4385,-0.0738,0.056,-0.145,0,kalman_zupt
1785678949.082067,7.3906,0,178.6,8,319.84,519.88,531.01,,0.4385,-0.0738,0.056,-0.145,0,kalman_zupt
1785678949.0978217,7.4063,0,181.27,8,319.84,519.88,530.31,,0.4385,-0.0738,0.056,-0.145,0,kalman_zupt
1785678949.1145694,7.4231,0,184.1,8,319.84,519.88,529.57,,0.4385,-0.0738,0.056,-0.145,0,kalman_zupt
1785678949.1317384,7.4402,0,187.0,8,319.84,519.88,528.83,,0.4385,-0.0738,0.056,-0.145,0,kalman_zupt
1785678949.1491835,7.4577,0,189.96,8,319.84,519.88,528.1,,0.4385,-0.0738,0.056,-0.145,0,kalman_zupt
1785678949.1655288,7.474,0,192.72,8,319.84,519.88,527.43,,0.4385,-0.0738,0.056,-0.145,0,kalman_zupt
1785678949.181592,7.4901,0,195.44,8,319.84,519.88,526.78,,0.4385,-0.0738,0.056,-0.145,0,kalman_zupt
1785678949.1985378,7.507,0,198.31,8,319.84,519.88,526.11,,0.4385,-0.0738,0.056,-0.145,0,kalman_zupt
1785678949.2146618,7.5232,0,201.03,8,319.84,519.88,525.49,,0.4385,-0.0738,0.056,-0.145,0,kalman_zupt
1785678949.2320306,7.5405,0,203.97,8,319.84,519.88,524.83,,0.4385,-0.0738,0.056,-0.145,0,kalman_zupt
1785678949.2477655,7.5563,0,206.64,8,319.84,519.88,524.25,,0.4385,-0.0738,0.056,-0.145,0,kalman_zupt
1785678949.2645159,7.573,0,209.47,8,319.84,519.88,523.64,,0.4385,-0.0738,0.056,-0.145,0,kalman_zupt
1785678949.2817903,7.5903,0,212.39,8,319.84,519.88,523.03,,0.4385,-0.0738,0.056,-0.145,0,kalman_zupt
1785678949.2993743,7.6079,0,215.37,8,319.84,519.88,522.43,,0.4385,-0.0738,0.056,-0.145,0,kalman_zupt
1785678949.3152738,7.6238,0,218.06,8,319.84,519.88,521.9,,0.4385,-0.0738,0.056,-0.145,0,kalman_zupt
1785678949.3310661,7.6396,0,220.73,8,319.84,519.88,521.39,,0.4385,-0.0738,0.056,-0.145,0,kalman_zupt
1785678949.3475773,7.6561,0,223.52,8,319.84,519.88,520.86,,0.4385,-0.0738,0.056,-0.145,0,kalman_zupt
1785678949.3636622,7.6722,0,226.25,8,319.84,519.88,520.37,,0.4385,-0.0738,0.056,-0.145,0,kalman_zupt
1785678949.3814871,7.69,0,229.26,8,319.84,519.88,519.83,,0.4385,-0.0738,0.056,-0.145,0,kalman_zupt
1785678949.3997424,7.7082,0,232.35,8,319.84,519.88,519.3,,0.4385,-0.0738,0.056,-0.145,0,kalman_zupt
1785678949.417456,7.7259,0,235.35,8,319.84,519.88,518.81,,0.4385,-0.0738,0.056,-0.145,0,kalman_zupt
1785678949.4335737,7.7421,0,238.08,8,319.84,519.88,518.37,,0.4385,-0.0738,0.056,-0.145,0,kalman_zupt
1785678949.45061,7.7591,0,240.96,8,319.84,519.88,517.92,,0.4385,-0.0738,0.056,-0.145,0,kalman_zupt
1785678949.4681356,7.7766,0,243.92,8,319.84,519.88,517.48,,0.4385,-0.0738,0.056,-0.145,0,kalman_zupt
1785678949.4838164,7.7923,0,246.58,8,319.84,519.88,517.1,,0.4385,-0.0738,0.056,-0.145,0,kalman_zupt
1785678949.5004542,7.8089,0,249.39,8,319.84,519.88,516.7,,0.4385,-0.0738,0.056,-0.145,0,kalman_zupt
1785678949.516321,7.8248,0,252.08,8,319.84,519.88,516.35,,0.4385,-0.0738,0.056,-0.145,0,kalman_zupt
1785678949.532671,7.8412,0,254.84,8,319.84,519.88,515.99,,0.4385,-0.0738,0.056,-0.145,0,kalman_zupt
1785678949.5493295,7.8578,0,257.66,8,319.84,519.88,515.64,,0.4385,-0.0738,0.056,-0.145,0,kalman_zupt
1785678949.564904,7.8734,0,260.3,8,319.84,519.88,515.33,,0.4385,-0.0738,0.056,-0.145,0,kalman_zupt
1785678949.5817518,7.8902,0,263.15,8,319.84,519.88,515.01,,0.4385,-0.0738,0.056,-0.145,0,kalman_zupt
1785678949.5994318,7.9079,0,266.19,8,319.84,519.88,514.68,,0.0551,0.2971,0.057,-0.14,0,kalman_zupt
1785678949.6161518,7.9246,0,269.07,8,319.84,519.88,514.39,,0.0551,0.2971,0.057,-0.14,0,kalman_zupt
1785678949.631728,7.9402,0,271.55,8,319.84,519.88,514.15,,-0.2805,0.2412,0.053,-0.136,0,kalman_zupt
1785678949.6485028,7.957,0,274.21,8,319.84,519.88,513.91,,-0.2805,0.2412,0.053,-0.136,0,kalman_zupt
1785678949.664663,7.9732,0,276.78,8,319.84,519.88,513.69,,-0.2805,0.2412,0.053,-0.136,0,kalman_zupt
1785678949.6812904,7.9898,0,279.47,8,319.84,519.88,513.47,,0.0566,0.2653,0.054,-0.132,0,kalman_zupt
1785678949.6969032,8.0054,0,282.0,8,319.84,519.88,513.28,,0.0566,0.2653,0.054,-0.132,0,kalman_zupt
1785678949.7144222,8.0229,0,284.85,8,319.84,519.88,513.07,,0.0162,0.1982,0.054,-0.128,0,kalman_zupt
1785678949.731202,8.0397,0,287.58,8,319.84,519.88,512.9,,0.0162,0.1982,0.054,-0.128,0,kalman_zupt
1785678949.7471788,8.0557,0,290.18,8,319.84,519.88,512.74,,0.0162,0.1982,0.054,-0.128,0,kalman_zupt
1785678949.7636688,8.0722,0,292.86,8,319.84,519.88,512.59,,-0.0036,0.3932,0.054,-0.122,0,kalman_zupt
1785678949.7807996,8.0893,0,295.64,8,319.84,519.88,512.45,,-0.0036,0.3932,0.054,-0.122,0,kalman_zupt
1785678949.7980318,8.1065,0,298.53,8,319.84,519.88,512.32,,0.0935,0.3379,0.056,-0.116,0,kalman_zupt
1785678949.8147643,8.1233,0,301.33,8,319.84,519.88,512.21,,0.0935,0.3379,0.056,-0.116,0,kalman_zupt
1785678949.8315394,8.14,0,304.3,8,319.84,519.88,512.12,,0.1942,0.2147,0.059,-0.112,0,kalman_zupt
1785678949.8484507,8.1569,0,307.29,8,319.84,519.88,512.03,,0.1942,0.2147,0.059,-0.112,0,kalman_zupt
1785678949.8645773,8.1731,0,310.15,8,319.84,519.88,511.97,,0.1942,0.2147,0.059,-0.112,0,kalman_zupt
1785678949.880386,8.1889,0,313.19,8,319.84,519.88,511.92,,0.3233,0.1598,0.064,-0.11,0,kalman_zupt
1785678949.8962207,8.2047,0,316.24,8,319.84,519.88,511.89,,0.3233,0.1598,0.064,-0.11,0,kalman_zupt
1785678949.91251,8.221,0,319.53,8,319.84,519.88,511.88,,0.1891,0.1735,0.067,-0.107,0,kalman_zupt
1785678949.9284222,8.2369,0,322.74,8,319.84,519.88,511.89,,0.1891,0.1735,0.067,-0.107,0,kalman_zupt
1785678949.9448357,8.2533,0,326.05,8,319.84,519.88,511.92,,0.1891,0.1735,0.067,-0.107,0,kalman_zupt
1785678949.9617617,8.2703,0,329.64,8,319.84,519.88,511.97,,0.2112,0.2162,0.071,-0.103,0,kalman_zupt
1785678949.9784148,8.2869,0,333.18,8,319.84,519.88,512.05,,0.2112,0.2162,0.071,-0.103,0,kalman_zupt
1785678949.994684,8.3032,0,336.7,8,319.84,519.88,512.16,,0.0793,0.2411,0.072,-0.1,0,kalman_zupt
1785678950.0116508,8.3201,0,340.37,8,319.84,519.88,512.29,,0.0793,0.2411,0.072,-0.1,0,kalman_zupt
1785678950.0283728,8.3369,0,343.98,8,319.84,519.88,512.45,,0.0793,0.2411,0.072,-0.1,0,kalman_zupt
1785678950.0459526,8.3544,0,347.82,8,319.84,519.88,512.64,,0.0403,0.2599,0.073,-0.095,0,kalman_zupt
1785678950.0622656,8.3708,0,351.39,8,319.84,519.88,512.85,,0.0403,0.2599,0.073,-0.095,0,kalman_zupt
1785678950.0785234,8.387,0,355.1,8,319.84,519.88,513.09,,0.1994,0.2839,0.076,-0.09,0,kalman_zupt
1785678950.0957537,8.4042,0,359.03,8,319.84,519.88,513.38,,0.1994,0.2839,0.076,-0.09,0,kalman_zupt
1785678950.112456,8.4209,0,362.84,8,319.84,519.88,513.68,,0.1994,0.2839,0.076,-0.09,0,kalman_zupt
1785678950.1283116,8.4368,0,366.52,8,319.84,519.88,514.0,,0.0812,0.2789,0.077,-0.086,0,kalman_zupt
1785678950.1443164,8.4528,0,370.23,8,319.84,519.88,514.35,,0.0812,0.2789,0.077,-0.086,0,kalman_zupt
1785678950.1600926,8.4686,0,373.89,8,319.84,519.88,514.73,,0.0812,0.2789,0.077,-0.086,0,kalman_zupt
1785678950.175807,8.4843,0,377.53,8,319.84,519.88,515.12,,0.0812,0.2789,0.077,-0.086,0,kalman_zupt
1785678950.1925104,8.501,0,381.48,8,319.84,519.88,515.58,,0.0796,0.3578,0.079,-0.08,0,kalman_zupt
1785678950.2081056,8.5166,0,385.16,8,319.84,519.88,516.03,,0.0796,0.3578,0.079,-0.08,0,kalman_zupt
1785678950.2237291,8.5322,0,388.84,8,319.84,519.88,516.51,,0.0796,0.3578,0.079,-0.08,0,kalman_zupt
1785678950.2405865,8.5491,0,392.82,8,319.84,519.88,517.06,,0.0796,0.3578,0.079,-0.08,0,kalman_zupt
1785678950.2577496,8.5662,0,397.0,8,319.84,519.88,517.66,,0.1487,0.2347,0.081,-0.076,0,kalman_zupt
1785678950.274727,8.5832,0,401.14,8,319.84,519.88,518.3,,0.1487,0.2347,0.081,-0.076,0,kalman_zupt
1785678950.2914777,8.6,0,405.22,8,319.84,519.88,518.95,,-0.0029,0.2204,0.081,-0.072,0,kalman_zupt
1785678950.3080144,8.6165,0,409.24,8,319.84,519.88,519.63,,-0.0029,0.2204,0.081,-0.072,0,kalman_zupt
1785678950.3247275,8.6332,0,413.25,8,319.84,519.88,520.33,,-0.0714,0.2105,0.08,-0.069,0,kalman_zupt
1785678950.342196,8.6507,0,417.44,8,319.84,519.88,521.1,,-0.0714,0.2105,0.08,-0.069,0,kalman_zupt
1785678950.358952,8.6674,0,421.42,8,319.84,519.88,521.86,,-0.0505,0.2456,0.079,-0.065,0,kalman_zupt
1785678950.376676,8.6852,0,425.63,8,319.84,519.88,522.7,,-0.0505,0.2456,0.079,-0.065,0,kalman_zupt
1785678950.3934052,8.7019,0,429.4,8,319.84,519.88,523.47,,-0.2335,0.4308,0.075,-0.057,0,kalman_zupt
1785678950.409194,8.7177,0,432.97,8,319.84,519.88,524.23,,-0.2335,0.4308,0.075,-0.057,0,kalman_zupt
1785678950.4253538,8.7338,0,436.61,8,319.84,519.88,525.03,,-0.2335,0.4308,0.075,-0.057,0,kalman_zupt
1785678950.441696,8.7502,0,439.99,8,319.84,519.88,525.79,,-0.3937,0.7136,0.069,-0.046,0,kalman_zupt
1785678950.4586356,8.7671,0,443.48,8,319.84,519.88,526.6,,-0.3937,0.7136,0.069,-0.046,0,kalman_zupt
1785678950.4751256,8.7836,0,446.61,8,319.84,519.88,527.35,,-0.3315,0.7404,0.063,-0.033,0,kalman_zupt
1785678950.4916894,8.8002,0,449.76,8,319.84,519.88,528.11,,-0.3315,0.7404,0.063,-0.033,0,kalman_zupt
1785678950.5082967,8.8168,0,452.91,8,319.84,519.88,528.9,,-0.3315,0.7404,0.063,-0.033,0,kalman_zupt
1785678950.5244324,8.8329,0,456.21,8,319.84,519.88,529.73,,0.2976,0.4314,0.068,-0.027,0,kalman_zupt
1785678950.5405412,8.849,0,459.5,8,319.84,519.88,530.59,,0.2976,0.4314,0.068,-0.027,0,kalman_zupt
1785678950.5560322,8.8645,0,462.91,8,319.84,519.88,531.5,,0.3385,0.2113,0.073,-0.023,0,kalman_zupt
1785678950.5722885,8.8808,0,466.49,8,319.84,519.88,532.47,,0.3385,0.2113,0.073,-0.023,0,kalman_zupt
1785678950.5885105,8.897,0,469.96,8,319.84,519.88,533.44,,-0.1317,-0.4531,0.071,-0.031,0,kalman_zupt
1785678950.6047819,8.9133,0,473.43,8,319.84,519.88,534.43,,-0.1317,-0.4531,0.071,-0.031,0,kalman_zupt
1785678950.6215603,8.9301,0,477.02,8,319.84,519.88,535.47,,-0.1317,-0.4531,0.071,-0.031,0,kalman_zupt
1785678950.6376705,8.9462,0,480.8,8,319.84,519.88,536.59,,0.4292,0.1925,0.078,-0.028,0,kalman_zupt
1785678950.6544116,8.9629,0,484.72,8,319.84,519.88,537.78,,0.4292,0.1925,0.078,-0.028,0,kalman_zupt
1785678950.670497,8.979,0,488.84,8,319.84,519.88,539.06,,0.4526,0.0643,0.085,-0.026,0,kalman_zupt
1785678950.6866395,8.9951,0,492.98,8,319.84,519.88,540.37,,0.4526,0.0643,0.085,-0.026,0,kalman_zupt
1785678950.703287,9.0118,0,497.55,8,319.84,519.88,541.85,,0.3616,0.1426,0.091,-0.024,0,kalman_zupt
1785678950.719195,9.0277,0,501.91,8,319.84,519.88,543.3,,0.3616,0.1426,0.091,-0.024,0,kalman_zupt
1785678950.7355464,9.044,0,506.4,8,319.84,519.88,544.82,,0.3616,0.1426,0.091,-0.024,0,kalman_zupt
1785678950.7525282,9.061,0,511.18,8,319.84,519.88,546.47,,0.1485,0.1805,0.094,-0.021,0,kalman_zupt
1785678950.7683825,9.0769,0,515.65,8,319.84,519.88,548.06,,0.1485,0.1805,0.094,-0.021,0,kalman_zupt
1785678950.7848203,9.0933,0,520.38,8,319.84,519.88,549.76,,0.1133,0.2566,0.096,-0.017,0,kalman_zupt
1785678950.8014448,9.1099,0,525.16,8,319.84,519.88,551.52,,0.1133,0.2566,0.096,-0.017,0,kalman_zupt
1785678950.8171322,9.1256,0,529.67,8,319.84,519.88,553.22,,0.1133,0.2566,0.096,-0.017,0,kalman_zupt
1785678950.8333256,9.1418,0,534.32,8,319.84,519.88,555.0,,0.1133,0.2566,0.096,-0.017,0,kalman_zupt
1785678950.849512,9.158,0,538.84,8,319.84,519.88,556.76,,-0.1706,0.2637,0.093,-0.013,0,kalman_zupt
1785678950.8662102,9.1747,0,543.5,8,319.84,519.88,558.61,,-0.1706,0.2637,0.093,-0.013,0,kalman_zupt
1785678950.882066,9.1906,0,547.93,8,319.84,519.88,560.4,,-0.1706,0.2637,0.093,-0.013,0,kalman_zupt
1785678950.8977635,9.2063,0,552.31,8,319.84,519.88,562.2,,-0.1706,0.2637,0.093,-0.013,0,kalman_zupt
1785678950.9142718,9.2228,0,556.92,8,319.84,519.88,564.12,,-0.1706,0.2637,0.093,-0.013,0,kalman_zupt
1785678950.9301133,9.2386,0,561.02,8,319.84,519.88,565.85,,-0.4301,0.3887,0.086,-0.006,0,kalman_zupt
1785678950.9464004,9.2549,0,565.24,8,319.84,519.88,567.66,,-0.4301,0.3887,0.086,-0.006,0,kalman_zupt
1785678950.9623265,9.2708,0,569.36,8,319.84,519.88,569.46,,-0.4301,0.3887,0.086,-0.006,0,kalman_zupt
1785678950.9794822,9.288,0,572.17,8.13,319.84,519.88,570.58,,-1.8397,0.5197,0.055,0.003,0,kalman_zupt
1785678950.995604,9.3041,0,574.82,8.25,319.84,519.88,571.64,,-1.8397,0.5197,0.055,0.003,0,kalman_zupt
1785678951.0135071,9.322,0,575.6,8.51,319.84,519.88,571.76,,-2.2434,0.1233,0.015,0.005,0,kalman_zupt
1785678951.0291955,9.3377,0,576.28,8.73,319.84,519.88,571.87,,-2.2434,0.1233,0.015,0.005,0,kalman_zupt
1785678951.0457044,9.3542,0,577.0,8.96,319.84,519.88,571.99,,-2.2434,0.1233,0.015,0.005,0,kalman_zupt
1785678951.0623362,9.3708,0,575.99,8.99,319.84,519.88,571.5,,-2.0922,-0.248,-0.02,0.001,0,kalman_zupt
1785678951.079185,9.3877,0,574.96,9.03,319.84,519.88,571.02,,-2.0922,-0.248,-0.02,0.001,0,kalman_zupt
1785678951.095601,9.4041,0,572.14,8.69,319.84,519.88,570.06,,-2.2599,-0.4495,-0.057,-0.007,0,kalman_zupt
1785678951.1123796,9.4209,0,569.25,8.35,319.84,519.88,569.09,,-2.2599,-0.4495,-0.057,-0.007,0,kalman_zupt
1785678951.1280475,9.4365,0,565.5,8,319.84,519.88,567.78,,-1.4368,-0.1952,-0.08,-0.01,0,kalman_zupt
1785678951.145167,9.4537,0,561.39,8,319.84,519.88,566.01,,-1.4368,-0.1952,-0.08,-0.01,0,kalman_zupt
1785678951.1616774,9.4702,0,557.36,8,319.84,519.88,564.3,,-0.0882,0.4178,-0.081,-0.003,0,kalman_zupt
1785678951.1784425,9.4869,0,553.27,8,319.84,519.88,562.6,,-0.0882,0.4178,-0.081,-0.003,0,kalman_zupt
1785678951.1946695,9.5032,0,550.2,8.22,319.84,519.88,561.12,,1.1156,0.4632,-0.063,0.005,0,kalman_zupt
1785678951.2119808,9.5205,0,546.91,8.46,319.84,519.88,559.56,,1.1156,0.4632,-0.063,0.005,0,kalman_zupt
1785678951.2292168,9.5377,0,543.64,8.7,319.84,519.88,558.03,,1.1156,0.4632,-0.063,0.005,0,kalman_zupt
1785678951.2455654,9.5541,0,542.43,9.05,319.84,519.88,557.22,,2.3614,0.1637,-0.025,0.007,0,kalman_zupt
1785678951.2625203,9.571,0,541.18,9.42,319.84,519.88,556.38,,2.3614,0.1637,-0.025,0.007,0,kalman_zupt
1785678951.279163,9.5877,0,542.32,9.85,319.84,519.88,556.44,,2.849,0.076,0.023,0.009,0,kalman_zupt
1785678951.2955856,9.6041,0,543.44,10.27,319.84,519.88,556.51,,2.849,0.076,0.023,0.009,0,kalman_zupt
1785678951.311515,9.62,0,547.14,10.58,319.84,519.88,557.72,,3.4267,-0.1247,0.077,0.007,0,kalman_zupt
1785678951.3279722,9.6365,0,550.96,10.91,319.84,519.88,558.99,,3.4267,-0.1247,0.077,0.007,0,kalman_zupt
1785678951.3436692,9.6522,0,554.6,11.21,319.84,519.88,560.23,,3.4267,-0.1247,0.077,0.007,0,kalman_zupt
1785678951.3605683,9.6691,0,561.12,11.58,319.84,519.88,562.66,,3.031,0.0457,0.129,0.007,0,kalman_zupt
1785678951.377065,9.6856,0,567.48,11.95,319.84,519.88,565.09,,3.031,0.0457,0.129,0.007,0,kalman_zupt
1785678951.3937762,9.7023,0,573.93,12.31,319.84,519.88,567.62,,3.031,0.0457,0.129,0.007,0,kalman_zupt
1785678951.411601,9.7201,0,583.36,12.7,319.84,519.88,571.56,,2.6737,-0.0091,0.176,0.007,0,kalman_zupt
1785678951.4295373,9.738,0,592.84,13.08,319.84,519.88,575.65,,2.6737,-0.0091,0.176,0.007,0,kalman_zupt
1785678951.4460752,9.7546,0,603.4,13.29,319.84,519.88,580.55,,2.2075,-0.1812,0.213,0.004,0,kalman_zupt
1785678951.4623044,9.7708,0,613.75,13.49,319.84,519.88,585.51,,2.2075,-0.1812,0.213,0.004,0,kalman_zupt
1785678951.4785025,9.787,0,624.09,13.69,319.84,519.88,590.59,,2.2075,-0.1812,0.213,0.004,0,kalman_zupt
1785678951.4952755,9.8038,0,635.28,13.76,319.84,519.88,596.38,,0.5709,-0.1683,0.222,0.001,0,kalman_zupt
1785678951.5115979,9.8201,0,646.17,13.82,319.84,519.88,602.15,,0.5709,-0.1683,0.222,0.001,0,kalman_zupt
1785678951.5292344,9.8377,0,657.57,13.93,319.84,519.88,608.32,,-0.3849,0.0347,0.216,0.002,0,kalman_zupt
1785678951.5452373,9.8537,0,667.92,14.02,319.84,519.88,614.05,,-0.3849,0.0347,0.216,0.002,0,kalman_zupt
1785678951.5614398,9.8699,0,678.4,14.11,319.84,519.88,619.97,,-0.3849,0.0347,0.216,0.002,0,kalman_zupt
1785678951.5779462,9.8864,0,689.07,14.21,319.84,519.88,626.13,,-0.3849,0.0347,0.216,0.002,0,kalman_zupt
1785678951.5943656,9.9029,0,699.02,14.5,319.84,519.88,631.81,,-0.8279,0.2357,0.202,0.006,0,kalman_zupt
1785678951.610184,9.9187,0,708.6,14.77,319.84,519.88,637.39,,-0.8279,0.2357,0.202,0.006,0,kalman_zupt
1785678951.6263692,9.9349,0,718.41,15.06,319.84,519.88,643.2,,-0.8279,0.2357,0.202,0.006,0,kalman_zupt
1785678951.6424997,9.951,0,727.32,15.55,319.84,519.88,648.38,,-1.0979,0.2696,0.184,0.01,0,kalman_zupt
1785678951.6585526,9.967,0,736.2,16.04,319.84,519.88,653.62,,-1.0979,0.2696,0.184,0.01,0,kalman_zupt
1785678951.6746523,9.9831,0,745.1,16.53,319.84,519.88,658.94,,-1.0979,0.2696,0.184,0.01,0,kalman_zupt
1785678951.6917186,10.0002,0,754.53,17.05,319.84,519.88,664.68,,-1.0979,0.2696,0.184,0.01,0,kalman_zupt
1785678951.7083404,10.0168,0,762.93,17.67,319.84,519.88,669.73,,-0.9538,0.1368,0.168,0.012,0,kalman_zupt
1785678951.7240329,10.0325,0,770.85,18.25,319.84,519.88,674.57,,-0.9538,0.1368,0.168,0.012,0,kalman_zupt
1785678951.7402735,10.0488,0,779.06,18.86,319.84,519.88,679.63,,-0.9538,0.1368,0.168,0.012,0,kalman_zupt
1785678951.7566845,10.0652,0,786.25,19.66,319.84,519.88,683.93,,-1.3543,0.2366,0.146,0.016,0,kalman_zupt
1785678951.7734258,10.0819,0,792,20.48,319.84,519.88,687.27,,-1.3543,0.2366,0.146,0.016,0,kalman_zupt
1785678951.789579,10.0981,0,792,21.51,319.84,519.88,686.52,,-1.0432,0.3046,0.129,0.021,0,kalman_zupt
1785678951.8062155,10.1147,0,792,22.57,319.84,519.88,685.75,,-1.0432,0.3046,0.129,0.021,0,kalman_zupt
1785678951.8226125,10.1311,0,792,23.62,319.84,519.88,684.99,,-1.0432,0.3046,0.129,0.021,0,kalman_zupt
1785678951.8392735,10.1478,0,792,24.8,319.84,519.88,684.13,,-1.064,0.1484,0.112,0.024,0,kalman_zupt
1785678951.8557055,10.1642,0,792,25.97,319.84,519.88,683.29,,-1.064,0.1484,0.112,0.024,0,kalman_zupt
1785678951.8724911,10.181,0,792,27.26,319.84,519.88,682.36,,-0.5879,0.1104,0.102,0.026,0,kalman_zupt
1785678951.8886154,10.1971,0,792,28.5,319.84,519.88,681.47,,-0.5879,0.1104,0.102,0.026,0,kalman_zupt
1785678951.9052095,10.2137,0,792,29.77,319.84,519.88,680.55,,-0.5879,0.1104,0.102,0.026,0,kalman_zupt
1785678951.9213195,10.2298,0,792,31.07,319.84,519.88,679.61,,-0.343,0.0853,0.096,0.027,0,kalman_zupt
1785678951.9376068,10.2461,0,792,32.39,319.84,519.88,678.67,,-0.343,0.0853,0.096,0.027,0,kalman_zupt
1785678951.9544506,10.2629,0,792,33.75,319.84,519.88,677.69,,-0.1673,0.0032,0.093,0.027,0,kalman_zupt
1785678951.9705079,10.279,0,792,35.05,319.84,519.88,676.75,,-0.1673,0.0032,0.093,0.027,0,kalman_zupt
1785678951.9862986,10.2948,0,792,36.33,319.84,519.88,675.84,,-0.1673,0.0032,0.093,0.027,0,kalman_zupt
1785678952.0019252,10.3104,0,792,37.58,319.84,519.88,674.94,,-0.3489,-0.0198,0.088,0.027,0,kalman_zupt
1785678952.0195165,10.328,0,792,38.99,319.84,519.88,673.94,,-0.3489,-0.0198,0.088,0.027,0,kalman_zupt
1785678952.0353994,10.3439,0,792,40.27,319.84,519.88,673.03,,-0.1175,0.0104,0.086,0.027,0,kalman_zupt
1785678952.0514596,10.36,0,792,41.56,319.84,519.88,672.11,,-0.1175,0.0104,0.086,0.027,0,kalman_zupt
1785678952.0677094,10.3762,0,792,42.87,319.84,519.88,671.17,,-0.1175,0.0104,0.086,0.027,0,kalman_zupt
1785678952.0843923,10.3929,0,792,44.28,319.84,519.88,670.18,,-0.0365,0.0737,0.085,0.028,0,kalman_zupt
1785678952.1006696,10.4092,0,792,45.65,319.84,519.88,669.2,,-0.0365,0.0737,0.085,0.028,0,kalman_zupt
1785678952.1173403,10.4258,0,792,47.05,319.84,519.88,668.21,,-0.1502,-0.001,0.083,0.028,0,kalman_zupt
1785678952.1333501,10.4418,0,792,48.4,319.84,519.88,667.26,,-0.1502,-0.001,0.083,0.028,0,kalman_zupt
1785678952.149313,10.4578,0,792,49.74,319.84,519.88,666.31,,-0.1502,-0.001,0.083,0.028,0,kalman_zupt
1785678952.1652498,10.4737,0,792,51.14,319.84,519.88,665.32,,0.012,0.0723,0.083,0.029,0,kalman_zupt
1785678952.181474,10.49,0,792,52.56,319.84,519.88,664.32,,0.012,0.0723,0.083,0.029,0,kalman_zupt
1785678952.197451,10.5059,0,792,53.99,319.84,519.88,663.32,,-0.1561,0.0376,0.081,0.03,0,kalman_zupt
1785678952.2134578,10.5219,0,792,55.42,319.84,519.88,662.31,,-0.1561,0.0376,0.081,0.03,0,kalman_zupt
1785678952.2291548,10.5376,0,792,56.86,319.84,519.88,661.3,,0.0437,0.0509,0.081,0.031,0,kalman_zupt
1785678952.2450573,10.5535,0,792,58.32,319.84,519.88,660.28,,0.0437,0.0509,0.081,0.031,0,kalman_zupt
1785678952.2613523,10.5698,0,792,59.87,319.84,519.88,659.2,,0.0428,0.0686,0.082,0.032,0,kalman_zupt
1785678952.2770658,10.5856,0,792,61.37,319.84,519.88,658.15,,0.0428,0.0686,0.082,0.032,0,kalman_zupt
1785678952.293715,10.6022,0,792,62.96,319.84,519.88,657.05,,0.0428,0.0686,0.082,0.032,0,kalman_zupt
1785678952.3106294,10.6191,0,792,64.57,319.84,519.88,655.93,,0.0428,0.0686,0.082,0.032,0,kalman_zupt
1785678952.3284156,10.6369,0,792,66.4,319.84,519.88,654.66,,-0.0133,0.1526,0.082,0.034,0,kalman_zupt
1785678952.3441741,10.6527,0,792,68.03,319.84,519.88,653.53,,-0.0133,0.1526,0.082,0.034,0,kalman_zupt
1785678952.360647,10.6691,0,792,69.73,319.84,519.88,652.36,,-0.0133,0.1526,0.082,0.034,0,kalman_zupt
1785678952.3777914,10.6863,0,792,71.51,319.84,519.88,651.13,,-0.0133,0.1526,0.082,0.034,0,kalman_zupt
1785678952.3946505,10.7031,0,792,73.32,319.84,519.88,649.89,,-0.0799,0.0866,0.08,0.036,0,kalman_zupt
1785678952.4113932,10.7199,0,792,75.13,319.84,519.88,648.65,,-0.0799,0.0866,0.08,0.036,0,kalman_zupt
1785678952.427614,10.7361,0,792,76.87,319.84,519.88,647.45,,-0.0799,0.0866,0.08,0.036,0,kalman_zupt
1785678952.4442222,10.7527,0,792,78.66,319.84,519.88,646.23,,-0.3942,-0.0001,0.074,0.036,0,kalman_zupt
1785678952.460664,10.7692,0,792,80.43,319.84,519.88,645.02,,-0.3942,-0.0001,0.074,0.036,0,kalman_zupt
1785678952.4777105,10.7862,0,792,82.29,319.84,519.88,643.75,,-0.7802,0.0304,0.061,0.036,0,kalman_zupt
1785678952.4949863,10.8035,0,792,84.18,319.84,519.88,642.47,,-0.7802,0.0304,0.061,0.036,0,kalman_zupt
1785678952.5124207,10.8209,0,792,86.17,319.84,519.88,641.12,,-0.7742,0.0925,0.047,0.038,0,kalman_zupt
1785678952.5280592,10.8366,0,792,87.96,319.84,519.88,639.92,,-0.7742,0.0925,0.047,0.038,0,kalman_zupt
1785678952.5450387,10.8535,0,792,89.89,319.84,519.88,638.61,,-0.7742,0.0925,0.047,0.038,0,kalman_zupt
1785678952.560828,10.8693,0,792,91.76,319.84,519.88,637.36,,-0.7988,0.0885,0.034,0.039,0,kalman_zupt
1785678952.5775173,10.886,0,792,93.74,319.84,519.88,636.03,,-0.7988,0.0885,0.034,0.039,0,kalman_zupt
1785678952.5934315,10.9019,0,792,95.72,319.84,519.88,634.7,,-0.6831,0.1375,0.024,0.042,0,kalman_zupt
1785678952.6091905,10.9177,0,792,97.69,319.84,519.88,633.39,,-0.6831,0.1375,0.024,0.042,0,kalman_zupt
1785678952.625401,10.9339,0,792,99.71,319.84,519.88,632.04,,-0.6831,0.1375,0.024,0.042,0,kalman_zupt
1785678952.6417572,10.9502,0,792,101.82,319.84,519.88,630.64,,-0.4804,0.079,0.016,0.043,0,kalman_zupt
1785678952.6584466,10.9669,0,792,103.97,319.84,519.88,629.22,,-0.4804,0.079,0.016,0.043,0,kalman_zupt
1785678952.6743565,10.9828,0,792,106.02,319.84,519.88,627.87,,-0.4804,0.079,0.016,0.043,0,kalman_zupt
1785678952.690694,10.9992,0,792,108.12,319.84,519.88,626.48,,-0.4804,0.079,0.016,0.043,0,kalman_zupt
1785678952.7073777,11.0159,0,792,110.27,319.84,519.88,625.07,,-0.4804,0.079,0.016,0.043,0,kalman_zupt
1785678952.7233536,11.0318,0,792,112.32,319.84,519.88,623.73,,-0.4804,0.079,0.016,0.043,0,kalman_zupt
1785678952.7393036,11.0478,0,792,114.38,319.84,519.88,622.39,,-0.4804,0.079,0.016,0.043,0,kalman_zupt
1785678952.7553725,11.0639,0,792,116.45,319.84,519.88,621.04,,-0.4804,0.079,0.016,0.043,0,kalman_zupt
1785678952.77165,11.0801,0,792,118.54,319.84,519.88,619.68,,-0.4804,0.079,0.016,0.043,0,kalman_zupt
1785678952.7892506,11.0977,0,792,120.81,319.84,519.88,618.22,,-0.4804,0.079,0.016,0.043,0,kalman_zupt
1785678952.805601,11.1141,0,792,122.91,319.84,519.88,616.86,,-0.4804,0.079,0.016,0.043,0,kalman_zupt
1785678952.8223553,11.1308,0,792,125.07,319.84,519.88,615.48,,-0.4804,0.079,0.016,0.043,0,kalman_zupt
1785678952.8385346,11.147,0,792,127.15,319.84,519.88,614.14,,-0.4804,0.079,0.016,0.043,0,kalman_zupt
1785678952.8543978,11.1629,0,792,129.2,319.84,519.88,612.84,,-0.4804,0.079,0.016,0.043,0,kalman_zupt
1785678952.8704507,11.1789,0,792,131.26,319.84,519.88,611.52,,-0.4804,0.079,0.016,0.043,0,kalman_zupt
1785678952.886531,11.195,0,792,133.33,319.84,519.88,610.21,,-0.4804,0.079,0.016,0.043,0,kalman_zupt
1785678952.9033513,11.2118,0,792,135.64,319.84,519.88,608.75,,-0.2023,0.1706,0.012,0.046,0,kalman_zupt
1785678952.919563,11.2281,0,792,137.87,319.84,519.88,607.35,,-0.2023,0.1706,0.012,0.046,0,kalman_zupt
1785678952.936592,11.2451,0,792,140.21,319.84,519.88,605.88,,-0.2023,0.1706,0.012,0.046,0,kalman_zupt
1785678952.9536793,11.2622,0,792,142.56,319.84,519.88,604.41,,-0.2365,0.0042,0.008,0.046,0,kalman_zupt
1785678952.9703867,11.2789,0,792,144.86,319.84,519.88,602.98,,-0.2365,0.0042,0.008,0.046,0,kalman_zupt
1785678952.9866323,11.2951,0,792,147.17,319.84,519.88,601.54,,-0.4401,0.0939,0.001,0.047,0,kalman_zupt
1785678953.0035074,11.312,0,792,149.56,319.84,519.88,600.06,,-0.4401,0.0939,0.001,0.047,0,kalman_zupt
1785678953.0204034,11.3289,0,792,151.97,319.84,519.88,598.58,,-0.4401,0.0939,0.001,0.047,0,kalman_zupt
1785678953.0361466,11.3446,0,792,154.2,319.84,519.88,597.21,,-0.4401,0.0939,0.001,0.047,0,kalman_zupt
1785678953.0518506,11.3603,0,791.56,156.51,319.84,519.88,595.45,,-0.6681,0.1032,-0.009,0.049,0,kalman_zupt
1785678953.068704,11.3772,0,791.09,158.99,319.84,519.88,593.56,,-0.6681,0.1032,-0.009,0.049,0,kalman_zupt
1785678953.085527,11.394,0,790.62,161.46,319.84,519.88,591.69,,-0.6681,0.1032,-0.009,0.049,0,kalman_zupt
1785678953.102657,11.4111,0,790.14,163.98,319.84,519.88,589.79,,-0.6681,0.1032,-0.009,0.049,0,kalman_zupt
1785678953.1194904,11.428,0,789.67,166.45,319.84,519.88,587.92,,-0.6681,0.1032,-0.009,0.049,0,kalman_zupt
1785678953.1359062,11.4444,0,789.21,168.87,319.84,519.88,586.1,,-0.6681,0.1032,-0.009,0.049,0,kalman_zupt
1785678953.1517742,11.4603,0,788.76,171.2,319.84,519.88,584.35,,-0.6681,0.1032,-0.009,0.049,0,kalman_zupt
1785678953.1686928,11.4772,0,788.29,173.69,319.84,519.88,582.49,,-0.6681,0.1032,-0.009,0.049,0,kalman_zupt
1785678953.185312,11.4938,0,787.82,176.13,319.84,519.88,580.67,,-0.6681,0.1032,-0.009,0.049,0,kalman_zupt
1785678953.2012494,11.5097,0,787.38,178.47,319.84,519.88,578.92,,-0.6681,0.1032,-0.009,0.049,0,kalman_zupt
1785678953.2168057,11.5253,0,786.94,180.76,319.84,519.88,577.23,,-0.6681,0.1032,-0.009,0.049,0,kalman_zupt
1785678953.2334836,11.542,0,786.48,183.21,319.84,519.88,575.41,,-0.6681,0.1032,-0.009,0.049,0,kalman_zupt
1785678953.2505076,11.559,0,786.0,185.71,319.84,519.88,573.56,,-0.6681,0.1032,-0.009,0.049,0,kalman_zupt
1785678953.2678921,11.5764,0,785.51,188.27,319.84,519.88,571.68,,-0.6681,0.1032,-0.009,0.049,0,kalman_zupt
1785678953.2846236,11.5931,0,785.04,190.73,319.84,519.88,569.87,,-0.6681,0.1032,-0.009,0.049,0,kalman_zupt
1785678953.30141,11.6099,0,784.57,193.2,319.84,519.88,568.07,,-0.6681,0.1032,-0.009,0.049,0,kalman_zupt
1785678953.3171556,11.6256,0,784.13,195.51,319.84,519.88,566.38,,-0.6681,0.1032,-0.009,0.049,0,kalman_zupt
1785678953.332721,11.6412,0,783.7,197.8,319.84,519.88,564.71,,-0.6681,0.1032,-0.009,0.049,0,kalman_zupt
1785678953.3494692,11.658,0,783.23,200.26,319.84,519.88,562.93,,-0.6681,0.1032,-0.009,0.049,0,kalman_zupt
1785678953.365629,11.6741,0,782.78,202.64,319.84,519.88,561.21,,-0.6681,0.1032,-0.009,0.049,0,kalman_zupt
1785678953.3828588,11.6914,0,782.29,205.17,319.84,519.88,559.38,,-0.6681,0.1032,-0.009,0.049,0,kalman_zupt
1785678953.3998363,11.7083,0,781.82,207.67,319.84,519.88,557.59,,-0.6681,0.1032,-0.009,0.049,0,kalman_zupt
1785678953.4167295,11.7252,0,781.35,210.15,319.84,519.88,555.81,,-0.6681,0.1032,-0.009,0.049,0,kalman_zupt
1785678953.434051,11.7425,0,780.86,212.69,319.84,519.88,553.99,,-0.6681,0.1032,-0.009,0.049,0,kalman_zupt
1785678953.45009,11.7586,0,780.41,215.05,319.84,519.88,552.31,,-0.6681,0.1032,-0.009,0.049,0,kalman_zupt
1785678953.4666305,11.7751,0,779.95,217.48,319.84,519.88,550.59,,-0.6681,0.1032,-0.009,0.049,0,kalman_zupt
1785678953.483692,11.7922,0,779.47,219.99,319.84,519.88,548.81,,-0.6681,0.1032,-0.009,0.049,0,kalman_zupt
1785678953.5013855,11.8099,0,778.98,222.59,319.84,519.88,546.98,,-0.6681,0.1032,-0.009,0.049,0,kalman_zupt
1785678953.5176642,11.8262,0,778.52,224.99,319.84,519.88,545.3,,-0.6681,0.1032,-0.009,0.049,0,kalman_zupt
1785678953.534734,11.8432,0,778.04,227.49,319.84,519.88,543.54,,-0.6681,0.1032,-0.009,0.049,0,kalman_zupt
1785678953.551775,11.8603,0,777.57,230.0,319.84,519.88,541.8,,-0.6681,0.1032,-0.009,0.049,0,kalman_zupt
1785678953.5686054,11.8771,0,777.09,232.47,319.84,519.88,540.08,,-0.6681,0.1032,-0.009,0.049,0,kalman_zupt
1785678953.5855436,11.894,0,776.62,234.96,319.84,519.88,538.36,,-0.6681,0.1032,-0.009,0.049,0,kalman_zupt
1785678953.602188,11.9107,0,776.15,237.41,319.84,519.88,536.67,,-0.6681,0.1032,-0.009,0.049,0,kalman_zupt
1785678953.619407,11.9279,0,775.67,239.94,319.84,519.88,534.93,,-0.6681,0.1032,-0.009,0.049,0,kalman_zupt
1785678953.6357205,11.9442,0,775.22,242.34,319.84,519.88,533.29,,-0.6681,0.1032,-0.009,0.049,0,kalman_zupt
1785678953.6524084,11.9609,0,774.75,244.79,319.84,519.88,531.62,,-0.6681,0.1032,-0.009,0.049,0,kalman_zupt
1785678953.6686516,11.9771,0,774.29,247.18,319.84,519.88,530.0,,-0.6681,0.1032,-0.009,0.049,0,kalman_zupt
1785678953.6855822,11.9941,0,773.82,249.67,319.84,519.88,528.31,,-0.6681,0.1032,-0.009,0.049,0,kalman_zupt
1785678953.7024283,12.0109,0,773.35,252.15,319.84,519.88,526.64,,-0.6681,0.1032,-0.009,0.049,0,kalman_zupt
1785678953.7180922,12.0266,0,772.91,254.45,319.84,519.88,525.1,,-0.6681,0.1032,-0.009,0.049,0,kalman_zupt
1785678953.73464,12.0431,0,772.45,256.88,319.84,519.88,523.47,,-0.6681,0.1032,-0.009,0.049,0,kalman_zupt
1785678953.751862,12.0604,0,771.96,259.41,319.84,519.88,521.79,,-0.6681,0.1032,-0.009,0.049,0,kalman_zupt
1785678953.7685592,12.0771,0,771.5,261.87,319.84,519.88,520.16,,-0.6681,0.1032,-0.009,0.049,0,kalman_zupt
1785678953.785642,12.0941,0,771.02,264.38,319.84,519.88,518.5,,-0.6681,0.1032,-0.009,0.049,0,kalman_zupt
1785678953.8023531,12.1108,0,770.55,266.83,319.84,519.88,516.89,,-0.6681,0.1032,-0.009,0.049,0,kalman_zupt
1785678953.8179603,12.1265,0,770.11,269.13,319.84,519.88,515.39,,-0.6681,0.1032,-0.009,0.049,0,kalman_zupt
1785678953.8348002,12.1433,0,769.64,271.6,319.84,519.88,513.78,,-0.6681,0.1032,-0.009,0.049,0,kalman_zupt
1785678953.8515108,12.16,0,769.18,274.06,319.84,519.88,512.18,,-0.6681,0.1032,-0.009,0.049,0,kalman_zupt
1785678953.867934,12.1764,0,768.72,276.47,319.84,519.88,510.62,,-0.6681,0.1032,-0.009,0.049,0,kalman_zupt
1785678953.8847425,12.1932,0,768.25,278.95,319.84,519.88,509.04,,-0.6681,0.1032,-0.009,0.049,0,kalman_zupt
1785678953.901526,12.21,0,767.78,281.41,319.84,519.88,507.46,,-0.6681,0.1032,-0.009,0.049,0,kalman_zupt
1785678953.9183254,12.2268,0,767.3,283.88,319.84,519.88,505.89,,-0.6681,0.1032,-0.009,0.049,0,kalman_zupt
1785678953.9340432,12.2425,0,766.86,286.19,319.84,519.88,504.42,,-0.6681,0.1032,-0.009,0.049,0,kalman_zupt
1785678953.9504817,12.259,0,766.4,288.61,319.84,519.88,502.9,,-0.6681,0.1032,-0.009,0.049,0,kalman_zupt
1785678953.9663227,12.2748,0,765.96,290.94,319.84,519.88,501.44,,-0.6681,0.1032,-0.009,0.049,0,kalman_zupt
1785678953.9826927,12.2912,0,765.5,293.34,319.84,519.88,499.94,,-0.6681,0.1032,-0.009,0.049,0,kalman_zupt
1785678953.9993436,12.3078,0,765.04,295.79,319.84,519.88,498.41,,-0.6681,0.1032,-0.009,0.049,0,kalman_zupt
1785678954.015664,12.3242,0,764.58,298.19,319.84,519.88,496.93,,-0.6681,0.1032,-0.009,0.049,0,kalman_zupt
1785678954.0326548,12.3411,0,764.1,300.69,319.84,519.88,495.4,,-0.6681,0.1032,-0.009,0.049,0,kalman_zupt
1785678954.0494308,12.3579,0,763.63,303.15,319.84,519.88,493.89,,-0.6681,0.1032,-0.009,0.049,0,kalman_zupt
1785678954.0655963,12.3741,0,763.18,305.53,319.84,519.88,492.44,,-0.6681,0.1032,-0.009,0.049,0,kalman_zupt
1785678954.0824714,12.391,0,762.71,308.01,319.84,519.88,490.94,,-0.6681,0.1032,-0.009,0.049,0,kalman_zupt
1785678954.0982378,12.4067,0,762.27,310.33,319.84,519.88,489.55,,-0.6681,0.1032,-0.009,0.049,0,kalman_zupt
1785678954.1143632,12.4229,0,761.87,312.72,319.84,519.88,488.17,,0.0703,0.0322,-0.008,0.05,0,kalman_zupt
1785678954.1304865,12.439,0,761.48,315.12,319.84,519.88,486.8,,0.0703,0.0322,-0.008,0.05,0,kalman_zupt
1785678954.1460774,12.4546,0,761.09,317.44,319.84,519.88,485.48,,0.0703,0.0322,-0.008,0.05,0,kalman_zupt
1785678954.1625206,12.471,0,760.73,319.96,319.84,519.88,484.1,,0.0524,0.1012,-0.007,0.051,0,kalman_zupt
1785678954.178512,12.487,0,760.38,322.42,319.84,519.88,482.77,,0.0524,0.1012,-0.007,0.051,0,kalman_zupt
1785678954.195488,12.504,0,759.95,325.08,319.84,519.88,481.3,,-0.0643,0.0634,-0.008,0.052,0,kalman_zupt
1785678954.211427,12.5199,0,759.55,327.58,319.84,519.88,479.92,,-0.0643,0.0634,-0.008,0.052,0,kalman_zupt
1785678954.2275693,12.5361,0,759.14,330.11,319.84,519.88,478.54,,-0.0643,0.0634,-0.008,0.052,0,kalman_zupt
1785678954.244976,12.5535,0,758.7,332.84,319.84,519.88,477.06,,-0.0643,0.0634,-0.008,0.052,0,kalman_zupt
1785678954.2625213,12.571,0,758.25,335.59,319.84,519.88,475.58,,-0.0643,0.0634,-0.008,0.052,0,kalman_zupt
1785678954.2793884,12.5879,0,757.83,338.23,319.84,519.88,474.16,,-0.0643,0.0634,-0.008,0.052,0,kalman_zupt
1785678954.295662,12.6042,0,757.42,340.78,319.84,519.88,472.81,,-0.0643,0.0634,-0.008,0.052,0,kalman_zupt
1785678954.3123097,12.6208,0,757.0,343.39,319.84,519.88,471.44,,-0.0643,0.0634,-0.008,0.052,0,kalman_zupt
1785678954.3278196,12.6363,0,756.6,345.82,319.84,519.88,470.17,,-0.0643,0.0634,-0.008,0.052,0,kalman_zupt
1785678954.3447163,12.6532,0,756.18,348.47,319.84,519.88,468.8,,-0.0643,0.0634,-0.008,0.052,0,kalman_zupt
1785678954.361423,12.6699,0,755.75,351.09,319.84,519.88,467.45,,-0.0643,0.0634,-0.008,0.052,0,kalman_zupt
1785678954.377787,12.6863,0,755.34,353.66,319.84,519.88,466.15,,-0.0643,0.0634,-0.008,0.052,0,kalman_zupt
1785678954.3949056,12.7034,0,754.91,356.34,319.84,519.88,464.79,,-0.0643,0.0634,-0.008,0.052,0,kalman_zupt
1785678954.4124012,12.7209,0,754.47,359.09,319.84,519.88,463.42,,-0.0643,0.0634,-0.008,0.052,0,kalman_zupt
1785678954.4283383,12.7368,0,754.06,361.58,319.84,519.88,462.18,,-0.0643,0.0634,-0.008,0.052,0,kalman_zupt
1785678954.4444883,12.753,0,753.65,364.12,319.84,519.88,460.93,,-0.0643,0.0634,-0.008,0.052,0,kalman_zupt
1785678954.4605584,12.7691,0,753.25,366.64,319.84,519.88,459.7,,-0.0643,0.0634,-0.008,0.052,0,kalman_zupt
1785678954.477685,12.7862,0,752.81,369.32,319.84,519.88,458.41,,-0.0643,0.0634,-0.008,0.052,0,kalman_zupt
1785678954.494644,12.8031,0,752.39,371.98,319.84,519.88,457.13,,-0.0643,0.0634,-0.008,0.052,0,kalman_zupt
1785678954.5116067,12.8201,0,751.96,374.64,319.84,519.88,455.87,,-0.0643,0.0634,-0.008,0.052,0,kalman_zupt
1785678954.5283072,12.8368,0,751.53,377.26,319.84,519.88,454.65,,-0.0643,0.0634,-0.008,0.052,0,kalman_zupt
1785678954.5444016,12.8529,0,751.13,379.78,319.84,519.88,453.47,,-0.0643,0.0634,-0.008,0.052,0,kalman_zupt
1785678954.5601077,12.8686,0,750.73,382.24,319.84,519.88,452.34,,-0.0643,0.0634,-0.008,0.052,0,kalman_zupt
1785678954.576639,12.8851,0,750.31,384.83,319.84,519.88,451.16,,-0.0643,0.0634,-0.008,0.052,0,kalman_zupt
1785678954.5933897,12.9019,0,749.89,387.46,319.84,519.88,449.98,,-0.0643,0.0634,-0.008,0.052,0,kalman_zupt
1785678954.6091282,12.9176,0,749.49,389.93,319.84,519.88,448.88,,-0.0643,0.0634,-0.008,0.052,0,kalman_zupt
1785678954.6247575,12.9332,0,749.1,392.38,319.84,519.88,447.79,,-0.0643,0.0634,-0.008,0.052,0,kalman_zupt
1785678954.641529,12.95,0,748.67,395.01,319.84,519.88,446.64,,-0.0643,0.0634,-0.008,0.052,0,kalman_zupt
1785678954.6594048,12.9679,0,748.22,397.81,319.84,519.88,445.43,,-0.0643,0.0634,-0.008,0.052,0,kalman_zupt
1785678954.6762424,12.9847,0,747.79,400.45,319.84,519.88,444.31,,-0.0643,0.0634,-0.008,0.052,0,kalman_zupt
1785678954.692669,13.0012,0,747.38,403.03,319.84,519.88,443.22,,-0.0643,0.0634,-0.008,0.052,0,kalman_zupt
1785678954.710548,13.019,0,746.93,405.83,319.84,519.88,442.06,,-0.0643,0.0634,-0.008,0.052,0,kalman_zupt
1785678954.7273953,13.0359,0,746.5,408.47,319.84,519.88,440.97,,-0.0643,0.0634,-0.008,0.052,0,kalman_zupt
1785678954.7430582,13.0515,0,746.11,410.93,319.84,519.88,439.97,,-0.0643,0.0634,-0.008,0.052,0,kalman_zupt
1785678954.7592735,13.0678,0,745.7,413.47,319.84,519.88,438.95,,-0.0643,0.0634,-0.008,0.052,0,kalman_zupt
1785678954.775765,13.0843,0,745.28,416.05,319.84,519.88,437.93,,-0.0643,0.0634,-0.008,0.052,0,kalman_zupt
1785678954.7923956,13.1009,0,744.86,418.66,319.84,519.88,436.91,,-0.0643,0.0634,-0.008,0.052,0,kalman_zupt
1785678954.8095002,13.118,0,744.43,421.34,319.84,519.88,435.87,,-0.0643,0.0634,-0.008,0.052,0,kalman_zupt
1785678954.826495,13.135,0,744.0,424.01,319.84,519.88,434.86,,-0.0643,0.0634,-0.008,0.052,0,kalman_zupt
1785678954.8423815,13.1509,0,743.59,426.5,319.84,519.88,433.92,,-0.0643,0.0634,-0.008,0.052,0,kalman_zupt
1785678954.8594825,13.168,0,743.16,429.18,319.84,519.88,432.93,,-0.0643,0.0634,-0.008,0.052,0,kalman_zupt
1785678954.8769262,13.1854,0,742.72,431.91,319.84,519.88,431.93,,-0.0643,0.0634,-0.008,0.052,0,kalman_zupt
1785678954.8937223,13.2022,0,742.3,434.55,319.84,519.88,430.99,,-0.0643,0.0634,-0.008,0.052,0,kalman_zupt
1785678954.9105458,13.219,0,741.87,437.18,319.84,519.88,430.06,,-0.0643,0.0634,-0.008,0.052,0,kalman_zupt
1785678954.9267297,13.2352,0,741.46,439.72,319.84,519.88,429.18,,-0.0643,0.0634,-0.008,0.052,0,kalman_zupt
1785678954.9436688,13.2522,0,741.03,442.38,319.84,519.88,428.27,,-0.0643,0.0634,-0.008,0.052,0,kalman_zupt
1785678954.9606657,13.2692,0,740.6,445.04,319.84,519.88,427.37,,-0.0643,0.0634,-0.008,0.052,0,kalman_zupt
1785678954.9779215,13.2864,0,740.17,447.75,319.84,519.88,426.47,,-0.0643,0.0634,-0.008,0.052,0,kalman_zupt
1785678954.9950378,13.3035,0,739.73,450.43,319.84,519.88,425.6,,-0.0643,0.0634,-0.008,0.052,0,kalman_zupt
1785678955.0118806,13.3204,0,739.31,453.07,319.84,519.88,424.76,,-0.0643,0.0634,-0.008,0.052,0,kalman_zupt
1785678955.028535,13.337,0,738.89,455.68,319.84,519.88,423.94,,-0.0643,0.0634,-0.008,0.052,0,kalman_zupt
1785678955.0453334,13.3538,0,738.46,458.32,319.84,519.88,423.13,,-0.0643,0.0634,-0.008,0.052,0,kalman_zupt
1785678955.061711,13.3702,0,738.05,460.88,319.84,519.88,422.35,,-0.0643,0.0634,-0.008,0.052,0,kalman_zupt
1785678955.079229,13.3877,0,737.61,463.63,319.84,519.88,421.54,,-0.0643,0.0634,-0.008,0.052,0,kalman_zupt
1785678955.0957475,13.4042,0,737.19,466.22,319.84,519.88,420.79,,-0.0643,0.0634,-0.008,0.052,0,kalman_zupt
1785678955.1125371,13.421,0,736.76,468.85,319.84,519.88,420.04,,-0.0643,0.0634,-0.008,0.052,0,kalman_zupt
1785678955.129385,13.4379,0,736.34,471.49,319.84,519.88,419.3,,-0.0643,0.0634,-0.008,0.052,0,kalman_zupt
1785678955.1454167,13.4539,0,735.93,474.01,319.84,519.88,418.62,,-0.0643,0.0634,-0.008,0.052,0,kalman_zupt
1785678955.1619606,13.4705,0,735.51,476.6,319.84,519.88,417.92,,-0.0643,0.0634,-0.008,0.052,0,kalman_zupt
1785678955.1785245,13.487,0,735.1,479.2,319.84,519.88,417.25,,-0.0643,0.0634,-0.008,0.052,0,kalman_zupt
1785678955.1954403,13.5039,0,734.67,481.85,319.84,519.88,416.57,,-0.0643,0.0634,-0.008,0.052,0,kalman_zupt
1785678955.2117927,13.5203,0,734.25,484.41,319.84,519.88,415.93,,-0.0643,0.0634,-0.008,0.052,0,kalman_zupt
1785678955.228362,13.5369,0,733.84,487.01,319.84,519.88,415.3,,-0.0643,0.0634,-0.008,0.052,0,kalman_zupt
1785678955.2446566,13.5531,0,733.42,489.57,319.84,519.88,414.69,,-0.0643,0.0634,-0.008,0.052,0,kalman_zupt
1785678955.262215,13.5707,0,732.98,492.32,319.84,519.88,414.06,,-0.0643,0.0634,-0.008,0.052,0,kalman_zupt
1785678955.2785845,13.5871,0,732.57,494.89,319.84,519.88,413.48,,-0.0643,0.0634,-0.008,0.052,0,kalman_zupt
1785678955.2959716,13.6045,0,732.13,497.61,319.84,519.88,412.89,,-0.0643,0.0634,-0.008,0.052,0,kalman_zupt
1785678955.311751,13.6202,0,731.74,500.15,319.84,519.88,412.38,,0.0201,0.0829,-0.008,0.054,0,kalman_zupt
1785678955.3284018,13.6369,0,731.34,502.82,319.84,519.88,411.85,,0.0201,0.0829,-0.008,0.054,0,kalman_zupt
1785678955.3449373,13.6534,0,730.93,505.48,319.84,519.88,411.35,,0.0201,0.0829,-0.008,0.054,0,kalman_zupt
1785678955.3608797,13.6694,0,730.55,508.04,319.84,519.88,410.88,,0.0201,0.0829,-0.008,0.054,0,kalman_zupt
1785678955.3783064,13.6868,0,730.12,510.84,319.84,519.88,410.38,,0.0201,0.0829,-0.008,0.054,0,kalman_zupt
1785678955.3948984,13.7034,0,729.72,513.51,319.84,519.88,409.93,,0.0201,0.0829,-0.008,0.054,0,kalman_zupt
1785678955.411841,13.7203,0,729.31,516.23,319.84,519.88,409.49,,0.0201,0.0829,-0.008,0.054,0,kalman_zupt
1785678955.4285238,13.737,0,728.9,518.91,319.84,519.88,409.06,,0.0201,0.0829,-0.008,0.054,0,kalman_zupt
1785678955.4445457,13.753,0,728.51,521.49,319.84,519.88,408.68,,0.0201,0.0829,-0.008,0.054,0,kalman_zupt
1785678955.460523,13.769,0,728.12,524.06,319.84,519.88,408.31,,0.0201,0.0829,-0.008,0.054,0,kalman_zupt
1785678955.4770207,13.7855,0,727.72,526.71,319.84,519.88,407.94,,0.0201,0.0829,-0.008,0.054,0,kalman_zupt
1785678955.4930322,13.8015,0,727.33,529.28,319.84,519.88,407.6,,0.0201,0.0829,-0.008,0.054,0,kalman_zupt
1785678955.5097659,13.8183,0,726.92,531.97,319.84,519.88,407.27,,0.0201,0.0829,-0.008,0.054,0,kalman_zupt
1785678955.5264938,13.835,0,726.52,534.66,319.84,519.88,406.95,,0.0201,0.0829,-0.008,0.054,0,kalman_zupt
1785678955.5425622,13.8511,0,726.13,537.24,319.84,519.88,406.66,,0.0201,0.0829,-0.008,0.054,0,kalman_zupt
1785678955.5592604,13.8678,0,725.72,539.92,319.84,519.88,406.38,,0.0201,0.0829,-0.008,0.054,0,kalman_zupt
1785678955.5754018,13.8839,0,725.33,542.52,319.84,519.88,406.12,,0.0201,0.0829,-0.008,0.054,0,kalman_zupt
1785678955.5913942,13.8999,0,724.94,545.09,319.84,519.88,405.88,,0.0201,0.0829,-0.008,0.054,0,kalman_zupt
1785678955.607895,13.9164,0,724.54,547.74,319.84,519.88,405.66,,0.0201,0.0829,-0.008,0.054,0,kalman_zupt
1785678955.6248055,13.9333,0,724.15,550.29,319.84,519.88,405.45,,0.0201,0.0829,-0.008,0.054,0,kalman_zupt
1785678955.6408203,13.9493,0,723.74,553.03,319.84,519.88,405.26,,0.0201,0.0829,-0.008,0.054,0,kalman_zupt
1785678955.65816,13.9667,0,723.31,555.82,319.84,519.88,405.07,,0.0201,0.0829,-0.008,0.054,0,kalman_zupt
1785678955.6739547,13.9824,0,722.93,558.36,319.84,519.88,404.92,,0.0201,0.0829,-0.008,0.054,0,kalman_zupt
1785678955.6907396,13.9992,0,722.52,561.05,319.84,519.88,404.78,,0.0201,0.0829,-0.008,0.054,0,kalman_zupt
1785678955.7073956,14.0159,0,722.12,563.73,319.84,519.88,404.66,,0.0201,0.0829,-0.008,0.054,0,kalman_zupt
1785678955.7239263,14.0324,0,721.71,566.39,319.84,519.88,404.56,,0.0201,0.0829,-0.008,0.054,0,kalman_zupt
1785678955.7416582,14.0501,0,721.28,569.24,319.84,519.88,404.47,,0.0201,0.0829,-0.008,0.054,0,kalman_zupt
1785678955.7584298,14.0669,0,720.87,571.93,319.84,519.88,404.4,,0.0201,0.0829,-0.008,0.054,0,kalman_zupt
1785678955.7745419,14.083,0,720.48,574.52,319.84,519.88,404.35,,0.0201,0.0829,-0.008,0.054,0,kalman_zupt
1785678955.7915688,14.1001,0,720.07,577.26,319.84,519.88,404.32,,0.0201,0.0829,-0.008,0.054,0,kalman_zupt
1785678955.8082414,14.1167,0,719.66,579.94,319.84,519.88,404.31,,0.0201,0.0829,-0.008,0.054,0,kalman_zupt
1785678955.8245327,14.133,0,719.27,582.56,319.84,519.88,404.31,,0.0201,0.0829,-0.008,0.054,0,kalman_zupt
1785678955.8400288,14.1485,0,718.89,585.05,319.84,519.88,404.34,,0.0201,0.0829,-0.008,0.054,0,kalman_zupt
1785678955.8563044,14.1648,0,718.49,587.66,319.84,519.88,404.37,,0.0201,0.0829,-0.008,0.054,0,kalman_zupt
1785678955.8728619,14.1814,0,718.09,590.32,319.84,519.88,404.43,,0.0201,0.0829,-0.008,0.054,0,kalman_zupt
1785678955.8897698,14.1983,0,717.68,592,319.84,519.88,404.32,,0.0201,0.0829,-0.008,0.054,0,kalman_zupt
1785678955.9074137,14.2159,0,717.25,592,319.84,519.88,403.9,,0.0201,0.0829,-0.008,0.054,0,kalman_zupt
1785678955.9236279,14.2321,0,716.85,592,319.84,519.88,403.51,,0.0201,0.0829,-0.008,0.054,0,kalman_zupt
1785678955.9405096,14.249,0,716.44,592,319.84,519.88,403.11,,0.0201,0.0829,-0.008,0.054,0,kalman_zupt
1785678955.9583516,14.2668,0,716.01,592,319.84,519.88,402.68,,0.0201,0.0829,-0.008,0.054,0,kalman_zupt
1785678955.9741943,14.2827,0,715.62,592,319.84,519.88,402.3,,0.0201,0.0829,-0.008,0.054,0,kalman_zupt
1785678955.9899287,14.2984,0,715.24,592,319.84,519.88,401.93,,0.0201,0.0829,-0.008,0.054,0,kalman_zupt
1785678956.006852,14.3153,0,714.83,592,319.84,519.88,401.52,,0.0201,0.0829,-0.008,0.054,0,kalman_zupt
1785678956.0235798,14.3321,0,714.42,592,319.84,519.88,401.12,,0.0201,0.0829,-0.008,0.054,0,kalman_zupt
1785678956.0401506,14.3486,0,714.02,592,319.84,519.88,400.72,,0.0201,0.0829,-0.008,0.054,0,kalman_zupt
1785678956.05665,14.3651,0,713.62,592,319.84,519.88,400.33,,0.0201,0.0829,-0.008,0.054,0,kalman_zupt
1785678956.0732322,14.3817,0,713.21,592,319.84,519.88,399.93,,0.0201,0.0829,-0.008,0.054,0,kalman_zupt
1785678956.0894766,14.398,0,712.82,592,319.84,519.88,399.54,,0.0201,0.0829,-0.008,0.054,0,kalman_zupt
1785678956.1061556,14.4146,0,712.41,592,319.84,519.88,399.14,,0.0201,0.0829,-0.008,0.054,0,kalman_zupt
1785678956.121889,14.4304,0,712.03,592,319.84,519.88,398.77,,0.0201,0.0829,-0.008,0.054,0,kalman_zupt
1785678956.1393144,14.4478,0,711.61,592,319.84,519.88,398.35,,0.0201,0.0829,-0.008,0.054,0,kalman_zupt
1785678956.155343,14.4638,0,711.22,592,319.84,519.88,397.97,,0.0201,0.0829,-0.008,0.054,0,kalman_zupt
1785678956.1710317,14.4795,0,710.83,592,319.84,519.88,397.59,,0.0201,0.0829,-0.008,0.054,0,kalman_zupt
1785678956.1884115,14.4969,0,710.41,592,319.84,519.88,397.18,,0.0201,0.0829,-0.008,0.054,0,kalman_zupt
1785678956.2041698,14.5127,0,710.03,592,319.84,519.88,396.8,,0.0201,0.0829,-0.008,0.054,0,kalman_zupt
1785678956.219743,14.5282,0,709.65,592,319.84,519.88,396.43,,0.0201,0.0829,-0.008,0.054,0,kalman_zupt
1785678956.2375436,14.546,0,709.22,592,319.84,519.88,396.0,,0.0201,0.0829,-0.008,0.054,0,kalman_zupt
1785678956.2537587,14.5623,0,708.82,592,319.84,519.88,395.61,,0.0201,0.0829,-0.008,0.054,0,kalman_zupt
1785678956.270565,14.5791,0,708.41,592,319.84,519.88,395.21,,0.0201,0.0829,-0.008,0.054,0,kalman_zupt
1785678956.2879841,14.5965,0,707.99,592,319.84,519.88,394.79,,0.0201,0.0829,-0.008,0.054,0,kalman_zupt
1785678956.3043964,14.6129,0,707.59,592,319.84,519.88,394.4,,0.0201,0.0829,-0.008,0.054,0,kalman_zupt
1785678956.3211887,14.6297,0,707.18,592,319.84,519.88,394.0,,0.0201,0.0829,-0.008,0.054,0,kalman_zupt
1785678956.3378634,14.6464,0,706.77,592,319.84,519.88,393.6,,0.0201,0.0829,-0.008,0.054,0,kalman_zupt
1785678956.354684,14.6632,0,706.36,592,319.84,519.88,393.2,,0.0201,0.0829,-0.008,0.054,0,kalman_zupt
1785678956.371715,14.6802,0,705.95,592,319.84,519.88,392.79,,0.0201,0.0829,-0.008,0.054,0,kalman_zupt
1785678956.388594,14.6971,0,705.54,592,319.84,519.88,392.39,,0.0201,0.0829,-0.008,0.054,0,kalman_zupt
1785678956.405203,14.7137,0,705.14,592,319.84,519.88,391.99,,0.0201,0.0829,-0.008,0.054,0,kalman_zupt
1785678956.4212987,14.7298,0,704.74,592,319.84,519.88,391.6,,0.0201,0.0829,-0.008,0.054,0,kalman_zupt
1785678956.4377706,14.7463,0,704.34,592,319.84,519.88,391.21,,0.0201,0.0829,-0.008,0.054,0,kalman_zupt
1785678956.4543962,14.7629,0,703.94,592,319.84,519.88,390.81,,0.0201,0.0829,-0.008,0.054,0,kalman_zupt
1785678956.4701228,14.7786,0,703.56,592,319.84,519.88,390.44,,0.0201,0.0829,-0.008,0.054,0,kalman_zupt
1785678956.4868715,14.7954,0,703.15,592,319.84,519.88,390.04,,0.0201,0.0829,-0.008,0.054,0,kalman_zupt
1785678956.5042083,14.8127,0,702.73,592,319.84,519.88,389.62,,0.0201,0.0829,-0.008,0.054,0,kalman_zupt
1785678956.5207624,14.8293,0,702.32,592,319.84,519.88,389.23,,0.0201,0.0829,-0.008,0.054,0,kalman_zupt
1785678956.5383046,14.8468,0,701.9,592,319.84,519.88,388.81,,0.0201,0.0829,-0.008,0.054,0,kalman_zupt
1785678956.5541854,14.8627,0,701.51,592,319.84,519.88,388.43,,0.0201,0.0829,-0.008,0.054,0,kalman_zupt
1785678956.5708447,14.8793,0,701.11,592,319.84,519.88,388.03,,0.0201,0.0829,-0.008,0.054,0,kalman_zupt
1785678956.5876114,14.8961,0,700.7,592,319.84,519.88,387.63,,0.0201,0.0829,-0.008,0.054,0,kalman_zupt
1785678956.6046894,14.9132,0,700.28,592,319.84,519.88,387.22,,0.0201,0.0829,-0.008,0.054,0,kalman_zupt
1785678956.6214907,14.93,0,699.87,592,319.84,519.88,386.82,,0.0201,0.0829,-0.008,0.054,0,kalman_zupt
1785678956.6375604,14.9461,0,699.48,592,319.84,519.88,386.43,,0.0201,0.0829,-0.008,0.054,0,kalman_zupt
1785678956.6538622,14.9624,0,699.09,592,319.84,519.88,386.04,,0.0201,0.0829,-0.008,0.054,0,kalman_zupt
1785678956.6705127,14.979,0,698.68,592,319.84,519.88,385.65,,0.0201,0.0829,-0.008,0.054,0,kalman_zupt
1785678956.687947,14.9964,0,698.26,592,319.84,519.88,385.23,,0.0201,0.0829,-0.008,0.054,0,kalman_zupt
1785678956.703911,15.0124,0,697.87,592,319.84,519.88,384.85,,0.0201,0.0829,-0.008,0.054,0,kalman_zupt
1785678956.720649,15.0291,0,697.46,592,319.84,519.88,384.45,,0.0201,0.0829,-0.008,0.054,0,kalman_zupt
1785678956.7373602,15.0459,0,697.05,592,319.84,519.88,384.05,,0.0201,0.0829,-0.008,0.054,0,kalman_zupt
1785678956.7535481,15.062,0,696.66,592,319.84,519.88,383.66,,0.0201,0.0829,-0.008,0.054,0,kalman_zupt
1785678956.77075,15.0792,0,696.24,592,319.84,519.88,383.25,,0.0201,0.0829,-0.008,0.054,0,kalman_zupt
1785678956.7881393,15.0966,0,695.82,592,319.84,519.88,382.83,,0.0201,0.0829,-0.008,0.054,0,kalman_zupt
1785678956.8039708,15.1125,0,695.43,592,319.84,519.88,382.46,,0.0201,0.0829,-0.008,0.054,0,kalman_zupt
1785678956.8204439,15.1289,0,695.03,592,319.84,519.88,382.06,,0.0201,0.0829,-0.008,0.054,0,kalman_zupt
1785678956.8361742,15.1447,0,694.65,592,319.84,519.88,381.69,,0.0201,0.0829,-0.008,0.054,0,kalman_zupt
1785678956.852749,15.1612,0,694.25,592,319.84,519.88,381.29,,0.0201,0.0829,-0.008,0.054,0,kalman_zupt
1785678956.8705852,15.1791,0,693.81,592,319.84,519.88,380.86,,0.0201,0.0829,-0.008,0.054,0,kalman_zupt
1785678956.8879333,15.1964,0,693.39,592,319.84,519.88,380.45,,0.0201,0.0829,-0.008,0.054,0,kalman_zupt
1785678956.904694,15.2132,0,692.98,592,319.84,519.88,380.05,,0.0201,0.0829,-0.008,0.054,0,kalman_zupt
1785678956.9218538,15.2303,0,692.56,592,319.84,519.88,379.64,,0.0201,0.0829,-0.008,0.054,0,kalman_zupt
1785678956.938774,15.2473,0,692.15,592,319.84,519.88,379.23,,0.0201,0.0829,-0.008,0.054,0,kalman_zupt
1785678956.9556775,15.2642,0,691.74,592,319.84,519.88,378.83,,0.0201,0.0829,-0.008,0.054,0,kalman_zupt
1785678956.9727497,15.2812,0,691.33,592,319.84,519.88,378.42,,0.0201,0.0829,-0.008,0.054,0,kalman_zupt
1785678956.9896379,15.2981,0,690.91,592,319.84,519.88,378.02,,0.0201,0.0829,-0.008,0.054,0,kalman_zupt
1785678957.0071487,15.3156,0,690.49,592,319.84,519.88,377.6,,0.0201,0.0829,-0.008,0.054,0,kalman_zupt
1785678957.0235584,15.3321,0,690.09,592,319.84,519.88,377.21,,0.0201,0.0829,-0.008,0.054,0,kalman_zupt
1785678957.0393152,15.3478,0,689.71,592,319.84,519.88,376.83,,0.0201,0.0829,-0.008,0.054,0,kalman_zupt
1785678957.0556555,15.3641,0,689.31,592,319.84,519.88,376.44,,0.0201,0.0829,-0.008,0.054,0,kalman_zupt
1785678957.0725222,15.381,0,688.9,592,319.84,519.88,376.04,,0.0201,0.0829,-0.008,0.054,0,kalman_zupt
1785678957.0897586,15.3983,0,688.48,592,319.84,519.88,375.63,,0.0201,0.0829,-0.008,0.054,0,kalman_zupt
1785678957.1065147,15.415,0,688.07,592,319.84,519.88,375.23,,0.0201,0.0829,-0.008,0.054,0,kalman_zupt
1785678957.1229455,15.4314,0,687.67,592,319.84,519.88,374.84,,0.0201,0.0829,-0.008,0.054,0,kalman_zupt
1785678957.138678,15.4472,0,687.29,592,319.84,519.88,374.46,,0.0201,0.0829,-0.008,0.054,0,kalman_zupt
1785678957.155587,15.4641,0,686.88,592,319.84,519.88,374.06,,0.0201,0.0829,-0.008,0.054,0,kalman_zupt
1785678957.1722846,15.4808,0,686.47,592,319.84,519.88,373.66,,0.0201,0.0829,-0.008,0.054,0,kalman_zupt
1785678957.188689,15.4972,0,686.07,592,319.84,519.88,373.27,,0.0201,0.0829,-0.008,0.054,0,kalman_zupt
1785678957.2055614,15.5141,0,685.66,592,319.84,519.88,372.86,,0.0201,0.0829,-0.008,0.054,0,kalman_zupt
1785678957.2212262,15.5297,0,685.28,592,319.84,519.88,372.49,,0.0201,0.0829,-0.008,0.054,0,kalman_zupt
1785678957.237425,15.5459,0,684.89,592,319.84,519.88,372.1,,0.0201,0.0829,-0.008,0.054,0,kalman_zupt
1785678957.2532573,15.5617,0,684.5,592,319.84,519.88,371.73,,0.0201,0.0829,-0.008,0.054,0,kalman_zupt
1785678957.2693624,15.5779,0,684.11,592,319.84,519.88,371.34,,0.0201,0.0829,-0.008,0.054,0,kalman_zupt
1785678957.286003,15.5945,0,683.7,592,319.84,519.88,370.94,,0.0201,0.0829,-0.008,0.054,0,kalman_zupt
1785678957.3018909,15.6104,0,683.32,592,319.84,519.88,370.56,,0.0201,0.0829,-0.008,0.054,0,kalman_zupt
1785678957.3186507,15.6271,0,682.91,592,319.84,519.88,370.16,,0.0201,0.0829,-0.008,0.054,0,kalman_zupt
1785678957.3354228,15.6439,0,682.5,592,319.84,519.88,369.76,,0.0201,0.0829,-0.008,0.054,0,kalman_zupt
1785678957.3514316,15.6599,0,682.11,592,319.84,519.88,369.38,,0.0201,0.0829,-0.008,0.054,0,kalman_zupt
1785678957.3674304,15.6759,0,681.72,592,319.84,519.88,369.0,,0.0201,0.0829,-0.008,0.054,0,kalman_zupt
1785678957.3831227,15.6916,0,681.34,592,319.84,519.88,368.63,,0.0201,0.0829,-0.008,0.054,0,kalman_zupt
1785678957.3996227,15.7081,0,680.94,592,319.84,519.88,368.23,,0.0201,0.0829,-0.008,0.054,0,kalman_zupt
1785678957.416381,15.7249,0,680.62,592,319.84,519.88,367.92,,0.1051,0.0689,-0.006,0.055,0,kalman_zupt
1785678957.4321475,15.7406,0,680.32,592,319.84,519.88,367.62,,0.1051,0.0689,-0.006,0.055,0,kalman_zupt
1785678957.4487302,15.7572,0,680.0,592,319.84,519.88,367.31,,0.1051,0.0689,-0.006,0.055,0,kalman_zupt
1785678957.4656742,15.7742,0,679.68,592,319.84,519.88,367.0,,0.1051,0.0689,-0.006,0.055,0,kalman_zupt
1785678957.4826047,15.7911,0,679.36,592,319.84,519.88,366.68,,0.1051,0.0689,-0.006,0.055,0,kalman_zupt
1785678957.4997566,15.8082,0,679.07,592,319.84,519.88,366.4,,0.0385,-0.0385,-0.006,0.054,0,kalman_zupt
1785678957.5166883,15.8252,0,678.78,592,319.84,519.88,366.11,,0.0385,-0.0385,-0.006,0.054,0,kalman_zupt
1785678957.5339706,15.8425,0,678.48,592,319.84,519.88,365.82,,0.0385,-0.0385,-0.006,0.054,0,kalman_zupt
1785678957.5505762,15.8591,0,678.2,592,319.84,519.88,365.54,,0.0385,-0.0385,-0.006,0.054,0,kalman_zupt
1785678957.568242,15.8767,0,678.0,592,319.84,519.88,365.35,,0.1125,-0.0051,-0.004,0.054,0,kalman_zupt
1785678957.5846689,15.8932,0,677.82,592,319.84,519.88,365.17,,0.1125,-0.0051,-0.004,0.054,0,kalman_zupt
1785678957.60134,15.9098,0,677.73,592,319.84,519.88,365.09,,0.1197,0.0272,-0.002,0.054,0,kalman_zupt
1785678957.6177633,15.9263,0,677.65,592,319.84,519.88,365.01,,0.1197,0.0272,-0.002,0.054,0,kalman_zupt
1785678957.6344576,15.9429,0,677.65,592,319.84,519.88,365.0,,0.0965,0.0877,-0.0,0.056,0,kalman_zupt
1785678957.6504767,15.959,0,677.64,592,319.84,519.88,365.0,,0.0965,0.0877,-0.0,0.056,0,kalman_zupt
1785678957.6672122,15.9757,0,677.64,592,319.84,519.88,364.99,,0.0965,0.0877,-0.0,0.056,0,kalman_zupt
1785678957.682774,15.9913,0,677.7,592,319.84,519.88,365.05,,0.0905,0.0651,0.001,0.057,0,kalman_zupt
1785678957.6996748,16.0082,0,677.76,592,319.84,519.88,365.12,,0.0905,0.0651,0.001,0.057,0,kalman_zupt
1785678957.7168288,16.0253,0,677.86,592,319.84,519.88,365.21,,0.0327,0.2466,0.002,0.061,0,kalman_zupt
1785678957.7335403,16.042,0,677.95,592,319.84,519.88,365.31,,0.0327,0.2466,0.002,0.061,0,kalman_zupt
1785678957.749408,16.0579,0,678.09,592,319.84,519.88,365.44,,0.0585,0.3049,0.003,0.066,0,kalman_zupt
1785678957.765355,16.0738,0,678.22,592,319.84,519.88,365.57,,0.0585,0.3049,0.003,0.066,0,kalman_zupt
1785678957.7816696,16.0902,0,678.36,592,319.84,519.88,365.7,,0.0585,0.3049,0.003,0.066,0,kalman_zupt
1785678957.7984252,16.1069,0,678.66,592,319.84,519.88,366.0,,0.188,0.2575,0.006,0.07,0,kalman_zupt
1785678957.814821,16.1233,0,678.95,592,319.84,519.88,366.28,,0.188,0.2575,0.006,0.07,0,kalman_zupt
1785678957.8314745,16.14,0,679.24,592,319.84,519.88,366.56,,-0.0132,0.3413,0.006,0.076,0,kalman_zupt
1785678957.8474371,16.1559,0,679.51,592,319.84,519.88,366.83,,-0.0132,0.3413,0.006,0.076,0,kalman_zupt
1785678957.8635895,16.1721,0,679.93,592,319.84,519.88,367.24,,0.179,0.2754,0.009,0.08,0,kalman_zupt
1785678957.8801408,16.1886,0,680.36,592,319.84,519.88,367.66,,0.179,0.2754,0.009,0.08,0,kalman_zupt
1785678957.896537,16.205,0,680.78,592,319.84,519.88,368.08,,0.179,0.2754,0.009,0.08,0,kalman_zupt
1785678957.913543,16.222,0,681.38,592,319.84,519.88,368.66,,0.1774,0.1366,0.012,0.083,0,kalman_zupt
1785678957.9306858,16.2392,0,681.97,592,319.84,519.88,369.25,,0.1774,0.1366,0.012,0.083,0,kalman_zupt
1785678957.9474363,16.2559,0,682.56,592,319.84,519.88,369.82,,0.1774,0.1366,0.012,0.083,0,kalman_zupt
1785678957.9632971,16.2718,0,683.35,592,319.84,519.88,370.6,,0.3143,0.1223,0.017,0.085,0,kalman_zupt
1785678957.9790406,16.2875,0,684.14,592,319.84,519.88,371.37,,0.3143,0.1223,0.017,0.085,0,kalman_zupt
1785678957.995622,16.3041,0,685.21,592,319.84,519.88,372.42,,0.296,0.2218,0.022,0.088,0,kalman_zupt
1785678958.0127587,16.3213,0,686.31,592,319.84,519.88,373.5,,0.296,0.2218,0.022,0.088,0,kalman_zupt
1785678958.0302837,16.3388,0,687.49,592,319.84,519.88,374.66,,0.0517,0.1953,0.022,0.092,0,kalman_zupt
1785678958.0459137,16.3544,0,688.55,592,319.84,519.88,375.69,,0.0517,0.1953,0.022,0.092,0,kalman_zupt
1785678958.0632918,16.3718,0,689.72,592,319.84,519.88,376.84,,0.0517,0.1953,0.022,0.092,0,kalman_zupt
1785678958.0792432,16.3877,0,691.06,592,319.84,519.88,378.16,,0.3516,0.2587,0.028,0.096,0,kalman_zupt
1785678958.0950215,16.4035,0,692.39,592,319.84,519.88,379.46,,0.3516,0.2587,0.028,0.096,0,kalman_zupt
1785678958.1121929,16.4207,0,693.83,592,319.84,519.88,380.88,,0.3516,0.2587,0.028,0.096,0,kalman_zupt
1785678958.1280274,16.4365,0,695.16,592,319.84,519.88,382.19,,0.3516,0.2587,0.028,0.096,0,kalman_zupt
1785678958.1446836,16.4532,0,696.08,592,319.84,519.88,383.09,,-0.5834,0.0398,0.018,0.097,0,kalman_zupt
1785678958.1618164,16.4703,0,697.02,592,319.84,519.88,384.02,,-0.5834,0.0398,0.018,0.097,0,kalman_zupt
1785678958.1795127,16.488,0,697.99,592,319.84,519.88,384.97,,-0.5834,0.0398,0.018,0.097,0,kalman_zupt
1785678958.1962473,16.5047,0,698.91,592,319.84,519.88,385.88,,-0.5834,0.0398,0.018,0.097,0,kalman_zupt
1785678958.2127063,16.5212,0,700.2,592,319.84,519.88,387.14,,0.4696,-0.2915,0.026,0.092,0,kalman_zupt
1785678958.2305365,16.539,0,701.59,592,319.84,519.88,388.51,,0.4696,-0.2915,0.026,0.092,0,kalman_zupt
1785678958.2472687,16.5558,0,702.9,592,319.84,519.88,389.79,,0.4696,-0.2915,0.026,0.092,0,kalman_zupt
1785678958.2633402,16.5718,0,704.16,592,319.84,519.88,391.03,,0.4696,-0.2915,0.026,0.092,0,kalman_zupt
1785678958.2796555,16.5881,0,705.58,592,319.84,519.88,392.43,,0.1823,-0.7377,0.029,0.08,0,kalman_zupt
1785678958.296843,16.6053,0,707.08,592,319.84,519.88,393.9,,0.1823,-0.7377,0.029,0.08,0,kalman_zupt
1785678958.3142452,16.6227,0,708.59,592,319.84,519.88,395.39,,0.1823,-0.7377,0.029,0.08,0,kalman_zupt
1785678958.3301926,16.6387,0,710.33,592,319.84,519.88,397.1,,0.4556,-0.7945,0.036,0.067,0,kalman_zupt
1785678958.3459947,16.6545,0,712.05,592,319.84,519.88,398.79,,0.4556,-0.7945,0.036,0.067,0,kalman_zupt
1785678958.363445,16.6719,0,714.1,592,319.84,519.88,400.8,,0.1585,-0.8528,0.039,0.052,0,kalman_zupt
1785678958.3791492,16.6876,0,715.94,592,319.84,519.88,402.61,,0.1585,-0.8528,0.039,0.052,0,kalman_zupt
1785678958.3953233,16.7038,0,717.83,592,319.84,519.88,404.47,,0.1585,-0.8528,0.039,0.052,0,kalman_zupt
1785678958.4115582,16.72,0,719.97,592,319.84,519.88,406.58,,0.3017,-0.567,0.044,0.043,0,kalman_zupt
1785678958.4284308,16.7369,0,722.2,592,319.84,519.88,408.77,,0.3017,-0.567,0.044,0.043,0,kalman_zupt
1785678958.4443429,16.7528,0,724.26,592,319.84,519.88,410.8,,-0.0444,-0.3307,0.043,0.038,0,kalman_zupt
1785678958.4605849,16.7691,0,726.37,592,319.84,519.88,412.88,,-0.0444,-0.3307,0.043,0.038,0,kalman_zupt
1785678958.4775393,16.786,0,728.57,592,319.84,519.88,415.05,,-0.0444,-0.3307,0.043,0.038,0,kalman_zupt
1785678958.4944973,16.803,0,730.89,592,319.84,519.88,417.33,,0.1336,-0.1585,0.046,0.035,0,kalman_zupt
1785678958.510176,16.8187,0,733.03,592,319.84,519.88,419.44,,0.1336,-0.1585,0.046,0.035,0,kalman_zupt
1785678958.526651,16.8351,0,735.34,592,319.84,519.88,421.72,,0.0807,-0.1545,0.047,0.032,0,kalman_zupt
1785678958.5442805,16.8528,0,737.82,592,319.84,519.88,424.16,,0.0807,-0.1545,0.047,0.032,0,kalman_zupt
1785678958.5606146,16.8691,0,740.12,592,319.84,519.88,426.42,,0.0807,-0.1545,0.047,0.032,0,kalman_zupt
1785678958.5776966,16.8862,0,742.74,592,319.84,519.88,429.01,,0.2533,-0.2855,0.051,0.028,0,kalman_zupt
1785678958.5951657,16.9037,0,745.42,592,319.84,519.88,431.65,,0.2533,-0.2855,0.051,0.028,0,kalman_zupt
1785678958.6110442,16.9195,0,748.06,592,319.84,519.88,434.25,,0.264,-0.3,0.055,0.023,0,kalman_zupt
1785678958.6277404,16.9362,0,750.83,592,319.84,519.88,436.99,,0.264,-0.3,0.055,0.023,0,kalman_zupt
1785678958.6445706,16.9531,0,753.69,592,319.84,519.88,439.81,,0.0773,-0.4544,0.057,0.015,0,kalman_zupt
1785678958.6614175,16.9699,0,756.56,592,319.84,519.88,442.64,,0.0773,-0.4544,0.057,0.015,0,kalman_zupt
1785678958.6776528,16.9861,0,759.26,592,319.84,519.88,445.3,,-0.0761,-0.7633,0.055,0.003,0,kalman_zupt
1785678958.6950743,17.0036,0,762.16,592,319.84,519.88,448.16,,-0.0761,-0.7633,0.055,0.003,0,kalman_zupt
1785678958.712272,17.0208,0,765.02,592,319.84,519.88,450.98,,-0.0761,-0.7633,0.055,0.003,0,kalman_zupt
1785678958.7280083,17.0365,0,767.72,591.67,319.84,519.88,453.6,,0.1212,-0.6232,0.057,-0.007,0,kalman_zupt
1785678958.7445805,17.0531,0,770.57,591.32,319.84,519.88,456.36,,0.1212,-0.6232,0.057,-0.007,0,kalman_zupt
1785678958.7615504,17.07,0,773.33,590.56,319.84,519.88,458.96,,-0.1947,-0.4712,0.054,-0.015,0,kalman_zupt
1785678958.7780235,17.0865,0,776.0,589.82,319.84,519.88,461.49,,-0.1947,-0.4712,0.054,-0.015,0,kalman_zupt
1785678958.795309,17.1038,0,778.8,589.04,319.84,519.88,464.14,,-0.1947,-0.4712,0.054,-0.015,0,kalman_zupt
1785678958.8116055,17.1201,0,781.37,588.11,319.84,519.88,466.55,,-0.092,-0.2477,0.053,-0.019,0,kalman_zupt
1785678958.8282797,17.1368,0,784.0,587.16,319.84,519.88,469.01,,-0.092,-0.2477,0.053,-0.019,0,kalman_zupt
1785678958.8440075,17.1525,0,786.48,586.26,319.84,519.88,471.33,,-0.092,-0.2477,0.053,-0.019,0,kalman_zupt
1785678958.8606021,17.1691,0,789.09,585.31,319.84,519.88,473.79,,-0.092,-0.2477,0.053,-0.019,0,kalman_zupt
1785678958.87773,17.1862,0,791.71,584.19,319.84,519.88,476.24,,-0.088,-0.1637,0.051,-0.022,0,kalman_zupt
1785678958.8946185,17.2031,0,792,583.08,319.84,519.88,476.37,,-0.088,-0.1637,0.051,-0.022,0,kalman_zupt
1785678958.9121656,17.2207,0,792,581.93,319.84,519.88,476.22,,-0.088,-0.1637,0.051,-0.022,0,kalman_zupt
1785678958.9279969,17.2365,0,792,580.9,319.84,519.88,476.09,,-0.088,-0.1637,0.051,-0.022,0,kalman_zupt
1785678958.9444904,17.253,0,792,579.82,319.84,519.88,475.95,,-0.088,-0.1637,0.051,-0.022,0,kalman_zupt
1785678958.9605572,17.269,0,792,578.63,319.84,519.88,475.8,,0.1424,-0.1698,0.053,-0.025,0,kalman_zupt
1785678958.9781642,17.2867,0,792,577.33,319.84,519.88,475.64,,0.1424,-0.1698,0.053,-0.025,0,kalman_zupt
1785678958.9942596,17.3028,0,792,576.15,319.84,519.88,475.5,,0.1424,-0.1698,0.053,-0.025,0,kalman_zupt
1785678959.0102808,17.3188,0,792,574.92,319.84,519.88,475.36,,0.1644,-0.0611,0.056,-0.026,0,kalman_zupt
1785678959.0261467,17.3346,0,792,573.7,319.84,519.88,475.22,,0.1644,-0.0611,0.056,-0.026,0,kalman_zupt
1785678959.0416534,17.3501,0,792,572.52,319.84,519.88,475.09,,0.1644,-0.0611,0.056,-0.026,0,kalman_zupt
1785678959.0592346,17.3677,0,792,571.17,319.84,519.88,474.94,,0.1644,-0.0611,0.056,-0.026,0,kalman_zupt
1785678959.0757277,17.3842,0,792,569.9,319.84,519.88,474.8,,0.1644,-0.0611,0.056,-0.026,0,kalman_zupt
1785678959.0923843,17.4009,0,792,568.63,319.84,519.88,474.67,,0.1644,-0.0611,0.056,-0.026,0,kalman_zupt
1785678959.1096313,17.4181,0,792,567.31,319.84,519.88,474.54,,0.1644,-0.0611,0.056,-0.026,0,kalman_zupt
1785678959.1269636,17.4355,0,792,565.98,319.84,519.88,474.41,,0.1644,-0.0611,0.056,-0.026,0,kalman_zupt
1785678959.1427522,17.4512,0,792,564.77,319.84,519.88,474.29,,0.1644,-0.0611,0.056,-0.026,0,kalman_zupt
1785678959.159578,17.4681,0,792,563.48,319.84,519.88,474.17,,0.1644,-0.0611,0.056,-0.026,0,kalman_zupt
1785678959.1762462,17.4847,0,792,562.2,319.84,519.88,474.05,,0.1644,-0.0611,0.056,-0.026,0,kalman_zupt
1785678959.1926801,17.5012,0,792,560.94,319.84,519.88,473.94,,0.1644,-0.0611,0.056,-0.026,0,kalman_zupt
1785678959.2093608,17.5179,0,792,559.66,319.84,519.88,473.83,,0.1644,-0.0611,0.056,-0.026,0,kalman_zupt
1785678959.2255855,17.5341,0,792,558.42,319.84,519.88,473.73,,0.1644,-0.0611,0.056,-0.026,0,kalman_zupt
1785678959.242538,17.551,0,792,557.12,319.84,519.88,473.63,,0.1644,-0.0611,0.056,-0.026,0,kalman_zupt
1785678959.2597277,17.5682,0,792,555.8,319.84,519.88,473.53,,0.1644,-0.0611,0.056,-0.026,0,kalman_zupt
1785678959.276504,17.585,0,792,554.52,319.84,519.88,473.43,,0.1644,-0.0611,0.056,-0.026,0,kalman_zupt
1785678959.2925818,17.6011,0,792,553.29,319.84,519.88,473.34,,0.1644,-0.0611,0.056,-0.026,0,kalman_zupt
1785678959.3102713,17.6188,0,792,551.93,319.84,519.88,473.25,,0.1644,-0.0611,0.056,-0.026,0,kalman_zupt
1785678959.3266776,17.6352,0,792,550.67,319.84,519.88,473.16,,0.1644,-0.0611,0.056,-0.026,0,kalman_zupt
1785678959.3434455,17.6519,0,792,549.39,319.84,519.88,473.08,,0.1644,-0.0611,0.056,-0.026,0,kalman_zupt
1785678959.359409,17.6679,0,792,548.17,319.84,519.88,473.01,,0.1644,-0.0611,0.056,-0.026,0,kalman_zupt
1785678959.3755689,17.6841,0,792,546.93,319.84,519.88,472.94,,0.1644,-0.0611,0.056,-0.026,0,kalman_zupt
1785678959.3923316,17.7008,0,792,545.64,319.84,519.88,472.86,,0.1644,-0.0611,0.056,-0.026,0,kalman_zupt
1785678959.4081204,17.7166,0,792,544.43,319.84,519.88,472.8,,0.1644,-0.0611,0.056,-0.026,0,kalman_zupt
1785678959.425069,17.7336,0,792,543.13,319.84,519.88,472.73,,0.1644,-0.0611,0.056,-0.026,0,kalman_zupt
1785678959.442533,17.751,0,792,541.8,319.84,519.88,472.67,,0.1644,-0.0611,0.056,-0.026,0,kalman_zupt
1785678959.4594722,17.768,0,792,540.5,319.84,519.88,472.61,,0.1644,-0.0611,0.056,-0.026,0,kalman_zupt
1785678959.475911,17.7844,0,792,539.24,319.84,519.88,472.56,,0.1644,-0.0611,0.056,-0.026,0,kalman_zupt
1785678959.492928,17.8014,0,792,537.93,319.84,519.88,472.51,,0.1644,-0.0611,0.056,-0.026,0,kalman_zupt
1785678959.5099435,17.8184,0,792,536.63,319.84,519.88,472.46,,0.1644,-0.0611,0.056,-0.026,0,kalman_zupt
1785678959.5270467,17.8355,0,792,535.32,319.84,519.88,472.41,,0.1644,-0.0611,0.056,-0.026,0,kalman_zupt
1785678959.542902,17.8514,0,792,534.1,319.84,519.88,472.38,,0.1644,-0.0611,0.056,-0.026,0,kalman_zupt
1785678959.55962,17.8681,0,792,532.82,319.84,519.88,472.34,,0.1644,-0.0611,0.056,-0.026,0,kalman_zupt
1785678959.5766761,17.8852,0,792,531.52,319.84,519.88,472.31,,0.1644,-0.0611,0.056,-0.026,0,kalman_zupt
1785678959.5942004,17.9027,0,792,530.17,319.84,519.88,472.27,,0.1644,-0.0611,0.056,-0.026,0,kalman_zupt
1785678959.610765,17.9193,0,792,528.9,319.84,519.88,472.25,,0.1644,-0.0611,0.056,-0.026,0,kalman_zupt
1785678959.627514,17.936,0,792,527.62,319.84,519.88,472.23,,0.1644,-0.0611,0.056,-0.026,0,kalman_zupt
1785678959.643473,17.952,0,792,526.4,319.84,519.88,472.21,,0.1644,-0.0611,0.056,-0.026,0,kalman_zupt
1785678959.6593704,17.9679,0,792,525.18,319.84,519.88,472.19,,0.1644,-0.0611,0.056,-0.026,0,kalman_zupt
1785678959.6751235,17.9836,0,792,523.97,319.84,519.88,472.18,,0.1644,-0.0611,0.056,-0.026,0,kalman_zupt
1785678959.6908038,17.9993,0,792,522.77,319.84,519.88,472.17,,0.1644,-0.0611,0.056,-0.026,0,kalman_zupt
1785678959.7075126,18.016,0,792,521.49,319.84,519.88,472.16,,0.1644,-0.0611,0.056,-0.026,0,kalman_zupt
1785678959.7248309,18.0333,0,792,520.16,319.84,519.88,472.16,,0.1644,-0.0611,0.056,-0.026,0,kalman_zupt
1785678959.7415257,18.05,0,792,518.88,319.84,519.88,472.16,,0.1644,-0.0611,0.056,-0.026,0,kalman_zupt
1785678959.7575629,18.0661,0,792,517.65,319.84,519.88,472.17,,0.1644,-0.0611,0.056,-0.026,0,kalman_zupt
1785678959.7747898,18.0833,0,792,516.33,319.84,519.88,472.18,,0.1644,-0.0611,0.056,-0.026,0,kalman_zupt
1785678959.791879,18.1004,0,792,515.02,319.84,519.88,472.19,,0.1644,-0.0611,0.056,-0.026,0,kalman_zupt
1785678959.80937,18.1179,0,792,513.68,319.84,519.88,472.2,,0.1644,-0.0611,0.056,-0.026,0,kalman_zupt
1785678959.8252563,18.1337,0,792,512.47,319.84,519.88,472.22,,0.1644,-0.0611,0.056,-0.026,0,kalman_zupt
1785678959.8412077,18.1497,0,792,511.24,319.84,519.88,472.24,,0.1644,-0.0611,0.056,-0.026,0,kalman_zupt
1785678959.8578532,18.1663,0,792,509.97,319.84,519.88,472.27,,0.1644,-0.0611,0.056,-0.026,0,kalman_zupt
1785678959.8746762,18.1832,0,792,508.68,319.84,519.88,472.29,,0.1644,-0.0611,0.056,-0.026,0,kalman_zupt
1785678959.891776,18.2003,0,792,507.37,319.84,519.88,472.33,,0.1644,-0.0611,0.056,-0.026,0,kalman_zupt
1785678959.9096375,18.2181,0,792,506.0,319.84,519.88,472.37,,0.1644,-0.0611,0.056,-0.026,0,kalman_zupt
1785678959.9263947,18.2349,0,792,504.72,319.84,519.88,472.41,,0.1644,-0.0611,0.056,-0.026,0,kalman_zupt
1785678959.9425082,18.251,0,792,503.48,319.84,519.88,472.45,,0.1644,-0.0611,0.056,-0.026,0,kalman_zupt
1785678959.9593933,18.2679,0,792,502.19,319.84,519.88,472.49,,0.1644,-0.0611,0.056,-0.026,0,kalman_zupt
1785678959.9752064,18.2837,0,792,500.98,319.84,519.88,472.54,,0.1644,-0.0611,0.056,-0.026,0,kalman_zupt
1785678959.9915075,18.3,0,792,499.73,319.84,519.88,472.59,,0.1644,-0.0611,0.056,-0.026,0,kalman_zupt
1785678960.007327,18.3158,0,792,498.51,319.84,519.88,472.64,,0.1644,-0.0611,0.056,-0.026,0,kalman_zupt
1785678960.02289,18.3314,0,792,497.32,319.84,519.88,472.7,,0.1644,-0.0611,0.056,-0.026,0,kalman_zupt
1785678960.0396256,18.3481,0,792,496.04,319.84,519.88,472.76,,0.1644,-0.0611,0.056,-0.026,0,kalman_zupt
1785678960.0572207,18.3657,0,792,494.69,319.84,519.88,472.83,,0.1644,-0.0611,0.056,-0.026,0,kalman_zupt
1785678960.0728657,18.3814,0,792,493.41,319.84,519.88,472.9,,-0.649,-0.1159,0.046,-0.027,0,kalman_zupt
1785678960.090544,18.399,0,792,491.96,319.84,519.88,472.99,,-0.649,-0.1159,0.046,-0.027,0,kalman_zupt
1785678960.1078167,18.4163,0,792,490.34,319.84,519.88,473.08,,-0.7748,-0.2175,0.032,-0.031,0,kalman_zupt
1785678960.1254802,18.434,0,792,488.7,319.84,519.88,473.19,,-0.7748,-0.2175,0.032,-0.031,0,kalman_zupt
1785678960.1416352,18.4501,0,792,487.19,319.84,519.88,473.29,,-0.7748,-0.2175,0.032,-0.031,0,kalman_zupt
1785678960.1583579,18.4668,0,792,485.65,319.84,519.88,473.4,,-0.8545,0.0317,0.018,-0.031,0,kalman_zupt
1785678960.1748562,18.4833,0,792,484.14,319.84,519.88,473.51,,-0.8545,0.0317,0.018,-0.031,0,kalman_zupt
1785678960.1920989,18.5006,0,792,482.63,319.84,519.88,473.63,,-0.5834,0.0805,0.008,-0.029,0,kalman_zupt
1785678960.2088106,18.5173,0,792,481.16,319.84,519.88,473.75,,-0.5834,0.0805,0.008,-0.029,0,kalman_zupt
1785678960.2256343,18.5341,0,792,479.69,319.84,519.88,473.87,,-0.5834,0.0805,0.008,-0.029,0,kalman_zupt
1785678960.242759,18.5513,0,792,478.21,319.84,519.88,474.0,,-0.4052,0.0246,0.001,-0.029,0,kalman_zupt
1785678960.260324,18.5688,0,792,476.7,319.84,519.88,474.13,,-0.4052,0.0246,0.001,-0.029,0,kalman_zupt
1785678960.2760332,18.5845,0,791.86,475.34,319.84,519.88,474.11,,-0.2677,-0.0039,-0.003,-0.029,0,kalman_zupt
1785678960.2924402,18.6009,0,791.7,473.92,319.84,519.88,474.1,,-0.2677,-0.0039,-0.003,-0.029,0,kalman_zupt
1785678960.3081124,18.6166,0,791.56,472.56,319.84,519.88,474.09,,-0.2677,-0.0039,-0.003,-0.029,0,kalman_zupt
1785678960.3253696,18.6339,0,791.4,471.07,319.84,519.88,474.08,,-0.2677,-0.0039,-0.003,-0.029,0,kalman_zupt
1785678960.341669,18.6502,0,791.45,469.72,319.84,519.88,474.27,,0.2524,0.0734,0.001,-0.028,0,kalman_zupt
1785678960.3586936,18.6672,0,791.5,468.31,319.84,519.88,474.48,,0.2524,0.0734,0.001,-0.028,0,kalman_zupt
1785678960.3753572,18.6838,0,791.56,466.92,319.84,519.88,474.68,,0.2524,0.0734,0.001,-0.028,0,kalman_zupt
1785678960.3913743,18.6999,0,791.61,465.6,319.84,519.88,474.88,,0.2524,0.0734,0.001,-0.028,0,kalman_zupt
1785678960.4072018,18.7157,0,791.85,464.19,319.84,519.88,475.29,,0.263,-0.1286,0.005,-0.03,0,kalman_zupt
1785678960.4230525,18.7315,0,792,462.78,319.84,519.88,475.6,,0.263,-0.1286,0.005,-0.03,0,kalman_zupt
1785678960.4403386,18.7488,0,792,461.24,319.84,519.88,475.79,,0.263,-0.1286,0.005,-0.03,0,kalman_zupt
1785678960.4563327,18.7648,0,792,459.81,319.84,519.88,475.97,,0.263,-0.1286,0.005,-0.03,0,kalman_zupt
1785678960.4726431,18.7811,0,792,458.3,319.84,519.88,476.16,,0.5762,-0.0815,0.015,-0.031,0,kalman_zupt
1785678960.4893749,18.7979,0,792,456.74,319.84,519.88,476.36,,0.5762,-0.0815,0.015,-0.031,0,kalman_zupt
1785678960.5053387,18.8138,0,792,455.26,319.84,519.88,476.56,,0.5762,-0.0815,0.015,-0.031,0,kalman_zupt
1785678960.521635,18.8301,0,792,453.65,319.84,519.88,476.78,,0.5261,-0.1143,0.023,-0.033,0,kalman_zupt
1785678960.5382922,18.8468,0,792,452.01,319.84,519.88,477.02,,0.5261,-0.1143,0.023,-0.033,0,kalman_zupt
1785678960.5542376,18.8627,0,792,450.32,319.84,519.88,477.26,,0.7358,-0.1459,0.035,-0.035,0,kalman_zupt
1785678960.5706878,18.8792,0,792,448.59,319.84,519.88,477.51,,0.7358,-0.1459,0.035,-0.035,0,kalman_zupt
1785678960.5873559,18.8958,0,792,446.83,319.84,519.88,477.78,,0.7358,-0.1459,0.035,-0.035,0,kalman_zupt
1785678960.6037145,18.9122,0,792,444.87,319.84,519.88,478.08,,0.8135,-0.281,0.048,-0.04,0,kalman_zupt
1785678960.6213067,18.9298,0,792,442.77,319.84,519.88,478.42,,0.8135,-0.281,0.048,-0.04,0,kalman_zupt
1785678960.6372602,18.9458,0,792,440.63,319.84,519.88,478.77,,1.0167,-0.3102,0.064,-0.045,0,kalman_zupt
1785678960.6531985,18.9617,0,792,438.49,319.84,519.88,479.12,,1.0167,-0.3102,0.064,-0.045,0,kalman_zupt
1785678960.668867,18.9774,0,792,436.39,319.84,519.88,479.49,,1.0167,-0.3102,0.064,-0.045,0,kalman_zupt
1785678960.6855512,18.994,0,792,433.87,319.84,519.88,479.93,,0.7739,-0.3371,0.077,-0.05,0,kalman_zupt
1785678960.7022588,19.0108,0,792,431.34,319.84,519.88,480.39,,0.7739,-0.3371,0.077,-0.05,0,kalman_zupt
1785678960.718571,19.0271,0,792,428.65,319.84,519.88,480.89,,0.6812,-0.2844,0.088,-0.055,0,kalman_zupt
1785678960.7352061,19.0437,0,792,425.91,319.84,519.88,481.42,,0.6812,-0.2844,0.088,-0.055,0,kalman_zupt
1785678960.7513645,19.0599,0,792,423.08,319.84,519.88,481.98,,0.6477,-0.2082,0.099,-0.058,0,kalman_zupt
1785678960.767553,19.076,0,792,420.24,319.84,519.88,482.56,,0.6477,-0.2082,0.099,-0.058,0,kalman_zupt
1785678960.7845435,19.093,0,792,417.27,319.84,519.88,483.18,,0.6477,-0.2082,0.099,-0.058,0,kalman_zupt
1785678960.801982,19.1105,0,792,414.12,319.84,519.88,483.86,,0.4413,-0.1056,0.107,-0.06,0,kalman_zupt
1785678960.8193455,19.1278,0,792,410.98,319.84,519.88,484.56,,0.4413,-0.1056,0.107,-0.06,0,kalman_zupt
1785678960.8354826,19.144,0,792,408.03,319.84,519.88,485.23,,0.1559,-0.0438,0.109,-0.061,0,kalman_zupt
1785678960.851133,19.1596,0,792,405.17,319.84,519.88,485.9,,0.1559,-0.0438,0.109,-0.061,0,kalman_zupt
1785678960.8673606,19.1759,0,792,402.21,319.84,519.88,486.6,,0.1559,-0.0438,0.109,-0.061,0,kalman_zupt
1785678960.8837533,19.1922,0,792,399.26,319.84,519.88,487.33,,0.2914,0.0549,0.114,-0.06,0,kalman_zupt
1785678960.9004538,19.2089,0,792,396.25,319.84,519.88,488.08,,0.2914,0.0549,0.114,-0.06,0,kalman_zupt
1785678960.9169662,19.2255,0,792,393.33,319.84,519.88,488.83,,0.2229,0.0591,0.118,-0.059,0,kalman_zupt
1785678960.9336107,19.2421,0,792,390.38,319.84,519.88,489.6,,0.2229,0.0591,0.118,-0.059,0,kalman_zupt
1785678960.9505844,19.2591,0,792,387.37,319.84,519.88,490.4,,0.2229,0.0591,0.118,-0.059,0,kalman_zupt
1785678960.967316,19.2758,0,792,384.46,319.84,519.88,491.2,,0.4216,0.0561,0.125,-0.058,0,kalman_zupt
1785678960.9832609,19.2918,0,792,381.68,319.84,519.88,491.97,,0.4216,0.0561,0.125,-0.058,0,kalman_zupt
1785678960.9991593,19.3077,0,792,378.94,319.84,519.88,492.75,,0.2361,0.0463,0.128,-0.057,0,kalman_zupt
1785678961.014817,19.3233,0,792,376.25,319.84,519.88,493.53,,0.2361,0.0463,0.128,-0.057,0,kalman_zupt
1785678961.0318782,19.3404,0,792,373.31,319.84,519.88,494.39,,0.2361,0.0463,0.128,-0.057,0,kalman_zupt
1785678961.0494363,19.3579,0,792,370.29,319.84,519.88,495.29,,0.2361,0.0463,0.128,-0.057,0,kalman_zupt
1785678961.0657072,19.3742,0,792,367.49,319.84,519.88,496.15,,0.2361,0.0463,0.128,-0.057,0,kalman_zupt
1785678961.0831995,19.3917,0,792,364.49,319.84,519.88,497.08,,0.2781,0.0096,0.133,-0.057,0,kalman_zupt
1785678961.0992455,19.4077,0,792,361.73,319.84,519.88,497.94,,0.2781,0.0096,0.133,-0.057,0,kalman_zupt
1785678961.1156275,19.4241,0,792,358.92,319.84,519.88,498.84,,0.2781,0.0096,0.133,-0.057,0,kalman_zupt
1785678961.1330178,19.4415,0,792,355.94,319.84,519.88,499.81,,0.2781,0.0096,0.133,-0.057,0,kalman_zupt
1785678961.1496863,19.4582,0,792,353.08,319.84,519.88,500.76,,0.0434,0.0026,0.134,-0.057,0,kalman_zupt
1785678961.1664798,19.475,0,792,350.2,319.84,519.88,501.73,,0.0434,0.0026,0.134,-0.057,0,kalman_zupt
1785678961.1823568,19.4908,0,792,347.48,319.84,519.88,502.65,,0.0434,0.0026,0.134,-0.057,0,kalman_zupt
1785678961.1980283,19.5065,0,792,344.79,319.84,519.88,503.58,,0.0434,0.0026,0.134,-0.057,0,kalman_zupt
1785678961.2151506,19.5236,0,792,341.85,319.84,519.88,504.61,,0.1895,-0.0057,0.137,-0.057,0,kalman_zupt
1785678961.230777,19.5393,0,792,339.17,319.84,519.88,505.56,,0.1895,-0.0057,0.137,-0.057,0,kalman_zupt
1785678961.2473898,19.5559,0,792,336.26,319.84,519.88,506.61,,0.0636,-0.0583,0.138,-0.058,0,kalman_zupt
1785678961.2633839,19.5719,0,792,333.47,319.84,519.88,507.63,,0.0636,-0.0583,0.138,-0.058,0,kalman_zupt
1785678961.2792027,19.5877,0,792,330.71,319.84,519.88,508.65,,0.0636,-0.0583,0.138,-0.058,0,kalman_zupt
1785678961.2955923,19.6041,0,792,327.89,319.84,519.88,509.7,,0.1743,0.0575,0.141,-0.057,0,kalman_zupt
1785678961.312304,19.6208,0,792,325.02,319.84,519.88,510.79,,0.1743,0.0575,0.141,-0.057,0,kalman_zupt
1785678961.3283331,19.6368,0,792,322.21,319.84,519.88,511.87,,0.631,-0.069,0.151,-0.058,0,kalman_zupt
1785678961.3447106,19.6532,0,792,319.34,319.84,519.88,512.98,,0.631,-0.069,0.151,-0.058,0,kalman_zupt
1785678961.3613977,19.6699,0,792,316.31,319.84,519.88,514.18,,0.7939,-0.1322,0.165,-0.061,0,kalman_zupt
1785678961.3771365,19.6856,0,792,313.45,319.84,519.88,515.32,,0.7939,-0.1322,0.165,-0.061,0,kalman_zupt
1785678961.3932397,19.7017,0,792,310.52,319.84,519.88,516.5,,0.7939,-0.1322,0.165,-0.061,0,kalman_zupt
1785678961.409548,19.718,0,792,307.53,319.84,519.88,517.72,,0.7289,-0.0391,0.176,-0.061,0,kalman_zupt
1785678961.4262562,19.7347,0,792,304.46,319.84,519.88,518.98,,0.7289,-0.0391,0.176,-0.061,0,kalman_zupt
1785678961.441735,19.7502,0,792,301.74,319.84,519.88,520.12,,0.6511,0.1701,0.186,-0.059,0,kalman_zupt
1785678961.459188,19.7677,0,792,298.67,319.84,519.88,521.41,,0.6511,0.1701,0.186,-0.059,0,kalman_zupt
1785678961.4756083,19.7841,0,792,295.94,319.84,519.88,522.57,,0.186,0.2015,0.19,-0.055,0,kalman_zupt
1785678961.492242,19.8007,0,792,293.19,319.84,519.88,523.76,,0.186,0.2015,0.19,-0.055,0,kalman_zupt
1785678961.5092747,19.8178,0,792,290.36,319.84,519.88,524.99,,0.186,0.2015,0.19,-0.055,0,kalman_zupt
1785678961.5258112,19.8343,0,792,287.74,319.84,519.88,526.14,,-0.0782,0.1466,0.188,-0.053,0,kalman_zupt
1785678961.542402,19.8509,0,792,285.11,319.84,519.88,527.31,,-0.0782,0.1466,0.188,-0.053,0,kalman_zupt
1785678961.5579045,19.8664,0,792,282.78,319.84,519.88,528.35,,0.0486,0.1847,0.189,-0.05,0,kalman_zupt
1785678961.5746694,19.8832,0,792,280.27,319.84,519.88,529.48,,0.0486,0.1847,0.189,-0.05,0,kalman_zupt
1785678961.5916426,19.9001,0,792,277.72,319.84,519.88,530.64,,0.0486,0.1847,0.189,-0.05,0,kalman_zupt
1785678961.6082842,19.9168,0,792,275.36,319.84,519.88,531.72,,0.4051,0.164,0.196,-0.047,0,kalman_zupt
1785678961.6245692,19.9331,0,792,273.05,319.84,519.88,532.79,,0.4051,0.164,0.196,-0.047,0,kalman_zupt
1785678961.6413279,19.9498,0,792,270.75,319.84,519.88,533.86,,0.2887,0.0921,0.201,-0.046,0,kalman_zupt
1785678961.6582477,19.9667,0,792,268.43,319.84,519.88,534.94,,0.2887,0.0921,0.201,-0.046,0,kalman_zupt
1785678961.6744158,19.9829,0,792,266.23,319.84,519.88,535.98,,0.3425,0.0185,0.206,-0.045,0,kalman_zupt
1785678961.6903422,19.9988,0,792,264.06,319.84,519.88,537.01,,0.3425,0.0185,0.206,-0.045,0,kalman_zupt
1785678961.7069468,20.0154,0,792,261.72,319.84,519.88,538.13,,0.0426,-0.0883,0.207,-0.047,0,kalman_zupt
1785678961.723649,20.0321,0,792,259.37,319.84,519.88,539.26,,0.0426,-0.0883,0.207,-0.047,0,kalman_zupt
1785678961.7407455,20.0492,0,792,256.97,319.84,519.88,540.43,,0.0426,-0.0883,0.207,-0.047,0,kalman_zupt
1785678961.758337,20.0668,0,792,254.4,319.84,519.88,541.68,,0.0013,-0.0982,0.207,-0.049,0,kalman_zupt
1785678961.7746253,20.0831,0,792,252.02,319.84,519.88,542.85,,0.0013,-0.0982,0.207,-0.049,0,kalman_zupt
1785678961.7915456,20.1,0,792,249.55,319.84,519.88,544.07,,0.0013,-0.0982,0.207,-0.049,0,kalman_zupt
1785678961.8085763,20.1171,0,792,247.15,319.84,519.88,545.27,,-0.07,0.09,0.206,-0.047,0,kalman_zupt
1785678961.8258054,20.1343,0,792,244.72,319.84,519.88,546.49,,-0.07,0.09,0.206,-0.047,0,kalman_zupt
1785678961.84349,20.152,0,792,242.22,319.84,519.88,547.75,,-0.07,0.09,0.206,-0.047,0,kalman_zupt
1785678961.8591528,20.1676,0,792,240.0,319.84,519.88,548.88,,-0.07,0.09,0.206,-0.047,0,kalman_zupt
1785678961.8753328,20.1838,0,792,237.89,319.84,519.88,549.96,,-0.3213,0.2175,0.2,-0.044,0,kalman_zupt
1785678961.8915029,20.2,0,792,235.78,319.84,519.88,551.05,,-0.3213,0.2175,0.2,-0.044,0,kalman_zupt
1785678961.9075825,20.2161,0,792,233.67,319.84,519.88,552.13,,-0.3213,0.2175,0.2,-0.044,0,kalman_zupt
1785678961.9247394,20.2332,0,792,231.43,319.84,519.88,553.3,,-0.3213,0.2175,0.2,-0.044,0,kalman_zupt
1785678961.9418037,20.2503,0,792,229.08,319.84,519.88,554.53,,-0.2243,-0.1345,0.197,-0.046,0,kalman_zupt
1785678961.9594574,20.2679,0,792,226.65,319.84,519.88,555.8,,-0.2243,-0.1345,0.197,-0.046,0,kalman_zupt
1785678961.9754696,20.284,0,792,224.23,319.84,519.88,557.09,,-0.1588,-0.2884,0.194,-0.05,0,kalman_zupt
1785678961.9920752,20.3006,0,792,221.71,319.84,519.88,558.43,,-0.1588,-0.2884,0.194,-0.05,0,kalman_zupt
1785678962.0092452,20.3177,0,792,219.11,319.84,519.88,559.82,,-0.1588,-0.2884,0.194,-0.05,0,kalman_zupt
1785678962.0253947,20.3339,0,792,216.72,319.84,519.88,561.11,,0.2488,0.0656,0.198,-0.049,0,kalman_zupt
1785678962.041465,20.35,0,792,214.34,319.84,519.88,562.4,,0.2488,0.0656,0.198,-0.049,0,kalman_zupt
1785678962.058481,20.367,0,792,211.84,319.84,519.88,563.76,,0.2907,0.0249,0.203,-0.049,0,kalman_zupt
1785678962.074247,20.3827,0,792,209.52,319.84,519.88,565.03,,0.2907,0.0249,0.203,-0.049,0,kalman_zupt
1785678962.090401,20.3989,0,792,207.14,319.84,519.88,566.34,,0.2907,0.0249,0.203,-0.049,0,kalman_zupt
1785678962.1061952,20.4147,0,792,204.74,319.84,519.88,567.67,,0.2867,-0.1125,0.208,-0.051,0,kalman_zupt
1785678962.1218936,20.4304,0,792,202.35,319.84,519.88,569.0,,0.2867,-0.1125,0.208,-0.051,0,kalman_zupt
1785678962.1394246,20.4479,0,792,199.54,319.84,519.88,570.57,,0.1051,-0.1475,0.209,-0.053,0,kalman_zupt
1785678962.15543,20.4639,0,792,196.98,319.84,519.88,572.02,,0.1051,-0.1475,0.209,-0.053,0,kalman_zupt
1785678962.1710956,20.4796,0,792,194.47,319.84,519.88,573.44,,0.1051,-0.1475,0.209,-0.053,0,kalman_zupt
1785678962.1876686,20.4962,0,792,191.74,319.84,519.88,574.99,,0.1319,-0.0863,0.212,-0.055,0,kalman_zupt
1785678962.204754,20.5132,0,792,188.94,319.84,519.88,576.59,,0.1319,-0.0863,0.212,-0.055,0,kalman_zupt
1785678962.2215972,20.5301,0,792,186.08,319.84,519.88,578.24,,0.0931,-0.103,0.213,-0.057,0,kalman_zupt
1785678962.2384171,20.5469,0,792,183.23,319.84,519.88,579.89,,0.0931,-0.103,0.213,-0.057,0,kalman_zupt
1785678962.254504,20.563,0,792,180.5,319.84,519.88,581.48,,0.0931,-0.103,0.213,-0.057,0,kalman_zupt
1785678962.2703948,20.5789,0,792,177.74,319.84,519.88,583.09,,0.1124,-0.0782,0.215,-0.058,0,kalman_zupt
1785678962.2865167,20.595,0,792,174.95,319.84,519.88,584.73,,0.1124,-0.0782,0.215,-0.058,0,kalman_zupt
1785678962.3027494,20.6112,0,792,172.12,319.84,519.88,586.41,,0.2228,-0.0242,0.219,-0.058,0,kalman_zupt
1785678962.319582,20.6281,0,792,169.18,319.84,519.88,588.16,,0.2228,-0.0242,0.219,-0.058,0,kalman_zupt
1785678962.3364334,20.6449,0,792,166.24,319.84,519.88,589.92,,0.4833,-0.0053,0.227,-0.058,0,kalman_zupt
1785678962.3521717,20.6607,0,792,163.49,319.84,519.88,591.57,,0.4833,-0.0053,0.227,-0.058,0,kalman_zupt
1785678962.3677287,20.6762,0,792,160.77,319.84,519.88,593.21,,0.4833,-0.0053,0.227,-0.058,0,kalman_zupt
1785678962.3843892,20.6929,0,792,157.82,319.84,519.88,595.0,,0.4269,-0.0454,0.234,-0.059,0,kalman_zupt
1785678962.4004707,20.709,0,792,154.97,319.84,519.88,596.74,,0.4269,-0.0454,0.234,-0.059,0,kalman_zupt
1785678962.4164171,20.7249,0,792,152.15,319.84,519.88,598.47,,0.4269,-0.0454,0.234,-0.059,0,kalman_zupt
1785678962.4320219,20.7405,0,792,149.37,319.84,519.88,600.18,,0.4763,-0.0276,0.241,-0.059,0,kalman_zupt
1785678962.4486232,20.7571,0,792,146.41,319.84,519.88,602.01,,0.4763,-0.0276,0.241,-0.059,0,kalman_zupt
1785678962.465536,20.774,0,792,143.29,319.84,519.88,603.95,,0.1093,-0.1213,0.243,-0.061,0,kalman_zupt
1785678962.4820182,20.7905,0,792,140.24,319.84,519.88,605.85,,0.1093,-0.1213,0.243,-0.061,0,kalman_zupt
1785678962.4985757,20.8071,0,792,137.19,319.84,519.88,607.77,,0.1093,-0.1213,0.243,-0.061,0,kalman_zupt
1785678962.515679,20.8242,0,792,134.04,319.84,519.88,609.76,,0.1093,-0.1213,0.243,-0.061,0,kalman_zupt
1785678962.5326598,20.8412,0,792,130.81,319.84,519.88,611.81,,0.0059,-0.1102,0.243,-0.063,0,kalman_zupt
1785678962.5494223,20.8579,0,792,127.62,319.84,519.88,613.84,,0.0059,-0.1102,0.243,-0.063,0,kalman_zupt
1785678962.5654032,20.8739,0,792,124.58,319.84,519.88,615.79,,0.0059,-0.1102,0.243,-0.063,0,kalman_zupt
1785678962.581714,20.8902,0,792,121.48,319.84,519.88,617.78,,0.0059,-0.1102,0.243,-0.063,0,kalman_zupt
1785678962.598673,20.9072,0,792,118.22,319.84,519.88,619.89,,-0.4151,-0.041,0.236,-0.064,0,kalman_zupt
1785678962.6156824,20.9242,0,792,114.96,319.84,519.88,622.01,,-0.4151,-0.041,0.236,-0.064,0,kalman_zupt
1785678962.6324189,20.9409,0,792,111.74,319.84,519.88,624.11,,-0.4151,-0.041,0.236,-0.064,0,kalman_zupt
1785678962.648597,20.9571,0,792,108.63,319.84,519.88,626.15,,-0.4151,-0.041,0.236,-0.064,0,kalman_zupt
1785678962.6654167,20.9739,0,792,105.4,319.84,519.88,628.28,,-0.2204,-0.0022,0.232,-0.064,0,kalman_zupt
1785678962.6811204,20.9896,0,792,102.38,319.84,519.88,630.27,,-0.2204,-0.0022,0.232,-0.064,0,kalman_zupt
1785678962.6966417,21.0051,0,792,99.39,319.84,519.88,632.26,,-0.2204,-0.0022,0.232,-0.064,0,kalman_zupt
1785678962.7135665,21.0221,0,792,96.13,319.84,519.88,634.43,,-0.2787,-0.0068,0.228,-0.064,0,kalman_zupt
1785678962.7308252,21.0393,0,792,92.81,319.84,519.88,636.65,,-0.2787,-0.0068,0.228,-0.064,0,kalman_zupt
1785678962.7481313,21.0566,0,792,89.54,319.84,519.88,638.85,,-0.4417,0.0714,0.22,-0.063,0,kalman_zupt
1785678962.7643943,21.0729,0,792,86.46,319.84,519.88,640.93,,-0.4417,0.0714,0.22,-0.063,0,kalman_zupt
1785678962.7803748,21.0889,0,792,83.62,319.84,519.88,642.85,,-0.3631,0.2282,0.214,-0.059,0,kalman_zupt
1785678962.7962873,21.1048,0,792,80.79,319.84,519.88,644.78,,-0.3631,0.2282,0.214,-0.059,0,kalman_zupt
1785678962.8125458,21.121,0,792,77.89,319.84,519.88,646.75,,-0.3631,0.2282,0.214,-0.059,0,kalman_zupt
1785678962.8286996,21.1372,0,792,75.14,319.84,519.88,648.64,,-0.4773,0.1567,0.207,-0.057,0,kalman_zupt
1785678962.8454185,21.1539,0,792,72.29,319.84,519.88,650.59,,-0.4773,0.1567,0.207,-0.057,0,kalman_zupt
1785678962.86193,21.1704,0,792,69.54,319.84,519.88,652.49,,-0.6675,0.0677,0.196,-0.056,0,kalman_zupt
1785678962.879469,21.188,0,792,66.61,319.84,519.88,654.52,,-0.6675,0.0677,0.196,-0.056,0,kalman_zupt
1785678962.8953116,21.2038,0,792,63.96,319.84,519.88,656.35,,-0.6675,0.0677,0.196,-0.056,0,kalman_zupt
1785678962.9113464,21.2198,0,792,61.22,319.84,519.88,658.26,,-0.7012,-0.0791,0.184,-0.057,0,kalman_zupt
1785678962.9277058,21.2362,0,792,58.43,319.84,519.88,660.21,,-0.7012,-0.0791,0.184,-0.057,0,kalman_zupt
1785678962.9446478,21.2531,0,792,55.31,319.84,519.88,662.39,,-0.6965,-0.2519,0.173,-0.061,0,kalman_zupt
1785678962.961631,21.2701,0,792,52.2,319.84,519.88,664.58,,-0.6965,-0.2519,0.173,-0.061,0,kalman_zupt
1785678962.9785862,21.2871,0,792,48.75,319.84,519.88,667.01,,-0.7288,-0.3808,0.16,-0.068,0,kalman_zupt
1785678962.9952826,21.3038,0,792,45.36,319.84,519.88,669.4,,-0.7288,-0.3808,0.16,-0.068,0,kalman_zupt
1785678963.0117419,21.3202,0,792,42.02,319.84,519.88,671.78,,-0.7288,-0.3808,0.16,-0.068,0,kalman_zupt
1785678963.0284162,21.3369,0,792,38.24,319.84,519.88,674.47,,-0.623,-0.4701,0.15,-0.076,0,kalman_zupt
1785678963.0444777,21.353,0,792,34.61,319.84,519.88,677.07,,-0.623,-0.4701,0.15,-0.076,0,kalman_zupt
1785678963.0616305,21.3701,0,792,30.42,319.84,519.88,680.08,,-0.4341,-0.3427,0.142,-0.081,0,kalman_zupt
1785678963.0796351,21.3881,0,792,26.02,319.84,519.88,683.25,,-0.4341,-0.3427,0.142,-0.081,0,kalman_zupt
1785678963.0973294,21.4058,0,792,21.55,319.84,519.88,686.49,,-0.3306,-0.1571,0.136,-0.084,0,kalman_zupt
1785678963.1143503,21.4228,0,792,17.26,319.84,519.88,689.61,,-0.3306,-0.1571,0.136,-0.084,0,kalman_zupt
1785678963.1307645,21.4393,0,792,13.11,319.84,519.88,692.64,,-0.3306,-0.1571,0.136,-0.084,0,kalman_zupt
1785678963.1478162,21.4563,0,792,8.84,319.84,519.88,695.77,,-0.1831,0.0446,0.133,-0.083,0,kalman_zupt
1785678963.165286,21.4738,0,792,8,319.84,519.88,696.39,,-0.1831,0.0446,0.133,-0.083,0,kalman_zupt
1785678963.1814601,21.49,0,792,8,319.84,519.88,696.39,,-0.0716,0.0581,0.132,-0.082,0,kalman_zupt
1785678963.19824,21.5067,0,792,8,319.84,519.88,696.39,,-0.0716,0.0581,0.132,-0.082,0,kalman_zupt
1785678963.2144141,21.5229,0,792,8,319.84,519.88,696.39,,-0.0716,0.0581,0.132,-0.082,0,kalman_zupt
1785678963.230713,21.5392,0,792,8,319.84,519.88,696.39,,-0.0716,0.0581,0.132,-0.082,0,kalman_zupt
1785678963.2472699,21.5558,0,792,8,319.84,519.88,696.39,,-0.0716,0.0581,0.132,-0.082,0,kalman_zupt
1785678963.2635572,21.572,0,792,8,319.84,519.88,696.39,,0.0127,0.0424,0.132,-0.082,0,kalman_zupt
1785678963.2807863,21.5893,0,792,8,319.84,519.88,696.39,,0.0127,0.0424,0.132,-0.082,0,kalman_zupt
1785678963.2977564,21.6062,0,792,8,319.84,519.88,696.39,,0.0127,0.0424,0.132,-0.082,0,kalman_zupt
1785678963.314333,21.6228,0,792,8,319.84,519.88,696.39,,0.0127,0.0424,0.132,-0.082,0,kalman_zupt
1785678963.3304813,21.639,0,792,8,319.84,519.88,696.39,,0.1914,0.0559,0.135,-0.081,0,kalman_zupt
1785678963.3462982,21.6548,0,792,8,319.84,519.88,696.39,,0.1914,0.0559,0.135,-0.081,0,kalman_zupt
1785678963.3624825,21.671,0,792,8,319.84,519.88,696.39,,0.1914,0.0559,0.135,-0.081,0,kalman_zupt
1785678963.3786387,21.6871,0,792,8,319.84,519.88,696.39,,0.1914,0.0559,0.135,-0.081,0,kalman_zupt
1785678963.3953245,21.7038,0,792,8,319.84,519.88,696.39,,0.0667,-0.0228,0.137,-0.081,0,kalman_zupt
1785678963.4115205,21.72,0,792,8,319.84,519.88,696.39,,0.0667,-0.0228,0.137,-0.081,0,kalman_zupt
1785678963.4293323,21.7378,0,792,8,319.84,519.88,696.39,,0.0872,0.0332,0.138,-0.081,0,kalman_zupt
1785678963.446029,21.7545,0,792,8,319.84,519.88,696.39,,0.0872,0.0332,0.138,-0.081,0,kalman_zupt
1785678963.462695,21.7712,0,792,8,319.84,519.88,696.39,,0.0872,0.0332,0.138,-0.081,0,kalman_zupt
1785678963.4792361,21.7877,0,792,8,319.84,519.88,696.39,,-0.0474,-0.0835,0.137,-0.082,0,kalman_zupt
1785678963.4956858,21.8042,0,792,8,319.84,519.88,696.39,,-0.0474,-0.0835,0.137,-0.082,0,kalman_zupt
1785678963.5127082,21.8212,0,792,8,319.84,519.88,696.39,,-0.2438,-0.0698,0.133,-0.083,0,kalman_zupt
1785678963.5302222,21.8387,0,792,8,319.84,519.88,696.39,,-0.2438,-0.0698,0.133,-0.083,0,kalman_zupt
1785678963.5465631,21.8551,0,792,8,319.84,519.88,696.39,,-0.2438,-0.0698,0.133,-0.083,0,kalman_zupt
1785678963.5638306,21.8723,0,792,8,319.84,519.88,696.39,,-0.3021,-0.1038,0.128,-0.085,0,kalman_zupt
1785678963.5806856,21.8892,0,792,8,319.84,519.88,696.39,,-0.3021,-0.1038,0.128,-0.085,0,kalman_zupt
1785678963.5976715,21.9062,0,792,8,319.84,519.88,696.39,,-0.502,-0.0997,0.119,-0.087,0,kalman_zupt
1785678963.6147523,21.9232,0,792,8,319.84,519.88,696.39,,-0.502,-0.0997,0.119,-0.087,0,kalman_zupt
1785678963.6321557,21.9406,0,792,8,319.84,519.88,696.39,,-0.667,-0.2405,0.108,-0.091,0,kalman_zupt
1785678963.6484678,21.957,0,792,8,319.84,519.88,696.39,,-0.667,-0.2405,0.108,-0.091,0,kalman_zupt
1785678963.664616,21.9731,0,792,8,319.84,519.88,696.39,,-0.667,-0.2405,0.108,-0.091,0,kalman_zupt
1785678963.681384,21.9899,0,792,8,319.84,519.88,696.39,,-0.4835,-0.126,0.1,-0.093,0,kalman_zupt
1785678963.697559,22.0061,0,792,8,319.84,519.88,696.39,,-0.4835,-0.126,0.1,-0.093,0,kalman_zupt
1785678963.713452,22.0219,0,792,8,319.84,519.88,696.39,,-0.4835,-0.126,0.1,-0.093,0,kalman_zupt
1785678963.72918,22.0377,0,792,8,319.84,519.88,696.39,,-0.3231,-0.3911,0.095,-0.099,0,kalman_zupt
1785678963.745392,22.0539,0,792,8,319.84,519.88,696.39,,-0.3231,-0.3911,0.095,-0.099,0,kalman_zupt
1785678963.7616663,22.0702,0,792,8,319.84,519.88,696.39,,0.0653,-0.2077,0.096,-0.103,0,kalman_zupt
1785678963.7794802,22.088,0,792,8,319.84,519.88,696.39,,0.0653,-0.2077,0.096,-0.103,0,kalman_zupt
1785678963.79584,22.1043,0,792,8,319.84,519.88,696.39,,0.0653,-0.2077,0.096,-0.103,0,kalman_zupt
1785678963.8129582,22.1214,0,792,8,319.84,519.88,696.39,,0.0653,-0.2077,0.096,-0.103,0,kalman_zupt
1785678963.8297076,22.1382,0,792,8,319.84,519.88,696.39,,0.0653,-0.2077,0.096,-0.103,0,kalman_zupt
1785678963.846543,22.155,0,792,8,319.84,519.88,696.39,,0.0653,-0.2077,0.096,-0.103,0,kalman_zupt
1785678963.8634531,22.1719,0,792,8,319.84,519.88,696.39,,0.0653,-0.2077,0.096,-0.103,0,kalman_zupt
1785678963.8794296,22.1879,0,792,8,319.84,519.88,696.39,,0.0653,-0.2077,0.096,-0.103,0,kalman_zupt
1785678963.8950818,22.2036,0,792,8,319.84,519.88,696.39,,0.0653,-0.2077,0.096,-0.103,0,kalman_zupt
1785678963.9118843,22.2204,0,792,8,319.84,519.88,696.39,,0.0653,-0.2077,0.096,-0.103,0,kalman_zupt
1785678963.929233,22.2377,0,792,8,319.84,519.88,696.39,,0.0653,-0.2077,0.096,-0.103,0,kalman_zupt
1785678963.9449568,22.2534,0,792,8,319.84,519.88,696.39,,0.0653,-0.2077,0.096,-0.103,0,kalman_zupt
1785678963.9613197,22.2698,0,792,8,319.84,519.88,696.39,,0.0653,-0.2077,0.096,-0.103,0,kalman_zupt
1785678963.977042,22.2855,0,792,8,319.84,519.88,696.39,,0.0653,-0.2077,0.096,-0.103,0,kalman_zupt
1785678963.9942646,22.3028,0,792,8,319.84,519.88,696.39,,0.0653,-0.2077,0.096,-0.103,0,kalman_zupt
1785678964.010358,22.3188,0,792,8,319.84,519.88,696.39,,0.0653,-0.2077,0.096,-0.103,0,kalman_zupt
1785678964.026037,22.3345,0,792,8,319.84,519.88,696.39,,0.0653,-0.2077,0.096,-0.103,0,kalman_zupt
1785678964.0426843,22.3512,0,792,8,319.84,519.88,696.39,,0.3252,0.3862,0.101,-0.096,0,kalman_zupt
1785678964.0606117,22.3691,0,792,8,319.84,519.88,696.39,,0.3252,0.3862,0.101,-0.096,0,kalman_zupt
1785678964.0777667,22.3863,0,792,8,319.84,519.88,696.39,,0.3252,0.3862,0.101,-0.096,0,kalman_zupt
1785678964.0947104,22.4032,0,792,8,319.84,519.88,696.39,,0.3252,0.3862,0.101,-0.096,0,kalman_zupt
1785678964.1122277,22.4207,0,792,8,319.84,519.88,696.39,,-0.2682,0.3051,0.096,-0.091,0,kalman_zupt
1785678964.1283855,22.4369,0,792,8,319.84,519.88,696.39,,-0.2682,0.3051,0.096,-0.091,0,kalman_zupt
1785678964.1448333,22.4533,0,792,8,319.84,519.88,696.39,,-0.2682,0.3051,0.096,-0.091,0,kalman_zupt
1785678964.1616194,22.4701,0,792,8,319.84,519.88,696.39,,0.2006,-0.4503,0.1,-0.098,0,kalman_zupt
1785678964.179643,22.4881,0,792,8,319.84,519.88,696.39,,0.2006,-0.4503,0.1,-0.098,0,kalman_zupt
1785678964.1964653,22.505,0,792,8,319.84,519.88,696.39,,1.4914,-0.0957,0.125,-0.1,0,kalman_zupt
1785678964.2126105,22.5211,0,792,8,319.84,519.88,696.39,,1.4914,-0.0957,0.125,-0.1,0,kalman_zupt
1785678964.2294369,22.5379,0,792,8,319.84,519.88,696.39,,1.4914,-0.0957,0.125,-0.1,0,kalman_zupt
1785678964.2455518,22.554,0,792,8,319.84,519.88,696.39,,1.9559,-0.0101,0.156,-0.1,0,kalman_zupt
1785678964.2628157,22.5713,0,792,8,319.84,519.88,696.39,,1.9559,-0.0101,0.156,-0.1,0,kalman_zupt
1785678964.2794445,22.5879,0,792,8,319.84,519.88,696.39,,0.9239,-0.2683,0.172,-0.105,0,kalman_zupt
1785678964.295229,22.6037,0,792,8,319.84,519.88,696.39,,0.9239,-0.2683,0.172,-0.105,0,kalman_zupt
1785678964.311642,22.6201,0,792,8,319.84,519.88,696.39,,0.9239,-0.2683,0.172,-0.105,0,kalman_zupt
1785678964.32835,22.6368,0,792,8,319.84,519.88,696.39,,1.2315,-0.1676,0.192,-0.107,0,kalman_zupt
1785678964.3445714,22.6531,0,792,8,319.84,519.88,696.39,,1.2315,-0.1676,0.192,-0.107,0,kalman_zupt
1785678964.3601851,22.6687,0,792,8,319.84,519.88,696.39,,1.5759,-0.5507,0.217,-0.116,0,kalman_zupt
1785678964.376669,22.6852,0,792,8,319.84,519.88,696.39,,1.5759,-0.5507,0.217,-0.116,0,kalman_zupt
1785678964.3927782,22.7013,0,792,8,319.84,519.88,696.39,,1.5759,-0.5507,0.217,-0.116,0,kalman_zupt
1785678964.4096584,22.7182,0,792,8,319.84,519.88,696.39,,0.8297,-0.4227,0.231,-0.123,0,kalman_zupt
1785678964.4271698,22.7357,0,792,8,319.84,519.88,696.39,,0.8297,-0.4227,0.231,-0.123,0,kalman_zupt
1785678964.4430006,22.7515,0,792,8,319.84,519.88,696.39,,-1.3021,0.392,0.21,-0.117,0,kalman_zupt
1785678964.4595606,22.7681,0,792,8,319.84,519.88,696.39,,-1.3021,0.392,0.21,-0.117,0,kalman_zupt
1785678964.4764154,22.7849,0,792,8,319.84,519.88,696.39,,-1.3021,0.392,0.21,-0.117,0,kalman_zupt
1785678964.4924424,22.8009,0,792,8,319.84,519.88,696.39,,-1.6301,1.2791,0.184,-0.096,0,kalman_zupt
1785678964.5083666,22.8169,0,792,8,319.84,519.88,696.39,,-1.6301,1.2791,0.184,-0.096,0,kalman_zupt
1785678964.5250316,22.8335,0,792,8,319.84,519.88,696.39,,-1.1324,0.7614,0.165,-0.084,0,kalman_zupt
1785678964.5419047,22.8504,0,792,8,319.84,519.88,696.39,,-1.1324,0.7614,0.165,-0.084,0,kalman_zupt
1785678964.5586061,22.8671,0,792,8,319.84,519.88,696.39,,-1.1324,0.7614,0.165,-0.084,0,kalman_zupt
1785678964.5756102,22.8841,0,792,8,319.84,519.88,696.39,,-0.5364,0.2986,0.156,-0.079,0,kalman_zupt
1785678964.5927641,22.9013,0,792,8,319.84,519.88,696.39,,-0.5364,0.2986,0.156,-0.079,0,kalman_zupt
1785678964.6095695,22.9181,0,792,8,319.84,519.88,696.39,,0.818,-0.1942,0.17,-0.082,0,kalman_zupt
1785678964.6269248,22.9354,0,792,8,319.84,519.88,696.39,,0.818,-0.1942,0.17,-0.082,0,kalman_zupt
1785678964.6436887,22.9522,0,792,8,319.84,519.88,696.39,,0.818,-0.1942,0.17,-0.082,0,kalman_zupt
1785678964.6604931,22.969,0,792,8,319.84,519.88,696.39,,-1.702,0.0826,0.141,-0.081,0,kalman_zupt
1785678964.6763754,22.9849,0,792,8,319.84,519.88,696.39,,-1.702,0.0826,0.141,-0.081,0,kalman_zupt
1785678964.6924872,23.001,0,792,8,319.84,519.88,696.39,,-1.702,0.0826,0.141,-0.081,0,kalman_zupt
1785678964.7083812,23.0169,0,792,8,319.84,519.88,696.39,,-1.702,0.0826,0.141,-0.081,0,kalman_zupt
1785678964.7247,23.0332,0,792,8,319.84,519.88,696.39,,-0.6638,-1.1627,0.131,-0.099,0,kalman_zupt
1785678964.741906,23.0504,0,792,8,319.84,519.88,696.39,,-0.6638,-1.1627,0.131,-0.099,0,kalman_zupt
1785678964.7585127,23.067,0,792,8,319.84,519.88,696.39,,-0.6638,-1.1627,0.131,-0.099,0,kalman_zupt
1785678964.7753468,23.0838,0,792,8,319.84,519.88,696.39,,-0.6638,-1.1627,0.131,-0.099,0,kalman_zupt
1785678964.7915962,23.1001,0,792,8,319.84,519.88,696.39,,-0.4544,0.4186,0.123,-0.093,0,kalman_zupt
1785678964.8092043,23.1177,0,792,8,319.84,519.88,696.39,,-0.4544,0.4186,0.123,-0.093,0,kalman_zupt
1785678964.8249314,23.1334,0,792,8,319.84,519.88,696.39,,-0.4544,0.4186,0.123,-0.093,0,kalman_zupt
1785678964.8419309,23.1504,0,792,8,319.84,519.88,696.39,,-0.4544,0.4186,0.123,-0.093,0,kalman_zupt
1785678964.8593879,23.1679,0,792,8,319.84,519.88,696.39,,0.1702,-0.759,0.126,-0.106,0,kalman_zupt
1785678964.875592,23.1841,0,792,8,319.84,519.88,696.39,,0.1702,-0.759,0.126,-0.106,0,kalman_zupt
1785678964.8925292,23.201,0,792,8,319.84,519.88,696.39,,0.1702,-0.759,0.126,-0.106,0,kalman_zupt
1785678964.908077,23.2166,0,792,8,319.84,519.88,696.39,,0.1392,0.1732,0.128,-0.103,0,kalman_zupt
1785678964.9236312,23.2321,0,792,8,319.84,519.88,696.39,,0.1392,0.1732,0.128,-0.103,0,kalman_zupt
1785678964.941167,23.2497,0,792,8,319.84,519.88,696.39,,-0.4064,0.4488,0.121,-0.095,0,kalman_zupt
1785678964.9570472,23.2655,0,792,8,319.84,519.88,696.39,,-0.4064,0.4488,0.121,-0.095,0,kalman_zupt
1785678964.9738076,23.2823,0,792,8,319.84,519.88,696.39,,-0.4064,0.4488,0.121,-0.095,0,kalman_zupt
1785678964.9907105,23.2992,0,792,8,319.84,519.88,696.39,,-0.4413,0.3786,0.114,-0.089,0,kalman_zupt
1785678965.0078099,23.3163,0,792,8,319.84,519.88,696.39,,-0.4413,0.3786,0.114,-0.089,0,kalman_zupt
1785678965.0246365,23.3331,0,792,8,319.84,519.88,696.39,,-0.143,0.1921,0.111,-0.086,0,kalman_zupt
1785678965.042037,23.3505,0,792,8,319.84,519.88,696.39,,-0.143,0.1921,0.111,-0.086,0,kalman_zupt
1785678965.0586107,23.3671,0,792,8,319.84,519.88,696.39,,-0.143,0.1921,0.111,-0.086,0,kalman_zupt
1785678965.0757706,23.3843,0,792,8,319.84,519.88,696.39,,-0.1447,0.1212,0.109,-0.084,0,kalman_zupt
1785678965.092492,23.401,0,792,8,319.84,519.88,696.39,,-0.1447,0.1212,0.109,-0.084,0,kalman_zupt
1785678965.1092293,23.4177,0,792,8,319.84,519.88,696.39,,-0.3032,0.3392,0.104,-0.078,0,kalman_zupt
1785678965.1249835,23.4335,0,792,8,319.84,519.88,696.39,,-0.3032,0.3392,0.104,-0.078,0,kalman_zupt
1785678965.141699,23.4502,0,792,8,319.84,519.88,696.39,,-0.0182,0.7498,0.103,-0.065,0,kalman_zupt
1785678965.159512,23.468,0,792,8,319.84,519.88,696.39,,-0.0182,0.7498,0.103,-0.065,0,kalman_zupt
1785678965.176496,23.485,0,792,8,319.84,519.88,696.39,,-0.0182,0.7498,0.103,-0.065,0,kalman_zupt
1785678965.1927302,23.5012,0,792,8,319.84,519.88,696.39,,0.5091,0.7225,0.112,-0.054,0,kalman_zupt
1785678965.2093797,23.5179,0,792,8,319.84,519.88,696.39,,0.5091,0.7225,0.112,-0.054,0,kalman_zupt
1785678965.2254496,23.5339,0,792,8,319.84,519.88,696.39,,0.1302,-0.1922,0.114,-0.057,0,kalman_zupt
1785678965.2421062,23.5506,0,792,8,319.84,519.88,696.39,,0.1302,-0.1922,0.114,-0.057,0,kalman_zupt
1785678965.2584453,23.5669,0,792,8,319.84,519.88,696.39,,0.3126,-0.7995,0.119,-0.07,0,kalman_zupt
1785678965.2745574,23.583,0,792,8,319.84,519.88,696.39,,0.3126,-0.7995,0.119,-0.07,0,kalman_zupt
1785678965.2902277,23.5987,0,792,8,319.84,519.88,696.39,,0.3126,-0.7995,0.119,-0.07,0,kalman_zupt
1785678965.3066773,23.6152,0,792,8,319.84,519.88,696.39,,-1.4975,-1.2752,0.094,-0.091,0,kalman_zupt
1785678965.323826,23.6323,0,792,8,319.84,519.88,696.39,,-1.4975,-1.2752,0.094,-0.091,0,kalman_zupt
1785678965.341625,23.6501,0,792,8,319.84,519.88,696.39,,-1.5093,-1.8133,0.067,-0.123,0,kalman_zupt
1785678965.358368,23.6669,0,792,8,319.84,519.88,696.39,,-1.5093,-1.8133,0.067,-0.123,0,kalman_zupt
1785678965.374566,23.6831,0,792,8,319.84,519.88,696.39,,-1.5093,-1.8133,0.067,-0.123,0,kalman_zupt
1785678965.391449,23.6999,0,792,8,319.84,519.88,696.39,,-0.0675,-0.0682,0.066,-0.124,0,kalman_zupt
1785678965.408018,23.7165,0,792,8,319.84,519.88,696.39,,-0.0675,-0.0682,0.066,-0.124,0,kalman_zupt
1785678965.4237375,23.7322,0,792,8,319.84,519.88,696.39,,-0.0675,-0.0682,0.066,-0.124,0,kalman_zupt
1785678965.4405923,23.7491,0,792,8,319.84,519.88,696.39,,-0.0675,-0.0682,0.066,-0.124,0,kalman_zupt
1785678965.4574661,23.766,0,792,8,319.84,519.88,696.39,,0.392,0.4166,0.073,-0.117,0,kalman_zupt
1785678965.473403,23.7819,0,792,8,319.84,519.88,696.39,,0.392,0.4166,0.073,-0.117,0,kalman_zupt
1785678965.489356,23.7978,0,792,8,319.84,519.88,696.39,,0.392,0.4166,0.073,-0.117,0,kalman_zupt
1785678965.5053935,23.8139,0,792,8,319.84,519.88,696.39,,0.392,0.4166,0.073,-0.117,0,kalman_zupt
1785678965.5219562,23.8304,0,792,8,319.84,519.88,696.39,,-0.5759,0.3171,0.063,-0.112,0,kalman_zupt
1785678965.5380232,23.8465,0,792,8,319.84,519.88,696.39,,-0.5759,0.3171,0.063,-0.112,0,kalman_zupt
1785678965.555585,23.8641,0,792,8,319.84,519.88,696.39,,-0.5759,0.3171,0.063,-0.112,0,kalman_zupt
1785678965.5725386,23.881,0,792,8,319.84,519.88,696.39,,-0.5759,0.3171,0.063,-0.112,0,kalman_zupt
1785678965.588981,23.8975,0,792,8,319.84,519.88,696.39,,-1.4452,0.2666,0.04,-0.108,0,kalman_zupt
1785678965.6054103,23.9139,0,792,8,319.84,519.88,696.39,,-1.4452,0.2666,0.04,-0.108,0,kalman_zupt
1785678965.6212873,23.9298,0,792,8,319.84,519.88,696.39,,-0.2124,0.7336,0.036,-0.096,0,kalman_zupt
1785678965.6370373,23.9455,0,792,8,319.84,519.88,696.39,,-0.2124,0.7336,0.036,-0.096,0,kalman_zupt
1785678965.653717,23.9622,0,792,8,319.84,519.88,696.39,,-0.0124,0.9072,0.036,-0.081,0,kalman_zupt
1785678965.670793,23.9793,0,792,8,319.84,519.88,696.39,,-0.0124,0.9072,0.036,-0.081,0,kalman_zupt
1785678965.6877332,23.9962,0,792,8,319.84,519.88,696.39,,-0.0124,0.9072,0.036,-0.081,0,kalman_zupt
1785678965.70487,24.0134,0,792,8,319.84,519.88,696.39,,-0.0624,0.5515,0.035,-0.071,0,kalman_zupt
1785678965.721284,24.0298,0,792,8,319.84,519.88,696.39,,-0.0624,0.5515,0.035,-0.071,0,kalman_zupt
1785678965.7369425,24.0454,0,792,8,319.84,519.88,696.39,,-0.4981,0.609,0.027,-0.062,0,kalman_zupt
1785678965.753717,24.0622,0,792,8,319.84,519.88,696.39,,-0.4981,0.609,0.027,-0.062,0,kalman_zupt
1785678965.7706182,24.0791,0,792,8,319.84,519.88,696.39,,-0.4981,0.609,0.027,-0.062,0,kalman_zupt
1785678965.7876,24.0961,0,792,8,319.84,519.88,696.39,,0.0526,0.0718,0.028,-0.061,0,kalman_zupt
1785678965.8048391,24.1133,0,792,8,319.84,519.88,696.39,,0.0526,0.0718,0.028,-0.061,0,kalman_zupt
1785678965.8220656,24.1306,0,792,8,319.84,519.88,696.39,,0.0359,0.3722,0.029,-0.054,0,kalman_zupt
1785678965.8378851,24.1464,0,792,8,319.84,519.88,696.39,,0.0359,0.3722,0.029,-0.054,0,kalman_zupt
1785678965.8543532,24.1628,0,792,8,319.84,519.88,696.39,,0.0359,0.3722,0.029,-0.054,0,kalman_zupt
1785678965.870545,24.179,0,792,8,319.84,519.88,696.39,,1.8447,0.784,0.059,-0.042,0,kalman_zupt
1785678965.8867214,24.1952,0,792,8,319.84,519.88,696.39,,1.8447,0.784,0.059,-0.042,0,kalman_zupt
1785678965.903807,24.2123,0,792,8.16,319.84,519.88,696.27,,1.813,2.615,0.09,0.003,0,kalman_zupt
1785678965.9206085,24.2291,0,792,8.32,319.84,519.88,696.15,,1.813,2.615,0.09,0.003,0,kalman_zupt
1785678965.938122,24.2466,0,792,8.49,319.84,519.88,696.03,,1.813,2.615,0.09,0.003,0,kalman_zupt
1785678965.9545114,24.263,0,792,8,319.84,519.88,696.39,,-1.3901,-1.2621,0.067,-0.018,0,kalman_zupt
1785678965.9719393,24.2804,0,792,8,319.84,519.88,696.39,,-1.3901,-1.2621,0.067,-0.018,0,kalman_zupt
1785678965.9885387,24.297,0,792,8,319.84,519.88,696.39,,-1.3901,-1.2621,0.067,-0.018,0,kalman_zupt
1785678966.0056527,24.3141,0,792,8,319.84,519.88,696.39,,-2.4693,-1.8796,0.024,-0.05,0,kalman_zupt
1785678966.022718,24.3312,0,792,8,319.84,519.88,696.39,,-2.4693,-1.8796,0.024,-0.05,0,kalman_zupt
1785678966.0395207,24.348,0,790.83,8,319.84,519.88,695.59,,-2.8418,-0.9426,-0.023,-0.066,0,kalman_zupt
1785678966.0553017,24.3638,0,789.72,8,319.84,519.88,694.85,,-2.8418,-0.9426,-0.023,-0.066,0,kalman_zupt
1785678966.0712132,24.3797,0,788.61,8,319.84,519.88,694.1,,-2.8418,-0.9426,-0.023,-0.066,0,kalman_zupt
1785678966.0877564,24.3962,0,786.27,8,319.84,519.88,692.52,,-1.4446,-1.6388,-0.047,-0.093,0,kalman_zupt
1785678966.1045003,24.413,0,783.9,8,319.84,519.88,690.92,,-1.4446,-1.6388,-0.047,-0.093,0,kalman_zupt
1785678966.1204433,24.4289,0,781.04,8,319.84,519.88,689.0,,-0.9107,-2.0109,-0.061,-0.124,0,kalman_zupt
1785678966.135998,24.4445,0,778.1,8,319.84,519.88,687.04,,-0.9107,-2.0109,-0.061,-0.124,0,kalman_zupt
1785678966.1534295,24.4619,0,774.9,8,319.84,519.88,684.91,,-0.9107,-2.0109,-0.061,-0.124,0,kalman_zupt
1785678966.1692579,24.4777,0,771.98,8,319.84,519.88,682.98,,-0.9107,-2.0109,-0.061,-0.124,0,kalman_zupt
1785678966.1853452,24.4938,0,769.02,8,319.84,519.88,681.02,,-0.9107,-2.0109,-0.061,-0.124,0,kalman_zupt
1785678966.2010956,24.5096,0,766.06,8,319.84,519.88,679.07,,-0.0864,-1.6936,-0.063,-0.151,0,kalman_zupt
1785678966.2174087,24.5259,0,762.99,8,319.84,519.88,677.06,,-0.0864,-1.6936,-0.063,-0.151,0,kalman_zupt
1785678966.2336633,24.5422,0,759.93,8,319.84,519.88,675.06,,-0.0864,-1.6936,-0.063,-0.151,0,kalman_zupt
1785678966.2512243,24.5597,0,756.72,8,319.84,519.88,672.97,,0.1003,-0.8946,-0.061,-0.166,0,kalman_zupt
1785678966.26734,24.5758,0,753.77,8,319.84,519.88,671.06,,0.1003,-0.8946,-0.061,-0.166,0,kalman_zupt
1785678966.2834408,24.5919,0,750.83,8,319.84,519.88,669.16,,0.1003,-0.8946,-0.061,-0.166,0,kalman_zupt
1785678966.299299,24.6078,0,747.93,8,319.84,519.88,667.29,,0.1003,-0.8946,-0.061,-0.166,0,kalman_zupt
1785678966.31512,24.6236,0,745.11,8,319.84,519.88,665.49,,0.0988,-0.4848,-0.059,-0.174,0,kalman_zupt
1785678966.3315253,24.64,0,742.19,8,319.84,519.88,663.63,,0.0988,-0.4848,-0.059,-0.174,0,kalman_zupt
1785678966.3473623,24.6559,0,739.37,8,319.84,519.88,661.83,,0.0988,-0.4848,-0.059,-0.174,0,kalman_zupt
1785678966.363276,24.6718,0,736.06,8,319.84,519.88,659.75,,-0.6153,-0.4252,-0.069,-0.181,0,kalman_zupt
1785678966.379402,24.6879,0,732.72,8,319.84,519.88,657.64,,-0.6153,-0.4252,-0.069,-0.181,0,kalman_zupt
1785678966.3954444,24.7039,0,729.35,8,319.84,519.88,655.53,,-0.0463,-0.6707,-0.07,-0.192,0,kalman_zupt
1785678966.4114902,24.72,0,725.98,8,319.84,519.88,653.43,,-0.0463,-0.6707,-0.07,-0.192,0,kalman_zupt
1785678966.4270742,24.7356,0,722.72,8,319.84,519.88,651.41,,-0.0463,-0.6707,-0.07,-0.192,0,kalman_zupt
1785678966.4431503,24.7516,0,718.86,8,319.84,519.88,649.03,,-0.6227,0.1243,-0.08,-0.19,0,kalman_zupt
1785678966.4591131,24.7676,0,715.03,8,319.84,519.88,646.68,,-0.6227,0.1243,-0.08,-0.19,0,kalman_zupt
1785678966.4753973,24.7839,0,711.13,8,319.84,519.88,644.3,,-0.6227,0.1243,-0.08,-0.19,0,kalman_zupt
1785678966.4910517,24.7995,0,707.05,8,319.84,519.88,641.84,,-0.4376,-0.0919,-0.087,-0.191,0,kalman_zupt
1785678966.5068433,24.8153,0,702.94,8,319.84,519.88,639.37,,-0.4376,-0.0919,-0.087,-0.191,0,kalman_zupt
1785678966.5237777,24.8323,0,698.53,8,319.84,519.88,636.73,,-0.4376,-0.0919,-0.087,-0.191,0,kalman_zupt
1785678966.5403986,24.8489,0,694.2,8,319.84,519.88,634.17,,-0.4376,-0.0919,-0.087,-0.191,0,kalman_zupt
1785678966.5563672,24.8649,0,690.05,8,319.84,519.88,631.72,,-0.4376,-0.0919,-0.087,-0.191,0,kalman_zupt
1785678966.572885,24.8814,0,685.75,8,319.84,519.88,629.21,,-0.4376,-0.0919,-0.087,-0.191,0,kalman_zupt
1785678966.5895698,24.8981,0,681.4,8,319.84,519.88,626.7,,-0.4376,-0.0919,-0.087,-0.191,0,kalman_zupt
1785678966.6064694,24.915,0,677.0,8,319.84,519.88,624.17,,-0.4376,-0.0919,-0.087,-0.191,0,kalman_zupt
1785678966.6222925,24.9308,0,672.88,8,319.84,519.88,621.82,,-0.4376,-0.0919,-0.087,-0.191,0,kalman_zupt
1785678966.6384115,24.9469,0,668.69,8,319.84,519.88,619.45,,-0.4376,-0.0919,-0.087,-0.191,0,kalman_zupt
1785678966.6542127,24.9627,0,664.57,8,319.84,519.88,617.14,,-0.4376,-0.0919,-0.087,-0.191,0,kalman_zupt
1785678966.6707146,24.9792,0,660.28,8,319.84,519.88,614.75,,-0.4376,-0.0919,-0.087,-0.191,0,kalman_zupt
1785678966.6872866,24.9958,0,655.96,8,319.84,519.88,612.37,,-0.4376,-0.0919,-0.087,-0.191,0,kalman_zupt
1785678966.7039068,25.0124,0,651.63,8,319.84,519.88,610.01,,-0.4376,-0.0919,-0.087,-0.191,0,kalman_zupt
1785678966.7204819,25.029,0,647.32,8,319.84,519.88,607.67,,-0.4376,-0.0919,-0.087,-0.191,0,kalman_zupt
1785678966.7363586,25.0449,0,643.18,8,319.84,519.88,605.45,,-0.4376,-0.0919,-0.087,-0.191,0,kalman_zupt
1785678966.7524693,25.061,0,638.99,8,319.84,519.88,603.22,,-0.4376,-0.0919,-0.087,-0.191,0,kalman_zupt
1785678966.7682524,25.0767,0,634.88,8,319.84,519.88,601.06,,-0.4376,-0.0919,-0.087,-0.191,0,kalman_zupt
1785678966.784869,25.0934,0,630.55,8,319.84,519.88,598.8,,-0.4376,-0.0919,-0.087,-0.191,0,kalman_zupt
1785678966.8006458,25.1091,0,626.45,8,319.84,519.88,596.68,,-0.4376,-0.0919,-0.087,-0.191,0,kalman_zupt
1785678966.817402,25.1259,0,622.08,8,319.84,519.88,594.45,,-0.4376,-0.0919,-0.087,-0.191,0,kalman_zupt
1785678966.8336968,25.1422,0,617.84,8,319.84,519.88,592.31,,-0.4376,-0.0919,-0.087,-0.191,0,kalman_zupt
1785678966.8515592,25.1601,0,613.19,8,319.84,519.88,589.98,,-0.4376,-0.0919,-0.087,-0.191,0,kalman_zupt
1785678966.8675427,25.176,0,609.03,8,319.84,519.88,587.92,,-0.4376,-0.0919,-0.087,-0.191,0,kalman_zupt
1785678966.883404,25.1919,0,604.9,8,319.84,519.88,585.9,,-0.4376,-0.0919,-0.087,-0.191,0,kalman_zupt
1785678966.8996358,25.2081,0,600.67,8,319.84,519.88,583.86,,-0.4376,-0.0919,-0.087,-0.191,0,kalman_zupt
1785678966.917234,25.2257,0,596.09,8,319.84,519.88,581.67,,-0.4376,-0.0919,-0.087,-0.191,0,kalman_zupt
1785678966.932861,25.2414,0,592.02,8,319.84,519.88,579.75,,-0.4376,-0.0919,-0.087,-0.191,0,kalman_zupt
1785678966.9500022,25.2585,0,587.56,8,319.84,519.88,577.66,,-0.4376,-0.0919,-0.087,-0.191,0,kalman_zupt
1785678966.967424,25.2759,0,583.02,8,319.84,519.88,575.58,,-0.4376,-0.0919,-0.087,-0.191,0,kalman_zupt
1785678966.9836068,25.2921,0,578.81,8,319.84,519.88,573.66,,-0.4376,-0.0919,-0.087,-0.191,0,kalman_zupt
1785678967.0007217,25.3092,0,574.36,8,319.84,519.88,571.66,,-0.4376,-0.0919,-0.087,-0.191,0,kalman_zupt
1785678967.0180187,25.3265,0,569.85,8,319.84,519.88,569.67,,-0.4376,-0.0919,-0.087,-0.191,0,kalman_zupt
1785678967.034538,25.343,0,565.55,8,319.84,519.88,567.8,,-0.4376,-0.0919,-0.087,-0.191,0,kalman_zupt
1785678967.0521417,25.3606,0,560.97,8,319.84,519.88,565.83,,-0.4376,-0.0919,-0.087,-0.191,0,kalman_zupt
1785678967.0678802,25.3764,0,556.87,8,319.84,519.88,564.1,,-0.4376,-0.0919,-0.087,-0.191,0,kalman_zupt
1785678967.0848112,25.3933,0,552.46,8,319.84,519.88,562.26,,-0.4376,-0.0919,-0.087,-0.191,0,kalman_zupt
1785678967.1022544,25.4107,0,547.92,8,319.84,519.88,560.39,,-0.4376,-0.0919,-0.087,-0.191,0,kalman_zupt
1785678967.118521,25.427,0,543.69,8,319.84,519.88,558.68,,-0.4376,-0.0919,-0.087,-0.191,0,kalman_zupt
1785678967.1353962,25.4439,0,539.29,8,319.84,519.88,556.94,,-0.4376,-0.0919,-0.087,-0.191,0,kalman_zupt
1785678967.1515198,25.46,0,535.09,8,319.84,519.88,555.3,,-0.4376,-0.0919,-0.087,-0.191,0,kalman_zupt
1785678967.1676836,25.4762,0,530.89,8,319.84,519.88,553.68,,-0.4376,-0.0919,-0.087,-0.191,0,kalman_zupt
1785678967.1843183,25.4928,0,526.55,8,319.84,519.88,552.04,,-0.4376,-0.0919,-0.087,-0.191,0,kalman_zupt
1785678967.201024,25.5095,0,522.2,8,319.84,519.88,550.43,,-0.4376,-0.0919,-0.087,-0.191,0,kalman_zupt
1785678967.2176907,25.5262,0,517.87,8,319.84,519.88,548.85,,-0.4376,-0.0919,-0.087,-0.191,0,kalman_zupt
1785678967.2345695,25.5431,0,513.47,8,319.84,519.88,547.28,,-0.4376,-0.0919,-0.087,-0.191,0,kalman_zupt
1785678967.2516384,25.5601,0,509.03,8,319.84,519.88,545.72,,-0.4376,-0.0919,-0.087,-0.191,0,kalman_zupt
1785678967.2694724,25.578,0,504.38,8,319.84,519.88,544.13,,-0.4376,-0.0919,-0.087,-0.191,0,kalman_zupt
1785678967.285365,25.5939,0,500.25,8,319.84,519.88,542.74,,-0.4376,-0.0919,-0.087,-0.191,0,kalman_zupt
1785678967.301018,25.6095,0,496.17,8,319.84,519.88,541.4,,-0.4376,-0.0919,-0.087,-0.191,0,kalman_zupt
1785678967.3167317,25.6252,0,492.08,8,319.84,519.88,540.08,,-0.4376,-0.0919,-0.087,-0.191,0,kalman_zupt
1785678967.3335845,25.6421,0,487.69,8,319.84,519.88,538.7,,-0.4376,-0.0919,-0.087,-0.191,0,kalman_zupt
1785678967.350823,25.6593,0,483.2,8,319.84,519.88,537.32,,-0.4376,-0.0919,-0.087,-0.191,0,kalman_zupt
1785678967.3676374,25.6761,0,478.83,8,319.84,519.88,536.0,,-0.4376,-0.0919,-0.087,-0.191,0,kalman_zupt
1785678967.3850236,25.6935,0,474.3,8,319.84,519.88,534.68,,-0.4376,-0.0919,-0.087,-0.191,0,kalman_zupt
1785678967.400993,25.7095,0,470.14,8,319.84,519.88,533.49,,-0.4376,-0.0919,-0.087,-0.191,0,kalman_zupt
1785678967.4167662,25.7253,0,466.03,8,319.84,519.88,532.35,,-0.4376,-0.0919,-0.087,-0.191,0,kalman_zupt
1785678967.4337986,25.7423,0,461.6,8,319.84,519.88,531.15,,-0.4376,-0.0919,-0.087,-0.191,0,kalman_zupt
1785678967.4507723,25.7593,0,457.18,8,319.84,519.88,529.99,,-0.4376,-0.0919,-0.087,-0.191,0,kalman_zupt
1785678967.4677706,25.7763,0,452.76,8,319.84,519.88,528.86,,-0.4376,-0.0919,-0.087,-0.191,0,kalman_zupt
1785678967.4846318,25.7931,0,448.37,8,319.84,519.88,527.77,,-0.4376,-0.0919,-0.087,-0.191,0,kalman_zupt
1785678967.501372,25.8099,0,444.01,8,319.84,519.88,526.72,,-0.4376,-0.0919,-0.087,-0.191,0,kalman_zupt
1785678967.5173898,25.8259,0,439.84,8,319.84,519.88,525.76,,-0.4376,-0.0919,-0.087,-0.191,0,kalman_zupt
1785678967.5334032,25.8419,0,435.67,8,319.84,519.88,524.82,,-0.4376,-0.0919,-0.087,-0.191,0,kalman_zupt
1785678967.5494118,25.8579,0,431.5,8,319.84,519.88,523.92,,-0.4376,-0.0919,-0.087,-0.191,0,kalman_zupt
1785678967.5654247,25.8739,0,427.33,8,319.84,519.88,523.04,,-0.4376,-0.0919,-0.087,-0.191,0,kalman_zupt
1785678967.5818217,25.8903,0,423.06,8,319.84,519.88,522.18,,-0.4376,-0.0919,-0.087,-0.191,0,kalman_zupt
1785678967.599389,25.9079,0,418.52,8,319.84,519.88,521.3,,0.0302,-0.409,-0.086,-0.198,0,kalman_zupt
1785678967.6158907,25.9244,0,414.25,8,319.84,519.88,520.51,,0.0302,-0.409,-0.086,-0.198,0,kalman_zupt
1785678967.6327155,25.9412,0,409.89,8,319.84,519.88,519.74,,0.0302,-0.409,-0.086,-0.198,0,kalman_zupt
1785678967.6493979,25.9579,0,405.57,8,319.84,519.88,519.01,,0.0302,-0.409,-0.086,-0.198,0,kalman_zupt
1785678967.6657438,25.9742,0,401.34,8,319.84,519.88,518.33,,0.0302,-0.409,-0.086,-0.198,0,kalman_zupt
1785678967.683295,25.9918,0,396.8,8,319.84,519.88,517.63,,0.0302,-0.409,-0.086,-0.198,0,kalman_zupt
1785678967.6998482,26.0083,0,392.52,8,319.84,519.88,517.01,,0.0302,-0.409,-0.086,-0.198,0,kalman_zupt
1785678967.7165852,26.0251,0,388.19,8,319.84,519.88,516.42,,0.0302,-0.409,-0.086,-0.198,0,kalman_zupt
1785678967.7341266,26.0426,0,383.65,8,319.84,519.88,515.84,,0.0302,-0.409,-0.086,-0.198,0,kalman_zupt
1785678967.7507904,26.0593,0,379.34,8,319.84,519.88,515.33,,0.0302,-0.409,-0.086,-0.198,0,kalman_zupt
1785678967.7677102,26.0762,0,374.96,8,319.84,519.88,514.84,,0.0302,-0.409,-0.086,-0.198,0,kalman_zupt
1785678967.7845705,26.0931,0,370.6,8,319.84,519.88,514.39,,0.0302,-0.409,-0.086,-0.198,0,kalman_zupt
1785678967.8004723,26.109,0,366.48,8,319.84,519.88,514.0,,0.0302,-0.409,-0.086,-0.198,0,kalman_zupt
1785678967.8159692,26.1245,0,362.47,8,319.84,519.88,513.65,,0.0302,-0.409,-0.086,-0.198,0,kalman_zupt
1785678967.8317766,26.1403,0,358.38,8,319.84,519.88,513.33,,0.0302,-0.409,-0.086,-0.198,0,kalman_zupt
1785678967.8494573,26.1579,0,353.81,8,319.84,519.88,513.01,,0.0302,-0.409,-0.086,-0.198,0,kalman_zupt
1785678967.8658876,26.1744,0,349.55,8,319.84,519.88,512.74,,0.0302,-0.409,-0.086,-0.198,0,kalman_zupt
1785678967.8827467,26.1912,0,345.19,8,319.84,519.88,512.51,,0.0302,-0.409,-0.086,-0.198,0,kalman_zupt
1785678967.8994148,26.2079,0,340.88,8,319.84,519.88,512.31,,0.0302,-0.409,-0.086,-0.198,0,kalman_zupt
1785678967.9152243,26.2237,0,336.79,8,319.84,519.88,512.16,,0.0302,-0.409,-0.086,-0.198,0,kalman_zupt
1785678967.9314158,26.2399,0,332.6,8,319.84,519.88,512.04,,0.0302,-0.409,-0.086,-0.198,0,kalman_zupt
1785678967.9478304,26.2563,0,328.35,8,319.84,519.88,511.95,,0.0302,-0.409,-0.086,-0.198,0,kalman_zupt
1785678967.9648676,26.2734,0,323.94,8,319.84,519.88,511.9,,0.0302,-0.409,-0.086,-0.198,0,kalman_zupt
1785678967.981692,26.2902,0,319.59,8,319.84,519.88,511.88,,0.0302,-0.409,-0.086,-0.198,0,kalman_zupt
1785678967.9983895,26.3069,0,315.27,8,319.84,519.88,511.9,,0.0302,-0.409,-0.086,-0.198,0,kalman_zupt
1785678968.0139024,26.3224,0,311.25,8,319.84,519.88,511.95,,0.0302,-0.409,-0.086,-0.198,0,kalman_zupt
1785678968.0305653,26.3391,0,306.94,8,319.84,519.88,512.04,,0.0302,-0.409,-0.086,-0.198,0,kalman_zupt
1785678968.0478337,26.3563,0,302.47,8,319.84,519.88,512.17,,0.0302,-0.409,-0.086,-0.198,0,kalman_zupt
1785678968.0646808,26.3732,0,298.11,8,319.84,519.88,512.34,,0.0302,-0.409,-0.086,-0.198,0,kalman_zupt
1785678968.0815585,26.3901,0,293.75,8,319.84,519.88,512.54,,0.0302,-0.409,-0.086,-0.198,0,kalman_zupt
1785678968.0987716,26.4073,0,289.29,8,319.84,519.88,512.79,,0.0302,-0.409,-0.086,-0.198,0,kalman_zupt
1785678968.1159425,26.4244,0,284.85,8,319.84,519.88,513.07,,0.0302,-0.409,-0.086,-0.198,0,kalman_zupt
1785678968.132605,26.4411,0,280.54,8,319.84,519.88,513.39,,0.0302,-0.409,-0.086,-0.198,0,kalman_zupt
1785678968.14943,26.4579,0,276.18,8,319.84,519.88,513.74,,0.0302,-0.409,-0.086,-0.198,0,kalman_zupt
1785678968.1651156,26.4736,0,272.12,8,319.84,519.88,514.1,,0.0302,-0.409,-0.086,-0.198,0,kalman_zupt
1785678968.1814637,26.49,0,267.89,8,319.84,519.88,514.51,,0.0302,-0.409,-0.086,-0.198,0,kalman_zupt
1785678968.1978562,26.5063,0,263.65,8,319.84,519.88,514.95,,0.0302,-0.409,-0.086,-0.198,0,kalman_zupt
1785678968.2147624,26.5233,0,259.28,8,319.84,519.88,515.45,,0.0302,-0.409,-0.086,-0.198,0,kalman_zupt
1785678968.2314644,26.54,0,254.96,8,319.84,519.88,515.98,,0.0302,-0.409,-0.086,-0.198,0,kalman_zupt
1785678968.2476022,26.5561,0,250.78,8,319.84,519.88,516.52,,0.0302,-0.409,-0.086,-0.198,0,kalman_zupt
1785678968.2642584,26.5728,0,246.47,8,319.84,519.88,517.11,,0.0302,-0.409,-0.086,-0.198,0,kalman_zupt
1785678968.2801495,26.5886,0,242.36,8,319.84,519.88,517.71,,0.0302,-0.409,-0.086,-0.198,0,kalman_zupt
1785678968.2966278,26.6051,0,238.09,8,319.84,519.88,518.37,,0.0302,-0.409,-0.086,-0.198,0,kalman_zupt
1785678968.3132935,26.6218,0,233.78,8,319.84,519.88,519.06,,0.0302,-0.409,-0.086,-0.198,0,kalman_zupt
1785678968.3295796,26.6381,0,229.57,8,319.84,519.88,519.78,,0.0302,-0.409,-0.086,-0.198,0,kalman_zupt
1785678968.3465605,26.6551,0,225.17,8,319.84,519.88,520.56,,0.0302,-0.409,-0.086,-0.198,0,kalman_zupt
1785678968.3632011,26.6717,0,220.87,8,319.84,519.88,521.36,,0.0302,-0.409,-0.086,-0.198,0,kalman_zupt
1785678968.3795583,26.6881,0,216.63,8,319.84,519.88,522.18,,0.0302,-0.409,-0.086,-0.198,0,kalman_zupt
1785678968.3967924,26.7053,0,212.17,8,319.84,519.88,523.08,,0.0302,-0.409,-0.086,-0.198,0,kalman_zupt
1785678968.4139466,26.7224,0,207.73,8,319.84,519.88,524.01,,0.0302,-0.409,-0.086,-0.198,0,kalman_zupt
1785678968.4296308,26.7381,0,203.68,8,319.84,519.88,524.89,,0.0302,-0.409,-0.086,-0.198,0,kalman_zupt
1785678968.4464834,26.755,0,199.32,8,319.84,519.88,525.88,,0.0302,-0.409,-0.086,-0.198,0,kalman_zupt
1785678968.4636154,26.7721,0,194.88,8,319.84,519.88,526.91,,0.0302,-0.409,-0.086,-0.198,0,kalman_zupt
1785678968.4805477,26.789,0,190.5,8,319.84,519.88,527.97,,0.0302,-0.409,-0.086,-0.198,0,kalman_zupt
1785678968.497906,26.8064,0,186.01,8,319.84,519.88,529.09,,0.0302,-0.409,-0.086,-0.198,0,kalman_zupt
1785678968.5145457,26.823,0,181.7,8,319.84,519.88,530.19,,0.0302,-0.409,-0.086,-0.198,0,kalman_zupt
1785678968.530661,26.8392,0,177.53,8,319.84,519.88,531.29,,0.0302,-0.409,-0.086,-0.198,0,kalman_zupt
1785678968.548199,26.8567,0,172.99,8,319.84,519.88,532.53,,0.0302,-0.409,-0.086,-0.198,0,kalman_zupt
1785678968.5642319,26.8727,0,168.85,8,319.84,519.88,533.69,,0.0302,-0.409,-0.086,-0.198,0,kalman_zupt
1785678968.5807478,26.8892,0,164.57,8,319.84,519.88,534.91,,0.0302,-0.409,-0.086,-0.198,0,kalman_zupt
1785678968.5978322,26.9063,0,160.15,8,319.84,519.88,536.21,,0.0302,-0.409,-0.086,-0.198,0,kalman_zupt
1785678968.6154568,26.9239,0,155.59,8,319.84,519.88,537.59,,0.0302,-0.409,-0.086,-0.198,0,kalman_zupt
1785678968.6311078,26.9396,0,151.54,8,319.84,519.88,538.84,,0.0302,-0.409,-0.086,-0.198,0,kalman_zupt
1785678968.6476529,26.9561,0,147.26,8,319.84,519.88,540.19,,0.0302,-0.409,-0.086,-0.198,0,kalman_zupt
1785678968.6645727,26.9731,0,142.88,8,319.84,519.88,541.6,,0.0302,-0.409,-0.086,-0.198,0,kalman_zupt
1785678968.6815279,26.99,0,138.71,8,319.84,519.88,542.98,,0.2555,-0.0061,-0.082,-0.198,0,kalman_zupt
1785678968.6980438,27.0065,0,134.65,8,319.84,519.88,544.35,,0.2555,-0.0061,-0.082,-0.198,0,kalman_zupt
1785678968.7143872,27.0229,0,130.64,8,319.84,519.88,545.73,,0.2555,-0.0061,-0.082,-0.198,0,kalman_zupt
1785678968.7307463,27.0392,0,126.02,8,319.84,519.88,547.35,,-0.7442,0.1864,-0.094,-0.195,0,kalman_zupt
1785678968.7482204,27.0567,0,121.09,8,319.84,519.88,549.11,,-0.7442,0.1864,-0.094,-0.195,0,kalman_zupt
1785678968.764366,27.0729,0,116.53,8,319.84,519.88,550.78,,-0.7442,0.1864,-0.094,-0.195,0,kalman_zupt
1785678968.780378,27.0889,0,112.01,8,319.84,519.88,552.46,,-0.7442,0.1864,-0.094,-0.195,0,kalman_zupt
1785678968.7968044,27.1053,0,107.06,8,319.84,519.88,554.34,,-0.3844,0.0333,-0.1,-0.195,0,kalman_zupt
1785678968.8138251,27.1223,0,101.93,8,319.84,519.88,556.33,,-0.3844,0.0333,-0.1,-0.195,0,kalman_zupt
1785678968.8310685,27.1396,0,96.74,8,319.84,519.88,558.39,,-0.3844,0.0333,-0.1,-0.195,0,kalman_zupt
1785678968.8484213,27.1569,0,91.28,8,319.84,519.88,560.59,,-0.2582,-0.0409,-0.105,-0.195,0,kalman_zupt
1785678968.8648875,27.1734,0,86.1,8,319.84,519.88,562.72,,-0.2582,-0.0409,-0.105,-0.195,0,kalman_zupt
1785678968.8824553,27.1909,0,80.16,8,319.84,519.88,565.22,,-0.4452,0.0909,-0.113,-0.194,0,kalman_zupt
1785678968.898059,27.2066,0,74.88,8,319.84,519.88,567.47,,-0.4452,0.0909,-0.113,-0.194,0,kalman_zupt
1785678968.9147055,27.2232,0,69.25,8,319.84,519.88,569.93,,-0.4452,0.0909,-0.113,-0.194,0,kalman_zupt
1785678968.9317453,27.2402,0,63.38,8,319.84,519.88,572.53,,-0.1208,-0.0281,-0.115,-0.194,0,kalman_zupt
1785678968.9484484,27.2569,0,57.63,8,319.84,519.88,575.13,,-0.1208,-0.0281,-0.115,-0.194,0,kalman_zupt
1785678968.964496,27.273,0,51.94,8,319.84,519.88,577.75,,-0.2181,0.0084,-0.118,-0.194,0,kalman_zupt
1785678968.9800358,27.2885,0,46.43,8,319.84,519.88,580.32,,-0.2181,0.0084,-0.118,-0.194,0,kalman_zupt
1785678968.9959095,27.3044,0,40.79,8,319.84,519.88,583.0,,-0.2181,0.0084,-0.118,-0.194,0,kalman_zupt
1785678969.0117404,27.3202,0,34.93,8,319.84,519.88,585.83,,-0.333,0.0231,-0.124,-0.194,0,kalman_zupt
1785678969.0285397,27.337,0,28.7,8,319.84,519.88,588.88,,-0.333,0.0231,-0.124,-0.194,0,kalman_zupt
1785678969.0445557,27.353,0,22.56,8,319.84,519.88,591.94,,-0.2589,-0.0444,-0.128,-0.194,0,kalman_zupt
1785678969.0615866,27.3701,0,16.04,8,319.84,519.88,595.24,,-0.2589,-0.0444,-0.128,-0.194,0,kalman_zupt
1785678969.079262,27.3878,0,9.27,8,319.84,519.88,598.73,,-0.2589,-0.0444,-0.128,-0.194,0,kalman_zupt
1785678969.095684,27.4042,0,8,8,319.84,519.88,599.39,,-0.2589,-0.0444,-0.128,-0.194,0,kalman_zupt
1785678969.1124833,27.421,0,8,8,319.84,519.88,599.39,,-0.2452,0.0154,-0.132,-0.194,0,kalman_zupt
1785678969.1281729,27.4367,0,8,8,319.84,519.88,599.39,,-0.2452,0.0154,-0.132,-0.194,0,kalman_zupt
1785678969.144538,27.453,0,8,8,319.84,519.88,599.39,,-0.2452,0.0154,-0.132,-0.194,0,kalman_zupt
1785678969.1617272,27.4702,0,8,8,319.84,519.88,599.39,,-0.2452,0.0154,-0.132,-0.194,0,kalman_zupt
1785678969.1793075,27.4878,0,8,8,319.84,519.88,599.39,,-0.2452,0.0154,-0.132,-0.194,0,kalman_zupt
1785678969.195277,27.5038,0,8,8,319.84,519.88,599.39,,-0.2452,0.0154,-0.132,-0.194,0,kalman_zupt
1785678969.2108884,27.5194,0,8,8,319.84,519.88,599.39,,-0.2452,0.0154,-0.132,-0.194,0,kalman_zupt
1785678969.2275693,27.5361,0,8,8,319.84,519.88,599.39,,-0.2452,0.0154,-0.132,-0.194,0,kalman_zupt
1785678969.2432313,27.5517,0,8,8,319.84,519.88,599.39,,-0.2452,0.0154,-0.132,-0.194,0,kalman_zupt
1785678969.2595103,27.568,0,8,8,319.84,519.88,599.39,,-0.2452,0.0154,-0.132,-0.194,0,kalman_zupt
1785678969.275538,27.584,0,8,8,319.84,519.88,599.39,,-0.2452,0.0154,-0.132,-0.194,0,kalman_zupt
1785678969.2924597,27.601,0,8,8,319.84,519.88,599.39,,-0.2452,0.0154,-0.132,-0.194,0,kalman_zupt
1785678969.3084004,27.6169,0,8,8,319.84,519.88,599.39,,-0.2452,0.0154,-0.132,-0.194,0,kalman_zupt
1785678969.3240116,27.6325,0,8,8,319.84,519.88,599.39,,-0.2452,0.0154,-0.132,-0.194,0,kalman_zupt
1785678969.3408074,27.6493,0,8,8,319.84,519.88,599.39,,-0.2452,0.0154,-0.132,-0.194,0,kalman_zupt
1785678969.3573635,27.6659,0,8,8,319.84,519.88,599.39,,-0.2452,0.0154,-0.132,-0.194,0,kalman_zupt
1785678969.3735797,27.6821,0,8,8,319.84,519.88,599.39,,-0.2452,0.0154,-0.132,-0.194,0,kalman_zupt
1785678969.38924,27.6977,0,8,8,319.84,519.88,599.39,,-0.238,-0.0182,-0.136,-0.194,0,kalman_zupt
1785678969.4053326,27.7138,0,8,8,319.84,519.88,599.39,,-0.238,-0.0182,-0.136,-0.194,0,kalman_zupt
1785678969.4216216,27.7301,0,8,8,319.84,519.88,599.39,,-0.238,-0.0182,-0.136,-0.194,0,kalman_zupt
1785678969.4384415,27.7469,0,8,8,319.84,519.88,599.39,,-0.264,-0.0076,-0.14,-0.195,0,kalman_zupt
1785678969.454444,27.7629,0,8,8,319.84,519.88,599.39,,-0.264,-0.0076,-0.14,-0.195,0,kalman_zupt
1785678969.4706376,27.7791,0,8,8,319.84,519.88,599.39,,-0.2473,-0.0279,-0.144,-0.195,0,kalman_zupt
1785678969.4881952,27.7967,0,8,8,319.84,519.88,599.39,,-0.2473,-0.0279,-0.144,-0.195,0,kalman_zupt
1785678969.5041907,27.8127,0,8,8,319.84,519.88,599.39,,-0.2473,-0.0279,-0.144,-0.195,0,kalman_zupt
1785678969.5198965,27.8284,0,8,8,319.84,519.88,599.39,,-0.2308,-0.0087,-0.148,-0.195,0,kalman_zupt
1785678969.5366154,27.8451,0,8,8,319.84,519.88,599.39,,-0.2308,-0.0087,-0.148,-0.195,0,kalman_zupt
1785678969.5536559,27.8621,0,8,8,319.84,519.88,599.39,,-0.2555,0.034,-0.152,-0.195,0,kalman_zupt
1785678969.5712395,27.8797,0,8,8,319.84,519.88,599.39,,-0.2555,0.034,-0.152,-0.195,0,kalman_zupt
1785678969.5877483,27.8962,0,8,8,319.84,519.88,599.39,,-0.257,0.0225,-0.156,-0.194,0,kalman_zupt
1785678969.60422,27.9127,0,8,8,319.84,519.88,599.39,,-0.257,0.0225,-0.156,-0.194,0,kalman_zupt
1785678969.6204858,27.929,0,8,8,319.84,519.88,599.39,,-0.257,0.0225,-0.156,-0.194,0,kalman_zupt
1785678969.636545,27.945,0,8,8,319.84,519.88,599.39,,-0.262,-0.0319,-0.16,-0.195,0,kalman_zupt
1785678969.6521366,27.9606,0,8,8,319.84,519.88,599.39,,-0.262,-0.0319,-0.16,-0.195,0,kalman_zupt
1785678969.668187,27.9767,0,8,8,319.84,519.88,599.39,,-0.2675,-0.0034,-0.165,-0.195,0,kalman_zupt
1785678969.6847324,27.9932,0,8,8,319.84,519.88,599.39,,-0.2675,-0.0034,-0.165,-0.195,0,kalman_zupt
1785678969.7022948,28.0108,0,8,8,319.84,519.88,599.39,,-0.2675,-0.0034,-0.165,-0.195,0,kalman_zupt
1785678969.7191374,28.0276,0,8,8,319.84,519.88,599.39,,-0.2308,0.0644,-0.169,-0.194,0,kalman_zupt
1785678969.735231,28.0437,0,8,8,319.84,519.88,599.39,,-0.2308,0.0644,-0.169,-0.194,0,kalman_zupt
1785678969.7515218,28.06,0,8,8,319.84,519.88,599.39,,-0.2308,0.0644,-0.169,-0.194,0,kalman_zupt
1785678969.766885,28.0754,0,8,8,319.84,519.88,599.39,,-0.1154,0.0674,-0.17,-0.193,0,kalman_zupt
1785678969.783421,28.0919,0,8,8,319.84,519.88,599.39,,-0.1154,0.0674,-0.17,-0.193,0,kalman_zupt
1785678969.79949,28.108,0,8,8,319.84,519.88,599.39,,-0.1154,0.0674,-0.17,-0.193,0,kalman_zupt
1785678969.8156028,28.1241,0,8,8,319.84,519.88,599.39,,-0.1154,0.0674,-0.17,-0.193,0,kalman_zupt
1785678969.8325732,28.1411,0,8,8,319.84,519.88,599.39,,-0.1154,0.0674,-0.17,-0.193,0,kalman_zupt
1785678969.8492947,28.1578,0,8,8,319.84,519.88,599.39,,-0.3037,-0.0861,-0.175,-0.194,0,kalman_zupt
1785678969.8654265,28.1739,0,8,8,319.84,519.88,599.39,,-0.3037,-0.0861,-0.175,-0.194,0,kalman_zupt
1785678969.8811574,28.1896,0,8,8,319.84,519.88,599.39,,-0.3037,-0.0861,-0.175,-0.194,0,kalman_zupt
1785678969.8973436,28.2058,0,8,8,319.84,519.88,599.39,,-0.3071,0.0594,-0.18,-0.193,0,kalman_zupt
1785678969.9136653,28.2222,0,8,8,319.84,519.88,599.39,,-0.3071,0.0594,-0.18,-0.193,0,kalman_zupt
1785678969.930562,28.2391,0,8,8,319.84,519.88,599.39,,-0.3071,0.0594,-0.18,-0.193,0,kalman_zupt
1785678969.947085,28.2556,0,8,8,319.84,519.88,599.39,,-0.3071,0.0594,-0.18,-0.193,0,kalman_zupt
1785678969.9633815,28.2719,0,8,8,319.84,519.88,599.39,,-0.1722,-0.0688,-0.183,-0.194,0,kalman_zupt
1785678969.9800148,28.2885,0,8,8,319.84,519.88,599.39,,-0.1722,-0.0688,-0.183,-0.194,0,kalman_zupt
1785678969.995184,28.3037,0,8,8,319.84,519.88,599.39,,-0.1722,-0.0688,-0.183,-0.194,0,kalman_zupt
1785678970.0113227,28.3198,0,8,8,319.84,519.88,599.39,,-0.1722,-0.0688,-0.183,-0.194,0,kalman_zupt
1785678970.0280101,28.3365,0,8,8,319.84,519.88,599.39,,-0.1722,-0.0688,-0.183,-0.194,0,kalman_zupt
1785678970.0446959,28.3532,0,8,8,319.84,519.88,599.39,,-0.1722,-0.0688,-0.183,-0.194,0,kalman_zupt
1785678970.0615523,28.37,0,8,8,319.84,519.88,599.39,,-0.1722,-0.0688,-0.183,-0.194,0,kalman_zupt
1785678970.0782142,28.3867,0,8,8,319.84,519.88,599.39,,-0.1722,-0.0688,-0.183,-0.194,0,kalman_zupt
1785678970.094688,28.4032,0,8,8,319.84,519.88,599.39,,-0.1722,-0.0688,-0.183,-0.194,0,kalman_zupt
1785678970.112225,28.4207,0,8,8,319.84,519.88,599.39,,-0.1722,-0.0688,-0.183,-0.194,0,kalman_zupt
1785678970.1283796,28.4369,0,8,8,319.84,519.88,599.39,,-0.1722,-0.0688,-0.183,-0.194,0,kalman_zupt
1785678970.1443222,28.4528,0,8,8,319.84,519.88,599.39,,-0.1722,-0.0688,-0.183,-0.194,0,kalman_zupt
1785678970.1604853,28.469,0,8,8,319.84,519.88,599.39,,-0.1722,-0.0688,-0.183,-0.194,0,kalman_zupt
1785678970.1762333,28.4847,0,8,8,319.84,519.88,599.39,,-0.1722,-0.0688,-0.183,-0.194,0,kalman_zupt
1785678970.1924424,28.5009,0,8,8,319.84,519.88,599.39,,-0.1722,-0.0688,-0.183,-0.194,0,kalman_zupt
1785678970.20834,28.5168,0,8,8,319.84,519.88,599.39,,-0.1722,-0.0688,-0.183,-0.194,0,kalman_zupt
1785678970.2245424,28.533,0,8,8,319.84,519.88,599.39,,-0.1722,-0.0688,-0.183,-0.194,0,kalman_zupt
1785678970.2401798,28.5487,0,8,8,319.84,519.88,599.39,,-0.1722,-0.0688,-0.183,-0.194,0,kalman_zupt
1785678970.2562149,28.5647,0,8,8,319.84,519.88,599.39,,-0.1722,-0.0688,-0.183,-0.194,0,kalman_zupt
1785678970.272384,28.5809,0,8,8,319.84,519.88,599.39,,-0.1722,-0.0688,-0.183,-0.194,0,kalman_zupt
1785678970.2892175,28.5977,0,8,8,319.84,519.88,599.39,,-0.1722,-0.0688,-0.183,-0.194,0,kalman_zupt
1785678970.3054752,28.614,0,8,8,319.84,519.88,599.39,,-0.1722,-0.0688,-0.183,-0.194,0,kalman_zupt
1785678970.3215358,28.63,0,8,8,319.84,519.88,599.39,,-0.1722,-0.0688,-0.183,-0.194,0,kalman_zupt
1785678970.3378842,28.6464,0,8,8,319.84,519.88,599.39,,-0.1722,-0.0688,-0.183,-0.194,0,kalman_zupt
1785678970.354264,28.6628,0,8,8,319.84,519.88,599.39,,-0.1722,-0.0688,-0.183,-0.194,0,kalman_zupt
1785678970.3709998,28.6795,0,8,8,319.84,519.88,599.39,,-0.1722,-0.0688,-0.183,-0.194,0,kalman_zupt
1785678970.388174,28.6967,0,8,8,319.84,519.88,599.39,,-0.1722,-0.0688,-0.183,-0.194,0,kalman_zupt
1785678970.4040265,28.7125,0,8,8,319.84,519.88,599.39,,-0.1722,-0.0688,-0.183,-0.194,0,kalman_zupt
1785678970.4206748,28.7292,0,8,8,319.84,519.88,599.39,,-0.1722,-0.0688,-0.183,-0.194,0,kalman_zupt
1785678970.4374278,28.7459,0,8,8,319.84,519.88,599.39,,-0.1722,-0.0688,-0.183,-0.194,0,kalman_zupt
1785678970.4533954,28.7619,0,8,8,319.84,519.88,599.39,,-0.1722,-0.0688,-0.183,-0.194,0,kalman_zupt
1785678970.469233,28.7777,0,8,8,319.84,519.88,599.39,,-0.1722,-0.0688,-0.183,-0.194,0,kalman_zupt
1785678970.4856722,28.7942,0,8,8,319.84,519.88,599.39,,-0.1722,-0.0688,-0.183,-0.194,0,kalman_zupt
1785678970.5024617,28.811,0,8,8,319.84,519.88,599.39,,-0.1722,-0.0688,-0.183,-0.194,0,kalman_zupt
1785678970.5193005,28.8278,0,8,8,319.84,519.88,599.39,,-0.1722,-0.0688,-0.183,-0.194,0,kalman_zupt
1785678970.5353255,28.8438,0,8,8,319.84,519.88,599.39,,-0.1722,-0.0688,-0.183,-0.194,0,kalman_zupt
1785678970.615545,28.924,0,8,8,319.84,519.88,599.39,,-0.1722,-0.0688,-0.183,-0.194,0,kalman_zupt
