timestamp,elapsed_s,target_index,cursor_x,cursor_y,target_x,target_y,distance,hit_event,accel_x,accel_y,vel_x,vel_y,zupt_active,filter
1785683880.2071326,0.002,0,400.0,300.0,386.33,514.82,215.25,,-0.1923,-0.1625,0.0,0.0,0,glrt_zupt
1785683880.2223995,0.0173,0,400.0,300.0,386.33,514.82,215.25,,-0.2327,-0.0671,0.0,0.0,0,glrt_zupt
1785683880.2389386,0.0338,0,400.0,300.0,386.33,514.82,215.25,,-0.2327,-0.0671,0.0,0.0,0,glrt_zupt
1785683880.2561975,0.0511,0,400.0,300.0,386.33,514.82,215.25,,-0.2122,-0.1346,0.0,0.0,0,glrt_zupt
1785683880.273091,0.068,0,400.0,300.0,386.33,514.82,215.25,,-0.2122,-0.1346,0.0,0.0,0,glrt_zupt
1785683880.2895763,0.0844,0,400.0,300.0,386.33,514.82,215.25,,-0.1821,-0.2508,0.0,0.0,0,glrt_zupt
1785683880.3059745,0.1008,0,400.0,300.0,386.33,514.82,215.25,,-0.1821,-0.2508,0.0,0.0,0,glrt_zupt
1785683880.3233123,0.1182,0,400.0,300.0,386.33,514.82,215.25,,-0.1821,-0.2508,0.0,0.0,0,glrt_zupt
1785683880.3403056,0.1352,0,400.0,300.0,386.33,514.82,215.25,,-0.192,-0.1993,0.0,0.0,0,glrt_zupt
1785683880.356906,0.1518,0,400.0,300.0,386.33,514.82,215.25,,-0.192,-0.1993,0.0,0.0,0,glrt_zupt
1785683880.3727283,0.1676,0,400.0,300.0,386.33,514.82,215.25,,-0.2139,-0.0855,0.0,0.0,0,glrt_zupt
1785683880.3888407,0.1837,0,400.0,300.0,386.33,514.82,215.25,,-0.2139,-0.0855,0.0,0.0,0,glrt_zupt
1785683880.4053743,0.2002,0,400.0,300.0,386.33,514.82,215.25,,-0.2139,-0.0855,0.0,0.0,0,glrt_zupt
1785683880.4220145,0.2169,0,400.0,300.0,386.33,514.82,215.25,,-0.2041,-0.1627,0.0,0.0,0,glrt_zupt
1785683880.4394372,0.2343,0,400.0,300.0,386.33,514.82,215.25,,-0.2041,-0.1627,0.0,0.0,0,glrt_zupt
1785683880.4553032,0.2502,0,400.0,300.0,386.33,514.82,215.25,,-0.177,-0.2471,0.0,0.0,0,glrt_zupt
1785683880.4715493,0.2664,0,400.0,300.0,386.33,514.82,215.25,,-0.177,-0.2471,0.0,0.0,0,glrt_zupt
1785683880.4881916,0.2831,0,400.0,300.0,386.33,514.82,215.25,,-0.1825,-0.2218,0.0,0.0,0,glrt_zupt
1785683880.5047748,0.2996,0,400.0,300.0,386.33,514.82,215.25,,-0.1825,-0.2218,0.0,0.0,0,glrt_zupt
1785683880.5211718,0.316,0,400.0,300.0,386.33,514.82,215.25,,-0.2023,-0.1189,0.0,0.0,0,glrt_zupt
1785683880.5373988,0.3323,0,400.0,300.0,386.33,514.82,215.25,,-0.2023,-0.1189,0.0,0.0,0,glrt_zupt
1785683880.5530963,0.348,0,400.0,300.0,386.33,514.82,215.25,,-0.2023,-0.1189,0.0,0.0,0,glrt_zupt
1785683880.570143,0.365,0,400.0,300.0,386.33,514.82,215.25,,-0.2099,-0.1004,0.0,0.0,0,glrt_zupt
1785683880.5883205,0.3832,0,400.0,300.0,386.33,514.82,215.25,,-0.2099,-0.1004,0.0,0.0,0,glrt_zupt
1785683880.605115,0.4,0,400.0,300.0,386.33,514.82,215.25,,-0.1793,-0.2093,0.0,0.0,0,glrt_zupt
1785683880.6218882,0.4168,0,400.0,300.0,386.33,514.82,215.25,,-0.1793,-0.2093,0.0,0.0,0,glrt_zupt
1785683880.6380758,0.4329,0,400.0,300.0,386.33,514.82,215.25,,-0.1645,-0.2368,0.0,0.0,0,glrt_zupt
1785683880.65401,0.4489,0,400.0,300.0,386.33,514.82,215.25,,-0.1645,-0.2368,0.0,0.0,0,glrt_zupt
1785683880.670836,0.4657,0,400.0,300.0,386.33,514.82,215.25,,-0.1957,-0.1573,0.0,0.0,0,glrt_zupt
1785683880.6866207,0.4815,0,400.0,300.0,386.33,514.82,215.25,,-0.1957,-0.1573,0.0,0.0,0,glrt_zupt
1785683880.7026508,0.4975,0,400.0,300.0,386.33,514.82,215.25,,-0.1957,-0.1573,0.0,0.0,0,glrt_zupt
1785683880.718437,0.5133,0,400.0,300.0,386.33,514.82,215.25,,-0.2107,-0.0899,0.0,0.0,0,glrt_zupt
1785683880.7342732,0.5291,0,400.0,300.0,386.33,514.82,215.25,,-0.2107,-0.0899,0.0,0.0,0,glrt_zupt
1785683880.751468,0.5463,0,400.0,300.0,386.33,514.82,215.25,,-0.1892,-0.1327,0.0,0.0,0,glrt_zupt
1785683880.7681339,0.563,0,400.0,300.0,386.33,514.82,215.25,,-0.1892,-0.1327,0.0,0.0,0,glrt_zupt
1785683880.7853293,0.5802,0,400.0,300.0,386.33,514.82,215.25,,-0.1892,-0.1327,0.0,0.0,0,glrt_zupt
1785683880.801447,0.5963,0,400.0,300.0,386.33,514.82,215.25,,-0.169,-0.2188,0.0,0.0,0,glrt_zupt
1785683880.8174002,0.6123,0,400.0,300.0,386.33,514.82,215.25,,-0.169,-0.2188,0.0,0.0,0,glrt_zupt
1785683880.8333833,0.6283,0,400.0,300.0,386.33,514.82,215.25,,-0.1831,-0.1844,0.0,0.0,0,glrt_zupt
1785683880.849481,0.6443,0,400.0,300.0,386.33,514.82,215.25,,-0.1831,-0.1844,0.0,0.0,0,glrt_zupt
1785683880.865461,0.6603,0,400.0,300.0,386.33,514.82,215.25,,-0.1901,-0.1007,0.0,0.0,0,glrt_zupt
1785683880.8821428,0.677,0,400.0,300.0,386.33,514.82,215.25,,-0.1901,-0.1007,0.0,0.0,0,glrt_zupt
1785683880.8989494,0.6938,0,400.0,300.0,386.33,514.82,215.25,,-0.1842,-0.1129,0.0,0.0,0,glrt_zupt
1785683880.9158175,0.7107,0,400.0,300.0,386.33,514.82,215.25,,-0.1842,-0.1129,0.0,0.0,0,glrt_zupt
1785683880.9333436,0.7282,0,400.0,300.0,386.33,514.82,215.25,,-0.1773,-0.1896,0.0,0.0,0,glrt_zupt
1785683880.9500346,0.7449,0,400.0,300.0,386.33,514.82,215.25,,-0.1773,-0.1896,0.0,0.0,0,glrt_zupt
1785683880.9680817,0.7629,0,400.0,300.0,386.33,514.82,215.25,,-0.1773,-0.1896,0.0,0.0,0,glrt_zupt
1785683880.9850025,0.7799,0,400.0,300.0,386.33,514.82,215.25,,-0.1762,-0.2199,0.0,0.0,0,glrt_zupt
1785683881.0011158,0.796,0,400.0,300.0,386.33,514.82,215.25,,-0.1762,-0.2199,0.0,0.0,0,glrt_zupt
1785683881.0183394,0.8132,0,400.0,300.0,386.33,514.82,215.25,,-0.1819,-0.1262,0.0,0.0,0,glrt_zupt
1785683881.034458,0.8293,0,400.0,300.0,386.33,514.82,215.25,,-0.1819,-0.1262,0.0,0.0,0,glrt_zupt
1785683881.0509825,0.8458,0,400.0,300.0,386.33,514.82,215.25,,-0.1819,-0.1262,0.0,0.0,0,glrt_zupt
1785683881.0683448,0.8632,0,400.0,300.0,386.33,514.82,215.25,,-0.1929,-0.1049,0.0,0.0,0,glrt_zupt
1785683881.0841157,0.879,0,400.0,300.0,386.33,514.82,215.25,,-0.1929,-0.1049,0.0,0.0,0,glrt_zupt
1785683881.1011577,0.896,0,400.0,300.0,386.33,514.82,215.25,,-0.1803,-0.1606,0.0,0.0,0,glrt_zupt
1785683881.117925,0.9128,0,400.0,300.0,386.33,514.82,215.25,,-0.1803,-0.1606,0.0,0.0,0,glrt_zupt
1785683881.1352348,0.9301,0,400.0,300.0,386.33,514.82,215.25,,-0.1713,-0.2077,0.0,0.0,0,glrt_zupt
1785683881.1513155,0.9462,0,400.0,300.0,386.33,514.82,215.25,,-0.1713,-0.2077,0.0,0.0,0,glrt_zupt
1785683881.1681166,0.963,0,400.0,300.0,386.33,514.82,215.25,,-0.1713,-0.2077,0.0,0.0,0,glrt_zupt
1785683881.1855342,0.9804,0,400.0,300.0,386.33,514.82,215.25,,-0.1713,-0.2077,0.0,0.0,0,glrt_zupt
1785683881.2016058,0.9965,0,400.0,300.0,386.33,514.82,215.25,,-0.1713,-0.2077,0.0,0.0,0,glrt_zupt
1785683881.2182121,1.0131,0,400.0,300.0,386.33,514.82,215.25,,-0.1713,-0.2077,0.0,0.0,0,glrt_zupt
1785683881.2352586,1.0301,0,400.0,300.0,386.33,514.82,215.25,,-0.1829,-0.1062,0.0,0.0,0,glrt_zupt
1785683881.2522001,1.0471,0,400.0,300.0,386.33,514.82,215.25,,-0.1829,-0.1062,0.0,0.0,0,glrt_zupt
1785683881.2691312,1.064,0,400.0,300.0,386.33,514.82,215.25,,-0.1829,-0.1062,0.0,0.0,0,glrt_zupt
1785683881.2858207,1.0807,0,400.0,300.0,386.33,514.82,215.25,,-0.1829,-0.1062,0.0,0.0,0,glrt_zupt
1785683881.301571,1.0964,0,400.0,300.0,386.33,514.82,215.25,,-0.1829,-0.1062,0.0,0.0,0,glrt_zupt
1785683881.3173387,1.1122,0,400.0,300.0,386.33,514.82,215.25,,-0.1829,-0.1062,0.0,0.0,0,glrt_zupt
1785683881.3341737,1.129,0,400.0,300.0,386.33,514.82,215.25,,-0.1746,-0.1557,0.0,0.0,0,glrt_zupt
1785683881.3513777,1.1462,0,400.0,300.0,386.33,514.82,215.25,,-0.1746,-0.1557,0.0,0.0,0,glrt_zupt
1785683881.3683653,1.1632,0,400.0,300.0,386.33,514.82,215.25,,-0.1746,-0.1557,0.0,0.0,0,glrt_zupt
1785683881.3854775,1.1803,0,400.0,300.0,386.33,514.82,215.25,,-0.1746,-0.1557,0.0,0.0,0,glrt_zupt
1785683881.4015298,1.1964,0,400.0,300.0,386.33,514.82,215.25,,-0.1746,-0.1557,0.0,0.0,0,glrt_zupt
1785683881.4180322,1.2129,0,400.0,300.0,386.33,514.82,215.25,,-0.1746,-0.1557,0.0,0.0,0,glrt_zupt
1785683881.4350562,1.2299,0,400.0,300.0,386.33,514.82,215.25,,-0.1746,-0.1557,0.0,0.0,0,glrt_zupt
1785683881.4520838,1.247,0,400.0,300.0,386.33,514.82,215.25,,-0.1284,-0.1909,0.0,0.0,0,glrt_zupt
1785683881.4691327,1.264,0,400.0,300.0,386.33,514.82,215.25,,-0.1284,-0.1909,0.0,0.0,0,glrt_zupt
1785683881.48583,1.2807,0,400.0,300.0,386.33,514.82,215.25,,-0.1284,-0.1909,0.0,0.0,0,glrt_zupt
1785683881.50165,1.2965,0,400.0,300.0,386.33,514.82,215.25,,-0.1284,-0.1909,0.0,0.0,0,glrt_zupt
1785683881.5173547,1.3122,0,400.0,300.0,386.33,514.82,215.25,,-0.1284,-0.1909,0.0,0.0,0,glrt_zupt
1785683881.534747,1.3296,0,400.0,300.0,386.33,514.82,215.25,,-0.1284,-0.1909,0.0,0.0,0,glrt_zupt
1785683881.5510724,1.3459,0,400.0,300.0,386.33,514.82,215.25,,-0.0683,-0.1195,0.0,0.0,0,glrt_zupt
1785683881.5685787,1.3634,0,400.0,300.0,386.33,514.82,215.25,,-0.0683,-0.1195,0.0,0.0,0,glrt_zupt
1785683881.5842066,1.3791,0,400.0,300.0,386.33,514.82,215.25,,-0.0683,-0.1195,0.0,0.0,0,glrt_zupt
1785683881.6014009,1.3963,0,400.0,300.0,386.33,514.82,215.25,,-0.0683,-0.1195,0.0,0.0,0,glrt_zupt
1785683881.6180992,1.413,0,400.0,300.0,386.33,514.82,215.25,,-0.0683,-0.1195,0.0,0.0,0,glrt_zupt
1785683881.635074,1.4299,0,400.0,300.0,386.33,514.82,215.25,,-0.0683,-0.1195,0.0,0.0,0,glrt_zupt
1785683881.652507,1.4474,0,400.0,300.0,386.33,514.82,215.25,,-0.0683,-0.1195,0.0,0.0,0,glrt_zupt
1785683881.6681826,1.4631,0,400.0,300.0,386.33,514.82,215.25,,-0.1653,-0.1626,0.0,0.0,0,glrt_zupt
1785683881.6845841,1.4795,0,400.0,300.0,386.33,514.82,215.25,,-0.1653,-0.1626,0.0,0.0,0,glrt_zupt
1785683881.7011611,1.496,0,400.0,300.0,386.33,514.82,215.25,,0.0757,-0.0474,0.0,0.0,0,glrt_zupt
1785683881.7180474,1.5129,0,400.0,300.0,386.33,514.82,215.25,,0.0757,-0.0474,0.0,0.0,0,glrt_zupt
1785683881.735282,1.5301,0,400.0,300.0,386.33,514.82,215.25,,0.0757,-0.0474,0.0,0.0,0,glrt_zupt
1785683881.7524862,1.5474,0,400.0,300.0,386.33,514.82,215.25,,0.0757,-0.0474,0.0,0.0,0,glrt_zupt
1785683881.7680109,1.5629,0,400.0,300.0,386.33,514.82,215.25,,0.0757,-0.0474,0.0,0.0,0,glrt_zupt
1785683881.785267,1.5801,0,400.0,300.0,386.33,514.82,215.25,,0.0757,-0.0474,0.0,0.0,0,glrt_zupt
1785683881.8024535,1.5973,0,400.0,300.0,386.33,514.82,215.25,,-0.8383,-1.7969,0.0,0.0,0,glrt_zupt
1785683881.8191392,1.614,0,400.0,300.0,386.33,514.82,215.25,,-0.8383,-1.7969,0.0,0.0,0,glrt_zupt
1785683881.836282,1.6311,0,400.0,300.0,386.33,514.82,215.25,,-0.8383,-1.7969,0.0,0.0,0,glrt_zupt
1785683881.853232,1.6481,0,400.0,300.0,386.33,514.82,215.25,,-0.8383,-1.7969,0.0,0.0,0,glrt_zupt
1785683881.870552,1.6654,0,400.0,300.0,386.33,514.82,215.25,,-0.8383,-1.7969,0.0,0.0,0,glrt_zupt
1785683881.8870656,1.6819,0,400.0,300.0,386.33,514.82,215.25,,-0.8383,-1.7969,0.0,0.0,0,glrt_zupt
1785683881.904088,1.699,0,400.0,300.0,386.33,514.82,215.25,,3.0248,5.2987,0.0,0.0,0,glrt_zupt
1785683881.9213283,1.7162,0,400.0,300.0,386.33,514.82,215.25,,3.0248,5.2987,0.0,0.0,0,glrt_zupt
1785683881.9379668,1.7328,0,400.0,300.0,386.33,514.82,215.25,,3.0248,5.2987,0.0,0.0,0,glrt_zupt
1785683881.955212,1.7501,0,400.0,300.0,386.33,514.82,215.25,,3.0248,5.2987,0.0,0.0,0,glrt_zupt
1785683881.9719436,1.7668,0,400.0,300.0,386.33,514.82,215.25,,3.0248,5.2987,0.0,0.0,0,glrt_zupt
1785683881.9892435,1.7841,0,400.0,300.0,386.33,514.82,215.25,,3.0248,5.2987,0.0,0.0,0,glrt_zupt
1785683882.0050006,1.7999,0,400.0,300.0,386.33,514.82,215.25,,-1.159,-0.9484,0.0,0.0,0,glrt_zupt
1785683882.0223541,1.8172,0,400.0,300.0,386.33,514.82,215.25,,-1.159,-0.9484,0.0,0.0,0,glrt_zupt
1785683882.038949,1.8338,0,400.0,300.0,386.33,514.82,215.25,,-1.159,-0.9484,0.0,0.0,0,glrt_zupt
1785683882.0561273,1.851,0,400.0,300.0,386.33,514.82,215.25,,-1.159,-0.9484,0.0,0.0,0,glrt_zupt
1785683882.072992,1.8679,0,400.0,300.0,386.33,514.82,215.25,,-1.159,-0.9484,0.0,0.0,0,glrt_zupt
1785683882.0901108,1.885,0,400.0,300.0,386.33,514.82,215.25,,-1.159,-0.9484,0.0,0.0,0,glrt_zupt
1785683882.1069605,1.9018,0,400.0,300.0,386.33,514.82,215.25,,1.2926,0.184,0.0,0.0,0,glrt_zupt
1785683882.1237898,1.9187,0,400.0,300.0,386.33,514.82,215.25,,1.2926,0.184,0.0,0.0,0,glrt_zupt
1785683882.1401277,1.935,0,400.0,300.0,386.33,514.82,215.25,,1.2926,0.184,0.0,0.0,0,glrt_zupt
1785683882.1573925,1.9523,0,400.0,300.0,386.33,514.82,215.25,,2.4102,-0.3766,0.0,0.0,0,glrt_zupt
1785683882.1731124,1.968,0,400.0,300.0,386.33,514.82,215.25,,2.4102,-0.3766,0.0,0.0,0,glrt_zupt
1785683882.1906035,1.9855,0,400.0,300.0,386.33,514.82,215.25,,2.4102,-0.3766,0.0,0.0,0,glrt_zupt
1785683882.207009,2.0019,0,400.0,300.0,386.33,514.82,215.25,,2.4102,-0.3766,0.0,0.0,0,glrt_zupt
1785683882.2236505,2.0185,0,400.0,300.0,386.33,514.82,215.25,,2.4102,-0.3766,0.0,0.0,0,glrt_zupt
1785683882.240051,2.0349,0,400.0,300.0,386.33,514.82,215.25,,-0.5988,0.5076,0.0,0.0,0,glrt_zupt
1785683882.2582638,2.0531,0,400.0,300.0,386.33,514.82,215.25,,-0.5988,0.5076,0.0,0.0,0,glrt_zupt
1785683882.2753258,2.0702,0,400.0,300.0,386.33,514.82,215.25,,-0.5988,0.5076,0.0,0.0,0,glrt_zupt
1785683882.2922597,2.0871,0,400.0,300.0,386.33,514.82,215.25,,-0.5988,0.5076,0.0,0.0,0,glrt_zupt
1785683882.3092775,2.1041,0,400.0,300.0,386.33,514.82,215.25,,-0.5988,0.5076,0.0,0.0,0,glrt_zupt
1785683882.326163,2.121,0,400.0,300.0,386.33,514.82,215.25,,-0.5988,0.5076,0.0,0.0,0,glrt_zupt
1785683882.3427932,2.1377,0,400.0,300.0,386.33,514.82,215.25,,-1.5995,0.3905,0.0,0.0,0,glrt_zupt
1785683882.3583937,2.1533,0,400.0,300.0,386.33,514.82,215.25,,-1.5995,0.3905,0.0,0.0,0,glrt_zupt
1785683882.3750246,2.1699,0,400.0,300.0,386.33,514.82,215.25,,-1.5995,0.3905,0.0,0.0,0,glrt_zupt
1785683882.3921468,2.187,0,400.0,300.0,386.33,514.82,215.25,,0.0984,0.1126,0.0,0.0,0,glrt_zupt
1785683882.4098508,2.2047,0,400.0,300.0,386.33,514.82,215.25,,0.0984,0.1126,0.0,0.0,0,glrt_zupt
1785683882.4260755,2.2209,0,400.0,300.0,386.33,514.82,215.25,,0.0984,0.1126,0.0,0.0,0,glrt_zupt
1785683882.4434338,2.2383,0,400.0,300.0,386.33,514.82,215.25,,0.0984,0.1126,0.0,0.0,0,glrt_zupt
1785683882.4594376,2.2543,0,400.0,300.0,386.33,514.82,215.25,,0.0984,0.1126,0.0,0.0,0,glrt_zupt
1785683882.475348,2.2702,0,400.0,300.0,386.33,514.82,215.25,,0.0984,0.1126,0.0,0.0,0,glrt_zupt
1785683882.4924212,2.2873,0,400.0,300.0,386.33,514.82,215.25,,1.8046,-1.6043,0.0,0.0,0,glrt_zupt
1785683882.5082576,2.3031,0,400.0,300.0,386.33,514.82,215.25,,1.8046,-1.6043,0.0,0.0,0,glrt_zupt
1785683882.5251281,2.32,0,400.0,300.0,386.33,514.82,215.25,,1.8046,-1.6043,0.0,0.0,0,glrt_zupt
1785683882.5422065,2.3371,0,400.0,300.0,386.33,514.82,215.25,,1.8046,-1.6043,0.0,0.0,0,glrt_zupt
1785683882.5587308,2.3536,0,400.0,300.0,386.33,514.82,215.25,,1.8046,-1.6043,0.0,0.0,0,glrt_zupt
1785683882.574351,2.3692,0,400.0,300.0,386.33,514.82,215.25,,1.8046,-1.6043,0.0,0.0,0,glrt_zupt
1785683882.5906215,2.3855,0,400.0,300.0,386.33,514.82,215.25,,1.371,2.8633,0.0,0.0,0,glrt_zupt
1785683882.6067758,2.4016,0,400.0,300.0,386.33,514.82,215.25,,1.371,2.8633,0.0,0.0,0,glrt_zupt
1785683882.6232314,2.4181,0,400.0,300.0,386.33,514.82,215.25,,1.371,2.8633,0.0,0.0,0,glrt_zupt
1785683882.639917,2.4348,0,400.0,300.0,386.33,514.82,215.25,,-0.6453,-0.2008,0.0,0.0,0,glrt_zupt
1785683882.655563,2.4504,0,400.0,300.0,386.33,514.82,215.25,,-0.6453,-0.2008,0.0,0.0,0,glrt_zupt
1785683882.6712458,2.4661,0,400.0,300.0,386.33,514.82,215.25,,-0.6453,-0.2008,0.0,0.0,0,glrt_zupt
1785683882.6878655,2.4827,0,400.0,300.0,386.33,514.82,215.25,,-0.6453,-0.2008,0.0,0.0,0,glrt_zupt
1785683882.7034922,2.4984,0,400.0,300.0,386.33,514.82,215.25,,-0.6453,-0.2008,0.0,0.0,0,glrt_zupt
1785683882.7194688,2.5143,0,400.0,300.0,386.33,514.82,215.25,,-0.4708,0.0557,0.0,0.0,0,glrt_zupt
1785683882.7352786,2.5301,0,400.0,300.0,386.33,514.82,215.25,,-0.4708,0.0557,0.0,0.0,0,glrt_zupt
1785683882.7519917,2.5469,0,400.0,300.0,386.33,514.82,215.25,,-0.4708,0.0557,0.0,0.0,0,glrt_zupt
1785683882.7693248,2.5642,0,400.0,300.0,386.33,514.82,215.25,,-0.4708,0.0557,0.0,0.0,0,glrt_zupt
1785683882.786508,2.5814,0,400.0,300.0,386.33,514.82,215.25,,-0.4708,0.0557,0.0,0.0,0,glrt_zupt
1785683882.8026507,2.5975,0,400.0,300.0,386.33,514.82,215.25,,-1.4308,0.4523,0.0,0.0,0,glrt_zupt
1785683882.8191986,2.6141,0,400.0,300.0,386.33,514.82,215.25,,-1.4308,0.4523,0.0,0.0,0,glrt_zupt
1785683882.8362136,2.6311,0,400.0,300.0,386.33,514.82,215.25,,2.475,1.7139,0.0,0.0,0,glrt_zupt
1785683882.8530943,2.648,0,400.0,300.0,386.33,514.82,215.25,,2.475,1.7139,0.0,0.0,0,glrt_zupt
1785683882.8705766,2.6654,0,400.0,300.0,386.33,514.82,215.25,,2.475,1.7139,0.0,0.0,0,glrt_zupt
1785683882.88601,2.6809,0,400.0,300.0,386.33,514.82,215.25,,2.475,1.7139,0.0,0.0,0,glrt_zupt
1785683882.9035325,2.6984,0,400.0,300.0,386.33,514.82,215.25,,2.475,1.7139,0.0,0.0,0,glrt_zupt
1785683882.9194674,2.7143,0,400.0,300.0,386.33,514.82,215.25,,1.4998,2.7569,0.0,0.0,0,glrt_zupt
1785683882.9358218,2.7307,0,400.0,300.0,386.33,514.82,215.25,,1.4998,2.7569,0.0,0.0,0,glrt_zupt
1785683882.951453,2.7463,0,400.0,300.0,386.33,514.82,215.25,,1.4998,2.7569,0.0,0.0,0,glrt_zupt
1785683882.968276,2.7631,0,400.0,300.0,386.33,514.82,215.25,,1.4998,2.7569,0.0,0.0,0,glrt_zupt
1785683882.984181,2.779,0,400.0,300.0,386.33,514.82,215.25,,1.4998,2.7569,0.0,0.0,0,glrt_zupt
1785683883.001088,2.796,0,400.0,300.0,386.33,514.82,215.25,,0.1065,0.2605,0.0,0.0,0,glrt_zupt
1785683883.0183437,2.8132,0,400.0,300.0,386.33,514.82,215.25,,0.1065,0.2605,0.0,0.0,0,glrt_zupt
1785683883.034511,2.8294,0,400.0,300.0,386.33,514.82,215.25,,0.1065,0.2605,0.0,0.0,0,glrt_zupt
1785683883.0509522,2.8458,0,400.0,300.0,386.33,514.82,215.25,,-0.8025,-0.2921,0.0,0.0,0,glrt_zupt
1785683883.0682507,2.8631,0,400.0,300.0,386.33,514.82,215.25,,-0.8025,-0.2921,0.0,0.0,0,glrt_zupt
1785683883.0853639,2.8802,0,400.0,300.0,386.33,514.82,215.25,,-0.8025,-0.2921,0.0,0.0,0,glrt_zupt
1785683883.1025002,2.8974,0,400.0,300.0,386.33,514.82,215.25,,-0.8025,-0.2921,0.0,0.0,0,glrt_zupt
1785683883.118098,2.913,0,400.0,300.0,386.33,514.82,215.25,,-0.3789,-1.2524,0.0,0.0,0,glrt_zupt
1785683883.1348193,2.9297,0,400.0,300.0,386.33,514.82,215.25,,-0.3789,-1.2524,0.0,0.0,0,glrt_zupt
1785683883.1510024,2.9459,0,400.0,300.0,386.33,514.82,215.25,,-0.3789,-1.2524,0.0,0.0,0,glrt_zupt
1785683883.1675415,2.9624,0,400.0,300.0,386.33,514.82,215.25,,-0.3789,-1.2524,0.0,0.0,0,glrt_zupt
1785683883.183426,2.9783,0,400.0,300.0,386.33,514.82,215.25,,-0.3789,-1.2524,0.0,0.0,0,glrt_zupt
1785683883.2005386,2.9954,0,400.0,300.0,386.33,514.82,215.25,,-0.3789,-1.2524,0.0,0.0,0,glrt_zupt
1785683883.216379,3.0112,0,400.0,300.0,386.33,514.82,215.25,,-0.5617,-0.4806,0.0,0.0,0,glrt_zupt
1785683883.232189,3.0271,0,400.0,300.0,386.33,514.82,215.25,,-0.5617,-0.4806,0.0,0.0,0,glrt_zupt
1785683883.2494621,3.0443,0,400.0,300.0,386.33,514.82,215.25,,0.585,0.6617,0.0,0.0,0,glrt_zupt
1785683883.2651138,3.06,0,400.0,300.0,386.33,514.82,215.25,,0.585,0.6617,0.0,0.0,0,glrt_zupt
1785683883.2824676,3.0773,0,400.0,300.0,386.33,514.82,215.25,,0.585,0.6617,0.0,0.0,0,glrt_zupt
1785683883.2980273,3.0929,0,400.0,300.0,386.33,514.82,215.25,,0.585,0.6617,0.0,0.0,0,glrt_zupt
1785683883.314837,3.1097,0,400.0,300.0,386.33,514.82,215.25,,0.1743,0.678,0.0,0.0,0,glrt_zupt
1785683883.331024,3.1259,0,400.0,300.0,386.33,514.82,215.25,,0.1743,0.678,0.0,0.0,0,glrt_zupt
1785683883.3480332,3.1429,0,400.0,300.0,386.33,514.82,215.25,,0.1743,0.678,0.0,0.0,0,glrt_zupt
1785683883.3654265,3.1603,0,400.0,300.0,386.33,514.82,215.25,,-0.1651,-0.0767,0.0,0.0,0,glrt_zupt
1785683883.381448,3.1763,0,400.0,300.0,386.33,514.82,215.25,,-0.1651,-0.0767,0.0,0.0,0,glrt_zupt
1785683883.3982503,3.1931,0,400.0,300.0,386.33,514.82,215.25,,-0.1651,-0.0767,0.0,0.0,0,glrt_zupt
1785683883.414812,3.2097,0,400.0,300.0,386.33,514.82,215.25,,-0.1651,-0.0767,0.0,0.0,0,glrt_zupt
1785683883.4313345,3.2262,0,400.0,300.0,386.33,514.82,215.25,,-0.1651,-0.0767,0.0,0.0,0,glrt_zupt
1785683883.4484437,3.2433,0,400.0,300.0,386.33,514.82,215.25,,-0.3047,-0.0681,0.0,0.0,0,glrt_zupt
1785683883.4646685,3.2595,0,400.0,300.0,386.33,514.82,215.25,,-0.3047,-0.0681,0.0,0.0,0,glrt_zupt
1785683883.4801877,3.2751,0,400.0,300.0,386.33,514.82,215.25,,-0.3047,-0.0681,0.0,0.0,0,glrt_zupt
1785683883.4972196,3.2921,0,400.0,300.0,386.33,514.82,215.25,,-0.3047,-0.0681,0.0,0.0,0,glrt_zupt
1785683883.51412,3.309,0,400.0,300.0,386.33,514.82,215.25,,-0.3047,-0.0681,0.0,0.0,0,glrt_zupt
1785683883.531529,3.3264,0,400.0,300.0,386.33,514.82,215.25,,0.1849,0.2849,0.0,0.0,0,glrt_zupt
1785683883.5480635,3.3429,0,400.0,300.0,386.33,514.82,215.25,,0.1849,0.2849,0.0,0.0,0,glrt_zupt
1785683883.5646052,3.3595,0,400.0,300.0,386.33,514.82,215.25,,0.1849,0.2849,0.0,0.0,0,glrt_zupt
1785683883.5803218,3.3752,0,400.0,300.0,386.33,514.82,215.25,,0.1849,0.2849,0.0,0.0,0,glrt_zupt
1785683883.5969143,3.3918,0,400.0,300.0,386.33,514.82,215.25,,0.1849,0.2849,0.0,0.0,0,glrt_zupt
1785683883.614131,3.409,0,400.0,300.0,386.33,514.82,215.25,,0.0892,0.066,0.0,0.0,0,glrt_zupt
1785683883.6317356,3.4266,0,400.0,300.0,386.33,514.82,215.25,,0.0892,0.066,0.0,0.0,0,glrt_zupt
1785683883.6480777,3.4429,0,400.0,300.0,386.33,514.82,215.25,,0.0892,0.066,0.0,0.0,0,glrt_zupt
1785683883.6650329,3.4599,0,400.0,300.0,386.33,514.82,215.25,,-0.0655,-0.0417,0.0,0.0,0,glrt_zupt
1785683883.6828635,3.4777,0,400.0,300.0,386.33,514.82,215.25,,-0.0655,-0.0417,0.0,0.0,0,glrt_zupt
1785683883.699175,3.494,0,400.0,300.0,386.33,514.82,215.25,,-0.0655,-0.0417,0.0,0.0,0,glrt_zupt
1785683883.7162044,3.5111,0,400.0,300.0,386.33,514.82,215.25,,-0.0655,-0.0417,0.0,0.0,0,glrt_zupt
1785683883.7332053,3.5281,0,400.0,300.0,386.33,514.82,215.25,,-0.0655,-0.0417,0.0,0.0,0,glrt_zupt
1785683883.7501202,3.545,0,400.0,300.0,386.33,514.82,215.25,,-0.3828,-0.1132,0.0,0.0,0,glrt_zupt
1785683883.768115,3.563,0,400.0,300.0,386.33,514.82,215.25,,-0.3828,-0.1132,0.0,0.0,0,glrt_zupt
1785683883.7852516,3.5801,0,400.0,300.0,386.33,514.82,215.25,,-0.3828,-0.1132,0.0,0.0,0,glrt_zupt
1785683883.8026195,3.5975,0,400.0,300.0,386.33,514.82,215.25,,-0.3828,-0.1132,0.0,0.0,0,glrt_zupt
1785683883.8190727,3.6139,0,400.0,300.0,386.33,514.82,215.25,,-0.3828,-0.1132,0.0,0.0,0,glrt_zupt
1785683883.8359587,3.6308,0,400.0,300.0,386.33,514.82,215.25,,-0.3838,-0.013,0.0,0.0,0,glrt_zupt
1785683883.853046,3.6479,0,400.0,300.0,386.33,514.82,215.25,,-0.3838,-0.013,0.0,0.0,0,glrt_zupt
1785683883.8705869,3.6655,0,400.0,300.0,386.33,514.82,215.25,,-0.1752,0.1154,0.0,0.0,0,glrt_zupt
1785683883.886608,3.6815,0,400.0,300.0,386.33,514.82,215.25,,-0.1752,0.1154,0.0,0.0,0,glrt_zupt
1785683883.9026256,3.6975,0,400.0,300.0,386.33,514.82,215.25,,-0.1752,0.1154,0.0,0.0,0,glrt_zupt
1785683883.9185002,3.7134,0,400.0,300.0,386.33,514.82,215.25,,-0.1752,0.1154,0.0,0.0,0,glrt_zupt
1785683883.9349597,3.7298,0,400.0,300.0,386.33,514.82,215.25,,-0.1752,0.1154,0.0,0.0,0,glrt_zupt
1785683883.9524453,3.7473,0,400.0,300.0,386.33,514.82,215.25,,-0.1987,0.1262,0.0,0.0,0,glrt_zupt
1785683883.9692702,3.7641,0,400.0,300.0,386.33,514.82,215.25,,-0.1987,0.1262,0.0,0.0,0,glrt_zupt
1785683883.986085,3.781,0,400.0,300.0,386.33,514.82,215.25,,0.0768,0.2347,0.0,0.0,0,glrt_zupt
1785683884.0028908,3.7978,0,400.0,300.0,386.33,514.82,215.25,,0.0768,0.2347,0.0,0.0,0,glrt_zupt
1785683884.0192435,3.8141,0,400.0,300.0,386.33,514.82,215.25,,0.0768,0.2347,0.0,0.0,0,glrt_zupt
1785683884.0360634,3.8309,0,400.0,300.0,386.33,514.82,215.25,,0.0768,0.2347,0.0,0.0,0,glrt_zupt
1785683884.053252,3.8481,0,400.0,300.0,386.33,514.82,215.25,,0.0893,0.1692,0.0,0.0,0,glrt_zupt
1785683884.0705037,3.8654,0,400.0,300.0,386.33,514.82,215.25,,0.0893,0.1692,0.0,0.0,0,glrt_zupt
1785683884.0865555,3.8814,0,400.0,300.0,386.33,514.82,215.25,,0.0893,0.1692,0.0,0.0,0,glrt_zupt
1785683884.1022973,3.8972,0,400.0,300.0,386.33,514.82,215.25,,0.0893,0.1692,0.0,0.0,0,glrt_zupt
1785683884.1192183,3.9141,0,400.0,300.0,386.33,514.82,215.25,,0.0893,0.1692,0.0,0.0,0,glrt_zupt
1785683884.1359565,3.9308,0,400.0,300.0,386.33,514.82,215.25,,-0.004,0.2276,0.0,0.0,0,glrt_zupt
1785683884.1530187,3.9479,0,400.0,300.0,386.33,514.82,215.25,,-0.004,0.2276,0.0,0.0,0,glrt_zupt
1785683884.17063,3.9655,0,400.0,300.0,386.33,514.82,215.25,,0.0427,0.3152,0.0,0.0,0,glrt_zupt
1785683884.1870599,3.9819,0,400.0,300.0,386.33,514.82,215.25,,0.0427,0.3152,0.0,0.0,0,glrt_zupt
1785683884.2035744,3.9984,0,400.0,300.0,386.33,514.82,215.25,,0.0427,0.3152,0.0,0.0,0,glrt_zupt
1785683884.2193627,4.0142,0,400.0,300.0,386.33,514.82,215.25,,0.0427,0.3152,0.0,0.0,0,glrt_zupt
1785683884.2361977,4.0311,0,400.0,300.0,386.33,514.82,215.25,,-0.1383,0.0542,0.0,0.0,0,glrt_zupt
1785683884.2525945,4.0475,0,400.0,300.0,386.33,514.82,215.25,,-0.1383,0.0542,0.0,0.0,0,glrt_zupt
1785683884.2683284,4.0632,0,400.0,300.0,386.33,514.82,215.25,,-0.1383,0.0542,0.0,0.0,0,glrt_zupt
1785683884.2857082,4.0806,0,400.0,300.0,386.33,514.82,215.25,,-0.1383,0.0542,0.0,0.0,0,glrt_zupt
1785683884.3014364,4.0963,0,400.0,300.0,386.33,514.82,215.25,,-0.1383,0.0542,0.0,0.0,0,glrt_zupt
1785683884.3171701,4.112,0,400.0,300.0,386.33,514.82,215.25,,0.1233,0.2368,0.0,0.0,0,glrt_zupt
1785683884.3342812,4.1291,0,400.0,300.0,386.33,514.82,215.25,,0.1233,0.2368,0.0,0.0,0,glrt_zupt
1785683884.3514488,4.1463,0,400.0,300.0,386.33,514.82,215.25,,0.3109,0.2896,0.0,0.0,0,glrt_zupt
1785683884.3679702,4.1628,0,400.0,300.0,386.33,514.82,215.25,,0.3109,0.2896,0.0,0.0,0,glrt_zupt
1785683884.3846407,4.1795,0,400.0,300.0,386.33,514.82,215.25,,0.3109,0.2896,0.0,0.0,0,glrt_zupt
1785683884.4004886,4.1954,0,400.0,300.0,386.33,514.82,215.25,,0.309,0.2571,0.0,0.0,0,glrt_zupt
1785683884.416821,4.2117,0,400.0,300.0,386.33,514.82,215.25,,0.309,0.2571,0.0,0.0,0,glrt_zupt
1785683884.4331653,4.228,0,400.0,300.0,386.33,514.82,215.25,,0.2234,0.3539,0.0,0.0,0,glrt_zupt
1785683884.4502583,4.2451,0,400.0,300.0,386.33,514.82,215.25,,0.2234,0.3539,0.0,0.0,0,glrt_zupt
1785683884.4668796,4.2617,0,400.0,300.0,386.33,514.82,215.25,,-0.1771,0.2611,0.0,0.0,0,glrt_zupt
1785683884.4833918,4.2783,0,400.0,300.0,386.33,514.82,215.25,,-0.1771,0.2611,0.0,0.0,0,glrt_zupt
1785683884.4990573,4.2939,0,400.0,300.0,386.33,514.82,215.25,,-0.1771,0.2611,0.0,0.0,0,glrt_zupt
1785683884.516363,4.3112,0,400.0,300.0,386.33,514.82,215.25,,-0.9048,0.3112,0.0,0.0,0,glrt_zupt
1785683884.532349,4.3272,0,400.0,300.0,386.33,514.82,215.25,,-0.9048,0.3112,0.0,0.0,0,glrt_zupt
1785683884.5493684,4.3442,0,400.0,300.0,386.33,514.82,215.25,,-2.3768,-0.2264,0.0,0.0,0,glrt_zupt
1785683884.565245,4.3601,0,400.0,300.0,386.33,514.82,215.25,,-2.3768,-0.2264,0.0,0.0,0,glrt_zupt
1785683884.5823936,4.3773,0,400.0,300.0,386.33,514.82,215.25,,-2.3768,-0.2264,0.0,0.0,0,glrt_zupt
1785683884.599412,4.3943,0,400.0,300.0,386.33,514.82,215.25,,-3.6375,-0.9506,0.0,0.0,0,glrt_zupt
1785683884.6157556,4.4106,0,400.0,300.0,386.33,514.82,215.25,,-3.6375,-0.9506,0.0,0.0,0,glrt_zupt
1785683884.6322014,4.4271,0,400.0,300.0,386.33,514.82,215.25,,-5.6349,-1.7913,0.0,0.0,0,glrt_zupt
1785683884.6491013,4.444,0,400.0,300.0,386.33,514.82,215.25,,-5.6349,-1.7913,0.0,0.0,0,glrt_zupt
1785683884.6661227,4.461,0,400.0,300.0,386.33,514.82,215.25,,-5.6349,-1.7913,0.0,0.0,0,glrt_zupt
1785683884.6833282,4.4782,0,400.0,300.0,386.33,514.82,215.25,,-5.5952,-2.8801,0.0,0.0,0,glrt_zupt
1785683884.6992884,4.4942,0,400.0,300.0,386.33,514.82,215.25,,-5.5952,-2.8801,0.0,0.0,0,glrt_zupt
1785683884.7166646,4.5115,0,400.0,300.0,386.33,514.82,215.25,,-4.3853,-3.6185,0.0,0.0,0,glrt_zupt
1785683884.7326822,4.5275,0,400.0,300.0,386.33,514.82,215.25,,-4.3853,-3.6185,0.0,0.0,0,glrt_zupt
1785683884.748196,4.5431,0,400.0,300.0,386.33,514.82,215.25,,-4.3853,-3.6185,0.0,0.0,0,glrt_zupt
1785683884.7662416,4.5611,0,396.45,300.0,386.33,514.82,215.05,,-0.5295,-3.0164,-0.197,0.0,0,glrt_zupt
1785683884.7824275,4.5773,0,393.26,300.0,386.33,514.82,214.93,,-0.5295,-3.0164,-0.197,0.0,0,glrt_zupt
1785683884.798112,4.593,0,390.94,300.0,386.33,514.82,214.87,,1.3485,-2.1097,-0.148,0.0,0,glrt_zupt
1785683884.8151548,4.61,0,388.41,300.0,386.33,514.82,214.83,,1.3485,-2.1097,-0.148,0.0,0,glrt_zupt
1785683884.8319273,4.6268,0,386.79,297.85,386.33,514.82,216.97,,1.8913,-1.0082,-0.097,-0.128,0,glrt_zupt
1785683884.8491483,4.644,0,385.12,295.64,386.33,514.82,219.18,,1.8913,-1.0082,-0.097,-0.128,0,glrt_zupt
1785683884.8660934,4.661,0,383.48,293.46,386.33,514.82,221.37,,1.8913,-1.0082,-0.097,-0.128,0,glrt_zupt
1785683884.883013,4.6779,0,382.68,291.72,386.33,514.82,223.12,,2.3595,0.2703,-0.047,-0.103,0,glrt_zupt
1785683884.900154,4.695,0,381.86,289.96,386.33,514.82,224.9,,2.3595,0.2703,-0.047,-0.103,0,glrt_zupt
1785683884.917217,4.7121,0,381.06,288.21,386.33,514.82,226.67,,2.3595,0.2703,-0.047,-0.103,0,glrt_zupt
1785683884.9348145,4.7297,0,381.06,286.86,386.33,514.82,228.01,,2.8197,0.5782,0.0,-0.076,0,glrt_zupt
1785683884.9510865,4.746,0,381.06,285.62,386.33,514.82,229.26,,2.8197,0.5782,0.0,-0.076,0,glrt_zupt
1785683884.968307,4.7632,0,381.06,284.8,386.33,514.82,230.08,,4.1377,1.0809,0.0,-0.048,0,glrt_zupt
1785683884.9840736,4.7789,0,381.06,284.05,386.33,514.82,230.83,,4.1377,1.0809,0.0,-0.048,0,glrt_zupt
1785683885.0014167,4.7963,0,381.06,283.63,386.33,514.82,231.25,,4.1464,1.0858,0.0,-0.024,0,glrt_zupt
1785683885.0170276,4.8119,0,381.06,283.26,386.33,514.82,231.62,,4.1464,1.0858,0.0,-0.024,0,glrt_zupt
1785683885.0331514,4.828,0,381.06,282.87,386.33,514.82,232.01,,4.1464,1.0858,0.0,-0.024,0,glrt_zupt
1785683885.050134,4.845,0,381.06,282.87,386.33,514.82,232.01,,2.3195,0.4639,0.0,0.0,0,glrt_zupt
1785683885.067126,4.862,0,381.06,282.87,386.33,514.82,232.01,,2.3195,0.4639,0.0,0.0,0,glrt_zupt
1785683885.0841758,4.879,0,381.06,282.87,386.33,514.82,232.01,,1.4882,0.3017,0.0,0.0,0,glrt_zupt
1785683885.1014898,4.8964,0,381.06,282.87,386.33,514.82,232.01,,1.4882,0.3017,0.0,0.0,0,glrt_zupt
1785683885.11802,4.9129,0,381.06,282.87,386.33,514.82,232.01,,1.4882,0.3017,0.0,0.0,0,glrt_zupt
1785683885.1348279,4.9297,0,382.83,282.87,386.33,514.82,231.97,,0.2149,0.2328,0.106,0.0,0,glrt_zupt
1785683885.151181,4.946,0,384.56,282.87,386.33,514.82,231.95,,0.2149,0.2328,0.106,0.0,0,glrt_zupt
1785683885.1680264,4.9629,0,385.93,282.87,386.33,514.82,231.95,,-0.4982,0.5217,0.081,0.0,0,glrt_zupt
1785683885.1849298,4.9798,0,387.3,282.87,386.33,514.82,231.95,,-0.4982,0.5217,0.081,0.0,0,glrt_zupt
1785683885.2015254,4.9964,0,388.64,282.87,386.33,514.82,231.96,,-0.4982,0.5217,0.081,0.0,0,glrt_zupt
1785683885.2182245,5.0131,0,389.54,282.87,386.33,514.82,231.97,,-0.9897,0.9672,0.054,0.0,0,glrt_zupt
1785683885.2349954,5.0299,0,390.44,282.87,386.33,514.82,231.98,,-0.9897,0.9672,0.054,0.0,0,glrt_zupt
1785683885.2523377,5.0472,0,390.92,282.87,386.33,514.82,231.99,,-1.1673,0.7336,0.028,0.0,0,glrt_zupt
1785683885.2691207,5.064,0,391.38,282.87,386.33,514.82,232.0,,-1.1673,0.7336,0.028,0.0,0,glrt_zupt
1785683885.2865427,5.0814,0,391.38,282.87,386.33,514.82,232.0,,-1.3393,0.2784,0.0,0.0,0,glrt_zupt
1785683885.3021386,5.097,0,391.38,282.87,386.33,514.82,232.0,,-1.3393,0.2784,0.0,0.0,0,glrt_zupt
1785683885.319307,5.1142,0,391.38,282.87,386.33,514.82,232.0,,-1.3393,0.2784,0.0,0.0,0,glrt_zupt
1785683885.3367627,5.1316,0,391.38,282.87,386.33,514.82,232.0,,-1.2384,0.1689,0.0,0.0,0,glrt_zupt
1785683885.3527348,5.1476,0,391.38,282.87,386.33,514.82,232.0,,-1.2384,0.1689,0.0,0.0,0,glrt_zupt
1785683885.3686404,5.1635,0,391.38,282.87,386.33,514.82,232.0,,-1.0899,0.2823,0.0,0.0,0,glrt_zupt
1785683885.3845744,5.1794,0,391.38,282.87,386.33,514.82,232.0,,-1.0899,0.2823,0.0,0.0,0,glrt_zupt
1785683885.4009585,5.1958,0,391.38,282.87,386.33,514.82,232.0,,-1.0462,0.4226,0.0,0.0,0,glrt_zupt
1785683885.418058,5.2129,0,391.38,282.87,386.33,514.82,232.0,,-1.0462,0.4226,0.0,0.0,0,glrt_zupt
1785683885.434973,5.2298,0,391.38,282.87,386.33,514.82,232.0,,-1.0911,0.2473,0.0,0.0,0,glrt_zupt
1785683885.4526782,5.2475,0,391.38,282.87,386.33,514.82,232.0,,-1.0911,0.2473,0.0,0.0,0,glrt_zupt
1785683885.468211,5.2631,0,391.38,282.87,386.33,514.82,232.0,,-1.0911,0.2473,0.0,0.0,0,glrt_zupt
1785683885.4855196,5.2804,0,391.38,282.87,386.33,514.82,232.0,,-1.0425,0.0996,0.0,0.0,0,glrt_zupt
1785683885.501588,5.2965,0,391.38,282.87,386.33,514.82,232.0,,-1.0425,0.0996,0.0,0.0,0,glrt_zupt
1785683885.5181077,5.313,0,391.38,282.87,386.33,514.82,232.0,,-1.0915,-0.0705,0.0,0.0,0,glrt_zupt
1785683885.5359051,5.3308,0,391.38,282.87,386.33,514.82,232.0,,-1.0915,-0.0705,0.0,0.0,0,glrt_zupt
1785683885.5521617,5.347,0,391.38,282.87,386.33,514.82,232.0,,-1.0915,-0.0705,0.0,0.0,0,glrt_zupt
1785683885.5694072,5.3643,0,391.38,282.87,386.33,514.82,232.0,,-1.2238,0.0663,0.0,0.0,0,glrt_zupt
1785683885.5854194,5.3803,0,391.38,282.87,386.33,514.82,232.0,,-1.2238,0.0663,0.0,0.0,0,glrt_zupt
1785683885.6025164,5.3974,0,391.38,282.87,386.33,514.82,232.0,,-1.1269,0.2298,0.0,0.0,0,glrt_zupt
1785683885.6185112,5.4134,0,391.38,282.87,386.33,514.82,232.0,,-1.1269,0.2298,0.0,0.0,0,glrt_zupt
1785683885.6343024,5.4292,0,391.38,282.87,386.33,514.82,232.0,,-1.1269,0.2298,0.0,0.0,0,glrt_zupt
1785683885.6511602,5.446,0,391.38,282.87,386.33,514.82,232.0,,-0.9765,0.3641,0.0,0.0,0,glrt_zupt
1785683885.6681824,5.463,0,391.38,282.87,386.33,514.82,232.0,,-0.9765,0.3641,0.0,0.0,0,glrt_zupt
1785683885.6853406,5.4802,0,391.38,282.87,386.33,514.82,232.0,,-0.922,0.3699,0.0,0.0,0,glrt_zupt
1785683885.7016413,5.4965,0,391.38,282.87,386.33,514.82,232.0,,-0.922,0.3699,0.0,0.0,0,glrt_zupt
1785683885.7171886,5.5121,0,391.38,282.87,386.33,514.82,232.0,,-0.922,0.3699,0.0,0.0,0,glrt_zupt
1785683885.734421,5.5293,0,390.14,282.87,386.33,514.82,231.98,,-0.7888,0.401,-0.072,0.0,0,glrt_zupt
1785683885.7501085,5.545,0,389.01,282.87,386.33,514.82,231.96,,-0.7888,0.401,-0.072,0.0,0,glrt_zupt
1785683885.768071,5.5629,0,387.78,282.87,386.33,514.82,231.95,,-0.6621,0.0992,-0.069,0.0,0,glrt_zupt
1785683885.784847,5.5797,0,386.62,282.87,386.33,514.82,231.95,,-0.6621,0.0992,-0.069,0.0,0,glrt_zupt
1785683885.8014357,5.5963,0,385.48,282.87,386.33,514.82,231.95,,-0.6621,0.0992,-0.069,0.0,0,glrt_zupt
1785683885.8172596,5.6121,0,384.54,282.87,386.33,514.82,231.95,,-0.1075,0.0528,-0.059,0.0,0,glrt_zupt
1785683885.834339,5.6292,0,383.52,282.87,386.33,514.82,231.96,,-0.1075,0.0528,-0.059,0.0,0,glrt_zupt
1785683885.85098,5.6458,0,382.99,282.87,386.33,514.82,231.97,,1.275,0.1243,-0.032,0.0,0,glrt_zupt
1785683885.8680062,5.6629,0,382.45,282.87,386.33,514.82,231.98,,1.275,0.1243,-0.032,0.0,0,glrt_zupt
1785683885.8849506,5.6798,0,382.45,282.87,386.33,514.82,231.98,,2.8298,0.0719,0.0,0.0,0,glrt_zupt
1785683885.9025455,5.6974,0,382.45,282.87,386.33,514.82,231.98,,2.8298,0.0719,0.0,0.0,0,glrt_zupt
1785683885.9185677,5.7134,0,382.45,282.87,386.33,514.82,231.98,,2.8298,0.0719,0.0,0.0,0,glrt_zupt
1785683885.9350388,5.7299,0,382.45,282.87,386.33,514.82,231.98,,3.0106,0.1594,0.0,0.0,0,glrt_zupt
1785683885.9522567,5.7471,0,382.45,282.87,386.33,514.82,231.98,,3.0106,0.1594,0.0,0.0,0,glrt_zupt
1785683885.9687996,5.7637,0,382.45,282.87,386.33,514.82,231.98,,3.326,0.0628,0.0,0.0,0,glrt_zupt
1785683885.9846354,5.7795,0,382.45,282.87,386.33,514.82,231.98,,3.326,0.0628,0.0,0.0,0,glrt_zupt
1785683886.0003364,5.7952,0,382.45,282.87,386.33,514.82,231.98,,1.6906,-0.2751,0.0,0.0,0,glrt_zupt
1785683886.016911,5.8118,0,382.45,282.87,386.33,514.82,231.98,,1.6906,-0.2751,0.0,0.0,0,glrt_zupt
1785683886.0340204,5.8289,0,382.45,282.87,386.33,514.82,231.98,,1.6906,-0.2751,0.0,0.0,0,glrt_zupt
1785683886.050419,5.8453,0,382.45,282.87,386.33,514.82,231.98,,1.0828,-0.4343,0.0,0.0,0,glrt_zupt
1785683886.0670476,5.8619,0,382.45,282.87,386.33,514.82,231.98,,1.0828,-0.4343,0.0,0.0,0,glrt_zupt
1785683886.0835512,5.8784,0,382.45,282.87,386.33,514.82,231.98,,0.6416,-0.5483,0.0,0.0,0,glrt_zupt
1785683886.099198,5.8941,0,382.45,282.87,386.33,514.82,231.98,,0.6416,-0.5483,0.0,0.0,0,glrt_zupt
1785683886.115761,5.9106,0,382.45,282.87,386.33,514.82,231.98,,0.6416,-0.5483,0.0,0.0,0,glrt_zupt
1785683886.1321669,5.927,0,383.5,282.87,386.33,514.82,231.96,,-0.8278,-1.0371,0.064,0.0,0,glrt_zupt
1785683886.1493328,5.9442,0,384.59,282.87,386.33,514.82,231.95,,-0.8278,-1.0371,0.064,0.0,0,glrt_zupt
1785683886.166798,5.9617,0,385.13,282.87,386.33,514.82,231.95,,-1.5047,-1.1213,0.031,0.0,0,glrt_zupt
1785683886.182458,5.9773,0,385.61,282.87,386.33,514.82,231.95,,-1.5047,-1.1213,0.031,0.0,0,glrt_zupt
1785683886.1990125,5.9939,0,386.12,282.87,386.33,514.82,231.95,,-1.5047,-1.1213,0.031,0.0,0,glrt_zupt
1785683886.2163389,6.0112,0,386.12,282.87,386.33,514.82,231.95,,-2.3848,-1.2481,0.0,0.0,0,glrt_zupt
1785683886.2319875,6.0269,0,386.12,282.87,386.33,514.82,231.95,,-2.3848,-1.2481,0.0,0.0,0,glrt_zupt
1785683886.249656,6.0445,0,386.12,282.87,386.33,514.82,231.95,,-2.3848,-1.2481,0.0,0.0,0,glrt_zupt
1785683886.2660785,6.0609,0,386.12,282.87,386.33,514.82,231.95,,-2.5317,-1.0087,0.0,0.0,0,glrt_zupt
1785683886.2834396,6.0783,0,386.12,282.87,386.33,514.82,231.95,,-2.5317,-1.0087,0.0,0.0,0,glrt_zupt
1785683886.2991827,6.0941,0,386.12,282.87,386.33,514.82,231.95,,-3.4161,-1.1045,0.0,0.0,0,glrt_zupt
1785683886.3160026,6.1109,0,386.12,282.87,386.33,514.82,231.95,,-3.4161,-1.1045,0.0,0.0,0,glrt_zupt
1785683886.3331811,6.128,0,386.12,282.87,386.33,514.82,231.95,,-3.4161,-1.1045,0.0,0.0,0,glrt_zupt
1785683886.3503506,6.1452,0,386.12,282.87,386.33,514.82,231.95,,-3.0049,-0.8515,0.0,0.0,0,glrt_zupt
1785683886.3660076,6.1609,0,386.12,282.87,386.33,514.82,231.95,,-3.0049,-0.8515,0.0,0.0,0,glrt_zupt
1785683886.3825765,6.1774,0,386.12,282.87,386.33,514.82,231.95,,-3.0049,-0.8515,0.0,0.0,0,glrt_zupt
1785683886.3982964,6.1932,0,386.12,282.87,386.33,514.82,231.95,,-2.5812,-0.6168,0.0,0.0,0,glrt_zupt
1785683886.4154801,6.2103,0,386.12,282.87,386.33,514.82,231.95,,-2.5812,-0.6168,0.0,0.0,0,glrt_zupt
1785683886.431122,6.226,0,386.12,282.87,386.33,514.82,231.95,,-2.5812,-0.6168,0.0,0.0,0,glrt_zupt
1785683886.447978,6.2428,0,386.12,282.87,386.33,514.82,231.95,,-2.5669,-0.6067,0.0,0.0,0,glrt_zupt
1785683886.465421,6.2603,0,386.12,282.87,386.33,514.82,231.95,,-2.5669,-0.6067,0.0,0.0,0,glrt_zupt
1785683886.4813435,6.2762,0,383.81,282.87,386.33,514.82,231.96,,-1.9582,-0.5164,-0.145,0.0,0,glrt_zupt
1785683886.498175,6.293,0,381.37,282.87,386.33,514.82,232.0,,-1.9582,-0.5164,-0.145,0.0,0,glrt_zupt
1785683886.5146914,6.3096,0,378.98,282.87,386.33,514.82,232.06,,-1.9582,-0.5164,-0.145,0.0,0,glrt_zupt
1785683886.531122,6.326,0,376.98,282.87,386.33,514.82,232.13,,-0.0263,0.5732,-0.121,0.0,0,glrt_zupt
1785683886.5483012,6.3432,0,374.9,282.87,386.33,514.82,232.23,,-0.0263,0.5732,-0.121,0.0,0,glrt_zupt
1785683886.5648932,6.3598,0,373.26,282.87,386.33,514.82,232.31,,0.1791,0.4719,-0.099,0.0,0,glrt_zupt
1785683886.5805752,6.3754,0,371.71,282.87,386.33,514.82,232.41,,0.1791,0.4719,-0.099,0.0,0,glrt_zupt
1785683886.5962515,6.3911,0,370.52,282.87,386.33,514.82,232.48,,0.592,0.535,-0.076,0.0,0,glrt_zupt
1785683886.6129189,6.4078,0,369.27,282.87,386.33,514.82,232.57,,0.592,0.535,-0.076,0.0,0,glrt_zupt
1785683886.6303287,6.4252,0,367.95,282.87,386.33,514.82,232.67,,0.592,0.535,-0.076,0.0,0,glrt_zupt
1785683886.6473982,6.4423,0,367.15,282.87,386.33,514.82,232.74,,1.0987,0.6363,-0.047,0.0,0,glrt_zupt
1785683886.6632893,6.4582,0,366.4,282.87,386.33,514.82,232.8,,1.0987,0.6363,-0.047,0.0,0,glrt_zupt
1785683886.6802566,6.4751,0,365.6,282.87,386.33,514.82,232.87,,1.0987,0.6363,-0.047,0.0,0,glrt_zupt
1785683886.6972497,6.4921,0,365.23,282.87,386.33,514.82,232.9,,1.2393,0.301,-0.022,0.0,0,glrt_zupt
1785683886.7132838,6.5082,0,364.89,282.87,386.33,514.82,232.93,,1.2393,0.301,-0.022,0.0,0,glrt_zupt
1785683886.730007,6.5249,0,364.53,282.87,386.33,514.82,232.97,,1.2393,0.301,-0.022,0.0,0,glrt_zupt
1785683886.7477214,6.5426,0,364.53,282.87,386.33,514.82,232.97,,1.2416,0.3352,0.0,0.0,0,glrt_zupt
1785683886.7642226,6.5591,0,364.53,282.87,386.33,514.82,232.97,,1.2416,0.3352,0.0,0.0,0,glrt_zupt
1785683886.78158,6.5764,0,364.53,282.87,386.33,514.82,232.97,,1.1982,0.2713,0.0,0.0,0,glrt_zupt
1785683886.7972906,6.5922,0,364.53,282.87,386.33,514.82,232.97,,1.1982,0.2713,0.0,0.0,0,glrt_zupt
1785683886.8140426,6.6089,0,364.53,282.87,386.33,514.82,232.97,,1.1982,0.2713,0.0,0.0,0,glrt_zupt
1785683886.8305194,6.6254,0,364.53,282.87,386.33,514.82,232.97,,0.9784,0.2837,0.0,0.0,0,glrt_zupt
1785683886.8467655,6.6416,0,364.53,282.87,386.33,514.82,232.97,,0.9784,0.2837,0.0,0.0,0,glrt_zupt
1785683886.8630202,6.6579,0,364.53,282.87,386.33,514.82,232.97,,0.9784,0.2837,0.0,0.0,0,glrt_zupt
1785683886.87957,6.6744,0,364.53,282.87,386.33,514.82,232.97,,0.8397,0.1397,0.0,0.0,0,glrt_zupt
1785683886.8952935,6.6902,0,364.53,282.87,386.33,514.82,232.97,,0.8397,0.1397,0.0,0.0,0,glrt_zupt
1785683886.9122174,6.7071,0,364.53,282.87,386.33,514.82,232.97,,0.7755,0.1481,0.0,0.0,0,glrt_zupt
1785683886.929031,6.7239,0,364.53,282.87,386.33,514.82,232.97,,0.7755,0.1481,0.0,0.0,0,glrt_zupt
1785683886.9461343,6.741,0,364.53,282.87,386.33,514.82,232.97,,0.7622,0.2767,0.0,0.0,0,glrt_zupt
1785683886.963023,6.7579,0,364.53,282.87,386.33,514.82,232.97,,0.7622,0.2767,0.0,0.0,0,glrt_zupt
1785683886.9799726,6.7748,0,364.53,282.87,386.33,514.82,232.97,,0.7622,0.2767,0.0,0.0,0,glrt_zupt
1785683886.9967444,6.7916,0,364.53,282.87,386.33,514.82,232.97,,0.5111,0.1717,0.0,0.0,0,glrt_zupt
1785683887.0132113,6.8081,0,364.53,282.87,386.33,514.82,232.97,,0.5111,0.1717,0.0,0.0,0,glrt_zupt
1785683887.0302653,6.8251,0,364.53,282.87,386.33,514.82,232.97,,0.5663,0.1756,0.0,0.0,0,glrt_zupt
1785683887.046994,6.8419,0,364.53,282.87,386.33,514.82,232.97,,0.5663,0.1756,0.0,0.0,0,glrt_zupt
1785683887.063657,6.8585,0,364.53,282.87,386.33,514.82,232.97,,0.6018,0.1917,0.0,0.0,0,glrt_zupt
1785683887.0793047,6.8742,0,364.53,282.87,386.33,514.82,232.97,,0.6018,0.1917,0.0,0.0,0,glrt_zupt
1785683887.096418,6.8913,0,364.53,282.87,386.33,514.82,232.97,,0.6018,0.1917,0.0,0.0,0,glrt_zupt
1785683887.1122613,6.9071,0,364.53,282.87,386.33,514.82,232.97,,0.6063,0.1665,0.0,0.0,0,glrt_zupt
1785683887.129127,6.924,0,364.53,282.87,386.33,514.82,232.97,,0.6063,0.1665,0.0,0.0,0,glrt_zupt
1785683887.146336,6.9412,0,364.53,282.87,386.33,514.82,232.97,,0.5769,0.2057,0.0,0.0,0,glrt_zupt
1785683887.1619706,6.9568,0,364.53,282.87,386.33,514.82,232.97,,0.5769,0.2057,0.0,0.0,0,glrt_zupt
1785683887.1790261,6.9739,0,364.53,282.87,386.33,514.82,232.97,,0.5769,0.2057,0.0,0.0,0,glrt_zupt
1785683887.1964533,6.9913,0,364.53,282.87,386.33,514.82,232.97,,0.7334,0.2078,0.0,0.0,0,glrt_zupt
1785683887.2123163,7.0072,0,364.53,282.87,386.33,514.82,232.97,,0.7334,0.2078,0.0,0.0,0,glrt_zupt
1785683887.2293508,7.0242,0,364.53,282.87,386.33,514.82,232.97,,0.8314,0.2957,0.0,0.0,0,glrt_zupt
1785683887.2469773,7.0418,0,364.53,282.87,386.33,514.82,232.97,,0.8314,0.2957,0.0,0.0,0,glrt_zupt
1785683887.264291,7.0592,0,364.53,282.87,386.33,514.82,232.97,,0.8314,0.2957,0.0,0.0,0,glrt_zupt
1785683887.28127,7.0761,0,364.53,282.87,386.33,514.82,232.97,,0.7855,0.1982,0.0,0.0,0,glrt_zupt
1785683887.298069,7.0929,0,364.53,282.87,386.33,514.82,232.97,,0.7855,0.1982,0.0,0.0,0,glrt_zupt
1785683887.315365,7.1102,0,364.53,282.87,386.33,514.82,232.97,,0.642,0.2279,0.0,0.0,0,glrt_zupt
1785683887.3313432,7.1262,0,364.53,282.87,386.33,514.82,232.97,,0.642,0.2279,0.0,0.0,0,glrt_zupt
1785683887.3479948,7.1429,0,364.53,282.87,386.33,514.82,232.97,,0.6619,0.2383,0.0,0.0,0,glrt_zupt
1785683887.3648539,7.1597,0,364.53,282.87,386.33,514.82,232.97,,0.6619,0.2383,0.0,0.0,0,glrt_zupt
1785683887.38227,7.1771,0,364.53,282.87,386.33,514.82,232.97,,0.6619,0.2383,0.0,0.0,0,glrt_zupt
1785683887.3989162,7.1938,0,364.53,282.87,386.33,514.82,232.97,,0.6165,0.0769,0.0,0.0,0,glrt_zupt
1785683887.4164882,7.2114,0,364.53,282.87,386.33,514.82,232.97,,0.6165,0.0769,0.0,0.0,0,glrt_zupt
1785683887.4322066,7.2271,0,364.53,282.87,386.33,514.82,232.97,,0.4616,0.1077,0.0,0.0,0,glrt_zupt
1785683887.4494646,7.2443,0,364.53,282.87,386.33,514.82,232.97,,0.4616,0.1077,0.0,0.0,0,glrt_zupt
1785683887.4657142,7.2606,0,364.53,282.87,386.33,514.82,232.97,,0.7239,0.1039,0.0,0.0,0,glrt_zupt
1785683887.4823244,7.2772,0,364.53,282.87,386.33,514.82,232.97,,0.7239,0.1039,0.0,0.0,0,glrt_zupt
1785683887.4991987,7.2941,0,364.53,282.87,386.33,514.82,232.97,,0.7239,0.1039,0.0,0.0,0,glrt_zupt
1785683887.5159354,7.3108,0,364.53,282.87,386.33,514.82,232.97,,0.6213,0.1956,0.0,0.0,0,glrt_zupt
1785683887.5332353,7.3281,0,364.53,282.87,386.33,514.82,232.97,,0.6213,0.1956,0.0,0.0,0,glrt_zupt
1785683887.550306,7.3452,0,364.53,282.87,386.33,514.82,232.97,,0.7244,0.3605,0.0,0.0,0,glrt_zupt
1785683887.5660822,7.3609,0,364.53,282.87,386.33,514.82,232.97,,0.7244,0.3605,0.0,0.0,0,glrt_zupt
1785683887.5832849,7.3782,0,364.53,282.87,386.33,514.82,232.97,,0.7244,0.3605,0.0,0.0,0,glrt_zupt
1785683887.6003978,7.3953,0,364.53,282.87,386.33,514.82,232.97,,0.6991,0.2209,0.0,0.0,0,glrt_zupt
1785683887.6164494,7.4113,0,364.53,282.87,386.33,514.82,232.97,,0.6991,0.2209,0.0,0.0,0,glrt_zupt
1785683887.633582,7.4284,0,364.53,282.87,386.33,514.82,232.97,,0.8279,0.2541,0.0,0.0,0,glrt_zupt
1785683887.650107,7.445,0,364.53,282.87,386.33,514.82,232.97,,0.8279,0.2541,0.0,0.0,0,glrt_zupt
1785683887.6666636,7.4615,0,364.53,282.87,386.33,514.82,232.97,,0.6285,0.3598,0.0,0.0,0,glrt_zupt
1785683887.6839566,7.4788,0,364.53,282.87,386.33,514.82,232.97,,0.6285,0.3598,0.0,0.0,0,glrt_zupt
1785683887.7017193,7.4966,0,364.53,282.87,386.33,514.82,232.97,,0.6285,0.3598,0.0,0.0,0,glrt_zupt
1785683887.7181172,7.513,0,364.53,282.87,386.33,514.82,232.97,,0.7574,0.3373,0.0,0.0,0,glrt_zupt
1785683887.7356522,7.5305,0,364.53,282.87,386.33,514.82,232.97,,0.7574,0.3373,0.0,0.0,0,glrt_zupt
1785683887.752229,7.5471,0,364.53,282.87,386.33,514.82,232.97,,0.3356,0.3289,0.0,0.0,0,glrt_zupt
1785683887.7693906,7.5643,0,364.53,282.87,386.33,514.82,232.97,,0.3356,0.3289,0.0,0.0,0,glrt_zupt
1785683887.7862887,7.5812,0,364.53,282.87,386.33,514.82,232.97,,0.3356,0.3289,0.0,0.0,0,glrt_zupt
1785683887.803321,7.5982,0,364.53,282.87,386.33,514.82,232.97,,-0.1081,0.3187,0.0,0.0,0,glrt_zupt
1785683887.8192973,7.6142,0,364.53,282.87,386.33,514.82,232.97,,-0.1081,0.3187,0.0,0.0,0,glrt_zupt
1785683887.836775,7.6316,0,364.53,282.87,386.33,514.82,232.97,,-0.5269,0.3258,0.0,0.0,0,glrt_zupt
1785683887.8524067,7.6473,0,364.53,282.87,386.33,514.82,232.97,,-0.5269,0.3258,0.0,0.0,0,glrt_zupt
1785683887.8684332,7.6633,0,364.53,282.87,386.33,514.82,232.97,,-1.4901,0.1134,0.0,0.0,0,glrt_zupt
1785683887.8845193,7.6794,0,364.53,282.87,386.33,514.82,232.97,,-1.4901,0.1134,0.0,0.0,0,glrt_zupt
1785683887.9001057,7.695,0,364.53,282.87,386.33,514.82,232.97,,-1.4901,0.1134,0.0,0.0,0,glrt_zupt
1785683887.9165776,7.7114,0,364.53,282.87,386.33,514.82,232.97,,-3.4396,-0.1994,0.0,0.0,0,glrt_zupt
1785683887.9323008,7.7272,0,364.53,282.87,386.33,514.82,232.97,,-3.4396,-0.1994,0.0,0.0,0,glrt_zupt
1785683887.9492316,7.7441,0,364.53,282.87,386.33,514.82,232.97,,-3.4396,-0.1994,0.0,0.0,0,glrt_zupt
1785683887.965776,7.7606,0,364.53,282.87,386.33,514.82,232.97,,-4.4564,-1.8552,0.0,0.0,0,glrt_zupt
1785683887.98153,7.7764,0,364.53,282.87,386.33,514.82,232.97,,-4.4564,-1.8552,0.0,0.0,0,glrt_zupt
1785683887.998095,7.793,0,364.53,282.87,386.33,514.82,232.97,,-3.667,-1.7795,0.0,0.0,0,glrt_zupt
1785683888.0152566,7.8101,0,364.53,282.87,386.33,514.82,232.97,,-3.667,-1.7795,0.0,0.0,0,glrt_zupt
1785683888.0327313,7.8276,0,364.53,282.87,386.33,514.82,232.97,,-3.667,-1.7795,0.0,0.0,0,glrt_zupt
1785683888.0490596,7.8439,0,364.53,282.87,386.33,514.82,232.97,,-2.8562,-2.1855,0.0,0.0,0,glrt_zupt
1785683888.0658484,7.8607,0,364.53,282.87,386.33,514.82,232.97,,-2.8562,-2.1855,0.0,0.0,0,glrt_zupt
1785683888.0814347,7.8763,0,364.53,282.87,386.33,514.82,232.97,,-0.0227,-1.3445,0.0,0.0,0,glrt_zupt
1785683888.097184,7.8921,0,364.53,282.87,386.33,514.82,232.97,,-0.0227,-1.3445,0.0,0.0,0,glrt_zupt
1785683888.1141458,7.909,0,364.53,282.87,386.33,514.82,232.97,,-0.0227,-1.3445,0.0,0.0,0,glrt_zupt
1785683888.1313455,7.9262,0,362.99,282.87,386.33,514.82,233.12,,1.1225,-1.2972,-0.09,0.0,0,glrt_zupt
1785683888.1479793,7.9428,0,361.5,282.87,386.33,514.82,233.27,,1.1225,-1.2972,-0.09,0.0,0,glrt_zupt
1785683888.1650095,7.9599,0,360.7,282.87,386.33,514.82,233.36,,1.9416,-1.7893,-0.047,0.0,0,glrt_zupt
1785683888.1819284,7.9768,0,359.91,282.87,386.33,514.82,233.45,,1.9416,-1.7893,-0.047,0.0,0,glrt_zupt
1785683888.1994014,7.9943,0,359.09,282.87,386.33,514.82,233.54,,1.9416,-1.7893,-0.047,0.0,0,glrt_zupt
1785683888.2151573,8.01,0,359.41,282.87,386.33,514.82,233.5,,4.5417,-0.4366,0.021,0.0,0,glrt_zupt
1785683888.2312229,8.0261,0,359.75,282.87,386.33,514.82,233.46,,4.5417,-0.4366,0.021,0.0,0,glrt_zupt
1785683888.2482467,8.0431,0,361.3,281.71,386.33,514.82,234.44,,5.2298,-0.1494,0.091,-0.068,0,glrt_zupt
1785683888.2639616,8.0588,0,362.73,280.65,386.33,514.82,235.36,,5.2298,-0.1494,0.091,-0.068,0,glrt_zupt
1785683888.281532,8.0764,0,364.33,279.45,386.33,514.82,236.39,,5.2298,-0.1494,0.091,-0.068,0,glrt_zupt
1785683888.2971983,8.0921,0,366.73,278.67,386.33,514.82,236.96,,5.7362,0.5624,0.153,-0.05,0,glrt_zupt
1785683888.3139591,8.1088,0,369.28,277.84,386.33,514.82,237.59,,5.7362,0.5624,0.153,-0.05,0,glrt_zupt
1785683888.3311243,8.126,0,371.9,276.98,386.33,514.82,238.27,,5.7362,0.5624,0.153,-0.05,0,glrt_zupt
1785683888.3482804,8.1431,0,375.42,276.49,386.33,514.82,238.58,,5.5012,0.8929,0.205,-0.029,0,glrt_zupt
1785683888.3641927,8.1591,0,378.67,276.03,386.33,514.82,238.9,,5.5012,0.8929,0.205,-0.029,0,glrt_zupt
1785683888.3814464,8.1763,0,382.62,275.49,386.33,514.82,239.35,,4.1853,-0.5439,0.229,-0.031,0,glrt_zupt
1785683888.397108,8.192,0,386.21,275.0,386.33,514.82,239.82,,4.1853,-0.5439,0.229,-0.031,0,glrt_zupt
1785683888.4143498,8.2092,0,390.19,275.0,386.33,514.82,239.85,,2.8904,0.5193,0.231,0.0,0,glrt_zupt
1785683888.4300733,8.2249,0,393.82,275.0,386.33,514.82,239.93,,2.8904,0.5193,0.231,0.0,0,glrt_zupt
1785683888.4471836,8.2421,0,397.77,275.0,386.33,514.82,240.09,,2.8904,0.5193,0.231,0.0,0,glrt_zupt
1785683888.4639158,8.2588,0,401.51,275.0,386.33,514.82,240.3,,2.233,0.281,0.223,0.0,0,glrt_zupt
1785683888.4796424,8.2745,0,405.02,275.0,386.33,514.82,240.54,,2.233,0.281,0.223,0.0,0,glrt_zupt
1785683888.4962716,8.2911,0,408.41,275.0,386.33,514.82,240.83,,1.2534,0.6258,0.204,0.0,0,glrt_zupt
1785683888.5122292,8.3071,0,411.65,275.0,386.33,514.82,241.15,,1.2534,0.6258,0.204,0.0,0,glrt_zupt
1785683888.52836,8.3232,0,414.32,275.0,386.33,514.82,241.45,,-0.388,-0.1567,0.165,0.0,0,glrt_zupt
1785683888.5442405,8.3391,0,416.95,275.0,386.33,514.82,241.76,,-0.388,-0.1567,0.165,0.0,0,glrt_zupt
1785683888.5605562,8.3554,0,419.65,275.0,386.33,514.82,242.12,,-0.388,-0.1567,0.165,0.0,0,glrt_zupt
1785683888.5761502,8.371,0,421.71,275.0,386.33,514.82,242.41,,-0.5826,-0.3665,0.132,0.0,0,glrt_zupt
1785683888.592874,8.3877,0,423.92,275.0,386.33,514.82,242.74,,-0.5826,-0.3665,0.132,0.0,0,glrt_zupt
1785683888.6103477,8.4052,0,425.74,275.0,386.33,514.82,243.03,,-0.3148,-0.0702,0.104,0.0,0,glrt_zupt
1785683888.6264822,8.4213,0,427.43,275.0,386.33,514.82,243.31,,-0.3148,-0.0702,0.104,0.0,0,glrt_zupt
1785683888.6420429,8.4369,0,429.05,275.0,386.33,514.82,243.59,,-0.3148,-0.0702,0.104,0.0,0,glrt_zupt
1785683888.6594682,8.4543,0,430.51,275.0,386.33,514.82,243.85,,-0.1897,-0.1142,0.083,0.0,0,glrt_zupt
1785683888.675299,8.4702,0,431.83,275.0,386.33,514.82,244.09,,-0.1897,-0.1142,0.083,0.0,0,glrt_zupt
1785683888.692369,8.4872,0,433.02,275.0,386.33,514.82,244.32,,0.0662,-0.0532,0.07,0.0,0,glrt_zupt
1785683888.7081645,8.503,0,434.13,275.0,386.33,514.82,244.54,,0.0662,-0.0532,0.07,0.0,0,glrt_zupt
1785683888.7253892,8.5203,0,435.34,275.0,386.33,514.82,244.77,,0.0662,-0.0532,0.07,0.0,0,glrt_zupt
1785683888.742537,8.5374,0,436.39,275.0,386.33,514.82,244.99,,0.2289,0.0216,0.061,0.0,0,glrt_zupt
1785683888.7590528,8.5539,0,437.41,275.0,386.33,514.82,245.2,,0.2289,0.0216,0.061,0.0,0,glrt_zupt
1785683888.7762623,8.5711,0,438.4,275.0,386.33,514.82,245.4,,0.4719,0.3033,0.058,0.0,0,glrt_zupt
1785683888.7933083,8.5882,0,439.38,275.0,386.33,514.82,245.61,,0.4719,0.3033,0.058,0.0,0,glrt_zupt
1785683888.8103037,8.6052,0,440.36,275.0,386.33,514.82,245.83,,0.4719,0.3033,0.058,0.0,0,glrt_zupt
1785683888.828029,8.6229,0,441.31,275.0,386.33,514.82,246.04,,0.4505,0.3768,0.054,0.0,0,glrt_zupt
1785683888.8455963,8.6405,0,442.26,275.0,386.33,514.82,246.25,,0.4505,0.3768,0.054,0.0,0,glrt_zupt
1785683888.8614752,8.6563,0,443.06,275.0,386.33,514.82,246.44,,0.3746,0.435,0.05,0.0,0,glrt_zupt
1785683888.87798,8.6728,0,443.89,275.0,386.33,514.82,246.63,,0.3746,0.435,0.05,0.0,0,glrt_zupt
1785683888.8948457,8.6897,0,444.63,275.0,386.33,514.82,246.8,,0.1369,0.2894,0.044,0.0,0,glrt_zupt
1785683888.9107215,8.7056,0,445.32,275.0,386.33,514.82,246.97,,0.1369,0.2894,0.044,0.0,0,glrt_zupt
1785683888.9263692,8.7212,0,446.01,275.0,386.33,514.82,247.13,,0.1369,0.2894,0.044,0.0,0,glrt_zupt
1785683888.943413,8.7383,0,446.67,275.0,386.33,514.82,247.29,,0.1857,0.2405,0.039,0.0,0,glrt_zupt
1785683888.959503,8.7544,0,447.3,275.0,386.33,514.82,247.45,,0.1857,0.2405,0.039,0.0,0,glrt_zupt
1785683888.9752138,8.7701,0,447.84,275.0,386.33,514.82,247.58,,0.1023,0.1025,0.034,0.0,0,glrt_zupt
1785683888.992462,8.7873,0,448.43,275.0,386.33,514.82,247.73,,0.1023,0.1025,0.034,0.0,0,glrt_zupt
1785683889.00915,8.804,0,449.0,275.0,386.33,514.82,247.87,,0.1023,0.1025,0.034,0.0,0,glrt_zupt
1785683889.0261786,8.821,0,449.49,275.0,386.33,514.82,247.99,,0.0359,-0.0284,0.029,0.0,0,glrt_zupt
1785683889.0428016,8.8377,0,449.97,275.0,386.33,514.82,248.12,,0.0359,-0.0284,0.029,0.0,0,glrt_zupt
1785683889.0584085,8.8533,0,450.37,275.0,386.33,514.82,248.22,,0.1123,0.1179,0.026,0.0,0,glrt_zupt
1785683889.0749567,8.8698,0,450.8,275.0,386.33,514.82,248.33,,0.1123,0.1179,0.026,0.0,0,glrt_zupt
1785683889.0922647,8.8871,0,451.25,275.0,386.33,514.82,248.45,,0.1123,0.1179,0.026,0.0,0,glrt_zupt
1785683889.1093552,8.9042,0,451.66,275.0,386.33,514.82,248.56,,0.1957,0.1068,0.024,0.0,0,glrt_zupt
1785683889.125215,8.9201,0,452.04,275.0,386.33,514.82,248.66,,0.1957,0.1068,0.024,0.0,0,glrt_zupt
1785683889.142283,8.9372,0,452.44,275.0,386.33,514.82,248.76,,0.2428,0.1761,0.024,0.0,0,glrt_zupt
1785683889.1591127,8.954,0,452.84,275.0,386.33,514.82,248.87,,0.2428,0.1761,0.024,0.0,0,glrt_zupt
1785683889.175908,8.9708,0,453.3,275.0,386.33,514.82,248.99,,0.543,0.4819,0.027,0.0,0,glrt_zupt
1785683889.1922026,8.9871,0,453.74,275.0,386.33,514.82,249.11,,0.543,0.4819,0.027,0.0,0,glrt_zupt
1785683889.2091386,9.004,0,454.2,275.0,386.33,514.82,249.24,,0.3349,0.2788,0.027,0.0,0,glrt_zupt
1785683889.226254,9.0211,0,454.67,275.0,386.33,514.82,249.36,,0.3349,0.2788,0.027,0.0,0,glrt_zupt
1785683889.2434986,9.0384,0,455.14,275.0,386.33,514.82,249.49,,0.3349,0.2788,0.027,0.0,0,glrt_zupt
1785683889.2601318,9.055,0,455.58,275.0,386.33,514.82,249.62,,0.2979,0.3046,0.027,0.0,0,glrt_zupt
1785683889.2763088,9.0712,0,456.02,275.0,386.33,514.82,249.74,,0.2979,0.3046,0.027,0.0,0,glrt_zupt
1785683889.2922492,9.0871,0,456.46,275.0,386.33,514.82,249.86,,0.3741,0.2604,0.028,0.0,0,glrt_zupt
1785683889.308991,9.1039,0,456.92,275.0,386.33,514.82,249.99,,0.3741,0.2604,0.028,0.0,0,glrt_zupt
1785683889.3257523,9.1206,0,457.38,275.0,386.33,514.82,250.12,,0.3741,0.2604,0.028,0.0,0,glrt_zupt
1785683889.3414156,9.1363,0,457.82,275.0,386.33,514.82,250.25,,0.3654,0.236,0.028,0.0,0,glrt_zupt
1785683889.357234,9.1521,0,458.27,275.0,386.33,514.82,250.37,,0.3654,0.236,0.028,0.0,0,glrt_zupt
1785683889.3742266,9.1691,0,458.69,275.0,386.33,514.82,250.5,,0.1121,0.0236,0.025,0.0,0,glrt_zupt
1785683889.390594,9.1855,0,459.1,275.0,386.33,514.82,250.61,,0.1121,0.0236,0.025,0.0,0,glrt_zupt
1785683889.4063103,9.2012,0,459.49,275.0,386.33,514.82,250.73,,0.1121,0.0236,0.025,0.0,0,glrt_zupt
1785683889.4236712,9.2185,0,459.92,275.0,386.33,514.82,250.85,,0.283,0.1988,0.025,0.0,0,glrt_zupt
1785683889.4394422,9.2343,0,460.31,275.0,386.33,514.82,250.97,,0.283,0.1988,0.025,0.0,0,glrt_zupt
1785683889.4560237,9.2509,0,460.71,275.0,386.33,514.82,251.09,,0.283,0.1988,0.025,0.0,0,glrt_zupt
1785683889.4734147,9.2683,0,461.15,275.0,386.33,514.82,251.22,,0.3332,0.2561,0.025,0.0,0,glrt_zupt
1785683889.4903061,9.2852,0,461.58,275.0,386.33,514.82,251.35,,0.3332,0.2561,0.025,0.0,0,glrt_zupt
1785683889.508056,9.3029,0,462.0,275.0,386.33,514.82,251.47,,0.2158,0.1326,0.024,0.0,0,glrt_zupt
1785683889.5247362,9.3196,0,462.4,275.0,386.33,514.82,251.59,,0.2158,0.1326,0.024,0.0,0,glrt_zupt
1785683889.5414135,9.3363,0,462.78,275.0,386.33,514.82,251.71,,0.2212,0.182,0.023,0.0,0,glrt_zupt
1785683889.5579827,9.3529,0,463.16,275.0,386.33,514.82,251.82,,0.2212,0.182,0.023,0.0,0,glrt_zupt
1785683889.575452,9.3703,0,463.56,275.0,386.33,514.82,251.95,,0.2999,0.3189,0.023,0.0,0,glrt_zupt
1785683889.591507,9.3864,0,463.94,275.0,386.33,514.82,252.06,,0.2999,0.3189,0.023,0.0,0,glrt_zupt
1785683889.6071618,9.402,0,464.3,275.0,386.33,514.82,252.17,,0.2999,0.3189,0.023,0.0,0,glrt_zupt
1785683889.6240401,9.4189,0,464.68,275.0,386.33,514.82,252.29,,0.2241,0.148,0.022,0.0,0,glrt_zupt
1785683889.6408606,9.4357,0,465.06,275.0,386.33,514.82,252.41,,0.2241,0.148,0.022,0.0,0,glrt_zupt
1785683889.658112,9.453,0,465.49,275.0,386.33,514.82,252.54,,0.432,0.3378,0.025,0.0,0,glrt_zupt
1785683889.6753728,9.4702,0,465.91,275.0,386.33,514.82,252.68,,0.432,0.3378,0.025,0.0,0,glrt_zupt
1785683889.6911771,9.486,0,466.31,275.0,386.33,514.82,252.8,,0.333,0.2481,0.025,0.0,0,glrt_zupt
1785683889.7084656,9.5033,0,466.75,275.0,386.33,514.82,252.94,,0.333,0.2481,0.025,0.0,0,glrt_zupt
1785683889.7246747,9.5195,0,467.16,275.0,386.33,514.82,253.07,,0.333,0.2481,0.025,0.0,0,glrt_zupt
1785683889.7409875,9.5359,0,467.57,275.0,386.33,514.82,253.2,,0.2756,0.2148,0.025,0.0,0,glrt_zupt
1785683889.7583268,9.5532,0,468.0,275.0,386.33,514.82,253.34,,0.2756,0.2148,0.025,0.0,0,glrt_zupt
1785683889.774375,9.5692,0,468.39,275.0,386.33,514.82,253.47,,0.2376,0.2345,0.024,0.0,0,glrt_zupt
1785683889.7908316,9.5857,0,468.78,275.0,386.33,514.82,253.6,,0.2376,0.2345,0.024,0.0,0,glrt_zupt
1785683889.8071482,9.602,0,469.18,275.0,386.33,514.82,253.72,,0.2376,0.2345,0.024,0.0,0,glrt_zupt
1785683889.8243766,9.6192,0,469.55,275.0,386.33,514.82,253.85,,0.1297,0.1008,0.022,0.0,0,glrt_zupt
1785683889.8405535,9.6354,0,469.9,275.0,386.33,514.82,253.96,,0.1297,0.1008,0.022,0.0,0,glrt_zupt
1785683889.8561869,9.6511,0,470.26,275.0,386.33,514.82,254.08,,0.3386,0.3199,0.023,0.0,0,glrt_zupt
1785683889.872705,9.6676,0,470.64,275.0,386.33,514.82,254.21,,0.3386,0.3199,0.023,0.0,0,glrt_zupt
1785683889.8883126,9.6832,0,471.0,275.0,386.33,514.82,254.32,,0.3386,0.3199,0.023,0.0,0,glrt_zupt
1785683889.905824,9.7007,0,471.38,275.0,386.33,514.82,254.45,,0.2275,0.1968,0.022,0.0,0,glrt_zupt
1785683889.9224591,9.7173,0,471.75,275.0,386.33,514.82,254.58,,0.2275,0.1968,0.022,0.0,0,glrt_zupt
1785683889.9382753,9.7331,0,472.08,275.0,386.33,514.82,254.69,,0.1607,0.0905,0.021,0.0,0,glrt_zupt
1785683889.954388,9.7493,0,472.42,275.0,386.33,514.82,254.8,,0.1607,0.0905,0.021,0.0,0,glrt_zupt
1785683889.9705539,9.7654,0,472.75,275.0,386.33,514.82,254.91,,0.1607,0.0905,0.021,0.0,0,glrt_zupt
1785683889.9866793,9.7815,0,473.1,275.0,386.33,514.82,255.03,,0.3198,0.2128,0.022,0.0,0,glrt_zupt
1785683890.0024195,9.7973,0,473.45,275.0,386.33,514.82,255.15,,0.3198,0.2128,0.022,0.0,0,glrt_zupt
1785683890.0189264,9.8138,0,473.82,275.0,386.33,514.82,255.28,,0.3221,0.1877,0.023,0.0,0,glrt_zupt
1785683890.0357475,9.8306,0,474.2,275.0,386.33,514.82,255.41,,0.3221,0.1877,0.023,0.0,0,glrt_zupt
1785683890.0514696,9.8463,0,474.55,275.0,386.33,514.82,255.53,,0.3221,0.1877,0.023,0.0,0,glrt_zupt
1785683890.0684428,9.8633,0,474.94,275.0,386.33,514.82,255.66,,0.2597,0.1551,0.022,0.0,0,glrt_zupt
1785683890.0843854,9.8793,0,475.29,275.0,386.33,514.82,255.79,,0.2597,0.1551,0.022,0.0,0,glrt_zupt
1785683890.1010907,9.896,0,475.68,275.0,386.33,514.82,255.92,,0.3238,0.2439,0.023,0.0,0,glrt_zupt
1785683890.1182454,9.9131,0,476.08,275.0,386.33,514.82,256.06,,0.3238,0.2439,0.023,0.0,0,glrt_zupt
1785683890.1353774,9.9302,0,476.47,275.0,386.33,514.82,256.2,,0.2775,0.2062,0.023,0.0,0,glrt_zupt
1785683890.1514113,9.9463,0,476.85,275.0,386.33,514.82,256.33,,0.2775,0.2062,0.023,0.0,0,glrt_zupt
1785683890.1683826,9.9633,0,477.22,275.0,386.33,514.82,256.46,,0.2149,0.1884,0.022,0.0,0,glrt_zupt
1785683890.185234,9.9801,0,477.6,275.0,386.33,514.82,256.6,,0.2149,0.1884,0.022,0.0,0,glrt_zupt
1785683890.2021492,9.997,0,477.98,275.0,386.33,514.82,256.73,,0.2149,0.1884,0.022,0.0,0,glrt_zupt
1785683890.21929,10.0142,0,478.35,275.0,386.33,514.82,256.87,,0.2399,0.1973,0.022,0.0,0,glrt_zupt
1785683890.236546,10.0314,0,478.73,275.0,386.33,514.82,257.0,,0.2399,0.1973,0.022,0.0,0,glrt_zupt
1785683890.2520645,10.0469,0,479.09,275.0,386.33,514.82,257.13,,0.3694,0.2371,0.023,0.0,0,glrt_zupt
1785683890.2691917,10.0641,0,479.49,275.0,386.33,514.82,257.28,,0.3694,0.2371,0.023,0.0,0,glrt_zupt
1785683890.28635,10.0812,0,479.89,275.0,386.33,514.82,257.42,,0.3694,0.2371,0.023,0.0,0,glrt_zupt
1785683890.3034787,10.0983,0,480.31,275.0,386.33,514.82,257.58,,0.3877,0.2777,0.025,0.0,0,glrt_zupt
1785683890.319239,10.1141,0,480.7,275.0,386.33,514.82,257.72,,0.3877,0.2777,0.025,0.0,0,glrt_zupt
1785683890.3371277,10.132,0,481.14,275.0,386.33,514.82,257.88,,0.2715,0.1364,0.024,0.0,0,glrt_zupt
1785683890.3550398,10.1499,0,481.57,275.0,386.33,514.82,258.04,,0.2715,0.1364,0.024,0.0,0,glrt_zupt
1785683890.3717299,10.1666,0,481.98,275.0,386.33,514.82,258.19,,0.305,0.2282,0.025,0.0,0,glrt_zupt
1785683890.3875804,10.1824,0,482.37,275.0,386.33,514.82,258.33,,0.305,0.2282,0.025,0.0,0,glrt_zupt
1785683890.403452,10.1983,0,482.76,275.0,386.33,514.82,258.48,,0.305,0.2282,0.025,0.0,0,glrt_zupt
1785683890.4189622,10.2138,0,483.14,275.0,386.33,514.82,258.62,,0.2872,0.2818,0.024,0.0,0,glrt_zupt
1785683890.4364147,10.2313,0,483.57,275.0,386.33,514.82,258.78,,0.2872,0.2818,0.024,0.0,0,glrt_zupt
1785683890.4525156,10.2474,0,483.97,275.0,386.33,514.82,258.93,,0.3258,0.2511,0.025,0.0,0,glrt_zupt
1785683890.468284,10.2632,0,484.37,275.0,386.33,514.82,259.08,,0.3258,0.2511,0.025,0.0,0,glrt_zupt
1785683890.4854243,10.2803,0,484.79,275.0,386.33,514.82,259.24,,0.3258,0.2511,0.025,0.0,0,glrt_zupt
1785683890.501317,10.2962,0,485.18,275.0,386.33,514.82,259.39,,0.2407,0.2062,0.024,0.0,0,glrt_zupt
1785683890.5171854,10.3121,0,485.56,275.0,386.33,514.82,259.54,,0.2407,0.2062,0.024,0.0,0,glrt_zupt
1785683890.534283,10.3292,0,485.98,275.0,386.33,514.82,259.7,,0.2407,0.2062,0.024,0.0,0,glrt_zupt
1785683890.5515258,10.3464,0,486.37,275.0,386.33,514.82,259.85,,0.1989,0.1663,0.023,0.0,0,glrt_zupt
1785683890.568068,10.3629,0,486.75,275.0,386.33,514.82,259.99,,0.1989,0.1663,0.023,0.0,0,glrt_zupt
1785683890.5856493,10.3805,0,487.12,275.0,386.33,514.82,260.14,,0.1451,0.0873,0.021,0.0,0,glrt_zupt
1785683890.601521,10.3964,0,487.45,275.0,386.33,514.82,260.26,,0.1451,0.0873,0.021,0.0,0,glrt_zupt
1785683890.6171203,10.412,0,487.78,275.0,386.33,514.82,260.39,,0.1451,0.0873,0.021,0.0,0,glrt_zupt
1785683890.634363,10.4292,0,488.13,275.0,386.33,514.82,260.53,,0.2429,0.177,0.021,0.0,0,glrt_zupt
1785683890.6503224,10.4452,0,488.47,275.0,386.33,514.82,260.66,,0.2429,0.177,0.021,0.0,0,glrt_zupt
1785683890.667179,10.462,0,488.47,275.0,386.33,514.82,260.66,,0.1545,0.1425,0.0,0.0,0,glrt_zupt
1785683890.6839051,10.4788,0,488.47,275.0,386.33,514.82,260.66,,0.1545,0.1425,0.0,0.0,0,glrt_zupt
1785683890.7002041,10.4951,0,488.47,275.0,386.33,514.82,260.66,,0.1545,0.1425,0.0,0.0,0,glrt_zupt
1785683890.7167065,10.5116,0,488.47,275.0,386.33,514.82,260.66,,0.2949,0.1286,0.0,0.0,0,glrt_zupt
1785683890.7322996,10.5272,0,488.47,275.0,386.33,514.82,260.66,,0.2949,0.1286,0.0,0.0,0,glrt_zupt
1785683890.749288,10.5442,0,488.47,275.0,386.33,514.82,260.66,,0.2256,0.203,0.0,0.0,0,glrt_zupt
1785683890.764964,10.5598,0,488.47,275.0,386.33,514.82,260.66,,0.2256,0.203,0.0,0.0,0,glrt_zupt
1785683890.782459,10.5773,0,488.47,275.0,386.33,514.82,260.66,,0.2256,0.203,0.0,0.0,0,glrt_zupt
1785683890.798448,10.5933,0,488.47,275.0,386.33,514.82,260.66,,0.2774,0.2848,0.0,0.0,0,glrt_zupt
1785683890.8142257,10.6091,0,488.47,275.0,386.33,514.82,260.66,,0.2774,0.2848,0.0,0.0,0,glrt_zupt
1785683890.8315504,10.6264,0,488.47,275.0,386.33,514.82,260.66,,0.1327,0.1909,0.0,0.0,0,glrt_zupt
1785683890.8481956,10.6431,0,488.47,275.0,386.33,514.82,260.66,,0.1327,0.1909,0.0,0.0,0,glrt_zupt
1785683890.8650882,10.66,0,488.47,275.0,386.33,514.82,260.66,,0.1327,0.1909,0.0,0.0,0,glrt_zupt
1785683890.8825707,10.6774,0,488.47,275.0,386.33,514.82,260.66,,0.187,0.0824,0.0,0.0,0,glrt_zupt
1785683890.8984704,10.6933,0,488.47,275.0,386.33,514.82,260.66,,0.187,0.0824,0.0,0.0,0,glrt_zupt
1785683890.9142153,10.7091,0,488.47,275.0,386.33,514.82,260.66,,0.3026,0.1928,0.0,0.0,0,glrt_zupt
1785683890.9308796,10.7257,0,488.47,275.0,386.33,514.82,260.66,,0.3026,0.1928,0.0,0.0,0,glrt_zupt
1785683890.9482143,10.7431,0,488.47,275.0,386.33,514.82,260.66,,0.3026,0.1928,0.0,0.0,0,glrt_zupt
1785683890.9649713,10.7598,0,488.47,275.0,386.33,514.82,260.66,,0.382,0.1433,0.0,0.0,0,glrt_zupt
1785683890.9823768,10.7772,0,488.47,275.0,386.33,514.82,260.66,,0.382,0.1433,0.0,0.0,0,glrt_zupt
1785683890.998138,10.793,0,488.47,275.0,386.33,514.82,260.66,,0.6299,0.3892,0.0,0.0,0,glrt_zupt
1785683891.0151393,10.81,0,488.47,275.0,386.33,514.82,260.66,,0.6299,0.3892,0.0,0.0,0,glrt_zupt
1785683891.032005,10.8269,0,488.47,275.0,386.33,514.82,260.66,,0.6299,0.3892,0.0,0.0,0,glrt_zupt
1785683891.0490785,10.8439,0,488.47,275.0,386.33,514.82,260.66,,0.455,0.3477,0.0,0.0,0,glrt_zupt
1785683891.0666943,10.8616,0,488.47,275.0,386.33,514.82,260.66,,0.455,0.3477,0.0,0.0,0,glrt_zupt
1785683891.0825493,10.8774,0,488.47,275.0,386.33,514.82,260.66,,0.2755,0.2591,0.0,0.0,0,glrt_zupt
1785683891.098554,10.8934,0,488.47,275.0,386.33,514.82,260.66,,0.2755,0.2591,0.0,0.0,0,glrt_zupt
1785683891.1146612,10.9095,0,488.47,275.0,386.33,514.82,260.66,,0.2755,0.2591,0.0,0.0,0,glrt_zupt
1785683891.1306114,10.9255,0,488.47,275.0,386.33,514.82,260.66,,0.0939,0.1393,0.0,0.0,0,glrt_zupt
1785683891.14673,10.9416,0,488.47,275.0,386.33,514.82,260.66,,0.0939,0.1393,0.0,0.0,0,glrt_zupt
1785683891.1630216,10.9579,0,488.47,275.0,386.33,514.82,260.66,,-0.1359,-0.0047,0.0,0.0,0,glrt_zupt
1785683891.1800814,10.9749,0,488.47,275.0,386.33,514.82,260.66,,-0.1359,-0.0047,0.0,0.0,0,glrt_zupt
1785683891.1969843,10.9919,0,488.47,275.0,386.33,514.82,260.66,,0.0547,0.0979,0.0,0.0,0,glrt_zupt
1785683891.213864,11.0087,0,488.47,275.0,386.33,514.82,260.66,,0.0547,0.0979,0.0,0.0,0,glrt_zupt
1785683891.2305162,11.0254,0,488.47,275.0,386.33,514.82,260.66,,0.0547,0.0979,0.0,0.0,0,glrt_zupt
1785683891.2470682,11.0419,0,488.47,275.0,386.33,514.82,260.66,,0.3166,0.3902,0.0,0.0,0,glrt_zupt
1785683891.2640264,11.0589,0,488.47,275.0,386.33,514.82,260.66,,0.3166,0.3902,0.0,0.0,0,glrt_zupt
1785683891.2806706,11.0755,0,488.47,275.0,386.33,514.82,260.66,,0.5211,0.2903,0.0,0.0,0,glrt_zupt
1785683891.29687,11.0917,0,488.47,275.0,386.33,514.82,260.66,,0.5211,0.2903,0.0,0.0,0,glrt_zupt
1785683891.3136044,11.1085,0,488.47,275.0,386.33,514.82,260.66,,0.5211,0.2903,0.0,0.0,0,glrt_zupt
1785683891.329428,11.1243,0,488.47,275.0,386.33,514.82,260.66,,1.6084,0.3498,0.0,0.0,0,glrt_zupt
1785683891.3460872,11.141,0,488.47,275.0,386.33,514.82,260.66,,1.6084,0.3498,0.0,0.0,0,glrt_zupt
1785683891.363557,11.1584,0,488.47,275.0,386.33,514.82,260.66,,3.0909,0.4349,0.0,0.0,0,glrt_zupt
1785683891.379387,11.1743,0,488.47,275.0,386.33,514.82,260.66,,3.0909,0.4349,0.0,0.0,0,glrt_zupt
1785683891.3959844,11.1909,0,488.47,275.0,386.33,514.82,260.66,,3.0909,0.4349,0.0,0.0,0,glrt_zupt
1785683891.412463,11.2073,0,488.47,275.0,386.33,514.82,260.66,,3.5527,-0.4184,0.0,0.0,0,glrt_zupt
1785683891.429098,11.224,0,488.47,275.0,386.33,514.82,260.66,,3.5527,-0.4184,0.0,0.0,0,glrt_zupt
1785683891.4462538,11.2411,0,488.47,275.0,386.33,514.82,260.66,,3.4826,-0.7733,0.0,0.0,0,glrt_zupt
1785683891.4630442,11.2579,0,488.47,275.0,386.33,514.82,260.66,,3.4826,-0.7733,0.0,0.0,0,glrt_zupt
1785683891.4805167,11.2754,0,488.47,275.0,386.33,514.82,260.66,,3.4826,-0.7733,0.0,0.0,0,glrt_zupt
1785683891.49672,11.2916,0,488.47,275.0,386.33,514.82,260.66,,3.6709,-0.2807,0.0,0.0,0,glrt_zupt
1785683891.5125747,11.3074,0,488.47,275.0,386.33,514.82,260.66,,3.6709,-0.2807,0.0,0.0,0,glrt_zupt
1785683891.5282261,11.3231,0,491.34,275.0,386.33,514.82,261.8,,3.0453,0.2134,0.184,0.0,0,glrt_zupt
1785683891.5451856,11.3401,0,494.46,275.0,386.33,514.82,263.07,,3.0453,0.2134,0.184,0.0,0,glrt_zupt
1785683891.561769,11.3566,0,497.51,275.0,386.33,514.82,264.34,,3.0453,0.2134,0.184,0.0,0,glrt_zupt
1785683891.5780315,11.3729,0,500.39,275.0,386.33,514.82,265.56,,1.6867,-0.332,0.177,0.0,0,glrt_zupt
1785683891.5948899,11.3898,0,503.37,275.0,386.33,514.82,266.85,,1.6867,-0.332,0.177,0.0,0,glrt_zupt
1785683891.6124163,11.4073,0,505.91,275.0,386.33,514.82,267.98,,-0.049,-0.7587,0.145,0.0,0,glrt_zupt
1785683891.6284523,11.4233,0,508.24,275.0,386.33,514.82,269.03,,-0.049,-0.7587,0.145,0.0,0,glrt_zupt
1785683891.6444652,11.4393,0,510.57,275.0,386.33,514.82,270.09,,-0.049,-0.7587,0.145,0.0,0,glrt_zupt
1785683891.6602118,11.4551,0,512.32,275.0,386.33,514.82,270.9,,-0.8543,-0.9227,0.111,0.0,0,glrt_zupt
1785683891.6780462,11.4729,0,514.29,275.0,386.33,514.82,271.82,,-0.8543,-0.9227,0.111,0.0,0,glrt_zupt
1785683891.69463,11.4895,0,515.44,275.0,386.33,514.82,272.36,,-1.7,-1.2412,0.069,0.0,0,glrt_zupt
1785683891.710927,11.5058,0,516.57,275.0,386.33,514.82,272.9,,-1.7,-1.2412,0.069,0.0,0,glrt_zupt
1785683891.728071,11.5229,0,517.75,275.0,386.33,514.82,273.47,,-1.7,-1.2412,0.069,0.0,0,glrt_zupt
1785683891.7451587,11.54,0,518.12,275.0,386.33,514.82,273.64,,-2.5259,-0.9193,0.021,0.0,0,glrt_zupt
1785683891.7620392,11.5569,0,518.48,275.0,386.33,514.82,273.82,,-2.5259,-0.9193,0.021,0.0,0,glrt_zupt
1785683891.7792425,11.5741,0,518.06,275.0,386.33,514.82,273.62,,-2.9457,-0.9768,-0.024,0.0,0,glrt_zupt
1785683891.7950084,11.5899,0,517.68,275.0,386.33,514.82,273.43,,-2.9457,-0.9768,-0.024,0.0,0,glrt_zupt
1785683891.812364,11.6072,0,517.26,275.0,386.33,514.82,273.23,,-2.9457,-0.9768,-0.024,0.0,0,glrt_zupt
1785683891.8290117,11.6239,0,515.92,275.0,386.33,514.82,272.59,,-4.3478,-1.6233,-0.08,0.0,0,glrt_zupt
1785683891.8458753,11.6407,0,514.57,275.0,386.33,514.82,271.95,,-4.3478,-1.6233,-0.08,0.0,0,glrt_zupt
1785683891.862909,11.6578,0,512.47,275.0,386.33,514.82,270.97,,-3.9753,-1.1343,-0.123,0.0,0,glrt_zupt
1785683891.8790078,11.6739,0,510.49,275.0,386.33,514.82,270.05,,-3.9753,-1.1343,-0.123,0.0,0,glrt_zupt
1785683891.8957632,11.6906,0,508.43,275.0,386.33,514.82,269.11,,-3.9753,-1.1343,-0.123,0.0,0,glrt_zupt
1785683891.911787,11.7067,0,506.24,275.0,386.33,514.82,268.13,,-2.4953,-0.3624,-0.137,0.0,0,glrt_zupt
1785683891.9279869,11.7229,0,504.02,275.0,386.33,514.82,267.14,,-2.4953,-0.3624,-0.137,0.0,0,glrt_zupt
1785683891.9451904,11.7401,0,501.71,275.0,386.33,514.82,266.13,,-1.4982,-0.0344,-0.135,0.0,0,glrt_zupt
1785683891.9623697,11.7572,0,499.39,275.0,386.33,514.82,265.13,,-1.4982,-0.0344,-0.135,0.0,0,glrt_zupt
1785683891.9790125,11.7739,0,497.36,275.0,386.33,514.82,264.27,,-0.7178,0.0435,-0.122,0.0,0,glrt_zupt
1785683891.9961567,11.791,0,495.27,275.0,386.33,514.82,263.4,,-0.7178,0.0435,-0.122,0.0,0,glrt_zupt
1785683892.0133483,11.8082,0,493.48,275.0,386.33,514.82,262.67,,-0.1924,0.6404,-0.104,0.0,0,glrt_zupt
1785683892.029291,11.8242,0,491.82,275.0,386.33,514.82,262.0,,-0.1924,0.6404,-0.104,0.0,0,glrt_zupt
1785683892.0467997,11.8417,0,490.0,275.0,386.33,514.82,261.27,,-0.1924,0.6404,-0.104,0.0,0,glrt_zupt
1785683892.0625358,11.8574,0,488.62,275.0,386.33,514.82,260.72,,-0.0289,0.7082,-0.088,0.0,0,glrt_zupt
1785683892.0791895,11.8741,0,487.16,275.0,386.33,514.82,260.15,,-0.0289,0.7082,-0.088,0.0,0,glrt_zupt
1785683892.0966408,11.8915,0,485.96,275.0,386.33,514.82,259.69,,0.2847,0.5889,-0.068,0.0,0,glrt_zupt
1785683892.1123807,11.9072,0,484.88,275.0,386.33,514.82,259.28,,0.2847,0.5889,-0.068,0.0,0,glrt_zupt
1785683892.1294382,11.9243,0,483.71,275.0,386.33,514.82,258.84,,0.2847,0.5889,-0.068,0.0,0,glrt_zupt
1785683892.1462464,11.9411,0,482.91,275.0,386.33,514.82,258.54,,0.6588,0.6905,-0.048,0.0,0,glrt_zupt
1785683892.162909,11.9578,0,482.11,275.0,386.33,514.82,258.24,,0.6588,0.6905,-0.048,0.0,0,glrt_zupt
1785683892.1799915,11.9749,0,481.6,275.0,386.33,514.82,258.05,,0.6842,0.4287,-0.03,0.0,0,glrt_zupt
1785683892.1980886,11.993,0,481.06,275.0,386.33,514.82,257.85,,0.6842,0.4287,-0.03,0.0,0,glrt_zupt
1785683892.2147763,12.0096,0,480.56,275.0,386.33,514.82,257.67,,0.6842,0.4287,-0.03,0.0,0,glrt_zupt
1785683892.2310185,12.0259,0,480.56,275.0,386.33,514.82,257.67,,1.0402,0.4366,0.0,0.0,0,glrt_zupt
1785683892.2482076,12.0431,0,480.56,275.0,386.33,514.82,257.67,,1.0402,0.4366,0.0,0.0,0,glrt_zupt
1785683892.2652335,12.0601,0,480.56,275.0,386.33,514.82,257.67,,1.2737,0.568,0.0,0.0,0,glrt_zupt
1785683892.2820077,12.0769,0,480.56,275.0,386.33,514.82,257.67,,1.2737,0.568,0.0,0.0,0,glrt_zupt
1785683892.2991958,12.0941,0,480.56,275.0,386.33,514.82,257.67,,1.011,0.4617,0.0,0.0,0,glrt_zupt
1785683892.3167372,12.1116,0,480.56,275.0,386.33,514.82,257.67,,1.011,0.4617,0.0,0.0,0,glrt_zupt
1785683892.3331254,12.128,0,480.56,275.0,386.33,514.82,257.67,,0.9139,0.2403,0.0,0.0,0,glrt_zupt
1785683892.3500133,12.1449,0,480.56,275.0,386.33,514.82,257.67,,0.9139,0.2403,0.0,0.0,0,glrt_zupt
1785683892.3670046,12.1619,0,480.56,275.0,386.33,514.82,257.67,,0.9139,0.2403,0.0,0.0,0,glrt_zupt
1785683892.384312,12.1792,0,480.56,275.0,386.33,514.82,257.67,,0.9979,0.394,0.0,0.0,0,glrt_zupt
1785683892.4008863,12.1958,0,480.56,275.0,386.33,514.82,257.67,,0.9979,0.394,0.0,0.0,0,glrt_zupt
1785683892.4164104,12.2113,0,480.56,275.0,386.33,514.82,257.67,,0.9979,0.394,0.0,0.0,0,glrt_zupt
1785683892.4329784,12.2278,0,480.56,275.0,386.33,514.82,257.67,,0.7681,0.3551,0.0,0.0,0,glrt_zupt
1785683892.4505482,12.2454,0,480.56,275.0,386.33,514.82,257.67,,0.7681,0.3551,0.0,0.0,0,glrt_zupt
1785683892.4668264,12.2617,0,480.56,275.0,386.33,514.82,257.67,,0.6345,0.2061,0.0,0.0,0,glrt_zupt
1785683892.4835148,12.2784,0,480.56,275.0,386.33,514.82,257.67,,0.6345,0.2061,0.0,0.0,0,glrt_zupt
1785683892.5002613,12.2951,0,480.56,275.0,386.33,514.82,257.67,,0.636,0.2558,0.0,0.0,0,glrt_zupt
1785683892.518428,12.3133,0,480.56,275.0,386.33,514.82,257.67,,0.636,0.2558,0.0,0.0,0,glrt_zupt
1785683892.535435,12.3303,0,480.56,275.0,386.33,514.82,257.67,,0.5541,0.3635,0.0,0.0,0,glrt_zupt
1785683892.5518022,12.3467,0,480.56,275.0,386.33,514.82,257.67,,0.5541,0.3635,0.0,0.0,0,glrt_zupt
1785683892.56828,12.3631,0,480.56,275.0,386.33,514.82,257.67,,0.5541,0.3635,0.0,0.0,0,glrt_zupt
1785683892.5856102,12.3805,0,480.56,275.0,386.33,514.82,257.67,,0.6627,0.2565,0.0,0.0,0,glrt_zupt
1785683892.601347,12.3962,0,480.56,275.0,386.33,514.82,257.67,,0.6627,0.2565,0.0,0.0,0,glrt_zupt
1785683892.6180236,12.4129,0,480.56,275.0,386.33,514.82,257.67,,0.4443,0.4441,0.0,0.0,0,glrt_zupt
1785683892.6347442,12.4296,0,480.56,275.0,386.33,514.82,257.67,,0.4443,0.4441,0.0,0.0,0,glrt_zupt
1785683892.651276,12.4461,0,480.56,275.0,386.33,514.82,257.67,,0.4443,0.4441,0.0,0.0,0,glrt_zupt
1785683892.6680243,12.4629,0,480.56,275.0,386.33,514.82,257.67,,0.5538,0.2114,0.0,0.0,0,glrt_zupt
1785683892.6846516,12.4795,0,480.56,275.0,386.33,514.82,257.67,,0.5538,0.2114,0.0,0.0,0,glrt_zupt
1785683892.7003176,12.4952,0,480.56,275.0,386.33,514.82,257.67,,0.5422,0.2346,0.0,0.0,0,glrt_zupt
1785683892.7181861,12.5131,0,480.56,275.0,386.33,514.82,257.67,,0.5422,0.2346,0.0,0.0,0,glrt_zupt
1785683892.735252,12.5301,0,480.56,275.0,386.33,514.82,257.67,,0.3425,0.0615,0.0,0.0,0,glrt_zupt
1785683892.7519028,12.5468,0,480.56,275.0,386.33,514.82,257.67,,0.3425,0.0615,0.0,0.0,0,glrt_zupt
1785683892.7681243,12.563,0,480.56,275.0,386.33,514.82,257.67,,0.3425,0.0615,0.0,0.0,0,glrt_zupt
1785683892.7853975,12.5803,0,480.56,275.0,386.33,514.82,257.67,,0.3601,0.0041,0.0,0.0,0,glrt_zupt
1785683892.80121,12.5961,0,480.56,275.0,386.33,514.82,257.67,,0.3601,0.0041,0.0,0.0,0,glrt_zupt
1785683892.8184688,12.6133,0,480.56,275.0,386.33,514.82,257.67,,0.6661,0.2134,0.0,0.0,0,glrt_zupt
1785683892.8346763,12.6295,0,480.56,275.0,386.33,514.82,257.67,,0.6661,0.2134,0.0,0.0,0,glrt_zupt
1785683892.8510869,12.646,0,480.56,275.0,386.33,514.82,257.67,,0.6928,0.1966,0.0,0.0,0,glrt_zupt
1785683892.8676872,12.6626,0,480.56,275.0,386.33,514.82,257.67,,0.6928,0.1966,0.0,0.0,0,glrt_zupt
1785683892.884022,12.6789,0,480.56,275.0,386.33,514.82,257.67,,0.772,0.2032,0.0,0.0,0,glrt_zupt
1785683892.9015021,12.6964,0,480.56,275.0,386.33,514.82,257.67,,0.772,0.2032,0.0,0.0,0,glrt_zupt
1785683892.9173799,12.7122,0,480.56,275.0,386.33,514.82,257.67,,0.772,0.2032,0.0,0.0,0,glrt_zupt
1785683892.9347467,12.7296,0,480.56,275.0,386.33,514.82,257.67,,0.701,0.2098,0.0,0.0,0,glrt_zupt
1785683892.9510276,12.7459,0,480.56,275.0,386.33,514.82,257.67,,0.701,0.2098,0.0,0.0,0,glrt_zupt
1785683892.9681447,12.763,0,480.56,275.0,386.33,514.82,257.67,,0.4042,0.2256,0.0,0.0,0,glrt_zupt
1785683892.98514,12.78,0,480.56,275.0,386.33,514.82,257.67,,0.4042,0.2256,0.0,0.0,0,glrt_zupt
1785683893.001872,12.7967,0,480.56,275.0,386.33,514.82,257.67,,0.0205,0.4101,0.0,0.0,0,glrt_zupt
1785683893.018307,12.8132,0,480.56,275.0,386.33,514.82,257.67,,0.0205,0.4101,0.0,0.0,0,glrt_zupt
1785683893.0350518,12.8299,0,480.56,275.0,386.33,514.82,257.67,,0.0205,0.4101,0.0,0.0,0,glrt_zupt
1785683893.052479,12.8473,0,480.56,275.0,386.33,514.82,257.67,,0.049,1.7235,0.0,0.0,0,glrt_zupt
1785683893.068427,12.8633,0,480.56,275.0,386.33,514.82,257.67,,0.049,1.7235,0.0,0.0,0,glrt_zupt
1785683893.0840266,12.8789,0,480.56,275.0,386.33,514.82,257.67,,-0.0758,2.302,0.0,0.0,0,glrt_zupt
1785683893.100901,12.8958,0,480.56,275.0,386.33,514.82,257.67,,-0.0758,2.302,0.0,0.0,0,glrt_zupt
1785683893.1164434,12.9113,0,480.56,275.0,386.33,514.82,257.67,,-0.0758,2.302,0.0,0.0,0,glrt_zupt
1785683893.1331828,12.9281,0,480.56,275.0,386.33,514.82,257.67,,-0.7195,2.1744,0.0,0.0,0,glrt_zupt
1785683893.1492138,12.9441,0,480.56,275.0,386.33,514.82,257.67,,-0.7195,2.1744,0.0,0.0,0,glrt_zupt
1785683893.1659782,12.9608,0,480.56,275.0,386.33,514.82,257.67,,-0.6303,2.3884,0.0,0.0,0,glrt_zupt
1785683893.1830053,12.9779,0,480.56,275.0,386.33,514.82,257.67,,-0.6303,2.3884,0.0,0.0,0,glrt_zupt
1785683893.2002623,12.9951,0,480.56,275.0,386.33,514.82,257.67,,-0.6303,2.3884,0.0,0.0,0,glrt_zupt
1785683893.217096,13.012,0,480.56,275.0,386.33,514.82,257.67,,-0.0208,2.5507,0.0,0.0,0,glrt_zupt
1785683893.2345061,13.0294,0,480.56,275.0,386.33,514.82,257.67,,-0.0208,2.5507,0.0,0.0,0,glrt_zupt
1785683893.2505004,13.0454,0,480.56,277.02,386.33,514.82,255.78,,0.7849,1.7887,0.0,0.127,0,glrt_zupt
1785683893.2671056,13.062,0,480.56,279.13,386.33,514.82,253.83,,0.7849,1.7887,0.0,0.127,0,glrt_zupt
1785683893.284325,13.0792,0,480.56,281.31,386.33,514.82,251.81,,0.7849,1.7887,0.0,0.127,0,glrt_zupt
1785683893.3014476,13.0963,0,480.56,283.43,386.33,514.82,249.84,,0.8537,1.3322,0.0,0.124,0,glrt_zupt
1785683893.3180351,13.1129,0,480.56,285.48,386.33,514.82,247.94,,0.8537,1.3322,0.0,0.124,0,glrt_zupt
1785683893.3348322,13.1297,0,480.56,287.31,386.33,514.82,246.25,,0.7293,0.4153,0.0,0.109,0,glrt_zupt
1785683893.3510528,13.1459,0,480.56,289.07,386.33,514.82,244.62,,0.7293,0.4153,0.0,0.109,0,glrt_zupt
1785683893.3685098,13.1634,0,480.56,290.32,386.33,514.82,243.48,,0.8924,-1.2968,0.0,0.071,0,glrt_zupt
1785683893.3852646,13.1801,0,480.56,291.51,386.33,514.82,242.38,,0.8924,-1.2968,0.0,0.071,0,glrt_zupt
1785683893.402559,13.1974,0,480.56,292.05,386.33,514.82,241.88,,0.9362,-1.913,0.0,0.031,0,glrt_zupt
1785683893.4182615,13.2131,0,480.56,292.55,386.33,514.82,241.42,,0.9362,-1.913,0.0,0.031,0,glrt_zupt
1785683893.4350388,13.2299,0,480.56,293.07,386.33,514.82,240.94,,0.9362,-1.913,0.0,0.031,0,glrt_zupt
1785683893.4520128,13.2469,0,480.56,293.07,386.33,514.82,240.94,,1.1911,-2.6516,0.0,0.0,0,glrt_zupt
1785683893.4690974,13.264,0,480.56,293.07,386.33,514.82,240.94,,1.1911,-2.6516,0.0,0.0,0,glrt_zupt
1785683893.4855726,13.2804,0,480.56,293.07,386.33,514.82,240.94,,1.4128,-3.2733,0.0,0.0,0,glrt_zupt
1785683893.5013201,13.2962,0,480.56,293.07,386.33,514.82,240.94,,1.4128,-3.2733,0.0,0.0,0,glrt_zupt
1785683893.5184226,13.3133,0,480.56,293.07,386.33,514.82,240.94,,1.4128,-3.2733,0.0,0.0,0,glrt_zupt
1785683893.534145,13.329,0,480.56,293.07,386.33,514.82,240.94,,1.088,-3.4368,0.0,0.0,0,glrt_zupt
1785683893.5509894,13.3459,0,480.56,293.07,386.33,514.82,240.94,,1.088,-3.4368,0.0,0.0,0,glrt_zupt
1785683893.5683718,13.3632,0,480.56,293.07,386.33,514.82,240.94,,0.4508,-3.1538,0.0,0.0,0,glrt_zupt
1785683893.5840156,13.3789,0,480.56,293.07,386.33,514.82,240.94,,0.4508,-3.1538,0.0,0.0,0,glrt_zupt
1785683893.6013594,13.3962,0,480.56,293.07,386.33,514.82,240.94,,0.3027,-2.3738,0.0,0.0,0,glrt_zupt
1785683893.6171649,13.412,0,480.56,293.07,386.33,514.82,240.94,,0.3027,-2.3738,0.0,0.0,0,glrt_zupt
1785683893.6336596,13.4285,0,480.56,293.07,386.33,514.82,240.94,,0.3027,-2.3738,0.0,0.0,0,glrt_zupt
1785683893.6493003,13.4442,0,480.56,293.07,386.33,514.82,240.94,,0.5595,-1.0265,0.0,0.0,0,glrt_zupt
1785683893.6660063,13.4609,0,480.56,293.07,386.33,514.82,240.94,,0.5595,-1.0265,0.0,0.0,0,glrt_zupt
1785683893.6832733,13.4781,0,480.56,291.03,386.33,514.82,242.82,,0.348,-0.9751,0.0,-0.119,0,glrt_zupt
1785683893.7005215,13.4954,0,480.56,288.98,386.33,514.82,244.71,,0.348,-0.9751,0.0,-0.119,0,glrt_zupt
1785683893.7162857,13.5112,0,480.56,287.18,386.33,514.82,246.37,,0.0331,-1.0626,0.0,-0.114,0,glrt_zupt
1785683893.7328892,13.5278,0,480.56,285.29,386.33,514.82,248.12,,0.0331,-1.0626,0.0,-0.114,0,glrt_zupt
1785683893.7501798,13.545,0,480.56,283.32,386.33,514.82,249.94,,0.0331,-1.0626,0.0,-0.114,0,glrt_zupt
1785683893.7668154,13.5617,0,480.56,281.58,386.33,514.82,251.55,,0.2705,-0.6725,0.0,-0.104,0,glrt_zupt
1785683893.783218,13.5781,0,480.56,279.87,386.33,514.82,253.14,,0.2705,-0.6725,0.0,-0.104,0,glrt_zupt
1785683893.8007493,13.5956,0,480.56,278.35,386.33,514.82,254.55,,0.2981,-0.0392,0.0,-0.087,0,glrt_zupt
1785683893.816905,13.6118,0,480.56,276.95,386.33,514.82,255.85,,0.2981,-0.0392,0.0,-0.087,0,glrt_zupt
1785683893.83417,13.629,0,480.56,275.46,386.33,514.82,257.24,,0.2981,-0.0392,0.0,-0.087,0,glrt_zupt
1785683893.8512266,13.6461,0,480.56,274.27,386.33,514.82,258.35,,0.3413,0.152,0.0,-0.07,0,glrt_zupt
1785683893.868335,13.6632,0,480.56,273.08,386.33,514.82,259.46,,0.3413,0.152,0.0,-0.07,0,glrt_zupt
1785683893.885846,13.6807,0,480.56,272.12,386.33,514.82,260.35,,0.492,0.192,0.0,-0.055,0,glrt_zupt
1785683893.9023657,13.6972,0,480.56,271.21,386.33,514.82,261.19,,0.492,0.192,0.0,-0.055,0,glrt_zupt
1785683893.919376,13.7142,0,480.56,270.44,386.33,514.82,261.92,,0.4054,-0.0034,0.0,-0.045,0,glrt_zupt
1785683893.935606,13.7305,0,480.56,269.7,386.33,514.82,262.6,,0.4054,-0.0034,0.0,-0.045,0,glrt_zupt
1785683893.9513934,13.7463,0,480.56,269.1,386.33,514.82,263.16,,0.3902,0.0287,0.0,-0.038,0,glrt_zupt
1785683893.9680052,13.7629,0,480.56,268.48,386.33,514.82,263.75,,0.3902,0.0287,0.0,-0.038,0,glrt_zupt
1785683893.984562,13.7794,0,480.56,267.85,386.33,514.82,264.34,,0.3902,0.0287,0.0,-0.038,0,glrt_zupt
1785683894.000245,13.7951,0,480.56,267.34,386.33,514.82,264.81,,0.3066,-0.0408,0.0,-0.032,0,glrt_zupt
1785683894.0164738,13.8113,0,480.56,266.81,386.33,514.82,265.31,,0.3066,-0.0408,0.0,-0.032,0,glrt_zupt
1785683894.0323584,13.8272,0,480.56,266.34,386.33,514.82,265.75,,0.1006,-0.1684,0.0,-0.03,0,glrt_zupt
1785683894.0484,13.8433,0,480.56,265.87,386.33,514.82,266.19,,0.1006,-0.1684,0.0,-0.03,0,glrt_zupt
1785683894.0650265,13.8599,0,480.56,265.44,386.33,514.82,266.59,,0.0766,-0.0644,0.0,-0.026,0,glrt_zupt
1785683894.0821257,13.877,0,480.56,265.0,386.33,514.82,267.0,,0.0766,-0.0644,0.0,-0.026,0,glrt_zupt
1785683894.098814,13.8937,0,480.56,264.58,386.33,514.82,267.4,,0.0766,-0.0644,0.0,-0.026,0,glrt_zupt
1785683894.115013,13.9099,0,480.56,264.25,386.33,514.82,267.7,,0.0339,0.0733,0.0,-0.02,0,glrt_zupt
1785683894.1323667,13.9272,0,480.56,263.89,386.33,514.82,268.04,,0.0339,0.0733,0.0,-0.02,0,glrt_zupt
1785683894.1480978,13.943,0,480.56,263.89,386.33,514.82,268.04,,0.0481,0.0208,0.0,0.0,0,glrt_zupt
1785683894.1646752,13.9595,0,480.56,263.89,386.33,514.82,268.04,,0.0481,0.0208,0.0,0.0,0,glrt_zupt
1785683894.1809738,13.9758,0,480.56,263.89,386.33,514.82,268.04,,0.2191,-0.0584,0.0,0.0,0,glrt_zupt
1785683894.198314,13.9932,0,480.56,263.89,386.33,514.82,268.04,,0.2191,-0.0584,0.0,0.0,0,glrt_zupt
1785683894.2155046,14.0104,0,480.56,263.89,386.33,514.82,268.04,,0.2191,-0.0584,0.0,0.0,0,glrt_zupt
1785683894.2319744,14.0268,0,480.56,263.89,386.33,514.82,268.04,,0.3709,-0.0306,0.0,0.0,0,glrt_zupt
1785683894.2491403,14.044,0,480.56,263.89,386.33,514.82,268.04,,0.3709,-0.0306,0.0,0.0,0,glrt_zupt
1785683894.2658172,14.0607,0,480.56,263.89,386.33,514.82,268.04,,0.5135,0.0993,0.0,0.0,0,glrt_zupt
1785683894.2821102,14.077,0,480.56,263.89,386.33,514.82,268.04,,0.5135,0.0993,0.0,0.0,0,glrt_zupt
1785683894.2997913,14.0947,0,480.56,263.89,386.33,514.82,268.04,,0.4368,0.1261,0.0,0.0,0,glrt_zupt
1785683894.315912,14.1108,0,480.56,263.89,386.33,514.82,268.04,,0.4368,0.1261,0.0,0.0,0,glrt_zupt
1785683894.3315039,14.1264,0,480.56,263.89,386.33,514.82,268.04,,0.4368,0.1261,0.0,0.0,0,glrt_zupt
1785683894.3470325,14.1419,0,480.56,263.89,386.33,514.82,268.04,,0.3267,0.1364,0.0,0.0,0,glrt_zupt
1785683894.36392,14.1588,0,480.56,263.89,386.33,514.82,268.04,,0.3267,0.1364,0.0,0.0,0,glrt_zupt
1785683894.3794746,14.1743,0,480.56,263.89,386.33,514.82,268.04,,0.3267,0.1364,0.0,0.0,0,glrt_zupt
1785683894.3955169,14.1904,0,480.56,263.89,386.33,514.82,268.04,,0.2683,0.0562,0.0,0.0,0,glrt_zupt
1785683894.4114249,14.2063,0,480.56,263.89,386.33,514.82,268.04,,0.2683,0.0562,0.0,0.0,0,glrt_zupt
1785683894.4269586,14.2218,0,480.56,263.89,386.33,514.82,268.04,,0.2564,-0.0118,0.0,0.0,0,glrt_zupt
1785683894.4440484,14.2389,0,480.56,263.89,386.33,514.82,268.04,,0.2564,-0.0118,0.0,0.0,0,glrt_zupt
1785683894.4612412,14.2561,0,480.56,263.89,386.33,514.82,268.04,,0.2122,-0.1319,0.0,0.0,0,glrt_zupt
1785683894.478058,14.2729,0,480.56,263.89,386.33,514.82,268.04,,0.2122,-0.1319,0.0,0.0,0,glrt_zupt
1785683894.4956315,14.2905,0,480.56,263.89,386.33,514.82,268.04,,0.2122,-0.1319,0.0,0.0,0,glrt_zupt
1785683894.5121403,14.307,0,480.56,263.89,386.33,514.82,268.04,,0.1228,-0.2744,0.0,0.0,0,glrt_zupt
1785683894.5293329,14.3242,0,480.56,263.89,386.33,514.82,268.04,,0.1228,-0.2744,0.0,0.0,0,glrt_zupt
1785683894.545988,14.3409,0,480.56,263.89,386.33,514.82,268.04,,0.1537,-0.3089,0.0,0.0,0,glrt_zupt
1785683894.5628412,14.3577,0,480.56,263.89,386.33,514.82,268.04,,0.1537,-0.3089,0.0,0.0,0,glrt_zupt
1785683894.5784717,14.3733,0,480.56,263.89,386.33,514.82,268.04,,0.1537,-0.3089,0.0,0.0,0,glrt_zupt
1785683894.5959344,14.3908,0,480.56,263.89,386.33,514.82,268.04,,0.3061,-0.8465,0.0,0.0,0,glrt_zupt
1785683894.613441,14.4083,0,480.56,263.89,386.33,514.82,268.04,,0.3061,-0.8465,0.0,0.0,0,glrt_zupt
1785683894.630155,14.425,0,480.56,263.89,386.33,514.82,268.04,,0.0787,-1.4149,0.0,0.0,0,glrt_zupt
1785683894.6472313,14.4421,0,480.56,263.89,386.33,514.82,268.04,,0.0787,-1.4149,0.0,0.0,0,glrt_zupt
1785683894.6644828,14.4594,0,480.56,263.89,386.33,514.82,268.04,,-0.1918,-2.1277,0.0,0.0,0,glrt_zupt
1785683894.681316,14.4762,0,480.56,263.89,386.33,514.82,268.04,,-0.1918,-2.1277,0.0,0.0,0,glrt_zupt
1785683894.6984968,14.4934,0,480.56,263.89,386.33,514.82,268.04,,-0.1918,-2.1277,0.0,0.0,0,glrt_zupt
1785683894.7141242,14.509,0,480.56,263.89,386.33,514.82,268.04,,0.1479,-1.7857,0.0,0.0,0,glrt_zupt
1785683894.7313156,14.5262,0,480.56,263.89,386.33,514.82,268.04,,0.1479,-1.7857,0.0,0.0,0,glrt_zupt
1785683894.7483895,14.5433,0,480.56,263.89,386.33,514.82,268.04,,0.2109,-1.5051,0.0,0.0,0,glrt_zupt
1785683894.7644634,14.5593,0,480.56,263.89,386.33,514.82,268.04,,0.2109,-1.5051,0.0,0.0,0,glrt_zupt
1785683894.781527,14.5764,0,480.56,263.89,386.33,514.82,268.04,,0.5194,-1.5745,0.0,0.0,0,glrt_zupt
1785683894.7985654,14.5934,0,480.56,263.89,386.33,514.82,268.04,,0.5194,-1.5745,0.0,0.0,0,glrt_zupt
1785683894.8145308,14.6094,0,480.56,262.32,386.33,514.82,269.51,,0.0288,-1.634,0.0,-0.099,0,glrt_zupt
1785683894.8303924,14.6253,0,480.56,260.75,386.33,514.82,270.98,,0.0288,-1.634,0.0,-0.099,0,glrt_zupt
1785683894.8466306,14.6415,0,480.56,259.15,386.33,514.82,272.48,,0.0288,-1.634,0.0,-0.099,0,glrt_zupt
1785683894.8630178,14.6579,0,480.56,257.51,386.33,514.82,274.02,,0.1853,-1.263,0.0,-0.1,0,glrt_zupt
1785683894.880782,14.6756,0,480.56,255.74,386.33,514.82,275.68,,0.1853,-1.263,0.0,-0.1,0,glrt_zupt
1785683894.8968897,14.6918,0,480.56,254.34,386.33,514.82,277.0,,1.1079,-0.2339,0.0,-0.087,0,glrt_zupt
1785683894.9140475,14.7089,0,480.56,252.85,386.33,514.82,278.4,,1.1079,-0.2339,0.0,-0.087,0,glrt_zupt
1785683894.9312837,14.7262,0,480.56,251.82,386.33,514.82,279.37,,0.6139,0.8611,0.0,-0.06,0,glrt_zupt
1785683894.9470282,14.7419,0,480.56,250.88,386.33,514.82,280.25,,0.6139,0.8611,0.0,-0.06,0,glrt_zupt
1785683894.9645634,14.7594,0,480.56,249.84,386.33,514.82,281.24,,0.6139,0.8611,0.0,-0.06,0,glrt_zupt
1785683894.9807844,14.7757,0,480.56,249.36,386.33,514.82,281.69,,0.5567,1.4913,0.0,-0.03,0,glrt_zupt
1785683894.997158,14.792,0,480.56,248.87,386.33,514.82,282.15,,0.5567,1.4913,0.0,-0.03,0,glrt_zupt
1785683895.0141687,14.809,0,480.56,248.87,386.33,514.82,282.15,,0.8475,2.6294,0.0,0.0,0,glrt_zupt
1785683895.031381,14.8262,0,480.56,248.87,386.33,514.82,282.15,,0.8475,2.6294,0.0,0.0,0,glrt_zupt
1785683895.0483646,14.8432,0,480.56,248.87,386.33,514.82,282.15,,0.5511,3.8262,0.0,0.0,0,glrt_zupt
1785683895.0646162,14.8595,0,480.56,248.87,386.33,514.82,282.15,,0.5511,3.8262,0.0,0.0,0,glrt_zupt
1785683895.080498,14.8754,0,480.56,248.87,386.33,514.82,282.15,,0.073,4.4331,0.0,0.0,0,glrt_zupt
1785683895.0971713,14.892,0,480.56,248.87,386.33,514.82,282.15,,0.073,4.4331,0.0,0.0,0,glrt_zupt
1785683895.1144164,14.9093,0,480.56,248.87,386.33,514.82,282.15,,0.8194,5.0757,0.0,0.0,0,glrt_zupt
1785683895.1306608,14.9255,0,480.56,248.87,386.33,514.82,282.15,,0.8194,5.0757,0.0,0.0,0,glrt_zupt
1785683895.1465118,14.9414,0,480.56,248.87,386.33,514.82,282.15,,0.7946,5.6471,0.0,0.0,0,glrt_zupt
1785683895.1629875,14.9579,0,480.56,248.87,386.33,514.82,282.15,,0.7946,5.6471,0.0,0.0,0,glrt_zupt
1785683895.1791356,14.974,0,480.56,248.87,386.33,514.82,282.15,,0.7946,5.6471,0.0,0.0,0,glrt_zupt
1785683895.1959531,14.9908,0,480.56,253.02,386.33,514.82,278.24,,-0.3958,4.8393,0.0,0.247,0,glrt_zupt
1785683895.213399,15.0083,0,480.56,257.32,386.33,514.82,274.2,,-0.3958,4.8393,0.0,0.247,0,glrt_zupt
1785683895.2300386,15.0249,0,480.56,261.84,386.33,514.82,269.96,,-0.2843,4.7306,0.0,0.271,0,glrt_zupt
1785683895.2467327,15.0416,0,480.56,266.36,386.33,514.82,265.72,,-0.2843,4.7306,0.0,0.271,0,glrt_zupt
1785683895.2624693,15.0573,0,480.56,270.71,386.33,514.82,261.66,,0.1074,3.5971,0.0,0.276,0,glrt_zupt
1785683895.2785966,15.0735,0,480.56,275.17,386.33,514.82,257.51,,0.1074,3.5971,0.0,0.276,0,glrt_zupt
1785683895.2942624,15.0891,0,480.56,279.5,386.33,514.82,253.49,,0.1074,3.5971,0.0,0.276,0,glrt_zupt
1785683895.3103356,15.1052,0,480.56,284.0,386.33,514.82,249.31,,1.1452,3.5767,0.0,0.28,0,glrt_zupt
1785683895.326422,15.1213,0,480.56,288.5,386.33,514.82,245.15,,1.1452,3.5767,0.0,0.28,0,glrt_zupt
1785683895.342797,15.1377,0,480.56,293.11,386.33,514.82,240.9,,1.5016,3.4393,0.0,0.281,0,glrt_zupt
1785683895.3590412,15.1539,0,480.56,297.68,386.33,514.82,236.7,,1.5016,3.4393,0.0,0.281,0,glrt_zupt
1785683895.37656,15.1714,0,480.56,302.06,386.33,514.82,232.69,,0.0995,1.2265,0.0,0.25,0,glrt_zupt
1785683895.3930275,15.1879,0,480.56,306.17,386.33,514.82,228.94,,0.0995,1.2265,0.0,0.25,0,glrt_zupt
1785683895.4099615,15.2048,0,480.56,310.4,386.33,514.82,225.09,,0.0995,1.2265,0.0,0.25,0,glrt_zupt
1785683895.4271936,15.2221,0,480.56,314.25,386.33,514.82,221.6,,0.3431,1.1835,0.0,0.224,0,glrt_zupt
1785683895.4442372,15.2391,0,480.56,318.06,386.33,514.82,218.16,,0.3431,1.1835,0.0,0.224,0,glrt_zupt
1785683895.461106,15.256,0,480.56,321.51,386.33,514.82,215.05,,0.5986,1.3255,0.0,0.204,0,glrt_zupt
1785683895.4779487,15.2728,0,480.56,324.96,386.33,514.82,211.96,,0.5986,1.3255,0.0,0.204,0,glrt_zupt
1785683895.496572,15.2914,0,480.56,328.15,386.33,514.82,209.1,,-0.0518,0.3287,0.0,0.171,0,glrt_zupt
1785683895.5128937,15.3078,0,480.56,330.95,386.33,514.82,206.61,,-0.0518,0.3287,0.0,0.171,0,glrt_zupt
1785683895.5291197,15.324,0,480.56,333.73,386.33,514.82,204.14,,-0.0518,0.3287,0.0,0.171,0,glrt_zupt
1785683895.5465388,15.3414,0,480.56,336.33,386.33,514.82,201.84,,0.0307,0.5435,0.0,0.149,0,glrt_zupt
1785683895.562407,15.3573,0,480.56,338.7,386.33,514.82,199.74,,0.0307,0.5435,0.0,0.149,0,glrt_zupt
1785683895.5780969,15.373,0,480.56,340.88,386.33,514.82,197.83,,0.201,0.9668,0.0,0.139,0,glrt_zupt
1785683895.5949085,15.3898,0,480.56,343.21,386.33,514.82,195.78,,0.201,0.9668,0.0,0.139,0,glrt_zupt
1785683895.6121385,15.407,0,480.56,345.6,386.33,514.82,193.69,,0.201,0.9668,0.0,0.139,0,glrt_zupt
1785683895.6288507,15.4237,0,480.56,347.74,386.33,514.82,191.82,,0.09,0.9099,0.0,0.128,0,glrt_zupt
1785683895.645208,15.4401,0,480.56,349.84,386.33,514.82,190.0,,0.09,0.9099,0.0,0.128,0,glrt_zupt
1785683895.6624417,15.4573,0,480.56,351.9,386.33,514.82,188.21,,-0.0661,0.9642,0.0,0.12,0,glrt_zupt
1785683895.6781516,15.473,0,480.56,353.78,386.33,514.82,186.58,,-0.0661,0.9642,0.0,0.12,0,glrt_zupt
1785683895.6948,15.4897,0,480.56,355.78,386.33,514.82,184.86,,-0.0661,0.9642,0.0,0.12,0,glrt_zupt
1785683895.7104144,15.5053,0,480.56,357.6,386.33,514.82,183.3,,0.1156,1.1628,0.0,0.116,0,glrt_zupt
1785683895.726188,15.5211,0,480.56,359.44,386.33,514.82,181.72,,0.1156,1.1628,0.0,0.116,0,glrt_zupt
1785683895.743095,15.538,0,480.56,361.32,386.33,514.82,180.11,,0.2872,1.0532,0.0,0.112,0,glrt_zupt
1785683895.7605126,15.5554,0,480.56,363.26,386.33,514.82,178.46,,0.2872,1.0532,0.0,0.112,0,glrt_zupt
1785683895.777076,15.5719,0,480.56,365.11,386.33,514.82,176.89,,0.2872,1.0532,0.0,0.112,0,glrt_zupt
1785683895.7935789,15.5884,0,480.56,366.86,386.33,514.82,175.42,,0.2224,0.9207,0.0,0.106,0,glrt_zupt
1785683895.809697,15.6046,0,480.56,368.57,386.33,514.82,173.98,,0.2224,0.9207,0.0,0.106,0,glrt_zupt
1785683895.8261876,15.6211,0,480.56,370.18,386.33,514.82,172.62,,0.1246,0.7037,0.0,0.098,0,glrt_zupt
1785683895.8435905,15.6385,0,480.56,371.89,386.33,514.82,171.2,,0.1246,0.7037,0.0,0.098,0,glrt_zupt
1785683895.8595266,15.6544,0,480.56,373.38,386.33,514.82,169.96,,0.2586,0.8109,0.0,0.093,0,glrt_zupt
1785683895.8755443,15.6704,0,480.56,374.87,386.33,514.82,168.72,,0.2586,0.8109,0.0,0.093,0,glrt_zupt
1785683895.8915627,15.6864,0,480.56,376.28,386.33,514.82,167.55,,0.1254,0.6911,0.0,0.088,0,glrt_zupt
1785683895.9080963,15.703,0,480.56,377.72,386.33,514.82,166.36,,0.1254,0.6911,0.0,0.088,0,glrt_zupt
1785683895.9248514,15.7197,0,480.56,379.19,386.33,514.82,165.15,,0.1254,0.6911,0.0,0.088,0,glrt_zupt
1785683895.941326,15.7362,0,480.56,380.49,386.33,514.82,164.09,,-0.0713,0.3959,0.0,0.079,0,glrt_zupt
1785683895.9582095,15.7531,0,480.56,381.82,386.33,514.82,163.0,,-0.0713,0.3959,0.0,0.079,0,glrt_zupt
1785683895.9754512,15.7703,0,480.56,383.04,386.33,514.82,162.01,,-0.0132,0.3924,0.0,0.071,0,glrt_zupt
1785683895.99157,15.7864,0,480.56,384.18,386.33,514.82,161.08,,-0.0132,0.3924,0.0,0.071,0,glrt_zupt
1785683896.0085022,15.8034,0,480.56,385.37,386.33,514.82,160.11,,-0.0132,0.3924,0.0,0.071,0,glrt_zupt
1785683896.0241168,15.819,0,480.56,386.41,386.33,514.82,159.27,,0.0474,0.5125,0.0,0.066,0,glrt_zupt
1785683896.0408874,15.8358,0,480.56,387.52,386.33,514.82,158.38,,0.0474,0.5125,0.0,0.066,0,glrt_zupt
1785683896.0582352,15.8531,0,480.56,388.58,386.33,514.82,157.53,,-0.0359,0.396,0.0,0.061,0,glrt_zupt
1785683896.0750132,15.8699,0,480.56,389.59,386.33,514.82,156.72,,-0.0359,0.396,0.0,0.061,0,glrt_zupt
1785683896.0921547,15.887,0,480.56,390.63,386.33,514.82,155.89,,-0.0359,0.396,0.0,0.061,0,glrt_zupt
1785683896.1092803,15.9041,0,480.56,391.64,386.33,514.82,155.09,,0.0383,0.6023,0.0,0.059,0,glrt_zupt
1785683896.1255648,15.9204,0,480.56,392.59,386.33,514.82,154.33,,0.0383,0.6023,0.0,0.059,0,glrt_zupt
1785683896.1416347,15.9365,0,480.56,393.48,386.33,514.82,153.63,,-0.0005,0.4592,0.0,0.055,0,glrt_zupt
1785683896.157416,15.9523,0,480.56,394.36,386.33,514.82,152.94,,-0.0005,0.4592,0.0,0.055,0,glrt_zupt
1785683896.1742988,15.9692,0,480.56,395.3,386.33,514.82,152.2,,-0.0005,0.4592,0.0,0.055,0,glrt_zupt
1785683896.1913474,15.9862,0,480.56,396.21,386.33,514.82,151.49,,0.0234,0.5135,0.0,0.053,0,glrt_zupt
1785683896.2083173,16.0032,0,480.56,397.11,386.33,514.82,150.78,,0.0234,0.5135,0.0,0.053,0,glrt_zupt
1785683896.225512,16.0204,0,480.56,398.03,386.33,514.82,150.07,,0.0234,0.5135,0.0,0.053,0,glrt_zupt
1785683896.2410321,16.0359,0,480.56,398.84,386.33,514.82,149.43,,0.1134,0.5848,0.0,0.053,0,glrt_zupt
1785683896.2580252,16.0529,0,480.56,399.74,386.33,514.82,148.74,,0.1134,0.5848,0.0,0.053,0,glrt_zupt
1785683896.2750993,16.07,0,480.56,400.65,386.33,514.82,148.04,,0.1385,0.6689,0.0,0.053,0,glrt_zupt
1785683896.2926998,16.0876,0,480.56,401.58,386.33,514.82,147.32,,0.1385,0.6689,0.0,0.053,0,glrt_zupt
1785683896.3083408,16.1032,0,480.56,402.41,386.33,514.82,146.68,,0.0826,0.5972,0.0,0.053,0,glrt_zupt
1785683896.3246853,16.1196,0,480.56,403.27,386.33,514.82,146.02,,0.0826,0.5972,0.0,0.053,0,glrt_zupt
1785683896.3412519,16.1361,0,480.56,404.13,386.33,514.82,145.36,,0.1599,0.5899,0.0,0.052,0,glrt_zupt
1785683896.3584,16.1533,0,480.56,405.03,386.33,514.82,144.68,,0.1599,0.5899,0.0,0.052,0,glrt_zupt
1785683896.3742027,16.1691,0,480.56,405.85,386.33,514.82,144.06,,0.1599,0.5899,0.0,0.052,0,glrt_zupt
1785683896.3909917,16.1859,0,480.56,406.73,386.33,514.82,143.4,,0.2007,0.6427,0.0,0.052,0,glrt_zupt
1785683896.4082701,16.2031,0,480.56,407.64,386.33,514.82,142.72,,0.2007,0.6427,0.0,0.052,0,glrt_zupt
1785683896.4253972,16.2203,0,480.56,408.54,386.33,514.82,142.04,,0.2049,0.6362,0.0,0.052,0,glrt_zupt
1785683896.4411638,16.236,0,480.56,409.36,386.33,514.82,141.42,,0.2049,0.6362,0.0,0.052,0,glrt_zupt
1785683896.4583232,16.2532,0,480.56,410.26,386.33,514.82,140.76,,0.2049,0.6362,0.0,0.052,0,glrt_zupt
1785683896.4754748,16.2703,0,480.56,411.15,386.33,514.82,140.09,,0.1386,0.6021,0.0,0.052,0,glrt_zupt
1785683896.491519,16.2864,0,480.56,411.99,386.33,514.82,139.48,,0.1386,0.6021,0.0,0.052,0,glrt_zupt
1785683896.5083654,16.3032,0,480.56,412.87,386.33,514.82,138.83,,0.115,0.6482,0.0,0.052,0,glrt_zupt
1785683896.524851,16.3197,0,480.56,413.73,386.33,514.82,138.2,,0.115,0.6482,0.0,0.052,0,glrt_zupt
1785683896.5412183,16.3361,0,480.56,414.59,386.33,514.82,137.57,,0.115,0.6482,0.0,0.052,0,glrt_zupt
1785683896.5583045,16.3532,0,480.56,415.48,386.33,514.82,136.92,,0.0573,0.6349,0.0,0.052,0,glrt_zupt
1785683896.5745735,16.3694,0,480.56,416.33,386.33,514.82,136.3,,0.0573,0.6349,0.0,0.052,0,glrt_zupt
1785683896.590209,16.3851,0,480.56,417.16,386.33,514.82,135.71,,0.0464,0.6274,0.0,0.052,0,glrt_zupt
1785683896.6085494,16.4034,0,480.56,418.12,386.33,514.82,135.02,,0.0464,0.6274,0.0,0.052,0,glrt_zupt
1785683896.6242466,16.4191,0,480.56,418.94,386.33,514.82,134.43,,0.0464,0.6274,0.0,0.052,0,glrt_zupt
1785683896.6415195,16.4364,0,480.56,419.83,386.33,514.82,133.8,,-0.0071,0.5465,0.0,0.051,0,glrt_zupt
1785683896.6579657,16.4528,0,480.56,420.67,386.33,514.82,133.21,,-0.0071,0.5465,0.0,0.051,0,glrt_zupt
1785683896.6750853,16.47,0,480.56,421.5,386.33,514.82,132.62,,0.0403,0.4247,0.0,0.048,0,glrt_zupt
1785683896.692024,16.4869,0,480.56,422.32,386.33,514.82,132.05,,0.0403,0.4247,0.0,0.048,0,glrt_zupt
1785683896.7094162,16.5043,0,480.56,423.15,386.33,514.82,131.47,,0.1792,0.5409,0.0,0.048,0,glrt_zupt
1785683896.7256444,16.5205,0,480.56,423.93,386.33,514.82,130.93,,0.1792,0.5409,0.0,0.048,0,glrt_zupt
1785683896.7412498,16.5361,0,480.56,424.66,386.33,514.82,130.41,,0.0407,0.5322,0.0,0.047,0,glrt_zupt
1785683896.7580626,16.5529,0,480.56,425.46,386.33,514.82,129.86,,0.0407,0.5322,0.0,0.047,0,glrt_zupt
1785683896.7744133,16.5693,0,480.56,426.23,386.33,514.82,129.33,,0.0407,0.5322,0.0,0.047,0,glrt_zupt
1785683896.790134,16.585,0,480.56,426.97,386.33,514.82,128.83,,-0.015,0.5081,0.0,0.047,0,glrt_zupt
1785683896.8069797,16.6018,0,480.56,427.75,386.33,514.82,128.3,,-0.015,0.5081,0.0,0.047,0,glrt_zupt
1785683896.8244035,16.6193,0,480.56,428.58,386.33,514.82,127.74,,0.0773,0.6138,0.0,0.047,0,glrt_zupt
1785683896.8402796,16.6351,0,480.56,429.33,386.33,514.82,127.23,,0.0773,0.6138,0.0,0.047,0,glrt_zupt
1785683896.8568943,16.6518,0,480.56,430.12,386.33,514.82,126.71,,0.0773,0.6138,0.0,0.047,0,glrt_zupt
1785683896.873948,16.6688,0,480.56,430.93,386.33,514.82,126.16,,0.0033,0.5876,0.0,0.048,0,glrt_zupt
1785683896.8912206,16.6861,0,480.56,431.75,386.33,514.82,125.62,,0.0033,0.5876,0.0,0.048,0,glrt_zupt
1785683896.907935,16.7028,0,480.56,432.54,386.33,514.82,125.1,,-0.0157,0.5674,0.0,0.048,0,glrt_zupt
1785683896.9255016,16.7204,0,480.56,433.38,386.33,514.82,124.55,,-0.0157,0.5674,0.0,0.048,0,glrt_zupt
1785683896.9414217,16.7363,0,480.56,434.14,386.33,514.82,124.05,,-0.0157,0.5674,0.0,0.048,0,glrt_zupt
1785683896.958081,16.7529,0,480.56,434.95,386.33,514.82,123.53,,0.0824,0.676,0.0,0.049,0,glrt_zupt
1785683896.9755971,16.7705,0,480.56,435.81,386.33,514.82,122.97,,0.0824,0.676,0.0,0.049,0,glrt_zupt
1785683896.9913502,16.7862,0,480.56,436.59,386.33,514.82,122.47,,0.0464,0.6129,0.0,0.049,0,glrt_zupt
1785683897.0081284,16.803,0,480.56,437.42,386.33,514.82,121.95,,0.0464,0.6129,0.0,0.049,0,glrt_zupt
1785683897.0249212,16.8198,0,480.56,438.24,386.33,514.82,121.43,,0.0579,0.5529,0.0,0.049,0,glrt_zupt
1785683897.040679,16.8355,0,480.56,439.01,386.33,514.82,120.94,,0.0579,0.5529,0.0,0.049,0,glrt_zupt
1785683897.0568511,16.8517,0,480.56,439.8,386.33,514.82,120.45,,0.0579,0.5529,0.0,0.049,0,glrt_zupt
1785683897.07332,16.8682,0,480.56,440.58,386.33,514.82,119.96,,0.031,0.4825,0.0,0.047,0,glrt_zupt
1785683897.0906997,16.8856,0,480.56,441.4,386.33,514.82,119.46,,0.031,0.4825,0.0,0.047,0,glrt_zupt
1785683897.1071947,16.9021,0,480.56,442.17,386.33,514.82,118.99,,0.0129,0.481,0.0,0.046,0,glrt_zupt
1785683897.1232748,16.9181,0,480.56,442.91,386.33,514.82,118.54,,0.0129,0.481,0.0,0.046,0,glrt_zupt
1785683897.1391437,16.934,0,480.56,443.66,386.33,514.82,118.09,,0.0523,0.611,0.0,0.047,0,glrt_zupt
1785683897.156801,16.9517,0,480.56,444.49,386.33,514.82,117.59,,0.0523,0.611,0.0,0.047,0,glrt_zupt
1785683897.1731424,16.968,0,480.56,445.26,386.33,514.82,117.13,,0.0523,0.611,0.0,0.047,0,glrt_zupt
1785683897.1904955,16.9854,0,480.56,446.03,386.33,514.82,116.67,,-0.0552,0.415,0.0,0.045,0,glrt_zupt
1785683897.2063382,17.0012,0,480.56,446.74,386.33,514.82,116.25,,-0.0552,0.415,0.0,0.045,0,glrt_zupt
1785683897.2237623,17.0186,0,480.56,447.54,386.33,514.82,115.79,,0.1174,0.5858,0.0,0.045,0,glrt_zupt
1785683897.2394652,17.0343,0,480.56,448.25,386.33,514.82,115.37,,0.1174,0.5858,0.0,0.045,0,glrt_zupt
1785683897.2559576,17.0508,0,480.56,449.0,386.33,514.82,114.94,,0.1174,0.5858,0.0,0.045,0,glrt_zupt
1785683897.2731104,17.068,0,480.56,449.8,386.33,514.82,114.49,,0.1605,0.6385,0.0,0.047,0,glrt_zupt
1785683897.290112,17.085,0,480.56,450.6,386.33,514.82,114.04,,0.1605,0.6385,0.0,0.047,0,glrt_zupt
1785683897.3083758,17.1032,0,480.56,451.43,386.33,514.82,113.57,,0.0079,0.4937,0.0,0.046,0,glrt_zupt
1785683897.324697,17.1196,0,480.56,452.17,386.33,514.82,113.16,,0.0079,0.4937,0.0,0.046,0,glrt_zupt
1785683897.34031,17.1352,0,480.56,452.88,386.33,514.82,112.77,,0.0079,0.4937,0.0,0.046,0,glrt_zupt
1785683897.3566058,17.1515,0,480.56,453.63,386.33,514.82,112.36,,-0.0056,0.5376,0.0,0.045,0,glrt_zupt
1785683897.37286,17.1677,0,480.56,454.36,386.33,514.82,111.96,,-0.0056,0.5376,0.0,0.045,0,glrt_zupt
1785683897.3895707,17.1844,0,480.56,455.12,386.33,514.82,111.55,,-0.0056,0.5376,0.0,0.045,0,glrt_zupt
1785683897.4052448,17.2001,0,480.56,455.83,386.33,514.82,111.17,,-0.0316,0.5267,0.0,0.045,0,glrt_zupt
1785683897.4225674,17.2174,0,480.56,456.62,386.33,514.82,110.76,,-0.0316,0.5267,0.0,0.045,0,glrt_zupt
1785683897.438265,17.2331,0,480.56,457.33,386.33,514.82,110.39,,-0.0316,0.5267,0.0,0.045,0,glrt_zupt
1785683897.4555712,17.2504,0,480.56,458.11,386.33,514.82,109.98,,0.0217,0.5375,0.0,0.045,0,glrt_zupt
1785683897.4713082,17.2662,0,480.56,458.82,386.33,514.82,109.62,,0.0217,0.5375,0.0,0.045,0,glrt_zupt
1785683897.4878228,17.2827,0,480.56,459.57,386.33,514.82,109.24,,0.0814,0.5536,0.0,0.045,0,glrt_zupt
1785683897.503672,17.2985,0,480.56,460.29,386.33,514.82,108.87,,0.0814,0.5536,0.0,0.045,0,glrt_zupt
1785683897.5200388,17.3149,0,480.56,461.05,386.33,514.82,108.5,,0.1137,0.6175,0.0,0.046,0,glrt_zupt
1785683897.5380867,17.333,0,480.56,461.89,386.33,514.82,108.08,,0.1137,0.6175,0.0,0.046,0,glrt_zupt
1785683897.5547073,17.3496,0,480.56,462.66,386.33,514.82,107.71,,0.1137,0.6175,0.0,0.046,0,glrt_zupt
1785683897.5711663,17.366,0,480.56,463.42,386.33,514.82,107.34,,0.0432,0.5443,0.0,0.046,0,glrt_zupt
1785683897.5880778,17.3829,0,480.56,464.2,386.33,514.82,106.97,,0.0432,0.5443,0.0,0.046,0,glrt_zupt
1785683897.6052403,17.4001,0,480.56,465.01,386.33,514.82,106.59,,0.1456,0.6449,0.0,0.047,0,glrt_zupt
1785683897.6221535,17.417,0,480.56,465.82,386.33,514.82,106.21,,0.1456,0.6449,0.0,0.047,0,glrt_zupt
1785683897.6393406,17.4342,0,480.56,466.63,386.33,514.82,105.84,,0.1456,0.6449,0.0,0.047,0,glrt_zupt
1785683897.6550677,17.4499,0,480.56,467.38,386.33,514.82,105.5,,0.1002,0.5567,0.0,0.047,0,glrt_zupt
1785683897.6720834,17.467,0,480.56,468.18,386.33,514.82,105.14,,0.1002,0.5567,0.0,0.047,0,glrt_zupt
1785683897.6894193,17.4843,0,480.56,469.0,386.33,514.82,104.78,,0.1002,0.5567,0.0,0.047,0,glrt_zupt
1785683897.7064366,17.5013,0,480.56,469.79,386.33,514.82,104.44,,0.0992,0.5017,0.0,0.046,0,glrt_zupt
1785683897.7229822,17.5178,0,480.56,470.56,386.33,514.82,104.11,,0.0992,0.5017,0.0,0.046,0,glrt_zupt
1785683897.740052,17.5349,0,480.56,471.34,386.33,514.82,103.78,,0.1119,0.5001,0.0,0.046,0,glrt_zupt
1785683897.7570734,17.5519,0,480.56,472.11,386.33,514.82,103.46,,0.1119,0.5001,0.0,0.046,0,glrt_zupt
1785683897.7741196,17.569,0,480.56,472.88,386.33,514.82,103.15,,0.0409,0.5052,0.0,0.045,0,glrt_zupt
1785683897.7901816,17.585,0,480.56,473.6,386.33,514.82,102.85,,0.0409,0.5052,0.0,0.045,0,glrt_zupt
1785683897.808204,17.6031,0,480.56,474.41,386.33,514.82,102.53,,0.0409,0.5052,0.0,0.045,0,glrt_zupt
1785683897.8250105,17.6199,0,480.56,475.15,386.33,514.82,102.24,,0.0095,0.4664,0.0,0.044,0,glrt_zupt
1785683897.8421047,17.637,0,480.56,475.9,386.33,514.82,101.96,,0.0095,0.4664,0.0,0.044,0,glrt_zupt
1785683897.8591082,17.654,0,480.56,476.64,386.33,514.82,101.67,,0.0556,0.5155,0.0,0.044,0,glrt_zupt
1785683897.8765848,17.6715,0,480.56,477.41,386.33,514.82,101.39,,0.0556,0.5155,0.0,0.044,0,glrt_zupt
1785683897.8926084,17.6875,0,480.56,478.11,386.33,514.82,101.13,,0.0556,0.5155,0.0,0.044,0,glrt_zupt
1785683897.9091375,17.704,0,480.56,478.84,386.33,514.82,100.87,,0.0274,0.5575,0.0,0.044,0,glrt_zupt
1785683897.9263027,17.7212,0,480.56,479.6,386.33,514.82,100.6,,0.0274,0.5575,0.0,0.044,0,glrt_zupt
1785683897.9431643,17.738,0,480.56,480.34,386.33,514.82,100.34,,0.0274,0.5575,0.0,0.044,0,glrt_zupt
1785683897.9605782,17.7554,0,480.56,481.09,386.33,514.82,100.09,,-0.0599,0.4392,0.0,0.043,0,glrt_zupt
1785683897.9770856,17.772,0,480.56,481.79,386.33,514.82,99.85,,-0.0599,0.4392,0.0,0.043,0,glrt_zupt
1785683897.9941294,17.789,0,480.56,482.51,386.33,514.82,99.62,,0.0332,0.472,0.0,0.042,0,glrt_zupt
1785683898.0111055,17.806,0,480.56,483.23,386.33,514.82,99.39,,0.0332,0.472,0.0,0.042,0,glrt_zupt
1785683898.028686,17.8236,0,480.56,483.98,386.33,514.82,99.15,,0.1186,0.5436,0.0,0.043,0,glrt_zupt
1785683898.0448062,17.8397,0,480.56,484.66,386.33,514.82,98.94,,0.1186,0.5436,0.0,0.043,0,glrt_zupt
1785683898.061537,17.8564,0,480.56,485.38,386.33,514.82,98.73,,0.1186,0.5436,0.0,0.043,0,glrt_zupt
1785683898.077271,17.8721,0,480.56,486.05,386.33,514.82,98.53,,0.1186,0.5436,0.0,0.043,0,glrt_zupt
1785683898.0942674,17.8891,0,480.56,486.78,386.33,514.82,98.32,,0.0926,0.5351,0.0,0.043,0,glrt_zupt
1785683898.1111314,17.906,0,480.56,487.5,386.33,514.82,98.11,,0.0926,0.5351,0.0,0.043,0,glrt_zupt
1785683898.128085,17.923,0,480.56,488.23,386.33,514.82,97.91,,0.1006,0.5282,0.0,0.043,0,glrt_zupt
1785683898.1449094,17.9398,0,480.56,488.96,386.33,514.82,97.72,,0.1006,0.5282,0.0,0.043,0,glrt_zupt
1785683898.1609952,17.9559,0,480.56,489.65,386.33,514.82,97.54,,0.1006,0.5282,0.0,0.043,0,glrt_zupt
1785683898.1784053,17.9733,0,480.56,490.42,386.33,514.82,97.34,,0.1222,0.6045,0.0,0.044,0,glrt_zupt
1785683898.1942027,17.9891,0,480.56,491.12,386.33,514.82,97.17,,0.1222,0.6045,0.0,0.044,0,glrt_zupt
1785683898.2113225,18.0062,0,480.56,491.88,386.33,514.82,96.99,,0.1222,0.6045,0.0,0.044,0,glrt_zupt
1785683898.2280593,18.0229,0,480.56,492.61,386.33,514.82,96.82,,0.0213,0.486,0.0,0.044,0,glrt_zupt
1785683898.2450101,18.0399,0,480.56,493.35,386.33,514.82,96.65,,0.0213,0.486,0.0,0.044,0,glrt_zupt
1785683898.2620044,18.0569,0,480.56,494.1,386.33,514.82,96.49,,0.0769,0.5639,0.0,0.044,0,glrt_zupt
1785683898.2792993,18.0742,0,480.56,494.87,386.33,514.82,96.32,,0.0769,0.5639,0.0,0.044,0,glrt_zupt
1785683898.2963622,18.0912,0,480.56,495.62,386.33,514.82,96.17,,0.0769,0.5639,0.0,0.044,0,glrt_zupt
1785683898.3133307,18.1082,0,480.56,496.38,386.33,514.82,96.02,,0.0489,0.576,0.0,0.045,0,glrt_zupt
1785683898.3299904,18.1249,0,480.56,497.13,386.33,514.82,95.88,,0.0489,0.576,0.0,0.045,0,glrt_zupt
1785683898.3479624,18.1428,0,480.56,497.89,386.33,514.82,95.74,,-0.0527,0.4038,0.0,0.043,0,glrt_zupt
1785683898.3652294,18.1601,0,480.56,498.63,386.33,514.82,95.62,,-0.0527,0.4038,0.0,0.043,0,glrt_zupt
1785683898.3822289,18.1771,0,480.56,499.34,386.33,514.82,95.5,,-0.0141,0.4326,0.0,0.042,0,glrt_zupt
1785683898.3992689,18.1941,0,480.56,500.05,386.33,514.82,95.39,,-0.0141,0.4326,0.0,0.042,0,glrt_zupt
1785683898.415339,18.2102,0,480.56,500.71,386.33,514.82,95.28,,-0.0141,0.4326,0.0,0.042,0,glrt_zupt
1785683898.4325964,18.2275,0,480.56,501.46,386.33,514.82,95.18,,0.0352,0.616,0.0,0.043,0,glrt_zupt
1785683898.448256,18.2431,0,480.56,502.13,386.33,514.82,95.09,,0.0352,0.616,0.0,0.043,0,glrt_zupt
1785683898.465237,18.2601,0,480.56,502.87,386.33,514.82,94.99,,0.0352,0.616,0.0,0.043,0,glrt_zupt
1785683898.4822006,18.2771,0,480.56,503.59,386.33,514.82,94.9,,-0.0178,0.4781,0.0,0.043,0,glrt_zupt
1785683898.499454,18.2943,0,480.56,504.33,386.33,514.82,94.82,,-0.0178,0.4781,0.0,0.043,0,glrt_zupt
1785683898.5164034,18.3113,0,480.56,505.02,386.33,514.82,94.74,,0.0186,0.4067,0.0,0.041,0,glrt_zupt
1785683898.5329134,18.3278,0,480.56,505.7,386.33,514.82,94.68,,0.0186,0.4067,0.0,0.041,0,glrt_zupt
1785683898.54946,18.3443,0,480.56,506.38,386.33,514.82,94.61,,0.0186,0.4067,0.0,0.041,0,glrt_zupt
1785683898.5660791,18.3609,0,480.56,507.06,386.33,514.82,94.55,,0.0824,0.4619,0.0,0.041,0,glrt_zupt
1785683898.582974,18.3778,0,480.56,507.74,386.33,514.82,94.5,,0.0824,0.4619,0.0,0.041,0,glrt_zupt
1785683898.6005728,18.3954,0,480.56,508.45,386.33,514.82,94.45,,0.0791,0.4452,0.0,0.04,0,glrt_zupt
1785683898.6163073,18.4112,0,480.56,509.07,386.33,514.82,94.41,,0.0791,0.4452,0.0,0.04,0,glrt_zupt
1785683898.633103,18.428,0,480.56,509.75,386.33,514.82,94.37,,0.0791,0.4452,0.0,0.04,0,glrt_zupt
1785683898.6506245,18.4455,0,480.56,510.43,386.33,514.82,94.34,,0.0847,0.412,0.0,0.039,0,glrt_zupt
1785683898.6668234,18.4617,0,480.56,511.06,386.33,514.82,94.31,,0.0847,0.412,0.0,0.039,0,glrt_zupt
1785683898.6831348,18.478,0,480.56,511.69,386.33,514.82,94.29,,0.0847,0.412,0.0,0.039,0,glrt_zupt
1785683898.700467,18.4953,0,480.56,512.37,386.33,514.82,94.27,,0.0571,0.477,0.0,0.039,0,glrt_zupt
1785683898.7162642,18.5111,0,480.56,512.99,386.33,514.82,94.25,,0.0571,0.477,0.0,0.039,0,glrt_zupt
1785683898.7336435,18.5285,0,480.56,513.66,386.33,514.82,94.24,,0.0571,0.477,0.0,0.039,0,glrt_zupt
1785683898.7502856,18.5452,0,480.56,514.33,386.33,514.82,94.24,,0.0877,0.5386,0.0,0.04,0,glrt_zupt
1785683898.766249,18.5611,0,480.56,514.97,386.33,514.82,94.24,,0.0877,0.5386,0.0,0.04,0,glrt_zupt
1785683898.7832146,18.5781,0,480.56,515.61,386.33,514.82,94.24,,-0.0209,0.3482,0.0,0.038,0,glrt_zupt
1785683898.8002214,18.5951,0,480.56,516.26,386.33,514.82,94.25,,-0.0209,0.3482,0.0,0.038,0,glrt_zupt
1785683898.8182237,18.6131,0,480.56,516.95,386.33,514.82,94.26,,-0.0209,0.3482,0.0,0.038,0,glrt_zupt
1785683898.835357,18.6302,0,480.56,517.66,386.33,514.82,94.28,,0.1742,0.7162,0.0,0.042,0,glrt_zupt
1785683898.8514957,18.6464,0,480.56,518.34,386.33,514.82,94.3,,0.1742,0.7162,0.0,0.042,0,glrt_zupt
1785683898.8683984,18.6633,0,480.56,519.04,386.33,514.82,94.33,,0.1742,0.7162,0.0,0.042,0,glrt_zupt
1785683898.8840885,18.679,0,480.56,519.72,386.33,514.82,94.36,,0.0455,0.5924,0.0,0.043,0,glrt_zupt
1785683898.9012463,18.6961,0,480.56,520.46,386.33,514.82,94.4,,0.0455,0.5924,0.0,0.043,0,glrt_zupt
1785683898.9180214,18.7129,0,480.56,521.16,386.33,514.82,94.45,,-0.0726,0.4344,0.0,0.042,0,glrt_zupt
1785683898.9348457,18.7297,0,480.56,521.86,386.33,514.82,94.5,,-0.0726,0.4344,0.0,0.042,0,glrt_zupt
1785683898.951291,18.7462,0,480.56,522.55,386.33,514.82,94.55,,-0.0726,0.4344,0.0,0.042,0,glrt_zupt
1785683898.9682467,18.7631,0,480.56,523.2,386.33,514.82,94.61,,-0.0966,0.2624,0.0,0.038,0,glrt_zupt
1785683898.9846847,18.7796,0,480.56,523.84,386.33,514.82,94.67,,-0.0966,0.2624,0.0,0.038,0,glrt_zupt
1785683899.0006242,18.7955,0,480.56,524.45,386.33,514.82,94.73,,-0.0966,0.2624,0.0,0.038,0,glrt_zupt
1785683899.0164034,18.8113,0,480.56,524.99,386.33,514.82,94.78,,-0.1711,0.1371,0.0,0.034,0,glrt_zupt
1785683899.032544,18.8274,0,480.56,525.54,386.33,514.82,94.84,,-0.1711,0.1371,0.0,0.034,0,glrt_zupt
1785683899.048071,18.8429,0,480.56,526.07,386.33,514.82,94.91,,-0.1711,0.1371,0.0,0.034,0,glrt_zupt
1785683899.065449,18.8603,0,480.56,526.62,386.33,514.82,94.97,,-0.1092,0.2207,0.0,0.031,0,glrt_zupt
1785683899.0813954,18.8763,0,480.56,527.12,386.33,514.82,95.04,,-0.1092,0.2207,0.0,0.031,0,glrt_zupt
1785683899.0982308,18.8931,0,480.56,527.72,386.33,514.82,95.12,,0.2424,0.6946,0.0,0.036,0,glrt_zupt
1785683899.11467,18.9095,0,480.56,528.31,386.33,514.82,95.2,,0.2424,0.6946,0.0,0.036,0,glrt_zupt
1785683899.1305046,18.9254,0,480.56,528.88,386.33,514.82,95.28,,0.2424,0.6946,0.0,0.036,0,glrt_zupt
1785683899.1463778,18.9412,0,480.56,529.49,386.33,514.82,95.37,,0.1715,0.5993,0.0,0.038,0,glrt_zupt
1785683899.1625402,18.9574,0,480.56,530.11,386.33,514.82,95.47,,0.1715,0.5993,0.0,0.038,0,glrt_zupt
1785683899.1782284,18.9731,0,480.56,530.72,386.33,514.82,95.57,,0.1587,0.547,0.0,0.039,0,glrt_zupt
1785683899.1948855,18.9898,0,480.56,531.38,386.33,514.82,95.68,,0.1587,0.547,0.0,0.039,0,glrt_zupt
1785683899.2106142,19.0055,0,480.56,532.0,386.33,514.82,95.79,,0.1587,0.547,0.0,0.039,0,glrt_zupt
1785683899.2264729,19.0213,0,480.56,532.64,386.33,514.82,95.91,,0.1201,0.519,0.0,0.04,0,glrt_zupt
1785683899.2423341,19.0372,0,480.56,533.27,386.33,514.82,96.03,,0.1201,0.519,0.0,0.04,0,glrt_zupt
1785683899.2588508,19.0537,0,480.56,533.9,386.33,514.82,96.15,,-0.0657,0.3354,0.0,0.038,0,glrt_zupt
1785683899.2760575,19.0709,0,480.56,534.56,386.33,514.82,96.28,,-0.0657,0.3354,0.0,0.038,0,glrt_zupt
1785683899.2933671,19.0882,0,480.56,535.22,386.33,514.82,96.42,,-0.0657,0.3354,0.0,0.038,0,glrt_zupt
1785683899.3091052,19.104,0,480.56,535.82,386.33,514.82,96.55,,-0.0416,0.4498,0.0,0.038,0,glrt_zupt
1785683899.3261333,19.121,0,480.56,536.47,386.33,514.82,96.69,,-0.0416,0.4498,0.0,0.038,0,glrt_zupt
1785683899.3435633,19.1384,0,480.56,537.13,386.33,514.82,96.84,,-0.0416,0.4498,0.0,0.038,0,glrt_zupt
1785683899.3591957,19.1541,0,480.56,537.71,386.33,514.82,96.98,,-0.0983,0.4024,0.0,0.037,0,glrt_zupt
1785683899.376805,19.1717,0,480.56,538.37,386.33,514.82,97.14,,-0.0983,0.4024,0.0,0.037,0,glrt_zupt
1785683899.3931947,19.1881,0,480.56,538.99,386.33,514.82,97.29,,-0.0104,0.4832,0.0,0.038,0,glrt_zupt
1785683899.409927,19.2048,0,480.56,539.63,386.33,514.82,97.45,,-0.0104,0.4832,0.0,0.038,0,glrt_zupt
1785683899.4271753,19.222,0,480.56,540.28,386.33,514.82,97.62,,-0.0104,0.4832,0.0,0.038,0,glrt_zupt
1785683899.4444652,19.2393,0,480.56,541.02,386.33,514.82,97.81,,0.1588,0.7726,0.0,0.042,0,glrt_zupt
1785683899.4610944,19.256,0,480.56,541.72,386.33,514.82,98.0,,0.1588,0.7726,0.0,0.042,0,glrt_zupt
1785683899.4780414,19.2729,0,480.56,542.44,386.33,514.82,98.2,,0.1588,0.7726,0.0,0.042,0,glrt_zupt
1785683899.4946365,19.2895,0,480.56,543.2,386.33,514.82,98.42,,0.0337,0.7356,0.0,0.046,0,glrt_zupt
1785683899.5105307,19.3054,0,480.56,543.92,386.33,514.82,98.63,,0.0337,0.7356,0.0,0.046,0,glrt_zupt
1785683899.526975,19.3218,0,480.56,544.67,386.33,514.82,98.85,,0.0337,0.7356,0.0,0.046,0,glrt_zupt
1785683899.5436049,19.3385,0,480.56,545.56,386.33,514.82,99.12,,-0.0215,1.1036,0.0,0.053,0,glrt_zupt
1785683899.5601177,19.355,0,480.56,546.44,386.33,514.82,99.4,,-0.0215,1.1036,0.0,0.053,0,glrt_zupt
1785683899.576961,19.3718,0,480.56,547.51,386.33,514.82,99.75,,-0.1647,1.4037,0.0,0.064,0,glrt_zupt
1785683899.5944903,19.3894,0,480.56,548.63,386.33,514.82,100.12,,-0.1647,1.4037,0.0,0.064,0,glrt_zupt
1785683899.6102462,19.4051,0,480.56,549.64,386.33,514.82,100.46,,-0.1647,1.4037,0.0,0.064,0,glrt_zupt
1785683899.6269374,19.4218,0,480.56,550.71,386.33,514.82,100.84,,-0.1647,1.4037,0.0,0.064,0,glrt_zupt
1785683899.6442783,19.4391,0,480.56,551.9,386.33,514.82,101.27,,-0.1812,1.1171,0.0,0.069,0,glrt_zupt
1785683899.660214,19.4551,0,480.56,553.0,386.33,514.82,101.68,,-0.1812,1.1171,0.0,0.069,0,glrt_zupt
1785683899.6772108,19.4721,0,480.56,554.17,386.33,514.82,102.12,,-0.1812,1.1171,0.0,0.069,0,glrt_zupt
1785683899.6945674,19.4894,0,480.56,555.42,386.33,514.82,102.61,,0.3642,1.0397,0.0,0.072,0,glrt_zupt
1785683899.7111483,19.506,0,480.56,556.61,386.33,514.82,103.09,,0.3642,1.0397,0.0,0.072,0,glrt_zupt
1785683899.7284982,19.5234,0,480.56,557.86,386.33,514.82,103.6,,0.3642,1.0397,0.0,0.072,0,glrt_zupt
1785683899.7442667,19.5391,0,480.56,558.95,386.33,514.82,104.06,,0.2945,0.67,0.0,0.069,0,glrt_zupt
1785683899.7602556,19.5551,0,480.56,560.06,386.33,514.82,104.53,,0.2945,0.67,0.0,0.069,0,glrt_zupt
1785683899.7768152,19.5717,0,480.56,561.21,386.33,514.82,105.04,,0.2945,0.67,0.0,0.069,0,glrt_zupt
1785683899.79252,19.5874,0,480.56,562.16,386.33,514.82,105.46,,0.1237,0.1341,0.0,0.06,0,glrt_zupt
1785683899.808294,19.6032,0,480.56,563.11,386.33,514.82,105.89,,0.1237,0.1341,0.0,0.06,0,glrt_zupt
1785683899.8248024,19.6197,0,480.56,563.89,386.33,514.82,106.25,,0.2485,-0.2015,0.0,0.048,0,glrt_zupt
1785683899.841643,19.6365,0,480.56,564.69,386.33,514.82,106.62,,0.2485,-0.2015,0.0,0.048,0,glrt_zupt
1785683899.8581657,19.653,0,480.56,565.48,386.33,514.82,106.99,,0.2485,-0.2015,0.0,0.048,0,glrt_zupt
1785683899.8751836,19.6701,0,480.56,565.96,386.33,514.82,107.22,,0.0156,-0.7799,0.0,0.028,0,glrt_zupt
1785683899.8921943,19.6871,0,480.56,566.45,386.33,514.82,107.45,,0.0156,-0.7799,0.0,0.028,0,glrt_zupt
1785683899.909709,19.7046,0,480.56,566.45,386.33,514.82,107.45,,-0.2343,-1.332,0.0,0.0,0,glrt_zupt
1785683899.9258423,19.7207,0,480.56,566.45,386.33,514.82,107.45,,-0.2343,-1.332,0.0,0.0,0,glrt_zupt
1785683899.943077,19.7379,0,480.56,566.45,386.33,514.82,107.45,,-0.3365,-1.155,0.0,0.0,0,glrt_zupt
1785683899.960445,19.7553,0,480.56,566.45,386.33,514.82,107.45,,-0.3365,-1.155,0.0,0.0,0,glrt_zupt
1785683899.977043,19.7719,0,480.56,566.45,386.33,514.82,107.45,,-0.3365,-1.155,0.0,0.0,0,glrt_zupt
1785683899.994058,19.7889,0,480.56,566.45,386.33,514.82,107.45,,0.3964,-0.4777,0.0,0.0,0,glrt_zupt
1785683900.0111687,19.806,0,480.56,566.45,386.33,514.82,107.45,,0.3855,-0.2799,0.0,0.0,0,glrt_zupt
1785683900.0272722,19.8221,0,480.56,566.45,386.33,514.82,107.45,,0.3855,-0.2799,0.0,0.0,0,glrt_zupt
1785683900.0439186,19.8388,0,480.56,566.45,386.33,514.82,107.45,,0.3855,-0.2799,0.0,0.0,0,glrt_zupt
1785683900.0605512,19.8554,0,480.56,566.45,386.33,514.82,107.45,,-0.2881,-0.7138,0.0,0.0,0,glrt_zupt
1785683900.0771816,19.872,0,480.56,566.45,386.33,514.82,107.45,,-0.2881,-0.7138,0.0,0.0,0,glrt_zupt
1785683900.0939388,19.8888,0,480.56,566.45,386.33,514.82,107.45,,-0.1992,-0.2983,0.0,0.0,0,glrt_zupt
1785683900.1111941,19.9061,0,480.56,566.45,386.33,514.82,107.45,,-0.1992,-0.2983,0.0,0.0,0,glrt_zupt
1785683900.1283731,19.9232,0,480.56,566.45,386.33,514.82,107.45,,-0.0624,0.1404,0.0,0.0,0,glrt_zupt
1785683900.144255,19.9391,0,480.56,566.45,386.33,514.82,107.45,,-0.0624,0.1404,0.0,0.0,0,glrt_zupt
1785683900.1609025,19.9558,0,480.56,566.45,386.33,514.82,107.45,,-0.0624,0.1404,0.0,0.0,0,glrt_zupt
1785683900.1782556,19.9731,0,480.56,566.45,386.33,514.82,107.45,,-0.3045,-0.0733,0.0,0.0,0,glrt_zupt
1785683900.1941218,19.989,0,480.56,566.45,386.33,514.82,107.45,,-0.3045,-0.0733,0.0,0.0,0,glrt_zupt
1785683900.2114558,20.0063,0,480.56,566.45,386.33,514.82,107.45,,0.005,0.2155,0.0,0.0,0,glrt_zupt
1785683900.2276523,20.0225,0,480.56,566.45,386.33,514.82,107.45,,0.005,0.2155,0.0,0.0,0,glrt_zupt
1785683900.2433388,20.0382,0,480.56,566.45,386.33,514.82,107.45,,0.005,0.2155,0.0,0.0,0,glrt_zupt
1785683900.2605493,20.0554,0,480.56,566.45,386.33,514.82,107.45,,-0.1159,0.1299,0.0,0.0,0,glrt_zupt
1785683900.2762134,20.0711,0,480.56,566.45,386.33,514.82,107.45,,-0.1159,0.1299,0.0,0.0,0,glrt_zupt
1785683900.2934737,20.0883,0,480.56,566.45,386.33,514.82,107.45,,-0.1078,0.1261,0.0,0.0,0,glrt_zupt
1785683900.3092687,20.1041,0,480.56,566.45,386.33,514.82,107.45,,-0.1078,0.1261,0.0,0.0,0,glrt_zupt
1785683900.326582,20.1214,0,480.56,566.45,386.33,514.82,107.45,,-0.1078,0.1261,0.0,0.0,0,glrt_zupt
1785683900.3430107,20.1379,0,480.56,566.45,386.33,514.82,107.45,,0.1417,0.4181,0.0,0.0,0,glrt_zupt
1785683900.3598573,20.1547,0,480.56,566.45,386.33,514.82,107.45,,0.1417,0.4181,0.0,0.0,0,glrt_zupt
1785683900.3760266,20.1709,0,480.56,566.45,386.33,514.82,107.45,,-0.0054,0.2846,0.0,0.0,0,glrt_zupt
1785683900.393456,20.1883,0,480.56,566.45,386.33,514.82,107.45,,-0.0054,0.2846,0.0,0.0,0,glrt_zupt
1785683900.4109502,20.2058,0,480.56,566.45,386.33,514.82,107.45,,0.062,0.2941,0.0,0.0,0,glrt_zupt
1785683900.4278455,20.2227,0,480.56,566.45,386.33,514.82,107.45,,0.062,0.2941,0.0,0.0,0,glrt_zupt
1785683900.444184,20.2391,0,480.56,566.45,386.33,514.82,107.45,,0.062,0.2941,0.0,0.0,0,glrt_zupt
1785683900.4608884,20.2558,0,480.56,566.45,386.33,514.82,107.45,,0.0764,0.3,0.0,0.0,0,glrt_zupt
1785683900.4777658,20.2726,0,480.56,566.45,386.33,514.82,107.45,,0.0764,0.3,0.0,0.0,0,glrt_zupt
1785683900.4939957,20.2889,0,480.56,566.45,386.33,514.82,107.45,,-0.0399,0.2333,0.0,0.0,0,glrt_zupt
1785683900.510887,20.3058,0,480.56,566.45,386.33,514.82,107.45,,-0.0399,0.2333,0.0,0.0,0,glrt_zupt
1785683900.5281084,20.323,0,480.56,566.45,386.33,514.82,107.45,,-0.0399,0.2333,0.0,0.0,0,glrt_zupt
1785683900.54556,20.3404,0,480.56,566.45,386.33,514.82,107.45,,-0.039,0.258,0.0,0.0,0,glrt_zupt
1785683900.5615206,20.3564,0,480.56,566.45,386.33,514.82,107.45,,-0.039,0.258,0.0,0.0,0,glrt_zupt
1785683900.5771961,20.3721,0,480.56,566.45,386.33,514.82,107.45,,-0.0216,0.201,0.0,0.0,0,glrt_zupt
1785683900.594885,20.3898,0,480.56,566.45,386.33,514.82,107.45,,-0.0216,0.201,0.0,0.0,0,glrt_zupt
1785683900.611459,20.4063,0,480.56,566.45,386.33,514.82,107.45,,-0.0216,0.201,0.0,0.0,0,glrt_zupt
1785683900.6280062,20.4229,0,480.56,566.45,386.33,514.82,107.45,,-0.1028,0.0791,0.0,0.0,0,glrt_zupt
1785683900.6453378,20.4402,0,480.56,566.45,386.33,514.82,107.45,,-0.1028,0.0791,0.0,0.0,0,glrt_zupt
1785683900.6622972,20.4572,0,480.56,566.45,386.33,514.82,107.45,,-0.1508,0.1213,0.0,0.0,0,glrt_zupt
1785683900.6783674,20.4732,0,480.56,566.45,386.33,514.82,107.45,,-0.1508,0.1213,0.0,0.0,0,glrt_zupt
1785683900.694491,20.4894,0,480.56,566.45,386.33,514.82,107.45,,-0.0002,0.2586,0.0,0.0,0,glrt_zupt
1785683900.7103586,20.5052,0,480.56,566.45,386.33,514.82,107.45,,-0.0002,0.2586,0.0,0.0,0,glrt_zupt
1785683900.7270176,20.5219,0,480.56,566.45,386.33,514.82,107.45,,-0.007,0.2974,0.0,0.0,0,glrt_zupt
1785683900.7438152,20.5387,0,480.56,566.45,386.33,514.82,107.45,,-0.007,0.2974,0.0,0.0,0,glrt_zupt
1785683900.759417,20.5543,0,480.56,566.45,386.33,514.82,107.45,,-0.007,0.2974,0.0,0.0,0,glrt_zupt
1785683900.7761903,20.5711,0,480.56,566.45,386.33,514.82,107.45,,-0.1286,0.1778,0.0,0.0,0,glrt_zupt
1785683900.7933567,20.5882,0,480.56,566.45,386.33,514.82,107.45,,-0.1286,0.1778,0.0,0.0,0,glrt_zupt
1785683900.810334,20.6052,0,480.56,566.45,386.33,514.82,107.45,,-0.1668,0.2199,0.0,0.0,0,glrt_zupt
1785683900.8274298,20.6223,0,480.56,566.45,386.33,514.82,107.45,,-0.1668,0.2199,0.0,0.0,0,glrt_zupt
1785683900.842985,20.6379,0,480.56,566.45,386.33,514.82,107.45,,-0.1802,0.2221,0.0,0.0,0,glrt_zupt
1785683900.8602903,20.6552,0,480.56,566.45,386.33,514.82,107.45,,-0.1802,0.2221,0.0,0.0,0,glrt_zupt
1785683900.8766599,20.6715,0,480.56,566.45,386.33,514.82,107.45,,-0.1132,0.2674,0.0,0.0,0,glrt_zupt
1785683900.8930402,20.6879,0,480.56,566.45,386.33,514.82,107.45,,-0.1132,0.2674,0.0,0.0,0,glrt_zupt
1785683900.9097023,20.7046,0,480.56,566.45,386.33,514.82,107.45,,-0.1132,0.2674,0.0,0.0,0,glrt_zupt
1785683900.926238,20.7211,0,480.56,566.45,386.33,514.82,107.45,,-0.1573,0.2828,0.0,0.0,0,glrt_zupt
1785683900.942194,20.7371,0,480.56,566.45,386.33,514.82,107.45,,-0.1573,0.2828,0.0,0.0,0,glrt_zupt
1785683900.9587393,20.7536,0,480.56,566.45,386.33,514.82,107.45,,-0.0397,0.3281,0.0,0.0,0,glrt_zupt
1785683900.9746008,20.7695,0,480.56,566.45,386.33,514.82,107.45,,-0.0397,0.3281,0.0,0.0,0,glrt_zupt
1785683900.9903517,20.7852,0,480.56,566.45,386.33,514.82,107.45,,-0.0397,0.3281,0.0,0.0,0,glrt_zupt
1785683901.0070167,20.8019,0,480.56,566.45,386.33,514.82,107.45,,0.1293,0.4783,0.0,0.0,0,glrt_zupt
1785683901.0243704,20.8192,0,480.56,566.45,386.33,514.82,107.45,,0.1293,0.4783,0.0,0.0,0,glrt_zupt
1785683901.040504,20.8354,0,480.56,566.45,386.33,514.82,107.45,,1.0296,0.4861,0.0,0.0,0,glrt_zupt
1785683901.056558,20.8514,0,480.56,566.45,386.33,514.82,107.45,,1.0296,0.4861,0.0,0.0,0,glrt_zupt
1785683901.0723917,20.8673,0,480.56,566.45,386.33,514.82,107.45,,1.0296,0.4861,0.0,0.0,0,glrt_zupt
1785683901.0889204,20.8838,0,480.56,566.45,386.33,514.82,107.45,,1.1055,0.5296,0.0,0.0,0,glrt_zupt
1785683901.1064806,20.9013,0,480.56,566.45,386.33,514.82,107.45,,1.1055,0.5296,0.0,0.0,0,glrt_zupt
1785683901.1221974,20.9171,0,480.56,566.45,386.33,514.82,107.45,,1.6398,0.7111,0.0,0.0,0,glrt_zupt
1785683901.1393242,20.9342,0,480.56,566.45,386.33,514.82,107.45,,1.6398,0.7111,0.0,0.0,0,glrt_zupt
1785683901.1560001,20.9509,0,480.56,566.45,386.33,514.82,107.45,,1.6398,0.7111,0.0,0.0,0,glrt_zupt
1785683901.1727684,20.9676,0,480.56,566.45,386.33,514.82,107.45,,2.2683,0.7958,0.0,0.0,0,glrt_zupt
1785683901.1883547,20.9832,0,480.56,566.45,386.33,514.82,107.45,,2.2683,0.7958,0.0,0.0,0,glrt_zupt
1785683901.2053838,21.0003,0,480.56,566.45,386.33,514.82,107.45,,1.7938,0.3109,0.0,0.0,0,glrt_zupt
1785683901.221609,21.0165,0,480.56,566.45,386.33,514.82,107.45,,1.7938,0.3109,0.0,0.0,0,glrt_zupt
1785683901.2380598,21.0329,0,480.56,566.45,386.33,514.82,107.45,,1.7938,0.3109,0.0,0.0,0,glrt_zupt
1785683901.25462,21.0495,0,480.56,566.45,386.33,514.82,107.45,,0.9406,-0.0261,0.0,0.0,0,glrt_zupt
1785683901.2704494,21.0653,0,480.56,566.45,386.33,514.82,107.45,,0.9406,-0.0261,0.0,0.0,0,glrt_zupt
1785683901.2869883,21.0819,0,480.56,566.45,386.33,514.82,107.45,,0.509,-0.376,0.0,0.0,0,glrt_zupt
1785683901.3048747,21.0997,0,480.56,566.45,386.33,514.82,107.45,,0.509,-0.376,0.0,0.0,0,glrt_zupt
1785683901.3210123,21.1159,0,480.56,566.45,386.33,514.82,107.45,,-0.3256,-0.7208,0.0,0.0,0,glrt_zupt
1785683901.3384514,21.1333,0,480.56,566.45,386.33,514.82,107.45,,-0.3256,-0.7208,0.0,0.0,0,glrt_zupt
1785683901.3540106,21.1489,0,480.56,566.45,386.33,514.82,107.45,,-0.3256,-0.7208,0.0,0.0,0,glrt_zupt
1785683901.3714614,21.1663,0,480.56,566.45,386.33,514.82,107.45,,-1.312,-1.0785,0.0,0.0,0,glrt_zupt
1785683901.3880086,21.1829,0,480.56,566.45,386.33,514.82,107.45,,-1.312,-1.0785,0.0,0.0,0,glrt_zupt
1785683901.405519,21.2004,0,480.56,566.45,386.33,514.82,107.45,,-2.1478,-1.4899,0.0,0.0,0,glrt_zupt
1785683901.421237,21.2161,0,480.56,566.45,386.33,514.82,107.45,,-2.1478,-1.4899,0.0,0.0,0,glrt_zupt
1785683901.437902,21.2328,0,480.56,566.45,386.33,514.82,107.45,,-2.1478,-1.4899,0.0,0.0,0,glrt_zupt
1785683901.454183,21.2491,0,480.56,566.45,386.33,514.82,107.45,,-2.4796,-1.3817,0.0,0.0,0,glrt_zupt
1785683901.4715202,21.2664,0,480.56,566.45,386.33,514.82,107.45,,-2.4796,-1.3817,0.0,0.0,0,glrt_zupt
1785683901.488814,21.2837,0,480.56,566.45,386.33,514.82,107.45,,-2.0402,-0.5747,0.0,0.0,0,glrt_zupt
1785683901.5048807,21.2997,0,480.56,566.45,386.33,514.82,107.45,,-2.0402,-0.5747,0.0,0.0,0,glrt_zupt
1785683901.5220044,21.3169,0,480.56,566.45,386.33,514.82,107.45,,-2.0402,-0.5747,0.0,0.0,0,glrt_zupt
1785683901.5392218,21.3341,0,480.56,566.45,386.33,514.82,107.45,,-1.6823,-0.4988,0.0,0.0,0,glrt_zupt
1785683901.5560024,21.3509,0,480.56,566.45,386.33,514.82,107.45,,-1.6823,-0.4988,0.0,0.0,0,glrt_zupt
1785683901.5729995,21.3679,0,480.56,566.45,386.33,514.82,107.45,,-1.6254,-0.4766,0.0,0.0,0,glrt_zupt
1785683901.5902007,21.3851,0,480.56,566.45,386.33,514.82,107.45,,-1.6254,-0.4766,0.0,0.0,0,glrt_zupt
1785683901.6074061,21.4023,0,480.56,566.45,386.33,514.82,107.45,,-1.6254,-0.4766,0.0,0.0,0,glrt_zupt
1785683901.6243992,21.4193,0,480.56,566.45,386.33,514.82,107.45,,-1.2511,-0.3402,0.0,0.0,0,glrt_zupt
1785683901.6401584,21.435,0,480.56,566.45,386.33,514.82,107.45,,-1.2511,-0.3402,0.0,0.0,0,glrt_zupt
1785683901.6574147,21.4523,0,479.04,566.45,386.33,514.82,106.12,,-1.0434,-0.2821,-0.088,0.0,0,glrt_zupt
1785683901.6736348,21.4685,0,477.61,566.45,386.33,514.82,104.87,,-1.0434,-0.2821,-0.088,0.0,0,glrt_zupt
1785683901.6902666,21.4851,0,476.14,566.45,386.33,514.82,103.59,,-1.0434,-0.2821,-0.088,0.0,0,glrt_zupt
1785683901.7081075,21.503,0,474.71,566.45,386.33,514.82,102.36,,-0.5198,-0.0484,-0.08,0.0,0,glrt_zupt
1785683901.7251337,21.52,0,473.34,566.45,386.33,514.82,101.18,,-0.5198,-0.0484,-0.08,0.0,0,glrt_zupt
1785683901.7420824,21.5369,0,472.17,566.45,386.33,514.82,100.17,,-0.1919,0.2275,-0.069,0.0,0,glrt_zupt
1785683901.7590985,21.554,0,470.99,566.45,386.33,514.82,99.16,,-0.1919,0.2275,-0.069,0.0,0,glrt_zupt
1785683901.776152,21.571,0,470.0,566.45,386.33,514.82,98.32,,-0.0251,0.3799,-0.058,0.0,0,glrt_zupt
1785683901.7936554,21.5885,0,468.99,566.45,386.33,514.82,97.46,,-0.0251,0.3799,-0.058,0.0,0,glrt_zupt
1785683901.8092299,21.6041,0,468.09,566.45,386.33,514.82,96.7,,-0.0251,0.3799,-0.058,0.0,0,glrt_zupt
1785683901.82611,21.621,0,467.33,566.45,386.33,514.82,96.06,,0.2271,0.3913,-0.045,0.0,0,glrt_zupt
1785683901.8430274,21.6379,0,466.57,566.45,386.33,514.82,95.42,,0.2271,0.3913,-0.045,0.0,0,glrt_zupt
1785683901.8595083,21.6544,0,465.83,566.45,386.33,514.82,94.8,,0.2271,0.3913,-0.045,0.0,0,glrt_zupt
1785683901.8760164,21.6709,0,465.32,566.45,386.33,514.82,94.37,,0.4549,0.2858,-0.031,0.0,0,glrt_zupt
1785683901.893543,21.6884,0,464.77,566.45,386.33,514.82,93.91,,0.4549,0.2858,-0.031,0.0,0,glrt_zupt
1785683901.9100714,21.7049,0,464.77,566.45,386.33,514.82,93.91,,0.5694,0.2028,0.0,0.0,0,glrt_zupt
1785683901.926889,21.7218,0,464.77,566.45,386.33,514.82,93.91,,0.5694,0.2028,0.0,0.0,0,glrt_zupt
1785683901.9424992,21.7374,0,464.77,566.45,386.33,514.82,93.91,,0.5694,0.2028,0.0,0.0,0,glrt_zupt
1785683901.9582663,21.7531,0,464.77,566.45,386.33,514.82,93.91,,0.6668,0.3504,0.0,0.0,0,glrt_zupt
1785683901.9753695,21.7702,0,464.77,566.45,386.33,514.82,93.91,,0.6668,0.3504,0.0,0.0,0,glrt_zupt
1785683901.991227,21.7861,0,464.77,566.45,386.33,514.82,93.91,,0.6668,0.3504,0.0,0.0,0,glrt_zupt
1785683902.0085876,21.8035,0,464.77,566.45,386.33,514.82,93.91,,0.845,0.4342,0.0,0.0,0,glrt_zupt
1785683902.0246518,21.8195,0,464.77,566.45,386.33,514.82,93.91,,0.845,0.4342,0.0,0.0,0,glrt_zupt
1785683902.0410638,21.8359,0,464.77,566.45,386.33,514.82,93.91,,0.845,0.4342,0.0,0.0,0,glrt_zupt
1785683902.0580156,21.8529,0,464.77,566.45,386.33,514.82,93.91,,0.8241,0.4888,0.0,0.0,0,glrt_zupt
1785683902.0750833,21.87,0,464.77,566.45,386.33,514.82,93.91,,0.8241,0.4888,0.0,0.0,0,glrt_zupt
1785683902.0925813,21.8874,0,464.77,566.45,386.33,514.82,93.91,,0.8241,0.4888,0.0,0.0,0,glrt_zupt
1785683902.10823,21.9031,0,464.77,566.45,386.33,514.82,93.91,,0.8241,0.4888,0.0,0.0,0,glrt_zupt
1785683902.1253142,21.9202,0,464.77,566.45,386.33,514.82,93.91,,0.8224,0.4488,0.0,0.0,0,glrt_zupt
1785683902.1420085,21.9369,0,464.77,566.45,386.33,514.82,93.91,,0.8224,0.4488,0.0,0.0,0,glrt_zupt
1785683902.1587677,21.9536,0,464.77,566.45,386.33,514.82,93.91,,0.5017,0.2857,0.0,0.0,0,glrt_zupt
1785683902.1750398,21.9699,0,464.77,566.45,386.33,514.82,93.91,,0.5017,0.2857,0.0,0.0,0,glrt_zupt
1785683902.191679,21.9865,0,464.77,566.45,386.33,514.82,93.91,,0.5017,0.2857,0.0,0.0,0,glrt_zupt
1785683902.2083578,22.0032,0,464.77,566.45,386.33,514.82,93.91,,0.3494,0.1194,0.0,0.0,0,glrt_zupt
1785683902.224391,22.0193,0,464.77,566.45,386.33,514.82,93.91,,0.3494,0.1194,0.0,0.0,0,glrt_zupt
1785683902.2411957,22.0361,0,464.77,566.45,386.33,514.82,93.91,,0.414,0.1979,0.0,0.0,0,glrt_zupt
1785683902.258224,22.0531,0,464.77,566.45,386.33,514.82,93.91,,0.414,0.1979,0.0,0.0,0,glrt_zupt
1785683902.2752352,22.0701,0,464.77,566.45,386.33,514.82,93.91,,0.414,0.1979,0.0,0.0,0,glrt_zupt
1785683902.292253,22.0871,0,464.77,566.45,386.33,514.82,93.91,,0.4423,0.2743,0.0,0.0,0,glrt_zupt
1785683902.3090503,22.1039,0,464.77,566.45,386.33,514.82,93.91,,0.4423,0.2743,0.0,0.0,0,glrt_zupt
1785683902.3257806,22.1206,0,464.77,566.45,386.33,514.82,93.91,,0.4414,0.2366,0.0,0.0,0,glrt_zupt
1785683902.3417604,22.1366,0,464.77,566.45,386.33,514.82,93.91,,0.4414,0.2366,0.0,0.0,0,glrt_zupt
1785683902.3581772,22.153,0,464.77,566.45,386.33,514.82,93.91,,0.4414,0.2366,0.0,0.0,0,glrt_zupt
1785683902.3751493,22.17,0,464.77,566.45,386.33,514.82,93.91,,0.5355,0.3823,0.0,0.0,0,glrt_zupt
1785683902.391863,22.1867,0,464.77,566.45,386.33,514.82,93.91,,0.5355,0.3823,0.0,0.0,0,glrt_zupt
1785683902.408472,22.2033,0,464.77,566.45,386.33,514.82,93.91,,0.4806,0.2471,0.0,0.0,0,glrt_zupt
1785683902.4251335,22.22,0,464.77,566.45,386.33,514.82,93.91,,0.4806,0.2471,0.0,0.0,0,glrt_zupt
1785683902.4424658,22.2373,0,464.77,566.45,386.33,514.82,93.91,,0.6664,0.3972,0.0,0.0,0,glrt_zupt
1785683902.45908,22.2539,0,464.77,566.45,386.33,514.82,93.91,,0.6664,0.3972,0.0,0.0,0,glrt_zupt
1785683902.4763029,22.2712,0,464.77,566.45,386.33,514.82,93.91,,0.6664,0.3972,0.0,0.0,0,glrt_zupt
1785683902.4920652,22.2869,0,464.77,566.45,386.33,514.82,93.91,,0.4688,0.2788,0.0,0.0,0,glrt_zupt
1785683902.5093317,22.3042,0,464.77,566.45,386.33,514.82,93.91,,0.4688,0.2788,0.0,0.0,0,glrt_zupt
1785683902.5264196,22.3213,0,464.77,566.45,386.33,514.82,93.91,,0.4688,0.2788,0.0,0.0,0,glrt_zupt
1785683902.5431192,22.338,0,464.77,566.45,386.33,514.82,93.91,,0.2544,0.032,0.0,0.0,0,glrt_zupt
1785683902.55984,22.3547,0,464.77,566.45,386.33,514.82,93.91,,0.2544,0.032,0.0,0.0,0,glrt_zupt
1785683902.5753791,22.3702,0,464.77,566.45,386.33,514.82,93.91,,0.4577,0.1106,0.0,0.0,0,glrt_zupt
1785683902.5917928,22.3867,0,464.77,566.45,386.33,514.82,93.91,,0.4577,0.1106,0.0,0.0,0,glrt_zupt
1785683902.6073399,22.4022,0,464.77,566.45,386.33,514.82,93.91,,0.4577,0.1106,0.0,0.0,0,glrt_zupt
1785683902.6243665,22.4192,0,464.77,566.45,386.33,514.82,93.91,,0.4577,0.1106,0.0,0.0,0,glrt_zupt
1785683902.6412508,22.4361,0,464.77,566.45,386.33,514.82,93.91,,0.5256,0.3791,0.0,0.0,0,glrt_zupt
1785683902.6570702,22.4519,0,464.77,566.45,386.33,514.82,93.91,,0.5256,0.3791,0.0,0.0,0,glrt_zupt
1785683902.6743138,22.4692,0,464.77,566.45,386.33,514.82,93.91,,0.4605,0.3135,0.0,0.0,0,glrt_zupt
1785683902.6911478,22.486,0,464.77,566.45,386.33,514.82,93.91,,0.4605,0.3135,0.0,0.0,0,glrt_zupt
1785683902.7077844,22.5027,0,464.77,566.45,386.33,514.82,93.91,,0.4605,0.3135,0.0,0.0,0,glrt_zupt
1785683902.7236578,22.5185,0,464.77,566.45,386.33,514.82,93.91,,0.5668,0.3873,0.0,0.0,0,glrt_zupt
1785683902.7394485,22.5343,0,464.77,566.45,386.33,514.82,93.91,,0.5668,0.3873,0.0,0.0,0,glrt_zupt
1785683902.7555852,22.5505,0,464.77,566.45,386.33,514.82,93.91,,0.336,0.2229,0.0,0.0,0,glrt_zupt
1785683902.7726712,22.5675,0,464.77,566.45,386.33,514.82,93.91,,0.336,0.2229,0.0,0.0,0,glrt_zupt
1785683902.789511,22.5844,0,464.77,566.45,386.33,514.82,93.91,,0.336,0.2229,0.0,0.0,0,glrt_zupt
1785683902.8053246,22.6002,0,464.77,566.45,386.33,514.82,93.91,,0.2823,0.0569,0.0,0.0,0,glrt_zupt
1785683902.8213694,22.6162,0,464.77,566.45,386.33,514.82,93.91,,0.2823,0.0569,0.0,0.0,0,glrt_zupt
1785683902.8383727,22.6332,0,464.77,566.45,386.33,514.82,93.91,,0.2548,0.14,0.0,0.0,0,glrt_zupt
1785683902.8546195,22.6495,0,464.77,566.45,386.33,514.82,93.91,,0.2548,0.14,0.0,0.0,0,glrt_zupt
1785683902.8702452,22.6651,0,464.77,566.45,386.33,514.82,93.91,,0.2548,0.14,0.0,0.0,0,glrt_zupt
1785683902.8870678,22.6819,0,464.77,566.45,386.33,514.82,93.91,,-0.0284,0.0792,0.0,0.0,0,glrt_zupt
1785683902.9038315,22.6987,0,464.77,566.45,386.33,514.82,93.91,,-0.0284,0.0792,0.0,0.0,0,glrt_zupt
1785683902.9201782,22.715,0,464.77,566.45,386.33,514.82,93.91,,-0.8265,-0.0952,0.0,0.0,0,glrt_zupt
1785683902.9374247,22.7323,0,464.77,566.45,386.33,514.82,93.91,,-0.8265,-0.0952,0.0,0.0,0,glrt_zupt
1785683902.953877,22.7487,0,464.77,566.45,386.33,514.82,93.91,,-1.9563,-0.3398,0.0,0.0,0,glrt_zupt
1785683902.9703455,22.7652,0,464.77,566.45,386.33,514.82,93.91,,-1.9563,-0.3398,0.0,0.0,0,glrt_zupt
1785683902.9864018,22.7813,0,464.77,566.45,386.33,514.82,93.91,,-1.9563,-0.3398,0.0,0.0,0,glrt_zupt
1785683903.0023534,22.7972,0,464.77,566.45,386.33,514.82,93.91,,-2.9483,-0.4697,0.0,0.0,0,glrt_zupt
1785683903.018507,22.8134,0,464.77,566.45,386.33,514.82,93.91,,-2.9483,-0.4697,0.0,0.0,0,glrt_zupt
1785683903.0348604,22.8297,0,464.77,566.45,386.33,514.82,93.91,,-2.9483,-0.4697,0.0,0.0,0,glrt_zupt
1785683903.0511339,22.846,0,464.77,566.45,386.33,514.82,93.91,,-3.2075,-0.6566,0.0,0.0,0,glrt_zupt
1785683903.0683594,22.8632,0,464.77,566.45,386.33,514.82,93.91,,-3.2075,-0.6566,0.0,0.0,0,glrt_zupt
1785683903.0854518,22.8803,0,464.77,566.45,386.33,514.82,93.91,,-3.3481,-1.1372,0.0,0.0,0,glrt_zupt
1785683903.1015072,22.8964,0,464.77,566.45,386.33,514.82,93.91,,-3.3481,-1.1372,0.0,0.0,0,glrt_zupt
1785683903.117147,22.912,0,464.77,566.45,386.33,514.82,93.91,,-2.1449,-0.8629,0.0,0.0,0,glrt_zupt
1785683903.133828,22.9287,0,464.77,566.45,386.33,514.82,93.91,,-2.1449,-0.8629,0.0,0.0,0,glrt_zupt
1785683903.151426,22.9463,0,464.77,566.45,386.33,514.82,93.91,,-2.1449,-0.8629,0.0,0.0,0,glrt_zupt
1785683903.1684978,22.9634,0,464.77,566.45,386.33,514.82,93.91,,-1.0396,-0.4504,0.0,0.0,0,glrt_zupt
1785683903.1848953,22.9798,0,464.77,566.45,386.33,514.82,93.91,,-1.0396,-0.4504,0.0,0.0,0,glrt_zupt
1785683903.201345,22.9962,0,462.98,566.45,386.33,514.82,92.42,,-0.4345,-0.5,-0.109,0.0,0,glrt_zupt
1785683903.217281,23.0121,0,461.25,566.45,386.33,514.82,90.99,,-0.4345,-0.5,-0.109,0.0,0,glrt_zupt
1785683903.233904,23.0288,0,459.44,566.45,386.33,514.82,89.5,,-0.4345,-0.5,-0.109,0.0,0,glrt_zupt
1785683903.2500691,23.0449,0,458.03,566.45,386.33,514.82,88.36,,0.3113,-0.419,-0.087,0.0,0,glrt_zupt
1785683903.2681618,23.063,0,456.46,566.45,386.33,514.82,87.09,,0.3113,-0.419,-0.087,0.0,0,glrt_zupt
1785683903.2855303,23.0804,0,454.95,566.45,386.33,514.82,85.88,,0.3113,-0.419,-0.087,0.0,0,glrt_zupt
1785683903.3017116,23.0966,0,454.05,566.45,386.33,514.82,85.16,,1.289,-0.4392,-0.055,0.0,0,glrt_zupt
1785683903.3183308,23.1132,0,453.13,566.45,386.33,514.82,84.43,,1.289,-0.4392,-0.055,0.0,0,glrt_zupt
1785683903.334986,23.1299,0,452.61,566.45,386.33,514.82,84.02,,1.063,-0.9898,-0.031,0.0,0,glrt_zupt
1785683903.3524444,23.1473,0,452.06,566.45,386.33,514.82,83.58,,1.063,-0.9898,-0.031,0.0,0,glrt_zupt
1785683903.369449,23.1643,0,451.52,566.45,386.33,514.82,83.16,,1.063,-0.9898,-0.031,0.0,0,glrt_zupt
1785683903.385417,23.1803,0,451.52,566.45,386.33,514.82,83.16,,2.1583,-0.3828,0.0,0.0,0,glrt_zupt
1785683903.401965,23.1968,0,451.52,566.45,386.33,514.82,83.16,,2.1583,-0.3828,0.0,0.0,0,glrt_zupt
1785683903.4185116,23.2134,0,451.52,566.45,386.33,514.82,83.16,,2.1583,-0.3828,0.0,0.0,0,glrt_zupt
1785683903.4345007,23.2294,0,451.52,566.45,386.33,514.82,83.16,,3.466,0.3314,0.0,0.0,0,glrt_zupt
1785683903.4509566,23.2458,0,451.52,566.45,386.33,514.82,83.16,,3.466,0.3314,0.0,0.0,0,glrt_zupt
1785683903.4682097,23.2631,0,451.52,566.45,386.33,514.82,83.16,,3.466,0.3314,0.0,0.0,0,glrt_zupt
1785683903.4851103,23.28,0,451.52,566.45,386.33,514.82,83.16,,3.0533,-0.5339,0.0,0.0,0,glrt_zupt
1785683903.5018537,23.2967,0,451.52,566.45,386.33,514.82,83.16,,3.0533,-0.5339,0.0,0.0,0,glrt_zupt
1785683903.517996,23.3129,0,451.52,566.45,386.33,514.82,83.16,,3.0533,-0.5339,0.0,0.0,0,glrt_zupt
1785683903.535497,23.3304,0,451.52,566.45,386.33,514.82,83.16,,3.0466,0.1213,0.0,0.0,0,glrt_zupt
1785683903.5520098,23.3469,0,451.52,566.45,386.33,514.82,83.16,,3.0466,0.1213,0.0,0.0,0,glrt_zupt
1785683903.5698202,23.3647,0,451.52,566.45,386.33,514.82,83.16,,3.0466,0.1213,0.0,0.0,0,glrt_zupt
1785683903.585486,23.3804,0,451.52,566.45,386.33,514.82,83.16,,1.9636,0.2064,0.0,0.0,0,glrt_zupt
1785683903.6020844,23.397,0,451.52,566.45,386.33,514.82,83.16,,1.9636,0.2064,0.0,0.0,0,glrt_zupt
1785683903.6194263,23.4143,0,451.52,566.45,386.33,514.82,83.16,,1.9636,0.2064,0.0,0.0,0,glrt_zupt
1785683903.6363204,23.4312,0,451.52,566.45,386.33,514.82,83.16,,0.951,-0.2229,0.0,0.0,0,glrt_zupt
1785683903.6521666,23.447,0,451.52,566.45,386.33,514.82,83.16,,0.951,-0.2229,0.0,0.0,0,glrt_zupt
1785683903.6693575,23.4642,0,451.52,566.45,386.33,514.82,83.16,,0.951,-0.2229,0.0,0.0,0,glrt_zupt
1785683903.6865878,23.4815,0,451.52,566.45,386.33,514.82,83.16,,0.951,-0.2229,0.0,0.0,0,glrt_zupt
1785683903.7030573,23.4979,0,451.52,566.45,386.33,514.82,83.16,,0.951,-0.2229,0.0,0.0,0,glrt_zupt
1785683903.719994,23.5149,0,451.52,566.45,386.33,514.82,83.16,,0.951,-0.2229,0.0,0.0,0,glrt_zupt
1785683903.7370138,23.5319,0,453.28,566.45,386.33,514.82,84.55,,0.6184,0.4286,0.103,0.0,0,glrt_zupt
1785683903.7540746,23.5489,0,455.04,566.45,386.33,514.82,85.95,,0.6184,0.4286,0.103,0.0,0,glrt_zupt
1785683903.7707353,23.5656,0,456.76,566.45,386.33,514.82,87.33,,0.6184,0.4286,0.103,0.0,0,glrt_zupt
1785683903.7862732,23.5811,0,458.37,566.45,386.33,514.82,88.63,,0.6184,0.4286,0.103,0.0,0,glrt_zupt
1785683903.804022,23.5989,0,459.74,566.45,386.33,514.82,89.75,,-0.5337,0.0573,0.077,0.0,0,glrt_zupt
1785683903.8211958,23.6161,0,461.06,566.45,386.33,514.82,90.83,,-0.5337,0.0573,0.077,0.0,0,glrt_zupt
1785683903.8382726,23.6331,0,461.91,566.45,386.33,514.82,91.54,,-0.9963,-0.1372,0.05,0.0,0,glrt_zupt
1785683903.855822,23.6507,0,462.79,566.45,386.33,514.82,92.26,,-0.9963,-0.1372,0.05,0.0,0,glrt_zupt
1785683903.8714375,23.6663,0,463.57,566.45,386.33,514.82,92.91,,-0.9963,-0.1372,0.05,0.0,0,glrt_zupt
1785683903.8879652,23.6828,0,463.96,566.45,386.33,514.82,93.24,,-1.2827,-0.2826,0.024,0.0,0,glrt_zupt
1785683903.9055412,23.7004,0,464.38,566.45,386.33,514.82,93.59,,-1.2827,-0.2826,0.024,0.0,0,glrt_zupt
1785683903.9212887,23.7162,0,464.76,566.45,386.33,514.82,93.9,,-1.2827,-0.2826,0.024,0.0,0,glrt_zupt
1785683903.938045,23.7329,0,464.76,566.45,386.33,514.82,93.9,,-1.0806,0.0106,0.0,0.0,0,glrt_zupt
1785683903.9548647,23.7497,0,464.76,566.45,386.33,514.82,93.9,,-1.0806,0.0106,0.0,0.0,0,glrt_zupt
1785683903.971854,23.7667,0,464.76,566.45,386.33,514.82,93.9,,-1.0806,0.0106,0.0,0.0,0,glrt_zupt
1785683903.9879568,23.7828,0,464.76,566.45,386.33,514.82,93.9,,-0.9524,0.2304,0.0,0.0,0,glrt_zupt
1785683904.0049915,23.7999,0,464.76,566.45,386.33,514.82,93.9,,-0.9524,0.2304,0.0,0.0,0,glrt_zupt
1785683904.0225425,23.8174,0,464.76,566.45,386.33,514.82,93.9,,-0.9039,0.2531,0.0,0.0,0,glrt_zupt
1785683904.0383878,23.8333,0,464.76,566.45,386.33,514.82,93.9,,-0.9039,0.2531,0.0,0.0,0,glrt_zupt
1785683904.055248,23.8501,0,464.76,566.45,386.33,514.82,93.9,,-0.9039,0.2531,0.0,0.0,0,glrt_zupt
1785683904.072115,23.867,0,464.76,566.45,386.33,514.82,93.9,,-0.7859,0.2709,0.0,0.0,0,glrt_zupt
1785683904.0888543,23.8837,0,464.76,566.45,386.33,514.82,93.9,,-0.7859,0.2709,0.0,0.0,0,glrt_zupt
1785683904.105358,23.9002,0,464.76,566.45,386.33,514.82,93.9,,-0.6147,0.3483,0.0,0.0,0,glrt_zupt
1785683904.1211987,23.9161,0,464.76,566.45,386.33,514.82,93.9,,-0.6147,0.3483,0.0,0.0,0,glrt_zupt
1785683904.1380982,23.933,0,464.76,566.45,386.33,514.82,93.9,,-0.6147,0.3483,0.0,0.0,0,glrt_zupt
1785683904.1556835,23.9506,0,464.76,566.45,386.33,514.82,93.9,,-0.5529,0.2332,0.0,0.0,0,glrt_zupt
1785683904.1720893,23.967,0,464.76,566.45,386.33,514.82,93.9,,-0.5529,0.2332,0.0,0.0,0,glrt_zupt
1785683904.1892736,23.9841,0,464.76,566.45,386.33,514.82,93.9,,-0.6382,0.1577,0.0,0.0,0,glrt_zupt
1785683904.2059364,24.0008,0,464.76,566.45,386.33,514.82,93.9,,-0.6382,0.1577,0.0,0.0,0,glrt_zupt
1785683904.2233891,24.0183,0,464.76,566.45,386.33,514.82,93.9,,-0.6382,0.1577,0.0,0.0,0,glrt_zupt
1785683904.240094,24.035,0,464.76,566.45,386.33,514.82,93.9,,-0.5629,0.1387,0.0,0.0,0,glrt_zupt
1785683904.2579932,24.0529,0,464.76,566.45,386.33,514.82,93.9,,-0.5629,0.1387,0.0,0.0,0,glrt_zupt
1785683904.275337,24.0702,0,464.76,566.45,386.33,514.82,93.9,,-0.4867,0.2277,0.0,0.0,0,glrt_zupt
1785683904.2921367,24.087,0,464.76,566.45,386.33,514.82,93.9,,-0.4867,0.2277,0.0,0.0,0,glrt_zupt
1785683904.3092964,24.1042,0,464.76,566.45,386.33,514.82,93.9,,-0.4392,0.3229,0.0,0.0,0,glrt_zupt
1785683904.3251882,24.1201,0,464.76,566.45,386.33,514.82,93.9,,-0.4392,0.3229,0.0,0.0,0,glrt_zupt
1785683904.3411505,24.136,0,464.76,566.45,386.33,514.82,93.9,,-0.4392,0.3229,0.0,0.0,0,glrt_zupt
1785683904.3582916,24.1532,0,464.76,566.45,386.33,514.82,93.9,,-0.5627,0.365,0.0,0.0,0,glrt_zupt
1785683904.3751264,24.17,0,464.76,566.45,386.33,514.82,93.9,,-0.5627,0.365,0.0,0.0,0,glrt_zupt
1785683904.3919377,24.1868,0,464.76,566.45,386.33,514.82,93.9,,-0.5732,0.2846,0.0,0.0,0,glrt_zupt
1785683904.4096324,24.2045,0,464.76,566.45,386.33,514.82,93.9,,-0.5732,0.2846,0.0,0.0,0,glrt_zupt
1785683904.425904,24.2208,0,464.76,566.45,386.33,514.82,93.9,,-0.0207,0.2998,0.0,0.0,0,glrt_zupt
1785683904.443136,24.238,0,464.76,566.45,386.33,514.82,93.9,,-0.0207,0.2998,0.0,0.0,0,glrt_zupt
1785683904.4601192,24.255,0,464.76,566.45,386.33,514.82,93.9,,-0.241,0.3273,0.0,0.0,0,glrt_zupt
1785683904.4768953,24.2718,0,464.76,566.45,386.33,514.82,93.9,,-0.241,0.3273,0.0,0.0,0,glrt_zupt
1785683904.4929678,24.2878,0,464.76,566.45,386.33,514.82,93.9,,-0.241,0.3273,0.0,0.0,0,glrt_zupt
1785683904.5101993,24.3051,0,464.76,566.45,386.33,514.82,93.9,,-0.5515,0.4215,0.0,0.0,0,glrt_zupt
1785683904.526757,24.3216,0,464.76,566.45,386.33,514.82,93.9,,-0.5515,0.4215,0.0,0.0,0,glrt_zupt
1785683904.543008,24.3379,0,464.76,566.45,386.33,514.82,93.9,,-0.7229,0.1571,0.0,0.0,0,glrt_zupt
1785683904.56027,24.3551,0,464.76,566.45,386.33,514.82,93.9,,-0.7229,0.1571,0.0,0.0,0,glrt_zupt
1785683904.577361,24.3722,0,464.76,566.45,386.33,514.82,93.9,,-0.7229,0.1571,0.0,0.0,0,glrt_zupt
1785683904.5940666,24.3889,0,464.76,566.45,386.33,514.82,93.9,,-0.7811,-0.018,0.0,0.0,0,glrt_zupt
1785683904.6114933,24.4064,0,464.76,566.45,386.33,514.82,93.9,,-0.7811,-0.018,0.0,0.0,0,glrt_zupt
1785683904.6280441,24.4229,0,464.76,566.45,386.33,514.82,93.9,,-0.7683,-0.1408,0.0,0.0,0,glrt_zupt
1785683904.645633,24.4405,0,464.76,566.45,386.33,514.82,93.9,,-0.7683,-0.1408,0.0,0.0,0,glrt_zupt
1785683904.6612403,24.4561,0,464.76,566.45,386.33,514.82,93.9,,-0.7683,-0.1408,0.0,0.0,0,glrt_zupt
1785683904.6779318,24.4728,0,464.76,566.45,386.33,514.82,93.9,,-1.1763,0.0665,0.0,0.0,0,glrt_zupt
1785683904.6954665,24.4903,0,464.76,566.45,386.33,514.82,93.9,,-1.1763,0.0665,0.0,0.0,0,glrt_zupt
1785683904.7116826,24.5066,0,464.76,566.45,386.33,514.82,93.9,,-0.5868,0.8116,0.0,0.0,0,glrt_zupt
1785683904.7274141,24.5223,0,464.76,566.45,386.33,514.82,93.9,,-0.5868,0.8116,0.0,0.0,0,glrt_zupt
1785683904.7430027,24.5379,0,464.76,566.45,386.33,514.82,93.9,,-0.5868,0.8116,0.0,0.0,0,glrt_zupt
1785683904.760125,24.555,0,464.76,566.45,386.33,514.82,93.9,,0.8161,2.7228,0.0,0.0,0,glrt_zupt
1785683904.7769992,24.5719,0,464.76,566.45,386.33,514.82,93.9,,0.8161,2.7228,0.0,0.0,0,glrt_zupt
1785683904.7943425,24.5892,0,464.76,566.45,386.33,514.82,93.9,,0.2249,3.2284,0.0,0.0,0,glrt_zupt
1785683904.8108122,24.6057,0,464.76,566.45,386.33,514.82,93.9,,0.2249,3.2284,0.0,0.0,0,glrt_zupt
1785683904.8271713,24.622,0,464.76,566.45,386.33,514.82,93.9,,0.0211,3.0836,0.0,0.0,0,glrt_zupt
1785683904.8431015,24.638,0,464.76,566.45,386.33,514.82,93.9,,0.0211,3.0836,0.0,0.0,0,glrt_zupt
1785683904.8605323,24.6554,0,464.76,566.45,386.33,514.82,93.9,,0.0211,3.0836,0.0,0.0,0,glrt_zupt
1785683904.8762002,24.6711,0,464.76,566.45,386.33,514.82,93.9,,0.3549,3.6071,0.0,0.0,0,glrt_zupt
1785683904.89327,24.6881,0,464.76,566.45,386.33,514.82,93.9,,0.3549,3.6071,0.0,0.0,0,glrt_zupt
1785683904.9098804,24.7047,0,464.76,566.45,386.33,514.82,93.9,,0.3549,3.6071,0.0,0.0,0,glrt_zupt
1785683904.9275773,24.7224,0,464.76,566.45,386.33,514.82,93.9,,0.1795,3.1323,0.0,0.0,0,glrt_zupt
1785683904.9441807,24.739,0,464.76,566.45,386.33,514.82,93.9,,0.1795,3.1323,0.0,0.0,0,glrt_zupt
1785683904.961182,24.756,0,464.76,569.3,386.33,514.82,95.5,,0.0588,2.0335,0.0,0.168,0,glrt_zupt
1785683904.9783227,24.7732,0,464.76,572.18,386.33,514.82,97.17,,0.0588,2.0335,0.0,0.168,0,glrt_zupt
1785683904.9949481,24.7898,0,464.76,574.4,386.33,514.82,98.5,,0.5271,-0.4658,0.0,0.134,0,glrt_zupt
1785683905.0120704,24.8069,0,464.76,576.69,386.33,514.82,99.9,,0.5271,-0.4658,0.0,0.134,0,glrt_zupt
1785683905.029131,24.824,0,464.76,577.57,386.33,514.82,100.44,,-1.9846,-4.2085,0.0,0.051,0,glrt_zupt
1785683905.0455284,24.8404,0,464.76,578.41,386.33,514.82,100.97,,-1.9846,-4.2085,0.0,0.051,0,glrt_zupt
1785683905.0611334,24.856,0,464.76,579.21,386.33,514.82,101.48,,-1.9846,-4.2085,0.0,0.051,0,glrt_zupt
1785683905.078097,24.873,0,464.76,579.21,386.33,514.82,101.48,,-2.3266,-4.3779,0.0,0.0,0,glrt_zupt
1785683905.0956416,24.8905,0,464.76,579.21,386.33,514.82,101.48,,-2.3266,-4.3779,0.0,0.0,0,glrt_zupt
1785683905.1115384,24.9064,0,464.76,579.21,386.33,514.82,101.48,,-1.045,-2.9792,0.0,0.0,0,glrt_zupt
1785683905.127306,24.9222,0,464.76,579.21,386.33,514.82,101.48,,-1.045,-2.9792,0.0,0.0,0,glrt_zupt
1785683905.1445894,24.9395,0,464.76,579.21,386.33,514.82,101.48,,-1.045,-2.9792,0.0,0.0,0,glrt_zupt
1785683905.1603801,24.9552,0,464.76,579.21,386.33,514.82,101.48,,-1.045,-2.9792,0.0,0.0,0,glrt_zupt
1785683905.1770072,24.9719,0,464.76,579.21,386.33,514.82,101.48,,-1.045,-2.9792,0.0,0.0,0,glrt_zupt
1785683905.1935587,24.9884,0,464.76,579.21,386.33,514.82,101.48,,-1.045,-2.9792,0.0,0.0,0,glrt_zupt
1785683905.2095401,25.0044,0,464.76,579.21,386.33,514.82,101.48,,-1.045,-2.9792,0.0,0.0,0,glrt_zupt
1785683905.2255592,25.0204,0,464.76,579.21,386.33,514.82,101.48,,-1.045,-2.9792,0.0,0.0,0,glrt_zupt
1785683905.2412694,25.0361,0,464.76,579.21,386.33,514.82,101.48,,-1.045,-2.9792,0.0,0.0,0,glrt_zupt
1785683905.258444,25.0533,0,464.76,579.21,386.33,514.82,101.48,,-1.045,-2.9792,0.0,0.0,0,glrt_zupt
1785683905.2744806,25.0693,0,464.76,579.21,386.33,514.82,101.48,,-1.045,-2.9792,0.0,0.0,0,glrt_zupt
1785683905.290776,25.0856,0,464.76,579.21,386.33,514.82,101.48,,-1.045,-2.9792,0.0,0.0,0,glrt_zupt
1785683905.306373,25.1012,0,464.76,579.21,386.33,514.82,101.48,,-1.045,-2.9792,0.0,0.0,0,glrt_zupt
1785683905.3221092,25.117,0,464.76,579.21,386.33,514.82,101.48,,-1.045,-2.9792,0.0,0.0,0,glrt_zupt
1785683905.3391068,25.134,0,464.76,579.21,386.33,514.82,101.48,,-1.045,-2.9792,0.0,0.0,0,glrt_zupt
1785683905.3558326,25.1507,0,464.76,579.21,386.33,514.82,101.48,,-1.045,-2.9792,0.0,0.0,0,glrt_zupt
1785683905.3718889,25.1668,0,464.76,579.21,386.33,514.82,101.48,,-1.045,-2.9792,0.0,0.0,0,glrt_zupt
1785683905.388615,25.1835,0,464.76,579.21,386.33,514.82,101.48,,-0.4762,1.004,0.0,0.0,0,glrt_zupt
1785683905.4048028,25.1997,0,464.76,579.21,386.33,514.82,101.48,,-0.4762,1.004,0.0,0.0,0,glrt_zupt
1785683905.4212618,25.2161,0,464.76,579.21,386.33,514.82,101.48,,-0.3749,1.0533,0.0,0.0,0,glrt_zupt
1785683905.4380796,25.2329,0,464.76,579.21,386.33,514.82,101.48,,-0.3749,1.0533,0.0,0.0,0,glrt_zupt
1785683905.4547977,25.2497,0,464.76,579.21,386.33,514.82,101.48,,-0.3278,0.9246,0.0,0.0,0,glrt_zupt
1785683905.470449,25.2653,0,464.76,579.21,386.33,514.82,101.48,,-0.3278,0.9246,0.0,0.0,0,glrt_zupt
1785683905.4865646,25.2814,0,464.76,579.21,386.33,514.82,101.48,,-0.3278,0.9246,0.0,0.0,0,glrt_zupt
1785683905.503006,25.2979,0,464.76,579.21,386.33,514.82,101.48,,-0.2224,0.4754,0.0,0.0,0,glrt_zupt
1785683905.5202415,25.3151,0,464.76,579.21,386.33,514.82,101.48,,-0.2224,0.4754,0.0,0.0,0,glrt_zupt
1785683905.5367074,25.3316,0,464.76,579.21,386.33,514.82,101.48,,-0.2224,0.4754,0.0,0.0,0,glrt_zupt
1785683905.5527134,25.3476,0,464.76,579.21,386.33,514.82,101.48,,-0.2382,0.015,0.0,0.0,0,glrt_zupt
1785683905.568388,25.3633,0,464.76,579.21,386.33,514.82,101.48,,-0.2382,0.015,0.0,0.0,0,glrt_zupt
1785683905.5845094,25.3794,0,464.76,579.21,386.33,514.82,101.48,,0.0467,-0.5256,0.0,0.0,0,glrt_zupt
1785683905.6004374,25.3953,0,464.76,579.21,386.33,514.82,101.48,,0.0467,-0.5256,0.0,0.0,0,glrt_zupt
1785683905.616352,25.4112,0,464.76,579.21,386.33,514.82,101.48,,0.0467,-0.5256,0.0,0.0,0,glrt_zupt
1785683905.6336162,25.4285,0,464.76,579.21,386.33,514.82,101.48,,0.017,-1.8953,0.0,0.0,0,glrt_zupt
1785683905.64945,25.4443,0,464.76,579.21,386.33,514.82,101.48,,0.017,-1.8953,0.0,0.0,0,glrt_zupt
1785683905.665374,25.4602,0,464.76,579.21,386.33,514.82,101.48,,0.017,-1.8953,0.0,0.0,0,glrt_zupt
1785683905.6821835,25.4771,0,464.76,579.21,386.33,514.82,101.48,,-0.081,-2.0334,0.0,0.0,0,glrt_zupt
1785683905.6994495,25.4943,0,464.76,579.21,386.33,514.82,101.48,,-0.081,-2.0334,0.0,0.0,0,glrt_zupt
1785683905.7158406,25.5107,0,464.76,579.21,386.33,514.82,101.48,,0.2704,-2.4,0.0,0.0,0,glrt_zupt
1785683905.7320373,25.5269,0,464.76,579.21,386.33,514.82,101.48,,0.2704,-2.4,0.0,0.0,0,glrt_zupt
1785683905.7490714,25.5439,0,464.76,579.21,386.33,514.82,101.48,,0.2704,-2.4,0.0,0.0,0,glrt_zupt
1785683905.7660403,25.5609,0,464.76,579.21,386.33,514.82,101.48,,0.2704,-2.4,0.0,0.0,0,glrt_zupt
1785683905.783125,25.578,0,464.76,579.21,386.33,514.82,101.48,,0.2704,-2.4,0.0,0.0,0,glrt_zupt
1785683905.8003523,25.5952,0,464.76,579.21,386.33,514.82,101.48,,-0.066,-0.5432,0.0,0.0,0,glrt_zupt
1785683905.8168788,25.6117,0,464.76,579.21,386.33,514.82,101.48,,-0.066,-0.5432,0.0,0.0,0,glrt_zupt
1785683905.8332717,25.6281,0,464.76,579.21,386.33,514.82,101.48,,0.7823,1.5345,0.0,0.0,0,glrt_zupt
1785683905.8499637,25.6448,0,464.76,579.21,386.33,514.82,101.48,,0.7823,1.5345,0.0,0.0,0,glrt_zupt
1785683905.8664947,25.6614,0,464.76,579.21,386.33,514.82,101.48,,0.7823,1.5345,0.0,0.0,0,glrt_zupt
1785683905.882517,25.6774,0,464.76,579.21,386.33,514.82,101.48,,0.2902,2.3822,0.0,0.0,0,glrt_zupt
1785683905.8990433,25.6939,0,464.76,579.21,386.33,514.82,101.48,,0.2902,2.3822,0.0,0.0,0,glrt_zupt
1785683905.916053,25.7109,0,464.76,579.21,386.33,514.82,101.48,,0.4611,3.0155,0.0,0.0,0,glrt_zupt
1785683905.933228,25.7281,0,464.76,579.21,386.33,514.82,101.48,,0.4611,3.0155,0.0,0.0,0,glrt_zupt
1785683905.9501038,25.745,0,464.76,579.21,386.33,514.82,101.48,,0.4611,3.0155,0.0,0.0,0,glrt_zupt
1785683905.9673762,25.7622,0,464.76,579.21,386.33,514.82,101.48,,0.7621,4.1273,0.0,0.0,0,glrt_zupt
1785683905.9833875,25.7783,0,464.76,579.21,386.33,514.82,101.48,,0.7621,4.1273,0.0,0.0,0,glrt_zupt
1785683905.9992597,25.7941,0,464.76,579.21,386.33,514.82,101.48,,0.3543,4.0329,0.0,0.0,0,glrt_zupt
1785683906.0152555,25.8101,0,464.76,579.21,386.33,514.82,101.48,,0.3543,4.0329,0.0,0.0,0,glrt_zupt
1785683906.0323002,25.8272,0,464.76,579.21,386.33,514.82,101.48,,1.5963,5.4545,0.0,0.0,0,glrt_zupt
1785683906.0484803,25.8433,0,464.76,579.21,386.33,514.82,101.48,,1.5963,5.4545,0.0,0.0,0,glrt_zupt
1785683906.064402,25.8593,0,464.76,579.21,386.33,514.82,101.48,,1.5963,5.4545,0.0,0.0,0,glrt_zupt
1785683906.0805926,25.8755,0,464.76,579.21,386.33,514.82,101.48,,1.2403,5.2838,0.0,0.0,0,glrt_zupt
1785683906.0968997,25.8918,0,464.76,579.21,386.33,514.82,101.48,,1.2403,5.2838,0.0,0.0,0,glrt_zupt
1785683906.114295,25.9092,0,464.76,583.58,386.33,514.82,104.31,,0.3431,4.341,0.0,0.251,0,glrt_zupt
1785683906.1310024,25.9259,0,464.76,587.78,386.33,514.82,107.12,,0.3431,4.341,0.0,0.251,0,glrt_zupt
1785683906.1484027,25.9433,0,464.76,592,386.33,514.82,110.04,,0.3431,4.341,0.0,0.251,0,glrt_zupt
1785683906.1654406,25.9603,0,464.76,592,386.33,514.82,110.04,,1.0827,4.6814,0.0,0.275,0,glrt_zupt
1785683906.1813817,25.9762,0,464.76,592,386.33,514.82,110.04,,1.0827,4.6814,0.0,0.275,0,glrt_zupt
1785683906.1979208,25.9928,0,464.76,592,386.33,514.82,110.04,,0.8841,4.4344,0.0,0.291,0,glrt_zupt
1785683906.214539,26.0094,0,464.76,592,386.33,514.82,110.04,,0.8841,4.4344,0.0,0.291,0,glrt_zupt
1785683906.2302628,26.0251,0,464.76,592,386.33,514.82,110.04,,0.2373,3.503,0.0,0.291,0,glrt_zupt
1785683906.2459965,26.0409,0,464.76,592,386.33,514.82,110.04,,0.2373,3.503,0.0,0.291,0,glrt_zupt
1785683906.2631812,26.058,0,464.76,592,386.33,514.82,110.04,,0.2373,3.503,0.0,0.291,0,glrt_zupt
1785683906.2808838,26.0758,0,464.76,592,386.33,514.82,110.04,,-0.4139,2.0292,0.0,0.269,0,glrt_zupt
1785683906.297065,26.0919,0,464.76,592,386.33,514.82,110.04,,-0.4139,2.0292,0.0,0.269,0,glrt_zupt
1785683906.313832,26.1087,0,464.76,592,386.33,514.82,110.04,,-0.1997,1.5531,0.0,0.246,0,glrt_zupt
1785683906.3301084,26.125,0,464.76,592,386.33,514.82,110.04,,-0.1997,1.5531,0.0,0.246,0,glrt_zupt
1785683906.3472705,26.1421,0,464.76,592,386.33,514.82,110.04,,-0.1997,1.5531,0.0,0.246,0,glrt_zupt
1785683906.3630445,26.1579,0,464.76,592,386.33,514.82,110.04,,0.1537,1.1784,0.0,0.223,0,glrt_zupt
1785683906.3805082,26.1754,0,464.76,592,386.33,514.82,110.04,,0.1537,1.1784,0.0,0.223,0,glrt_zupt
1785683906.3964317,26.1913,0,464.76,592,386.33,514.82,110.04,,0.0782,0.9199,0.0,0.2,0,glrt_zupt
1785683906.4127183,26.2076,0,464.76,592,386.33,514.82,110.04,,0.0782,0.9199,0.0,0.2,0,glrt_zupt
1785683906.4291642,26.224,0,464.76,592,386.33,514.82,110.04,,0.0782,0.9199,0.0,0.2,0,glrt_zupt
1785683906.4458952,26.2408,0,464.76,592,386.33,514.82,110.04,,0.2262,0.8504,0.0,0.178,0,glrt_zupt
1785683906.462307,26.2572,0,464.76,592,386.33,514.82,110.04,,0.2262,0.8504,0.0,0.178,0,glrt_zupt
1785683906.4792962,26.2742,0,464.76,592,386.33,514.82,110.04,,0.619,1.0814,0.0,0.163,0,glrt_zupt
1785683906.4964828,26.2914,0,464.76,592,386.33,514.82,110.04,,0.619,1.0814,0.0,0.163,0,glrt_zupt
1785683906.5125275,26.3074,0,464.76,592,386.33,514.82,110.04,,0.627,1.1299,0.0,0.152,0,glrt_zupt
1785683906.5290632,26.3239,0,464.76,592,386.33,514.82,110.04,,0.627,1.1299,0.0,0.152,0,glrt_zupt
1785683906.5465956,26.3415,0,464.76,592,386.33,514.82,110.04,,0.4811,1.1445,0.0,0.142,0,glrt_zupt
1785683906.5624669,26.3573,0,464.76,592,386.33,514.82,110.04,,0.4811,1.1445,0.0,0.142,0,glrt_zupt
1785683906.5790763,26.3739,0,464.76,592,386.33,514.82,110.04,,0.4811,1.1445,0.0,0.142,0,glrt_zupt
1785683906.5959861,26.3909,0,464.76,592,386.33,514.82,110.04,,0.4166,1.066,0.0,0.133,0,glrt_zupt
1785683906.6138637,26.4087,0,464.76,592,386.33,514.82,110.04,,0.4166,1.066,0.0,0.133,0,glrt_zupt
1785683906.630912,26.4258,0,464.76,592,386.33,514.82,110.04,,0.4097,1.0717,0.0,0.125,0,glrt_zupt
1785683906.648039,26.4429,0,464.76,592,386.33,514.82,110.04,,0.4097,1.0717,0.0,0.125,0,glrt_zupt
1785683906.6652093,26.4601,0,464.76,592,386.33,514.82,110.04,,0.4097,1.0717,0.0,0.125,0,glrt_zupt
1785683906.6810954,26.476,0,464.76,592,386.33,514.82,110.04,,0.3037,1.2147,0.0,0.122,0,glrt_zupt
1785683906.6982512,26.4931,0,464.76,592,386.33,514.82,110.04,,0.3037,1.2147,0.0,0.122,0,glrt_zupt
1785683906.7152092,26.5101,0,464.76,592,386.33,514.82,110.04,,0.1437,1.4684,0.0,0.122,0,glrt_zupt
1785683906.7326808,26.5275,0,464.76,592,386.33,514.82,110.04,,0.1437,1.4684,0.0,0.122,0,glrt_zupt
1785683906.748379,26.5432,0,464.76,592,386.33,514.82,110.04,,0.0929,3.2576,0.0,0.146,0,glrt_zupt
1785683906.7641144,26.559,0,464.76,592,386.33,514.82,110.04,,0.0929,3.2576,0.0,0.146,0,glrt_zupt
1785683906.7815402,26.5764,0,464.76,592,386.33,514.82,110.04,,0.7565,4.5871,0.0,0.186,0,glrt_zupt
1785683906.7979739,26.5928,0,464.76,592,386.33,514.82,110.04,,0.7565,4.5871,0.0,0.186,0,glrt_zupt
1785683906.815527,26.6104,0,464.76,592,386.33,514.82,110.04,,0.7565,4.5871,0.0,0.186,0,glrt_zupt
1785683906.8316367,26.6265,0,464.76,592,386.33,514.82,110.04,,0.2783,4.8337,0.0,0.222,0,glrt_zupt
1785683906.848077,26.6429,0,464.76,592,386.33,514.82,110.04,,0.2783,4.8337,0.0,0.222,0,glrt_zupt
1785683906.8647256,26.6596,0,464.76,592,386.33,514.82,110.04,,-0.1426,5.1467,0.0,0.256,0,glrt_zupt
1785683906.8804476,26.6753,0,464.76,592,386.33,514.82,110.04,,-0.1426,5.1467,0.0,0.256,0,glrt_zupt
1785683906.8969686,26.6918,0,464.76,592,386.33,514.82,110.04,,-0.1426,5.1467,0.0,0.256,0,glrt_zupt
1785683906.9144635,26.7093,0,464.76,592,386.33,514.82,110.04,,0.9842,4.2701,0.0,0.273,0,glrt_zupt
1785683906.9310732,26.7259,0,464.76,592,386.33,514.82,110.04,,0.9842,4.2701,0.0,0.273,0,glrt_zupt
1785683906.9480903,26.743,0,464.76,592,386.33,514.82,110.04,,0.6926,3.4206,0.0,0.275,0,glrt_zupt
1785683906.9654953,26.7604,0,464.76,592,386.33,514.82,110.04,,0.6926,3.4206,0.0,0.275,0,glrt_zupt
1785683906.9814382,26.7763,0,464.76,592,386.33,514.82,110.04,,0.9965,1.7611,0.0,0.255,0,glrt_zupt
1785683906.9973907,26.7923,0,464.76,592,386.33,514.82,110.04,,0.9965,1.7611,0.0,0.255,0,glrt_zupt
1785683907.0142875,26.8092,0,464.76,592,386.33,514.82,110.04,,1.9567,0.0803,0.0,0.213,0,glrt_zupt
1785683907.0304036,26.8253,0,464.76,592,386.33,514.82,110.04,,1.9567,0.0803,0.0,0.213,0,glrt_zupt
1785683907.0469942,26.8419,0,464.76,592,386.33,514.82,110.04,,1.9567,0.0803,0.0,0.213,0,glrt_zupt
1785683907.0640647,26.8589,0,464.76,592,386.33,514.82,110.04,,2.6526,-2.3587,0.0,0.143,0,glrt_zupt
1785683907.081319,26.8762,0,464.76,592,386.33,514.82,110.04,,2.6526,-2.3587,0.0,0.143,0,glrt_zupt
1785683907.0969622,26.8918,0,464.76,592,386.33,514.82,110.04,,-0.0849,-6.7625,0.0,0.031,0,glrt_zupt
1785683907.1141894,26.9091,0,464.76,592,386.33,514.82,110.04,,-0.0849,-6.7625,0.0,0.031,0,glrt_zupt
1785683907.1312072,26.9261,0,464.76,592,386.33,514.82,110.04,,-0.0849,-6.7625,0.0,0.031,0,glrt_zupt
1785683907.148275,26.9431,0,464.76,590.36,386.33,514.82,108.9,,-2.4173,-8.637,0.0,-0.096,0,glrt_zupt
1785683907.164496,26.9594,0,464.76,588.8,386.33,514.82,107.82,,-2.4173,-8.637,0.0,-0.096,0,glrt_zupt
1785683907.1802084,26.9751,0,464.76,586.36,386.33,514.82,106.16,,-0.8069,-5.5879,0.0,-0.155,0,glrt_zupt
1785683907.1980217,26.9929,0,464.76,583.6,386.33,514.82,104.32,,-0.8069,-5.5879,0.0,-0.155,0,glrt_zupt
1785683907.215192,27.0101,0,464.76,580.94,386.33,514.82,102.58,,-0.8069,-5.5879,0.0,-0.155,0,glrt_zupt
1785683907.231752,27.0266,0,464.76,577.93,386.33,514.82,100.67,,-0.5041,-3.7723,0.0,-0.182,0,glrt_zupt
1785683907.2480206,27.0429,0,464.76,574.98,386.33,514.82,98.85,,-0.5041,-3.7723,0.0,-0.182,0,glrt_zupt
1785683907.26478,27.0596,0,464.76,571.76,386.33,514.82,96.92,,-0.6975,-2.937,0.0,-0.192,0,glrt_zupt
1785683907.2812252,27.0761,0,464.76,568.6,386.33,514.82,95.1,,-0.6975,-2.937,0.0,-0.192,0,glrt_zupt
1785683907.2983425,27.0932,0,464.76,565.72,386.33,514.82,93.5,,0.1748,-0.6389,0.0,-0.168,0,glrt_zupt
1785683907.3141701,27.109,0,464.76,563.05,386.33,514.82,92.08,,0.1748,-0.6389,0.0,-0.168,0,glrt_zupt
1785683907.3312142,27.1261,0,464.76,560.19,386.33,514.82,90.61,,0.1748,-0.6389,0.0,-0.168,0,glrt_zupt
1785683907.3480914,27.143,0,464.76,557.9,386.33,514.82,89.48,,0.5674,0.2963,0.0,-0.136,0,glrt_zupt
1785683907.3658788,27.1607,0,464.76,555.48,386.33,514.82,88.35,,0.5674,0.2963,0.0,-0.136,0,glrt_zupt
1785683907.3814468,27.1763,0,464.76,553.97,386.33,514.82,87.66,,0.4772,1.3137,0.0,-0.097,0,glrt_zupt
1785683907.3978384,27.1927,0,464.76,552.37,386.33,514.82,86.96,,0.4772,1.3137,0.0,-0.097,0,glrt_zupt
1785683907.4134932,27.2084,0,464.76,551.36,386.33,514.82,86.53,,0.5811,1.2998,0.0,-0.065,0,glrt_zupt
1785683907.4294322,27.2243,0,464.76,550.32,386.33,514.82,86.09,,0.5811,1.2998,0.0,-0.065,0,glrt_zupt
1785683907.4451442,27.24,0,464.76,549.76,386.33,514.82,85.86,,0.5126,1.4276,0.0,-0.036,0,glrt_zupt
1785683907.4625862,27.2575,0,464.76,549.13,386.33,514.82,85.61,,0.5126,1.4276,0.0,-0.036,0,glrt_zupt
1785683907.4781594,27.273,0,464.76,549.13,386.33,514.82,85.61,,0.4907,1.478,0.0,0.0,0,glrt_zupt
1785683907.4957366,27.2906,0,464.76,549.13,386.33,514.82,85.61,,0.4907,1.478,0.0,0.0,0,glrt_zupt
1785683907.5121124,27.307,0,464.76,549.13,386.33,514.82,85.61,,0.4907,1.478,0.0,0.0,0,glrt_zupt
1785683907.5295208,27.3244,0,464.76,549.13,386.33,514.82,85.61,,0.4408,1.2032,0.0,0.0,0,glrt_zupt
1785683907.5452938,27.3402,0,464.76,549.13,386.33,514.82,85.61,,0.4408,1.2032,0.0,0.0,0,glrt_zupt
1785683907.5621922,27.3571,0,464.76,549.13,386.33,514.82,85.61,,-0.562,0.2998,0.0,0.0,0,glrt_zupt
1785683907.5792158,27.3741,0,464.76,549.13,386.33,514.82,85.61,,-0.562,0.2998,0.0,0.0,0,glrt_zupt
1785683907.5963418,27.3912,0,464.76,549.13,386.33,514.82,85.61,,-0.6718,0.1805,0.0,0.0,0,glrt_zupt
1785683907.6126957,27.4076,0,464.76,549.13,386.33,514.82,85.61,,-0.6718,0.1805,0.0,0.0,0,glrt_zupt
1785683907.6284332,27.4233,0,464.76,549.13,386.33,514.82,85.61,,-0.6718,0.1805,0.0,0.0,0,glrt_zupt
1785683907.64447,27.4393,0,464.76,549.13,386.33,514.82,85.61,,-0.7687,0.3499,0.0,0.0,0,glrt_zupt
1785683907.6603715,27.4552,0,464.76,549.13,386.33,514.82,85.61,,-0.7687,0.3499,0.0,0.0,0,glrt_zupt
1785683907.6769307,27.4718,0,464.76,549.13,386.33,514.82,85.61,,-0.9147,0.2117,0.0,0.0,0,glrt_zupt
1785683907.6941693,27.489,0,464.76,549.13,386.33,514.82,85.61,,-0.9147,0.2117,0.0,0.0,0,glrt_zupt
1785683907.7112389,27.5061,0,464.76,549.13,386.33,514.82,85.61,,-1.0675,0.0379,0.0,0.0,0,glrt_zupt
1785683907.7282119,27.5231,0,464.76,549.13,386.33,514.82,85.61,,-1.0675,0.0379,0.0,0.0,0,glrt_zupt
1785683907.7449925,27.5399,0,464.76,549.13,386.33,514.82,85.61,,-0.8851,-0.1996,0.0,0.0,0,glrt_zupt
1785683907.7619553,27.5568,0,464.76,549.13,386.33,514.82,85.61,,-0.8851,-0.1996,0.0,0.0,0,glrt_zupt
1785683907.7785065,27.5734,0,464.76,549.13,386.33,514.82,85.61,,-0.582,-0.0173,0.0,0.0,0,glrt_zupt
1785683907.794341,27.5892,0,464.76,549.13,386.33,514.82,85.61,,-0.582,-0.0173,0.0,0.0,0,glrt_zupt
1785683907.8111317,27.606,0,464.76,549.13,386.33,514.82,85.61,,-0.1294,0.1761,0.0,0.0,0,glrt_zupt
1785683907.8279693,27.6228,0,464.76,549.13,386.33,514.82,85.61,,-0.1294,0.1761,0.0,0.0,0,glrt_zupt
1785683907.8445082,27.6394,0,464.76,549.13,386.33,514.82,85.61,,-0.1294,0.1761,0.0,0.0,0,glrt_zupt
1785683907.860549,27.6554,0,464.76,549.13,386.33,514.82,85.61,,-0.5975,-0.5162,0.0,0.0,0,glrt_zupt
1785683907.876589,27.6715,0,464.76,549.13,386.33,514.82,85.61,,-0.5975,-0.5162,0.0,0.0,0,glrt_zupt
1785683907.8926268,27.6875,0,464.76,549.13,386.33,514.82,85.61,,-0.2341,-0.5315,0.0,0.0,0,glrt_zupt
1785683907.9086668,27.7035,0,464.76,549.13,386.33,514.82,85.61,,-0.2341,-0.5315,0.0,0.0,0,glrt_zupt
1785683907.9243553,27.7192,0,464.76,549.13,386.33,514.82,85.61,,0.2889,0.5292,0.0,0.0,0,glrt_zupt
1785683907.9400053,27.7349,0,464.76,549.13,386.33,514.82,85.61,,0.2889,0.5292,0.0,0.0,0,glrt_zupt
1785683907.9580238,27.7529,0,464.76,549.13,386.33,514.82,85.61,,0.2889,0.5292,0.0,0.0,0,glrt_zupt
1785683907.9749985,27.7699,0,464.76,549.13,386.33,514.82,85.61,,0.772,1.0297,0.0,0.0,0,glrt_zupt
1785683907.9922583,27.7871,0,464.76,549.13,386.33,514.82,85.61,,0.772,1.0297,0.0,0.0,0,glrt_zupt
1785683908.009495,27.8044,0,464.76,549.13,386.33,514.82,85.61,,0.7039,0.7851,0.0,0.0,0,glrt_zupt
1785683908.025516,27.8204,0,464.76,549.13,386.33,514.82,85.61,,0.7039,0.7851,0.0,0.0,0,glrt_zupt
1785683908.04111,27.836,0,464.76,549.13,386.33,514.82,85.61,,0.7039,0.7851,0.0,0.0,0,glrt_zupt
1785683908.0576718,27.8525,0,464.76,549.13,386.33,514.82,85.61,,1.1451,1.3344,0.0,0.0,0,glrt_zupt
1785683908.073949,27.8688,0,464.76,549.13,386.33,514.82,85.61,,1.1451,1.3344,0.0,0.0,0,glrt_zupt
1785683908.0914419,27.8863,0,464.76,549.13,386.33,514.82,85.61,,2.3947,1.316,0.0,0.0,0,glrt_zupt
1785683908.1080298,27.9029,0,464.76,549.13,386.33,514.82,85.61,,2.3947,1.316,0.0,0.0,0,glrt_zupt
1785683908.125362,27.9202,0,464.76,549.13,386.33,514.82,85.61,,2.3947,1.316,0.0,0.0,0,glrt_zupt
1785683908.1421049,27.937,0,464.76,549.13,386.33,514.82,85.61,,2.3828,-0.2586,0.0,0.0,0,glrt_zupt
1785683908.1593034,27.9542,0,464.76,549.13,386.33,514.82,85.61,,2.3828,-0.2586,0.0,0.0,0,glrt_zupt
1785683908.1763039,27.9712,0,464.76,549.13,386.33,514.82,85.61,,3.3239,0.1849,0.0,0.0,0,glrt_zupt
1785683908.1923223,27.9872,0,464.76,549.13,386.33,514.82,85.61,,3.3239,0.1849,0.0,0.0,0,glrt_zupt
1785683908.2090023,28.0039,0,464.76,549.13,386.33,514.82,85.61,,3.3239,0.1849,0.0,0.0,0,glrt_zupt
1785683908.2254949,28.0204,0,464.76,549.13,386.33,514.82,85.61,,3.1098,-0.3906,0.0,0.0,0,glrt_zupt
1785683908.241266,28.0361,0,464.76,549.13,386.33,514.82,85.61,,3.1098,-0.3906,0.0,0.0,0,glrt_zupt
1785683908.2580955,28.053,0,464.76,549.13,386.33,514.82,85.61,,2.4633,-0.4908,0.0,0.0,0,glrt_zupt
1785683908.2759244,28.0708,0,464.76,549.13,386.33,514.82,85.61,,2.4633,-0.4908,0.0,0.0,0,glrt_zupt
1785683908.2922187,28.0871,0,467.16,549.13,386.33,514.82,87.82,,1.9023,-1.6321,0.147,0.0,0,glrt_zupt
1785683908.3088727,28.1037,0,469.62,549.13,386.33,514.82,90.08,,1.9023,-1.6321,0.147,0.0,0,glrt_zupt
1785683908.3262749,28.1211,0,472.18,549.13,386.33,514.82,92.46,,1.9023,-1.6321,0.147,0.0,0,glrt_zupt
1785683908.3430054,28.1379,0,474.47,549.13,386.33,514.82,94.58,,0.9769,-1.8232,0.136,0.0,0,glrt_zupt
1785683908.360741,28.1556,0,476.89,549.13,386.33,514.82,96.84,,0.9769,-1.8232,0.136,0.0,0,glrt_zupt
1785683908.3762631,28.1711,0,478.76,549.13,386.33,514.82,98.6,,0.4391,-1.7686,0.121,0.0,0,glrt_zupt
1785683908.3931475,28.188,0,480.81,549.13,386.33,514.82,100.52,,0.4391,-1.7686,0.121,0.0,0,glrt_zupt
1785683908.4099584,28.2048,0,482.27,549.13,386.33,514.82,101.89,,-0.9826,-2.1072,0.087,0.0,0,glrt_zupt
1785683908.4270027,28.2219,0,483.75,549.13,386.33,514.82,103.29,,-0.9826,-2.1072,0.087,0.0,0,glrt_zupt
1785683908.4436245,28.2385,0,485.19,549.13,386.33,514.82,104.65,,-0.9826,-2.1072,0.087,0.0,0,glrt_zupt
1785683908.4593503,28.2542,0,485.71,549.13,386.33,514.82,105.14,,-3.0708,-2.2725,0.033,0.0,0,glrt_zupt
1785683908.4750388,28.2699,0,486.22,549.13,386.33,514.82,105.62,,-3.0708,-2.2725,0.033,0.0,0,glrt_zupt
1785683908.4924793,28.2873,0,485.8,549.13,386.33,514.82,105.23,,-3.5137,-1.7303,-0.024,0.0,0,glrt_zupt
1785683908.5083032,28.3032,0,485.43,549.13,386.33,514.82,104.87,,-3.5137,-1.7303,-0.024,0.0,0,glrt_zupt
1785683908.525216,28.3201,0,485.03,549.13,386.33,514.82,104.49,,-3.5137,-1.7303,-0.024,0.0,0,glrt_zupt
1785683908.542469,28.3373,0,483.72,549.13,386.33,514.82,103.26,,-3.9277,-1.6239,-0.076,0.0,0,glrt_zupt
1785683908.5583153,28.3532,0,482.52,549.13,386.33,514.82,102.13,,-3.9277,-1.6239,-0.076,0.0,0,glrt_zupt
1785683908.5752785,28.3701,0,480.44,547.3,386.33,514.82,99.56,,-4.2487,-1.3989,-0.123,-0.108,0,glrt_zupt
1785683908.592362,28.3872,0,478.34,545.45,386.33,514.82,96.98,,-4.2487,-1.3989,-0.123,-0.108,0,glrt_zupt
1785683908.609171,28.404,0,475.63,543.68,386.33,514.82,93.85,,-4.2574,-1.0982,-0.162,-0.105,0,glrt_zupt
1785683908.6264777,28.4213,0,472.83,541.85,386.33,514.82,90.63,,-4.2574,-1.0982,-0.162,-0.105,0,glrt_zupt
1785683908.6421072,28.437,0,470.3,540.2,386.33,514.82,87.73,,-4.2574,-1.0982,-0.162,-0.105,0,glrt_zupt
1785683908.6592155,28.4541,0,467.03,538.53,386.33,514.82,84.12,,-4.0382,-0.721,-0.191,-0.098,0,glrt_zupt
1785683908.6765678,28.4714,0,463.71,536.84,386.33,514.82,80.46,,-4.0382,-0.721,-0.191,-0.098,0,glrt_zupt
1785683908.6923301,28.4872,0,460.25,535.35,386.33,514.82,76.72,,-4.4143,-0.91,-0.22,-0.094,0,glrt_zupt
1785683908.709078,28.5039,0,456.57,533.77,386.33,514.82,72.76,,-4.4143,-0.91,-0.22,-0.094,0,glrt_zupt
1785683908.7257216,28.5206,0,452.45,532.21,386.33,514.82,68.37,,-4.6447,-1.1092,-0.248,-0.094,0,glrt_zupt
1785683908.7422037,28.5371,0,448.37,530.66,386.33,514.82,64.03,,-4.6447,-1.1092,-0.248,-0.094,0,glrt_zupt
1785683908.7593293,28.5542,0,444.13,529.05,386.33,514.82,59.53,,-4.6447,-1.1092,-0.248,-0.094,0,glrt_zupt
1785683908.77638,28.5712,0,439.75,527.65,386.33,514.82,54.94,,-3.6572,-0.2727,-0.257,-0.082,0,glrt_zupt
1785683908.7924252,28.5873,0,435.62,526.34,386.33,514.82,50.62,,-3.6572,-0.2727,-0.257,-0.082,0,glrt_zupt
1785683908.8089876,28.6039,0,431.43,525.29,386.33,514.82,46.31,,-2.7742,0.3537,-0.253,-0.063,0,glrt_zupt
1785683908.8258708,28.6207,0,427.16,524.22,386.33,514.82,41.91,,-2.7742,0.3537,-0.253,-0.063,0,glrt_zupt
1785683908.84146,28.6363,0,423.4,523.51,386.33,514.82,38.08,,-2.1367,0.5881,-0.242,-0.046,0,glrt_zupt
1785683908.857333,28.6522,0,419.57,522.78,386.33,514.82,34.18,,-2.1367,0.5881,-0.242,-0.046,0,glrt_zupt
1785683908.8743157,28.6692,0,415.46,522.0,386.33,514.82,30.01,,-2.1367,0.5881,-0.242,-0.046,0,glrt_zupt
1785683908.8910544,28.6859,0,411.81,521.52,386.33,514.82,26.35,,-1.237,0.6406,-0.218,-0.029,0,glrt_zupt
1785683908.9082305,28.7031,0,408.06,521.01,386.33,514.82,22.6,,-1.237,0.6406,-0.218,-0.029,0,glrt_zupt
1785683908.9249098,28.7198,0,404.87,521.01,386.33,514.82,19.55,,-0.6515,0.4965,-0.191,0.0,0,glrt_zupt
1785683908.941378,28.7362,0,401.73,521.01,386.33,514.82,16.6,,-0.6515,0.4965,-0.191,0.0,0,glrt_zupt
1785683908.9573445,28.7522,0,398.68,521.01,386.33,514.82,13.82,,-0.6515,0.4965,-0.191,0.0,0,glrt_zupt
1785683908.973922,28.7688,0,396.0,521.01,386.33,514.82,11.49,,-0.1397,0.399,-0.161,0.0,0,glrt_zupt
1785683908.991262,28.7861,0,393.21,521.01,386.33,514.82,9.26,,-0.1397,0.399,-0.161,0.0,0,glrt_zupt
1785683909.0082965,28.8032,0,390.98,521.01,386.33,514.82,7.75,,0.2187,0.4186,-0.131,0.0,0,glrt_zupt
1785683909.0241106,28.819,0,388.91,521.01,386.33,514.82,6.72,,0.2187,0.4186,-0.131,0.0,0,glrt_zupt
1785683909.0414538,28.8363,0,386.65,521.01,386.33,514.82,6.21,,0.2187,0.4186,-0.131,0.0,0,glrt_zupt
1785683909.0571954,28.8521,0,385.07,521.01,386.33,514.82,6.32,,0.7424,0.7119,-0.1,0.0,0,glrt_zupt
1785683909.0742276,28.8691,0,383.36,521.01,386.33,514.82,6.87,,0.7424,0.7119,-0.1,0.0,0,glrt_zupt
1785683909.0915098,28.8864,0,382.12,521.01,386.33,514.82,7.49,,0.7574,0.7566,-0.072,0.0,0,glrt_zupt
1785683909.1072726,28.9021,0,380.98,521.01,386.33,514.82,8.19,,0.7574,0.7566,-0.072,0.0,0,glrt_zupt
1785683909.1244688,28.9193,0,380.11,521.01,386.33,514.82,8.78,,0.6347,0.6302,-0.051,0.0,0,glrt_zupt
1785683909.1412559,28.9361,0,379.26,521.01,386.33,514.82,9.4,,0.6347,0.6302,-0.051,0.0,0,glrt_zupt
1785683909.1573358,28.9522,0,378.68,521.01,386.33,514.82,9.84,,0.5039,0.6053,-0.036,0.0,0,glrt_zupt
1785683909.1730888,28.968,0,378.12,521.01,386.33,514.82,10.29,,0.5039,0.6053,-0.036,0.0,0,glrt_zupt
1785683909.1903086,28.9852,0,377.5,521.01,386.33,514.82,10.78,,0.5039,0.6053,-0.036,0.0,0,glrt_zupt
1785683909.207403,29.0023,0,377.04,521.01,386.33,514.82,11.17,,0.175,0.3308,-0.027,0.0,0,glrt_zupt
1785683909.2237215,29.0186,0,376.6,521.01,386.33,514.82,11.54,,0.175,0.3308,-0.027,0.0,0,glrt_zupt
1785683909.2392657,29.0341,0,376.18,521.01,386.33,514.82,11.89,,-0.2918,0.0002,-0.027,0.0,0,glrt_zupt
1785683909.256081,29.0509,0,375.73,521.01,386.33,514.82,12.28,,-0.2918,0.0002,-0.027,0.0,0,glrt_zupt
1785683909.2733872,29.0683,0,375.27,521.01,386.33,514.82,12.68,,-0.2918,0.0002,-0.027,0.0,0,glrt_zupt
1785683909.29011,29.085,0,374.77,521.01,386.33,514.82,13.11,,-0.529,-0.1964,-0.03,0.0,0,glrt_zupt
1785683909.3070295,29.1019,0,374.27,521.01,386.33,514.82,13.56,,-0.529,-0.1964,-0.03,0.0,0,glrt_zupt
1785683909.324277,29.1191,0,373.77,521.01,386.33,514.82,14.0,,-0.2962,0.1572,-0.029,0.0,0,glrt_zupt
1785683909.3414993,29.1364,0,373.28,521.01,386.33,514.82,14.45,,-0.2962,0.1572,-0.029,0.0,0,glrt_zupt
1785683909.3574734,29.1523,0,372.83,521.01,386.33,514.82,14.85,,-0.2833,0.2756,-0.028,0.0,0,glrt_zupt
1785683909.3737516,29.1686,0,372.38,521.01,386.33,514.82,15.27,,-0.2833,0.2756,-0.028,0.0,0,glrt_zupt
1785683909.3893588,29.1842,0,371.94,521.01,386.33,514.82,15.67,,-0.2833,0.2756,-0.028,0.0,0,glrt_zupt
1785683909.406368,29.2012,0,371.44,521.01,386.33,514.82,16.12,,-0.4219,0.4246,-0.029,0.0,0,glrt_zupt
1785683909.422935,29.2178,0,370.96,521.01,386.33,514.82,16.57,,-0.4219,0.4246,-0.029,0.0,0,glrt_zupt
1785683909.4401927,29.2351,0,370.41,521.01,386.33,514.82,17.08,,-0.5279,0.2403,-0.032,0.0,0,glrt_zupt
1785683909.456953,29.2518,1,369.88,521.01,386.33,514.82,17.57,0,-0.5279,0.2403,-0.032,0.0,0,glrt_zupt
1785683909.473631,29.2685,1,369.34,521.01,715.13,137.84,516.13,,-0.436,0.2652,-0.032,0.0,0,glrt_zupt
1785683909.4893675,29.2842,1,368.83,521.01,715.13,137.84,516.47,,-0.436,0.2652,-0.032,0.0,0,glrt_zupt
1785683909.5060842,29.301,1,368.29,521.01,715.13,137.84,516.84,,-0.436,0.2652,-0.032,0.0,0,glrt_zupt
1785683909.5228221,29.3177,1,367.73,521.01,715.13,137.84,517.21,,-0.4669,0.0579,-0.034,0.0,0,glrt_zupt
1785683909.5391421,29.334,1,367.18,521.01,715.13,137.84,517.58,,-0.4669,0.0579,-0.034,0.0,0,glrt_zupt
1785683909.5565853,29.3515,1,366.63,521.01,715.13,137.84,517.95,,-0.2534,0.1246,-0.031,0.0,0,glrt_zupt
1785683909.5722513,29.3671,1,366.14,521.01,715.13,137.84,518.28,,-0.2534,0.1246,-0.031,0.0,0,glrt_zupt
1785683909.588715,29.3836,1,365.7,521.01,715.13,137.84,518.58,,-0.0405,0.4162,-0.027,0.0,0,glrt_zupt
1785683909.6049726,29.3998,1,365.27,521.01,715.13,137.84,518.87,,-0.0405,0.4162,-0.027,0.0,0,glrt_zupt
1785683909.6223865,29.4173,1,364.8,521.01,715.13,137.84,519.18,,-0.0405,0.4162,-0.027,0.0,0,glrt_zupt
1785683909.638325,29.4332,1,364.37,521.01,715.13,137.84,519.47,,-0.3308,0.1015,-0.027,0.0,0,glrt_zupt
1785683909.6548696,29.4497,1,363.93,521.01,715.13,137.84,519.77,,-0.3308,0.1015,-0.027,0.0,0,glrt_zupt
1785683909.672079,29.4669,1,363.46,521.01,715.13,137.84,520.09,,-0.349,0.024,-0.027,0.0,0,glrt_zupt
1785683909.6891904,29.4841,1,362.99,521.01,715.13,137.84,520.41,,-0.349,0.024,-0.027,0.0,0,glrt_zupt
1785683909.706311,29.5012,1,362.55,521.01,715.13,137.84,520.71,,-0.2379,0.1111,-0.026,0.0,0,glrt_zupt
1785683909.722101,29.517,1,362.14,521.01,715.13,137.84,520.98,,-0.2379,0.1111,-0.026,0.0,0,glrt_zupt
1785683909.7393174,29.5342,1,361.69,521.01,715.13,137.84,521.29,,-0.2379,0.1111,-0.026,0.0,0,glrt_zupt
1785683909.7562306,29.5511,1,361.29,521.01,715.13,137.84,521.56,,-0.1446,0.2358,-0.024,0.0,0,glrt_zupt
1785683909.7721796,29.567,1,360.92,521.01,715.13,137.84,521.81,,-0.1446,0.2358,-0.024,0.0,0,glrt_zupt
1785683909.789202,29.5841,1,360.51,521.01,715.13,137.84,522.09,,-0.3231,0.1466,-0.024,0.0,0,glrt_zupt
1785683909.805904,29.6008,1,360.1,521.01,715.13,137.84,522.37,,-0.3231,0.1466,-0.024,0.0,0,glrt_zupt
1785683909.821596,29.6165,1,359.73,521.01,715.13,137.84,522.62,,-0.3231,0.1466,-0.024,0.0,0,glrt_zupt
1785683909.838001,29.6329,1,359.29,521.01,715.13,137.84,522.92,,-0.4766,0.0044,-0.027,0.0,0,glrt_zupt
1785683909.8546631,29.6495,1,358.84,521.01,715.13,137.84,523.22,,-0.4766,0.0044,-0.027,0.0,0,glrt_zupt
1785683909.870475,29.6653,1,358.43,521.01,715.13,137.84,523.5,,-0.2454,0.2116,-0.026,0.0,0,glrt_zupt
1785683909.8865237,29.6814,1,358.02,521.01,715.13,137.84,523.78,,-0.2454,0.2116,-0.026,0.0,0,glrt_zupt
1785683909.90257,29.6974,1,357.65,521.01,715.13,137.84,524.04,,-0.0978,0.384,-0.023,0.0,0,glrt_zupt
1785683909.918284,29.7132,1,357.29,521.01,715.13,137.84,524.28,,-0.0978,0.384,-0.023,0.0,0,glrt_zupt
1785683909.9350336,29.7299,1,356.91,521.01,715.13,137.84,524.54,,-0.0978,0.384,-0.023,0.0,0,glrt_zupt
1785683909.952603,29.7475,1,356.91,521.01,715.13,137.84,524.54,,0.0592,0.5391,0.0,0.0,0,glrt_zupt
1785683909.9692075,29.7641,1,356.91,521.01,715.13,137.84,524.54,,0.0592,0.5391,0.0,0.0,0,glrt_zupt
1785683909.9861722,29.781,1,356.91,521.01,715.13,137.84,524.54,,0.105,0.6199,0.0,0.0,0,glrt_zupt
1785683910.0033305,29.7982,1,356.91,521.01,715.13,137.84,524.54,,0.105,0.6199,0.0,0.0,0,glrt_zupt
1785683910.020252,29.8151,1,356.91,521.01,715.13,137.84,524.54,,0.105,0.6199,0.0,0.0,0,glrt_zupt
1785683910.0368984,29.8318,1,356.91,521.01,715.13,137.84,524.54,,-0.078,0.3782,0.0,0.0,0,glrt_zupt
1785683910.052477,29.8473,1,356.91,521.01,715.13,137.84,524.54,,-0.078,0.3782,0.0,0.0,0,glrt_zupt
1785683910.068039,29.8629,1,356.91,521.01,715.13,137.84,524.54,,-0.0851,0.3591,0.0,0.0,0,glrt_zupt
1785683910.0851285,29.88,1,356.91,521.01,715.13,137.84,524.54,,-0.0851,0.3591,0.0,0.0,0,glrt_zupt
1785683910.1021705,29.897,1,356.91,521.01,715.13,137.84,524.54,,-0.1067,0.2969,0.0,0.0,0,glrt_zupt
1785683910.118912,29.9138,1,356.91,521.01,715.13,137.84,524.54,,-0.1067,0.2969,0.0,0.0,0,glrt_zupt
1785683910.1361487,29.931,1,356.91,521.01,715.13,137.84,524.54,,-0.1892,0.1671,0.0,0.0,0,glrt_zupt
1785683910.1537497,29.9486,1,356.91,521.01,715.13,137.84,524.54,,-0.1892,0.1671,0.0,0.0,0,glrt_zupt
1785683910.1703167,29.9652,1,356.91,521.01,715.13,137.84,524.54,,-0.1892,0.1671,0.0,0.0,0,glrt_zupt
1785683910.1881967,29.9831,1,356.91,521.01,715.13,137.84,524.54,,-0.343,0.1156,0.0,0.0,0,glrt_zupt
1785683910.2058282,30.0007,1,356.91,521.01,715.13,137.84,524.54,,-0.343,0.1156,0.0,0.0,0,glrt_zupt
1785683910.2219431,30.0168,1,356.91,521.01,715.13,137.84,524.54,,-0.443,0.1399,0.0,0.0,0,glrt_zupt
1785683910.2395246,30.0344,1,356.91,521.01,715.13,137.84,524.54,,-0.443,0.1399,0.0,0.0,0,glrt_zupt
1785683910.2554948,30.0504,1,356.91,521.01,715.13,137.84,524.54,,-0.3817,0.2772,0.0,0.0,0,glrt_zupt
1785683910.271967,30.0668,1,356.91,521.01,715.13,137.84,524.54,,-0.3817,0.2772,0.0,0.0,0,glrt_zupt
1785683910.2886438,30.0835,1,356.91,521.01,715.13,137.84,524.54,,-0.3817,0.2772,0.0,0.0,0,glrt_zupt
1785683910.3043008,30.0992,1,356.91,521.01,715.13,137.84,524.54,,-0.2514,0.4094,0.0,0.0,0,glrt_zupt
1785683910.3212483,30.1161,1,356.91,521.01,715.13,137.84,524.54,,-0.2514,0.4094,0.0,0.0,0,glrt_zupt
1785683910.338167,30.133,1,356.91,521.01,715.13,137.84,524.54,,-0.2898,0.3504,0.0,0.0,0,glrt_zupt
1785683910.3548741,30.1497,1,356.91,521.01,715.13,137.84,524.54,,-0.2898,0.3504,0.0,0.0,0,glrt_zupt
1785683910.3705158,30.1654,1,356.91,521.01,715.13,137.84,524.54,,-0.4163,0.2349,0.0,0.0,0,glrt_zupt
1785683910.386867,30.1817,1,356.91,521.01,715.13,137.84,524.54,,-0.4163,0.2349,0.0,0.0,0,glrt_zupt
1785683910.4031856,30.1981,1,356.91,521.01,715.13,137.84,524.54,,-0.4163,0.2349,0.0,0.0,0,glrt_zupt
1785683910.4203293,30.2152,1,356.91,521.01,715.13,137.84,524.54,,-0.4008,0.2805,0.0,0.0,0,glrt_zupt
1785683910.4364076,30.2313,1,356.91,521.01,715.13,137.84,524.54,,-0.5332,0.2252,0.0,0.0,0,glrt_zupt
1785683910.4526615,30.2475,1,356.91,521.01,715.13,137.84,524.54,,-0.5332,0.2252,0.0,0.0,0,glrt_zupt
1785683910.4691799,30.264,1,356.91,521.01,715.13,137.84,524.54,,-0.5332,0.2252,0.0,0.0,0,glrt_zupt
1785683910.4859924,30.2809,1,356.91,521.01,715.13,137.84,524.54,,-0.8285,0.0885,0.0,0.0,0,glrt_zupt
1785683910.5030541,30.2979,1,356.91,521.01,715.13,137.84,524.54,,-0.8285,0.0885,0.0,0.0,0,glrt_zupt
1785683910.5203257,30.3152,1,356.91,521.01,715.13,137.84,524.54,,-1.1438,-0.183,0.0,0.0,0,glrt_zupt
1785683910.5361023,30.331,1,356.91,521.01,715.13,137.84,524.54,,-1.1438,-0.183,0.0,0.0,0,glrt_zupt
1785683910.5530229,30.3479,1,356.91,521.01,715.13,137.84,524.54,,-1.1438,-0.183,0.0,0.0,0,glrt_zupt
1785683910.5704865,30.3654,1,356.91,521.01,715.13,137.84,524.54,,-1.4543,-0.4697,0.0,0.0,0,glrt_zupt
1785683910.5864003,30.3813,1,356.91,521.01,715.13,137.84,524.54,,-1.4543,-0.4697,0.0,0.0,0,glrt_zupt
1785683910.6025748,30.3974,1,356.91,521.01,715.13,137.84,524.54,,-2.1333,-0.9341,0.0,0.0,0,glrt_zupt
1785683910.6192796,30.4141,1,356.91,521.01,715.13,137.84,524.54,,-2.1333,-0.9341,0.0,0.0,0,glrt_zupt
1785683910.6366246,30.4315,1,356.91,521.01,715.13,137.84,524.54,,-2.2024,-1.2076,0.0,0.0,0,glrt_zupt
1785683910.6524503,30.4473,1,356.91,521.01,715.13,137.84,524.54,,-2.2024,-1.2076,0.0,0.0,0,glrt_zupt
1785683910.6695504,30.4644,1,356.91,521.01,715.13,137.84,524.54,,-2.2024,-1.2076,0.0,0.0,0,glrt_zupt
1785683910.6853237,30.4802,1,356.91,521.01,715.13,137.84,524.54,,-1.4281,-0.8159,0.0,0.0,0,glrt_zupt
1785683910.702293,30.4972,1,356.91,521.01,715.13,137.84,524.54,,-1.4281,-0.8159,0.0,0.0,0,glrt_zupt
1785683910.7191277,30.514,1,356.91,521.01,715.13,137.84,524.54,,-0.355,-0.1351,0.0,0.0,0,glrt_zupt
1785683910.7367325,30.5316,1,356.91,521.01,715.13,137.84,524.54,,-0.355,-0.1351,0.0,0.0,0,glrt_zupt
1785683910.7523062,30.5472,1,355.9,521.01,715.13,137.84,525.23,,0.7243,0.3614,-0.065,0.0,0,glrt_zupt
1785683910.7697804,30.5646,1,354.77,521.01,715.13,137.84,526.01,,0.7243,0.3614,-0.065,0.0,0,glrt_zupt
1785683910.786033,30.5809,1,353.72,521.01,715.13,137.84,526.73,,0.7243,0.3614,-0.065,0.0,0,glrt_zupt
1785683910.8028982,30.5978,1,353.04,521.01,715.13,137.84,527.19,,0.9938,0.2053,-0.04,0.0,0,glrt_zupt
1785683910.818473,30.6133,1,352.42,521.01,715.13,137.84,527.62,,0.9938,0.2053,-0.04,0.0,0,glrt_zupt
1785683910.834541,30.6294,1,352.42,521.01,715.13,137.84,527.62,,1.2393,0.2783,0.0,0.0,0,glrt_zupt
1785683910.8504333,30.6453,1,352.42,521.01,715.13,137.84,527.62,,1.2393,0.2783,0.0,0.0,0,glrt_zupt
1785683910.8680851,30.663,1,352.42,521.01,715.13,137.84,527.62,,1.2393,0.2783,0.0,0.0,0,glrt_zupt
1785683910.8850572,30.6799,1,352.42,521.01,715.13,137.84,527.62,,2.2853,1.2723,0.0,0.0,0,glrt_zupt
1785683910.9027507,30.6976,1,352.42,521.01,715.13,137.84,527.62,,2.2853,1.2723,0.0,0.0,0,glrt_zupt
1785683910.9187143,30.7136,1,352.42,521.01,715.13,137.84,527.62,,2.3374,0.8695,0.0,0.0,0,glrt_zupt
1785683910.9345584,30.7294,1,352.42,521.01,715.13,137.84,527.62,,2.3374,0.8695,0.0,0.0,0,glrt_zupt
1785683910.9504793,30.7453,1,352.42,521.01,715.13,137.84,527.62,,2.3374,0.8695,0.0,0.0,0,glrt_zupt
1785683910.9663827,30.7613,1,352.42,521.01,715.13,137.84,527.62,,1.3097,0.3039,0.0,0.0,0,glrt_zupt
1785683910.9821482,30.777,1,352.42,521.01,715.13,137.84,527.62,,1.3097,0.3039,0.0,0.0,0,glrt_zupt
1785683910.9994347,30.7943,1,352.42,521.01,715.13,137.84,527.62,,1.3097,0.3039,0.0,0.0,0,glrt_zupt
1785683911.0159996,30.8109,1,352.42,521.01,715.13,137.84,527.62,,1.2527,0.4531,0.0,0.0,0,glrt_zupt
1785683911.0328996,30.8278,1,352.42,521.01,715.13,137.84,527.62,,1.2527,0.4531,0.0,0.0,0,glrt_zupt
1785683911.050517,30.8454,1,352.42,521.01,715.13,137.84,527.62,,0.6894,0.2307,0.0,0.0,0,glrt_zupt
1785683911.066761,30.8616,1,352.42,521.01,715.13,137.84,527.62,,0.6894,0.2307,0.0,0.0,0,glrt_zupt
1785683911.0832028,30.8781,1,352.42,521.01,715.13,137.84,527.62,,0.6894,0.2307,0.0,0.0,0,glrt_zupt
1785683911.1006298,30.8955,1,352.42,521.01,715.13,137.84,527.62,,0.1651,-0.2473,0.0,0.0,0,glrt_zupt
1785683911.1165333,30.9114,1,352.42,521.01,715.13,137.84,527.62,,0.1651,-0.2473,0.0,0.0,0,glrt_zupt
1785683911.1321986,30.9271,1,352.42,521.01,715.13,137.84,527.62,,-0.743,-0.7647,0.0,0.0,0,glrt_zupt
1785683911.1490452,30.9439,1,352.42,521.01,715.13,137.84,527.62,,-0.743,-0.7647,0.0,0.0,0,glrt_zupt
1785683911.1665716,30.9614,1,352.42,521.01,715.13,137.84,527.62,,-0.743,-0.7647,0.0,0.0,0,glrt_zupt
1785683911.1822119,30.9771,1,352.42,521.01,715.13,137.84,527.62,,-0.7494,-0.5841,0.0,0.0,0,glrt_zupt
1785683911.2000375,30.9949,1,352.42,521.01,715.13,137.84,527.62,,-0.7494,-0.5841,0.0,0.0,0,glrt_zupt
1785683911.2180731,31.0129,1,352.42,521.01,715.13,137.84,527.62,,-0.5614,-0.1364,0.0,0.0,0,glrt_zupt
1785683911.2355704,31.0304,1,352.42,521.01,715.13,137.84,527.62,,-0.5614,-0.1364,0.0,0.0,0,glrt_zupt
1785683911.2512815,31.0461,1,352.42,521.01,715.13,137.84,527.62,,-0.5614,-0.1364,0.0,0.0,0,glrt_zupt
1785683911.2681656,31.063,1,352.42,521.01,715.13,137.84,527.62,,-0.9051,-0.5354,0.0,0.0,0,glrt_zupt
1785683911.2856412,31.0805,1,352.42,521.01,715.13,137.84,527.62,,-0.9051,-0.5354,0.0,0.0,0,glrt_zupt
1785683911.301821,31.0967,1,352.42,521.01,715.13,137.84,527.62,,-0.7347,-0.61,0.0,0.0,0,glrt_zupt
1785683911.3184364,31.1133,1,352.42,521.01,715.13,137.84,527.62,,-0.7347,-0.61,0.0,0.0,0,glrt_zupt
1785683911.3352654,31.1301,1,352.42,521.01,715.13,137.84,527.62,,-0.0579,-0.1119,0.0,0.0,0,glrt_zupt
1785683911.3523047,31.1472,1,352.42,521.01,715.13,137.84,527.62,,-0.0579,-0.1119,0.0,0.0,0,glrt_zupt
1785683911.367956,31.1628,1,352.42,521.01,715.13,137.84,527.62,,-0.0579,-0.1119,0.0,0.0,0,glrt_zupt
1785683911.3846858,31.1796,1,352.42,521.01,715.13,137.84,527.62,,-0.3956,-0.5955,0.0,0.0,0,glrt_zupt
1785683911.4011242,31.196,1,352.42,521.01,715.13,137.84,527.62,,-0.3956,-0.5955,0.0,0.0,0,glrt_zupt
1785683911.4180233,31.2129,1,352.42,521.01,715.13,137.84,527.62,,-0.1321,-0.184,0.0,0.0,0,glrt_zupt
1785683911.4358208,31.2307,1,352.42,521.01,715.13,137.84,527.62,,-0.1321,-0.184,0.0,0.0,0,glrt_zupt
1785683911.4515617,31.2464,1,352.42,521.01,715.13,137.84,527.62,,-0.1321,-0.184,0.0,0.0,0,glrt_zupt
1785683911.4673834,31.2623,1,352.42,521.01,715.13,137.84,527.62,,0.4104,0.428,0.0,0.0,0,glrt_zupt
1785683911.4830556,31.2779,1,352.42,521.01,715.13,137.84,527.62,,0.4104,0.428,0.0,0.0,0,glrt_zupt
1785683911.4997442,31.2946,1,352.42,521.01,715.13,137.84,527.62,,0.2447,0.2973,0.0,0.0,0,glrt_zupt
1785683911.5157664,31.3106,1,352.42,521.01,715.13,137.84,527.62,,0.2447,0.2973,0.0,0.0,0,glrt_zupt
1785683911.5323992,31.3273,1,352.42,521.01,715.13,137.84,527.62,,0.2447,0.2973,0.0,0.0,0,glrt_zupt
1785683911.5491645,31.344,1,352.42,521.01,715.13,137.84,527.62,,-0.1674,-0.2101,0.0,0.0,0,glrt_zupt
1785683911.5664272,31.3613,1,352.42,521.01,715.13,137.84,527.62,,-0.1674,-0.2101,0.0,0.0,0,glrt_zupt
1785683911.582162,31.377,1,352.42,521.01,715.13,137.84,527.62,,-0.3375,-0.2646,0.0,0.0,0,glrt_zupt
1785683911.5994642,31.3943,1,352.42,521.01,715.13,137.84,527.62,,-0.3375,-0.2646,0.0,0.0,0,glrt_zupt
1785683911.6161582,31.411,1,352.42,521.01,715.13,137.84,527.62,,-0.3375,-0.2646,0.0,0.0,0,glrt_zupt
1785683911.6334696,31.4283,1,352.42,521.01,715.13,137.84,527.62,,-0.718,-0.5577,0.0,0.0,0,glrt_zupt
1785683911.649277,31.4441,1,352.42,521.01,715.13,137.84,527.62,,-0.718,-0.5577,0.0,0.0,0,glrt_zupt
1785683911.6664727,31.4613,1,352.42,521.01,715.13,137.84,527.62,,-0.1712,0.2953,0.0,0.0,0,glrt_zupt
1785683911.6823015,31.4772,1,352.42,521.01,715.13,137.84,527.62,,-0.1712,0.2953,0.0,0.0,0,glrt_zupt
1785683911.698947,31.4938,1,352.42,521.01,715.13,137.84,527.62,,-0.1712,0.2953,0.0,0.0,0,glrt_zupt
1785683911.7154791,31.5103,1,352.42,521.01,715.13,137.84,527.62,,0.1887,1.1503,0.0,0.0,0,glrt_zupt
1785683911.7321584,31.527,1,352.42,521.01,715.13,137.84,527.62,,0.1887,1.1503,0.0,0.0,0,glrt_zupt
1785683911.7492716,31.5441,1,352.42,521.01,715.13,137.84,527.62,,-0.2046,0.6799,0.0,0.0,0,glrt_zupt
1785683911.7660167,31.5609,1,352.42,521.01,715.13,137.84,527.62,,-0.2046,0.6799,0.0,0.0,0,glrt_zupt
1785683911.7825625,31.5774,1,352.42,521.01,715.13,137.84,527.62,,-0.2046,0.6799,0.0,0.0,0,glrt_zupt
1785683911.7981896,31.5931,1,352.42,521.01,715.13,137.84,527.62,,0.5521,0.9955,0.0,0.0,0,glrt_zupt
1785683911.8151016,31.61,1,352.42,521.01,715.13,137.84,527.62,,0.5521,0.9955,0.0,0.0,0,glrt_zupt
1785683911.8318055,31.6267,1,352.42,521.01,715.13,137.84,527.62,,0.2135,0.5385,0.0,0.0,0,glrt_zupt
1785683911.8483582,31.6432,1,352.42,521.01,715.13,137.84,527.62,,0.2135,0.5385,0.0,0.0,0,glrt_zupt
1785683911.864461,31.6593,1,352.42,521.01,715.13,137.84,527.62,,0.2685,0.6021,0.0,0.0,0,glrt_zupt
1785683911.881014,31.6759,1,352.42,521.01,715.13,137.84,527.62,,0.2685,0.6021,0.0,0.0,0,glrt_zupt
1785683911.8980618,31.6929,1,352.42,521.01,715.13,137.84,527.62,,0.2685,0.6021,0.0,0.0,0,glrt_zupt
1785683911.915061,31.7099,1,352.42,521.01,715.13,137.84,527.62,,0.6104,0.6687,0.0,0.0,0,glrt_zupt
1785683911.9323375,31.7272,1,352.42,521.01,715.13,137.84,527.62,,0.6104,0.6687,0.0,0.0,0,glrt_zupt
1785683911.9493668,31.7442,1,352.42,521.01,715.13,137.84,527.62,,0.2704,0.017,0.0,0.0,0,glrt_zupt
1785683911.9655259,31.7604,1,352.42,521.01,715.13,137.84,527.62,,0.2704,0.017,0.0,0.0,0,glrt_zupt
1785683911.981221,31.7761,1,352.42,521.01,715.13,137.84,527.62,,0.2704,0.017,0.0,0.0,0,glrt_zupt
1785683911.9983883,31.7933,1,352.42,521.01,715.13,137.84,527.62,,-0.5807,-1.0594,0.0,0.0,0,glrt_zupt
1785683912.014207,31.8091,1,352.42,521.01,715.13,137.84,527.62,,-0.5807,-1.0594,0.0,0.0,0,glrt_zupt
1785683912.0315025,31.8264,1,352.42,521.01,715.13,137.84,527.62,,-0.5611,-0.8709,0.0,0.0,0,glrt_zupt
1785683912.0472195,31.8421,1,352.42,521.01,715.13,137.84,527.62,,-0.5611,-0.8709,0.0,0.0,0,glrt_zupt
1785683912.0646148,31.8595,1,352.42,521.01,715.13,137.84,527.62,,-0.5611,-0.8709,0.0,0.0,0,glrt_zupt
1785683912.0809777,31.8758,1,352.42,521.01,715.13,137.84,527.62,,1.577,0.2954,0.0,0.0,0,glrt_zupt
1785683912.0981617,31.893,1,352.42,521.01,715.13,137.84,527.62,,1.577,0.2954,0.0,0.0,0,glrt_zupt
1785683912.1155229,31.9104,1,352.42,521.01,715.13,137.84,527.62,,1.1827,0.6407,0.0,0.0,0,glrt_zupt
1785683912.131992,31.9269,1,352.42,521.01,715.13,137.84,527.62,,1.1827,0.6407,0.0,0.0,0,glrt_zupt
1785683912.1491594,31.944,1,352.42,521.01,715.13,137.84,527.62,,1.1827,0.6407,0.0,0.0,0,glrt_zupt
1785683912.166678,31.9615,1,352.42,521.01,715.13,137.84,527.62,,0.9619,0.4675,0.0,0.0,0,glrt_zupt
1785683912.1834772,31.9783,1,352.42,521.01,715.13,137.84,527.62,,0.9619,0.4675,0.0,0.0,0,glrt_zupt
1785683912.1990447,31.9939,1,352.42,521.01,715.13,137.84,527.62,,0.3439,0.1794,0.0,0.0,0,glrt_zupt
1785683912.2162452,32.0111,1,352.42,521.01,715.13,137.84,527.62,,0.3439,0.1794,0.0,0.0,0,glrt_zupt
1785683912.232356,32.0272,1,352.42,521.01,715.13,137.84,527.62,,0.9139,0.566,0.0,0.0,0,glrt_zupt
1785683912.2482033,32.0431,1,352.42,521.01,715.13,137.84,527.62,,0.9139,0.566,0.0,0.0,0,glrt_zupt
1785683912.265085,32.06,1,352.42,521.01,715.13,137.84,527.62,,0.9139,0.566,0.0,0.0,0,glrt_zupt
1785683912.282163,32.077,1,352.42,521.01,715.13,137.84,527.62,,1.3127,1.3063,0.0,0.0,0,glrt_zupt
1785683912.2990932,32.094,1,352.42,521.01,715.13,137.84,527.62,,1.3127,1.3063,0.0,0.0,0,glrt_zupt
1785683912.3158965,32.1108,1,352.42,521.01,715.13,137.84,527.62,,1.2034,1.3374,0.0,0.0,0,glrt_zupt
1785683912.3331628,32.128,1,352.42,521.01,715.13,137.84,527.62,,1.2034,1.3374,0.0,0.0,0,glrt_zupt
1785683912.3504438,32.1453,1,352.42,521.01,715.13,137.84,527.62,,1.2034,1.3374,0.0,0.0,0,glrt_zupt
1785683912.365966,32.1608,1,352.42,521.01,715.13,137.84,527.62,,1.2034,1.3374,0.0,0.0,0,glrt_zupt
1785683912.3834484,32.1783,1,352.42,521.01,715.13,137.84,527.62,,1.2034,1.3374,0.0,0.0,0,glrt_zupt
1785683912.4002943,32.1952,1,352.42,521.01,715.13,137.84,527.62,,1.2034,1.3374,0.0,0.0,0,glrt_zupt
1785683912.418229,32.2131,1,352.42,521.01,715.13,137.84,527.62,,1.2034,1.3374,0.0,0.0,0,glrt_zupt
1785683912.4349387,32.2298,1,352.42,521.01,715.13,137.84,527.62,,1.2034,1.3374,0.0,0.0,0,glrt_zupt
1785683912.4523895,32.2473,1,352.42,521.01,715.13,137.84,527.62,,1.2034,1.3374,0.0,0.0,0,glrt_zupt
1785683912.4680588,32.2629,1,352.42,521.01,715.13,137.84,527.62,,1.2034,1.3374,0.0,0.0,0,glrt_zupt
1785683912.4858053,32.2807,1,352.42,521.01,715.13,137.84,527.62,,1.2034,1.3374,0.0,0.0,0,glrt_zupt
1785683912.5021808,32.297,1,352.42,521.01,715.13,137.84,527.62,,1.2034,1.3374,0.0,0.0,0,glrt_zupt
1785683912.5193288,32.3142,1,352.42,521.01,715.13,137.84,527.62,,1.2034,1.3374,0.0,0.0,0,glrt_zupt
1785683912.5351086,32.33,1,352.42,521.01,715.13,137.84,527.62,,1.2034,1.3374,0.0,0.0,0,glrt_zupt
1785683912.552458,32.3473,1,352.42,521.01,715.13,137.84,527.62,,1.2034,1.3374,0.0,0.0,0,glrt_zupt
1785683912.5684361,32.3633,1,352.42,521.01,715.13,137.84,527.62,,1.2034,1.3374,0.0,0.0,0,glrt_zupt
1785683912.5849915,32.3799,1,352.42,521.01,715.13,137.84,527.62,,1.2034,1.3374,0.0,0.0,0,glrt_zupt
1785683912.6025019,32.3974,1,352.42,521.01,715.13,137.84,527.62,,1.2034,1.3374,0.0,0.0,0,glrt_zupt
1785683912.618598,32.4135,1,352.42,521.01,715.13,137.84,527.62,,1.2034,1.3374,0.0,0.0,0,glrt_zupt
1785683912.6342695,32.4291,1,352.42,521.01,715.13,137.84,527.62,,1.2034,1.3374,0.0,0.0,0,glrt_zupt
1785683912.651342,32.4462,1,352.42,521.01,715.13,137.84,527.62,,0.5117,-0.6474,0.0,0.0,0,glrt_zupt
1785683912.6678948,32.4628,1,352.42,521.01,715.13,137.84,527.62,,0.5117,-0.6474,0.0,0.0,0,glrt_zupt
1785683912.6847434,32.4796,1,352.42,521.01,715.13,137.84,527.62,,0.5117,-0.6474,0.0,0.0,0,glrt_zupt
1785683912.7011263,32.496,1,352.42,521.01,715.13,137.84,527.62,,-0.01,-0.3004,0.0,0.0,0,glrt_zupt
1785683912.718075,32.5129,1,352.42,521.01,715.13,137.84,527.62,,-0.01,-0.3004,0.0,0.0,0,glrt_zupt
1785683912.735637,32.5305,1,352.42,521.01,715.13,137.84,527.62,,0.2244,0.6697,0.0,0.0,0,glrt_zupt
1785683912.7518358,32.5467,1,352.42,521.01,715.13,137.84,527.62,,0.2244,0.6697,0.0,0.0,0,glrt_zupt
1785683912.7680013,32.5629,1,352.42,521.01,715.13,137.84,527.62,,0.2244,0.6697,0.0,0.0,0,glrt_zupt
1785683912.7852812,32.5801,1,352.42,521.01,715.13,137.84,527.62,,0.474,-0.62,0.0,0.0,0,glrt_zupt
1785683912.8019648,32.5968,1,352.42,521.01,715.13,137.84,527.62,,0.474,-0.62,0.0,0.0,0,glrt_zupt
1785683912.8184614,32.6133,1,352.42,521.01,715.13,137.84,527.62,,0.474,-0.62,0.0,0.0,0,glrt_zupt
1785683912.834128,32.629,1,352.42,521.01,715.13,137.84,527.62,,-0.6683,-1.0323,0.0,0.0,0,glrt_zupt
1785683912.851307,32.6462,1,352.42,521.01,715.13,137.84,527.62,,-0.6683,-1.0323,0.0,0.0,0,glrt_zupt
1785683912.867844,32.6627,1,352.42,521.01,715.13,137.84,527.62,,-0.9276,0.3285,0.0,0.0,0,glrt_zupt
1785683912.8847463,32.6796,1,352.42,521.01,715.13,137.84,527.62,,-0.9276,0.3285,0.0,0.0,0,glrt_zupt
1785683912.9010851,32.696,1,352.42,521.01,715.13,137.84,527.62,,-0.9276,0.3285,0.0,0.0,0,glrt_zupt
1785683912.9181466,32.713,1,352.42,521.01,715.13,137.84,527.62,,-1.118,0.7388,0.0,0.0,0,glrt_zupt
1785683912.9358637,32.7307,1,352.42,521.01,715.13,137.84,527.62,,-1.118,0.7388,0.0,0.0,0,glrt_zupt
1785683912.9537735,32.7486,1,352.42,521.01,715.13,137.84,527.62,,-0.8169,-0.5347,0.0,0.0,0,glrt_zupt
1785683912.9701877,32.7651,1,352.42,521.01,715.13,137.84,527.62,,-0.8169,-0.5347,0.0,0.0,0,glrt_zupt
1785683912.9883869,32.7833,1,352.42,521.01,715.13,137.84,527.62,,-0.0859,-0.2025,0.0,0.0,0,glrt_zupt
1785683913.0049844,32.7999,1,352.42,521.01,715.13,137.84,527.62,,-0.0859,-0.2025,0.0,0.0,0,glrt_zupt
1785683913.0222278,32.8171,1,352.42,521.01,715.13,137.84,527.62,,0.2976,0.7768,0.0,0.0,0,glrt_zupt
1785683913.0389893,32.8339,1,352.42,521.01,715.13,137.84,527.62,,0.2976,0.7768,0.0,0.0,0,glrt_zupt
1785683913.0561779,32.851,1,352.42,521.01,715.13,137.84,527.62,,0.2976,0.7768,0.0,0.0,0,glrt_zupt
1785683913.0734107,32.8683,1,352.42,521.01,715.13,137.84,527.62,,-0.3761,0.7762,0.0,0.0,0,glrt_zupt
1785683913.0898159,32.8847,1,352.42,521.01,715.13,137.84,527.62,,-0.3761,0.7762,0.0,0.0,0,glrt_zupt
1785683913.1061263,32.901,1,352.42,521.01,715.13,137.84,527.62,,-0.3761,0.7762,0.0,0.0,0,glrt_zupt
1785683913.1233573,32.9182,1,352.42,521.01,715.13,137.84,527.62,,0.3796,0.1108,0.0,0.0,0,glrt_zupt
1785683913.1392488,32.9341,1,352.42,521.01,715.13,137.84,527.62,,0.3796,0.1108,0.0,0.0,0,glrt_zupt
1785683913.1560464,32.9509,1,352.42,521.01,715.13,137.84,527.62,,0.3796,0.1108,0.0,0.0,0,glrt_zupt
1785683913.1729777,32.9678,1,352.42,521.01,715.13,137.84,527.62,,0.4562,0.3641,0.0,0.0,0,glrt_zupt
1785683913.1903522,32.9852,1,352.42,521.01,715.13,137.84,527.62,,0.4562,0.3641,0.0,0.0,0,glrt_zupt
1785683913.2083344,33.0032,1,352.42,521.01,715.13,137.84,527.62,,0.4562,0.3641,0.0,0.0,0,glrt_zupt
1785683913.224893,33.0198,1,352.42,521.01,715.13,137.84,527.62,,0.6186,0.1383,0.0,0.0,0,glrt_zupt
1785683913.2424266,33.0373,1,352.42,521.01,715.13,137.84,527.62,,0.6186,0.1383,0.0,0.0,0,glrt_zupt
1785683913.2580953,33.053,1,352.42,521.01,715.13,137.84,527.62,,0.0948,-0.3443,0.0,0.0,0,glrt_zupt
1785683913.2752004,33.0701,1,352.42,521.01,715.13,137.84,527.62,,0.0948,-0.3443,0.0,0.0,0,glrt_zupt
1785683913.291865,33.0867,1,352.42,521.01,715.13,137.84,527.62,,0.0948,-0.3443,0.0,0.0,0,glrt_zupt
1785683913.3085208,33.1034,1,352.42,521.01,715.13,137.84,527.62,,2.3576,0.6562,0.0,0.0,0,glrt_zupt
1785683913.324343,33.1192,1,352.42,521.01,715.13,137.84,527.62,,2.3576,0.6562,0.0,0.0,0,glrt_zupt
1785683913.3410034,33.1359,1,352.42,521.01,715.13,137.84,527.62,,2.7997,-0.3325,0.0,0.0,0,glrt_zupt
1785683913.3583853,33.1533,1,352.42,521.01,715.13,137.84,527.62,,2.7997,-0.3325,0.0,0.0,0,glrt_zupt
1785683913.375568,33.1704,1,352.42,521.01,715.13,137.84,527.62,,2.7997,-0.3325,0.0,0.0,0,glrt_zupt
1785683913.3912437,33.1861,1,352.42,521.01,715.13,137.84,527.62,,3.8839,-0.4162,0.0,0.0,0,glrt_zupt
1785683913.4081395,33.203,1,352.42,521.01,715.13,137.84,527.62,,3.8839,-0.4162,0.0,0.0,0,glrt_zupt
1785683913.4255483,33.2204,1,352.42,521.01,715.13,137.84,527.62,,5.6328,-0.0623,0.0,0.0,0,glrt_zupt
1785683913.4417188,33.2366,1,352.42,521.01,715.13,137.84,527.62,,5.6328,-0.0623,0.0,0.0,0,glrt_zupt
1785683913.4573627,33.2522,1,352.42,521.01,715.13,137.84,527.62,,5.6328,-0.0623,0.0,0.0,0,glrt_zupt
1785683913.4737008,33.2686,1,352.42,521.01,715.13,137.84,527.62,,5.4802,-0.5325,0.0,0.0,0,glrt_zupt
1785683913.4894133,33.2843,1,352.42,521.01,715.13,137.84,527.62,,5.4802,-0.5325,0.0,0.0,0,glrt_zupt
1785683913.506293,33.3012,1,352.42,521.01,715.13,137.84,527.62,,5.4802,-0.5325,0.0,0.0,0,glrt_zupt
1785683913.5229414,33.3178,1,356.55,521.01,715.13,137.84,524.79,,4.5963,-0.9542,0.248,0.0,0,glrt_zupt
1785683913.539686,33.3346,1,360.69,521.01,715.13,137.84,521.96,,4.5963,-0.9542,0.248,0.0,0,glrt_zupt
1785683913.555294,33.3502,1,364.56,521.01,715.13,137.84,519.35,,4.5963,-0.9542,0.248,0.0,0,glrt_zupt
1785683913.5721843,33.3671,1,368.73,521.01,715.13,137.84,516.54,,2.92,-0.5268,0.247,0.0,0,glrt_zupt
1785683913.5888422,33.3837,1,372.84,521.01,715.13,137.84,513.79,,2.92,-0.5268,0.247,0.0,0,glrt_zupt
1785683913.605141,33.4,1,376.93,521.01,715.13,137.84,511.08,,3.2249,-0.7334,0.251,0.0,0,glrt_zupt
1785683913.6219077,33.4168,1,381.13,521.01,715.13,137.84,508.31,,3.2249,-0.7334,0.251,0.0,0,glrt_zupt
1785683913.6385832,33.4335,1,385.23,521.01,715.13,137.84,505.62,,2.6597,-1.5177,0.246,0.0,0,glrt_zupt
1785683913.65421,33.4491,1,389.07,521.01,715.13,137.84,503.13,,2.6597,-1.5177,0.246,0.0,0,glrt_zupt
1785683913.67162,33.4665,1,393.35,521.01,715.13,137.84,500.36,,2.6597,-1.5177,0.246,0.0,0,glrt_zupt
1785683913.6882172,33.4831,1,396.95,521.01,715.13,137.84,498.06,,0.8352,-1.5225,0.217,0.0,0,glrt_zupt
1785683913.705854,33.5007,1,400.76,521.01,715.13,137.84,495.63,,0.8352,-1.5225,0.217,0.0,0,glrt_zupt
1785683913.7226212,33.5175,1,403.6,521.01,715.13,137.84,493.84,,-0.8212,-1.3543,0.169,0.0,0,glrt_zupt
1785683913.7392526,33.5341,1,406.4,521.01,715.13,137.84,492.07,,-0.8212,-1.3543,0.169,0.0,0,glrt_zupt
1785683913.7566538,33.5515,1,409.34,521.01,715.13,137.84,490.24,,-0.8212,-1.3543,0.169,0.0,0,glrt_zupt
1785683913.7725143,33.5674,1,410.82,521.01,715.13,137.84,489.31,,-3.6298,-1.8965,0.094,0.0,0,glrt_zupt
1785683913.7883968,33.5833,1,412.31,521.01,715.13,137.84,488.39,,-3.6298,-1.8965,0.094,0.0,0,glrt_zupt
1785683913.8051775,33.6,1,411.84,521.01,715.13,137.84,488.68,,-7.5932,-3.0523,-0.028,0.0,0,glrt_zupt
1785683913.8224401,33.6173,1,411.35,521.01,715.13,137.84,488.98,,-7.5932,-3.0523,-0.028,0.0,0,glrt_zupt
1785683913.839086,33.634,1,409.34,521.01,715.13,137.84,490.23,,-7.0164,-2.6381,-0.121,0.0,0,glrt_zupt
1785683913.8562193,33.6511,1,407.27,521.01,715.13,137.84,491.53,,-7.0164,-2.6381,-0.121,0.0,0,glrt_zupt
1785683913.8738058,33.6687,1,404.54,518.84,715.13,137.84,491.55,,-3.8295,-1.1864,-0.155,-0.124,0,glrt_zupt
1785683913.8903773,33.6852,1,401.97,516.79,715.13,137.84,491.6,,-3.8295,-1.1864,-0.155,-0.124,0,glrt_zupt
1785683913.9083924,33.7033,1,399.18,514.56,715.13,137.84,491.68,,-3.8295,-1.1864,-0.155,-0.124,0,glrt_zupt
1785683913.9251256,33.72,1,396.46,512.74,715.13,137.84,492.04,,-2.3811,-0.4175,-0.162,-0.109,0,glrt_zupt
1785683913.942281,33.7371,1,393.68,510.88,715.13,137.84,492.43,,-2.3811,-0.4175,-0.162,-0.109,0,glrt_zupt
1785683913.9593759,33.7542,1,390.84,509.25,715.13,137.84,493.06,,-2.2185,-0.3634,-0.166,-0.095,0,glrt_zupt
1785683913.9758298,33.7707,1,388.11,507.68,715.13,137.84,493.68,,-2.2185,-0.3634,-0.166,-0.095,0,glrt_zupt
1785683913.992047,33.7869,1,385.75,506.41,715.13,137.84,494.3,,-0.4871,0.1189,-0.146,-0.078,0,glrt_zupt
1785683914.008861,33.8037,1,383.3,505.09,715.13,137.84,494.96,,-0.4871,0.1189,-0.146,-0.078,0,glrt_zupt
1785683914.025173,33.82,1,380.92,503.82,715.13,137.84,495.62,,-0.4871,0.1189,-0.146,-0.078,0,glrt_zupt
1785683914.042429,33.8373,1,378.95,502.8,715.13,137.84,496.2,,0.4516,0.4236,-0.114,-0.059,0,glrt_zupt
1785683914.0591054,33.854,1,377.05,501.82,715.13,137.84,496.77,,0.4516,0.4236,-0.114,-0.059,0,glrt_zupt
1785683914.0763662,33.8712,1,375.66,501.19,715.13,137.84,497.26,,0.9635,0.8101,-0.081,-0.037,0,glrt_zupt
1785683914.093363,33.8882,1,374.29,500.56,715.13,137.84,497.73,,0.9635,0.8101,-0.081,-0.037,0,glrt_zupt
1785683914.1101863,33.9051,1,373.5,500.56,715.13,137.84,498.28,,1.437,1.0159,-0.047,0.0,0,glrt_zupt
1785683914.1267931,33.9217,1,372.72,500.56,715.13,137.84,498.81,,1.437,1.0159,-0.047,0.0,0,glrt_zupt
1785683914.144178,33.939,1,371.9,500.56,715.13,137.84,499.37,,1.437,1.0159,-0.047,0.0,0,glrt_zupt
1785683914.161302,33.9562,1,371.49,500.56,715.13,137.84,499.65,,1.063,0.5974,-0.024,0.0,0,glrt_zupt
1785683914.1783152,33.9732,1,371.08,500.56,715.13,137.84,499.93,,1.063,0.5974,-0.024,0.0,0,glrt_zupt
1785683914.1948273,33.9897,1,371.08,500.56,715.13,137.84,499.93,,1.086,0.5272,0.0,0.0,0,glrt_zupt
1785683914.2106152,34.0055,1,371.08,500.56,715.13,137.84,499.93,,1.086,0.5272,0.0,0.0,0,glrt_zupt
1785683914.2268834,34.0218,1,371.08,500.56,715.13,137.84,499.93,,1.086,0.5272,0.0,0.0,0,glrt_zupt
1785683914.2426038,34.0375,1,371.08,500.56,715.13,137.84,499.93,,0.6469,0.302,0.0,0.0,0,glrt_zupt
1785683914.258691,34.0536,1,371.08,500.56,715.13,137.84,499.93,,0.6469,0.302,0.0,0.0,0,glrt_zupt
1785683914.2745118,34.0694,1,371.08,500.56,715.13,137.84,499.93,,0.6876,0.0993,0.0,0.0,0,glrt_zupt
1785683914.2909932,34.0859,1,371.08,500.56,715.13,137.84,499.93,,0.6876,0.0993,0.0,0.0,0,glrt_zupt
1785683914.3077052,34.1026,1,371.08,500.56,715.13,137.84,499.93,,0.6876,0.0993,0.0,0.0,0,glrt_zupt
1785683914.3234649,34.1183,1,371.08,500.56,715.13,137.84,499.93,,0.9644,0.0153,0.0,0.0,0,glrt_zupt
1785683914.3394396,34.1343,1,371.08,500.56,715.13,137.84,499.93,,0.9644,0.0153,0.0,0.0,0,glrt_zupt
1785683914.3554223,34.1503,1,371.08,500.56,715.13,137.84,499.93,,0.9267,0.0107,0.0,0.0,0,glrt_zupt
1785683914.3711977,34.1661,1,371.08,500.56,715.13,137.84,499.93,,0.9267,0.0107,0.0,0.0,0,glrt_zupt
1785683914.388198,34.1831,1,371.08,500.56,715.13,137.84,499.93,,0.9267,0.0107,0.0,0.0,0,glrt_zupt
1785683914.4053645,34.2002,1,371.08,500.56,715.13,137.84,499.93,,1.3413,0.059,0.0,0.0,0,glrt_zupt
1785683914.4214613,34.2163,1,371.08,500.56,715.13,137.84,499.93,,1.3413,0.059,0.0,0.0,0,glrt_zupt
1785683914.4374018,34.2323,1,371.08,500.56,715.13,137.84,499.93,,1.2793,0.1962,0.0,0.0,0,glrt_zupt
1785683914.4537334,34.2486,1,371.08,500.56,715.13,137.84,499.93,,1.2793,0.1962,0.0,0.0,0,glrt_zupt
1785683914.4693031,34.2642,1,371.08,500.56,715.13,137.84,499.93,,1.2793,0.1962,0.0,0.0,0,glrt_zupt
1785683914.4862952,34.2812,1,371.08,500.56,715.13,137.84,499.93,,1.2473,0.3806,0.0,0.0,0,glrt_zupt
1785683914.5038054,34.2987,1,371.08,500.56,715.13,137.84,499.93,,1.2473,0.3806,0.0,0.0,0,glrt_zupt
1785683914.519949,34.3148,1,371.08,500.56,715.13,137.84,499.93,,0.6918,0.1748,0.0,0.0,0,glrt_zupt
1785683914.5379832,34.3329,1,371.08,500.56,715.13,137.84,499.93,,0.6918,0.1748,0.0,0.0,0,glrt_zupt
1785683914.555273,34.3501,1,371.08,500.56,715.13,137.84,499.93,,0.3799,-0.2493,0.0,0.0,0,glrt_zupt
1785683914.5726683,34.3675,1,371.08,500.56,715.13,137.84,499.93,,0.3799,-0.2493,0.0,0.0,0,glrt_zupt
1785683914.5882967,34.3832,1,371.08,500.56,715.13,137.84,499.93,,0.3799,-0.2493,0.0,0.0,0,glrt_zupt
1785683914.605103,34.4,1,371.08,500.56,715.13,137.84,499.93,,-0.5223,-0.5407,0.0,0.0,0,glrt_zupt
1785683914.6221693,34.417,1,371.08,500.56,715.13,137.84,499.93,,-0.5223,-0.5407,0.0,0.0,0,glrt_zupt
1785683914.6391788,34.434,1,371.08,500.56,715.13,137.84,499.93,,-0.8922,-0.8685,0.0,0.0,0,glrt_zupt
1785683914.656395,34.4513,1,371.08,500.56,715.13,137.84,499.93,,-0.8922,-0.8685,0.0,0.0,0,glrt_zupt
1785683914.673194,34.4681,1,371.08,500.56,715.13,137.84,499.93,,-1.2425,-1.0482,0.0,0.0,0,glrt_zupt
1785683914.6902077,34.4851,1,371.08,500.56,715.13,137.84,499.93,,-1.2425,-1.0482,0.0,0.0,0,glrt_zupt
1785683914.7069983,34.5019,1,371.08,500.56,715.13,137.84,499.93,,-1.2425,-1.0482,0.0,0.0,0,glrt_zupt
1785683914.724226,34.5191,1,371.08,500.56,715.13,137.84,499.93,,-1.0684,-0.6405,0.0,0.0,0,glrt_zupt
1785683914.7411115,34.536,1,371.08,500.56,715.13,137.84,499.93,,-1.0684,-0.6405,0.0,0.0,0,glrt_zupt
1785683914.7581482,34.553,1,371.08,500.56,715.13,137.84,499.93,,-0.2494,-0.2389,0.0,0.0,0,glrt_zupt
1785683914.7750826,34.57,1,371.08,500.56,715.13,137.84,499.93,,-0.2494,-0.2389,0.0,0.0,0,glrt_zupt
1785683914.7920837,34.587,1,371.08,500.56,715.13,137.84,499.93,,0.2118,0.0756,0.0,0.0,0,glrt_zupt
1785683914.809183,34.6041,1,371.08,500.56,715.13,137.84,499.93,,0.2118,0.0756,0.0,0.0,0,glrt_zupt
1785683914.8258653,34.6207,1,371.08,500.56,715.13,137.84,499.93,,0.7135,0.3056,0.0,0.0,0,glrt_zupt
1785683914.8418882,34.6368,1,371.08,500.56,715.13,137.84,499.93,,0.7135,0.3056,0.0,0.0,0,glrt_zupt
1785683914.8579478,34.6528,1,371.08,500.56,715.13,137.84,499.93,,1.4296,0.6711,0.0,0.0,0,glrt_zupt
1785683914.8751233,34.67,1,371.08,500.56,715.13,137.84,499.93,,1.4296,0.6711,0.0,0.0,0,glrt_zupt
1785683914.8924437,34.6873,1,371.08,500.56,715.13,137.84,499.93,,1.4329,1.4783,0.0,0.0,0,glrt_zupt
1785683914.9083753,34.7032,1,371.08,500.56,715.13,137.84,499.93,,1.4329,1.4783,0.0,0.0,0,glrt_zupt
1785683914.9244962,34.7194,1,371.08,500.56,715.13,137.84,499.93,,1.4329,1.4783,0.0,0.0,0,glrt_zupt
1785683914.9403627,34.7352,1,371.08,500.56,715.13,137.84,499.93,,-0.5212,1.2728,0.0,0.0,0,glrt_zupt
1785683914.957082,34.7519,1,371.08,500.56,715.13,137.84,499.93,,-0.5212,1.2728,0.0,0.0,0,glrt_zupt
1785683914.9741168,34.769,1,371.08,500.56,715.13,137.84,499.93,,-3.1147,1.0926,0.0,0.0,0,glrt_zupt
1785683914.991395,34.7863,1,371.08,500.56,715.13,137.84,499.93,,-3.1147,1.0926,0.0,0.0,0,glrt_zupt
1785683915.0081968,34.8031,1,371.08,500.56,715.13,137.84,499.93,,-4.429,1.3065,0.0,0.0,0,glrt_zupt
1785683915.025611,34.8205,1,371.08,500.56,715.13,137.84,499.93,,-4.429,1.3065,0.0,0.0,0,glrt_zupt
1785683915.0413687,34.8362,1,371.08,500.56,715.13,137.84,499.93,,-4.429,1.3065,0.0,0.0,0,glrt_zupt
1785683915.0572076,34.8521,1,371.08,500.56,715.13,137.84,499.93,,-3.3338,2.3129,0.0,0.0,0,glrt_zupt
1785683915.0733573,34.8682,1,371.08,500.56,715.13,137.84,499.93,,-3.3338,2.3129,0.0,0.0,0,glrt_zupt
1785683915.0895913,34.8845,1,371.08,500.56,715.13,137.84,499.93,,-2.5195,2.8821,0.0,0.0,0,glrt_zupt
1785683915.105487,34.9004,1,371.08,500.56,715.13,137.84,499.93,,-2.5195,2.8821,0.0,0.0,0,glrt_zupt
1785683915.1214046,34.9163,1,371.08,500.56,715.13,137.84,499.93,,-2.5195,2.8821,0.0,0.0,0,glrt_zupt
1785683915.137987,34.9329,1,371.08,500.56,715.13,137.84,499.93,,-3.195,-0.174,0.0,0.0,0,glrt_zupt
1785683915.1553895,34.9503,1,371.08,500.56,715.13,137.84,499.93,,-3.195,-0.174,0.0,0.0,0,glrt_zupt
1785683915.171153,34.966,1,368.42,500.56,715.13,137.84,501.77,,-3.117,-1.6452,-0.169,0.0,0,glrt_zupt
1785683915.1881824,34.983,1,365.53,500.56,715.13,137.84,503.77,,-3.117,-1.6452,-0.169,0.0,0,glrt_zupt
1785683915.2052374,35.0001,1,362.47,500.56,715.13,137.84,505.9,,-2.7678,-3.0784,-0.18,0.0,0,glrt_zupt
1785683915.2221298,35.017,1,359.44,500.56,715.13,137.84,508.02,,-2.7678,-3.0784,-0.18,0.0,0,glrt_zupt
1785683915.2381444,35.033,1,356.56,500.56,715.13,137.84,510.04,,-2.7678,-3.0784,-0.18,0.0,0,glrt_zupt
1785683915.2554774,35.0503,1,354.32,500.56,715.13,137.84,511.61,,1.3475,-3.8058,-0.129,0.0,0,glrt_zupt
1785683915.271152,35.066,1,352.3,500.56,715.13,137.84,513.04,,1.3475,-3.8058,-0.129,0.0,0,glrt_zupt
1785683915.2881823,35.083,1,351.2,500.56,715.13,137.84,513.82,,3.042,-4.3486,-0.064,0.0,0,glrt_zupt
1785683915.3040748,35.0989,1,350.18,500.56,715.13,137.84,514.54,,3.042,-4.3486,-0.064,0.0,0,glrt_zupt
1785683915.3207245,35.1156,1,349.12,500.56,715.13,137.84,515.3,,3.042,-4.3486,-0.064,0.0,0,glrt_zupt
1785683915.336431,35.1313,1,349.12,500.56,715.13,137.84,515.3,,4.5203,-4.0737,0.0,0.0,0,glrt_zupt
1785683915.3521729,35.147,1,349.12,500.56,715.13,137.84,515.3,,4.5203,-4.0737,0.0,0.0,0,glrt_zupt
1785683915.3695579,35.1644,1,349.12,500.56,715.13,137.84,515.3,,5.647,-2.8875,0.0,0.0,0,glrt_zupt
1785683915.3861613,35.181,1,349.12,500.56,715.13,137.84,515.3,,5.647,-2.8875,0.0,0.0,0,glrt_zupt
1785683915.4030862,35.198,1,349.12,500.56,715.13,137.84,515.3,,5.647,-2.8875,0.0,0.0,0,glrt_zupt
1785683915.4198546,35.2147,1,349.12,500.56,715.13,137.84,515.3,,5.531,-2.5805,0.0,0.0,0,glrt_zupt
1785683915.4362457,35.2311,1,349.12,500.56,715.13,137.84,515.3,,5.531,-2.5805,0.0,0.0,0,glrt_zupt
1785683915.4532106,35.2481,1,349.12,497.56,715.13,137.84,513.19,,4.9743,-2.4691,0.0,-0.177,0,glrt_zupt
1785683915.469168,35.264,1,349.12,494.74,715.13,137.84,511.22,,4.9743,-2.4691,0.0,-0.177,0,glrt_zupt
1785683915.4861739,35.281,1,349.12,491.67,715.13,137.84,509.08,,4.2755,-2.4049,0.0,-0.181,0,glrt_zupt
1785683915.5034878,35.2984,1,349.12,488.54,715.13,137.84,506.91,,4.2755,-2.4049,0.0,-0.181,0,glrt_zupt
1785683915.5195436,35.3144,1,352.95,485.55,715.13,137.84,502.08,,3.9337,-2.5943,0.238,-0.187,0,glrt_zupt
1785683915.535146,35.33,1,356.67,482.64,715.13,137.84,497.38,,3.9337,-2.5943,0.238,-0.187,0,glrt_zupt
1785683915.5522144,35.3471,1,360.99,479.28,715.13,137.84,491.93,,3.9381,-2.9743,0.254,-0.197,0,glrt_zupt
1785683915.56914,35.364,1,365.29,475.95,715.13,137.84,486.53,,3.9381,-2.9743,0.254,-0.197,0,glrt_zupt
1785683915.5868304,35.3817,1,369.77,472.47,715.13,137.84,480.88,,3.9381,-2.9743,0.254,-0.197,0,glrt_zupt
1785683915.6033428,35.3982,1,374.59,468.91,715.13,137.84,474.95,,5.8018,-3.7129,0.292,-0.215,0,glrt_zupt
1785683915.6202447,35.4151,1,379.52,465.27,715.13,137.84,468.88,,5.8018,-3.7129,0.292,-0.215,0,glrt_zupt
1785683915.6380644,35.4329,1,385.52,460.94,715.13,137.84,461.56,,6.654,-4.4959,0.337,-0.243,0,glrt_zupt
1785683915.6544333,35.4493,1,391.04,456.96,715.13,137.84,454.83,,6.654,-4.4959,0.337,-0.243,0,glrt_zupt
1785683915.6711023,35.466,1,396.66,452.91,715.13,137.84,447.99,,6.654,-4.4959,0.337,-0.243,0,glrt_zupt
1785683915.68795,35.4828,1,402.88,448.59,715.13,137.84,440.52,,6.3588,-3.9191,0.369,-0.257,0,glrt_zupt
1785683915.7053578,35.5002,1,409.31,444.11,715.13,137.84,432.81,,6.3588,-3.9191,0.369,-0.257,0,glrt_zupt
1785683915.722129,35.517,1,415.84,439.64,715.13,137.84,425.04,,5.8633,-3.7949,0.389,-0.267,0,glrt_zupt
1785683915.7392945,35.5342,1,422.53,435.06,715.13,137.84,417.08,,5.8633,-3.7949,0.389,-0.267,0,glrt_zupt
1785683915.7562876,35.5512,1,429.14,430.53,715.13,137.84,409.21,,5.8633,-3.7949,0.389,-0.267,0,glrt_zupt
1785683915.7734437,35.5683,1,435.65,426.06,715.13,137.84,401.47,,3.9919,-2.7837,0.379,-0.261,0,glrt_zupt
1785683915.7891772,35.584,1,441.61,421.96,715.13,137.84,394.38,,3.9919,-2.7837,0.379,-0.261,0,glrt_zupt
1785683915.8062549,35.6011,1,447.48,417.83,715.13,137.84,387.34,,2.0664,-1.7923,0.344,-0.241,0,glrt_zupt
1785683915.8233256,35.6182,1,453.35,413.71,715.13,137.84,380.31,,2.0664,-1.7923,0.344,-0.241,0,glrt_zupt
1785683915.8403132,35.6352,1,459.19,409.61,715.13,137.84,373.31,,2.0664,-1.7923,0.344,-0.241,0,glrt_zupt
1785683915.8562407,35.6511,1,463.51,405.97,715.13,137.84,367.71,,-1.3237,-1.8776,0.271,-0.228,0,glrt_zupt
1785683915.8737955,35.6687,1,468.27,401.97,715.13,137.84,361.53,,-1.3237,-1.8776,0.271,-0.228,0,glrt_zupt
1785683915.889862,35.6847,1,471.23,398.78,715.13,137.84,357.18,,-3.2584,-0.5145,0.184,-0.198,0,glrt_zupt
1785683915.9063773,35.7012,1,474.26,395.5,715.13,137.84,352.72,,-3.2584,-0.5145,0.184,-0.198,0,glrt_zupt
1785683915.9234333,35.7183,1,475.74,392.72,715.13,137.84,349.67,,-4.6343,0.1098,0.087,-0.163,0,glrt_zupt
1785683915.9393454,35.7342,1,477.12,390.13,715.13,137.84,346.84,,-4.6343,0.1098,0.087,-0.163,0,glrt_zupt
1785683915.9560652,35.7509,1,478.58,387.4,715.13,137.84,343.86,,-4.6343,0.1098,0.087,-0.163,0,glrt_zupt
1785683915.9732907,35.7682,1,478.58,385.19,715.13,137.84,342.26,,-4.1509,0.4409,0.0,-0.129,0,glrt_zupt
1785683915.9893801,35.7842,1,478.58,383.12,715.13,137.84,340.76,,-4.1509,0.4409,0.0,-0.129,0,glrt_zupt
1785683916.0059793,35.8008,1,478.58,381.46,715.13,137.84,339.57,,-3.0516,0.5375,0.0,-0.1,0,glrt_zupt
1785683916.023338,35.8182,1,478.58,379.73,715.13,137.84,338.33,,-3.0516,0.5375,0.0,-0.1,0,glrt_zupt
1785683916.0405123,35.8354,1,478.58,378.74,715.13,137.84,337.62,,-1.4759,1.7697,0.0,-0.058,0,glrt_zupt
1785683916.0563483,35.8512,1,478.58,377.83,715.13,137.84,336.97,,-1.4759,1.7697,0.0,-0.058,0,glrt_zupt
1785683916.073549,35.8684,1,478.58,376.84,715.13,137.84,336.27,,-1.4759,1.7697,0.0,-0.058,0,glrt_zupt
1785683916.089758,35.8846,1,478.58,376.43,715.13,137.84,335.98,,-0.202,1.6826,0.0,-0.025,0,glrt_zupt
1785683916.105662,35.9005,1,478.58,376.02,715.13,137.84,335.69,,-0.202,1.6826,0.0,-0.025,0,glrt_zupt
1785683916.121874,35.9167,1,478.58,376.02,715.13,137.84,335.69,,-0.4181,0.9371,0.0,0.0,0,glrt_zupt
1785683916.1392376,35.9341,1,478.58,376.02,715.13,137.84,335.69,,-0.4181,0.9371,0.0,0.0,0,glrt_zupt
1785683916.1558478,35.9507,1,478.58,376.02,715.13,137.84,335.69,,-0.4181,0.9371,0.0,0.0,0,glrt_zupt
1785683916.1713126,35.9662,1,478.58,376.02,715.13,137.84,335.69,,0.1204,1.1633,0.0,0.0,0,glrt_zupt
1785683916.1881144,35.983,1,478.58,376.02,715.13,137.84,335.69,,0.1204,1.1633,0.0,0.0,0,glrt_zupt
1785683916.2052615,36.0001,1,478.58,376.02,715.13,137.84,335.69,,0.7494,1.0674,0.0,0.0,0,glrt_zupt
1785683916.2221477,36.017,1,478.58,376.02,715.13,137.84,335.69,,0.7494,1.0674,0.0,0.0,0,glrt_zupt
1785683916.238674,36.0335,1,478.58,376.02,715.13,137.84,335.69,,0.945,0.6234,0.0,0.0,0,glrt_zupt
1785683916.2550147,36.0499,1,478.58,376.02,715.13,137.84,335.69,,0.945,0.6234,0.0,0.0,0,glrt_zupt
1785683916.2722502,36.0671,1,478.58,376.02,715.13,137.84,335.69,,0.945,0.6234,0.0,0.0,0,glrt_zupt
1785683916.2889674,36.0838,1,478.58,376.02,715.13,137.84,335.69,,1.0925,0.5625,0.0,0.0,0,glrt_zupt
1785683916.306063,36.1009,1,478.58,376.02,715.13,137.84,335.69,,1.0925,0.5625,0.0,0.0,0,glrt_zupt
1785683916.3235974,36.1185,1,478.58,376.02,715.13,137.84,335.69,,0.8244,0.3649,0.0,0.0,0,glrt_zupt
1785683916.3393815,36.1342,1,478.58,376.02,715.13,137.84,335.69,,0.8244,0.3649,0.0,0.0,0,glrt_zupt
1785683916.3553152,36.1502,1,478.58,376.02,715.13,137.84,335.69,,1.0454,0.2098,0.0,0.0,0,glrt_zupt
1785683916.3715177,36.1664,1,478.58,376.02,715.13,137.84,335.69,,1.0454,0.2098,0.0,0.0,0,glrt_zupt
1785683916.3883157,36.1832,1,478.58,376.02,715.13,137.84,335.69,,1.0454,0.2098,0.0,0.0,0,glrt_zupt
1785683916.4050462,36.1999,1,478.58,376.02,715.13,137.84,335.69,,1.4043,0.1508,0.0,0.0,0,glrt_zupt
1785683916.4219735,36.2168,1,478.58,376.02,715.13,137.84,335.69,,1.4043,0.1508,0.0,0.0,0,glrt_zupt
1785683916.4390936,36.234,1,478.58,376.02,715.13,137.84,335.69,,1.1154,-0.0894,0.0,0.0,0,glrt_zupt
1785683916.4558477,36.2507,1,478.58,376.02,715.13,137.84,335.69,,1.1154,-0.0894,0.0,0.0,0,glrt_zupt
1785683916.472202,36.2671,1,478.58,376.02,715.13,137.84,335.69,,1.2101,0.0315,0.0,0.0,0,glrt_zupt
1785683916.4893382,36.2842,1,478.58,376.02,715.13,137.84,335.69,,1.2101,0.0315,0.0,0.0,0,glrt_zupt
1785683916.505283,36.3002,1,478.58,376.02,715.13,137.84,335.69,,1.2101,0.0315,0.0,0.0,0,glrt_zupt
1785683916.5224252,36.3173,1,478.58,376.02,715.13,137.84,335.69,,1.269,0.1294,0.0,0.0,0,glrt_zupt
1785683916.5390272,36.3339,1,478.58,376.02,715.13,137.84,335.69,,1.269,0.1294,0.0,0.0,0,glrt_zupt
1785683916.555733,36.3506,1,478.58,376.02,715.13,137.84,335.69,,0.2642,0.6062,0.0,0.0,0,glrt_zupt
1785683916.5719333,36.3668,1,478.58,376.02,715.13,137.84,335.69,,0.2642,0.6062,0.0,0.0,0,glrt_zupt
1785683916.589273,36.3841,1,478.58,376.02,715.13,137.84,335.69,,0.2642,0.6062,0.0,0.0,0,glrt_zupt
1785683916.6064386,36.4013,1,478.58,376.02,715.13,137.84,335.69,,-1.1884,0.6763,0.0,0.0,0,glrt_zupt
1785683916.6229768,36.4178,1,478.58,376.02,715.13,137.84,335.69,,-1.1884,0.6763,0.0,0.0,0,glrt_zupt
1785683916.6400037,36.4349,1,478.58,376.02,715.13,137.84,335.69,,-2.901,0.5392,0.0,0.0,0,glrt_zupt
1785683916.657524,36.4524,1,478.58,376.02,715.13,137.84,335.69,,-2.901,0.5392,0.0,0.0,0,glrt_zupt
1785683916.6734238,36.4683,1,478.58,376.02,715.13,137.84,335.69,,-3.0501,0.9702,0.0,0.0,0,glrt_zupt
1785683916.6893628,36.4842,1,478.58,376.02,715.13,137.84,335.69,,-3.0501,0.9702,0.0,0.0,0,glrt_zupt
1785683916.7059543,36.5008,1,478.58,376.02,715.13,137.84,335.69,,-3.0501,0.9702,0.0,0.0,0,glrt_zupt
1785683916.7234657,36.5183,1,478.58,376.02,715.13,137.84,335.69,,-2.8494,0.9392,0.0,0.0,0,glrt_zupt
1785683916.7395425,36.5344,1,478.58,376.02,715.13,137.84,335.69,,-2.8494,0.9392,0.0,0.0,0,glrt_zupt
1785683916.7558713,36.5507,1,478.58,376.02,715.13,137.84,335.69,,-3.0513,-0.1464,0.0,0.0,0,glrt_zupt
1785683916.7717576,36.5666,1,478.58,376.02,715.13,137.84,335.69,,-3.0513,-0.1464,0.0,0.0,0,glrt_zupt
1785683916.78738,36.5822,1,478.58,376.02,715.13,137.84,335.69,,-3.0513,-0.1464,0.0,0.0,0,glrt_zupt
1785683916.8044267,36.5993,1,478.58,376.02,715.13,137.84,335.69,,-0.1416,-0.5203,0.0,0.0,0,glrt_zupt
1785683916.8202686,36.6151,1,478.58,376.02,715.13,137.84,335.69,,-0.1416,-0.5203,0.0,0.0,0,glrt_zupt
1785683916.8381248,36.633,1,478.58,376.02,715.13,137.84,335.69,,1.2988,-0.1768,0.0,0.0,0,glrt_zupt
1785683916.854921,36.6498,1,478.58,376.02,715.13,137.84,335.69,,1.2988,-0.1768,0.0,0.0,0,glrt_zupt
1785683916.8721309,36.667,1,478.58,376.02,715.13,137.84,335.69,,1.2988,-0.1768,0.0,0.0,0,glrt_zupt
1785683916.8889792,36.6838,1,478.58,376.02,715.13,137.84,335.69,,0.6182,-1.2317,0.0,0.0,0,glrt_zupt
1785683916.9062002,36.7011,1,478.58,376.02,715.13,137.84,335.69,,0.6182,-1.2317,0.0,0.0,0,glrt_zupt
1785683916.9234185,36.7183,1,478.58,376.02,715.13,137.84,335.69,,1.8244,-1.5474,0.0,0.0,0,glrt_zupt
1785683916.9400265,36.7349,1,478.58,376.02,715.13,137.84,335.69,,1.8244,-1.5474,0.0,0.0,0,glrt_zupt
1785683916.9570045,36.7519,1,478.58,376.02,715.13,137.84,335.69,,1.9761,-1.4764,0.0,0.0,0,glrt_zupt
1785683916.9741538,36.769,1,478.58,376.02,715.13,137.84,335.69,,1.9761,-1.4764,0.0,0.0,0,glrt_zupt
1785683916.9907942,36.7857,1,478.58,376.02,715.13,137.84,335.69,,1.9761,-1.4764,0.0,0.0,0,glrt_zupt
1785683917.0069985,36.8019,1,478.58,376.02,715.13,137.84,335.69,,2.3962,-1.9483,0.0,0.0,0,glrt_zupt
1785683917.024387,36.8193,1,478.58,376.02,715.13,137.84,335.69,,2.3962,-1.9483,0.0,0.0,0,glrt_zupt
1785683917.041252,36.8361,1,478.58,376.02,715.13,137.84,335.69,,2.5649,-1.948,0.0,0.0,0,glrt_zupt
1785683917.0579846,36.8529,1,478.58,376.02,715.13,137.84,335.69,,2.5649,-1.948,0.0,0.0,0,glrt_zupt
1785683917.075265,36.8701,1,478.58,376.02,715.13,137.84,335.69,,2.5649,-1.948,0.0,0.0,0,glrt_zupt
1785683917.0921087,36.887,1,478.58,376.02,715.13,137.84,335.69,,3.5126,-1.5598,0.0,0.0,0,glrt_zupt
1785683917.109129,36.904,1,478.58,376.02,715.13,137.84,335.69,,3.5126,-1.5598,0.0,0.0,0,glrt_zupt
1785683917.125848,36.9207,1,478.58,376.02,715.13,137.84,335.69,,3.539,-1.066,0.0,0.0,0,glrt_zupt
1785683917.1415396,36.9364,1,478.58,376.02,715.13,137.84,335.69,,3.539,-1.066,0.0,0.0,0,glrt_zupt
1785683917.157675,36.9525,1,478.58,374.65,715.13,137.84,334.72,,3.0579,-0.8753,0.0,-0.085,0,glrt_zupt
1785683917.1739485,36.9688,1,478.58,373.26,715.13,137.84,333.74,,3.0579,-0.8753,0.0,-0.085,0,glrt_zupt
1785683917.1901875,36.9851,1,478.58,371.88,715.13,137.84,332.77,,3.0579,-0.8753,0.0,-0.085,0,glrt_zupt
1785683917.2079687,37.0028,1,481.73,370.46,715.13,137.84,329.53,,2.976,-0.6729,0.177,-0.08,0,glrt_zupt
1785683917.2250564,37.0199,1,484.75,369.1,715.13,137.84,326.43,,2.976,-0.6729,0.177,-0.08,0,glrt_zupt
1785683917.241704,37.0366,1,487.66,367.89,715.13,137.84,323.52,,1.9533,-0.4433,0.175,-0.073,0,glrt_zupt
1785683917.2581754,37.053,1,490.54,366.69,715.13,137.84,320.64,,1.9533,-0.4433,0.175,-0.073,0,glrt_zupt
1785683917.2752075,37.0701,1,493.52,365.45,715.13,137.84,317.68,,1.9533,-0.4433,0.175,-0.073,0,glrt_zupt
1785683917.2921143,37.087,1,496.35,364.35,715.13,137.84,314.92,,1.5946,-0.3324,0.168,-0.065,0,glrt_zupt
1785683917.3092742,37.1041,1,499.23,363.23,715.13,137.84,312.12,,1.5946,-0.3324,0.168,-0.065,0,glrt_zupt
1785683917.3258548,37.1207,1,501.95,362.33,715.13,137.84,309.58,,1.7733,-0.0329,0.164,-0.055,0,glrt_zupt
1785683917.3434298,37.1383,1,504.84,361.36,715.13,137.84,306.9,,1.7733,-0.0329,0.164,-0.055,0,glrt_zupt
1785683917.3594944,37.1544,1,507.48,360.49,715.13,137.84,304.45,,1.7733,-0.0329,0.164,-0.055,0,glrt_zupt
1785683917.3750708,37.1699,1,509.84,359.78,715.13,137.84,302.33,,0.9577,0.0587,0.151,-0.045,0,glrt_zupt
1785683917.3918018,37.1867,1,512.37,359.02,715.13,137.84,300.05,,0.9577,0.0587,0.151,-0.045,0,glrt_zupt
1785683917.4083753,37.2032,1,514.6,358.44,715.13,137.84,298.13,,0.5718,0.2257,0.134,-0.035,0,glrt_zupt
1785683917.4240568,37.2189,1,516.7,357.9,715.13,137.84,296.31,,0.5718,0.2257,0.134,-0.035,0,glrt_zupt
1785683917.4411073,37.236,1,518.72,357.49,715.13,137.84,294.66,,0.5066,0.3658,0.118,-0.024,0,glrt_zupt
1785683917.458269,37.2531,1,520.75,357.08,715.13,137.84,293.0,,0.5066,0.3658,0.118,-0.024,0,glrt_zupt
1785683917.4749694,37.2698,1,522.5,357.08,715.13,137.84,291.85,,0.4152,0.3272,0.104,0.0,0,glrt_zupt
1785683917.4916189,37.2865,1,524.24,357.08,715.13,137.84,290.7,,0.4152,0.3272,0.104,0.0,0,glrt_zupt
1785683917.508202,37.3031,1,525.97,357.08,715.13,137.84,289.57,,0.4152,0.3272,0.104,0.0,0,glrt_zupt
1785683917.525206,37.3201,1,527.38,357.08,715.13,137.84,288.65,,-0.2793,0.2987,0.083,0.0,0,glrt_zupt
1785683917.5422235,37.3371,1,528.78,357.08,715.13,137.84,287.74,,-0.2793,0.2987,0.083,0.0,0,glrt_zupt
1785683917.5589786,37.3538,1,529.89,357.08,715.13,137.84,287.03,,-0.2209,0.3321,0.066,0.0,0,glrt_zupt
1785683917.5756223,37.3705,1,530.98,357.08,715.13,137.84,286.32,,-0.2209,0.3321,0.066,0.0,0,glrt_zupt
1785683917.5919766,37.3868,1,532.06,357.08,715.13,137.84,285.63,,-0.2209,0.3321,0.066,0.0,0,glrt_zupt
1785683917.6094522,37.4043,1,532.97,357.08,715.13,137.84,285.05,,-0.1604,0.2841,0.052,0.0,0,glrt_zupt
1785683917.6251662,37.42,1,533.78,357.08,715.13,137.84,284.53,,-0.1604,0.2841,0.052,0.0,0,glrt_zupt
1785683917.6420538,37.4369,1,534.66,357.08,715.13,137.84,283.97,,-0.1604,0.2841,0.052,0.0,0,glrt_zupt
1785683917.6586735,37.4535,1,535.34,357.08,715.13,137.84,283.53,,-0.1654,0.2203,0.041,0.0,0,glrt_zupt
1785683917.6750722,37.4699,1,536.02,357.08,715.13,137.84,283.11,,-0.1654,0.2203,0.041,0.0,0,glrt_zupt
1785683917.6924405,37.4873,1,536.73,357.08,715.13,137.84,282.66,,-0.1654,0.2203,0.041,0.0,0,glrt_zupt
1785683917.7081673,37.503,1,537.3,357.08,715.13,137.84,282.3,,0.1368,0.4598,0.036,0.0,0,glrt_zupt
1785683917.7241316,37.519,1,537.88,357.08,715.13,137.84,281.93,,0.1368,0.4598,0.036,0.0,0,glrt_zupt
1785683917.7409918,37.5359,1,538.46,357.08,715.13,137.84,281.57,,0.2633,0.179,0.034,0.0,0,glrt_zupt
1785683917.7583146,37.5532,1,539.04,357.08,715.13,137.84,281.2,,0.2633,0.179,0.034,0.0,0,glrt_zupt
1785683917.7750869,37.57,1,539.61,357.08,715.13,137.84,280.85,,0.2633,0.179,0.034,0.0,0,glrt_zupt
1785683917.7921367,37.587,1,540.19,357.08,715.13,137.84,280.49,,0.3817,0.2724,0.034,0.0,0,glrt_zupt
1785683917.8091686,37.604,1,540.76,357.08,715.13,137.84,280.13,,0.3817,0.2724,0.034,0.0,0,glrt_zupt
1785683917.8258455,37.6207,1,541.28,357.08,715.13,137.84,279.81,,0.243,0.3496,0.031,0.0,0,glrt_zupt
1785683917.8424177,37.6373,1,541.8,357.08,715.13,137.84,279.48,,0.243,0.3496,0.031,0.0,0,glrt_zupt
1785683917.8580832,37.653,1,542.29,357.08,715.13,137.84,279.18,,0.243,0.3496,0.031,0.0,0,glrt_zupt
1785683917.8754992,37.6704,1,542.71,357.08,715.13,137.84,278.92,,-0.1482,0.2095,0.024,0.0,0,glrt_zupt
1785683917.8915982,37.6865,1,543.09,357.08,715.13,137.84,278.69,,-0.1482,0.2095,0.024,0.0,0,glrt_zupt
1785683917.9071214,37.702,1,543.09,357.08,715.13,137.84,278.69,,-0.4053,0.1849,0.0,0.0,0,glrt_zupt
1785683917.9242468,37.7191,1,543.09,357.08,715.13,137.84,278.69,,-0.4053,0.1849,0.0,0.0,0,glrt_zupt
1785683917.9410038,37.7359,1,543.09,357.08,715.13,137.84,278.69,,-0.642,0.2052,0.0,0.0,0,glrt_zupt
1785683917.9580326,37.7529,1,543.09,357.08,715.13,137.84,278.69,,-0.642,0.2052,0.0,0.0,0,glrt_zupt
1785683917.9755545,37.7704,1,543.09,357.08,715.13,137.84,278.69,,-0.642,0.2052,0.0,0.0,0,glrt_zupt
1785683917.9912274,37.7861,1,543.09,357.08,715.13,137.84,278.69,,-0.2282,0.3441,0.0,0.0,0,glrt_zupt
1785683918.0079486,37.8028,1,543.09,357.08,715.13,137.84,278.69,,-0.2282,0.3441,0.0,0.0,0,glrt_zupt
1785683918.025376,37.8202,1,543.09,357.08,715.13,137.84,278.69,,-0.2459,0.298,0.0,0.0,0,glrt_zupt
1785683918.0411835,37.8361,1,543.09,357.08,715.13,137.84,278.69,,-0.2459,0.298,0.0,0.0,0,glrt_zupt
1785683918.0583386,37.8532,1,543.09,357.08,715.13,137.84,278.69,,-0.2459,0.298,0.0,0.0,0,glrt_zupt
1785683918.0753357,37.8702,1,543.09,357.08,715.13,137.84,278.69,,-0.064,0.1344,0.0,0.0,0,glrt_zupt
1785683918.091405,37.8863,1,543.09,357.08,715.13,137.84,278.69,,-0.064,0.1344,0.0,0.0,0,glrt_zupt
1785683918.1084049,37.9033,1,543.09,357.08,715.13,137.84,278.69,,0.5327,0.3959,0.0,0.0,0,glrt_zupt
1785683918.1249182,37.9198,1,543.09,357.08,715.13,137.84,278.69,,0.5327,0.3959,0.0,0.0,0,glrt_zupt
1785683918.1419988,37.9369,1,543.09,357.08,715.13,137.84,278.69,,0.5327,0.3959,0.0,0.0,0,glrt_zupt
1785683918.1585073,37.9534,1,543.09,357.08,715.13,137.84,278.69,,0.4818,0.174,0.0,0.0,0,glrt_zupt
1785683918.1750007,37.9699,1,543.09,357.08,715.13,137.84,278.69,,0.4818,0.174,0.0,0.0,0,glrt_zupt
1785683918.192048,37.9869,1,543.09,357.08,715.13,137.84,278.69,,0.4818,0.174,0.0,0.0,0,glrt_zupt
1785683918.2094223,38.0043,1,543.09,357.08,715.13,137.84,278.69,,0.7575,-0.0707,0.0,0.0,0,glrt_zupt
1785683918.2251546,38.02,1,543.09,357.08,715.13,137.84,278.69,,0.7575,-0.0707,0.0,0.0,0,glrt_zupt
1785683918.2421489,38.037,1,543.09,357.08,715.13,137.84,278.69,,0.7575,-0.0707,0.0,0.0,0,glrt_zupt
1785683918.2586887,38.0536,1,543.09,357.08,715.13,137.84,278.69,,0.7575,-0.0707,0.0,0.0,0,glrt_zupt
1785683918.2751112,38.07,1,543.09,357.08,715.13,137.84,278.69,,2.4302,-0.4028,0.0,0.0,0,glrt_zupt
1785683918.2923963,38.0873,1,543.09,357.08,715.13,137.84,278.69,,2.4302,-0.4028,0.0,0.0,0,glrt_zupt
1785683918.309094,38.104,1,543.09,357.08,715.13,137.84,278.69,,2.4302,-0.4028,0.0,0.0,0,glrt_zupt
1785683918.32575,38.1206,1,543.09,357.08,715.13,137.84,278.69,,3.1531,-1.1948,0.0,0.0,0,glrt_zupt
1785683918.3426986,38.1376,1,543.09,357.08,715.13,137.84,278.69,,3.1531,-1.1948,0.0,0.0,0,glrt_zupt
1785683918.3582942,38.1532,1,543.09,357.08,715.13,137.84,278.69,,3.1531,-1.1948,0.0,0.0,0,glrt_zupt
1785683918.3752627,38.1701,1,543.09,357.08,715.13,137.84,278.69,,3.8007,-1.3142,0.0,0.0,0,glrt_zupt
1785683918.3921049,38.187,1,543.09,357.08,715.13,137.84,278.69,,3.8007,-1.3142,0.0,0.0,0,glrt_zupt
1785683918.409467,38.2043,1,543.09,357.08,715.13,137.84,278.69,,3.4349,-1.3638,0.0,0.0,0,glrt_zupt
1785683918.425785,38.2207,1,543.09,357.08,715.13,137.84,278.69,,3.4349,-1.3638,0.0,0.0,0,glrt_zupt
1785683918.4413285,38.2362,1,543.09,357.08,715.13,137.84,278.69,,2.5752,-1.4097,0.0,0.0,0,glrt_zupt
1785683918.4571533,38.252,1,543.09,357.08,715.13,137.84,278.69,,2.5752,-1.4097,0.0,0.0,0,glrt_zupt
1785683918.4743357,38.2692,1,543.09,357.08,715.13,137.84,278.69,,2.5752,-1.4097,0.0,0.0,0,glrt_zupt
1785683918.4905334,38.2854,1,545.51,357.08,715.13,137.84,277.2,,1.0269,-1.2775,0.15,0.0,0,glrt_zupt
1785683918.5071173,38.302,1,548.0,357.08,715.13,137.84,275.68,,1.0269,-1.2775,0.15,0.0,0,glrt_zupt
1785683918.523812,38.3187,1,550.18,357.08,715.13,137.84,274.37,,0.4257,-1.038,0.131,0.0,0,glrt_zupt
1785683918.5400646,38.3349,1,552.3,357.08,715.13,137.84,273.1,,0.4257,-1.038,0.131,0.0,0,glrt_zupt
1785683918.557132,38.352,1,554.53,357.08,715.13,137.84,271.77,,0.4257,-1.038,0.131,0.0,0,glrt_zupt
1785683918.5737607,38.3686,1,556.22,357.08,715.13,137.84,270.78,,-0.5517,-0.775,0.101,0.0,0,glrt_zupt
1785683918.59016,38.385,1,557.88,357.08,715.13,137.84,269.81,,-0.5517,-0.775,0.101,0.0,0,glrt_zupt
1785683918.6070023,38.4019,1,559.58,357.08,715.13,137.84,268.82,,-0.5517,-0.775,0.101,0.0,0,glrt_zupt
1785683918.6235547,38.4184,1,560.89,357.08,715.13,137.84,268.07,,-0.4264,0.0492,0.079,0.0,0,glrt_zupt
1785683918.6403842,38.4353,1,562.21,357.08,715.13,137.84,267.31,,-0.4264,0.0492,0.079,0.0,0,glrt_zupt
1785683918.6572726,38.4521,1,563.54,357.08,715.13,137.84,266.55,,-0.4264,0.0492,0.079,0.0,0,glrt_zupt
1785683918.6741054,38.469,1,564.57,357.08,715.13,137.84,265.96,,-0.2695,-0.4389,0.062,0.0,0,glrt_zupt
1785683918.6914163,38.4863,1,565.64,357.08,715.13,137.84,265.36,,-0.2695,-0.4389,0.062,0.0,0,glrt_zupt
1785683918.7080579,38.5029,1,566.67,357.08,715.13,137.84,264.78,,-0.2695,-0.4389,0.062,0.0,0,glrt_zupt
1785683918.7252462,38.5201,1,567.73,357.08,715.13,137.84,264.19,,-0.2695,-0.4389,0.062,0.0,0,glrt_zupt
1785683918.7419496,38.5368,1,567.73,357.08,715.13,137.84,264.19,,-2.6798,-0.4067,0.0,0.0,0,glrt_zupt
1785683918.7593336,38.5542,1,567.73,357.08,715.13,137.84,264.19,,-2.6798,-0.4067,0.0,0.0,0,glrt_zupt
1785683918.7765272,38.5714,1,567.73,357.08,715.13,137.84,264.19,,-2.6798,-0.4067,0.0,0.0,0,glrt_zupt
1785683918.7923293,38.5872,1,567.73,357.08,715.13,137.84,264.19,,-2.8571,-0.4739,0.0,0.0,0,glrt_zupt
1785683918.8095295,38.6044,1,567.73,357.08,715.13,137.84,264.19,,-2.8571,-0.4739,0.0,0.0,0,glrt_zupt
1785683918.8252895,38.6202,1,567.73,357.08,715.13,137.84,264.19,,-4.194,-1.1692,0.0,0.0,0,glrt_zupt
1785683918.8421516,38.637,1,567.73,357.08,715.13,137.84,264.19,,-4.194,-1.1692,0.0,0.0,0,glrt_zupt
1785683918.8587105,38.6536,1,567.73,357.08,715.13,137.84,264.19,,-4.194,-1.1692,0.0,0.0,0,glrt_zupt
1785683918.8743155,38.6692,1,567.73,357.08,715.13,137.84,264.19,,-3.9209,0.3091,0.0,0.0,0,glrt_zupt
1785683918.8906665,38.6855,1,567.73,357.08,715.13,137.84,264.19,,-3.9209,0.3091,0.0,0.0,0,glrt_zupt
1785683918.9069216,38.7018,1,567.73,357.08,715.13,137.84,264.19,,-3.9209,0.3091,0.0,0.0,0,glrt_zupt
1785683918.9236438,38.7185,1,567.73,357.08,715.13,137.84,264.19,,-2.7678,0.29,0.0,0.0,0,glrt_zupt
1785683918.940151,38.735,1,567.73,357.08,715.13,137.84,264.19,,-2.7678,0.29,0.0,0.0,0,glrt_zupt
1785683918.9571226,38.752,1,567.73,357.08,715.13,137.84,264.19,,-2.7678,0.29,0.0,0.0,0,glrt_zupt
1785683918.974226,38.7691,1,567.73,357.08,715.13,137.84,264.19,,-2.2721,0.2566,0.0,0.0,0,glrt_zupt
1785683918.9903116,38.7852,1,567.73,357.08,715.13,137.84,264.19,,-2.2721,0.2566,0.0,0.0,0,glrt_zupt
1785683919.0079818,38.8028,1,567.73,357.08,715.13,137.84,264.19,,-2.2721,0.2566,0.0,0.0,0,glrt_zupt
1785683919.0247,38.8196,1,565.53,357.08,715.13,137.84,265.42,,-0.7353,0.9148,-0.131,0.0,0,glrt_zupt
1785683919.0412,38.8361,1,563.37,357.08,715.13,137.84,266.64,,-0.7353,0.9148,-0.131,0.0,0,glrt_zupt
1785683919.0579333,38.8528,1,561.18,357.08,715.13,137.84,267.9,,-0.7353,0.9148,-0.131,0.0,0,glrt_zupt
1785683919.0758908,38.8708,1,559.28,357.08,715.13,137.84,268.99,,0.1267,1.2514,-0.106,0.0,0,glrt_zupt
1785683919.0935285,38.8884,1,557.42,357.08,715.13,137.84,270.08,,0.1267,1.2514,-0.106,0.0,0,glrt_zupt
1785683919.1100967,38.905,1,556.16,357.08,715.13,137.84,270.81,,0.8882,1.0106,-0.076,0.0,0,glrt_zupt
1785683919.1273406,38.9222,1,554.85,357.08,715.13,137.84,271.58,,0.8882,1.0106,-0.076,0.0,0,glrt_zupt
1785683919.1434202,38.9383,1,554.01,357.08,715.13,137.84,272.08,,0.8561,0.6474,-0.052,0.0,0,glrt_zupt
1785683919.1602156,38.9551,1,553.14,357.08,715.13,137.84,272.6,,0.8561,0.6474,-0.052,0.0,0,glrt_zupt
1785683919.1780853,38.973,1,552.58,357.08,715.13,137.84,272.93,,0.8091,0.5106,-0.031,0.0,0,glrt_zupt
1785683919.1947467,38.9896,1,552.07,357.08,715.13,137.84,273.24,,0.8091,0.5106,-0.031,0.0,0,glrt_zupt
1785683919.2105649,39.0054,1,551.58,357.08,715.13,137.84,273.53,,0.8091,0.5106,-0.031,0.0,0,glrt_zupt
1785683919.2264507,39.0213,1,551.58,357.08,715.13,137.84,273.53,,0.8583,0.7633,0.0,0.0,0,glrt_zupt
1785683919.242965,39.0378,1,551.58,357.08,715.13,137.84,273.53,,0.8583,0.7633,0.0,0.0,0,glrt_zupt
1785683919.2601762,39.055,1,551.58,357.08,715.13,137.84,273.53,,0.9978,0.7607,0.0,0.0,0,glrt_zupt
1785683919.2769551,39.0718,1,551.58,357.08,715.13,137.84,273.53,,0.9978,0.7607,0.0,0.0,0,glrt_zupt
1785683919.2942703,39.0891,1,551.58,357.08,715.13,137.84,273.53,,0.8806,0.4023,0.0,0.0,0,glrt_zupt
1785683919.310418,39.1053,1,551.58,357.08,715.13,137.84,273.53,,0.8806,0.4023,0.0,0.0,0,glrt_zupt
1785683919.3260577,39.1209,1,551.58,357.08,715.13,137.84,273.53,,0.8806,0.4023,0.0,0.0,0,glrt_zupt
1785683919.3431754,39.138,1,551.58,357.08,715.13,137.84,273.53,,1.0015,0.3724,0.0,0.0,0,glrt_zupt
1785683919.3594646,39.1543,1,551.58,357.08,715.13,137.84,273.53,,1.0015,0.3724,0.0,0.0,0,glrt_zupt
1785683919.3761637,39.171,1,551.58,357.08,715.13,137.84,273.53,,1.0015,0.3724,0.0,0.0,0,glrt_zupt
1785683919.3934078,39.1883,1,551.58,357.08,715.13,137.84,273.53,,1.008,0.4501,0.0,0.0,0,glrt_zupt
1785683919.4092324,39.2041,1,551.58,357.08,715.13,137.84,273.53,,1.008,0.4501,0.0,0.0,0,glrt_zupt
1785683919.4258163,39.2207,1,551.58,357.08,715.13,137.84,273.53,,1.008,0.4501,0.0,0.0,0,glrt_zupt
1785683919.4415393,39.2364,1,551.58,357.08,715.13,137.84,273.53,,0.7972,0.1834,0.0,0.0,0,glrt_zupt
1785683919.4582176,39.2531,1,551.58,357.08,715.13,137.84,273.53,,0.7972,0.1834,0.0,0.0,0,glrt_zupt
1785683919.4755294,39.2704,1,551.58,357.08,715.13,137.84,273.53,,1.0474,0.3641,0.0,0.0,0,glrt_zupt
1785683919.4912775,39.2861,1,551.58,357.08,715.13,137.84,273.53,,1.0474,0.3641,0.0,0.0,0,glrt_zupt
1785683919.5080032,39.3029,1,551.58,357.08,715.13,137.84,273.53,,1.0474,0.3332,0.0,0.0,0,glrt_zupt
1785683919.524768,39.3196,1,551.58,357.08,715.13,137.84,273.53,,1.0474,0.3332,0.0,0.0,0,glrt_zupt
1785683919.5404685,39.3353,1,551.58,357.08,715.13,137.84,273.53,,1.0474,0.3332,0.0,0.0,0,glrt_zupt
1785683919.5561507,39.351,1,551.58,357.08,715.13,137.84,273.53,,0.9075,0.2266,0.0,0.0,0,glrt_zupt
1785683919.5737236,39.3686,1,551.58,357.08,715.13,137.84,273.53,,0.9075,0.2266,0.0,0.0,0,glrt_zupt
1785683919.5894094,39.3843,1,551.58,357.08,715.13,137.84,273.53,,0.9075,0.2266,0.0,0.0,0,glrt_zupt
1785683919.605304,39.4002,1,551.58,357.08,715.13,137.84,273.53,,0.6995,0.3497,0.0,0.0,0,glrt_zupt
1785683919.6212292,39.4161,1,551.58,357.08,715.13,137.84,273.53,,0.6995,0.3497,0.0,0.0,0,glrt_zupt
1785683919.6381376,39.433,1,551.58,357.08,715.13,137.84,273.53,,0.6995,0.3497,0.0,0.0,0,glrt_zupt
1785683919.6554456,39.4503,1,551.58,357.08,715.13,137.84,273.53,,0.2742,0.3626,0.0,0.0,0,glrt_zupt
1785683919.6724322,39.4673,1,551.58,357.08,715.13,137.84,273.53,,0.2742,0.3626,0.0,0.0,0,glrt_zupt
1785683919.68826,39.4831,1,551.58,357.08,715.13,137.84,273.53,,-0.2263,0.5919,0.0,0.0,0,glrt_zupt
1785683919.705208,39.5001,1,551.58,357.08,715.13,137.84,273.53,,-0.2263,0.5919,0.0,0.0,0,glrt_zupt
1785683919.7225285,39.5174,1,551.58,357.08,715.13,137.84,273.53,,-0.2263,0.5919,0.0,0.0,0,glrt_zupt
1785683919.7391007,39.534,1,551.58,357.08,715.13,137.84,273.53,,-0.1119,0.8644,0.0,0.0,0,glrt_zupt
1785683919.7562284,39.5511,1,551.58,357.08,715.13,137.84,273.53,,-0.1119,0.8644,0.0,0.0,0,glrt_zupt
1785683919.7721264,39.567,1,551.58,357.08,715.13,137.84,273.53,,-0.1119,0.8644,0.0,0.0,0,glrt_zupt
1785683919.7893264,39.5842,1,551.58,357.08,715.13,137.84,273.53,,-0.1119,0.8644,0.0,0.0,0,glrt_zupt
1785683919.8054967,39.6004,1,551.58,357.08,715.13,137.84,273.53,,-0.1119,0.8644,0.0,0.0,0,glrt_zupt
1785683919.822071,39.6169,1,551.58,357.08,715.13,137.84,273.53,,-0.1119,0.8644,0.0,0.0,0,glrt_zupt
1785683919.8394413,39.6343,1,551.58,357.08,715.13,137.84,273.53,,-0.1119,0.8644,0.0,0.0,0,glrt_zupt
1785683919.8553684,39.6502,1,551.58,357.08,715.13,137.84,273.53,,-0.1119,0.8644,0.0,0.0,0,glrt_zupt
1785683919.8714268,39.6663,1,551.58,357.08,715.13,137.84,273.53,,-0.1119,0.8644,0.0,0.0,0,glrt_zupt
1785683919.8879786,39.6828,1,551.58,357.08,715.13,137.84,273.53,,-0.1119,0.8644,0.0,0.0,0,glrt_zupt
1785683919.905578,39.7004,1,551.58,357.08,715.13,137.84,273.53,,-0.1119,0.8644,0.0,0.0,0,glrt_zupt
1785683919.921869,39.7167,1,551.58,357.08,715.13,137.84,273.53,,-0.1119,0.8644,0.0,0.0,0,glrt_zupt
1785683919.937537,39.7324,1,551.58,357.08,715.13,137.84,273.53,,-0.1119,0.8644,0.0,0.0,0,glrt_zupt
1785683919.9542935,39.7492,1,551.58,357.08,715.13,137.84,273.53,,-0.1119,0.8644,0.0,0.0,0,glrt_zupt
1785683919.9709804,39.7658,1,551.58,357.08,715.13,137.84,273.53,,-0.1119,0.8644,0.0,0.0,0,glrt_zupt
1785683919.9882479,39.7831,1,551.58,357.08,715.13,137.84,273.53,,-0.1119,0.8644,0.0,0.0,0,glrt_zupt
1785683920.0049908,39.7999,1,551.58,357.08,715.13,137.84,273.53,,-0.1119,0.8644,0.0,0.0,0,glrt_zupt
1785683920.0215192,39.8164,1,551.58,357.08,715.13,137.84,273.53,,-0.1119,0.8644,0.0,0.0,0,glrt_zupt
1785683920.0373352,39.8322,1,551.58,357.08,715.13,137.84,273.53,,-0.1119,0.8644,0.0,0.0,0,glrt_zupt
1785683920.0546207,39.8495,1,551.58,357.08,715.13,137.84,273.53,,-0.1119,0.8644,0.0,0.0,0,glrt_zupt
1785683920.070789,39.8657,1,551.58,357.08,715.13,137.84,273.53,,-0.1119,0.8644,0.0,0.0,0,glrt_zupt
1785683920.0865974,39.8815,1,551.58,357.08,715.13,137.84,273.53,,-0.1119,0.8644,0.0,0.0,0,glrt_zupt
1785683920.1029384,39.8978,1,551.58,357.08,715.13,137.84,273.53,,-0.1119,0.8644,0.0,0.0,0,glrt_zupt
1785683920.119619,39.9145,1,551.58,357.08,715.13,137.84,273.53,,-0.1119,0.8644,0.0,0.0,0,glrt_zupt
1785683920.1361306,39.931,1,551.58,357.08,715.13,137.84,273.53,,-0.1119,0.8644,0.0,0.0,0,glrt_zupt
1785683920.152711,39.9476,1,551.58,357.08,715.13,137.84,273.53,,-0.1119,0.8644,0.0,0.0,0,glrt_zupt
1785683920.1682057,39.9631,1,551.58,357.08,715.13,137.84,273.53,,-0.1119,0.8644,0.0,0.0,0,glrt_zupt
1785683920.1850252,39.9799,1,551.58,357.08,715.13,137.84,273.53,,-0.1119,0.8644,0.0,0.0,0,glrt_zupt
1785683920.2017412,39.9966,1,551.58,357.08,715.13,137.84,273.53,,-0.1119,0.8644,0.0,0.0,0,glrt_zupt
1785683920.2179825,40.0129,1,551.58,357.08,715.13,137.84,273.53,,-0.1119,0.8644,0.0,0.0,0,glrt_zupt
1785683920.234681,40.0295,1,551.58,357.08,715.13,137.84,273.53,,-0.1119,0.8644,0.0,0.0,0,glrt_zupt
1785683920.250762,40.0456,1,551.58,357.08,715.13,137.84,273.53,,-0.1119,0.8644,0.0,0.0,0,glrt_zupt
1785683920.2666385,40.0615,1,551.58,357.08,715.13,137.84,273.53,,-0.1119,0.8644,0.0,0.0,0,glrt_zupt
1785683920.2824142,40.0773,1,551.58,357.08,715.13,137.84,273.53,,-0.1119,0.8644,0.0,0.0,0,glrt_zupt
1785683920.2982388,40.0931,1,551.58,357.08,715.13,137.84,273.53,,-0.1119,0.8644,0.0,0.0,0,glrt_zupt
1785683920.3154557,40.1103,1,551.58,357.08,715.13,137.84,273.53,,-0.1119,0.8644,0.0,0.0,0,glrt_zupt
1785683920.331219,40.1261,1,551.58,357.08,715.13,137.84,273.53,,-0.1119,0.8644,0.0,0.0,0,glrt_zupt
1785683920.3479438,40.1428,1,551.58,357.08,715.13,137.84,273.53,,-0.1119,0.8644,0.0,0.0,0,glrt_zupt
1785683920.365389,40.1603,1,551.58,357.08,715.13,137.84,273.53,,-0.1119,0.8644,0.0,0.0,0,glrt_zupt
1785683920.38228,40.1771,1,551.58,357.08,715.13,137.84,273.53,,-0.1119,0.8644,0.0,0.0,0,glrt_zupt
1785683920.39941,40.1943,1,551.58,357.08,715.13,137.84,273.53,,-0.1119,0.8644,0.0,0.0,0,glrt_zupt
1785683920.415891,40.2108,1,551.58,357.08,715.13,137.84,273.53,,-0.1119,0.8644,0.0,0.0,0,glrt_zupt
1785683920.4330726,40.2279,1,551.58,357.08,715.13,137.84,273.53,,-0.1119,0.8644,0.0,0.0,0,glrt_zupt
1785683920.4505816,40.2454,1,551.58,357.08,715.13,137.84,273.53,,-0.1119,0.8644,0.0,0.0,0,glrt_zupt
1785683920.4665954,40.2615,1,551.58,357.08,715.13,137.84,273.53,,-0.1119,0.8644,0.0,0.0,0,glrt_zupt
1785683920.4822717,40.2771,1,551.58,357.08,715.13,137.84,273.53,,-0.1119,0.8644,0.0,0.0,0,glrt_zupt
1785683920.4992504,40.2941,1,551.58,357.08,715.13,137.84,273.53,,-0.1119,0.8644,0.0,0.0,0,glrt_zupt
1785683920.5159626,40.3108,1,551.58,357.08,715.13,137.84,273.53,,-0.1119,0.8644,0.0,0.0,0,glrt_zupt
1785683920.5332189,40.3281,1,551.58,357.08,715.13,137.84,273.53,,-0.1119,0.8644,0.0,0.0,0,glrt_zupt
1785683920.5501697,40.345,1,551.58,357.08,715.13,137.84,273.53,,-0.1119,0.8644,0.0,0.0,0,glrt_zupt
1785683920.5682552,40.3631,1,551.58,357.08,715.13,137.84,273.53,,-0.1119,0.8644,0.0,0.0,0,glrt_zupt
1785683920.5846477,40.3795,1,551.58,357.08,715.13,137.84,273.53,,-0.1119,0.8644,0.0,0.0,0,glrt_zupt
1785683920.6011608,40.396,1,551.58,357.08,715.13,137.84,273.53,,-0.1119,0.8644,0.0,0.0,0,glrt_zupt
1785683920.6182432,40.4131,1,551.58,357.08,715.13,137.84,273.53,,-0.1119,0.8644,0.0,0.0,0,glrt_zupt
1785683920.6339827,40.4289,1,551.58,357.08,715.13,137.84,273.53,,-0.1119,0.8644,0.0,0.0,0,glrt_zupt
1785683920.651333,40.4462,1,551.58,357.08,715.13,137.84,273.53,,-0.1119,0.8644,0.0,0.0,0,glrt_zupt
1785683920.6682193,40.4631,1,551.58,357.08,715.13,137.84,273.53,,-0.1119,0.8644,0.0,0.0,0,glrt_zupt
1785683920.685598,40.4805,1,551.58,357.08,715.13,137.84,273.53,,-0.1119,0.8644,0.0,0.0,0,glrt_zupt
1785683920.7021427,40.497,1,551.58,357.08,715.13,137.84,273.53,,-0.1119,0.8644,0.0,0.0,0,glrt_zupt
1785683920.71916,40.514,1,551.58,357.08,715.13,137.84,273.53,,-0.1119,0.8644,0.0,0.0,0,glrt_zupt
1785683920.736268,40.5311,1,551.58,357.08,715.13,137.84,273.53,,-0.1119,0.8644,0.0,0.0,0,glrt_zupt
1785683920.7534256,40.5483,1,551.58,357.08,715.13,137.84,273.53,,-0.1119,0.8644,0.0,0.0,0,glrt_zupt
1785683920.7703135,40.5652,1,551.58,357.08,715.13,137.84,273.53,,-0.1119,0.8644,0.0,0.0,0,glrt_zupt
1785683920.7868211,40.5817,1,551.58,357.08,715.13,137.84,273.53,,-0.1119,0.8644,0.0,0.0,0,glrt_zupt
1785683920.803141,40.598,1,551.58,357.08,715.13,137.84,273.53,,-0.1119,0.8644,0.0,0.0,0,glrt_zupt
1785683920.8199053,40.6148,1,551.58,357.08,715.13,137.84,273.53,,-0.1119,0.8644,0.0,0.0,0,glrt_zupt
1785683920.8372889,40.6322,1,551.58,357.08,715.13,137.84,273.53,,-0.1119,0.8644,0.0,0.0,0,glrt_zupt
1785683920.8529694,40.6478,1,551.58,357.08,715.13,137.84,273.53,,-0.1119,0.8644,0.0,0.0,0,glrt_zupt
1785683920.870123,40.665,1,551.58,357.08,715.13,137.84,273.53,,-0.1119,0.8644,0.0,0.0,0,glrt_zupt
1785683920.8867836,40.6817,1,551.58,357.08,715.13,137.84,273.53,,-0.2855,-0.1162,0.0,0.0,0,glrt_zupt
1785683920.9031363,40.698,1,551.58,357.08,715.13,137.84,273.53,,-0.2855,-0.1162,0.0,0.0,0,glrt_zupt
1785683920.920346,40.7152,1,551.58,357.08,715.13,137.84,273.53,,-0.2855,-0.1162,0.0,0.0,0,glrt_zupt
1785683920.9364805,40.7313,1,551.58,357.08,715.13,137.84,273.53,,-0.0416,1.944,0.0,0.0,0,glrt_zupt
1785683920.9524188,40.7473,1,551.58,357.08,715.13,137.84,273.53,,-0.0416,1.944,0.0,0.0,0,glrt_zupt
1785683920.9694574,40.7643,1,551.58,357.08,715.13,137.84,273.53,,-0.0416,1.944,0.0,0.0,0,glrt_zupt
1785683920.9859142,40.7808,1,551.58,357.08,715.13,137.84,273.53,,0.38,3.4992,0.0,0.0,0,glrt_zupt
1785683921.0035193,40.7984,1,551.58,357.08,715.13,137.84,273.53,,0.38,3.4992,0.0,0.0,0,glrt_zupt
1785683921.0190303,40.8139,1,551.58,357.08,715.13,137.84,273.53,,0.38,3.4992,0.0,0.0,0,glrt_zupt
1785683921.0364645,40.8313,1,551.58,357.08,715.13,137.84,273.53,,0.2844,4.5421,0.0,0.0,0,glrt_zupt
1785683921.0523539,40.8472,1,551.58,357.08,715.13,137.84,273.53,,0.2844,4.5421,0.0,0.0,0,glrt_zupt
1785683921.069406,40.8643,1,551.58,357.08,715.13,137.84,273.53,,0.2844,4.5421,0.0,0.0,0,glrt_zupt
1785683921.0858724,40.8807,1,551.58,357.08,715.13,137.84,273.53,,1.0044,4.8435,0.0,0.0,0,glrt_zupt
1785683921.1032372,40.8981,1,551.58,357.08,715.13,137.84,273.53,,1.0044,4.8435,0.0,0.0,0,glrt_zupt
1785683921.1205924,40.9155,1,551.58,357.08,715.13,137.84,273.53,,1.3718,5.2894,0.0,0.0,0,glrt_zupt
1785683921.1368225,40.9317,1,551.58,357.08,715.13,137.84,273.53,,1.3718,5.2894,0.0,0.0,0,glrt_zupt
1785683921.152601,40.9475,1,551.58,357.08,715.13,137.84,273.53,,1.3718,5.2894,0.0,0.0,0,glrt_zupt
1785683921.1681995,40.9631,1,551.58,361.07,715.13,137.84,276.73,,0.7026,4.7519,0.0,0.256,0,glrt_zupt
1785683921.1850617,40.9799,1,551.58,365.38,715.13,137.84,280.22,,0.7026,4.7519,0.0,0.256,0,glrt_zupt
1785683921.2018266,40.9967,1,551.58,369.76,715.13,137.84,283.79,,-0.6357,3.4824,0.0,0.261,0,glrt_zupt
1785683921.218486,41.0134,1,551.58,374.11,715.13,137.84,287.36,,-0.6357,3.4824,0.0,0.261,0,glrt_zupt
1785683921.2351027,41.03,1,551.58,378.46,715.13,137.84,290.94,,-0.6357,3.4824,0.0,0.261,0,glrt_zupt
1785683921.2517562,41.0466,1,551.58,382.82,715.13,137.84,294.56,,-0.4339,3.1941,0.0,0.262,0,glrt_zupt
1785683921.2684994,41.0634,1,551.58,387.21,715.13,137.84,298.22,,-0.4339,3.1941,0.0,0.262,0,glrt_zupt
1785683921.284223,41.0791,1,551.58,391.12,715.13,137.84,301.5,,0.4295,2.1155,0.0,0.249,0,glrt_zupt
1785683921.3010342,41.0959,1,551.58,395.31,715.13,137.84,305.02,,0.4295,2.1155,0.0,0.249,0,glrt_zupt
1785683921.3184621,41.1133,1,551.58,399.11,715.13,137.84,308.24,,0.7202,0.8622,0.0,0.218,0,glrt_zupt
1785683921.3343644,41.1292,1,551.58,402.57,715.13,137.84,311.18,,0.7202,0.8622,0.0,0.218,0,glrt_zupt
1785683921.3501153,41.145,1,551.58,406.01,715.13,137.84,314.11,,0.7202,0.8622,0.0,0.218,0,glrt_zupt
1785683921.366861,41.1617,1,551.58,409.24,715.13,137.84,316.87,,0.9037,0.818,0.0,0.193,0,glrt_zupt
1785683921.3836744,41.1785,1,551.58,412.48,715.13,137.84,319.65,,0.9037,0.818,0.0,0.193,0,glrt_zupt
1785683921.3992379,41.1941,1,551.58,415.48,715.13,137.84,322.23,,0.9037,0.818,0.0,0.193,0,glrt_zupt
1785683921.4162545,41.2111,1,551.58,418.37,715.13,137.84,324.73,,0.6226,0.7065,0.0,0.17,0,glrt_zupt
1785683921.4337165,41.2286,1,551.58,421.34,715.13,137.84,327.3,,0.6226,0.7065,0.0,0.17,0,glrt_zupt
1785683921.449608,41.2445,1,551.58,423.62,715.13,137.84,329.27,,-0.2853,0.0055,0.0,0.143,0,glrt_zupt
1785683921.4653296,41.2602,1,551.58,425.87,715.13,137.84,331.22,,-0.2853,0.0055,0.0,0.143,0,glrt_zupt
1785683921.4823704,41.2772,1,551.58,428.3,715.13,137.84,333.34,,-0.2853,0.0055,0.0,0.143,0,glrt_zupt
1785683921.498896,41.2938,1,551.58,430.26,715.13,137.84,335.05,,-0.6025,-0.0918,0.0,0.118,0,glrt_zupt
1785683921.5165467,41.3114,1,551.58,432.34,715.13,137.84,336.87,,-0.6025,-0.0918,0.0,0.118,0,glrt_zupt
1785683921.5320544,41.3269,1,551.58,433.87,715.13,137.84,338.2,,-0.3022,-0.1072,0.0,0.098,0,glrt_zupt
1785683921.5491707,41.344,1,551.58,435.55,715.13,137.84,339.68,,-0.3022,-0.1072,0.0,0.098,0,glrt_zupt
1785683921.5666013,41.3615,1,551.58,437.27,715.13,137.84,341.18,,-0.3022,-0.1072,0.0,0.098,0,glrt_zupt
1785683921.5823462,41.3772,1,551.58,438.49,715.13,137.84,342.26,,-0.169,-0.3997,0.0,0.078,0,glrt_zupt
1785683921.5984733,41.3933,1,551.58,439.74,715.13,137.84,343.36,,-0.169,-0.3997,0.0,0.078,0,glrt_zupt
1785683921.614368,41.4092,1,551.58,440.64,715.13,137.84,344.15,,0.1445,-0.6641,0.0,0.056,0,glrt_zupt
1785683921.6310325,41.4259,1,551.58,441.58,715.13,137.84,344.97,,0.1445,-0.6641,0.0,0.056,0,glrt_zupt
1785683921.648148,41.443,1,551.58,442.55,715.13,137.84,345.82,,0.1445,-0.6641,0.0,0.056,0,glrt_zupt
1785683921.6653,41.4602,1,551.58,443.19,715.13,137.84,346.39,,-0.18,-0.6405,0.0,0.038,0,glrt_zupt
1785683921.6822135,41.4771,1,551.58,443.83,715.13,137.84,346.96,,-0.18,-0.6405,0.0,0.038,0,glrt_zupt
1785683921.6988623,41.4937,1,551.58,444.25,715.13,137.84,347.33,,-0.5085,-0.4239,0.0,0.025,0,glrt_zupt
1785683921.7150924,41.51,1,551.58,444.67,715.13,137.84,347.69,,-0.5085,-0.4239,0.0,0.025,0,glrt_zupt
1785683921.7324667,41.5273,1,551.58,444.67,715.13,137.84,347.69,,0.1578,-0.1366,0.0,0.0,0,glrt_zupt
1785683921.7481363,41.543,1,551.58,444.67,715.13,137.84,347.69,,0.1578,-0.1366,0.0,0.0,0,glrt_zupt
1785683921.7646532,41.5595,1,551.58,444.67,715.13,137.84,347.69,,0.1578,-0.1366,0.0,0.0,0,glrt_zupt
1785683921.7803679,41.5752,1,551.58,444.67,715.13,137.84,347.69,,-0.0919,-0.1898,0.0,0.0,0,glrt_zupt
1785683921.7964694,41.5913,1,551.58,444.67,715.13,137.84,347.69,,-0.0919,-0.1898,0.0,0.0,0,glrt_zupt
1785683921.8126025,41.6075,1,551.58,444.67,715.13,137.84,347.69,,-0.4404,-0.098,0.0,0.0,0,glrt_zupt
1785683921.8291028,41.624,1,551.58,444.67,715.13,137.84,347.69,,-0.4404,-0.098,0.0,0.0,0,glrt_zupt
1785683921.846396,41.6413,1,551.58,444.67,715.13,137.84,347.69,,-0.4404,-0.098,0.0,0.0,0,glrt_zupt
1785683921.863433,41.6583,1,551.58,444.67,715.13,137.84,347.69,,0.2273,0.1507,0.0,0.0,0,glrt_zupt
1785683921.879487,41.6744,1,551.58,444.67,715.13,137.84,347.69,,0.2273,0.1507,0.0,0.0,0,glrt_zupt
1785683921.8955104,41.6904,1,551.58,444.67,715.13,137.84,347.69,,-0.068,-0.0741,0.0,0.0,0,glrt_zupt
1785683921.9115193,41.7064,1,551.58,444.67,715.13,137.84,347.69,,-0.068,-0.0741,0.0,0.0,0,glrt_zupt
1785683921.9283037,41.7232,1,551.58,444.67,715.13,137.84,347.69,,0.0215,0.1324,0.0,0.0,0,glrt_zupt
1785683921.9442353,41.7391,1,551.58,444.67,715.13,137.84,347.69,,0.0215,0.1324,0.0,0.0,0,glrt_zupt
1785683921.9612968,41.7562,1,551.58,444.67,715.13,137.84,347.69,,0.0215,0.1324,0.0,0.0,0,glrt_zupt
1785683921.978365,41.7732,1,551.58,444.67,715.13,137.84,347.69,,0.1744,0.1249,0.0,0.0,0,glrt_zupt
1785683921.994696,41.7896,1,551.58,444.67,715.13,137.84,347.69,,0.1744,0.1249,0.0,0.0,0,glrt_zupt
1785683922.0110793,41.8059,1,551.58,444.67,715.13,137.84,347.69,,0.1337,0.241,0.0,0.0,0,glrt_zupt
1785683922.0277832,41.8227,1,551.58,444.67,715.13,137.84,347.69,,0.1337,0.241,0.0,0.0,0,glrt_zupt
1785683922.043537,41.8384,1,551.58,444.67,715.13,137.84,347.69,,-0.1083,0.2188,0.0,0.0,0,glrt_zupt
1785683922.0603576,41.8552,1,551.58,444.67,715.13,137.84,347.69,,-0.1083,0.2188,0.0,0.0,0,glrt_zupt
1785683922.076975,41.8718,1,551.58,444.67,715.13,137.84,347.69,,-0.2898,0.2873,0.0,0.0,0,glrt_zupt
1785683922.0939028,41.8888,1,551.58,444.67,715.13,137.84,347.69,,-0.2898,0.2873,0.0,0.0,0,glrt_zupt
1785683922.109588,41.9045,1,551.58,444.67,715.13,137.84,347.69,,-0.2898,0.2873,0.0,0.0,0,glrt_zupt
1785683922.1261356,41.921,1,551.58,444.67,715.13,137.84,347.69,,0.2803,0.6519,0.0,0.0,0,glrt_zupt
1785683922.1432667,41.9381,1,551.58,444.67,715.13,137.84,347.69,,0.2803,0.6519,0.0,0.0,0,glrt_zupt
1785683922.160551,41.9554,1,551.58,444.67,715.13,137.84,347.69,,0.339,0.6356,0.0,0.0,0,glrt_zupt
1785683922.1764731,41.9713,1,551.58,444.67,715.13,137.84,347.69,,0.339,0.6356,0.0,0.0,0,glrt_zupt
1785683922.1921933,41.9871,1,551.58,444.67,715.13,137.84,347.69,,0.339,0.6356,0.0,0.0,0,glrt_zupt
1785683922.209283,42.0042,1,551.58,444.67,715.13,137.84,347.69,,0.8517,2.0876,0.0,0.0,0,glrt_zupt
1785683922.2252154,42.0201,1,551.58,444.67,715.13,137.84,347.69,,0.8517,2.0876,0.0,0.0,0,glrt_zupt
1785683922.2420812,42.0369,1,551.58,444.67,715.13,137.84,347.69,,0.2049,3.0687,0.0,0.0,0,glrt_zupt
1785683922.258792,42.0537,1,551.58,444.67,715.13,137.84,347.69,,0.2049,3.0687,0.0,0.0,0,glrt_zupt
1785683922.2745237,42.0694,1,551.58,444.67,715.13,137.84,347.69,,0.557,3.964,0.0,0.0,0,glrt_zupt
1785683922.2910345,42.0859,1,551.58,444.67,715.13,137.84,347.69,,0.557,3.964,0.0,0.0,0,glrt_zupt
1785683922.3081212,42.103,1,551.58,444.67,715.13,137.84,347.69,,1.5455,4.0364,0.0,0.0,0,glrt_zupt
1785683922.3249266,42.1198,1,551.58,444.67,715.13,137.84,347.69,,1.5455,4.0364,0.0,0.0,0,glrt_zupt
1785683922.3403857,42.1353,1,551.58,444.67,715.13,137.84,347.69,,1.5455,4.0364,0.0,0.0,0,glrt_zupt
1785683922.3561094,42.151,1,551.58,444.67,715.13,137.84,347.69,,1.7287,3.0064,0.0,0.0,0,glrt_zupt
1785683922.3735125,42.1684,1,551.58,444.67,715.13,137.84,347.69,,1.7287,3.0064,0.0,0.0,0,glrt_zupt
1785683922.390549,42.1854,1,551.58,448.02,715.13,137.84,350.66,,3.1859,3.6384,0.0,0.197,0,glrt_zupt
1785683922.4064307,42.2013,1,551.58,451.14,715.13,137.84,353.42,,3.1859,3.6384,0.0,0.197,0,glrt_zupt
1785683922.4221334,42.217,1,551.58,454.23,715.13,137.84,356.16,,3.1859,3.6384,0.0,0.197,0,glrt_zupt
1785683922.4390323,42.2339,1,551.58,457.78,715.13,137.84,359.32,,2.7428,3.3128,0.0,0.21,0,glrt_zupt
1785683922.4562552,42.2511,1,551.58,461.4,715.13,137.84,362.54,,2.7428,3.3128,0.0,0.21,0,glrt_zupt
1785683922.4733076,42.2682,1,551.58,464.81,715.13,137.84,365.59,,2.2222,1.8124,0.0,0.2,0,glrt_zupt
1785683922.4900944,42.285,1,551.58,468.16,715.13,137.84,368.59,,2.2222,1.8124,0.0,0.2,0,glrt_zupt
1785683922.5080612,42.3029,1,551.58,470.18,715.13,137.84,370.4,,0.7453,-3.4934,0.0,0.112,0,glrt_zupt
1785683922.5254984,42.3204,1,551.58,472.14,715.13,137.84,372.16,,0.7453,-3.4934,0.0,0.112,0,glrt_zupt
1785683922.5423944,42.3373,1,551.58,474.04,715.13,137.84,373.87,,0.7453,-3.4934,0.0,0.112,0,glrt_zupt
1785683922.5591273,42.354,1,551.58,473.54,715.13,137.84,373.42,,-3.2715,-8.8807,0.0,-0.03,0,glrt_zupt
1785683922.5765314,42.3714,1,551.58,473.01,715.13,137.84,372.95,,-3.2715,-8.8807,0.0,-0.03,0,glrt_zupt
1785683922.5924904,42.3874,1,551.58,470.57,715.13,137.84,370.75,,-8.6243,-9.5307,0.0,-0.153,0,glrt_zupt
1785683922.6099114,42.4048,1,551.58,467.9,715.13,137.84,368.36,,-8.6243,-9.5307,0.0,-0.153,0,glrt_zupt
1785683922.6263363,42.4212,1,551.58,465.39,715.13,137.84,366.11,,-8.6243,-9.5307,0.0,-0.153,0,glrt_zupt
1785683922.6431396,42.438,1,551.58,461.82,715.13,137.84,362.92,,-5.3756,-6.0669,0.0,-0.212,0,glrt_zupt
1785683922.6598697,42.4547,1,551.58,458.27,715.13,137.84,359.76,,-5.3756,-6.0669,0.0,-0.212,0,glrt_zupt
1785683922.676057,42.4709,1,551.58,454.25,715.13,137.84,356.18,,-1.34,-5.1919,0.0,-0.248,0,glrt_zupt
1785683922.6932206,42.4881,1,551.58,449.99,715.13,137.84,352.4,,-1.34,-5.1919,0.0,-0.248,0,glrt_zupt
1785683922.710105,42.505,1,551.58,445.33,715.13,137.84,348.28,,0.3856,-4.9529,0.0,-0.276,0,glrt_zupt
1785683922.7268567,42.5217,1,551.58,440.71,715.13,137.84,344.21,,0.3856,-4.9529,0.0,-0.276,0,glrt_zupt
1785683922.744092,42.539,1,551.58,435.96,715.13,137.84,340.03,,0.3856,-4.9529,0.0,-0.276,0,glrt_zupt
1785683922.7607975,42.5557,1,550.02,431.39,715.13,137.84,336.8,,-0.4254,-3.1189,-0.093,-0.273,0,glrt_zupt
1785683922.776881,42.5717,1,548.52,427.0,715.13,137.84,333.72,,-0.4254,-3.1189,-0.093,-0.273,0,glrt_zupt
1785683922.794269,42.5891,1,547.2,422.84,715.13,137.84,330.79,,0.0372,-0.9457,-0.076,-0.239,0,glrt_zupt
1785683922.810975,42.6058,1,545.92,418.84,715.13,137.84,328.01,,0.0372,-0.9457,-0.076,-0.239,0,glrt_zupt
1785683922.8281887,42.6231,1,544.6,414.72,715.13,137.84,325.18,,0.0372,-0.9457,-0.076,-0.239,0,glrt_zupt
1785683922.8451388,42.64,1,543.52,411.13,715.13,137.84,322.71,,-0.0342,-0.913,-0.064,-0.212,0,glrt_zupt
1785683922.8626552,42.6575,1,542.4,407.43,715.13,137.84,320.18,,-0.0342,-0.913,-0.064,-0.212,0,glrt_zupt
1785683922.8783438,42.6732,1,541.4,404.11,715.13,137.84,317.93,,-0.0342,-0.913,-0.064,-0.212,0,glrt_zupt
1785683922.8946595,42.6895,1,540.59,401.05,715.13,137.84,315.82,,0.3149,-0.7781,-0.049,-0.188,0,glrt_zupt
1785683922.9111288,42.706,1,539.78,397.96,715.13,137.84,313.7,,0.3149,-0.7781,-0.049,-0.188,0,glrt_zupt
1785683922.9283829,42.7233,1,539.15,395.32,715.13,137.84,311.87,,0.2749,0.1583,-0.037,-0.153,0,glrt_zupt
1785683922.9445302,42.7394,1,538.56,392.85,715.13,137.84,310.17,,0.2749,0.1583,-0.037,-0.153,0,glrt_zupt
1785683922.9604785,42.7553,1,537.97,390.4,715.13,137.84,308.5,,0.2749,0.1583,-0.037,-0.153,0,glrt_zupt
1785683922.977025,42.7719,1,537.33,388.42,715.13,137.84,307.25,,-0.582,0.5698,-0.039,-0.12,0,glrt_zupt
1785683922.9937973,42.7887,1,536.68,386.41,715.13,137.84,306.0,,-0.582,0.5698,-0.039,-0.12,0,glrt_zupt
1785683923.010265,42.8051,1,535.67,384.84,715.13,137.84,305.31,,-2.1109,0.3283,-0.061,-0.096,0,glrt_zupt
1785683923.026736,42.8216,1,534.66,383.26,715.13,137.84,304.64,,-2.1109,0.3283,-0.061,-0.096,0,glrt_zupt
1785683923.0430124,42.8379,1,533.66,381.71,715.13,137.84,303.98,,-2.1109,0.3283,-0.061,-0.096,0,glrt_zupt
1785683923.0598354,42.8547,1,532.38,380.52,715.13,137.84,303.8,,-1.7808,0.643,-0.076,-0.071,0,glrt_zupt
1785683923.0762784,42.8711,1,531.13,379.36,715.13,137.84,303.63,,-1.7808,0.643,-0.076,-0.071,0,glrt_zupt
1785683923.0937085,42.8886,1,529.61,378.56,715.13,137.84,303.91,,-1.6814,0.8373,-0.087,-0.046,0,glrt_zupt
1785683923.110412,42.9053,1,528.16,377.79,715.13,137.84,304.19,,-1.6814,0.8373,-0.087,-0.046,0,glrt_zupt
1785683923.1271024,42.922,1,526.71,377.29,715.13,137.84,304.69,,-1.0519,0.6234,-0.087,-0.03,0,glrt_zupt
1785683923.1432092,42.9381,1,525.31,376.81,715.13,137.84,305.19,,-1.0519,0.6234,-0.087,-0.03,0,glrt_zupt
1785683923.159754,42.9546,1,523.86,376.31,715.13,137.84,305.7,,-1.0519,0.6234,-0.087,-0.03,0,glrt_zupt
1785683923.17619,42.9711,1,522.61,376.31,715.13,137.84,306.49,,-0.2622,0.735,-0.076,0.0,0,glrt_zupt
1785683923.1931643,42.988,1,521.31,376.31,715.13,137.84,307.3,,-0.2622,0.735,-0.076,0.0,0,glrt_zupt
1785683923.2099948,43.0049,1,520.3,376.31,715.13,137.84,307.94,,0.2414,0.3044,-0.06,0.0,0,glrt_zupt
1785683923.228108,43.023,1,519.21,376.31,715.13,137.84,308.63,,0.2414,0.3044,-0.06,0.0,0,glrt_zupt
1785683923.2454607,43.0403,1,518.17,376.31,715.13,137.84,309.3,,0.2414,0.3044,-0.06,0.0,0,glrt_zupt
1785683923.2626836,43.0576,1,517.27,376.31,715.13,137.84,309.87,,-0.17,-0.099,-0.052,0.0,0,glrt_zupt
1785683923.2791266,43.074,1,516.41,376.31,715.13,137.84,310.42,,-0.17,-0.099,-0.052,0.0,0,glrt_zupt
1785683923.2965546,43.0914,1,515.51,376.31,715.13,137.84,311.0,,-0.6033,-0.5029,-0.052,0.0,0,glrt_zupt
1785683923.3121943,43.1071,1,514.7,376.31,715.13,137.84,311.52,,-0.6033,-0.5029,-0.052,0.0,0,glrt_zupt
1785683923.3292973,43.1242,1,513.58,376.31,715.13,137.84,312.24,,-1.5996,-1.397,-0.066,0.0,0,glrt_zupt
1785683923.345837,43.1407,1,512.49,376.31,715.13,137.84,312.94,,-1.5996,-1.397,-0.066,0.0,0,glrt_zupt
1785683923.3615131,43.1564,1,511.47,376.31,715.13,137.84,313.61,,-1.5996,-1.397,-0.066,0.0,0,glrt_zupt
1785683923.3770468,43.1719,1,510.2,376.31,715.13,137.84,314.43,,-2.0053,-1.5732,-0.082,0.0,0,glrt_zupt
1785683923.3943703,43.1892,1,508.78,376.31,715.13,137.84,315.36,,-2.0053,-1.5732,-0.082,0.0,0,glrt_zupt
1785683923.411417,43.2063,1,507.2,376.31,715.13,137.84,316.39,,-1.7622,-1.5774,-0.093,0.0,0,glrt_zupt
1785683923.4279706,43.2228,1,505.67,376.31,715.13,137.84,317.4,,-1.7622,-1.5774,-0.093,0.0,0,glrt_zupt
1785683923.4445019,43.2394,1,504.13,376.31,715.13,137.84,318.42,,-1.7622,-1.5774,-0.093,0.0,0,glrt_zupt
1785683923.4609976,43.2559,1,502.76,376.31,715.13,137.84,319.33,,-0.4047,-1.1075,-0.083,0.0,0,glrt_zupt
1785683923.478299,43.2732,1,501.33,376.31,715.13,137.84,320.28,,-0.4047,-1.1075,-0.083,0.0,0,glrt_zupt
1785683923.4955766,43.2904,1,500.45,376.31,715.13,137.84,320.87,,1.2622,-1.1241,-0.051,0.0,0,glrt_zupt
1785683923.5118134,43.3067,1,499.63,376.31,715.13,137.84,321.42,,1.2622,-1.1241,-0.051,0.0,0,glrt_zupt
1785683923.5273886,43.3223,1,498.84,376.31,715.13,137.84,321.95,,1.2622,-1.1241,-0.051,0.0,0,glrt_zupt
1785683923.5430195,43.3379,1,498.84,376.31,715.13,137.84,321.95,,3.5039,-1.0838,0.0,0.0,0,glrt_zupt
1785683923.5597765,43.3546,1,498.84,376.31,715.13,137.84,321.95,,3.5039,-1.0838,0.0,0.0,0,glrt_zupt
1785683923.5754983,43.3704,1,498.84,376.31,715.13,137.84,321.95,,3.5039,-1.0838,0.0,0.0,0,glrt_zupt
1785683923.5918775,43.3867,1,498.84,375.1,715.13,137.84,321.05,,4.6015,-0.8859,0.0,-0.074,0,glrt_zupt
1785683923.6080155,43.4029,1,498.84,373.9,715.13,137.84,320.16,,4.6015,-0.8859,0.0,-0.074,0,glrt_zupt
1785683923.6249962,43.4199,1,498.84,372.63,715.13,137.84,319.23,,5.1389,-0.9345,0.0,-0.075,0,glrt_zupt
1785683923.642289,43.4372,1,498.84,371.34,715.13,137.84,318.28,,5.1389,-0.9345,0.0,-0.075,0,glrt_zupt
1785683923.6589534,43.4538,1,498.84,370.09,715.13,137.84,317.36,,5.1389,-0.9345,0.0,-0.075,0,glrt_zupt
1785683923.67637,43.4712,1,498.84,368.76,715.13,137.84,316.39,,4.8404,-1.0114,0.0,-0.076,0,glrt_zupt
1785683923.6929026,43.4878,1,498.84,367.5,715.13,137.84,315.47,,4.8404,-1.0114,0.0,-0.076,0,glrt_zupt
1785683923.710034,43.5049,1,498.84,366.12,715.13,137.84,314.47,,3.1659,-1.2056,0.0,-0.08,0,glrt_zupt
1785683923.7272115,43.5221,1,498.84,364.74,715.13,137.84,313.47,,3.1659,-1.2056,0.0,-0.08,0,glrt_zupt
1785683923.7440407,43.5389,1,500.88,363.03,715.13,137.84,310.83,,-2.6297,-2.4809,0.121,-0.102,0,glrt_zupt
1785683923.7617183,43.5566,1,503.02,361.24,715.13,137.84,308.06,,-2.6297,-2.4809,0.121,-0.102,0,glrt_zupt
1785683923.7781732,43.573,1,505.01,359.57,715.13,137.84,305.47,,-2.6297,-2.4809,0.121,-0.102,0,glrt_zupt
1785683923.7953944,43.5903,1,505.01,357.55,715.13,137.84,304.01,,-7.2116,-2.3237,0.0,-0.117,0,glrt_zupt
1785683923.812015,43.6069,1,505.01,355.6,715.13,137.84,302.61,,-7.2116,-2.3237,0.0,-0.117,0,glrt_zupt
1785683923.8287063,43.6236,1,505.01,353.64,715.13,137.84,301.2,,-7.2116,-2.3237,0.0,-0.117,0,glrt_zupt
1785683923.845045,43.6399,1,505.01,351.73,715.13,137.84,299.83,,-7.2116,-2.3237,0.0,-0.117,0,glrt_zupt
1785683923.861903,43.6568,1,505.01,349.75,715.13,137.84,298.43,,-7.2116,-2.3237,0.0,-0.117,0,glrt_zupt
1785683923.8779464,43.6728,1,505.01,347.87,715.13,137.84,297.09,,-7.2116,-2.3237,0.0,-0.117,0,glrt_zupt
1785683923.8950045,43.6899,1,505.01,345.87,715.13,137.84,295.69,,-7.2116,-2.3237,0.0,-0.117,0,glrt_zupt
1785683923.9120371,43.7069,1,505.01,343.88,715.13,137.84,294.28,,-7.2116,-2.3237,0.0,-0.117,0,glrt_zupt
1785683923.9295118,43.7244,1,505.01,341.83,715.13,137.84,292.85,,-7.2116,-2.3237,0.0,-0.117,0,glrt_zupt
1785683923.9461596,43.741,1,505.01,339.88,715.13,137.84,291.5,,-7.2116,-2.3237,0.0,-0.117,0,glrt_zupt
1785683923.9637163,43.7586,1,505.01,337.82,715.13,137.84,290.08,,-7.2116,-2.3237,0.0,-0.117,0,glrt_zupt
1785683923.9793873,43.7743,1,505.01,335.98,715.13,137.84,288.81,,-7.2116,-2.3237,0.0,-0.117,0,glrt_zupt
1785683923.9959142,43.7908,1,505.01,334.05,715.13,137.84,287.49,,-7.2116,-2.3237,0.0,-0.117,0,glrt_zupt
1785683924.012628,43.8075,1,505.01,332.09,715.13,137.84,286.15,,-7.2116,-2.3237,0.0,-0.117,0,glrt_zupt
1785683924.029334,43.8242,1,505.01,330.13,715.13,137.84,284.83,,-7.2116,-2.3237,0.0,-0.117,0,glrt_zupt
1785683924.04603,43.8409,1,505.01,328.17,715.13,137.84,283.51,,-7.2116,-2.3237,0.0,-0.117,0,glrt_zupt
1785683924.0635707,43.8584,1,505.01,326.74,715.13,137.84,282.55,,0.1978,1.0332,0.0,-0.082,0,glrt_zupt
1785683924.0793176,43.8742,1,505.01,325.45,715.13,137.84,281.69,,0.1978,1.0332,0.0,-0.082,0,glrt_zupt
1785683924.09653,43.8914,1,505.01,324.41,715.13,137.84,281.0,,0.5045,0.4829,0.0,-0.061,0,glrt_zupt
1785683924.1127813,43.9076,1,505.01,323.42,715.13,137.84,280.34,,0.5045,0.4829,0.0,-0.061,0,glrt_zupt
1785683924.12926,43.9241,1,505.01,322.42,715.13,137.84,279.68,,0.5045,0.4829,0.0,-0.061,0,glrt_zupt
1785683924.146232,43.9411,1,505.01,321.66,715.13,137.84,279.18,,0.6058,0.4215,0.0,-0.045,0,glrt_zupt
1785683924.163096,43.958,1,505.01,320.91,715.13,137.84,278.69,,0.6058,0.4215,0.0,-0.045,0,glrt_zupt
1785683924.1802542,43.9751,1,505.01,320.32,715.13,137.84,278.3,,0.0586,0.1397,0.0,-0.035,0,glrt_zupt
1785683924.1961603,43.991,1,505.01,319.76,715.13,137.84,277.93,,0.0586,0.1397,0.0,-0.035,0,glrt_zupt
1785683924.2131581,44.008,1,505.01,319.17,715.13,137.84,277.55,,0.0586,0.1397,0.0,-0.035,0,glrt_zupt
1785683924.2300737,44.0249,1,505.01,318.67,715.13,137.84,277.22,,-0.3306,-0.0492,0.0,-0.03,0,glrt_zupt
1785683924.246888,44.0418,1,505.01,318.17,715.13,137.84,276.89,,-0.3306,-0.0492,0.0,-0.03,0,glrt_zupt
1785683924.2635942,44.0585,1,505.01,317.77,715.13,137.84,276.63,,-0.7062,0.06,0.0,-0.024,0,glrt_zupt
1785683924.2797234,44.0746,1,505.01,317.38,715.13,137.84,276.38,,-0.7062,0.06,0.0,-0.024,0,glrt_zupt
1785683924.2961404,44.091,1,505.01,316.99,715.13,137.84,276.13,,-0.7062,0.06,0.0,-0.024,0,glrt_zupt
1785683924.3131433,44.108,1,505.01,316.99,715.13,137.84,276.13,,-0.5854,0.2382,0.0,0.0,0,glrt_zupt
1785683924.3301928,44.1251,1,505.01,316.99,715.13,137.84,276.13,,-0.5854,0.2382,0.0,0.0,0,glrt_zupt
1785683924.3468897,44.1418,1,505.01,316.99,715.13,137.84,276.13,,-0.3683,0.2326,0.0,0.0,0,glrt_zupt
1785683924.3631012,44.158,1,505.01,316.99,715.13,137.84,276.13,,-0.3683,0.2326,0.0,0.0,0,glrt_zupt
1785683924.3791237,44.174,1,505.01,316.99,715.13,137.84,276.13,,-0.3683,0.2326,0.0,0.0,0,glrt_zupt
1785683924.3961265,44.191,1,505.01,316.99,715.13,137.84,276.13,,-0.619,0.1954,0.0,0.0,0,glrt_zupt
1785683924.4137733,44.2086,1,505.01,316.99,715.13,137.84,276.13,,-0.619,0.1954,0.0,0.0,0,glrt_zupt
1785683924.4292898,44.2242,1,505.01,316.99,715.13,137.84,276.13,,-0.619,0.1954,0.0,0.0,0,glrt_zupt
1785683924.4459848,44.2409,1,505.01,316.99,715.13,137.84,276.13,,-0.1864,0.2478,0.0,0.0,0,glrt_zupt
1785683924.4628272,44.2577,1,505.01,316.99,715.13,137.84,276.13,,-0.1864,0.2478,0.0,0.0,0,glrt_zupt
1785683924.4792762,44.2741,1,505.01,316.99,715.13,137.84,276.13,,0.1027,0.0591,0.0,0.0,0,glrt_zupt
1785683924.4956949,44.2906,1,505.01,316.99,715.13,137.84,276.13,,0.1027,0.0591,0.0,0.0,0,glrt_zupt
1785683924.511366,44.3062,1,505.01,316.99,715.13,137.84,276.13,,0.1027,0.0591,0.0,0.0,0,glrt_zupt
1785683924.5281434,44.323,1,505.01,316.99,715.13,137.84,276.13,,0.4544,-0.2413,0.0,0.0,0,glrt_zupt
1785683924.5448945,44.3398,1,505.01,316.99,715.13,137.84,276.13,,0.4544,-0.2413,0.0,0.0,0,glrt_zupt
1785683924.562294,44.3572,1,505.01,316.99,715.13,137.84,276.13,,0.4544,-0.2413,0.0,0.0,0,glrt_zupt
1785683924.579257,44.3741,1,505.01,316.99,715.13,137.84,276.13,,0.0117,-0.5648,0.0,0.0,0,glrt_zupt
1785683924.596849,44.3917,1,505.01,316.99,715.13,137.84,276.13,,0.0117,-0.5648,0.0,0.0,0,glrt_zupt
1785683924.6129403,44.4078,1,505.01,316.99,715.13,137.84,276.13,,0.0117,-0.5648,0.0,0.0,0,glrt_zupt
1785683924.6308136,44.4257,1,505.01,316.99,715.13,137.84,276.13,,-0.3368,-0.6828,0.0,0.0,0,glrt_zupt
1785683924.6484368,44.4433,1,505.01,316.99,715.13,137.84,276.13,,-0.3368,-0.6828,0.0,0.0,0,glrt_zupt
1785683924.66516,44.46,1,505.01,316.99,715.13,137.84,276.13,,-0.6996,-0.9139,0.0,0.0,0,glrt_zupt
1785683924.6826508,44.4775,1,505.01,316.99,715.13,137.84,276.13,,-0.6996,-0.9139,0.0,0.0,0,glrt_zupt
1785683924.6983602,44.4932,1,505.01,316.99,715.13,137.84,276.13,,-0.6996,-0.9139,0.0,0.0,0,glrt_zupt
1785683924.715157,44.51,1,505.01,316.99,715.13,137.84,276.13,,-1.6032,-0.5988,0.0,0.0,0,glrt_zupt
1785683924.732844,44.5277,1,505.01,316.99,715.13,137.84,276.13,,-1.6032,-0.5988,0.0,0.0,0,glrt_zupt
1785683924.748497,44.5434,1,505.01,316.99,715.13,137.84,276.13,,-3.7245,-0.7458,0.0,0.0,0,glrt_zupt
1785683924.7649925,44.5599,1,505.01,316.99,715.13,137.84,276.13,,-3.7245,-0.7458,0.0,0.0,0,glrt_zupt
1785683924.781563,44.5764,1,505.01,316.99,715.13,137.84,276.13,,-3.7245,-0.7458,0.0,0.0,0,glrt_zupt
1785683924.7982144,44.5931,1,505.01,316.99,715.13,137.84,276.13,,-7.8048,-0.3611,0.0,0.0,0,glrt_zupt
1785683924.8158412,44.6107,1,505.01,316.99,715.13,137.84,276.13,,-7.8048,-0.3611,0.0,0.0,0,glrt_zupt
1785683924.8324924,44.6274,1,505.01,316.99,715.13,137.84,276.13,,-7.8048,-0.3611,0.0,0.0,0,glrt_zupt
1785683924.848241,44.6431,1,505.01,316.99,715.13,137.84,276.13,,-8.5085,0.3126,0.0,0.0,0,glrt_zupt
1785683924.8649418,44.6598,1,505.01,316.99,715.13,137.84,276.13,,-8.5085,0.3126,0.0,0.0,0,glrt_zupt
1785683924.8817422,44.6766,1,505.01,316.99,715.13,137.84,276.13,,-6.6516,0.1219,0.0,0.0,0,glrt_zupt
1785683924.8983648,44.6932,1,505.01,316.99,715.13,137.84,276.13,,-6.6516,0.1219,0.0,0.0,0,glrt_zupt
1785683924.9153419,44.7102,1,505.01,316.99,715.13,137.84,276.13,,-6.6516,0.1219,0.0,0.0,0,glrt_zupt
1785683924.9312987,44.7262,1,499.91,316.99,715.13,137.84,280.03,,-4.4113,-0.546,-0.32,0.0,0,glrt_zupt
1785683924.947062,44.7419,1,494.87,316.99,715.13,137.84,283.92,,-4.4113,-0.546,-0.32,0.0,0,glrt_zupt
1785683924.9643683,44.7592,1,490.4,316.99,715.13,137.84,287.4,,0.4047,-2.0,-0.258,0.0,0,glrt_zupt
1785683924.9809828,44.7759,1,486.11,316.99,715.13,137.84,290.77,,0.4047,-2.0,-0.258,0.0,0,glrt_zupt
1785683924.998357,44.7932,1,481.62,316.99,715.13,137.84,294.32,,0.4047,-2.0,-0.258,0.0,0,glrt_zupt
1785683925.0145886,44.8095,1,478.93,316.99,715.13,137.84,296.45,,3.7686,-1.171,-0.165,0.0,0,glrt_zupt
1785683925.0303392,44.8252,1,476.33,316.99,715.13,137.84,298.53,,3.7686,-1.171,-0.165,0.0,0,glrt_zupt
1785683925.0485356,44.8434,1,475.01,316.99,715.13,137.84,299.59,,4.2003,-2.053,-0.073,0.0,0,glrt_zupt
1785683925.0646975,44.8596,1,473.84,316.99,715.13,137.84,300.53,,4.2003,-2.053,-0.073,0.0,0,glrt_zupt
1785683925.0812526,44.8761,1,472.63,316.99,715.13,137.84,301.5,,4.2003,-2.053,-0.073,0.0,0,glrt_zupt
1785683925.0984156,44.8933,1,473.08,316.99,715.13,137.84,301.14,,6.0693,-2.2988,0.026,0.0,0,glrt_zupt
1785683925.114597,44.9095,1,473.5,316.99,715.13,137.84,300.8,,6.0693,-2.2988,0.026,0.0,0,glrt_zupt
1785683925.1310756,44.9259,1,475.33,316.99,715.13,137.84,299.33,,6.4681,-3.2305,0.111,0.0,0,glrt_zupt
1785683925.1480901,44.943,1,477.22,316.99,715.13,137.84,297.82,,6.4681,-3.2305,0.111,0.0,0,glrt_zupt
1785683925.1649582,44.9598,1,479.09,316.99,715.13,137.84,296.33,,6.4681,-3.2305,0.111,0.0,0,glrt_zupt
1785683925.1816084,44.9765,1,481.93,316.99,715.13,137.84,294.07,,5.6371,-2.0152,0.171,0.0,0,glrt_zupt
1785683925.1973872,44.9923,1,484.62,316.99,715.13,137.84,291.94,,5.6371,-2.0152,0.171,0.0,0,glrt_zupt
1785683925.2130723,45.0079,1,488.02,315.02,715.13,137.84,288.05,,5.5006,-1.0967,0.217,-0.126,0,glrt_zupt
1785683925.2300005,45.0249,1,491.68,312.88,715.13,137.84,283.85,,5.5006,-1.0967,0.217,-0.126,0,glrt_zupt
1785683925.2464767,45.0413,1,495.25,310.81,715.13,137.84,279.76,,5.5006,-1.0967,0.217,-0.126,0,glrt_zupt
1785683925.2631085,45.058,1,499.27,308.63,715.13,137.84,275.26,,4.3946,-1.8713,0.242,-0.131,0,glrt_zupt
1785683925.2801602,45.075,1,503.39,306.4,715.13,137.84,270.65,,4.3946,-1.8713,0.242,-0.131,0,glrt_zupt
1785683925.296679,45.0915,1,507.23,304.36,715.13,137.84,266.37,,2.2359,-1.0537,0.232,-0.124,0,glrt_zupt
1785683925.3123693,45.1072,1,510.87,302.41,715.13,137.84,262.31,,2.2359,-1.0537,0.232,-0.124,0,glrt_zupt
1785683925.3292305,45.1241,1,514.49,300.55,715.13,137.84,258.32,,1.526,-0.5424,0.215,-0.111,0,glrt_zupt
1785683925.3465152,45.1414,1,518.2,298.64,715.13,137.84,254.24,,1.526,-0.5424,0.215,-0.111,0,glrt_zupt
1785683925.3626173,45.1575,1,521.66,296.86,715.13,137.84,250.44,,1.526,-0.5424,0.215,-0.111,0,glrt_zupt
1785683925.3783424,45.1732,1,525.03,295.12,715.13,137.84,246.73,,1.526,-0.5424,0.215,-0.111,0,glrt_zupt
1785683925.3941226,45.189,1,528.16,293.51,715.13,137.84,243.29,,1.3091,-0.6952,0.198,-0.102,0,glrt_zupt
1785683925.4113388,45.2062,1,531.57,291.75,715.13,137.84,239.54,,1.3091,-0.6952,0.198,-0.102,0,glrt_zupt
1785683925.428428,45.2233,1,534.92,290.25,715.13,137.84,236.02,,2.2366,-0.2033,0.196,-0.088,0,glrt_zupt
1785683925.4450974,45.24,1,538.19,288.78,715.13,137.84,232.58,,2.2366,-0.2033,0.196,-0.088,0,glrt_zupt
1785683925.4628434,45.2577,1,541.67,287.23,715.13,137.84,228.92,,2.2366,-0.2033,0.196,-0.088,0,glrt_zupt
1785683925.479678,45.2745,1,544.87,286.14,715.13,137.84,225.79,,1.9436,0.5767,0.19,-0.065,0,glrt_zupt
1785683925.4956584,45.2905,1,547.91,285.1,715.13,137.84,222.82,,1.9436,0.5767,0.19,-0.065,0,glrt_zupt
1785683925.5115693,45.3064,1,550.6,284.37,715.13,137.84,220.32,,0.6781,0.655,0.169,-0.046,0,glrt_zupt
1785683925.5279772,45.3228,1,553.37,283.62,715.13,137.84,217.76,,0.6781,0.655,0.169,-0.046,0,glrt_zupt
1785683925.5453858,45.3403,1,556.31,282.82,715.13,137.84,215.04,,0.6781,0.655,0.169,-0.046,0,glrt_zupt
1785683925.562059,45.3569,1,558.52,282.4,715.13,137.84,213.13,,-0.5919,0.9424,0.133,-0.025,0,glrt_zupt
1785683925.579345,45.3742,1,560.82,281.97,715.13,137.84,211.15,,-0.5919,0.9424,0.133,-0.025,0,glrt_zupt
1785683925.595532,45.3904,1,562.96,281.56,715.13,137.84,209.31,,-0.5919,0.9424,0.133,-0.025,0,glrt_zupt
1785683925.611785,45.4067,1,564.53,281.56,715.13,137.84,208.18,,-1.0892,0.9675,0.096,0.0,0,glrt_zupt
1785683925.6280706,45.4229,1,566.09,281.56,715.13,137.84,207.05,,-1.0892,0.9675,0.096,0.0,0,glrt_zupt
1785683925.64579,45.4407,1,567.05,281.56,715.13,137.84,206.36,,-1.7326,0.9031,0.054,0.0,0,glrt_zupt
1785683925.6622922,45.4572,1,567.94,281.56,715.13,137.84,205.72,,-1.7326,0.9031,0.054,0.0,0,glrt_zupt
1785683925.6790428,45.4739,1,568.4,281.56,715.13,137.84,205.4,,-1.2596,0.7187,0.027,0.0,0,glrt_zupt
1785683925.6963758,45.4912,1,568.87,281.56,715.13,137.84,205.06,,-1.2596,0.7187,0.027,0.0,0,glrt_zupt
1785683925.7127926,45.5077,1,569.32,281.56,715.13,137.84,204.74,,-1.2596,0.7187,0.027,0.0,0,glrt_zupt
1785683925.7294297,45.5243,1,569.32,281.56,715.13,137.84,204.74,,-0.2885,0.5611,0.0,0.0,0,glrt_zupt
1785683925.7453547,45.5402,1,569.32,281.56,715.13,137.84,204.74,,-0.2885,0.5611,0.0,0.0,0,glrt_zupt
1785683925.7624128,45.5573,1,569.32,281.56,715.13,137.84,204.74,,0.0724,0.6295,0.0,0.0,0,glrt_zupt
1785683925.7782025,45.5731,1,569.32,281.56,715.13,137.84,204.74,,0.0724,0.6295,0.0,0.0,0,glrt_zupt
1785683925.7955132,45.5904,1,569.32,281.56,715.13,137.84,204.74,,0.2598,0.6447,0.0,0.0,0,glrt_zupt
1785683925.8127038,45.6076,1,569.32,281.56,715.13,137.84,204.74,,0.2598,0.6447,0.0,0.0,0,glrt_zupt
1785683925.8296425,45.6245,1,569.32,281.56,715.13,137.84,204.74,,0.2598,0.6447,0.0,0.0,0,glrt_zupt
1785683925.8452435,45.6401,1,569.32,281.56,715.13,137.84,204.74,,0.6106,0.4762,0.0,0.0,0,glrt_zupt
1785683925.8622043,45.6571,1,569.32,281.56,715.13,137.84,204.74,,0.6106,0.4762,0.0,0.0,0,glrt_zupt
1785683925.8791294,45.674,1,569.32,281.56,715.13,137.84,204.74,,0.6106,0.4762,0.0,0.0,0,glrt_zupt
1785683925.8958986,45.6908,1,569.32,281.56,715.13,137.84,204.74,,1.1213,0.5149,0.0,0.0,0,glrt_zupt
1785683925.9135032,45.7084,1,569.32,281.56,715.13,137.84,204.74,,1.1213,0.5149,0.0,0.0,0,glrt_zupt
1785683925.9293911,45.7243,1,569.32,281.56,715.13,137.84,204.74,,0.8226,0.2612,0.0,0.0,0,glrt_zupt
1785683925.9450784,45.7399,1,569.32,281.56,715.13,137.84,204.74,,0.8226,0.2612,0.0,0.0,0,glrt_zupt
1785683925.9626112,45.7575,1,569.32,281.56,715.13,137.84,204.74,,0.8226,0.2612,0.0,0.0,0,glrt_zupt
1785683925.979179,45.774,1,569.32,281.56,715.13,137.84,204.74,,0.748,-0.3407,0.0,0.0,0,glrt_zupt
1785683925.9968338,45.7917,1,569.32,281.56,715.13,137.84,204.74,,0.748,-0.3407,0.0,0.0,0,glrt_zupt
1785683926.0129497,45.8078,1,569.32,281.56,715.13,137.84,204.74,,0.748,-0.3407,0.0,0.0,0,glrt_zupt
1785683926.030397,45.8253,1,569.32,281.56,715.13,137.84,204.74,,1.3992,-0.8294,0.0,0.0,0,glrt_zupt
1785683926.0469751,45.8418,1,569.32,281.56,715.13,137.84,204.74,,1.3992,-0.8294,0.0,0.0,0,glrt_zupt
1785683926.0637064,45.8586,1,569.32,281.56,715.13,137.84,204.74,,1.3992,-0.8294,0.0,0.0,0,glrt_zupt
1785683926.079437,45.8743,1,569.32,281.56,715.13,137.84,204.74,,1.0241,-1.6487,0.0,0.0,0,glrt_zupt
1785683926.0951006,45.89,1,569.32,281.56,715.13,137.84,204.74,,1.0241,-1.6487,0.0,0.0,0,glrt_zupt
1785683926.1124473,45.9073,1,569.32,281.56,715.13,137.84,204.74,,1.0241,-1.6487,0.0,0.0,0,glrt_zupt
1785683926.1279988,45.9229,1,569.32,281.56,715.13,137.84,204.74,,1.0241,-1.6487,0.0,0.0,0,glrt_zupt
1785683926.145255,45.9401,1,569.32,281.56,715.13,137.84,204.74,,1.0241,-1.6487,0.0,0.0,0,glrt_zupt
1785683926.1624444,45.9573,1,569.32,281.56,715.13,137.84,204.74,,-0.2477,-1.3372,0.0,0.0,0,glrt_zupt
1785683926.178313,45.9732,1,569.32,281.56,715.13,137.84,204.74,,-0.2477,-1.3372,0.0,0.0,0,glrt_zupt
1785683926.1955173,45.9904,1,569.32,281.56,715.13,137.84,204.74,,-1.3689,-1.0315,0.0,0.0,0,glrt_zupt
1785683926.2112887,46.0062,1,569.32,281.56,715.13,137.84,204.74,,-1.3689,-1.0315,0.0,0.0,0,glrt_zupt
1785683926.2283883,46.0233,1,569.32,281.56,715.13,137.84,204.74,,-1.3689,-1.0315,0.0,0.0,0,glrt_zupt
1785683926.2451007,46.04,1,569.32,281.56,715.13,137.84,204.74,,-1.0227,-0.2047,0.0,0.0,0,glrt_zupt
1785683926.262003,46.0569,1,569.32,281.56,715.13,137.84,204.74,,-1.0227,-0.2047,0.0,0.0,0,glrt_zupt
1785683926.2791874,46.0741,1,569.32,281.56,715.13,137.84,204.74,,-0.9363,0.4419,0.0,0.0,0,glrt_zupt
1785683926.2958498,46.0907,1,569.32,281.56,715.13,137.84,204.74,,-0.9363,0.4419,0.0,0.0,0,glrt_zupt
1785683926.3120325,46.1069,1,569.32,281.56,715.13,137.84,204.74,,-0.9363,0.4419,0.0,0.0,0,glrt_zupt
1785683926.3286684,46.1235,1,569.32,281.56,715.13,137.84,204.74,,-0.7384,0.8926,0.0,0.0,0,glrt_zupt
1785683926.3452795,46.1401,1,569.32,281.56,715.13,137.84,204.74,,-0.7384,0.8926,0.0,0.0,0,glrt_zupt
1785683926.3624842,46.1574,1,569.32,281.56,715.13,137.84,204.74,,-0.5556,1.3976,0.0,0.0,0,glrt_zupt
1785683926.3782406,46.1731,1,569.32,281.56,715.13,137.84,204.74,,-0.5556,1.3976,0.0,0.0,0,glrt_zupt
1785683926.3958983,46.1908,1,569.32,281.56,715.13,137.84,204.74,,-0.7703,1.3595,0.0,0.0,0,glrt_zupt
1785683926.4117806,46.2066,1,569.32,281.56,715.13,137.84,204.74,,-0.7703,1.3595,0.0,0.0,0,glrt_zupt
1785683926.4280393,46.2229,1,569.32,281.56,715.13,137.84,204.74,,0.1213,2.5394,0.0,0.0,0,glrt_zupt
1785683926.4449265,46.2398,1,569.32,281.56,715.13,137.84,204.74,,0.1213,2.5394,0.0,0.0,0,glrt_zupt
1785683926.4615917,46.2565,1,569.32,281.56,715.13,137.84,204.74,,0.1213,2.5394,0.0,0.0,0,glrt_zupt
1785683926.4771957,46.2721,1,569.32,281.56,715.13,137.84,204.74,,-0.2029,3.4964,0.0,0.0,0,glrt_zupt
1785683926.4946725,46.2895,1,569.32,281.56,715.13,137.84,204.74,,-0.2029,3.4964,0.0,0.0,0,glrt_zupt
1785683926.5112274,46.3061,1,569.32,281.56,715.13,137.84,204.74,,-0.902,3.8338,0.0,0.0,0,glrt_zupt
1785683926.5282114,46.3231,1,569.32,281.56,715.13,137.84,204.74,,-0.902,3.8338,0.0,0.0,0,glrt_zupt
1785683926.5454423,46.3403,1,569.32,281.56,715.13,137.84,204.74,,-0.902,3.8338,0.0,0.0,0,glrt_zupt
1785683926.5627792,46.3576,1,569.32,281.56,715.13,137.84,204.74,,-0.6403,3.7275,0.0,0.0,0,glrt_zupt
1785683926.5793207,46.3742,1,569.32,281.56,715.13,137.84,204.74,,-0.6403,3.7275,0.0,0.0,0,glrt_zupt
1785683926.5958555,46.3907,1,569.32,284.47,715.13,137.84,206.79,,-0.1888,2.8382,0.0,0.176,0,glrt_zupt
1785683926.612771,46.4076,1,569.32,287.45,715.13,137.84,208.91,,-0.1888,2.8382,0.0,0.176,0,glrt_zupt
1785683926.6290755,46.4239,1,569.32,290.32,715.13,137.84,210.98,,-0.1888,2.8382,0.0,0.176,0,glrt_zupt
1785683926.6466668,46.4415,1,569.32,293.34,715.13,137.84,213.17,,-0.5973,1.819,0.0,0.171,0,glrt_zupt
1785683926.6625175,46.4574,1,569.32,296.05,715.13,137.84,215.16,,-0.5973,1.819,0.0,0.171,0,glrt_zupt
1785683926.6781497,46.473,1,569.32,298.73,715.13,137.84,217.13,,-0.5973,1.819,0.0,0.171,0,glrt_zupt
1785683926.69471,46.4896,1,569.32,301.36,715.13,137.84,219.09,,-0.4011,1.1289,0.0,0.159,0,glrt_zupt
1785683926.7110083,46.5059,1,569.32,303.94,715.13,137.84,221.02,,-0.4011,1.1289,0.0,0.159,0,glrt_zupt
1785683926.7274935,46.5224,1,569.32,306.36,715.13,137.84,222.84,,-0.0423,1.0141,0.0,0.146,0,glrt_zupt
1785683926.744191,46.5391,1,569.32,308.8,715.13,137.84,224.7,,-0.0423,1.0141,0.0,0.146,0,glrt_zupt
1785683926.761564,46.5564,1,569.32,311.35,715.13,137.84,226.64,,-0.0423,1.0141,0.0,0.146,0,glrt_zupt
1785683926.7772,46.5721,1,569.32,313.64,715.13,137.84,228.4,,-0.0423,1.0141,0.0,0.146,0,glrt_zupt
1785683926.7949219,46.5898,1,569.32,315.73,715.13,137.84,230.01,,0.614,-0.1577,0.0,0.118,0,glrt_zupt
1785683926.8124413,46.6073,1,569.32,317.8,715.13,137.84,231.62,,0.614,-0.1577,0.0,0.118,0,glrt_zupt
1785683926.828416,46.6233,1,569.32,319.34,715.13,137.84,232.82,,0.692,-0.212,0.0,0.096,0,glrt_zupt
1785683926.8449168,46.6398,1,569.32,320.93,715.13,137.84,234.06,,0.692,-0.212,0.0,0.096,0,glrt_zupt
1785683926.8615515,46.6564,1,569.32,322.54,715.13,137.84,235.32,,0.692,-0.212,0.0,0.096,0,glrt_zupt
1785683926.8772109,46.6721,1,569.32,323.81,715.13,137.84,236.32,,0.6568,-0.0005,0.0,0.081,0,glrt_zupt
1785683926.8941824,46.689,1,569.32,325.19,715.13,137.84,237.41,,0.6568,-0.0005,0.0,0.081,0,glrt_zupt
1785683926.911463,46.7063,1,569.32,326.34,715.13,137.84,238.31,,0.3019,-0.0627,0.0,0.066,0,glrt_zupt
1785683926.928249,46.7231,1,569.32,327.46,715.13,137.84,239.2,,0.3019,-0.0627,0.0,0.066,0,glrt_zupt
1785683926.9453957,46.7403,1,569.32,328.55,715.13,137.84,240.06,,-0.129,0.6189,0.0,0.064,0,glrt_zupt
1785683926.9610605,46.7559,1,569.32,329.55,715.13,137.84,240.86,,-0.129,0.6189,0.0,0.064,0,glrt_zupt
1785683926.9781318,46.773,1,569.32,330.64,715.13,137.84,241.73,,-0.129,0.6189,0.0,0.064,0,glrt_zupt
1785683926.9945943,46.7895,1,569.32,331.69,715.13,137.84,242.57,,-0.1718,0.7676,0.0,0.064,0,glrt_zupt
1785683927.0104332,46.8053,1,569.32,332.7,715.13,137.84,243.37,,-0.1718,0.7676,0.0,0.064,0,glrt_zupt
1785683927.0264075,46.8213,1,569.32,333.69,715.13,137.84,244.17,,-0.5115,0.6391,0.0,0.062,0,glrt_zupt
1785683927.0426974,46.8376,1,569.32,334.71,715.13,137.84,244.99,,-0.5115,0.6391,0.0,0.062,0,glrt_zupt
1785683927.0583222,46.8532,1,569.32,335.68,715.13,137.84,245.77,,-0.5115,0.6391,0.0,0.062,0,glrt_zupt
1785683927.0749722,46.8698,1,569.32,336.66,715.13,137.84,246.55,,-0.3413,0.4833,0.0,0.059,0,glrt_zupt
1785683927.0922618,46.8871,1,569.32,337.67,715.13,137.84,247.37,,-0.3413,0.4833,0.0,0.059,0,glrt_zupt
1785683927.1095426,46.9044,1,569.32,338.7,715.13,137.84,248.2,,0.239,0.7858,0.0,0.06,0,glrt_zupt
1785683927.125663,46.9205,1,569.32,339.66,715.13,137.84,248.98,,0.239,0.7858,0.0,0.06,0,glrt_zupt
1785683927.1413195,46.9362,1,569.32,340.61,715.13,137.84,249.75,,0.1925,0.7724,0.0,0.061,0,glrt_zupt
1785683927.1579645,46.9528,1,569.32,341.62,715.13,137.84,250.57,,0.1925,0.7724,0.0,0.061,0,glrt_zupt
1785683927.1757135,46.9706,1,569.32,342.69,715.13,137.84,251.45,,0.1925,0.7724,0.0,0.061,0,glrt_zupt
1785683927.1915317,46.9864,1,569.32,343.75,715.13,137.84,252.31,,-0.2029,1.1814,0.0,0.067,0,glrt_zupt
1785683927.2084284,47.0033,1,569.32,344.87,715.13,137.84,253.23,,-0.2029,1.1814,0.0,0.067,0,glrt_zupt
1785683927.2242248,47.0191,1,569.32,345.93,715.13,137.84,254.09,,-0.2029,1.1814,0.0,0.067,0,glrt_zupt
1785683927.241247,47.0361,1,569.32,347.37,715.13,137.84,255.27,,0.0559,2.0946,0.0,0.085,0,glrt_zupt
1785683927.2578416,47.0527,1,569.32,348.78,715.13,137.84,256.43,,0.0559,2.0946,0.0,0.085,0,glrt_zupt
1785683927.27526,47.0701,1,569.32,350.68,715.13,137.84,257.99,,-0.2072,2.6893,0.0,0.109,0,glrt_zupt
1785683927.2927268,47.0876,1,569.32,352.58,715.13,137.84,259.56,,-0.2072,2.6893,0.0,0.109,0,glrt_zupt
1785683927.3084235,47.1033,1,569.32,354.29,715.13,137.84,260.98,,-0.2072,2.6893,0.0,0.109,0,glrt_zupt
1785683927.3245013,47.1194,1,569.32,356.57,715.13,137.84,262.88,,1.042,3.7727,0.0,0.142,0,glrt_zupt
1785683927.3407245,47.1356,1,569.32,358.88,715.13,137.84,264.8,,1.042,3.7727,0.0,0.142,0,glrt_zupt
1785683927.3571565,47.152,1,569.32,361.22,715.13,137.84,266.76,,1.042,3.7727,0.0,0.142,0,glrt_zupt
1785683927.374295,47.1692,1,569.32,364.32,715.13,137.84,269.36,,1.9057,4.4478,0.0,0.181,0,glrt_zupt
1785683927.3914952,47.1864,1,569.32,367.43,715.13,137.84,271.98,,1.9057,4.4478,0.0,0.181,0,glrt_zupt
1785683927.4079611,47.2028,1,569.32,370.42,715.13,137.84,274.5,,1.9057,4.4478,0.0,0.181,0,glrt_zupt
1785683927.425466,47.2203,1,569.32,373.63,715.13,137.84,277.23,,-2.0826,2.3824,0.0,0.184,0,glrt_zupt
1785683927.4413636,47.2362,1,569.32,376.55,715.13,137.84,279.72,,-2.0826,2.3824,0.0,0.184,0,glrt_zupt
1785683927.4579349,47.2528,1,569.32,379.28,715.13,137.84,282.06,,-0.4588,0.8374,0.0,0.165,0,glrt_zupt
1785683927.4756951,47.2706,1,569.32,382.21,715.13,137.84,284.57,,-0.4588,0.8374,0.0,0.165,0,glrt_zupt
1785683927.4921012,47.287,1,569.32,384.92,715.13,137.84,286.89,,-0.4588,0.8374,0.0,0.165,0,glrt_zupt
1785683927.5091643,47.304,1,569.32,387.08,715.13,137.84,288.76,,0.0553,-0.6871,0.0,0.127,0,glrt_zupt
1785683927.526939,47.3218,1,569.32,389.34,715.13,137.84,290.71,,0.0553,-0.6871,0.0,0.127,0,glrt_zupt
1785683927.5441628,47.339,1,569.32,390.85,715.13,137.84,292.02,,0.1034,-1.2271,0.0,0.088,0,glrt_zupt
1785683927.56085,47.3557,1,569.32,392.31,715.13,137.84,293.29,,0.1034,-1.2271,0.0,0.088,0,glrt_zupt
1785683927.5772595,47.3721,1,569.32,393.75,715.13,137.84,294.54,,0.1034,-1.2271,0.0,0.088,0,glrt_zupt
1785683927.5941327,47.389,1,569.32,394.36,715.13,137.84,295.06,,-0.7878,-2.644,0.0,0.036,0,glrt_zupt
1785683927.611515,47.4064,1,569.32,394.98,715.13,137.84,295.6,,-0.7878,-2.644,0.0,0.036,0,glrt_zupt
1785683927.6281252,47.423,1,569.32,394.61,715.13,137.84,295.28,,0.1419,-3.7628,0.0,-0.022,0,glrt_zupt
1785683927.6451383,47.44,1,569.32,394.23,715.13,137.84,294.95,,0.1419,-3.7628,0.0,-0.022,0,glrt_zupt
1785683927.6626627,47.4575,1,569.32,392.81,715.13,137.84,293.72,,-0.6304,-4.3129,0.0,-0.081,0,glrt_zupt
1785683927.678428,47.4733,1,569.32,391.54,715.13,137.84,292.62,,-0.6304,-4.3129,0.0,-0.081,0,glrt_zupt
1785683927.694078,47.4889,1,569.32,390.28,715.13,137.84,291.52,,-0.6304,-4.3129,0.0,-0.081,0,glrt_zupt
1785683927.7113721,47.5062,1,569.32,388.7,715.13,137.84,290.16,,-0.3743,-1.7119,0.0,-0.091,0,glrt_zupt
1785683927.728208,47.5231,1,569.32,387.16,715.13,137.84,288.83,,-0.3743,-1.7119,0.0,-0.091,0,glrt_zupt
1785683927.7457669,47.5406,1,569.32,385.29,715.13,137.84,287.21,,0.3653,-2.1753,0.0,-0.107,0,glrt_zupt
1785683927.762175,47.557,1,569.32,383.54,715.13,137.84,285.71,,0.3653,-2.1753,0.0,-0.107,0,glrt_zupt
1785683927.7786512,47.5735,1,569.32,381.78,715.13,137.84,284.2,,0.3653,-2.1753,0.0,-0.107,0,glrt_zupt
1785683927.7949386,47.5898,1,569.32,380.12,715.13,137.84,282.77,,0.07,-0.9344,0.0,-0.102,0,glrt_zupt
1785683927.8120818,47.6069,1,569.32,378.37,715.13,137.84,281.27,,0.07,-0.9344,0.0,-0.102,0,glrt_zupt
1785683927.8296976,47.6246,1,569.32,376.82,715.13,137.84,279.95,,0.5871,-0.2662,0.0,-0.088,0,glrt_zupt
1785683927.8457584,47.6406,1,569.32,375.4,715.13,137.84,278.74,,0.5871,-0.2662,0.0,-0.088,0,glrt_zupt
1785683927.8615353,47.6564,1,569.32,374.02,715.13,137.84,277.56,,0.5871,-0.2662,0.0,-0.088,0,glrt_zupt
1785683927.8780603,47.6729,1,569.32,372.73,715.13,137.84,276.47,,0.9665,-0.3049,0.0,-0.078,0,glrt_zupt
1785683927.8956249,47.6905,1,569.32,371.37,715.13,137.84,275.31,,0.9665,-0.3049,0.0,-0.078,0,glrt_zupt
1785683927.9116638,47.7065,1,569.32,370.28,715.13,137.84,274.39,,0.3182,-0.2012,0.0,-0.068,0,glrt_zupt
1785683927.9281101,47.723,1,569.32,369.17,715.13,137.84,273.44,,0.3182,-0.2012,0.0,-0.068,0,glrt_zupt
1785683927.9449518,47.7398,1,569.32,368.02,715.13,137.84,272.48,,0.3182,-0.2012,0.0,-0.068,0,glrt_zupt
1785683927.9626348,47.7575,1,569.32,367.19,715.13,137.84,271.78,,0.2915,0.6199,0.0,-0.047,0,glrt_zupt
1785683927.97912,47.774,1,569.32,366.42,715.13,137.84,271.13,,0.2915,0.6199,0.0,-0.047,0,glrt_zupt
1785683927.9960842,47.791,1,569.32,366.42,715.13,137.84,271.13,,0.6923,1.4377,0.0,0.0,0,glrt_zupt
1785683928.0134966,47.8084,1,569.32,366.42,715.13,137.84,271.13,,0.6923,1.4377,0.0,0.0,0,glrt_zupt
1785683928.0298688,47.8247,1,569.32,366.42,715.13,137.84,271.13,,0.6923,1.4377,0.0,0.0,0,glrt_zupt
1785683928.0470426,47.8419,1,569.32,366.42,715.13,137.84,271.13,,-0.3673,1.0578,0.0,0.0,0,glrt_zupt
1785683928.0643017,47.8592,1,569.32,366.42,715.13,137.84,271.13,,-0.3673,1.0578,0.0,0.0,0,glrt_zupt
1785683928.0800858,47.875,1,569.32,366.42,715.13,137.84,271.13,,-0.3673,1.0578,0.0,0.0,0,glrt_zupt
1785683928.0979393,47.8928,1,569.32,366.42,715.13,137.84,271.13,,-0.1752,0.9671,0.0,0.0,0,glrt_zupt
1785683928.1154666,47.9103,1,569.32,366.42,715.13,137.84,271.13,,-0.1752,0.9671,0.0,0.0,0,glrt_zupt
1785683928.1311064,47.926,1,569.32,366.42,715.13,137.84,271.13,,-0.1752,0.9671,0.0,0.0,0,glrt_zupt
1785683928.1482732,47.9431,1,569.32,366.42,715.13,137.84,271.13,,0.0506,0.2606,0.0,0.0,0,glrt_zupt
1785683928.1644132,47.9593,1,569.32,366.42,715.13,137.84,271.13,,0.0506,0.2606,0.0,0.0,0,glrt_zupt
1785683928.1812782,47.9761,1,569.32,366.42,715.13,137.84,271.13,,0.0506,0.2606,0.0,0.0,0,glrt_zupt
1785683928.1980853,47.993,1,569.32,366.42,715.13,137.84,271.13,,0.3435,0.5182,0.0,0.0,0,glrt_zupt
1785683928.2148068,48.0097,1,569.32,366.42,715.13,137.84,271.13,,0.3435,0.5182,0.0,0.0,0,glrt_zupt
1785683928.2311313,48.026,1,569.32,366.42,715.13,137.84,271.13,,0.2784,0.4989,0.0,0.0,0,glrt_zupt
1785683928.2480676,48.0429,1,569.32,366.42,715.13,137.84,271.13,,0.2784,0.4989,0.0,0.0,0,glrt_zupt
1785683928.2648094,48.0597,1,569.32,366.42,715.13,137.84,271.13,,0.2784,0.4989,0.0,0.0,0,glrt_zupt
1785683928.2816699,48.0765,1,569.32,366.42,715.13,137.84,271.13,,0.1257,0.3753,0.0,0.0,0,glrt_zupt
1785683928.2975783,48.0924,1,569.32,366.42,715.13,137.84,271.13,,0.1257,0.3753,0.0,0.0,0,glrt_zupt
1785683928.3132384,48.1081,1,569.32,366.42,715.13,137.84,271.13,,-0.1109,0.067,0.0,0.0,0,glrt_zupt
1785683928.3303597,48.1252,1,569.32,366.42,715.13,137.84,271.13,,-0.1109,0.067,0.0,0.0,0,glrt_zupt
1785683928.3473802,48.1422,1,569.32,366.42,715.13,137.84,271.13,,-0.1109,0.067,0.0,0.0,0,glrt_zupt
1785683928.3638854,48.1588,1,569.32,366.42,715.13,137.84,271.13,,-0.1835,-0.1914,0.0,0.0,0,glrt_zupt
1785683928.3802075,48.1751,1,569.32,366.42,715.13,137.84,271.13,,-0.1835,-0.1914,0.0,0.0,0,glrt_zupt
1785683928.39805,48.1929,1,569.32,366.42,715.13,137.84,271.13,,0.1791,-0.1876,0.0,0.0,0,glrt_zupt
1785683928.415611,48.2105,1,569.32,366.42,715.13,137.84,271.13,,0.1791,-0.1876,0.0,0.0,0,glrt_zupt
1785683928.4312708,48.2261,1,569.32,366.42,715.13,137.84,271.13,,0.6518,0.0492,0.0,0.0,0,glrt_zupt
1785683928.4482954,48.2432,1,569.32,366.42,715.13,137.84,271.13,,0.6518,0.0492,0.0,0.0,0,glrt_zupt
1785683928.4651434,48.26,1,569.32,366.42,715.13,137.84,271.13,,0.6518,0.0492,0.0,0.0,0,glrt_zupt
1785683928.4824665,48.2773,1,569.32,366.42,715.13,137.84,271.13,,0.4455,-0.142,0.0,0.0,0,glrt_zupt
1785683928.4982529,48.2931,1,569.32,366.42,715.13,137.84,271.13,,0.4455,-0.142,0.0,0.0,0,glrt_zupt
1785683928.5152814,48.3101,1,569.32,366.42,715.13,137.84,271.13,,-0.2156,-0.0153,0.0,0.0,0,glrt_zupt
1785683928.5321934,48.3271,1,569.32,366.42,715.13,137.84,271.13,,-0.2156,-0.0153,0.0,0.0,0,glrt_zupt
1785683928.5491445,48.344,1,569.32,366.42,715.13,137.84,271.13,,-0.2156,-0.0153,0.0,0.0,0,glrt_zupt
1785683928.5658333,48.3607,1,569.32,366.42,715.13,137.84,271.13,,0.2722,0.0213,0.0,0.0,0,glrt_zupt
1785683928.5822475,48.3771,1,569.32,366.42,715.13,137.84,271.13,,0.2722,0.0213,0.0,0.0,0,glrt_zupt
1785683928.5991752,48.394,1,569.32,366.42,715.13,137.84,271.13,,0.4172,-0.0366,0.0,0.0,0,glrt_zupt
1785683928.6160984,48.411,1,569.32,366.42,715.13,137.84,271.13,,0.4172,-0.0366,0.0,0.0,0,glrt_zupt
1785683928.6332717,48.4281,1,569.32,366.42,715.13,137.84,271.13,,0.4172,-0.0366,0.0,0.0,0,glrt_zupt
1785683928.650321,48.4452,1,569.32,366.42,715.13,137.84,271.13,,0.0996,-0.1732,0.0,0.0,0,glrt_zupt
1785683928.6668675,48.4617,1,569.32,366.42,715.13,137.84,271.13,,0.0996,-0.1732,0.0,0.0,0,glrt_zupt
1785683928.6840167,48.4789,1,569.32,366.42,715.13,137.84,271.13,,0.0996,-0.1732,0.0,0.0,0,glrt_zupt
1785683928.7007196,48.4956,1,569.32,366.42,715.13,137.84,271.13,,0.3139,-0.2785,0.0,0.0,0,glrt_zupt
1785683928.7164605,48.5113,1,569.32,366.42,715.13,137.84,271.13,,0.3139,-0.2785,0.0,0.0,0,glrt_zupt
1785683928.7326355,48.5275,1,569.32,366.42,715.13,137.84,271.13,,-0.2332,-0.8018,0.0,0.0,0,glrt_zupt
1785683928.7484128,48.5433,1,569.32,366.42,715.13,137.84,271.13,,-0.2332,-0.8018,0.0,0.0,0,glrt_zupt
1785683928.7652633,48.5601,1,569.32,366.42,715.13,137.84,271.13,,-0.2332,-0.8018,0.0,0.0,0,glrt_zupt
1785683928.7821167,48.577,1,569.32,366.42,715.13,137.84,271.13,,0.447,-0.3473,0.0,0.0,0,glrt_zupt
1785683928.7989686,48.5938,1,569.32,366.42,715.13,137.84,271.13,,0.447,-0.3473,0.0,0.0,0,glrt_zupt
1785683928.8164394,48.6113,1,569.32,366.42,715.13,137.84,271.13,,1.0626,-0.6851,0.0,0.0,0,glrt_zupt
1785683928.8321114,48.627,1,569.32,366.42,715.13,137.84,271.13,,1.0626,-0.6851,0.0,0.0,0,glrt_zupt
1785683928.8494167,48.6443,1,569.32,366.42,715.13,137.84,271.13,,1.0786,-1.5671,0.0,0.0,0,glrt_zupt
1785683928.865774,48.6606,1,569.32,366.42,715.13,137.84,271.13,,1.0786,-1.5671,0.0,0.0,0,glrt_zupt
1785683928.8814573,48.6763,1,569.32,366.42,715.13,137.84,271.13,,1.0786,-1.5671,0.0,0.0,0,glrt_zupt
1785683928.8980987,48.693,1,569.32,366.42,715.13,137.84,271.13,,1.8103,-1.1737,0.0,0.0,0,glrt_zupt
1785683928.9152575,48.7101,1,569.32,366.42,715.13,137.84,271.13,,1.8103,-1.1737,0.0,0.0,0,glrt_zupt
1785683928.932395,48.7273,1,569.32,366.42,715.13,137.84,271.13,,2.2357,-0.9436,0.0,0.0,0,glrt_zupt
1785683928.9482083,48.7431,1,569.32,366.42,715.13,137.84,271.13,,2.2357,-0.9436,0.0,0.0,0,glrt_zupt
1785683928.9639754,48.7588,1,569.32,366.42,715.13,137.84,271.13,,1.681,-0.8443,0.0,0.0,0,glrt_zupt
1785683928.981259,48.7761,1,569.32,366.42,715.13,137.84,271.13,,1.681,-0.8443,0.0,0.0,0,glrt_zupt
1785683928.9979725,48.7928,1,569.32,366.42,715.13,137.84,271.13,,0.7781,-0.7684,0.0,0.0,0,glrt_zupt
1785683929.0148594,48.8097,1,569.32,366.42,715.13,137.84,271.13,,0.7781,-0.7684,0.0,0.0,0,glrt_zupt
1785683929.0309238,48.8258,1,569.32,366.42,715.13,137.84,271.13,,0.7781,-0.7684,0.0,0.0,0,glrt_zupt
1785683929.0465143,48.8414,1,569.32,366.42,715.13,137.84,271.13,,0.2266,0.3955,0.0,0.0,0,glrt_zupt
1785683929.063102,48.858,1,569.32,366.42,715.13,137.84,271.13,,0.2266,0.3955,0.0,0.0,0,glrt_zupt
1785683929.0798562,48.8747,1,569.32,366.42,715.13,137.84,271.13,,-0.3747,1.3071,0.0,0.0,0,glrt_zupt
1785683929.0956473,48.8905,1,569.32,366.42,715.13,137.84,271.13,,-0.3747,1.3071,0.0,0.0,0,glrt_zupt
1785683929.111256,48.9061,1,569.32,366.42,715.13,137.84,271.13,,-0.3747,1.3071,0.0,0.0,0,glrt_zupt
1785683929.1281471,48.923,1,569.32,366.42,715.13,137.84,271.13,,-0.8064,1.0331,0.0,0.0,0,glrt_zupt
1785683929.1455588,48.9404,1,569.32,366.42,715.13,137.84,271.13,,-0.8064,1.0331,0.0,0.0,0,glrt_zupt
1785683929.1620436,48.9569,1,569.32,366.42,715.13,137.84,271.13,,-2.4066,1.43,0.0,0.0,0,glrt_zupt
1785683929.1790402,48.9739,1,569.32,366.42,715.13,137.84,271.13,,-2.4066,1.43,0.0,0.0,0,glrt_zupt
1785683929.1956763,48.9905,1,569.32,366.42,715.13,137.84,271.13,,-3.9857,0.1831,0.0,0.0,0,glrt_zupt
1785683929.211984,49.0069,1,569.32,366.42,715.13,137.84,271.13,,-3.9857,0.1831,0.0,0.0,0,glrt_zupt
1785683929.229505,49.0244,1,569.32,366.42,715.13,137.84,271.13,,-3.9857,0.1831,0.0,0.0,0,glrt_zupt
1785683929.245877,49.0407,1,569.32,366.42,715.13,137.84,271.13,,-4.4049,1.5907,0.0,0.0,0,glrt_zupt
1785683929.2627745,49.0576,1,569.32,366.42,715.13,137.84,271.13,,-4.4049,1.5907,0.0,0.0,0,glrt_zupt
1785683929.2791183,49.074,1,569.32,366.42,715.13,137.84,271.13,,-5.3541,2.5613,0.0,0.0,0,glrt_zupt
1785683929.2960024,49.0909,1,569.32,366.42,715.13,137.84,271.13,,-5.3541,2.5613,0.0,0.0,0,glrt_zupt
1785683929.313217,49.1081,1,569.32,366.42,715.13,137.84,271.13,,-4.2108,0.2884,0.0,0.0,0,glrt_zupt
1785683929.3302333,49.1251,1,569.32,366.42,715.13,137.84,271.13,,-4.2108,0.2884,0.0,0.0,0,glrt_zupt
1785683929.3473947,49.1423,1,569.32,366.42,715.13,137.84,271.13,,-4.2108,0.2884,0.0,0.0,0,glrt_zupt
1785683929.364631,49.1595,1,569.32,366.42,715.13,137.84,271.13,,-2.4698,1.6787,0.0,0.0,0,glrt_zupt
1785683929.3811567,49.176,1,569.32,366.42,715.13,137.84,271.13,,-2.4698,1.6787,0.0,0.0,0,glrt_zupt
1785683929.3983314,49.1932,1,566.07,366.42,715.13,137.84,272.89,,-1.8169,1.1525,-0.189,0.0,0,glrt_zupt
1785683929.4141238,49.209,1,563.08,366.42,715.13,137.84,274.53,,-1.8169,1.1525,-0.189,0.0,0,glrt_zupt
1785683929.4308314,49.2257,1,559.92,366.42,715.13,137.84,276.3,,-1.8169,1.1525,-0.189,0.0,0,glrt_zupt
1785683929.4473433,49.2422,1,556.94,366.42,715.13,137.84,277.98,,-1.6139,-0.5817,-0.18,0.0,0,glrt_zupt
1785683929.4633698,49.2582,1,554.05,366.42,715.13,137.84,279.63,,-1.6139,-0.5817,-0.18,0.0,0,glrt_zupt
1785683929.4793994,49.2743,1,551.72,366.42,715.13,137.84,280.98,,0.452,-1.8557,-0.145,0.0,0,glrt_zupt
1785683929.4954238,49.2903,1,549.4,366.42,715.13,137.84,282.34,,0.452,-1.8557,-0.145,0.0,0,glrt_zupt
1785683929.511959,49.3068,1,547.73,366.42,715.13,137.84,283.32,,1.4988,-1.3677,-0.101,0.0,0,glrt_zupt
1785683929.5292597,49.3241,1,545.99,366.42,715.13,137.84,284.35,,1.4988,-1.3677,-0.101,0.0,0,glrt_zupt
1785683929.5460777,49.3409,1,544.3,366.42,715.13,137.84,285.36,,1.4988,-1.3677,-0.101,0.0,0,glrt_zupt
1785683929.5632057,49.3581,1,543.32,366.42,715.13,137.84,285.95,,1.8482,0.2835,-0.057,0.0,0,glrt_zupt
1785683929.580156,49.375,1,542.36,366.42,715.13,137.84,286.53,,1.8482,0.2835,-0.057,0.0,0,glrt_zupt
1785683929.5979629,49.3928,1,541.43,366.42,715.13,137.84,287.09,,-0.3434,-0.602,-0.052,0.0,0,glrt_zupt
1785683929.6149838,49.4099,1,540.55,366.42,715.13,137.84,287.63,,-0.3434,-0.602,-0.052,0.0,0,glrt_zupt
1785683929.631982,49.4268,1,540.02,366.42,715.13,137.84,287.95,,0.8496,0.6205,-0.031,0.0,0,glrt_zupt
1785683929.6486409,49.4435,1,539.5,366.42,715.13,137.84,288.26,,0.8496,0.6205,-0.031,0.0,0,glrt_zupt
1785683929.6651487,49.46,1,538.98,366.42,715.13,137.84,288.58,,0.8496,0.6205,-0.031,0.0,0,glrt_zupt
1785683929.6821492,49.477,1,538.36,366.42,715.13,137.84,288.96,,-0.7639,0.0842,-0.037,0.0,0,glrt_zupt
1785683929.6991475,49.494,1,537.74,366.42,715.13,137.84,289.34,,-0.7639,0.0842,-0.037,0.0,0,glrt_zupt
1785683929.7163117,49.5112,1,537.11,366.42,715.13,137.84,289.72,,-0.7639,0.0842,-0.037,0.0,0,glrt_zupt
1785683929.7334538,49.5283,1,537.11,366.42,715.13,137.84,289.72,,0.7386,0.1041,0.0,0.0,0,glrt_zupt
1785683929.7504,49.5453,1,537.11,366.42,715.13,137.84,289.72,,0.7386,0.1041,0.0,0.0,0,glrt_zupt
1785683929.7670648,49.5619,1,537.11,366.42,715.13,137.84,289.72,,0.7386,0.1041,0.0,0.0,0,glrt_zupt
1785683929.7844546,49.5793,1,537.11,366.42,715.13,137.84,289.72,,0.7386,0.1041,0.0,0.0,0,glrt_zupt
1785683929.8003695,49.5952,1,537.11,366.42,715.13,137.84,289.72,,0.7386,0.1041,0.0,0.0,0,glrt_zupt
1785683929.8162355,49.6111,1,537.11,366.42,715.13,137.84,289.72,,0.7386,0.1041,0.0,0.0,0,glrt_zupt
1785683929.8329735,49.6278,1,537.11,366.42,715.13,137.84,289.72,,0.7386,0.1041,0.0,0.0,0,glrt_zupt
1785683929.850664,49.6455,1,537.11,366.42,715.13,137.84,289.72,,0.7386,0.1041,0.0,0.0,0,glrt_zupt
1785683929.8661814,49.661,1,537.11,366.42,715.13,137.84,289.72,,0.7386,0.1041,0.0,0.0,0,glrt_zupt
1785683929.8831942,49.6781,1,537.11,366.42,715.13,137.84,289.72,,0.7386,0.1041,0.0,0.0,0,glrt_zupt
1785683929.9002087,49.6951,1,537.11,366.42,715.13,137.84,289.72,,0.7386,0.1041,0.0,0.0,0,glrt_zupt
1785683929.9172237,49.7121,1,537.11,366.42,715.13,137.84,289.72,,0.7386,0.1041,0.0,0.0,0,glrt_zupt
1785683929.93424,49.7291,1,537.11,366.42,715.13,137.84,289.72,,0.7386,0.1041,0.0,0.0,0,glrt_zupt
1785683929.951452,49.7463,1,537.11,366.42,715.13,137.84,289.72,,0.7386,0.1041,0.0,0.0,0,glrt_zupt
1785683929.9682133,49.7631,1,537.11,366.42,715.13,137.84,289.72,,0.7386,0.1041,0.0,0.0,0,glrt_zupt
1785683929.9841735,49.779,1,537.11,366.42,715.13,137.84,289.72,,0.7386,0.1041,0.0,0.0,0,glrt_zupt
1785683930.0015657,49.7964,1,537.11,366.42,715.13,137.84,289.72,,0.7386,0.1041,0.0,0.0,0,glrt_zupt
1785683930.018322,49.8132,1,537.11,366.42,715.13,137.84,289.72,,0.7386,0.1041,0.0,0.0,0,glrt_zupt
1785683930.0342338,49.8291,1,537.11,366.42,715.13,137.84,289.72,,0.7386,0.1041,0.0,0.0,0,glrt_zupt
1785683930.050224,49.8451,1,537.11,366.42,715.13,137.84,289.72,,0.7386,0.1041,0.0,0.0,0,glrt_zupt
1785683930.0669322,49.8618,1,537.11,366.42,715.13,137.84,289.72,,0.7386,0.1041,0.0,0.0,0,glrt_zupt
1785683930.0836644,49.8785,1,537.11,366.42,715.13,137.84,289.72,,0.7386,0.1041,0.0,0.0,0,glrt_zupt
1785683930.099327,49.8942,1,537.11,366.42,715.13,137.84,289.72,,0.7386,0.1041,0.0,0.0,0,glrt_zupt
1785683930.1161542,49.911,1,537.11,366.42,715.13,137.84,289.72,,0.7386,0.1041,0.0,0.0,0,glrt_zupt
1785683930.132731,49.9276,1,537.11,366.42,715.13,137.84,289.72,,0.7386,0.1041,0.0,0.0,0,glrt_zupt
1785683930.148443,49.9433,1,537.11,366.42,715.13,137.84,289.72,,0.7386,0.1041,0.0,0.0,0,glrt_zupt
1785683930.1644478,49.9593,1,537.11,366.42,715.13,137.84,289.72,,0.7386,0.1041,0.0,0.0,0,glrt_zupt
1785683930.1813886,49.9763,1,537.11,366.42,715.13,137.84,289.72,,0.7386,0.1041,0.0,0.0,0,glrt_zupt
1785683930.1972525,49.9921,1,537.11,366.42,715.13,137.84,289.72,,0.7386,0.1041,0.0,0.0,0,glrt_zupt
1785683930.2140312,50.0089,1,537.11,366.42,715.13,137.84,289.72,,0.7386,0.1041,0.0,0.0,0,glrt_zupt
1785683930.2315588,50.0264,1,537.11,366.42,715.13,137.84,289.72,,0.7386,0.1041,0.0,0.0,0,glrt_zupt
1785683930.2481134,50.043,1,537.11,366.42,715.13,137.84,289.72,,0.7386,0.1041,0.0,0.0,0,glrt_zupt
1785683930.2649367,50.0598,1,537.11,366.42,715.13,137.84,289.72,,0.7386,0.1041,0.0,0.0,0,glrt_zupt
1785683930.2821548,50.077,1,537.11,366.42,715.13,137.84,289.72,,0.7386,0.1041,0.0,0.0,0,glrt_zupt
1785683930.2988434,50.0937,1,537.11,366.42,715.13,137.84,289.72,,0.7386,0.1041,0.0,0.0,0,glrt_zupt
1785683930.316288,50.1112,1,537.11,366.42,715.13,137.84,289.72,,0.7386,0.1041,0.0,0.0,0,glrt_zupt
1785683930.3326561,50.1275,1,537.11,366.42,715.13,137.84,289.72,,0.7386,0.1041,0.0,0.0,0,glrt_zupt
1785683930.3491976,50.1441,1,537.11,366.42,715.13,137.84,289.72,,0.7386,0.1041,0.0,0.0,0,glrt_zupt
1785683930.3661923,50.1611,1,537.11,366.42,715.13,137.84,289.72,,0.7386,0.1041,0.0,0.0,0,glrt_zupt
1785683930.3828697,50.1777,1,537.11,366.42,715.13,137.84,289.72,,0.7386,0.1041,0.0,0.0,0,glrt_zupt
1785683930.4006045,50.1955,1,537.11,366.42,715.13,137.84,289.72,,0.7386,0.1041,0.0,0.0,0,glrt_zupt
1785683930.4162667,50.2111,1,537.11,366.42,715.13,137.84,289.72,,0.7386,0.1041,0.0,0.0,0,glrt_zupt
1785683930.433632,50.2285,1,537.11,366.42,715.13,137.84,289.72,,0.7386,0.1041,0.0,0.0,0,glrt_zupt
1785683930.4501839,50.2451,1,537.11,366.42,715.13,137.84,289.72,,0.7386,0.1041,0.0,0.0,0,glrt_zupt
1785683930.466946,50.2618,1,537.11,366.42,715.13,137.84,289.72,,0.7386,0.1041,0.0,0.0,0,glrt_zupt
1785683930.4835596,50.2784,1,537.11,366.42,715.13,137.84,289.72,,0.7386,0.1041,0.0,0.0,0,glrt_zupt
1785683930.499501,50.2944,1,537.11,366.42,715.13,137.84,289.72,,0.7386,0.1041,0.0,0.0,0,glrt_zupt
1785683930.515209,50.3101,1,537.11,366.42,715.13,137.84,289.72,,0.7386,0.1041,0.0,0.0,0,glrt_zupt
1785683930.532647,50.3275,1,537.11,366.42,715.13,137.84,289.72,,0.7386,0.1041,0.0,0.0,0,glrt_zupt
1785683930.5482764,50.3431,1,537.11,366.42,715.13,137.84,289.72,,0.7386,0.1041,0.0,0.0,0,glrt_zupt
1785683930.5654316,50.3603,1,537.11,366.42,715.13,137.84,289.72,,0.7386,0.1041,0.0,0.0,0,glrt_zupt
1785683930.5819776,50.3768,1,537.11,366.42,715.13,137.84,289.72,,0.7386,0.1041,0.0,0.0,0,glrt_zupt
1785683930.599342,50.3942,1,537.11,366.42,715.13,137.84,289.72,,0.7386,0.1041,0.0,0.0,0,glrt_zupt
1785683930.6157951,50.4107,1,537.11,366.42,715.13,137.84,289.72,,0.7386,0.1041,0.0,0.0,0,glrt_zupt
1785683930.6320128,50.4269,1,537.11,366.42,715.13,137.84,289.72,,0.7386,0.1041,0.0,0.0,0,glrt_zupt
1785683930.6488323,50.4437,1,537.11,366.42,715.13,137.84,289.72,,0.7386,0.1041,0.0,0.0,0,glrt_zupt
1785683930.6646452,50.4595,1,537.11,366.42,715.13,137.84,289.72,,0.7386,0.1041,0.0,0.0,0,glrt_zupt
1785683930.6806757,50.4755,1,537.11,366.42,715.13,137.84,289.72,,0.7386,0.1041,0.0,0.0,0,glrt_zupt
1785683930.696767,50.4916,1,537.11,366.42,715.13,137.84,289.72,,0.7386,0.1041,0.0,0.0,0,glrt_zupt
1785683930.7133183,50.5082,1,537.11,366.42,715.13,137.84,289.72,,0.7386,0.1041,0.0,0.0,0,glrt_zupt
1785683930.7303808,50.5252,1,537.11,366.42,715.13,137.84,289.72,,0.7386,0.1041,0.0,0.0,0,glrt_zupt
1785683930.74627,50.5411,1,537.11,366.42,715.13,137.84,289.72,,0.7386,0.1041,0.0,0.0,0,glrt_zupt
1785683930.7631836,50.5581,1,537.11,366.42,715.13,137.84,289.72,,0.7386,0.1041,0.0,0.0,0,glrt_zupt
1785683930.7802472,50.5751,1,537.11,366.42,715.13,137.84,289.72,,0.7386,0.1041,0.0,0.0,0,glrt_zupt
1785683930.7971923,50.5921,1,537.11,366.42,715.13,137.84,289.72,,0.7386,0.1041,0.0,0.0,0,glrt_zupt
1785683930.8146942,50.6096,1,537.11,366.42,715.13,137.84,289.72,,0.7386,0.1041,0.0,0.0,0,glrt_zupt
1785683930.8311148,50.626,1,537.11,366.42,715.13,137.84,289.72,,0.7386,0.1041,0.0,0.0,0,glrt_zupt
1785683930.848231,50.6431,1,537.11,366.42,715.13,137.84,289.72,,0.7386,0.1041,0.0,0.0,0,glrt_zupt
1785683930.8654068,50.6603,1,537.11,366.42,715.13,137.84,289.72,,0.7386,0.1041,0.0,0.0,0,glrt_zupt
1785683930.8820975,50.677,1,537.11,366.42,715.13,137.84,289.72,,0.7386,0.1041,0.0,0.0,0,glrt_zupt
1785683930.898666,50.6935,1,537.11,366.42,715.13,137.84,289.72,,0.7386,0.1041,0.0,0.0,0,glrt_zupt
1785683930.9146094,50.7095,1,537.11,366.42,715.13,137.84,289.72,,0.7386,0.1041,0.0,0.0,0,glrt_zupt
1785683930.930131,50.725,1,537.11,366.42,715.13,137.84,289.72,,0.7386,0.1041,0.0,0.0,0,glrt_zupt
1785683930.9468772,50.7417,1,537.11,366.42,715.13,137.84,289.72,,0.7386,0.1041,0.0,0.0,0,glrt_zupt
1785683930.963266,50.7581,1,537.11,366.42,715.13,137.84,289.72,,0.7386,0.1041,0.0,0.0,0,glrt_zupt
1785683930.9803252,50.7752,1,537.11,366.42,715.13,137.84,289.72,,0.7386,0.1041,0.0,0.0,0,glrt_zupt
1785683930.9962435,50.7911,1,537.11,366.42,715.13,137.84,289.72,,0.7386,0.1041,0.0,0.0,0,glrt_zupt
1785683931.0134718,50.8083,1,537.11,366.42,715.13,137.84,289.72,,0.7386,0.1041,0.0,0.0,0,glrt_zupt
1785683931.0293922,50.8243,1,537.11,366.42,715.13,137.84,289.72,,0.7386,0.1041,0.0,0.0,0,glrt_zupt
1785683931.0450742,50.8399,1,537.11,366.42,715.13,137.84,289.72,,0.7386,0.1041,0.0,0.0,0,glrt_zupt
1785683931.0620878,50.857,1,537.11,366.42,715.13,137.84,289.72,,0.7386,0.1041,0.0,0.0,0,glrt_zupt
1785683931.0791054,50.874,1,537.11,366.42,715.13,137.84,289.72,,0.7386,0.1041,0.0,0.0,0,glrt_zupt
1785683931.0963042,50.8912,1,537.11,366.42,715.13,137.84,289.72,,0.7386,0.1041,0.0,0.0,0,glrt_zupt
1785683931.1135712,50.9084,1,537.11,366.42,715.13,137.84,289.72,,0.7386,0.1041,0.0,0.0,0,glrt_zupt
1785683931.1303158,50.9252,1,537.11,366.42,715.13,137.84,289.72,,0.7386,0.1041,0.0,0.0,0,glrt_zupt
1785683931.1473832,50.9423,1,537.11,366.42,715.13,137.84,289.72,,0.7386,0.1041,0.0,0.0,0,glrt_zupt
1785683931.1641183,50.959,1,537.11,366.42,715.13,137.84,289.72,,0.7386,0.1041,0.0,0.0,0,glrt_zupt
1785683931.1806781,50.9755,1,537.11,366.42,715.13,137.84,289.72,,0.7386,0.1041,0.0,0.0,0,glrt_zupt
1785683931.1962314,50.9911,1,537.11,366.42,715.13,137.84,289.72,,0.7386,0.1041,0.0,0.0,0,glrt_zupt
1785683931.2132695,51.0081,1,537.11,366.42,715.13,137.84,289.72,,0.7386,0.1041,0.0,0.0,0,glrt_zupt
1785683931.2304783,51.0253,1,537.11,366.42,715.13,137.84,289.72,,0.7386,0.1041,0.0,0.0,0,glrt_zupt
1785683931.246512,51.0414,1,537.11,366.42,715.13,137.84,289.72,,0.7386,0.1041,0.0,0.0,0,glrt_zupt
1785683931.2622223,51.0571,1,537.11,366.42,715.13,137.84,289.72,,0.7386,0.1041,0.0,0.0,0,glrt_zupt
1785683931.2792616,51.0741,1,537.11,366.42,715.13,137.84,289.72,,0.7386,0.1041,0.0,0.0,0,glrt_zupt
1785683931.2960634,51.0909,1,537.11,366.42,715.13,137.84,289.72,,0.7386,0.1041,0.0,0.0,0,glrt_zupt
1785683931.312811,51.1077,1,537.11,366.42,715.13,137.84,289.72,,0.7386,0.1041,0.0,0.0,0,glrt_zupt
1785683931.3291352,51.124,1,537.11,366.42,715.13,137.84,289.72,,0.7386,0.1041,0.0,0.0,0,glrt_zupt
1785683931.3463404,51.1412,1,537.11,366.42,715.13,137.84,289.72,,0.7386,0.1041,0.0,0.0,0,glrt_zupt
1785683931.3639321,51.1588,1,537.11,366.42,715.13,137.84,289.72,,0.7386,0.1041,0.0,0.0,0,glrt_zupt
1785683931.380733,51.1756,1,537.11,366.42,715.13,137.84,289.72,,0.7386,0.1041,0.0,0.0,0,glrt_zupt
1785683931.3967202,51.1916,1,537.11,366.42,715.13,137.84,289.72,,0.7386,0.1041,0.0,0.0,0,glrt_zupt
1785683931.4127975,51.2077,1,537.11,366.42,715.13,137.84,289.72,,0.7386,0.1041,0.0,0.0,0,glrt_zupt
1785683931.4285307,51.2234,1,537.11,366.42,715.13,137.84,289.72,,0.7386,0.1041,0.0,0.0,0,glrt_zupt
1785683931.4453645,51.2402,1,537.11,366.42,715.13,137.84,289.72,,0.7386,0.1041,0.0,0.0,0,glrt_zupt
1785683931.4613602,51.2562,1,537.11,366.42,715.13,137.84,289.72,,0.7386,0.1041,0.0,0.0,0,glrt_zupt
1785683931.4782598,51.2731,1,537.11,366.42,715.13,137.84,289.72,,0.7386,0.1041,0.0,0.0,0,glrt_zupt
1785683931.4948483,51.2897,1,537.11,366.42,715.13,137.84,289.72,,0.7386,0.1041,0.0,0.0,0,glrt_zupt
1785683931.5110261,51.3059,1,537.11,366.42,715.13,137.84,289.72,,0.7386,0.1041,0.0,0.0,0,glrt_zupt
1785683931.6128275,51.4077,1,537.11,366.42,715.13,137.84,289.72,,0.7386,0.1041,0.0,0.0,0,glrt_zupt
