timestamp,elapsed_s,target_index,cursor_x,cursor_y,target_x,target_y,distance,hit_event,accel_x,accel_y,vel_x,vel_y,zupt_active,filter
1785677035.7521381,0.0049,0,400.0,300.0,656.49,163.39,290.6,,0.0119,0.041,0.0,0.0,0,zupt
1785677035.7647226,0.0175,0,400.0,300.01,656.49,163.39,290.61,,0.0,0.0,0.0,0.0,0,zupt
1785677035.7812276,0.034,0,400.0,300.01,656.49,163.39,290.61,,0.0,0.0,0.0,0.0,0,zupt
1785677035.7972686,0.05,0,400.01,300.05,656.49,163.39,290.62,,0.0086,0.0379,0.0,0.001,0,zupt
1785677035.8128045,0.0655,0,400.02,300.09,656.49,163.39,290.63,,0.0,0.0,0.0,0.001,0,zupt
1785677035.8293312,0.0821,0,400.04,300.14,656.49,163.39,290.63,,0.0169,0.0216,0.0,0.001,0,zupt
1785677035.8458595,0.0986,0,400.07,300.2,656.49,163.39,290.64,,0.0,0.0,0.0,0.001,0,zupt
1785677035.8628976,0.1156,0,400.09,300.25,656.49,163.39,290.64,,0.0,0.0,0.0,0.001,0,zupt
1785677035.8795667,0.1323,0,400.11,300.31,656.49,163.39,290.65,,0.0,0.0,0.0,0.001,0,zupt
1785677035.8972948,0.15,0,400.15,300.4,656.49,163.39,290.66,,0.0125,0.033,0.001,0.002,0,zupt
1785677035.9143186,0.1671,0,400.18,300.48,656.49,163.39,290.67,,0.0,0.0,0.001,0.002,0,zupt
1785677035.9314444,0.1842,0,400.22,300.57,656.49,163.39,290.68,,0.0,0.0,0.001,0.002,0,zupt
1785677035.9485466,0.2013,0,400.25,300.66,656.49,163.39,290.69,,0.0,0.0,0.001,0.002,0,zupt
1785677035.9645953,0.2173,0,400.29,300.74,656.49,163.39,290.7,,0.0,0.0,0.001,0.002,0,zupt
1785677035.9826286,0.2354,0,400.32,300.83,656.49,163.39,290.71,,0.0,0.0,0.001,0.002,0,zupt
1785677036.0001647,0.2529,0,400.36,300.92,656.49,163.39,290.72,,0.0,0.0,0.001,0.002,0,zupt
1785677036.0168815,0.2696,0,400.39,301.0,656.49,163.39,290.73,,0.0,0.0,0.001,0.002,0,zupt
1785677036.032918,0.2857,0,400.43,301.09,656.49,163.39,290.74,,0.0,0.0,0.001,0.002,0,zupt
1785677036.0491295,0.3019,0,400.46,301.17,656.49,163.39,290.75,,0.0,0.0,0.001,0.002,0,zupt
1785677036.065277,0.318,0,400.49,301.25,656.49,163.39,290.76,,0.0,0.0,0.001,0.002,0,zupt
1785677036.0819075,0.3346,0,400.53,301.34,656.49,163.39,290.77,,0.0,0.0,0.001,0.002,0,zupt
1785677036.097592,0.3503,0,400.56,301.41,656.49,163.39,290.78,,0.0,0.0,0.001,0.002,0,zupt
1785677036.1147878,0.3675,0,400.59,301.5,656.49,163.39,290.79,,0.0,0.0,0.001,0.002,0,zupt
1785677036.1308143,0.3836,0,400.63,301.58,656.49,163.39,290.8,,0.0,0.0,0.001,0.002,0,zupt
1785677036.1467822,0.3995,0,400.66,301.66,656.49,163.39,290.81,,0.0,0.0,0.001,0.002,0,zupt
1785677036.162694,0.4154,0,400.69,301.75,656.49,163.39,290.82,,0.0,0.0,0.001,0.002,0,zupt
1785677036.1783912,0.4311,0,400.72,301.83,656.49,163.39,290.83,,0.0,0.0,0.001,0.002,0,zupt
1785677036.1958811,0.4486,0,400.76,301.91,656.49,163.39,290.84,,0.0,0.0,0.001,0.002,0,zupt
1785677036.2115743,0.4643,0,400.79,301.99,656.49,163.39,290.85,,0.0,0.0,0.001,0.002,0,zupt
1785677036.229088,0.4818,0,400.85,302.12,656.49,163.39,290.86,,0.0225,0.0365,0.001,0.002,0,zupt
1785677036.2448199,0.4976,0,400.9,302.23,656.49,163.39,290.87,,0.0,0.0,0.001,0.002,0,zupt
1785677036.2605457,0.5133,0,400.95,302.36,656.49,163.39,290.89,,0.0036,0.0349,0.001,0.003,0,zupt
1785677036.2778974,0.5306,0,401.01,302.51,656.49,163.39,290.91,,0.0,0.0,0.001,0.003,0,zupt
1785677036.2940164,0.5468,0,401.06,302.65,656.49,163.39,290.93,,0.0,0.0,0.001,0.003,0,zupt
1785677036.310064,0.5628,0,401.13,302.82,656.49,163.39,290.95,,0.0179,0.0384,0.001,0.003,0,zupt
1785677036.3261929,0.5789,0,401.2,302.99,656.49,163.39,290.97,,0.0,0.0,0.001,0.003,0,zupt
1785677036.3417256,0.5945,0,401.27,303.15,656.49,163.39,290.99,,0.0,0.0,0.001,0.003,0,zupt
1785677036.3586426,0.6114,0,401.35,303.35,656.49,163.39,291.01,,0.0128,0.0295,0.002,0.004,0,zupt
1785677036.3749182,0.6277,0,401.43,303.55,656.49,163.39,291.04,,0.0,0.0,0.002,0.004,0,zupt
1785677036.391552,0.6443,0,401.52,303.76,656.49,163.39,291.06,,0.009,0.0133,0.002,0.004,0,zupt
1785677036.4090059,0.6617,0,401.61,303.98,656.49,163.39,291.08,,0.0,0.0,0.002,0.004,0,zupt
1785677036.4254825,0.6782,0,401.7,304.19,656.49,163.39,291.11,,0.0,0.0,0.002,0.004,0,zupt
1785677036.4423466,0.6951,0,401.81,304.42,656.49,163.39,291.12,,0.0245,0.0253,0.002,0.005,0,zupt
1785677036.4596443,0.7124,0,401.93,304.67,656.49,163.39,291.14,,0.0,0.0,0.002,0.005,0,zupt
1785677036.4762084,0.7289,0,402.0,304.93,656.49,163.39,291.21,,-0.0461,0.0475,0.001,0.005,0,zupt
1785677036.492662,0.7454,0,402.07,305.2,656.49,163.39,291.28,,0.0,0.0,0.001,0.005,0,zupt
1785677036.5085375,0.7613,0,402.14,305.46,656.49,163.39,291.35,,0.0,0.0,0.001,0.005,0,zupt
1785677036.5256524,0.7784,0,402.25,305.74,656.49,163.39,291.38,,0.0436,-0.0011,0.002,0.005,0,zupt
1785677036.5426636,0.7954,0,402.36,306.02,656.49,163.39,291.42,,0.0,0.0,0.002,0.005,0,zupt
1785677036.5593216,0.8121,0,402.47,306.29,656.49,163.39,291.46,,0.0,0.0,0.002,0.005,0,zupt
1785677036.5760098,0.8287,0,402.58,306.6,656.49,163.39,291.51,,0.0081,0.0549,0.002,0.006,0,zupt
1785677036.592582,0.8453,0,402.7,306.92,656.49,163.39,291.57,,0.0,0.0,0.002,0.006,0,zupt
1785677036.608808,0.8615,0,402.81,307.23,656.49,163.39,291.62,,0.0,0.0,0.002,0.006,0,zupt
1785677036.6247244,0.8775,0,402.88,307.54,656.49,163.39,291.72,,-0.0595,0.0145,0.001,0.007,0,zupt
1785677036.6413028,0.894,0,402.95,307.86,656.49,163.39,291.82,,0.0,0.0,0.001,0.007,0,zupt
1785677036.6582022,0.9109,0,403.04,308.22,656.49,163.39,291.92,,0.0258,0.0273,0.002,0.007,0,zupt
1785677036.6749742,0.9277,0,403.13,308.57,656.49,163.39,292.01,,0.0,0.0,0.002,0.007,0,zupt
1785677036.690635,0.9434,0,403.21,308.9,656.49,163.39,292.1,,0.0,0.0,0.002,0.007,0,zupt
1785677036.7070968,0.9598,0,403.35,309.29,656.49,163.39,292.18,,0.0623,0.0508,0.003,0.008,0,zupt
1785677036.7226827,0.9754,0,403.48,309.66,656.49,163.39,292.25,,0.0,0.0,0.003,0.008,0,zupt
1785677036.7390127,0.9917,0,403.51,309.68,656.49,163.39,292.23,,0.031,0.0238,0.001,0.0,1,zupt
1785677036.7557476,1.0085,0,403.53,309.7,656.49,163.39,292.22,,0.0,0.0,0.001,0.0,0,zupt
1785677036.7718349,1.0246,0,403.56,309.72,656.49,163.39,292.21,,0.0,0.0,0.001,0.0,0,zupt
1785677036.787916,1.0407,0,403.53,309.73,656.49,163.39,292.25,,-0.0419,0.0251,-0.001,0.0,1,zupt
1785677036.8038325,1.0566,0,403.49,309.75,656.49,163.39,292.29,,0.0,0.0,-0.001,0.0,0,zupt
1785677036.819446,1.0722,0,403.49,309.77,656.49,163.39,292.3,,-0.0035,0.0243,-0.0,0.0,1,zupt
1785677036.8364372,1.0892,0,403.49,309.79,656.49,163.39,292.31,,0.0,0.0,-0.0,0.0,0,zupt
1785677036.8526075,1.1053,0,403.49,309.81,656.49,163.39,292.32,,0.0,0.0,-0.0,0.0,0,zupt
1785677036.86923,1.122,0,403.54,309.85,656.49,163.39,292.29,,0.0629,0.0468,0.001,0.001,1,zupt
1785677036.8861485,1.1389,0,403.59,309.89,656.49,163.39,292.27,,0.0,0.0,0.001,0.001,0,zupt
1785677036.9016929,1.1544,0,403.64,309.92,656.49,163.39,292.24,,0.0,0.0,0.001,0.001,0,zupt
1785677036.917412,1.1701,0,403.69,309.96,656.49,163.39,292.22,,0.0,0.0,0.001,0.001,0,zupt
1785677036.934383,1.1871,0,403.74,310.0,656.49,163.39,292.19,,0.0,0.0,0.001,0.001,0,zupt
1785677036.9519026,1.2046,0,403.8,310.04,656.49,163.39,292.17,,0.0,0.0,0.001,0.001,0,zupt
1785677036.967938,1.2207,0,403.85,310.08,656.49,163.39,292.14,,0.0,0.0,0.001,0.001,0,zupt
1785677036.9839559,1.2367,0,403.9,310.12,656.49,163.39,292.12,,0.0,0.0,0.001,0.001,0,zupt
1785677037.000468,1.2532,0,403.95,310.15,656.49,163.39,292.09,,0.0,0.0,0.001,0.001,0,zupt
1785677037.0175107,1.2702,0,404.0,310.19,656.49,163.39,292.07,,0.0,0.0,0.001,0.001,0,zupt
1785677037.0350373,1.2878,0,404.06,310.24,656.49,163.39,292.04,,0.0,0.0,0.001,0.001,0,zupt
1785677037.051552,1.3043,0,404.11,310.27,656.49,163.39,292.01,,0.0,0.0,0.001,0.001,0,zupt
1785677037.0685697,1.3213,0,404.16,310.31,656.49,163.39,291.99,,0.0,0.0,0.001,0.001,0,zupt
1785677037.0851681,1.3379,0,404.22,310.35,656.49,163.39,291.96,,0.0,0.0,0.001,0.001,0,zupt
1785677037.10168,1.3544,0,404.27,310.39,656.49,163.39,291.94,,0.0,0.0,0.001,0.001,0,zupt
1785677037.1176965,1.3704,0,404.32,310.43,656.49,163.39,291.91,,0.0,0.0,0.001,0.001,0,zupt
1785677037.133724,1.3865,0,404.37,310.47,656.49,163.39,291.89,,0.0,0.0,0.001,0.001,0,zupt
1785677037.1501057,1.4028,0,404.42,310.5,656.49,163.39,291.86,,0.0,0.0,0.001,0.001,0,zupt
1785677037.1656795,1.4184,0,404.47,310.54,656.49,163.39,291.84,,0.0,0.0,0.001,0.001,0,zupt
1785677037.1828783,1.4356,0,404.52,310.58,656.49,163.39,291.81,,0.0,0.0,0.001,0.001,0,zupt
1785677037.1987698,1.4515,0,404.57,310.62,656.49,163.39,291.79,,0.0,0.0,0.001,0.001,0,zupt
1785677037.2147555,1.4675,0,404.62,310.66,656.49,163.39,291.76,,0.0,0.0,0.001,0.001,0,zupt
1785677037.2313678,1.4841,0,404.67,310.69,656.49,163.39,291.74,,0.0,0.0,0.001,0.001,0,zupt
1785677037.2479534,1.5007,0,404.73,310.73,656.49,163.39,291.71,,0.0,0.0,0.001,0.001,0,zupt
1785677037.263901,1.5166,0,404.78,310.77,656.49,163.39,291.69,,0.0,0.0,0.001,0.001,0,zupt
1785677037.279713,1.5324,0,404.83,310.81,656.49,163.39,291.66,,0.0,0.0,0.001,0.001,0,zupt
1785677037.297205,1.5499,0,404.88,310.85,656.49,163.39,291.64,,0.0,0.0,0.001,0.001,0,zupt
1785677037.3135777,1.5663,0,404.93,310.89,656.49,163.39,291.61,,0.0,0.0,0.001,0.001,0,zupt
1785677037.3299725,1.5827,0,404.98,310.92,656.49,163.39,291.59,,0.0,0.0,0.001,0.001,0,zupt
1785677037.3456097,1.5983,0,405.03,310.96,656.49,163.39,291.56,,0.0,0.0,0.001,0.001,0,zupt
1785677037.3629637,1.6157,0,405.09,311.0,656.49,163.39,291.54,,0.0,0.0,0.001,0.001,0,zupt
1785677037.378553,1.6313,0,405.14,311.04,656.49,163.39,291.51,,0.0,0.0,0.001,0.001,0,zupt
1785677037.3957283,1.6485,0,405.19,311.08,656.49,163.39,291.49,,0.0,0.0,0.001,0.001,0,zupt
1785677037.412597,1.6653,0,405.24,311.12,656.49,163.39,291.46,,0.0,0.0,0.001,0.001,0,zupt
1785677037.4292834,1.682,0,405.3,311.16,656.49,163.39,291.44,,0.0,0.0,0.001,0.001,0,zupt
1785677037.4459472,1.6987,0,405.35,311.2,656.49,163.39,291.41,,0.0,0.0,0.001,0.001,0,zupt
1785677037.46278,1.7155,0,405.4,311.23,656.49,163.39,291.39,,0.0,0.0,0.001,0.001,0,zupt
1785677037.4786043,1.7313,0,405.45,311.27,656.49,163.39,291.36,,0.0,0.0,0.001,0.001,0,zupt
1785677037.4958615,1.7486,0,405.5,311.31,656.49,163.39,291.34,,0.0,0.0,0.001,0.001,0,zupt
1785677037.511905,1.7646,0,405.55,311.35,656.49,163.39,291.31,,0.0,0.0,0.001,0.001,0,zupt
1785677037.5274007,1.7801,0,405.6,311.39,656.49,163.39,291.29,,0.0,0.0,0.001,0.001,0,zupt
1785677037.544821,1.7976,0,405.66,311.43,656.49,163.39,291.26,,0.0,0.0,0.001,0.001,0,zupt
1785677037.5614223,1.8142,0,405.71,311.47,656.49,163.39,291.24,,0.0,0.0,0.001,0.001,0,zupt
1785677037.5780737,1.8308,0,405.76,311.5,656.49,163.39,291.21,,0.0,0.0,0.001,0.001,0,zupt
1785677037.593887,1.8466,0,405.81,311.54,656.49,163.39,291.19,,0.0,0.0,0.001,0.001,0,zupt
1785677037.6095037,1.8622,0,405.86,311.58,656.49,163.39,291.16,,0.0,0.0,0.001,0.001,0,zupt
1785677037.626293,1.879,0,405.91,311.62,656.49,163.39,291.14,,0.0,0.0,0.001,0.001,0,zupt
1785677037.6429586,1.8957,0,405.97,311.66,656.49,163.39,291.11,,0.0,0.0,0.001,0.001,0,zupt
1785677037.6589,1.9116,0,406.02,311.69,656.49,163.39,291.09,,0.0,0.0,0.001,0.001,0,zupt
1785677037.675056,1.9278,0,406.07,311.73,656.49,163.39,291.07,,0.0,0.0,0.001,0.001,0,zupt
1785677037.69123,1.944,0,406.12,311.77,656.49,163.39,291.04,,0.0,0.0,0.001,0.001,0,zupt
1785677037.7086565,1.9614,0,406.17,311.81,656.49,163.39,291.01,,0.0,0.0,0.001,0.001,0,zupt
1785677037.7260756,1.9788,0,406.23,311.85,656.49,163.39,290.99,,0.0,0.0,0.001,0.001,0,zupt
1785677037.7428815,1.9956,0,406.28,311.89,656.49,163.39,290.96,,0.0,0.0,0.001,0.001,0,zupt
1785677037.758994,2.0117,0,406.33,311.93,656.49,163.39,290.94,,0.0,0.0,0.001,0.001,0,zupt
1785677037.774839,2.0276,0,406.38,311.96,656.49,163.39,290.91,,0.0,0.0,0.001,0.001,0,zupt
1785677037.790911,2.0436,0,406.43,312.0,656.49,163.39,290.89,,0.0,0.0,0.001,0.001,0,zupt
1785677037.8071373,2.0599,0,406.48,312.04,656.49,163.39,290.87,,0.0,0.0,0.001,0.001,0,zupt
1785677037.8230112,2.0757,0,406.53,312.08,656.49,163.39,290.84,,0.0,0.0,0.001,0.001,0,zupt
1785677037.8387115,2.0914,0,406.58,312.11,656.49,163.39,290.82,,0.0,0.0,0.001,0.001,0,zupt
1785677037.854636,2.1074,0,406.63,312.15,656.49,163.39,290.8,,0.0,0.0,0.001,0.001,0,zupt
1785677037.872712,2.1254,0,406.69,312.19,656.49,163.39,290.77,,0.0,0.0,0.001,0.001,0,zupt
1785677037.8894312,2.1422,0,406.74,312.23,656.49,163.39,290.74,,0.0,0.0,0.001,0.001,0,zupt
1785677037.9069014,2.1596,0,406.79,312.27,656.49,163.39,290.72,,0.0,0.0,0.001,0.001,0,zupt
1785677037.9228861,2.1756,0,406.84,312.31,656.49,163.39,290.69,,0.0,0.0,0.001,0.001,0,zupt
1785677037.9394019,2.1921,0,406.84,312.33,656.49,163.39,290.71,,-0.0065,0.0223,-0.0,0.0,1,zupt
1785677037.956055,2.2088,0,406.83,312.35,656.49,163.39,290.72,,0.0,0.0,-0.0,0.0,0,zupt
1785677037.9726355,2.2254,0,406.83,312.36,656.49,163.39,290.73,,0.0,0.0,-0.0,0.0,0,zupt
1785677037.9901688,2.2429,0,406.85,312.4,656.49,163.39,290.73,,0.0294,0.041,0.001,0.001,1,zupt
1785677038.0057526,2.2585,0,406.88,312.44,656.49,163.39,290.73,,0.0,0.0,0.001,0.001,0,zupt
1785677038.0227864,2.2755,0,406.9,312.47,656.49,163.39,290.72,,0.0,0.0,0.001,0.001,0,zupt
1785677038.0384672,2.2912,0,406.93,312.51,656.49,163.39,290.72,,0.0,0.0,0.001,0.001,0,zupt
1785677038.055277,2.308,0,406.93,312.52,656.49,163.39,290.73,,0.001,0.0164,0.0,0.0,1,zupt
1785677038.0716505,2.3244,0,406.93,312.53,656.49,163.39,290.73,,0.0,0.0,0.0,0.0,0,zupt
1785677038.0888479,2.3416,0,406.93,312.55,656.49,163.39,290.74,,0.0,0.0,0.0,0.0,0,zupt
1785677038.1053052,2.358,0,406.93,312.58,656.49,163.39,290.75,,0.0044,0.0344,0.0,0.001,1,zupt
1785677038.1228673,2.3756,0,406.94,312.61,656.49,163.39,290.76,,0.0,0.0,0.0,0.001,0,zupt
1785677038.1389632,2.3917,0,406.94,312.63,656.49,163.39,290.77,,0.0,0.0,0.0,0.001,0,zupt
1785677038.1547341,2.4075,0,406.95,312.66,656.49,163.39,290.78,,0.0,0.0,0.0,0.001,0,zupt
1785677038.1715422,2.4243,0,406.95,312.69,656.49,163.39,290.8,,0.0,0.0,0.0,0.001,0,zupt
1785677038.1882606,2.441,0,406.96,312.71,656.49,163.39,290.79,,0.0169,0.0216,0.0,0.0,1,zupt
1785677038.2040522,2.4568,0,406.98,312.72,656.49,163.39,290.79,,0.0,0.0,0.0,0.0,0,zupt
1785677038.22032,2.4731,0,407.0,312.74,656.49,163.39,290.78,,0.0235,0.0189,0.0,0.0,1,zupt
1785677038.2376804,2.4904,0,407.02,312.75,656.49,163.39,290.77,,0.0,0.0,0.0,0.0,0,zupt
1785677038.2547467,2.5075,0,406.99,312.78,656.49,163.39,290.81,,-0.0304,0.0318,-0.001,0.001,1,zupt
1785677038.2703483,2.5231,0,406.96,312.81,656.49,163.39,290.84,,0.0,0.0,-0.001,0.001,0,zupt
1785677038.2870429,2.5398,0,406.94,312.84,656.49,163.39,290.88,,0.0,0.0,-0.001,0.001,0,zupt
1785677038.3027747,2.5555,0,406.95,312.86,656.49,163.39,290.89,,0.0091,0.0304,0.0,0.0,1,zupt
1785677038.3198366,2.5726,0,406.95,312.88,656.49,163.39,290.89,,0.0,0.0,0.0,0.0,0,zupt
1785677038.336961,2.5897,0,406.94,312.9,656.49,163.39,290.91,,-0.0095,0.0171,-0.0,0.0,1,zupt
1785677038.352543,2.6053,0,406.94,312.91,656.49,163.39,290.92,,0.0,0.0,-0.0,0.0,0,zupt
1785677038.3697293,2.6225,0,406.93,312.93,656.49,163.39,290.94,,0.0,0.0,-0.0,0.0,0,zupt
1785677038.3870113,2.6397,0,406.94,312.95,656.49,163.39,290.94,,0.0179,0.0295,0.0,0.001,1,zupt
1785677038.4026093,2.6553,0,406.96,312.98,656.49,163.39,290.94,,0.0,0.0,0.0,0.001,0,zupt
1785677038.419839,2.6726,0,407.01,313.01,656.49,163.39,290.91,,0.0584,0.0348,0.001,0.001,1,zupt
1785677038.4370768,2.6898,0,407.06,313.04,656.49,163.39,290.88,,0.0,0.0,0.001,0.001,0,zupt
1785677038.4525747,2.7053,0,407.11,313.07,656.49,163.39,290.85,,0.0,0.0,0.001,0.001,0,zupt
1785677038.4697707,2.7225,0,407.13,313.1,656.49,163.39,290.85,,0.0244,0.0374,0.0,0.001,1,zupt
1785677038.4861126,2.7388,0,407.15,313.13,656.49,163.39,290.85,,0.0,0.0,0.0,0.001,0,zupt
1785677038.5017614,2.7545,0,407.44,313.38,656.49,163.39,290.74,,0.3588,0.3001,0.006,0.005,0,zupt
1785677038.5192752,2.772,0,407.75,313.66,656.49,163.39,290.61,,0.0,0.0,0.006,0.005,0,zupt
1785677038.5359035,2.7886,0,408.05,313.93,656.49,163.39,290.49,,0.0,0.0,0.006,0.005,0,zupt
1785677038.5520165,2.8048,0,408.08,314.08,656.49,163.39,290.54,,-0.3357,-0.1383,0.001,0.003,0,zupt
1785677038.5678735,2.8206,0,408.11,314.23,656.49,163.39,290.59,,0.0,0.0,0.001,0.003,0,zupt
1785677038.5833526,2.8361,0,408.15,314.42,656.49,163.39,290.67,,0.0045,0.0676,0.001,0.004,0,zupt
1785677038.600577,2.8533,0,408.18,314.63,656.49,163.39,290.75,,0.0,0.0,0.001,0.004,0,zupt
1785677038.6178124,2.8705,0,408.24,314.87,656.49,163.39,290.82,,0.0279,0.0188,0.001,0.004,0,zupt
1785677038.6343694,2.8871,0,408.3,315.09,656.49,163.39,290.88,,0.0,0.0,0.001,0.004,0,zupt
1785677038.6517537,2.9045,0,408.36,315.32,656.49,163.39,290.95,,0.0,0.0,0.001,0.004,0,zupt
1785677038.6688707,2.9216,0,408.32,315.51,656.49,163.39,291.09,,-0.12,-0.0435,-0.001,0.004,0,zupt
1785677038.6847606,2.9375,0,408.27,315.69,656.49,163.39,291.22,,0.0,0.0,-0.001,0.004,0,zupt
1785677038.7015076,2.9542,0,408.01,315.68,656.49,163.39,291.44,,-0.2625,-0.2331,-0.005,-0.0,0,zupt
1785677038.7182565,2.971,0,407.74,315.67,656.49,163.39,291.66,,0.0,0.0,-0.005,-0.0,0,zupt
1785677038.7358627,2.9886,0,407.47,315.67,656.49,163.39,291.9,,0.0,0.0,-0.005,-0.0,0,zupt
1785677038.7517276,3.0045,0,407.21,315.66,656.49,163.39,292.11,,0.0,0.0,-0.005,-0.0,0,zupt
1785677038.768446,3.0212,0,406.8,315.52,656.49,163.39,292.39,,-0.1809,-0.1543,-0.008,-0.003,0,zupt
1785677038.7850635,3.0378,0,406.38,315.38,656.49,163.39,292.67,,0.0,0.0,-0.008,-0.003,0,zupt
1785677038.800822,3.0536,0,405.99,315.25,656.49,163.39,292.94,,0.0,0.0,-0.008,-0.003,0,zupt
1785677038.8169625,3.0697,0,405.59,315.12,656.49,163.39,293.21,,0.0,0.0,-0.008,-0.003,0,zupt
1785677038.8325453,3.0853,0,405.2,314.99,656.49,163.39,293.48,,0.0,0.0,-0.008,-0.003,0,zupt
1785677038.8496833,3.1024,0,404.85,314.87,656.49,163.39,293.72,,0.0824,0.0261,-0.007,-0.002,0,zupt
1785677038.8662202,3.119,0,404.51,314.76,656.49,163.39,293.96,,0.0,0.0,-0.007,-0.002,0,zupt
1785677038.8829942,3.1357,0,404.16,314.64,656.49,163.39,294.19,,0.0,0.0,-0.007,-0.002,0,zupt
1785677038.899125,3.1519,0,403.83,314.53,656.49,163.39,294.42,,0.0,0.0,-0.007,-0.002,0,zupt
1785677038.9152098,3.1679,0,403.44,314.46,656.49,163.39,294.72,,-0.0747,0.0543,-0.008,-0.001,0,zupt
1785677038.93083,3.1836,0,403.06,314.4,656.49,163.39,295.01,,0.0,0.0,-0.008,-0.001,0,zupt
1785677038.946333,3.1991,0,402.45,314.29,656.49,163.39,295.48,,-0.3183,-0.0617,-0.013,-0.002,0,zupt
1785677038.9630075,3.2157,0,401.8,314.17,656.49,163.39,295.98,,0.0,0.0,-0.013,-0.002,0,zupt
1785677038.9786782,3.2314,0,401.19,314.05,656.49,163.39,296.45,,0.0,0.0,-0.013,-0.002,0,zupt
1785677038.9958704,3.2486,0,400.74,314.23,656.49,163.39,296.92,,0.2506,0.336,-0.009,0.003,0,zupt
1785677039.0126984,3.2654,0,400.3,314.4,656.49,163.39,297.39,,0.0,0.0,-0.009,0.003,0,zupt
1785677039.0298154,3.2826,0,399.3,314.31,656.49,163.39,298.2,,-0.621,-0.3001,-0.019,-0.002,0,zupt
1785677039.045839,3.2986,0,398.37,314.23,656.49,163.39,298.96,,0.0,0.0,-0.019,-0.002,0,zupt
1785677039.0623507,3.3151,0,397.53,314.46,656.49,163.39,299.81,,0.1402,0.3915,-0.017,0.005,0,zupt
1785677039.079082,3.3318,0,396.68,314.7,656.49,163.39,300.66,,0.0,0.0,-0.017,0.005,0,zupt
1785677039.095146,3.3479,0,395.85,314.93,656.49,163.39,301.49,,0.0,0.0,-0.017,0.005,0,zupt
1785677039.110673,3.3634,0,395.46,315.52,656.49,163.39,302.13,,0.5491,0.5146,-0.009,0.013,0,zupt
1785677039.1280344,3.3808,0,395.02,316.18,656.49,163.39,302.85,,0.0,0.0,-0.009,0.013,0,zupt
1785677039.143575,3.3963,0,394.62,316.77,656.49,163.39,303.49,,0.0,0.0,-0.009,0.013,0,zupt
1785677039.1611402,3.4139,0,394.17,317.44,656.49,163.39,304.21,,0.0,0.0,-0.009,0.013,0,zupt
1785677039.1772726,3.43,0,393.76,318.06,656.49,163.39,304.88,,0.0,0.0,-0.009,0.013,0,zupt
1785677039.1950593,3.4478,0,393.31,318.74,656.49,163.39,305.61,,0.0,0.0,-0.009,0.013,0,zupt
1785677039.210925,3.4637,0,392.9,319.34,656.49,163.39,306.27,,0.0,0.0,-0.009,0.013,0,zupt
1785677039.2266614,3.4794,0,392.5,319.94,656.49,163.39,306.92,,0.0,0.0,-0.009,0.013,0,zupt
1785677039.2434094,3.4961,0,392.07,320.58,656.49,163.39,307.61,,0.0,0.0,-0.009,0.013,0,zupt
1785677039.260128,3.5129,0,391.65,321.22,656.49,163.39,308.31,,0.0,0.0,-0.009,0.013,0,zupt
1785677039.2765863,3.5293,0,391.23,321.84,656.49,163.39,308.99,,0.0,0.0,-0.009,0.013,0,zupt
1785677039.2938006,3.5465,0,390.79,322.5,656.49,163.39,309.7,,0.0,0.0,-0.009,0.013,0,zupt
1785677039.3100655,3.5628,0,390.37,323.12,656.49,163.39,310.38,,0.0,0.0,-0.009,0.013,0,zupt
1785677039.3262894,3.579,0,389.96,323.74,656.49,163.39,311.05,,0.0,0.0,-0.009,0.013,0,zupt
1785677039.3437927,3.5965,0,389.51,324.41,656.49,163.39,311.78,,0.0,0.0,-0.009,0.013,0,zupt
1785677039.359447,3.6122,0,388.81,325.08,656.49,163.39,312.73,,-0.4175,0.1014,-0.015,0.014,0,zupt
1785677039.3765063,3.6292,0,388.04,325.81,656.49,163.39,313.77,,0.0,0.0,-0.015,0.014,0,zupt
1785677039.3937318,3.6465,0,387.26,326.55,656.49,163.39,314.81,,0.0,0.0,-0.015,0.014,0,zupt
1785677039.410578,3.6633,0,386.75,327.63,656.49,163.39,315.81,,0.2962,0.4182,-0.01,0.021,0,zupt
1785677039.4276967,3.6804,0,386.24,328.72,656.49,163.39,316.82,,0.0,0.0,-0.01,0.021,0,zupt
1785677039.4451697,3.6979,0,385.56,330.05,656.49,163.39,318.09,,-0.1599,0.2269,-0.013,0.025,0,zupt
1785677039.4613197,3.7141,0,384.94,331.28,656.49,163.39,319.26,,0.0,0.0,-0.013,0.025,0,zupt
1785677039.4786212,3.7314,0,384.27,332.59,656.49,163.39,320.52,,0.0,0.0,-0.013,0.025,0,zupt
1785677039.4954233,3.7482,0,383.63,333.87,656.49,163.39,321.74,,0.0,0.0,-0.013,0.025,0,zupt
1785677039.512647,3.7654,0,382.93,335.41,656.49,163.39,323.16,,-0.0387,0.2697,-0.014,0.03,0,zupt
1785677039.5297842,3.7825,0,382.23,336.95,656.49,163.39,324.57,,0.0,0.0,-0.014,0.03,0,zupt
1785677039.5461047,3.7988,0,381.57,338.42,656.49,163.39,325.91,,0.0,0.0,-0.014,0.03,0,zupt
1785677039.5618522,3.8146,0,380.93,339.83,656.49,163.39,327.21,,0.0,0.0,-0.014,0.03,0,zupt
1785677039.5788748,3.8316,0,380.37,341.44,656.49,163.39,328.55,,0.1458,0.0893,-0.011,0.031,0,zupt
1785677039.5946317,3.8474,0,379.85,342.93,656.49,163.39,329.8,,0.0,0.0,-0.011,0.031,0,zupt
1785677039.6123333,3.8651,0,379.26,344.6,656.49,163.39,331.2,,0.0,0.0,-0.011,0.031,0,zupt
1785677039.628859,3.8816,0,378.7,346.29,656.49,163.39,332.6,,-0.0204,0.1631,-0.011,0.034,0,zupt
1785677039.64524,3.898,0,378.14,347.97,656.49,163.39,333.99,,0.0,0.0,-0.011,0.034,0,zupt
1785677039.6629386,3.9157,0,377.54,349.79,656.49,163.39,335.5,,0.0,0.0,-0.011,0.034,0,zupt
1785677039.678817,3.9316,0,376.72,351.42,656.49,163.39,337.09,,-0.3637,0.0058,-0.017,0.034,0,zupt
1785677039.6961412,3.9489,0,375.83,353.2,656.49,163.39,338.82,,0.0,0.0,-0.017,0.034,0,zupt
1785677039.7119324,3.9647,0,374.98,354.62,656.49,163.39,340.32,,-0.0549,-0.2755,-0.018,0.03,0,zupt
1785677039.7277343,3.9805,0,374.12,356.03,656.49,163.39,341.83,,0.0,0.0,-0.018,0.03,0,zupt
1785677039.7440977,3.9968,0,373.24,357.5,656.49,163.39,343.39,,0.0,0.0,-0.018,0.03,0,zupt
1785677039.7599273,4.0127,0,372.38,358.92,656.49,163.39,344.89,,0.0,0.0,-0.018,0.03,0,zupt
1785677039.7763689,4.0291,0,371.49,360.4,656.49,163.39,346.46,,0.0,0.0,-0.018,0.03,0,zupt
1785677039.7936914,4.0464,0,370.56,361.95,656.49,163.39,348.12,,0.0,0.0,-0.018,0.03,0,zupt
1785677039.811167,4.0639,0,369.61,363.52,656.49,163.39,349.79,,0.0,0.0,-0.018,0.03,0,zupt
1785677039.8272173,4.08,0,368.75,364.96,656.49,163.39,351.32,,0.0,0.0,-0.018,0.03,0,zupt
1785677039.8449259,4.0977,0,367.79,366.55,656.49,163.39,353.02,,0.0,0.0,-0.018,0.03,0,zupt
1785677039.8613172,4.1141,0,366.91,368.02,656.49,163.39,354.59,,0.0,0.0,-0.018,0.03,0,zupt
1785677039.8781853,4.1309,0,365.99,369.53,656.49,163.39,356.21,,0.0,0.0,-0.018,0.03,0,zupt
1785677039.8939562,4.1467,0,365.14,370.95,656.49,163.39,357.72,,0.0,0.0,-0.018,0.03,0,zupt
1785677039.9098372,4.1626,0,364.28,372.37,656.49,163.39,359.25,,0.0,0.0,-0.018,0.03,0,zupt
1785677039.9263773,4.1791,0,363.39,373.86,656.49,163.39,360.84,,0.0,0.0,-0.018,0.03,0,zupt
1785677039.9434006,4.1961,0,362.47,375.39,656.49,163.39,362.48,,0.0,0.0,-0.018,0.03,0,zupt
1785677039.9601371,4.2129,0,361.57,376.89,656.49,163.39,364.09,,0.0,0.0,-0.018,0.03,0,zupt
1785677039.9758537,4.2286,0,360.87,377.68,656.49,163.39,365.12,,0.1996,-0.8333,-0.015,0.017,0,zupt
1785677039.9918497,4.2446,0,360.15,378.49,656.49,163.39,366.18,,0.0,0.0,-0.015,0.017,0,zupt
1785677040.0077214,4.2605,0,359.3,379.17,656.49,163.39,367.27,,-0.196,-0.1604,-0.018,0.014,0,zupt
1785677040.0250232,4.2778,0,358.36,379.91,656.49,163.39,368.46,,0.0,0.0,-0.018,0.014,0,zupt
1785677040.0420341,4.2948,0,357.44,380.63,656.49,163.39,369.63,,0.0,0.0,-0.018,0.014,0,zupt
1785677040.0579474,4.3107,0,355.81,381.73,656.49,163.39,371.59,,-1.0144,0.5437,-0.034,0.023,0,zupt
1785677040.0741587,4.3269,0,354.16,382.84,656.49,163.39,373.59,,0.0,0.0,-0.034,0.023,0,zupt
1785677040.0898619,4.3426,0,351.82,384.46,656.49,163.39,376.43,,-0.9854,0.7326,-0.05,0.034,0,zupt
1785677040.1061184,4.3589,0,349.4,386.14,656.49,163.39,379.38,,0.0,0.0,-0.05,0.034,0,zupt
1785677040.1219177,4.3747,0,346.26,388.62,656.49,163.39,383.37,,-1.0586,1.13,-0.066,0.052,0,zupt
1785677040.13752,4.3903,0,343.15,391.07,656.49,163.39,387.32,,0.0,0.0,-0.066,0.052,0,zupt
1785677040.1546066,4.4073,0,338.93,394.64,656.49,163.39,392.84,,-0.9424,1.0173,-0.082,0.07,0,zupt
1785677040.1703658,4.4231,0,335.03,397.93,656.49,163.39,397.93,,0.0,0.0,-0.082,0.07,0,zupt
1785677040.187874,4.4406,0,330.7,401.59,656.49,163.39,403.58,,0.0,0.0,-0.082,0.07,0,zupt
1785677040.2040064,4.4567,0,326.71,404.96,656.49,163.39,408.79,,0.0,0.0,-0.082,0.07,0,zupt
1785677040.2197607,4.4725,0,322.82,408.25,656.49,163.39,413.88,,0.0,0.0,-0.082,0.07,0,zupt
1785677040.236605,4.4893,0,318.58,412.47,656.49,163.39,419.79,,-0.0829,0.8148,-0.084,0.083,0,zupt
1785677040.2531667,4.5059,0,314.41,416.61,656.49,163.39,425.6,,0.0,0.0,-0.084,0.083,0,zupt
1785677040.269725,4.5225,0,310.25,420.75,656.49,163.39,431.42,,0.0,0.0,-0.084,0.083,0,zupt
1785677040.2863693,4.5391,0,306.07,424.91,656.49,163.39,437.26,,0.0,0.0,-0.084,0.083,0,zupt
1785677040.3029952,4.5557,0,302.03,429.47,656.49,163.39,443.22,,0.1803,0.477,-0.081,0.091,0,zupt
1785677040.319438,4.5722,0,298.05,433.97,656.49,163.39,449.11,,0.0,0.0,-0.081,0.091,0,zupt
1785677040.336715,4.5895,0,293.86,438.71,656.49,163.39,455.31,,0.0,0.0,-0.081,0.091,0,zupt
1785677040.3533747,4.6061,0,289.82,443.27,656.49,163.39,461.29,,0.0,0.0,-0.081,0.091,0,zupt
1785677040.3701077,4.6228,0,285.63,448.38,656.49,163.39,467.72,,-0.159,0.6322,-0.083,0.102,0,zupt
1785677040.3863878,4.6391,0,281.55,453.36,656.49,163.39,473.99,,0.0,0.0,-0.083,0.102,0,zupt
1785677040.4037395,4.6565,0,277.14,459.13,656.49,163.39,481.01,,-0.0686,0.5128,-0.085,0.111,0,zupt
1785677040.4209635,4.6737,0,272.77,464.85,656.49,163.39,487.98,,0.0,0.0,-0.085,0.111,0,zupt
1785677040.436724,4.6895,0,268.76,470.09,656.49,163.39,494.37,,0.0,0.0,-0.085,0.111,0,zupt
1785677040.4531903,4.7059,0,264.74,475.91,656.49,163.39,501.14,,0.1915,0.4219,-0.082,0.118,0,zupt
1785677040.4693818,4.7221,0,260.78,481.63,656.49,163.39,507.81,,0.0,0.0,-0.082,0.118,0,zupt
1785677040.486109,4.7388,0,256.77,487.83,656.49,163.39,514.82,,0.1025,0.3502,-0.08,0.124,0,zupt
1785677040.5016792,4.7544,0,253.04,493.6,656.49,163.39,521.36,,0.0,0.0,-0.08,0.124,0,zupt
1785677040.5190692,4.7718,0,248.88,500.05,656.49,163.39,528.67,,0.0,0.0,-0.08,0.124,0,zupt
1785677040.534847,4.7876,0,245.28,506.02,656.49,163.39,535.25,,0.2346,0.1573,-0.076,0.126,0,zupt
1785677040.5504837,4.8032,0,241.71,511.93,656.49,163.39,541.78,,0.0,0.0,-0.076,0.126,0,zupt
1785677040.5671892,4.8199,0,238.04,518.25,656.49,163.39,548.66,,0.1795,0.0011,-0.073,0.126,0,zupt
1785677040.58402,4.8368,0,234.35,524.62,656.49,163.39,555.6,,0.0,0.0,-0.073,0.126,0,zupt
1785677040.5999951,4.8527,0,230.99,530.63,656.49,163.39,562.07,,0.18,-0.0457,-0.07,0.125,0,zupt
1785677040.615978,4.8687,0,227.62,536.64,656.49,163.39,568.55,,0.0,0.0,-0.07,0.125,0,zupt
1785677040.6317797,4.8845,0,224.4,542.52,656.49,163.39,574.84,,0.1519,-0.0848,-0.068,0.124,0,zupt
1785677040.647795,4.9005,0,221.14,548.47,656.49,163.39,581.22,,0.0,0.0,-0.068,0.124,0,zupt
1785677040.6640353,4.9168,0,217.83,554.43,656.49,163.39,587.66,,-0.0179,-0.1162,-0.068,0.122,0,zupt
1785677040.6804936,4.9332,0,214.46,560.46,656.49,163.39,594.18,,0.0,0.0,-0.068,0.122,0,zupt
1785677040.6972613,4.95,0,211.04,566.6,656.49,163.39,600.84,,0.0,0.0,-0.068,0.122,0,zupt
1785677040.7139182,4.9667,0,207.38,572.96,656.49,163.39,607.82,,-0.2995,0.3116,-0.073,0.127,0,zupt
1785677040.7295387,4.9823,0,203.96,578.93,656.49,163.39,614.38,,0.0,0.0,-0.073,0.127,0,zupt
1785677040.7469897,4.9997,0,199.72,586.46,656.49,163.39,622.6,,-0.4473,0.952,-0.081,0.144,0,zupt
1785677040.7626305,5.0154,0,195.92,592,656.49,163.39,629.15,,0.0,0.0,-0.081,0.144,0,zupt
1785677040.779763,5.0325,0,191.13,592,656.49,163.39,632.67,,-0.7218,1.5807,-0.093,0.171,0,zupt
1785677040.7956343,5.0484,0,186.69,592,656.49,163.39,635.94,,0.0,0.0,-0.093,0.171,0,zupt
1785677040.812868,5.0656,0,181.86,592,656.49,163.39,639.52,,0.0,0.0,-0.093,0.171,0,zupt
1785677040.8289342,5.0817,0,177.07,592,656.49,163.39,643.08,,-0.3862,1.0746,-0.099,0.188,0,zupt
1785677040.8448424,5.0976,0,172.32,592,656.49,163.39,646.63,,0.0,0.0,-0.099,0.188,0,zupt
1785677040.861341,5.1141,0,167.32,592,656.49,163.39,650.39,,-0.0992,0.8307,-0.101,0.202,0,zupt
1785677040.8781435,5.1309,0,162.22,592,656.49,163.39,654.23,,0.0,0.0,-0.101,0.202,0,zupt
1785677040.8938015,5.1465,0,157.47,592,656.49,163.39,657.82,,0.0,0.0,-0.101,0.202,0,zupt
1785677040.9095736,5.1623,0,152.57,592,656.49,163.39,661.55,,-0.1565,0.3289,-0.104,0.207,0,zupt
1785677040.9262645,5.179,0,147.38,592,656.49,163.39,665.51,,0.0,0.0,-0.104,0.207,0,zupt
1785677040.9423816,5.1951,0,142.37,592,656.49,163.39,669.35,,0.0,0.0,-0.104,0.207,0,zupt
1785677040.959668,5.2124,0,137.0,592,656.49,163.39,673.48,,0.0,0.0,-0.104,0.207,0,zupt
1785677040.9770098,5.2297,0,132.01,592,656.49,163.39,677.34,,0.4394,-1.2651,-0.096,0.185,0,zupt
1785677040.9927862,5.2455,0,127.46,592,656.49,163.39,680.87,,0.0,0.0,-0.096,0.185,0,zupt
1785677041.0100622,5.2628,0,122.49,592,656.49,163.39,684.74,,0.0,0.0,-0.096,0.185,0,zupt
1785677041.025942,5.2787,0,117.92,592,656.49,163.39,688.31,,0.0,0.0,-0.096,0.185,0,zupt
1785677041.042305,5.295,0,113.28,592,656.49,163.39,691.94,,0.096,-1.3721,-0.094,0.163,0,zupt
1785677041.059378,5.3121,0,108.45,592,656.49,163.39,695.74,,0.0,0.0,-0.094,0.163,0,zupt
1785677041.0759392,5.3287,0,103.76,592,656.49,163.39,699.44,,0.0,0.0,-0.094,0.163,0,zupt
1785677041.0917192,5.3445,0,99.21,592,656.49,163.39,703.04,,-0.106,-1.3273,-0.096,0.142,0,zupt
1785677041.108408,5.3611,0,94.4,592,656.49,163.39,706.86,,0.0,0.0,-0.096,0.142,0,zupt
1785677041.1244533,5.3772,0,89.78,592,656.49,163.39,710.55,,0.0,0.0,-0.096,0.142,0,zupt
1785677041.1424332,5.3952,0,84.86,592,656.49,163.39,714.48,,0.2692,-1.315,-0.091,0.118,0,zupt
1785677041.159027,5.4118,0,80.31,592,656.49,163.39,718.12,,0.0,0.0,-0.091,0.118,0,zupt
1785677041.1751041,5.4278,0,76.3,592,656.49,163.39,721.34,,0.4969,-1.2374,-0.083,0.098,0,zupt
1785677041.19166,5.4444,0,72.16,592,656.49,163.39,724.67,,0.0,0.0,-0.083,0.098,0,zupt
1785677041.2088895,5.4616,0,67.86,592,656.49,163.39,728.14,,0.0,0.0,-0.083,0.098,0,zupt
1785677041.2247946,5.4775,0,63.93,592,656.49,163.39,731.33,,0.0459,-1.2879,-0.083,0.078,0,zupt
1785677041.2417073,5.4944,0,59.74,592,656.49,163.39,734.73,,0.0,0.0,-0.083,0.078,0,zupt
1785677041.2590716,5.5118,0,55.73,592,656.49,163.39,737.99,,0.3187,-0.7734,-0.077,0.064,0,zupt
1785677041.2747095,5.5274,0,52.12,592,656.49,163.39,740.93,,0.0,0.0,-0.077,0.064,0,zupt
1785677041.2918952,5.5446,0,48.15,592,656.49,163.39,744.17,,0.0,0.0,-0.077,0.064,0,zupt
1785677041.3074975,5.5602,0,44.56,592,656.49,163.39,747.11,,0.0213,-0.4074,-0.077,0.058,0,zupt
1785677041.3247337,5.5775,0,40.6,592,656.49,163.39,750.36,,0.0,0.0,-0.077,0.058,0,zupt
1785677041.3427744,5.5955,0,36.04,592,656.49,163.39,754.1,,-0.4231,-0.1062,-0.084,0.056,0,zupt
1785677041.3593056,5.612,0,31.86,592,656.49,163.39,757.55,,0.0,0.0,-0.084,0.056,0,zupt
1785677041.3757434,5.6285,0,27.58,592,656.49,163.39,761.08,,-0.1516,-0.1032,-0.087,0.054,0,zupt
1785677041.3928566,5.6456,0,23.12,592,656.49,163.39,764.76,,0.0,0.0,-0.087,0.054,0,zupt
1785677041.409042,5.6618,0,18.91,592,656.49,163.39,768.26,,0.0,0.0,-0.087,0.054,0,zupt
1785677041.4247968,5.6775,0,14.91,592,656.49,163.39,771.58,,0.1379,-0.0698,-0.085,0.053,0,zupt
1785677041.441615,5.6944,0,10.64,592,656.49,163.39,775.13,,0.0,0.0,-0.085,0.053,0,zupt
1785677041.4590554,5.7118,0,8,592,656.49,163.39,777.34,,0.0669,-0.084,-0.083,0.052,0,zupt
1785677041.4755347,5.7283,0,8,592,656.49,163.39,777.34,,0.0,0.0,-0.083,0.052,0,zupt
1785677041.4928699,5.7456,0,8,592,656.49,163.39,777.34,,0.0846,0.1083,-0.082,0.054,0,zupt
1785677041.508576,5.7613,0,8,592,656.49,163.39,777.34,,0.0,0.0,-0.082,0.054,0,zupt
1785677041.5259154,5.7787,0,8,592,656.49,163.39,777.34,,0.0,0.0,-0.082,0.054,0,zupt
1785677041.5425673,5.7953,0,8,592,656.49,163.39,777.34,,0.0225,0.1824,-0.082,0.057,0,zupt
1785677041.5592983,5.812,0,8,592,656.49,163.39,777.34,,0.0,0.0,-0.082,0.057,0,zupt
1785677041.5760553,5.8288,0,8,592,656.49,163.39,777.34,,-0.0311,0.1931,-0.082,0.06,0,zupt
1785677041.591588,5.8443,0,8,592,656.49,163.39,777.34,,0.0,0.0,-0.082,0.06,0,zupt
1785677041.6081674,5.8609,0,8,592,656.49,163.39,777.34,,0.0,0.0,-0.082,0.06,0,zupt
1785677041.6248832,5.8776,0,8,592,656.49,163.39,777.34,,0.0,0.0,-0.082,0.06,0,zupt
1785677041.641067,5.8938,0,8,592,656.49,163.39,777.34,,0.0,0.0,-0.082,0.06,0,zupt
1785677041.6573167,5.9101,0,8,592,656.49,163.39,777.34,,0.0,0.0,-0.082,0.06,0,zupt
1785677041.6749103,5.9276,0,8,592,656.49,163.39,777.34,,0.0,0.0,-0.082,0.06,0,zupt
1785677041.690922,5.9437,0,8,592,656.49,163.39,777.34,,0.0,0.0,-0.082,0.06,0,zupt
1785677041.7069402,5.9597,0,8,592,656.49,163.39,777.34,,0.0,0.0,-0.082,0.06,0,zupt
1785677041.7229326,5.9757,0,8,592,656.49,163.39,777.34,,0.0,0.0,-0.082,0.06,0,zupt
1785677041.7389915,5.9917,0,8,592,656.49,163.39,777.34,,0.0,0.0,-0.082,0.06,0,zupt
1785677041.7550178,6.0078,0,8,592,656.49,163.39,777.34,,0.0,0.0,-0.082,0.06,0,zupt
1785677041.7707832,6.0235,0,8,592,656.49,163.39,777.34,,0.0,0.0,-0.082,0.06,0,zupt
1785677041.7863379,6.0391,0,8,592,656.49,163.39,777.34,,0.0,0.0,-0.082,0.06,0,zupt
1785677041.8030427,6.0558,0,8,592,656.49,163.39,777.34,,0.0,0.0,-0.082,0.06,0,zupt
1785677041.8188045,6.0715,0,8,592,656.49,163.39,777.34,,0.0,0.0,-0.082,0.06,0,zupt
1785677041.8348918,6.0876,0,8,592,656.49,163.39,777.34,,0.0,0.0,-0.082,0.06,0,zupt
1785677041.850972,6.1037,0,8,592,656.49,163.39,777.34,,0.0,0.0,-0.082,0.06,0,zupt
1785677041.866453,6.1192,0,8,592,656.49,163.39,777.34,,0.0,0.0,-0.082,0.06,0,zupt
1785677041.8837402,6.1365,0,8,592,656.49,163.39,777.34,,0.0,0.0,-0.082,0.06,0,zupt
1785677041.900194,6.1529,0,8,592,656.49,163.39,777.34,,0.0,0.0,-0.082,0.06,0,zupt
1785677041.916977,6.1697,0,8,592,656.49,163.39,777.34,,0.0,0.0,-0.082,0.06,0,zupt
1785677041.9326868,6.1854,0,8,592,656.49,163.39,777.34,,0.0,0.0,-0.082,0.06,0,zupt
1785677041.9498043,6.2025,0,8,592,656.49,163.39,777.34,,0.0,0.0,-0.082,0.06,0,zupt
1785677041.9659154,6.2187,0,8,592,656.49,163.39,777.34,,0.0,0.0,-0.082,0.06,0,zupt
1785677041.9817202,6.2345,0,8,592,656.49,163.39,777.34,,0.0,0.0,-0.082,0.06,0,zupt
1785677041.9983714,6.2511,0,8,592,656.49,163.39,777.34,,0.0,0.0,-0.082,0.06,0,zupt
1785677042.015384,6.2681,0,8,592,656.49,163.39,777.34,,0.0,0.0,-0.082,0.06,0,zupt
1785677042.0328898,6.2856,0,8,592,656.49,163.39,777.34,,0.0,0.0,-0.082,0.06,0,zupt
1785677042.0489013,6.3016,0,8,592,656.49,163.39,777.34,,0.0,0.0,-0.082,0.06,0,zupt
1785677042.0647347,6.3175,0,8,592,656.49,163.39,777.34,,0.0,0.0,-0.082,0.06,0,zupt
1785677042.0814888,6.3342,0,8,592,656.49,163.39,777.34,,0.0,0.0,-0.082,0.06,0,zupt
1785677042.0980968,6.3508,0,8,592,656.49,163.39,777.34,,0.0,0.0,-0.082,0.06,0,zupt
1785677042.1136599,6.3664,0,8,592,656.49,163.39,777.34,,0.0,0.0,-0.082,0.06,0,zupt
1785677042.130865,6.3836,0,8,592,656.49,163.39,777.34,,0.0,0.0,-0.082,0.06,0,zupt
1785677042.1478581,6.4006,0,8,592,656.49,163.39,777.34,,0.0,0.0,-0.082,0.06,0,zupt
1785677042.1634245,6.4162,0,8,592,656.49,163.39,777.34,,0.0,0.0,-0.082,0.06,0,zupt
1785677042.1806808,6.4334,0,8,592,656.49,163.39,777.34,,0.0,0.0,-0.082,0.06,0,zupt
1785677042.1978822,6.4506,0,8,592,656.49,163.39,777.34,,0.0,0.0,-0.082,0.06,0,zupt
1785677042.213431,6.4662,0,8,592,656.49,163.39,777.34,,0.0,0.0,-0.082,0.06,0,zupt
1785677042.230865,6.4836,0,8,592,656.49,163.39,777.34,,0.0,0.0,-0.082,0.06,0,zupt
1785677042.2464445,6.4992,0,8,592,656.49,163.39,777.34,,0.0,0.0,-0.082,0.06,0,zupt
1785677042.2632408,6.516,0,8,592,656.49,163.39,777.34,,0.0,0.0,-0.082,0.06,0,zupt
1785677042.2791877,6.5319,0,8,592,656.49,163.39,777.34,,0.0,0.0,-0.082,0.06,0,zupt
1785677042.2951493,6.5479,0,8,592,656.49,163.39,777.34,,0.0,0.0,-0.082,0.06,0,zupt
1785677042.3111,6.5638,0,8,592,656.49,163.39,777.34,,0.0,0.0,-0.082,0.06,0,zupt
1785677042.3268447,6.5796,0,8,592,656.49,163.39,777.34,,0.0,0.0,-0.082,0.06,0,zupt
1785677042.3428574,6.5956,0,8,592,656.49,163.39,777.34,,0.0,0.0,-0.082,0.06,0,zupt
1785677042.3590364,6.6118,0,8,592,656.49,163.39,777.34,,0.0,0.0,-0.082,0.06,0,zupt
1785677042.3750637,6.6278,0,8,592,656.49,163.39,777.34,,0.0,0.0,-0.082,0.06,0,zupt
1785677042.3916197,6.6444,0,8,592,656.49,163.39,777.34,,0.0,0.0,-0.082,0.06,0,zupt
1785677042.4088867,6.6616,0,8,592,656.49,163.39,777.34,,0.0,0.0,-0.082,0.06,0,zupt
1785677042.4247,6.6774,0,8,592,656.49,163.39,777.34,,0.0,0.0,-0.082,0.06,0,zupt
1785677042.44264,6.6954,0,8,592,656.49,163.39,777.34,,0.0,0.0,-0.082,0.06,0,zupt
1785677042.4594133,6.7121,0,8,592,656.49,163.39,777.34,,0.0,0.0,-0.082,0.06,0,zupt
1785677042.4770005,6.7297,0,8,592,656.49,163.39,777.34,,0.0,0.0,-0.082,0.06,0,zupt
1785677042.4926853,6.7454,0,8,592,656.49,163.39,777.34,,0.0,0.0,-0.082,0.06,0,zupt
1785677042.5089645,6.7617,0,8,592,656.49,163.39,777.34,,0.0,0.0,-0.082,0.06,0,zupt
1785677042.5253572,6.7781,0,8,592,656.49,163.39,777.34,,0.0,0.0,-0.082,0.06,0,zupt
1785677042.5420454,6.7948,0,8,592,656.49,163.39,777.34,,0.0,0.0,-0.082,0.06,0,zupt
1785677042.558077,6.8108,0,8,592,656.49,163.39,777.34,,0.0,0.0,-0.082,0.06,0,zupt
1785677042.5737302,6.8265,0,8,592,656.49,163.39,777.34,,0.0,0.0,-0.082,0.06,0,zupt
1785677042.5899181,6.8427,0,8,592,656.49,163.39,777.34,,0.0,0.0,-0.082,0.06,0,zupt
1785677042.606365,6.8591,0,8,592,656.49,163.39,777.34,,0.0,0.0,-0.082,0.06,0,zupt
1785677042.6230326,6.8758,0,8,592,656.49,163.39,777.34,,0.0,0.0,-0.082,0.06,0,zupt
1785677042.6389117,6.8916,0,8,592,656.49,163.39,777.34,,0.023,0.3291,-0.082,0.065,0,zupt
1785677042.6549416,6.9077,0,8,592,656.49,163.39,777.34,,0.0,0.0,-0.082,0.065,0,zupt
1785677042.6708584,6.9236,0,8,592,656.49,163.39,777.34,,0.0,0.0,-0.082,0.065,0,zupt
1785677042.686789,6.9395,0,8,592,656.49,163.39,777.34,,-0.109,0.4494,-0.083,0.072,0,zupt
1785677042.7027662,6.9555,0,8,592,656.49,163.39,777.34,,0.0,0.0,-0.083,0.072,0,zupt
1785677042.7201607,6.9729,0,8,592,656.49,163.39,777.34,,-0.1083,0.4206,-0.085,0.08,0,zupt
1785677042.736503,6.9892,0,8,592,656.49,163.39,777.34,,0.0,0.0,-0.085,0.08,0,zupt
1785677042.7540555,7.0068,0,8,592,656.49,163.39,777.34,,0.0,0.0,-0.085,0.08,0,zupt
1785677042.7699971,7.0227,0,8,592,656.49,163.39,777.34,,0.0159,0.3898,-0.085,0.086,0,zupt
1785677042.7858872,7.0386,0,8,592,656.49,163.39,777.34,,0.0,0.0,-0.085,0.086,0,zupt
1785677042.8015647,7.0543,0,8,592,656.49,163.39,777.34,,0.0198,0.3123,-0.085,0.091,0,zupt
1785677042.81802,7.0708,0,8,592,656.49,163.39,777.34,,0.0,0.0,-0.085,0.091,0,zupt
1785677042.8339794,7.0867,0,8,592,656.49,163.39,777.34,,0.0,0.0,-0.085,0.091,0,zupt
1785677042.8498967,7.1026,0,8,592,656.49,163.39,777.34,,0.0764,0.2348,-0.084,0.095,0,zupt
1785677042.8656085,7.1183,0,8,592,656.49,163.39,777.34,,0.0,0.0,-0.084,0.095,0,zupt
1785677042.88279,7.1355,0,8,592,656.49,163.39,777.34,,0.0392,0.1885,-0.083,0.098,0,zupt
1785677042.899888,7.1526,0,8,592,656.49,163.39,777.34,,0.0,0.0,-0.083,0.098,0,zupt
1785677042.9157505,7.1685,0,8,592,656.49,163.39,777.34,,0.0,0.0,-0.083,0.098,0,zupt
1785677042.9319468,7.1847,0,8,592,656.49,163.39,777.34,,-0.0776,0.209,-0.084,0.101,0,zupt
1785677042.9479744,7.2007,0,8,592,656.49,163.39,777.34,,0.0,0.0,-0.084,0.101,0,zupt
1785677042.9636195,7.2164,0,8,592,656.49,163.39,777.34,,-0.037,0.2349,-0.085,0.105,0,zupt
1785677042.9805963,7.2333,0,8,592,656.49,163.39,777.34,,0.0,0.0,-0.085,0.105,0,zupt
1785677042.9978523,7.2506,0,8,592,656.49,163.39,777.34,,0.0,0.0,-0.085,0.105,0,zupt
1785677043.0138645,7.2666,0,8,592,656.49,163.39,777.34,,-0.0232,0.188,-0.085,0.108,0,zupt
1785677043.0299804,7.2827,0,8,592,656.49,163.39,777.34,,0.0,0.0,-0.085,0.108,0,zupt
1785677043.0462866,7.299,0,8,592,656.49,163.39,777.34,,0.0,0.0,-0.085,0.108,0,zupt
1785677043.062926,7.3157,0,8,592,656.49,163.39,777.34,,0.0,0.0,-0.085,0.108,0,zupt
1785677043.0785937,7.3313,0,8,592,656.49,163.39,777.34,,0.0,0.0,-0.085,0.108,0,zupt
1785677043.0952327,7.348,0,8,592,656.49,163.39,777.34,,0.0,0.0,-0.085,0.108,0,zupt
1785677043.1116347,7.3644,0,8,592,656.49,163.39,777.34,,0.0,0.0,-0.085,0.108,0,zupt
1785677043.1292126,7.3819,0,8,592,656.49,163.39,777.34,,0.0,0.0,-0.085,0.108,0,zupt
1785677043.1452844,7.398,0,8,592,656.49,163.39,777.34,,0.0,0.0,-0.085,0.108,0,zupt
1785677043.1619687,7.4147,0,8,592,656.49,163.39,777.34,,0.0,0.0,-0.085,0.108,0,zupt
1785677043.1776655,7.4304,0,8,592,656.49,163.39,777.34,,0.0,0.0,-0.085,0.108,0,zupt
1785677043.1951897,7.4479,0,8,592,656.49,163.39,777.34,,0.0,0.0,-0.085,0.108,0,zupt
1785677043.2113779,7.4641,0,8,592,656.49,163.39,777.34,,0.0,0.0,-0.085,0.108,0,zupt
1785677043.2279425,7.4807,0,8,592,656.49,163.39,777.34,,0.0,0.0,-0.085,0.108,0,zupt
1785677043.2441676,7.4969,0,8,592,656.49,163.39,777.34,,0.0,0.0,-0.085,0.108,0,zupt
1785677043.2602952,7.513,0,8,592,656.49,163.39,777.34,,0.0,0.0,-0.085,0.108,0,zupt
1785677043.2769449,7.5297,0,8,592,656.49,163.39,777.34,,0.0,0.0,-0.085,0.108,0,zupt
1785677043.2927325,7.5455,0,8,592,656.49,163.39,777.34,,0.0,0.0,-0.085,0.108,0,zupt
1785677043.3085818,7.5613,0,8,592,656.49,163.39,777.34,,0.0,0.0,-0.085,0.108,0,zupt
1785677043.3248522,7.5776,0,8,592,656.49,163.39,777.34,,0.0,0.0,-0.085,0.108,0,zupt
1785677043.3406208,7.5934,0,8,592,656.49,163.39,777.34,,0.0,0.0,-0.085,0.108,0,zupt
1785677043.358101,7.6108,0,8,592,656.49,163.39,777.34,,0.0,0.0,-0.085,0.108,0,zupt
1785677043.3741853,7.6269,0,8,592,656.49,163.39,777.34,,0.0,0.0,-0.085,0.108,0,zupt
1785677043.3903863,7.6431,0,8,592,656.49,163.39,777.34,,0.0,0.0,-0.085,0.108,0,zupt
1785677043.4079463,7.6607,0,8,592,656.49,163.39,777.34,,0.0,0.0,-0.085,0.108,0,zupt
1785677043.4236956,7.6764,0,8,592,656.49,163.39,777.34,,0.0,0.0,-0.085,0.108,0,zupt
1785677043.439899,7.6926,0,8,592,656.49,163.39,777.34,,0.0,0.0,-0.085,0.108,0,zupt
1785677043.456368,7.7091,0,8,592,656.49,163.39,777.34,,0.0,0.0,-0.085,0.108,0,zupt
1785677043.4741025,7.7268,0,8,592,656.49,163.39,777.34,,0.0,0.0,-0.085,0.108,0,zupt
1785677043.490243,7.743,0,8,592,656.49,163.39,777.34,,0.0,0.0,-0.085,0.108,0,zupt
1785677043.5069437,7.7597,0,8,592,656.49,163.39,777.34,,0.0,0.0,-0.085,0.108,0,zupt
1785677043.52285,7.7756,0,8,592,656.49,163.39,777.34,,0.0,0.0,-0.085,0.108,0,zupt
1785677043.5387607,7.7915,0,8,592,656.49,163.39,777.34,,0.0,0.0,-0.085,0.108,0,zupt
1785677043.5552154,7.808,0,8,592,656.49,163.39,777.34,,0.0,0.0,-0.085,0.108,0,zupt
1785677043.5712414,7.824,0,8,592,656.49,163.39,777.34,,0.0,0.0,-0.085,0.108,0,zupt
1785677043.5878842,7.8406,0,8,592,656.49,163.39,777.34,,0.0,0.0,-0.085,0.108,0,zupt
1785677043.6035838,7.8563,0,8,592,656.49,163.39,777.34,,0.0,0.0,-0.085,0.108,0,zupt
1785677043.621219,7.874,0,8,592,656.49,163.39,777.34,,0.0,0.0,-0.085,0.108,0,zupt
1785677043.6370504,7.8898,0,8,592,656.49,163.39,777.34,,0.0,0.0,-0.085,0.108,0,zupt
1785677043.6529098,7.9056,0,8,592,656.49,163.39,777.34,,0.0,0.0,-0.085,0.108,0,zupt
1785677043.6692462,7.922,0,8,592,656.49,163.39,777.34,,0.0,0.0,-0.085,0.108,0,zupt
1785677043.6860766,7.9388,0,8,592,656.49,163.39,777.34,,0.0,0.0,-0.085,0.108,0,zupt
1785677043.7019293,7.9547,0,8,592,656.49,163.39,777.34,,0.0,0.0,-0.085,0.108,0,zupt
1785677043.7183526,7.9711,0,8,592,656.49,163.39,777.34,,0.0,0.0,-0.085,0.108,0,zupt
1785677043.7350967,7.9878,0,8,592,656.49,163.39,777.34,,0.0,0.0,-0.085,0.108,0,zupt
1785677043.7507045,8.0034,0,8,592,656.49,163.39,777.34,,0.0,0.0,-0.085,0.108,0,zupt
1785677043.7672005,8.0199,0,8,592,656.49,163.39,777.34,,0.0,0.0,-0.085,0.108,0,zupt
1785677043.7829084,8.0356,0,8,592,656.49,163.39,777.34,,0.0,0.0,-0.085,0.108,0,zupt
1785677043.7993321,8.0521,0,8,592,656.49,163.39,777.34,,0.0,0.0,-0.085,0.108,0,zupt
1785677043.816209,8.0689,0,8,592,656.49,163.39,777.34,,0.0,0.0,-0.085,0.108,0,zupt
1785677043.8319833,8.0847,0,8,592,656.49,163.39,777.34,,0.0,0.0,-0.085,0.108,0,zupt
1785677043.8479588,8.1007,0,8,592,656.49,163.39,777.34,,0.0,0.0,-0.085,0.108,0,zupt
1785677043.8636918,8.1164,0,8,592,656.49,163.39,777.34,,0.0,0.0,-0.085,0.108,0,zupt
1785677043.8802927,8.133,0,8,592,656.49,163.39,777.34,,0.0,0.0,-0.085,0.108,0,zupt
1785677043.8973706,8.1501,0,8,592,656.49,163.39,777.34,,0.0,0.0,-0.085,0.108,0,zupt
1785677043.9141154,8.1669,0,8,592,656.49,163.39,777.34,,0.0,0.0,-0.085,0.108,0,zupt
1785677043.9307234,8.1835,0,8,592,656.49,163.39,777.34,,0.0,0.0,-0.085,0.108,0,zupt
1785677043.9480677,8.2008,0,8,592,656.49,163.39,777.34,,0.0,0.0,-0.085,0.108,0,zupt
1785677043.9636533,8.2164,0,8,592,656.49,163.39,777.34,,0.0,0.0,-0.085,0.108,0,zupt
1785677043.9797406,8.2325,0,8,592,656.49,163.39,777.34,,0.0,0.0,-0.085,0.108,0,zupt
1785677043.9961395,8.2489,0,8,592,656.49,163.39,777.34,,0.0,0.0,-0.085,0.108,0,zupt
1785677044.0126593,8.2654,0,8,592,656.49,163.39,777.34,,0.0,0.0,-0.085,0.108,0,zupt
1785677044.029713,8.2824,0,8,592,656.49,163.39,777.34,,0.0,0.0,-0.085,0.108,0,zupt
1785677044.046267,8.299,0,8,592,656.49,163.39,777.34,,0.0,0.0,-0.085,0.108,0,zupt
1785677044.0630672,8.3158,0,8,592,656.49,163.39,777.34,,0.0,0.0,-0.085,0.108,0,zupt
1785677044.0791771,8.3319,0,8,592,656.49,163.39,777.34,,0.0,0.0,-0.085,0.108,0,zupt
1785677044.095666,8.3484,0,8,592,656.49,163.39,777.34,,0.0,0.0,-0.085,0.108,0,zupt
1785677044.113056,8.3658,0,8,592,656.49,163.39,777.34,,0.0,0.0,-0.085,0.108,0,zupt
1785677044.128897,8.3816,0,8,592,656.49,163.39,777.34,,0.0775,0.8539,-0.084,0.121,0,zupt
1785677044.1452038,8.3979,0,8,592,656.49,163.39,777.34,,0.0,0.0,-0.084,0.121,0,zupt
1785677044.1614254,8.4142,0,8,592,656.49,163.39,777.34,,0.1394,1.0732,-0.082,0.139,0,zupt
1785677044.178483,8.4312,0,8,592,656.49,163.39,777.34,,0.0,0.0,-0.082,0.139,0,zupt
1785677044.1958375,8.4486,0,8,592,656.49,163.39,777.34,,0.0,0.0,-0.082,0.139,0,zupt
1785677044.2114856,8.4642,0,8,592,656.49,163.39,777.34,,0.172,1.3409,-0.079,0.16,0,zupt
1785677044.2287157,8.4815,0,8,592,656.49,163.39,777.34,,0.0,0.0,-0.079,0.16,0,zupt
1785677044.2457905,8.4985,0,8,592,656.49,163.39,777.34,,-0.2327,1.5444,-0.083,0.186,0,zupt
1785677044.262702,8.5154,0,8,592,656.49,163.39,777.34,,0.0,0.0,-0.083,0.186,0,zupt
1785677044.2795608,8.5323,0,8,592,656.49,163.39,777.34,,-0.599,1.5069,-0.093,0.212,0,zupt
1785677044.2962635,8.549,0,8,592,656.49,163.39,777.34,,0.0,0.0,-0.093,0.212,0,zupt
1785677044.3130407,8.5658,0,8,592,656.49,163.39,777.34,,0.0,0.0,-0.093,0.212,0,zupt
1785677044.3290362,8.5818,0,8,592,656.49,163.39,777.34,,-0.0643,1.2839,-0.094,0.232,0,zupt
1785677044.3453069,8.598,0,8,592,656.49,163.39,777.34,,0.0,0.0,-0.094,0.232,0,zupt
1785677044.361849,8.6146,0,8,592,656.49,163.39,777.34,,0.0,0.0,-0.094,0.232,0,zupt
1785677044.3781369,8.6309,0,8,592,656.49,163.39,777.34,,-0.5026,0.5638,-0.102,0.241,0,zupt
1785677044.3951209,8.6479,0,8,592,656.49,163.39,777.34,,0.0,0.0,-0.102,0.241,0,zupt
1785677044.4108758,8.6636,0,8,592,656.49,163.39,777.34,,-0.2822,0.0673,-0.107,0.242,0,zupt
1785677044.4268382,8.6796,0,8,592,656.49,163.39,777.34,,0.0,0.0,-0.107,0.242,0,zupt
1785677044.4427307,8.6955,0,8,592,656.49,163.39,777.34,,0.0,0.0,-0.107,0.242,0,zupt
1785677044.4585648,8.7113,0,8,592,656.49,163.39,777.34,,-0.7386,-0.8242,-0.118,0.229,0,zupt
1785677044.47601,8.7287,0,8,592,656.49,163.39,777.34,,0.0,0.0,-0.118,0.229,0,zupt
1785677044.4915297,8.7443,0,8,592,656.49,163.39,777.34,,0.0,0.0,-0.118,0.229,0,zupt
1785677044.508155,8.7609,0,8,592,656.49,163.39,777.34,,-0.7348,-1.087,-0.131,0.211,0,zupt
1785677044.524601,8.7773,0,8,592,656.49,163.39,777.34,,0.0,0.0,-0.131,0.211,0,zupt
1785677044.5417535,8.7945,0,8,592,656.49,163.39,777.34,,-0.543,-1.2417,-0.14,0.19,0,zupt
1785677044.5588677,8.8116,0,8,592,656.49,163.39,777.34,,0.0,0.0,-0.14,0.19,0,zupt
1785677044.5747359,8.8275,0,8,592,656.49,163.39,777.34,,0.0,0.0,-0.14,0.19,0,zupt
1785677044.592577,8.8453,0,8,592,656.49,163.39,777.34,,0.0,0.0,-0.14,0.19,0,zupt
1785677044.6100035,8.8627,0,8,592,656.49,163.39,777.34,,0.1659,-1.439,-0.137,0.165,0,zupt
1785677044.6257021,8.8784,0,8,592,656.49,163.39,777.34,,0.0,0.0,-0.137,0.165,0,zupt
1785677044.6428435,8.8956,0,8,592,656.49,163.39,777.34,,0.0,0.0,-0.137,0.165,0,zupt
1785677044.660053,8.9128,0,8,592,656.49,163.39,777.34,,0.0,0.0,-0.137,0.165,0,zupt
1785677044.6757872,8.9285,0,8,592,656.49,163.39,777.34,,0.0,0.0,-0.137,0.165,0,zupt
1785677044.6926696,8.9454,0,8,592,656.49,163.39,777.34,,0.4826,-1.3679,-0.129,0.142,0,zupt
1785677044.7098994,8.9626,0,8,592,656.49,163.39,777.34,,0.0,0.0,-0.129,0.142,0,zupt
1785677044.726188,8.9789,0,8,592,656.49,163.39,777.34,,0.0,0.0,-0.129,0.142,0,zupt
1785677044.742681,8.9954,0,8,592,656.49,163.39,777.34,,0.648,-1.1136,-0.118,0.123,0,zupt
1785677044.7591105,9.0118,0,8,592,656.49,163.39,777.34,,0.0,0.0,-0.118,0.123,0,zupt
1785677044.7755914,9.0283,0,8,592,656.49,163.39,777.34,,0.0,0.0,-0.118,0.123,0,zupt
1785677044.7928293,9.0456,0,8,592,656.49,163.39,777.34,,0.4876,-0.7884,-0.11,0.11,0,zupt
1785677044.8087106,9.0614,0,8,592,656.49,163.39,777.34,,0.0,0.0,-0.11,0.11,0,zupt
1785677044.825982,9.0787,0,8,592,656.49,163.39,777.34,,0.23,-0.5336,-0.106,0.101,0,zupt
1785677044.8415456,9.0943,0,8,592,656.49,163.39,777.34,,0.0,0.0,-0.106,0.101,0,zupt
1785677044.8584638,9.1112,0,8,592,656.49,163.39,777.34,,0.097,-0.2081,-0.104,0.097,0,zupt
1785677044.8754492,9.1282,0,8,592,656.49,163.39,777.34,,0.0,0.0,-0.104,0.097,0,zupt
1785677044.8927352,9.1455,0,8,592,656.49,163.39,777.34,,0.0,0.0,-0.104,0.097,0,zupt
1785677044.9093769,9.1621,0,8,592,656.49,163.39,777.34,,-0.0861,0.2683,-0.106,0.102,0,zupt
1785677044.9260328,9.1788,0,8,592,656.49,163.39,777.34,,0.0,0.0,-0.106,0.102,0,zupt
1785677044.941765,9.1945,0,8,592,656.49,163.39,777.34,,0.0237,0.433,-0.105,0.108,0,zupt
1785677044.9576638,9.2104,0,8,592,656.49,163.39,777.34,,0.0,0.0,-0.105,0.108,0,zupt
1785677044.9745116,9.2272,0,8,592,656.49,163.39,777.34,,0.1497,0.6156,-0.103,0.119,0,zupt
1785677044.9913607,9.2441,0,8,592,656.49,163.39,777.34,,0.0,0.0,-0.103,0.119,0,zupt
1785677045.008478,9.2612,0,8,592,656.49,163.39,777.34,,0.0,0.0,-0.103,0.119,0,zupt
1785677045.0250542,9.2778,0,8,592,656.49,163.39,777.34,,0.1272,0.7704,-0.101,0.131,0,zupt
1785677045.041041,9.2938,0,8,592,656.49,163.39,777.34,,0.0,0.0,-0.101,0.131,0,zupt
1785677045.0567093,9.3094,0,8,592,656.49,163.39,777.34,,-0.0187,0.893,-0.101,0.145,0,zupt
1785677045.0733895,9.3261,0,8,592,656.49,163.39,777.34,,0.0,0.0,-0.101,0.145,0,zupt
1785677045.0906837,9.3434,0,8,592,656.49,163.39,777.34,,0.0,0.0,-0.101,0.145,0,zupt
1785677045.1078029,9.3605,0,8,592,656.49,163.39,777.34,,0.0587,0.7708,-0.1,0.159,0,zupt
1785677045.1239562,9.3767,0,8,592,656.49,163.39,777.34,,0.0,0.0,-0.1,0.159,0,zupt
1785677045.1401331,9.3929,0,8,592,656.49,163.39,777.34,,0.1656,0.9431,-0.097,0.174,0,zupt
1785677045.1558344,9.4086,0,8,592,656.49,163.39,777.34,,0.0,0.0,-0.097,0.174,0,zupt
1785677045.1726687,9.4254,0,8,592,656.49,163.39,777.34,,0.0,0.0,-0.097,0.174,0,zupt
1785677045.189351,9.4421,0,8,592,656.49,163.39,777.34,,0.2725,0.8635,-0.093,0.188,0,zupt
1785677045.2066033,9.4593,0,8,592,656.49,163.39,777.34,,0.0,0.0,-0.093,0.188,0,zupt
1785677045.223393,9.4761,0,8,592,656.49,163.39,777.34,,0.2826,0.7392,-0.088,0.201,0,zupt
1785677045.2400868,9.4928,0,8,592,656.49,163.39,777.34,,0.0,0.0,-0.088,0.201,0,zupt
1785677045.255986,9.5087,0,8,592,656.49,163.39,777.34,,0.2058,0.6593,-0.085,0.211,0,zupt
1785677045.2729223,9.5257,0,8,592,656.49,163.39,777.34,,0.0,0.0,-0.085,0.211,0,zupt
1785677045.288626,9.5414,0,8,592,656.49,163.39,777.34,,0.245,0.6172,-0.081,0.221,0,zupt
1785677045.3052585,9.558,0,8,592,656.49,163.39,777.34,,0.0,0.0,-0.081,0.221,0,zupt
1785677045.321796,9.5745,0,8,592,656.49,163.39,777.34,,0.0,0.0,-0.081,0.221,0,zupt
1785677045.3378277,9.5906,0,8,592,656.49,163.39,777.34,,0.0,0.0,-0.081,0.221,0,zupt
1785677045.3540514,9.6068,0,8,592,656.49,163.39,777.34,,0.3545,0.6014,-0.075,0.231,0,zupt
1785677045.3700895,9.6228,0,8,592,656.49,163.39,777.34,,0.0,0.0,-0.075,0.231,0,zupt
1785677045.3856714,9.6384,0,8,592,656.49,163.39,777.34,,0.0,0.0,-0.075,0.231,0,zupt
1785677045.402897,9.6556,0,8,592,656.49,163.39,777.34,,0.0,0.0,-0.075,0.231,0,zupt
1785677045.418617,9.6714,0,8,592,656.49,163.39,777.34,,0.206,0.5109,-0.072,0.239,0,zupt
1785677045.4357884,9.6885,0,8,592,656.49,163.39,777.34,,0.0,0.0,-0.072,0.239,0,zupt
1785677045.4519093,9.7046,0,8,592,656.49,163.39,777.34,,0.0,0.0,-0.072,0.239,0,zupt
1785677045.467526,9.7203,0,8,592,656.49,163.39,777.34,,0.0,0.0,-0.072,0.239,0,zupt
1785677045.4848638,9.7376,0,8,592,656.49,163.39,777.34,,0.1562,0.4449,-0.069,0.246,0,zupt
1785677045.5008826,9.7536,0,8,592,656.49,163.39,777.34,,0.0,0.0,-0.069,0.246,0,zupt
1785677045.5170615,9.7698,0,8,592,656.49,163.39,777.34,,0.1644,0.435,-0.066,0.253,0,zupt
1785677045.5328467,9.7856,0,8,592,656.49,163.39,777.34,,0.0,0.0,-0.066,0.253,0,zupt
1785677045.548531,9.8013,0,8,592,656.49,163.39,777.34,,0.0,0.0,-0.066,0.253,0,zupt
1785677045.5660746,9.8188,0,8,592,656.49,163.39,777.34,,0.1603,0.3845,-0.064,0.26,0,zupt
1785677045.5825624,9.8353,0,8,592,656.49,163.39,777.34,,0.0,0.0,-0.064,0.26,0,zupt
1785677045.599605,9.8523,0,8,592,656.49,163.39,777.34,,0.1036,0.2483,-0.062,0.264,0,zupt
1785677045.6162794,9.869,0,8,592,656.49,163.39,777.34,,0.0,0.0,-0.062,0.264,0,zupt
1785677045.6336513,9.8864,0,8,592,656.49,163.39,777.34,,0.0,0.0,-0.062,0.264,0,zupt
1785677045.6506631,9.9034,0,8,592,656.49,163.39,777.34,,0.0556,-0.5627,-0.061,0.255,0,zupt
1785677045.667215,9.92,0,8,592,656.49,163.39,777.34,,0.0,0.0,-0.061,0.255,0,zupt
1785677045.685065,9.9378,0,8,592,656.49,163.39,777.34,,0.0607,-1.1041,-0.06,0.235,0,zupt
1785677045.7005262,9.9533,0,8,592,656.49,163.39,777.34,,0.0,0.0,-0.06,0.235,0,zupt
1785677045.7172287,9.97,0,8,592,656.49,163.39,777.34,,0.0,0.0,-0.06,0.235,0,zupt
1785677045.7341187,9.9869,0,8,592,656.49,163.39,777.34,,0.3106,-1.1434,-0.055,0.216,0,zupt
1785677045.7497618,10.0025,0,8,592,656.49,163.39,777.34,,0.0,0.0,-0.055,0.216,0,zupt
1785677045.7668653,10.0196,0,8,592,656.49,163.39,777.34,,0.0777,-1.1356,-0.053,0.196,0,zupt
1785677045.7829654,10.0357,0,8,592,656.49,163.39,777.34,,0.0,0.0,-0.053,0.196,0,zupt
1785677045.7986257,10.0514,0,8,592,656.49,163.39,777.34,,0.0,0.0,-0.053,0.196,0,zupt
1785677045.8162863,10.069,0,8,592,656.49,163.39,777.34,,-0.0591,-1.0258,-0.054,0.178,0,zupt
1785677045.8337011,10.0864,0,8,592,656.49,163.39,777.34,,0.0,0.0,-0.054,0.178,0,zupt
1785677045.8509183,10.1037,0,8,592,656.49,163.39,777.34,,-0.4591,-0.616,-0.062,0.168,0,zupt
1785677045.866625,10.1194,0,8,592,656.49,163.39,777.34,,0.0,0.0,-0.062,0.168,0,zupt
1785677045.8840814,10.1368,0,8,592,656.49,163.39,777.34,,-0.3356,-0.2566,-0.068,0.163,0,zupt
1785677045.9006946,10.1534,0,8,592,656.49,163.39,777.34,,0.0,0.0,-0.068,0.163,0,zupt
1785677045.9179301,10.1707,0,8,592,656.49,163.39,777.34,,-0.6983,0.0438,-0.08,0.164,0,zupt
1785677045.933453,10.1862,0,8,592,656.49,163.39,777.34,,0.0,0.0,-0.08,0.164,0,zupt
1785677045.950595,10.2033,0,8,592,656.49,163.39,777.34,,0.0,0.0,-0.08,0.164,0,zupt
1785677045.967932,10.2207,0,8,592,656.49,163.39,777.34,,-1.0453,0.3638,-0.098,0.17,0,zupt
1785677045.9838367,10.2366,0,8,592,656.49,163.39,777.34,,0.0,0.0,-0.098,0.17,0,zupt
1785677046.0002003,10.2529,0,8,592,656.49,163.39,777.34,,-0.5873,0.9512,-0.108,0.186,0,zupt
1785677046.0177612,10.2705,0,8,592,656.49,163.39,777.34,,0.0,0.0,-0.108,0.186,0,zupt
1785677046.0344913,10.2872,0,8,592,656.49,163.39,777.34,,0.0,0.0,-0.108,0.186,0,zupt
1785677046.0520153,10.3048,0,8,592,656.49,163.39,777.34,,0.0,0.0,-0.108,0.186,0,zupt
1785677046.0682406,10.321,0,8,592,656.49,163.39,777.34,,-0.3912,1.8827,-0.114,0.216,0,zupt
1785677046.0847118,10.3374,0,8,592,656.49,163.39,777.34,,0.0,0.0,-0.114,0.216,0,zupt
1785677046.1014721,10.3542,0,8,592,656.49,163.39,777.34,,0.0,0.0,-0.114,0.216,0,zupt
1785677046.1185968,10.3713,0,8,592,656.49,163.39,777.34,,0.0,0.0,-0.114,0.216,0,zupt
1785677046.1356,10.3883,0,8,592,656.49,163.39,777.34,,0.0,0.0,-0.114,0.216,0,zupt
1785677046.1528494,10.4056,0,8,592,656.49,163.39,777.34,,-0.472,2.6079,-0.122,0.261,0,zupt
1785677046.1691794,10.4219,0,8,592,656.49,163.39,777.34,,0.0,0.0,-0.122,0.261,0,zupt
1785677046.1848652,10.4376,0,8,592,656.49,163.39,777.34,,0.0,0.0,-0.122,0.261,0,zupt
1785677046.201264,10.454,0,8,592,656.49,163.39,777.34,,-0.098,2.7784,-0.124,0.307,0,zupt
1785677046.2185357,10.4713,0,8,592,656.49,163.39,777.34,,0.0,0.0,-0.124,0.307,0,zupt
1785677046.235161,10.4879,0,8,592,656.49,163.39,777.34,,0.0,0.0,-0.124,0.307,0,zupt
1785677046.2515585,10.5043,0,8,592,656.49,163.39,777.34,,-0.4786,2.2953,-0.132,0.345,0,zupt
1785677046.2686865,10.5214,0,8,592,656.49,163.39,777.34,,0.0,0.0,-0.132,0.345,0,zupt
1785677046.285668,10.5384,0,8,592,656.49,163.39,777.34,,-0.0214,1.6095,-0.132,0.372,0,zupt
1785677046.302576,10.5553,0,8,592,656.49,163.39,777.34,,0.0,0.0,-0.132,0.372,0,zupt
1785677046.3200085,10.5727,0,8,592,656.49,163.39,777.34,,0.2756,1.0342,-0.127,0.39,0,zupt
1785677046.335716,10.5885,0,8,592,656.49,163.39,777.34,,0.0,0.0,-0.127,0.39,0,zupt
1785677046.3525636,10.6053,0,8,592,656.49,163.39,777.34,,0.0,0.0,-0.127,0.39,0,zupt
1785677046.3690243,10.6218,0,8,592,656.49,163.39,777.34,,0.5202,0.5818,-0.119,0.399,0,zupt
1785677046.3846939,10.6374,0,8,592,656.49,163.39,777.34,,0.0,0.0,-0.119,0.399,0,zupt
1785677046.4016638,10.6544,0,8,592,656.49,163.39,777.34,,0.751,-0.1669,-0.106,0.397,0,zupt
1785677046.4190474,10.6718,0,8,592,656.49,163.39,777.34,,0.0,0.0,-0.106,0.397,0,zupt
1785677046.4348812,10.6876,0,8,592,656.49,163.39,777.34,,0.0,0.0,-0.106,0.397,0,zupt
1785677046.4510572,10.7038,0,8,592,656.49,163.39,777.34,,0.5278,-0.4723,-0.097,0.389,0,zupt
1785677046.467115,10.7199,0,8,592,656.49,163.39,777.34,,0.0,0.0,-0.097,0.389,0,zupt
1785677046.482694,10.7354,0,8,592,656.49,163.39,777.34,,0.0894,-0.7028,-0.096,0.378,0,zupt
1785677046.498858,10.7516,0,8,592,656.49,163.39,777.34,,0.0,0.0,-0.096,0.378,0,zupt
1785677046.5148327,10.7676,0,8,592,656.49,163.39,777.34,,0.0,0.0,-0.096,0.378,0,zupt
1785677046.5319407,10.7847,0,8,592,656.49,163.39,777.34,,0.0,0.0,-0.096,0.378,0,zupt
1785677046.5477889,10.8005,0,8,592,656.49,163.39,777.34,,0.0,0.0,-0.096,0.378,0,zupt
1785677046.5635793,10.8163,0,8,592,656.49,163.39,777.34,,0.0,0.0,-0.096,0.378,0,zupt
1785677046.5809836,10.8337,0,8,592,656.49,163.39,777.34,,0.0,0.0,-0.096,0.378,0,zupt
1785677046.5970523,10.8498,0,8,592,656.49,163.39,777.34,,0.0,0.0,-0.096,0.378,0,zupt
1785677046.6135483,10.8663,0,8,592,656.49,163.39,777.34,,0.0,0.0,-0.096,0.378,0,zupt
1785677046.6310816,10.8838,0,8,592,656.49,163.39,777.34,,0.0,0.0,-0.096,0.378,0,zupt
1785677046.646841,10.8996,0,8,592,656.49,163.39,777.34,,0.0,0.0,-0.096,0.378,0,zupt
1785677046.662755,10.9155,0,8,592,656.49,163.39,777.34,,0.0,0.0,-0.096,0.378,0,zupt
1785677046.6792457,10.932,0,8,592,656.49,163.39,777.34,,0.0,0.0,-0.096,0.378,0,zupt
1785677046.6959774,10.9487,0,8,592,656.49,163.39,777.34,,0.0,0.0,-0.096,0.378,0,zupt
1785677046.711789,10.9645,0,8,592,656.49,163.39,777.34,,0.0,0.0,-0.096,0.378,0,zupt
1785677046.7282245,10.981,0,8,592,656.49,163.39,777.34,,0.131,-0.7493,-0.094,0.366,0,zupt
1785677046.7449758,10.9977,0,8,592,656.49,163.39,777.34,,0.0,0.0,-0.094,0.366,0,zupt
1785677046.760595,11.0133,0,8,592,656.49,163.39,777.34,,0.0,0.0,-0.094,0.366,0,zupt
1785677046.777847,11.0306,0,8,592,656.49,163.39,777.34,,0.0,0.0,-0.094,0.366,0,zupt
1785677046.7938457,11.0466,0,8,592,656.49,163.39,777.34,,-0.2128,-0.7168,-0.097,0.354,0,zupt
1785677046.8105109,11.0632,0,8,592,656.49,163.39,777.34,,0.0,0.0,-0.097,0.354,0,zupt
1785677046.8268652,11.0796,0,8,592,656.49,163.39,777.34,,0.0,0.0,-0.097,0.354,0,zupt
1785677046.8427622,11.0955,0,8,592,656.49,163.39,777.34,,0.0,0.0,-0.097,0.354,0,zupt
1785677046.859047,11.1118,0,8,592,656.49,163.39,777.34,,0.0,0.0,-0.097,0.354,0,zupt
1785677046.8747697,11.1275,0,8,592,656.49,163.39,777.34,,-0.4991,-0.8472,-0.105,0.341,0,zupt
1785677046.8914049,11.1441,0,8,592,656.49,163.39,777.34,,0.0,0.0,-0.105,0.341,0,zupt
1785677046.9087298,11.1615,0,8,592,656.49,163.39,777.34,,0.0,0.0,-0.105,0.341,0,zupt
1785677046.925714,11.1785,0,8,592,656.49,163.39,777.34,,0.0,0.0,-0.105,0.341,0,zupt
1785677046.9419427,11.1947,0,8,592,656.49,163.39,777.34,,-0.2462,-0.6871,-0.109,0.33,0,zupt
1785677046.9584167,11.2112,0,8,592,656.49,163.39,777.34,,0.0,0.0,-0.109,0.33,0,zupt
1785677046.9757981,11.2285,0,8,592,656.49,163.39,777.34,,-0.1718,-0.8041,-0.112,0.316,0,zupt
1785677046.9927137,11.2454,0,8,592,656.49,163.39,777.34,,0.0,0.0,-0.112,0.316,0,zupt
1785677047.00894,11.2617,0,8,592,656.49,163.39,777.34,,-0.2465,-1.0097,-0.116,0.299,0,zupt
1785677047.0249846,11.2777,0,8,592,656.49,163.39,777.34,,0.0,0.0,-0.116,0.299,0,zupt
1785677047.0404325,11.2932,0,8,592,656.49,163.39,777.34,,0.0,0.0,-0.116,0.299,0,zupt
1785677047.0570538,11.3098,0,8,592,656.49,163.39,777.34,,-1.3301,-1.1582,-0.138,0.28,0,zupt
1785677047.0729556,11.3257,0,8,592,656.49,163.39,777.34,,0.0,0.0,-0.138,0.28,0,zupt
1785677047.0890367,11.3418,0,8,592,656.49,163.39,777.34,,-2.1361,-1.0502,-0.173,0.263,0,zupt
1785677047.1050575,11.3578,0,8,592,656.49,163.39,777.34,,0.0,0.0,-0.173,0.263,0,zupt
1785677047.1209958,11.3737,0,8,592,656.49,163.39,777.34,,0.0,0.0,-0.173,0.263,0,zupt
1785677047.137134,11.3899,0,8,592,656.49,163.39,777.34,,0.0,0.0,-0.173,0.263,0,zupt
1785677047.1529157,11.4057,0,8,592,656.49,163.39,777.34,,0.0,0.0,-0.173,0.263,0,zupt
1785677047.169482,11.4222,0,8,592,656.49,163.39,777.34,,0.0,0.0,-0.173,0.263,0,zupt
1785677047.1863127,11.439,0,8,592,656.49,163.39,777.34,,0.0,0.0,-0.173,0.263,0,zupt
1785677047.2039824,11.4567,0,8,592,656.49,163.39,777.34,,0.0,0.0,-0.173,0.263,0,zupt
1785677047.2198873,11.4726,0,8,592,656.49,163.39,777.34,,0.0,0.0,-0.173,0.263,0,zupt
1785677047.2360904,11.4888,0,8,592,656.49,163.39,777.34,,0.0,0.0,-0.173,0.263,0,zupt
1785677047.25221,11.5049,0,8,592,656.49,163.39,777.34,,0.0,0.0,-0.173,0.263,0,zupt
1785677047.2681363,11.5209,0,8,592,656.49,163.39,777.34,,0.0,0.0,-0.173,0.263,0,zupt
1785677047.2839046,11.5366,0,8,592,656.49,163.39,777.34,,0.0,0.0,-0.173,0.263,0,zupt
1785677047.299844,11.5526,0,8,592,656.49,163.39,777.34,,0.0,0.0,-0.173,0.263,0,zupt
1785677047.316362,11.5691,0,8,592,656.49,163.39,777.34,,0.0,0.0,-0.173,0.263,0,zupt
1785677047.334034,11.5868,0,8,592,656.49,163.39,777.34,,0.0,0.0,-0.173,0.263,0,zupt
1785677047.3499665,11.6027,0,8,592,656.49,163.39,777.34,,0.0,0.0,-0.173,0.263,0,zupt
1785677047.3661778,11.6189,0,8,592,656.49,163.39,777.34,,-2.8262,-1.3943,-0.218,0.241,0,zupt
1785677047.3816826,11.6344,0,8,592,656.49,163.39,777.34,,0.0,0.0,-0.218,0.241,0,zupt
1785677047.3989046,11.6516,0,8,592,656.49,163.39,777.34,,0.5382,0.7874,-0.209,0.254,0,zupt
1785677047.4150393,11.6678,0,8,592,656.49,163.39,777.34,,0.0,0.0,-0.209,0.254,0,zupt
1785677047.431263,11.684,0,8,592,656.49,163.39,777.34,,0.0,0.0,-0.209,0.254,0,zupt
1785677047.4468522,11.6996,0,8,592,656.49,163.39,777.34,,0.0,0.0,-0.209,0.254,0,zupt
1785677047.4642007,11.7169,0,8,592,656.49,163.39,777.34,,0.0,0.0,-0.209,0.254,0,zupt
1785677047.479996,11.7327,0,8,592,656.49,163.39,777.34,,0.0,0.0,-0.209,0.254,0,zupt
1785677047.4961803,11.7489,0,8,592,656.49,163.39,777.34,,0.0,0.0,-0.209,0.254,0,zupt
1785677047.513112,11.7658,0,8,592,656.49,163.39,777.34,,0.0,0.0,-0.209,0.254,0,zupt
1785677047.5289247,11.7817,0,8,592,656.49,163.39,777.34,,0.0,0.0,-0.209,0.254,0,zupt
1785677047.545045,11.7978,0,8,592,656.49,163.39,777.34,,0.0,0.0,-0.209,0.254,0,zupt
1785677047.5607536,11.8135,0,8,592,656.49,163.39,777.34,,0.0,0.0,-0.209,0.254,0,zupt
1785677047.5778182,11.8306,0,8,592,656.49,163.39,777.34,,0.0,0.0,-0.209,0.254,0,zupt
1785677047.5935855,11.8463,0,8,592,656.49,163.39,777.34,,0.0,0.0,-0.209,0.254,0,zupt
1785677047.6108286,11.8636,0,8,592,656.49,163.39,777.34,,0.0,0.0,-0.209,0.254,0,zupt
1785677047.6269221,11.8797,0,8,592,656.49,163.39,777.34,,0.0,0.0,-0.209,0.254,0,zupt
1785677047.6428304,11.8956,0,8,592,656.49,163.39,777.34,,0.0,0.0,-0.209,0.254,0,zupt
1785677047.6584628,11.9112,0,8,592,656.49,163.39,777.34,,1.1945,0.2047,-0.19,0.257,0,zupt
1785677047.6757958,11.9285,0,8,592,656.49,163.39,777.34,,0.0,0.0,-0.19,0.257,0,zupt
1785677047.6919951,11.9447,0,8,592,656.49,163.39,777.34,,0.4589,-0.6477,-0.183,0.247,0,zupt
1785677047.7075937,11.9603,0,8,592,656.49,163.39,777.34,,0.0,0.0,-0.183,0.247,0,zupt
1785677047.724864,11.9776,0,8,592,656.49,163.39,777.34,,0.0,0.0,-0.183,0.247,0,zupt
1785677047.7407825,11.9935,0,8,592,656.49,163.39,777.34,,0.4572,-0.5989,-0.176,0.237,0,zupt
1785677047.7570517,12.0098,0,8,592,656.49,163.39,777.34,,0.0,0.0,-0.176,0.237,0,zupt
1785677047.7725496,12.0253,0,8,592,656.49,163.39,777.34,,-0.005,-0.6379,-0.176,0.228,0,zupt
1785677047.7893138,12.042,0,8,592,656.49,163.39,777.34,,0.0,0.0,-0.176,0.228,0,zupt
1785677047.8062456,12.059,0,8,592,656.49,163.39,777.34,,0.0,0.0,-0.176,0.228,0,zupt
1785677047.8219278,12.0747,0,8,592,656.49,163.39,777.34,,-0.3067,-0.4685,-0.181,0.22,0,zupt
1785677047.8378267,12.0906,0,8,592,656.49,163.39,777.34,,0.0,0.0,-0.181,0.22,0,zupt
1785677047.853398,12.1061,0,8,592,656.49,163.39,777.34,,-0.4335,-0.4136,-0.187,0.214,0,zupt
1785677047.8709147,12.1237,0,8,592,656.49,163.39,777.34,,0.0,0.0,-0.187,0.214,0,zupt
1785677047.8867068,12.1394,0,8,592,656.49,163.39,777.34,,-0.4545,-0.4782,-0.195,0.206,0,zupt
1785677047.9042182,12.157,0,8,592,656.49,163.39,777.34,,0.0,0.0,-0.195,0.206,0,zupt
1785677047.921041,12.1738,0,8,592,656.49,163.39,777.34,,-0.7163,-0.5146,-0.207,0.198,0,zupt
1785677047.936796,12.1895,0,8,592,656.49,163.39,777.34,,0.0,0.0,-0.207,0.198,0,zupt
1785677047.9537704,12.2065,0,8,592,656.49,163.39,777.34,,0.0,0.0,-0.207,0.198,0,zupt
1785677047.9700558,12.2228,0,8,592,656.49,163.39,777.34,,0.0,0.0,-0.207,0.198,0,zupt
1785677047.985515,12.2383,0,8,592,656.49,163.39,777.34,,0.0,0.0,-0.207,0.198,0,zupt
1785677048.003068,12.2558,0,8,592,656.49,163.39,777.34,,0.0,0.0,-0.207,0.198,0,zupt
1785677048.019229,12.272,0,8,592,656.49,163.39,777.34,,0.0,0.0,-0.207,0.198,0,zupt
1785677048.0352037,12.2879,0,8,592,656.49,163.39,777.34,,0.0,0.0,-0.207,0.198,0,zupt
1785677048.051714,12.3045,0,8,592,656.49,163.39,777.34,,0.0,0.0,-0.207,0.198,0,zupt
1785677048.0687306,12.3215,0,8,592,656.49,163.39,777.34,,0.0,0.0,-0.207,0.198,0,zupt
1785677048.085748,12.3385,0,8,592,656.49,163.39,777.34,,0.0,0.0,-0.207,0.198,0,zupt
1785677048.1028042,12.3555,0,8,592,656.49,163.39,777.34,,0.0,0.0,-0.207,0.198,0,zupt
1785677048.1186478,12.3714,0,8,592,656.49,163.39,777.34,,0.0,0.0,-0.207,0.198,0,zupt
1785677048.1359737,12.3887,0,8,592,656.49,163.39,777.34,,0.0,0.0,-0.207,0.198,0,zupt
1785677048.1517208,12.4045,0,8,592,656.49,163.39,777.34,,0.0,0.0,-0.207,0.198,0,zupt
1785677048.1677952,12.4205,0,8,592,656.49,163.39,777.34,,0.0,0.0,-0.207,0.198,0,zupt
1785677048.1834497,12.4362,0,8,592,656.49,163.39,777.34,,0.0,0.0,-0.207,0.198,0,zupt
1785677048.2007344,12.4535,0,8,592,656.49,163.39,777.34,,0.0,0.0,-0.207,0.198,0,zupt
1785677048.217824,12.4706,0,8,592,656.49,163.39,777.34,,0.0,0.0,-0.207,0.198,0,zupt
1785677048.233978,12.4867,0,8,592,656.49,163.39,777.34,,0.0,0.0,-0.207,0.198,0,zupt
1785677048.2499888,12.5027,0,8,592,656.49,163.39,777.34,,0.0,0.0,-0.207,0.198,0,zupt
1785677048.2668755,12.5196,0,8,592,656.49,163.39,777.34,,0.0,0.0,-0.207,0.198,0,zupt
1785677048.2830038,12.5357,0,8,592,656.49,163.39,777.34,,0.0,0.0,-0.207,0.198,0,zupt
1785677048.299552,12.5523,0,8,592,656.49,163.39,777.34,,0.0,0.0,-0.207,0.198,0,zupt
1785677048.3163853,12.5691,0,8,592,656.49,163.39,777.34,,0.0,0.0,-0.207,0.198,0,zupt
1785677048.3339577,12.5867,0,8,592,656.49,163.39,777.34,,0.0,0.0,-0.207,0.198,0,zupt
1785677048.3500624,12.6028,0,8,592,656.49,163.39,777.34,,0.0,0.0,-0.207,0.198,0,zupt
1785677048.365758,12.6185,0,8,592,656.49,163.39,777.34,,0.0,0.0,-0.207,0.198,0,zupt
1785677048.381534,12.6343,0,8,592,656.49,163.39,777.34,,0.0,0.0,-0.207,0.198,0,zupt
1785677048.3983927,12.6511,0,8,592,656.49,163.39,777.34,,0.0,0.0,-0.207,0.198,0,zupt
1785677048.415991,12.6687,0,8,592,656.49,163.39,777.34,,0.0,0.0,-0.207,0.198,0,zupt
1785677048.4326756,12.6854,0,8,592,656.49,163.39,777.34,,0.0,0.0,-0.207,0.198,0,zupt
1785677048.4494486,12.7022,0,8,592,656.49,163.39,777.34,,0.0,0.0,-0.207,0.198,0,zupt
1785677048.4661503,12.7189,0,8,592,656.49,163.39,777.34,,0.0,0.0,-0.207,0.198,0,zupt
1785677048.481775,12.7345,0,8,592,656.49,163.39,777.34,,0.0,0.0,-0.207,0.198,0,zupt
1785677048.4976764,12.7504,0,8,592,656.49,163.39,777.34,,0.0,0.0,-0.207,0.198,0,zupt
1785677048.5147882,12.7675,0,8,592,656.49,163.39,777.34,,0.0,0.0,-0.207,0.198,0,zupt
1785677048.5309258,12.7837,0,8,592,656.49,163.39,777.34,,0.0,0.0,-0.207,0.198,0,zupt
1785677048.546769,12.7995,0,8,592,656.49,163.39,777.34,,0.0,0.0,-0.207,0.198,0,zupt
1785677048.5626304,12.8154,0,8,592,656.49,163.39,777.34,,0.0,0.0,-0.207,0.198,0,zupt
1785677048.5798628,12.8326,0,8,592,656.49,163.39,777.34,,0.0,0.0,-0.207,0.198,0,zupt
1785677048.5959284,12.8487,0,8,592,656.49,163.39,777.34,,0.0,0.0,-0.207,0.198,0,zupt
1785677048.6116815,12.8644,0,8,592,656.49,163.39,777.34,,0.0,0.0,-0.207,0.198,0,zupt
1785677048.628732,12.8815,0,8,592,656.49,163.39,777.34,,0.0,0.0,-0.207,0.198,0,zupt
1785677048.645483,12.8982,0,8,592,656.49,163.39,777.34,,0.0,0.0,-0.207,0.198,0,zupt
1785677048.662181,12.9149,0,8,592,656.49,163.39,777.34,,0.0,0.0,-0.207,0.198,0,zupt
1785677048.6792662,12.932,0,8,592,656.49,163.39,777.34,,0.0,0.0,-0.207,0.198,0,zupt
1785677048.695014,12.9478,0,8,592,656.49,163.39,777.34,,0.0,0.0,-0.207,0.198,0,zupt
1785677048.7106938,12.9634,0,8,592,656.49,163.39,777.34,,0.0,0.0,-0.207,0.198,0,zupt
1785677048.727239,12.98,0,8,592,656.49,163.39,777.34,,0.0,0.0,-0.207,0.198,0,zupt
1785677048.7429514,12.9957,0,8,592,656.49,163.39,777.34,,0.0,0.0,-0.207,0.198,0,zupt
1785677048.7591243,13.0119,0,8,592,656.49,163.39,777.34,,0.0,0.0,-0.207,0.198,0,zupt
1785677048.775176,13.0279,0,8,592,656.49,163.39,777.34,,0.0,0.0,-0.207,0.198,0,zupt
1785677048.7915916,13.0443,0,8,592,656.49,163.39,777.34,,0.0,0.0,-0.207,0.198,0,zupt
1785677048.8082213,13.061,0,8,592,656.49,163.39,777.34,,0.0,0.0,-0.207,0.198,0,zupt
1785677048.8259995,13.0787,0,8,592,656.49,163.39,777.34,,0.0,0.0,-0.207,0.198,0,zupt
1785677048.8421755,13.0949,0,8,592,656.49,163.39,777.34,,0.0,0.0,-0.207,0.198,0,zupt
1785677048.8578238,13.1106,0,8,592,656.49,163.39,777.34,,0.0,0.0,-0.207,0.198,0,zupt
1785677048.8742352,13.127,0,8,592,656.49,163.39,777.34,,0.0,0.0,-0.207,0.198,0,zupt
1785677048.8899393,13.1427,0,8,592,656.49,163.39,777.34,,0.0,0.0,-0.207,0.198,0,zupt
1785677048.9060712,13.1588,0,8,592,656.49,163.39,777.34,,0.0,0.0,-0.207,0.198,0,zupt
1785677048.921773,13.1745,0,8,592,656.49,163.39,777.34,,0.0,0.0,-0.207,0.198,0,zupt
1785677048.9381464,13.1909,0,8,592,656.49,163.39,777.34,,0.0,0.0,-0.207,0.198,0,zupt
1785677048.953935,13.2067,0,8,592,656.49,163.39,777.34,,0.0,0.0,-0.207,0.198,0,zupt
1785677048.9695888,13.2223,0,8,592,656.49,163.39,777.34,,0.0,0.0,-0.207,0.198,0,zupt
1785677048.9869316,13.2397,0,8,592,656.49,163.39,777.34,,0.0,0.0,-0.207,0.198,0,zupt
1785677049.0027013,13.2554,0,8,592,656.49,163.39,777.34,,0.1867,-0.2126,-0.204,0.194,0,zupt
1785677049.0197423,13.2725,0,8,592,656.49,163.39,777.34,,0.0,0.0,-0.204,0.194,0,zupt
1785677049.036496,13.2892,0,8,592,656.49,163.39,777.34,,0.0,0.0,-0.204,0.194,0,zupt
1785677049.0529966,13.3057,0,8,592,656.49,163.39,777.34,,0.0,0.0,-0.204,0.194,0,zupt
1785677049.068617,13.3214,0,8,592,656.49,163.39,777.34,,-0.3226,0.1508,-0.209,0.197,0,zupt
1785677049.0860674,13.3388,0,8,592,656.49,163.39,777.34,,0.0,0.0,-0.209,0.197,0,zupt
1785677049.1026256,13.3554,0,8,592,656.49,163.39,777.34,,0.0,0.0,-0.209,0.197,0,zupt
1785677049.1198232,13.3726,0,8,592,656.49,163.39,777.34,,0.0,0.0,-0.209,0.197,0,zupt
1785677049.1354787,13.3882,0,8,592,656.49,163.39,777.34,,-0.2569,0.0953,-0.213,0.198,0,zupt
1785677049.1526272,13.4054,0,8,592,656.49,163.39,777.34,,0.0,0.0,-0.213,0.198,0,zupt
1785677049.1700718,13.4228,0,8,592,656.49,163.39,777.34,,-0.2224,-0.2449,-0.217,0.194,0,zupt
1785677049.1865087,13.4392,0,8,592,656.49,163.39,777.34,,0.0,0.0,-0.217,0.194,0,zupt
1785677049.203805,13.4565,0,8,592,656.49,163.39,777.34,,0.0089,-0.3604,-0.216,0.188,0,zupt
1785677049.2202573,13.473,0,8,592,656.49,163.39,777.34,,0.0,0.0,-0.216,0.188,0,zupt
1785677049.2369168,13.4897,0,8,592,656.49,163.39,777.34,,0.0,0.0,-0.216,0.188,0,zupt
1785677049.2526925,13.5054,0,8,592,656.49,163.39,777.34,,0.4334,-0.5119,-0.21,0.179,0,zupt
1785677049.2698762,13.5226,0,8,592,656.49,163.39,777.34,,0.0,0.0,-0.21,0.179,0,zupt
1785677049.285591,13.5383,0,8,592,656.49,163.39,777.34,,0.528,-0.5807,-0.201,0.17,0,zupt
1785677049.3021593,13.5549,0,8,592,656.49,163.39,777.34,,0.0,0.0,-0.201,0.17,0,zupt
1785677049.3179135,13.5706,0,8,592,656.49,163.39,777.34,,0.0,0.0,-0.201,0.17,0,zupt
1785677049.3339188,13.5867,0,8,592,656.49,163.39,777.34,,0.7945,-0.3636,-0.189,0.165,0,zupt
1785677049.3506072,13.6033,0,8,592,656.49,163.39,777.34,,0.0,0.0,-0.189,0.165,0,zupt
1785677049.367129,13.6199,0,8,592,656.49,163.39,777.34,,0.0,0.0,-0.189,0.165,0,zupt
1785677049.3831434,13.6359,0,8,592,656.49,163.39,777.34,,0.295,-0.3146,-0.184,0.16,0,zupt
1785677049.3988016,13.6515,0,8,592,656.49,163.39,777.34,,0.0,0.0,-0.184,0.16,0,zupt
1785677049.4149017,13.6676,0,8,592,656.49,163.39,777.34,,0.3521,-0.2392,-0.178,0.156,0,zupt
1785677049.4305432,13.6833,0,8,592,656.49,163.39,777.34,,0.0,0.0,-0.178,0.156,0,zupt
1785677049.4480097,13.7007,0,8,592,656.49,163.39,777.34,,0.5014,-0.3793,-0.169,0.149,0,zupt
1785677049.4640517,13.7168,0,8,592,656.49,163.39,777.34,,0.0,0.0,-0.169,0.149,0,zupt
1785677049.4803402,13.7331,0,8,592,656.49,163.39,777.34,,0.0,0.0,-0.169,0.149,0,zupt
1785677049.497859,13.7506,0,8,592,656.49,163.39,777.34,,0.5905,-0.3564,-0.159,0.143,0,zupt
1785677049.513878,13.7666,0,8,592,656.49,163.39,777.34,,0.0,0.0,-0.159,0.143,0,zupt
1785677049.5298886,13.7826,0,8,592,656.49,163.39,777.34,,0.7595,-0.3591,-0.147,0.137,0,zupt
1785677049.546102,13.7988,0,8,592,656.49,163.39,777.34,,0.0,0.0,-0.147,0.137,0,zupt
1785677049.5617669,13.8145,0,8,592,656.49,163.39,777.34,,0.0,0.0,-0.147,0.137,0,zupt
1785677049.5792282,13.832,0,8,592,656.49,163.39,777.34,,0.913,-0.1971,-0.131,0.134,0,zupt
1785677049.5950103,13.8477,0,8,592,656.49,163.39,777.34,,0.0,0.0,-0.131,0.134,0,zupt
1785677049.610785,13.8635,0,8,592,656.49,163.39,777.34,,0.9976,-0.0425,-0.115,0.133,0,zupt
1785677049.626914,13.8797,0,8,592,656.49,163.39,777.34,,0.0,0.0,-0.115,0.133,0,zupt
1785677049.6429892,13.8957,0,8,592,656.49,163.39,777.34,,0.0,0.0,-0.115,0.133,0,zupt
1785677049.65866,13.9114,0,8,592,656.49,163.39,777.34,,0.1464,0.4014,-0.113,0.139,0,zupt
1785677049.675867,13.9286,0,8,592,656.49,163.39,777.34,,0.0,0.0,-0.113,0.139,0,zupt
1785677049.6914995,13.9442,0,8,592,656.49,163.39,777.34,,0.0,0.0,-0.113,0.139,0,zupt
1785677049.7082906,13.961,0,8,592,656.49,163.39,777.34,,0.0,0.0,-0.113,0.139,0,zupt
1785677049.7251685,13.9779,0,8,592,656.49,163.39,777.34,,0.3126,0.514,-0.108,0.148,0,zupt
1785677049.7414238,13.9942,0,8,592,656.49,163.39,777.34,,0.0,0.0,-0.108,0.148,0,zupt
1785677049.758951,14.0117,0,8,592,656.49,163.39,777.34,,0.0,0.0,-0.108,0.148,0,zupt
1785677049.7745166,14.0273,0,8,592,656.49,163.39,777.34,,0.0,0.0,-0.108,0.148,0,zupt
1785677049.7918327,14.0446,0,8,592,656.49,163.39,777.34,,0.0,0.0,-0.108,0.148,0,zupt
1785677049.8082476,14.061,0,8,592,656.49,163.39,777.34,,0.2193,0.1413,-0.104,0.15,0,zupt
1785677049.825085,14.0778,0,8,592,656.49,163.39,777.34,,0.0,0.0,-0.104,0.15,0,zupt
1785677049.8409357,14.0937,0,8,592,656.49,163.39,777.34,,0.0,0.0,-0.104,0.15,0,zupt
1785677049.8566527,14.1094,0,8,592,656.49,163.39,777.34,,0.0,0.0,-0.104,0.15,0,zupt
1785677049.8739276,14.1267,0,8,592,656.49,163.39,777.34,,0.0,0.0,-0.104,0.15,0,zupt
1785677049.8901312,14.1429,0,8,592,656.49,163.39,777.34,,0.0,0.0,-0.104,0.15,0,zupt
1785677049.905724,14.1585,0,8,592,656.49,163.39,777.34,,0.0,0.0,-0.104,0.15,0,zupt
1785677049.9226084,14.1753,0,8,592,656.49,163.39,777.34,,0.0,0.0,-0.104,0.15,0,zupt
1785677049.9394019,14.1921,0,8,592,656.49,163.39,777.34,,0.0,0.0,-0.104,0.15,0,zupt
1785677049.956667,14.2094,0,8,592,656.49,163.39,777.34,,0.0,0.0,-0.104,0.15,0,zupt
1785677049.973932,14.2267,0,8,592,656.49,163.39,777.34,,0.0,0.0,-0.104,0.15,0,zupt
1785677049.9902122,14.2429,0,8,592,656.49,163.39,777.34,,0.0,0.0,-0.104,0.15,0,zupt
1785677050.0067954,14.2595,0,8,592,656.49,163.39,777.34,,0.0,0.0,-0.104,0.15,0,zupt
1785677050.0227878,14.2755,0,8,592,656.49,163.39,777.34,,0.0,0.0,-0.104,0.15,0,zupt
1785677050.0388079,14.2915,0,8,592,656.49,163.39,777.34,,0.0,0.0,-0.104,0.15,0,zupt
1785677050.0546129,14.3073,0,8,592,656.49,163.39,777.34,,0.0,0.0,-0.104,0.15,0,zupt
1785677050.0709863,14.3237,0,8,592,656.49,163.39,777.34,,0.0,0.0,-0.104,0.15,0,zupt
1785677050.0870342,14.3398,0,8,592,656.49,163.39,777.34,,0.0,0.0,-0.104,0.15,0,zupt
1785677050.103036,14.3558,0,8,592,656.49,163.39,777.34,,0.0,0.0,-0.104,0.15,0,zupt
1785677050.1195688,14.3723,0,8,592,656.49,163.39,777.34,,0.0,0.0,-0.104,0.15,0,zupt
1785677050.1366003,14.3893,0,8,592,656.49,163.39,777.34,,0.0,0.0,-0.104,0.15,0,zupt
1785677050.1537595,14.4065,0,8,592,656.49,163.39,777.34,,0.0,0.0,-0.104,0.15,0,zupt
1785677050.170281,14.423,0,8,592,656.49,163.39,777.34,,0.0,0.0,-0.104,0.15,0,zupt
1785677050.186792,14.4395,0,8,592,656.49,163.39,777.34,,0.0,0.0,-0.104,0.15,0,zupt
1785677050.2027004,14.4554,0,8,592,656.49,163.39,777.34,,0.0,0.0,-0.104,0.15,0,zupt
1785677050.2199,14.4726,0,8,592,656.49,163.39,777.34,,0.0,0.0,-0.104,0.15,0,zupt
1785677050.2354088,14.4881,0,8,592,656.49,163.39,777.34,,0.0,0.0,-0.104,0.15,0,zupt
1785677050.2525716,14.5053,0,8,592,656.49,163.39,777.34,,0.0,0.0,-0.104,0.15,0,zupt
1785677050.2701423,14.5229,0,8,592,656.49,163.39,777.34,,0.0,0.0,-0.104,0.15,0,zupt
1785677050.285863,14.5386,0,8,592,656.49,163.39,777.34,,0.0,0.0,-0.104,0.15,0,zupt
1785677050.3015118,14.5542,0,8,592,656.49,163.39,777.34,,0.0,0.0,-0.104,0.15,0,zupt
1785677050.3180315,14.5708,0,8,592,656.49,163.39,777.34,,0.0,0.0,-0.104,0.15,0,zupt
1785677050.3347442,14.5875,0,8,592,656.49,163.39,777.34,,0.0,0.0,-0.104,0.15,0,zupt
1785677050.3518078,14.6045,0,8,592,656.49,163.39,777.34,,0.0,0.0,-0.104,0.15,0,zupt
1785677050.3675385,14.6203,0,8,592,656.49,163.39,777.34,,0.0,0.0,-0.104,0.15,0,zupt
1785677050.3841426,14.6369,0,8,592,656.49,163.39,777.34,,0.0,0.0,-0.104,0.15,0,zupt
1785677050.4002504,14.653,0,8,592,656.49,163.39,777.34,,0.0,0.0,-0.104,0.15,0,zupt
1785677050.4175274,14.6703,0,8,592,656.49,163.39,777.34,,0.0,0.0,-0.104,0.15,0,zupt
1785677050.4350562,14.6878,0,8,592,656.49,163.39,777.34,,0.0,0.0,-0.104,0.15,0,zupt
1785677050.4508445,14.7036,0,8,592,656.49,163.39,777.34,,0.0,0.0,-0.104,0.15,0,zupt
1785677050.4671178,14.7199,0,8,592,656.49,163.39,777.34,,0.0,0.0,-0.104,0.15,0,zupt
1785677050.4827836,14.7355,0,8,592,656.49,163.39,777.34,,0.0,0.0,-0.104,0.15,0,zupt
1785677050.5000849,14.7528,0,8,592,656.49,163.39,777.34,,0.0,0.0,-0.104,0.15,0,zupt
1785677050.515752,14.7685,0,8,592,656.49,163.39,777.34,,0.0,0.0,-0.104,0.15,0,zupt
1785677050.5314462,14.7842,0,8,592,656.49,163.39,777.34,,0.0,0.0,-0.104,0.15,0,zupt
1785677050.5484483,14.8012,0,8,592,656.49,163.39,777.34,,0.0,0.0,-0.104,0.15,0,zupt
1785677050.5652053,14.8179,0,8,592,656.49,163.39,777.34,,0.0,0.0,-0.104,0.15,0,zupt
1785677050.5818632,14.8346,0,8,592,656.49,163.39,777.34,,0.0,0.0,-0.104,0.15,0,zupt
1785677050.5981612,14.8509,0,8,592,656.49,163.39,777.34,,0.0,0.0,-0.104,0.15,0,zupt
1785677050.6147473,14.8675,0,8,592,656.49,163.39,777.34,,0.0,0.0,-0.104,0.15,0,zupt
1785677050.632665,14.8854,0,8,592,656.49,163.39,777.34,,0.0,0.0,-0.104,0.15,0,zupt
1785677050.6502,14.9029,0,8,592,656.49,163.39,777.34,,0.0,0.0,-0.104,0.15,0,zupt
1785677050.6660814,14.9188,0,8,592,656.49,163.39,777.34,,0.0,0.0,-0.104,0.15,0,zupt
1785677050.6828277,14.9356,0,8,592,656.49,163.39,777.34,,0.0,0.0,-0.104,0.15,0,zupt
1785677050.698596,14.9513,0,8,592,656.49,163.39,777.34,,0.0,0.0,-0.104,0.15,0,zupt
1785677050.7153404,14.9681,0,8,592,656.49,163.39,777.34,,0.0,0.0,-0.104,0.15,0,zupt
1785677050.7320147,14.9848,0,8,592,656.49,163.39,777.34,,0.0,0.0,-0.104,0.15,0,zupt
1785677050.7480586,15.0008,0,8,592,656.49,163.39,777.34,,0.0,0.0,-0.104,0.15,0,zupt
1785677050.763963,15.0167,0,8,592,656.49,163.39,777.34,,0.0,0.0,-0.104,0.15,0,zupt
1785677050.7797172,15.0325,0,8,592,656.49,163.39,777.34,,0.0,0.0,-0.104,0.15,0,zupt
1785677050.7974718,15.0502,0,8,592,656.49,163.39,777.34,,0.0,0.0,-0.104,0.15,0,zupt
1785677050.8142266,15.067,0,8,592,656.49,163.39,777.34,,0.0,0.0,-0.104,0.15,0,zupt
1785677050.8313344,15.0841,0,8,592,656.49,163.39,777.34,,0.0,0.0,-0.104,0.15,0,zupt
1785677050.8487396,15.1015,0,8,592,656.49,163.39,777.34,,0.0,0.0,-0.104,0.15,0,zupt
1785677050.8652222,15.118,0,8,592,656.49,163.39,777.34,,0.0,0.0,-0.104,0.15,0,zupt
1785677050.8806953,15.1334,0,8,592,656.49,163.39,777.34,,0.0,0.0,-0.104,0.15,0,zupt
1785677050.896622,15.1494,0,8,592,656.49,163.39,777.34,,0.0,0.0,-0.104,0.15,0,zupt
1785677050.9132044,15.1659,0,8,592,656.49,163.39,777.34,,0.0,0.0,-0.104,0.15,0,zupt
1785677050.9302378,15.183,0,8,592,656.49,163.39,777.34,,0.0,0.0,-0.104,0.15,0,zupt
1785677050.946948,15.1997,0,8,592,656.49,163.39,777.34,,0.3513,-0.1711,-0.098,0.147,0,zupt
1785677050.962809,15.2155,0,8,592,656.49,163.39,777.34,,0.0,0.0,-0.098,0.147,0,zupt
1785677050.978803,15.2315,0,8,592,656.49,163.39,777.34,,0.0,0.0,-0.098,0.147,0,zupt
1785677050.9944944,15.2472,0,8,592,656.49,163.39,777.34,,-0.3102,-0.1351,-0.103,0.145,0,zupt
1785677051.0114667,15.2642,0,8,592,656.49,163.39,777.34,,0.0,0.0,-0.103,0.145,0,zupt
1785677051.0290754,15.2818,0,8,592,656.49,163.39,777.34,,0.0,0.0,-0.103,0.145,0,zupt
1785677051.0451763,15.2979,0,8,592,656.49,163.39,777.34,,-0.0328,0.2353,-0.104,0.149,0,zupt
1785677051.060698,15.3134,0,8,592,656.49,163.39,777.34,,0.0,0.0,-0.104,0.149,0,zupt
1785677051.078019,15.3308,0,8,592,656.49,163.39,777.34,,0.0,0.0,-0.104,0.149,0,zupt
1785677051.0944083,15.3471,0,8,592,656.49,163.39,777.34,,0.1796,-0.447,-0.101,0.142,0,zupt
1785677051.1116438,15.3644,0,8,592,656.49,163.39,777.34,,0.0,0.0,-0.101,0.142,0,zupt
1785677051.1282332,15.381,0,8,592,656.49,163.39,777.34,,0.3321,-0.2176,-0.095,0.138,0,zupt
1785677051.145081,15.3978,0,8,592,656.49,163.39,777.34,,0.0,0.0,-0.095,0.138,0,zupt
1785677051.1615784,15.4143,0,8,592,656.49,163.39,777.34,,0.0,0.0,-0.095,0.138,0,zupt
1785677051.178708,15.4314,0,8,592,656.49,163.39,777.34,,0.0,0.0,-0.095,0.138,0,zupt
1785677051.194973,15.4477,0,8,592,656.49,163.39,777.34,,0.4042,-0.1416,-0.089,0.136,0,zupt
1785677051.210796,15.4635,0,8,592,656.49,163.39,777.34,,0.0,0.0,-0.089,0.136,0,zupt
1785677051.2281828,15.4809,0,8,592,656.49,163.39,777.34,,0.0,0.0,-0.089,0.136,0,zupt
1785677051.2441108,15.4968,0,8,592,656.49,163.39,777.34,,0.0,0.0,-0.089,0.136,0,zupt
1785677051.2610137,15.5137,0,8,592,656.49,163.39,777.34,,0.4748,0.1525,-0.081,0.138,0,zupt
1785677051.2767842,15.5295,0,8,592,656.49,163.39,777.34,,0.0,0.0,-0.081,0.138,0,zupt
1785677051.2926853,15.5454,0,8,592,656.49,163.39,777.34,,0.0,0.0,-0.081,0.138,0,zupt
1785677051.3093424,15.5621,0,8,592,656.49,163.39,777.34,,0.0,0.0,-0.081,0.138,0,zupt
1785677051.3260138,15.5787,0,8,592,656.49,163.39,777.34,,0.4489,0.0828,-0.073,0.14,0,zupt
1785677051.341883,15.5946,0,8,592,656.49,163.39,777.34,,0.0,0.0,-0.073,0.14,0,zupt
1785677051.3584285,15.6112,0,8,592,656.49,163.39,777.34,,-0.0114,0.0309,-0.073,0.14,0,zupt
1785677051.375909,15.6286,0,8,592,656.49,163.39,777.34,,0.0,0.0,-0.073,0.14,0,zupt
1785677051.3914711,15.6442,0,8,592,656.49,163.39,777.34,,0.377,0.004,-0.067,0.14,0,zupt
1785677051.4083362,15.6611,0,8,592,656.49,163.39,777.34,,0.0,0.0,-0.067,0.14,0,zupt
1785677051.4250653,15.6778,0,8,592,656.49,163.39,777.34,,0.0,0.0,-0.067,0.14,0,zupt
1785677051.44073,15.6935,0,8,592,656.49,163.39,777.34,,0.6778,0.0635,-0.057,0.141,0,zupt
1785677051.457067,15.7098,0,8,592,656.49,163.39,777.34,,0.0,0.0,-0.057,0.141,0,zupt
1785677051.4729815,15.7257,0,8,592,656.49,163.39,777.34,,0.0,0.0,-0.057,0.141,0,zupt
1785677051.4887412,15.7415,0,8,592,656.49,163.39,777.34,,0.5684,0.128,-0.048,0.143,0,zupt
1785677051.5047667,15.7575,0,8,592,656.49,163.39,777.34,,0.0,0.0,-0.048,0.143,0,zupt
1785677051.5208356,15.7736,0,8,592,656.49,163.39,777.34,,0.2209,0.159,-0.044,0.146,0,zupt
1785677051.5369918,15.7897,0,8,592,656.49,163.39,777.34,,0.0,0.0,-0.044,0.146,0,zupt
1785677051.5529447,15.8057,0,8,592,656.49,163.39,777.34,,0.0,0.0,-0.044,0.146,0,zupt
1785677051.5688298,15.8216,0,8,592,656.49,163.39,777.34,,-0.1366,0.7282,-0.046,0.157,0,zupt
1785677051.585222,15.838,0,8,592,656.49,163.39,777.34,,0.0,0.0,-0.046,0.157,0,zupt
1785677051.6010346,15.8538,0,8,592,656.49,163.39,777.34,,-0.131,0.6927,-0.049,0.168,0,zupt
1785677051.6171649,15.8699,0,8,592,656.49,163.39,777.34,,0.0,0.0,-0.049,0.168,0,zupt
1785677051.633868,15.8866,0,8,592,656.49,163.39,777.34,,0.0,0.0,-0.049,0.168,0,zupt
1785677051.6499376,15.9027,0,8,592,656.49,163.39,777.34,,0.4303,0.1964,-0.042,0.172,0,zupt
1785677051.6661336,15.9189,0,8,592,656.49,163.39,777.34,,0.0,0.0,-0.042,0.172,0,zupt
1785677051.6825728,15.9353,0,8,592,656.49,163.39,777.34,,0.3787,-0.0072,-0.035,0.171,0,zupt
1785677051.699298,15.952,0,8,592,656.49,163.39,777.34,,0.0,0.0,-0.035,0.171,0,zupt
1785677051.7167168,15.9695,0,8,592,656.49,163.39,777.34,,0.0,0.0,-0.035,0.171,0,zupt
1785677051.7336814,15.9864,0,8,592,656.49,163.39,777.34,,0.3191,-0.1452,-0.03,0.169,0,zupt
1785677051.7512054,16.0039,0,8,592,656.49,163.39,777.34,,0.0,0.0,-0.03,0.169,0,zupt
1785677051.7681682,16.0209,0,8,592,656.49,163.39,777.34,,0.5125,-0.184,-0.021,0.166,0,zupt
1785677051.7847033,16.0374,0,8,592,656.49,163.39,777.34,,0.0,0.0,-0.021,0.166,0,zupt
1785677051.8007457,16.0535,0,8,592,656.49,163.39,777.34,,0.696,-0.2579,-0.01,0.162,0,zupt
1785677051.8180094,16.0707,0,8,592,656.49,163.39,777.34,,0.0,0.0,-0.01,0.162,0,zupt
1785677051.8341568,16.0869,0,8,592,656.49,163.39,777.34,,0.0,0.0,-0.01,0.162,0,zupt
1785677051.849923,16.1027,0,8,592,656.49,163.39,777.34,,0.4964,-0.3388,-0.002,0.156,0,zupt
1785677051.866208,16.1189,0,8,592,656.49,163.39,777.34,,0.0,0.0,-0.002,0.156,0,zupt
1785677051.8819737,16.1347,0,8,592,656.49,163.39,777.34,,0.0,0.0,-0.002,0.156,0,zupt
1785677051.8980684,16.1508,0,8,592,656.49,163.39,777.34,,0.0,0.0,-0.002,0.156,0,zupt
1785677051.9136524,16.1664,0,8,592,656.49,163.39,777.34,,0.1336,-0.2555,-0.0,0.152,0,zupt
1785677051.9294295,16.1822,0,8,592,656.49,163.39,777.34,,0.0,0.0,-0.0,0.152,0,zupt
1785677051.946913,16.1996,0,8,592,656.49,163.39,777.34,,0.0,0.0,-0.0,0.152,0,zupt
1785677051.9624267,16.2152,0,8,592,656.49,163.39,777.34,,0.0,0.0,-0.0,0.152,0,zupt
1785677051.9796991,16.2324,0,8,592,656.49,163.39,777.34,,-0.0099,-0.1713,-0.0,0.149,0,zupt
1785677051.996465,16.2492,0,8,592,656.49,163.39,777.34,,0.0,0.0,-0.0,0.149,0,zupt
1785677052.014057,16.2668,0,8,592,656.49,163.39,777.34,,0.0,0.0,-0.0,0.149,0,zupt
1785677052.030092,16.2828,0,8,592,656.49,163.39,777.34,,0.0,0.0,-0.0,0.149,0,zupt
1785677052.0462272,16.299,0,8.31,592,656.49,163.39,777.08,,0.4221,0.1713,0.006,0.152,0,zupt
1785677052.0627818,16.3155,0,8.63,592,656.49,163.39,776.81,,0.0,0.0,0.006,0.152,0,zupt
1785677052.0793345,16.3321,0,9.34,592,656.49,163.39,776.21,,0.4847,0.1164,0.014,0.154,0,zupt
1785677052.0966976,16.3494,0,10.09,592,656.49,163.39,775.59,,0.0,0.0,0.014,0.154,0,zupt
1785677052.1131485,16.3659,0,10.81,592,656.49,163.39,775.0,,0.0,0.0,0.014,0.154,0,zupt
1785677052.1299915,16.3827,0,11.78,592,656.49,163.39,774.19,,0.2866,-0.1177,0.019,0.152,0,zupt
1785677052.1460078,16.3987,0,12.7,592,656.49,163.39,773.42,,0.0,0.0,0.019,0.152,0,zupt
1785677052.1615598,16.4143,0,13.6,592,656.49,163.39,772.67,,0.0,0.0,0.019,0.152,0,zupt
1785677052.1787975,16.4315,0,15.1,592,656.49,163.39,771.42,,0.5692,-0.1411,0.029,0.15,0,zupt
1785677052.1946647,16.4474,0,16.49,592,656.49,163.39,770.27,,0.0,0.0,0.029,0.15,0,zupt
1785677052.2115147,16.4643,0,18.38,592,656.49,163.39,768.7,,0.4917,-0.0755,0.037,0.148,0,zupt
1785677052.2282255,16.481,0,20.25,592,656.49,163.39,767.15,,0.0,0.0,0.037,0.148,0,zupt
1785677052.2439802,16.4967,0,22.18,592,656.49,163.39,765.54,,0.2273,0.1784,0.041,0.151,0,zupt
1785677052.2599094,16.5126,0,24.14,592,656.49,163.39,763.92,,0.0,0.0,0.041,0.151,0,zupt
1785677052.2755177,16.5283,0,26.05,592,656.49,163.39,762.34,,0.0,0.0,0.041,0.151,0,zupt
1785677052.2921925,16.5449,0,28.23,592,656.49,163.39,760.54,,0.153,0.2948,0.043,0.156,0,zupt
1785677052.3086317,16.5614,0,30.37,592,656.49,163.39,758.77,,0.0,0.0,0.043,0.156,0,zupt
1785677052.3259478,16.5787,0,32.92,592,656.49,163.39,756.67,,0.3222,0.2654,0.049,0.161,0,zupt
1785677052.3416145,16.5944,0,35.23,592,656.49,163.39,754.77,,0.0,0.0,0.049,0.161,0,zupt
1785677052.3587842,16.6115,0,37.75,592,656.49,163.39,752.69,,0.0,0.0,0.049,0.161,0,zupt
1785677052.375628,16.6284,0,40.43,592,656.49,163.39,750.49,,0.231,0.2371,0.053,0.165,0,zupt
1785677052.3929148,16.6457,0,43.18,592,656.49,163.39,748.24,,0.0,0.0,0.053,0.165,0,zupt
1785677052.4090319,16.6618,0,45.84,592,656.49,163.39,746.06,,0.1396,0.2378,0.055,0.169,0,zupt
1785677052.4247487,16.6775,0,48.45,592,656.49,163.39,743.93,,0.0,0.0,0.055,0.169,0,zupt
1785677052.4418952,16.6946,0,51.5,592,656.49,163.39,741.43,,0.2413,0.1746,0.059,0.172,0,zupt
1785677052.457997,16.7107,0,54.37,592,656.49,163.39,739.1,,0.0,0.0,0.059,0.172,0,zupt
1785677052.4738336,16.7266,0,57.18,592,656.49,163.39,736.8,,0.0,0.0,0.059,0.172,0,zupt
1785677052.4909475,16.7437,0,60.41,592,656.49,163.39,734.18,,0.2071,0.105,0.063,0.173,0,zupt
1785677052.5066628,16.7594,0,63.38,592,656.49,163.39,731.77,,0.0,0.0,0.063,0.173,0,zupt
1785677052.5237837,16.7765,0,66.75,592,656.49,163.39,729.05,,0.1591,0.0002,0.066,0.173,0,zupt
1785677052.5402281,16.793,0,69.98,592,656.49,163.39,726.43,,0.0,0.0,0.066,0.173,0,zupt
1785677052.5572062,16.8099,0,73.32,592,656.49,163.39,723.74,,0.0,0.0,0.066,0.173,0,zupt
1785677052.5728383,16.8256,0,76.45,592,656.49,163.39,721.22,,0.0691,-0.2006,0.067,0.17,0,zupt
1785677052.5889664,16.8417,0,79.68,592,656.49,163.39,718.63,,0.0,0.0,0.067,0.17,0,zupt
1785677052.6051872,16.8579,0,83.05,592,656.49,163.39,715.92,,0.165,-0.2825,0.069,0.166,0,zupt
1785677052.6216707,16.8744,0,86.48,592,656.49,163.39,713.18,,0.0,0.0,0.069,0.166,0,zupt
1785677052.6387887,16.8915,0,90.04,592,656.49,163.39,710.33,,0.0,0.0,0.069,0.166,0,zupt
1785677052.6554232,16.9082,0,93.71,592,656.49,163.39,707.41,,0.2458,-0.2004,0.073,0.162,0,zupt
1785677052.6727169,16.9255,0,97.52,592,656.49,163.39,704.38,,0.0,0.0,0.073,0.162,0,zupt
1785677052.689978,16.9427,0,101.32,592,656.49,163.39,701.37,,0.0,0.0,0.073,0.162,0,zupt
1785677052.7060525,16.9588,0,104.87,592,656.49,163.39,698.57,,0.0,0.0,0.073,0.162,0,zupt
1785677052.7218502,16.9746,0,108.61,592,656.49,163.39,695.61,,0.3559,0.0971,0.079,0.164,0,zupt
1785677052.7382574,16.991,0,112.51,592,656.49,163.39,692.55,,0.0,0.0,0.079,0.164,0,zupt
1785677052.7547934,17.0075,0,116.43,592,656.49,163.39,689.48,,0.0,0.0,0.079,0.164,0,zupt
1785677052.7703984,17.0231,0,120.13,592,656.49,163.39,686.58,,0.0,0.0,0.079,0.164,0,zupt
1785677052.7871697,17.0399,0,124.13,592,656.49,163.39,683.46,,0.0252,0.0148,0.079,0.164,0,zupt
1785677052.8031244,17.0559,0,127.93,592,656.49,163.39,680.5,,0.0,0.0,0.079,0.164,0,zupt
1785677052.819241,17.072,0,131.76,592,656.49,163.39,677.53,,-0.0207,-0.1724,0.079,0.161,0,zupt
1785677052.8360803,17.0888,0,135.76,592,656.49,163.39,674.44,,0.0,0.0,0.079,0.161,0,zupt
1785677052.8528354,17.1056,0,139.74,592,656.49,163.39,671.37,,0.0,0.0,0.079,0.161,0,zupt
1785677052.8690226,17.1218,0,143.63,592,656.49,163.39,668.38,,0.0649,-0.3762,0.08,0.155,0,zupt
1785677052.8848283,17.1376,0,147.44,592,656.49,163.39,665.47,,0.0,0.0,0.08,0.155,0,zupt
1785677052.9026473,17.1554,0,152.02,592,656.49,163.39,661.97,,0.3041,-0.3308,0.086,0.149,0,zupt
1785677052.9191356,17.1719,0,156.25,592,656.49,163.39,658.75,,0.0,0.0,0.086,0.149,0,zupt
1785677052.9364123,17.1891,0,160.94,592,656.49,163.39,655.19,,0.2845,-0.1567,0.091,0.147,0,zupt
1785677052.95376,17.2065,0,165.66,592,656.49,163.39,651.64,,0.0,0.0,0.091,0.147,0,zupt
1785677052.9698327,17.2226,0,170.02,592,656.49,163.39,648.35,,0.0,0.0,0.091,0.147,0,zupt
1785677052.9858487,17.2386,0,174.59,592,656.49,163.39,644.93,,0.2814,0.1017,0.095,0.148,0,zupt
1785677053.0029185,17.2557,0,179.46,592,656.49,163.39,641.3,,0.0,0.0,0.095,0.148,0,zupt
1785677053.0185792,17.2713,0,184.13,592,656.49,163.39,637.84,,0.2803,0.3021,0.099,0.153,0,zupt
1785677053.0350707,17.2878,0,189.05,592,656.49,163.39,634.2,,0.0,0.0,0.099,0.153,0,zupt
1785677053.0508916,17.3036,0,193.96,592,656.49,163.39,630.59,,0.2603,0.4577,0.104,0.16,0,zupt
1785677053.0664837,17.3192,0,198.81,592,656.49,163.39,627.04,,0.0,0.0,0.104,0.16,0,zupt
1785677053.083833,17.3366,0,204.2,592,656.49,163.39,623.12,,0.0,0.0,0.104,0.16,0,zupt
1785677053.1004746,17.3532,0,209.47,592,656.49,163.39,619.3,,0.128,0.5021,0.106,0.169,0,zupt
1785677053.1170921,17.3698,0,214.74,592,656.49,163.39,615.51,,0.0,0.0,0.106,0.169,0,zupt
1785677053.1327899,17.3855,0,219.76,592,656.49,163.39,611.91,,0.0594,0.6389,0.107,0.179,0,zupt
1785677053.1490886,17.4018,0,224.98,592,656.49,163.39,608.21,,0.0,0.0,0.107,0.179,0,zupt
1785677053.1651366,17.4179,0,230.2,592,656.49,163.39,604.51,,0.1146,0.798,0.108,0.191,0,zupt
1785677053.1816835,17.4344,0,235.58,592,656.49,163.39,600.73,,0.0,0.0,0.108,0.191,0,zupt
1785677053.1986525,17.4514,0,241.1,592,656.49,163.39,596.87,,0.0,0.0,0.108,0.191,0,zupt
1785677053.2156243,17.4684,0,246.71,592,656.49,163.39,592.98,,0.0958,1.2602,0.11,0.213,0,zupt
1785677053.2326536,17.4854,0,252.33,592,656.49,163.39,589.11,,0.0,0.0,0.11,0.213,0,zupt
1785677053.2492821,17.502,0,257.6,592,656.49,163.39,585.51,,-0.2713,1.5323,0.106,0.238,0,zupt
1785677053.2662716,17.519,0,262.98,592,656.49,163.39,581.86,,0.0,0.0,0.106,0.238,0,zupt
1785677053.2817864,17.5345,0,267.9,592,656.49,163.39,578.55,,0.0,0.0,0.106,0.238,0,zupt
1785677053.2978742,17.5506,0,272.64,592,656.49,163.39,575.37,,-0.4466,1.0259,0.098,0.255,0,zupt
1785677053.3140464,17.5668,0,277.42,592,656.49,163.39,572.19,,0.0,0.0,0.098,0.255,0,zupt
1785677053.329652,17.5824,0,282.02,592,656.49,163.39,569.15,,0.0,0.0,0.098,0.255,0,zupt
1785677053.3469467,17.5997,0,287.13,592,656.49,163.39,565.81,,0.0,0.0,0.098,0.255,0,zupt
1785677053.3628109,17.6155,0,291.9,592,656.49,163.39,562.7,,0.1161,0.0648,0.1,0.256,0,zupt
1785677053.3785577,17.6313,0,296.63,592,656.49,163.39,559.65,,0.0,0.0,0.1,0.256,0,zupt
1785677053.3957732,17.6485,0,301.81,592,656.49,163.39,556.33,,0.0,0.0,0.1,0.256,0,zupt
1785677053.4127774,17.6655,0,306.92,592,656.49,163.39,553.09,,0.0,0.0,0.1,0.256,0,zupt
1785677053.430129,17.6829,0,312.14,592,656.49,163.39,549.81,,0.0,0.0,0.1,0.256,0,zupt
1785677053.4459953,17.6987,0,316.91,592,656.49,163.39,546.83,,0.0,0.0,0.1,0.256,0,zupt
1785677053.4629307,17.7157,0,322.0,592,656.49,163.39,543.68,,0.0,0.0,0.1,0.256,0,zupt
1785677053.4791574,17.7319,0,326.88,592,656.49,163.39,540.69,,0.0,0.0,0.1,0.256,0,zupt
1785677053.4957118,17.7484,0,331.86,592,656.49,163.39,537.67,,0.0,0.0,0.1,0.256,0,zupt
1785677053.5127318,17.7655,0,336.98,592,656.49,163.39,534.6,,0.0,0.0,0.1,0.256,0,zupt
1785677053.5285995,17.7813,0,341.75,592,656.49,163.39,531.76,,0.0,0.0,0.1,0.256,0,zupt
1785677053.54622,17.799,0,347.05,592,656.49,163.39,528.64,,0.0,0.0,0.1,0.256,0,zupt
1785677053.563088,17.8158,0,352.12,592,656.49,163.39,525.69,,0.0,0.0,0.1,0.256,0,zupt
1785677053.5789492,17.8317,0,356.89,592,656.49,163.39,522.94,,0.0,0.0,0.1,0.256,0,zupt
1785677053.595416,17.8482,0,361.84,592,656.49,163.39,520.12,,0.0,0.0,0.1,0.256,0,zupt
1785677053.6128628,17.8656,0,367.21,592,656.49,163.39,517.1,,0.1341,-1.2936,0.103,0.233,0,zupt
1785677053.628608,17.8813,0,372.06,592,656.49,163.39,514.4,,0.0,0.0,0.103,0.233,0,zupt
1785677053.6453154,17.8981,0,377.2,592,656.49,163.39,511.58,,0.0,0.0,0.103,0.233,0,zupt
1785677053.6629915,17.9157,0,382.72,592,656.49,163.39,508.59,,0.0882,-0.8627,0.104,0.218,0,zupt
1785677053.6790173,17.9318,0,387.73,592,656.49,163.39,505.91,,0.0,0.0,0.104,0.218,0,zupt
1785677053.694727,17.9475,0,392.61,592,656.49,163.39,503.33,,-0.0349,-0.5729,0.104,0.209,0,zupt
1785677053.7127898,17.9655,0,398.22,592,656.49,163.39,500.41,,0.0,0.0,0.104,0.209,0,zupt
1785677053.729025,17.9818,0,403.27,592,656.49,163.39,497.83,,0.0,0.0,0.104,0.209,0,zupt
1785677053.7446616,17.9974,0,407.97,592,656.49,163.39,495.45,,-0.2059,-0.3603,0.1,0.203,0,zupt
1785677053.7618446,18.0146,0,413.15,592,656.49,163.39,492.87,,0.0,0.0,0.1,0.203,0,zupt
1785677053.7790208,18.0318,0,418.3,592,656.49,163.39,490.35,,-0.0236,-0.1226,0.1,0.201,0,zupt
1785677053.7946162,18.0474,0,422.97,592,656.49,163.39,488.1,,0.0,0.0,0.1,0.201,0,zupt
1785677053.8119123,18.0646,0,428.16,592,656.49,163.39,485.64,,0.0,0.0,0.1,0.201,0,zupt
1785677053.827731,18.0805,0,432.95,592,656.49,163.39,483.41,,0.0567,-0.0398,0.101,0.201,0,zupt
1785677053.844978,18.0977,0,438.17,592,656.49,163.39,481.01,,0.0,0.0,0.101,0.201,0,zupt
1785677053.8608208,18.1136,0,443.06,592,656.49,163.39,478.82,,0.1281,0.0856,0.103,0.202,0,zupt
1785677053.8772964,18.13,0,448.14,592,656.49,163.39,476.57,,0.0,0.0,0.103,0.202,0,zupt
1785677053.8939757,18.1467,0,453.38,592,656.49,163.39,474.3,,0.104,0.2126,0.105,0.206,0,zupt
1785677053.9094903,18.1622,0,458.24,592,656.49,163.39,472.24,,0.0,0.0,0.105,0.206,0,zupt
1785677053.9264138,18.1791,0,463.56,592,656.49,163.39,470.03,,0.0,0.0,0.105,0.206,0,zupt
1785677053.9428837,18.1956,0,468.81,592,656.49,163.39,467.9,,0.1087,0.2548,0.106,0.21,0,zupt
1785677053.9588614,18.2116,0,473.91,592,656.49,163.39,465.88,,0.0,0.0,0.106,0.21,0,zupt
1785677053.9748576,18.2276,0,479.01,592,656.49,163.39,463.91,,-0.012,0.3119,0.106,0.215,0,zupt
1785677053.9907315,18.2435,0,484.07,592,656.49,163.39,461.99,,0.0,0.0,0.106,0.215,0,zupt
1785677054.0077171,18.2605,0,489.48,592,656.49,163.39,460.0,,0.0,0.0,0.106,0.215,0,zupt
1785677054.0238924,18.2766,0,494.52,592,656.49,163.39,458.19,,-0.1419,0.2386,0.104,0.219,0,zupt
1785677054.039747,18.2925,0,499.47,592,656.49,163.39,456.47,,0.0,0.0,0.104,0.219,0,zupt
1785677054.0557897,18.3085,0,504.47,592,656.49,163.39,454.77,,0.0,0.0,0.104,0.219,0,zupt
1785677054.0718462,18.3246,0,509.47,592,656.49,163.39,453.13,,0.0,0.0,0.104,0.219,0,zupt
1785677054.0878913,18.3406,0,514.48,592,656.49,163.39,451.53,,0.0,0.0,0.104,0.219,0,zupt
1785677054.103872,18.3566,0,519.37,592,656.49,163.39,450.01,,-0.1147,0.166,0.102,0.221,0,zupt
1785677054.1194358,18.3722,0,524.14,592,656.49,163.39,448.58,,0.0,0.0,0.102,0.221,0,zupt
1785677054.1361432,18.3889,0,529.25,592,656.49,163.39,447.1,,0.0,0.0,0.102,0.221,0,zupt
1785677054.1530037,18.4057,0,534.42,592,656.49,163.39,445.66,,0.0,0.0,0.102,0.221,0,zupt
1785677054.1691754,18.4219,0,539.27,592,656.49,163.39,444.35,,-0.1342,-0.0082,0.1,0.221,0,zupt
1785677054.1847904,18.4375,0,543.95,592,656.49,163.39,443.14,,0.0,0.0,0.1,0.221,0,zupt
1785677054.201955,18.4547,0,549.09,592,656.49,163.39,441.86,,0.0,0.0,0.1,0.221,0,zupt
1785677054.2179637,18.4707,0,553.89,592,656.49,163.39,440.72,,0.0,0.0,0.1,0.221,0,zupt
1785677054.2339027,18.4866,0,558.68,592,656.49,163.39,439.63,,0.0167,-0.1292,0.1,0.219,0,zupt
1785677054.249495,18.5022,0,563.37,592,656.49,163.39,438.61,,0.0,0.0,0.1,0.219,0,zupt
1785677054.2662551,18.519,0,568.4,592,656.49,163.39,437.57,,0.0,0.0,0.1,0.219,0,zupt
1785677054.2828045,18.5355,0,573.42,592,656.49,163.39,436.59,,0.0551,-0.1199,0.101,0.217,0,zupt
1785677054.3000698,18.5528,0,578.66,592,656.49,163.39,435.62,,0.0,0.0,0.101,0.217,0,zupt
1785677054.31592,18.5687,0,583.57,592,656.49,163.39,434.77,,0.1317,-0.2152,0.103,0.214,0,zupt
1785677054.3316393,18.5844,0,588.43,592,656.49,163.39,433.98,,0.0,0.0,0.103,0.214,0,zupt
1785677054.3489146,18.6017,0,593.78,592,656.49,163.39,433.18,,0.0,0.0,0.103,0.214,0,zupt
1785677054.3648555,18.6176,0,598.79,592,656.49,163.39,432.48,,0.104,-0.2305,0.105,0.21,0,zupt
1785677054.380346,18.6331,0,603.67,592,656.49,163.39,431.86,,0.0,0.0,0.105,0.21,0,zupt
1785677054.3975885,18.6503,0,609.09,592,656.49,163.39,431.23,,0.0,0.0,0.105,0.21,0,zupt
1785677054.414609,18.6673,0,614.54,592,656.49,163.39,430.66,,0.1117,-0.187,0.107,0.207,0,zupt
1785677054.4316642,18.6844,0,620.0,592,656.49,163.39,430.16,,0.0,0.0,0.107,0.207,0,zupt
1785677054.4486895,18.7014,0,625.48,592,656.49,163.39,429.73,,0.032,-0.0919,0.107,0.205,0,zupt
1785677054.4661527,18.7189,0,631.1,592,656.49,163.39,429.36,,0.0,0.0,0.107,0.205,0,zupt
1785677054.4818332,18.7346,0,636.21,592,656.49,163.39,429.09,,0.0828,-0.0155,0.109,0.205,0,zupt
1785677054.4982927,18.751,0,641.57,592,656.49,163.39,428.87,,0.0,0.0,0.109,0.205,0,zupt
1785677054.5159163,18.7687,0,647.31,592,656.49,163.39,428.71,,0.0,0.0,0.109,0.205,0,zupt
1785677054.53145,18.7842,0,652.45,592,656.49,163.39,428.63,,0.1044,0.036,0.11,0.206,0,zupt
1785677054.5481339,18.8009,0,657.96,592,656.49,163.39,428.61,,0.0,0.0,0.11,0.206,0,zupt
1785677054.5647867,18.8175,0,663.56,592,656.49,163.39,428.67,,0.107,0.0487,0.112,0.206,0,zupt
1785677054.5804732,18.8332,0,668.83,592,656.49,163.39,428.79,,0.0,0.0,0.112,0.206,0,zupt
1785677054.5977707,18.8505,0,674.72,592,656.49,163.39,429.0,,0.0826,0.1002,0.113,0.208,0,zupt
1785677054.613871,18.8666,0,680.19,592,656.49,163.39,429.27,,0.0,0.0,0.113,0.208,0,zupt
1785677054.6296334,18.8824,0,685.56,592,656.49,163.39,429.6,,0.0,0.0,0.113,0.208,0,zupt
1785677054.6467426,18.8995,0,691.4,592,656.49,163.39,430.03,,0.0272,0.0336,0.114,0.209,0,zupt
1785677054.6640155,18.9168,0,697.3,592,656.49,163.39,430.55,,0.0,0.0,0.114,0.209,0,zupt
1785677054.679986,18.9327,0,702.76,592,656.49,163.39,431.1,,0.0,0.0,0.114,0.209,0,zupt
1785677054.6965847,18.9493,0,708.42,592,656.49,163.39,431.75,,-0.0178,0.0011,0.114,0.209,0,zupt
1785677054.7137296,18.9665,0,714.26,592,656.49,163.39,432.49,,0.0,0.0,0.114,0.209,0,zupt
1785677054.7309382,18.9837,0,720.05,592,656.49,163.39,433.3,,-0.0835,0.0037,0.112,0.209,0,zupt
1785677054.7471118,18.9998,0,725.49,592,656.49,163.39,434.13,,0.0,0.0,0.112,0.209,0,zupt
1785677054.7627287,19.0155,0,730.75,592,656.49,163.39,435.0,,0.0,0.0,0.112,0.209,0,zupt
1785677054.7798908,19.0326,0,736.49,592,656.49,163.39,436.01,,-0.0346,-0.0021,0.112,0.209,0,zupt
1785677054.7962458,19.049,0,741.96,592,656.49,163.39,437.05,,0.0,0.0,0.112,0.209,0,zupt
1785677054.8137262,19.0665,0,747.81,592,656.49,163.39,438.23,,0.0,0.0,0.112,0.209,0,zupt
1785677054.8298545,19.0826,0,753.21,592,656.49,163.39,439.39,,0.0,0.0,0.112,0.209,0,zupt
1785677054.845988,19.0987,0,758.68,592,656.49,163.39,440.63,,0.0941,0.0041,0.113,0.209,0,zupt
1785677054.8616035,19.1143,0,763.98,592,656.49,163.39,441.89,,0.0,0.0,0.113,0.209,0,zupt
1785677054.8786788,19.1314,0,769.77,592,656.49,163.39,443.33,,0.0,0.0,0.113,0.209,0,zupt
1785677054.8960679,19.1488,0,775.74,592,656.49,163.39,444.89,,0.071,0.0167,0.114,0.209,0,zupt
1785677054.9129267,19.1657,0,781.52,592,656.49,163.39,446.48,,0.0,0.0,0.114,0.209,0,zupt
1785677054.9296916,19.1824,0,787.27,592,656.49,163.39,448.12,,0.0,0.0,0.114,0.209,0,zupt
1785677054.9470391,19.1998,0,792,592,656.49,163.39,449.52,,0.0,0.0,0.114,0.209,0,zupt
1785677054.963264,19.216,0,792,592,656.49,163.39,449.52,,0.0852,0.0751,0.116,0.21,0,zupt
1785677054.9800177,19.2328,0,792,592,656.49,163.39,449.52,,0.0,0.0,0.116,0.21,0,zupt
1785677054.9959579,19.2487,0,792,592,656.49,163.39,449.52,,0.0,0.0,0.116,0.21,0,zupt
1785677055.0127654,19.2655,0,792,592,656.49,163.39,449.52,,0.1034,0.0195,0.117,0.211,0,zupt
1785677055.0285711,19.2813,0,792,592,656.49,163.39,449.52,,0.0,0.0,0.117,0.211,0,zupt
1785677055.0458524,19.2986,0,792,592,656.49,163.39,449.52,,0.0152,0.056,0.118,0.212,0,zupt
1785677055.061891,19.3146,0,792,592,656.49,163.39,449.52,,0.0,0.0,0.118,0.212,0,zupt
1785677055.0777977,19.3305,0,792,592,656.49,163.39,449.52,,0.0,0.0,0.118,0.212,0,zupt
1785677055.0946112,19.3473,0,792,592,656.49,163.39,449.52,,-0.0553,0.0601,0.117,0.213,0,zupt
1785677055.1117275,19.3645,0,792,592,656.49,163.39,449.52,,0.0,0.0,0.117,0.213,0,zupt
1785677055.128662,19.3814,0,792,592,656.49,163.39,449.52,,0.0397,0.0406,0.001,0.001,1,zupt
1785677055.1461813,19.3989,0,792,592,656.49,163.39,449.52,,0.0,0.0,0.001,0.001,0,zupt
1785677055.161877,19.4146,0,792.0,592,656.49,163.39,449.52,,-0.0043,0.0052,-0.0,0.0,1,zupt
1785677055.1778908,19.4306,0,791.99,592,656.49,163.39,449.52,,0.0,0.0,-0.0,0.0,0,zupt
1785677055.194102,19.4468,0,791.99,592,656.49,163.39,449.52,,0.0,0.0,-0.0,0.0,0,zupt
1785677055.210755,19.4635,0,792,591.99,656.49,163.39,449.51,,0.0361,-0.0149,0.001,-0.0,1,zupt
1785677055.2267077,19.4794,0,792,591.98,656.49,163.39,449.5,,0.0,0.0,0.001,-0.0,0,zupt
1785677055.2438068,19.4965,0,792,591.91,656.49,163.39,449.43,,0.0562,-0.0793,0.001,-0.001,1,zupt
1785677055.260555,19.5133,0,792,591.84,656.49,163.39,449.37,,0.0,0.0,0.001,-0.001,0,zupt
1785677055.2776203,19.5304,0,792,591.77,656.49,163.39,449.3,,0.0,0.0,0.001,-0.001,0,zupt
1785677055.2949858,19.5477,0,791.98,591.69,656.49,163.39,449.22,,-0.0242,-0.0882,-0.0,-0.002,1,zupt
1785677055.3106492,19.5634,0,791.96,591.62,656.49,163.39,449.15,,0.0,0.0,-0.0,-0.002,0,zupt
1785677055.327292,19.58,0,791.95,591.57,656.49,163.39,449.1,,-0.0098,-0.0526,-0.0,-0.001,1,zupt
1785677055.3440008,19.5967,0,791.94,591.53,656.49,163.39,449.06,,0.0,0.0,-0.0,-0.001,0,zupt
1785677055.359798,19.6125,0,791.94,591.5,656.49,163.39,449.03,,0.0005,-0.0339,0.0,-0.001,1,zupt
1785677055.3756826,19.6284,0,791.94,591.48,656.49,163.39,449.01,,0.0,0.0,0.0,-0.001,0,zupt
1785677055.3926022,19.6453,0,791.94,591.45,656.49,163.39,448.98,,0.0,0.0,0.0,-0.001,0,zupt
1785677055.4099772,19.6627,0,792,591.56,656.49,163.39,449.11,,0.1717,0.1537,0.003,0.002,0,zupt
1785677055.4260254,19.6788,0,792,591.67,656.49,163.39,449.2,,0.0,0.0,0.003,0.002,0,zupt
1785677055.4416697,19.6944,0,792,591.77,656.49,163.39,449.3,,0.0,0.0,0.003,0.002,0,zupt
1785677055.457929,19.7107,0,792,591.52,656.49,163.39,449.06,,0.0189,-0.4442,0.003,-0.005,0,zupt
1785677055.473708,19.7264,0,792,591.28,656.49,163.39,448.83,,0.0,0.0,0.003,-0.005,0,zupt
1785677055.4908178,19.7436,0,792,591.06,656.49,163.39,448.63,,0.058,0.0522,0.004,-0.004,0,zupt
1785677055.5077114,19.7604,0,792,590.85,656.49,163.39,448.42,,0.0,0.0,0.004,-0.004,0,zupt
1785677055.524584,19.7773,0,792,590.64,656.49,163.39,448.22,,0.0,0.0,0.004,-0.004,0,zupt
1785677055.542533,19.7953,0,792,590.41,656.49,163.39,448.01,,0.0,0.0,0.004,-0.004,0,zupt
1785677055.5597491,19.8125,0,791.93,590.11,656.49,163.39,447.7,,-0.3306,-0.0964,-0.001,-0.006,0,zupt
1785677055.575725,19.8285,0,791.86,589.83,656.49,163.39,447.41,,0.0,0.0,-0.001,-0.006,0,zupt
1785677055.5925076,19.8452,0,791.79,589.53,656.49,163.39,447.11,,0.0,0.0,-0.001,-0.006,0,zupt
1785677055.6100295,19.8628,0,791.72,589.22,656.49,163.39,446.79,,0.0,0.0,-0.001,-0.006,0,zupt
1785677055.6259968,19.8787,0,791.65,588.94,656.49,163.39,446.5,,0.0,0.0,-0.001,-0.006,0,zupt
1785677055.641627,19.8944,0,791.58,588.67,656.49,163.39,446.22,,0.0,0.0,-0.001,-0.006,0,zupt
1785677055.6583107,19.911,0,791.51,588.38,656.49,163.39,445.92,,0.0,0.0,-0.001,-0.006,0,zupt
1785677055.6752403,19.928,0,791.5,588.03,656.49,163.39,445.59,,0.0638,-0.0534,-0.0,-0.007,0,zupt
1785677055.6908922,19.9436,0,791.48,587.71,656.49,163.39,445.28,,0.0,0.0,-0.0,-0.007,0,zupt
1785677055.707274,19.96,0,791.47,587.38,656.49,163.39,444.96,,0.0,0.0,-0.0,-0.007,0,zupt
1785677055.724083,19.9768,0,791.82,586.8,656.49,163.39,444.51,,0.4337,-0.2882,0.007,-0.012,0,zupt
1785677055.7397027,19.9924,0,792,586.25,656.49,163.39,444.05,,0.0,0.0,0.007,-0.012,0,zupt
1785677055.7562094,20.0089,0,792,585.41,656.49,163.39,443.25,,0.0027,-0.3239,0.007,-0.017,0,zupt
1785677055.7732534,20.026,0,792,584.55,656.49,163.39,442.42,,0.0,0.0,0.007,-0.017,0,zupt
1785677055.7900543,20.0428,0,792,583.69,656.49,163.39,441.61,,0.0,0.0,0.007,-0.017,0,zupt
1785677055.80592,20.0587,0,792,582.59,656.49,163.39,440.56,,0.0707,-0.3956,0.008,-0.023,0,zupt
1785677055.8230307,20.0758,0,792,581.4,656.49,163.39,439.42,,0.0,0.0,0.008,-0.023,0,zupt
1785677055.8387754,20.0915,0,792,580.3,656.49,163.39,438.38,,0.0,0.0,0.008,-0.023,0,zupt
1785677055.8555737,20.1083,0,792,578.76,656.49,163.39,436.92,,0.1366,-0.437,0.01,-0.031,0,zupt
1785677055.8727713,20.1255,0,792,577.18,656.49,163.39,435.42,,0.0,0.0,0.01,-0.031,0,zupt
1785677055.8887014,20.1414,0,792,575.49,656.49,163.39,433.81,,0.0577,-0.299,0.011,-0.035,0,zupt
1785677055.905315,20.1581,0,792,573.73,656.49,163.39,432.14,,0.0,0.0,0.011,-0.035,0,zupt
1785677055.9225938,20.1753,0,792,571.9,656.49,163.39,430.4,,0.0,0.0,0.011,-0.035,0,zupt
1785677055.939519,20.1923,0,792,569.93,656.49,163.39,428.53,,-0.1985,-0.2025,0.008,-0.039,0,zupt
1785677055.9568443,20.2096,0,792,567.92,656.49,163.39,426.62,,0.0,0.0,0.008,-0.039,0,zupt
1785677055.9730644,20.2258,0,792,565.9,656.49,163.39,424.71,,0.2096,-0.1723,0.011,-0.042,0,zupt
1785677055.9891267,20.2419,0,792,563.89,656.49,163.39,422.81,,0.0,0.0,0.011,-0.042,0,zupt
1785677056.004867,20.2576,0,792,561.93,656.49,163.39,420.95,,0.0,0.0,0.011,-0.042,0,zupt
1785677056.0211098,20.2738,0,792,559.84,656.49,163.39,418.97,,0.0166,-0.0837,0.012,-0.043,0,zupt
1785677056.0368814,20.2896,0,792,557.81,656.49,163.39,417.05,,0.0,0.0,0.012,-0.043,0,zupt
1785677056.0529704,20.3057,0,792,555.74,656.49,163.39,415.09,,0.0,0.0,0.012,-0.043,0,zupt
1785677056.0685294,20.3213,0,792,553.72,656.49,163.39,413.19,,-0.0226,-0.0158,0.011,-0.043,0,zupt
1785677056.085578,20.3383,0,792,551.52,656.49,163.39,411.1,,0.0,0.0,0.011,-0.043,0,zupt
1785677056.1026115,20.3553,0,792,549.32,656.49,163.39,409.03,,0.0908,0.0096,0.013,-0.043,0,zupt
1785677056.1192212,20.372,0,792,547.18,656.49,163.39,407.01,,0.0,0.0,0.013,-0.043,0,zupt
1785677056.1361392,20.3889,0,792,545.0,656.49,163.39,404.95,,0.0,0.0,0.013,-0.043,0,zupt
1785677056.15174,20.4045,0,792,543.09,656.49,163.39,403.16,,-0.0853,0.1416,0.012,-0.041,0,zupt
1785677056.1685038,20.4212,0,792,541.04,656.49,163.39,401.22,,0.0,0.0,0.012,-0.041,0,zupt
1785677056.1857786,20.4385,0,792,539.08,656.49,163.39,399.39,,0.1037,0.1792,0.013,-0.038,0,zupt
1785677056.2014792,20.4542,0,792,537.31,656.49,163.39,397.72,,0.0,0.0,0.013,-0.038,0,zupt
1785677056.218282,20.471,0,792,535.45,656.49,163.39,395.97,,0.1272,0.0477,0.015,-0.037,0,zupt
1785677056.2349935,20.4877,0,792,533.6,656.49,163.39,394.23,,0.0,0.0,0.015,-0.037,0,zupt
1785677056.2511067,20.5038,0,792,531.82,656.49,163.39,392.56,,0.0,0.0,0.015,-0.037,0,zupt
1785677056.267518,20.5203,0,792,530.0,656.49,163.39,390.85,,0.0,0.0,0.015,-0.037,0,zupt
1785677056.2848525,20.5376,0,792,528.08,656.49,163.39,389.06,,0.0,0.0,0.015,-0.037,0,zupt
1785677056.3009083,20.5536,0,792,526.43,656.49,163.39,387.51,,0.0663,0.1631,0.017,-0.034,0,zupt
1785677056.3164835,20.5692,0,792,524.83,656.49,163.39,386.01,,0.0,0.0,0.017,-0.034,0,zupt
1785677056.3339753,20.5867,0,792,523.03,656.49,163.39,384.33,,0.0,0.0,0.017,-0.034,0,zupt
1785677056.3498194,20.6026,0,792,521.4,656.49,163.39,382.8,,0.0,0.0,0.017,-0.034,0,zupt
1785677056.365474,20.6182,0,792,519.8,656.49,163.39,381.3,,0.0217,0.0057,0.017,-0.034,0,zupt
1785677056.3827555,20.6355,0,792,518.03,656.49,163.39,379.65,,0.0,0.0,0.017,-0.034,0,zupt
1785677056.399693,20.6524,0,792,516.29,656.49,163.39,378.02,,0.0,0.0,0.017,-0.034,0,zupt
1785677056.4168844,20.6696,0,792,514.53,656.49,163.39,376.38,,0.0,0.0,0.017,-0.034,0,zupt
1785677056.4328618,20.6856,0,792,512.85,656.49,163.39,374.82,,0.0121,-0.0468,0.017,-0.035,0,zupt
1785677056.4492111,20.7019,0,792,511.14,656.49,163.39,373.22,,0.0,0.0,0.017,-0.035,0,zupt
1785677056.4658804,20.7186,0,792,509.39,656.49,163.39,371.6,,0.0,0.0,0.017,-0.035,0,zupt
1785677056.4830215,20.7358,0,792,507.6,656.49,163.39,369.92,,0.0,0.0,0.017,-0.035,0,zupt
1785677056.4987755,20.7515,0,792,505.95,656.49,163.39,368.39,,0.0,0.0,0.017,-0.035,0,zupt
1785677056.514516,20.7673,0,792,504.3,656.49,163.39,366.86,,0.0,0.0,0.017,-0.035,0,zupt
1785677056.5316157,20.7844,0,792,502.51,656.49,163.39,365.19,,0.0,0.0,0.017,-0.035,0,zupt
1785677056.5489986,20.8017,0,792,500.69,656.49,163.39,363.5,,0.0,0.0,0.017,-0.035,0,zupt
1785677056.5647242,20.8175,0,792,499.04,656.49,163.39,361.97,,0.0,0.0,0.017,-0.035,0,zupt
1785677056.5805538,20.8333,0,792,497.38,656.49,163.39,360.43,,0.0,0.0,0.017,-0.035,0,zupt
1785677056.5978036,20.8505,0,792,495.57,656.49,163.39,358.76,,0.0,0.0,0.017,-0.035,0,zupt
1785677056.613597,20.8663,0,792,493.92,656.49,163.39,357.23,,0.0,0.0,0.017,-0.035,0,zupt
1785677056.6293883,20.8821,0,792,492.26,656.49,163.39,355.7,,0.0,0.0,0.017,-0.035,0,zupt
1785677056.6462822,20.899,0,792,490.49,656.49,163.39,354.06,,0.0,0.0,0.017,-0.035,0,zupt
1785677056.6639273,20.9167,0,792,488.64,656.49,163.39,352.36,,0.0,0.0,0.017,-0.035,0,zupt
1785677056.6799593,20.9327,0,792,486.96,656.49,163.39,350.81,,0.0,0.0,0.017,-0.035,0,zupt
1785677056.6954758,20.9482,0,792,485.34,656.49,163.39,349.31,,0.0,0.0,0.017,-0.035,0,zupt
1785677056.7127385,20.9655,0,792,483.53,656.49,163.39,347.64,,0.0,0.0,0.017,-0.035,0,zupt
1785677056.7292428,20.982,0,792,481.8,656.49,163.39,346.05,,0.0,0.0,0.017,-0.035,0,zupt
1785677056.7461452,20.9989,0,792,480.03,656.49,163.39,344.42,,0.0,0.0,0.017,-0.035,0,zupt
1785677056.7617786,21.0145,0,792,478.39,656.49,163.39,342.91,,0.0,0.0,0.017,-0.035,0,zupt
1785677056.7781155,21.0309,0,792,476.68,656.49,163.39,341.34,,0.0,0.0,0.017,-0.035,0,zupt
1785677056.7949705,21.0477,0,792,474.91,656.49,163.39,339.72,,0.0,0.0,0.017,-0.035,0,zupt
1785677056.8110986,21.0638,0,792,473.22,656.49,163.39,338.17,,0.0,0.0,0.017,-0.035,0,zupt
1785677056.8271317,21.0799,0,792,471.54,656.49,163.39,336.64,,0.0,0.0,0.017,-0.035,0,zupt
1785677056.8429961,21.0957,0,792,469.88,656.49,163.39,335.11,,0.0,0.0,0.017,-0.035,0,zupt
1785677056.8590555,21.1118,0,792,468.2,656.49,163.39,333.58,,0.0,0.0,0.017,-0.035,0,zupt
1785677056.8747416,21.1275,0,792,466.56,656.49,163.39,332.08,,0.0,0.0,0.017,-0.035,0,zupt
1785677056.890574,21.1433,0,792,464.9,656.49,163.39,330.56,,0.0,0.0,0.017,-0.035,0,zupt
1785677056.9076452,21.1604,0,792,463.11,656.49,163.39,328.93,,0.0,0.0,0.017,-0.035,0,zupt
1785677056.9246688,21.1774,0,792,461.33,656.49,163.39,327.31,,0.0,0.0,0.017,-0.035,0,zupt
1785677056.9427738,21.1955,0,792,459.43,656.49,163.39,325.58,,0.0,0.0,0.017,-0.035,0,zupt
1785677056.9589758,21.2117,0,792,457.73,656.49,163.39,324.04,,0.0,0.0,0.017,-0.035,0,zupt
1785677056.9755454,21.2283,0,792,456.0,656.49,163.39,322.46,,0.0,0.0,0.017,-0.035,0,zupt
1785677056.9928203,21.2456,0,792,454.19,656.49,163.39,320.82,,0.0,0.0,0.017,-0.035,0,zupt
1785677057.0091176,21.2619,0,792,452.48,656.49,163.39,319.27,,0.0,0.0,0.017,-0.035,0,zupt
1785677057.0253801,21.2781,0,792,450.77,656.49,163.39,317.73,,0.0,0.0,0.017,-0.035,0,zupt
1785677057.0421631,21.2949,0,792,449.02,656.49,163.39,316.14,,0.0,0.0,0.017,-0.035,0,zupt
1785677057.0578196,21.3106,0,792,447.37,656.49,163.39,314.66,,0.0,0.0,0.017,-0.035,0,zupt
1785677057.0751553,21.3279,0,792,445.56,656.49,163.39,313.02,,0.0,0.0,0.017,-0.035,0,zupt
1785677057.0913057,21.344,0,792,443.87,656.49,163.39,311.5,,0.0,0.0,0.017,-0.035,0,zupt
1785677057.1081846,21.3609,0,792,442.1,656.49,163.39,309.91,,0.0,0.0,0.017,-0.035,0,zupt
1785677057.1246414,21.3774,0,792,440.37,656.49,163.39,308.36,,0.0,0.0,0.017,-0.035,0,zupt
1785677057.1411135,21.3938,0,792,438.65,656.49,163.39,306.81,,0.0,0.0,0.017,-0.035,0,zupt
1785677057.1570013,21.4097,0,792,436.98,656.49,163.39,305.31,,0.0,0.0,0.017,-0.035,0,zupt
1785677057.1730826,21.4258,0,792,435.3,656.49,163.39,303.81,,0.0,0.0,0.017,-0.035,0,zupt
1785677057.1890726,21.4418,0,792,433.62,656.49,163.39,302.31,,0.0,0.0,0.017,-0.035,0,zupt
1785677057.2056675,21.4584,0,792,431.88,656.49,163.39,300.75,,0.0,0.0,0.017,-0.035,0,zupt
1785677057.2221317,21.4749,0,792,430.16,656.49,163.39,299.21,,0.0,0.0,0.017,-0.035,0,zupt
1785677057.237952,21.4907,0,792,428.5,656.49,163.39,297.74,,0.0,0.0,0.017,-0.035,0,zupt
1785677057.2542067,21.5069,0,792,426.8,656.49,163.39,296.22,,0.0,0.0,0.017,-0.035,0,zupt
1785677057.2704256,21.5232,0,792,425.1,656.49,163.39,294.71,,0.0,0.0,0.017,-0.035,0,zupt
1785677057.2873445,21.5401,0,792,423.33,656.49,163.39,293.14,,0.0,0.0,0.017,-0.035,0,zupt
1785677057.3041785,21.5569,0,792,421.56,656.49,163.39,291.58,,0.0,0.0,0.017,-0.035,0,zupt
1785677057.3205671,21.5733,0,792,419.85,656.49,163.39,290.06,,0.0,0.0,0.017,-0.035,0,zupt
1785677057.3373818,21.5901,0,792,418.08,656.49,163.39,288.5,,0.0,0.0,0.017,-0.035,0,zupt
1785677057.3539777,21.6067,0,792,416.35,656.49,163.39,286.97,,0.0,0.0,0.017,-0.035,0,zupt
1785677057.3697908,21.6225,0,792,414.69,656.49,163.39,285.51,,0.0,0.0,0.017,-0.035,0,zupt
1785677057.3866162,21.6394,0,792,412.93,656.49,163.39,283.96,,0.0,0.0,0.017,-0.035,0,zupt
1785677057.4036496,21.6564,0,792,411.14,656.49,163.39,282.39,,0.0,0.0,0.017,-0.035,0,zupt
1785677057.4203107,21.673,0,792,409.4,656.49,163.39,280.86,,0.0,0.0,0.017,-0.035,0,zupt
1785677057.4370606,21.6898,0,792,407.64,656.49,163.39,279.32,,0.0,0.0,0.017,-0.035,0,zupt
1785677057.452692,21.7054,0,792,406.0,656.49,163.39,277.89,,0.0,0.0,0.017,-0.035,0,zupt
1785677057.4698539,21.7226,0,792,404.2,656.49,163.39,276.32,,0.0,0.0,0.017,-0.035,0,zupt
1785677057.4862213,21.739,0,792,402.49,656.49,163.39,274.83,,0.0,0.0,0.017,-0.035,0,zupt
1785677057.5016775,21.7544,0,792,400.89,656.49,163.39,273.44,,-0.1585,0.0251,0.015,-0.035,0,zupt
1785677057.5189197,21.7717,0,792,399.1,656.49,163.39,271.89,,0.0,0.0,0.015,-0.035,0,zupt
1785677057.5350266,21.7878,0,792,397.47,656.49,163.39,270.48,,-0.0376,0.0507,0.014,-0.034,0,zupt
1785677057.550773,21.8035,0,792,395.88,656.49,163.39,269.1,,0.0,0.0,0.014,-0.034,0,zupt
1785677057.5678644,21.8206,0,792,394.15,656.49,163.39,267.61,,0.0,0.0,0.014,-0.034,0,zupt
1785677057.5840454,21.8368,0,792,392.74,656.49,163.39,266.39,,0.0475,0.2878,0.015,-0.029,0,zupt
1785677057.600072,21.8528,0,792,391.34,656.49,163.39,265.19,,0.0,0.0,0.015,-0.029,0,zupt
1785677057.6166093,21.8693,0,792,389.9,656.49,163.39,263.95,,0.0,0.0,0.015,-0.029,0,zupt
1785677057.6331594,21.8859,0,792,388.67,656.49,163.39,262.89,,-0.0062,0.2556,0.015,-0.025,0,zupt
1785677057.6489522,21.9017,0,792,387.49,656.49,163.39,261.89,,0.0,0.0,0.015,-0.025,0,zupt
1785677057.6650703,21.9178,0,792,386.24,656.49,163.39,260.81,,-0.4115,-0.0693,0.008,-0.026,0,zupt
1785677057.6805375,21.9333,0,792,385.03,656.49,163.39,259.79,,0.0,0.0,0.008,-0.026,0,zupt
1785677057.697279,21.95,0,792,383.73,656.49,163.39,258.67,,0.0,0.0,0.008,-0.026,0,zupt
1785677057.7140467,21.9668,0,792,382.36,656.49,163.39,257.51,,0.1345,-0.0725,0.01,-0.027,0,zupt
1785677057.730509,21.9832,0,792,381.02,656.49,163.39,256.37,,0.0,0.0,0.01,-0.027,0,zupt
1785677057.7472425,22.0,0,792,379.66,656.49,163.39,255.22,,0.0,0.0,0.01,-0.027,0,zupt
1785677057.7648294,22.0176,0,792,378.18,656.49,163.39,253.97,,0.0193,-0.0439,0.011,-0.028,0,zupt
1785677057.7803905,22.0331,0,792,376.88,656.49,163.39,252.87,,0.0,0.0,0.011,-0.028,0,zupt
1785677057.7978241,22.0506,0,792,375.42,656.49,163.39,251.63,,0.0,0.0,0.011,-0.028,0,zupt
1785677057.8133333,22.0661,0,792,374.12,656.49,163.39,250.54,,0.0,0.0,0.011,-0.028,0,zupt
1785677057.8299875,22.0827,0,792,372.69,656.49,163.39,249.34,,0.3676,-0.0415,0.017,-0.029,0,zupt
1785677057.8459914,22.0987,0,792,371.31,656.49,163.39,248.18,,0.0,0.0,0.017,-0.029,0,zupt
1785677057.8620603,22.1148,0,792,369.93,656.49,163.39,247.03,,0.0,0.0,0.017,-0.029,0,zupt
1785677057.8781502,22.1309,0,792,368.55,656.49,163.39,245.87,,0.0,0.0,0.017,-0.029,0,zupt
1785677057.894167,22.1469,0,792,367.13,656.49,163.39,244.69,,0.2477,-0.0609,0.021,-0.03,0,zupt
1785677057.909905,22.1626,0,792,365.73,656.49,163.39,243.53,,0.0,0.0,0.021,-0.03,0,zupt
1785677057.9257045,22.1784,0,792,364.33,656.49,163.39,242.36,,0.0,0.0,0.021,-0.03,0,zupt
1785677057.9428983,22.1956,0,792,362.75,656.49,163.39,241.05,,0.2687,-0.0595,0.025,-0.031,0,zupt
1785677057.9590313,22.2118,0,792,361.18,656.49,163.39,239.76,,0.1777,-0.1051,0.028,-0.032,0,zupt
1785677057.9748077,22.2275,0,792,359.65,656.49,163.39,238.5,,0.0,0.0,0.028,-0.032,0,zupt
1785677057.9920063,22.2447,0,792,357.99,656.49,163.39,237.13,,0.0,0.0,0.028,-0.032,0,zupt
1785677058.00769,22.2604,0,792,356.46,656.49,163.39,235.88,,0.0,0.0,0.028,-0.032,0,zupt
1785677058.023467,22.2762,0,792,354.93,656.49,163.39,234.63,,0.0,0.0,0.028,-0.032,0,zupt
1785677058.04094,22.2937,0,792,353.24,656.49,163.39,233.25,,0.0,0.0,0.028,-0.032,0,zupt
1785677058.056607,22.3093,0,792,351.72,656.49,163.39,232.02,,0.0,0.0,0.028,-0.032,0,zupt
1785677058.0738106,22.3265,0,792,350.05,656.49,163.39,230.66,,0.0,0.0,0.028,-0.032,0,zupt
1785677058.0903394,22.3431,0,792,348.45,656.49,163.39,229.37,,0.0,0.0,0.028,-0.032,0,zupt
1785677058.1073852,22.3601,0,792,346.8,656.49,163.39,228.04,,0.0,0.0,0.028,-0.032,0,zupt
1785677058.1245399,22.3773,0,792,345.13,656.49,163.39,226.7,,0.0,0.0,0.028,-0.032,0,zupt
1785677058.1416426,22.3944,0,792,343.47,656.49,163.39,225.37,,0.0,0.0,0.028,-0.032,0,zupt
1785677058.158877,22.4116,0,792,341.8,656.49,163.39,224.04,,0.0,0.0,0.028,-0.032,0,zupt
1785677058.1745536,22.4273,0,792,340.28,656.49,163.39,222.83,,0.0,0.0,0.028,-0.032,0,zupt
1785677058.1918697,22.4446,0,792,338.6,656.49,163.39,221.5,,0.0,0.0,0.028,-0.032,0,zupt
1785677058.208366,22.4611,0,792,337.0,656.49,163.39,220.24,,0.0,0.0,0.028,-0.032,0,zupt
1785677058.2251105,22.4778,0,792,335.38,656.49,163.39,218.96,,0.0,0.0,0.028,-0.032,0,zupt
1785677058.240921,22.4937,0,792,333.85,656.49,163.39,217.76,,0.0,0.0,0.028,-0.032,0,zupt
1785677058.2565985,22.5093,0,792,332.33,656.49,163.39,216.57,,0.0,0.0,0.028,-0.032,0,zupt
1785677058.27308,22.5258,0,792,330.73,656.49,163.39,215.33,,0.0,0.0,0.028,-0.032,0,zupt
1785677058.2891345,22.5419,0,792,329.17,656.49,163.39,214.12,,0.0,0.0,0.028,-0.032,0,zupt
1785677058.3052435,22.558,0,792,327.61,656.49,163.39,212.91,,0.0,0.0,0.028,-0.032,0,zupt
1785677058.3220496,22.5748,0,792,325.98,656.49,163.39,211.66,,0.0,0.0,0.028,-0.032,0,zupt
1785677058.3378935,22.5906,0,792,324.44,656.49,163.39,210.48,,0.0,0.0,0.028,-0.032,0,zupt
1785677058.3535616,22.6063,0,792,322.92,656.49,163.39,209.32,,0.0,0.0,0.028,-0.032,0,zupt
1785677058.3710763,22.6238,0,792,321.23,656.49,163.39,208.03,,0.0,0.0,0.028,-0.032,0,zupt
1785677058.3868754,22.6396,0,792,319.69,656.49,163.39,206.87,,0.0,0.0,0.028,-0.032,0,zupt
1785677058.4027753,22.6555,0,792,318.15,656.49,163.39,205.7,,0.0,0.0,0.028,-0.032,0,zupt
1785677058.4195762,22.6723,0,792,316.52,656.49,163.39,204.48,,0.0,0.0,0.028,-0.032,0,zupt
1785677058.4368696,22.6896,0,792,314.85,656.49,163.39,203.23,,0.0,0.0,0.028,-0.032,0,zupt
1785677058.4528008,22.7055,0,792,313.3,656.49,163.39,202.08,,0.0,0.0,0.028,-0.032,0,zupt
1785677058.468625,22.7214,0,792,311.77,656.49,163.39,200.94,,0.0,0.0,0.028,-0.032,0,zupt
1785677058.486024,22.7388,0,792,310.08,656.49,163.39,199.7,,0.0,0.0,0.028,-0.032,0,zupt
1785677058.501683,22.7544,0,792,308.56,656.49,163.39,198.59,,0.0,0.0,0.028,-0.032,0,zupt
1785677058.5179546,22.7707,0,792,306.98,656.49,163.39,197.44,,0.0,0.0,0.028,-0.032,0,zupt
1785677058.5348191,22.7876,0,792,305.35,656.49,163.39,196.25,,0.0,0.0,0.028,-0.032,0,zupt
1785677058.552067,22.8048,0,792,303.67,656.49,163.39,195.05,,0.0,0.0,0.028,-0.032,0,zupt
1785677058.5678182,22.8206,0,792,302.15,656.49,163.39,193.95,,0.0,0.0,0.028,-0.032,0,zupt
1785677058.5835545,22.8363,0,792,300.62,656.49,163.39,192.86,,0.0,0.0,0.028,-0.032,0,zupt
1785677058.6001859,22.8529,0,792,299.01,656.49,163.39,191.72,,0.0,0.0,0.028,-0.032,0,zupt
1785677058.6169436,22.8697,0,792,297.38,656.49,163.39,190.57,,0.0,0.0,0.028,-0.032,0,zupt
1785677058.6326282,22.8854,0,792,295.86,656.49,163.39,189.5,,0.0,0.0,0.028,-0.032,0,zupt
1785677058.6494515,22.9022,0,792,294.23,656.49,163.39,188.37,,0.0,0.0,0.028,-0.032,0,zupt
1785677058.6661425,22.9189,0,792,292.61,656.49,163.39,187.25,,0.0,0.0,0.028,-0.032,0,zupt
1785677058.6827867,22.9355,0,792,291.0,656.49,163.39,186.14,,0.0,0.0,0.028,-0.032,0,zupt
1785677058.6985824,22.9513,0,792,289.47,656.49,163.39,185.09,,0.0,0.0,0.028,-0.032,0,zupt
1785677058.7162223,22.969,0,792,287.76,656.49,163.39,183.93,,0.0,0.0,0.028,-0.032,0,zupt
1785677058.7326055,22.9853,0,792,286.17,656.49,163.39,182.86,,0.0,0.0,0.028,-0.032,0,zupt
1785677058.7497616,23.0025,0,792,284.5,656.49,163.39,181.75,,0.0,0.0,0.028,-0.032,0,zupt
1785677058.7660923,23.0188,0,792,282.92,656.49,163.39,180.69,,0.0,0.0,0.028,-0.032,0,zupt
1785677058.7818763,23.0346,0,792,281.39,656.49,163.39,179.69,,0.0,0.0,0.028,-0.032,0,zupt
1785677058.7979972,23.0507,0,792,279.83,656.49,163.39,178.66,,0.0,0.0,0.028,-0.032,0,zupt
1785677058.8141668,23.0669,0,792,278.26,656.49,163.39,177.64,,0.0,0.0,0.028,-0.032,0,zupt
1785677058.8308995,23.0836,0,792,276.64,656.49,163.39,176.6,,0.0,0.0,0.028,-0.032,0,zupt
1785677058.8470728,23.0998,0,792,275.07,656.49,163.39,175.6,,0.0,0.0,0.028,-0.032,0,zupt
1785677058.8630407,23.1158,0,792,273.52,656.49,163.39,174.62,,0.0,0.0,0.028,-0.032,0,zupt
1785677058.8788385,23.1316,0,792,271.99,656.49,163.39,173.66,,0.0,0.0,0.028,-0.032,0,zupt
1785677058.8945189,23.1473,0,792,270.47,656.49,163.39,172.71,,0.0,0.0,0.028,-0.032,0,zupt
1785677058.9118567,23.1646,0,792,268.78,656.49,163.39,171.67,,0.0,0.0,0.028,-0.032,0,zupt
1785677058.9275742,23.1803,0,792,267.26,656.49,163.39,170.74,,0.0,0.0,0.028,-0.032,0,zupt
1785677058.9451823,23.1979,0,792,265.55,656.49,163.39,169.71,,0.0,0.0,0.028,-0.032,0,zupt
1785677058.9610302,23.2138,0,792,264.02,656.49,163.39,168.79,,0.0,0.0,0.028,-0.032,0,zupt
1785677058.977549,23.2303,0,792,262.41,656.49,163.39,167.84,,0.0,0.0,0.028,-0.032,0,zupt
1785677058.9944756,23.2472,0,792,260.77,656.49,163.39,166.87,,0.0,0.0,0.028,-0.032,0,zupt
1785677059.0119991,23.2647,0,792,259.07,656.49,163.39,165.89,,0.0,0.0,0.028,-0.032,0,zupt
1785677059.0280197,23.2808,0,792,257.51,656.49,163.39,164.99,,-0.0011,-0.0146,0.028,-0.033,0,zupt
1785677059.0439649,23.2967,0,792,255.95,656.49,163.39,164.1,,0.0,0.0,0.028,-0.033,0,zupt
1785677059.06044,23.3132,0,792,254.34,656.49,163.39,163.2,,0.0,0.0,0.028,-0.033,0,zupt
1785677059.077333,23.3301,0,792,252.71,656.49,163.39,162.3,,-0.0255,0.0196,0.028,-0.032,0,zupt
1785677059.0939827,23.3467,0,792,251.1,656.49,163.39,161.42,,0.0,0.0,0.028,-0.032,0,zupt
1785677059.1099594,23.3627,0,792,249.54,656.49,163.39,160.58,,0.0858,-0.0138,0.029,-0.032,0,zupt
1785677059.1262147,23.379,0,792,247.96,656.49,163.39,159.73,,0.0,0.0,0.029,-0.032,0,zupt
1785677059.1431117,23.3958,0,792,246.36,656.49,163.39,158.9,,0.0709,0.0564,0.03,-0.031,0,zupt
1785677059.1592853,23.412,0,792,244.84,656.49,163.39,158.1,,0.0,0.0,0.03,-0.031,0,zupt
1785677059.176147,23.4289,0,792,243.24,656.49,163.39,157.29,,0.0,0.0,0.03,-0.031,0,zupt
1785677059.1919112,23.4446,0,792,241.75,656.49,163.39,156.54,,0.0,0.0,0.03,-0.031,0,zupt
1785677059.2080848,23.4608,0,792,240.25,656.49,163.39,155.79,,0.0066,0.026,0.03,-0.031,0,zupt
1785677059.2236407,23.4764,0,792,238.8,656.49,163.39,155.08,,0.0,0.0,0.03,-0.031,0,zupt
1785677059.241009,23.4937,0,792,237.18,656.49,163.39,154.3,,0.0,0.0,0.03,-0.031,0,zupt
1785677059.256911,23.5096,0,792,235.69,656.49,163.39,153.59,,0.0,0.0,0.03,-0.031,0,zupt
1785677059.2729604,23.5257,0,792,234.2,656.49,163.39,152.89,,0.0,0.0,0.03,-0.031,0,zupt
1785677059.288843,23.5416,0,792,232.8,656.49,163.39,152.25,,-0.0719,0.1119,0.029,-0.029,0,zupt
1785677059.3047507,23.5575,0,792,231.4,656.49,163.39,151.62,,0.0,0.0,0.029,-0.029,0,zupt
1785677059.320607,23.5733,0,792,230.01,656.49,163.39,151.0,,0.0,0.0,0.029,-0.029,0,zupt
1785677059.3379252,23.5907,0,792,228.52,656.49,163.39,150.35,,0.0784,0.0298,0.031,-0.029,0,zupt
1785677059.3544476,23.6072,0,792,227.09,656.49,163.39,149.73,,0.0,0.0,0.031,-0.029,0,zupt
1785677059.3715973,23.6243,0,792,225.61,656.49,163.39,149.11,,0.0,0.0,0.031,-0.029,0,zupt
1785677059.3882844,23.641,0,792,224.14,656.49,163.39,148.5,,0.0708,-0.0301,0.032,-0.029,0,zupt
1785677059.4047594,23.6575,0,792,222.69,656.49,163.39,147.92,,0.0,0.0,0.032,-0.029,0,zupt
1785677059.4226084,23.6753,0,792,221.12,656.49,163.39,147.29,,0.0977,-0.0104,0.034,-0.029,0,zupt
1785677059.4391735,23.6919,0,792,219.65,656.49,163.39,146.72,,0.0,0.0,0.034,-0.029,0,zupt
1785677059.455331,23.7081,0,792,218.22,656.49,163.39,146.18,,0.0,0.0,0.034,-0.029,0,zupt
1785677059.4719903,23.7247,0,792,216.8,656.49,163.39,145.65,,-0.0304,0.0595,0.033,-0.028,0,zupt
1785677059.4881592,23.7409,0,792,215.42,656.49,163.39,145.15,,0.0,0.0,0.033,-0.028,0,zupt
1785677059.5038576,23.7566,0,792,214.08,656.49,163.39,144.68,,0.0,0.0,0.033,-0.028,0,zupt
1785677059.5193508,23.7721,0,792,212.78,656.49,163.39,144.23,,-0.1346,0.0408,0.031,-0.028,0,zupt
1785677059.5370507,23.7898,0,792,211.3,656.49,163.39,143.73,,0.0,0.0,0.031,-0.028,0,zupt
1785677059.5529199,23.8057,0,792,209.99,656.49,163.39,143.3,,-0.0131,0.0126,0.031,-0.028,0,zupt
1785677059.5684054,23.8211,0,792,208.7,656.49,163.39,142.88,,0.0,0.0,0.031,-0.028,0,zupt
1785677059.5849786,23.8377,0,792,207.33,656.49,163.39,142.45,,0.0,0.0,0.031,-0.028,0,zupt
1785677059.6010284,23.8538,0,792,205.96,656.49,163.39,142.04,,0.0027,-0.0438,0.031,-0.028,0,zupt
1785677059.6165485,23.8693,0,792,204.64,656.49,163.39,141.65,,0.0,0.0,0.031,-0.028,0,zupt
1785677059.6340563,23.8868,0,792,203.15,656.49,163.39,141.22,,0.0,0.0,0.031,-0.028,0,zupt
1785677059.649824,23.9026,0,792,201.81,656.49,163.39,140.85,,0.0,0.0,0.031,-0.028,0,zupt
1785677059.6656778,23.9184,0,792,200.47,656.49,163.39,140.49,,0.0,0.0,0.031,-0.028,0,zupt
1785677059.6829903,23.9357,0,792,198.99,656.49,163.39,140.11,,0.0,0.0,0.031,-0.028,0,zupt
1785677059.6990573,23.9518,0,792,197.63,656.49,163.39,139.77,,0.0,0.0,0.031,-0.028,0,zupt
1785677059.7147923,23.9675,0,792,196.29,656.49,163.39,139.44,,0.0,0.0,0.031,-0.028,0,zupt
1785677059.7315388,23.9843,0,792,194.86,656.49,163.39,139.12,,0.0,0.0,0.031,-0.028,0,zupt
1785677059.7482636,24.001,0,792,193.44,656.49,163.39,138.8,,0.0,0.0,0.031,-0.028,0,zupt
1785677059.7637851,24.0165,0,792,192.12,656.49,163.39,138.52,,0.0,0.0,0.031,-0.028,0,zupt
1785677059.7794998,24.0322,0,792,190.78,656.49,163.39,138.25,,0.0,0.0,0.031,-0.028,0,zupt
1785677059.7961793,24.0489,0,792,189.37,656.49,163.39,137.98,,0.0,0.0,0.031,-0.028,0,zupt
1785677059.812842,24.0656,0,792,187.95,656.49,163.39,137.72,,0.0,0.0,0.031,-0.028,0,zupt
1785677059.8284855,24.0812,0,792,186.62,656.49,163.39,137.48,,0.0,0.0,0.031,-0.028,0,zupt
1785677059.845914,24.0986,0,792,185.14,656.49,163.39,137.24,,0.0,0.0,0.031,-0.028,0,zupt
1785677059.861671,24.1144,0,792,183.8,656.49,163.39,137.04,,0.0,0.0,0.031,-0.028,0,zupt
1785677059.8794632,24.1322,0,792,182.28,656.49,163.39,136.82,,0.0,0.0,0.031,-0.028,0,zupt
1785677059.8968768,24.1496,0,792,180.8,656.49,163.39,136.62,,0.0,0.0,0.031,-0.028,0,zupt
1785677059.9128525,24.1656,0,792,179.44,656.49,163.39,136.46,,0.0,0.0,0.031,-0.028,0,zupt
1785677059.928707,24.1814,0,792,178.09,656.49,163.39,136.3,,0.0,0.0,0.031,-0.028,0,zupt
1785677059.945023,24.1978,0,792,176.71,656.49,163.39,136.16,,0.0,0.0,0.031,-0.028,0,zupt
1785677059.9609182,24.2137,0,792,175.35,656.49,163.39,136.04,,0.0,0.0,0.031,-0.028,0,zupt
1785677059.976648,24.2294,0,792,174.02,656.49,163.39,135.92,,0.0,0.0,0.031,-0.028,0,zupt
1785677059.9938421,24.2466,0,792,172.55,656.49,163.39,135.82,,0.0,0.0,0.031,-0.028,0,zupt
1785677060.0112197,24.264,0,792,171.08,656.49,163.39,135.73,,0.0,0.0,0.031,-0.028,0,zupt
1785677060.0280943,24.2808,0,792,169.64,656.49,163.39,135.65,,0.0,0.0,0.031,-0.028,0,zupt
1785677060.0441344,24.2969,0,792,168.28,656.49,163.39,135.6,,0.0,0.0,0.031,-0.028,0,zupt
1785677060.0602922,24.313,0,792,166.9,656.49,163.39,135.55,,0.0,0.0,0.031,-0.028,0,zupt
1785677060.0779054,24.3306,0,792,165.4,656.49,163.39,135.52,,0.0,0.0,0.031,-0.028,0,zupt
1785677060.0939643,24.3467,0,792,164.04,656.49,163.39,135.51,,0.0,0.0,0.031,-0.028,0,zupt
1785677060.110493,24.3632,0,792,162.63,656.49,163.39,135.51,,0.0,0.0,0.031,-0.028,0,zupt
1785677060.1275313,24.3803,0,792,161.18,656.49,163.39,135.53,,0.0,0.0,0.031,-0.028,0,zupt
1785677060.1443834,24.3971,0,792,159.75,656.49,163.39,135.56,,0.0,0.0,0.031,-0.028,0,zupt
1785677060.1611795,24.4139,0,792,158.32,656.49,163.39,135.6,,0.0,0.0,0.031,-0.028,0,zupt
1785677060.1769948,24.4297,0,792,156.98,656.49,163.39,135.66,,0.0,0.0,0.031,-0.028,0,zupt
1785677060.1927495,24.4455,0,792,155.64,656.49,163.39,135.73,,0.0,0.0,0.031,-0.028,0,zupt
1785677060.2089112,24.4616,0,792,154.26,656.49,163.39,135.81,,0.0,0.0,0.031,-0.028,0,zupt
1785677060.2243912,24.4771,0,792,152.95,656.49,163.39,135.91,,0.0,0.0,0.031,-0.028,0,zupt
1785677060.2415402,24.4943,0,792,151.49,656.49,163.39,136.03,,0.0,0.0,0.031,-0.028,0,zupt
1785677060.2587476,24.5115,0,792,150.02,656.49,163.39,136.17,,0.0,0.0,0.031,-0.028,0,zupt
1785677060.2759385,24.5287,0,792,148.56,656.49,163.39,136.32,,0.0,0.0,0.031,-0.028,0,zupt
1785677060.2915728,24.5443,0,792,147.23,656.49,163.39,136.47,,0.0,0.0,0.031,-0.028,0,zupt
1785677060.3090796,24.5618,0,792,145.74,656.49,163.39,136.65,,0.0,0.0,0.031,-0.028,0,zupt
1785677060.3247478,24.5775,0,792,144.41,656.49,163.39,136.83,,0.0,0.0,0.031,-0.028,0,zupt
1785677060.3409476,24.5937,0,792,143.03,656.49,163.39,137.03,,0.0,0.0,0.031,-0.028,0,zupt
1785677060.3572736,24.61,0,792,141.64,656.49,163.39,137.24,,0.0,0.0,0.031,-0.028,0,zupt
1785677060.373909,24.6266,0,792,140.23,656.49,163.39,137.47,,0.0,0.0,0.031,-0.028,0,zupt
1785677060.3900237,24.6428,0,792,138.86,656.49,163.39,137.71,,0.0,0.0,0.031,-0.028,0,zupt
1785677060.4057689,24.6585,0,792,137.52,656.49,163.39,137.96,,0.0,0.0,0.031,-0.028,0,zupt
1785677060.4216614,24.6744,0,792,136.17,656.49,163.39,138.21,,0.0,0.0,0.031,-0.028,0,zupt
1785677060.4387345,24.6915,0,792,134.72,656.49,163.39,138.51,,0.0,0.0,0.031,-0.028,0,zupt
1785677060.4558127,24.7085,0,792,133.26,656.49,163.39,138.82,,0.0,0.0,0.031,-0.028,0,zupt
1785677060.4727178,24.7255,0,792,131.83,656.49,163.39,139.14,,0.0,0.0,0.031,-0.028,0,zupt
1785677060.4902034,24.7429,0,792,130.34,656.49,163.39,139.48,,0.0,0.0,0.031,-0.028,0,zupt
1785677060.506116,24.7589,0,792,128.98,656.49,163.39,139.81,,0.0,0.0,0.031,-0.028,0,zupt
1785677060.5217018,24.7744,0,792,127.66,656.49,163.39,140.14,,0.0,0.0,0.031,-0.028,0,zupt
1785677060.5391006,24.7918,0,792,126.18,656.49,163.39,140.52,,0.0,0.0,0.031,-0.028,0,zupt
1785677060.555489,24.8082,0,792,124.79,656.49,163.39,140.9,,0.0,0.0,0.031,-0.028,0,zupt
1785677060.5728557,24.8256,0,792,123.31,656.49,163.39,141.31,,0.0,0.0,0.031,-0.028,0,zupt
1785677060.589034,24.8418,0,792,121.93,656.49,163.39,141.71,,0.0,0.0,0.031,-0.028,0,zupt
1785677060.6052194,24.858,0,792,120.56,656.49,163.39,142.12,,0.0,0.0,0.031,-0.028,0,zupt
1785677060.620987,24.8737,0,792,119.21,656.49,163.39,142.53,,0.0,0.0,0.031,-0.028,0,zupt
1785677060.6370926,24.8898,0,792,117.85,656.49,163.39,142.96,,0.0,0.0,0.031,-0.028,0,zupt
1785677060.652829,24.9056,0,792,116.51,656.49,163.39,143.39,,0.0,0.0,0.031,-0.028,0,zupt
1785677060.6698558,24.9226,0,792,115.06,656.49,163.39,143.87,,0.0,0.0,0.031,-0.028,0,zupt
1785677060.685961,24.9387,0,792,113.69,656.49,163.39,144.33,,0.0,0.0,0.031,-0.028,0,zupt
1785677060.7028737,24.9556,0,792,112.25,656.49,163.39,144.84,,0.0,0.0,0.031,-0.028,0,zupt
1785677060.7183743,24.9711,0,792,110.93,656.49,163.39,145.31,,0.0,0.0,0.031,-0.028,0,zupt
1785677060.735807,24.9885,0,792,109.5,656.49,163.39,145.83,,-0.0354,0.0528,0.03,-0.027,0,zupt
1785677060.7519076,25.0046,0,792,108.17,656.49,163.39,146.33,,0.0,0.0,0.03,-0.027,0,zupt
1785677060.7682886,25.021,0,792,106.82,656.49,163.39,146.84,,0.0,0.0,0.03,-0.027,0,zupt
1785677060.785714,25.0385,0,792,105.39,656.49,163.39,147.4,,0.0,0.0,0.03,-0.027,0,zupt
1785677060.803005,25.0557,0,792,103.96,656.49,163.39,147.97,,0.0391,-0.0063,0.031,-0.028,0,zupt
1785677060.819273,25.072,0,792,102.62,656.49,163.39,148.51,,0.0,0.0,0.031,-0.028,0,zupt
1785677060.8358705,25.0886,0,792,101.24,656.49,163.39,149.08,,0.0161,-0.0061,0.031,-0.028,0,zupt
1785677060.851867,25.1046,0,792,99.92,656.49,163.39,149.64,,0.0,0.0,0.031,-0.028,0,zupt
1785677060.8683417,25.1211,0,792,98.55,656.49,163.39,150.22,,0.0,0.0,0.031,-0.028,0,zupt
1785677060.8848798,25.1376,0,791.98,98.54,656.49,163.39,150.21,,-0.0211,-0.016,-0.0,-0.0,1,zupt
1785677060.9003997,25.1531,0,791.97,98.52,656.49,163.39,150.2,,0.0,0.0,-0.0,-0.0,0,zupt
1785677060.9171815,25.1699,0,792,98.47,656.49,163.39,150.25,,0.0597,-0.0586,0.001,-0.001,1,zupt
1785677060.9338527,25.1866,0,792,98.42,656.49,163.39,150.27,,0.0,0.0,0.001,-0.001,0,zupt
1785677060.9497917,25.2025,0,792,98.38,656.49,163.39,150.3,,0.0,0.0,0.001,-0.001,0,zupt
1785677060.9661674,25.2189,0,792,98.36,656.49,163.39,150.3,,0.0257,-0.0199,0.0,-0.0,1,zupt
1785677060.9820528,25.2348,0,792,98.35,656.49,163.39,150.31,,0.0,0.0,0.0,-0.0,0,zupt
1785677060.9976923,25.2504,0,792,98.33,656.49,163.39,150.32,,0.0,0.0,0.0,-0.0,0,zupt
1785677061.01492,25.2677,0,792,98.35,656.49,163.39,150.31,,0.0394,0.0185,0.001,0.0,1,zupt
1785677061.0311334,25.2839,0,792,98.36,656.49,163.39,150.3,,0.0,0.0,0.001,0.0,0,zupt
1785677061.0470903,25.2998,0,791.96,98.37,656.49,163.39,150.26,,-0.0493,0.0143,-0.001,0.0,1,zupt
1785677061.0628173,25.3156,0,791.93,98.38,656.49,163.39,150.23,,0.0,0.0,-0.001,0.0,0,zupt
1785677061.0788493,25.3316,0,791.89,98.4,656.49,163.39,150.19,,0.0,0.0,-0.001,0.0,0,zupt
1785677061.095403,25.3481,0,791.83,98.44,656.49,163.39,150.12,,-0.0657,0.0573,-0.001,0.001,1,zupt
1785677061.1120481,25.3648,0,791.78,98.49,656.49,163.39,150.05,,0.0,0.0,-0.001,0.001,0,zupt
1785677061.1278648,25.3806,0,791.76,98.5,656.49,163.39,150.03,,-0.0235,0.0078,-0.0,0.0,1,zupt
1785677061.144265,25.397,0,791.74,98.5,656.49,163.39,150.01,,0.0,0.0,-0.0,0.0,0,zupt
1785677061.159979,25.4127,0,791.73,98.51,656.49,163.39,149.99,,0.0,0.0,-0.0,0.0,0,zupt
1785677061.1756601,25.4284,0,791.73,98.51,656.49,163.39,149.99,,0.001,0.0002,0.0,0.0,1,zupt
1785677061.1927288,25.4455,0,791.73,98.51,656.49,163.39,149.99,,0.0,0.0,0.0,0.0,0,zupt
1785677061.2086592,25.4614,0,791.77,98.47,656.49,163.39,150.05,,0.0539,-0.0556,0.001,-0.001,1,zupt
1785677061.2258737,25.4786,0,791.81,98.42,656.49,163.39,150.11,,0.0,0.0,0.001,-0.001,0,zupt
1785677061.2426689,25.4954,0,791.86,98.38,656.49,163.39,150.17,,0.0,0.0,0.001,-0.001,0,zupt
1785677061.2599707,25.5127,0,791.95,98.33,656.49,163.39,150.27,,0.1052,-0.0536,0.002,-0.001,1,zupt
1785677061.2758555,25.5286,0,792,98.28,656.49,163.39,150.34,,0.0,0.0,0.002,-0.001,0,zupt
1785677061.2919035,25.5446,0,792,98.24,656.49,163.39,150.36,,0.0,0.0,0.002,-0.001,0,zupt
1785677061.3082285,25.561,0,791.99,98.21,656.49,163.39,150.36,,-0.008,-0.0373,-0.0,-0.001,1,zupt
1785677061.3250027,25.5777,0,791.99,98.18,656.49,163.39,150.37,,0.0,0.0,-0.0,-0.001,0,zupt
1785677061.341079,25.5938,0,791.96,98.19,656.49,163.39,150.34,,-0.0343,0.0139,-0.001,0.0,1,zupt
1785677061.3577542,25.6105,0,791.93,98.2,656.49,163.39,150.31,,0.0,0.0,-0.001,0.0,0,zupt
1785677061.3735712,25.6263,0,791.91,98.21,656.49,163.39,150.28,,0.0,0.0,-0.001,0.0,0,zupt
1785677061.3911028,25.6438,0,791.88,98.22,656.49,163.39,150.25,,0.0,0.0,-0.001,0.0,0,zupt
1785677061.4075904,25.6603,0,791.9,98.21,656.49,163.39,150.28,,0.0294,-0.0185,0.0,-0.0,1,zupt
1785677061.4243588,25.6771,0,791.93,98.19,656.49,163.39,150.31,,0.0,0.0,0.0,-0.0,0,zupt
1785677061.4417849,25.6945,0,791.95,98.18,656.49,163.39,150.34,,0.0,0.0,0.0,-0.0,0,zupt
1785677061.4590194,25.7118,0,791.98,98.16,656.49,163.39,150.37,,0.0,0.0,0.0,-0.0,0,zupt
1785677061.475104,25.7278,0,791.97,98.18,656.49,163.39,150.35,,-0.0139,0.0257,-0.0,0.0,1,zupt
1785677061.4913898,25.7441,0,791.95,98.2,656.49,163.39,150.33,,0.0,0.0,-0.0,0.0,0,zupt
1785677061.508259,25.761,0,791.94,98.22,656.49,163.39,150.31,,0.0,0.0,-0.0,0.0,0,zupt
1785677061.5244677,25.7772,0,791.93,98.24,656.49,163.39,150.29,,0.0,0.0,-0.0,0.0,0,zupt
1785677061.541031,25.7938,0,792,98.27,656.49,163.39,150.34,,0.1222,0.0301,0.002,0.0,1,zupt
1785677061.557363,25.8101,0,792,98.29,656.49,163.39,150.33,,0.0,0.0,0.002,0.0,0,zupt
1785677061.5739148,25.8267,0,792,98.32,656.49,163.39,150.32,,0.0617,0.0408,0.001,0.001,1,zupt
1785677061.5895262,25.8423,0,792,98.36,656.49,163.39,150.3,,0.0,0.0,0.001,0.001,0,zupt
1785677061.6057556,25.8585,0,792,98.39,656.49,163.39,150.29,,0.0,0.0,0.001,0.001,0,zupt
1785677061.6227999,25.8755,0,792,98.4,656.49,163.39,150.29,,0.1903,-0.026,0.004,0.0,0,zupt
1785677061.6399803,25.8927,0,792,98.41,656.49,163.39,150.28,,0.0,0.0,0.004,0.0,0,zupt
1785677061.6558135,25.9085,0,792,98.33,656.49,163.39,150.31,,0.0677,-0.1193,0.005,-0.002,0,zupt
1785677061.6713562,25.9241,0,792,98.26,656.49,163.39,150.35,,0.0,0.0,0.005,-0.002,0,zupt
1785677061.6888661,25.9416,0,792,98.0,656.49,163.39,150.46,,0.099,-0.1866,0.007,-0.005,0,zupt
1785677061.70475,25.9575,0,792,97.76,656.49,163.39,150.56,,0.0,0.0,0.007,-0.005,0,zupt
1785677061.7228148,25.9756,0,792,97.5,656.49,163.39,150.68,,0.0,0.0,0.007,-0.005,0,zupt
1785677061.7389963,25.9917,0,792,97.11,656.49,163.39,150.85,,-0.1198,-0.1906,0.005,-0.008,0,zupt
1785677061.754698,26.0074,0,792,96.73,656.49,163.39,151.02,,0.0,0.0,0.005,-0.008,0,zupt
1785677061.7712402,26.024,0,792,96.33,656.49,163.39,151.19,,0.0,0.0,0.005,-0.008,0,zupt
1785677061.7880127,26.0407,0,792,96.06,656.49,163.39,151.31,,-0.1073,0.1504,0.003,-0.005,0,zupt
1785677061.8041894,26.0569,0,792,95.79,656.49,163.39,151.43,,0.0,0.0,0.003,-0.005,0,zupt
1785677061.819717,26.0725,0,791.73,95.54,656.49,163.39,151.31,,-0.5821,0.0099,-0.006,-0.005,0,zupt
1785677061.8370647,26.0898,0,791.44,95.27,656.49,163.39,151.17,,0.0,0.0,-0.006,-0.005,0,zupt
1785677061.852698,26.1054,0,791.17,95.02,656.49,163.39,151.04,,0.0,0.0,-0.006,-0.005,0,zupt
1785677061.869931,26.1227,0,790.92,94.66,656.49,163.39,150.98,,0.0525,-0.0926,-0.005,-0.007,0,zupt
1785677061.8858414,26.1386,0,790.69,94.33,656.49,163.39,150.93,,0.0,0.0,-0.005,-0.007,0,zupt
1785677061.9027743,26.1555,0,790.04,93.93,656.49,163.39,150.53,,-0.4717,-0.0474,-0.013,-0.008,0,zupt
1785677061.9183652,26.1711,0,789.44,93.57,656.49,163.39,150.17,,0.0,0.0,-0.013,-0.008,0,zupt
1785677061.934939,26.1877,0,788.81,93.19,656.49,163.39,149.79,,0.0,0.0,-0.013,-0.008,0,zupt
1785677061.9511044,26.2038,0,788.1,92.91,656.49,163.39,149.29,,-0.1173,0.1213,-0.015,-0.006,0,zupt
1785677061.9670331,26.2198,0,787.4,92.63,656.49,163.39,148.8,,0.0,0.0,-0.015,-0.006,0,zupt
1785677061.9827993,26.2355,0,786.68,92.4,656.49,163.39,148.28,,-0.0334,0.051,-0.015,-0.005,0,zupt
1785677061.9990582,26.2518,0,785.93,92.15,656.49,163.39,147.75,,0.0,0.0,-0.015,-0.005,0,zupt
1785677062.0147963,26.2675,0,785.22,91.92,656.49,163.39,147.23,,0.0,0.0,-0.015,-0.005,0,zupt
1785677062.030573,26.2833,0,784.28,91.68,656.49,163.39,146.53,,-0.2869,-0.0046,-0.02,-0.005,0,zupt
1785677062.04779,26.3005,0,783.26,91.42,656.49,163.39,145.77,,0.0,0.0,-0.02,-0.005,0,zupt
1785677062.0639145,26.3167,0,782.31,91.27,656.49,163.39,145.02,,0.0043,0.1183,-0.02,-0.003,0,zupt
1785677062.079528,26.3323,0,781.39,91.12,656.49,163.39,144.3,,0.0,0.0,-0.02,-0.003,0,zupt
1785677062.096584,26.3493,0,780.38,90.96,656.49,163.39,143.51,,0.0,0.0,-0.02,-0.003,0,zupt
1785677062.113644,26.3664,0,779.38,90.8,656.49,163.39,142.72,,0.0,0.0,-0.02,-0.003,0,zupt
1785677062.1301591,26.3829,0,778.21,90.7,656.49,163.39,141.77,,-0.232,0.0689,-0.023,-0.002,0,zupt
1785677062.1458828,26.3986,0,777.1,90.61,656.49,163.39,140.87,,0.0,0.0,-0.023,-0.002,0,zupt
1785677062.1616747,26.4144,0,775.99,90.52,656.49,163.39,139.97,,0.0,0.0,-0.023,-0.002,0,zupt
1785677062.1790035,26.4317,0,774.77,90.41,656.49,163.39,138.98,,0.0,0.0,-0.023,-0.002,0,zupt
1785677062.194833,26.4476,0,773.65,90.32,656.49,163.39,138.08,,0.0,0.0,-0.023,-0.002,0,zupt
1785677062.2106812,26.4634,0,772.54,90.22,656.49,163.39,137.18,,0.0,0.0,-0.023,-0.002,0,zupt
1785677062.22811,26.4808,0,771.31,90.12,656.49,163.39,136.2,,0.0,0.0,-0.023,-0.002,0,zupt
1785677062.243948,26.4967,0,770.33,89.97,656.49,163.39,135.46,,0.1819,-0.0747,-0.021,-0.003,0,zupt
1785677062.2597554,26.5125,0,769.35,89.82,656.49,163.39,134.72,,0.0,0.0,-0.021,-0.003,0,zupt
1785677062.2757843,26.5285,0,768.36,89.66,656.49,163.39,133.98,,0.0,0.0,-0.021,-0.003,0,zupt
1785677062.2926755,26.5454,0,767.42,89.51,656.49,163.39,133.28,,0.128,0.0093,-0.018,-0.003,0,zupt
1785677062.309792,26.5625,0,766.48,89.36,656.49,163.39,132.58,,0.0,0.0,-0.018,-0.003,0,zupt
1785677062.3258617,26.5786,0,765.58,89.23,656.49,163.39,131.91,,-0.0088,0.0263,-0.019,-0.003,0,zupt
1785677062.341666,26.5944,0,764.7,89.11,656.49,163.39,131.25,,0.0,0.0,-0.019,-0.003,0,zupt
1785677062.3591778,26.6119,0,763.72,88.97,656.49,163.39,130.52,,0.0,0.0,-0.019,-0.003,0,zupt
1785677062.3761227,26.6289,0,762.77,88.88,656.49,163.39,129.79,,-0.0046,0.0484,-0.019,-0.002,0,zupt
1785677062.3928196,26.6456,0,761.84,88.79,656.49,163.39,129.08,,0.0,0.0,-0.019,-0.002,0,zupt
1785677062.409095,26.6618,0,760.99,88.74,656.49,163.39,128.42,,0.0854,0.0411,-0.017,-0.001,0,zupt
1785677062.424727,26.6775,0,760.18,88.69,656.49,163.39,127.8,,0.0,0.0,-0.017,-0.001,0,zupt
1785677062.4412544,26.694,0,759.32,88.63,656.49,163.39,127.13,,0.0,0.0,-0.017,-0.001,0,zupt
1785677062.4579337,26.7107,0,758.44,88.57,656.49,163.39,126.45,,-0.0241,-0.0016,-0.018,-0.001,0,zupt
1785677062.4737432,26.7265,0,757.6,88.52,656.49,163.39,125.81,,0.0,0.0,-0.018,-0.001,0,zupt
1785677062.489552,26.7423,0,756.77,88.47,656.49,163.39,125.17,,0.0083,0.0079,-0.018,-0.001,0,zupt
1785677062.5072348,26.76,0,755.84,88.42,656.49,163.39,124.46,,0.0,0.0,-0.018,-0.001,0,zupt
1785677062.5237284,26.7765,0,754.97,88.39,656.49,163.39,123.78,,0.0031,0.0282,-0.018,-0.001,0,zupt
1785677062.5403528,26.7931,0,754.1,88.37,656.49,163.39,123.11,,0.0,0.0,-0.018,-0.001,0,zupt
1785677062.5571985,26.8099,0,753.21,88.34,656.49,163.39,122.42,,0.0,0.0,-0.018,-0.001,0,zupt
1785677062.572976,26.8257,0,752.43,88.3,656.49,163.39,121.83,,0.0645,-0.0187,-0.016,-0.001,0,zupt
1785677062.5893023,26.842,0,751.63,88.26,656.49,163.39,121.22,,0.0,0.0,-0.016,-0.001,0,zupt
1785677062.6067083,26.8594,0,750.77,88.15,656.49,163.39,120.62,,0.005,-0.0671,-0.016,-0.002,0,zupt
1785677062.623724,26.8765,0,749.93,88.05,656.49,163.39,120.03,,0.0,0.0,-0.016,-0.002,0,zupt
1785677062.6411793,26.8939,0,749.07,87.94,656.49,163.39,119.43,,0.0,0.0,-0.016,-0.002,0,zupt
1785677062.657302,26.91,0,748.31,87.77,656.49,163.39,118.95,,0.0348,-0.1043,-0.016,-0.004,0,zupt
1785677062.6738312,26.9266,0,747.52,87.58,656.49,163.39,118.46,,0.0,0.0,-0.016,-0.004,0,zupt
1785677062.690273,26.943,0,746.76,87.34,656.49,163.39,118.03,,0.0268,-0.0752,-0.015,-0.005,0,zupt
1785677062.7077177,26.9605,0,745.96,87.08,656.49,163.39,117.59,,0.0,0.0,-0.015,-0.005,0,zupt
1785677062.7247694,26.9775,0,745.15,86.79,656.49,163.39,117.17,,-0.0188,-0.0471,-0.016,-0.006,0,zupt
1785677062.740425,26.9932,0,744.41,86.52,656.49,163.39,116.79,,0.0,0.0,-0.016,-0.006,0,zupt
1785677062.7571554,27.0099,0,743.62,86.22,656.49,163.39,116.39,,-0.0079,-0.0146,-0.016,-0.006,0,zupt
1785677062.7735734,27.0263,0,742.84,85.93,656.49,163.39,116.0,,0.0,0.0,-0.016,-0.006,0,zupt
1785677062.790266,27.043,0,741.93,85.67,656.49,163.39,115.5,,-0.1294,0.052,-0.018,-0.005,0,zupt
1785677062.8072908,27.06,0,741.02,85.41,656.49,163.39,115.0,,0.0,0.0,-0.018,-0.005,0,zupt
1785677062.8247385,27.0775,0,740.07,85.14,656.49,163.39,114.49,,0.0,0.0,-0.018,-0.005,0,zupt
1785677062.8413882,27.0941,0,739.17,84.89,656.49,163.39,114.01,,0.0,0.0,-0.018,-0.005,0,zupt
1785677062.8579443,27.1107,0,738.31,84.62,656.49,163.39,113.57,,0.0402,-0.0138,-0.017,-0.005,0,zupt
1785677062.8740098,27.1267,0,737.48,84.37,656.49,163.39,113.15,,0.0,0.0,-0.017,-0.005,0,zupt
1785677062.8895588,27.1423,0,736.67,84.12,656.49,163.39,112.75,,0.0,0.0,-0.017,-0.005,0,zupt
1785677062.9071646,27.1599,0,735.75,83.83,656.49,163.39,112.3,,0.0,0.0,-0.017,-0.005,0,zupt
1785677062.9228761,27.1756,0,734.93,83.58,656.49,163.39,111.9,,0.0,0.0,-0.017,-0.005,0,zupt
1785677062.9390483,27.1918,0,734.16,83.33,656.49,163.39,111.54,,0.0932,0.0059,-0.016,-0.005,0,zupt
1785677062.9552004,27.2079,0,733.4,83.08,656.49,163.39,111.19,,0.0,0.0,-0.016,-0.005,0,zupt
1785677062.9729838,27.2257,0,732.55,82.8,656.49,163.39,110.82,,0.0,0.0,-0.016,-0.005,0,zupt
1785677062.9895897,27.2423,0,732.58,82.85,656.49,163.39,110.8,,0.0357,0.0603,0.001,0.001,1,zupt
1785677063.0063262,27.2591,0,732.61,82.9,656.49,163.39,110.78,,0.0,0.0,0.001,0.001,0,zupt
1785677063.0228186,27.2756,0,732.64,82.95,656.49,163.39,110.77,,0.0,0.0,0.001,0.001,0,zupt
1785677063.039031,27.2918,0,732.63,82.96,656.49,163.39,110.75,,-0.015,0.017,-0.0,0.0,1,zupt
1785677063.0555432,27.3083,0,732.62,82.97,656.49,163.39,110.73,,0.0,0.0,-0.0,0.0,0,zupt
1785677063.0722966,27.325,0,732.58,83.01,656.49,163.39,110.68,,-0.0398,0.0411,-0.001,0.001,1,zupt
1785677063.0895889,27.3423,0,732.55,83.04,656.49,163.39,110.63,,0.0,0.0,-0.001,0.001,0,zupt
1785677063.1066182,27.3594,0,732.52,83.08,656.49,163.39,110.59,,-0.0353,0.0374,-0.001,0.001,1,zupt
1785677063.124009,27.3767,0,732.49,83.11,656.49,163.39,110.54,,0.0,0.0,-0.001,0.001,0,zupt
1785677063.1400292,27.3928,0,732.46,83.14,656.49,163.39,110.5,,0.0,0.0,-0.001,0.001,0,zupt
1785677063.1556368,27.4084,0,732.43,83.18,656.49,163.39,110.45,,-0.0404,0.0547,-0.001,0.001,1,zupt
1785677063.1726103,27.4253,0,732.39,83.22,656.49,163.39,110.4,,0.0,0.0,-0.001,0.001,0,zupt
1785677063.1894505,27.4422,0,732.22,83.32,656.49,163.39,110.21,,-0.1688,0.0623,-0.003,0.002,0,zupt
1785677063.206212,27.4589,0,732.04,83.41,656.49,163.39,110.02,,0.0,0.0,-0.003,0.002,0,zupt
1785677063.223573,27.4763,0,731.86,83.51,656.49,163.39,109.82,,0.0,0.0,-0.003,0.002,0,zupt
1785677063.2408266,27.4936,0,731.54,83.66,656.49,163.39,109.49,,-0.1668,0.0504,-0.006,0.003,0,zupt
1785677063.2568843,27.5096,0,731.23,83.79,656.49,163.39,109.18,,0.0,0.0,-0.006,0.003,0,zupt
1785677063.2730196,27.5258,0,730.7,83.94,656.49,163.39,108.71,,-0.2901,0.0153,-0.011,0.003,0,zupt
1785677063.2886002,27.5413,0,730.18,84.08,656.49,163.39,108.26,,0.0,0.0,-0.011,0.003,0,zupt
1785677063.3060873,27.5588,0,729.6,84.24,656.49,163.39,107.75,,0.0,0.0,-0.011,0.003,0,zupt
1785677063.322598,27.5753,0,728.83,84.33,656.49,163.39,107.16,,-0.2745,-0.0685,-0.016,0.002,0,zupt
1785677063.3394504,27.5922,0,728.04,84.43,656.49,163.39,106.56,,0.0,0.0,-0.016,0.002,0,zupt
1785677063.3565967,27.6093,0,727.24,84.52,656.49,163.39,105.95,,0.0,0.0,-0.016,0.002,0,zupt
1785677063.373704,27.6264,0,726.06,84.6,656.49,163.39,105.11,,-0.4339,-0.0261,-0.023,0.001,0,zupt
1785677063.3909702,27.6437,0,724.87,84.67,656.49,163.39,104.27,,0.0,0.0,-0.023,0.001,0,zupt
1785677063.4066348,27.6594,0,723.33,84.75,656.49,163.39,103.21,,-0.6268,0.0126,-0.033,0.002,0,zupt
1785677063.423427,27.6762,0,721.68,84.83,656.49,163.39,102.08,,0.0,0.0,-0.033,0.002,0,zupt
1785677063.4406428,27.6934,0,719.38,84.78,656.49,163.39,100.67,,-0.6746,-0.1509,-0.044,-0.001,0,zupt
1785677063.457499,27.7102,0,717.14,84.73,656.49,163.39,99.32,,0.0,0.0,-0.044,-0.001,0,zupt
1785677063.4745522,27.7273,0,714.45,84.31,656.49,163.39,98.04,,-0.4783,-0.4327,-0.053,-0.008,0,zupt
1785677063.4915223,27.7443,0,711.77,83.88,656.49,163.39,96.83,,0.0,0.0,-0.053,-0.008,0,zupt
1785677063.5090582,27.7618,0,709.01,83.44,656.49,163.39,95.65,,0.0,0.0,-0.053,-0.008,0,zupt
1785677063.5246167,27.7774,0,706.05,82.87,656.49,163.39,94.55,,-0.695,-0.2578,-0.063,-0.012,0,zupt
1785677063.542767,27.7955,0,702.6,82.2,656.49,163.39,93.37,,0.0,0.0,-0.063,-0.012,0,zupt
1785677063.559707,27.8124,0,699.37,81.57,656.49,163.39,92.38,,0.0,0.0,-0.063,-0.012,0,zupt
1785677063.576495,27.8292,0,696.18,80.95,656.49,163.39,91.5,,0.0,0.0,-0.063,-0.012,0,zupt
1785677063.5930893,27.8458,0,692.68,80.41,656.49,163.39,90.53,,-0.4158,0.0916,-0.07,-0.011,0,zupt
1785677063.609622,27.8624,0,689.2,79.87,656.49,163.39,89.69,,0.0,0.0,-0.07,-0.011,0,zupt
1785677063.6270087,27.8797,0,685.53,79.31,656.49,163.39,88.95,,0.0,0.0,-0.07,-0.011,0,zupt
1785677063.6426091,27.8953,0,682.24,78.8,656.49,163.39,88.42,,0.0,0.0,-0.07,-0.011,0,zupt
1785677063.65996,27.9127,0,678.44,78.41,656.49,163.39,87.76,,-0.1617,0.1937,-0.073,-0.007,0,zupt
1785677063.6760788,27.9288,0,674.9,78.05,656.49,163.39,87.3,,0.0,0.0,-0.073,-0.007,0,zupt
1785677063.6928077,27.9455,0,671.23,77.68,656.49,163.39,86.97,,0.0,0.0,-0.073,-0.007,0,zupt
1785677063.710273,27.963,0,667.4,77.28,656.49,163.39,86.79,,0.0,0.0,-0.073,-0.007,0,zupt
1785677063.7275794,27.9803,0,664.39,76.89,656.49,163.39,86.85,,0.8715,-0.0042,-0.058,-0.008,0,zupt
1785677063.7446284,27.9974,0,661.42,76.51,656.49,163.39,87.02,,0.0,0.0,-0.058,-0.008,0,zupt
1785677063.7619107,28.0146,0,659.26,76.26,656.49,163.39,87.17,,0.9417,0.1641,-0.042,-0.005,0,zupt
1785677063.778059,28.0308,0,657.24,76.04,656.49,163.39,87.36,,0.0,0.0,-0.042,-0.005,0,zupt
1785677063.7937262,28.0465,0,655.89,76.02,656.49,163.39,87.37,,0.8292,0.279,-0.029,-0.0,0,zupt
1785677063.809587,28.0623,0,654.52,76.0,656.49,163.39,87.41,,0.0,0.0,-0.029,-0.0,0,zupt
1785677063.8262823,28.079,0,653.08,75.99,656.49,163.39,87.47,,0.0,0.0,-0.029,-0.0,0,zupt
1785677063.842877,28.0956,0,652.33,76.24,656.49,163.39,87.25,,0.8203,0.3213,-0.015,0.005,0,zupt
1785677063.858779,28.1115,0,651.6,76.48,656.49,163.39,87.05,,0.0,0.0,-0.015,0.005,0,zupt
1785677063.8743553,28.1271,0,650.9,76.71,656.49,163.39,86.86,,0.0,0.0,-0.015,0.005,0,zupt
1785677063.891268,28.144,0,650.61,77.18,656.49,163.39,86.41,,0.557,0.2493,-0.006,0.009,0,zupt
1785677063.908669,28.1614,0,650.31,77.66,656.49,163.39,85.95,,0.0,0.0,-0.006,0.009,0,zupt
1785677063.9258275,28.1786,0,650.01,78.13,656.49,163.39,85.5,,0.0,0.0,-0.006,0.009,0,zupt
1785677063.9430988,28.1958,0,650.12,78.59,656.49,163.39,85.04,,0.445,-0.0254,0.002,0.009,0,zupt
1785677063.958831,28.2116,0,650.21,79.0,656.49,163.39,84.62,,0.0,0.0,0.002,0.009,0,zupt
1785677063.9755535,28.2283,0,650.53,79.32,656.49,163.39,84.28,,0.2602,-0.1462,0.006,0.006,0,zupt
1785677063.9931493,28.2459,0,650.86,79.65,656.49,163.39,83.92,,0.0,0.0,0.006,0.006,0,zupt
1785677064.009254,28.262,0,650.76,80.08,656.49,163.39,83.5,,-0.5269,0.1564,-0.002,0.009,0,zupt
1785677064.0268664,28.2796,0,650.64,80.55,656.49,163.39,83.04,,0.0,0.0,-0.002,0.009,0,zupt
1785677064.0426025,28.2953,0,650.54,80.97,656.49,163.39,82.63,,0.0,0.0,-0.002,0.009,0,zupt
1785677064.0593514,28.3121,0,649.77,81.5,656.49,163.39,82.16,,-0.7865,0.1039,-0.015,0.011,0,zupt
1785677064.0759017,28.3286,0,649.01,82.03,656.49,163.39,81.71,,0.0,0.0,-0.015,0.011,0,zupt
1785677064.0930429,28.3458,0,647.5,82.53,656.49,163.39,81.35,,-0.8147,-0.0422,-0.029,0.01,0,zupt
1785677064.1091177,28.3619,0,646.09,83.01,656.49,163.39,81.05,,0.0,0.0,-0.029,0.01,0,zupt
1785677064.1251605,28.3779,0,644.68,83.48,656.49,163.39,80.77,,0.0,0.0,-0.029,0.01,0,zupt
1785677064.1407993,28.3935,0,642.96,83.78,656.49,163.39,80.75,,-0.4706,-0.2293,-0.037,0.006,0,zupt
1785677064.1577933,28.4105,0,641.09,84.1,656.49,163.39,80.77,,0.0,0.0,-0.037,0.006,0,zupt
1785677064.1749976,28.4277,0,638.86,84.21,656.49,163.39,81.12,,-0.3789,-0.2399,-0.043,0.002,0,zupt
1785677064.1904647,28.4432,0,636.86,84.31,656.49,163.39,81.48,,0.0,0.0,-0.043,0.002,0,zupt
1785677064.2071548,28.4599,0,634.69,84.42,656.49,163.39,81.92,,0.0,0.0,-0.043,0.002,0,zupt
1785677064.2227354,28.4755,0,632.42,84.36,656.49,163.39,82.61,,-0.3575,-0.2172,-0.049,-0.001,0,zupt
1785677064.238542,28.4913,0,630.1,84.3,656.49,163.39,83.37,,0.0,0.0,-0.049,-0.001,0,zupt
1785677064.2558992,28.5086,0,627.57,84.24,656.49,163.39,84.27,,0.0,0.0,-0.049,-0.001,0,zupt
1785677064.271915,28.5247,0,625.01,84.01,656.49,163.39,85.39,,-0.2736,-0.2239,-0.053,-0.005,0,zupt
1785677064.288075,28.5408,0,622.44,83.78,656.49,163.39,86.59,,0.0,0.0,-0.053,-0.005,0,zupt
1785677064.3036377,28.5564,0,619.96,83.55,656.49,163.39,87.8,,0.0,0.0,-0.053,-0.005,0,zupt
1785677064.3208764,28.5736,0,617.21,83.3,656.49,163.39,89.2,,0.0,0.0,-0.053,-0.005,0,zupt
1785677064.3371563,28.5899,0,614.61,83.07,656.49,163.39,90.58,,0.0,0.0,-0.053,-0.005,0,zupt
1785677064.352663,28.6054,0,612.01,82.84,656.49,163.39,92.01,,-0.1777,-0.008,-0.056,-0.005,0,zupt
1785677064.370087,28.6228,0,609.09,82.58,656.49,163.39,93.68,,0.0,0.0,-0.056,-0.005,0,zupt
1785677064.3861444,28.6389,0,606.4,82.34,656.49,163.39,95.28,,0.0,0.0,-0.056,-0.005,0,zupt
1785677064.4019568,28.6547,0,603.66,82.03,656.49,163.39,97.01,,-0.126,-0.0969,-0.058,-0.006,0,zupt
1785677064.4177973,28.6705,0,600.91,81.73,656.49,163.39,98.78,,0.0,0.0,-0.058,-0.006,0,zupt
1785677064.4336588,28.6864,0,598.15,81.42,656.49,163.39,100.61,,0.0,0.0,-0.058,-0.006,0,zupt
1785677064.4510815,28.7038,0,595.13,81.08,656.49,163.39,102.67,,0.0,0.0,-0.058,-0.006,0,zupt
1785677064.4675927,28.7203,0,592.12,80.57,656.49,163.39,104.89,,-0.1711,-0.2337,-0.061,-0.01,0,zupt
1785677064.4842696,28.737,0,589.08,80.05,656.49,163.39,107.19,,0.0,0.0,-0.061,-0.01,0,zupt
1785677064.500018,28.7528,0,586.21,79.56,656.49,163.39,109.39,,0.0,0.0,-0.061,-0.01,0,zupt
1785677064.5158036,28.7685,0,583.3,78.76,656.49,163.39,111.89,,-0.0557,-0.4226,-0.062,-0.017,0,zupt
1785677064.5327227,28.7855,0,580.17,77.9,656.49,163.39,114.6,,0.0,0.0,-0.062,-0.017,0,zupt
1785677064.5499516,28.8027,0,576.74,76.93,656.49,163.39,117.62,,-0.2748,-0.1002,-0.066,-0.019,0,zupt
1785677064.566117,28.8189,0,573.53,76.02,656.49,163.39,120.48,,0.0,0.0,-0.066,-0.019,0,zupt
1785677064.5819118,28.8346,0,570.39,75.13,656.49,163.39,123.3,,0.0,0.0,-0.066,-0.019,0,zupt
1785677064.598318,28.8511,0,566.69,74.24,656.49,163.39,126.54,,-0.5309,0.0323,-0.075,-0.018,0,zupt
1785677064.6155868,28.8683,0,562.81,73.29,656.49,163.39,129.98,,0.0,0.0,-0.075,-0.018,0,zupt
1785677064.632917,28.8857,0,558.56,72.44,656.49,163.39,133.65,,-0.3808,0.1016,-0.082,-0.016,0,zupt
1785677064.6490805,28.9018,0,554.6,71.64,656.49,163.39,137.11,,0.0,0.0,-0.082,-0.016,0,zupt
1785677064.6647365,28.9175,0,550.25,71.3,656.49,163.39,140.59,,-0.7049,0.5852,-0.093,-0.007,0,zupt
1785677064.6814039,28.9341,0,545.62,70.94,656.49,163.39,144.36,,0.0,0.0,-0.093,-0.007,0,zupt
1785677064.6979969,28.9507,0,540.36,71.22,656.49,163.39,148.27,,-0.7851,0.7762,-0.106,0.006,0,zupt
1785677064.713851,28.9666,0,535.33,71.48,656.49,163.39,152.07,,0.0,0.0,-0.106,0.006,0,zupt
1785677064.730357,28.9831,0,530.1,71.76,656.49,163.39,156.11,,0.0,0.0,-0.106,0.006,0,zupt
1785677064.747848,29.0006,0,524.05,72.8,656.49,163.39,160.46,,-0.5479,0.817,-0.115,0.02,0,zupt
1785677064.7636793,29.0164,0,518.57,73.75,656.49,163.39,164.49,,0.0,0.0,-0.115,0.02,0,zupt
1785677064.780321,29.0331,0,512.83,75.29,656.49,163.39,168.53,,0.012,0.6584,-0.115,0.031,0,zupt
1785677064.7971869,29.0499,0,507.0,76.85,656.49,163.39,172.73,,0.0,0.0,-0.115,0.031,0,zupt
1785677064.8137357,29.0665,0,501.29,78.38,656.49,163.39,176.96,,0.0,0.0,-0.115,0.031,0,zupt
1785677064.8298206,29.0826,0,495.91,80.28,656.49,163.39,180.82,,0.2182,0.5217,-0.112,0.039,0,zupt
1785677064.84555,29.0983,0,490.64,82.13,656.49,163.39,184.69,,0.0,0.0,-0.112,0.039,0,zupt
1785677064.8626552,29.1154,0,484.92,84.14,656.49,163.39,188.99,,0.0,0.0,-0.112,0.039,0,zupt
1785677064.8791103,29.1318,0,479.47,86.7,656.49,163.39,192.92,,0.0713,0.7643,-0.11,0.052,0,zupt
1785677064.8953574,29.1481,0,474.09,89.23,656.49,163.39,196.9,,0.0,0.0,-0.11,0.052,0,zupt
1785677064.9126005,29.1653,0,467.92,92.74,656.49,163.39,201.38,,-0.5152,0.9291,-0.119,0.068,0,zupt
1785677064.9293816,29.1821,0,461.91,96.15,656.49,163.39,205.87,,0.0,0.0,-0.119,0.068,0,zupt
1785677064.946408,29.1991,0,455.37,100.35,656.49,163.39,210.77,,-0.5125,0.8402,-0.128,0.082,0,zupt
1785677064.9636505,29.2164,0,448.75,104.6,656.49,163.39,215.9,,0.0,0.0,-0.128,0.082,0,zupt
1785677064.9801621,29.2329,0,442.09,109.08,656.49,163.39,221.17,,-0.3884,0.5114,-0.134,0.091,0,zupt
1785677064.9962122,29.2489,0,435.62,113.45,656.49,163.39,226.45,,0.0,0.0,-0.134,0.091,0,zupt
1785677065.0127242,29.2655,0,428.71,118.22,656.49,163.39,232.22,,-0.3126,0.3528,-0.14,0.096,0,zupt
1785677065.0290291,29.2818,0,421.88,122.94,656.49,163.39,238.07,,0.0,0.0,-0.14,0.096,0,zupt
1785677065.0450518,29.2978,0,415.17,127.57,656.49,163.39,243.96,,0.0,0.0,-0.14,0.096,0,zupt
1785677065.0614254,29.3142,0,408.08,132.07,656.49,163.39,250.38,,-0.2929,-0.2959,-0.144,0.092,0,zupt
1785677065.0780692,29.3308,0,400.87,136.64,656.49,163.39,257.02,,0.0,0.0,-0.144,0.092,0,zupt
1785677065.0938647,29.3466,0,394.03,140.98,656.49,163.39,263.42,,0.0,0.0,-0.144,0.092,0,zupt
1785677065.1099238,29.3627,0,387.07,145.39,656.49,163.39,270.02,,0.0,0.0,-0.144,0.092,0,zupt
1785677065.1261754,29.3789,0,379.84,149.33,656.49,163.39,277.01,,-0.2477,-0.6619,-0.148,0.081,0,zupt
1785677065.142005,29.3947,0,372.79,153.17,656.49,163.39,283.88,,0.0,0.0,-0.148,0.081,0,zupt
1785677065.157657,29.4104,0,365.82,156.97,656.49,163.39,290.74,,0.0,0.0,-0.148,0.081,0,zupt
1785677065.174727,29.4275,0,358.22,161.11,656.49,163.39,298.28,,0.0,0.0,-0.148,0.081,0,zupt
1785677065.191134,29.4439,0,351.17,163.86,656.49,163.39,305.32,,0.3105,-1.5195,-0.143,0.056,0,zupt
1785677065.2076175,29.4604,0,344.08,166.62,656.49,163.39,312.42,,0.0,0.0,-0.143,0.056,0,zupt
1785677065.224871,29.4776,0,337.01,168.1,656.49,163.39,319.51,,0.3861,-1.5846,-0.137,0.029,0,zupt
1785677065.2404485,29.4932,0,330.63,169.43,656.49,163.39,325.92,,0.0,0.0,-0.137,0.029,0,zupt
1785677065.257719,29.5105,0,323.55,170.91,656.49,163.39,333.03,,0.0,0.0,-0.137,0.029,0,zupt
1785677065.2751687,29.5279,0,316.18,171.3,656.49,163.39,340.4,,-0.2343,-1.2064,-0.141,0.007,0,zupt
1785677065.2912564,29.544,0,309.39,171.67,656.49,163.39,347.2,,0.0,0.0,-0.141,0.007,0,zupt
1785677065.307984,29.5607,0,302.07,171.11,656.49,163.39,354.5,,-0.2986,-1.1154,-0.146,-0.011,0,zupt
1785677065.3241985,29.5769,0,294.99,170.56,656.49,163.39,361.58,,0.0,0.0,-0.146,-0.011,0,zupt
1785677065.340639,29.5934,0,287.54,169.14,656.49,163.39,368.99,,-0.3139,-1.0806,-0.151,-0.029,0,zupt
1785677065.357552,29.6103,0,279.89,167.67,656.49,163.39,376.63,,0.0,0.0,-0.151,-0.029,0,zupt
1785677065.3746862,29.6274,0,271.95,165.19,656.49,163.39,384.54,,-0.2041,-1.1213,-0.154,-0.048,0,zupt
1785677065.3920443,29.6448,0,263.91,162.69,656.49,163.39,392.58,,0.0,0.0,-0.154,-0.048,0,zupt
1785677065.4077597,29.6605,0,256.63,160.42,656.49,163.39,399.87,,0.0,0.0,-0.154,-0.048,0,zupt
1785677065.424265,29.677,0,248.9,157.15,656.49,163.39,407.64,,-0.1127,-1.0802,-0.156,-0.066,0,zupt
1785677065.4419844,29.6947,0,240.59,153.64,656.49,163.39,416.01,,0.0,0.0,-0.156,-0.066,0,zupt
1785677065.4577925,29.7105,0,233.18,150.52,656.49,163.39,423.51,,0.0,0.0,-0.156,-0.066,0,zupt
1785677065.4739661,29.7267,0,225.41,146.85,656.49,163.39,431.4,,-0.2468,-0.5976,-0.16,-0.076,0,zupt
1785677065.4900355,29.7428,0,217.68,143.2,656.49,163.39,439.27,,0.0,0.0,-0.16,-0.076,0,zupt
1785677065.5059586,29.7587,0,209.84,139.36,656.49,163.39,447.3,,-0.252,-0.3041,-0.164,-0.08,0,zupt
1785677065.5216298,29.7744,0,202.12,135.57,656.49,163.39,455.23,,0.0,0.0,-0.164,-0.08,0,zupt
1785677065.5389247,29.7917,0,193.59,131.4,656.49,163.39,464.0,,0.0,0.0,-0.164,-0.08,0,zupt
1785677065.5549245,29.8077,0,185.36,127.23,656.49,163.39,472.52,,-0.455,-0.3933,-0.172,-0.087,0,zupt
1785677065.5705905,29.8233,0,177.3,123.15,656.49,163.39,480.88,,0.0,0.0,-0.172,-0.087,0,zupt
1785677065.5875814,29.8403,0,168.16,118.12,656.49,163.39,490.42,,-0.4514,-0.7107,-0.179,-0.099,0,zupt
1785677065.6041274,29.8569,0,159.27,113.21,656.49,163.39,499.75,,0.0,0.0,-0.179,-0.099,0,zupt
1785677065.6198952,29.8726,0,150.79,108.53,656.49,163.39,508.67,,0.0,0.0,-0.179,-0.099,0,zupt
1785677065.636007,29.8887,0,141.86,103.13,656.49,163.39,518.15,,-0.3474,-0.8002,-0.185,-0.112,0,zupt
1785677065.6516342,29.9044,0,133.2,97.89,656.49,163.39,527.38,,0.0,0.0,-0.185,-0.112,0,zupt
1785677065.6681519,29.9209,0,124.04,92.36,656.49,163.39,537.17,,0.0,0.0,-0.185,-0.112,0,zupt
1785677065.6849654,29.9377,0,114.72,86.72,656.49,163.39,547.17,,0.0,0.0,-0.185,-0.112,0,zupt
1785677065.7012985,29.954,0,105.66,81.25,656.49,163.39,556.92,,0.0,0.0,-0.185,-0.112,0,zupt
1785677065.7186425,29.9714,0,96.05,75.43,656.49,163.39,567.3,,0.0,0.0,-0.185,-0.112,0,zupt
1785677065.7352405,29.988,0,86.85,69.87,656.49,163.39,577.27,,0.0,0.0,-0.185,-0.112,0,zupt
1785677065.7509463,30.0037,0,78.14,64.6,656.49,163.39,586.73,,0.0,0.0,-0.185,-0.112,0,zupt
1785677065.766784,30.0195,0,69.36,59.3,656.49,163.39,596.29,,0.0,0.0,-0.185,-0.112,0,zupt
1785677065.7825294,30.0353,0,60.63,54.02,656.49,163.39,605.82,,0.0,0.0,-0.185,-0.112,0,zupt
1785677065.8004272,30.0532,0,50.71,48.02,656.49,163.39,616.67,,0.0,0.0,-0.185,-0.112,0,zupt
1785677065.8170116,30.0697,0,41.51,42.46,656.49,163.39,626.76,,0.0,0.0,-0.185,-0.112,0,zupt
1785677065.8333855,30.0861,0,32.44,36.97,656.49,163.39,636.73,,0.0,0.0,-0.185,-0.112,0,zupt
1785677065.8509529,30.1037,0,22.7,31.08,656.49,163.39,647.46,,0.0,0.0,-0.185,-0.112,0,zupt
1785677065.8671212,30.1199,0,13.73,25.66,656.49,163.39,657.35,,0.0,0.0,-0.185,-0.112,0,zupt
1785677065.8826761,30.1354,0,8,20.45,656.49,163.39,664.06,,0.0,0.0,-0.185,-0.112,0,zupt
1785677065.8987205,30.1515,0,8,14.66,656.49,163.39,665.33,,-0.6279,-0.5323,-0.195,-0.12,0,zupt
1785677065.9157307,30.1685,0,8,8.52,656.49,163.39,666.73,,0.0,0.0,-0.195,-0.12,0,zupt
1785677065.9328105,30.1855,0,8,8,656.49,163.39,666.85,,0.137,1.3464,-0.193,-0.097,0,zupt
1785677065.9484599,30.2012,0,8,8,656.49,163.39,666.85,,0.0,0.0,-0.193,-0.097,0,zupt
1785677065.9651787,30.2179,0,8,8,656.49,163.39,666.85,,0.0,0.0,-0.193,-0.097,0,zupt
1785677065.9808483,30.2336,0,8,8,656.49,163.39,666.85,,-0.0075,1.1892,-0.193,-0.079,0,zupt
1785677065.996466,30.2492,0,8,8,656.49,163.39,666.85,,0.0,0.0,-0.193,-0.079,0,zupt
1785677066.014451,30.2672,0,8,8,656.49,163.39,666.85,,-0.0324,1.257,-0.193,-0.056,0,zupt
1785677066.031632,30.2844,0,8,8,656.49,163.39,666.85,,0.0,0.0,-0.193,-0.056,0,zupt
1785677066.048513,30.3012,0,8,8,656.49,163.39,666.85,,0.0,0.0,-0.193,-0.056,0,zupt
1785677066.0659192,30.3187,0,8,8,656.49,163.39,666.85,,-0.2633,1.0172,-0.198,-0.038,0,zupt
1785677066.0820236,30.3348,0,8,8,656.49,163.39,666.85,,0.0,0.0,-0.198,-0.038,0,zupt
1785677066.09807,30.3508,0,8,8,656.49,163.39,666.85,,-0.241,0.8299,-0.202,-0.025,0,zupt
1785677066.113657,30.3664,0,8,8,656.49,163.39,666.85,,0.0,0.0,-0.202,-0.025,0,zupt
1785677066.1311862,30.3839,0,8,8,656.49,163.39,666.85,,0.0,0.0,-0.202,-0.025,0,zupt
1785677066.146852,30.3996,0,8,8,656.49,163.39,666.85,,-0.2686,0.6999,-0.206,-0.014,0,zupt
1785677066.162706,30.4154,0,8,8,656.49,163.39,666.85,,0.0,0.0,-0.206,-0.014,0,zupt
1785677066.180012,30.4327,0,8,8,656.49,163.39,666.85,,-0.2461,0.6239,-0.21,-0.003,0,zupt
1785677066.1956887,30.4484,0,8,8,656.49,163.39,666.85,,0.0,0.0,-0.21,-0.003,0,zupt
1785677066.2120645,30.4648,0,8,8,656.49,163.39,666.85,,0.0,0.0,-0.21,-0.003,0,zupt
1785677066.2276316,30.4804,0,8,8.07,656.49,163.39,666.83,,-0.0172,0.3038,-0.21,0.001,0,zupt
1785677066.244704,30.4974,0,8,8.14,656.49,163.39,666.82,,0.0,0.0,-0.21,0.001,0,zupt
1785677066.2612212,30.514,0,8,8.27,656.49,163.39,666.79,,0.2425,0.0597,-0.206,0.002,0,zupt
1785677066.2771528,30.5299,0,8,8.38,656.49,163.39,666.76,,0.0,0.0,-0.206,0.002,0,zupt
1785677066.2937207,30.5465,0,8,8.51,656.49,163.39,666.73,,0.0,0.0,-0.206,0.002,0,zupt
1785677066.3102794,30.563,0,8,8.45,656.49,163.39,666.74,,0.07,-0.212,-0.205,-0.001,0,zupt
1785677066.3278077,30.5805,0,8,8.4,656.49,163.39,666.76,,0.0,0.0,-0.205,-0.001,0,zupt
1785677066.3444958,30.5972,0,8,8.09,656.49,163.39,666.83,,0.0664,-0.3063,-0.204,-0.006,0,zupt
1785677066.3613348,30.6141,0,8,8,656.49,163.39,666.85,,0.0,0.0,-0.204,-0.006,0,zupt
1785677066.3786144,30.6314,0,8,8,656.49,163.39,666.85,,0.0,0.0,-0.204,-0.006,0,zupt
1785677066.3957255,30.6485,0,8,8,656.49,163.39,666.85,,0.0062,-0.4005,-0.204,-0.013,0,zupt
1785677066.4128058,30.6655,0,8,8,656.49,163.39,666.85,,0.0,0.0,-0.204,-0.013,0,zupt
1785677066.428768,30.6815,0,8,8,656.49,163.39,666.85,,-0.1196,-0.3637,-0.206,-0.019,0,zupt
1785677066.4444153,30.6972,0,8,8,656.49,163.39,666.85,,0.0,0.0,-0.206,-0.019,0,zupt
1785677066.461295,30.714,0,8,8,656.49,163.39,666.85,,0.0,0.0,-0.206,-0.019,0,zupt
1785677066.4781282,30.7309,0,8,8,656.49,163.39,666.85,,0.0,0.0,-0.206,-0.019,0,zupt
1785677066.4947927,30.7475,0,8,8,656.49,163.39,666.85,,0.0,0.0,-0.206,-0.019,0,zupt
1785677066.5108333,30.7636,0,8,8,656.49,163.39,666.85,,-0.2375,-0.3276,-0.21,-0.024,0,zupt
1785677066.5271347,30.7799,0,8,8,656.49,163.39,666.85,,0.0,0.0,-0.21,-0.024,0,zupt
1785677066.543063,30.7958,0,8,8,656.49,163.39,666.85,,0.0,0.0,-0.21,-0.024,0,zupt
1785677066.5587604,30.8115,0,8,8,656.49,163.39,666.85,,0.0,0.0,-0.21,-0.024,0,zupt
1785677066.57609,30.8288,0,8,8,656.49,163.39,666.85,,-0.1744,-0.3436,-0.213,-0.03,0,zupt
1785677066.592767,30.8455,0,8,8,656.49,163.39,666.85,,0.0,0.0,-0.213,-0.03,0,zupt
1785677066.6084542,30.8612,0,8,8,656.49,163.39,666.85,,0.0,0.0,-0.213,-0.03,0,zupt
1785677066.6252003,30.8779,0,8,8,656.49,163.39,666.85,,0.0,0.0,-0.213,-0.03,0,zupt
1785677066.6416793,30.8944,0,8,8,656.49,163.39,666.85,,-0.1292,-0.1946,-0.215,-0.033,0,zupt
1785677066.6591291,30.9119,0,8,8,656.49,163.39,666.85,,0.0,0.0,-0.215,-0.033,0,zupt
1785677066.6747487,30.9275,0,8,8,656.49,163.39,666.85,,0.0,0.0,-0.215,-0.033,0,zupt
1785677066.6920154,30.9448,0,8,8,656.49,163.39,666.85,,-0.2183,-0.0829,-0.219,-0.035,0,zupt
1785677066.7078073,30.9605,0,8,8,656.49,163.39,666.85,,0.0,0.0,-0.219,-0.035,0,zupt
1785677066.724436,30.9772,0,8,8,656.49,163.39,666.85,,-0.235,0.0197,-0.223,-0.034,0,zupt
1785677066.741245,30.994,0,8,8,656.49,163.39,666.85,,0.0,0.0,-0.223,-0.034,0,zupt
1785677066.758432,31.0112,0,8,8,656.49,163.39,666.85,,0.0,0.0,-0.223,-0.034,0,zupt
1785677066.7750893,31.0278,0,8,8,656.49,163.39,666.85,,-0.0303,-0.0561,-0.223,-0.035,0,zupt
1785677066.7915735,31.0443,0,8,8,656.49,163.39,666.85,,0.0,0.0,-0.223,-0.035,0,zupt
1785677066.808426,31.0612,0,8,8,656.49,163.39,666.85,,0.099,-0.0686,-0.221,-0.036,0,zupt
1785677066.8254488,31.0782,0,8,8,656.49,163.39,666.85,,0.0,0.0,-0.221,-0.036,0,zupt
1785677066.841997,31.0947,0,8,8,656.49,163.39,666.85,,0.0,0.0,-0.221,-0.036,0,zupt
1785677066.8580823,31.1108,0,8,8,656.49,163.39,666.85,,0.1499,-0.1402,-0.219,-0.039,0,zupt
1785677066.8747482,31.1275,0,8,8,656.49,163.39,666.85,,0.0,0.0,-0.219,-0.039,0,zupt
1785677066.8904328,31.1432,0,8,8,656.49,163.39,666.85,,0.0,0.0,-0.219,-0.039,0,zupt
1785677066.9077616,31.1605,0,8,8,656.49,163.39,666.85,,0.4579,-0.1305,-0.211,-0.041,0,zupt
1785677066.9234967,31.1762,0,8,8,656.49,163.39,666.85,,0.0,0.0,-0.211,-0.041,0,zupt
1785677066.9407954,31.1935,0,8,8,656.49,163.39,666.85,,-0.1561,-0.045,-0.214,-0.042,0,zupt
1785677066.9582438,31.211,0,8,8,656.49,163.39,666.85,,0.0,0.0,-0.214,-0.042,0,zupt
1785677066.974619,31.2274,0,8,8,656.49,163.39,666.85,,0.0,0.0,-0.214,-0.042,0,zupt
1785677066.9917955,31.2445,0,8,8,656.49,163.39,666.85,,0.0202,0.0883,-0.213,-0.04,0,zupt
1785677067.008145,31.2609,0,8,8,656.49,163.39,666.85,,0.0,0.0,-0.213,-0.04,0,zupt
1785677067.0237446,31.2765,0,8,8,656.49,163.39,666.85,,-0.0696,-0.013,-0.215,-0.04,0,zupt
1785677067.040292,31.293,0,8,8,656.49,163.39,666.85,,0.0,0.0,-0.215,-0.04,0,zupt
1785677067.056897,31.3096,0,8,8,656.49,163.39,666.85,,0.0,0.0,-0.215,-0.04,0,zupt
1785677067.072772,31.3255,0,8,8,656.49,163.39,666.85,,-0.1654,-0.0143,-0.217,-0.041,0,zupt
1785677067.089856,31.3426,0,8,8,656.49,163.39,666.85,,0.0,0.0,-0.217,-0.041,0,zupt
1785677067.1053457,31.3581,0,8,8,656.49,163.39,666.85,,0.1862,-0.0159,-0.214,-0.041,0,zupt
1785677067.1219394,31.3747,0,8,8,656.49,163.39,666.85,,0.0,0.0,-0.214,-0.041,0,zupt
1785677067.1378427,31.3906,0,8,8,656.49,163.39,666.85,,0.0,0.0,-0.214,-0.041,0,zupt
1785677067.1537411,31.4065,0,8,8,656.49,163.39,666.85,,0.2493,-0.2431,-0.21,-0.045,0,zupt
1785677067.1709552,31.4237,0,8,8,656.49,163.39,666.85,,0.0,0.0,-0.21,-0.045,0,zupt
1785677067.187238,31.44,0,8,8,656.49,163.39,666.85,,-0.047,-0.1686,-0.211,-0.047,0,zupt
1785677067.2050052,31.4577,0,8,8,656.49,163.39,666.85,,0.0,0.0,-0.211,-0.047,0,zupt
1785677067.2212412,31.474,0,8,8,656.49,163.39,666.85,,0.0,0.0,-0.211,-0.047,0,zupt
1785677067.2380147,31.4908,0,8,8,656.49,163.39,666.85,,0.0,0.0,-0.211,-0.047,0,zupt
1785677067.254154,31.5069,0,8,8,656.49,163.39,666.85,,-0.4697,-0.1257,-0.219,-0.05,0,zupt
1785677067.2701027,31.5228,0,8,8,656.49,163.39,666.85,,0.0,0.0,-0.219,-0.05,0,zupt
1785677067.286123,31.5389,0,8,8,656.49,163.39,666.85,,0.0,0.0,-0.219,-0.05,0,zupt
1785677067.302591,31.5553,0,8,8,656.49,163.39,666.85,,0.0,0.0,-0.219,-0.05,0,zupt
1785677067.319911,31.5726,0,8,8,656.49,163.39,666.85,,-0.2814,-0.0515,-0.224,-0.05,0,zupt
1785677067.3355198,31.5883,0,8,8,656.49,163.39,666.85,,0.0,0.0,-0.224,-0.05,0,zupt
1785677067.352803,31.6055,0,8,8,656.49,163.39,666.85,,0.0,0.0,-0.224,-0.05,0,zupt
1785677067.3685632,31.6213,0,8,8,656.49,163.39,666.85,,-0.358,-0.2084,-0.229,-0.054,0,zupt
1785677067.3860002,31.6387,0,8,8,656.49,163.39,666.85,,0.0,0.0,-0.229,-0.054,0,zupt
1785677067.4020011,31.6547,0,8,8,656.49,163.39,666.85,,0.0,0.0,-0.229,-0.054,0,zupt
1785677067.417945,31.6707,0,8,8,656.49,163.39,666.85,,-0.1694,-0.0561,-0.232,-0.055,0,zupt
1785677067.433596,31.6863,0,8,8,656.49,163.39,666.85,,0.0,0.0,-0.232,-0.055,0,zupt
1785677067.450838,31.7036,0,8,8,656.49,163.39,666.85,,-0.5085,-0.5417,-0.241,-0.064,0,zupt
1785677067.4670835,31.7198,0,8,8,656.49,163.39,666.85,,0.0,0.0,-0.241,-0.064,0,zupt
1785677067.4826138,31.7353,0,8,8,656.49,163.39,666.85,,0.0,0.0,-0.241,-0.064,0,zupt
1785677067.4998598,31.7526,0,8,8,656.49,163.39,666.85,,-0.2061,-0.1506,-0.244,-0.067,0,zupt
1785677067.5157237,31.7685,0,8,8,656.49,163.39,666.85,,0.0,0.0,-0.244,-0.067,0,zupt
1785677067.5329974,31.7857,0,8,8,656.49,163.39,666.85,,-0.1457,-0.2589,-0.247,-0.071,0,zupt
1785677067.5485685,31.8013,0,8,8,656.49,163.39,666.85,,0.0,0.0,-0.247,-0.071,0,zupt
1785677067.565092,31.8178,0,8,8,656.49,163.39,666.85,,0.0,0.0,-0.247,-0.071,0,zupt
1785677067.5816193,31.8344,0,8,8,656.49,163.39,666.85,,-0.2037,-0.3911,-0.25,-0.077,0,zupt
1785677067.5991387,31.8519,0,8,8,656.49,163.39,666.85,,0.0,0.0,-0.25,-0.077,0,zupt
1785677067.6151779,31.8679,0,8,8,656.49,163.39,666.85,,0.0517,-0.3589,-0.249,-0.083,0,zupt
1785677067.6313245,31.8841,0,8,8,656.49,163.39,666.85,,0.0,0.0,-0.249,-0.083,0,zupt
1785677067.6488366,31.9016,0,8,8,656.49,163.39,666.85,,0.0,0.0,-0.249,-0.083,0,zupt
1785677067.6648693,31.9176,0,8,8,656.49,163.39,666.85,,-0.4826,-0.2531,-0.257,-0.087,0,zupt
1785677067.6805935,31.9333,0,8,8,656.49,163.39,666.85,,0.0,0.0,-0.257,-0.087,0,zupt
1785677067.6980362,31.9508,0,8,8,656.49,163.39,666.85,,-0.1257,-0.7337,-0.259,-0.1,0,zupt
1785677067.7148788,31.9676,0,8,8,656.49,163.39,666.85,,0.0,0.0,-0.259,-0.1,0,zupt
1785677067.7308693,31.9836,0,8,8,656.49,163.39,666.85,,0.0,0.0,-0.259,-0.1,0,zupt
1785677067.7468128,31.9995,0,8,8,656.49,163.39,666.85,,-0.4159,-1.2596,-0.266,-0.12,0,zupt
1785677067.7629213,32.0157,0,8,8,656.49,163.39,666.85,,0.0,0.0,-0.266,-0.12,0,zupt
1785677067.7791884,32.0319,0,8,8,656.49,163.39,666.85,,0.017,-1.8507,-0.266,-0.15,0,zupt
1785677067.7948809,32.0476,0,8,8,656.49,163.39,666.85,,0.0,0.0,-0.266,-0.15,0,zupt
1785677067.8103518,32.0631,0,8,8,656.49,163.39,666.85,,0.0,0.0,-0.266,-0.15,0,zupt
1785677067.8277223,32.0805,0,8,8,656.49,163.39,666.85,,0.6317,-2.4314,-0.255,-0.192,0,zupt
1785677067.8448517,32.0976,0,8,8,656.49,163.39,666.85,,0.0,0.0,-0.255,-0.192,0,zupt
1785677067.8609705,32.1137,0,8,8,656.49,163.39,666.85,,0.2399,-1.7757,-0.251,-0.221,0,zupt
1785677067.8770058,32.1297,0,8,8,656.49,163.39,666.85,,0.0,0.0,-0.251,-0.221,0,zupt
1785677067.8929458,32.1457,0,8,8,656.49,163.39,666.85,,0.0,0.0,-0.251,-0.221,0,zupt
1785677067.909104,32.1618,0,8,8,656.49,163.39,666.85,,-0.4121,-1.0752,-0.257,-0.238,0,zupt
1785677067.9253564,32.1781,0,8,8,656.49,163.39,666.85,,0.0,0.0,-0.257,-0.238,0,zupt
1785677067.941984,32.1947,0,8,8,656.49,163.39,666.85,,0.0,0.0,-0.257,-0.238,0,zupt
1785677067.957818,32.2106,0,8,8,656.49,163.39,666.85,,0.0,0.0,-0.257,-0.238,0,zupt
1785677067.9737856,32.2265,0,8,8,656.49,163.39,666.85,,-1.0701,0.139,-0.274,-0.236,0,zupt
1785677067.989962,32.2427,0,8,8,656.49,163.39,666.85,,0.0,0.0,-0.274,-0.236,0,zupt
1785677068.005793,32.2585,0,8,8,656.49,163.39,666.85,,0.0,0.0,-0.274,-0.236,0,zupt
1785677068.021993,32.2747,0,8,8,656.49,163.39,666.85,,0.0,0.0,-0.274,-0.236,0,zupt
1785677068.0380394,32.2908,0,8,8,656.49,163.39,666.85,,-1.1385,1.1633,-0.293,-0.218,0,zupt
1785677068.0539114,32.3066,0,8,8,656.49,163.39,666.85,,0.0,0.0,-0.293,-0.218,0,zupt
1785677068.0695777,32.3223,0,8,8,656.49,163.39,666.85,,0.0,0.0,-0.293,-0.218,0,zupt
1785677068.0868351,32.3396,0,8,8,656.49,163.39,666.85,,0.0,0.0,-0.293,-0.218,0,zupt
1785677068.103001,32.3557,0,8,8,656.49,163.39,666.85,,-0.0472,1.2473,-0.293,-0.197,0,zupt
1785677068.1185522,32.3713,0,8,8,656.49,163.39,666.85,,0.0,0.0,-0.293,-0.197,0,zupt
1785677068.1351295,32.3879,0,8,8,656.49,163.39,666.85,,0.0,0.0,-0.293,-0.197,0,zupt
1785677068.1506083,32.4033,0,8,8,656.49,163.39,666.85,,-0.1271,1.2608,-0.295,-0.178,0,zupt
1785677068.1675131,32.4202,0,8,8,656.49,163.39,666.85,,0.0,0.0,-0.295,-0.178,0,zupt
1785677068.1847255,32.4375,0,8,8,656.49,163.39,666.85,,-0.0097,1.5339,-0.296,-0.152,0,zupt
1785677068.2006881,32.4534,0,8,8,656.49,163.39,666.85,,0.0,0.0,-0.296,-0.152,0,zupt
1785677068.2167163,32.4695,0,8,8,656.49,163.39,666.85,,0.0,0.0,-0.296,-0.152,0,zupt
1785677068.233634,32.4864,0,8,8,656.49,163.39,666.85,,0.4883,1.042,-0.287,-0.134,0,zupt
1785677068.2503967,32.5031,0,8,8,656.49,163.39,666.85,,0.0,0.0,-0.287,-0.134,0,zupt
1785677068.2670462,32.5198,0,8,8,656.49,163.39,666.85,,0.911,0.636,-0.272,-0.123,0,zupt
1785677068.2830024,32.5357,0,8,8,656.49,163.39,666.85,,0.0,0.0,-0.272,-0.123,0,zupt
1785677068.2987175,32.5515,0,8,8,656.49,163.39,666.85,,0.0,0.0,-0.272,-0.123,0,zupt
1785677068.3159466,32.5687,0,8,8,656.49,163.39,666.85,,0.6744,0.1974,-0.261,-0.12,0,zupt
1785677068.3316631,32.5844,0,8,8,656.49,163.39,666.85,,0.0,0.0,-0.261,-0.12,0,zupt
1785677068.3490095,32.6017,0,8,8,656.49,163.39,666.85,,0.084,-0.2517,-0.259,-0.124,0,zupt
1785677068.3655434,32.6183,0,8,8,656.49,163.39,666.85,,0.0,0.0,-0.259,-0.124,0,zupt
1785677068.3827744,32.6355,0,8,8,656.49,163.39,666.85,,-0.0092,-0.4797,-0.259,-0.133,0,zupt
1785677068.3984897,32.6512,0,8,8,656.49,163.39,666.85,,0.0,0.0,-0.259,-0.133,0,zupt
1785677068.4152217,32.668,0,8,8,656.49,163.39,666.85,,-0.1644,-0.6977,-0.262,-0.144,0,zupt
1785677068.4310834,32.6838,0,8,8,656.49,163.39,666.85,,0.0,0.0,-0.262,-0.144,0,zupt
1785677068.4466522,32.6994,0,8,8,656.49,163.39,666.85,,0.0,0.0,-0.262,-0.144,0,zupt
1785677068.4637825,32.7165,0,8,8,656.49,163.39,666.85,,-0.033,-1.0088,-0.263,-0.161,0,zupt
1785677068.4802234,32.733,0,8,8,656.49,163.39,666.85,,0.0,0.0,-0.263,-0.161,0,zupt
1785677068.497609,32.7503,0,8,8,656.49,163.39,666.85,,0.2057,-1.1158,-0.259,-0.181,0,zupt
1785677068.514365,32.7671,0,8,8,656.49,163.39,666.85,,0.0,0.0,-0.259,-0.181,0,zupt
1785677068.5309079,32.7836,0,8,8,656.49,163.39,666.85,,0.0,0.0,-0.259,-0.181,0,zupt
1785677068.547093,32.7998,0,8,8,656.49,163.39,666.85,,0.2373,-1.0604,-0.255,-0.198,0,zupt
1785677068.5627258,32.8155,0,8,8,656.49,163.39,666.85,,0.0,0.0,-0.255,-0.198,0,zupt
1785677068.580208,32.8329,0,8,8,656.49,163.39,666.85,,-0.0894,-0.8965,-0.257,-0.214,0,zupt
1785677068.5965695,32.8493,0,8,8,656.49,163.39,666.85,,0.0,0.0,-0.257,-0.214,0,zupt
1785677068.6136165,32.8664,0,8,8,656.49,163.39,666.85,,0.0,0.0,-0.257,-0.214,0,zupt
1785677068.630971,32.8837,0,8,8,656.49,163.39,666.85,,0.2122,-0.6557,-0.253,-0.225,0,zupt
1785677068.6471798,32.8999,0,8,8,656.49,163.39,666.85,,0.0,0.0,-0.253,-0.225,0,zupt
1785677068.6632671,32.916,0,8,8,656.49,163.39,666.85,,0.0,0.0,-0.253,-0.225,0,zupt
1785677068.679733,32.9325,0,8,8,656.49,163.39,666.85,,0.0,0.0,-0.253,-0.225,0,zupt
1785677068.6961548,32.9489,0,8,8,656.49,163.39,666.85,,0.3059,-0.5038,-0.248,-0.233,0,zupt
1785677068.711777,32.9645,0,8,8,656.49,163.39,666.85,,0.0,0.0,-0.248,-0.233,0,zupt
1785677068.7280166,32.9808,0,8,8,656.49,163.39,666.85,,0.0,0.0,-0.248,-0.233,0,zupt
1785677068.7437866,32.9965,0,8,8,656.49,163.39,666.85,,0.0,0.0,-0.248,-0.233,0,zupt
1785677068.7599502,33.0127,0,8,8,656.49,163.39,666.85,,-0.4074,-0.1018,-0.255,-0.235,0,zupt
1785677068.776236,33.029,0,8,8,656.49,163.39,666.85,,0.0,0.0,-0.255,-0.235,0,zupt
1785677068.7926052,33.0453,0,8,8,656.49,163.39,666.85,,0.0,0.0,-0.255,-0.235,0,zupt
1785677068.8095665,33.0623,0,8,8,656.49,163.39,666.85,,0.0,0.0,-0.255,-0.235,0,zupt
1785677068.826945,33.0797,0,8,8,656.49,163.39,666.85,,0.0,0.0,-0.255,-0.235,0,zupt
1785677068.8426025,33.0953,0,8,8,656.49,163.39,666.85,,0.0,0.0,-0.255,-0.235,0,zupt
1785677068.8598228,33.1126,0,8,8,656.49,163.39,666.85,,0.0,0.0,-0.255,-0.235,0,zupt
1785677068.8760686,33.1288,0,8,8,656.49,163.39,666.85,,0.0,0.0,-0.255,-0.235,0,zupt
1785677068.891799,33.1445,0,8,8,656.49,163.39,666.85,,0.0,0.0,-0.255,-0.235,0,zupt
1785677068.9084845,33.1612,0,8,8,656.49,163.39,666.85,,0.0,0.0,-0.255,-0.235,0,zupt
1785677068.9260948,33.1788,0,8,8,656.49,163.39,666.85,,0.0,0.0,-0.255,-0.235,0,zupt
1785677068.941746,33.1945,0,8,8,656.49,163.39,666.85,,0.0,0.0,-0.255,-0.235,0,zupt
1785677068.9578547,33.2106,0,8,8,656.49,163.39,666.85,,0.0,0.0,-0.255,-0.235,0,zupt
1785677068.973471,33.2262,0,8,8,656.49,163.39,666.85,,0.0,0.0,-0.255,-0.235,0,zupt
1785677068.9906728,33.2434,0,8,8,656.49,163.39,666.85,,0.0,0.0,-0.255,-0.235,0,zupt
1785677069.0066366,33.2594,0,8,8,656.49,163.39,666.85,,0.0,0.0,-0.255,-0.235,0,zupt
1785677069.0242505,33.277,0,8,8,656.49,163.39,666.85,,0.0,0.0,-0.255,-0.235,0,zupt
1785677069.0398977,33.2926,0,8,8,656.49,163.39,666.85,,0.0,0.0,-0.255,-0.235,0,zupt
1785677069.0562088,33.3089,0,8,8,656.49,163.39,666.85,,1.0378,1.0066,-0.238,-0.219,0,zupt
1785677069.0725951,33.3253,0,8,8,656.49,163.39,666.85,,0.0,0.0,-0.238,-0.219,0,zupt
1785677069.090032,33.3428,0,8,8,656.49,163.39,666.85,,0.0,0.0,-0.238,-0.219,0,zupt
1785677069.1056511,33.3584,0,8,8,656.49,163.39,666.85,,-0.3683,0.2616,-0.243,-0.215,0,zupt
1785677069.1224494,33.3752,0,8,8,656.49,163.39,666.85,,0.0,0.0,-0.243,-0.215,0,zupt
1785677069.1397357,33.3925,0,8,8,656.49,163.39,666.85,,-1.0767,-0.9568,-0.262,-0.231,0,zupt
1785677069.1570945,33.4098,0,8,8,656.49,163.39,666.85,,0.0,0.0,-0.262,-0.231,0,zupt
1785677069.1727583,33.4255,0,8,8,656.49,163.39,666.85,,0.0,0.0,-0.262,-0.231,0,zupt
1785677069.1898816,33.4426,0,8,8,656.49,163.39,666.85,,-0.5752,-1.0078,-0.272,-0.248,0,zupt
1785677069.2058032,33.4585,0,8,8,656.49,163.39,666.85,,0.0,0.0,-0.272,-0.248,0,zupt
1785677069.221428,33.4742,0,8,8,656.49,163.39,666.85,,-0.6305,-1.3852,-0.282,-0.27,0,zupt
1785677069.2379572,33.4907,0,8,8,656.49,163.39,666.85,,0.0,0.0,-0.282,-0.27,0,zupt
1785677069.2542765,33.507,0,8,8,656.49,163.39,666.85,,0.0,0.0,-0.282,-0.27,0,zupt
1785677069.2718108,33.5245,0,8,8,656.49,163.39,666.85,,-0.5893,-1.3812,-0.292,-0.294,0,zupt
1785677069.287517,33.5403,0,8,8,656.49,163.39,666.85,,0.0,0.0,-0.292,-0.294,0,zupt
1785677069.304928,33.5577,0,8,8,656.49,163.39,666.85,,-0.6871,-1.8536,-0.304,-0.326,0,zupt
1785677069.3213203,33.5741,0,8,8,656.49,163.39,666.85,,0.0,0.0,-0.304,-0.326,0,zupt
1785677069.3384273,33.5912,0,8,8,656.49,163.39,666.85,,0.0,0.0,-0.304,-0.326,0,zupt
1785677069.3557315,33.6085,0,8,8,656.49,163.39,666.85,,0.0,0.0,-0.304,-0.326,0,zupt
1785677069.3726509,33.6254,0,8,8,656.49,163.39,666.85,,0.0,0.0,-0.304,-0.326,0,zupt
1785677069.388595,33.6413,0,8,8,656.49,163.39,666.85,,0.0,0.0,-0.304,-0.326,0,zupt
1785677069.4051027,33.6578,0,8,8,656.49,163.39,666.85,,0.0,0.0,-0.304,-0.326,0,zupt
1785677069.4213202,33.6741,0,8,8,656.49,163.39,666.85,,0.0,0.0,-0.304,-0.326,0,zupt
1785677069.4379866,33.6907,0,8,8,656.49,163.39,666.85,,0.0,0.0,-0.304,-0.326,0,zupt
1785677069.453822,33.7066,0,8,8,656.49,163.39,666.85,,0.0,0.0,-0.304,-0.326,0,zupt
1785677069.469821,33.7226,0,8,8,656.49,163.39,666.85,,0.0,0.0,-0.304,-0.326,0,zupt
1785677069.4863052,33.739,0,8,8,656.49,163.39,666.85,,0.0,0.0,-0.304,-0.326,0,zupt
1785677069.5040107,33.7567,0,8,8,656.49,163.39,666.85,,0.0,0.0,-0.304,-0.326,0,zupt
1785677069.519956,33.7727,0,8,8,656.49,163.39,666.85,,0.0,0.0,-0.304,-0.326,0,zupt
1785677069.5362506,33.789,0,8,8,656.49,163.39,666.85,,0.0,0.0,-0.304,-0.326,0,zupt
1785677069.5530982,33.8058,0,8,8,656.49,163.39,666.85,,0.0,0.0,-0.304,-0.326,0,zupt
1785677069.5691574,33.8219,0,8,8,656.49,163.39,666.85,,-0.2403,-2.1107,-0.308,-0.36,0,zupt
1785677069.5854826,33.8382,0,8,8,656.49,163.39,666.85,,0.0,0.0,-0.308,-0.36,0,zupt
1785677069.6019728,33.8547,0,8,8,656.49,163.39,666.85,,0.0,0.0,-0.308,-0.36,0,zupt
1785677069.617839,33.8706,0,8,8,656.49,163.39,666.85,,0.2664,-0.422,-0.304,-0.367,0,zupt
1785677069.6337574,33.8865,0,8,8,656.49,163.39,666.85,,0.0,0.0,-0.304,-0.367,0,zupt
1785677069.650655,33.9034,0,8,8,656.49,163.39,666.85,,0.0,0.0,-0.304,-0.367,0,zupt
1785677069.6675854,33.9203,0,8,8,656.49,163.39,666.85,,0.0,0.0,-0.304,-0.367,0,zupt
1785677069.685239,33.938,0,8,8,656.49,163.39,666.85,,0.0,0.0,-0.304,-0.367,0,zupt
1785677069.7015352,33.9543,0,8,8,656.49,163.39,666.85,,0.0,0.0,-0.304,-0.367,0,zupt
1785677069.7183087,33.971,0,8,8,656.49,163.39,666.85,,0.0,0.0,-0.304,-0.367,0,zupt
1785677069.735233,33.988,0,8,8,656.49,163.39,666.85,,0.0,0.0,-0.304,-0.367,0,zupt
1785677069.7528048,34.0055,0,8,8,656.49,163.39,666.85,,0.0,0.0,-0.304,-0.367,0,zupt
1785677069.770259,34.023,0,8,8,656.49,163.39,666.85,,0.0,0.0,-0.304,-0.367,0,zupt
1785677069.7865527,34.0393,0,8,8,656.49,163.39,666.85,,0.0,0.0,-0.304,-0.367,0,zupt
1785677069.8040094,34.0567,0,8,8,656.49,163.39,666.85,,0.0,0.0,-0.304,-0.367,0,zupt
1785677069.8197267,34.0725,0,8,8,656.49,163.39,666.85,,0.0,0.0,-0.304,-0.367,0,zupt
1785677069.8367221,34.0895,0,8,8,656.49,163.39,666.85,,0.0,0.0,-0.304,-0.367,0,zupt
1785677069.853768,34.1065,0,8,8,656.49,163.39,666.85,,0.0,0.0,-0.304,-0.367,0,zupt
1785677069.8709784,34.1237,0,8,8,656.49,163.39,666.85,,-0.1972,-0.2955,-0.307,-0.372,0,zupt
1785677069.8866625,34.1394,0,8,8,656.49,163.39,666.85,,0.0,0.0,-0.307,-0.372,0,zupt
1785677069.9039595,34.1567,0,8,8,656.49,163.39,666.85,,-0.1633,0.2204,-0.31,-0.368,0,zupt
1785677069.9196877,34.1724,0,8,8,656.49,163.39,666.85,,0.0,0.0,-0.31,-0.368,0,zupt
1785677069.9370763,34.1898,0,8,8,656.49,163.39,666.85,,0.0,0.0,-0.31,-0.368,0,zupt
1785677069.9527383,34.2055,0,8,8,656.49,163.39,666.85,,-0.0976,0.1318,-0.311,-0.366,0,zupt
1785677069.9690442,34.2218,0,8,8,656.49,163.39,666.85,,0.0,0.0,-0.311,-0.366,0,zupt
1785677069.9849274,34.2377,0,8,8,656.49,163.39,666.85,,0.1549,0.2145,-0.309,-0.363,0,zupt
1785677070.0005393,34.2533,0,8,8,656.49,163.39,666.85,,0.0,0.0,-0.309,-0.363,0,zupt
1785677070.0175269,34.2703,0,8,8,656.49,163.39,666.85,,0.0,0.0,-0.309,-0.363,0,zupt
1785677070.035115,34.2879,0,8,8,656.49,163.39,666.85,,0.0154,0.2713,-0.309,-0.358,0,zupt
1785677070.0516486,34.3044,0,8,8,656.49,163.39,666.85,,0.0,0.0,-0.309,-0.358,0,zupt
1785677070.0685806,34.3213,0,8,8,656.49,163.39,666.85,,0.0,0.0,-0.309,-0.358,0,zupt
1785677070.0851605,34.3379,0,8,8,656.49,163.39,666.85,,0.0,0.0,-0.309,-0.358,0,zupt
1785677070.1007318,34.3535,0,8,8,656.49,163.39,666.85,,0.0,0.0,-0.309,-0.358,0,zupt
1785677070.1173258,34.3701,0,8,8,656.49,163.39,666.85,,0.0,0.0,-0.309,-0.358,0,zupt
1785677070.1343722,34.3871,0,8,8,656.49,163.39,666.85,,0.0,0.0,-0.309,-0.358,0,zupt
1785677070.1509032,34.4036,0,8,8,656.49,163.39,666.85,,0.0,0.0,-0.309,-0.358,0,zupt
1785677070.1670997,34.4198,0,8,8,656.49,163.39,666.85,,0.0,0.0,-0.309,-0.358,0,zupt
1785677070.1827776,34.4355,0,8,8,656.49,163.39,666.85,,0.0,0.0,-0.309,-0.358,0,zupt
1785677070.2001975,34.4529,0,8,8,656.49,163.39,666.85,,0.0,0.0,-0.309,-0.358,0,zupt
1785677070.2157557,34.4685,0,8,8,656.49,163.39,666.85,,0.0,0.0,-0.309,-0.358,0,zupt
1785677070.2314072,34.4841,0,8,8,656.49,163.39,666.85,,0.0,0.0,-0.309,-0.358,0,zupt
1785677070.2480795,34.5008,0,8,8,656.49,163.39,666.85,,0.0,0.0,-0.309,-0.358,0,zupt
1785677070.2641256,34.5169,0,8,8,656.49,163.39,666.85,,0.0,0.0,-0.309,-0.358,0,zupt
1785677070.2797563,34.5325,0,8,8,656.49,163.39,666.85,,-0.1327,0.2594,-0.311,-0.354,0,zupt
1785677070.2971718,34.5499,0,8,8,656.49,163.39,666.85,,0.0,0.0,-0.311,-0.354,0,zupt
1785677070.3129108,34.5656,0,8,8,656.49,163.39,666.85,,0.0,0.0,-0.311,-0.354,0,zupt
1785677070.3291075,34.5818,0,8,8,656.49,163.39,666.85,,0.3666,-2.5381,-0.305,-0.395,0,zupt
1785677070.344867,34.5976,0,8,8,656.49,163.39,666.85,,0.0,0.0,-0.305,-0.395,0,zupt
1785677070.3604236,34.6132,0,8,8,656.49,163.39,666.85,,-0.2059,-2.2808,-0.308,-0.431,0,zupt
1785677070.377745,34.6305,0,8,8,656.49,163.39,666.85,,0.0,0.0,-0.308,-0.431,0,zupt
1785677070.3947942,34.6475,0,8,8,656.49,163.39,666.85,,0.0,0.0,-0.308,-0.431,0,zupt
1785677070.4107122,34.6634,0,8,8,656.49,163.39,666.85,,-0.7371,-1.998,-0.32,-0.462,0,zupt
1785677070.4274025,34.6801,0,8,8,656.49,163.39,666.85,,0.0,0.0,-0.32,-0.462,0,zupt
1785677070.4450026,34.6977,0,8,8,656.49,163.39,666.85,,-0.4021,-1.1688,-0.327,-0.483,0,zupt
1785677070.4613924,34.7141,0,8,8,656.49,163.39,666.85,,0.0,0.0,-0.327,-0.483,0,zupt
1785677070.4786258,34.7314,0,8,8,656.49,163.39,666.85,,0.0,0.0,-0.327,-0.483,0,zupt
1785677070.4951758,34.7479,0,8,8,656.49,163.39,666.85,,-0.7903,-0.7414,-0.34,-0.495,0,zupt
1785677070.511862,34.7646,0,8,8,656.49,163.39,666.85,,-1.1277,-0.0919,-0.359,-0.497,0,zupt
1785677070.5282521,34.781,0,8,8,656.49,163.39,666.85,,0.0,0.0,-0.359,-0.497,0,zupt
1785677070.5456746,34.7984,0,8,8,656.49,163.39,666.85,,0.0,0.0,-0.359,-0.497,0,zupt
1785677070.562892,34.8156,0,8,8,656.49,163.39,666.85,,-0.3599,0.5784,-0.365,-0.487,0,zupt
1785677070.5789459,34.8317,0,8,8,656.49,163.39,666.85,,0.0,0.0,-0.365,-0.487,0,zupt
1785677070.5951674,34.8479,0,8,8,656.49,163.39,666.85,,0.0,0.0,-0.365,-0.487,0,zupt
1785677070.6110606,34.8638,0,8,8,656.49,163.39,666.85,,0.0,0.0,-0.365,-0.487,0,zupt
1785677070.6273515,34.8801,0,8,8,656.49,163.39,666.85,,0.0,0.0,-0.365,-0.487,0,zupt
1785677070.6451623,34.8979,0,8,8,656.49,163.39,666.85,,0.0,0.0,-0.365,-0.487,0,zupt
1785677070.6611433,34.9139,0,8,8,656.49,163.39,666.85,,0.0,0.0,-0.365,-0.487,0,zupt
1785677070.6767735,34.9295,0,8,8,656.49,163.39,666.85,,0.0,0.0,-0.365,-0.487,0,zupt
1785677070.6923459,34.9451,0,8,8,656.49,163.39,666.85,,0.0,0.0,-0.365,-0.487,0,zupt
1785677070.7091434,34.9619,0,8,8,656.49,163.39,666.85,,0.0,0.0,-0.365,-0.487,0,zupt
1785677070.7249725,34.9777,0,8,8,656.49,163.39,666.85,,0.0,0.0,-0.365,-0.487,0,zupt
1785677070.740618,34.9934,0,8,8,656.49,163.39,666.85,,0.0,0.0,-0.365,-0.487,0,zupt
1785677070.7565799,35.0093,0,8,8,656.49,163.39,666.85,,0.0,0.0,-0.365,-0.487,0,zupt
1785677070.7739305,35.0267,0,8,8,656.49,163.39,666.85,,0.0,0.0,-0.365,-0.487,0,zupt
1785677070.7895958,35.0423,0,8,8,656.49,163.39,666.85,,0.0,0.0,-0.365,-0.487,0,zupt
1785677070.807067,35.0598,0,8,8,656.49,163.39,666.85,,0.0,0.0,-0.365,-0.487,0,zupt
1785677070.82281,35.0755,0,8,8,656.49,163.39,666.85,,0.0,0.0,-0.365,-0.487,0,zupt
1785677070.840036,35.0928,0,8,8,656.49,163.39,666.85,,0.0,0.0,-0.365,-0.487,0,zupt
1785677070.8559372,35.1087,0,8,8,656.49,163.39,666.85,,0.0,0.0,-0.365,-0.487,0,zupt
1785677070.8715904,35.1243,0,8,8,656.49,163.39,666.85,,0.0,0.0,-0.365,-0.487,0,zupt
1785677070.8882341,35.141,0,8,8,656.49,163.39,666.85,,0.0,0.0,-0.365,-0.487,0,zupt
1785677070.9048247,35.1576,0,8,8,656.49,163.39,666.85,,0.0,0.0,-0.365,-0.487,0,zupt
1785677070.9227943,35.1755,0,8,8,656.49,163.39,666.85,,0.0,0.0,-0.365,-0.487,0,zupt
1785677070.9387226,35.1915,0,8,8,656.49,163.39,666.85,,0.0,0.0,-0.365,-0.487,0,zupt
1785677070.9553869,35.2081,0,8,8,656.49,163.39,666.85,,0.0,0.0,-0.365,-0.487,0,zupt
1785677070.9729102,35.2256,0,8,8,656.49,163.39,666.85,,0.0,0.0,-0.365,-0.487,0,zupt
1785677070.988686,35.2414,0,8,8,656.49,163.39,666.85,,0.0,0.0,-0.365,-0.487,0,zupt
1785677071.006035,35.2588,0,8,8,656.49,163.39,666.85,,0.0,0.0,-0.365,-0.487,0,zupt
1785677071.0231082,35.2758,0,8,8,656.49,163.39,666.85,,0.0,0.0,-0.365,-0.487,0,zupt
1785677071.0389156,35.2917,0,8,8,656.49,163.39,666.85,,0.0,0.0,-0.365,-0.487,0,zupt
1785677071.0545444,35.3073,0,8,8,656.49,163.39,666.85,,0.0,0.0,-0.365,-0.487,0,zupt
1785677071.0719056,35.3246,0,8,8,656.49,163.39,666.85,,0.0,0.0,-0.365,-0.487,0,zupt
1785677071.0879805,35.3407,0,8,8,656.49,163.39,666.85,,0.0,0.0,-0.365,-0.487,0,zupt
1785677071.103924,35.3567,0,8,8,656.49,163.39,666.85,,0.0,0.0,-0.365,-0.487,0,zupt
1785677071.1202555,35.373,0,8,8,656.49,163.39,666.85,,0.0,0.0,-0.365,-0.487,0,zupt
1785677071.1362977,35.389,0,8,8,656.49,163.39,666.85,,0.0,0.0,-0.365,-0.487,0,zupt
1785677071.1530688,35.4058,0,8,8,656.49,163.39,666.85,,0.0,0.0,-0.365,-0.487,0,zupt
1785677071.1688297,35.4216,0,8,8,656.49,163.39,666.85,,0.0,0.0,-0.365,-0.487,0,zupt
1785677071.1847987,35.4375,0,8,8,656.49,163.39,666.85,,0.0,0.0,-0.365,-0.487,0,zupt
1785677071.2011883,35.4539,0,8,8,656.49,163.39,666.85,,0.0,0.0,-0.365,-0.487,0,zupt
1785677071.216936,35.4697,0,8,8,656.49,163.39,666.85,,0.0,0.0,-0.365,-0.487,0,zupt
1785677071.232567,35.4853,0,8,8,656.49,163.39,666.85,,0.0,0.0,-0.365,-0.487,0,zupt
1785677071.2499144,35.5027,0,8,8,656.49,163.39,666.85,,0.0,0.0,-0.365,-0.487,0,zupt
1785677071.2654622,35.5182,0,8,8,656.49,163.39,666.85,,0.0,0.0,-0.365,-0.487,0,zupt
1785677071.2827535,35.5355,0,8,8,656.49,163.39,666.85,,0.0,0.0,-0.365,-0.487,0,zupt
1785677071.2985938,35.5513,0,8,8,656.49,163.39,666.85,,0.0,0.0,-0.365,-0.487,0,zupt
1785677071.3158514,35.5686,0,8,8,656.49,163.39,666.85,,0.0,0.0,-0.365,-0.487,0,zupt
1785677071.331557,35.5843,0,8,8,656.49,163.39,666.85,,0.0,0.0,-0.365,-0.487,0,zupt
1785677071.348317,35.6011,0,8,8,656.49,163.39,666.85,,0.0,0.0,-0.365,-0.487,0,zupt
1785677071.3652008,35.6179,0,8,8,656.49,163.39,666.85,,0.0,0.0,-0.365,-0.487,0,zupt
1785677071.3809006,35.6336,0,8,8,656.49,163.39,666.85,,0.0,0.0,-0.365,-0.487,0,zupt
1785677071.3969688,35.6497,0,8,8,656.49,163.39,666.85,,0.0,0.0,-0.365,-0.487,0,zupt
1785677071.4126592,35.6654,0,8,8,656.49,163.39,666.85,,0.0,0.0,-0.365,-0.487,0,zupt
1785677071.4294565,35.6822,0,8,8,656.49,163.39,666.85,,0.0,0.0,-0.365,-0.487,0,zupt
1785677071.4462736,35.699,0,8,8,656.49,163.39,666.85,,0.0,0.0,-0.365,-0.487,0,zupt
1785677071.4628346,35.7156,0,8,8,656.49,163.39,666.85,,0.0,0.0,-0.365,-0.487,0,zupt
1785677071.4785428,35.7313,0,8,8,656.49,163.39,666.85,,0.0,0.0,-0.365,-0.487,0,zupt
1785677071.4958038,35.7485,0,8,8,656.49,163.39,666.85,,0.0,0.0,-0.365,-0.487,0,zupt
1785677071.5128984,35.7656,0,8,8,656.49,163.39,666.85,,0.0,0.0,-0.365,-0.487,0,zupt
1785677071.529164,35.7819,0,8,8,656.49,163.39,666.85,,0.0,0.0,-0.365,-0.487,0,zupt
1785677071.5451407,35.7979,0,8,8,656.49,163.39,666.85,,0.0,0.0,-0.365,-0.487,0,zupt
1785677071.5607285,35.8135,0,8,8,656.49,163.39,666.85,,0.0,0.0,-0.365,-0.487,0,zupt
1785677071.5779927,35.8307,0,8,8,656.49,163.39,666.85,,0.0,0.0,-0.365,-0.487,0,zupt
1785677071.5941107,35.8468,0,8,8,656.49,163.39,666.85,,0.0,0.0,-0.365,-0.487,0,zupt
1785677071.6096146,35.8624,0,8,8,656.49,163.39,666.85,,0.0,0.0,-0.365,-0.487,0,zupt
1785677071.6262496,35.879,0,8,8,656.49,163.39,666.85,,0.0,0.0,-0.365,-0.487,0,zupt
1785677071.6418147,35.8946,0,8,8,656.49,163.39,666.85,,0.0,0.0,-0.365,-0.487,0,zupt
1785677071.6582127,35.9109,0,8,8,656.49,163.39,666.85,,0.0,0.0,-0.365,-0.487,0,zupt
1785677071.6758976,35.9286,0,8,8,656.49,163.39,666.85,,0.0,0.0,-0.365,-0.487,0,zupt
1785677071.6915016,35.9442,0,8,8,656.49,163.39,666.85,,0.2661,0.2317,-0.361,-0.483,0,zupt
1785677071.7081804,35.9609,0,8,8,656.49,163.39,666.85,,0.0,0.0,-0.361,-0.483,0,zupt
1785677071.7238367,35.9766,0,8,8,656.49,163.39,666.85,,0.0,0.0,-0.361,-0.483,0,zupt
1785677071.7393765,35.9921,0,8,8,656.49,163.39,666.85,,0.0,0.0,-0.361,-0.483,0,zupt
1785677071.7566078,36.0093,0,8,8,656.49,163.39,666.85,,-0.54,-0.3506,-0.37,-0.489,0,zupt
1785677071.7739036,36.0266,0,8,8,656.49,163.39,666.85,,0.0,0.0,-0.37,-0.489,0,zupt
1785677071.7900121,36.0427,0,8,8,656.49,163.39,666.85,,0.0,0.0,-0.37,-0.489,0,zupt
1785677071.8061004,36.0588,0,8,8,656.49,163.39,666.85,,-0.3366,-0.8373,-0.375,-0.503,0,zupt
1785677071.8216863,36.0744,0,8,8,656.49,163.39,666.85,,0.0,0.0,-0.375,-0.503,0,zupt
1785677071.8380687,36.0908,0,8,8,656.49,163.39,666.85,,-1.0512,-1.4567,-0.393,-0.527,0,zupt
1785677071.8539762,36.1067,0,8,8,656.49,163.39,666.85,,0.0,0.0,-0.393,-0.527,0,zupt
1785677071.8701422,36.1229,0,8,8,656.49,163.39,666.85,,0.0,0.0,-0.393,-0.527,0,zupt
1785677071.8858817,36.1386,0,8,8,656.49,163.39,666.85,,-0.1564,-1.8063,-0.395,-0.555,0,zupt
1785677071.901414,36.1542,0,8,8,656.49,163.39,666.85,,0.0,0.0,-0.395,-0.555,0,zupt
1785677071.9189103,36.1716,0,8,8,656.49,163.39,666.85,,0.0,0.0,-0.395,-0.555,0,zupt
1785677071.934449,36.1872,0,8,8,656.49,163.39,666.85,,-0.6954,-2.019,-0.406,-0.586,0,zupt
1785677071.9512959,36.204,0,8,8,656.49,163.39,666.85,,0.0,0.0,-0.406,-0.586,0,zupt
1785677071.968222,36.221,0,8,8,656.49,163.39,666.85,,-0.6858,-2.1296,-0.418,-0.622,0,zupt
1785677071.9846134,36.2373,0,8,8,656.49,163.39,666.85,,0.0,0.0,-0.418,-0.622,0,zupt
1785677072.0016356,36.2544,0,8,8,656.49,163.39,666.85,,0.0,0.0,-0.418,-0.622,0,zupt
1785677072.0195255,36.2723,0,8,8,656.49,163.39,666.85,,-0.4198,-2.366,-0.425,-0.665,0,zupt
1785677072.03642,36.2892,0,8,8,656.49,163.39,666.85,,0.0,0.0,-0.425,-0.665,0,zupt
1785677072.0530226,36.3058,0,8,8,656.49,163.39,666.85,,-0.2003,-3.223,-0.428,-0.718,0,zupt
1785677072.069171,36.3219,0,8,8,656.49,163.39,666.85,,0.0,0.0,-0.428,-0.718,0,zupt
1785677072.0850565,36.3378,0,8,8,656.49,163.39,666.85,,0.1482,-3.6713,-0.426,-0.777,0,zupt
1785677072.101453,36.3542,0,8,8,656.49,163.39,666.85,,0.0,0.0,-0.426,-0.777,0,zupt
1785677072.118803,36.3715,0,8,8,656.49,163.39,666.85,,0.0,0.0,-0.426,-0.777,0,zupt
1785677072.1353571,36.3881,0,8,8,656.49,163.39,666.85,,0.1971,-2.8969,-0.423,-0.825,0,zupt
1785677072.1528893,36.4056,0,8,8,656.49,163.39,666.85,,0.0,0.0,-0.423,-0.825,0,zupt
1785677072.1688411,36.4216,0,8,8,656.49,163.39,666.85,,0.0613,-2.3463,-0.422,-0.862,0,zupt
1785677072.1844044,36.4371,0,8,8,656.49,163.39,666.85,,0.0,0.0,-0.422,-0.862,0,zupt
1785677072.2013357,36.4541,0,8,8,656.49,163.39,666.85,,0.0138,-1.6284,-0.422,-0.89,0,zupt
1785677072.2188873,36.4716,0,8,8,656.49,163.39,666.85,,0.0,0.0,-0.422,-0.89,0,zupt
1785677072.2350597,36.4878,0,8,8,656.49,163.39,666.85,,0.0,0.0,-0.422,-0.89,0,zupt
1785677072.2506647,36.5034,0,8,8,656.49,163.39,666.85,,-0.3469,-1.079,-0.427,-0.906,0,zupt
1785677072.2679358,36.5207,0,8,8,656.49,163.39,666.85,,0.0,0.0,-0.427,-0.906,0,zupt
1785677072.2840536,36.5368,0,8,8,656.49,163.39,666.85,,-0.2793,-0.4024,-0.431,-0.913,0,zupt
1785677072.2998095,36.5525,0,8,8,656.49,163.39,666.85,,0.0,0.0,-0.431,-0.913,0,zupt
1785677072.3170526,36.5698,0,8,8,656.49,163.39,666.85,,0.0,0.0,-0.431,-0.913,0,zupt
1785677072.332638,36.5854,0,8,8,656.49,163.39,666.85,,0.0,0.0,-0.431,-0.913,0,zupt
1785677072.3498144,36.6026,0,8,8,656.49,163.39,666.85,,-0.3449,0.2934,-0.437,-0.908,0,zupt
1785677072.3657935,36.6185,0,8,8,656.49,163.39,666.85,,0.0,0.0,-0.437,-0.908,0,zupt
1785677072.3827941,36.6355,0,8,8,656.49,163.39,666.85,,0.0,0.0,-0.437,-0.908,0,zupt
1785677072.3985865,36.6513,0,8,8,656.49,163.39,666.85,,0.0,0.0,-0.437,-0.908,0,zupt
1785677072.4160495,36.6688,0,8,8,656.49,163.39,666.85,,0.0,0.0,-0.437,-0.908,0,zupt
1785677072.4329054,36.6856,0,8,8,656.49,163.39,666.85,,0.0,0.0,-0.437,-0.908,0,zupt
1785677072.4487622,36.7015,0,8,8,656.49,163.39,666.85,,0.0,0.0,-0.437,-0.908,0,zupt
1785677072.4647593,36.7175,0,8,8,656.49,163.39,666.85,,-0.0332,0.5645,-0.438,-0.899,0,zupt
1785677072.4819536,36.7347,0,8,8,656.49,163.39,666.85,,0.0,0.0,-0.438,-0.899,0,zupt
1785677072.4979124,36.7506,0,8,8,656.49,163.39,666.85,,0.0,0.0,-0.438,-0.899,0,zupt
1785677072.5134428,36.7662,0,8,8,656.49,163.39,666.85,,0.213,0.477,-0.435,-0.891,0,zupt
1785677072.530584,36.7833,0,8,8,656.49,163.39,666.85,,0.0,0.0,-0.435,-0.891,0,zupt
1785677072.5473778,36.8001,0,8,8,656.49,163.39,666.85,,-0.0368,0.3535,-0.435,-0.885,0,zupt
1785677072.5648997,36.8176,0,8,8,656.49,163.39,666.85,,0.0,0.0,-0.435,-0.885,0,zupt
1785677072.5810163,36.8338,0,8,8,656.49,163.39,666.85,,0.0,0.0,-0.435,-0.885,0,zupt
1785677072.5969203,36.8497,0,8,8,656.49,163.39,666.85,,0.1163,0.308,-0.433,-0.881,0,zupt
1785677072.6127477,36.8655,0,8,8,656.49,163.39,666.85,,0.0,0.0,-0.433,-0.881,0,zupt
1785677072.6293685,36.8821,0,8,8,656.49,163.39,666.85,,0.0,0.0,-0.433,-0.881,0,zupt
1785677072.6472948,36.9,0,8,8,656.49,163.39,666.85,,0.0873,0.2045,-0.432,-0.877,0,zupt
1785677072.6639721,36.9167,0,8,8,656.49,163.39,666.85,,0.0,0.0,-0.432,-0.877,0,zupt
1785677072.6796377,36.9324,0,8,8,656.49,163.39,666.85,,0.0128,0.1622,-0.432,-0.874,0,zupt
1785677072.6961784,36.9489,0,8,8,656.49,163.39,666.85,,0.0,0.0,-0.432,-0.874,0,zupt
1785677072.7128797,36.9656,0,8,8,656.49,163.39,666.85,,-0.0124,0.1778,-0.432,-0.871,0,zupt
1785677072.7292664,36.982,0,8,8,656.49,163.39,666.85,,0.0,0.0,-0.432,-0.871,0,zupt
1785677072.745074,36.9978,0,8,8,656.49,163.39,666.85,,0.0,0.0,-0.432,-0.871,0,zupt
1785677072.7611709,37.0139,0,8,8,656.49,163.39,666.85,,-0.1196,0.1544,-0.434,-0.869,0,zupt
1785677072.777587,37.0303,0,8,8,656.49,163.39,666.85,,0.0,0.0,-0.434,-0.869,0,zupt
1785677072.795158,37.0479,0,8,8,656.49,163.39,666.85,,-0.0944,0.1736,-0.435,-0.866,0,zupt
1785677072.8114185,37.0642,0,8,8,656.49,163.39,666.85,,0.0,0.0,-0.435,-0.866,0,zupt
1785677072.828782,37.0815,0,8,8,656.49,163.39,666.85,,0.0,0.0,-0.435,-0.866,0,zupt
1785677072.844685,37.0974,0,8,8,656.49,163.39,666.85,,-0.0571,0.1882,-0.436,-0.863,0,zupt
1785677072.8612695,37.114,0,8,8,656.49,163.39,666.85,,0.0,0.0,-0.436,-0.863,0,zupt
1785677072.8779294,37.1307,0,8,8,656.49,163.39,666.85,,0.0531,0.1315,-0.435,-0.861,0,zupt
1785677072.8936732,37.1464,0,8,8,656.49,163.39,666.85,,0.0,0.0,-0.435,-0.861,0,zupt
1785677072.910172,37.1629,0,8,8,656.49,163.39,666.85,,0.0404,0.0871,-0.435,-0.859,0,zupt
1785677072.9264884,37.1792,0,8,8,656.49,163.39,666.85,,0.0,0.0,-0.435,-0.859,0,zupt
1785677072.9440196,37.1968,0,8,8,656.49,163.39,666.85,,0.0,0.0,-0.435,-0.859,0,zupt
1785677072.9605227,37.2133,0,8,8,656.49,163.39,666.85,,0.0583,0.132,-0.434,-0.857,0,zupt
1785677072.9774363,37.2302,0,8,8,656.49,163.39,666.85,,0.0,0.0,-0.434,-0.857,0,zupt
1785677072.9941041,37.2468,0,8,8,656.49,163.39,666.85,,0.0,0.0,-0.434,-0.857,0,zupt
1785677073.009659,37.2624,0,8,8,656.49,163.39,666.85,,0.0416,0.0682,-0.433,-0.856,0,zupt
1785677073.0263586,37.2791,0,8,8,656.49,163.39,666.85,,0.0,0.0,-0.433,-0.856,0,zupt
1785677073.042978,37.2957,0,8,8,656.49,163.39,666.85,,0.0,0.0,-0.433,-0.856,0,zupt
1785677073.0585368,37.3113,0,8,8,656.49,163.39,666.85,,0.0,0.0,-0.433,-0.856,0,zupt
1785677073.0757232,37.3285,0,8,8,656.49,163.39,666.85,,0.0,0.0,-0.433,-0.856,0,zupt
1785677073.0928714,37.3456,0,8,8,656.49,163.39,666.85,,-0.0147,0.1572,-0.433,-0.853,0,zupt
1785677073.1090047,37.3617,0,8,8,656.49,163.39,666.85,,0.0,0.0,-0.433,-0.853,0,zupt
1785677073.125873,37.3786,0,8,8,656.49,163.39,666.85,,0.0,0.0,-0.433,-0.853,0,zupt
1785677073.142907,37.3956,0,8,8,656.49,163.39,666.85,,0.0,0.0,-0.433,-0.853,0,zupt
1785677073.1586187,37.4114,0,8,8,656.49,163.39,666.85,,0.0,0.0,-0.433,-0.853,0,zupt
1785677073.1757195,37.4285,0,8,8,656.49,163.39,666.85,,0.0,0.0,-0.433,-0.853,0,zupt
1785677073.1928205,37.4456,0,8,8,656.49,163.39,666.85,,0.0,0.0,-0.433,-0.853,0,zupt
1785677073.209168,37.4619,0,8,8,656.49,163.39,666.85,,0.0,0.0,-0.433,-0.853,0,zupt
1785677073.224996,37.4777,0,8,8,656.49,163.39,666.85,,0.0,0.0,-0.433,-0.853,0,zupt
1785677073.240704,37.4934,0,8,8,656.49,163.39,666.85,,0.0,0.0,-0.433,-0.853,0,zupt
1785677073.2572103,37.5099,0,8,8,656.49,163.39,666.85,,0.0,0.0,-0.433,-0.853,0,zupt
1785677073.2737372,37.5265,0,8,8,656.49,163.39,666.85,,0.0,0.0,-0.433,-0.853,0,zupt
1785677073.2893536,37.5421,0,8,8,656.49,163.39,666.85,,0.0,0.0,-0.433,-0.853,0,zupt
1785677073.3061597,37.5589,0,8,8,656.49,163.39,666.85,,0.0,0.0,-0.433,-0.853,0,zupt
1785677073.321818,37.5746,0,8,8,656.49,163.39,666.85,,0.0,0.0,-0.433,-0.853,0,zupt
1785677073.3382554,37.591,0,8,8,656.49,163.39,666.85,,0.0,0.0,-0.433,-0.853,0,zupt
1785677073.3556616,37.6084,0,8,8,656.49,163.39,666.85,,0.0,0.0,-0.433,-0.853,0,zupt
1785677073.3722274,37.625,0,8,8,656.49,163.39,666.85,,0.0,0.0,-0.433,-0.853,0,zupt
1785677073.3879368,37.6407,0,8,8,656.49,163.39,666.85,,0.0,0.0,-0.433,-0.853,0,zupt
1785677073.4041016,37.6568,0,8,8,656.49,163.39,666.85,,0.0,0.0,-0.433,-0.853,0,zupt
1785677073.4198499,37.6726,0,8,8,656.49,163.39,666.85,,0.0,0.0,-0.433,-0.853,0,zupt
1785677073.4358122,37.6885,0,8,8,656.49,163.39,666.85,,0.0,0.0,-0.433,-0.853,0,zupt
1785677073.4517663,37.7045,0,8,8,656.49,163.39,666.85,,0.0,0.0,-0.433,-0.853,0,zupt
1785677073.4693532,37.7221,0,8,8,656.49,163.39,666.85,,0.0,0.0,-0.433,-0.853,0,zupt
1785677073.4861012,37.7388,0,8,8,656.49,163.39,666.85,,0.0,0.0,-0.433,-0.853,0,zupt
1785677073.501961,37.7547,0,8,8,656.49,163.39,666.85,,0.0,0.0,-0.433,-0.853,0,zupt
1785677073.5181944,37.7709,0,8,8,656.49,163.39,666.85,,0.0,0.0,-0.433,-0.853,0,zupt
1785677073.5337853,37.7865,0,8,8,656.49,163.39,666.85,,0.0,0.0,-0.433,-0.853,0,zupt
1785677073.5501294,37.8029,0,8,8,656.49,163.39,666.85,,0.0,0.0,-0.433,-0.853,0,zupt
1785677073.5668545,37.8196,0,8,8,656.49,163.39,666.85,,0.0,0.0,-0.433,-0.853,0,zupt
1785677073.5827553,37.8355,0,8,8,656.49,163.39,666.85,,0.0,0.0,-0.433,-0.853,0,zupt
1785677073.5989788,37.8517,0,8,8,656.49,163.39,666.85,,0.0,0.0,-0.433,-0.853,0,zupt
1785677073.614666,37.8674,0,8,8,656.49,163.39,666.85,,0.0,0.0,-0.433,-0.853,0,zupt
1785677073.6314332,37.8842,0,8,8,656.49,163.39,666.85,,0.0,0.0,-0.433,-0.853,0,zupt
1785677073.6485968,37.9013,0,8,8,656.49,163.39,666.85,,0.0,0.0,-0.433,-0.853,0,zupt
1785677073.665394,37.9181,0,8,8,656.49,163.39,666.85,,0.0,0.0,-0.433,-0.853,0,zupt
1785677073.6820407,37.9348,0,8,8,656.49,163.39,666.85,,0.0,0.0,-0.433,-0.853,0,zupt
1785677073.6979182,37.9507,0,8,8,656.49,163.39,666.85,,0.0,0.0,-0.433,-0.853,0,zupt
1785677073.7136698,37.9664,0,8,8,656.49,163.39,666.85,,0.0,0.0,-0.433,-0.853,0,zupt
1785677073.7296104,37.9823,0,8,8,656.49,163.39,666.85,,0.0,0.0,-0.433,-0.853,0,zupt
1785677073.7464151,37.9992,0,8,8,656.49,163.39,666.85,,0.0,0.0,-0.433,-0.853,0,zupt
1785677073.7638593,38.0166,0,8,8,656.49,163.39,666.85,,0.0,0.0,-0.433,-0.853,0,zupt
1785677073.7801788,38.0329,0,8,8,656.49,163.39,666.85,,0.0,0.0,-0.433,-0.853,0,zupt
1785677073.7961454,38.0489,0,8,8,656.49,163.39,666.85,,0.0,0.0,-0.433,-0.853,0,zupt
1785677073.8117776,38.0645,0,8,8,656.49,163.39,666.85,,0.0,0.0,-0.433,-0.853,0,zupt
1785677073.8279815,38.0807,0,8,8,656.49,163.39,666.85,,0.0,0.0,-0.433,-0.853,0,zupt
1785677073.8443124,38.097,0,8,8,656.49,163.39,666.85,,0.0,0.0,-0.433,-0.853,0,zupt
1785677073.8611345,38.1139,0,8,8,656.49,163.39,666.85,,0.0,0.0,-0.433,-0.853,0,zupt
1785677073.8769453,38.1297,0,8,8,656.49,163.39,666.85,,0.0,0.0,-0.433,-0.853,0,zupt
1785677073.8927627,38.1455,0,8,8,656.49,163.39,666.85,,0.0,0.0,-0.433,-0.853,0,zupt
1785677073.909155,38.1619,0,8,8,656.49,163.39,666.85,,0.0,0.0,-0.433,-0.853,0,zupt
1785677073.9258668,38.1786,0,8,8,656.49,163.39,666.85,,0.0,0.0,-0.433,-0.853,0,zupt
1785677073.9414208,38.1942,0,8,8,656.49,163.39,666.85,,0.0,0.0,-0.433,-0.853,0,zupt
1785677073.9582598,38.211,0,8,8,656.49,163.39,666.85,,0.0,0.0,-0.433,-0.853,0,zupt
1785677073.974257,38.227,0,8,8,656.49,163.39,666.85,,0.0,0.0,-0.433,-0.853,0,zupt
1785677073.9910028,38.2437,0,8,8,656.49,163.39,666.85,,0.0,0.0,-0.433,-0.853,0,zupt
1785677074.0068388,38.2596,0,8,8,656.49,163.39,666.85,,0.0,0.0,-0.433,-0.853,0,zupt
1785677074.0225198,38.2753,0,8,8,656.49,163.39,666.85,,0.0,0.0,-0.433,-0.853,0,zupt
1785677074.0401013,38.2928,0,8,8,656.49,163.39,666.85,,0.0,0.0,-0.433,-0.853,0,zupt
1785677074.0558596,38.3086,0,8,8,656.49,163.39,666.85,,0.0,0.0,-0.433,-0.853,0,zupt
1785677074.0713995,38.3241,0,8,8,656.49,163.39,666.85,,0.0,0.0,-0.433,-0.853,0,zupt
1785677074.0879757,38.3407,0,8,8,656.49,163.39,666.85,,0.0,0.0,-0.433,-0.853,0,zupt
1785677074.1038876,38.3566,0,8,8,656.49,163.39,666.85,,0.0,0.0,-0.433,-0.853,0,zupt
1785677074.1196117,38.3723,0,8,8,656.49,163.39,666.85,,0.0,0.0,-0.433,-0.853,0,zupt
1785677074.1361585,38.3889,0,8,8,656.49,163.39,666.85,,0.0,0.0,-0.433,-0.853,0,zupt
1785677074.1526878,38.4054,0,8,8,656.49,163.39,666.85,,0.0,0.0,-0.433,-0.853,0,zupt
1785677074.1697366,38.4225,0,8,8,656.49,163.39,666.85,,0.0,0.0,-0.433,-0.853,0,zupt
1785677074.1863728,38.4391,0,8,8,656.49,163.39,666.85,,-0.0238,0.1649,-0.434,-0.851,0,zupt
1785677074.2037442,38.4565,0,8,8,656.49,163.39,666.85,,0.0,0.0,-0.434,-0.851,0,zupt
1785677074.219529,38.4723,0,8,8,656.49,163.39,666.85,,-0.0548,0.1545,-0.435,-0.848,0,zupt
1785677074.236,38.4887,0,8,8,656.49,163.39,666.85,,0.0,0.0,-0.435,-0.848,0,zupt
1785677074.251887,38.5046,0,8,8,656.49,163.39,666.85,,0.0,0.0,-0.435,-0.848,0,zupt
1785677074.268294,38.521,0,8,8,656.49,163.39,666.85,,-0.0445,0.1304,-0.435,-0.846,0,zupt
1785677074.2848408,38.5376,0,8,8,656.49,163.39,666.85,,0.0,0.0,-0.435,-0.846,0,zupt
1785677074.3009531,38.5537,0,8,8,656.49,163.39,666.85,,-0.0248,0.1184,-0.436,-0.844,0,zupt
1785677074.3173492,38.5701,0,8,8,656.49,163.39,666.85,,0.0,0.0,-0.436,-0.844,0,zupt
1785677074.3339007,38.5866,0,8,8,656.49,163.39,666.85,,0.0539,0.1159,-0.435,-0.842,0,zupt
1785677074.3494523,38.6022,0,8,8,656.49,163.39,666.85,,0.0,0.0,-0.435,-0.842,0,zupt
1785677074.3661036,38.6188,0,8,8,656.49,163.39,666.85,,0.0,0.0,-0.435,-0.842,0,zupt
1785677074.3817568,38.6345,0,8,8,656.49,163.39,666.85,,-0.0308,0.135,-0.435,-0.84,0,zupt
1785677074.3989778,38.6517,0,8,8,656.49,163.39,666.85,,0.0,0.0,-0.435,-0.84,0,zupt
1785677074.4148798,38.6676,0,8,8,656.49,163.39,666.85,,0.021,0.1324,-0.435,-0.838,0,zupt
1785677074.4305334,38.6833,0,8,8,656.49,163.39,666.85,,0.0,0.0,-0.435,-0.838,0,zupt
1785677074.447913,38.7006,0,8,8,656.49,163.39,666.85,,0.0,0.0,-0.435,-0.838,0,zupt
1785677074.4641476,38.7169,0,8,8,656.49,163.39,666.85,,-0.0211,0.109,-0.435,-0.836,0,zupt
1785677074.4799294,38.7327,0,8,8,656.49,163.39,666.85,,0.0,0.0,-0.435,-0.836,0,zupt
1785677074.49627,38.749,0,8,8,656.49,163.39,666.85,,0.0,0.0,-0.435,-0.836,0,zupt
1785677074.5117674,38.7645,0,8,8,656.49,163.39,666.85,,0.0,0.0,-0.435,-0.836,0,zupt
1785677074.5292943,38.782,0,8,8,656.49,163.39,666.85,,-0.021,0.1015,-0.436,-0.834,0,zupt
1785677074.54681,38.7995,0,8,8,656.49,163.39,666.85,,0.0,0.0,-0.436,-0.834,0,zupt
1785677074.5625257,38.8153,0,8,8,656.49,163.39,666.85,,0.0,0.0,-0.436,-0.834,0,zupt
1785677074.5799115,38.8326,0,8,8,656.49,163.39,666.85,,0.0,0.0,-0.436,-0.834,0,zupt
1785677074.5961475,38.8489,0,8,8,656.49,163.39,666.85,,0.0,0.0,-0.436,-0.834,0,zupt
1785677074.6117961,38.8645,0,8,8,656.49,163.39,666.85,,0.0103,0.0648,-0.436,-0.833,0,zupt
1785677074.628902,38.8816,0,8,8,656.49,163.39,666.85,,0.0,0.0,-0.436,-0.833,0,zupt
1785677074.6447568,38.8975,0,8,8,656.49,163.39,666.85,,0.0,0.0,-0.436,-0.833,0,zupt
1785677074.6607838,38.9135,0,8,8,656.49,163.39,666.85,,0.0,0.0,-0.436,-0.833,0,zupt
1785677074.676587,38.9293,0,8,8,656.49,163.39,666.85,,-0.1093,0.0814,-0.437,-0.832,0,zupt
1785677074.693921,38.9467,0,8,8,656.49,163.39,666.85,,0.0,0.0,-0.437,-0.832,0,zupt
1785677074.7100015,38.9627,0,8,8,656.49,163.39,666.85,,0.0,0.0,-0.437,-0.832,0,zupt
1785677074.7256162,38.9784,0,8,8,656.49,163.39,666.85,,0.0082,0.1084,-0.437,-0.83,0,zupt
1785677074.7425687,38.9953,0,8,8,656.49,163.39,666.85,,0.0,0.0,-0.437,-0.83,0,zupt
1785677074.7600439,39.0128,0,8,8,656.49,163.39,666.85,,-0.0537,0.1155,-0.438,-0.828,0,zupt
1785677074.7757466,39.0285,0,8,8,656.49,163.39,666.85,,0.0,0.0,-0.438,-0.828,0,zupt
1785677074.7923765,39.0451,0,8,8,656.49,163.39,666.85,,0.0,0.0,-0.438,-0.828,0,zupt
1785677074.8099482,39.0627,0,8,8,656.49,163.39,666.85,,0.0673,0.093,-0.437,-0.827,0,zupt
1785677074.8259428,39.0787,0,8,8,656.49,163.39,666.85,,0.0,0.0,-0.437,-0.827,0,zupt
1785677074.8416893,39.0944,0,8,8,656.49,163.39,666.85,,-0.0303,0.0714,-0.437,-0.826,0,zupt
1785677074.8583765,39.1111,0,8,8,656.49,163.39,666.85,,0.0,0.0,-0.437,-0.826,0,zupt
1785677074.8749862,39.1277,0,8,8,656.49,163.39,666.85,,0.0,0.0,-0.437,-0.826,0,zupt
1785677074.8911138,39.1438,0,8,8,656.49,163.39,666.85,,0.0,0.0,-0.437,-0.826,0,zupt
1785677074.9068716,39.1596,0,8,8,656.49,163.39,666.85,,0.0,0.0,-0.437,-0.826,0,zupt
1785677074.9228926,39.1756,0,8,8,656.49,163.39,666.85,,0.0,0.0,-0.437,-0.826,0,zupt
1785677074.9394033,39.1921,0,8,8,656.49,163.39,666.85,,0.0,0.0,-0.437,-0.826,0,zupt
1785677074.9562743,39.209,0,8,8,656.49,163.39,666.85,,0.0,0.0,-0.437,-0.826,0,zupt
1785677074.9729567,39.2257,0,8,8,656.49,163.39,666.85,,0.0,0.0,-0.437,-0.826,0,zupt
1785677074.988771,39.2415,0,8,8,656.49,163.39,666.85,,0.0,0.0,-0.437,-0.826,0,zupt
1785677075.006048,39.2588,0,8,8,656.49,163.39,666.85,,0.0,0.0,-0.437,-0.826,0,zupt
1785677075.021787,39.2745,0,8,8,656.49,163.39,666.85,,0.0,0.0,-0.437,-0.826,0,zupt
1785677075.0375822,39.2903,0,8,8,656.49,163.39,666.85,,0.0,0.0,-0.437,-0.826,0,zupt
1785677075.0548918,39.3076,0,8,8,656.49,163.39,666.85,,0.0,0.0,-0.437,-0.826,0,zupt
1785677075.0712252,39.324,0,8,8,656.49,163.39,666.85,,0.0,0.0,-0.437,-0.826,0,zupt
1785677075.08678,39.3395,0,8,8,656.49,163.39,666.85,,0.0,0.0,-0.437,-0.826,0,zupt
1785677075.1038744,39.3566,0,8,8,656.49,163.39,666.85,,-0.0441,0.1077,-0.438,-0.824,0,zupt
1785677075.1201248,39.3729,0,8,8,656.49,163.39,666.85,,0.0,0.0,-0.438,-0.824,0,zupt
1785677075.1362188,39.389,0,8,8,656.49,163.39,666.85,,-0.0584,0.1342,-0.439,-0.822,0,zupt
1785677075.1517587,39.4045,0,8,8,656.49,163.39,666.85,,0.0,0.0,-0.439,-0.822,0,zupt
1785677075.1677427,39.4205,0,8,8,656.49,163.39,666.85,,-0.007,0.147,-0.439,-0.819,0,zupt
1785677075.1839492,39.4367,0,8,8,656.49,163.39,666.85,,0.0,0.0,-0.439,-0.819,0,zupt
1785677075.1995933,39.4523,0,8,8,656.49,163.39,666.85,,0.0,0.0,-0.439,-0.819,0,zupt
1785677075.2168481,39.4696,0,8.01,8.12,656.49,163.39,666.81,,0.0077,0.1341,0.0,0.002,1,zupt
1785677075.232806,39.4855,0,8.01,8.23,656.49,163.39,666.78,,0.0,0.0,0.0,0.002,0,zupt
1785677075.2496839,39.5024,0,8.02,8.35,656.49,163.39,666.75,,0.0,0.0,0.0,0.002,0,zupt
1785677075.266855,39.5196,0,8.03,8.47,656.49,163.39,666.71,,0.0,0.0,0.0,0.002,0,zupt
1785677075.2823753,39.5351,0,8.01,8.56,656.49,163.39,666.71,,-0.0229,0.1284,-0.0,0.002,1,zupt
1785677075.2991529,39.5519,0,8,8.66,656.49,163.39,666.7,,0.0,0.0,-0.0,0.002,0,zupt
1785677075.3147874,39.5675,0,8,8.75,656.49,163.39,666.67,,0.0,0.0,-0.0,0.002,0,zupt
1785677075.330602,39.5833,0,8,8.85,656.49,163.39,666.65,,0.0,0.0,-0.0,0.002,0,zupt
1785677075.3476365,39.6004,0,8,8.94,656.49,163.39,666.63,,-0.0204,0.102,-0.0,0.002,1,zupt
1785677075.3651752,39.6179,0,8,9.03,656.49,163.39,666.61,,0.0,0.0,-0.0,0.002,0,zupt
1785677075.3816433,39.6344,0,8,9.11,656.49,163.39,666.59,,0.0,0.0,-0.0,0.002,0,zupt
1785677075.3989732,39.6517,0,8,9.16,656.49,163.39,666.58,,-0.0081,0.0524,-0.0,0.001,1,zupt
1785677075.4148722,39.6676,0,8,9.2,656.49,163.39,666.57,,0.0,0.0,-0.0,0.001,0,zupt
1785677075.431278,39.684,0,8,9.25,656.49,163.39,666.56,,0.0,0.0,-0.0,0.001,0,zupt
1785677075.4480698,39.7008,0,8.04,9.33,656.49,163.39,666.5,,0.0519,0.0935,0.001,0.002,1,zupt
1785677075.4637742,39.7165,0,8.08,9.4,656.49,163.39,666.44,,0.0,0.0,0.001,0.002,0,zupt
1785677075.4796402,39.7324,0,8.1,9.49,656.49,163.39,666.41,,0.021,0.1121,0.0,0.002,1,zupt
1785677075.4964864,39.7492,0,8.12,9.58,656.49,163.39,666.37,,0.0,0.0,0.0,0.002,0,zupt
1785677075.5139961,39.7667,0,8.14,9.67,656.49,163.39,666.33,,0.0,0.0,0.0,0.002,0,zupt
1785677075.530184,39.7829,0,8.08,9.75,656.49,163.39,666.36,,-0.0642,0.1049,-0.001,0.002,1,zupt
1785677075.5464115,39.7991,0,8.03,9.84,656.49,163.39,666.39,,0.0,0.0,-0.001,0.002,0,zupt
1785677075.5630298,39.8158,0,8.01,9.94,656.49,163.39,666.39,,-0.0268,0.1299,-0.0,0.002,1,zupt
1785677075.5794184,39.8322,0,8,10.05,656.49,163.39,666.37,,0.0,0.0,-0.0,0.002,0,zupt
1785677075.5960226,39.8488,0,8,10.16,656.49,163.39,666.35,,0.0,0.0,-0.0,0.002,0,zupt
1785677075.6127172,39.8655,0,8.04,10.23,656.49,163.39,666.29,,0.0481,0.0829,0.001,0.001,1,zupt
1785677075.6295795,39.8823,0,8.08,10.3,656.49,163.39,666.24,,0.0,0.0,0.001,0.001,0,zupt
1785677075.6462123,39.8989,0,8.08,10.36,656.49,163.39,666.23,,-0.0018,0.0759,-0.0,0.001,1,zupt
1785677075.6627927,39.9155,0,8.08,10.42,656.49,163.39,666.21,,0.0,0.0,-0.0,0.001,0,zupt
1785677075.6785924,39.9313,0,8.08,10.48,656.49,163.39,666.2,,0.0,0.0,-0.0,0.001,0,zupt
1785677075.6945949,39.9473,0,8.08,10.58,656.49,163.39,666.18,,0.0002,0.1308,0.0,0.002,1,zupt
1785677075.7119505,39.9647,0,8.08,10.69,656.49,163.39,666.15,,0.0,0.0,0.0,0.002,0,zupt
1785677075.727668,39.9804,0,8.06,10.77,656.49,163.39,666.15,,-0.0229,0.1046,-0.0,0.002,1,zupt
1785677075.744594,39.9973,0,8.04,10.85,656.49,163.39,666.15,,0.0,0.0,-0.0,0.002,0,zupt
1785677075.7616963,40.0144,0,8.03,10.94,656.49,163.39,666.14,,-0.0159,0.1005,-0.0,0.002,1,zupt
1785677075.7786238,40.0314,0,8.01,11.03,656.49,163.39,666.14,,0.0,0.0,-0.0,0.002,0,zupt
1785677075.7959857,40.0487,0,8,11.12,656.49,163.39,666.13,,0.0,0.0,-0.0,0.002,0,zupt
1785677075.8114717,40.0642,0,8.02,11.18,656.49,163.39,666.1,,0.0253,0.0875,0.0,0.001,1,zupt
1785677075.828143,40.0809,0,8.04,11.25,656.49,163.39,666.06,,0.0,0.0,0.0,0.001,0,zupt
1785677075.8436992,40.0964,0,8.08,11.28,656.49,163.39,666.01,,0.0556,0.0513,0.001,0.001,1,zupt
1785677075.861024,40.1138,0,8.12,11.33,656.49,163.39,665.96,,0.0,0.0,0.001,0.001,0,zupt
1785677075.8774369,40.1302,0,8.12,11.38,656.49,163.39,665.95,,0.0018,0.0695,0.0,0.001,1,zupt
1785677075.894352,40.1471,0,8.13,11.44,656.49,163.39,665.93,,0.0,0.0,0.0,0.001,0,zupt
1785677075.9117699,40.1645,0,8.13,11.5,656.49,163.39,665.92,,0.0,0.0,0.0,0.001,0,zupt
1785677075.9278896,40.1806,0,8.08,11.59,656.49,163.39,665.94,,-0.058,0.1182,-0.001,0.002,1,zupt
1785677075.94364,40.1964,0,8.04,11.68,656.49,163.39,665.96,,0.0,0.0,-0.001,0.002,0,zupt
1785677075.9607778,40.2135,0,8,11.78,656.49,163.39,665.98,,0.0,0.0,-0.001,0.002,0,zupt
1785677075.9765308,40.2293,0,8,11.87,656.49,163.39,665.96,,0.0,0.0,-0.001,0.002,0,zupt
1785677075.9938228,40.2466,0,8,12.0,656.49,163.39,665.93,,-0.0114,0.1401,-0.0,0.002,1,zupt
1785677076.0094962,40.2622,0,8,12.11,656.49,163.39,665.9,,0.0,0.0,-0.0,0.002,0,zupt
1785677076.027297,40.28,0,8,12.24,656.49,163.39,665.87,,0.0,0.0,-0.0,0.002,0,zupt
1785677076.043881,40.2966,0,8,12.36,656.49,163.39,665.85,,0.0,0.0,-0.0,0.002,0,zupt
1785677076.0599027,40.3126,0,8,12.46,656.49,163.39,665.82,,-0.0239,0.1303,-0.0,0.002,1,zupt
1785677076.0754538,40.3282,0,8,12.56,656.49,163.39,665.8,,0.0,0.0,-0.0,0.002,0,zupt
1785677076.09257,40.3453,0,8,12.66,656.49,163.39,665.78,,0.0,0.0,-0.0,0.002,0,zupt
1785677076.1091607,40.3619,0,8,12.77,656.49,163.39,665.75,,0.0,0.0,-0.0,0.002,0,zupt
1785677076.1247995,40.3775,0,8,12.87,656.49,163.39,665.73,,0.0,0.0,-0.0,0.002,0,zupt
1785677076.1419756,40.3947,0,8,12.96,656.49,163.39,665.71,,-0.0358,0.1092,-0.001,0.002,1,zupt
1785677076.1584914,40.4112,0,8,13.06,656.49,163.39,665.69,,0.0,0.0,-0.001,0.002,0,zupt
1785677076.1745026,40.4272,0,8,13.12,656.49,163.39,665.68,,-0.0407,0.0785,-0.001,0.001,1,zupt
1785677076.191519,40.4443,0,8,13.18,656.49,163.39,665.66,,0.0,0.0,-0.001,0.001,0,zupt
1785677076.209119,40.4619,0,8,13.25,656.49,163.39,665.65,,0.0,0.0,-0.001,0.001,0,zupt
1785677076.224884,40.4776,0,8.04,13.28,656.49,163.39,665.6,,0.0546,0.0416,0.001,0.001,1,zupt
1785677076.2407804,40.4935,0,8.08,13.31,656.49,163.39,665.55,,0.0,0.0,0.001,0.001,0,zupt
1785677076.2571282,40.5099,0,8.13,13.34,656.49,163.39,665.49,,0.0662,0.041,0.001,0.001,1,zupt
1785677076.2727566,40.5255,0,8.19,13.37,656.49,163.39,665.44,,0.0,0.0,0.001,0.001,0,zupt
1785677076.290123,40.5429,0,8.24,13.41,656.49,163.39,665.37,,0.0,0.0,0.001,0.001,0,zupt
1785677076.3059418,40.5587,0,8.21,13.46,656.49,163.39,665.39,,-0.036,0.072,-0.001,0.001,1,zupt
1785677076.3216727,40.5744,0,8.19,13.52,656.49,163.39,665.4,,0.0,0.0,-0.001,0.001,0,zupt
1785677076.3382707,40.591,0,8.16,13.58,656.49,163.39,665.42,,-0.039,0.0718,-0.001,0.001,1,zupt
1785677076.353948,40.6067,0,8.13,13.63,656.49,163.39,665.44,,0.0,0.0,-0.001,0.001,0,zupt
1785677076.369575,40.6223,0,8.09,13.69,656.49,163.39,665.45,,0.0,0.0,-0.001,0.001,0,zupt
1785677076.3870468,40.6398,0,8.1,13.78,656.49,163.39,665.43,,0.0044,0.1033,0.0,0.002,1,zupt
1785677076.4026368,40.6554,0,8.1,13.87,656.49,163.39,665.41,,0.0,0.0,0.0,0.002,0,zupt
1785677076.4191906,40.6719,0,8.11,13.95,656.49,163.39,665.38,,0.0077,0.0965,0.0,0.002,1,zupt
1785677076.4355814,40.6883,0,8.12,14.02,656.49,163.39,665.36,,0.0,0.0,0.0,0.002,0,zupt
1785677076.4530256,40.7058,0,8.12,14.11,656.49,163.39,665.33,,0.0,0.0,0.0,0.002,0,zupt
1785677076.4687767,40.7215,0,8.12,14.17,656.49,163.39,665.32,,-0.0078,0.0885,-0.0,0.001,1,zupt
1785677076.4846172,40.7374,0,8.11,14.24,656.49,163.39,665.32,,0.0,0.0,-0.0,0.001,0,zupt
1785677076.5017443,40.7545,0,8.1,14.34,656.49,163.39,665.3,,-0.0068,0.1159,-0.0,0.002,1,zupt
1785677076.519302,40.772,0,8.1,14.45,656.49,163.39,665.28,,0.0,0.0,-0.0,0.002,0,zupt
1785677076.5358703,40.7886,0,8.09,14.55,656.49,163.39,665.26,,0.0,0.0,-0.0,0.002,0,zupt
1785677076.5515847,40.8043,0,8.05,14.64,656.49,163.39,665.28,,-0.0563,0.1322,-0.001,0.002,1,zupt
1785677076.568181,40.8209,0,8.01,14.75,656.49,163.39,665.3,,0.0,0.0,-0.001,0.002,0,zupt
1785677076.5849943,40.8377,0,8,14.86,656.49,163.39,665.28,,-0.028,0.1389,-0.0,0.002,1,zupt
1785677076.6006482,40.8534,0,8,14.97,656.49,163.39,665.26,,0.0,0.0,-0.0,0.002,0,zupt
1785677076.617943,40.8707,0,8,15.1,656.49,163.39,665.23,,0.0,0.0,-0.0,0.002,0,zupt
1785677076.6334932,40.8862,0,8,15.16,656.49,163.39,665.22,,-0.0147,0.0932,-0.0,0.001,1,zupt
1785677076.6508186,40.9036,0,8,15.24,656.49,163.39,665.2,,0.0,0.0,-0.0,0.001,0,zupt
1785677076.6666327,40.9194,0,8,15.29,656.49,163.39,665.19,,-0.0039,0.0683,-0.0,0.001,1,zupt
1785677076.6838965,40.9366,0,8,15.35,656.49,163.39,665.18,,0.0,0.0,-0.0,0.001,0,zupt
1785677076.7000334,40.9528,0,8,15.4,656.49,163.39,665.16,,0.0,0.0,-0.0,0.001,0,zupt
1785677076.7159338,40.9687,0,8,15.45,656.49,163.39,665.15,,0.0,0.0,-0.0,0.001,0,zupt
1785677076.7328136,40.9855,0,8,15.5,656.49,163.39,665.14,,0.0,0.0,-0.0,0.001,0,zupt
1785677076.7488627,41.0016,0,8.08,15.48,656.49,163.39,665.07,,0.1087,-0.1044,0.002,-0.001,0,zupt
1785677076.7651806,41.0179,0,8.16,15.45,656.49,163.39,664.99,,0.0,0.0,0.002,-0.001,0,zupt
1785677076.7808738,41.0336,0,8.24,15.42,656.49,163.39,664.92,,0.0,0.0,0.002,-0.001,0,zupt
1785677076.7967176,41.0495,0,8.32,15.39,656.49,163.39,664.85,,0.0,0.0,0.002,-0.001,0,zupt
1785677076.813774,41.0665,0,8.4,14.88,656.49,163.39,664.89,,-0.0081,-0.5442,0.002,-0.01,0,zupt
1785677076.829922,41.0827,0,8.48,14.41,656.49,163.39,664.92,,0.0,0.0,0.002,-0.01,0,zupt
1785677076.845793,41.0985,0,8.55,13.94,656.49,163.39,664.95,,0.0,0.0,0.002,-0.01,0,zupt
1785677076.8619316,41.1147,0,9.22,11.81,656.49,163.39,664.79,,0.756,-2.1113,0.014,-0.044,0,zupt
1785677076.878175,41.1309,0,9.89,9.67,656.49,163.39,664.63,,0.0,0.0,0.014,-0.044,0,zupt
1785677076.8943782,41.1471,0,10.55,8,656.49,163.39,664.37,,0.0,0.0,0.014,-0.044,0,zupt
1785677076.9110937,41.1638,0,11.51,8,656.49,163.39,663.44,,0.3166,-2.1511,0.019,-0.08,0,zupt
1785677076.9266188,41.1794,0,12.4,8,656.49,163.39,662.58,,0.0,0.0,0.019,-0.08,0,zupt
1785677076.9432223,41.196,0,13.34,8,656.49,163.39,661.65,,0.0,0.0,0.019,-0.08,0,zupt
1785677076.9600813,41.2128,0,14.31,8,656.49,163.39,660.72,,0.0,0.0,0.019,-0.08,0,zupt
1785677076.9758418,41.2286,0,15.21,8,656.49,163.39,659.84,,0.0,0.0,0.019,-0.08,0,zupt
1785677076.992907,41.2456,0,16.18,8,656.49,163.39,658.9,,0.0,0.0,0.019,-0.08,0,zupt
1785677077.008695,41.2614,0,17.08,8,656.49,163.39,658.02,,0.0,0.0,0.019,-0.08,0,zupt
1785677077.0244272,41.2772,0,17.98,8,656.49,163.39,657.15,,0.0,0.0,0.019,-0.08,0,zupt
1785677077.0416305,41.2944,0,18.96,8,656.49,163.39,656.19,,0.0,0.0,0.019,-0.08,0,zupt
1785677077.0584137,41.3111,0,19.92,8,656.49,163.39,655.26,,0.0,0.0,0.019,-0.08,0,zupt
1785677077.075842,41.3286,0,20.92,8,656.49,163.39,654.29,,0.0,0.0,0.019,-0.08,0,zupt
1785677077.092793,41.3455,0,21.89,8,656.49,163.39,653.35,,0.0,0.0,0.019,-0.08,0,zupt
1785677077.1086535,41.3614,0,22.79,8,656.49,163.39,652.47,,0.0,0.0,0.019,-0.08,0,zupt
1785677077.1258395,41.3786,0,23.77,8,656.49,163.39,651.52,,0.0,0.0,0.019,-0.08,0,zupt
1785677077.1419384,41.3947,0,24.69,8,656.49,163.39,650.63,,0.0,0.0,0.019,-0.08,0,zupt
1785677077.1577268,41.4105,0,25.59,8,656.49,163.39,649.75,,0.0,0.0,0.019,-0.08,0,zupt
1785677077.1750963,41.4278,0,26.59,8,656.49,163.39,648.79,,0.0,0.0,0.019,-0.08,0,zupt
1785677077.191303,41.444,0,27.51,8,656.49,163.39,647.89,,0.0,0.0,0.019,-0.08,0,zupt
1785677077.2077954,41.4605,0,28.45,8,656.49,163.39,646.98,,0.0,0.0,0.019,-0.08,0,zupt
1785677077.2234237,41.4762,0,29.35,8,656.49,163.39,646.11,,0.0,0.0,0.019,-0.08,0,zupt
1785677077.239994,41.4927,0,30.29,8,656.49,163.39,645.19,,0.0,0.0,0.019,-0.08,0,zupt
1785677077.2561755,41.5089,0,31.22,8,656.49,163.39,644.29,,0.0,0.0,0.019,-0.08,0,zupt
1785677077.271918,41.5247,0,32.12,8,656.49,163.39,643.42,,0.0,0.0,0.019,-0.08,0,zupt
1785677077.2876484,41.5404,0,33.01,8,656.49,163.39,642.55,,0.0,0.0,0.019,-0.08,0,zupt
1785677077.3049734,41.5577,0,34.0,8,656.49,163.39,641.59,,0.0,0.0,0.019,-0.08,0,zupt
1785677077.320502,41.5732,0,34.89,8,656.49,163.39,640.73,,0.0,0.0,0.019,-0.08,0,zupt
1785677077.337709,41.5904,0,35.87,8,656.49,163.39,639.78,,0.0,0.0,0.019,-0.08,0,zupt
1785677077.3550286,41.6078,0,36.86,8,656.49,163.39,638.82,,0.0,0.0,0.019,-0.08,0,zupt
1785677077.3717213,41.6245,0,37.82,8,656.49,163.39,637.89,,0.0,0.0,0.019,-0.08,0,zupt
1785677077.3890302,41.6418,0,38.8,8,656.49,163.39,636.93,,0.0,0.0,0.019,-0.08,0,zupt
1785677077.4048305,41.6576,0,39.71,8,656.49,163.39,636.06,,0.0,0.0,0.019,-0.08,0,zupt
1785677077.421879,41.6746,0,40.68,8,656.49,163.39,635.11,,0.0,0.0,0.019,-0.08,0,zupt
1785677077.4377575,41.6905,0,41.59,8,656.49,163.39,634.23,,0.0,0.0,0.019,-0.08,0,zupt
1785677077.453982,41.7067,0,42.51,8,656.49,163.39,633.34,,0.0,0.0,0.019,-0.08,0,zupt
1785677077.469653,41.7224,0,43.41,8,656.49,163.39,632.47,,0.0,0.0,0.019,-0.08,0,zupt
1785677077.4870706,41.7398,0,44.4,8,656.49,163.39,631.5,,0.0,0.0,0.019,-0.08,0,zupt
1785677077.5025625,41.7553,0,45.29,8,656.49,163.39,630.65,,0.0,0.0,0.019,-0.08,0,zupt
1785677077.5196054,41.7723,0,46.26,8,656.49,163.39,629.7,,0.0,0.0,0.019,-0.08,0,zupt
1785677077.5369208,41.7897,0,47.25,8,656.49,163.39,628.74,,0.0,0.0,0.019,-0.08,0,zupt
1785677077.5524073,41.8051,0,48.14,8,656.49,163.39,627.89,,0.0,0.0,0.019,-0.08,0,zupt
1785677077.5692801,41.822,0,49.1,8,656.49,163.39,626.95,,0.0,0.0,0.019,-0.08,0,zupt
1785677077.585966,41.8387,0,50.05,8,656.49,163.39,626.03,,0.0,0.0,0.019,-0.08,0,zupt
1785677077.6025848,41.8553,0,51.0,8,656.49,163.39,625.11,,0.0,0.0,0.019,-0.08,0,zupt
1785677077.6191962,41.8719,0,51.95,8,656.49,163.39,624.19,,0.0,0.0,0.019,-0.08,0,zupt
1785677077.6351047,41.8878,0,52.86,8,656.49,163.39,623.31,,0.0,0.0,0.019,-0.08,0,zupt
1785677077.6510904,41.9038,0,53.77,8,656.49,163.39,622.43,,0.0,0.0,0.019,-0.08,0,zupt
1785677077.6675868,41.9203,0,54.71,8,656.49,163.39,621.52,,0.0,0.0,0.019,-0.08,0,zupt
1785677077.6841123,41.9368,0,55.66,8,656.49,163.39,620.6,,0.0,0.0,0.019,-0.08,0,zupt
1785677077.700018,41.9528,0,56.57,8,656.49,163.39,619.72,,0.0,0.0,0.019,-0.08,0,zupt
1785677077.7163148,41.9691,0,57.5,8,656.49,163.39,618.82,,0.0,0.0,0.019,-0.08,0,zupt
1785677077.7337966,41.9865,0,58.49,8,656.49,163.39,617.86,,0.0,0.0,0.019,-0.08,0,zupt
1785677077.7502158,42.003,0,59.43,8,656.49,163.39,616.95,,0.0,0.0,0.019,-0.08,0,zupt
1785677077.7668388,42.0196,0,60.38,8,656.49,163.39,616.03,,0.0,0.0,0.019,-0.08,0,zupt
1785677077.7828882,42.0356,0,61.3,8,656.49,163.39,615.14,,0.0,0.0,0.019,-0.08,0,zupt
1785677077.798601,42.0513,0,62.2,8,656.49,163.39,614.27,,0.0,0.0,0.019,-0.08,0,zupt
1785677077.8156226,42.0684,0,63.17,8,656.49,163.39,613.33,,0.0,0.0,0.019,-0.08,0,zupt
1785677077.8327775,42.0855,0,64.15,8,656.49,163.39,612.39,,0.0,0.0,0.019,-0.08,0,zupt
1785677077.848821,42.1016,0,65.06,8,656.49,163.39,611.5,,0.0,0.0,0.019,-0.08,0,zupt
1785677077.8653328,42.1181,0,66.01,8,656.49,163.39,610.59,,0.0,0.0,0.019,-0.08,0,zupt
1785677077.8819575,42.1347,0,66.96,8,656.49,163.39,609.67,,0.0,0.0,0.019,-0.08,0,zupt
1785677077.8976972,42.1504,0,67.86,8,656.49,163.39,608.8,,0.0,0.0,0.019,-0.08,0,zupt
1785677077.9142373,42.167,0,68.8,8,656.49,163.39,607.89,,0.0,0.0,0.019,-0.08,0,zupt
1785677077.9316523,42.1844,0,69.79,8,656.49,163.39,606.93,,0.0,0.0,0.019,-0.08,0,zupt
1785677077.948163,42.2009,0,70.74,8,656.49,163.39,606.01,,0.0,0.0,0.019,-0.08,0,zupt
1785677077.9642994,42.217,0,71.66,8,656.49,163.39,605.12,,-0.0,0.27,0.019,-0.076,0,zupt
1785677077.980899,42.2336,0,72.61,8,656.49,163.39,604.21,,0.0,0.0,0.019,-0.076,0,zupt
1785677077.9969528,42.2497,0,73.54,8,656.49,163.39,603.3,,0.025,0.2488,0.019,-0.072,0,zupt
1785677078.01291,42.2656,0,74.47,8,656.49,163.39,602.4,,0.0,0.0,0.019,-0.072,0,zupt
1785677078.0285892,42.2813,0,75.39,8,656.49,163.39,601.52,,0.0,0.0,0.019,-0.072,0,zupt
1785677078.046292,42.299,0,76.34,8,656.49,163.39,600.6,,-0.0819,0.6432,0.018,-0.06,0,zupt
1785677078.0636942,42.3164,0,77.28,8,656.49,163.39,599.69,,0.0,0.0,0.018,-0.06,0,zupt
1785677078.0795953,42.3323,0,77.89,8,656.49,163.39,599.11,,-0.3367,0.6297,0.013,-0.05,0,zupt
1785677078.0971055,42.3498,0,78.55,8,656.49,163.39,598.47,,0.0,0.0,0.013,-0.05,0,zupt
1785677078.1130412,42.3658,0,79.18,8,656.49,163.39,597.86,,0.0385,0.6952,0.013,-0.039,0,zupt
1785677078.1290874,42.3818,0,79.82,8,656.49,163.39,597.24,,0.0,0.0,0.013,-0.039,0,zupt
1785677078.1447096,42.3974,0,80.44,8,656.49,163.39,596.64,,0.0,0.0,0.013,-0.039,0,zupt
1785677078.1614585,42.4142,0,81.11,8,656.49,163.39,596.0,,0.0,0.0,0.013,-0.039,0,zupt
1785677078.1787462,42.4315,0,81.79,8,656.49,163.39,595.33,,0.0,0.0,0.013,-0.039,0,zupt
1785677078.194856,42.4476,0,82.46,8,656.49,163.39,594.7,,0.0276,0.0669,0.014,-0.038,0,zupt
1785677078.2109182,42.4637,0,83.12,8,656.49,163.39,594.06,,0.0,0.0,0.014,-0.038,0,zupt
1785677078.226726,42.4795,0,83.77,8,656.49,163.39,593.43,,0.0,0.0,0.014,-0.038,0,zupt
1785677078.2430406,42.4958,0,84.44,8,656.49,163.39,592.79,,0.0,0.0,0.014,-0.038,0,zupt
1785677078.2586386,42.5114,0,85.33,8,656.49,163.39,591.92,,0.3501,-0.695,0.019,-0.049,0,zupt
1785677078.275265,42.528,0,86.29,8,656.49,163.39,591.0,,0.0,0.0,0.019,-0.049,0,zupt
1785677078.291876,42.5446,0,87.24,8,656.49,163.39,590.08,,0.0,0.0,0.019,-0.049,0,zupt
1785677078.308265,42.561,0,88.18,8,656.49,163.39,589.17,,0.0,0.0,0.019,-0.049,0,zupt
1785677078.3246624,42.5774,0,89.41,8,656.49,163.39,587.99,,0.35,-1.2051,0.025,-0.069,0,zupt
1785677078.3416317,42.5944,0,90.67,8,656.49,163.39,586.77,,0.0,0.0,0.025,-0.069,0,zupt
1785677078.358887,42.6116,0,92.26,8,656.49,163.39,585.24,,0.3296,-1.1941,0.031,-0.089,0,zupt
1785677078.3751552,42.6279,0,93.75,8,656.49,163.39,583.8,,0.0,0.0,0.031,-0.089,0,zupt
1785677078.391426,42.6442,0,95.24,8,656.49,163.39,582.36,,0.0,0.0,0.031,-0.089,0,zupt
1785677078.408277,42.661,0,96.87,8,656.49,163.39,580.79,,0.1011,-1.0648,0.032,-0.107,0,zupt
1785677078.425043,42.6778,0,98.5,8,656.49,163.39,579.23,,0.0,0.0,0.032,-0.107,0,zupt
1785677078.4412532,42.694,0,100.01,8,656.49,163.39,577.77,,-0.0712,-0.7651,0.031,-0.12,0,zupt
1785677078.458671,42.7114,0,101.64,8,656.49,163.39,576.2,,0.0,0.0,0.031,-0.12,0,zupt
1785677078.4755805,42.7283,0,103.22,8,656.49,163.39,574.68,,0.0,0.0,0.031,-0.12,0,zupt
1785677078.4921682,42.7449,0,104.51,8,656.49,163.39,573.44,,-0.3154,-0.3968,0.026,-0.126,0,zupt
1785677078.508075,42.7608,0,105.74,8,656.49,163.39,572.25,,0.0,0.0,0.026,-0.126,0,zupt
1785677078.5245588,42.7773,0,106.84,8,656.49,163.39,571.2,,-0.2279,-0.0831,0.022,-0.128,0,zupt
1785677078.541558,42.7943,0,107.97,8,656.49,163.39,570.11,,0.0,0.0,0.022,-0.128,0,zupt
1785677078.5582194,42.811,0,108.73,8,656.49,163.39,569.37,,-0.4106,0.2802,0.015,-0.123,0,zupt
1785677078.5738502,42.8266,0,109.45,8,656.49,163.39,568.68,,0.0,0.0,0.015,-0.123,0,zupt
1785677078.5894666,42.8422,0,110.17,8,656.49,163.39,567.99,,0.0,0.0,0.015,-0.123,0,zupt
1785677078.6061487,42.8589,0,110.67,8,656.49,163.39,567.51,,-0.317,0.5632,0.01,-0.113,0,zupt
1785677078.622782,42.8755,0,111.17,8,656.49,163.39,567.03,,0.0,0.0,0.01,-0.113,0,zupt
1785677078.6390343,42.8918,0,111.65,8,656.49,163.39,566.56,,0.0,0.0,0.01,-0.113,0,zupt
1785677078.6548018,42.9075,0,111.97,8,656.49,163.39,566.26,,-0.2147,0.5753,0.007,-0.104,0,zupt
1785677078.6716108,42.9243,0,112.3,8,656.49,163.39,565.94,,0.0,0.0,0.007,-0.104,0,zupt
1785677078.6888208,42.9416,0,112.48,8,656.49,163.39,565.77,,-0.1821,0.6006,0.003,-0.094,0,zupt
1785677078.7050142,42.9578,0,112.65,8,656.49,163.39,565.6,,0.0,0.0,0.003,-0.094,0,zupt
1785677078.7210743,42.9738,0,112.82,8,656.49,163.39,565.44,,0.0,0.0,0.003,-0.094,0,zupt
1785677078.737109,42.9898,0,113.12,8,656.49,163.39,565.16,,0.1681,0.4639,0.006,-0.087,0,zupt
1785677078.753108,43.0058,0,113.42,8,656.49,163.39,564.87,,0.0,0.0,0.006,-0.087,0,zupt
1785677078.769405,43.0221,0,113.72,8,656.49,163.39,564.58,,0.0,0.0,0.006,-0.087,0,zupt
1785677078.7861586,43.0389,0,114.25,8,656.49,163.39,564.06,,0.2675,0.3008,0.011,-0.082,0,zupt
1785677078.8019753,43.0547,0,114.76,8,656.49,163.39,563.58,,0.0,0.0,0.011,-0.082,0,zupt
1785677078.8174815,43.0702,0,115.28,8,656.49,163.39,563.08,,0.0259,0.5732,0.011,-0.073,0,zupt
1785677078.8346775,43.0874,0,115.85,8,656.49,163.39,562.53,,0.0,0.0,0.011,-0.073,0,zupt
1785677078.8526998,43.1054,0,116.44,8,656.49,163.39,561.96,,0.0,0.0,0.011,-0.073,0,zupt
1785677078.8694475,43.1222,0,116.94,8,656.49,163.39,561.48,,-0.0676,0.4662,0.01,-0.065,0,zupt
1785677078.8867805,43.1395,0,117.46,8,656.49,163.39,560.98,,0.0,0.0,0.01,-0.065,0,zupt
1785677078.902738,43.1555,0,117.94,8,656.49,163.39,560.52,,0.0,0.0,0.01,-0.065,0,zupt
1785677078.9184284,43.1712,0,118.4,8,656.49,163.39,560.07,,0.0,0.0,0.01,-0.065,0,zupt
1785677078.9359016,43.1886,0,118.87,8,656.49,163.39,559.63,,-0.0652,0.0751,0.009,-0.064,0,zupt
1785677078.9519227,43.2047,0,119.29,8,656.49,163.39,559.22,,0.0,0.0,0.009,-0.064,0,zupt
1785677078.9677804,43.2205,0,119.71,8,656.49,163.39,558.82,,0.0,0.0,0.009,-0.064,0,zupt
1785677078.9835136,43.2362,0,120.12,8,656.49,163.39,558.42,,0.0,0.0,0.009,-0.064,0,zupt
1785677079.0000088,43.2527,0,120.56,8,656.49,163.39,558.01,,0.0,0.0,0.009,-0.064,0,zupt
1785677079.0160573,43.2688,0,120.98,8,656.49,163.39,557.6,,0.0,0.0,0.009,-0.064,0,zupt
1785677079.0325856,43.2853,0,121.42,8,656.49,163.39,557.18,,0.0,0.0,0.009,-0.064,0,zupt
1785677079.0495465,43.3023,0,121.88,8,656.49,163.39,556.74,,0.0147,-0.1548,0.009,-0.066,0,zupt
1785677079.0667694,43.3195,0,122.35,8,656.49,163.39,556.29,,0.0,0.0,0.009,-0.066,0,zupt
1785677079.0824096,43.3351,0,122.73,8,656.49,163.39,555.92,,-0.0555,0.0318,0.008,-0.066,0,zupt
1785677079.0996203,43.3524,0,123.15,8,656.49,163.39,555.51,,0.0,0.0,0.008,-0.066,0,zupt
1785677079.1160512,43.3688,0,123.56,8,656.49,163.39,555.13,,0.0,0.0,0.008,-0.066,0,zupt
1785677079.131804,43.3845,0,123.83,8,656.49,163.39,554.87,,-0.1561,0.154,0.006,-0.063,0,zupt
1785677079.148687,43.4014,0,124.12,8,656.49,163.39,554.59,,0.0,0.0,0.006,-0.063,0,zupt
1785677079.1644313,43.4172,0,124.24,8,656.49,163.39,554.47,,-0.1914,0.3401,0.003,-0.058,0,zupt
1785677079.1816132,43.4343,0,124.38,8,656.49,163.39,554.33,,0.0,0.0,0.003,-0.058,0,zupt
1785677079.1990418,43.4518,0,124.53,8,656.49,163.39,554.2,,0.0,0.0,0.003,-0.058,0,zupt
1785677079.2146747,43.4674,0,124.59,8,656.49,163.39,554.14,,-0.0893,0.3362,0.001,-0.053,0,zupt
1785677079.2319837,43.4847,0,124.66,8,656.49,163.39,554.07,,0.0,0.0,0.001,-0.053,0,zupt
1785677079.2476757,43.5004,0,124.7,8,656.49,163.39,554.03,,-0.0238,0.3153,0.001,-0.048,0,zupt
1785677079.264935,43.5177,0,124.75,8,656.49,163.39,553.98,,0.0,0.0,0.001,-0.048,0,zupt
1785677079.2808876,43.5336,0,124.83,8,656.49,163.39,553.91,,0.0467,0.3194,0.002,-0.043,0,zupt
1785677079.29751,43.5502,0,124.91,8,656.49,163.39,553.82,,0.0,0.0,0.002,-0.043,0,zupt
1785677079.3146632,43.5674,0,125.0,8,656.49,163.39,553.74,,0.0,0.0,0.002,-0.043,0,zupt
1785677079.3307462,43.5835,0,125.07,8,656.49,163.39,553.67,,-0.0082,0.285,0.002,-0.038,0,zupt
1785677079.3476818,43.6004,0,125.15,8,656.49,163.39,553.59,,0.0,0.0,0.002,-0.038,0,zupt
1785677079.3648453,43.6176,0,125.18,8,656.49,163.39,553.57,,-0.0596,0.3073,0.001,-0.033,0,zupt
1785677079.3813045,43.634,0,125.21,8,656.49,163.39,553.54,,0.0,0.0,0.001,-0.033,0,zupt
1785677079.3979325,43.6507,0,125.23,8,656.49,163.39,553.52,,0.0,0.0,0.001,-0.033,0,zupt
1785677079.413623,43.6664,0,125.26,8,656.49,163.39,553.49,,0.0,0.0,0.001,-0.033,0,zupt
1785677079.4306865,43.6834,0,125.28,8,656.49,163.39,553.47,,0.0,0.0,0.001,-0.033,0,zupt
1785677079.4463599,43.6991,0,125.31,8,656.49,163.39,553.44,,0.0,0.0,0.001,-0.033,0,zupt
1785677079.4638045,43.7165,0,125.34,8,656.49,163.39,553.42,,0.0,0.0,0.001,-0.033,0,zupt
1785677079.4797788,43.7325,0,125.36,8,656.49,163.39,553.39,,0.0,0.0,0.001,-0.033,0,zupt
1785677079.4955785,43.7483,0,125.39,8,656.49,163.39,553.37,,0.0,0.0,0.001,-0.033,0,zupt
1785677079.5129082,43.7656,0,125.41,8,656.49,163.39,553.34,,0.0,0.0,0.001,-0.033,0,zupt
1785677079.5290766,43.7818,0,125.44,8,656.49,163.39,553.32,,0.0,0.0,0.001,-0.033,0,zupt
1785677079.5446672,43.7974,0,125.47,8,656.49,163.39,553.29,,0.0,0.0,0.001,-0.033,0,zupt
1785677079.5613077,43.814,0,125.49,8,656.49,163.39,553.27,,0.0,0.0,0.001,-0.033,0,zupt
1785677079.5784304,43.8312,0,125.52,8,656.49,163.39,553.24,,0.0,0.0,0.001,-0.033,0,zupt
1785677079.5957363,43.8485,0,125.55,8,656.49,163.39,553.22,,0.0,0.0,0.001,-0.033,0,zupt
1785677079.6115315,43.8643,0,125.57,8,656.49,163.39,553.19,,0.0,0.0,0.001,-0.033,0,zupt
1785677079.6282048,43.8809,0,125.6,8,656.49,163.39,553.17,,0.0,0.0,0.001,-0.033,0,zupt
1785677079.6438994,43.8966,0,125.62,8,656.49,163.39,553.14,,0.0,0.0,0.001,-0.033,0,zupt
1785677079.6600173,43.9128,0,125.65,8,656.49,163.39,553.12,,0.0,0.0,0.001,-0.033,0,zupt
1785677079.6765943,43.9293,0,125.67,8,656.49,163.39,553.09,,0.0,0.0,0.001,-0.033,0,zupt
1785677079.693864,43.9466,0,125.7,8,656.49,163.39,553.07,,0.0,0.0,0.001,-0.033,0,zupt
1785677079.7098615,43.9626,0,125.73,8,656.49,163.39,553.04,,0.0,0.0,0.001,-0.033,0,zupt
1785677079.7256,43.9783,0,125.75,8,656.49,163.39,553.02,,0.0,0.0,0.001,-0.033,0,zupt
1785677079.7429154,43.9957,0,125.78,8,656.49,163.39,552.99,,0.0,0.0,0.001,-0.033,0,zupt
1785677079.758571,44.0113,0,125.8,8,656.49,163.39,552.97,,0.0,0.0,0.001,-0.033,0,zupt
1785677079.7751684,44.0279,0,125.83,8,656.49,163.39,552.94,,0.0,0.0,0.001,-0.033,0,zupt
1785677079.791009,44.0437,0,125.86,8,656.49,163.39,552.92,,0.0,0.0,0.001,-0.033,0,zupt
1785677079.806836,44.0596,0,125.88,8,656.49,163.39,552.9,,0.0,0.0,0.001,-0.033,0,zupt
1785677079.8235862,44.0763,0,125.91,8,656.49,163.39,552.87,,0.0,0.0,0.001,-0.033,0,zupt
1785677079.8400757,44.0928,0,125.93,8,656.49,163.39,552.84,,0.0,0.0,0.001,-0.033,0,zupt
1785677079.8563993,44.1091,0,125.96,8,656.49,163.39,552.82,,0.0,0.0,0.001,-0.033,0,zupt
1785677079.873967,44.1267,0,125.99,8,656.49,163.39,552.79,,0.0,0.0,0.001,-0.033,0,zupt
1785677079.8897986,44.1425,0,126.01,8,656.49,163.39,552.77,,0.0,0.0,0.001,-0.033,0,zupt
1785677079.9072165,44.16,0,126.04,8,656.49,163.39,552.74,,0.0,0.0,0.001,-0.033,0,zupt
1785677079.9243107,44.177,0,126.07,8,656.49,163.39,552.72,,0.0,0.0,0.001,-0.033,0,zupt
1785677079.9408584,44.1936,0,126.09,8,656.49,163.39,552.69,,0.0,0.0,0.001,-0.033,0,zupt
1785677079.9565718,44.2093,0,126.12,8,656.49,163.39,552.67,,0.0,0.0,0.001,-0.033,0,zupt
1785677079.97339,44.2261,0,126.14,8,656.49,163.39,552.64,,0.0,0.0,0.001,-0.033,0,zupt
1785677079.9908655,44.2436,0,126.17,8,656.49,163.39,552.62,,0.0,0.0,0.001,-0.033,0,zupt
1785677080.006863,44.2596,0,126.2,8,656.49,163.39,552.59,,0.0,0.0,0.001,-0.033,0,zupt
1785677080.022513,44.2752,0,126.22,8,656.49,163.39,552.57,,0.0,0.0,0.001,-0.033,0,zupt
1785677080.039946,44.2927,0,126.25,8,656.49,163.39,552.54,,0.0,0.0,0.001,-0.033,0,zupt
1785677080.0556583,44.3084,0,126.28,8,656.49,163.39,552.52,,0.0,0.0,0.001,-0.033,0,zupt
1785677080.0727158,44.3255,0,126.3,8,656.49,163.39,552.49,,0.0,0.0,0.001,-0.033,0,zupt
1785677080.0893471,44.3421,0,126.33,8,656.49,163.39,552.47,,0.0,0.0,0.001,-0.033,0,zupt
1785677080.1058571,44.3586,0,126.35,8,656.49,163.39,552.44,,0.0,0.0,0.001,-0.033,0,zupt
1785677080.122682,44.3754,0,126.38,8,656.49,163.39,552.41,,0.0,0.0,0.001,-0.033,0,zupt
1785677080.138434,44.3912,0,126.41,8,656.49,163.39,552.39,,0.0,0.0,0.001,-0.033,0,zupt
1785677080.1551425,44.4079,0,126.43,8,656.49,163.39,552.37,,0.0,0.0,0.001,-0.033,0,zupt
1785677080.171667,44.4244,0,126.46,8,656.49,163.39,552.34,,0.0,0.0,0.001,-0.033,0,zupt
1785677080.1887283,44.4415,0,126.49,8,656.49,163.39,552.31,,0.0,0.0,0.001,-0.033,0,zupt
1785677080.2057729,44.4585,0,126.51,8,656.49,163.39,552.29,,0.0,0.0,0.001,-0.033,0,zupt
1785677080.2213411,44.4741,0,126.54,8,656.49,163.39,552.26,,0.0,0.0,0.001,-0.033,0,zupt
1785677080.2378764,44.4906,0,126.56,8,656.49,163.39,552.24,,0.0,0.0,0.001,-0.033,0,zupt
1785677080.2548466,44.5076,0,126.59,8,656.49,163.39,552.21,,0.0,0.0,0.001,-0.033,0,zupt
1785677080.2705288,44.5233,0,126.62,8,656.49,163.39,552.19,,0.0,0.0,0.001,-0.033,0,zupt
1785677080.287203,44.5399,0,126.64,8,656.49,163.39,552.16,,0.0,0.0,0.001,-0.033,0,zupt
1785677080.3035972,44.5563,0,126.67,8,656.49,163.39,552.14,,0.0,0.0,0.001,-0.033,0,zupt
1785677080.3201344,44.5729,0,126.69,8,656.49,163.39,552.11,,0.0,0.0,0.001,-0.033,0,zupt
1785677080.3366241,44.5894,0,126.72,8,656.49,163.39,552.09,,0.0,0.0,0.001,-0.033,0,zupt
1785677080.3539789,44.6067,0,126.75,8,656.49,163.39,552.06,,0.0,0.0,0.001,-0.033,0,zupt
1785677080.3702047,44.6229,0,126.77,8,656.49,163.39,552.04,,0.0,0.0,0.001,-0.033,0,zupt
1785677080.3859699,44.6387,0,126.8,8,656.49,163.39,552.01,,0.0,0.0,0.001,-0.033,0,zupt
1785677080.4017353,44.6545,0,126.82,8,656.49,163.39,551.99,,0.0,0.0,0.001,-0.033,0,zupt
1785677080.4174867,44.6702,0,126.85,8,656.49,163.39,551.97,,0.0,0.0,0.001,-0.033,0,zupt
1785677080.4349422,44.6877,0,126.88,8,656.49,163.39,551.94,,0.0,0.0,0.001,-0.033,0,zupt
1785677080.4509425,44.7037,0,126.56,8,656.49,163.39,552.25,,-0.4494,1.2075,-0.007,-0.013,0,zupt
1785677080.4666927,44.7194,0,126.24,8,656.49,163.39,552.55,,0.0,0.0,-0.007,-0.013,0,zupt
1785677080.4833565,44.7361,0,125.91,8,656.49,163.39,552.87,,0.0,0.0,-0.007,-0.013,0,zupt
1785677080.5007763,44.7535,0,125.29,8.56,656.49,163.39,553.31,,-0.2993,1.3855,-0.012,0.011,0,zupt
1785677080.5172656,44.77,0,124.7,9.09,656.49,163.39,553.72,,0.0,0.0,-0.012,0.011,0,zupt
1785677080.5338514,44.7866,0,124.11,9.62,656.49,163.39,554.14,,0.0,0.0,-0.012,0.011,0,zupt
1785677080.5497472,44.8025,0,123.13,11.17,656.49,163.39,554.65,,-0.5411,1.3675,-0.02,0.032,0,zupt
1785677080.567188,44.8199,0,122.06,12.87,656.49,163.39,555.22,,0.0,0.0,-0.02,0.032,0,zupt
1785677080.5838697,44.8366,0,121.02,15.68,656.49,163.39,555.47,,-0.0151,1.4171,-0.021,0.056,0,zupt
1785677080.5994875,44.8522,0,120.05,18.31,656.49,163.39,555.71,,0.0,0.0,-0.021,0.056,0,zupt
1785677080.616806,44.8695,0,118.98,21.22,656.49,163.39,556.0,,0.0,0.0,-0.021,0.056,0,zupt
1785677080.6327012,44.8854,0,117.6,25.01,656.49,163.39,556.37,,-0.5057,1.467,-0.029,0.079,0,zupt
1785677080.6497,44.9024,0,116.14,29.06,656.49,163.39,556.8,,0.0,0.0,-0.029,0.079,0,zupt
1785677080.6669064,44.9196,0,114.31,34.44,656.49,163.39,557.31,,-0.3875,1.4435,-0.035,0.104,0,zupt
1785677080.6830487,44.9358,0,112.59,39.49,656.49,163.39,557.83,,0.0,0.0,-0.035,0.104,0,zupt
1785677080.6993084,44.952,0,110.97,45.08,656.49,163.39,558.2,,0.1385,0.6342,-0.033,0.115,0,zupt
1785677080.7167313,44.9695,0,109.24,51.06,656.49,163.39,558.66,,0.0,0.0,-0.033,0.115,0,zupt
1785677080.7338648,44.9866,0,107.53,56.95,656.49,163.39,559.18,,0.0,0.0,-0.033,0.115,0,zupt
1785677080.7496765,45.0024,0,106.27,62.35,656.49,163.39,559.42,,0.4179,-0.0437,-0.027,0.114,0,zupt
1785677080.7671306,45.0199,0,104.88,68.32,656.49,163.39,559.74,,0.0,0.0,-0.027,0.114,0,zupt
1785677080.7838154,45.0366,0,104.0,73.55,656.49,163.39,559.75,,0.5336,-0.5527,-0.018,0.105,0,zupt
1785677080.8004005,45.0531,0,103.12,78.76,656.49,163.39,559.81,,0.0,0.0,-0.018,0.105,0,zupt
1785677080.8171058,45.0698,0,102.23,84.01,656.49,163.39,559.92,,0.0,0.0,-0.018,0.105,0,zupt
1785677080.8329172,45.0857,0,101.86,88.43,656.49,163.39,559.68,,0.6201,-0.7171,-0.008,0.093,0,zupt
1785677080.8488004,45.1015,0,101.48,92.88,656.49,163.39,559.47,,0.0,0.0,-0.008,0.093,0,zupt
1785677080.8650331,45.1178,0,101.36,96.85,656.49,163.39,559.11,,0.3249,-0.7261,-0.003,0.082,0,zupt
1785677080.8812923,45.134,0,101.23,100.83,656.49,163.39,558.78,,0.0,0.0,-0.003,0.082,0,zupt
1785677080.8979511,45.1507,0,101.18,104.33,656.49,163.39,558.44,,0.0976,-0.6795,-0.001,0.07,0,zupt
1785677080.914218,45.167,0,101.13,107.76,656.49,163.39,558.14,,0.0,0.0,-0.001,0.07,0,zupt
1785677080.9302268,45.183,0,101.09,111.13,656.49,163.39,557.86,,0.0,0.0,-0.001,0.07,0,zupt
1785677080.9469168,45.1997,0,101.06,114.22,656.49,163.39,557.6,,0.0304,-0.5065,-0.0,0.062,0,zupt
1785677080.9628115,45.2155,0,101.04,117.17,656.49,163.39,557.37,,0.0,0.0,-0.0,0.062,0,zupt
1785677080.9787788,45.2315,0,101.02,120.13,656.49,163.39,557.15,,0.0,0.0,-0.0,0.062,0,zupt
1785677080.9947836,45.2475,0,100.92,122.71,656.49,163.39,557.06,,-0.1042,-0.4927,-0.002,0.054,0,zupt
1785677081.0106566,45.2634,0,100.82,125.28,656.49,163.39,556.98,,0.0,0.0,-0.002,0.054,0,zupt
1785677081.027834,45.2806,0,100.78,127.64,656.49,163.39,556.86,,0.0797,-0.465,-0.001,0.046,0,zupt
1785677081.0433586,45.2961,0,100.74,129.78,656.49,163.39,556.77,,0.0,0.0,-0.001,0.046,0,zupt
1785677081.0602427,45.313,0,100.7,132.1,656.49,163.39,556.67,,0.0,0.0,-0.001,0.046,0,zupt
1785677081.0760605,45.3288,0,100.67,134.28,656.49,163.39,556.59,,0.0,0.0,-0.001,0.046,0,zupt
1785677081.0917208,45.3445,0,100.63,136.44,656.49,163.39,556.51,,0.0,0.0,-0.001,0.046,0,zupt
1785677081.1089282,45.3617,0,100.64,138.35,656.49,163.39,556.42,,0.0513,-0.5104,0.0,0.037,0,zupt
1785677081.1248243,45.3776,0,100.64,140.12,656.49,163.39,556.34,,0.0,0.0,0.0,0.037,0,zupt
1785677081.1411839,45.3939,0,100.65,141.94,656.49,163.39,556.26,,0.0,0.0,0.0,0.037,0,zupt
1785677081.1570444,45.4098,0,100.65,143.71,656.49,163.39,556.19,,0.0,0.0,0.0,0.037,0,zupt
1785677081.1726334,45.4254,0,100.66,145.44,656.49,163.39,556.12,,0.0,0.0,0.0,0.037,0,zupt
1785677081.189936,45.4427,0,100.82,147.05,656.49,163.39,555.91,,0.1758,-0.354,0.003,0.031,0,zupt
1785677081.2057636,45.4585,0,100.97,148.52,656.49,163.39,555.72,,0.0,0.0,0.003,0.031,0,zupt
1785677081.2222915,45.475,0,101.13,150.05,656.49,163.39,555.52,,0.0,0.0,0.003,0.031,0,zupt
1785677081.2389865,45.4917,0,101.31,151.4,656.49,163.39,555.31,,0.0296,-0.2404,0.004,0.027,0,zupt
1785677081.25467,45.5074,0,101.49,152.67,656.49,163.39,555.11,,0.0,0.0,0.004,0.027,0,zupt
1785677081.2726092,45.5253,0,101.83,153.91,656.49,163.39,554.74,,0.1515,-0.2188,0.006,0.023,0,zupt
1785677081.2901235,45.5429,0,102.17,155.12,656.49,163.39,554.39,,0.0,0.0,0.006,0.023,0,zupt
1785677081.3061464,45.5589,0,102.47,156.23,656.49,163.39,554.07,,0.0,0.0,0.006,0.023,0,zupt
1785677081.3218236,45.5746,0,102.85,157.06,656.49,163.39,553.68,,0.1032,-0.3481,0.008,0.018,0,zupt
1785677081.3375068,45.5902,0,103.22,157.88,656.49,163.39,553.3,,0.0,0.0,0.008,0.018,0,zupt
1785677081.3540854,45.6068,0,103.62,158.76,656.49,163.39,552.89,,0.0,0.0,0.008,0.018,0,zupt
1785677081.3703454,45.6231,0,104.15,159.31,656.49,163.39,552.36,,0.1733,-0.3878,0.011,0.011,0,zupt
1785677081.3876534,45.6404,0,104.71,159.89,656.49,163.39,551.79,,0.0,0.0,0.011,0.011,0,zupt
1785677081.4042702,45.657,0,105.35,160.12,656.49,163.39,551.15,,0.1261,-0.4047,0.013,0.005,0,zupt
1785677081.4209144,45.6737,0,106.0,160.35,656.49,163.39,550.5,,0.0,0.0,0.013,0.005,0,zupt
1785677081.4367526,45.6895,0,106.61,160.56,656.49,163.39,549.89,,0.0,0.0,0.013,0.005,0,zupt
1785677081.452579,45.7053,0,107.31,160.47,656.49,163.39,549.19,,0.1104,-0.4028,0.015,-0.002,0,zupt
1785677081.4698405,45.7226,0,108.07,160.38,656.49,163.39,548.43,,0.0,0.0,0.015,-0.002,0,zupt
1785677081.4858992,45.7386,0,108.89,159.96,656.49,163.39,547.61,,0.1538,-0.4326,0.017,-0.009,0,zupt
1785677081.5017967,45.7545,0,109.71,159.54,656.49,163.39,546.8,,0.0,0.0,0.017,-0.009,0,zupt
1785677081.518253,45.771,0,110.55,159.1,656.49,163.39,545.96,,0.0,0.0,0.017,-0.009,0,zupt
1785677081.5360806,45.7888,0,111.59,158.2,656.49,163.39,544.93,,0.1246,-0.4556,0.019,-0.017,0,zupt
1785677081.5525446,45.8053,0,112.54,157.37,656.49,163.39,543.98,,0.0,0.0,0.019,-0.017,0,zupt
1785677081.569471,45.8222,0,113.65,156.14,656.49,163.39,542.89,,0.1425,-0.4302,0.022,-0.024,0,zupt
1785677081.586862,45.8396,0,114.78,154.88,656.49,163.39,541.78,,0.0,0.0,0.022,-0.024,0,zupt
1785677081.6025863,45.8553,0,115.84,153.42,656.49,163.39,540.75,,0.0386,-0.4198,0.022,-0.031,0,zupt
1785677081.6191702,45.8719,0,116.95,151.89,656.49,163.39,539.66,,0.0,0.0,0.022,-0.031,0,zupt
1785677081.6349258,45.8877,0,118.01,150.44,656.49,163.39,538.64,,0.0,0.0,0.022,-0.031,0,zupt
1785677081.6507456,45.9035,0,119.12,148.7,656.49,163.39,537.57,,0.0723,-0.3632,0.024,-0.037,0,zupt
1785677081.6679947,45.9207,0,120.34,146.81,656.49,163.39,536.41,,0.0,0.0,0.024,-0.037,0,zupt
1785677081.68346,45.9362,0,121.5,144.84,656.49,163.39,535.31,,0.102,-0.3845,0.025,-0.042,0,zupt
1785677081.7003071,45.953,0,122.77,142.7,656.49,163.39,534.12,,0.0,0.0,0.025,-0.042,0,zupt
1785677081.7177906,45.9705,0,124.09,140.47,656.49,163.39,532.9,,0.0,0.0,0.025,-0.042,0,zupt
1785677081.7348187,45.9876,0,125.45,138.0,656.49,163.39,531.65,,0.0926,-0.3381,0.027,-0.048,0,zupt
1785677081.7506433,46.0034,0,126.71,135.71,656.49,163.39,530.5,,0.0,0.0,0.027,-0.048,0,zupt
1785677081.766783,46.0195,0,128.11,133.06,656.49,163.39,529.25,,0.1319,-0.4026,0.029,-0.055,0,zupt
1785677081.7824428,46.0352,0,129.46,130.49,656.49,163.39,528.06,,0.0,0.0,0.029,-0.055,0,zupt
1785677081.7998884,46.0526,0,130.97,127.63,656.49,163.39,526.74,,0.0,0.0,0.029,-0.055,0,zupt
1785677081.8156018,46.0683,0,132.32,125.05,656.49,163.39,525.57,,0.0,0.0,0.029,-0.055,0,zupt
1785677081.8327858,46.0855,0,133.81,122.23,656.49,163.39,524.3,,0.0,0.0,0.029,-0.055,0,zupt
1785677081.8492055,46.1019,0,135.26,119.21,656.49,163.39,523.1,,0.0398,-0.3949,0.029,-0.061,0,zupt
1785677081.8650439,46.1178,0,136.66,116.3,656.49,163.39,521.96,,0.0,0.0,0.029,-0.061,0,zupt
1785677081.8805737,46.1333,0,138.03,113.45,656.49,163.39,520.86,,0.0,0.0,0.029,-0.061,0,zupt
1785677081.897797,46.1505,0,139.55,110.29,656.49,163.39,519.66,,0.0,0.0,0.029,-0.061,0,zupt
1785677081.9146676,46.1674,0,141.06,106.87,656.49,163.39,518.52,,0.025,-0.3701,0.03,-0.067,0,zupt
1785677081.9314303,46.1842,0,142.56,103.48,656.49,163.39,517.41,,0.0,0.0,0.03,-0.067,0,zupt
1785677081.9480302,46.2008,0,144.05,100.12,656.49,163.39,516.33,,0.0,0.0,0.03,-0.067,0,zupt
1785677081.9638782,46.2166,0,145.47,96.91,656.49,163.39,515.33,,0.0,0.0,0.03,-0.067,0,zupt
1785677081.9798372,46.2326,0,147.07,93.45,656.49,163.39,514.21,,0.2141,-0.3084,0.033,-0.072,0,zupt
1785677081.9955332,46.2483,0,148.63,90.04,656.49,163.39,513.13,,0.0,0.0,0.033,-0.072,0,zupt
1785677082.0126739,46.2654,0,150.4,85.97,656.49,163.39,511.97,,0.0686,-0.3959,0.034,-0.079,0,zupt
1785677082.029457,46.2822,0,152.14,81.98,656.49,163.39,510.88,,0.0,0.0,0.034,-0.079,0,zupt
1785677082.0460851,46.2988,0,153.86,78.03,656.49,163.39,509.83,,0.0,0.0,0.034,-0.079,0,zupt
1785677082.06259,46.3153,0,155.73,73.7,656.49,163.39,508.73,,0.1982,-0.5044,0.038,-0.087,0,zupt
1785677082.0795765,46.3323,0,157.65,69.24,656.49,163.39,507.65,,0.0,0.0,0.038,-0.087,0,zupt
1785677082.0969403,46.3497,0,159.62,64.69,656.49,163.39,506.59,,0.0,0.0,0.038,-0.087,0,zupt
1785677082.1124802,46.3652,0,161.48,60.28,656.49,163.39,505.63,,0.1485,-0.4461,0.04,-0.094,0,zupt
1785677082.12995,46.3827,0,163.58,55.34,656.49,163.39,504.62,,0.0,0.0,0.04,-0.094,0,zupt
1785677082.1455142,46.3983,0,165.44,50.68,656.49,163.39,503.82,,-0.016,-0.3337,0.04,-0.1,0,zupt
1785677082.1621525,46.4149,0,167.42,45.71,656.49,163.39,503.03,,0.0,0.0,0.04,-0.1,0,zupt
1785677082.178101,46.4308,0,169.38,40.69,656.49,163.39,502.33,,0.0621,-0.3315,0.041,-0.105,0,zupt
1785677082.1937163,46.4465,0,171.29,35.78,656.49,163.39,501.71,,0.0,0.0,0.041,-0.105,0,zupt
1785677082.210211,46.4629,0,173.3,30.59,656.49,163.39,501.11,,0.0,0.0,0.041,-0.105,0,zupt
1785677082.2272537,46.48,0,175.5,24.9,656.49,163.39,500.53,,0.1251,-0.3703,0.043,-0.111,0,zupt
1785677082.2438931,46.4966,0,177.64,19.35,656.49,163.39,500.05,,0.0,0.0,0.043,-0.111,0,zupt
1785677082.2598286,46.5126,0,179.8,13.74,656.49,163.39,499.63,,0.1417,-0.3778,0.045,-0.117,0,zupt
1785677082.2758265,46.5286,0,181.97,8.12,656.49,163.39,499.28,,0.0,0.0,0.045,-0.117,0,zupt
1785677082.2914376,46.5442,0,184.08,8,656.49,163.39,497.31,,0.0,0.0,0.045,-0.117,0,zupt
1785677082.308148,46.5609,0,186.46,8,656.49,163.39,495.05,,0.133,-0.4229,0.047,-0.124,0,zupt
1785677082.3246253,46.5774,0,188.8,8,656.49,163.39,492.83,,0.0,0.0,0.047,-0.124,0,zupt
1785677082.3419611,46.5947,0,191.38,8,656.49,163.39,490.38,,0.1268,-0.4045,0.05,-0.131,0,zupt
1785677082.3578434,46.6106,0,193.75,8,656.49,163.39,488.14,,0.0,0.0,0.05,-0.131,0,zupt
1785677082.3735337,46.6263,0,196.15,8,656.49,163.39,485.86,,0.097,-0.3725,0.051,-0.137,0,zupt
1785677082.3902624,46.643,0,198.72,8,656.49,163.39,483.43,,0.0,0.0,0.051,-0.137,0,zupt
1785677082.4068904,46.6596,0,201.34,8,656.49,163.39,480.94,,0.0899,-0.4034,0.053,-0.144,0,zupt
1785677082.4228075,46.6755,0,203.85,8,656.49,163.39,478.57,,0.0,0.0,0.053,-0.144,0,zupt
1785677082.4399188,46.6927,0,206.55,8,656.49,163.39,476.01,,0.0,0.0,0.053,-0.144,0,zupt
1785677082.4555418,46.7083,0,209.12,8,656.49,163.39,473.59,,0.1366,-0.3572,0.055,-0.149,0,zupt
1785677082.4730525,46.7258,0,212.0,8,656.49,163.39,470.87,,0.0,0.0,0.055,-0.149,0,zupt
1785677082.488815,46.7416,0,214.66,8,656.49,163.39,468.36,,0.1068,-0.3722,0.056,-0.155,0,zupt
1785677082.5051167,46.7579,0,217.42,8,656.49,163.39,465.75,,0.0,0.0,0.056,-0.155,0,zupt
1785677082.5208929,46.7736,0,220.16,8,656.49,163.39,463.17,,0.0942,-0.3432,0.058,-0.161,0,zupt
1785677082.5365558,46.7893,0,222.89,8,656.49,163.39,460.61,,0.0,0.0,0.058,-0.161,0,zupt
1785677082.5537732,46.8065,0,225.88,8,656.49,163.39,457.79,,0.0,0.0,0.058,-0.161,0,zupt
1785677082.570203,46.8229,0,228.73,8,656.49,163.39,455.11,,0.0,0.0,0.058,-0.161,0,zupt
1785677082.5869849,46.8397,0,231.71,8,656.49,163.39,452.31,,0.0704,-0.3688,0.059,-0.167,0,zupt
1785677082.6026833,46.8554,0,234.49,8,656.49,163.39,449.7,,0.0,0.0,0.059,-0.167,0,zupt
1785677082.6193032,46.872,0,237.44,8,656.49,163.39,446.94,,0.0,0.0,0.059,-0.167,0,zupt
1785677082.6369357,46.8897,0,240.66,8,656.49,163.39,443.92,,0.102,-0.4276,0.061,-0.174,0,zupt
1785677082.652627,46.9054,0,243.52,8,656.49,163.39,441.23,,0.0,0.0,0.061,-0.174,0,zupt
1785677082.6697805,46.9225,0,246.66,8,656.49,163.39,438.3,,0.0,0.0,0.061,-0.174,0,zupt
1785677082.6870284,46.9398,0,249.81,8,656.49,163.39,435.36,,0.0,0.0,0.061,-0.174,0,zupt
1785677082.702743,46.9555,0,252.67,8,656.49,163.39,432.69,,-0.0198,-0.3348,0.061,-0.18,0,zupt
1785677082.7193763,46.9721,0,255.69,8,656.49,163.39,429.87,,0.0,0.0,0.061,-0.18,0,zupt
1785677082.7359362,46.9887,0,258.7,8,656.49,163.39,427.07,,0.0,0.0,0.061,-0.18,0,zupt
1785677082.7518408,47.0046,0,261.65,8,656.49,163.39,424.32,,0.0752,-0.3627,0.062,-0.185,0,zupt
1785677082.7678192,47.0206,0,264.61,8,656.49,163.39,421.57,,0.0,0.0,0.062,-0.185,0,zupt
1785677082.784356,47.0371,0,267.75,8,656.49,163.39,418.64,,0.0991,-0.3657,0.063,-0.192,0,zupt
1785677082.8013277,47.0541,0,270.98,8,656.49,163.39,415.65,,0.0,0.0,0.063,-0.192,0,zupt
1785677082.8187795,47.0715,0,274.3,8,656.49,163.39,412.57,,0.0,0.0,0.063,-0.192,0,zupt
1785677082.8348415,47.0876,0,277.45,8,656.49,163.39,409.65,,0.1211,-0.4251,0.065,-0.198,0,zupt
1785677082.8512988,47.104,0,280.68,8,656.49,163.39,406.67,,0.0,0.0,0.065,-0.198,0,zupt
1785677082.8688278,47.1216,0,284.12,8,656.49,163.39,403.5,,0.0,0.0,0.065,-0.198,0,zupt
1785677082.8853202,47.1381,0,287.49,8,656.49,163.39,400.38,,0.1744,-0.4481,0.068,-0.206,0,zupt
1785677082.902608,47.1553,0,291.03,8,656.49,163.39,397.12,,0.0,0.0,0.068,-0.206,0,zupt
1785677082.920088,47.1728,0,294.76,8,656.49,163.39,393.7,,0.1593,-0.4023,0.071,-0.213,0,zupt
1785677082.9359226,47.1887,0,298.13,8,656.49,163.39,390.6,,0.0,0.0,0.071,-0.213,0,zupt
1785677082.9528522,47.2056,0,301.81,8,656.49,163.39,387.22,,0.0864,-0.3511,0.072,-0.219,0,zupt
1785677082.9687142,47.2215,0,305.26,8,656.49,163.39,384.07,,0.0,0.0,0.072,-0.219,0,zupt
1785677082.9851828,47.2379,0,308.84,8,656.49,163.39,380.79,,0.0,0.0,0.072,-0.219,0,zupt
1785677083.0008128,47.2535,0,312.27,8,656.49,163.39,377.67,,0.0381,-0.2911,0.073,-0.223,0,zupt
1785677083.0180395,47.2708,0,316.05,8,656.49,163.39,374.23,,0.0,0.0,0.073,-0.223,0,zupt
1785677083.033638,47.2864,0,319.52,8,656.49,163.39,371.08,,0.0667,-0.2859,0.074,-0.228,0,zupt
1785677083.0510693,47.3038,0,323.39,8,656.49,163.39,367.56,,0.0,0.0,0.074,-0.228,0,zupt
1785677083.0667996,47.3195,0,326.89,8,656.49,163.39,364.39,,0.0,0.0,0.074,-0.228,0,zupt
1785677083.0837805,47.3365,0,330.73,8,656.49,163.39,360.92,,0.0787,-0.3592,0.075,-0.234,0,zupt
1785677083.0997975,47.3525,0,334.36,8,656.49,163.39,357.65,,0.0,0.0,0.075,-0.234,0,zupt
1785677083.1160848,47.3688,0,338.13,8,656.49,163.39,354.26,,0.0999,-0.3778,0.077,-0.24,0,zupt
1785677083.1317623,47.3845,0,341.75,8,656.49,163.39,351.01,,0.0,0.0,0.077,-0.24,0,zupt
1785677083.1478546,47.4006,0,345.48,8,656.49,163.39,347.67,,0.0,0.0,0.077,-0.24,0,zupt
1785677083.163396,47.4161,0,349.15,8,656.49,163.39,344.39,,0.1163,-0.3361,0.079,-0.245,0,zupt
1785677083.1800787,47.4328,0,353.1,8,656.49,163.39,340.87,,0.0,0.0,0.079,-0.245,0,zupt
1785677083.1959674,47.4487,0,356.91,8,656.49,163.39,337.48,,0.062,-0.3324,0.08,-0.25,0,zupt
1785677083.211696,47.4644,0,360.68,8,656.49,163.39,334.14,,0.0,0.0,0.08,-0.25,0,zupt
1785677083.2289236,47.4817,0,364.81,8,656.49,163.39,330.49,,0.0,0.0,0.08,-0.25,0,zupt
1785677083.244594,47.4973,0,368.65,8,656.49,163.39,327.11,,0.1182,-0.3195,0.082,-0.256,0,zupt
1785677083.2617362,47.5145,0,372.85,8,656.49,163.39,323.41,,0.0,0.0,0.082,-0.256,0,zupt
1785677083.277634,47.5304,0,376.75,8,656.49,163.39,320.0,,0.0,0.0,0.082,-0.256,0,zupt
1785677083.294711,47.5474,0,380.94,8,656.49,163.39,316.35,,0.0,0.0,0.082,-0.256,0,zupt
1785677083.311889,47.5646,0,385.26,8,656.49,163.39,312.59,,0.1225,-0.3721,0.084,-0.262,0,zupt
1785677083.3274124,47.5801,0,389.16,8,656.49,163.39,309.21,,0.0,0.0,0.084,-0.262,0,zupt
1785677083.3439612,47.5967,0,393.33,8,656.49,163.39,305.62,,0.0,0.0,0.084,-0.262,0,zupt
1785677083.3603568,47.6131,0,397.52,8,656.49,163.39,302.01,,0.0896,-0.3943,0.085,-0.268,0,zupt
1785677083.3770292,47.6298,0,401.79,8,656.49,163.39,298.36,,0.0,0.0,0.085,-0.268,0,zupt
1785677083.3942747,47.647,0,406.2,8,656.49,163.39,294.6,,0.0,0.0,0.085,-0.268,0,zupt
1785677083.4101357,47.6629,0,410.26,8,656.49,163.39,291.16,,0.0,0.0,0.085,-0.268,0,zupt
1785677083.4256082,47.6783,0,414.22,8,656.49,163.39,287.82,,0.0,0.0,0.085,-0.268,0,zupt
1785677083.442583,47.6953,0,418.59,8,656.49,163.39,284.15,,0.0275,-0.3295,0.086,-0.274,0,zupt
1785677083.4600663,47.7128,0,423.09,8,656.49,163.39,280.4,,0.0,0.0,0.086,-0.274,0,zupt
1785677083.4761722,47.7289,0,427.23,8,656.49,163.39,276.96,,0.0,0.0,0.086,-0.274,0,zupt
1785677083.4917169,47.7445,0,431.28,8,656.49,163.39,273.62,,0.0622,-0.3225,0.087,-0.279,0,zupt
1785677083.5078332,47.7606,0,435.47,8,656.49,163.39,270.18,,0.0,0.0,0.087,-0.279,0,zupt
1785677083.5240245,47.7768,0,439.66,8,656.49,163.39,266.76,,-0.0341,-0.3102,0.086,-0.284,0,zupt
1785677083.5394714,47.7922,0,443.65,8,656.49,163.39,263.53,,0.0,0.0,0.086,-0.284,0,zupt
1785677083.556582,47.8093,0,448.08,8,656.49,163.39,259.97,,0.0,0.0,0.086,-0.284,0,zupt
1785677083.5737717,47.8265,0,452.72,8,656.49,163.39,256.26,,0.2194,-0.3564,0.09,-0.29,0,zupt
1785677083.590152,47.8429,0,457.14,8,656.49,163.39,252.76,,0.0,0.0,0.09,-0.29,0,zupt
1785677083.6061919,47.8589,0,461.46,8,656.49,163.39,249.36,,0.0,0.0,0.09,-0.29,0,zupt
1785677083.6227264,47.8755,0,466.12,8,656.49,163.39,245.74,,0.2324,-0.4767,0.094,-0.298,0,zupt
1785677083.639784,47.8925,0,470.92,8,656.49,163.39,242.04,,0.0,0.0,0.094,-0.298,0,zupt
1785677083.6558437,47.9086,0,475.53,8,656.49,163.39,238.52,,0.1232,-0.4092,0.096,-0.305,0,zupt
1785677083.6726906,47.9254,0,480.37,8,656.49,163.39,234.87,,0.0,0.0,0.096,-0.305,0,zupt
1785677083.689169,47.9419,0,485.11,8,656.49,163.39,231.34,,0.0,0.0,0.096,-0.305,0,zupt
1785677083.705716,47.9585,0,489.87,8,656.49,163.39,227.83,,0.014,-0.3111,0.096,-0.31,0,zupt
1785677083.7227812,47.9755,0,494.79,8,656.49,163.39,224.26,,0.0,0.0,0.096,-0.31,0,zupt
1785677083.7390656,47.9918,0,499.47,8,656.49,163.39,220.91,,-0.0131,-0.3726,0.096,-0.316,0,zupt
1785677083.7547011,48.0074,0,503.96,8,656.49,163.39,217.74,,0.0,0.0,0.096,-0.316,0,zupt
1785677083.7721093,48.0248,0,508.96,8,656.49,163.39,214.27,,-0.0073,-0.3552,0.096,-0.322,0,zupt
1785677083.788615,48.0414,0,513.7,8,656.49,163.39,211.03,,0.0,0.0,0.096,-0.322,0,zupt
1785677083.8057299,48.0585,0,518.61,8,656.49,163.39,207.74,,0.0,0.0,0.096,-0.322,0,zupt
1785677083.8222618,48.075,0,523.46,8,656.49,163.39,204.55,,0.1284,-0.3454,0.098,-0.328,0,zupt
1785677083.839811,48.0925,0,528.61,8,656.49,163.39,201.24,,0.0,0.0,0.098,-0.328,0,zupt
1785677083.8562043,48.1089,0,533.5,8,656.49,163.39,198.17,,0.1049,-0.3487,0.1,-0.333,0,zupt
1785677083.872753,48.1255,0,538.44,8,656.49,163.39,195.14,,0.0,0.0,0.1,-0.333,0,zupt
1785677083.8885198,48.1413,0,543.15,8,656.49,163.39,192.33,,0.0,0.0,0.1,-0.333,0,zupt
1785677083.9061866,48.1589,0,548.49,8,656.49,163.39,189.23,,0.0739,-0.4019,0.101,-0.34,0,zupt
1785677083.922959,48.1757,0,553.57,8,656.49,163.39,186.38,,0.0,0.0,0.101,-0.34,0,zupt
1785677083.9387028,48.1914,0,558.46,8,656.49,163.39,183.73,,0.1799,-0.3914,0.104,-0.347,0,zupt
1785677083.9558387,48.2086,0,563.79,8,656.49,163.39,180.94,,0.0,0.0,0.104,-0.347,0,zupt
1785677083.9730701,48.2258,0,569.21,8,656.49,163.39,178.22,,0.0636,-0.3845,0.105,-0.353,0,zupt
1785677083.9893656,48.2421,0,574.33,8,656.49,163.39,175.77,,0.0,0.0,0.105,-0.353,0,zupt
1785677084.0060787,48.2588,0,579.58,8,656.49,163.39,173.38,,0.0,0.0,0.105,-0.353,0,zupt
1785677084.022537,48.2753,0,584.75,8,656.49,163.39,171.15,,0.0,0.0,0.105,-0.353,0,zupt
1785677084.0397775,48.2925,0,590.19,8,656.49,163.39,168.94,,0.0223,-0.3185,0.105,-0.359,0,zupt
1785677084.055883,48.3086,0,595.27,8,656.49,163.39,167.01,,0.0,0.0,0.105,-0.359,0,zupt
1785677084.072918,48.3257,0,600.64,8,656.49,163.39,165.12,,0.0,0.0,0.105,-0.359,0,zupt
1785677084.089227,48.342,0,605.79,8,656.49,163.39,163.45,,0.0,0.0,0.105,-0.359,0,zupt
1785677084.1048887,48.3576,0,610.72,8,656.49,163.39,161.99,,-0.0123,-0.2927,0.105,-0.363,0,zupt
1785677084.1211627,48.3739,0,615.84,8,656.49,163.39,160.62,,0.0,0.0,0.105,-0.363,0,zupt
1785677084.1369212,48.3897,0,620.8,8,656.49,163.39,159.43,,0.0,0.0,0.105,-0.363,0,zupt
1785677084.152715,48.4055,0,625.77,8,656.49,163.39,158.39,,0.0,0.0,0.105,-0.363,0,zupt
1785677084.1690261,48.4218,0,631.01,8,656.49,163.39,157.46,,0.1304,-0.2726,0.107,-0.368,0,zupt
1785677084.1849034,48.4376,0,636.11,8,656.49,163.39,156.72,,0.0,0.0,0.107,-0.368,0,zupt
1785677084.201433,48.4542,0,641.46,8,656.49,163.39,156.11,,0.0485,-0.336,0.108,-0.373,0,zupt
1785677084.2190063,48.4717,0,647.15,8,656.49,163.39,155.67,,0.0,0.0,0.108,-0.373,0,zupt
1785677084.2350483,48.4878,0,652.34,8,656.49,163.39,155.44,,0.0,0.0,0.108,-0.373,0,zupt
1785677084.251523,48.5043,0,657.83,8,656.49,163.39,155.39,,0.1942,-0.3127,0.111,-0.379,0,zupt
1785677084.2688327,48.5216,0,663.6,8,656.49,163.39,155.55,,0.0,0.0,0.111,-0.379,0,zupt
1785677084.2846966,48.5374,0,668.93,8,656.49,163.39,155.88,,0.0638,-0.3228,0.112,-0.384,0,zupt
1785677084.3013475,48.5541,0,674.53,8,656.49,163.39,156.43,,0.0,0.0,0.112,-0.384,0,zupt
1785677084.3180513,48.5708,0,680.15,8,656.49,163.39,157.18,,0.0,0.0,0.112,-0.384,0,zupt
1785677084.3337133,48.5864,0,685.5,8,656.49,163.39,158.07,,0.1158,-0.3064,0.114,-0.388,0,zupt
1785677084.3508866,48.6036,0,691.37,8,656.49,163.39,159.25,,0.0,0.0,0.114,-0.388,0,zupt
1785677084.3677077,48.6204,0,697.16,8,656.49,163.39,160.62,,0.0522,-0.2962,0.115,-0.393,0,zupt
1785677084.3846128,48.6373,0,702.98,8,656.49,163.39,162.19,,0.0,0.0,0.115,-0.393,0,zupt
1785677084.402768,48.6555,0,709.23,8,656.49,163.39,164.09,,0.0,0.0,0.115,-0.393,0,zupt
1785677084.4186573,48.6714,0,714.71,8,656.49,163.39,165.94,,0.0131,-0.3316,0.115,-0.399,0,zupt
1785677084.4360788,48.6888,0,720.72,8,656.49,163.39,168.14,,0.0,0.0,0.115,-0.399,0,zupt
1785677084.4516597,48.7044,0,726.1,8,656.49,163.39,170.26,,0.0,0.0,0.115,-0.399,0,zupt
1785677084.4689455,48.7217,0,732.09,8,656.49,163.39,172.8,,0.0389,-0.33,0.116,-0.404,0,zupt
1785677084.484658,48.7374,0,737.54,8,656.49,163.39,175.26,,0.0,0.0,0.116,-0.404,0,zupt
1785677084.5017707,48.7545,0,743.56,8,656.49,163.39,178.12,,0.0868,-0.3518,0.117,-0.41,0,zupt
1785677084.5191164,48.7719,0,749.65,8,656.49,163.39,181.18,,0.0,0.0,0.117,-0.41,0,zupt
1785677084.5348055,48.7875,0,755.17,8,656.49,163.39,184.07,,0.0,0.0,0.117,-0.41,0,zupt
1785677084.5516474,48.8044,0,761.14,8,656.49,163.39,187.34,,0.0639,-0.388,0.118,-0.417,0,zupt
1785677084.5692358,48.822,0,767.38,8,656.49,163.39,190.9,,0.0,0.0,0.118,-0.417,0,zupt
1785677084.5859942,48.8387,0,773.35,8,656.49,163.39,194.43,,0.0374,-0.3568,0.119,-0.423,0,zupt
1785677084.6029086,48.8556,0,779.38,8,656.49,163.39,198.11,,0.0,0.0,0.119,-0.423,0,zupt
1785677084.6196406,48.8724,0,785.35,8,656.49,163.39,201.86,,0.0,0.0,0.119,-0.423,0,zupt
1785677084.6368046,48.8895,0,791.57,8,656.49,163.39,205.89,,0.1204,-0.306,0.121,-0.428,0,zupt
1785677084.652866,48.9056,0,792,8,656.49,163.39,206.17,,0.0,0.0,0.121,-0.428,0,zupt
1785677084.6694922,48.9222,0,792,8,656.49,163.39,206.17,,0.0,0.0,0.121,-0.428,0,zupt
1785677084.6868944,48.9396,0,792,8,656.49,163.39,206.17,,0.1258,-0.3654,0.123,-0.435,0,zupt
1785677084.7028685,48.9556,0,792,8,656.49,163.39,206.17,,0.0,0.0,0.123,-0.435,0,zupt
1785677084.7186143,48.9714,0,792,8,656.49,163.39,206.17,,0.0,0.0,0.123,-0.435,0,zupt
1785677084.735786,48.9885,0,792,8,656.49,163.39,206.17,,0.0,0.0,0.123,-0.435,0,zupt
1785677084.7528791,49.0056,0,792,8,656.49,163.39,206.17,,-0.0063,-0.2823,0.123,-0.439,0,zupt
1785677084.7687268,49.0215,0,792,8,656.49,163.39,206.17,,0.0,0.0,0.123,-0.439,0,zupt
1785677084.785572,49.0383,0,792,8,656.49,163.39,206.17,,0.0,0.0,0.123,-0.439,0,zupt
1785677084.8026783,49.0554,0,792,8,656.49,163.39,206.17,,0.0,0.0,0.123,-0.439,0,zupt
1785677084.819411,49.0721,0,792,8,656.49,163.39,206.17,,0.0,0.0,0.123,-0.439,0,zupt
1785677084.8367853,49.0895,0,792,8,656.49,163.39,206.17,,0.0246,-0.2999,0.123,-0.445,0,zupt
1785677084.8529413,49.1057,0,792,8,656.49,163.39,206.17,,0.0,0.0,0.123,-0.445,0,zupt
1785677084.8685381,49.1213,0,792,8,656.49,163.39,206.17,,0.0,0.0,0.123,-0.445,0,zupt
1785677084.885414,49.1381,0,792,8,656.49,163.39,206.17,,0.0467,-0.2505,0.124,-0.449,0,zupt
1785677084.9028468,49.1556,0,792,8,656.49,163.39,206.17,,0.0,0.0,0.124,-0.449,0,zupt
1785677084.9188023,49.1715,0,792,8,656.49,163.39,206.17,,0.0,0.0,0.124,-0.449,0,zupt
1785677084.9350092,49.1877,0,792,8,656.49,163.39,206.17,,0.0,0.0,0.124,-0.449,0,zupt
1785677084.9508107,49.2035,0,792,8,656.49,163.39,206.17,,0.0,0.0,0.124,-0.449,0,zupt
1785677084.9669912,49.2197,0,792,8,656.49,163.39,206.17,,0.0,0.0,0.124,-0.449,0,zupt
1785677084.9827256,49.2355,0,792,8,656.49,163.39,206.17,,0.0,0.0,0.124,-0.449,0,zupt
1785677084.9998171,49.2526,0,792,8,656.49,163.39,206.17,,0.0,0.0,0.124,-0.449,0,zupt
1785677085.0169919,49.2697,0,792,8,656.49,163.39,206.17,,0.0,0.0,0.124,-0.449,0,zupt
1785677085.0326736,49.2854,0,792,8,656.49,163.39,206.17,,0.0,0.0,0.124,-0.449,0,zupt
1785677085.049927,49.3027,0,792,8,656.49,163.39,206.17,,0.0,0.0,0.124,-0.449,0,zupt
1785677085.0660322,49.3188,0,792,8,656.49,163.39,206.17,,0.0,0.0,0.124,-0.449,0,zupt
1785677085.0819383,49.3347,0,792,8,656.49,163.39,206.17,,0.0,0.0,0.124,-0.449,0,zupt
1785677085.0979018,49.3506,0,792,8,656.49,163.39,206.17,,0.0,0.0,0.124,-0.449,0,zupt
1785677085.1138022,49.3665,0,792,8,656.49,163.39,206.17,,0.0,0.0,0.124,-0.449,0,zupt
1785677085.1294148,49.3822,0,792,8,656.49,163.39,206.17,,0.0,0.0,0.124,-0.449,0,zupt
1785677085.1461408,49.3989,0,792,8,656.49,163.39,206.17,,0.0,0.0,0.124,-0.449,0,zupt
1785677085.162627,49.4154,0,792,8,656.49,163.39,206.17,,0.0,0.0,0.124,-0.449,0,zupt
1785677085.1793485,49.4321,0,792,8,656.49,163.39,206.17,,0.0,0.0,0.124,-0.449,0,zupt
1785677085.195832,49.4486,0,792,8,656.49,163.39,206.17,,0.0,0.0,0.124,-0.449,0,zupt
1785677085.2127721,49.4655,0,792,8,656.49,163.39,206.17,,0.0,0.0,0.124,-0.449,0,zupt
1785677085.2290316,49.4818,0,792,8,656.49,163.39,206.17,,0.0,0.0,0.124,-0.449,0,zupt
1785677085.2446945,49.4974,0,792,8,656.49,163.39,206.17,,0.0,0.0,0.124,-0.449,0,zupt
1785677085.2620096,49.5147,0,792,8,656.49,163.39,206.17,,0.0,0.0,0.124,-0.449,0,zupt
1785677085.278397,49.5311,0,792,8,656.49,163.39,206.17,,0.0,0.0,0.124,-0.449,0,zupt
1785677085.2958784,49.5486,0,792,8,656.49,163.39,206.17,,0.0,0.0,0.124,-0.449,0,zupt
1785677085.3120878,49.5648,0,792,8,656.49,163.39,206.17,,0.0,0.0,0.124,-0.449,0,zupt
1785677085.3277187,49.5805,0,792,8,656.49,163.39,206.17,,0.0,0.0,0.124,-0.449,0,zupt
1785677085.3453245,49.5981,0,792,8,656.49,163.39,206.17,,0.0,0.0,0.124,-0.449,0,zupt
1785677085.363002,49.6157,0,792,8,656.49,163.39,206.17,,0.0,0.0,0.124,-0.449,0,zupt
1785677085.378998,49.6317,0,792,8,656.49,163.39,206.17,,0.0,0.0,0.124,-0.449,0,zupt
1785677085.395089,49.6478,0,792,8,656.49,163.39,206.17,,0.0,0.0,0.124,-0.449,0,zupt
1785677085.4107604,49.6635,0,792,8,656.49,163.39,206.17,,0.0,0.0,0.124,-0.449,0,zupt
1785677085.4271545,49.6799,0,792,8,656.49,163.39,206.17,,0.0,0.0,0.124,-0.449,0,zupt
1785677085.4440928,49.6968,0,792,8,656.49,163.39,206.17,,0.0,0.0,0.124,-0.449,0,zupt
1785677085.4603105,49.713,0,792,8,656.49,163.39,206.17,,0.0,0.0,0.124,-0.449,0,zupt
1785677085.476945,49.7297,0,792,8,656.49,163.39,206.17,,0.0,0.0,0.124,-0.449,0,zupt
1785677085.4929454,49.7457,0,792,8,656.49,163.39,206.17,,0.0,0.0,0.124,-0.449,0,zupt
1785677085.5086727,49.7614,0,792,8,656.49,163.39,206.17,,0.0,0.0,0.124,-0.449,0,zupt
1785677085.5261278,49.7789,0,792,8,656.49,163.39,206.17,,0.0,0.0,0.124,-0.449,0,zupt
1785677085.5416746,49.7944,0,792,8,656.49,163.39,206.17,,0.0,0.0,0.124,-0.449,0,zupt
1785677085.5590813,49.8118,0,792,8,656.49,163.39,206.17,,0.0,0.0,0.124,-0.449,0,zupt
1785677085.5755796,49.8283,0,792,8,656.49,163.39,206.17,,0.0,0.0,0.124,-0.449,0,zupt
1785677085.5924554,49.8452,0,792,8,656.49,163.39,206.17,,0.0,0.0,0.124,-0.449,0,zupt
1785677085.6099536,49.8627,0,792,8,656.49,163.39,206.17,,0.0,0.0,0.124,-0.449,0,zupt
1785677085.625646,49.8784,0,792,8,656.49,163.39,206.17,,0.0,0.0,0.124,-0.449,0,zupt
1785677085.6420329,49.8948,0,792,8,656.49,163.39,206.17,,0.0,0.0,0.124,-0.449,0,zupt
1785677085.6579528,49.9107,0,792,8,656.49,163.39,206.17,,0.0,0.0,0.124,-0.449,0,zupt
1785677085.6741755,49.9269,0,792,8,656.49,163.39,206.17,,0.0,0.0,0.124,-0.449,0,zupt
1785677085.6897721,49.9425,0,792,8,656.49,163.39,206.17,,0.0,0.0,0.124,-0.449,0,zupt
1785677085.7057228,49.9585,0,792,8,656.49,163.39,206.17,,0.0,0.0,0.124,-0.449,0,zupt
1785677085.72299,49.9757,0,792,8,656.49,163.39,206.17,,0.0,0.0,0.124,-0.449,0,zupt
1785677085.73886,49.9916,0,792,8,656.49,163.39,206.17,,0.0,0.0,0.124,-0.449,0,zupt
1785677085.7548506,50.0076,0,792,8,656.49,163.39,206.17,,0.0,0.0,0.124,-0.449,0,zupt
1785677085.7711768,50.0239,0,792,8,656.49,163.39,206.17,,0.0,0.0,0.124,-0.449,0,zupt
1785677085.7876234,50.0404,0,792,8,656.49,163.39,206.17,,0.0,0.0,0.124,-0.449,0,zupt
1785677085.8036942,50.0564,0,792,8,656.49,163.39,206.17,,0.0,0.0,0.124,-0.449,0,zupt
1785677085.8202157,50.073,0,792,8,656.49,163.39,206.17,,0.0,0.0,0.124,-0.449,0,zupt
1785677085.8366323,50.0894,0,792,8,656.49,163.39,206.17,,0.0,0.0,0.124,-0.449,0,zupt
1785677085.853409,50.1061,0,792,8,656.49,163.39,206.17,,0.0,0.0,0.124,-0.449,0,zupt
1785677085.8708582,50.1236,0,792,8,656.49,163.39,206.17,,0.0,0.0,0.124,-0.449,0,zupt
1785677085.8877134,50.1404,0,792,8,656.49,163.39,206.17,,0.0,0.0,0.124,-0.449,0,zupt
1785677085.9045956,50.1573,0,792,8,656.49,163.39,206.17,,0.0,0.0,0.124,-0.449,0,zupt
1785677085.9213097,50.174,0,792,8,656.49,163.39,206.17,,0.0,0.0,0.124,-0.449,0,zupt
1785677085.9387872,50.1915,0,792,8,656.49,163.39,206.17,,0.0,0.0,0.124,-0.449,0,zupt
1785677085.9552228,50.208,0,792,8,656.49,163.39,206.17,,0.0,0.0,0.124,-0.449,0,zupt
1785677085.97075,50.2235,0,792,8,656.49,163.39,206.17,,0.0,0.0,0.124,-0.449,0,zupt
1785677085.987236,50.24,0,792,8,656.49,163.39,206.17,,0.0,0.0,0.124,-0.449,0,zupt
1785677086.0048041,50.2575,0,792,8,656.49,163.39,206.17,,0.0,0.0,0.124,-0.449,0,zupt
1785677086.020715,50.2735,0,792,8,656.49,163.39,206.17,,0.1959,0.5417,0.127,-0.44,0,zupt
1785677086.0378366,50.2906,0,792,8,656.49,163.39,206.17,,0.0,0.0,0.127,-0.44,0,zupt
1785677086.0540013,50.3067,0,792,8,656.49,163.39,206.17,,0.1674,0.6707,0.13,-0.429,0,zupt
1785677086.069653,50.3224,0,792,8,656.49,163.39,206.17,,0.0,0.0,0.13,-0.429,0,zupt
1785677086.0869331,50.3397,0,792,8,656.49,163.39,206.17,,0.2003,0.8005,0.133,-0.416,0,zupt
1785677086.102769,50.3555,0,792,8,656.49,163.39,206.17,,0.0,0.0,0.133,-0.416,0,zupt
1785677086.119131,50.3719,0,792,8,656.49,163.39,206.17,,0.0,0.0,0.133,-0.416,0,zupt
1785677086.1351974,50.3879,0,792,8,656.49,163.39,206.17,,0.3676,0.8102,0.139,-0.402,0,zupt
1785677086.1514058,50.4041,0,792,8,656.49,163.39,206.17,,0.0,0.0,0.139,-0.402,0,zupt
1785677086.1689622,50.4217,0,792,8,656.49,163.39,206.17,,0.0,0.0,0.139,-0.402,0,zupt
1785677086.185541,50.4383,0,792,8,656.49,163.39,206.17,,0.0,0.0,0.139,-0.402,0,zupt
1785677086.2030647,50.4558,0,792,8,656.49,163.39,206.17,,0.0,0.0,0.139,-0.402,0,zupt
1785677086.2190847,50.4718,0,792,8,656.49,163.39,206.17,,0.2175,0.8095,0.143,-0.39,0,zupt
1785677086.2351236,50.4879,0,792,8,656.49,163.39,206.17,,0.0,0.0,0.143,-0.39,0,zupt
1785677086.251043,50.5038,0,792,8,656.49,163.39,206.17,,0.0,0.0,0.143,-0.39,0,zupt
1785677086.2667553,50.5195,0,792,8,656.49,163.39,206.17,,0.0,0.0,0.143,-0.39,0,zupt
1785677086.2830808,50.5358,0,792,8,656.49,163.39,206.17,,0.0,0.0,0.143,-0.39,0,zupt
1785677086.2996328,50.5524,0,792,8,656.49,163.39,206.17,,0.1335,0.6644,0.145,-0.379,0,zupt
1785677086.316708,50.5694,0,792,8,656.49,163.39,206.17,,0.0,0.0,0.145,-0.379,0,zupt
1785677086.3335524,50.5863,0,792,8,656.49,163.39,206.17,,0.0,0.0,0.145,-0.379,0,zupt
1785677086.3505976,50.6033,0,792,8,656.49,163.39,206.17,,0.0,0.0,0.145,-0.379,0,zupt
1785677086.3672554,50.62,0,792,8,656.49,163.39,206.17,,0.1368,0.5235,0.147,-0.37,0,zupt
1785677086.3838906,50.6366,0,792,8,656.49,163.39,206.17,,0.0,0.0,0.147,-0.37,0,zupt
1785677086.3999548,50.6527,0,792,8,656.49,163.39,206.17,,0.1598,0.4853,0.15,-0.362,0,zupt
1785677086.4156945,50.6684,0,792,8,656.49,163.39,206.17,,0.0,0.0,0.15,-0.362,0,zupt
1785677086.432824,50.6856,0,792,8,656.49,163.39,206.17,,0.1418,0.4307,0.152,-0.355,0,zupt
1785677086.4495742,50.7023,0,792,8,656.49,163.39,206.17,,0.0,0.0,0.152,-0.355,0,zupt
1785677086.4658577,50.7186,0,792,8,656.49,163.39,206.17,,0.0,0.0,0.152,-0.355,0,zupt
1785677086.482923,50.7357,0,792,8,656.49,163.39,206.17,,0.2047,0.4523,0.156,-0.347,0,zupt
1785677086.498503,50.7512,0,792,8,656.49,163.39,206.17,,0.0,0.0,0.156,-0.347,0,zupt
1785677086.5151627,50.7679,0,792,8,656.49,163.39,206.17,,0.0,0.0,0.156,-0.347,0,zupt
1785677086.5308769,50.7836,0,792,8,656.49,163.39,206.17,,0.1745,0.435,0.159,-0.34,0,zupt
1785677086.5469136,50.7996,0,792,8,656.49,163.39,206.17,,0.0,0.0,0.159,-0.34,0,zupt
1785677086.5625432,50.8153,0,792,8,656.49,163.39,206.17,,0.1265,0.4976,0.161,-0.332,0,zupt
1785677086.5792847,50.832,0,792,8,656.49,163.39,206.17,,0.0,0.0,0.161,-0.332,0,zupt
1785677086.5957563,50.8485,0,792,8,656.49,163.39,206.17,,0.0,0.0,0.161,-0.332,0,zupt
1785677086.6116276,50.8644,0,792,8,656.49,163.39,206.17,,0.2148,0.5107,0.164,-0.324,0,zupt
1785677086.629258,50.882,0,792,8,656.49,163.39,206.17,,0.0,0.0,0.164,-0.324,0,zupt
1785677086.6449153,50.8977,0,792,8,656.49,163.39,206.17,,0.1675,0.5359,0.167,-0.316,0,zupt
1785677086.6608844,50.9136,0,792,8,656.49,163.39,206.17,,0.0,0.0,0.167,-0.316,0,zupt
1785677086.6768267,50.9296,0,792,8,656.49,163.39,206.17,,0.0,0.0,0.167,-0.316,0,zupt
1785677086.6941426,50.9469,0,792,8,656.49,163.39,206.17,,0.0838,0.5728,0.168,-0.306,0,zupt
1785677086.7100863,50.9628,0,792,8,656.49,163.39,206.17,,0.0,0.0,0.168,-0.306,0,zupt
1785677086.725753,50.9785,0,792,8,656.49,163.39,206.17,,0.1164,0.5984,0.17,-0.297,0,zupt
1785677086.7422447,50.995,0,792,8,656.49,163.39,206.17,,0.0,0.0,0.17,-0.297,0,zupt
1785677086.7578993,51.0106,0,792,8,656.49,163.39,206.17,,0.0,0.0,0.17,-0.297,0,zupt
1785677086.7740364,51.0268,0,792,8,656.49,163.39,206.17,,0.2333,0.4683,0.174,-0.289,0,zupt
1785677086.7900066,51.0427,0,792,8,656.49,163.39,206.17,,0.0,0.0,0.174,-0.289,0,zupt
1785677086.8057148,51.0585,0,792,8,656.49,163.39,206.17,,0.0,0.0,0.174,-0.289,0,zupt
1785677086.8222475,51.075,0,792,8,656.49,163.39,206.17,,0.2291,0.4726,0.177,-0.281,0,zupt
1785677086.838889,51.0916,0,792,8,656.49,163.39,206.17,,0.0,0.0,0.177,-0.281,0,zupt
1785677086.8546438,51.1074,0,792,8,656.49,163.39,206.17,,0.1519,0.5386,0.18,-0.273,0,zupt
1785677086.8712623,51.124,0,792,8,656.49,163.39,206.17,,0.0,0.0,0.18,-0.273,0,zupt
1785677086.8873703,51.1401,0,792,8,656.49,163.39,206.17,,0.0,0.0,0.18,-0.273,0,zupt
1785677086.9050312,51.1578,0,792,8,656.49,163.39,206.17,,0.1439,0.4928,0.182,-0.264,0,zupt
1785677086.9205844,51.1733,0,792,8,656.49,163.39,206.17,,0.0,0.0,0.182,-0.264,0,zupt
1785677086.938097,51.1908,0,792,8,656.49,163.39,206.17,,0.0,0.0,0.182,-0.264,0,zupt
1785677086.9542034,51.2069,0,792,8,656.49,163.39,206.17,,0.0,0.0,0.182,-0.264,0,zupt
1785677086.969746,51.2225,0,792,8,656.49,163.39,206.17,,0.1728,0.4888,0.185,-0.256,0,zupt
1785677086.9867158,51.2395,0,792,8,656.49,163.39,206.17,,0.0,0.0,0.185,-0.256,0,zupt
1785677087.002611,51.2553,0,792,8,656.49,163.39,206.17,,0.0,0.0,0.185,-0.256,0,zupt
1785677087.0198076,51.2725,0,792,8,656.49,163.39,206.17,,0.0,0.0,0.185,-0.256,0,zupt
1785677087.0357673,51.2885,0,792,8,656.49,163.39,206.17,,0.1296,0.5908,0.187,-0.247,0,zupt
1785677087.0528724,51.3056,0,792,8,656.49,163.39,206.17,,0.0,0.0,0.187,-0.247,0,zupt
1785677087.0685258,51.3213,0,792,8,656.49,163.39,206.17,,0.0,0.0,0.187,-0.247,0,zupt
1785677087.0860703,51.3388,0,792,8,656.49,163.39,206.17,,0.1039,0.5687,0.189,-0.237,0,zupt
1785677087.1027052,51.3554,0,792,8,656.49,163.39,206.17,,0.0,0.0,0.189,-0.237,0,zupt
1785677087.1202939,51.373,0,792,8,656.49,163.39,206.17,,0.0,0.0,0.189,-0.237,0,zupt
1785677087.1373851,51.3901,0,792,8,656.49,163.39,206.17,,0.1945,0.5577,0.192,-0.227,0,zupt
1785677087.1542132,51.4069,0,792,8,656.49,163.39,206.17,,0.0,0.0,0.192,-0.227,0,zupt
1785677087.1706526,51.4234,0,792,8,656.49,163.39,206.17,,0.1479,0.5139,0.195,-0.219,0,zupt
1785677087.1877377,51.4405,0,792,8,656.49,163.39,206.17,,0.0,0.0,0.195,-0.219,0,zupt
1785677087.203785,51.4565,0,792,8,656.49,163.39,206.17,,0.0,0.0,0.195,-0.219,0,zupt
1785677087.2200153,51.4728,0,792,8,656.49,163.39,206.17,,0.1017,0.5491,0.196,-0.21,0,zupt
1785677087.2363558,51.4891,0,792,8,656.49,163.39,206.17,,0.0,0.0,0.196,-0.21,0,zupt
1785677087.2537904,51.5065,0,792,8,656.49,163.39,206.17,,0.1904,0.489,0.2,-0.202,0,zupt
1785677087.2694836,51.5222,0,792,8,656.49,163.39,206.17,,0.0,0.0,0.2,-0.202,0,zupt
1785677087.286667,51.5394,0,792,8,656.49,163.39,206.17,,0.0,0.0,0.2,-0.202,0,zupt
1785677087.3027306,51.5555,0,792,8,656.49,163.39,206.17,,0.1565,0.4901,0.202,-0.194,0,zupt
1785677087.3188312,51.5716,0,792,8,656.49,163.39,206.17,,0.0,0.0,0.202,-0.194,0,zupt
1785677087.3358126,51.5885,0,792,8,656.49,163.39,206.17,,0.1225,0.5099,0.204,-0.185,0,zupt
1785677087.3528686,51.6056,0,792,8,656.49,163.39,206.17,,0.0,0.0,0.204,-0.185,0,zupt
1785677087.3688722,51.6216,0,792,8,656.49,163.39,206.17,,0.0,0.0,0.204,-0.185,0,zupt
1785677087.3848646,51.6376,0,792,8,656.49,163.39,206.17,,0.0,0.0,0.204,-0.185,0,zupt
1785677087.4005728,51.6533,0,792,8,656.49,163.39,206.17,,0.0,0.0,0.204,-0.185,0,zupt
1785677087.4171114,51.6698,0,792,8,656.49,163.39,206.17,,0.0,0.0,0.204,-0.185,0,zupt
1785677087.4328067,51.6855,0,792,8,656.49,163.39,206.17,,0.0,0.0,0.204,-0.185,0,zupt
1785677087.4484496,51.7012,0,792,8,656.49,163.39,206.17,,0.0,0.0,0.204,-0.185,0,zupt
1785677087.4655952,51.7183,0,792,8,656.49,163.39,206.17,,0.0,0.0,0.204,-0.185,0,zupt
1785677087.4827423,51.7355,0,792,8,656.49,163.39,206.17,,0.0,0.0,0.204,-0.185,0,zupt
1785677087.4991734,51.7519,0,792,8,656.49,163.39,206.17,,0.0,0.0,0.204,-0.185,0,zupt
1785677087.5152216,51.768,0,792,8,656.49,163.39,206.17,,0.0,0.0,0.204,-0.185,0,zupt
1785677087.5327199,51.7855,0,792,8,656.49,163.39,206.17,,0.0,0.0,0.204,-0.185,0,zupt
1785677087.5493178,51.8021,0,792,8,656.49,163.39,206.17,,0.0,0.0,0.204,-0.185,0,zupt
1785677087.5660007,51.8187,0,792,8,656.49,163.39,206.17,,0.0,0.0,0.204,-0.185,0,zupt
1785677087.5826416,51.8354,0,792,8,656.49,163.39,206.17,,0.0,0.0,0.204,-0.185,0,zupt
1785677087.598573,51.8513,0,792,8,656.49,163.39,206.17,,0.1797,0.497,0.207,-0.177,0,zupt
1785677087.6161802,51.8689,0,792,8,656.49,163.39,206.17,,0.0,0.0,0.207,-0.177,0,zupt
1785677087.6327257,51.8855,0,792,8,656.49,163.39,206.17,,0.1903,0.5009,0.21,-0.169,0,zupt
1785677087.6494362,51.9022,0,792,8,656.49,163.39,206.17,,0.0,0.0,0.21,-0.169,0,zupt
1785677087.6660864,51.9188,0,792,8,656.49,163.39,206.17,,0.0,0.0,0.21,-0.169,0,zupt
1785677087.6828296,51.9356,0,792,8,656.49,163.39,206.17,,0.0,0.0,0.21,-0.169,0,zupt
1785677087.6984596,51.9512,0,792,8,656.49,163.39,206.17,,0.0,0.0,0.21,-0.169,0,zupt
1785677087.7158108,51.9685,0,792,8,656.49,163.39,206.17,,0.0,0.0,0.21,-0.169,0,zupt
1785677087.732681,51.9854,0,792,8,656.49,163.39,206.17,,0.0,0.0,0.21,-0.169,0,zupt
1785677087.7485714,52.0013,0,792,8,656.49,163.39,206.17,,0.0,0.0,0.21,-0.169,0,zupt
1785677087.7659466,52.0187,0,792,8,656.49,163.39,206.17,,0.0,0.0,0.21,-0.169,0,zupt
1785677087.7817993,52.0345,0,792,8,656.49,163.39,206.17,,0.0,0.0,0.21,-0.169,0,zupt
1785677087.798329,52.0511,0,792,8,656.49,163.39,206.17,,0.0,0.0,0.21,-0.169,0,zupt
1785677087.8154368,52.0682,0,792,8,656.49,163.39,206.17,,0.0,0.0,0.21,-0.169,0,zupt
1785677087.8328795,52.0856,0,792,8,656.49,163.39,206.17,,0.0,0.0,0.21,-0.169,0,zupt
1785677087.8484201,52.1012,0,792,8,656.49,163.39,206.17,,0.0,0.0,0.21,-0.169,0,zupt
1785677087.8660445,52.1188,0,792,8,656.49,163.39,206.17,,0.0,0.0,0.21,-0.169,0,zupt
1785677087.8819275,52.1347,0,792,8,656.49,163.39,206.17,,0.0,0.0,0.21,-0.169,0,zupt
1785677087.8979998,52.1507,0,792,8,656.49,163.39,206.17,,0.0,0.0,0.21,-0.169,0,zupt
1785677087.9139795,52.1667,0,792,8,656.49,163.39,206.17,,0.0,0.0,0.21,-0.169,0,zupt
1785677087.9299908,52.1827,0,792,8,656.49,163.39,206.17,,0.0,0.0,0.21,-0.169,0,zupt
1785677087.9466205,52.1994,0,792,8,656.49,163.39,206.17,,0.0,0.0,0.21,-0.169,0,zupt
1785677087.9642687,52.217,0,792,8,656.49,163.39,206.17,,0.0,0.0,0.21,-0.169,0,zupt
1785677087.9798167,52.2326,0,792,8,656.49,163.39,206.17,,0.0,0.0,0.21,-0.169,0,zupt
1785677087.9956992,52.2484,0,792,8,656.49,163.39,206.17,,0.0,0.0,0.21,-0.169,0,zupt
1785677088.0126805,52.2654,0,792,8,656.49,163.39,206.17,,0.0,0.0,0.21,-0.169,0,zupt
1785677088.0284574,52.2812,0,792,8,656.49,163.39,206.17,,0.0,0.0,0.21,-0.169,0,zupt
1785677088.04511,52.2978,0,792,8,656.49,163.39,206.17,,0.0,0.0,0.21,-0.169,0,zupt
1785677088.0613685,52.3141,0,792,8,656.49,163.39,206.17,,0.0,0.0,0.21,-0.169,0,zupt
1785677088.0782876,52.331,0,792,8,656.49,163.39,206.17,,0.0,0.0,0.21,-0.169,0,zupt
1785677088.0941575,52.3469,0,792,8,656.49,163.39,206.17,,0.0,0.0,0.21,-0.169,0,zupt
1785677088.1097996,52.3625,0,792,8,656.49,163.39,206.17,,0.0,0.0,0.21,-0.169,0,zupt
1785677088.1262465,52.379,0,792,8,656.49,163.39,206.17,,0.0,0.0,0.21,-0.169,0,zupt
1785677088.1437237,52.3965,0,792,8,656.49,163.39,206.17,,0.0,0.0,0.21,-0.169,0,zupt
1785677088.1601725,52.4129,0,792,8,656.49,163.39,206.17,,0.0,0.0,0.21,-0.169,0,zupt
1785677088.1762419,52.429,0,792,8,656.49,163.39,206.17,,0.0,0.0,0.21,-0.169,0,zupt
1785677088.1927862,52.4455,0,792,8,656.49,163.39,206.17,,0.0,0.0,0.21,-0.169,0,zupt
1785677088.2093222,52.4621,0,792,8,656.49,163.39,206.17,,0.0,0.0,0.21,-0.169,0,zupt
1785677088.2270458,52.4798,0,792,8,656.49,163.39,206.17,,0.0,0.0,0.21,-0.169,0,zupt
1785677088.2428226,52.4956,0,792,8,656.49,163.39,206.17,,0.0,0.0,0.21,-0.169,0,zupt
1785677088.2587235,52.5115,0,792,8,656.49,163.39,206.17,,0.0,0.0,0.21,-0.169,0,zupt
1785677088.27475,52.5275,0,792,8,656.49,163.39,206.17,,0.0,0.0,0.21,-0.169,0,zupt
1785677088.2906132,52.5433,0,792,8,656.49,163.39,206.17,,0.0,0.0,0.21,-0.169,0,zupt
1785677088.307209,52.5599,0,792,8,656.49,163.39,206.17,,0.0,0.0,0.21,-0.169,0,zupt
1785677088.3238773,52.5766,0,792,8,656.49,163.39,206.17,,0.0,0.0,0.21,-0.169,0,zupt
1785677088.3402348,52.593,0,792,8,656.49,163.39,206.17,,0.0,0.0,0.21,-0.169,0,zupt
1785677088.3577144,52.6105,0,792,8,656.49,163.39,206.17,,0.0,0.0,0.21,-0.169,0,zupt
1785677088.3748736,52.6276,0,792,8,656.49,163.39,206.17,,0.0,0.0,0.21,-0.169,0,zupt
1785677088.3905416,52.6433,0,792,8,656.49,163.39,206.17,,0.0,0.0,0.21,-0.169,0,zupt
1785677088.407989,52.6607,0,792,8,656.49,163.39,206.17,,0.0,0.0,0.21,-0.169,0,zupt
1785677088.4235868,52.6763,0,792,8,656.49,163.39,206.17,,0.0,0.0,0.21,-0.169,0,zupt
1785677088.4410973,52.6938,0,792,8,656.49,163.39,206.17,,0.0,0.0,0.21,-0.169,0,zupt
1785677088.457665,52.7104,0,792,8,656.49,163.39,206.17,,0.0,0.0,0.21,-0.169,0,zupt
1785677088.475045,52.7278,0,792,8,656.49,163.39,206.17,,0.0,0.0,0.21,-0.169,0,zupt
1785677088.4907649,52.7435,0,792,8,656.49,163.39,206.17,,0.0,0.0,0.21,-0.169,0,zupt
1785677088.507173,52.7599,0,792,8,656.49,163.39,206.17,,0.0,0.0,0.21,-0.169,0,zupt
1785677088.5238354,52.7766,0,792,8,656.49,163.39,206.17,,0.0,0.0,0.21,-0.169,0,zupt
1785677088.5401616,52.7929,0,792,8,656.49,163.39,206.17,,0.0,0.0,0.21,-0.169,0,zupt
1785677088.555918,52.8087,0,792,8,656.49,163.39,206.17,,0.0,0.0,0.21,-0.169,0,zupt
1785677088.5719671,52.8247,0,792,8,656.49,163.39,206.17,,0.0,0.0,0.21,-0.169,0,zupt
1785677088.5882256,52.841,0,792,8,656.49,163.39,206.17,,0.0,0.0,0.21,-0.169,0,zupt
1785677088.6049316,52.8577,0,792,8,656.49,163.39,206.17,,0.0,0.0,0.21,-0.169,0,zupt
1785677088.6210096,52.8737,0,792,8,656.49,163.39,206.17,,0.0,0.0,0.21,-0.169,0,zupt
1785677088.6369932,52.8897,0,792,8,656.49,163.39,206.17,,0.0,0.0,0.21,-0.169,0,zupt
1785677088.6526551,52.9054,0,792,8,656.49,163.39,206.17,,0.0,0.0,0.21,-0.169,0,zupt
1785677088.66996,52.9227,0,792,8,656.49,163.39,206.17,,0.0,0.0,0.21,-0.169,0,zupt
1785677088.6858382,52.9386,0,792,8,656.49,163.39,206.17,,0.0,0.0,0.21,-0.169,0,zupt
1785677088.702076,52.9548,0,792,8,656.49,163.39,206.17,,0.0856,0.5024,0.212,-0.161,0,zupt
1785677088.7178931,52.9706,0,792,8,656.49,163.39,206.17,,0.0,0.0,0.212,-0.161,0,zupt
1785677088.733909,52.9866,0,792,8,656.49,163.39,206.17,,0.1136,0.4208,0.213,-0.154,0,zupt
1785677088.7496674,53.0024,0,792,8,656.49,163.39,206.17,,0.0,0.0,0.213,-0.154,0,zupt
1785677088.7663078,53.019,0,792,8,656.49,163.39,206.17,,0.0,0.0,0.213,-0.154,0,zupt
1785677088.783074,53.0358,0,792,8,656.49,163.39,206.17,,0.0823,0.4311,0.215,-0.147,0,zupt
1785677088.7989483,53.0517,0,792,8,656.49,163.39,206.17,,0.0,0.0,0.215,-0.147,0,zupt
1785677088.8149352,53.0677,0,792,8,656.49,163.39,206.17,,0.1355,0.3939,0.217,-0.14,0,zupt
1785677088.83061,53.0833,0,792,8,656.49,163.39,206.17,,0.0,0.0,0.217,-0.14,0,zupt
1785677088.847938,53.1007,0,792,8,656.49,163.39,206.17,,0.0,0.0,0.217,-0.14,0,zupt
1785677088.8637724,53.1165,0,792,8,656.49,163.39,206.17,,0.1307,0.4387,0.219,-0.133,0,zupt
1785677088.8799741,53.1327,0,792,8,656.49,163.39,206.17,,0.0,0.0,0.219,-0.133,0,zupt
1785677088.8959312,53.1487,0,792,8,656.49,163.39,206.17,,0.0836,0.436,0.22,-0.126,0,zupt
1785677088.9126754,53.1654,0,792,8,656.49,163.39,206.17,,0.0,0.0,0.22,-0.126,0,zupt
1785677088.9296913,53.1824,0,792,8,656.49,163.39,206.17,,0.0,0.0,0.22,-0.126,0,zupt
1785677088.9469655,53.1997,0,792,8,656.49,163.39,206.17,,0.0663,0.4347,0.222,-0.119,0,zupt
1785677088.9629052,53.2156,0,792,8,656.49,163.39,206.17,,0.0,0.0,0.222,-0.119,0,zupt
1785677088.9784951,53.2312,0,792,8,656.49,163.39,206.17,,0.1669,0.3895,0.224,-0.113,0,zupt
1785677088.9963439,53.2491,0,792,8,656.49,163.39,206.17,,0.0,0.0,0.224,-0.113,0,zupt
1785677089.01284,53.2656,0,792,8,656.49,163.39,206.17,,0.0,0.0,0.224,-0.113,0,zupt
1785677089.0287294,53.2815,0,792,8,656.49,163.39,206.17,,0.1039,0.3881,0.226,-0.107,0,zupt
1785677089.0461476,53.2989,0,792,8,656.49,163.39,206.17,,0.0,0.0,0.226,-0.107,0,zupt
1785677089.0626094,53.3153,0,792,8,656.49,163.39,206.17,,0.0935,0.4264,0.227,-0.1,0,zupt
1785677089.0793948,53.3321,0,792,8,656.49,163.39,206.17,,0.0,0.0,0.227,-0.1,0,zupt
1785677089.0958648,53.3486,0,792,8,656.49,163.39,206.17,,0.0,0.0,0.227,-0.1,0,zupt
1785677089.1128333,53.3656,0,792,8,656.49,163.39,206.17,,0.0,0.0,0.227,-0.1,0,zupt
1785677089.1287146,53.3815,0,792,8,656.49,163.39,206.17,,0.0,0.0,0.227,-0.1,0,zupt
1785677089.1448405,53.3976,0,792,8,656.49,163.39,206.17,,0.1292,0.3804,0.229,-0.094,0,zupt
1785677089.1610043,53.4137,0,792,8,656.49,163.39,206.17,,0.0,0.0,0.229,-0.094,0,zupt
1785677089.176675,53.4294,0,792,8,656.49,163.39,206.17,,0.0,0.0,0.229,-0.094,0,zupt
1785677089.1941264,53.4469,0,792,8,656.49,163.39,206.17,,0.0,0.0,0.229,-0.094,0,zupt
1785677089.209974,53.4627,0,792,8,656.49,163.39,206.17,,0.0,0.0,0.229,-0.094,0,zupt
1785677089.2264798,53.4792,0,792,8,656.49,163.39,206.17,,0.0,0.0,0.229,-0.094,0,zupt
1785677089.24325,53.496,0,792,8,656.49,163.39,206.17,,0.0,0.0,0.229,-0.094,0,zupt
1785677089.2589538,53.5117,0,792,8,656.49,163.39,206.17,,0.0,0.0,0.229,-0.094,0,zupt
1785677089.2746723,53.5274,0,792,8,656.49,163.39,206.17,,0.0,0.0,0.229,-0.094,0,zupt
1785677089.2907178,53.5435,0,792,8,656.49,163.39,206.17,,0.0,0.0,0.229,-0.094,0,zupt
1785677089.306555,53.5593,0,792,8,656.49,163.39,206.17,,0.0,0.0,0.229,-0.094,0,zupt
1785677089.323885,53.5766,0,792,8,656.49,163.39,206.17,,0.0,0.0,0.229,-0.094,0,zupt
1785677089.339805,53.5925,0,792,8,656.49,163.39,206.17,,0.0,0.0,0.229,-0.094,0,zupt
1785677089.3560343,53.6088,0,792,8,656.49,163.39,206.17,,0.0,0.0,0.229,-0.094,0,zupt
1785677089.3717687,53.6245,0,792,8,656.49,163.39,206.17,,0.0,0.0,0.229,-0.094,0,zupt
1785677089.3879192,53.6407,0,792,8,656.49,163.39,206.17,,0.0,0.0,0.229,-0.094,0,zupt
1785677089.403545,53.6563,0,792,8,656.49,163.39,206.17,,0.0,0.0,0.229,-0.094,0,zupt
1785677089.4206831,53.6734,0,792,8,656.49,163.39,206.17,,0.0,0.0,0.229,-0.094,0,zupt
1785677089.4372492,53.69,0,792,8,656.49,163.39,206.17,,0.1317,0.3923,0.232,-0.087,0,zupt
1785677089.4529152,53.7057,0,792,8,656.49,163.39,206.17,,0.0,0.0,0.232,-0.087,0,zupt
1785677089.4686272,53.7214,0,792,8,656.49,163.39,206.17,,0.095,0.4648,0.233,-0.08,0,zupt
1785677089.4854715,53.7382,0,792,8,656.49,163.39,206.17,,0.0,0.0,0.233,-0.08,0,zupt
1785677089.5026913,53.7554,0,792,8,656.49,163.39,206.17,,0.0,0.0,0.233,-0.08,0,zupt
1785677089.5190475,53.7718,0,792,8,656.49,163.39,206.17,,0.0561,0.4358,0.234,-0.073,0,zupt
1785677089.5348163,53.7876,0,792,8,656.49,163.39,206.17,,0.0,0.0,0.234,-0.073,0,zupt
1785677089.5513055,53.804,0,792,8,656.49,163.39,206.17,,0.0,0.0,0.234,-0.073,0,zupt
1785677089.5684185,53.8212,0,792,8,656.49,163.39,206.17,,0.0667,0.4132,0.235,-0.066,0,zupt
1785677089.5855334,53.8383,0,792,8,656.49,163.39,206.17,,0.0,0.0,0.235,-0.066,0,zupt
1785677089.6029174,53.8557,0,792,8,656.49,163.39,206.17,,0.1062,0.4261,0.237,-0.058,0,zupt
1785677089.6190498,53.8718,0,792,8,656.49,163.39,206.17,,0.0,0.0,0.237,-0.058,0,zupt
1785677089.634889,53.8876,0,792,8,656.49,163.39,206.17,,0.0,0.0,0.237,-0.058,0,zupt
1785677089.6512842,53.904,0,792,8,656.49,163.39,206.17,,0.1065,0.4163,0.239,-0.051,0,zupt
1785677089.6688073,53.9215,0,792,8,656.49,163.39,206.17,,0.0,0.0,0.239,-0.051,0,zupt
1785677089.684548,53.9373,0,792,8,656.49,163.39,206.17,,0.0,0.0,0.239,-0.051,0,zupt
1785677089.7024193,53.9552,0,792,8,656.49,163.39,206.17,,0.1434,0.3527,0.241,-0.045,0,zupt
1785677089.7197704,53.9725,0,792,8,656.49,163.39,206.17,,0.0,0.0,0.241,-0.045,0,zupt
1785677089.7360327,53.9888,0,792,8,656.49,163.39,206.17,,0.1525,0.3576,0.244,-0.039,0,zupt
1785677089.7518091,54.0045,0,792,8,656.49,163.39,206.17,,0.0,0.0,0.244,-0.039,0,zupt
1785677089.7690482,54.0218,0,792,8,656.49,163.39,206.17,,0.0844,0.3667,0.245,-0.033,0,zupt
1785677089.7855616,54.0383,0,792,8,656.49,163.39,206.17,,0.0,0.0,0.245,-0.033,0,zupt
1785677089.8030016,54.0557,0,792,8,656.49,163.39,206.17,,0.0,0.0,0.245,-0.033,0,zupt
1785677089.8186574,54.0714,0,792,8,656.49,163.39,206.17,,0.0849,0.3647,0.247,-0.027,0,zupt
1785677089.835812,54.0885,0,792,8,656.49,163.39,206.17,,0.0,0.0,0.247,-0.027,0,zupt
1785677089.852826,54.1056,0,792,8,656.49,163.39,206.17,,0.0,0.0,0.247,-0.027,0,zupt
1785677089.8688326,54.1216,0,792,8,656.49,163.39,206.17,,0.0,0.0,0.247,-0.027,0,zupt
1785677089.8851793,54.1379,0,792,8,656.49,163.39,206.17,,0.1613,0.3367,0.249,-0.022,0,zupt
1785677089.900819,54.1536,0,792,8,656.49,163.39,206.17,,0.0,0.0,0.249,-0.022,0,zupt
1785677089.9167488,54.1695,0,792,8,656.49,163.39,206.17,,0.0,0.0,0.249,-0.022,0,zupt
1785677089.9332824,54.186,0,792,8,656.49,163.39,206.17,,0.0,0.0,0.249,-0.022,0,zupt
1785677089.9500556,54.2028,0,792,8,656.49,163.39,206.17,,0.0723,0.3934,0.25,-0.015,0,zupt
1785677089.9658093,54.2185,0,792,8,656.49,163.39,206.17,,0.0,0.0,0.25,-0.015,0,zupt
1785677089.9815536,54.2343,0,792,8,656.49,163.39,206.17,,0.0,0.0,0.25,-0.015,0,zupt
1785677089.9987466,54.2515,0,792,8,656.49,163.39,206.17,,0.0,0.0,0.25,-0.015,0,zupt
1785677090.0149732,54.2677,0,792,8,656.49,163.39,206.17,,0.085,0.434,0.252,-0.008,0,zupt
1785677090.0313065,54.284,0,792,8,656.49,163.39,206.17,,0.0,0.0,0.252,-0.008,0,zupt
1785677090.0484388,54.3012,0,792,8,656.49,163.39,206.17,,0.0476,0.4551,0.253,-0.0,0,zupt
1785677090.0657544,54.3185,0,792,8,656.49,163.39,206.17,,0.0,0.0,0.253,-0.0,0,zupt
1785677090.0825841,54.3353,0,792,8.31,656.49,163.39,205.94,,0.0776,0.3819,0.254,0.006,0,zupt
1785677090.0993953,54.3521,0,792,8.62,656.49,163.39,205.7,,0.0,0.0,0.254,0.006,0,zupt
1785677090.1163156,54.3691,0,792,8.94,656.49,163.39,205.47,,0.0,0.0,0.254,0.006,0,zupt
1785677090.1338532,54.3866,0,792,9.61,656.49,163.39,204.96,,0.0917,0.3726,0.256,0.013,0,zupt
1785677090.1500306,54.4028,0,792,10.23,656.49,163.39,204.5,,0.0,0.0,0.256,0.013,0,zupt
1785677090.1658936,54.4186,0,792,11.1,656.49,163.39,203.85,,0.0615,0.3519,0.257,0.018,0,zupt
1785677090.181961,54.4347,0,792,11.98,656.49,163.39,203.19,,0.0,0.0,0.257,0.018,0,zupt
1785677090.198532,54.4513,0,792,13.16,656.49,163.39,202.31,,0.0555,0.3262,0.257,0.024,0,zupt
1785677090.21592,54.4687,0,792,14.4,656.49,163.39,201.4,,0.0,0.0,0.257,0.024,0,zupt
1785677090.2325265,54.4853,0,792,15.81,656.49,163.39,200.36,,0.1216,0.2771,0.259,0.028,0,zupt
1785677090.2494123,54.5021,0,792,17.24,656.49,163.39,199.3,,0.0,0.0,0.259,0.028,0,zupt
1785677090.2665336,54.5193,0,792,18.98,656.49,163.39,198.03,,0.2264,0.3271,0.263,0.034,0,zupt
1785677090.2832487,54.536,0,792,20.68,656.49,163.39,196.79,,0.0,0.0,0.263,0.034,0,zupt
1785677090.3008442,54.5536,0,792,22.47,656.49,163.39,195.5,,0.0,0.0,0.263,0.034,0,zupt
1785677090.3171675,54.5699,0,792,24.44,656.49,163.39,194.09,,0.068,0.3791,0.264,0.04,0,zupt
1785677090.3328943,54.5856,0,792,26.33,656.49,163.39,192.74,,0.0,0.0,0.264,0.04,0,zupt
1785677090.3485801,54.6013,0,792,28.44,656.49,163.39,191.24,,0.0391,0.2957,0.265,0.045,0,zupt
1785677090.3661087,54.6188,0,792,30.79,656.49,163.39,189.59,,0.0,0.0,0.265,0.045,0,zupt
1785677090.381762,54.6345,0,792,32.89,656.49,163.39,188.13,,0.0,0.0,0.265,0.045,0,zupt
1785677090.3989568,54.6517,0,792,35.42,656.49,163.39,186.38,,0.0665,0.253,0.266,0.049,0,zupt
1785677090.414817,54.6676,0,792,37.76,656.49,163.39,184.78,,0.0,0.0,0.266,0.049,0,zupt
1785677090.431294,54.684,0,792,40.44,656.49,163.39,182.97,,0.0891,0.3142,0.268,0.054,0,zupt
1785677090.4485822,54.7013,0,792,43.25,656.49,163.39,181.09,,0.0,0.0,0.268,0.054,0,zupt
1785677090.4657845,54.7185,0,792,46.36,656.49,163.39,179.05,,0.1755,0.344,0.271,0.06,0,zupt
1785677090.482396,54.7351,0,792,49.36,656.49,163.39,177.1,,0.0,0.0,0.271,0.06,0,zupt
1785677090.499867,54.7526,0,792,52.86,656.49,163.39,174.87,,0.2047,0.3752,0.274,0.067,0,zupt
1785677090.515755,54.7685,0,792,56.04,656.49,163.39,172.88,,0.0,0.0,0.274,0.067,0,zupt
1785677090.5329661,54.7857,0,792,59.49,656.49,163.39,170.76,,0.0,0.0,0.274,0.067,0,zupt
1785677090.5488343,54.8016,0,792,63.03,656.49,163.39,168.62,,0.1405,0.4903,0.277,0.075,0,zupt
1785677090.5648606,54.8176,0,792,66.62,656.49,163.39,166.52,,0.0,0.0,0.277,0.075,0,zupt
1785677090.5807633,54.8335,0,792,70.17,656.49,163.39,164.47,,0.0,0.0,0.277,0.075,0,zupt
1785677090.5966473,54.8494,0,792,73.72,656.49,163.39,162.49,,0.0,0.0,0.277,0.075,0,zupt
1785677090.613541,54.8663,0,792,77.94,656.49,163.39,160.2,,0.0164,0.5159,0.277,0.083,0,zupt
1785677090.631272,54.884,0,792,82.37,656.49,163.39,157.88,,0.0,0.0,0.277,0.083,0,zupt
1785677090.6472232,54.9,0,792,86.35,656.49,163.39,155.88,,0.0,0.0,0.277,0.083,0,zupt
1785677090.6639552,54.9167,0,792,90.53,656.49,163.39,153.85,,0.0,0.0,0.277,0.083,0,zupt
1785677090.6797698,54.9325,0,792,94.79,656.49,163.39,151.88,,0.045,0.4189,0.278,0.09,0,zupt
1785677090.695744,54.9485,0,792,99.1,656.49,163.39,149.98,,0.0,0.0,0.278,0.09,0,zupt
1785677090.7119312,54.9647,0,792,103.46,656.49,163.39,148.17,,0.0,0.0,0.278,0.09,0,zupt
1785677090.7280316,54.9808,0,792,108.07,656.49,163.39,146.36,,0.0161,0.3452,0.278,0.095,0,zupt
1785677090.7445445,54.9973,0,792,112.8,656.49,163.39,144.64,,0.0,0.0,0.278,0.095,0,zupt
1785677090.7618897,55.0146,0,792,117.76,656.49,163.39,142.98,,0.0,0.0,0.278,0.095,0,zupt
1785677090.7782266,55.031,0,792,122.64,656.49,163.39,141.5,,0.1662,0.2535,0.28,0.1,0,zupt
1785677090.7941318,55.0469,0,792,127.39,656.49,163.39,140.21,,0.0,0.0,0.28,0.1,0,zupt
1785677090.8098376,55.0626,0,792,132.08,656.49,163.39,139.08,,0.0,0.0,0.28,0.1,0,zupt
1785677090.8253686,55.0781,0,792,136.92,656.49,163.39,138.07,,0.0648,0.2678,0.281,0.104,0,zupt
1785677090.8419054,55.0946,0,792,142.06,656.49,163.39,137.18,,0.0,0.0,0.281,0.104,0,zupt
1785677090.857779,55.1105,0,792,147.0,656.49,163.39,136.5,,0.0,0.0,0.281,0.104,0,zupt
1785677090.873761,55.1265,0,792,151.97,656.49,163.39,135.99,,0.0,0.0,0.281,0.104,0,zupt
1785677090.8913302,55.1441,0,792,157.44,656.49,163.39,135.64,,0.0,0.0,0.281,0.104,0,zupt
1785677090.9086826,55.1614,0,792,162.84,656.49,163.39,135.51,,0.0,0.0,0.281,0.104,0,zupt
1785677090.925217,55.178,0,792,167.99,656.49,163.39,135.59,,0.0,0.0,0.281,0.104,0,zupt
1785677090.940823,55.1936,0,792,172.84,656.49,163.39,135.84,,0.0,0.0,0.281,0.104,0,zupt
1785677090.9570293,55.2098,0,792,177.88,656.49,163.39,136.28,,0.0,0.0,0.281,0.104,0,zupt
1785677090.97269,55.2254,0,792,182.76,656.49,163.39,136.89,,0.0,0.0,0.281,0.104,0,zupt
1785677090.9887068,55.2414,0,792,187.74,656.49,163.39,137.68,,0.0,0.0,0.281,0.104,0,zupt
1785677091.0057511,55.2585,0,792,193.04,656.49,163.39,138.72,,0.0,0.0,0.281,0.104,0,zupt
1785677091.021494,55.2742,0,792,197.94,656.49,163.39,139.84,,0.0,0.0,0.281,0.104,0,zupt
1785677091.0387976,55.2915,0,792,203.33,656.49,163.39,141.27,,0.0,0.0,0.281,0.104,0,zupt
1785677091.055403,55.3081,0,792,208.49,656.49,163.39,142.82,,0.0,0.0,0.281,0.104,0,zupt
1785677091.0721824,55.3249,0,792,213.93,656.49,163.39,144.63,,0.0849,0.2575,0.283,0.108,0,zupt
1785677091.088664,55.3414,0,792,219.27,656.49,163.39,146.58,,0.0,0.0,0.283,0.108,0,zupt
1785677091.1056106,55.3583,0,792,224.77,656.49,163.39,148.76,,0.0,0.0,0.283,0.108,0,zupt
1785677091.1226254,55.3754,0,792,230.55,656.49,163.39,151.24,,0.1895,0.3055,0.286,0.113,0,zupt
1785677091.1397028,55.3924,0,792,236.35,656.49,163.39,153.9,,0.0,0.0,0.286,0.113,0,zupt
1785677091.1563773,55.4091,0,792,242.28,656.49,163.39,156.8,,0.0943,0.3157,0.288,0.119,0,zupt
1785677091.1737244,55.4265,0,792,248.44,656.49,163.39,159.99,,0.0,0.0,0.288,0.119,0,zupt
1785677091.1902544,55.443,0,792,254.66,656.49,163.39,163.38,,0.0155,0.4197,0.288,0.125,0,zupt
1785677091.2071543,55.4599,0,792,261.02,656.49,163.39,167.02,,0.0,0.0,0.288,0.125,0,zupt
1785677091.2230093,55.4757,0,792,266.99,656.49,163.39,170.58,,0.0,0.0,0.288,0.125,0,zupt
1785677091.2395527,55.4923,0,792,273.53,656.49,163.39,174.63,,0.0462,0.3842,0.289,0.132,0,zupt
1785677091.2570834,55.5098,0,792,280.46,656.49,163.39,179.08,,0.0,0.0,0.289,0.132,0,zupt
1785677091.2728298,55.5256,0,792,286.93,656.49,163.39,183.37,,0.066,0.3295,0.29,0.137,0,zupt
1785677091.2902465,55.543,0,792,294.09,656.49,163.39,188.27,,0.0,0.0,0.29,0.137,0,zupt
1785677091.305975,55.5587,0,792,300.55,656.49,163.39,192.81,,0.0,0.0,0.29,0.137,0,zupt
1785677091.3229437,55.5757,0,792,307.53,656.49,163.39,197.84,,0.0,0.0,0.29,0.137,0,zupt
1785677091.3388927,55.5916,0,792,314.28,656.49,163.39,202.81,,0.1562,0.2649,0.292,0.141,0,zupt
1785677091.3545303,55.6073,0,792,320.91,656.49,163.39,207.79,,0.0,0.0,0.292,0.141,0,zupt
1785677091.3727117,55.6254,0,792,328.61,656.49,163.39,213.68,,0.0,0.0,0.292,0.141,0,zupt
1785677091.3903172,55.6431,0,792,336.07,656.49,163.39,219.5,,0.0,0.0,0.292,0.141,0,zupt
1785677091.4076781,55.6604,0,792,343.72,656.49,163.39,225.57,,0.0929,0.3231,0.294,0.147,0,zupt
1785677091.42485,55.6776,0,792,351.28,656.49,163.39,231.66,,0.0,0.0,0.294,0.147,0,zupt
1785677091.4406295,55.6934,0,792,358.23,656.49,163.39,237.33,,0.0,0.0,0.294,0.147,0,zupt
1785677091.4578457,55.7106,0,792,365.81,656.49,163.39,243.59,,0.0,0.0,0.294,0.147,0,zupt
1785677091.473945,55.7267,0,792,373.18,656.49,163.39,249.75,,0.0232,0.3564,0.294,0.153,0,zupt
1785677091.490187,55.7429,0,792,380.61,656.49,163.39,256.03,,0.0,0.0,0.294,0.153,0,zupt
1785677091.50609,55.7588,0,792,388.14,656.49,163.39,262.44,,0.0855,0.3283,0.296,0.158,0,zupt
1785677091.5230823,55.7758,0,792,396.18,656.49,163.39,269.36,,0.0,0.0,0.296,0.158,0,zupt
1785677091.5386891,55.7914,0,792,403.8,656.49,163.39,275.97,,0.0876,0.311,0.297,0.163,0,zupt
1785677091.5560076,55.8087,0,792,412.25,656.49,163.39,283.36,,0.0,0.0,0.297,0.163,0,zupt
1785677091.5724964,55.8252,0,792,420.29,656.49,163.39,290.45,,0.0,0.0,0.297,0.163,0,zupt
1785677091.589202,55.8419,0,792,428.69,656.49,163.39,297.9,,0.1003,0.2891,0.299,0.167,0,zupt
1785677091.6052427,55.858,0,792,436.74,656.49,163.39,305.1,,0.0,0.0,0.299,0.167,0,zupt
1785677091.6219316,55.8747,0,792,445.37,656.49,163.39,312.85,,0.089,0.2867,0.3,0.172,0,zupt
1785677091.6376834,55.8904,0,792,453.51,656.49,163.39,320.21,,0.0,0.0,0.3,0.172,0,zupt
1785677091.6535504,55.9063,0,792,461.71,656.49,163.39,327.65,,0.0,0.0,0.3,0.172,0,zupt
1785677091.6710255,55.9238,0,792,470.98,656.49,163.39,336.11,,0.0338,0.2609,0.301,0.177,0,zupt
1785677091.6869605,55.9397,0,792,479.43,656.49,163.39,343.87,,0.0,0.0,0.301,0.177,0,zupt
1785677091.7026317,55.9554,0,792,487.93,656.49,163.39,351.7,,0.0578,0.2614,0.302,0.181,0,zupt
1785677091.7196882,55.9724,0,792,497.19,656.49,163.39,360.26,,0.0,0.0,0.302,0.181,0,zupt
1785677091.7365496,55.9893,0,792,506.34,656.49,163.39,368.75,,0.0,0.0,0.302,0.181,0,zupt
1785677091.7536867,56.0064,0,792,515.85,656.49,163.39,377.61,,0.0648,0.2387,0.303,0.185,0,zupt
1785677091.7698293,56.0226,0,792,524.81,656.49,163.39,385.99,,0.0,0.0,0.303,0.185,0,zupt
1785677091.7868454,56.0396,0,792,534.45,656.49,163.39,395.03,,0.128,0.2225,0.305,0.189,0,zupt
1785677091.8026674,56.0554,0,792,543.41,656.49,163.39,403.46,,0.0,0.0,0.305,0.189,0,zupt
1785677091.8192194,56.072,0,792,552.78,656.49,163.39,412.3,,0.0,0.0,0.305,0.189,0,zupt
1785677091.834803,56.0875,0,792,561.85,656.49,163.39,420.87,,0.1144,0.33,0.307,0.194,0,zupt
1785677091.8517337,56.1045,0,792,571.7,656.49,163.39,430.21,,0.0,0.0,0.307,0.194,0,zupt
1785677091.8677788,56.1205,0,792,581.3,656.49,163.39,439.33,,0.0875,0.3509,0.308,0.2,0,zupt
1785677091.8839388,56.1367,0,792,590.98,656.49,163.39,448.55,,0.0,0.0,0.308,0.2,0,zupt
1785677091.899497,56.1522,0,792,592,656.49,163.39,449.52,,0.0,0.0,0.308,0.2,0,zupt
1785677091.9165232,56.1693,0,792,592,656.49,163.39,449.52,,0.0576,0.3867,0.309,0.206,0,zupt
1785677091.934073,56.1868,0,792,592,656.49,163.39,449.52,,0.0,0.0,0.309,0.206,0,zupt
1785677091.949571,56.2023,0,792,592,656.49,163.39,449.52,,0.1277,0.3687,0.311,0.212,0,zupt
1785677091.9667418,56.2195,0,792,592,656.49,163.39,449.52,,0.0,0.0,0.311,0.212,0,zupt
1785677091.9837422,56.2365,0,792,592,656.49,163.39,449.52,,0.0,0.0,0.311,0.212,0,zupt
1785677091.9999316,56.2527,0,792,592,656.49,163.39,449.52,,0.115,0.3802,0.313,0.218,0,zupt
1785677092.015481,56.2682,0,792,592,656.49,163.39,449.52,,0.0,0.0,0.313,0.218,0,zupt
1785677092.0327506,56.2855,0,792,592,656.49,163.39,449.52,,0.0,0.0,0.313,0.218,0,zupt
1785677092.049208,56.3019,0,792,592,656.49,163.39,449.52,,0.0,0.0,0.313,0.218,0,zupt
1785677092.0647516,56.3175,0,792,592,656.49,163.39,449.52,,-0.0133,0.3479,0.313,0.223,0,zupt
1785677092.0813408,56.3341,0,792,592,656.49,163.39,449.52,,0.0,0.0,0.313,0.223,0,zupt
1785677092.098129,56.3509,0,792,592,656.49,163.39,449.52,,0.0,0.0,0.313,0.223,0,zupt
1785677092.1138687,56.3666,0,792,592,656.49,163.39,449.52,,0.0,0.0,0.313,0.223,0,zupt
1785677092.1296492,56.3824,0,792,592,656.49,163.39,449.52,,0.0,0.0,0.313,0.223,0,zupt
1785677092.1463969,56.3991,0,792,592,656.49,163.39,449.52,,0.1185,0.2319,0.315,0.227,0,zupt
1785677092.1638262,56.4166,0,792,592,656.49,163.39,449.52,,0.0,0.0,0.315,0.227,0,zupt
1785677092.1810353,56.4338,0,792,592,656.49,163.39,449.52,,0.0,0.0,0.315,0.227,0,zupt
1785677092.1973886,56.4501,0,792,592,656.49,163.39,449.52,,0.239,0.1275,0.319,0.229,0,zupt
1785677092.2149484,56.4677,0,792,592,656.49,163.39,449.52,,0.0,0.0,0.319,0.229,0,zupt
1785677092.231472,56.4842,0,792,592,656.49,163.39,449.52,,0.2073,0.1338,0.322,0.232,0,zupt
1785677092.24806,56.5008,0,792,592,656.49,163.39,449.52,,0.0,0.0,0.322,0.232,0,zupt
1785677092.2637222,56.5165,0,792,592,656.49,163.39,449.52,,0.0,0.0,0.322,0.232,0,zupt
1785677092.2803144,56.5331,0,792,592,656.49,163.39,449.52,,0.0221,0.2356,0.322,0.236,0,zupt
1785677092.297733,56.5505,0,792,592,656.49,163.39,449.52,,0.0,0.0,0.322,0.236,0,zupt
1785677092.3148737,56.5676,0,792,592,656.49,163.39,449.52,,-0.0387,0.3111,0.322,0.241,0,zupt
1785677092.3305364,56.5833,0,792,592,656.49,163.39,449.52,,0.0,0.0,0.322,0.241,0,zupt
1785677092.3478465,56.6006,0,792,592,656.49,163.39,449.52,,0.0,0.0,0.322,0.241,0,zupt
1785677092.3639665,56.6167,0,792,592,656.49,163.39,449.52,,-0.0525,0.3154,0.321,0.246,0,zupt
1785677092.3798838,56.6326,0,792,592,656.49,163.39,449.52,,0.0,0.0,0.321,0.246,0,zupt
1785677092.396294,56.649,0,792,592,656.49,163.39,449.52,,-0.0229,0.3756,0.321,0.252,0,zupt
1785677092.413019,56.6658,0,792,592,656.49,163.39,449.52,,0.0,0.0,0.321,0.252,0,zupt
1785677092.4289322,56.6817,0,792,592,656.49,163.39,449.52,,0.0,0.0,0.321,0.252,0,zupt
1785677092.444764,56.6975,0,792,592,656.49,163.39,449.52,,0.1334,0.2894,0.323,0.257,0,zupt
1785677092.460693,56.7134,0,792,592,656.49,163.39,449.52,,0.0,0.0,0.323,0.257,0,zupt
1785677092.4774523,56.7302,0,792,592,656.49,163.39,449.52,,0.1904,0.2902,0.326,0.262,0,zupt
1785677092.494164,56.7469,0,792,592,656.49,163.39,449.52,,0.0,0.0,0.326,0.262,0,zupt
1785677092.5099273,56.7627,0,792,592,656.49,163.39,449.52,,0.0,0.0,0.326,0.262,0,zupt
1785677092.5257084,56.7784,0,792,592,656.49,163.39,449.52,,0.1163,0.2556,0.328,0.266,0,zupt
1785677092.5424664,56.7952,0,792,592,656.49,163.39,449.52,,0.0,0.0,0.328,0.266,0,zupt
1785677092.5600889,56.8128,0,792,592,656.49,163.39,449.52,,0.093,0.2667,0.329,0.27,0,zupt
1785677092.5756853,56.8284,0,792,592,656.49,163.39,449.52,,0.0,0.0,0.329,0.27,0,zupt
1785677092.593105,56.8458,0,792,592,656.49,163.39,449.52,,0.0,0.0,0.329,0.27,0,zupt
1785677092.6098585,56.8626,0,792,592,656.49,163.39,449.52,,0.1818,0.3108,0.332,0.275,0,zupt
1785677092.6260793,56.8788,0,792,592,656.49,163.39,449.52,,0.0,0.0,0.332,0.275,0,zupt
1785677092.64174,56.8945,0,792,592,656.49,163.39,449.52,,0.0,0.0,0.332,0.275,0,zupt
1785677092.658959,56.9117,0,792,592,656.49,163.39,449.52,,0.1998,0.3488,0.336,0.281,0,zupt
1785677092.6748607,56.9276,0,792,592,656.49,163.39,449.52,,0.0,0.0,0.336,0.281,0,zupt
1785677092.6906502,56.9434,0,792,592,656.49,163.39,449.52,,0.214,0.3624,0.339,0.287,0,zupt
1785677092.7073762,56.9601,0,792,592,656.49,163.39,449.52,,0.0,0.0,0.339,0.287,0,zupt
1785677092.7247329,56.9775,0,792,592,656.49,163.39,449.52,,0.0,0.0,0.339,0.287,0,zupt
1785677092.7427547,56.9955,0,792,592,656.49,163.39,449.52,,0.0261,0.213,0.34,0.291,0,zupt
1785677092.7597182,57.0125,0,792,592,656.49,163.39,449.52,,0.0,0.0,0.34,0.291,0,zupt
1785677092.777218,57.03,0,792,592,656.49,163.39,449.52,,0.0,0.0,0.34,0.291,0,zupt
1785677092.793032,57.0458,0,792,592,656.49,163.39,449.52,,0.0,0.0,0.34,0.291,0,zupt
1785677092.8090343,57.0618,0,792,592,656.49,163.39,449.52,,0.1463,0.3239,0.342,0.296,0,zupt
1785677092.8245885,57.0773,0,792,592,656.49,163.39,449.52,,0.0,0.0,0.342,0.296,0,zupt
1785677092.8412564,57.094,0,792,592,656.49,163.39,449.52,,0.0,0.0,0.342,0.296,0,zupt
1785677092.8575757,57.1103,0,792,592,656.49,163.39,449.52,,0.0,0.0,0.342,0.296,0,zupt
1785677092.874864,57.1276,0,792,592,656.49,163.39,449.52,,0.1991,0.3239,0.345,0.302,0,zupt
1785677092.8905182,57.1433,0,792,592,656.49,163.39,449.52,,0.0,0.0,0.345,0.302,0,zupt
1785677092.907282,57.16,0,792,592,656.49,163.39,449.52,,0.0,0.0,0.345,0.302,0,zupt
1785677092.923873,57.1766,0,792,592,656.49,163.39,449.52,,0.039,0.1893,0.346,0.305,0,zupt
1785677092.9394796,57.1922,0,792,592,656.49,163.39,449.52,,0.0,0.0,0.346,0.305,0,zupt
1785677092.9569848,57.2097,0,792,592,656.49,163.39,449.52,,0.0,0.0,0.346,0.305,0,zupt
1785677092.972736,57.2255,0,792,592,656.49,163.39,449.52,,-0.1958,0.2104,0.343,0.308,0,zupt
1785677092.9898548,57.2426,0,792,592,656.49,163.39,449.52,,0.0,0.0,0.343,0.308,0,zupt
1785677093.005586,57.2583,0,792,592,656.49,163.39,449.52,,0.0,0.0,0.343,0.308,0,zupt
1785677093.0223496,57.2751,0,792,592,656.49,163.39,449.52,,0.0,0.0,0.343,0.308,0,zupt
1785677093.039546,57.2923,0,792,592,656.49,163.39,449.52,,0.0,0.0,0.343,0.308,0,zupt
1785677093.0570676,57.3098,0,792,592,656.49,163.39,449.52,,0.0,0.0,0.343,0.308,0,zupt
1785677093.073077,57.3258,0,792,592,656.49,163.39,449.52,,0.0,0.0,0.343,0.308,0,zupt
1785677093.0897357,57.3425,0,792,592,656.49,163.39,449.52,,0.0,0.0,0.343,0.308,0,zupt
1785677093.1056483,57.3584,0,792,592,656.49,163.39,449.52,,0.0,0.0,0.343,0.308,0,zupt
1785677093.1224153,57.3752,0,792,592,656.49,163.39,449.52,,0.0,0.0,0.343,0.308,0,zupt
1785677093.1398156,57.3926,0,792,592,656.49,163.39,449.52,,0.0,0.0,0.343,0.308,0,zupt
1785677093.1568778,57.4096,0,792,592,656.49,163.39,449.52,,0.0,0.0,0.343,0.308,0,zupt
1785677093.1727588,57.4255,0,792,592,656.49,163.39,449.52,,0.0,0.0,0.343,0.308,0,zupt
1785677093.1889043,57.4416,0,792,592,656.49,163.39,449.52,,0.0,0.0,0.343,0.308,0,zupt
1785677093.2051675,57.4579,0,792,592,656.49,163.39,449.52,,0.0,0.0,0.343,0.308,0,zupt
1785677093.221738,57.4745,0,792,592,656.49,163.39,449.52,,-0.2464,0.0003,0.339,0.308,0,zupt
1785677093.2386882,57.4914,0,792,592,656.49,163.39,449.52,,0.0,0.0,0.339,0.308,0,zupt
1785677093.2559605,57.5087,0,792,592,656.49,163.39,449.52,,0.1254,0.2627,0.341,0.313,0,zupt
1785677093.2715526,57.5243,0,792,592,656.49,163.39,449.52,,0.0,0.0,0.341,0.313,0,zupt
1785677093.2888858,57.5416,0,792,592,656.49,163.39,449.52,,0.0,0.0,0.341,0.313,0,zupt
1785677093.3046541,57.5574,0,792,592,656.49,163.39,449.52,,0.0133,0.3773,0.341,0.319,0,zupt
1785677093.321351,57.5741,0,792,592,656.49,163.39,449.52,,0.0,0.0,0.341,0.319,0,zupt
1785677093.3387039,57.5914,0,792,592,656.49,163.39,449.52,,0.014,0.4574,0.342,0.327,0,zupt
1785677093.354962,57.6077,0,792,592,656.49,163.39,449.52,,0.0,0.0,0.342,0.327,0,zupt
1785677093.3705702,57.6233,0,792,592,656.49,163.39,449.52,,0.0,0.0,0.342,0.327,0,zupt
1785677093.3873723,57.6401,0,792,592,656.49,163.39,449.52,,0.1694,0.3589,0.344,0.333,0,zupt
1785677093.4048367,57.6576,0,792,592,656.49,163.39,449.52,,0.0,0.0,0.344,0.333,0,zupt
1785677093.420614,57.6734,0,792,592,656.49,163.39,449.52,,0.3323,0.3539,0.35,0.338,0,zupt
1785677093.4375553,57.6903,0,792,592,656.49,163.39,449.52,,0.0,0.0,0.35,0.338,0,zupt
1785677093.454845,57.7076,0,792,592,656.49,163.39,449.52,,0.1113,0.2816,0.352,0.343,0,zupt
1785677093.4706802,57.7234,0,792,592,656.49,163.39,449.52,,0.0,0.0,0.352,0.343,0,zupt
1785677093.4878147,57.7406,0,792,592,656.49,163.39,449.52,,0.0,0.0,0.352,0.343,0,zupt
1785677093.5037618,57.7565,0,792,592,656.49,163.39,449.52,,0.0,0.0,0.352,0.343,0,zupt
1785677093.5206378,57.7734,0,792,592,656.49,163.39,449.52,,0.0,0.0,0.352,0.343,0,zupt
1785677093.5380454,57.7908,0,792,592,656.49,163.39,449.52,,0.0,0.0,0.352,0.343,0,zupt
1785677093.554268,57.807,0,792,592,656.49,163.39,449.52,,0.0,0.0,0.352,0.343,0,zupt
1785677093.5717003,57.8244,0,792,592,656.49,163.39,449.52,,0.0,0.0,0.352,0.343,0,zupt
1785677093.5875368,57.8403,0,792,592,656.49,163.39,449.52,,0.0,0.0,0.352,0.343,0,zupt
1785677093.6044235,57.8572,0,792,592,656.49,163.39,449.52,,0.0,0.0,0.352,0.343,0,zupt
1785677093.6218517,57.8746,0,792,592,656.49,163.39,449.52,,0.0,0.0,0.352,0.343,0,zupt
1785677093.6373408,57.8901,0,792,592,656.49,163.39,449.52,,0.0,0.0,0.352,0.343,0,zupt
1785677093.6550238,57.9078,0,792,592,656.49,163.39,449.52,,0.0,0.0,0.352,0.343,0,zupt
1785677093.6706378,57.9234,0,792,592,656.49,163.39,449.52,,0.0,0.0,0.352,0.343,0,zupt
1785677093.6870172,57.9398,0,792,592,656.49,163.39,449.52,,0.0,0.0,0.352,0.343,0,zupt
1785677093.7027562,57.9555,0,792,592,656.49,163.39,449.52,,0.0,0.0,0.352,0.343,0,zupt
1785677093.7199388,57.9727,0,792,592,656.49,163.39,449.52,,0.0,0.0,0.352,0.343,0,zupt
1785677093.7356958,57.9884,0,792,592,656.49,163.39,449.52,,0.0,0.0,0.352,0.343,0,zupt
1785677093.7527657,58.0055,0,792,592,656.49,163.39,449.52,,0.0,0.0,0.352,0.343,0,zupt
1785677093.7688532,58.0216,0,792,592,656.49,163.39,449.52,,0.0,0.0,0.352,0.343,0,zupt
1785677093.7854106,58.0381,0,792,592,656.49,163.39,449.52,,0.1375,0.2687,0.354,0.348,0,zupt
1785677093.8019881,58.0547,0,792,592,656.49,163.39,449.52,,0.0,0.0,0.354,0.348,0,zupt
1785677093.817936,58.0707,0,792,592,656.49,163.39,449.52,,0.0,0.0,0.354,0.348,0,zupt
1785677093.833968,58.0867,0,792,592,656.49,163.39,449.52,,-0.0494,0.2362,0.353,0.351,0,zupt
1785677093.8498178,58.1026,0,792,592,656.49,163.39,449.52,,0.0,0.0,0.353,0.351,0,zupt
1785677093.8654418,58.1182,0,792,592,656.49,163.39,449.52,,0.0977,0.2443,0.355,0.355,0,zupt
1785677093.8829641,58.1357,0,792,592,656.49,163.39,449.52,,0.0,0.0,0.355,0.355,0,zupt
1785677093.8994515,58.1522,0,792,592,656.49,163.39,449.52,,0.0,0.0,0.355,0.355,0,zupt
1785677093.916662,58.1694,0,792,592,656.49,163.39,449.52,,0.2666,0.2903,0.359,0.36,0,zupt
1785677093.9339662,58.1867,0,792,592,656.49,163.39,449.52,,0.0,0.0,0.359,0.36,0,zupt
1785677093.9494336,58.2022,0,792,592,656.49,163.39,449.52,,0.1962,0.2486,0.362,0.364,0,zupt
1785677093.9666762,58.2194,0,792,592,656.49,163.39,449.52,,0.0,0.0,0.362,0.364,0,zupt
1785677093.9835238,58.2363,0,792,592,656.49,163.39,449.52,,0.1325,0.2552,0.364,0.368,0,zupt
1785677094.000204,58.2529,0,792,592,656.49,163.39,449.52,,0.0,0.0,0.364,0.368,0,zupt
1785677094.016913,58.2696,0,792,592,656.49,163.39,449.52,,0.0,0.0,0.364,0.368,0,zupt
1785677094.032646,58.2854,0,792,592,656.49,163.39,449.52,,0.0,0.0,0.364,0.368,0,zupt
1785677094.049899,58.3026,0,792,592,656.49,163.39,449.52,,0.0,0.0,0.364,0.368,0,zupt
1785677094.0665772,58.3193,0,792,592,656.49,163.39,449.52,,0.0,0.0,0.364,0.368,0,zupt
1785677094.0838861,58.3366,0,792,592,656.49,163.39,449.52,,0.0,0.0,0.364,0.368,0,zupt
1785677094.0996351,58.3524,0,792,592,656.49,163.39,449.52,,0.0,0.0,0.364,0.368,0,zupt
1785677094.1155717,58.3683,0,792,592,656.49,163.39,449.52,,0.0,0.0,0.364,0.368,0,zupt
1785677094.1325724,58.3853,0,792,592,656.49,163.39,449.52,,0.0,0.0,0.364,0.368,0,zupt
1785677094.1493933,58.4021,0,792,592,656.49,163.39,449.52,,0.0,0.0,0.364,0.368,0,zupt
1785677094.165895,58.4186,0,792,592,656.49,163.39,449.52,,0.0,0.0,0.364,0.368,0,zupt
1785677094.18167,58.4344,0,792,592,656.49,163.39,449.52,,0.0,0.0,0.364,0.368,0,zupt
1785677094.198449,58.4512,0,792,592,656.49,163.39,449.52,,0.0,0.0,0.364,0.368,0,zupt
1785677094.215203,58.4679,0,792,592,656.49,163.39,449.52,,0.0,0.0,0.364,0.368,0,zupt
1785677094.2307966,58.4835,0,792,592,656.49,163.39,449.52,,0.0,0.0,0.364,0.368,0,zupt
1785677094.2468503,58.4996,0,792,592,656.49,163.39,449.52,,0.104,0.2563,0.366,0.372,0,zupt
1785677094.2628975,58.5156,0,792,592,656.49,163.39,449.52,,0.0,0.0,0.366,0.372,0,zupt
1785677094.2787652,58.5315,0,792,592,656.49,163.39,449.52,,0.0,0.0,0.366,0.372,0,zupt
1785677094.2948418,58.5476,0,792,592,656.49,163.39,449.52,,0.0,0.0,0.366,0.372,0,zupt
1785677094.3110635,58.5638,0,792,592,656.49,163.39,449.52,,0.0,0.0,0.366,0.372,0,zupt
1785677094.3267758,58.5795,0,792,592,656.49,163.39,449.52,,-0.0296,0.0879,0.366,0.374,0,zupt
1785677094.3424816,58.5952,0,792,592,656.49,163.39,449.52,,0.0,0.0,0.366,0.374,0,zupt
1785677094.3589349,58.6117,0,792,592,656.49,163.39,449.52,,0.0,0.0,0.366,0.374,0,zupt
1785677094.3751435,58.6279,0,792,592,656.49,163.39,449.52,,-0.0085,0.2838,0.365,0.378,0,zupt
1785677094.3916059,58.6443,0,792,592,656.49,163.39,449.52,,0.0,0.0,0.365,0.378,0,zupt
1785677094.4089344,58.6617,0,792,592,656.49,163.39,449.52,,0.0,0.0,0.365,0.378,0,zupt
1785677094.4246156,58.6774,0,792,592,656.49,163.39,449.52,,-0.0285,0.2535,0.365,0.382,0,zupt
1785677094.4418693,58.6946,0,792,592,656.49,163.39,449.52,,0.0,0.0,0.365,0.382,0,zupt
1785677094.457933,58.7107,0,792,592,656.49,163.39,449.52,,0.0072,0.2055,0.365,0.386,0,zupt
1785677094.4737723,58.7265,0,792,592,656.49,163.39,449.52,,0.0,0.0,0.365,0.386,0,zupt
1785677094.4906576,58.7434,0,792,592,656.49,163.39,449.52,,0.0,0.0,0.365,0.386,0,zupt
1785677094.507338,58.7601,0,792,592,656.49,163.39,449.52,,-0.0353,0.2453,0.365,0.39,0,zupt
1785677094.523817,58.7766,0,792,592,656.49,163.39,449.52,,0.0,0.0,0.365,0.39,0,zupt
1785677094.5397806,58.7925,0,792,592,656.49,163.39,449.52,,0.0971,0.2601,0.366,0.394,0,zupt
1785677094.556152,58.8089,0,792,592,656.49,163.39,449.52,,0.0,0.0,0.366,0.394,0,zupt
1785677094.5718172,58.8246,0,792,592,656.49,163.39,449.52,,0.0502,0.1894,0.367,0.397,0,zupt
1785677094.5885537,58.8413,0,792,592,656.49,163.39,449.52,,0.0,0.0,0.367,0.397,0,zupt
1785677094.6058524,58.8586,0,792,592,656.49,163.39,449.52,,0.0,0.0,0.367,0.397,0,zupt
1785677094.6216402,58.8744,0,792,592,656.49,163.39,449.52,,0.0518,0.2032,0.368,0.4,0,zupt
1785677094.6383762,58.8911,0,792,592,656.49,163.39,449.52,,0.0,0.0,0.368,0.4,0,zupt
1785677094.6557708,58.9085,0,792,592,656.49,163.39,449.52,,-0.0055,0.2229,0.368,0.404,0,zupt
1785677094.6730042,58.9257,0,792,592,656.49,163.39,449.52,,0.0,0.0,0.368,0.404,0,zupt
1785677094.689091,58.9418,0,792,592,656.49,163.39,449.52,,0.0834,0.245,0.369,0.408,0,zupt
1785677094.7053385,58.9581,0,792,592,656.49,163.39,449.52,,0.0,0.0,0.369,0.408,0,zupt
1785677094.7228138,58.9755,0,792,592,656.49,163.39,449.52,,0.0,0.0,0.369,0.408,0,zupt
1785677094.7385938,58.9913,0,792,592,656.49,163.39,449.52,,0.003,0.2755,0.369,0.412,0,zupt
1785677094.755922,59.0087,0,792,592,656.49,163.39,449.52,,0.0,0.0,0.369,0.412,0,zupt
1785677094.7716618,59.0244,0,792,592,656.49,163.39,449.52,,-0.147,0.1918,0.367,0.415,0,zupt
1785677094.7889798,59.0417,0,792,592,656.49,163.39,449.52,,0.0,0.0,0.367,0.415,0,zupt
1785677094.804548,59.0573,0,792,592,656.49,163.39,449.52,,0.0,0.0,0.367,0.415,0,zupt
1785677094.821184,59.0739,0,792,592,656.49,163.39,449.52,,0.1191,0.2592,0.369,0.42,0,zupt
1785677094.836643,59.0894,0,792,592,656.49,163.39,449.52,,0.0,0.0,0.369,0.42,0,zupt
1785677094.853835,59.1066,0,792,592,656.49,163.39,449.52,,0.0659,0.2483,0.37,0.424,0,zupt
1785677094.8704143,59.1232,0,792,592,656.49,163.39,449.52,,0.0,0.0,0.37,0.424,0,zupt
1785677094.8876557,59.1404,0,792,592,656.49,163.39,449.52,,0.0615,0.2048,0.371,0.427,0,zupt
1785677094.9051843,59.1579,0,792,592,656.49,163.39,449.52,,0.0,0.0,0.371,0.427,0,zupt
1785677094.9227624,59.1755,0,792,592,656.49,163.39,449.52,,0.0,0.0,0.371,0.427,0,zupt
1785677094.9386086,59.1913,0,792,592,656.49,163.39,449.52,,0.1095,0.1936,0.373,0.431,0,zupt
1785677094.9558144,59.2086,0,792,592,656.49,163.39,449.52,,0.0,0.0,0.373,0.431,0,zupt
1785677094.972298,59.225,0,792,592,656.49,163.39,449.52,,0.0,0.0,0.373,0.431,0,zupt
1785677094.989687,59.2424,0,792,592,656.49,163.39,449.52,,0.1046,0.2172,0.374,0.434,0,zupt
1785677095.0066643,59.2594,0,792,592,656.49,163.39,449.52,,0.0,0.0,0.374,0.434,0,zupt
1785677095.023297,59.276,0,792,592,656.49,163.39,449.52,,0.0,0.0,0.374,0.434,0,zupt
1785677095.0398514,59.2926,0,792,592,656.49,163.39,449.52,,0.0,0.0,0.374,0.434,0,zupt
1785677095.0559423,59.3087,0,792,592,656.49,163.39,449.52,,0.0,0.0,0.374,0.434,0,zupt
1785677095.071754,59.3245,0,792,592,656.49,163.39,449.52,,0.0,0.0,0.374,0.434,0,zupt
1785677095.0879188,59.3407,0,792,592,656.49,163.39,449.52,,0.0,0.0,0.374,0.434,0,zupt
1785677095.1042194,59.357,0,792,592,656.49,163.39,449.52,,0.0624,0.2184,0.375,0.438,0,zupt
1785677095.1216218,59.3744,0,792,592,656.49,163.39,449.52,,0.0,0.0,0.375,0.438,0,zupt
1785677095.1385956,59.3913,0,792,592,656.49,163.39,449.52,,0.0656,0.2648,0.377,0.442,0,zupt
1785677095.1556706,59.4084,0,792,592,656.49,163.39,449.52,,0.0,0.0,0.377,0.442,0,zupt
1785677095.1727495,59.4255,0,792,592,656.49,163.39,449.52,,0.007,0.2108,0.377,0.446,0,zupt
1785677095.189601,59.4423,0,792,592,656.49,163.39,449.52,,0.0,0.0,0.377,0.446,0,zupt
1785677095.2068927,59.4596,0,792,592,656.49,163.39,449.52,,0.0,0.0,0.377,0.446,0,zupt
1785677095.2226179,59.4754,0,792,592,656.49,163.39,449.52,,0.1102,0.1944,0.378,0.449,0,zupt
1785677095.2391465,59.4919,0,792,592,656.49,163.39,449.52,,0.0,0.0,0.378,0.449,0,zupt
1785677095.2548056,59.5075,0,792,592,656.49,163.39,449.52,,0.0,0.0,0.378,0.449,0,zupt
1785677095.2712429,59.524,0,792,592,656.49,163.39,449.52,,0.0392,0.1609,0.379,0.452,0,zupt
1785677095.287947,59.5407,0,792,592,656.49,163.39,449.52,,0.0,0.0,0.379,0.452,0,zupt
1785677095.3038158,59.5566,0,792,592,656.49,163.39,449.52,,0.0349,0.1978,0.38,0.455,0,zupt
1785677095.320004,59.5727,0,792,592,656.49,163.39,449.52,,0.0,0.0,0.38,0.455,0,zupt
1785677095.3357534,59.5885,0,792,592,656.49,163.39,449.52,,0.0514,0.1714,0.38,0.458,0,zupt
1785677095.3530495,59.6058,0,792,592,656.49,163.39,449.52,,0.0,0.0,0.38,0.458,0,zupt
1785677095.3685703,59.6213,0,792,592,656.49,163.39,449.52,,0.0,0.0,0.38,0.458,0,zupt
1785677095.3859205,59.6387,0,792,592,656.49,163.39,449.52,,0.0773,0.1842,0.382,0.461,0,zupt
1785677095.4027882,59.6555,0,792,592,656.49,163.39,449.52,,0.0,0.0,0.382,0.461,0,zupt
1785677095.420116,59.6729,0,792,592,656.49,163.39,449.52,,0.0406,0.2368,0.382,0.465,0,zupt
1785677095.436516,59.6893,0,792,592,656.49,163.39,449.52,,0.0,0.0,0.382,0.465,0,zupt
1785677095.4538555,59.7066,0,792,592,656.49,163.39,449.52,,0.0,0.0,0.382,0.465,0,zupt
1785677095.4693394,59.7221,0,792,592,656.49,163.39,449.52,,0.0896,0.2148,0.384,0.468,0,zupt
1785677095.4861922,59.7389,0,792,592,656.49,163.39,449.52,,0.0,0.0,0.384,0.468,0,zupt
1785677095.5019586,59.7547,0,792,592,656.49,163.39,449.52,,0.0188,0.2266,0.384,0.472,0,zupt
1785677095.5177205,59.7705,0,792,592,656.49,163.39,449.52,,0.0,0.0,0.384,0.472,0,zupt
1785677095.5346382,59.7874,0,792,592,656.49,163.39,449.52,,-0.004,0.284,0.384,0.477,0,zupt
1785677095.5517964,59.8045,0,792,592,656.49,163.39,449.52,,0.0,0.0,0.384,0.477,0,zupt
1785677095.5674505,59.8202,0,792,592,656.49,163.39,449.52,,0.0,0.0,0.384,0.477,0,zupt
1785677095.5850642,59.8378,0,792,592,656.49,163.39,449.52,,0.0437,0.2291,0.385,0.481,0,zupt
1785677095.6013286,59.8541,0,792,592,656.49,163.39,449.52,,0.0,0.0,0.385,0.481,0,zupt
1785677095.6189184,59.8717,0,792,592,656.49,163.39,449.52,,0.0725,0.1876,0.386,0.484,0,zupt
1785677095.635202,59.8879,0,792,592,656.49,163.39,449.52,,0.0,0.0,0.386,0.484,0,zupt
1785677095.6506915,59.9034,0,792,592,656.49,163.39,449.52,,0.0,0.0,0.386,0.484,0,zupt
1785677095.6673763,59.9201,0,792,592,656.49,163.39,449.52,,0.0826,0.1627,0.387,0.487,0,zupt
1785677095.6840208,59.9368,0,792,592,656.49,163.39,449.52,,0.0,0.0,0.387,0.487,0,zupt
1785677095.7003016,59.953,0,792,592,656.49,163.39,449.52,,0.0,0.0,0.387,0.487,0,zupt
1785677095.7168767,59.9696,0,792,592,656.49,163.39,449.52,,0.0,0.0,0.387,0.487,0,zupt
1785677095.7326674,59.9854,0,792,592,656.49,163.39,449.52,,0.1006,0.1855,0.389,0.489,0,zupt
1785677095.7497232,60.0025,0,792,592,656.49,163.39,449.52,,0.0,0.0,0.389,0.489,0,zupt
1785677095.7668655,60.0196,0,792,592,656.49,163.39,449.52,,0.0,0.0,0.389,0.489,0,zupt
1785677095.7829182,60.0357,0,792,592,656.49,163.39,449.52,,0.0,0.0,0.389,0.489,0,zupt
1785677095.7993944,60.0521,0,792,592,656.49,163.39,449.52,,0.0,0.0,0.389,0.489,0,zupt
1785677095.8161426,60.0689,0,792,592,656.49,163.39,449.52,,0.0,0.0,0.389,0.489,0,zupt
1785677095.831871,60.0846,0,792,592,656.49,163.39,449.52,,0.0,0.0,0.389,0.489,0,zupt
1785677095.8477147,60.1005,0,792,592,656.49,163.39,449.52,,0.0,0.0,0.389,0.489,0,zupt
1785677095.8639905,60.1167,0,792,592,656.49,163.39,449.52,,0.0,0.0,0.389,0.489,0,zupt
1785677095.8797739,60.1325,0,792,592,656.49,163.39,449.52,,0.0,0.0,0.389,0.489,0,zupt
1785677095.8965929,60.1493,0,792,592,656.49,163.39,449.52,,0.0,0.0,0.389,0.489,0,zupt
1785677095.9133234,60.1661,0,792,592,656.49,163.39,449.52,,0.0,0.0,0.389,0.489,0,zupt
1785677095.9309444,60.1837,0,792,592,656.49,163.39,449.52,,0.0,0.0,0.389,0.489,0,zupt
1785677095.9470894,60.1998,0,792,592,656.49,163.39,449.52,,0.0,0.0,0.389,0.489,0,zupt
1785677095.9628956,60.2156,0,792,592,656.49,163.39,449.52,,0.0,0.0,0.389,0.489,0,zupt
1785677095.978621,60.2314,0,792,592,656.49,163.39,449.52,,0.0,0.0,0.389,0.489,0,zupt
1785677095.9959044,60.2486,0,792,592,656.49,163.39,449.52,,0.0,0.0,0.389,0.489,0,zupt
1785677096.0116203,60.2644,0,792,592,656.49,163.39,449.52,,0.0,0.0,0.389,0.489,0,zupt
1785677096.0289726,60.2817,0,792,592,656.49,163.39,449.52,,0.0,0.0,0.389,0.489,0,zupt
1785677096.0448952,60.2976,0,792,592,656.49,163.39,449.52,,0.0,0.0,0.389,0.489,0,zupt
1785677096.0608609,60.3136,0,792,592,656.49,163.39,449.52,,0.0,0.0,0.389,0.489,0,zupt
1785677096.0766022,60.3293,0,792,592,656.49,163.39,449.52,,0.0,0.0,0.389,0.489,0,zupt
1785677096.0935955,60.3463,0,792,592,656.49,163.39,449.52,,0.0,0.0,0.389,0.489,0,zupt
1785677096.1111338,60.3639,0,792,592,656.49,163.39,449.52,,0.0,0.0,0.389,0.489,0,zupt
1785677096.1277266,60.3805,0,792,592,656.49,163.39,449.52,,0.0,0.0,0.389,0.489,0,zupt
1785677096.1435475,60.3963,0,792,592,656.49,163.39,449.52,,0.0,0.0,0.389,0.489,0,zupt
1785677096.1601183,60.4129,0,792,592,656.49,163.39,449.52,,0.0,0.0,0.389,0.489,0,zupt
1785677096.1757376,60.4285,0,792,592,656.49,163.39,449.52,,0.0,0.0,0.389,0.489,0,zupt
1785677096.1919372,60.4447,0,792,592,656.49,163.39,449.52,,0.0,0.0,0.389,0.489,0,zupt
1785677096.208451,60.4612,0,792,592,656.49,163.39,449.52,,0.0,0.0,0.389,0.489,0,zupt
1785677096.2253792,60.4781,0,792,592,656.49,163.39,449.52,,0.0,0.0,0.389,0.489,0,zupt
1785677096.24291,60.4956,0,792,592,656.49,163.39,449.52,,0.0,0.0,0.389,0.489,0,zupt
1785677096.2589548,60.5117,0,792,592,656.49,163.39,449.52,,0.0,0.0,0.389,0.489,0,zupt
1785677096.2750037,60.5277,0,792,592,656.49,163.39,449.52,,0.0,0.0,0.389,0.489,0,zupt
1785677096.2905295,60.5433,0,792,592,656.49,163.39,449.52,,0.0,0.0,0.389,0.489,0,zupt
1785677096.307193,60.5599,0,792,592,656.49,163.39,449.52,,0.0,0.0,0.389,0.489,0,zupt
1785677096.3233464,60.5761,0,792,592,656.49,163.39,449.52,,0.0,0.0,0.389,0.489,0,zupt
1785677096.340153,60.5929,0,792,592,656.49,163.39,449.52,,0.0,0.0,0.389,0.489,0,zupt
1785677096.3559747,60.6087,0,792,592,656.49,163.39,449.52,,0.0,0.0,0.389,0.489,0,zupt
1785677096.3719366,60.6247,0,792,592,656.49,163.39,449.52,,0.0,0.0,0.389,0.489,0,zupt
1785677096.388575,60.6413,0,792,592,656.49,163.39,449.52,,0.0,0.0,0.389,0.489,0,zupt
1785677096.405258,60.658,0,792,592,656.49,163.39,449.52,,0.0,0.0,0.389,0.489,0,zupt
1785677096.421189,60.6739,0,792,592,656.49,163.39,449.52,,0.0,0.0,0.389,0.489,0,zupt
1785677096.4367137,60.6894,0,792,592,656.49,163.39,449.52,,0.0,0.0,0.389,0.489,0,zupt
1785677096.453072,60.7058,0,792,592,656.49,163.39,449.52,,0.0,0.0,0.389,0.489,0,zupt
1785677096.4691677,60.7219,0,792,592,656.49,163.39,449.52,,0.0,0.0,0.389,0.489,0,zupt
1785677096.4847367,60.7375,0,792,592,656.49,163.39,449.52,,0.0,0.0,0.389,0.489,0,zupt
1785677096.5014331,60.7542,0,792,592,656.49,163.39,449.52,,0.0,0.0,0.389,0.489,0,zupt
1785677096.5188375,60.7716,0,792,592,656.49,163.39,449.52,,0.0,0.0,0.389,0.489,0,zupt
1785677096.5350275,60.7878,0,792,592,656.49,163.39,449.52,,0.0,0.0,0.389,0.489,0,zupt
1785677096.5514205,60.8042,0,792,592,656.49,163.39,449.52,,0.0,0.0,0.389,0.489,0,zupt
1785677096.5682096,60.8209,0,792,592,656.49,163.39,449.52,,0.0,0.0,0.389,0.489,0,zupt
1785677096.5839434,60.8367,0,792,592,656.49,163.39,449.52,,0.0,0.0,0.389,0.489,0,zupt
1785677096.6006804,60.8534,0,792,592,656.49,163.39,449.52,,0.0,0.0,0.389,0.489,0,zupt
1785677096.617845,60.8706,0,792,592,656.49,163.39,449.52,,0.0,0.0,0.389,0.489,0,zupt
1785677096.6338186,60.8866,0,792,592,656.49,163.39,449.52,,0.0,0.0,0.389,0.489,0,zupt
1785677096.6497211,60.9025,0,792,592,656.49,163.39,449.52,,0.0,0.0,0.389,0.489,0,zupt
1785677096.66651,60.9192,0,792,592,656.49,163.39,449.52,,0.0,0.0,0.389,0.489,0,zupt
1785677096.6838307,60.9366,0,792,592,656.49,163.39,449.52,,0.0,0.0,0.389,0.489,0,zupt
1785677096.7001042,60.9528,0,792,592,656.49,163.39,449.52,,0.0,0.0,0.389,0.489,0,zupt
1785677096.716461,60.9692,0,792,592,656.49,163.39,449.52,,0.0,0.0,0.389,0.489,0,zupt
1785677096.7336364,60.9864,0,792,592,656.49,163.39,449.52,,0.0,0.0,0.389,0.489,0,zupt
1785677096.7511506,61.0039,0,792,592,656.49,163.39,449.52,,0.0,0.0,0.389,0.489,0,zupt
1785677096.7671247,61.0199,0,792,592,656.49,163.39,449.52,,0.0,0.0,0.389,0.489,0,zupt
1785677096.7827103,61.0354,0,792,592,656.49,163.39,449.52,,0.0,0.0,0.389,0.489,0,zupt
1785677096.7986739,61.0514,0,792,592,656.49,163.39,449.52,,0.0,0.0,0.389,0.489,0,zupt
1785677096.8157153,61.0685,0,792,592,656.49,163.39,449.52,,0.0,0.0,0.389,0.489,0,zupt
1785677096.8316958,61.0844,0,792,592,656.49,163.39,449.52,,0.0,0.0,0.389,0.489,0,zupt
1785677096.8479989,61.1007,0,792,592,656.49,163.39,449.52,,0.0,0.0,0.389,0.489,0,zupt
1785677096.8639448,61.1167,0,792,592,656.49,163.39,449.52,,0.1066,0.1808,0.391,0.492,0,zupt
1785677096.8794124,61.1321,0,792,592,656.49,163.39,449.52,,0.0,0.0,0.391,0.492,0,zupt
1785677096.8961663,61.1489,0,792,592,656.49,163.39,449.52,,0.0,0.0,0.391,0.492,0,zupt
1785677096.9119241,61.1647,0,792,592,656.49,163.39,449.52,,0.0177,0.1822,0.391,0.495,0,zupt
1785677096.928027,61.1808,0,792,592,656.49,163.39,449.52,,0.0,0.0,0.391,0.495,0,zupt
1785677096.9435573,61.1963,0,792,592,656.49,163.39,449.52,,0.041,0.1479,0.392,0.498,0,zupt
1785677096.960385,61.2131,0,792,592,656.49,163.39,449.52,,0.0,0.0,0.392,0.498,0,zupt
1785677096.9771836,61.2299,0,792,592,656.49,163.39,449.52,,0.0,0.0,0.392,0.498,0,zupt
1785677096.9928174,61.2456,0,792,592,656.49,163.39,449.52,,0.0802,0.1274,0.393,0.5,0,zupt
1785677097.0097802,61.2625,0,792,592,656.49,163.39,449.52,,0.0,0.0,0.393,0.5,0,zupt
1785677097.0270612,61.2798,0,792,592,656.49,163.39,449.52,,0.0414,0.1514,0.394,0.502,0,zupt
1785677097.0428207,61.2956,0,792,592,656.49,163.39,449.52,,0.0,0.0,0.394,0.502,0,zupt
1785677097.058487,61.3112,0,792,592,656.49,163.39,449.52,,0.0313,0.1545,0.394,0.505,0,zupt
1785677097.0752606,61.328,0,792,592,656.49,163.39,449.52,,0.0,0.0,0.394,0.505,0,zupt
1785677097.0928195,61.3456,0,792,592,656.49,163.39,449.52,,0.0,0.0,0.394,0.505,0,zupt
1785677097.1102378,61.363,0,792,592,656.49,163.39,449.52,,0.0507,0.1624,0.395,0.507,0,zupt
1785677097.1277666,61.3805,0,792,592,656.49,163.39,449.52,,0.0,0.0,0.395,0.507,0,zupt
1785677097.145199,61.3979,0,792,592,656.49,163.39,449.52,,0.0,0.0,0.395,0.507,0,zupt
1785677097.1630828,61.4158,0,792,592,656.49,163.39,449.52,,0.0,0.0,0.395,0.507,0,zupt
1785677097.1790493,61.4318,0,792,592,656.49,163.39,449.52,,0.0361,0.1537,0.396,0.51,0,zupt
1785677097.1946194,61.4474,0,792,592,656.49,163.39,449.52,,0.0,0.0,0.396,0.51,0,zupt
1785677097.211276,61.464,0,792,592,656.49,163.39,449.52,,0.0,0.0,0.396,0.51,0,zupt
1785677097.2278368,61.4806,0,792,592,656.49,163.39,449.52,,0.0,0.0,0.396,0.51,0,zupt
1785677097.2438254,61.4966,0,792,592,656.49,163.39,449.52,,0.0084,0.1458,0.396,0.512,0,zupt
1785677097.2602084,61.5129,0,792,592,656.49,163.39,449.52,,0.0,0.0,0.396,0.512,0,zupt
1785677097.2769675,61.5297,0,792,592,656.49,163.39,449.52,,0.0,0.0,0.396,0.512,0,zupt
1785677097.2926977,61.5454,0,792,592,656.49,163.39,449.52,,0.0,0.0,0.396,0.512,0,zupt
1785677097.309801,61.5625,0,792,592,656.49,163.39,449.52,,0.0,0.0,0.396,0.512,0,zupt
1785677097.3264444,61.5792,0,792,592,656.49,163.39,449.52,,0.0,0.0,0.396,0.512,0,zupt
1785677097.3435788,61.5963,0,792,592,656.49,163.39,449.52,,0.0,0.0,0.396,0.512,0,zupt
1785677097.3602054,61.6129,0,792,592,656.49,163.39,449.52,,0.0,0.0,0.396,0.512,0,zupt
1785677097.3765712,61.6293,0,792,592,656.49,163.39,449.52,,0.0,0.0,0.396,0.512,0,zupt
1785677097.3937476,61.6465,0,792,592,656.49,163.39,449.52,,0.0,0.0,0.396,0.512,0,zupt
1785677097.4094064,61.6621,0,792,592,656.49,163.39,449.52,,0.0,0.0,0.396,0.512,0,zupt
1785677097.4260194,61.6788,0,792,592,656.49,163.39,449.52,,0.0,0.0,0.396,0.512,0,zupt
1785677097.4420478,61.6948,0,792,592,656.49,163.39,449.52,,0.0,0.0,0.396,0.512,0,zupt
1785677097.4579449,61.7107,0,792,592,656.49,163.39,449.52,,0.0,0.0,0.396,0.512,0,zupt
1785677097.473616,61.7264,0,792,592,656.49,163.39,449.52,,0.0,0.0,0.396,0.512,0,zupt
1785677097.490104,61.7428,0,792,592,656.49,163.39,449.52,,0.0,0.0,0.396,0.512,0,zupt
1785677097.5058005,61.7585,0,792,592,656.49,163.39,449.52,,0.0,0.0,0.396,0.512,0,zupt
1785677097.5229666,61.7757,0,792,592,656.49,163.39,449.52,,-0.0042,0.1846,0.396,0.515,0,zupt
1785677097.5385587,61.7913,0,792,592,656.49,163.39,449.52,,0.0,0.0,0.396,0.515,0,zupt
1785677097.5556836,61.8084,0,792,592,656.49,163.39,449.52,,0.0,0.0,0.396,0.515,0,zupt
1785677097.5727973,61.8255,0,792,592,656.49,163.39,449.52,,0.105,0.0975,0.397,0.517,0,zupt
1785677097.5897589,61.8425,0,792,592,656.49,163.39,449.52,,0.0,0.0,0.397,0.517,0,zupt
1785677097.6070027,61.8597,0,792,592,656.49,163.39,449.52,,0.0106,0.138,0.398,0.519,0,zupt
1785677097.6227803,61.8755,0,792,592,656.49,163.39,449.52,,0.0,0.0,0.398,0.519,0,zupt
1785677097.6399713,61.8927,0,792,592,656.49,163.39,449.52,,0.0,0.0,0.398,0.519,0,zupt
1785677097.6559162,61.9087,0,792,592,656.49,163.39,449.52,,-0.0103,0.1856,0.397,0.522,0,zupt
1785677097.6718512,61.9246,0,792,592,656.49,163.39,449.52,,0.0,0.0,0.397,0.522,0,zupt
1785677097.6873586,61.9401,0,792,592,656.49,163.39,449.52,,0.0289,0.1441,0.398,0.525,0,zupt
1785677097.7043862,61.9571,0,792,592,656.49,163.39,449.52,,0.0,0.0,0.398,0.525,0,zupt
1785677097.7217302,61.9745,0,792,592,656.49,163.39,449.52,,0.0228,0.1474,0.398,0.527,0,zupt
1785677097.738366,61.9911,0,792,592,656.49,163.39,449.52,,0.0,0.0,0.398,0.527,0,zupt
1785677097.7548335,62.0076,0,792,592,656.49,163.39,449.52,,0.0,0.0,0.398,0.527,0,zupt
1785677097.7708104,62.0235,0,792,592,656.49,163.39,449.52,,0.0894,0.0926,0.4,0.529,0,zupt
1785677097.787102,62.0398,0,792,592,656.49,163.39,449.52,,0.0,0.0,0.4,0.529,0,zupt
1785677097.8029637,62.0557,0,792,592,656.49,163.39,449.52,,0.0886,0.0923,0.401,0.53,0,zupt
1785677097.8186615,62.0714,0,792,592,656.49,163.39,449.52,,0.0,0.0,0.401,0.53,0,zupt
1785677097.8361351,62.0889,0,792,592,656.49,163.39,449.52,,0.0,0.0,0.401,0.53,0,zupt
1785677097.8516757,62.1044,0,792,592,656.49,163.39,449.52,,0.0101,0.1625,0.401,0.533,0,zupt
1785677097.8691206,62.1219,0,792,592,656.49,163.39,449.52,,0.0,0.0,0.401,0.533,0,zupt
1785677097.8852682,62.138,0,792,592,656.49,163.39,449.52,,0.0,0.0,0.401,0.533,0,zupt
1785677097.9009428,62.1537,0,792,592,656.49,163.39,449.52,,0.0,0.0,0.401,0.533,0,zupt
1785677097.9169562,62.1697,0,792,592,656.49,163.39,449.52,,0.0244,0.1416,0.402,0.535,0,zupt
1785677097.9327335,62.1855,0,792,592,656.49,163.39,449.52,,0.0,0.0,0.402,0.535,0,zupt
1785677097.95022,62.203,0,792,592,656.49,163.39,449.52,,0.0,0.0,0.402,0.535,0,zupt
1785677097.9658654,62.2186,0,792,592,656.49,163.39,449.52,,0.0062,0.1368,0.402,0.537,0,zupt
1785677097.9819295,62.2347,0,792,592,656.49,163.39,449.52,,0.0,0.0,0.402,0.537,0,zupt
1785677097.998357,62.2511,0,792,592,656.49,163.39,449.52,,0.0,0.0,0.402,0.537,0,zupt
1785677098.0149724,62.2677,0,792,592,656.49,163.39,449.52,,0.0,0.0,0.402,0.537,0,zupt
1785677098.0308146,62.2836,0,792,592,656.49,163.39,449.52,,0.0,0.0,0.402,0.537,0,zupt
1785677098.047058,62.2998,0,792,592,656.49,163.39,449.52,,0.0213,0.1568,0.402,0.54,0,zupt
1785677098.062586,62.3153,0,792,592,656.49,163.39,449.52,,0.0,0.0,0.402,0.54,0,zupt
1785677098.0796545,62.3324,0,792,592,656.49,163.39,449.52,,0.0617,0.1443,0.403,0.542,0,zupt
1785677098.096643,62.3494,0,792,592,656.49,163.39,449.52,,0.0,0.0,0.403,0.542,0,zupt
1785677098.113855,62.3666,0,792,592,656.49,163.39,449.52,,0.0297,0.1239,0.404,0.544,0,zupt
1785677098.1297038,62.3824,0,792,592,656.49,163.39,449.52,,0.0,0.0,0.404,0.544,0,zupt
1785677098.1468933,62.3996,0,792,592,656.49,163.39,449.52,,0.0,0.0,0.404,0.544,0,zupt
1785677098.162851,62.4156,0,792,592,656.49,163.39,449.52,,0.0979,0.1416,0.405,0.546,0,zupt
1785677098.178429,62.4312,0,792,592,656.49,163.39,449.52,,0.0,0.0,0.405,0.546,0,zupt
1785677098.195937,62.4487,0,792,592,656.49,163.39,449.52,,0.0766,0.1246,0.407,0.549,0,zupt
1785677098.2120664,62.4648,0,792,592,656.49,163.39,449.52,,0.0,0.0,0.407,0.549,0,zupt
1785677098.228065,62.4808,0,792,592,656.49,163.39,449.52,,0.0,0.0,0.407,0.549,0,zupt
1785677098.2445316,62.4973,0,792,592,656.49,163.39,449.52,,0.0,0.0,0.407,0.549,0,zupt
1785677098.2625656,62.5153,0,792,592,656.49,163.39,449.52,,0.0,0.0,0.407,0.549,0,zupt
1785677098.2801034,62.5328,0,792,592,656.49,163.39,449.52,,0.0,0.0,0.407,0.549,0,zupt
1785677098.296159,62.5489,0,792,592,656.49,163.39,449.52,,0.0,0.0,0.407,0.549,0,zupt
1785677098.311902,62.5646,0,792,592,656.49,163.39,449.52,,0.0,0.0,0.407,0.549,0,zupt
1785677098.3278956,62.5806,0,792,592,656.49,163.39,449.52,,0.0,0.0,0.407,0.549,0,zupt
1785677098.3435462,62.5963,0,792,592,656.49,163.39,449.52,,0.0,0.0,0.407,0.549,0,zupt
1785677098.3607998,62.6135,0,792,592,656.49,163.39,449.52,,0.0,0.0,0.407,0.549,0,zupt
1785677098.376973,62.6297,0,792,592,656.49,163.39,449.52,,0.0,0.0,0.407,0.549,0,zupt
1785677098.3926237,62.6454,0,792,592,656.49,163.39,449.52,,0.0,0.0,0.407,0.549,0,zupt
1785677098.409226,62.662,0,792,592,656.49,163.39,449.52,,0.0,0.0,0.407,0.549,0,zupt
1785677098.4267986,62.6795,0,792,592,656.49,163.39,449.52,,0.0,0.0,0.407,0.549,0,zupt
1785677098.4427805,62.6955,0,792,592,656.49,163.39,449.52,,0.0777,0.1396,0.408,0.551,0,zupt
1785677098.4585876,62.7113,0,792,592,656.49,163.39,449.52,,0.0,0.0,0.408,0.551,0,zupt
1785677098.4761024,62.7288,0,792,592,656.49,163.39,449.52,,0.0129,0.1527,0.408,0.554,0,zupt
1785677098.49197,62.7447,0,792,592,656.49,163.39,449.52,,0.0,0.0,0.408,0.554,0,zupt
1785677098.5084462,62.7612,0,792,592,656.49,163.39,449.52,,0.0,0.0,0.408,0.554,0,zupt
1785677098.525632,62.7784,0,792,592,656.49,163.39,449.52,,0.0686,0.1319,0.409,0.556,0,zupt
1785677098.5428522,62.7956,0,792,592,656.49,163.39,449.52,,0.0,0.0,0.409,0.556,0,zupt
1785677098.5588665,62.8116,0,792,592,656.49,163.39,449.52,,0.0065,0.1448,0.409,0.558,0,zupt
1785677098.5751655,62.8279,0,792,592,656.49,163.39,449.52,,0.0,0.0,0.409,0.558,0,zupt
1785677098.590981,62.8437,0,792,592,656.49,163.39,449.52,,0.0,0.0,0.409,0.558,0,zupt
1785677098.6072946,62.86,0,792,592,656.49,163.39,449.52,,0.0,0.0,0.409,0.558,0,zupt
1785677098.6238678,62.8766,0,792,592,656.49,163.39,449.52,,0.0913,0.163,0.411,0.561,0,zupt
1785677098.6404686,62.8932,0,792,592,656.49,163.39,449.52,,0.0,0.0,0.411,0.561,0,zupt
1785677098.6578355,62.9106,0,792,592,656.49,163.39,449.52,,0.0,0.0,0.411,0.561,0,zupt
1785677098.6755087,62.9282,0,792,592,656.49,163.39,449.52,,0.0,0.0,0.411,0.561,0,zupt
1785677098.6927867,62.9455,0,792,592,656.49,163.39,449.52,,0.0,0.0,0.411,0.561,0,zupt
1785677098.7087727,62.9615,0,792,592,656.49,163.39,449.52,,0.0237,0.1108,0.411,0.563,0,zupt
1785677098.724525,62.9773,0,792,592,656.49,163.39,449.52,,0.0,0.0,0.411,0.563,0,zupt
1785677098.741277,62.994,0,792,592,656.49,163.39,449.52,,0.0,0.0,0.411,0.563,0,zupt
1785677098.7582018,63.0109,0,792,592,656.49,163.39,449.52,,0.0457,0.0871,0.412,0.564,0,zupt
1785677098.7746334,63.0274,0,792,592,656.49,163.39,449.52,,0.0,0.0,0.412,0.564,0,zupt
1785677098.792816,63.0456,0,792,592,656.49,163.39,449.52,,0.0,0.0,0.412,0.564,0,zupt
1785677098.8086991,63.0614,0,792,592,656.49,163.39,449.52,,-0.0345,0.0592,0.411,0.565,0,zupt
1785677098.8249192,63.0777,0,792,592,656.49,163.39,449.52,,0.0,0.0,0.411,0.565,0,zupt
1785677098.8408723,63.0936,0,792,592,656.49,163.39,449.52,,-0.0295,0.1759,0.411,0.568,0,zupt
1785677098.8570178,63.1098,0,792,592,656.49,163.39,449.52,,0.0,0.0,0.411,0.568,0,zupt
1785677098.8728435,63.1256,0,792,592,656.49,163.39,449.52,,-0.027,0.1801,0.411,0.571,0,zupt
1785677098.8890326,63.1418,0,792,592,656.49,163.39,449.52,,0.0,0.0,0.411,0.571,0,zupt
1785677098.9048188,63.1576,0,792,592,656.49,163.39,449.52,,0.0,0.0,0.411,0.571,0,zupt
1785677098.9227574,63.1755,0,792,592,656.49,163.39,449.52,,0.1326,0.0835,0.413,0.572,0,zupt
1785677098.9383583,63.1911,0,792,592,656.49,163.39,449.52,,0.0,0.0,0.413,0.572,0,zupt
1785677098.9559076,63.2086,0,792,592,656.49,163.39,449.52,,0.0272,0.0881,0.413,0.574,0,zupt
1785677098.9728372,63.2256,0,792,592,656.49,163.39,449.52,,0.0,0.0,0.413,0.574,0,zupt
1785677098.9888813,63.2416,0,792,592,656.49,163.39,449.52,,0.0,0.0,0.413,0.574,0,zupt
1785677099.004503,63.2572,0,792,592,656.49,163.39,449.52,,0.0789,0.1104,0.415,0.575,0,zupt
1785677099.0212202,63.274,0,792,592,656.49,163.39,449.52,,0.0,0.0,0.415,0.575,0,zupt
1785677099.0381413,63.2909,0,792,592,656.49,163.39,449.52,,-0.0366,0.1215,0.414,0.577,0,zupt
1785677099.0545063,63.3072,0,792,592,656.49,163.39,449.52,,0.0,0.0,0.414,0.577,0,zupt
1785677099.0719092,63.3246,0,792,592,656.49,163.39,449.52,,0.0,0.0,0.414,0.577,0,zupt
1785677099.088063,63.3408,0,792,592,656.49,163.39,449.52,,-0.0304,0.171,0.414,0.58,0,zupt
1785677099.1045656,63.3573,0,792,592,656.49,163.39,449.52,,0.0,0.0,0.414,0.58,0,zupt
1785677099.1210957,63.3738,0,792,592,656.49,163.39,449.52,,-0.036,0.1526,0.413,0.583,0,zupt
1785677099.1370556,63.3898,0,792,592,656.49,163.39,449.52,,0.0,0.0,0.413,0.583,0,zupt
1785677099.1527872,63.4055,0,792,592,656.49,163.39,449.52,,0.0,0.0,0.413,0.583,0,zupt
1785677099.1685417,63.4213,0,792,592,656.49,163.39,449.52,,0.0,0.0,0.413,0.583,0,zupt
1785677099.186074,63.4388,0,792,592,656.49,163.39,449.52,,0.0,0.0,0.413,0.583,0,zupt
1785677099.2030573,63.4558,0,792,592,656.49,163.39,449.52,,0.0,0.0,0.413,0.583,0,zupt
1785677099.2189736,63.4717,0,792,592,656.49,163.39,449.52,,0.0,0.0,0.413,0.583,0,zupt
1785677099.2347596,63.4875,0,792,592,656.49,163.39,449.52,,0.0,0.0,0.413,0.583,0,zupt
1785677099.2527022,63.5054,0,792,592,656.49,163.39,449.52,,0.0,0.0,0.413,0.583,0,zupt
1785677099.2700183,63.5228,0,792,592,656.49,163.39,449.52,,0.0,0.0,0.413,0.583,0,zupt
1785677099.2858136,63.5385,0,792,592,656.49,163.39,449.52,,0.0,0.0,0.413,0.583,0,zupt
1785677099.3029726,63.5557,0,792,592,656.49,163.39,449.52,,0.0,0.0,0.413,0.583,0,zupt
1785677099.319545,63.5723,0,792,592,656.49,163.39,449.52,,0.0,0.0,0.413,0.583,0,zupt
1785677099.3362691,63.589,0,792,592,656.49,163.39,449.52,,0.0,0.0,0.413,0.583,0,zupt
1785677099.3538914,63.6066,0,792,592,656.49,163.39,449.52,,0.0,0.0,0.413,0.583,0,zupt
1785677099.3698452,63.6226,0,792,592,656.49,163.39,449.52,,0.0,0.0,0.413,0.583,0,zupt
1785677099.3857198,63.6385,0,792,592,656.49,163.39,449.52,,0.0,0.0,0.413,0.583,0,zupt
1785677099.4026093,63.6553,0,792,592,656.49,163.39,449.52,,0.0,0.0,0.413,0.583,0,zupt
1785677099.4195876,63.6723,0,792,592,656.49,163.39,449.52,,0.0,0.0,0.413,0.583,0,zupt
1785677099.4361308,63.6889,0,792,592,656.49,163.39,449.52,,0.0,0.0,0.413,0.583,0,zupt
1785677099.4519784,63.7047,0,792,592,656.49,163.39,449.52,,0.0,0.0,0.413,0.583,0,zupt
1785677099.467585,63.7203,0,792,592,656.49,163.39,449.52,,0.0,0.0,0.413,0.583,0,zupt
1785677099.4848676,63.7376,0,792,592,656.49,163.39,449.52,,0.0,0.0,0.413,0.583,0,zupt
1785677099.5005271,63.7533,0,792,592,656.49,163.39,449.52,,0.0,0.0,0.413,0.583,0,zupt
1785677099.5180671,63.7708,0,792,592,656.49,163.39,449.52,,0.0,0.0,0.413,0.583,0,zupt
1785677099.5338311,63.7866,0,792,592,656.49,163.39,449.52,,0.0,0.0,0.413,0.583,0,zupt
1785677099.5498679,63.8026,0,792,592,656.49,163.39,449.52,,0.0,0.0,0.413,0.583,0,zupt
1785677099.5654733,63.8182,0,792,592,656.49,163.39,449.52,,0.0,0.0,0.413,0.583,0,zupt
1785677099.5819657,63.8347,0,792,592,656.49,163.39,449.52,,0.0,0.0,0.413,0.583,0,zupt
1785677099.5982578,63.851,0,792,592,656.49,163.39,449.52,,0.0,0.0,0.413,0.583,0,zupt
1785677099.6155274,63.8683,0,792,592,656.49,163.39,449.52,,0.0,0.0,0.413,0.583,0,zupt
1785677099.6330025,63.8857,0,792,592,656.49,163.39,449.52,,0.0,0.0,0.413,0.583,0,zupt
1785677099.6489868,63.9017,0,792,592,656.49,163.39,449.52,,0.0,0.0,0.413,0.583,0,zupt
1785677099.6647058,63.9174,0,792,592,656.49,163.39,449.52,,0.0,0.0,0.413,0.583,0,zupt
1785677099.681358,63.9341,0,792,592,656.49,163.39,449.52,,0.0,0.0,0.413,0.583,0,zupt
1785677099.6987236,63.9515,0,792,592,656.49,163.39,449.52,,0.0,0.0,0.413,0.583,0,zupt
1785677099.715828,63.9686,0,792,592,656.49,163.39,449.52,,0.0,0.0,0.413,0.583,0,zupt
1785677099.7328095,63.9855,0,792,592,656.49,163.39,449.52,,0.0,0.0,0.413,0.583,0,zupt
1785677099.74895,64.0017,0,792,592,656.49,163.39,449.52,,0.0,0.0,0.413,0.583,0,zupt
1785677099.7652524,64.018,0,792,592,656.49,163.39,449.52,,0.0,0.0,0.413,0.583,0,zupt
1785677099.7811205,64.0339,0,792,592,656.49,163.39,449.52,,0.0,0.0,0.413,0.583,0,zupt
1785677099.7973235,64.0501,0,792,592,656.49,163.39,449.52,,0.0,0.0,0.413,0.583,0,zupt
1785677099.8137805,64.0665,0,792,592,656.49,163.39,449.52,,0.0,0.0,0.413,0.583,0,zupt
1785677099.8299763,64.0827,0,792,592,656.49,163.39,449.52,,0.0,0.0,0.413,0.583,0,zupt
1785677099.8455546,64.0983,0,792,592,656.49,163.39,449.52,,0.0,0.0,0.413,0.583,0,zupt
1785677099.86262,64.1154,0,792,592,656.49,163.39,449.52,,0.0,0.0,0.413,0.583,0,zupt
1785677099.8796325,64.1324,0,792,592,656.49,163.39,449.52,,0.0,0.0,0.413,0.583,0,zupt
1785677099.8965673,64.1493,0,792,592,656.49,163.39,449.52,,0.0,0.0,0.413,0.583,0,zupt
1785677099.913762,64.1665,0,792,592,656.49,163.39,449.52,,0.0,0.0,0.413,0.583,0,zupt
1785677099.9307435,64.1835,0,792,592,656.49,163.39,449.52,,0.0,0.0,0.413,0.583,0,zupt
1785677099.9474218,64.2002,0,792,592,656.49,163.39,449.52,,0.0,0.0,0.413,0.583,0,zupt
1785677099.9640517,64.2168,0,792,592,656.49,163.39,449.52,,0.0,0.0,0.413,0.583,0,zupt
1785677099.980381,64.2331,0,792,592,656.49,163.39,449.52,,0.0,0.0,0.413,0.583,0,zupt
1785677099.9971728,64.2499,0,792,592,656.49,163.39,449.52,,0.0,0.0,0.413,0.583,0,zupt
1785677100.0130768,64.2658,0,792,592,656.49,163.39,449.52,,0.0,0.0,0.413,0.583,0,zupt
1785677100.028929,64.2817,0,792,592,656.49,163.39,449.52,,0.0,0.0,0.413,0.583,0,zupt
1785677100.045045,64.2978,0,792,592,656.49,163.39,449.52,,0.0,0.0,0.413,0.583,0,zupt
1785677100.060768,64.3135,0,792,592,656.49,163.39,449.52,,0.0,0.0,0.413,0.583,0,zupt
1785677100.076549,64.3293,0,792,592,656.49,163.39,449.52,,0.0,0.0,0.413,0.583,0,zupt
1785677100.0941277,64.3469,0,792,592,656.49,163.39,449.52,,0.0,0.0,0.413,0.583,0,zupt
1785677100.110472,64.3632,0,792,592,656.49,163.39,449.52,,0.0,0.0,0.413,0.583,0,zupt
1785677100.127697,64.3804,0,792,592,656.49,163.39,449.52,,0.0,0.0,0.413,0.583,0,zupt
1785677100.1440763,64.3968,0,792,592,656.49,163.39,449.52,,0.0,0.0,0.413,0.583,0,zupt
1785677100.160629,64.4134,0,792,592,656.49,163.39,449.52,,0.0,0.0,0.413,0.583,0,zupt
1785677100.1778276,64.4306,0,792,592,656.49,163.39,449.52,,0.0,0.0,0.413,0.583,0,zupt
1785677100.1934285,64.4462,0,792,592,656.49,163.39,449.52,,0.0,0.0,0.413,0.583,0,zupt
1785677100.2106996,64.4634,0,792,592,656.49,163.39,449.52,,0.0,0.0,0.413,0.583,0,zupt
1785677100.2280655,64.4808,0,792,592,656.49,163.39,449.52,,0.0,0.0,0.413,0.583,0,zupt
1785677100.24464,64.4974,0,792,592,656.49,163.39,449.52,,0.0011,0.1605,0.413,0.585,0,zupt
1785677100.2616775,64.5144,0,792,592,656.49,163.39,449.52,,0.0,0.0,0.413,0.585,0,zupt
1785677100.2787225,64.5315,0,792,592,656.49,163.39,449.52,,-0.018,0.201,0.413,0.589,0,zupt
1785677100.2952814,64.548,0,792,592,656.49,163.39,449.52,,0.0,0.0,0.413,0.589,0,zupt
1785677100.3119233,64.5647,0,792,592,656.49,163.39,449.52,,0.0,0.0,0.413,0.589,0,zupt
1785677100.3278284,64.5806,0,792,592,656.49,163.39,449.52,,-0.0116,0.1835,0.413,0.592,0,zupt
1785677100.3436172,64.5964,0,792,592,656.49,163.39,449.52,,0.0,0.0,0.413,0.592,0,zupt
1785677100.36029,64.613,0,792,592,656.49,163.39,449.52,,0.0089,0.1173,0.413,0.594,0,zupt
1785677100.377961,64.6307,0,792,592,656.49,163.39,449.52,,0.0,0.0,0.413,0.594,0,zupt
1785677100.3936367,64.6464,0,792,592,656.49,163.39,449.52,,-0.0091,0.0641,0.413,0.595,0,zupt
1785677100.4101965,64.6629,0,792,592,656.49,163.39,449.52,,0.0,0.0,0.413,0.595,0,zupt
1785677100.426624,64.6794,0,792,592,656.49,163.39,449.52,,0.0,0.0,0.413,0.595,0,zupt
1785677100.4438813,64.6966,0,792,592,656.49,163.39,449.52,,0.1192,0.0083,0.415,0.595,0,zupt
1785677100.4597223,64.7125,0,792,592,656.49,163.39,449.52,,0.0,0.0,0.415,0.595,0,zupt
1785677100.476242,64.729,0,792,592,656.49,163.39,449.52,,0.0935,0.026,0.416,0.595,0,zupt
1785677100.492852,64.7456,0,792,592,656.49,163.39,449.52,,0.0,0.0,0.416,0.595,0,zupt
1785677100.5087056,64.7614,0,792,592,656.49,163.39,449.52,,0.0,0.0,0.416,0.595,0,zupt
1785677100.5250669,64.7778,0,792,592,656.49,163.39,449.52,,0.0099,0.0903,0.416,0.597,0,zupt
1785677100.5416353,64.7944,0,792,592,656.49,163.39,449.52,,0.0,0.0,0.416,0.597,0,zupt
1785677100.5586112,64.8113,0,792,592,656.49,163.39,449.52,,0.0057,0.1108,0.416,0.599,0,zupt
1785677100.5756397,64.8284,0,792,592,656.49,163.39,449.52,,0.0,0.0,0.416,0.599,0,zupt
1785677100.5928996,64.8456,0,792,592,656.49,163.39,449.52,,0.0,0.0,0.416,0.599,0,zupt
1785677100.6086047,64.8613,0,792,592,656.49,163.39,449.52,,0.0094,0.1111,0.417,0.6,0,zupt
1785677100.6257162,64.8785,0,792,592,656.49,163.39,449.52,,0.0,0.0,0.417,0.6,0,zupt
1785677100.6428204,64.8956,0,792,592,656.49,163.39,449.52,,0.0361,0.1246,0.417,0.603,0,zupt
1785677100.659227,64.912,0,792,592,656.49,163.39,449.52,,0.0,0.0,0.417,0.603,0,zupt
1785677100.6754415,64.9282,0,792,592,656.49,163.39,449.52,,0.0,0.0,0.417,0.603,0,zupt
1785677100.6919389,64.9447,0,792,592,656.49,163.39,449.52,,-0.0006,0.099,0.417,0.604,0,zupt
1785677100.7076998,64.9604,0,792,592,656.49,163.39,449.52,,0.0,0.0,0.417,0.604,0,zupt
1785677100.7248127,64.9775,0,792,592,656.49,163.39,449.52,,0.0898,0.0348,0.419,0.605,0,zupt
1785677100.741436,64.9942,0,792,592,656.49,163.39,449.52,,0.0,0.0,0.419,0.605,0,zupt
1785677100.7586014,65.0113,0,792,592,656.49,163.39,449.52,,-0.0145,0.0785,0.418,0.606,0,zupt
1785677100.7752407,65.028,0,792,592,656.49,163.39,449.52,,0.0,0.0,0.418,0.606,0,zupt
1785677100.7906957,65.0434,0,792,592,656.49,163.39,449.52,,0.0,0.0,0.418,0.606,0,zupt
1785677100.8080297,65.0608,0,792,592,656.49,163.39,449.52,,0.0,0.0,0.418,0.606,0,zupt
1785677100.8243892,65.0771,0,792,592,656.49,163.39,449.52,,0.0,0.0,0.418,0.606,0,zupt
1785677100.8417556,65.0945,0,792,592,656.49,163.39,449.52,,0.0424,0.1726,0.419,0.609,0,zupt
1785677100.8581262,65.1109,0,792,592,656.49,163.39,449.52,,0.0,0.0,0.419,0.609,0,zupt
1785677100.8746963,65.1274,0,792,592,656.49,163.39,449.52,,0.0,0.0,0.419,0.609,0,zupt
1785677100.8919327,65.1447,0,792,592,656.49,163.39,449.52,,0.0,0.0,0.419,0.609,0,zupt
1785677100.909702,65.1624,0,792,592,656.49,163.39,449.52,,0.0372,0.1077,0.42,0.611,0,zupt
1785677100.9255583,65.1783,0,792,592,656.49,163.39,449.52,,0.0,0.0,0.42,0.611,0,zupt
1785677100.9427354,65.1955,0,792,592,656.49,163.39,449.52,,0.0,0.0,0.42,0.611,0,zupt
1785677100.9595828,65.2123,0,792,592,656.49,163.39,449.52,,0.0698,0.0389,0.421,0.612,0,zupt
1785677100.9762034,65.2289,0,792,592,656.49,163.39,449.52,,0.0,0.0,0.421,0.612,0,zupt
1785677100.9917312,65.2445,0,792,592,656.49,163.39,449.52,,0.0,0.0,0.421,0.612,0,zupt
1785677101.0090592,65.2618,0,792,592,656.49,163.39,449.52,,0.0434,0.0934,0.422,0.613,0,zupt
1785677101.0250432,65.2778,0,792,592,656.49,163.39,449.52,,0.0,0.0,0.422,0.613,0,zupt
1785677101.0406163,65.2934,0,792,592,656.49,163.39,449.52,,0.0178,0.1357,0.422,0.615,0,zupt
1785677101.056491,65.3092,0,792,592,656.49,163.39,449.52,,0.0,0.0,0.422,0.615,0,zupt
1785677101.073725,65.3265,0,792,592,656.49,163.39,449.52,,0.0,0.0,0.422,0.615,0,zupt
1785677101.0910754,65.3438,0,792,592,656.49,163.39,449.52,,0.1149,0.1286,0.424,0.618,0,zupt
1785677101.106796,65.3595,0,792,592,656.49,163.39,449.52,,0.0,0.0,0.424,0.618,0,zupt
1785677101.122732,65.3755,0,792,592,656.49,163.39,449.52,,0.0118,0.1065,0.424,0.619,0,zupt
1785677101.1393166,65.3921,0,792,592,656.49,163.39,449.52,,0.0,0.0,0.424,0.619,0,zupt
1785677101.155971,65.4087,0,792,592,656.49,163.39,449.52,,0.0,0.0,0.424,0.619,0,zupt
1785677101.1716714,65.4244,0,792,592,656.49,163.39,449.52,,0.002,0.1062,0.424,0.621,0,zupt
1785677101.1882958,65.441,0,792,592,656.49,163.39,449.52,,0.0,0.0,0.424,0.621,0,zupt
1785677101.2047951,65.4575,0,792,592,656.49,163.39,449.52,,-0.035,0.0883,0.424,0.622,0,zupt
1785677101.221379,65.4741,0,792,592,656.49,163.39,449.52,,0.0,0.0,0.424,0.622,0,zupt
1785677101.2381158,65.4909,0,792,592,656.49,163.39,449.52,,0.0,0.0,0.424,0.622,0,zupt
1785677101.254006,65.5067,0,792,592,656.49,163.39,449.52,,-0.0096,0.1315,0.424,0.625,0,zupt
1785677101.27005,65.5228,0,792,592,656.49,163.39,449.52,,0.0,0.0,0.424,0.625,0,zupt
1785677101.2857127,65.5384,0,792,592,656.49,163.39,449.52,,-0.0263,0.1279,0.423,0.627,0,zupt
1785677101.3025134,65.5552,0,792,592,656.49,163.39,449.52,,0.0,0.0,0.423,0.627,0,zupt
1785677101.319469,65.5722,0,792,592,656.49,163.39,449.52,,0.0011,0.0882,0.423,0.628,0,zupt
1785677101.336218,65.589,0,792,592,656.49,163.39,449.52,,0.0,0.0,0.423,0.628,0,zupt
1785677101.3528435,65.6056,0,792,592,656.49,163.39,449.52,,0.0,0.0,0.423,0.628,0,zupt
1785677101.3691683,65.6219,0,792,592,656.49,163.39,449.52,,0.0139,0.1142,0.423,0.63,0,zupt
1785677101.3850036,65.6377,0,792,592,656.49,163.39,449.52,,0.0,0.0,0.423,0.63,0,zupt
1785677101.4006386,65.6534,0,792,592,656.49,163.39,449.52,,0.0,0.0,0.423,0.63,0,zupt
1785677101.417549,65.6703,0,792,592,656.49,163.39,449.52,,0.1356,-0.0018,0.426,0.63,0,zupt
1785677101.43473,65.6875,0,792,592,656.49,163.39,449.52,,0.0,0.0,0.426,0.63,0,zupt
1785677101.4518554,65.7046,0,792,592,656.49,163.39,449.52,,0.0998,0.0074,0.427,0.63,0,zupt
1785677101.4679227,65.7207,0,792,592,656.49,163.39,449.52,,0.0,0.0,0.427,0.63,0,zupt
1785677101.4837804,65.7365,0,792,592,656.49,163.39,449.52,,0.0,0.0,0.427,0.63,0,zupt
1785677101.4995284,65.7523,0,792,592,656.49,163.39,449.52,,0.0428,-0.0383,0.428,0.629,0,zupt
1785677101.5165267,65.7693,0,792,592,656.49,163.39,449.52,,0.0,0.0,0.428,0.629,0,zupt
1785677101.5336978,65.7864,0,792,592,656.49,163.39,449.52,,0.0,0.0,0.428,0.629,0,zupt
1785677101.5505638,65.8033,0,792,592,656.49,163.39,449.52,,0.0,0.0,0.428,0.629,0,zupt
1785677101.5679388,65.8207,0,792,592,656.49,163.39,449.52,,0.0644,-0.5399,0.429,0.62,0,zupt
1785677101.584006,65.8367,0,792,592,656.49,163.39,449.52,,0.0,0.0,0.429,0.62,0,zupt
1785677101.6002944,65.853,0,792,592,656.49,163.39,449.52,,0.0,0.0,0.429,0.62,0,zupt
1785677101.6179729,65.8707,0,792,592,656.49,163.39,449.52,,0.0,0.0,0.429,0.62,0,zupt
1785677101.6336546,65.8864,0,792,592,656.49,163.39,449.52,,0.4368,-1.3008,0.436,0.6,0,zupt
1785677101.6510525,65.9038,0,792,592,656.49,163.39,449.52,,0.0,0.0,0.436,0.6,0,zupt
1785677101.666751,65.9195,0,792,592,656.49,163.39,449.52,,0.0,0.0,0.436,0.6,0,zupt
1785677101.6832004,65.9359,0,792,592,656.49,163.39,449.52,,-0.0111,-1.11,0.436,0.581,0,zupt
1785677101.7004623,65.9532,0,792,592,656.49,163.39,449.52,,0.0,0.0,0.436,0.581,0,zupt
1785677101.717055,65.9698,0,792,592,656.49,163.39,449.52,,0.0,0.0,0.436,0.581,0,zupt
1785677101.733693,65.9864,0,792,592,656.49,163.39,449.52,,0.0,0.0,0.436,0.581,0,zupt
1785677101.7505672,66.0033,0,792,592,656.49,163.39,449.52,,0.0,0.0,0.436,0.581,0,zupt
1785677101.767963,66.0207,0,792,592,656.49,163.39,449.52,,0.0,0.0,0.436,0.581,0,zupt
1785677101.784492,66.0372,0,792,592,656.49,163.39,449.52,,0.0,0.0,0.436,0.581,0,zupt
1785677101.80198,66.0547,0,792,592,656.49,163.39,449.52,,0.0,0.0,0.436,0.581,0,zupt
1785677101.8184304,66.0712,0,792,592,656.49,163.39,449.52,,0.0,0.0,0.436,0.581,0,zupt
1785677101.8359265,66.0887,0,792,592,656.49,163.39,449.52,,0.0,0.0,0.436,0.581,0,zupt
1785677101.8516068,66.1043,0,792,592,656.49,163.39,449.52,,0.0,0.0,0.436,0.581,0,zupt
1785677101.8686318,66.1214,0,792,592,656.49,163.39,449.52,,0.0,0.0,0.436,0.581,0,zupt
1785677101.8854184,66.1382,0,792,592,656.49,163.39,449.52,,0.0,0.0,0.436,0.581,0,zupt
1785677101.9027727,66.1555,0,792,592,656.49,163.39,449.52,,0.0,0.0,0.436,0.581,0,zupt
1785677101.9185245,66.1713,0,792,592,656.49,163.39,449.52,,0.0,0.0,0.436,0.581,0,zupt
1785677101.9359357,66.1887,0,792,592,656.49,163.39,449.52,,0.0,0.0,0.436,0.581,0,zupt
1785677101.95179,66.2045,0,792,592,656.49,163.39,449.52,,0.0,0.0,0.436,0.581,0,zupt
1785677101.967843,66.2206,0,792,592,656.49,163.39,449.52,,0.0,0.0,0.436,0.581,0,zupt
1785677101.9845357,66.2373,0,792,592,656.49,163.39,449.52,,0.0,0.0,0.436,0.581,0,zupt
1785677102.0018213,66.2546,0,792,592,656.49,163.39,449.52,,0.0,0.0,0.436,0.581,0,zupt
1785677102.017632,66.2704,0,792,592,656.49,163.39,449.52,,0.0,0.0,0.436,0.581,0,zupt
1785677102.0351992,66.2879,0,792,592,656.49,163.39,449.52,,0.0,0.0,0.436,0.581,0,zupt
1785677102.0507965,66.3035,0,792,592,656.49,163.39,449.52,,0.0,0.0,0.436,0.581,0,zupt
1785677102.0666335,66.3194,0,792,592,656.49,163.39,449.52,,0.0,0.0,0.436,0.581,0,zupt
1785677102.0841396,66.3369,0,792,592,656.49,163.39,449.52,,0.0,0.0,0.436,0.581,0,zupt
1785677102.099826,66.3526,0,792,592,656.49,163.39,449.52,,0.0,0.0,0.436,0.581,0,zupt
1785677102.1154933,66.3682,0,792,592,656.49,163.39,449.52,,0.0,0.0,0.436,0.581,0,zupt
1785677102.1321132,66.3848,0,792,592,656.49,163.39,449.52,,0.0,0.0,0.436,0.581,0,zupt
1785677102.1479616,66.4007,0,792,592,656.49,163.39,449.52,,0.0,0.0,0.436,0.581,0,zupt
1785677102.163759,66.4165,0,792,592,656.49,163.39,449.52,,0.0,0.0,0.436,0.581,0,zupt
1785677102.18105,66.4338,0,792,592,656.49,163.39,449.52,,0.0,0.0,0.436,0.581,0,zupt
1785677102.1973972,66.4501,0,792,592,656.49,163.39,449.52,,0.0,0.0,0.436,0.581,0,zupt
1785677102.2144125,66.4671,0,792,592,656.49,163.39,449.52,,0.0,0.0,0.436,0.581,0,zupt
1785677102.231807,66.4845,0,792,592,656.49,163.39,449.52,,0.0,0.0,0.436,0.581,0,zupt
1785677102.248385,66.5011,0,792,592,656.49,163.39,449.52,,0.0,0.0,0.436,0.581,0,zupt
1785677102.2650356,66.5178,0,792,592,656.49,163.39,449.52,,0.0,0.0,0.436,0.581,0,zupt
1785677102.2816477,66.5344,0,792,592,656.49,163.39,449.52,,0.0,0.0,0.436,0.581,0,zupt
1785677102.298702,66.5514,0,792,592,656.49,163.39,449.52,,0.0,0.0,0.436,0.581,0,zupt
1785677102.3157527,66.5685,0,792,592,656.49,163.39,449.52,,0.0,0.0,0.436,0.581,0,zupt
1785677102.3327973,66.5855,0,792,592,656.49,163.39,449.52,,0.0,0.0,0.436,0.581,0,zupt
1785677102.3487751,66.6015,0,792,592,656.49,163.39,449.52,,0.0,0.0,0.436,0.581,0,zupt
1785677102.3646872,66.6174,0,792,592,656.49,163.39,449.52,,0.0,0.0,0.436,0.581,0,zupt
1785677102.3815145,66.6343,0,792,592,656.49,163.39,449.52,,0.0,0.0,0.436,0.581,0,zupt
1785677102.3981233,66.6509,0,792,592,656.49,163.39,449.52,,0.0,0.0,0.436,0.581,0,zupt
1785677102.4140334,66.6668,0,792,592,656.49,163.39,449.52,,0.0,0.0,0.436,0.581,0,zupt
1785677102.4298792,66.6826,0,792,592,656.49,163.39,449.52,,0.0,0.0,0.436,0.581,0,zupt
1785677102.446086,66.6988,0,792,592,656.49,163.39,449.52,,0.0,0.0,0.436,0.581,0,zupt
1785677102.461751,66.7145,0,792,592,656.49,163.39,449.52,,0.0,0.0,0.436,0.581,0,zupt
1785677102.4780412,66.7308,0,792,592,656.49,163.39,449.52,,0.0,0.0,0.436,0.581,0,zupt
1785677102.4942338,66.747,0,792,592,656.49,163.39,449.52,,0.0,0.0,0.436,0.581,0,zupt
1785677102.5106406,66.7634,0,792,592,656.49,163.39,449.52,,0.0,0.0,0.436,0.581,0,zupt
1785677102.5281584,66.7809,0,792,592,656.49,163.39,449.52,,0.0,0.0,0.436,0.581,0,zupt
1785677102.5439222,66.7967,0,792,592,656.49,163.39,449.52,,0.0,0.0,0.436,0.581,0,zupt
1785677102.559844,66.8126,0,792,592,656.49,163.39,449.52,,0.0,0.0,0.436,0.581,0,zupt
1785677102.5760894,66.8288,0,792,592,656.49,163.39,449.52,,0.0,0.0,0.436,0.581,0,zupt
1785677102.5928082,66.8455,0,792,592,656.49,163.39,449.52,,0.0,0.0,0.436,0.581,0,zupt
1785677102.6085055,66.8612,0,792,592,656.49,163.39,449.52,,0.0,0.0,0.436,0.581,0,zupt
1785677102.6254332,66.8782,0,792,592,656.49,163.39,449.52,,0.0,0.0,0.436,0.581,0,zupt
1785677102.6430035,66.8957,0,792,592,656.49,163.39,449.52,,0.0,0.0,0.436,0.581,0,zupt
1785677102.6590188,66.9118,0,792,592,656.49,163.39,449.52,,0.0,0.0,0.436,0.581,0,zupt
1785677102.6753285,66.9281,0,792,592,656.49,163.39,449.52,,0.0,0.0,0.436,0.581,0,zupt
1785677102.6919446,66.9447,0,792,592,656.49,163.39,449.52,,0.0,0.0,0.436,0.581,0,zupt
1785677102.7077103,66.9604,0,792,592,656.49,163.39,449.52,,0.0,0.0,0.436,0.581,0,zupt
1785677102.7239087,66.9766,0,792,592,656.49,163.39,449.52,,0.0,0.0,0.436,0.581,0,zupt
1785677102.739548,66.9923,0,792,592,656.49,163.39,449.52,,0.0,0.0,0.436,0.581,0,zupt
1785677102.756351,67.0091,0,792,592,656.49,163.39,449.52,,0.1383,-0.8413,0.438,0.567,0,zupt
1785677102.7737544,67.0265,0,792,592,656.49,163.39,449.52,,0.0,0.0,0.438,0.567,0,zupt
1785677102.789893,67.0426,0,792,592,656.49,163.39,449.52,,0.0,0.0,0.438,0.567,0,zupt
1785677102.805874,67.0586,0,792,592,656.49,163.39,449.52,,-0.0194,-0.817,0.438,0.554,0,zupt
1785677102.8215234,67.0743,0,792,592,656.49,163.39,449.52,,0.0,0.0,0.438,0.554,0,zupt
1785677102.8387187,67.0915,0,792,592,656.49,163.39,449.52,,0.0787,-0.7481,0.439,0.541,0,zupt
1785677102.8557067,67.1084,0,792,592,656.49,163.39,449.52,,0.0,0.0,0.439,0.541,0,zupt
1785677102.8713946,67.1241,0,792,592,656.49,163.39,449.52,,0.0,0.0,0.439,0.541,0,zupt
1785677102.8888257,67.1416,0,792,592,656.49,163.39,449.52,,0.2906,-0.6729,0.444,0.53,0,zupt
1785677102.905188,67.1579,0,792,592,656.49,163.39,449.52,,0.0,0.0,0.444,0.53,0,zupt
1785677102.9230084,67.1757,0,792,592,656.49,163.39,449.52,,0.0,0.0,0.444,0.53,0,zupt
1785677102.9394212,67.1922,0,792,592,656.49,163.39,449.52,,0.17,-0.7566,0.447,0.517,0,zupt
1785677102.9561625,67.2089,0,792,592,656.49,163.39,449.52,,0.0,0.0,0.447,0.517,0,zupt
1785677102.971799,67.2245,0,792,592,656.49,163.39,449.52,,0.0,0.0,0.447,0.517,0,zupt
1785677102.9885418,67.2413,0,792,592,656.49,163.39,449.52,,0.0,0.0,0.447,0.517,0,zupt
1785677103.0058334,67.2586,0,792,592,656.49,163.39,449.52,,0.0492,-0.7859,0.448,0.504,0,zupt
1785677103.0230603,67.2758,0,792,592,656.49,163.39,449.52,,0.0,0.0,0.448,0.504,0,zupt
1785677103.0395164,67.2923,0,792,592,656.49,163.39,449.52,,0.0,0.0,0.448,0.504,0,zupt
1785677103.056661,67.3094,0,792,592,656.49,163.39,449.52,,0.0,0.0,0.448,0.504,0,zupt
1785677103.0737972,67.3265,0,792,592,656.49,163.39,449.52,,-0.007,-0.7787,0.448,0.49,0,zupt
1785677103.0911336,67.3439,0,792,592,656.49,163.39,449.52,,0.0,0.0,0.448,0.49,0,zupt
1785677103.106703,67.3594,0,792,592,656.49,163.39,449.52,,0.0,0.0,0.448,0.49,0,zupt
1785677103.123162,67.3759,0,792,592,656.49,163.39,449.52,,0.0,0.0,0.448,0.49,0,zupt
1785677103.138831,67.3916,0,792,592,656.49,163.39,449.52,,-0.0786,-0.7124,0.447,0.479,0,zupt
1785677103.1560137,67.4087,0,792,592,656.49,163.39,449.52,,0.0,0.0,0.447,0.479,0,zupt
1785677103.171933,67.4247,0,792,592,656.49,163.39,449.52,,0.0,0.0,0.447,0.479,0,zupt
1785677103.1881711,67.4409,0,792,592,656.49,163.39,449.52,,0.0805,-0.836,0.448,0.465,0,zupt
1785677103.2048717,67.4576,0,792,592,656.49,163.39,449.52,,0.0,0.0,0.448,0.465,0,zupt
1785677103.2208102,67.4735,0,792,592,656.49,163.39,449.52,,0.1713,-0.9869,0.451,0.45,0,zupt
1785677103.2380714,67.4908,0,792,592,656.49,163.39,449.52,,0.0,0.0,0.451,0.45,0,zupt
1785677103.2540681,67.5068,0,792,592,656.49,163.39,449.52,,0.0,0.0,0.451,0.45,0,zupt
1785677103.2702858,67.523,0,792,592,656.49,163.39,449.52,,0.0853,-0.9206,0.452,0.435,0,zupt
1785677103.287924,67.5407,0,792,592,656.49,163.39,449.52,,0.0,0.0,0.452,0.435,0,zupt
1785677103.3037715,67.5565,0,792,592,656.49,163.39,449.52,,0.107,-0.9714,0.454,0.419,0,zupt
1785677103.3196063,67.5723,0,792,592,656.49,163.39,449.52,,0.0,0.0,0.454,0.419,0,zupt
1785677103.3371065,67.5898,0,792,592,656.49,163.39,449.52,,0.2221,-0.9417,0.458,0.403,0,zupt
1785677103.35278,67.6055,0,792,592,656.49,163.39,449.52,,0.0,0.0,0.458,0.403,0,zupt
1785677103.3684757,67.6212,0,792,592,656.49,163.39,449.52,,0.1494,-0.7536,0.46,0.391,0,zupt
1785677103.3848863,67.6376,0,792,592,656.49,163.39,449.52,,0.0,0.0,0.46,0.391,0,zupt
1785677103.4011104,67.6538,0,792,592,656.49,163.39,449.52,,0.0,0.0,0.46,0.391,0,zupt
1785677103.416784,67.6695,0,792,592,656.49,163.39,449.52,,-0.018,-0.7681,0.46,0.379,0,zupt
1785677103.4328744,67.6856,0,792,592,656.49,163.39,449.52,,0.0,0.0,0.46,0.379,0,zupt
1785677103.448896,67.7016,0,792,592,656.49,163.39,449.52,,-0.0081,-0.7289,0.459,0.367,0,zupt
1785677103.4654675,67.7182,0,792,592,656.49,163.39,449.52,,0.0,0.0,0.459,0.367,0,zupt
1785677103.4826148,67.7354,0,792,592,656.49,163.39,449.52,,0.0,0.0,0.459,0.367,0,zupt
1785677103.4992514,67.752,0,792,592,656.49,163.39,449.52,,0.1726,-0.7845,0.462,0.354,0,zupt
1785677103.5147517,67.7675,0,792,592,656.49,163.39,449.52,,0.0,0.0,0.462,0.354,0,zupt
1785677103.531996,67.7847,0,792,592,656.49,163.39,449.52,,0.2713,-0.8048,0.467,0.34,0,zupt
1785677103.547644,67.8004,0,792,592,656.49,163.39,449.52,,0.0,0.0,0.467,0.34,0,zupt
1785677103.5645766,67.8173,0,792,592,656.49,163.39,449.52,,0.0,0.0,0.467,0.34,0,zupt
1785677103.581657,67.8344,0,792,592,656.49,163.39,449.52,,-0.0077,-0.7513,0.467,0.328,0,zupt
1785677103.5986953,67.8514,0,792,592,656.49,163.39,449.52,,0.0,0.0,0.467,0.328,0,zupt
1785677103.615401,67.8681,0,792,592,656.49,163.39,449.52,,0.0136,-0.4699,0.467,0.32,0,zupt
1785677103.6328714,67.8856,0,792,592,656.49,163.39,449.52,,0.0,0.0,0.467,0.32,0,zupt
1785677103.648616,67.9014,0,792,592,656.49,163.39,449.52,,0.0,0.0,0.467,0.32,0,zupt
1785677103.665802,67.9185,0,792,592,656.49,163.39,449.52,,0.0238,-0.1558,0.468,0.317,0,zupt
1785677103.681517,67.9343,0,792,592,656.49,163.39,449.52,,0.0,0.0,0.468,0.317,0,zupt
1785677103.6980078,67.9507,0,792,592,656.49,163.39,449.52,,0.0,0.0,0.468,0.317,0,zupt
1785677103.714081,67.9668,0,792,592,656.49,163.39,449.52,,0.0,0.0,0.468,0.317,0,zupt
1785677103.729926,67.9827,0,792,592,656.49,163.39,449.52,,-0.3078,0.5869,0.463,0.326,0,zupt
1785677103.7462864,67.999,0,792,592,656.49,163.39,449.52,,0.0,0.0,0.463,0.326,0,zupt
1785677103.7628224,68.0156,0,792,592,656.49,163.39,449.52,,0.0,0.0,0.463,0.326,0,zupt
1785677103.7792466,68.032,0,792,592,656.49,163.39,449.52,,0.0,0.0,0.463,0.326,0,zupt
1785677103.7962172,68.049,0,792,592,656.49,163.39,449.52,,0.0,0.0,0.463,0.326,0,zupt
1785677103.8119285,68.0647,0,792,592,656.49,163.39,449.52,,0.0435,2.4494,0.463,0.365,0,zupt
1785677103.8277376,68.0805,0,792,592,656.49,163.39,449.52,,0.0,0.0,0.463,0.365,0,zupt
1785677103.8447104,68.0974,0,792,592,656.49,163.39,449.52,,0.0,0.0,0.463,0.365,0,zupt
1785677103.8608706,68.1136,0,792,592,656.49,163.39,449.52,,0.0,0.0,0.463,0.365,0,zupt
1785677103.876663,68.1294,0,792,592,656.49,163.39,449.52,,0.0,0.0,0.463,0.365,0,zupt
1785677103.8939629,68.1467,0,792,592,656.49,163.39,449.52,,0.0,0.0,0.463,0.365,0,zupt
1785677103.9103854,68.1631,0,792,592,656.49,163.39,449.52,,0.0,0.0,0.463,0.365,0,zupt
1785677103.9277265,68.1805,0,792,592,656.49,163.39,449.52,,0.0,0.0,0.463,0.365,0,zupt
1785677103.9434724,68.1962,0,792,592,656.49,163.39,449.52,,0.0,0.0,0.463,0.365,0,zupt
1785677103.961053,68.2138,0,792,592,656.49,163.39,449.52,,0.0,0.0,0.463,0.365,0,zupt
1785677103.976958,68.2297,0,792,592,656.49,163.39,449.52,,0.0,0.0,0.463,0.365,0,zupt
1785677103.9928718,68.2456,0,792,592,656.49,163.39,449.52,,0.0,0.0,0.463,0.365,0,zupt
1785677104.009088,68.2618,0,792,592,656.49,163.39,449.52,,0.0,0.0,0.463,0.365,0,zupt
1785677104.0253875,68.2781,0,792,592,656.49,163.39,449.52,,0.0,0.0,0.463,0.365,0,zupt
1785677104.0422885,68.295,0,792,592,656.49,163.39,449.52,,0.0,0.0,0.463,0.365,0,zupt
1785677104.0590863,68.3118,0,792,592,656.49,163.39,449.52,,0.0,0.0,0.463,0.365,0,zupt
1785677104.0748718,68.3276,0,792,592,656.49,163.39,449.52,,0.0,0.0,0.463,0.365,0,zupt
1785677104.0905704,68.3433,0,792,592,656.49,163.39,449.52,,0.0,0.0,0.463,0.365,0,zupt
1785677104.1079311,68.3607,0,792,592,656.49,163.39,449.52,,0.0,0.0,0.463,0.365,0,zupt
1785677104.1236584,68.3764,0,792,592,656.49,163.39,449.52,,0.0,0.0,0.463,0.365,0,zupt
1785677104.1403983,68.3931,0,792,592,656.49,163.39,449.52,,0.0,0.0,0.463,0.365,0,zupt
1785677104.1572359,68.41,0,792,592,656.49,163.39,449.52,,0.0,0.0,0.463,0.365,0,zupt
1785677104.1740189,68.4268,0,792,592,656.49,163.39,449.52,,0.0,0.0,0.463,0.365,0,zupt
1785677104.1897123,68.4424,0,792,592,656.49,163.39,449.52,,0.0,0.0,0.463,0.365,0,zupt
1785677104.2068043,68.4595,0,792,592,656.49,163.39,449.52,,0.0,0.0,0.463,0.365,0,zupt
1785677104.2223294,68.4751,0,792,592,656.49,163.39,449.52,,0.0,0.0,0.463,0.365,0,zupt
1785677104.2388706,68.4916,0,792,592,656.49,163.39,449.52,,0.0,0.0,0.463,0.365,0,zupt
1785677104.255567,68.5083,0,792,592,656.49,163.39,449.52,,0.0,0.0,0.463,0.365,0,zupt
1785677104.272539,68.5253,0,792,592,656.49,163.39,449.52,,0.0,0.0,0.463,0.365,0,zupt
1785677104.2900817,68.5428,0,792,592,656.49,163.39,449.52,,0.0,0.0,0.463,0.365,0,zupt
1785677104.3061335,68.5589,0,792,592,656.49,163.39,449.52,,0.0,0.0,0.463,0.365,0,zupt
1785677104.3226533,68.5754,0,792,592,656.49,163.39,449.52,,0.0,0.0,0.463,0.365,0,zupt
1785677104.3393323,68.5921,0,792,592,656.49,163.39,449.52,,0.0,0.0,0.463,0.365,0,zupt
1785677104.3560536,68.6088,0,792,592,656.49,163.39,449.52,,0.0,0.0,0.463,0.365,0,zupt
1785677104.3718407,68.6246,0,792,592,656.49,163.39,449.52,,0.0,0.0,0.463,0.365,0,zupt
1785677104.3878653,68.6406,0,792,592,656.49,163.39,449.52,,0.0,0.0,0.463,0.365,0,zupt
1785677104.4036772,68.6564,0,792,592,656.49,163.39,449.52,,0.0,0.0,0.463,0.365,0,zupt
1785677104.4203045,68.673,0,792,592,656.49,163.39,449.52,,0.0,0.0,0.463,0.365,0,zupt
1785677104.4370859,68.6898,0,792,592,656.49,163.39,449.52,,0.0,0.0,0.463,0.365,0,zupt
1785677104.452832,68.7056,0,792,592,656.49,163.39,449.52,,0.0,0.0,0.463,0.365,0,zupt
1785677104.468653,68.7214,0,792,592,656.49,163.39,449.52,,0.0,0.0,0.463,0.365,0,zupt
1785677104.4853992,68.7381,0,792,592,656.49,163.39,449.52,,0.0,0.0,0.463,0.365,0,zupt
1785677104.5019848,68.7547,0,792,592,656.49,163.39,449.52,,0.0,0.0,0.463,0.365,0,zupt
1785677104.5178142,68.7706,0,792,592,656.49,163.39,449.52,,0.0,0.0,0.463,0.365,0,zupt
1785677104.5352101,68.7879,0,792,592,656.49,163.39,449.52,,0.0,0.0,0.463,0.365,0,zupt
1785677104.5527196,68.8055,0,792,592,656.49,163.39,449.52,,0.0,0.0,0.463,0.365,0,zupt
1785677104.5693426,68.8221,0,792,592,656.49,163.39,449.52,,0.0,0.0,0.463,0.365,0,zupt
1785677104.5861366,68.8389,0,792,592,656.49,163.39,449.52,,0.0,0.0,0.463,0.365,0,zupt
1785677104.6017091,68.8544,0,792,592,656.49,163.39,449.52,,0.0,0.0,0.463,0.365,0,zupt
1785677104.6183488,68.8711,0,792,592,656.49,163.39,449.52,,0.0,0.0,0.463,0.365,0,zupt
1785677104.635166,68.8879,0,792,592,656.49,163.39,449.52,,0.0,0.0,0.463,0.365,0,zupt
1785677104.6506858,68.9034,0,792,592,656.49,163.39,449.52,,0.0,0.0,0.463,0.365,0,zupt
1785677104.6680238,68.9208,0,792,592,656.49,163.39,449.52,,0.0,0.0,0.463,0.365,0,zupt
1785677104.6836984,68.9364,0,792,592,656.49,163.39,449.52,,0.0,0.0,0.463,0.365,0,zupt
1785677104.7003314,68.9531,0,792,592,656.49,163.39,449.52,,0.0,0.0,0.463,0.365,0,zupt
1785677104.7170935,68.9698,0,792,592,656.49,163.39,449.52,,0.0,0.0,0.463,0.365,0,zupt
1785677104.7328236,68.9856,0,792,592,656.49,163.39,449.52,,0.0,0.0,0.463,0.365,0,zupt
1785677104.7487752,69.0015,0,792,592,656.49,163.39,449.52,,0.0,0.0,0.463,0.365,0,zupt
1785677104.7644398,69.0172,0,792,592,656.49,163.39,449.52,,0.0,0.0,0.463,0.365,0,zupt
1785677104.7818224,69.0346,0,792,592,656.49,163.39,449.52,,0.0,0.0,0.463,0.365,0,zupt
1785677104.79826,69.051,0,792,592,656.49,163.39,449.52,,0.0,0.0,0.463,0.365,0,zupt
1785677104.8155,69.0682,0,792,592,656.49,163.39,449.52,,0.0,0.0,0.463,0.365,0,zupt
1785677104.832818,69.0856,0,792,592,656.49,163.39,449.52,,0.0,0.0,0.463,0.365,0,zupt
1785677104.8487542,69.1015,0,792,592,656.49,163.39,449.52,,0.0,0.0,0.463,0.365,0,zupt
1785677104.865103,69.1178,0,792,592,656.49,163.39,449.52,,-0.6817,-1.0815,0.452,0.347,0,zupt
1785677104.8812728,69.134,0,792,592,656.49,163.39,449.52,,0.0,0.0,0.452,0.347,0,zupt
1785677104.8980863,69.1508,0,792,592,656.49,163.39,449.52,,0.0,0.0,0.452,0.347,0,zupt
1785677104.9140112,69.1667,0,792,592,656.49,163.39,449.52,,-0.5762,-0.867,0.443,0.333,0,zupt
1785677104.93051,69.1832,0,792,592,656.49,163.39,449.52,,0.0,0.0,0.443,0.333,0,zupt
1785677104.9479656,69.2007,0,792,592,656.49,163.39,449.52,,0.9154,-0.7647,0.459,0.32,0,zupt
1785677104.9635453,69.2163,0,792,592,656.49,163.39,449.52,,0.0,0.0,0.459,0.32,0,zupt
1785677104.9808784,69.2336,0,792,592,656.49,163.39,449.52,,0.0,0.0,0.459,0.32,0,zupt
1785677104.997055,69.2498,0,792,592,656.49,163.39,449.52,,0.4318,0.4359,0.466,0.327,0,zupt
1785677105.0129557,69.2657,0,792,592,656.49,163.39,449.52,,0.0,0.0,0.466,0.327,0,zupt
1785677105.0286424,69.2814,0,792,592,656.49,163.39,449.52,,0.0,0.0,0.466,0.327,0,zupt
1785677105.045399,69.2981,0,792,592,656.49,163.39,449.52,,3.4818,2.4238,0.524,0.368,0,zupt
1785677105.062002,69.3147,0,792,592,656.49,163.39,449.52,,0.0,0.0,0.524,0.368,0,zupt
1785677105.0776086,69.3303,0,792,592,656.49,163.39,449.52,,-0.467,0.2431,0.517,0.372,0,zupt
1785677105.0949585,69.3477,0,792,592,656.49,163.39,449.52,,0.0,0.0,0.517,0.372,0,zupt
1785677105.1112137,69.3639,0,792,592,656.49,163.39,449.52,,0.0,0.0,0.517,0.372,0,zupt
1785677105.1269422,69.3797,0,792,592,656.49,163.39,449.52,,-1.7952,0.5452,0.489,0.38,0,zupt
1785677105.1425717,69.3953,0,792,592,656.49,163.39,449.52,,0.0,0.0,0.489,0.38,0,zupt
1785677105.159893,69.4126,0,792,592,656.49,163.39,449.52,,0.0,0.0,0.489,0.38,0,zupt
1785677105.1761544,69.4289,0,792,592,656.49,163.39,449.52,,0.0,0.0,0.489,0.38,0,zupt
1785677105.1926925,69.4454,0,792,592,656.49,163.39,449.52,,-0.5625,-0.4054,0.479,0.373,0,zupt
1785677105.21016,69.4629,0,792,592,656.49,163.39,449.52,,0.0,0.0,0.479,0.373,0,zupt
1785677105.2261631,69.4789,0,792,592,656.49,163.39,449.52,,0.0,0.0,0.479,0.373,0,zupt
1785677105.2417896,69.4945,0,792,592,656.49,163.39,449.52,,0.0,0.0,0.479,0.373,0,zupt
1785677105.2576118,69.5103,0,792,592,656.49,163.39,449.52,,0.0,0.0,0.479,0.373,0,zupt
1785677105.2752028,69.5279,0,792,592,656.49,163.39,449.52,,0.1193,0.8008,0.482,0.387,0,zupt
1785677105.2911646,69.5439,0,792,592,656.49,163.39,449.52,,0.0,0.0,0.482,0.387,0,zupt
1785677105.307791,69.5605,0,792,592,656.49,163.39,449.52,,0.0,0.0,0.482,0.387,0,zupt
1785677105.3233237,69.5761,0,792,592,656.49,163.39,449.52,,0.2698,-0.6827,0.486,0.377,0,zupt
1785677105.340836,69.5936,0,792,592,656.49,163.39,449.52,,0.0,0.0,0.486,0.377,0,zupt
1785677105.3572688,69.61,0,792,592,656.49,163.39,449.52,,0.0,0.0,0.486,0.377,0,zupt
1785677105.3738923,69.6266,0,792,592,656.49,163.39,449.52,,-0.5519,-0.7102,0.477,0.365,0,zupt
1785677105.3905091,69.6432,0,792,592,656.49,163.39,449.52,,0.0,0.0,0.477,0.365,0,zupt
1785677105.4080749,69.6608,0,792,592,656.49,163.39,449.52,,-1.4345,-0.6958,0.451,0.353,0,zupt
1785677105.4240212,69.6768,0,792,592,656.49,163.39,449.52,,0.0,0.0,0.451,0.353,0,zupt
1785677105.4405446,69.6933,0,792,592,656.49,163.39,449.52,,-0.7201,-0.1691,0.439,0.35,0,zupt
1785677105.4578905,69.7106,0,792,592,656.49,163.39,449.52,,0.0,0.0,0.439,0.35,0,zupt
1785677105.4734921,69.7262,0,792,592,656.49,163.39,449.52,,0.0,0.0,0.439,0.35,0,zupt
1785677105.490695,69.7434,0,792,592,656.49,163.39,449.52,,0.0414,-0.6274,0.44,0.339,0,zupt
1785677105.5064268,69.7592,0,792,592,656.49,163.39,449.52,,0.0,0.0,0.44,0.339,0,zupt
1785677105.5231936,69.7759,0,792,592,656.49,163.39,449.52,,0.0,0.0,0.44,0.339,0,zupt
1785677105.5389879,69.7917,0,792,592,656.49,163.39,449.52,,-1.3918,1.0139,0.418,0.355,0,zupt
1785677105.554879,69.8076,0,792,592,656.49,163.39,449.52,,0.0,0.0,0.418,0.355,0,zupt
1785677105.5713687,69.8241,0,792,592,656.49,163.39,449.52,,0.5716,-0.3113,0.428,0.35,0,zupt
1785677105.5887508,69.8415,0,792,592,656.49,163.39,449.52,,0.0,0.0,0.428,0.35,0,zupt
1785677105.6061828,69.8589,0,792,592,656.49,163.39,449.52,,0.0,0.0,0.428,0.35,0,zupt
1785677105.6217117,69.8744,0,792,592,656.49,163.39,449.52,,0.9917,-0.2276,0.443,0.347,0,zupt
1785677105.6388512,69.8916,0,792,592,656.49,163.39,449.52,,0.0,0.0,0.443,0.347,0,zupt
1785677105.6549604,69.9077,0,792,592,656.49,163.39,449.52,,0.3227,-0.7323,0.448,0.335,0,zupt
1785677105.6708977,69.9236,0,792,592,656.49,163.39,449.52,,0.0,0.0,0.448,0.335,0,zupt
1785677105.687148,69.9399,0,792,592,656.49,163.39,449.52,,0.0,0.0,0.448,0.335,0,zupt
1785677105.7027082,69.9554,0,792,592,656.49,163.39,449.52,,0.2049,-0.2738,0.451,0.331,0,zupt
1785677105.7194202,69.9722,0,792,592,656.49,163.39,449.52,,0.0,0.0,0.451,0.331,0,zupt
1785677105.7368586,69.9896,0,792,592,656.49,163.39,449.52,,0.0248,0.1895,0.452,0.334,0,zupt
1785677105.7525222,70.0053,0,792,592,656.49,163.39,449.52,,0.0,0.0,0.452,0.334,0,zupt
1785677105.7696621,70.0224,0,792,592,656.49,163.39,449.52,,0.0,0.0,0.452,0.334,0,zupt
1785677105.786896,70.0396,0,792,592,656.49,163.39,449.52,,0.0,0.0,0.452,0.334,0,zupt
1785677105.802767,70.0555,0,792,592,656.49,163.39,449.52,,0.162,-0.023,0.454,0.333,0,zupt
1785677105.8187003,70.0714,0,792,592,656.49,163.39,449.52,,0.0,0.0,0.454,0.333,0,zupt
1785677105.8358397,70.0886,0,792,592,656.49,163.39,449.52,,0.3853,-0.0931,0.461,0.332,0,zupt
1785677105.8514998,70.1042,0,792,592,656.49,163.39,449.52,,0.0,0.0,0.461,0.332,0,zupt
1785677105.868635,70.1214,0,792,592,656.49,163.39,449.52,,0.0,0.0,0.461,0.332,0,zupt
1785677105.8863325,70.1391,0,792,592,656.49,163.39,449.52,,0.1447,-0.1935,0.464,0.328,0,zupt
1785677105.9029415,70.1557,0,792,592,656.49,163.39,449.52,,0.0,0.0,0.464,0.328,0,zupt
1785677105.9185572,70.1713,0,792,592,656.49,163.39,449.52,,0.0,0.0,0.464,0.328,0,zupt
1785677105.93606,70.1888,0,792,592,656.49,163.39,449.52,,0.0,0.0,0.464,0.328,0,zupt
1785677105.9526105,70.2053,0,792,592,656.49,163.39,449.52,,0.0341,0.1049,0.464,0.33,0,zupt
1785677105.9699879,70.2227,0,792,592,656.49,163.39,449.52,,0.0,0.0,0.464,0.33,0,zupt
1785677105.985653,70.2384,0,792,592,656.49,163.39,449.52,,0.0,0.0,0.464,0.33,0,zupt
1785677106.002945,70.2557,0,792,592,656.49,163.39,449.52,,0.0832,0.205,0.466,0.334,0,zupt
1785677106.0191236,70.2719,0,792,592,656.49,163.39,449.52,,0.0,0.0,0.466,0.334,0,zupt
1785677106.0358417,70.2886,0,792,592,656.49,163.39,449.52,,0.0,0.0,0.466,0.334,0,zupt
1785677106.0521064,70.3048,0,792,592,656.49,163.39,449.52,,0.0,0.0,0.466,0.334,0,zupt
1785677106.0679207,70.3207,0,792,592,656.49,163.39,449.52,,0.3297,-0.0728,0.471,0.333,0,zupt
1785677106.083582,70.3363,0,792,592,656.49,163.39,449.52,,0.0,0.0,0.471,0.333,0,zupt
1785677106.1008956,70.3536,0,792,592,656.49,163.39,449.52,,0.0,0.0,0.471,0.333,0,zupt
1785677106.117426,70.3702,0,792,592,656.49,163.39,449.52,,0.2222,-0.1283,0.474,0.33,0,zupt
1785677106.134029,70.3868,0,792,592,656.49,163.39,449.52,,0.0,0.0,0.474,0.33,0,zupt
1785677106.149908,70.4026,0,792,592,656.49,163.39,449.52,,0.2025,0.0402,0.478,0.331,0,zupt
1785677106.165935,70.4187,0,792,592,656.49,163.39,449.52,,0.0,0.0,0.478,0.331,0,zupt
1785677106.181631,70.4344,0,792,592,656.49,163.39,449.52,,0.0,0.0,0.478,0.331,0,zupt
1785677106.1987724,70.4515,0,792,592,656.49,163.39,449.52,,0.1933,0.025,0.481,0.332,0,zupt
1785677106.216806,70.4695,0,792,592,656.49,163.39,449.52,,0.0,0.0,0.481,0.332,0,zupt
1785677106.2326078,70.4853,0,792,592,656.49,163.39,449.52,,0.0,0.0,0.481,0.332,0,zupt
1785677106.2494273,70.5022,0,792,592,656.49,163.39,449.52,,0.2271,-0.1189,0.485,0.33,0,zupt
1785677106.2666247,70.5194,0,792,592,656.49,163.39,449.52,,0.0,0.0,0.485,0.33,0,zupt
1785677106.2840402,70.5368,0,792,592,656.49,163.39,449.52,,0.1803,-0.0193,0.488,0.329,0,zupt
1785677106.3000824,70.5528,0,792,592,656.49,163.39,449.52,,0.0,0.0,0.488,0.329,0,zupt
1785677106.3161259,70.5689,0,792,592,656.49,163.39,449.52,,0.0765,-0.0971,0.489,0.328,0,zupt
1785677106.3326678,70.5854,0,792,592,656.49,163.39,449.52,,0.0,0.0,0.489,0.328,0,zupt
1785677106.3489099,70.6016,0,792,592,656.49,163.39,449.52,,0.0,0.0,0.489,0.328,0,zupt
1785677106.3653474,70.6181,0,792,592,656.49,163.39,449.52,,-0.1444,0.1429,0.487,0.33,0,zupt
1785677106.3827705,70.6355,0,792,592,656.49,163.39,449.52,,0.0,0.0,0.487,0.33,0,zupt
1785677106.39883,70.6516,0,792,592,656.49,163.39,449.52,,0.053,0.0946,0.488,0.332,0,zupt
1785677106.414541,70.6673,0,792,592,656.49,163.39,449.52,,0.0,0.0,0.488,0.332,0,zupt
1785677106.4318576,70.6846,0,792,592,656.49,163.39,449.52,,0.0,0.0,0.488,0.332,0,zupt
1785677106.4480875,70.7008,0,792,592,656.49,163.39,449.52,,0.3634,-0.1552,0.494,0.329,0,zupt
1785677106.4647052,70.7174,0,792,592,656.49,163.39,449.52,,0.0,0.0,0.494,0.329,0,zupt
1785677106.4825783,70.7353,0,792,592,656.49,163.39,449.52,,0.2184,-0.0647,0.497,0.328,0,zupt
1785677106.4991918,70.7519,0,792,592,656.49,163.39,449.52,,0.0,0.0,0.497,0.328,0,zupt
1785677106.5149772,70.7677,0,792,592,656.49,163.39,449.52,,0.0,0.0,0.497,0.328,0,zupt
1785677106.5307171,70.7835,0,792,592,656.49,163.39,449.52,,0.0,0.0,0.497,0.328,0,zupt
1785677106.5476613,70.8004,0,792,592,656.49,163.39,449.52,,0.0,0.0,0.497,0.328,0,zupt
1785677106.564202,70.8169,0,792,592,656.49,163.39,449.52,,0.0,0.0,0.497,0.328,0,zupt
1785677106.580186,70.8329,0,792,592,656.49,163.39,449.52,,0.0,0.0,0.497,0.328,0,zupt
1785677106.5971565,70.8499,0,792,592,656.49,163.39,449.52,,0.0,0.0,0.497,0.328,0,zupt
1785677106.612766,70.8655,0,792,592,656.49,163.39,449.52,,0.0,0.0,0.497,0.328,0,zupt
1785677106.6292515,70.882,0,792,592,656.49,163.39,449.52,,0.0,0.0,0.497,0.328,0,zupt
1785677106.646095,70.8988,0,792,592,656.49,163.39,449.52,,0.0,0.0,0.497,0.328,0,zupt
1785677106.6618507,70.9146,0,792,592,656.49,163.39,449.52,,0.0,0.0,0.497,0.328,0,zupt
1785677106.678396,70.9311,0,792,592,656.49,163.39,449.52,,0.0,0.0,0.497,0.328,0,zupt
1785677106.695964,70.9487,0,792,592,656.49,163.39,449.52,,0.0,0.0,0.497,0.328,0,zupt
1785677106.7125888,70.9653,0,792,592,656.49,163.39,449.52,,0.0,0.0,0.497,0.328,0,zupt
1785677106.729521,70.9823,0,792,592,656.49,163.39,449.52,,0.0957,0.0835,0.499,0.329,0,zupt
1785677106.746368,70.9991,0,792,592,656.49,163.39,449.52,,0.0,0.0,0.499,0.329,0,zupt
1785677106.7628846,71.0156,0,792,592,656.49,163.39,449.52,,0.0,0.0,0.499,0.329,0,zupt
1785677106.7793245,71.0321,0,792,592,656.49,163.39,449.52,,0.0,0.0,0.499,0.329,0,zupt
1785677106.7960494,71.0488,0,792,592,656.49,163.39,449.52,,0.1288,0.1134,0.501,0.331,0,zupt
1785677106.8118155,71.0646,0,792,592,656.49,163.39,449.52,,0.0,0.0,0.501,0.331,0,zupt
1785677106.8281496,71.0809,0,792,592,656.49,163.39,449.52,,0.0,0.0,0.501,0.331,0,zupt
1785677106.8447807,71.0975,0,792,592,656.49,163.39,449.52,,0.0,0.0,0.501,0.331,0,zupt
1785677106.8614163,71.1142,0,792,592,656.49,163.39,449.52,,0.0,0.0,0.501,0.331,0,zupt
1785677106.8788514,71.1316,0,792,592,656.49,163.39,449.52,,0.0,0.0,0.501,0.331,0,zupt
1785677106.8952134,71.1479,0,792,592,656.49,163.39,449.52,,0.0,0.0,0.501,0.331,0,zupt
1785677106.9126995,71.1654,0,792,592,656.49,163.39,449.52,,0.0,0.0,0.501,0.331,0,zupt
1785677106.9296308,71.1824,0,792,592,656.49,163.39,449.52,,0.0,0.0,0.501,0.331,0,zupt
1785677106.946848,71.1996,0,792,592,656.49,163.39,449.52,,0.0,0.0,0.501,0.331,0,zupt
1785677106.9628513,71.2156,0,792,592,656.49,163.39,449.52,,0.0,0.0,0.501,0.331,0,zupt
1785677106.9786258,71.2314,0,792,592,656.49,163.39,449.52,,0.0,0.0,0.501,0.331,0,zupt
1785677106.995567,71.2483,0,792,592,656.49,163.39,449.52,,0.0,0.0,0.501,0.331,0,zupt
1785677107.0126405,71.2654,0,792,592,656.49,163.39,449.52,,0.0,0.0,0.501,0.331,0,zupt
1785677107.0285556,71.2813,0,792,592,656.49,163.39,449.52,,0.0,0.0,0.501,0.331,0,zupt
1785677107.0460806,71.2988,0,792,592,656.49,163.39,449.52,,0.0719,0.1135,0.503,0.333,0,zupt
1785677107.0628278,71.3156,0,792,592,656.49,163.39,449.52,,0.0,0.0,0.503,0.333,0,zupt
1785677107.0797033,71.3324,0,792,592,656.49,163.39,449.52,,0.0,0.0,0.503,0.333,0,zupt
1785677107.0956404,71.3484,0,792,592,656.49,163.39,449.52,,0.1615,0.0984,0.505,0.335,0,zupt
1785677107.1127243,71.3655,0,792,592,656.49,163.39,449.52,,0.0,0.0,0.505,0.335,0,zupt
1785677107.1292949,71.382,0,792,592,656.49,163.39,449.52,,0.1968,0.0076,0.508,0.335,0,zupt
1785677107.1467822,71.3995,0,792,592,656.49,163.39,449.52,,0.0,0.0,0.508,0.335,0,zupt
1785677107.1636736,71.4164,0,792,592,656.49,163.39,449.52,,0.0,0.0,0.508,0.335,0,zupt
1785677107.1810672,71.4338,0,792,592,656.49,163.39,449.52,,0.1073,-0.0371,0.51,0.334,0,zupt
1785677107.1976926,71.4504,0,792,592,656.49,163.39,449.52,,0.0,0.0,0.51,0.334,0,zupt
1785677107.2145464,71.4673,0,792,592,656.49,163.39,449.52,,0.0718,0.0416,0.511,0.335,0,zupt
1785677107.2311623,71.4839,0,792,592,656.49,163.39,449.52,,0.0,0.0,0.511,0.335,0,zupt
1785677107.2468426,71.4996,0,792,592,656.49,163.39,449.52,,0.0,0.0,0.511,0.335,0,zupt
1785677107.2629726,71.5157,0,792,592,656.49,163.39,449.52,,0.0513,0.1296,0.512,0.337,0,zupt
1785677107.2791183,71.5319,0,792,592,656.49,163.39,449.52,,0.0,0.0,0.512,0.337,0,zupt
1785677107.294863,71.5476,0,792,592,656.49,163.39,449.52,,0.1503,0.0932,0.515,0.338,0,zupt
1785677107.3110752,71.5638,0,792,592,656.49,163.39,449.52,,0.0,0.0,0.515,0.338,0,zupt
1785677107.3267057,71.5794,0,792,592,656.49,163.39,449.52,,0.148,-0.0215,0.517,0.338,0,zupt
1785677107.3437476,71.5965,0,792,592,656.49,163.39,449.52,,0.0,0.0,0.517,0.338,0,zupt
1785677107.3604786,71.6132,0,792,592,656.49,163.39,449.52,,0.0,0.0,0.517,0.338,0,zupt
1785677107.3780215,71.6308,0,792,592,656.49,163.39,449.52,,0.0,0.0,0.517,0.338,0,zupt
1785677107.3941789,71.6469,0,792,592,656.49,163.39,449.52,,0.0,0.0,0.517,0.338,0,zupt
1785677107.4101694,71.6629,0,792,592,656.49,163.39,449.52,,0.113,0.0117,0.519,0.338,0,zupt
1785677107.425864,71.6786,0,792,592,656.49,163.39,449.52,,0.0,0.0,0.519,0.338,0,zupt
1785677107.4419277,71.6947,0,792,592,656.49,163.39,449.52,,0.0,0.0,0.519,0.338,0,zupt
1785677107.4577687,71.7105,0,792,592,656.49,163.39,449.52,,0.0,0.0,0.519,0.338,0,zupt
1785677107.473483,71.7262,0,792,592,656.49,163.39,449.52,,0.1568,0.053,0.521,0.339,0,zupt
1785677107.4901643,71.7429,0,792,592,656.49,163.39,449.52,,0.0,0.0,0.521,0.339,0,zupt
1785677107.505767,71.7585,0,792,592,656.49,163.39,449.52,,0.0,0.0,0.521,0.339,0,zupt
1785677107.5227234,71.7755,0,792,592,656.49,163.39,449.52,,0.3548,-0.084,0.527,0.338,0,zupt
1785677107.539194,71.7919,0,792,592,656.49,163.39,449.52,,0.0,0.0,0.527,0.338,0,zupt
1785677107.5547647,71.8075,0,792,592,656.49,163.39,449.52,,0.0,0.0,0.527,0.338,0,zupt
1785677107.5726738,71.8254,0,792,592,656.49,163.39,449.52,,-0.0173,-0.4989,0.527,0.329,0,zupt
1785677107.5891275,71.8419,0,792,592,656.49,163.39,449.52,,0.0,0.0,0.527,0.329,0,zupt
1785677107.6050513,71.8578,0,792,592,656.49,163.39,449.52,,0.0,0.0,0.527,0.329,0,zupt
1785677107.621096,71.8738,0,792,592,656.49,163.39,449.52,,-0.0416,-0.6693,0.526,0.318,0,zupt
1785677107.6373272,71.8901,0,792,592,656.49,163.39,449.52,,0.0,0.0,0.526,0.318,0,zupt
1785677107.6546683,71.9074,0,792,592,656.49,163.39,449.52,,0.0022,0.1748,0.526,0.321,0,zupt
1785677107.6716425,71.9244,0,792,592,656.49,163.39,449.52,,0.0,0.0,0.526,0.321,0,zupt
1785677107.6886027,71.9413,0,792,592,656.49,163.39,449.52,,0.0,0.0,0.526,0.321,0,zupt
1785677107.7059414,71.9587,0,792,592,656.49,163.39,449.52,,-0.2045,0.7456,0.523,0.334,0,zupt
1785677107.7225618,71.9753,0,792,592,656.49,163.39,449.52,,0.0,0.0,0.523,0.334,0,zupt
1785677107.7398024,71.9925,0,792,592,656.49,163.39,449.52,,-0.0321,0.5559,0.522,0.344,0,zupt
1785677107.7564242,72.0092,0,792,592,656.49,163.39,449.52,,0.0,0.0,0.522,0.344,0,zupt
1785677107.7729642,72.0257,0,792,592,656.49,163.39,449.52,,0.0,0.0,0.522,0.344,0,zupt
1785677107.7890327,72.0418,0,792,592,656.49,163.39,449.52,,0.1229,-0.2563,0.524,0.339,0,zupt
1785677107.8050406,72.0578,0,792,592,656.49,163.39,449.52,,0.0,0.0,0.524,0.339,0,zupt
1785677107.821557,72.0743,0,792,592,656.49,163.39,449.52,,-0.0123,-0.3482,0.524,0.334,0,zupt
1785677107.8387406,72.0915,0,792,592,656.49,163.39,449.52,,0.0,0.0,0.524,0.334,0,zupt
1785677107.8547275,72.1075,0,792,592,656.49,163.39,449.52,,0.0,0.0,0.524,0.334,0,zupt
1785677107.8712692,72.124,0,792,592,656.49,163.39,449.52,,-0.3128,0.1253,0.519,0.336,0,zupt
1785677107.8880553,72.1408,0,792,592,656.49,163.39,449.52,,0.0,0.0,0.519,0.336,0,zupt
1785677107.9040558,72.1568,0,792,592,656.49,163.39,449.52,,-0.0671,-0.0407,0.518,0.335,0,zupt
1785677107.9197214,72.1725,0,792,592,656.49,163.39,449.52,,0.0,0.0,0.518,0.335,0,zupt
1785677107.9369779,72.1897,0,792,592,656.49,163.39,449.52,,0.0,0.0,0.518,0.335,0,zupt
1785677107.9527986,72.2055,0,792,592,656.49,163.39,449.52,,0.2437,-0.2207,0.522,0.332,0,zupt
1785677107.9684029,72.2211,0,792,592,656.49,163.39,449.52,,0.0,0.0,0.522,0.332,0,zupt
1785677107.9851308,72.2379,0,792,592,656.49,163.39,449.52,,0.8621,1.2089,0.536,0.352,0,zupt
1785677108.0012553,72.254,0,792,592,656.49,163.39,449.52,,0.0,0.0,0.536,0.352,0,zupt
1785677108.0173278,72.2701,0,792,592,656.49,163.39,449.52,,0.0,0.0,0.536,0.352,0,zupt
1785677108.0345964,72.2873,0,792,592,656.49,163.39,449.52,,1.1145,-0.4448,0.555,0.344,0,zupt
1785677108.0511115,72.3038,0,792,592,656.49,163.39,449.52,,0.0,0.0,0.555,0.344,0,zupt
1785677108.0671756,72.3199,0,792,592,656.49,163.39,449.52,,0.2759,0.2074,0.56,0.348,0,zupt
1785677108.083101,72.3358,0,792,592,656.49,163.39,449.52,,0.0,0.0,0.56,0.348,0,zupt
1785677108.0987415,72.3515,0,792,592,656.49,163.39,449.52,,0.0,0.0,0.56,0.348,0,zupt
1785677108.1156838,72.3684,0,792,592,656.49,163.39,449.52,,0.0,0.0,0.56,0.348,0,zupt
1785677108.1328394,72.3856,0,792,592,656.49,163.39,449.52,,0.3958,-0.0482,0.566,0.347,0,zupt
1785677108.1488109,72.4015,0,792,592,656.49,163.39,449.52,,0.0,0.0,0.566,0.347,0,zupt
1785677108.164871,72.4176,0,792,592,656.49,163.39,449.52,,0.0,0.0,0.566,0.347,0,zupt
1785677108.1806898,72.4334,0,792,592,656.49,163.39,449.52,,0.0,0.0,0.566,0.347,0,zupt
1785677108.1975627,72.4503,0,792,592,656.49,163.39,449.52,,-0.0662,-0.0766,0.565,0.345,0,zupt
1785677108.214959,72.4677,0,792,592,656.49,163.39,449.52,,0.0,0.0,0.565,0.345,0,zupt
1785677108.2305496,72.4833,0,792,592,656.49,163.39,449.52,,0.0,0.0,0.565,0.345,0,zupt
1785677108.2475648,72.5003,0,792,592,656.49,163.39,449.52,,0.0,0.0,0.565,0.345,0,zupt
1785677108.2650142,72.5178,0,792,592,656.49,163.39,449.52,,0.1384,0.1458,0.568,0.348,0,zupt
1785677108.2810628,72.5338,0,792,592,656.49,163.39,449.52,,0.0,0.0,0.568,0.348,0,zupt
1785677108.2971125,72.5498,0,792,592,656.49,163.39,449.52,,0.2137,-0.3375,0.571,0.343,0,zupt
1785677108.312683,72.5654,0,792,592,656.49,163.39,449.52,,0.0,0.0,0.571,0.343,0,zupt
1785677108.3302264,72.583,0,792,592,656.49,163.39,449.52,,0.0,0.0,0.571,0.343,0,zupt
1785677108.346794,72.5995,0,792,592,656.49,163.39,449.52,,-0.4634,0.152,0.564,0.345,0,zupt
1785677108.3625453,72.6153,0,792,592,656.49,163.39,449.52,,0.0,0.0,0.564,0.345,0,zupt
1785677108.3799703,72.6327,0,792,592,656.49,163.39,449.52,,0.7595,-0.116,0.577,0.343,0,zupt
1785677108.3956695,72.6484,0,792,592,656.49,163.39,449.52,,0.0,0.0,0.577,0.343,0,zupt
1785677108.4126954,72.6654,0,792,592,656.49,163.39,449.52,,-0.5392,0.0623,0.568,0.344,0,zupt
1785677108.4291754,72.6819,0,792,592,656.49,163.39,449.52,,0.0,0.0,0.568,0.344,0,zupt
1785677108.4460657,72.6988,0,792,592,656.49,163.39,449.52,,0.0,0.0,0.568,0.344,0,zupt
1785677108.461695,72.7144,0,792,592,656.49,163.39,449.52,,0.5711,0.1918,0.576,0.347,0,zupt
1785677108.4791434,72.7319,0,792,592,656.49,163.39,449.52,,0.0,0.0,0.576,0.347,0,zupt
1785677108.4949365,72.7477,0,792,592,656.49,163.39,449.52,,-0.5094,-0.1271,0.568,0.345,0,zupt
1785677108.5112996,72.764,0,792,592,656.49,163.39,449.52,,0.0,0.0,0.568,0.345,0,zupt
1785677108.527835,72.7806,0,792,592,656.49,163.39,449.52,,0.0,0.0,0.568,0.345,0,zupt
1785677108.543374,72.7961,0,792,592,656.49,163.39,449.52,,0.286,0.0724,0.573,0.346,0,zupt
1785677108.5601046,72.8128,0,792,592,656.49,163.39,449.52,,0.0,0.0,0.573,0.346,0,zupt
1785677108.5759263,72.8287,0,792,592,656.49,163.39,449.52,,-0.0287,-0.0761,0.572,0.345,0,zupt
1785677108.5916007,72.8443,0,792,592,656.49,163.39,449.52,,0.0,0.0,0.572,0.345,0,zupt
1785677108.6085632,72.8613,0,792,592,656.49,163.39,449.52,,0.0,0.0,0.572,0.345,0,zupt
1785677108.6258268,72.8786,0,792,592,656.49,163.39,449.52,,0.0082,0.0569,0.573,0.346,0,zupt
1785677108.6428883,72.8956,0,792,592,656.49,163.39,449.52,,0.0991,0.0073,0.574,0.346,0,zupt
1785677108.6584492,72.9112,0,792,592,656.49,163.39,449.52,,0.0,0.0,0.574,0.346,0,zupt
1785677108.6756873,72.9284,0,792,592,656.49,163.39,449.52,,0.0,0.0,0.574,0.346,0,zupt
1785677108.6926396,72.9454,0,792,592,656.49,163.39,449.52,,-0.0943,0.0705,0.573,0.347,0,zupt
1785677108.7094538,72.9622,0,792,592,656.49,163.39,449.52,,0.0,0.0,0.573,0.347,0,zupt
1785677108.726531,72.9793,0,792,592,656.49,163.39,449.52,,0.109,-0.0398,0.575,0.347,0,zupt
1785677108.7431247,72.9959,0,792,592,656.49,163.39,449.52,,0.0,0.0,0.575,0.347,0,zupt
1785677108.7589922,73.0117,0,792,592,656.49,163.39,449.52,,0.091,0.0677,0.576,0.348,0,zupt
1785677108.7748542,73.0276,0,792,592,656.49,163.39,449.52,,0.0,0.0,0.576,0.348,0,zupt
1785677108.7910876,73.0438,0,792,592,656.49,163.39,449.52,,0.1394,0.0306,0.578,0.348,0,zupt
1785677108.8067286,73.0595,0,792,592,656.49,163.39,449.52,,0.0,0.0,0.578,0.348,0,zupt
1785677108.8238637,73.0766,0,792,592,656.49,163.39,449.52,,0.0,0.0,0.578,0.348,0,zupt
1785677108.840231,73.093,0,792,592,656.49,163.39,449.52,,0.0,0.0,0.578,0.348,0,zupt
1785677108.8576388,73.1104,0,792,592,656.49,163.39,449.52,,0.0261,0.0507,0.579,0.349,0,zupt
1785677108.8747532,73.1275,0,792,592,656.49,163.39,449.52,,0.0,0.0,0.579,0.349,0,zupt
1785677108.8911295,73.1439,0,792,592,656.49,163.39,449.52,,0.0,0.0,0.579,0.349,0,zupt
1785677108.907559,73.1603,0,792,592,656.49,163.39,449.52,,0.0,0.0,0.579,0.349,0,zupt
1785677108.9242444,73.177,0,792,592,656.49,163.39,449.52,,0.168,-0.004,0.582,0.349,0,zupt
1785677108.9400175,73.1928,0,792,592,656.49,163.39,449.52,,0.0,0.0,0.582,0.349,0,zupt
1785677108.9558244,73.2086,0,792,592,656.49,163.39,449.52,,0.0,0.0,0.582,0.349,0,zupt
1785677108.9718447,73.2246,0,792,592,656.49,163.39,449.52,,0.0,0.0,0.582,0.349,0,zupt
1785677108.9874914,73.2402,0,792,592,656.49,163.39,449.52,,0.0169,0.0851,0.582,0.35,0,zupt
1785677109.0051434,73.2579,0,792,592,656.49,163.39,449.52,,0.0,0.0,0.582,0.35,0,zupt
1785677109.0215344,73.2743,0,792,592,656.49,163.39,449.52,,0.0082,0.0171,0.582,0.351,0,zupt
1785677109.0383615,73.2911,0,792,592,656.49,163.39,449.52,,0.0,0.0,0.582,0.351,0,zupt
1785677109.05583,73.3086,0,792,592,656.49,163.39,449.52,,0.0,0.0,0.582,0.351,0,zupt
1785677109.0715067,73.3242,0,792,592,656.49,163.39,449.52,,0.1627,0.0005,0.584,0.351,0,zupt
1785677109.0882204,73.341,0,792,592,656.49,163.39,449.52,,0.0,0.0,0.584,0.351,0,zupt
1785677109.1051886,73.3579,0,792,592,656.49,163.39,449.52,,0.0,0.0,0.584,0.351,0,zupt
1785677109.1212626,73.374,0,792,592,656.49,163.39,449.52,,0.1208,0.0638,0.586,0.352,0,zupt
1785677109.1386507,73.3914,0,792,592,656.49,163.39,449.52,,0.0,0.0,0.586,0.352,0,zupt
1785677109.1561594,73.4089,0,792,592,656.49,163.39,449.52,,0.0082,0.0209,0.587,0.352,0,zupt
1785677109.1727252,73.4255,0,792,592,656.49,163.39,449.52,,0.0,0.0,0.587,0.352,0,zupt
1785677109.1892254,73.442,0,792,592,656.49,163.39,449.52,,0.028,0.0104,0.587,0.352,0,zupt
1785677109.2061608,73.4589,0,792,592,656.49,163.39,449.52,,0.0,0.0,0.587,0.352,0,zupt
1785677109.2218256,73.4746,0,792,592,656.49,163.39,449.52,,0.0,0.0,0.587,0.352,0,zupt
1785677109.2387276,73.4915,0,792,592,656.49,163.39,449.52,,0.1151,0.0207,0.589,0.353,0,zupt
1785677109.2552607,73.508,0,792,592,656.49,163.39,449.52,,0.0,0.0,0.589,0.353,0,zupt
1785677109.2720258,73.5248,0,792,592,656.49,163.39,449.52,,0.0,0.0,0.589,0.353,0,zupt
1785677109.2876916,73.5404,0,792,592,656.49,163.39,449.52,,0.0643,0.0683,0.59,0.354,0,zupt
1785677109.3049176,73.5577,0,792,592,656.49,163.39,449.52,,0.0,0.0,0.59,0.354,0,zupt
1785677109.3211677,73.5739,0,792,592,656.49,163.39,449.52,,0.0703,0.0148,0.591,0.354,0,zupt
1785677109.3374631,73.5902,0,792,592,656.49,163.39,449.52,,0.0,0.0,0.591,0.354,0,zupt
1785677109.3546994,73.6074,0,792,592,656.49,163.39,449.52,,0.0,0.0,0.591,0.354,0,zupt
1785677109.371715,73.6245,0,792,592,656.49,163.39,449.52,,0.1181,-0.0835,0.593,0.352,0,zupt
1785677109.3889182,73.6417,0,792,592,656.49,163.39,449.52,,0.0,0.0,0.593,0.352,0,zupt
1785677109.4049911,73.6577,0,792,592,656.49,163.39,449.52,,0.0,0.0,0.593,0.352,0,zupt
1785677109.4211526,73.6739,0,792,592,656.49,163.39,449.52,,0.0,0.0,0.593,0.352,0,zupt
1785677109.437579,73.6903,0,792,592,656.49,163.39,449.52,,0.0,0.0,0.593,0.352,0,zupt
1785677109.4550104,73.7077,0,792,592,656.49,163.39,449.52,,0.0,0.0,0.593,0.352,0,zupt
1785677109.470772,73.7235,0,792,592,656.49,163.39,449.52,,0.0,0.0,0.593,0.352,0,zupt
1785677109.4879534,73.7407,0,792,592,656.49,163.39,449.52,,0.0,0.0,0.593,0.352,0,zupt
1785677109.5042286,73.757,0,792,592,656.49,163.39,449.52,,0.0,0.0,0.593,0.352,0,zupt
1785677109.52053,73.7733,0,792,592,656.49,163.39,449.52,,0.0,0.0,0.593,0.352,0,zupt
1785677109.537844,73.7906,0,792,592,656.49,163.39,449.52,,0.0,0.0,0.593,0.352,0,zupt
1785677109.554332,73.8071,0,792,592,656.49,163.39,449.52,,0.0,0.0,0.593,0.352,0,zupt
1785677109.571432,73.8242,0,792,592,656.49,163.39,449.52,,0.0,0.0,0.593,0.352,0,zupt
1785677109.588963,73.8417,0,792,592,656.49,163.39,449.52,,0.0,0.0,0.593,0.352,0,zupt
1785677109.605646,73.8584,0,792,592,656.49,163.39,449.52,,0.0,0.0,0.593,0.352,0,zupt
1785677109.6217308,73.8745,0,792,592,656.49,163.39,449.52,,0.0,0.0,0.593,0.352,0,zupt
1785677109.6378431,73.8906,0,792,592,656.49,163.39,449.52,,0.0,0.0,0.593,0.352,0,zupt
1785677109.653865,73.9066,0,792,592,656.49,163.39,449.52,,0.0,0.0,0.593,0.352,0,zupt
1785677109.6699765,73.9227,0,792,592,656.49,163.39,449.52,,0.0,0.0,0.593,0.352,0,zupt
1785677109.6857092,73.9384,0,792,592,656.49,163.39,449.52,,0.0,0.0,0.593,0.352,0,zupt
1785677109.7018337,73.9546,0,792,592,656.49,163.39,449.52,,0.0,0.0,0.593,0.352,0,zupt
1785677109.717563,73.9703,0,792,592,656.49,163.39,449.52,,0.0,0.0,0.593,0.352,0,zupt
1785677109.7350266,73.9878,0,792,592,656.49,163.39,449.52,,0.0,0.0,0.593,0.352,0,zupt
1785677109.7509627,74.0037,0,792,592,656.49,163.39,449.52,,0.0,0.0,0.593,0.352,0,zupt
1785677109.7665648,74.0193,0,792,592,656.49,163.39,449.52,,0.0,0.0,0.593,0.352,0,zupt
1785677109.7835593,74.0363,0,792,592,656.49,163.39,449.52,,0.0,0.0,0.593,0.352,0,zupt
1785677109.8008678,74.0536,0,792,592,656.49,163.39,449.52,,0.0,0.0,0.593,0.352,0,zupt
1785677109.8177636,74.0705,0,792,592,656.49,163.39,449.52,,0.0,0.0,0.593,0.352,0,zupt
1785677109.8335402,74.0863,0,792,592,656.49,163.39,449.52,,0.0,0.0,0.593,0.352,0,zupt
1785677109.8506105,74.1033,0,792,592,656.49,163.39,449.52,,0.0,0.0,0.593,0.352,0,zupt
1785677109.8673098,74.12,0,792,592,656.49,163.39,449.52,,0.0,0.0,0.593,0.352,0,zupt
1785677109.884995,74.1377,0,792,592,656.49,163.39,449.52,,0.0,0.0,0.593,0.352,0,zupt
1785677109.901602,74.1543,0,792,592,656.49,163.39,449.52,,0.0,0.0,0.593,0.352,0,zupt
1785677109.9178822,74.1706,0,792,592,656.49,163.39,449.52,,0.0,0.0,0.593,0.352,0,zupt
1785677109.9335227,74.1863,0,792,592,656.49,163.39,449.52,,0.0,0.0,0.593,0.352,0,zupt
1785677109.9510026,74.2037,0,792,592,656.49,163.39,449.52,,0.0,0.0,0.593,0.352,0,zupt
1785677109.966719,74.2195,0,792,592,656.49,163.39,449.52,,0.0,0.0,0.593,0.352,0,zupt
1785677109.9842503,74.237,0,792,592,656.49,163.39,449.52,,0.0,0.0,0.593,0.352,0,zupt
1785677110.000591,74.2533,0,792,592,656.49,163.39,449.52,,0.0,0.0,0.593,0.352,0,zupt
1785677110.0177505,74.2705,0,792,592,656.49,163.39,449.52,,0.0,0.0,0.593,0.352,0,zupt
1785677110.0346525,74.2874,0,792,592,656.49,163.39,449.52,,0.0,0.0,0.593,0.352,0,zupt
1785677110.0519214,74.3047,0,792,592,656.49,163.39,449.52,,0.0,0.0,0.593,0.352,0,zupt
1785677110.0675774,74.3203,0,792,592,656.49,163.39,449.52,,0.0,0.0,0.593,0.352,0,zupt
1785677110.0846138,74.3373,0,792,592,656.49,163.39,449.52,,0.0,0.0,0.593,0.352,0,zupt
1785677110.1025307,74.3553,0,792,592,656.49,163.39,449.52,,0.0,0.0,0.593,0.352,0,zupt
1785677110.1196613,74.3724,0,792,592,656.49,163.39,449.52,,0.0,0.0,0.593,0.352,0,zupt
1785677110.1361609,74.3889,0,792,592,656.49,163.39,449.52,,0.0,0.0,0.593,0.352,0,zupt
1785677110.1518772,74.4046,0,792,592,656.49,163.39,449.52,,0.0,0.0,0.593,0.352,0,zupt
1785677110.167722,74.4205,0,792,592,656.49,163.39,449.52,,0.0,0.0,0.593,0.352,0,zupt
1785677110.1837964,74.4365,0,792,592,656.49,163.39,449.52,,0.0,0.0,0.593,0.352,0,zupt
1785677110.1998684,74.4526,0,792,592,656.49,163.39,449.52,,0.0,0.0,0.593,0.352,0,zupt
1785677110.2156372,74.4684,0,792,592,656.49,163.39,449.52,,0.0,0.0,0.593,0.352,0,zupt
1785677110.2315667,74.4843,0,792,592,656.49,163.39,449.52,,0.0,0.0,0.593,0.352,0,zupt
1785677110.2476404,74.5004,0,792,592,656.49,163.39,449.52,,0.0,0.0,0.593,0.352,0,zupt
1785677110.2646606,74.5174,0,792,592,656.49,163.39,449.52,,0.0,0.0,0.593,0.352,0,zupt
1785677110.2811792,74.5339,0,792,592,656.49,163.39,449.52,,0.0,0.0,0.593,0.352,0,zupt
1785677110.2971966,74.5499,0,792,592,656.49,163.39,449.52,,0.0,0.0,0.593,0.352,0,zupt
1785677110.3132076,74.5659,0,792,592,656.49,163.39,449.52,,0.0,0.0,0.593,0.352,0,zupt
1785677110.3297198,74.5825,0,792,592,656.49,163.39,449.52,,0.0,0.0,0.593,0.352,0,zupt
1785677110.3457983,74.5985,0,792,592,656.49,163.39,449.52,,0.0,0.0,0.593,0.352,0,zupt
1785677110.3618956,74.6146,0,792,592,656.49,163.39,449.52,,0.0,0.0,0.593,0.352,0,zupt
1785677110.377579,74.6303,0,792,592,656.49,163.39,449.52,,0.0,0.0,0.593,0.352,0,zupt
1785677110.3949323,74.6477,0,792,592,656.49,163.39,449.52,,0.0,0.0,0.593,0.352,0,zupt
1785677110.4105916,74.6633,0,792,592,656.49,163.39,449.52,,0.0,0.0,0.593,0.352,0,zupt
1785677110.4271605,74.6799,0,792,592,656.49,163.39,449.52,,0.0,0.0,0.593,0.352,0,zupt
1785677110.44363,74.6964,0,792,592,656.49,163.39,449.52,,0.0,0.0,0.593,0.352,0,zupt
1785677110.459678,74.7124,0,792,592,656.49,163.39,449.52,,0.0,0.0,0.593,0.352,0,zupt
1785677110.476554,74.7293,0,792,592,656.49,163.39,449.52,,0.0,0.0,0.593,0.352,0,zupt
1785677110.4926069,74.7453,0,792,592,656.49,163.39,449.52,,0.0786,0.0653,0.594,0.353,0,zupt
1785677110.5087242,74.7615,0,792,592,656.49,163.39,449.52,,0.0,0.0,0.594,0.353,0,zupt
1785677110.5245938,74.7773,0,792,592,656.49,163.39,449.52,,0.0,0.0,0.594,0.353,0,zupt
1785677110.541011,74.7937,0,792,592,656.49,163.39,449.52,,0.0,0.0,0.594,0.353,0,zupt
1785677110.556869,74.8096,0,792,592,656.49,163.39,449.52,,0.0,0.0,0.594,0.353,0,zupt
1785677110.5729482,74.8257,0,792,592,656.49,163.39,449.52,,0.0,0.0,0.594,0.353,0,zupt
1785677110.5896487,74.8424,0,792,592,656.49,163.39,449.52,,0.0,0.0,0.594,0.353,0,zupt
1785677110.6068425,74.8596,0,792,592,656.49,163.39,449.52,,0.0,0.0,0.594,0.353,0,zupt
1785677110.6227243,74.8755,0,792,592,656.49,163.39,449.52,,0.0,0.0,0.594,0.353,0,zupt
1785677110.6386418,74.8914,0,792,592,656.49,163.39,449.52,,0.0,0.0,0.594,0.353,0,zupt
1785677110.6547987,74.9075,0,792,592,656.49,163.39,449.52,,0.0,0.0,0.594,0.353,0,zupt
1785677110.6709733,74.9237,0,792,592,656.49,163.39,449.52,,0.0,0.0,0.594,0.353,0,zupt
1785677110.687578,74.9403,0,792,592,656.49,163.39,449.52,,0.0,0.0,0.594,0.353,0,zupt
1785677110.7037706,74.9565,0,792,592,656.49,163.39,449.52,,0.0,0.0,0.594,0.353,0,zupt
1785677110.719556,74.9723,0,792,592,656.49,163.39,449.52,,0.0,0.0,0.594,0.353,0,zupt
1785677110.7371583,74.9899,0,792,592,656.49,163.39,449.52,,0.0,0.0,0.594,0.353,0,zupt
1785677110.7536361,75.0064,0,792,592,656.49,163.39,449.52,,0.0,0.0,0.594,0.353,0,zupt
1785677110.7710156,75.0238,0,792,592,656.49,163.39,449.52,,0.0,0.0,0.594,0.353,0,zupt
1785677110.7867162,75.0395,0,792,592,656.49,163.39,449.52,,0.0,0.0,0.594,0.353,0,zupt
1785677110.80373,75.0565,0,792,592,656.49,163.39,449.52,,0.0,0.0,0.594,0.353,0,zupt
1785677110.8206449,75.0734,0,792,592,656.49,163.39,449.52,,0.0,0.0,0.594,0.353,0,zupt
1785677110.837261,75.09,0,792,592,656.49,163.39,449.52,,0.0,0.0,0.594,0.353,0,zupt
1785677110.8546913,75.1074,0,792,592,656.49,163.39,449.52,,0.0,0.0,0.594,0.353,0,zupt
1785677110.8715088,75.1242,0,792,592,656.49,163.39,449.52,,0.0,0.0,0.594,0.353,0,zupt
1785677110.8888273,75.1416,0,792,592,656.49,163.39,449.52,,0.0,0.0,0.594,0.353,0,zupt
1785677110.9047062,75.1574,0,792,592,656.49,163.39,449.52,,0.0,0.0,0.594,0.353,0,zupt
1785677110.9213166,75.1741,0,792,592,656.49,163.39,449.52,,0.0,0.0,0.594,0.353,0,zupt
1785677110.9856393,75.2384,0,792,592,656.49,163.39,449.52,,0.0,0.0,0.594,0.353,0,zupt
