timestamp,elapsed_s,target_index,cursor_x,cursor_y,target_x,target_y,distance,hit_event,accel_x,accel_y,vel_x,vel_y,zupt_active,filter
1785675819.7026181,0.0025,0,400.01,300.0,81.91,195.81,334.73,,1.4734,-0.3834,0.002,-0.001,0,naive
1785675819.719157,0.019,0,400.12,299.97,81.91,195.81,334.82,,0.0,0.0,0.002,-0.001,0,naive
1785675819.734724,0.0346,0,401.34,300.21,81.91,195.81,336.05,,1.529,0.3685,0.026,0.005,0,naive
1785675819.7518113,0.0517,0,402.67,300.47,81.91,195.81,337.4,,0.0,0.0,0.026,0.005,0,naive
1785675819.7687774,0.0687,0,403.99,300.74,81.91,195.81,338.74,,0.0,0.0,0.026,0.005,0,naive
1785675819.784823,0.0847,0,407.3,301.64,81.91,195.81,342.17,,2.6596,0.8506,0.069,0.019,0,naive
1785675819.8023832,0.1023,0,410.92,302.63,81.91,195.81,345.92,,0.0,0.0,0.069,0.019,0,naive
1785675819.8185194,0.1184,0,415.46,303.99,81.91,195.81,350.65,,1.5547,0.5701,0.094,0.028,0,naive
1785675819.8343263,0.1342,0,419.91,305.32,81.91,195.81,355.29,,0.0,0.0,0.094,0.028,0,naive
1785675819.8501642,0.1501,0,424.36,306.65,81.91,195.81,359.94,,0.0,0.0,0.094,0.028,0,naive
1785675819.8662586,0.1661,0,429.62,307.5,81.91,195.81,365.21,,0.9434,-0.6401,0.109,0.018,0,naive
1785675819.8828409,0.1827,0,435.04,308.38,81.91,195.81,370.64,,0.0,0.0,0.109,0.018,0,naive
1785675819.8988113,0.1987,0,441.49,309.25,81.91,195.81,377.05,,1.5984,0.0221,0.134,0.018,0,naive
1785675819.9155533,0.2154,0,448.24,310.16,81.91,195.81,383.76,,0.0,0.0,0.134,0.018,0,naive
1785675819.931818,0.2317,0,454.81,311.04,81.91,195.81,390.29,,0.0,0.0,0.134,0.018,0,naive
1785675819.9491742,0.2491,0,463.82,312.48,81.91,195.81,399.33,,2.2211,0.5617,0.173,0.028,0,naive
1785675819.9648335,0.2647,0,471.95,313.79,81.91,195.81,407.49,,0.0,0.0,0.173,0.028,0,naive
1785675819.982589,0.2825,0,483.75,316.02,81.91,195.81,419.43,,2.7344,0.7872,0.222,0.042,0,naive
1785675819.9997492,0.2996,0,495.16,318.17,81.91,195.81,430.98,,0.0,0.0,0.222,0.042,0,naive
1785675820.0168257,0.3167,0,507.88,320.36,81.91,195.81,443.8,,1.5661,0.0568,0.248,0.043,0,naive
1785675820.0337398,0.3336,0,520.48,322.53,81.91,195.81,456.51,,0.0,0.0,0.248,0.043,0,naive
1785675820.0511494,0.351,0,533.45,324.76,81.91,195.81,469.59,,0.0,0.0,0.248,0.043,0,naive
1785675820.0669096,0.3668,0,545.19,326.78,81.91,195.81,481.44,,0.0,0.0,0.248,0.043,0,naive
1785675820.083784,0.3837,0,557.76,328.95,81.91,195.81,494.13,,0.0,0.0,0.248,0.043,0,naive
1785675820.1010456,0.4009,0,571.6,331.34,81.91,195.81,508.1,,1.0917,0.2046,0.267,0.046,0,naive
1785675820.117669,0.4176,0,584.93,333.65,81.91,195.81,521.56,,0.0,0.0,0.267,0.046,0,naive
1785675820.1347475,0.4346,0,598.61,336.02,81.91,195.81,535.39,,0.0,0.0,0.267,0.046,0,naive
1785675820.1523468,0.4522,0,613.91,338.17,81.91,195.81,550.71,,1.276,-0.3182,0.29,0.041,0,naive
1785675820.1680408,0.4679,0,627.54,340.09,81.91,195.81,564.39,,0.0,0.0,0.29,0.041,0,naive
1785675820.1850312,0.4849,0,642.31,342.16,81.91,195.81,579.19,,0.0,0.0,0.29,0.041,0,naive
1785675820.2009902,0.5009,0,656.17,344.11,81.91,195.81,593.1,,0.0,0.0,0.29,0.041,0,naive
1785675820.2178774,0.5178,0,673.37,346.37,81.91,195.81,610.32,,2.9456,0.2285,0.339,0.045,0,naive
1785675820.2347896,0.5347,0,690.59,348.63,81.91,195.81,627.57,,0.0,0.0,0.339,0.045,0,naive
1785675820.2523253,0.5522,0,708.54,350.17,81.91,195.81,645.36,,0.1047,-0.8656,0.341,0.029,0,naive
1785675820.2686713,0.5686,0,725.27,351.61,81.91,195.81,661.96,,0.0,0.0,0.341,0.029,0,naive
1785675820.2860053,0.5859,0,743.01,353.14,81.91,195.81,679.57,,0.0,0.0,0.341,0.029,0,naive
1785675820.3033578,0.6032,0,760.78,354.67,81.91,195.81,697.2,,0.0,0.0,0.341,0.029,0,naive
1785675820.3197806,0.6197,0,777.59,356.11,81.91,195.81,713.91,,0.0,0.0,0.341,0.029,0,naive
1785675820.3366098,0.6365,0,792,357.6,81.91,195.81,728.29,,0.0,0.0,0.341,0.029,0,naive
1785675820.3536773,0.6536,0,792,359.1,81.91,195.81,728.62,,0.0,0.0,0.341,0.029,0,naive
1785675820.3713667,0.6713,0,792,360.66,81.91,195.81,728.97,,0.0,0.0,0.341,0.029,0,naive
1785675820.3880908,0.688,0,792,362.13,81.91,195.81,729.31,,0.0,0.0,0.341,0.029,0,naive
1785675820.4047365,0.7046,0,792,363.6,81.91,195.81,729.64,,0.0,0.0,0.341,0.029,0,naive
1785675820.4215648,0.7215,0,792,365.08,81.91,195.81,729.99,,0.0,0.0,0.341,0.029,0,naive
1785675820.4377954,0.7377,0,792,366.51,81.91,195.81,730.32,,0.0,0.0,0.341,0.029,0,naive
1785675820.4547515,0.7546,0,792,368.0,81.91,195.81,730.67,,0.0,0.0,0.341,0.029,0,naive
1785675820.4727783,0.7727,0,792,369.59,81.91,195.81,731.04,,0.0,0.0,0.341,0.029,0,naive
1785675820.4902718,0.7902,0,792,371.13,81.91,195.81,731.41,,0.0,0.0,0.341,0.029,0,naive
1785675820.5063303,0.8062,0,792,372.55,81.91,195.81,731.75,,0.0,0.0,0.341,0.029,0,naive
1785675820.5223713,0.8223,0,792,373.96,81.91,195.81,732.1,,0.0,0.0,0.341,0.029,0,naive
1785675820.538311,0.8382,0,792,375.37,81.91,195.81,732.44,,0.0,0.0,0.341,0.029,0,naive
1785675820.5544956,0.8544,0,792,376.79,81.91,195.81,732.79,,0.0,0.0,0.341,0.029,0,naive
1785675820.5705504,0.8704,0,792,378.21,81.91,195.81,733.14,,0.0,0.0,0.341,0.029,0,naive
1785675820.5871072,0.887,0,792,379.67,81.91,195.81,733.5,,0.0,0.0,0.341,0.029,0,naive
1785675820.6037037,0.9036,0,792,381.13,81.91,195.81,733.87,,0.0,0.0,0.341,0.029,0,naive
1785675820.6210268,0.9209,0,792,382.65,81.91,195.81,734.26,,0.0,0.0,0.341,0.029,0,naive
1785675820.637563,0.9375,0,792,384.11,81.91,195.81,734.63,,0.0,0.0,0.341,0.029,0,naive
1785675820.6536193,0.9535,0,792,385.53,81.91,195.81,735.0,,0.0,0.0,0.341,0.029,0,naive
1785675820.6700814,0.97,0,792,386.98,81.91,195.81,735.37,,0.0,0.0,0.341,0.029,0,naive
1785675820.6864798,0.9864,0,792,388.42,81.91,195.81,735.75,,0.0,0.0,0.341,0.029,0,naive
1785675820.70269,1.0026,0,792,389.85,81.91,195.81,736.12,,0.0,0.0,0.341,0.029,0,naive
1785675820.7196531,1.0195,0,792,391.34,81.91,195.81,736.52,,0.0,0.0,0.341,0.029,0,naive
1785675820.736494,1.0364,0,792,392.83,81.91,195.81,736.91,,0.0,0.0,0.341,0.029,0,naive
1785675820.752588,1.0525,0,792,394.24,81.91,195.81,737.29,,0.0,0.0,0.341,0.029,0,naive
1785675820.768996,1.0689,0,792,395.69,81.91,195.81,737.68,,0.0,0.0,0.341,0.029,0,naive
1785675820.7855983,1.0855,0,792,397.15,81.91,195.81,738.08,,0.0,0.0,0.341,0.029,0,naive
1785675820.802645,1.1025,0,792,398.65,81.91,195.81,738.49,,0.0,0.0,0.341,0.029,0,naive
1785675820.8196864,1.1196,0,792,400.16,81.91,195.81,738.91,,0.0,0.0,0.341,0.029,0,naive
1785675820.8367484,1.1366,0,792,401.66,81.91,195.81,739.32,,0.0,0.0,0.341,0.029,0,naive
1785675820.8543355,1.1542,0,792,403.21,81.91,195.81,739.76,,0.0,0.0,0.341,0.029,0,naive
1785675820.8701978,1.1701,0,792,404.61,81.91,195.81,740.15,,0.0,0.0,0.341,0.029,0,naive
1785675820.8862479,1.1861,0,792,406.02,81.91,195.81,740.55,,0.0,0.0,0.341,0.029,0,naive
1785675820.9023364,1.2022,0,792,407.44,81.91,195.81,740.95,,0.0,0.0,0.341,0.029,0,naive
1785675820.9183614,1.2183,0,792,408.85,81.91,195.81,741.36,,0.0,0.0,0.341,0.029,0,naive
1785675820.934382,1.2343,0,792,410.26,81.91,195.81,741.76,,0.0,0.0,0.341,0.029,0,naive
1785675820.9509041,1.2508,0,792,411.72,81.91,195.81,742.19,,0.0,0.0,0.341,0.029,0,naive
1785675820.9674635,1.2674,0,792,413.18,81.91,195.81,742.61,,0.0,0.0,0.341,0.029,0,naive
1785675820.983266,1.2832,0,792,414.57,81.91,195.81,743.02,,0.0,0.0,0.341,0.029,0,naive
1785675820.99958,1.2995,0,792,416.0,81.91,195.81,743.45,,0.0,0.0,0.341,0.029,0,naive
1785675821.0156016,1.3155,0,792,417.42,81.91,195.81,743.86,,0.0,0.0,0.341,0.029,0,naive
1785675821.032636,1.3325,0,792,418.92,81.91,195.81,744.31,,0.0,0.0,0.341,0.029,0,naive
1785675821.0491612,1.3491,0,792,420.37,81.91,195.81,744.75,,0.0,0.0,0.341,0.029,0,naive
1785675821.065678,1.3656,0,792,421.83,81.91,195.81,745.19,,0.0,0.0,0.341,0.029,0,naive
1785675821.0833552,1.3832,0,792,423.39,81.91,195.81,745.67,,0.0,0.0,0.341,0.029,0,naive
1785675821.0993426,1.3992,0,792,424.79,81.91,195.81,746.1,,0.0,0.0,0.341,0.029,0,naive
1785675821.115798,1.4157,0,792,426.24,81.91,195.81,746.54,,0.0,0.0,0.341,0.029,0,naive
1785675821.1324513,1.4323,0,792,427.71,81.91,195.81,747.0,,0.0,0.0,0.341,0.029,0,naive
1785675821.1482403,1.4481,0,792,429.1,81.91,195.81,747.43,,0.0,0.0,0.341,0.029,0,naive
1785675821.164599,1.4645,0,792,430.54,81.91,195.81,747.88,,0.0,0.0,0.341,0.029,0,naive
1785675821.1808023,1.4807,0,792,431.97,81.91,195.81,748.33,,0.0,0.0,0.341,0.029,0,naive
1785675821.197589,1.4975,0,792,433.45,81.91,195.81,748.8,,0.0,0.0,0.341,0.029,0,naive
1785675821.2151406,1.515,0,792,435.0,81.91,195.81,749.29,,0.0,0.0,0.341,0.029,0,naive
1785675821.230738,1.5306,0,792,436.37,81.91,195.81,749.73,,0.0,0.0,0.341,0.029,0,naive
1785675821.2480903,1.548,0,792,437.9,81.91,195.81,750.22,,0.0,0.0,0.341,0.029,0,naive
1785675821.265441,1.5653,0,792,439.43,81.91,195.81,750.72,,0.0,0.0,0.341,0.029,0,naive
1785675821.2809083,1.5808,0,792,440.79,81.91,195.81,751.16,,0.0,0.0,0.341,0.029,0,naive
1785675821.2974725,1.5974,0,792,442.25,81.91,195.81,751.64,,0.0,0.0,0.341,0.029,0,naive
1785675821.3130405,1.6129,0,792,440.96,81.91,195.81,751.22,,0.0586,-3.6556,0.342,-0.028,0,naive
1785675821.3303716,1.6303,0,792,439.53,81.91,195.81,750.75,,0.0,0.0,0.342,-0.028,0,naive
1785675821.346877,1.6468,0,792,438.17,81.91,195.81,750.31,,0.0,0.0,0.342,-0.028,0,naive
1785675821.363418,1.6633,0,792,433.9,81.91,195.81,748.94,,0.1286,-3.5336,0.344,-0.086,0,naive
1785675821.3790312,1.6789,0,792,429.87,81.91,195.81,747.67,,0.0,0.0,0.344,-0.086,0,naive
1785675821.3955731,1.6955,0,792,422.43,81.91,195.81,745.37,,-0.0754,-3.865,0.343,-0.15,0,naive
1785675821.4123073,1.7122,0,792,414.9,81.91,195.81,743.12,,0.0,0.0,0.343,-0.15,0,naive
1785675821.428503,1.7284,0,792,407.62,81.91,195.81,741.01,,0.0,0.0,0.343,-0.15,0,naive
1785675821.4444377,1.7443,0,792,397.72,81.91,195.81,738.24,,-0.597,-3.5886,0.333,-0.207,0,naive
1785675821.460377,1.7603,0,792,387.82,81.91,195.81,735.59,,0.0,0.0,0.333,-0.207,0,naive
1785675821.4761498,1.776,0,792,375.3,81.91,195.81,732.42,,-0.7657,-3.6419,0.321,-0.265,0,naive
1785675821.4923096,1.7922,0,792,362.47,81.91,195.81,729.38,,0.0,0.0,0.321,-0.265,0,naive
1785675821.5079818,1.8079,0,792,350.03,81.91,195.81,726.64,,0.0,0.0,0.321,-0.265,0,naive
1785675821.5245783,1.8245,0,792,336.86,81.91,195.81,723.96,,0.0,0.0,0.321,-0.265,0,naive
1785675821.5417554,1.8416,0,792,321.06,81.91,195.81,721.05,,-4.7282,-2.4461,0.24,-0.307,0,naive
1785675821.5584657,1.8584,0,792,305.69,81.91,195.81,718.54,,0.0,0.0,0.24,-0.307,0,naive
1785675821.574416,1.8743,0,792,291.02,81.91,195.81,716.44,,0.0,0.0,0.24,-0.307,0,naive
1785675821.5902061,1.8901,0,792,276.5,81.91,195.81,714.66,,0.0,0.0,0.24,-0.307,0,naive
1785675821.6060035,1.9059,0,792,262.29,81.91,195.81,713.19,,-3.6413,0.4265,0.183,-0.3,0,naive
1785675821.6235187,1.9234,0,792,246.54,81.91,195.81,711.9,,0.0,0.0,0.183,-0.3,0,naive
1785675821.639543,1.9394,0,792,232.12,81.91,195.81,711.02,,0.0,0.0,0.183,-0.3,0,naive
1785675821.6555002,1.9554,0,792,217.77,81.91,195.81,710.43,,0.0,0.0,0.183,-0.3,0,naive
1785675821.6714783,1.9714,0,792,203.4,81.91,195.81,710.13,,0.0,0.0,0.183,-0.3,0,naive
1785675821.6871462,1.987,0,792,189.3,81.91,195.81,710.12,,0.0,0.0,0.183,-0.3,0,naive
1785675821.7039154,2.0038,0,792,174.22,81.91,195.81,710.42,,0.0,0.0,0.183,-0.3,0,naive
1785675821.720728,2.0206,0,792,159.1,81.91,195.81,711.04,,0.0,0.0,0.183,-0.3,0,naive
1785675821.7376022,2.0375,0,792,143.92,81.91,195.81,711.98,,0.0,0.0,0.183,-0.3,0,naive
1785675821.7533221,2.0532,0,792,129.78,81.91,195.81,713.15,,0.0,0.0,0.183,-0.3,0,naive
1785675821.7689426,2.0688,0,792,115.73,81.91,195.81,714.59,,0.0,0.0,0.183,-0.3,0,naive
1785675821.786269,2.0862,0,792,100.14,81.91,195.81,716.5,,0.0,0.0,0.183,-0.3,0,naive
1785675821.8023112,2.1022,0,792,85.71,81.91,195.81,718.57,,0.0,0.0,0.183,-0.3,0,naive
1785675821.81848,2.1184,0,792,71.17,81.91,195.81,720.94,,0.0,0.0,0.183,-0.3,0,naive
1785675821.8345308,2.1344,0,792,56.73,81.91,195.81,723.58,,0.0,0.0,0.183,-0.3,0,naive
1785675821.850418,2.1503,0,792,42.44,81.91,195.81,726.46,,0.0,0.0,0.183,-0.3,0,naive
1785675821.8661387,2.166,0,792,28.3,81.91,195.81,729.58,,0.0,0.0,0.183,-0.3,0,naive
1785675821.8836117,2.1835,0,792,12.58,81.91,195.81,733.35,,0.0,0.0,0.183,-0.3,0,naive
1785675821.900619,2.2005,0,792,8,81.91,195.81,734.51,,0.0,0.0,0.183,-0.3,0,naive
1785675821.917696,2.2176,0,792,8,81.91,195.81,734.51,,0.0,0.0,0.183,-0.3,0,naive
1785675821.9351704,2.2351,0,792,8,81.91,195.81,734.51,,0.0,0.0,0.183,-0.3,0,naive
1785675821.952622,2.2525,0,792,8,81.91,195.81,734.51,,0.0,0.0,0.183,-0.3,0,naive
1785675821.9685347,2.2684,0,792,8,81.91,195.81,734.51,,0.0,0.0,0.183,-0.3,0,naive
1785675821.9845161,2.2844,0,792,8,81.91,195.81,734.51,,0.0,0.0,0.183,-0.3,0,naive
1785675822.0002496,2.3001,0,792,8,81.91,195.81,734.51,,0.0,0.0,0.183,-0.3,0,naive
1785675822.0162063,2.3161,0,792,8,81.91,195.81,734.51,,0.0,0.0,0.183,-0.3,0,naive
1785675822.0333655,2.3333,0,792,8,81.91,195.81,734.51,,0.0,0.0,0.183,-0.3,0,naive
1785675822.049429,2.3493,0,792,8,81.91,195.81,734.51,,0.0,0.0,0.183,-0.3,0,naive
1785675822.0649874,2.3649,0,792,8,81.91,195.81,734.51,,0.0,0.0,0.183,-0.3,0,naive
1785675822.081658,2.3815,0,792,8,81.91,195.81,734.51,,0.0,0.0,0.183,-0.3,0,naive
1785675822.0982637,2.3982,0,792,8,81.91,195.81,734.51,,0.0,0.0,0.183,-0.3,0,naive
1785675822.113772,2.4137,0,792,8,81.91,195.81,734.51,,0.0,0.0,0.183,-0.3,0,naive
1785675822.130411,2.4303,0,792,8,81.91,195.81,734.51,,0.0,0.0,0.183,-0.3,0,naive
1785675822.1460068,2.4459,0,792,8,81.91,195.81,734.51,,0.0,0.0,0.183,-0.3,0,naive
1785675822.1626992,2.4626,0,792,8,81.91,195.81,734.51,,0.0,0.0,0.183,-0.3,0,naive
1785675822.180158,2.48,0,792,8,81.91,195.81,734.51,,0.0,0.0,0.183,-0.3,0,naive
1785675822.196316,2.4962,0,792,8,81.91,195.81,734.51,,0.0,0.0,0.183,-0.3,0,naive
1785675822.2123873,2.5123,0,792,8,81.91,195.81,734.51,,0.0,0.0,0.183,-0.3,0,naive
1785675822.2287712,2.5287,0,792,8,81.91,195.81,734.51,,0.0,0.0,0.183,-0.3,0,naive
1785675822.2460854,2.546,0,792,8,81.91,195.81,734.51,,0.0,0.0,0.183,-0.3,0,naive
1785675822.2634854,2.5634,0,792,8,81.91,195.81,734.51,,0.0,0.0,0.183,-0.3,0,naive
1785675822.2794316,2.5793,0,792,8,81.91,195.81,734.51,,0.0,0.0,0.183,-0.3,0,naive
1785675822.2961414,2.596,0,792,8,81.91,195.81,734.51,,0.0,0.0,0.183,-0.3,0,naive
1785675822.3123655,2.6123,0,792,8,81.91,195.81,734.51,,0.0,0.0,0.183,-0.3,0,naive
1785675822.328687,2.6286,0,792,8,81.91,195.81,734.51,,0.0,0.0,0.183,-0.3,0,naive
1785675822.3457968,2.6457,0,792,8,81.91,195.81,734.51,,0.0,0.0,0.183,-0.3,0,naive
1785675822.3627212,2.6626,0,792,8,81.91,195.81,734.51,,0.0,0.0,0.183,-0.3,0,naive
1785675822.3794544,2.6793,0,792,8,81.91,195.81,734.51,,0.0,0.0,0.183,-0.3,0,naive
1785675822.3951204,2.695,0,792,8,81.91,195.81,734.51,,0.0,0.0,0.183,-0.3,0,naive
1785675822.4117398,2.7116,0,792,8,81.91,195.81,734.51,,0.0,0.0,0.183,-0.3,0,naive
1785675822.4289253,2.7288,0,792,8,81.91,195.81,734.51,,0.0,0.0,0.183,-0.3,0,naive
1785675822.4460392,2.7459,0,792,8,81.91,195.81,734.51,,0.0,0.0,0.183,-0.3,0,naive
1785675822.4626396,2.7625,0,792,8,81.91,195.81,734.51,,0.0,0.0,0.183,-0.3,0,naive
1785675822.4796739,2.7796,0,792,8,81.91,195.81,734.51,,0.0,0.0,0.183,-0.3,0,naive
1785675822.4970207,2.7969,0,792,8,81.91,195.81,734.51,,0.0,0.0,0.183,-0.3,0,naive
1785675822.5144303,2.8143,0,792,8,81.91,195.81,734.51,,0.0,0.0,0.183,-0.3,0,naive
1785675822.5307183,2.8306,0,792,8,81.91,195.81,734.51,,0.0,0.0,0.183,-0.3,0,naive
1785675822.547216,2.8471,0,792,8,81.91,195.81,734.51,,0.0,0.0,0.183,-0.3,0,naive
1785675822.5636783,2.8636,0,792,8,81.91,195.81,734.51,,0.0,0.0,0.183,-0.3,0,naive
1785675822.5810094,2.8809,0,792,8,81.91,195.81,734.51,,0.0,0.0,0.183,-0.3,0,naive
1785675822.5985277,2.8984,0,792,8,81.91,195.81,734.51,,0.0,0.0,0.183,-0.3,0,naive
1785675822.6146736,2.9146,0,792,8,81.91,195.81,734.51,,0.0,0.0,0.183,-0.3,0,naive
1785675822.6313581,2.9312,0,792,8,81.91,195.81,734.51,,0.0,0.0,0.183,-0.3,0,naive
1785675822.6475322,2.9474,0,792,8,81.91,195.81,734.51,,0.0,0.0,0.183,-0.3,0,naive
1785675822.6635468,2.9634,0,792,8,81.91,195.81,734.51,,0.0,0.0,0.183,-0.3,0,naive
1785675822.6798756,2.9798,0,792,8,81.91,195.81,734.51,,-1.5182,1.9938,0.158,-0.267,0,naive
1785675822.696579,2.9965,0,792,8,81.91,195.81,734.51,,0.0,0.0,0.158,-0.267,0,naive
1785675822.7128224,3.0127,0,792,8,81.91,195.81,734.51,,-0.7232,2.3713,0.146,-0.229,0,naive
1785675822.7296164,3.0295,0,792,8,81.91,195.81,734.51,,0.0,0.0,0.146,-0.229,0,naive
1785675822.746721,3.0466,0,792,8,81.91,195.81,734.51,,0.0,0.0,0.146,-0.229,0,naive
1785675822.7637646,3.0637,0,792,8,81.91,195.81,734.51,,-0.1561,1.8293,0.143,-0.198,0,naive
1785675822.7812033,3.0811,0,792,8,81.91,195.81,734.51,,0.0,0.0,0.143,-0.198,0,naive
1785675822.7968755,3.0968,0,792,8,81.91,195.81,734.51,,0.7202,1.462,0.155,-0.175,0,naive
1785675822.8138587,3.1137,0,792,8,81.91,195.81,734.51,,0.0,0.0,0.155,-0.175,0,naive
1785675822.830793,3.1307,0,792,8,81.91,195.81,734.51,,0.0335,1.8461,0.155,-0.143,0,naive
1785675822.8475778,3.1475,0,792,8,81.91,195.81,734.51,,0.0,0.0,0.155,-0.143,0,naive
1785675822.8635364,3.1634,0,792,8,81.91,195.81,734.51,,0.0,0.0,0.155,-0.143,0,naive
1785675822.8802247,3.1801,0,792,8,81.91,195.81,734.51,,-1.532,1.651,0.13,-0.116,0,naive
1785675822.895963,3.1959,0,792,8,81.91,195.81,734.51,,0.0,0.0,0.13,-0.116,0,naive
1785675822.9124467,3.2123,0,792,8,81.91,195.81,734.51,,-1.5428,1.5541,0.104,-0.09,0,naive
1785675822.9282749,3.2282,0,792,8,81.91,195.81,734.51,,0.0,0.0,0.104,-0.09,0,naive
1785675822.9445212,3.2444,0,792,8,81.91,195.81,734.51,,0.0,0.0,0.104,-0.09,0,naive
1785675822.9601836,3.2601,0,792,8,81.91,195.81,734.51,,0.0,0.0,0.104,-0.09,0,naive
1785675822.9767077,3.2766,0,792,8,81.91,195.81,734.51,,0.0,0.0,0.104,-0.09,0,naive
1785675822.9935243,3.2934,0,792,8,81.91,195.81,734.51,,-4.0744,1.0642,0.036,-0.072,0,naive
1785675823.0101714,3.3101,0,792,8,81.91,195.81,734.51,,0.0,0.0,0.036,-0.072,0,naive
1785675823.026508,3.3264,0,792,8,81.91,195.81,734.51,,0.0,0.0,0.036,-0.072,0,naive
1785675823.0427246,3.3426,0,792,8,81.91,195.81,734.51,,0.0,0.0,0.036,-0.072,0,naive
1785675823.0599644,3.3599,0,792,8,81.91,195.81,734.51,,-0.6347,-2.0847,0.025,-0.108,0,naive
1785675823.0766351,3.3765,0,792,8,81.91,195.81,734.51,,0.0,0.0,0.025,-0.108,0,naive
1785675823.0925488,3.3924,0,792,8,81.91,195.81,734.51,,0.0,0.0,0.025,-0.108,0,naive
1785675823.1083524,3.4082,0,792,8,81.91,195.81,734.51,,0.0,0.0,0.025,-0.108,0,naive
1785675823.124508,3.4244,0,792,8,81.91,195.81,734.51,,0.0,0.0,0.025,-0.108,0,naive
1785675823.1402268,3.4401,0,792,8,81.91,195.81,734.51,,4.0863,-1.7127,0.089,-0.135,0,naive
1785675823.1566496,3.4565,0,792,8,81.91,195.81,734.51,,0.0,0.0,0.089,-0.135,0,naive
1785675823.1734912,3.4734,0,792,8,81.91,195.81,734.51,,4.3202,-3.0353,0.162,-0.186,0,naive
1785675823.1891682,3.4891,0,792,8,81.91,195.81,734.51,,0.0,0.0,0.162,-0.186,0,naive
1785675823.205624,3.5055,0,792,8,81.91,195.81,734.51,,0.0,0.0,0.162,-0.186,0,naive
1785675823.2227485,3.5226,0,792,8,81.91,195.81,734.51,,5.3988,-2.3324,0.254,-0.226,0,naive
1785675823.2399278,3.5398,0,792,8,81.91,195.81,734.51,,0.0,0.0,0.254,-0.226,0,naive
1785675823.2566025,3.5565,0,792,8,81.91,195.81,734.51,,4.0738,-0.5797,0.322,-0.236,0,naive
1785675823.2734785,3.5734,0,792,8,81.91,195.81,734.51,,0.0,0.0,0.322,-0.236,0,naive
1785675823.2899234,3.5898,0,792,8,81.91,195.81,734.51,,0.0,0.0,0.322,-0.236,0,naive
1785675823.306901,3.6068,0,792,8,81.91,195.81,734.51,,3.0066,0.9488,0.373,-0.22,0,naive
1785675823.3237574,3.6236,0,792,8,81.91,195.81,734.51,,0.0,0.0,0.373,-0.22,0,naive
1785675823.3406026,3.6405,0,792,8,81.91,195.81,734.51,,1.404,0.7406,0.397,-0.207,0,naive
1785675823.3575935,3.6575,0,792,8,81.91,195.81,734.51,,0.0,0.0,0.397,-0.207,0,naive
1785675823.3743114,3.6742,0,792,8,81.91,195.81,734.51,,1.5775,1.1515,0.423,-0.188,0,naive
1785675823.3899837,3.6899,0,792,8,81.91,195.81,734.51,,0.0,0.0,0.423,-0.188,0,naive
1785675823.40652,3.7064,0,792,8,81.91,195.81,734.51,,1.5248,0.7077,0.449,-0.176,0,naive
1785675823.4226465,3.7225,0,792,8,81.91,195.81,734.51,,0.0,0.0,0.449,-0.176,0,naive
1785675823.4397068,3.7396,0,792,8,81.91,195.81,734.51,,2.5364,0.3697,0.492,-0.17,0,naive
1785675823.4566267,3.7565,0,792,8,81.91,195.81,734.51,,0.0,0.0,0.492,-0.17,0,naive
1785675823.4723675,3.7723,0,792,8,81.91,195.81,734.51,,0.0,0.0,0.492,-0.17,0,naive
1785675823.4884095,3.7883,0,792,8,81.91,195.81,734.51,,3.2423,0.4056,0.544,-0.164,0,naive
1785675823.5048664,3.8048,0,792,8,81.91,195.81,734.51,,0.0,0.0,0.544,-0.164,0,naive
1785675823.522739,3.8226,0,792,8,81.91,195.81,734.51,,4.6355,0.9781,0.627,-0.146,0,naive
1785675823.5401773,3.8401,0,792,8,81.91,195.81,734.51,,0.0,0.0,0.627,-0.146,0,naive
1785675823.556603,3.8565,0,792,8,81.91,195.81,734.51,,0.0,0.0,0.627,-0.146,0,naive
1785675823.5731168,3.873,0,792,8,81.91,195.81,734.51,,6.4534,0.7184,0.733,-0.134,0,naive
1785675823.5886939,3.8886,0,792,8,81.91,195.81,734.51,,0.0,0.0,0.733,-0.134,0,naive
1785675823.6060946,3.906,0,792,8,81.91,195.81,734.51,,6.7011,1.2568,0.85,-0.112,0,naive
1785675823.6234214,3.9233,0,792,8,81.91,195.81,734.51,,0.0,0.0,0.85,-0.112,0,naive
1785675823.639014,3.9389,0,792,8,81.91,195.81,734.51,,6.3583,1.1964,0.949,-0.094,0,naive
1785675823.6557834,3.9557,0,792,8,81.91,195.81,734.51,,0.0,0.0,0.949,-0.094,0,naive
1785675823.6725485,3.9724,0,792,8,81.91,195.81,734.51,,0.0,0.0,0.949,-0.094,0,naive
1785675823.6889293,3.9888,0,792,8,81.91,195.81,734.51,,6.0808,0.7484,1.049,-0.081,0,naive
1785675823.7060623,4.006,0,792,8,81.91,195.81,734.51,,0.0,0.0,1.049,-0.081,0,naive
1785675823.722373,4.0223,0,792,8,81.91,195.81,734.51,,0.0,0.0,1.049,-0.081,0,naive
1785675823.7379308,4.0378,0,792,8,81.91,195.81,734.51,,4.8078,1.2736,1.123,-0.062,0,naive
1785675823.7548523,4.0547,0,792,8,81.91,195.81,734.51,,0.0,0.0,1.123,-0.062,0,naive
1785675823.7725887,4.0725,0,792,8,81.91,195.81,734.51,,0.0,0.0,1.123,-0.062,0,naive
1785675823.7896345,4.0895,0,792,8,81.91,195.81,734.51,,0.0,0.0,1.123,-0.062,0,naive
1785675823.806428,4.1063,0,792,8,81.91,195.81,734.51,,4.2251,0.1819,1.194,-0.059,0,naive
1785675823.8227813,4.1227,0,792,8,81.91,195.81,734.51,,0.0,0.0,1.194,-0.059,0,naive
1785675823.839551,4.1394,0,792,8,81.91,195.81,734.51,,0.0,0.0,1.194,-0.059,0,naive
1785675823.8558671,4.1558,0,792,8,81.91,195.81,734.51,,0.0,0.0,1.194,-0.059,0,naive
1785675823.8724713,4.1724,0,792,8,81.91,195.81,734.51,,-0.4546,-1.0935,1.187,-0.077,0,naive
1785675823.8886437,4.1885,0,792,8,81.91,195.81,734.51,,0.0,0.0,1.187,-0.077,0,naive
1785675823.9056032,4.2055,0,792,8,81.91,195.81,734.51,,0.0,0.0,1.187,-0.077,0,naive
1785675823.9223526,4.2222,0,792,8,81.91,195.81,734.51,,-3.6915,-1.8144,1.125,-0.107,0,naive
1785675823.9386482,4.2385,0,792,8,81.91,195.81,734.51,,0.0,0.0,1.125,-0.107,0,naive
1785675823.9552174,4.2551,0,792,8,81.91,195.81,734.51,,-5.1404,-1.4871,1.04,-0.132,0,naive
1785675823.9727588,4.2726,0,792,8,81.91,195.81,734.51,,0.0,0.0,1.04,-0.132,0,naive
1785675823.9894457,4.2893,0,792,8,81.91,195.81,734.51,,0.0,0.0,1.04,-0.132,0,naive
1785675824.0057027,4.3056,0,792,8,81.91,195.81,734.51,,-8.9169,1.5159,0.895,-0.107,0,naive
1785675824.0224268,4.3223,0,792,8,81.91,195.81,734.51,,0.0,0.0,0.895,-0.107,0,naive
1785675824.0387127,4.3386,0,792,8,81.91,195.81,734.51,,-6.3894,2.6704,0.791,-0.064,0,naive
1785675824.0554,4.3553,0,792,8,81.91,195.81,734.51,,0.0,0.0,0.791,-0.064,0,naive
1785675824.0715678,4.3715,0,792,8,81.91,195.81,734.51,,0.0,0.0,0.791,-0.064,0,naive
1785675824.0875883,4.3875,0,792,8,81.91,195.81,734.51,,-0.3595,-2.0249,0.785,-0.096,0,naive
1785675824.103475,4.4034,0,792,8,81.91,195.81,734.51,,0.0,0.0,0.785,-0.096,0,naive
1785675824.119468,4.4194,0,792,8,81.91,195.81,734.51,,4.6056,-4.1444,0.859,-0.162,0,naive
1785675824.135031,4.4349,0,792,8,81.91,195.81,734.51,,0.0,0.0,0.859,-0.162,0,naive
1785675824.1527524,4.4526,0,792,8,81.91,195.81,734.51,,0.0,0.0,0.859,-0.162,0,naive
1785675824.1696134,4.4695,0,792,8,81.91,195.81,734.51,,4.7109,-3.1418,0.938,-0.215,0,naive
1785675824.187142,4.487,0,792,8,81.91,195.81,734.51,,0.0,0.0,0.938,-0.215,0,naive
1785675824.2033415,4.5032,0,792,8,81.91,195.81,734.51,,1.9555,-1.4453,0.97,-0.239,0,naive
1785675824.219149,4.519,0,792,8,81.91,195.81,734.51,,0.0,0.0,0.97,-0.239,0,naive
1785675824.2365024,4.5364,0,792,8,81.91,195.81,734.51,,0.0,0.0,0.97,-0.239,0,naive
1785675824.2527096,4.5526,0,792,8,81.91,195.81,734.51,,1.5494,-0.6329,0.995,-0.249,0,naive
1785675824.269214,4.5691,0,792,8,81.91,195.81,734.51,,0.0,0.0,0.995,-0.249,0,naive
1785675824.2848866,4.5848,0,792,8,81.91,195.81,734.51,,0.0,0.0,0.995,-0.249,0,naive
1785675824.301689,4.6016,0,792,8,81.91,195.81,734.51,,0.0,0.0,0.995,-0.249,0,naive
1785675824.3187194,4.6186,0,792,8,81.91,195.81,734.51,,0.0,0.0,0.995,-0.249,0,naive
1785675824.3364253,4.6363,0,792,8,81.91,195.81,734.51,,0.0,0.0,0.995,-0.249,0,naive
1785675824.3526528,4.6525,0,792,8,81.91,195.81,734.51,,0.0,0.0,0.995,-0.249,0,naive
1785675824.3693295,4.6692,0,792,8,81.91,195.81,734.51,,0.0,0.0,0.995,-0.249,0,naive
1785675824.38558,4.6855,0,792,8,81.91,195.81,734.51,,0.0,0.0,0.995,-0.249,0,naive
1785675824.402569,4.7025,0,792,8,81.91,195.81,734.51,,0.0,0.0,0.995,-0.249,0,naive
1785675824.419599,4.7195,0,792,8,81.91,195.81,734.51,,0.0,0.0,0.995,-0.249,0,naive
1785675824.435943,4.7358,0,792,8,81.91,195.81,734.51,,0.0,0.0,0.995,-0.249,0,naive
1785675824.4526927,4.7526,0,792,8,81.91,195.81,734.51,,0.0,0.0,0.995,-0.249,0,naive
1785675824.4693735,4.7693,0,792,8,81.91,195.81,734.51,,0.0,0.0,0.995,-0.249,0,naive
1785675824.4850206,4.7849,0,792,8,81.91,195.81,734.51,,0.0,0.0,0.995,-0.249,0,naive
1785675824.5017304,4.8016,0,792,8,81.91,195.81,734.51,,0.0,0.0,0.995,-0.249,0,naive
1785675824.5186305,4.8185,0,792,8,81.91,195.81,734.51,,0.0,0.0,0.995,-0.249,0,naive
1785675824.5360675,4.836,0,792,8,81.91,195.81,734.51,,0.0,0.0,0.995,-0.249,0,naive
1785675824.5518131,4.8517,0,792,8,81.91,195.81,734.51,,0.0,0.0,0.995,-0.249,0,naive
1785675824.569252,4.8691,0,792,8,81.91,195.81,734.51,,0.0,0.0,0.995,-0.249,0,naive
1785675824.585445,4.8853,0,792,8,81.91,195.81,734.51,,0.0,0.0,0.995,-0.249,0,naive
1785675824.6015096,4.9014,0,792,8,81.91,195.81,734.51,,0.0,0.0,0.995,-0.249,0,naive
1785675824.618017,4.9179,0,792,8,81.91,195.81,734.51,,0.0,0.0,0.995,-0.249,0,naive
1785675824.6338017,4.9337,0,792,8,81.91,195.81,734.51,,0.0,0.0,0.995,-0.249,0,naive
1785675824.650652,4.9505,0,792,8,81.91,195.81,734.51,,0.0,0.0,0.995,-0.249,0,naive
1785675824.6683533,4.9682,0,792,8,81.91,195.81,734.51,,0.0,0.0,0.995,-0.249,0,naive
1785675824.6845582,4.9844,0,792,8,81.91,195.81,734.51,,0.0,0.0,0.995,-0.249,0,naive
1785675824.700371,5.0003,0,792,8,81.91,195.81,734.51,,0.0,0.0,0.995,-0.249,0,naive
1785675824.7159874,5.0159,0,792,8,81.91,195.81,734.51,,0.0,0.0,0.995,-0.249,0,naive
1785675824.7326775,5.0326,0,792,8,81.91,195.81,734.51,,0.0,0.0,0.995,-0.249,0,naive
1785675824.7493792,5.0493,0,792,8,81.91,195.81,734.51,,0.0,0.0,0.995,-0.249,0,naive
1785675824.7658148,5.0657,0,792,8,81.91,195.81,734.51,,0.0,0.0,0.995,-0.249,0,naive
1785675824.7825427,5.0824,0,792,8,81.91,195.81,734.51,,0.0,0.0,0.995,-0.249,0,naive
1785675824.798629,5.0985,0,792,8,81.91,195.81,734.51,,0.0,0.0,0.995,-0.249,0,naive
1785675824.816259,5.1161,0,792,8,81.91,195.81,734.51,,0.0,0.0,0.995,-0.249,0,naive
1785675824.8327155,5.1326,0,792,8,81.91,195.81,734.51,,0.0,0.0,0.995,-0.249,0,naive
1785675824.8497908,5.1497,0,792,8,81.91,195.81,734.51,,0.0,0.0,0.995,-0.249,0,naive
1785675824.866427,5.1663,0,792,8,81.91,195.81,734.51,,0.0,0.0,0.995,-0.249,0,naive
1785675824.8828244,5.1827,0,792,8,81.91,195.81,734.51,,0.0,0.0,0.995,-0.249,0,naive
1785675824.899704,5.1996,0,792,8,81.91,195.81,734.51,,0.0,0.0,0.995,-0.249,0,naive
1785675824.9168499,5.2167,0,792,8,81.91,195.81,734.51,,0.0,0.0,0.995,-0.249,0,naive
1785675824.9338465,5.2337,0,792,8,81.91,195.81,734.51,,0.0,0.0,0.995,-0.249,0,naive
1785675824.9508872,5.2508,0,792,8,81.91,195.81,734.51,,0.0,0.0,0.995,-0.249,0,naive
1785675824.9676647,5.2676,0,792,8,81.91,195.81,734.51,,0.0,0.0,0.995,-0.249,0,naive
1785675824.9848957,5.2848,0,792,8,81.91,195.81,734.51,,0.0,0.0,0.995,-0.249,0,naive
1785675825.0024977,5.3024,0,792,8,81.91,195.81,734.51,,0.0,0.0,0.995,-0.249,0,naive
1785675825.01817,5.3181,0,792,8,81.91,195.81,734.51,,0.0,0.0,0.995,-0.249,0,naive
1785675825.0345478,5.3344,0,792,8,81.91,195.81,734.51,,0.0,0.0,0.995,-0.249,0,naive
1785675825.051055,5.3509,0,792,8,81.91,195.81,734.51,,0.0,0.0,0.995,-0.249,0,naive
1785675825.0667567,5.3666,0,792,8,81.91,195.81,734.51,,0.0,0.0,0.995,-0.249,0,naive
1785675825.0839121,5.3838,0,792,8,81.91,195.81,734.51,,0.0,0.0,0.995,-0.249,0,naive
1785675825.10142,5.4013,0,792,8,81.91,195.81,734.51,,0.0,0.0,0.995,-0.249,0,naive
1785675825.116977,5.4169,0,792,8,81.91,195.81,734.51,,0.0,0.0,0.995,-0.249,0,naive
1785675825.1346688,5.4346,0,792,8,81.91,195.81,734.51,,0.0,0.0,0.995,-0.249,0,naive
1785675825.1518128,5.4517,0,792,8,81.91,195.81,734.51,,0.0,0.0,0.995,-0.249,0,naive
1785675825.168964,5.4689,0,792,8,81.91,195.81,734.51,,0.0,0.0,0.995,-0.249,0,naive
1785675825.186462,5.4864,0,792,8,81.91,195.81,734.51,,0.0,0.0,0.995,-0.249,0,naive
1785675825.2027187,5.5026,0,792,8,81.91,195.81,734.51,,0.0,0.0,0.995,-0.249,0,naive
1785675825.2196212,5.5195,0,792,8,81.91,195.81,734.51,,0.0,0.0,0.995,-0.249,0,naive
1785675825.2357247,5.5356,0,792,8,81.91,195.81,734.51,,0.0,0.0,0.995,-0.249,0,naive
1785675825.252521,5.5524,0,792,8,81.91,195.81,734.51,,0.0,0.0,0.995,-0.249,0,naive
1785675825.2683537,5.5682,0,792,8,81.91,195.81,734.51,,0.0,0.0,0.995,-0.249,0,naive
1785675825.284478,5.5844,0,792,8,81.91,195.81,734.51,,0.0,0.0,0.995,-0.249,0,naive
1785675825.3005352,5.6004,0,792,8,81.91,195.81,734.51,,0.0,0.0,0.995,-0.249,0,naive
1785675825.3167877,5.6167,0,792,8,81.91,195.81,734.51,,0.9505,-0.0078,1.01,-0.249,0,naive
1785675825.3345063,5.6344,0,792,8,81.91,195.81,734.51,,0.0,0.0,1.01,-0.249,0,naive
1785675825.351123,5.651,0,792,8,81.91,195.81,734.51,,0.0,0.0,1.01,-0.249,0,naive
1785675825.367432,5.6673,0,792,8,81.91,195.81,734.51,,1.136,0.0239,1.029,-0.249,0,naive
1785675825.3829138,5.6828,0,792,8,81.91,195.81,734.51,,0.0,0.0,1.029,-0.249,0,naive
1785675825.399025,5.6989,0,792,8,81.91,195.81,734.51,,0.0,0.0,1.029,-0.249,0,naive
1785675825.4158778,5.7158,0,792,8,81.91,195.81,734.51,,0.8303,0.082,1.043,-0.247,0,naive
1785675825.432464,5.7324,0,792,8,81.91,195.81,734.51,,0.0,0.0,1.043,-0.247,0,naive
1785675825.4485724,5.7485,0,792,8,81.91,195.81,734.51,,0.868,0.0724,1.057,-0.246,0,naive
1785675825.4644184,5.7643,0,792,8,81.91,195.81,734.51,,0.0,0.0,1.057,-0.246,0,naive
1785675825.4803598,5.7802,0,792,8,81.91,195.81,734.51,,0.0,0.0,1.057,-0.246,0,naive
1785675825.495912,5.7958,0,792,8,81.91,195.81,734.51,,0.7286,0.0766,1.068,-0.245,0,naive
1785675825.5127227,5.8126,0,792,8,81.91,195.81,734.51,,0.0,0.0,1.068,-0.245,0,naive
1785675825.5295956,5.8295,0,792,8,81.91,195.81,734.51,,0.7292,0.2345,1.08,-0.241,0,naive
1785675825.5465722,5.8465,0,792,8,81.91,195.81,734.51,,0.0,0.0,1.08,-0.241,0,naive
1785675825.56282,5.8627,0,792,8,81.91,195.81,734.51,,0.5486,0.2596,1.089,-0.237,0,naive
1785675825.5792878,5.8792,0,792,8,81.91,195.81,734.51,,0.0,0.0,1.089,-0.237,0,naive
1785675825.5956292,5.8955,0,792,8,81.91,195.81,734.51,,0.0,0.0,1.089,-0.237,0,naive
1785675825.6124935,5.9124,0,792,8,81.91,195.81,734.51,,0.6724,-0.0849,1.101,-0.238,0,naive
1785675825.6282444,5.9281,0,792,8,81.91,195.81,734.51,,0.0,0.0,1.101,-0.238,0,naive
1785675825.6444843,5.9444,0,792,8,81.91,195.81,734.51,,1.3753,-2.4,1.123,-0.277,0,naive
1785675825.661688,5.9616,0,792,8,81.91,195.81,734.51,,0.0,0.0,1.123,-0.277,0,naive
1785675825.6792092,5.9791,0,792,8,81.91,195.81,734.51,,3.277,-4.5667,1.18,-0.357,0,naive
1785675825.6948242,5.9947,0,792,8,81.91,195.81,734.51,,0.0,0.0,1.18,-0.357,0,naive
1785675825.7111206,6.011,0,792,8,81.91,195.81,734.51,,0.0,0.0,1.18,-0.357,0,naive
1785675825.7285442,6.0284,0,792,8,81.91,195.81,734.51,,0.0,0.0,1.18,-0.357,0,naive
1785675825.7442634,6.0442,0,792,8,81.91,195.81,734.51,,0.0,0.0,1.18,-0.357,0,naive
1785675825.7607179,6.0606,0,792,8,81.91,195.81,734.51,,0.0,0.0,1.18,-0.357,0,naive
1785675825.777931,6.0778,0,792,8,81.91,195.81,734.51,,0.0,0.0,1.18,-0.357,0,naive
1785675825.7951264,6.095,0,792,8,81.91,195.81,734.51,,0.0,0.0,1.18,-0.357,0,naive
1785675825.8116522,6.1115,0,792,8,81.91,195.81,734.51,,0.0,0.0,1.18,-0.357,0,naive
1785675825.8287015,6.1286,0,792,8,81.91,195.81,734.51,,0.0,0.0,1.18,-0.357,0,naive
1785675825.8457477,6.1456,0,792,8,81.91,195.81,734.51,,0.0,0.0,1.18,-0.357,0,naive
1785675825.8625824,6.1625,0,792,8,81.91,195.81,734.51,,0.0,0.0,1.18,-0.357,0,naive
1785675825.8800845,6.18,0,792,8,81.91,195.81,734.51,,0.0,0.0,1.18,-0.357,0,naive
1785675825.8958669,6.1958,0,792,8,81.91,195.81,734.51,,0.0,0.0,1.18,-0.357,0,naive
1785675825.913427,6.2133,0,792,8,81.91,195.81,734.51,,0.0,0.0,1.18,-0.357,0,naive
1785675825.929972,6.2299,0,792,8,81.91,195.81,734.51,,0.0,0.0,1.18,-0.357,0,naive
1785675825.946884,6.2468,0,792,8,81.91,195.81,734.51,,0.0,0.0,1.18,-0.357,0,naive
1785675825.9637175,6.2636,0,792,8,81.91,195.81,734.51,,0.0,0.0,1.18,-0.357,0,naive
1785675825.98064,6.2805,0,792,8,81.91,195.81,734.51,,0.0,0.0,1.18,-0.357,0,naive
1785675825.996711,6.2966,0,792,8,81.91,195.81,734.51,,0.0,0.0,1.18,-0.357,0,naive
1785675826.013619,6.3135,0,792,8,81.91,195.81,734.51,,0.0,0.0,1.18,-0.357,0,naive
1785675826.031013,6.3309,0,792,8,81.91,195.81,734.51,,0.0,0.0,1.18,-0.357,0,naive
1785675826.0474901,6.3474,0,792,8,81.91,195.81,734.51,,0.0,0.0,1.18,-0.357,0,naive
1785675826.0634408,6.3633,0,792,8,81.91,195.81,734.51,,0.0,0.0,1.18,-0.357,0,naive
1785675826.0793593,6.3792,0,792,8,81.91,195.81,734.51,,0.0,0.0,1.18,-0.357,0,naive
1785675826.0955892,6.3955,0,792,8,81.91,195.81,734.51,,0.0,0.0,1.18,-0.357,0,naive
1785675826.1123857,6.4123,0,792,8,81.91,195.81,734.51,,0.0,0.0,1.18,-0.357,0,naive
1785675826.1289032,6.4288,0,792,8,81.91,195.81,734.51,,0.0,0.0,1.18,-0.357,0,naive
1785675826.1460004,6.4459,0,792,8,81.91,195.81,734.51,,0.0,0.0,1.18,-0.357,0,naive
1785675826.1628537,6.4627,0,792,8,81.91,195.81,734.51,,0.0,0.0,1.18,-0.357,0,naive
1785675826.179563,6.4795,0,792,8,81.91,195.81,734.51,,0.0,0.0,1.18,-0.357,0,naive
1785675826.1957383,6.4956,0,792,8,81.91,195.81,734.51,,0.0,0.0,1.18,-0.357,0,naive
1785675826.2126708,6.5126,0,792,8,81.91,195.81,734.51,,0.0,0.0,1.18,-0.357,0,naive
1785675826.2297723,6.5297,0,792,8,81.91,195.81,734.51,,0.0,0.0,1.18,-0.357,0,naive
1785675826.2466946,6.5466,0,792,8,81.91,195.81,734.51,,0.0,0.0,1.18,-0.357,0,naive
1785675826.263936,6.5638,0,792,8,81.91,195.81,734.51,,0.0,0.0,1.18,-0.357,0,naive
1785675826.280874,6.5808,0,792,8,81.91,195.81,734.51,,0.0,0.0,1.18,-0.357,0,naive
1785675826.2978137,6.5977,0,792,8,81.91,195.81,734.51,,0.0,0.0,1.18,-0.357,0,naive
1785675826.3147426,6.6146,0,792,8,81.91,195.81,734.51,,0.0,0.0,1.18,-0.357,0,naive
1785675826.331708,6.6316,0,792,8,81.91,195.81,734.51,,0.0,0.0,1.18,-0.357,0,naive
1785675826.3488834,6.6488,0,792,8,81.91,195.81,734.51,,0.0,0.0,1.18,-0.357,0,naive
1785675826.365551,6.6654,0,792,8,81.91,195.81,734.51,,0.0,0.0,1.18,-0.357,0,naive
1785675826.3815234,6.6814,0,792,8,81.91,195.81,734.51,,0.0,0.0,1.18,-0.357,0,naive
1785675826.3976815,6.6976,0,792,8,81.91,195.81,734.51,,0.0,0.0,1.18,-0.357,0,naive
1785675826.4141934,6.7141,0,792,8,81.91,195.81,734.51,,0.0,0.0,1.18,-0.357,0,naive
1785675826.4298806,6.7298,0,792,8,81.91,195.81,734.51,,0.0,0.0,1.18,-0.357,0,naive
1785675826.4466138,6.7465,0,792,8,81.91,195.81,734.51,,0.0,0.0,1.18,-0.357,0,naive
1785675826.4626012,6.7625,0,792,8,81.91,195.81,734.51,,0.0,0.0,1.18,-0.357,0,naive
1785675826.480534,6.7804,0,792,8,81.91,195.81,734.51,,0.0,0.0,1.18,-0.357,0,naive
1785675826.4968674,6.7968,0,792,8,81.91,195.81,734.51,,0.0,0.0,1.18,-0.357,0,naive
1785675826.5146542,6.8145,0,792,8,81.91,195.81,734.51,,0.0,0.0,1.18,-0.357,0,naive
1785675826.5325222,6.8324,0,792,8,81.91,195.81,734.51,,0.0,0.0,1.18,-0.357,0,naive
1785675826.5499346,6.8498,0,792,8,81.91,195.81,734.51,,0.0,0.0,1.18,-0.357,0,naive
1785675826.5667126,6.8666,0,792,8,81.91,195.81,734.51,,0.0,0.0,1.18,-0.357,0,naive
1785675826.58351,6.8834,0,792,8,81.91,195.81,734.51,,0.0,0.0,1.18,-0.357,0,naive
1785675826.5993977,6.8993,0,792,8,81.91,195.81,734.51,,0.0,0.0,1.18,-0.357,0,naive
1785675826.6149032,6.9148,0,792,8,81.91,195.81,734.51,,0.0,0.0,1.18,-0.357,0,naive
1785675826.6316311,6.9315,0,792,8,81.91,195.81,734.51,,0.0,0.0,1.18,-0.357,0,naive
1785675826.6485894,6.9485,0,792,8,81.91,195.81,734.51,,0.0,0.0,1.18,-0.357,0,naive
1785675826.6651003,6.965,0,792,8,81.91,195.81,734.51,,0.0,0.0,1.18,-0.357,0,naive
1785675826.6827524,6.9826,0,792,8,81.91,195.81,734.51,,0.0,0.0,1.18,-0.357,0,naive
1785675826.699449,6.9993,0,792,8,81.91,195.81,734.51,,0.0,0.0,1.18,-0.357,0,naive
1785675826.7158175,7.0157,0,792,8,81.91,195.81,734.51,,0.0,0.0,1.18,-0.357,0,naive
1785675826.732906,7.0328,0,792,8,81.91,195.81,734.51,,0.0,0.0,1.18,-0.357,0,naive
1785675826.7501001,7.05,0,792,8,81.91,195.81,734.51,,0.0,0.0,1.18,-0.357,0,naive
1785675826.766258,7.0661,0,792,8,81.91,195.81,734.51,,0.0,0.0,1.18,-0.357,0,naive
1785675826.7824874,7.0824,0,792,8,81.91,195.81,734.51,,1.4279,0.396,1.204,-0.351,0,naive
1785675826.7988417,7.0987,0,792,8,81.91,195.81,734.51,,0.0,0.0,1.204,-0.351,0,naive
1785675826.815819,7.1157,0,792,8,81.91,195.81,734.51,,1.2419,0.5408,1.225,-0.342,0,naive
1785675826.8323555,7.1322,0,792,8,81.91,195.81,734.51,,0.0,0.0,1.225,-0.342,0,naive
1785675826.8483787,7.1483,0,792,8,81.91,195.81,734.51,,0.0,0.0,1.225,-0.342,0,naive
1785675826.864787,7.1647,0,792,8,81.91,195.81,734.51,,1.075,0.6317,1.242,-0.331,0,naive
1785675826.88158,7.1815,0,792,8,81.91,195.81,734.51,,0.0,0.0,1.242,-0.331,0,naive
1785675826.8976324,7.1975,0,792,8,81.91,195.81,734.51,,1.2855,0.7651,1.263,-0.319,0,naive
1785675826.9143236,7.2142,0,792,8,81.91,195.81,734.51,,0.0,0.0,1.263,-0.319,0,naive
1785675826.9298723,7.2298,0,792,8,81.91,195.81,734.51,,1.0845,0.6413,1.28,-0.309,0,naive
1785675826.9465744,7.2465,0,792,8,81.91,195.81,734.51,,0.0,0.0,1.28,-0.309,0,naive
1785675826.9626482,7.2625,0,792,8,81.91,195.81,734.51,,0.0,0.0,1.28,-0.309,0,naive
1785675826.978961,7.2789,0,792,8,81.91,195.81,734.51,,1.3155,0.7519,1.301,-0.297,0,naive
1785675826.9958363,7.2957,0,792,8,81.91,195.81,734.51,,0.0,0.0,1.301,-0.297,0,naive
1785675827.0126052,7.3125,0,792,8,81.91,195.81,734.51,,1.0379,0.5994,1.319,-0.287,0,naive
1785675827.02837,7.3283,0,792,8,81.91,195.81,734.51,,0.0,0.0,1.319,-0.287,0,naive
1785675827.0439813,7.3439,0,792,8,81.91,195.81,734.51,,1.2849,0.2919,1.339,-0.282,0,naive
1785675827.0605912,7.3605,0,792,8,81.91,195.81,734.51,,0.0,0.0,1.339,-0.282,0,naive
1785675827.0769165,7.3768,0,792,8,81.91,195.81,734.51,,0.0,0.0,1.339,-0.282,0,naive
1785675827.0936387,7.3935,0,792,8,81.91,195.81,734.51,,1.2706,0.1442,1.36,-0.28,0,naive
1785675827.1105475,7.4104,0,792,8,81.91,195.81,734.51,,0.0,0.0,1.36,-0.28,0,naive
1785675827.126518,7.4264,0,792,8,81.91,195.81,734.51,,1.4895,-0.1962,1.384,-0.283,0,naive
1785675827.142073,7.442,0,792,8,81.91,195.81,734.51,,0.0,0.0,1.384,-0.283,0,naive
1785675827.1587603,7.4586,0,792,8,81.91,195.81,734.51,,0.0,0.0,1.384,-0.283,0,naive
1785675827.1759593,7.4758,0,792,8,81.91,195.81,734.51,,1.331,-0.3254,1.407,-0.288,0,naive
1785675827.192874,7.4928,0,792,8,81.91,195.81,734.51,,0.0,0.0,1.407,-0.288,0,naive
1785675827.209448,7.5093,0,792,8,81.91,195.81,734.51,,1.3783,-0.2973,1.43,-0.293,0,naive
1785675827.2259772,7.5259,0,792,8,81.91,195.81,734.51,,0.0,0.0,1.43,-0.293,0,naive
1785675827.242709,7.5426,0,792,8,81.91,195.81,734.51,,0.0,0.0,1.43,-0.293,0,naive
1785675827.259684,7.5596,0,792,8,81.91,195.81,734.51,,0.9864,-0.1825,1.446,-0.296,0,naive
1785675827.2767203,7.5766,0,792,8,81.91,195.81,734.51,,0.0,0.0,1.446,-0.296,0,naive
1785675827.2937403,7.5936,0,792,8,81.91,195.81,734.51,,1.1791,0.0909,1.466,-0.295,0,naive
1785675827.31035,7.6102,0,792,8,81.91,195.81,734.51,,0.0,0.0,1.466,-0.295,0,naive
1785675827.3265216,7.6264,0,792,8,81.91,195.81,734.51,,0.7789,0.4319,1.479,-0.288,0,naive
1785675827.3420215,7.6419,0,792,8,81.91,195.81,734.51,,0.0,0.0,1.479,-0.288,0,naive
1785675827.3589864,7.6589,0,792,8,81.91,195.81,734.51,,0.0,0.0,1.479,-0.288,0,naive
1785675827.375691,7.6756,0,792,8,81.91,195.81,734.51,,0.0,0.0,1.479,-0.288,0,naive
1785675827.3925126,7.6924,0,792,8,81.91,195.81,734.51,,0.0,0.0,1.479,-0.288,0,naive
1785675827.408198,7.7081,0,792,8,81.91,195.81,734.51,,0.0,0.0,1.479,-0.288,0,naive
1785675827.4256322,7.7255,0,792,8,81.91,195.81,734.51,,0.0,0.0,1.479,-0.288,0,naive
1785675827.4419398,7.7418,0,792,8,81.91,195.81,734.51,,0.6867,2.0584,1.49,-0.254,0,naive
1785675827.458599,7.7585,0,792,8,81.91,195.81,734.51,,0.0,0.0,1.49,-0.254,0,naive
1785675827.475453,7.7753,0,792,8,81.91,195.81,734.51,,0.0,0.0,1.49,-0.254,0,naive
1785675827.4915314,7.7914,0,792,8,81.91,195.81,734.51,,0.0,0.0,1.49,-0.254,0,naive
1785675827.5078282,7.8077,0,792,8,81.91,195.81,734.51,,-0.6885,7.2832,1.479,-0.136,0,naive
1785675827.5248346,7.8247,0,792,8,81.91,195.81,734.51,,0.0,0.0,1.479,-0.136,0,naive
1785675827.5426018,7.8425,0,792,8,81.91,195.81,734.51,,-1.7342,7.3579,1.448,-0.005,0,naive
1785675827.559353,7.8592,0,792,8,81.91,195.81,734.51,,0.0,0.0,1.448,-0.005,0,naive
1785675827.5758002,7.8757,0,792,8,81.91,195.81,734.51,,0.0,0.0,1.448,-0.005,0,naive
1785675827.592499,7.8924,0,792,14.5,81.91,195.81,732.87,,-1.9717,8.071,1.415,0.13,0,naive
1785675827.6088903,7.9088,0,792,20.89,81.91,195.81,731.32,,0.0,0.0,1.415,0.13,0,naive
1785675827.625883,7.9258,0,792,34.86,81.91,195.81,728.1,,-3.5456,8.4879,1.355,0.274,0,naive
1785675827.642702,7.9426,0,792,48.68,81.91,195.81,725.17,,0.0,0.0,1.355,0.274,0,naive
1785675827.6594543,7.9593,0,792,67.61,81.91,195.81,721.57,,-6.4181,6.1208,1.247,0.377,0,naive
1785675827.6751325,7.975,0,792,85.32,81.91,195.81,718.63,,0.0,0.0,1.247,0.377,0,naive
1785675827.6925244,7.9924,0,792,104.97,81.91,195.81,715.88,,0.0,0.0,1.247,0.377,0,naive
1785675827.7089381,8.0088,0,792,125.96,81.91,195.81,713.52,,-6.6568,3.0197,1.138,0.426,0,naive
1785675827.7257648,8.0257,0,792,147.47,81.91,195.81,711.73,,0.0,0.0,1.138,0.426,0,naive
1785675827.7424488,8.0423,0,792,165.21,81.91,195.81,710.75,,-7.5829,-4.2987,1.012,0.354,0,naive
1785675827.7583795,8.0583,0,792,182.15,81.91,195.81,710.22,,0.0,0.0,1.012,0.354,0,naive
1785675827.7749739,8.0749,0,792,199.79,81.91,195.81,710.1,,0.0,0.0,1.012,0.354,0,naive
1785675827.7918334,8.0917,0,792,207.82,81.91,195.81,710.19,,-1.1151,-11.6022,0.993,0.159,0,naive
1785675827.8092072,8.1091,0,792,216.1,81.91,195.81,710.38,,0.0,0.0,0.993,0.159,0,naive
1785675827.8252225,8.1251,0,792,213.64,81.91,195.81,710.31,,0.859,-13.1192,1.007,-0.051,0,naive
1785675827.84223,8.1421,0,792,211.02,81.91,195.81,710.25,,0.0,0.0,1.007,-0.051,0,naive
1785675827.8582494,8.1581,0,792,208.56,81.91,195.81,710.2,,0.0,0.0,1.007,-0.051,0,naive
1785675827.8739705,8.1739,0,792,197.15,81.91,195.81,710.09,,2.5364,-12.1202,1.047,-0.242,0,naive
1785675827.8905075,8.1904,0,792,185.15,81.91,195.81,710.17,,0.0,0.0,1.047,-0.242,0,naive
1785675827.906215,8.2061,0,792,167.52,81.91,195.81,710.65,,2.7631,-8.4287,1.09,-0.374,0,naive
1785675827.9217968,8.2217,0,792,150.02,81.91,195.81,711.56,,0.0,0.0,1.09,-0.374,0,naive
1785675827.9386084,8.2385,0,792,131.15,81.91,195.81,713.03,,0.0,0.0,1.09,-0.374,0,naive
1785675827.9547327,8.2546,0,792,109.74,81.91,195.81,715.29,,0.3565,-4.2419,1.096,-0.443,0,naive
1785675827.9713678,8.2713,0,792,87.65,81.91,195.81,718.28,,0.0,0.0,1.096,-0.443,0,naive
1785675827.9883254,8.2882,0,792,63.59,81.91,195.81,722.29,,-1.1468,-1.7928,1.076,-0.473,0,naive
1785675828.0039525,8.3038,0,792,41.41,81.91,195.81,726.68,,0.0,0.0,1.076,-0.473,0,naive
1785675828.0207539,8.3206,0,792,16.85,81.91,195.81,732.29,,-0.7519,-0.8506,1.064,-0.487,0,naive
1785675828.03765,8.3375,0,792,8,81.91,195.81,734.51,,0.0,0.0,1.064,-0.487,0,naive
1785675828.0536194,8.3535,0,792,8,81.91,195.81,734.51,,0.0,0.0,1.064,-0.487,0,naive
1785675828.070578,8.3705,0,792,8,81.91,195.81,734.51,,0.0,0.0,1.064,-0.487,0,naive
1785675828.0871177,8.387,0,792,8,81.91,195.81,734.51,,0.0,0.0,1.064,-0.487,0,naive
1785675828.1044264,8.4043,0,792,8,81.91,195.81,734.51,,0.5647,-0.0682,1.073,-0.488,0,naive
1785675828.1207342,8.4206,0,792,8,81.91,195.81,734.51,,0.0,0.0,1.073,-0.488,0,naive
1785675828.137342,8.4372,0,792,8,81.91,195.81,734.51,,0.0,0.0,1.073,-0.488,0,naive
1785675828.1535916,8.4535,0,792,8,81.91,195.81,734.51,,0.0,0.0,1.073,-0.488,0,naive
1785675828.1711092,8.471,0,792,8,81.91,195.81,734.51,,0.0,0.0,1.073,-0.488,0,naive
1785675828.1878028,8.4877,0,792,8,81.91,195.81,734.51,,0.2913,0.3709,1.078,-0.482,0,naive
1785675828.2046278,8.5045,0,792,8,81.91,195.81,734.51,,0.0,0.0,1.078,-0.482,0,naive
1785675828.2216828,8.5216,0,792,8,81.91,195.81,734.51,,0.0,0.0,1.078,-0.482,0,naive
1785675828.2382324,8.5381,0,792,8,81.91,195.81,734.51,,0.0,0.0,1.078,-0.482,0,naive
1785675828.254664,8.5546,0,792,8,81.91,195.81,734.51,,0.8542,0.1974,1.092,-0.479,0,naive
1785675828.2715914,8.5715,0,792,8,81.91,195.81,734.51,,0.0,0.0,1.092,-0.479,0,naive
1785675828.288425,8.5883,0,792,8,81.91,195.81,734.51,,0.53,0.2315,1.101,-0.475,0,naive
1785675828.3049648,8.6049,0,792,8,81.91,195.81,734.51,,0.0,0.0,1.101,-0.475,0,naive
1785675828.32269,8.6226,0,792,8,81.91,195.81,734.51,,0.3739,0.4008,1.108,-0.468,0,naive
1785675828.3401542,8.64,0,792,8,81.91,195.81,734.51,,0.0,0.0,1.108,-0.468,0,naive
1785675828.3558667,8.6558,0,792,8,81.91,195.81,734.51,,0.4648,0.3864,1.115,-0.462,0,naive
1785675828.372639,8.6725,0,792,8,81.91,195.81,734.51,,0.0,0.0,1.115,-0.462,0,naive
1785675828.3888505,8.6887,0,792,8,81.91,195.81,734.51,,0.0,0.0,1.115,-0.462,0,naive
1785675828.4057984,8.7057,0,792,8,81.91,195.81,734.51,,0.3589,0.3476,1.121,-0.456,0,naive
1785675828.422507,8.7224,0,792,8,81.91,195.81,734.51,,0.0,0.0,1.121,-0.456,0,naive
1785675828.4379776,8.7379,0,792,8,81.91,195.81,734.51,,0.0,0.0,1.121,-0.456,0,naive
1785675828.4554908,8.7554,0,792,8,81.91,195.81,734.51,,0.521,0.3081,1.13,-0.451,0,naive
1785675828.4723957,8.7723,0,792,8,81.91,195.81,734.51,,0.0,0.0,1.13,-0.451,0,naive
1785675828.488097,8.788,0,792,8,81.91,195.81,734.51,,0.0,0.0,1.13,-0.451,0,naive
1785675828.5045893,8.8045,0,792,8,81.91,195.81,734.51,,0.5773,0.2554,1.14,-0.446,0,naive
1785675828.5216894,8.8216,0,792,8,81.91,195.81,734.51,,0.0,0.0,1.14,-0.446,0,naive
1785675828.5388045,8.8387,0,792,8,81.91,195.81,734.51,,0.3619,0.2219,1.146,-0.443,0,naive
1785675828.5555215,8.8554,0,792,8,81.91,195.81,734.51,,0.0,0.0,1.146,-0.443,0,naive
1785675828.5710742,8.871,0,792,8,81.91,195.81,734.51,,0.0,0.0,1.146,-0.443,0,naive
1785675828.5884547,8.8883,0,792,8,81.91,195.81,734.51,,0.5868,0.2213,1.156,-0.439,0,naive
1785675828.6044958,8.9044,0,792,8,81.91,195.81,734.51,,0.0,0.0,1.156,-0.439,0,naive
1785675828.6202762,8.9202,0,792,8,81.91,195.81,734.51,,0.4714,0.2213,1.164,-0.435,0,naive
1785675828.6362143,8.9361,0,792,8,81.91,195.81,734.51,,0.0,0.0,1.164,-0.435,0,naive
1785675828.6523488,8.9522,0,792,8,81.91,195.81,734.51,,0.0,0.0,1.164,-0.435,0,naive
1785675828.6685634,8.9685,0,792,8,81.91,195.81,734.51,,0.5342,0.3075,1.172,-0.43,0,naive
1785675828.6848333,8.9847,0,792,8,81.91,195.81,734.51,,0.0,0.0,1.172,-0.43,0,naive
1785675828.7026813,9.0026,0,792,8,81.91,195.81,734.51,,0.4576,0.2076,1.18,-0.427,0,naive
1785675828.7194164,9.0193,0,792,8,81.91,195.81,734.51,,0.0,0.0,1.18,-0.427,0,naive
1785675828.7351325,9.035,0,792,8,81.91,195.81,734.51,,0.3045,0.0353,1.185,-0.426,0,naive
1785675828.7517188,9.0516,0,792,8,81.91,195.81,734.51,,0.0,0.0,1.185,-0.426,0,naive
1785675828.7683232,9.0682,0,792,8,81.91,195.81,734.51,,0.1418,-0.5659,1.188,-0.436,0,naive
1785675828.784714,9.0846,0,792,8,81.91,195.81,734.51,,0.0,0.0,1.188,-0.436,0,naive
1785675828.8017824,9.1017,0,792,8,81.91,195.81,734.51,,0.0,0.0,1.188,-0.436,0,naive
1785675828.8183327,9.1182,0,792,8,81.91,195.81,734.51,,0.0,0.0,1.188,-0.436,0,naive
1785675828.8338008,9.1337,0,792,8,81.91,195.81,734.51,,0.2728,-1.9101,1.192,-0.465,0,naive
1785675828.8511212,9.151,0,792,8,81.91,195.81,734.51,,0.0,0.0,1.192,-0.465,0,naive
1785675828.8668673,9.1668,0,792,8,81.91,195.81,734.51,,0.0,0.0,1.192,-0.465,0,naive
1785675828.8835642,9.1835,0,792,8,81.91,195.81,734.51,,0.0,0.0,1.192,-0.465,0,naive
1785675828.900007,9.1999,0,792,8,81.91,195.81,734.51,,1.2712,-5.9545,1.213,-0.563,0,naive
1785675828.9174595,9.2173,0,792,8,81.91,195.81,734.51,,0.0,0.0,1.213,-0.563,0,naive
1785675828.933916,9.2338,0,792,8,81.91,195.81,734.51,,0.0,0.0,1.213,-0.563,0,naive
1785675828.950676,9.2506,0,792,8,81.91,195.81,734.51,,0.0,0.0,1.213,-0.563,0,naive
1785675828.9673026,9.2672,0,792,8,81.91,195.81,734.51,,0.0,0.0,1.213,-0.563,0,naive
1785675828.9827461,9.2826,0,792,8,81.91,195.81,734.51,,1.9011,-7.5224,1.242,-0.679,0,naive
1785675828.9993167,9.2992,0,792,8,81.91,195.81,734.51,,0.0,0.0,1.242,-0.679,0,naive
1785675829.0153837,9.3153,0,792,8,81.91,195.81,734.51,,-1.0211,-7.9579,1.226,-0.807,0,naive
1785675829.0315917,9.3315,0,792,8,81.91,195.81,734.51,,0.0,0.0,1.226,-0.807,0,naive
1785675829.0478725,9.3478,0,792,8,81.91,195.81,734.51,,0.0,0.0,1.226,-0.807,0,naive
1785675829.0645337,9.3644,0,792,8,81.91,195.81,734.51,,-1.6552,-6.07,1.198,-0.908,0,naive
1785675829.0809817,9.3809,0,792,8,81.91,195.81,734.51,,0.0,0.0,1.198,-0.908,0,naive
1785675829.097774,9.3977,0,792,8,81.91,195.81,734.51,,-5.6602,-1.7049,1.103,-0.937,0,naive
1785675829.1151912,9.4151,0,792,8,81.91,195.81,734.51,,0.0,0.0,1.103,-0.937,0,naive
1785675829.1317437,9.4316,0,792,8,81.91,195.81,734.51,,0.0,0.0,1.103,-0.937,0,naive
1785675829.1483772,9.4483,0,792,8,81.91,195.81,734.51,,-11.814,5.4921,0.907,-0.845,0,naive
1785675829.1638534,9.4637,0,792,8,81.91,195.81,734.51,,0.0,0.0,0.907,-0.845,0,naive
1785675829.1807485,9.4806,0,792,8,81.91,195.81,734.51,,-8.8612,11.394,0.757,-0.653,0,naive
1785675829.1976726,9.4976,0,792,8,81.91,195.81,734.51,,0.0,0.0,0.757,-0.653,0,naive
1785675829.2144926,9.5144,0,792,8,81.91,195.81,734.51,,0.0,0.0,0.757,-0.653,0,naive
1785675829.2306712,9.5306,0,792,8,81.91,195.81,734.51,,-4.1145,11.0566,0.69,-0.474,0,naive
1785675829.2478702,9.5478,0,792,8,81.91,195.81,734.51,,0.0,0.0,0.69,-0.474,0,naive
1785675829.2644913,9.5644,0,792,8,81.91,195.81,734.51,,0.0,0.0,0.69,-0.474,0,naive
1785675829.2810752,9.581,0,792,8,81.91,195.81,734.51,,-0.8943,7.1545,0.675,-0.355,0,naive
1785675829.2979937,9.5979,0,792,8,81.91,195.81,734.51,,0.0,0.0,0.675,-0.355,0,naive
1785675829.3148994,9.6148,0,792,8,81.91,195.81,734.51,,1.1462,3.6766,0.695,-0.293,0,naive
1785675829.3324146,9.6323,0,792,8,81.91,195.81,734.51,,0.0,0.0,0.695,-0.293,0,naive
1785675829.348647,9.6485,0,792,8,81.91,195.81,734.51,,0.0,0.0,0.695,-0.293,0,naive
1785675829.3656654,9.6656,0,792,8,81.91,195.81,734.51,,2.7894,2.4646,0.742,-0.251,0,naive
1785675829.3826265,9.6825,0,792,8,81.91,195.81,734.51,,0.0,0.0,0.742,-0.251,0,naive
1785675829.399384,9.6993,0,792,8,81.91,195.81,734.51,,1.6863,2.1386,0.771,-0.215,0,naive
1785675829.4152994,9.7152,0,792,8,81.91,195.81,734.51,,0.0,0.0,0.771,-0.215,0,naive
1785675829.4316504,9.7315,0,792,8,81.91,195.81,734.51,,0.0,0.0,0.771,-0.215,0,naive
1785675829.4493775,9.7493,0,792,8,81.91,195.81,734.51,,0.5713,1.5284,0.781,-0.188,0,naive
1785675829.4654534,9.7653,0,792,8,81.91,195.81,734.51,,0.0,0.0,0.781,-0.188,0,naive
1785675829.4815958,9.7815,0,792,8,81.91,195.81,734.51,,1.1474,1.5105,0.799,-0.164,0,naive
1785675829.4975379,9.7974,0,792,8,81.91,195.81,734.51,,0.0,0.0,0.799,-0.164,0,naive
1785675829.5134046,9.8133,0,792,8,81.91,195.81,734.51,,0.0,0.0,0.799,-0.164,0,naive
1785675829.5291946,9.8291,0,792,8,81.91,195.81,734.51,,0.1597,1.2275,0.802,-0.145,0,naive
1785675829.5457845,9.8457,0,792,8,81.91,195.81,734.51,,0.0,0.0,0.802,-0.145,0,naive
1785675829.5625012,9.8624,0,792,8,81.91,195.81,734.51,,0.0,0.0,0.802,-0.145,0,naive
1785675829.5786204,9.8785,0,792,8,81.91,195.81,734.51,,0.0,0.0,0.802,-0.145,0,naive
1785675829.594667,9.8946,0,792,8,81.91,195.81,734.51,,1.3143,0.7412,0.823,-0.133,0,naive
1785675829.6115136,9.9114,0,792,8,81.91,195.81,734.51,,0.0,0.0,0.823,-0.133,0,naive
1785675829.6276813,9.9276,0,792,8,81.91,195.81,734.51,,0.0,0.0,0.823,-0.133,0,naive
1785675829.6444316,9.9443,0,792,8,81.91,195.81,734.51,,0.9476,0.338,0.839,-0.127,0,naive
1785675829.6600149,9.9599,0,792,8,81.91,195.81,734.51,,0.0,0.0,0.839,-0.127,0,naive
1785675829.6767948,9.9767,0,792,8,81.91,195.81,734.51,,0.0,0.0,0.839,-0.127,0,naive
1785675829.6937838,9.9937,0,792,8,81.91,195.81,734.51,,0.0,0.0,0.839,-0.127,0,naive
1785675829.7116396,10.0115,0,792,8,81.91,195.81,734.51,,1.2467,0.7167,0.861,-0.114,0,naive
1785675829.7275312,10.0274,0,792,8,81.91,195.81,734.51,,0.0,0.0,0.861,-0.114,0,naive
1785675829.74392,10.0438,0,792,8,81.91,195.81,734.51,,0.7167,0.9284,0.873,-0.099,0,naive
1785675829.7606905,10.0606,0,792,8,81.91,195.81,734.51,,0.0,0.0,0.873,-0.099,0,naive
1785675829.7776976,10.0776,0,792,8,81.91,195.81,734.51,,0.0,0.0,0.873,-0.099,0,naive
1785675829.7950404,10.0949,0,792,8,81.91,195.81,734.51,,0.588,1.2012,0.883,-0.078,0,naive
1785675829.8115606,10.1114,0,792,8,81.91,195.81,734.51,,0.0,0.0,0.883,-0.078,0,naive
1785675829.8291264,10.129,0,792,8,81.91,195.81,734.51,,0.5025,1.3926,0.892,-0.054,0,naive
1785675829.8451374,10.145,0,792,8,81.91,195.81,734.51,,0.0,0.0,0.892,-0.054,0,naive
1785675829.8616645,10.1616,0,792,8,81.91,195.81,734.51,,0.7854,1.5835,0.905,-0.028,0,naive
1785675829.8792157,10.1791,0,792,8,81.91,195.81,734.51,,0.0,0.0,0.905,-0.028,0,naive
1785675829.8951426,10.195,0,792,8,81.91,195.81,734.51,,0.0,0.0,0.905,-0.028,0,naive
1785675829.9107895,10.2107,0,792,8,81.91,195.81,734.51,,0.0,0.0,0.905,-0.028,0,naive
1785675829.9276404,10.2275,0,792,8,81.91,195.81,734.51,,0.0,0.0,0.905,-0.028,0,naive
1785675829.94475,10.2446,0,792,8,81.91,195.81,734.51,,0.0,0.0,0.905,-0.028,0,naive
1785675829.9615443,10.2614,0,792,8,81.91,195.81,734.51,,0.0,0.0,0.905,-0.028,0,naive
1785675829.9777002,10.2776,0,792,8,81.91,195.81,734.51,,0.0,0.0,0.905,-0.028,0,naive
1785675829.9949133,10.2948,0,792,8,81.91,195.81,734.51,,0.0,0.0,0.905,-0.028,0,naive
1785675830.0126963,10.3126,0,792,8,81.91,195.81,734.51,,0.0,0.0,0.905,-0.028,0,naive
1785675830.0296266,10.3295,0,792,8,81.91,195.81,734.51,,0.0,0.0,0.905,-0.028,0,naive
1785675830.046295,10.3462,0,792,8,81.91,195.81,734.51,,0.0,0.0,0.905,-0.028,0,naive
1785675830.0617979,10.3617,0,792,8,81.91,195.81,734.51,,0.0,0.0,0.905,-0.028,0,naive
1785675830.0784853,10.3784,0,792,8,81.91,195.81,734.51,,0.0,0.0,0.905,-0.028,0,naive
1785675830.0941658,10.3941,0,792,8,81.91,195.81,734.51,,0.0,0.0,0.905,-0.028,0,naive
1785675830.1109178,10.4108,0,792,8,81.91,195.81,734.51,,0.0,0.0,0.905,-0.028,0,naive
1785675830.1281974,10.4281,0,792,8.02,81.91,195.81,734.5,,0.676,1.6181,0.916,0.0,0,naive
1785675830.1451082,10.445,0,792,8.04,81.91,195.81,734.49,,0.0,0.0,0.916,0.0,0,naive
1785675830.1608436,10.4607,0,792,8.06,81.91,195.81,734.49,,0.0,0.0,0.916,0.0,0,naive
1785675830.1778831,10.4778,0,792,11.76,81.91,195.81,733.55,,0.0772,4.2144,0.918,0.072,0,naive
1785675830.1955862,10.4955,0,792,15.59,81.91,195.81,732.6,,0.0,0.0,0.918,0.072,0,naive
1785675830.2127244,10.5126,0,792,19.31,81.91,195.81,731.7,,0.0,0.0,0.918,0.072,0,naive
1785675830.2294579,10.5293,0,792,22.93,81.91,195.81,730.83,,0.0,0.0,0.918,0.072,0,naive
1785675830.245187,10.5451,0,792,26.34,81.91,195.81,730.03,,0.0,0.0,0.918,0.072,0,naive
1785675830.262446,10.5623,0,792,30.08,81.91,195.81,729.17,,0.0,0.0,0.918,0.072,0,naive
1785675830.2779074,10.5778,0,792,33.43,81.91,195.81,728.42,,0.0,0.0,0.918,0.072,0,naive
1785675830.2950697,10.595,0,792,37.15,81.91,195.81,727.6,,0.0,0.0,0.918,0.072,0,naive
1785675830.3116736,10.6116,0,792,40.75,81.91,195.81,726.82,,0.0,0.0,0.918,0.072,0,naive
1785675830.328901,10.6288,0,792,44.48,81.91,195.81,726.03,,0.0,0.0,0.918,0.072,0,naive
1785675830.3459935,10.6459,0,792,48.19,81.91,195.81,725.27,,0.0,0.0,0.918,0.072,0,naive
1785675830.3625185,10.6624,0,792,51.77,81.91,195.81,724.55,,0.0,0.0,0.918,0.072,0,naive
1785675830.3804154,10.6803,0,792,55.64,81.91,195.81,723.79,,0.0,0.0,0.918,0.072,0,naive
1785675830.396157,10.696,0,792,59.06,81.91,195.81,723.14,,0.0,0.0,0.918,0.072,0,naive
1785675830.4124625,10.7124,0,792,62.59,81.91,195.81,722.48,,0.0,0.0,0.918,0.072,0,naive
1785675830.4289372,10.7288,0,792,70.09,81.91,195.81,721.13,,-0.5521,4.8275,0.909,0.152,0,naive
1785675830.4464803,10.7464,0,792,78.08,81.91,195.81,719.78,,0.0,0.0,0.909,0.152,0,naive
1785675830.462559,10.7624,0,792,85.4,81.91,195.81,718.62,,0.0,0.0,0.909,0.152,0,naive
1785675830.4785008,10.7784,0,792,91.59,81.91,195.81,717.7,,-1.2502,-1.3992,0.889,0.129,0,naive
1785675830.4950802,10.795,0,792,98.03,81.91,195.81,716.79,,0.0,0.0,0.889,0.129,0,naive
1785675830.511663,10.8116,0,792,104.47,81.91,195.81,715.94,,0.0,0.0,0.889,0.129,0,naive
1785675830.528487,10.8284,0,792,111.0,81.91,195.81,715.13,,0.0,0.0,0.889,0.129,0,naive
1785675830.544661,10.8446,0,792,117.28,81.91,195.81,714.42,,0.0,0.0,0.889,0.129,0,naive
1785675830.5615396,10.8614,0,792,123.84,81.91,195.81,713.73,,0.0,0.0,0.889,0.129,0,naive
1785675830.5775788,10.8775,0,792,130.07,81.91,195.81,713.13,,0.0,0.0,0.889,0.129,0,naive
1785675830.5950463,10.8949,0,792,136.85,81.91,195.81,712.53,,0.0,0.0,0.889,0.129,0,naive
1785675830.6124916,10.9124,0,792,143.63,81.91,195.81,712.0,,0.0,0.0,0.889,0.129,0,naive
1785675830.6285183,10.9284,0,792,149.85,81.91,195.81,711.57,,0.0,0.0,0.889,0.129,0,naive
1785675830.6449022,10.9448,0,792,156.22,81.91,195.81,711.19,,0.0,0.0,0.889,0.129,0,naive
1785675830.661605,10.9615,0,792,162.7,81.91,195.81,710.86,,0.0,0.0,0.889,0.129,0,naive
1785675830.6782715,10.9782,0,792,169.18,81.91,195.81,710.59,,0.0,0.0,0.889,0.129,0,naive
1785675830.6948614,10.9948,0,792,175.62,81.91,195.81,710.38,,0.0,0.0,0.889,0.129,0,naive
1785675830.7126665,11.0126,0,792,182.53,81.91,195.81,710.21,,0.0,0.0,0.889,0.129,0,naive
1785675830.7297342,11.0296,0,792,187.54,81.91,195.81,710.14,,-0.8118,-1.855,0.875,0.098,0,naive
1785675830.7474544,11.0473,0,792,192.74,81.91,195.81,710.1,,0.0,0.0,0.875,0.098,0,naive
1785675830.76389,11.0638,0,792,197.56,81.91,195.81,710.09,,0.0,0.0,0.875,0.098,0,naive
1785675830.7808375,11.0807,0,792,201.77,81.91,195.81,710.11,,0.6419,-0.8931,0.886,0.083,0,naive
1785675830.7979815,11.0979,0,792,206.02,81.91,195.81,710.16,,0.0,0.0,0.886,0.083,0,naive
1785675830.814588,11.1145,0,792,210.19,81.91,195.81,710.23,,0.28,0.064,0.89,0.084,0,naive
1785675830.83022,11.1301,0,792,214.11,81.91,195.81,710.32,,0.0,0.0,0.89,0.084,0,naive
1785675830.8466866,11.1466,0,792,218.25,81.91,195.81,710.44,,0.0,0.0,0.89,0.084,0,naive
1785675830.8634238,11.1633,0,792,222.92,81.91,195.81,710.61,,-0.0724,0.5569,0.889,0.093,0,naive
1785675830.879711,11.1796,0,792,227.47,81.91,195.81,710.79,,0.0,0.0,0.889,0.093,0,naive
1785675830.8963091,11.1962,0,792,232.1,81.91,195.81,711.02,,0.0,0.0,0.889,0.093,0,naive
1785675830.912856,11.2127,0,792,237.38,81.91,195.81,711.3,,0.2016,0.8016,0.892,0.106,0,naive
1785675830.929641,11.2295,0,792,242.73,81.91,195.81,711.64,,0.0,0.0,0.892,0.106,0,naive
1785675830.946957,11.2468,0,792,248.25,81.91,195.81,712.02,,0.0,0.0,0.892,0.106,0,naive
1785675830.9639275,11.2638,0,792,253.67,81.91,195.81,712.44,,0.0,0.0,0.892,0.106,0,naive
1785675830.9814696,11.2814,0,792,259.26,81.91,195.81,712.92,,0.0,0.0,0.892,0.106,0,naive
1785675830.9971364,11.297,0,792,264.26,81.91,195.81,713.38,,0.0,0.0,0.892,0.106,0,naive
1785675831.0135334,11.3134,0,792,269.49,81.91,195.81,713.9,,0.0,0.0,0.892,0.106,0,naive
1785675831.029886,11.3298,0,792,274.7,81.91,195.81,714.46,,0.0,0.0,0.892,0.106,0,naive
1785675831.046758,11.3466,0,792,280.08,81.91,195.81,715.07,,0.0,0.0,0.892,0.106,0,naive
1785675831.0640538,11.3639,0,792,285.6,81.91,195.81,715.74,,0.0,0.0,0.892,0.106,0,naive
1785675831.0813708,11.3813,0,792,291.12,81.91,195.81,716.46,,0.0,0.0,0.892,0.106,0,naive
1785675831.0971851,11.3971,0,792,296.17,81.91,195.81,717.15,,0.0,0.0,0.892,0.106,0,naive
1785675831.1136205,11.4135,0,792,301.41,81.91,195.81,717.9,,0.0,0.0,0.892,0.106,0,naive
1785675831.1293254,11.4292,0,792,306.42,81.91,195.81,718.65,,0.0,0.0,0.892,0.106,0,naive
1785675831.1453514,11.4452,0,792,311.53,81.91,195.81,719.46,,0.0,0.0,0.892,0.106,0,naive
1785675831.1617517,11.4616,0,792,316.76,81.91,195.81,720.32,,0.0,0.0,0.892,0.106,0,naive
1785675831.1784205,11.4783,0,792,322.08,81.91,195.81,721.23,,0.0,0.0,0.892,0.106,0,naive
1785675831.1940918,11.494,0,792,327.07,81.91,195.81,722.12,,0.0,0.0,0.892,0.106,0,naive
1785675831.2106733,11.5106,0,792,332.36,81.91,195.81,723.1,,0.0,0.0,0.892,0.106,0,naive
1785675831.2275941,11.5275,0,792,337.76,81.91,195.81,724.14,,0.0,0.0,0.892,0.106,0,naive
1785675831.2448697,11.5448,0,792,343.27,81.91,195.81,725.24,,0.0,0.0,0.892,0.106,0,naive
1785675831.2616022,11.5615,0,792,348.6,81.91,195.81,726.34,,0.0,0.0,0.892,0.106,0,naive
1785675831.2780147,11.5779,0,792,353.84,81.91,195.81,727.46,,0.0,0.0,0.892,0.106,0,naive
1785675831.2948415,11.5947,0,792,359.21,81.91,195.81,728.65,,0.0,0.0,0.892,0.106,0,naive
1785675831.3129308,11.6128,0,792,364.98,81.91,195.81,729.96,,0.0,0.0,0.892,0.106,0,naive
1785675831.329794,11.6297,0,792,370.35,81.91,195.81,731.23,,0.0,0.0,0.892,0.106,0,naive
1785675831.3467083,11.6466,0,792,375.75,81.91,195.81,732.53,,0.0,0.0,0.892,0.106,0,naive
1785675831.363415,11.6633,0,792,381.08,81.91,195.81,733.86,,0.0,0.0,0.892,0.106,0,naive
1785675831.379863,11.6798,0,792,386.32,81.91,195.81,735.2,,0.0,0.0,0.892,0.106,0,naive
1785675831.3966901,11.6966,0,792,391.69,81.91,195.81,736.61,,0.0,0.0,0.892,0.106,0,naive
1785675831.4137478,11.7136,0,792,397.13,81.91,195.81,738.08,,0.0,0.0,0.892,0.106,0,naive
1785675831.4305623,11.7305,0,792,402.49,81.91,195.81,739.56,,0.0,0.0,0.892,0.106,0,naive
1785675831.447381,11.7473,0,792,407.86,81.91,195.81,741.07,,0.0,0.0,0.892,0.106,0,naive
1785675831.4643586,11.7642,0,792,413.27,81.91,195.81,742.64,,0.0,0.0,0.892,0.106,0,naive
1785675831.4809675,11.7809,0,792,418.57,81.91,195.81,744.21,,0.0,0.0,0.892,0.106,0,naive
1785675831.4975698,11.7975,0,792,423.86,81.91,195.81,745.81,,0.0,0.0,0.892,0.106,0,naive
1785675831.5140104,11.8139,0,792,429.11,81.91,195.81,747.43,,0.0,0.0,0.892,0.106,0,naive
1785675831.53105,11.8309,0,792,434.54,81.91,195.81,749.14,,0.0,0.0,0.892,0.106,0,naive
1785675831.5468824,11.8468,0,792,439.59,81.91,195.81,750.77,,0.0,0.0,0.892,0.106,0,naive
1785675831.5645437,11.8644,0,792,445.22,81.91,195.81,752.62,,0.0,0.0,0.892,0.106,0,naive
1785675831.580726,11.8806,0,792,450.38,81.91,195.81,754.34,,0.0,0.0,0.892,0.106,0,naive
1785675831.59733,11.8972,0,792,455.68,81.91,195.81,756.15,,0.0,0.0,0.892,0.106,0,naive
1785675831.6137054,11.9136,0,792,460.9,81.91,195.81,757.96,,0.0,0.0,0.892,0.106,0,naive
1785675831.6305254,11.9304,0,792,466.27,81.91,195.81,759.85,,0.0,0.0,0.892,0.106,0,naive
1785675831.64655,11.9464,0,792,471.38,81.91,195.81,761.68,,0.0,0.0,0.892,0.106,0,naive
1785675831.6621087,11.962,0,792,476.34,81.91,195.81,763.49,,0.0,0.0,0.892,0.106,0,naive
1785675831.678907,11.9788,0,792,481.7,81.91,195.81,765.48,,0.0,0.0,0.892,0.106,0,naive
1785675831.6958826,11.9958,0,792,487.11,81.91,195.81,767.52,,0.0,0.0,0.892,0.106,0,naive
1785675831.712612,12.0125,0,792,492.45,81.91,195.81,769.56,,0.0,0.0,0.892,0.106,0,naive
1785675831.7289867,12.0289,0,792,497.67,81.91,195.81,771.59,,0.0,0.0,0.892,0.106,0,naive
1785675831.7463927,12.0463,0,792,503.22,81.91,195.81,773.77,,0.0,0.0,0.892,0.106,0,naive
1785675831.7625015,12.0624,0,792,508.36,81.91,195.81,775.83,,0.0,0.0,0.892,0.106,0,naive
1785675831.7790818,12.079,0,792,513.64,81.91,195.81,777.97,,0.0,0.0,0.892,0.106,0,naive
1785675831.7948854,12.0948,0,792,518.69,81.91,195.81,780.05,,0.0,0.0,0.892,0.106,0,naive
1785675831.812643,12.1125,0,792,524.35,81.91,195.81,782.41,,0.0,0.0,0.892,0.106,0,naive
1785675831.829672,12.1296,0,792,529.78,81.91,195.81,784.7,,0.0,0.0,0.892,0.106,0,naive
1785675831.8467054,12.1466,0,792,535.21,81.91,195.81,787.03,,0.0,0.0,0.892,0.106,0,naive
1785675831.8637533,12.1636,0,792,540.65,81.91,195.81,789.39,,0.0,0.0,0.892,0.106,0,naive
1785675831.8812642,12.1812,0,792,546.23,81.91,195.81,791.85,,0.0,0.0,0.892,0.106,0,naive
1785675831.8973143,12.1972,0,792,551.35,81.91,195.81,794.13,,0.0,0.0,0.892,0.106,0,naive
1785675831.9130309,12.2129,0,792,556.37,81.91,195.81,796.38,,0.0,0.0,0.892,0.106,0,naive
1785675831.9295511,12.2294,0,792,561.63,81.91,195.81,798.78,,0.0,0.0,0.892,0.106,0,naive
1785675831.9467416,12.2466,0,792,567.12,81.91,195.81,801.31,,0.0,0.0,0.892,0.106,0,naive
1785675831.9632995,12.2632,0,792,572.4,81.91,195.81,803.77,,0.0,0.0,0.892,0.106,0,naive
1785675831.9796345,12.2795,0,792,578.21,81.91,195.81,806.51,,0.813,0.7525,0.906,0.119,0,naive
1785675831.99702,12.2969,0,792,584.4,81.91,195.81,809.46,,0.0,0.0,0.906,0.119,0,naive
1785675832.0126748,12.3126,0,792,590.5,81.91,195.81,812.41,,0.4977,0.7292,0.914,0.13,0,naive
1785675832.029761,12.3297,0,792,592,81.91,195.81,813.14,,0.0,0.0,0.914,0.13,0,naive
1785675832.046451,12.3463,0,792,592,81.91,195.81,813.14,,0.0,0.0,0.914,0.13,0,naive
1785675832.062537,12.3624,0,792,592,81.91,195.81,813.14,,0.6311,0.7095,0.924,0.141,0,naive
1785675832.0788221,12.3787,0,792,592,81.91,195.81,813.14,,0.0,0.0,0.924,0.141,0,naive
1785675832.0957098,12.3956,0,792,592,81.91,195.81,813.14,,0.5444,0.5515,0.933,0.151,0,naive
1785675832.1127946,12.4127,0,792,592,81.91,195.81,813.14,,0.0,0.0,0.933,0.151,0,naive
1785675832.1295497,12.4294,0,792,592,81.91,195.81,813.14,,0.8506,0.6179,0.947,0.161,0,naive
1785675832.1458933,12.4458,0,792,592,81.91,195.81,813.14,,0.0,0.0,0.947,0.161,0,naive
1785675832.162546,12.4624,0,792,592,81.91,195.81,813.14,,0.6742,0.6144,0.958,0.171,0,naive
1785675832.1794136,12.4793,0,792,592,81.91,195.81,813.14,,0.0,0.0,0.958,0.171,0,naive
1785675832.1955044,12.4954,0,792,592,81.91,195.81,813.14,,0.0,0.0,0.958,0.171,0,naive
1785675832.2115355,12.5114,0,792,592,81.91,195.81,813.14,,0.9464,0.6658,0.974,0.182,0,naive
1785675832.2275941,12.5275,0,792,592,81.91,195.81,813.14,,0.0,0.0,0.974,0.182,0,naive
1785675832.2446835,12.5446,0,792,592,81.91,195.81,813.14,,0.6592,0.6227,0.985,0.193,0,naive
1785675832.261825,12.5617,0,792,592,81.91,195.81,813.14,,0.0,0.0,0.985,0.193,0,naive
1785675832.2790158,12.5789,0,792,592,81.91,195.81,813.14,,0.0,0.0,0.985,0.193,0,naive
1785675832.2958853,12.5958,0,792,592,81.91,195.81,813.14,,0.9027,0.6556,1.0,0.204,0,naive
1785675832.3127608,12.6127,0,792,592,81.91,195.81,813.14,,0.0,0.0,1.0,0.204,0,naive
1785675832.329525,12.6294,0,792,592,81.91,195.81,813.14,,0.8028,0.6467,1.014,0.215,0,naive
1785675832.3457391,12.6456,0,792,592,81.91,195.81,813.14,,0.0,0.0,1.014,0.215,0,naive
1785675832.3624537,12.6623,0,792,592,81.91,195.81,813.14,,0.0,0.0,1.014,0.215,0,naive
1785675832.3787036,12.6786,0,792,592,81.91,195.81,813.14,,0.8177,0.7089,1.027,0.226,0,naive
1785675832.396352,12.6962,0,792,592,81.91,195.81,813.14,,0.0,0.0,1.027,0.226,0,naive
1785675832.4125516,12.7124,0,792,592,81.91,195.81,813.14,,0.9655,0.7854,1.042,0.239,0,naive
1785675832.429266,12.7292,0,792,592,81.91,195.81,813.14,,0.0,0.0,1.042,0.239,0,naive
1785675832.445718,12.7456,0,792,592,81.91,195.81,813.14,,0.0,0.0,1.042,0.239,0,naive
1785675832.4621913,12.7621,0,792,592,81.91,195.81,813.14,,0.0,0.0,1.042,0.239,0,naive
1785675832.4779246,12.7778,0,792,592,81.91,195.81,813.14,,0.0,0.0,1.042,0.239,0,naive
1785675832.4955127,12.7954,0,792,592,81.91,195.81,813.14,,0.7364,0.5946,1.055,0.249,0,naive
1785675832.5117593,12.8116,0,792,592,81.91,195.81,813.14,,0.0,0.0,1.055,0.249,0,naive
1785675832.5285254,12.8284,0,792,592,81.91,195.81,813.14,,0.0,0.0,1.055,0.249,0,naive
1785675832.544673,12.8446,0,792,592,81.91,195.81,813.14,,0.0,0.0,1.055,0.249,0,naive
1785675832.56152,12.8614,0,792,592,81.91,195.81,813.14,,0.0,0.0,1.055,0.249,0,naive
1785675832.5778227,12.8777,0,792,592,81.91,195.81,813.14,,0.0,0.0,1.055,0.249,0,naive
1785675832.5949266,12.8948,0,792,592,81.91,195.81,813.14,,0.0,0.0,1.055,0.249,0,naive
1785675832.6117752,12.9117,0,792,592,81.91,195.81,813.14,,0.8225,0.6616,1.069,0.26,0,naive
1785675832.6284454,12.9283,0,792,592,81.91,195.81,813.14,,0.0,0.0,1.069,0.26,0,naive
1785675832.6448317,12.9447,0,792,592,81.91,195.81,813.14,,0.7149,1.4656,1.081,0.284,0,naive
1785675832.6625345,12.9624,0,792,592,81.91,195.81,813.14,,0.0,0.0,1.081,0.284,0,naive
1785675832.678759,12.9786,0,792,592,81.91,195.81,813.14,,0.0,0.0,1.081,0.284,0,naive
1785675832.695565,12.9955,0,792,592,81.91,195.81,813.14,,0.1561,1.8443,1.084,0.315,0,naive
1785675832.7112198,13.0111,0,792,592,81.91,195.81,813.14,,0.0,0.0,1.084,0.315,0,naive
1785675832.7268715,13.0268,0,792,592,81.91,195.81,813.14,,0.0311,1.858,1.084,0.344,0,naive
1785675832.743625,13.0435,0,792,592,81.91,195.81,813.14,,0.0,0.0,1.084,0.344,0,naive
1785675832.7608664,13.0608,0,792,592,81.91,195.81,813.14,,0.0,0.0,1.084,0.344,0,naive
1785675832.7775888,13.0775,0,792,592,81.91,195.81,813.14,,0.6921,1.9537,1.096,0.377,0,naive
1785675832.7943587,13.0942,0,792,592,81.91,195.81,813.14,,0.0,0.0,1.096,0.377,0,naive
1785675832.8106072,13.1105,0,792,592,81.91,195.81,813.14,,0.7866,1.7049,1.108,0.405,0,naive
1785675832.826365,13.1263,0,792,592,81.91,195.81,813.14,,0.0,0.0,1.108,0.405,0,naive
1785675832.8424473,13.1423,0,792,592,81.91,195.81,813.14,,0.8764,1.3167,1.123,0.426,0,naive
1785675832.8587666,13.1587,0,792,592,81.91,195.81,813.14,,0.0,0.0,1.123,0.426,0,naive
1785675832.8760378,13.1759,0,792,592,81.91,195.81,813.14,,0.0,0.0,1.123,0.426,0,naive
1785675832.8926563,13.1925,0,792,592,81.91,195.81,813.14,,1.3113,1.4207,1.144,0.45,0,naive
1785675832.9093735,13.2093,0,792,592,81.91,195.81,813.14,,0.0,0.0,1.144,0.45,0,naive
1785675832.92575,13.2256,0,792,592,81.91,195.81,813.14,,0.8626,1.7659,1.158,0.479,0,naive
1785675832.9424324,13.2423,0,792,592,81.91,195.81,813.14,,0.0,0.0,1.158,0.479,0,naive
1785675832.9588637,13.2588,0,792,592,81.91,195.81,813.14,,0.7968,1.8293,1.172,0.509,0,naive
1785675832.9762008,13.2761,0,792,592,81.91,195.81,813.14,,0.0,0.0,1.172,0.509,0,naive
1785675832.992619,13.2925,0,792,592,81.91,195.81,813.14,,0.0,0.0,1.172,0.509,0,naive
1785675833.0096362,13.3095,0,792,592,81.91,195.81,813.14,,1.0301,2.0716,1.189,0.544,0,naive
1785675833.0254438,13.3253,0,792,592,81.91,195.81,813.14,,0.0,0.0,1.189,0.544,0,naive
1785675833.041275,13.3412,0,792,592,81.91,195.81,813.14,,0.0,0.0,1.189,0.544,0,naive
1785675833.0577226,13.3576,0,792,592,81.91,195.81,813.14,,0.7478,2.482,1.201,0.585,0,naive
1785675833.0742893,13.3742,0,792,592,81.91,195.81,813.14,,0.0,0.0,1.201,0.585,0,naive
1785675833.0906816,13.3906,0,792,592,81.91,195.81,813.14,,0.0,0.0,1.201,0.585,0,naive
1785675833.1076722,13.4076,0,792,592,81.91,195.81,813.14,,0.5294,2.866,1.21,0.633,0,naive
1785675833.1244283,13.4243,0,792,592,81.91,195.81,813.14,,0.0,0.0,1.21,0.633,0,naive
1785675833.1402943,13.4402,0,792,592,81.91,195.81,813.14,,0.1621,3.0245,1.213,0.681,0,naive
1785675833.1560347,13.4559,0,792,592,81.91,195.81,813.14,,0.0,0.0,1.213,0.681,0,naive
1785675833.1727502,13.4726,0,792,592,81.91,195.81,813.14,,0.2877,3.0544,1.218,0.732,0,naive
1785675833.1894171,13.4893,0,792,592,81.91,195.81,813.14,,0.0,0.0,1.218,0.732,0,naive
1785675833.205603,13.5055,0,792,592,81.91,195.81,813.14,,0.0,0.0,1.218,0.732,0,naive
1785675833.222191,13.5221,0,792,592,81.91,195.81,813.14,,0.0,0.0,1.218,0.732,0,naive
1785675833.2394564,13.5393,0,792,592,81.91,195.81,813.14,,0.0,0.0,1.218,0.732,0,naive
1785675833.2559407,13.5558,0,792,592,81.91,195.81,813.14,,0.0,0.0,1.218,0.732,0,naive
1785675833.2725606,13.5724,0,792,592,81.91,195.81,813.14,,-0.3015,2.6004,1.213,0.776,0,naive
1785675833.290106,13.59,0,792,592,81.91,195.81,813.14,,0.0,0.0,1.213,0.776,0,naive
1785675833.3057914,13.6057,0,792,592,81.91,195.81,813.14,,0.0,0.0,1.213,0.776,0,naive
1785675833.3224766,13.6224,0,792,592,81.91,195.81,813.14,,0.0,0.0,1.213,0.776,0,naive
1785675833.3381264,13.638,0,792,592,81.91,195.81,813.14,,-0.7172,0.7113,1.201,0.787,0,naive
1785675833.3548508,13.6547,0,792,592,81.91,195.81,813.14,,0.0,0.0,1.201,0.787,0,naive
1785675833.3715725,13.6715,0,792,592,81.91,195.81,813.14,,0.0,0.0,1.201,0.787,0,naive
1785675833.3876934,13.6876,0,792,592,81.91,195.81,813.14,,-0.6275,-0.7214,1.191,0.775,0,naive
1785675833.4047184,13.7046,0,792,592,81.91,195.81,813.14,,0.0,0.0,1.191,0.775,0,naive
1785675833.4214563,13.7213,0,792,592,81.91,195.81,813.14,,0.4427,-1.5643,1.199,0.749,0,naive
1785675833.4379063,13.7378,0,792,592,81.91,195.81,813.14,,0.0,0.0,1.199,0.749,0,naive
1785675833.454836,13.7547,0,792,592,81.91,195.81,813.14,,0.0,0.0,1.199,0.749,0,naive
1785675833.4725852,13.7725,0,792,592,81.91,195.81,813.14,,0.7777,-2.2941,1.213,0.708,0,naive
1785675833.4898744,13.7898,0,792,592,81.91,195.81,813.14,,0.0,0.0,1.213,0.708,0,naive
1785675833.5066721,13.8066,0,792,592,81.91,195.81,813.14,,0.3631,-3.3332,1.219,0.652,0,naive
1785675833.5237448,13.8236,0,792,592,81.91,195.81,813.14,,0.0,0.0,1.219,0.652,0,naive
1785675833.540353,13.8402,0,792,592,81.91,195.81,813.14,,-0.052,-3.2644,1.218,0.598,0,naive
1785675833.5563717,13.8563,0,792,592,81.91,195.81,813.14,,0.0,0.0,1.218,0.598,0,naive
1785675833.5724788,13.8724,0,792,592,81.91,195.81,813.14,,-0.1316,-3.1292,1.216,0.548,0,naive
1785675833.589131,13.889,0,792,592,81.91,195.81,813.14,,0.0,0.0,1.216,0.548,0,naive
1785675833.6055741,13.9055,0,792,592,81.91,195.81,813.14,,0.0,0.0,1.216,0.548,0,naive
1785675833.62254,13.9224,0,792,592,81.91,195.81,813.14,,0.3517,-2.9438,1.222,0.498,0,naive
1785675833.638162,13.9381,0,792,592,81.91,195.81,813.14,,0.0,0.0,1.222,0.498,0,naive
1785675833.655442,13.9553,0,792,592,81.91,195.81,813.14,,0.7627,-2.6195,1.235,0.452,0,naive
1785675833.6711717,13.9711,0,792,592,81.91,195.81,813.14,,0.0,0.0,1.235,0.452,0,naive
1785675833.6869438,13.9868,0,792,592,81.91,195.81,813.14,,0.0,0.0,1.235,0.452,0,naive
1785675833.7043388,14.0042,0,792,592,81.91,195.81,813.14,,1.0798,-2.1697,1.254,0.415,0,naive
1785675833.7204452,14.0203,0,792,592,81.91,195.81,813.14,,0.0,0.0,1.254,0.415,0,naive
1785675833.7360804,14.036,0,792,592,81.91,195.81,813.14,,1.0917,-1.194,1.271,0.396,0,naive
1785675833.753057,14.0529,0,792,592,81.91,195.81,813.14,,0.0,0.0,1.271,0.396,0,naive
1785675833.7703242,14.0702,0,792,592,81.91,195.81,813.14,,0.0,0.0,1.271,0.396,0,naive
1785675833.786191,14.0861,0,792,592,81.91,195.81,813.14,,-0.0018,-0.1597,1.271,0.393,0,naive
1785675833.8023782,14.1023,0,792,592,81.91,195.81,813.14,,0.0,0.0,1.271,0.393,0,naive
1785675833.8185258,14.1184,0,792,592,81.91,195.81,813.14,,-0.0628,0.3709,1.27,0.399,0,naive
1785675833.834183,14.1341,0,792,592,81.91,195.81,813.14,,0.0,0.0,1.27,0.399,0,naive
1785675833.8507035,14.1506,0,792,592,81.91,195.81,813.14,,0.0,0.0,1.27,0.399,0,naive
1785675833.8677564,14.1676,0,792,592,81.91,195.81,813.14,,-1.5577,1.8072,1.243,0.43,0,naive
1785675833.88432,14.1842,0,792,592,81.91,195.81,813.14,,0.0,0.0,1.243,0.43,0,naive
1785675833.899838,14.1997,0,792,592,81.91,195.81,813.14,,-2.519,1.3974,1.204,0.452,0,naive
1785675833.9164066,14.2163,0,792,592,81.91,195.81,813.14,,0.0,0.0,1.204,0.452,0,naive
1785675833.932383,14.2323,0,792,592,81.91,195.81,813.14,,0.0,0.0,1.204,0.452,0,naive
1785675833.9485524,14.2484,0,792,592,81.91,195.81,813.14,,0.0,0.0,1.204,0.452,0,naive
1785675833.964607,14.2645,0,792,592,81.91,195.81,813.14,,-3.3482,2.1649,1.15,0.487,0,naive
1785675833.980363,14.2803,0,792,592,81.91,195.81,813.14,,0.0,0.0,1.15,0.487,0,naive
1785675833.99591,14.2958,0,792,592,81.91,195.81,813.14,,0.0,0.0,1.15,0.487,0,naive
1785675834.0128772,14.3128,0,792,592,81.91,195.81,813.14,,0.0,0.0,1.15,0.487,0,naive
1785675834.0296018,14.3295,0,792,592,81.91,195.81,813.14,,-5.2122,2.522,1.063,0.529,0,naive
1785675834.0457523,14.3456,0,792,592,81.91,195.81,813.14,,0.0,0.0,1.063,0.529,0,naive
1785675834.0622952,14.3622,0,792,592,81.91,195.81,813.14,,0.0,0.0,1.063,0.529,0,naive
1785675834.0788152,14.3787,0,792,592,81.91,195.81,813.14,,0.0,0.0,1.063,0.529,0,naive
1785675834.0955932,14.3955,0,792,592,81.91,195.81,813.14,,-2.3486,3.0897,1.024,0.581,0,naive
1785675834.1125789,14.4125,0,792,592,81.91,195.81,813.14,,0.0,0.0,1.024,0.581,0,naive
1785675834.1283581,14.4282,0,792,592,81.91,195.81,813.14,,-2.7075,2.4359,0.981,0.619,0,naive
1785675834.144767,14.4447,0,792,592,81.91,195.81,813.14,,0.0,0.0,0.981,0.619,0,naive
1785675834.1627889,14.4627,0,792,592,81.91,195.81,813.14,,-2.9163,2.729,0.928,0.668,0,naive
1785675834.1798654,14.4798,0,792,592,81.91,195.81,813.14,,0.0,0.0,0.928,0.668,0,naive
1785675834.1964986,14.4964,0,792,592,81.91,195.81,813.14,,0.0,0.0,0.928,0.668,0,naive
1785675834.2123554,14.5122,0,792,592,81.91,195.81,813.14,,0.0,0.0,0.928,0.668,0,naive
1785675834.2287385,14.5286,0,792,592,81.91,195.81,813.14,,0.0,0.0,0.928,0.668,0,naive
1785675834.2456403,14.5455,0,792,592,81.91,195.81,813.14,,0.0,0.0,0.928,0.668,0,naive
1785675834.2611902,14.5611,0,792,592,81.91,195.81,813.14,,0.0,0.0,0.928,0.668,0,naive
1785675834.2769718,14.5769,0,792,592,81.91,195.81,813.14,,0.0,0.0,0.928,0.668,0,naive
1785675834.2938542,14.5937,0,792,592,81.91,195.81,813.14,,0.0,0.0,0.928,0.668,0,naive
1785675834.31088,14.6108,0,792,592,81.91,195.81,813.14,,0.0,0.0,0.928,0.668,0,naive
1785675834.3284562,14.6283,0,792,592,81.91,195.81,813.14,,0.0,0.0,0.928,0.668,0,naive
1785675834.3439758,14.6439,0,792,592,81.91,195.81,813.14,,0.0,0.0,0.928,0.668,0,naive
1785675834.3608503,14.6607,0,792,592,81.91,195.81,813.14,,0.0,0.0,0.928,0.668,0,naive
1785675834.3779922,14.6779,0,792,592,81.91,195.81,813.14,,0.0,0.0,0.928,0.668,0,naive
1785675834.395008,14.6949,0,792,592,81.91,195.81,813.14,,0.0,0.0,0.928,0.668,0,naive
1785675834.4116654,14.7116,0,792,592,81.91,195.81,813.14,,0.0,0.0,0.928,0.668,0,naive
1785675834.4290977,14.729,0,792,592,81.91,195.81,813.14,,-3.1119,1.9519,0.874,0.702,0,naive
1785675834.4450793,14.745,0,792,592,81.91,195.81,813.14,,0.0,0.0,0.874,0.702,0,naive
1785675834.4613714,14.7613,0,792,592,81.91,195.81,813.14,,0.0,0.0,0.874,0.702,0,naive
1785675834.47762,14.7775,0,792,592,81.91,195.81,813.14,,-2.5944,-2.0189,0.832,0.67,0,naive
1785675834.494295,14.7942,0,792,592,81.91,195.81,813.14,,0.0,0.0,0.832,0.67,0,naive
1785675834.5106337,14.8105,0,792,592,81.91,195.81,813.14,,0.0,0.0,0.832,0.67,0,naive
1785675834.5280223,14.8279,0,792,592,81.91,195.81,813.14,,-0.4576,1.3621,0.824,0.693,0,naive
1785675834.5445938,14.8445,0,792,592,81.91,195.81,813.14,,0.0,0.0,0.824,0.693,0,naive
1785675834.562554,14.8624,0,792,592,81.91,195.81,813.14,,-0.7376,1.3549,0.811,0.718,0,naive
1785675834.5789104,14.8788,0,792,592,81.91,195.81,813.14,,0.0,0.0,0.811,0.718,0,naive
1785675834.5957916,14.8957,0,792,592,81.91,195.81,813.14,,-2.281,5.0997,0.772,0.804,0,naive
1785675834.6124148,14.9123,0,792,592,81.91,195.81,813.14,,0.0,0.0,0.772,0.804,0,naive
1785675834.6288419,14.9287,0,792,592,81.91,195.81,813.14,,0.0,0.0,0.772,0.804,0,naive
1785675834.64622,14.9461,0,792,592,81.91,195.81,813.14,,0.0,0.0,0.772,0.804,0,naive
1785675834.6618836,14.9618,0,792,592,81.91,195.81,813.14,,0.0,0.0,0.772,0.804,0,naive
1785675834.6786304,14.9785,0,792,592,81.91,195.81,813.14,,2.6453,7.9813,0.817,0.937,0,naive
1785675834.695639,14.9955,0,792,592,81.91,195.81,813.14,,0.0,0.0,0.817,0.937,0,naive
1785675834.7124026,15.0123,0,792,592,81.91,195.81,813.14,,0.0,0.0,0.817,0.937,0,naive
1785675834.7279496,15.0278,0,792,592,81.91,195.81,813.14,,0.0,0.0,0.817,0.937,0,naive
1785675834.7448494,15.0447,0,792,592,81.91,195.81,813.14,,0.1418,4.8275,0.819,1.019,0,naive
1785675834.7614598,15.0613,0,792,592,81.91,195.81,813.14,,0.0,0.0,0.819,1.019,0,naive
1785675834.7769177,15.0768,0,792,592,81.91,195.81,813.14,,0.0,0.0,0.819,1.019,0,naive
1785675834.793753,15.0936,0,792,592,81.91,195.81,813.14,,0.0,0.0,0.819,1.019,0,naive
1785675834.8103554,15.1102,0,792,592,81.91,195.81,813.14,,0.0,0.0,0.819,1.019,0,naive
1785675834.8259985,15.1259,0,792,592,81.91,195.81,813.14,,-0.2339,4.2814,0.815,1.086,0,naive
1785675834.8430247,15.1429,0,792,592,81.91,195.81,813.14,,0.0,0.0,0.815,1.086,0,naive
1785675834.85963,15.1595,0,792,592,81.91,195.81,813.14,,0.1376,3.0951,0.818,1.137,0,naive
1785675834.876371,15.1763,0,792,592,81.91,195.81,813.14,,0.0,0.0,0.818,1.137,0,naive
1785675834.8926005,15.1925,0,792,592,81.91,195.81,813.14,,-0.2656,3.0467,0.813,1.187,0,naive
1785675834.9090328,15.2089,0,792,592,81.91,195.81,813.14,,0.0,0.0,0.813,1.187,0,naive
1785675834.9263284,15.2262,0,792,592,81.91,195.81,813.14,,0.0,0.0,0.813,1.187,0,naive
1785675834.9419978,15.2419,0,792,592,81.91,195.81,813.14,,0.6281,2.0046,0.823,1.218,0,naive
1785675834.9584932,15.2584,0,792,592,81.91,195.81,813.14,,0.0,0.0,0.823,1.218,0,naive
1785675834.9746807,15.2746,0,792,592,81.91,195.81,813.14,,0.8154,2.8116,0.836,1.264,0,naive
1785675834.9911742,15.2911,0,792,592,81.91,195.81,813.14,,0.0,0.0,0.836,1.264,0,naive
1785675835.00789,15.3078,0,792,592,81.91,195.81,813.14,,-3.1178,3.1633,0.784,1.317,0,naive
1785675835.0246668,15.3246,0,792,592,81.91,195.81,813.14,,0.0,0.0,0.784,1.317,0,naive
1785675835.0412517,15.3411,0,792,592,81.91,195.81,813.14,,0.0,0.0,0.784,1.317,0,naive
1785675835.0567524,15.3566,0,792,592,81.91,195.81,813.14,,0.9781,2.8594,0.799,1.361,0,naive
1785675835.0737493,15.3736,0,792,592,81.91,195.81,813.14,,0.0,0.0,0.799,1.361,0,naive
1785675835.0911324,15.391,0,792,592,81.91,195.81,813.14,,-0.0383,-0.1101,0.799,1.359,0,naive
1785675835.1069531,15.4068,0,792,592,81.91,195.81,813.14,,0.0,0.0,0.799,1.359,0,naive
1785675835.1238213,15.4237,0,792,592,81.91,195.81,813.14,,0.0,0.0,0.799,1.359,0,naive
1785675835.1415348,15.4414,0,792,592,81.91,195.81,813.14,,1.7569,-2.75,0.83,1.31,0,naive
1785675835.1584463,15.4583,0,792,592,81.91,195.81,813.14,,0.0,0.0,0.83,1.31,0,naive
1785675835.1747882,15.4747,0,792,592,81.91,195.81,813.14,,3.4684,-5.1009,0.887,1.227,0,naive
1785675835.1927507,15.4926,0,792,592,81.91,195.81,813.14,,0.0,0.0,0.887,1.227,0,naive
1785675835.2092407,15.5091,0,792,592,81.91,195.81,813.14,,3.7585,-6.6162,0.948,1.118,0,naive
1785675835.2253776,15.5253,0,792,592,81.91,195.81,813.14,,0.0,0.0,0.948,1.118,0,naive
1785675835.2414212,15.5413,0,792,592,81.91,195.81,813.14,,0.0,0.0,0.948,1.118,0,naive
1785675835.2570796,15.557,0,792,592,81.91,195.81,813.14,,1.9519,-6.1119,0.979,1.022,0,naive
1785675835.273998,15.5739,0,792,592,81.91,195.81,813.14,,0.0,0.0,0.979,1.022,0,naive
1785675835.2905753,15.5905,0,792,592,81.91,195.81,813.14,,0.5731,-5.2905,0.989,0.934,0,naive
1785675835.3065143,15.6064,0,792,592,81.91,195.81,813.14,,0.0,0.0,0.989,0.934,0,naive
1785675835.3223958,15.6223,0,792,592,81.91,195.81,813.14,,0.0,0.0,0.989,0.934,0,naive
1785675835.3386822,15.6386,0,792,592,81.91,195.81,813.14,,-2.1829,-4.1474,0.953,0.867,0,naive
1785675835.3559198,15.6558,0,792,592,81.91,195.81,813.14,,0.0,0.0,0.953,0.867,0,naive
1785675835.3723984,15.6723,0,792,592,81.91,195.81,813.14,,0.0,0.0,0.953,0.867,0,naive
1785675835.387905,15.6878,0,792,592,81.91,195.81,813.14,,0.0,0.0,0.953,0.867,0,naive
1785675835.4049387,15.7048,0,792,592,81.91,195.81,813.14,,-7.9908,0.454,0.817,0.875,0,naive
1785675835.4226792,15.7226,0,792,592,81.91,195.81,813.14,,0.0,0.0,0.817,0.875,0,naive
1785675835.439921,15.7398,0,792,592,81.91,195.81,813.14,,0.0,0.0,0.817,0.875,0,naive
1785675835.456668,15.7566,0,792,592,81.91,195.81,813.14,,0.0,0.0,0.817,0.875,0,naive
1785675835.4739642,15.7739,0,792,592,81.91,195.81,813.14,,-8.2965,6.7693,0.673,0.992,0,naive
1785675835.4913418,15.7912,0,792,592,81.91,195.81,813.14,,0.0,0.0,0.673,0.992,0,naive
1785675835.5069368,15.8068,0,792,592,81.91,195.81,813.14,,0.0,0.0,0.673,0.992,0,naive
1785675835.5242567,15.8241,0,792,592,81.91,195.81,813.14,,0.0,0.0,0.673,0.992,0,naive
1785675835.5405512,15.8404,0,792,592,81.91,195.81,813.14,,0.0,0.0,0.673,0.992,0,naive
1785675835.5575733,15.8575,0,792,592,81.91,195.81,813.14,,-3.8255,6.6239,0.608,1.104,0,naive
1785675835.5748258,15.8747,0,792,592,81.91,195.81,813.14,,0.0,0.0,0.608,1.104,0,naive
1785675835.5915668,15.8915,0,792,592,81.91,195.81,813.14,,-2.2199,6.2435,0.571,1.209,0,naive
1785675835.607142,15.907,0,792,592,81.91,195.81,813.14,,0.0,0.0,0.571,1.209,0,naive
1785675835.623288,15.9232,0,792,592,81.91,195.81,813.14,,0.0,0.0,0.571,1.209,0,naive
1785675835.6395783,15.9395,0,792,592,81.91,195.81,813.14,,-1.7402,5.8588,0.543,1.304,0,naive
1785675835.655783,15.9557,0,792,592,81.91,195.81,813.14,,0.0,0.0,0.543,1.304,0,naive
1785675835.6727843,15.9727,0,792,592,81.91,195.81,813.14,,-1.1462,6.0395,0.523,1.407,0,naive
1785675835.6901731,15.9901,0,792,592,81.91,195.81,813.14,,0.0,0.0,0.523,1.407,0,naive
1785675835.7074916,16.0074,0,792,592,81.91,195.81,813.14,,0.0,0.0,0.523,1.407,0,naive
1785675835.723056,16.0229,0,792,592,81.91,195.81,813.14,,-1.1827,5.7978,0.505,1.497,0,naive
1785675835.7397645,16.0397,0,792,592,81.91,195.81,813.14,,0.0,0.0,0.505,1.497,0,naive
1785675835.7564452,16.0563,0,792,592,81.91,195.81,813.14,,-1.9675,5.4221,0.472,1.588,0,naive
1785675835.7722166,16.0721,0,792,592,81.91,195.81,813.14,,0.0,0.0,0.472,1.588,0,naive
1785675835.7890108,16.0889,0,792,592,81.91,195.81,813.14,,-2.1691,5.0154,0.436,1.672,0,naive
1785675835.80574,16.1056,0,792,592,81.91,195.81,813.14,,0.0,0.0,0.436,1.672,0,naive
1785675835.8224852,16.1224,0,792,592,81.91,195.81,813.14,,0.0,0.0,0.436,1.672,0,naive
1785675835.8388832,16.1388,0,792,592,81.91,195.81,813.14,,-3.2016,4.3113,0.383,1.743,0,naive
1785675835.8556182,16.1555,0,792,592,81.91,195.81,813.14,,0.0,0.0,0.383,1.743,0,naive
1785675835.8725429,16.1724,0,792,592,81.91,195.81,813.14,,-4.209,3.8746,0.312,1.808,0,naive
1785675835.8890834,16.189,0,792,592,81.91,195.81,813.14,,0.0,0.0,0.312,1.808,0,naive
1785675835.9060764,16.206,0,792,592,81.91,195.81,813.14,,-3.9206,2.9838,0.245,1.859,0,naive
1785675835.9226086,16.2225,0,792,592,81.91,195.81,813.14,,0.0,0.0,0.245,1.859,0,naive
1785675835.9387984,16.2387,0,792,592,81.91,195.81,813.14,,0.0,0.0,0.245,1.859,0,naive
1785675835.955733,16.2556,0,792,592,81.91,195.81,813.14,,-3.3751,0.9835,0.188,1.876,0,naive
1785675835.97241,16.2723,0,792,592,81.91,195.81,813.14,,0.0,0.0,0.188,1.876,0,naive
1785675835.9890082,16.2889,0,792,592,81.91,195.81,813.14,,0.0,0.0,0.188,1.876,0,naive
1785675836.0059586,16.3058,0,792,592,81.91,195.81,813.14,,-3.4014,-0.3362,0.13,1.87,0,naive
1785675836.0224981,16.3224,0,792,592,81.91,195.81,813.14,,0.0,0.0,0.13,1.87,0,naive
1785675836.038736,16.3386,0,792,592,81.91,195.81,813.14,,-4.2449,-1.1623,0.062,1.851,0,naive
1785675836.055286,16.3552,0,792,592,81.91,195.81,813.14,,0.0,0.0,0.062,1.851,0,naive
1785675836.0714264,16.3713,0,792,592,81.91,195.81,813.14,,0.0,0.0,0.062,1.851,0,naive
1785675836.0878341,16.3877,0,792,592,81.91,195.81,813.14,,-3.6903,-1.5117,0.001,1.826,0,naive
1785675836.1043997,16.4043,0,792,592,81.91,195.81,813.14,,0.0,0.0,0.001,1.826,0,naive
1785675836.120742,16.4206,0,792,592,81.91,195.81,813.14,,0.0,0.0,0.001,1.826,0,naive
1785675836.1379395,16.4378,0,792,592,81.91,195.81,813.14,,0.0,0.0,0.001,1.826,0,naive
1785675836.1549568,16.4548,0,791.62,592,81.91,195.81,812.81,,-0.4929,-7.1839,-0.007,1.704,0,naive
1785675836.1724746,16.4724,0,791.23,592,81.91,195.81,812.47,,0.0,0.0,-0.007,1.704,0,naive
1785675836.1886566,16.4885,0,790.87,592,81.91,195.81,812.15,,0.0,0.0,-0.007,1.704,0,naive
1785675836.2057724,16.5057,0,790.79,592,81.91,195.81,812.08,,0.341,-8.6243,-0.002,1.556,0,naive
1785675836.2227128,16.5226,0,790.71,592,81.91,195.81,812.01,,0.0,0.0,-0.002,1.556,0,naive
1785675836.2396123,16.5395,0,790.63,592,81.91,195.81,811.94,,0.0,0.0,-0.002,1.556,0,naive
1785675836.2565756,16.5565,0,790.55,592,81.91,195.81,811.87,,0.0,0.0,-0.002,1.556,0,naive
1785675836.2733626,16.5733,0,790.47,592,81.91,195.81,811.8,,0.0,0.0,-0.002,1.556,0,naive
1785675836.2891786,16.5891,0,790.14,592,81.91,195.81,811.52,,-0.3398,-6.9589,-0.007,1.446,0,naive
1785675836.306457,16.6063,0,789.78,592,81.91,195.81,811.2,,0.0,0.0,-0.007,1.446,0,naive
1785675836.3227265,16.6226,0,789.25,592,81.91,195.81,810.74,,-0.2477,-5.7745,-0.011,1.352,0,naive
1785675836.3396204,16.6395,0,788.69,592,81.91,195.81,810.25,,0.0,0.0,-0.011,1.352,0,naive
1785675836.3561728,16.6561,0,788.15,592,81.91,195.81,809.78,,0.0,0.0,-0.011,1.352,0,naive
1785675836.3718219,16.6717,0,787.82,592,81.91,195.81,809.49,,0.256,-4.2036,-0.007,1.287,0,naive
1785675836.3887086,16.6886,0,787.47,592,81.91,195.81,809.18,,0.0,0.0,-0.007,1.287,0,naive
1785675836.405503,16.7054,0,787.11,592,81.91,195.81,808.87,,-0.0012,-2.6363,-0.007,1.242,0,naive
1785675836.421206,16.7211,0,786.79,592,81.91,195.81,808.59,,0.0,0.0,-0.007,1.242,0,naive
1785675836.4377875,16.7377,0,786.44,592,81.91,195.81,808.28,,0.0,0.0,-0.007,1.242,0,naive
1785675836.4544609,16.7544,0,785.66,592,81.91,195.81,807.6,,-0.5168,-1.1414,-0.016,1.223,0,naive
1785675836.4701252,16.77,0,784.92,592,81.91,195.81,806.97,,0.0,0.0,-0.016,1.223,0,naive
1785675836.4860117,16.7859,0,784.18,592,81.91,195.81,806.32,,0.0,0.0,-0.016,1.223,0,naive
1785675836.503523,16.8034,0,783.19,592,81.91,195.81,805.46,,-0.1842,-0.1938,-0.019,1.22,0,naive
1785675836.5198812,16.8198,0,782.27,592,81.91,195.81,804.65,,0.0,0.0,-0.019,1.22,0,naive
1785675836.5367525,16.8366,0,781.12,592,81.91,195.81,803.65,,-0.2315,0.2177,-0.023,1.224,0,naive
1785675836.553454,16.8533,0,779.98,592,81.91,195.81,802.66,,0.0,0.0,-0.023,1.224,0,naive
1785675836.5696743,16.8696,0,778.87,592,81.91,195.81,801.7,,0.0,0.0,-0.023,1.224,0,naive
1785675836.5866423,16.8865,0,777.71,592,81.91,195.81,800.69,,0.0,0.0,-0.023,1.224,0,naive
1785675836.6033485,16.9032,0,776.57,592,81.91,195.81,799.7,,0.0,0.0,-0.023,1.224,0,naive
1785675836.6195972,16.9195,0,775.46,592,81.91,195.81,798.74,,0.0,0.0,-0.023,1.224,0,naive
1785675836.6365397,16.9364,0,774.31,592,81.91,195.81,797.73,,0.0,0.0,-0.023,1.224,0,naive
1785675836.652581,16.9525,0,773.21,592,81.91,195.81,796.79,,0.0,0.0,-0.023,1.224,0,naive
1785675836.669773,16.9697,0,772.04,592,81.91,195.81,795.77,,0.0,0.0,-0.023,1.224,0,naive
1785675836.686912,16.9868,0,770.87,592,81.91,195.81,794.75,,0.0,0.0,-0.023,1.224,0,naive
1785675836.704525,17.0044,0,769.67,592,81.91,195.81,793.71,,0.0,0.0,-0.023,1.224,0,naive
1785675836.7202368,17.0201,0,768.6,592,81.91,195.81,792.78,,0.0,0.0,-0.023,1.224,0,naive
1785675836.7360258,17.0359,0,767.52,592,81.91,195.81,791.85,,0.0,0.0,-0.023,1.224,0,naive
1785675836.753769,17.0537,0,766.31,592,81.91,195.81,790.8,,0.0,0.0,-0.023,1.224,0,naive
1785675836.7711184,17.071,0,765.13,592,81.91,195.81,789.78,,0.0,0.0,-0.023,1.224,0,naive
1785675836.7876894,17.0876,0,764.0,592,81.91,195.81,788.8,,0.0,0.0,-0.023,1.224,0,naive
1785675836.804566,17.1045,0,762.85,592,81.91,195.81,787.81,,0.0,0.0,-0.023,1.224,0,naive
1785675836.820611,17.1205,0,761.75,592,81.91,195.81,786.86,,0.0,0.0,-0.023,1.224,0,naive
1785675836.8373888,17.1373,0,760.61,592,81.91,195.81,785.87,,0.0,0.0,-0.023,1.224,0,naive
1785675836.8537986,17.1537,0,759.49,592,81.91,195.81,784.91,,0.0,0.0,-0.023,1.224,0,naive
1785675836.871391,17.1713,0,758.29,592,81.91,195.81,783.87,,0.0,0.0,-0.023,1.224,0,naive
1785675836.8876524,17.1875,0,757.18,592,81.91,195.81,782.91,,0.0,0.0,-0.023,1.224,0,naive
1785675836.9044073,17.2043,0,756.04,592,81.91,195.81,781.93,,0.0,0.0,-0.023,1.224,0,naive
1785675836.9200914,17.22,0,754.97,592,81.91,195.81,781.01,,0.0,0.0,-0.023,1.224,0,naive
1785675836.935822,17.2357,0,753.89,592,81.91,195.81,780.08,,0.0,0.0,-0.023,1.224,0,naive
1785675836.9528863,17.2528,0,752.73,592,81.91,195.81,779.08,,0.0,0.0,-0.023,1.224,0,naive
1785675836.969811,17.2697,0,751.57,592,81.91,195.81,778.08,,0.0,0.0,-0.023,1.224,0,naive
1785675836.9868279,17.2867,0,750.41,592,81.91,195.81,777.09,,0.0,0.0,-0.023,1.224,0,naive
1785675837.0047424,17.3046,0,749.19,592,81.91,195.81,776.04,,0.0,0.0,-0.023,1.224,0,naive
1785675837.0218065,17.3217,0,748.03,592,81.91,195.81,775.03,,0.0,0.0,-0.023,1.224,0,naive
1785675837.0385926,17.3385,0,746.88,592,81.91,195.81,774.05,,0.0,0.0,-0.023,1.224,0,naive
1785675837.0545604,17.3544,0,745.79,592,81.91,195.81,773.11,,0.0,0.0,-0.023,1.224,0,naive
1785675837.0702775,17.3702,0,744.72,592,81.91,195.81,772.19,,0.0,0.0,-0.023,1.224,0,naive
1785675837.086542,17.3864,0,743.61,592,81.91,195.81,771.24,,0.0,0.0,-0.023,1.224,0,naive
1785675837.102413,17.4023,0,742.53,592,81.91,195.81,770.31,,0.0,0.0,-0.023,1.224,0,naive
1785675837.1186085,17.4185,0,741.42,592,81.91,195.81,769.37,,0.0,0.0,-0.023,1.224,0,naive
1785675837.1357155,17.4356,0,740.26,592,81.91,195.81,768.37,,0.0,0.0,-0.023,1.224,0,naive
1785675837.1525033,17.4524,0,739.11,592,81.91,195.81,767.39,,0.0,0.0,-0.023,1.224,0,naive
1785675837.168187,17.4681,0,738.04,592,81.91,195.81,766.47,,0.0,0.0,-0.023,1.224,0,naive
1785675837.1855493,17.4854,0,736.86,592,81.91,195.81,765.46,,0.0,0.0,-0.023,1.224,0,naive
1785675837.2023647,17.5023,0,735.71,592,81.91,195.81,764.47,,0.0,0.0,-0.023,1.224,0,naive
1785675837.2184808,17.5184,0,734.61,592,81.91,195.81,763.53,,0.0,0.0,-0.023,1.224,0,naive
1785675837.2340693,17.534,0,733.55,592,81.91,195.81,762.63,,0.0,0.0,-0.023,1.224,0,naive
1785675837.2498431,17.5497,0,732.47,592,81.91,195.81,761.71,,0.0,0.0,-0.023,1.224,0,naive
1785675837.2667778,17.5667,0,731.32,592,81.91,195.81,760.72,,0.0,0.0,-0.023,1.224,0,naive
1785675837.2837138,17.5836,0,730.16,592,81.91,195.81,759.73,,0.0,0.0,-0.023,1.224,0,naive
1785675837.3002665,17.6002,0,729.03,592,81.91,195.81,758.77,,0.0,0.0,-0.023,1.224,0,naive
1785675837.3164887,17.6164,0,727.93,592,81.91,195.81,757.83,,0.0,0.0,-0.023,1.224,0,naive
1785675837.3328586,17.6327,0,726.81,592,81.91,195.81,756.88,,0.0,0.0,-0.023,1.224,0,naive
1785675837.3499546,17.6498,0,725.64,592,81.91,195.81,755.88,,0.0,0.0,-0.023,1.224,0,naive
1785675837.366733,17.6666,0,724.5,592,81.91,195.81,754.91,,0.0,0.0,-0.023,1.224,0,naive
1785675837.3837123,17.6836,0,723.34,592,81.91,195.81,753.92,,0.0,0.0,-0.023,1.224,0,naive
1785675837.4014661,17.7014,0,722.13,592,81.91,195.81,752.89,,0.0,0.0,-0.023,1.224,0,naive
1785675837.417735,17.7176,0,721.02,592,81.91,195.81,751.95,,0.0,0.0,-0.023,1.224,0,naive
1785675837.4349706,17.7349,0,719.84,592,81.91,195.81,750.95,,0.0,0.0,-0.023,1.224,0,naive
1785675837.452583,17.7525,0,718.64,592,81.91,195.81,749.93,,0.0,0.0,-0.023,1.224,0,naive
1785675837.4694395,17.7693,0,717.49,592,81.91,195.81,748.95,,0.0,0.0,-0.023,1.224,0,naive
1785675837.4855309,17.7854,0,716.4,592,81.91,195.81,748.02,,0.0,0.0,-0.023,1.224,0,naive
1785675837.501347,17.8012,0,715.32,592,81.91,195.81,747.11,,0.0,0.0,-0.023,1.224,0,naive
1785675837.5176868,17.8176,0,714.2,592,81.91,195.81,746.16,,0.0,0.0,-0.023,1.224,0,naive
1785675837.534854,17.8347,0,713.03,592,81.91,195.81,745.17,,0.0,0.0,-0.023,1.224,0,naive
1785675837.5515714,17.8515,0,711.89,592,81.91,195.81,744.2,,0.0,0.0,-0.023,1.224,0,naive
1785675837.5673068,17.8672,0,710.82,592,81.91,195.81,743.3,,0.0,0.0,-0.023,1.224,0,naive
1785675837.5837786,17.8837,0,709.69,592,81.91,195.81,742.35,,0.0,0.0,-0.023,1.224,0,naive
1785675837.6011636,17.9011,0,708.51,592,81.91,195.81,741.34,,0.0,0.0,-0.023,1.224,0,naive
1785675837.6170337,17.9169,0,707.07,592,81.91,195.81,740.13,,-0.4732,0.329,-0.03,1.229,0,naive
1785675837.6338332,17.9337,0,705.54,592,81.91,195.81,738.84,,0.0,0.0,-0.03,1.229,0,naive
1785675837.650519,17.9504,0,704.03,592,81.91,195.81,737.56,,0.0,0.0,-0.03,1.229,0,naive
1785675837.666926,17.9668,0,702.54,592,81.91,195.81,736.31,,0.0,0.0,-0.03,1.229,0,naive
1785675837.6837504,17.9836,0,700.7,592,81.91,195.81,734.75,,-0.3727,0.4869,-0.037,1.237,0,naive
1785675837.700808,18.0007,0,698.83,592,81.91,195.81,733.18,,0.0,0.0,-0.037,1.237,0,naive
1785675837.717765,18.0177,0,696.97,592,81.91,195.81,731.62,,0.0,0.0,-0.037,1.237,0,naive
1785675837.7347589,18.0346,0,694.89,592,81.91,195.81,729.87,,-0.2495,0.3422,-0.041,1.243,0,naive
1785675837.7514844,18.0514,0,692.85,592,81.91,195.81,728.16,,0.0,0.0,-0.041,1.243,0,naive
1785675837.7673485,18.0672,0,690.91,592,81.91,195.81,726.53,,0.0,0.0,-0.041,1.243,0,naive
1785675837.7828274,18.0827,0,688.69,592,81.91,195.81,724.67,,-0.4493,0.4534,-0.048,1.25,0,naive
1785675837.7999523,18.0998,0,686.24,592,81.91,195.81,722.62,,0.0,0.0,-0.048,1.25,0,naive
1785675837.816944,18.1168,0,683.81,592,81.91,195.81,720.59,,0.0,0.0,-0.048,1.25,0,naive
1785675837.8344743,18.1344,0,680.99,592,81.91,195.81,718.23,,-0.3392,0.4822,-0.054,1.258,0,naive
1785675837.8505812,18.1505,0,678.39,592,81.91,195.81,716.07,,0.0,0.0,-0.054,1.258,0,naive
1785675837.8665712,18.1665,0,675.44,592,81.91,195.81,713.61,,-0.4971,0.4774,-0.062,1.266,0,naive
1785675837.8835893,18.1835,0,672.29,592,81.91,195.81,711.0,,0.0,0.0,-0.062,1.266,0,naive
1785675837.9001646,18.2001,0,669.23,592,81.91,195.81,708.46,,0.0,0.0,-0.062,1.266,0,naive
1785675837.917447,18.2173,0,666.04,592,81.91,195.81,705.81,,0.0,0.0,-0.062,1.266,0,naive
1785675837.9333167,18.2332,0,663.1,592,81.91,195.81,703.39,,0.0,0.0,-0.062,1.266,0,naive
1785675837.9490855,18.249,0,660.19,592,81.91,195.81,700.98,,0.0,0.0,-0.062,1.266,0,naive
1785675837.9665134,18.2664,0,656.97,592,81.91,195.81,698.32,,0.0,0.0,-0.062,1.266,0,naive
1785675837.9827783,18.2827,0,653.96,592,81.91,195.81,695.85,,0.0,0.0,-0.062,1.266,0,naive
1785675837.9995618,18.2995,0,650.86,592,81.91,195.81,693.3,,0.0,0.0,-0.062,1.266,0,naive
1785675838.0159981,18.3159,0,647.82,592,81.91,195.81,690.81,,0.0,0.0,-0.062,1.266,0,naive
1785675838.0327268,18.3326,0,644.73,592,81.91,195.81,688.28,,0.0,0.0,-0.062,1.266,0,naive
1785675838.0495641,18.3495,0,641.62,592,81.91,195.81,685.74,,0.0,0.0,-0.062,1.266,0,naive
1785675838.0658426,18.3657,0,638.61,592,81.91,195.81,683.29,,0.0,0.0,-0.062,1.266,0,naive
1785675838.082545,18.3824,0,635.52,592,81.91,195.81,680.77,,0.0,0.0,-0.062,1.266,0,naive
1785675838.0983338,18.3982,0,632.61,592,81.91,195.81,678.4,,0.0,0.0,-0.062,1.266,0,naive
1785675838.1147668,18.4147,0,629.57,592,81.91,195.81,675.94,,0.0,0.0,-0.062,1.266,0,naive
1785675838.1314235,18.4313,0,626.49,592,81.91,195.81,673.45,,0.0,0.0,-0.062,1.266,0,naive
1785675838.1479757,18.4479,0,623.43,592,81.91,195.81,670.98,,0.0,0.0,-0.062,1.266,0,naive
1785675838.16518,18.4651,0,620.25,592,81.91,195.81,668.41,,0.0,0.0,-0.062,1.266,0,naive
1785675838.1813715,18.4813,0,617.26,592,81.91,195.81,666.01,,0.0,0.0,-0.062,1.266,0,naive
1785675838.197136,18.497,0,614.35,592,81.91,195.81,663.67,,0.0,0.0,-0.062,1.266,0,naive
1785675838.2139752,18.5139,0,611.23,592,81.91,195.81,661.17,,0.0,0.0,-0.062,1.266,0,naive
1785675838.2313385,18.5312,0,608.02,592,81.91,195.81,658.61,,0.0,0.0,-0.062,1.266,0,naive
1785675838.2477038,18.5476,0,605.0,592,81.91,195.81,656.19,,0.0,0.0,-0.062,1.266,0,naive
1785675838.2644877,18.5644,0,601.9,592,81.91,195.81,653.72,,0.0,0.0,-0.062,1.266,0,naive
1785675838.2805998,18.5805,0,598.92,592,81.91,195.81,651.36,,0.0,0.0,-0.062,1.266,0,naive
1785675838.297719,18.5976,0,595.76,592,81.91,195.81,648.85,,0.0,0.0,-0.062,1.266,0,naive
1785675838.3143225,18.6142,0,592.69,592,81.91,195.81,646.42,,0.0,0.0,-0.062,1.266,0,naive
1785675838.3314955,18.6314,0,589.51,592,81.91,195.81,643.92,,0.0,0.0,-0.062,1.266,0,naive
1785675838.3475778,18.6475,0,586.54,592,81.91,195.81,641.57,,0.0,0.0,-0.062,1.266,0,naive
1785675838.3632436,18.6631,0,583.65,592,81.91,195.81,639.3,,0.0,0.0,-0.062,1.266,0,naive
1785675838.379068,18.679,0,580.72,592,81.91,195.81,637.01,,0.0,0.0,-0.062,1.266,0,naive
1785675838.396281,18.6962,0,577.54,592,81.91,195.81,634.52,,0.0,0.0,-0.062,1.266,0,naive
1785675838.4123764,18.7123,0,574.57,592,81.91,195.81,632.2,,0.0,0.0,-0.062,1.266,0,naive
1785675838.4287155,18.7286,0,571.55,592,81.91,195.81,629.85,,0.0,0.0,-0.062,1.266,0,naive
1785675838.4456365,18.7455,0,568.42,592,81.91,195.81,627.42,,0.0,0.0,-0.062,1.266,0,naive
1785675838.4625428,18.7624,0,565.29,592,81.91,195.81,625.0,,0.0,0.0,-0.062,1.266,0,naive
1785675838.4783587,18.7782,0,562.37,592,81.91,195.81,622.74,,0.0,0.0,-0.062,1.266,0,naive
1785675838.4946582,18.7945,0,559.36,592,81.91,195.81,620.42,,0.0,0.0,-0.062,1.266,0,naive
1785675838.5114694,18.8114,0,556.25,592,81.91,195.81,618.03,,0.0,0.0,-0.062,1.266,0,naive
1785675838.5278041,18.8277,0,553.23,592,81.91,195.81,615.72,,0.0,0.0,-0.062,1.266,0,naive
1785675838.5450613,18.845,0,550.04,592,81.91,195.81,613.28,,0.0,0.0,-0.062,1.266,0,naive
1785675838.5616968,18.8616,0,546.97,592,81.91,195.81,610.94,,0.0,0.0,-0.062,1.266,0,naive
1785675838.5792,18.8791,0,543.73,592,81.91,195.81,608.48,,0.0,0.0,-0.062,1.266,0,naive
1785675838.5950716,18.895,0,540.8,592,81.91,195.81,606.26,,0.0,0.0,-0.062,1.266,0,naive
1785675838.6116695,18.9116,0,537.73,592,81.91,195.81,603.94,,0.0,0.0,-0.062,1.266,0,naive
1785675838.6283739,18.9283,0,534.65,592,81.91,195.81,601.61,,0.0,0.0,-0.062,1.266,0,naive
1785675838.6446104,18.9445,0,531.64,592,81.91,195.81,599.36,,0.0,0.0,-0.062,1.266,0,naive
1785675838.6615157,18.9614,0,528.52,592,81.91,195.81,597.01,,0.0,0.0,-0.062,1.266,0,naive
1785675838.678061,18.978,0,525.46,592,81.91,195.81,594.73,,0.0,0.0,-0.062,1.266,0,naive
1785675838.6951835,18.9951,0,522.3,592,81.91,195.81,592.37,,0.0,0.0,-0.062,1.266,0,naive
1785675838.7126262,19.0125,0,519.07,592,81.91,195.81,589.98,,0.0,0.0,-0.062,1.266,0,naive
1785675838.7297332,19.0296,0,515.91,592,81.91,195.81,587.64,,0.0,0.0,-0.062,1.266,0,naive
1785675838.7466714,19.0466,0,512.78,592,81.91,195.81,585.33,,0.0,0.0,-0.062,1.266,0,naive
1785675838.7639773,19.0639,0,509.58,592,81.91,195.81,582.98,,0.0,0.0,-0.062,1.266,0,naive
1785675838.7806153,19.0805,0,506.51,592,81.91,195.81,580.73,,0.0,0.0,-0.062,1.266,0,naive
1785675838.7980614,19.098,0,503.28,592,81.91,195.81,578.38,,0.0,0.0,-0.062,1.266,0,naive
1785675838.8146381,19.1145,0,500.22,592,81.91,195.81,576.15,,0.0,0.0,-0.062,1.266,0,naive
1785675838.8313985,19.1313,0,497.12,592,81.91,195.81,573.91,,0.0,0.0,-0.062,1.266,0,naive
1785675838.846855,19.1467,0,494.27,592,81.91,195.81,571.84,,0.0,0.0,-0.062,1.266,0,naive
1785675838.863844,19.1637,0,491.13,592,81.91,195.81,569.58,,0.0,0.0,-0.062,1.266,0,naive
1785675838.8809571,19.1808,0,487.96,592,81.91,195.81,567.31,,0.0,0.0,-0.062,1.266,0,naive
1785675838.8980267,19.1979,0,484.81,592,81.91,195.81,565.06,,0.0,0.0,-0.062,1.266,0,naive
1785675838.9147727,19.2147,0,481.71,592,81.91,195.81,562.86,,0.0,0.0,-0.062,1.266,0,naive
1785675838.9316258,19.2315,0,478.6,592,81.91,195.81,560.65,,0.0,0.0,-0.062,1.266,0,naive
1785675838.9478958,19.2478,0,475.59,592,81.91,195.81,558.53,,0.0,0.0,-0.062,1.266,0,naive
1785675838.9647403,19.2646,0,472.15,592,81.91,195.81,556.1,,-0.3876,0.4863,-0.068,1.274,0,naive
1785675838.9827547,19.2826,0,468.47,592,81.91,195.81,553.53,,0.0,0.0,-0.068,1.274,0,naive
1785675839.0000088,19.2999,0,464.94,592,81.91,195.81,551.07,,0.0,0.0,-0.068,1.274,0,naive
1785675839.0165966,19.3165,0,461.23,592,81.91,195.81,548.5,,-0.3876,0.3051,-0.075,1.279,0,naive
1785675839.0322287,19.3321,0,457.73,592,81.91,195.81,546.08,,0.0,0.0,-0.075,1.279,0,naive
1785675839.047737,19.3476,0,454.26,592,81.91,195.81,543.7,,0.0,0.0,-0.075,1.279,0,naive
1785675839.0646775,19.3646,0,450.47,592,81.91,195.81,541.12,,0.0,0.0,-0.075,1.279,0,naive
1785675839.0826828,19.3826,0,446.11,592,81.91,195.81,538.15,,-0.3488,0.7017,-0.081,1.292,0,naive
1785675839.0998044,19.3997,0,441.95,592,81.91,195.81,535.35,,0.0,0.0,-0.081,1.292,0,naive
1785675839.1164653,19.4164,0,437.91,592,81.91,195.81,532.64,,0.0,0.0,-0.081,1.292,0,naive
1785675839.1322448,19.4321,0,433.71,592,81.91,195.81,529.84,,-0.5103,1.1468,-0.089,1.31,0,naive
1785675839.1482928,19.4482,0,429.43,592,81.91,195.81,527.0,,0.0,0.0,-0.089,1.31,0,naive
1785675839.1639888,19.4639,0,425.24,592,81.91,195.81,524.25,,0.0,0.0,-0.089,1.31,0,naive
1785675839.180755,19.4806,0,420.77,592,81.91,195.81,521.34,,0.0,0.0,-0.089,1.31,0,naive
1785675839.1975672,19.4975,0,415.69,592,81.91,195.81,518.05,,-0.7011,1.3388,-0.101,1.332,0,naive
1785675839.213636,19.5135,0,410.84,592,81.91,195.81,514.94,,0.0,0.0,-0.101,1.332,0,naive
1785675839.230888,19.5308,0,405.63,592,81.91,195.81,511.62,,0.0,0.0,-0.101,1.332,0,naive
1785675839.247877,19.5478,0,400.16,592,81.91,195.81,508.18,,-0.3906,1.1803,-0.107,1.352,0,naive
1785675839.2645388,19.5644,0,394.79,592,81.91,195.81,504.84,,0.0,0.0,-0.107,1.352,0,naive
1785675839.2802033,19.5801,0,389.48,592,81.91,195.81,501.56,,-0.3619,1.252,-0.113,1.372,0,naive
1785675839.2970097,19.5969,0,383.78,592,81.91,195.81,498.09,,0.0,0.0,-0.113,1.372,0,naive
1785675839.313869,19.6138,0,377.54,592,81.91,195.81,494.33,,-0.6191,1.215,-0.123,1.393,0,naive
1785675839.3306458,19.6305,0,371.33,592,81.91,195.81,490.64,,0.0,0.0,-0.123,1.393,0,naive
1785675839.34795,19.6478,0,364.92,592,81.91,195.81,486.89,,0.0,0.0,-0.123,1.393,0,naive
1785675839.3646078,19.6645,0,358.34,592,81.91,195.81,483.1,,-0.4953,1.0044,-0.132,1.409,0,naive
1785675839.3826923,19.6826,0,351.2,592,81.91,195.81,479.04,,0.0,0.0,-0.132,1.409,0,naive
1785675839.3993533,19.6992,0,344.16,592,81.91,195.81,475.12,,-0.5539,0.8746,-0.141,1.424,0,naive
1785675839.4152553,19.7151,0,337.43,592,81.91,195.81,471.44,,0.0,0.0,-0.141,1.424,0,naive
1785675839.431744,19.7316,0,330.46,592,81.91,195.81,467.7,,0.0,0.0,-0.141,1.424,0,naive
1785675839.4488103,19.7487,0,322.76,592,81.91,195.81,463.66,,-0.5539,0.7741,-0.15,1.437,0,naive
1785675839.4658756,19.7658,0,315.07,592,81.91,195.81,459.7,,0.0,0.0,-0.15,1.437,0,naive
1785675839.4826221,19.7825,0,307.03,592,81.91,195.81,455.68,,-0.5743,0.3673,-0.16,1.443,0,naive
1785675839.4982827,19.7982,0,299.51,592,81.91,195.81,452.02,,0.0,0.0,-0.16,1.443,0,naive
1785675839.5148048,19.8147,0,291.58,592,81.91,195.81,448.25,,0.0,0.0,-0.16,1.443,0,naive
1785675839.5323524,19.8322,0,282.69,592,81.91,195.81,444.16,,-0.5139,-0.7376,-0.169,1.43,0,naive
1785675839.5480652,19.848,0,274.72,592,81.91,195.81,440.62,,0.0,0.0,-0.169,1.43,0,naive
1785675839.5648654,19.8648,0,266.69,592,81.91,195.81,437.16,,0.5725,-2.4706,-0.159,1.389,0,naive
1785675839.5823598,19.8822,0,258.32,592,81.91,195.81,433.69,,0.0,0.0,-0.159,1.389,0,naive
1785675839.598569,19.8985,0,250.57,592,81.91,195.81,430.6,,0.0,0.0,-0.159,1.389,0,naive
1785675839.6165411,19.9164,0,243.44,592,81.91,195.81,427.85,,1.5099,-3.3972,-0.132,1.328,0,naive
1785675839.6322844,19.9322,0,237.2,592,81.91,195.81,425.54,,0.0,0.0,-0.132,1.328,0,naive
1785675839.6478393,19.9477,0,232.06,592,81.91,195.81,423.69,,1.4171,-3.4181,-0.11,1.275,0,naive
1785675839.6645067,19.9644,0,226.55,592,81.91,195.81,421.77,,0.0,0.0,-0.11,1.275,0,naive
1785675839.6800632,19.98,0,221.26,592,81.91,195.81,419.98,,-0.1902,-2.3521,-0.113,1.238,0,naive
1785675839.6969962,19.9969,0,215.52,592,81.91,195.81,418.11,,0.0,0.0,-0.113,1.238,0,naive
1785675839.713581,20.0135,0,209.89,592,81.91,195.81,416.35,,0.0,0.0,-0.113,1.238,0,naive
1785675839.7292302,20.0291,0,202.63,592,81.91,195.81,414.17,,-2.6435,-0.4307,-0.155,1.231,0,naive
1785675839.7447703,20.0447,0,195.43,592,81.91,195.81,412.13,,0.0,0.0,-0.155,1.231,0,naive
1785675839.7617838,20.0617,0,187.54,592,81.91,195.81,410.03,,0.0,0.0,-0.155,1.231,0,naive
1785675839.7784483,20.0783,0,179.82,592,81.91,195.81,408.11,,0.0,0.0,-0.155,1.231,0,naive
1785675839.7943823,20.0943,0,172.43,592,81.91,195.81,406.4,,0.0,0.0,-0.155,1.231,0,naive
1785675839.8108616,20.1108,0,162.76,592,81.91,195.81,404.36,,-2.4873,2.7936,-0.196,1.277,0,naive
1785675839.8283517,20.1282,0,152.5,592,81.91,195.81,402.43,,0.0,0.0,-0.196,1.277,0,naive
1785675839.8447564,20.1446,0,142.88,592,81.91,195.81,400.85,,0.0,0.0,-0.196,1.277,0,naive
1785675839.8616397,20.1615,0,131.36,592,81.91,195.81,399.26,,-1.8969,4.6427,-0.228,1.356,0,naive
1785675839.878862,20.1788,0,119.6,592,81.91,195.81,397.98,,0.0,0.0,-0.228,1.356,0,naive
1785675839.895149,20.195,0,108.48,592,81.91,195.81,397.08,,0.0,0.0,-0.228,1.356,0,naive
1785675839.911658,20.2115,0,97.21,592,81.91,195.81,396.49,,0.0,0.0,-0.228,1.356,0,naive
1785675839.9286766,20.2286,0,84.5,592,81.91,195.81,396.2,,-1.2622,4.0104,-0.249,1.424,0,naive
1785675839.9453046,20.2452,0,72.08,592,81.91,195.81,396.31,,0.0,0.0,-0.249,1.424,0,naive
1785675839.9607866,20.2607,0,60.51,592,81.91,195.81,396.77,,0.0,0.0,-0.249,1.424,0,naive
1785675839.9775698,20.2775,0,47.69,592,81.91,195.81,397.67,,-0.3344,2.6154,-0.255,1.468,0,naive
1785675839.993697,20.2936,0,35.37,592,81.91,195.81,398.92,,0.0,0.0,-0.255,1.468,0,naive
1785675840.010851,20.3107,0,22.11,592,81.91,195.81,400.68,,-0.1795,1.8628,-0.258,1.5,0,naive
1785675840.0275118,20.3274,0,9.23,592,81.91,195.81,402.8,,0.0,0.0,-0.258,1.5,0,naive
1785675840.0435498,20.3434,0,8,592,81.91,195.81,403.03,,0.0,0.0,-0.258,1.5,0,naive
1785675840.0595052,20.3594,0,8,592,81.91,195.81,403.03,,0.3009,0.6287,-0.253,1.51,0,naive
1785675840.075677,20.3756,0,8,592,81.91,195.81,403.03,,0.0,0.0,-0.253,1.51,0,naive
1785675840.0923626,20.3923,0,8,592,81.91,195.81,403.03,,0.1513,-0.0837,-0.25,1.508,0,naive
1785675840.1081097,20.408,0,8,592,81.91,195.81,403.03,,0.0,0.0,-0.25,1.508,0,naive
1785675840.124875,20.4248,0,8,592,81.91,195.81,403.03,,0.0,0.0,-0.25,1.508,0,naive
1785675840.1427333,20.4426,0,8,592,81.91,195.81,403.03,,-0.0012,-0.3123,-0.25,1.503,0,naive
1785675840.159469,20.4594,0,8,592,81.91,195.81,403.03,,0.0,0.0,-0.25,1.503,0,naive
1785675840.1756184,20.4755,0,8,592,81.91,195.81,403.03,,-0.1866,0.1711,-0.253,1.506,0,naive
1785675840.192814,20.4927,0,8,592,81.91,195.81,403.03,,0.0,0.0,-0.253,1.506,0,naive
1785675840.2100306,20.5099,0,8,592,81.91,195.81,403.03,,0.0,0.0,-0.253,1.506,0,naive
1785675840.22677,20.5267,0,8,592,81.91,195.81,403.03,,-0.4493,0.6347,-0.261,1.516,0,naive
1785675840.2435343,20.5434,0,8,592,81.91,195.81,403.03,,0.0,0.0,-0.261,1.516,0,naive
1785675840.2593656,20.5593,0,8,592,81.91,195.81,403.03,,-0.6006,1.334,-0.27,1.537,0,naive
1785675840.2756703,20.5756,0,8,592,81.91,195.81,403.03,,0.0,0.0,-0.27,1.537,0,naive
1785675840.2924252,20.5923,0,8,592,81.91,195.81,403.03,,0.0,0.0,-0.27,1.537,0,naive
1785675840.3084674,20.6084,0,8,592,81.91,195.81,403.03,,-0.7998,1.6887,-0.283,1.564,0,naive
1785675840.3244128,20.6243,0,8,592,81.91,195.81,403.03,,0.0,0.0,-0.283,1.564,0,naive
1785675840.340449,20.6403,0,8,592,81.91,195.81,403.03,,-0.9147,1.8987,-0.298,1.595,0,naive
1785675840.3568356,20.6567,0,8,592,81.91,195.81,403.03,,0.0,0.0,-0.298,1.595,0,naive
1785675840.3734853,20.6734,0,8,592,81.91,195.81,403.03,,0.0,0.0,-0.298,1.595,0,naive
1785675840.3896294,20.6895,0,8,592,81.91,195.81,403.03,,-1.1246,1.9089,-0.316,1.626,0,naive
1785675840.4054675,20.7054,0,8,592,81.91,195.81,403.03,,0.0,0.0,-0.316,1.626,0,naive
1785675840.4213405,20.7212,0,8,592,81.91,195.81,403.03,,-0.8471,1.6319,-0.33,1.652,0,naive
1785675840.437828,20.7377,0,8,592,81.91,195.81,403.03,,0.0,0.0,-0.33,1.652,0,naive
1785675840.4547927,20.7547,0,8,592,81.91,195.81,403.03,,0.0,0.0,-0.33,1.652,0,naive
1785675840.471419,20.7713,0,8,592,81.91,195.81,403.03,,-0.7866,1.3627,-0.343,1.674,0,naive
1785675840.4876714,20.7876,0,8,592,81.91,195.81,403.03,,0.0,0.0,-0.343,1.674,0,naive
1785675840.5043328,20.8042,0,8,592,81.91,195.81,403.03,,0.0,0.0,-0.343,1.674,0,naive
1785675840.5198865,20.8198,0,8,592,81.91,195.81,403.03,,0.0,0.0,-0.343,1.674,0,naive
1785675840.536794,20.8367,0,8,592,81.91,195.81,403.03,,-0.3811,0.6981,-0.349,1.686,0,naive
1785675840.554579,20.8545,0,8,592,81.91,195.81,403.03,,0.0,0.0,-0.349,1.686,0,naive
1785675840.5704105,20.8703,0,8,592,81.91,195.81,403.03,,0.0,0.0,-0.349,1.686,0,naive
1785675840.587012,20.8869,0,8,592,81.91,195.81,403.03,,0.0,0.0,-0.349,1.686,0,naive
1785675840.6036885,20.9036,0,8,592,81.91,195.81,403.03,,-0.4499,0.6437,-0.357,1.697,0,naive
1785675840.6208649,20.9208,0,8,592,81.91,195.81,403.03,,0.0,0.0,-0.357,1.697,0,naive
1785675840.6377008,20.9376,0,8,592,81.91,195.81,403.03,,0.0,0.0,-0.357,1.697,0,naive
1785675840.6546755,20.9546,0,8,592,81.91,195.81,403.03,,0.0,0.0,-0.357,1.697,0,naive
1785675840.671565,20.9715,0,8,592,81.91,195.81,403.03,,-0.4534,0.6114,-0.364,1.707,0,naive
1785675840.6883273,20.9882,0,8,592,81.91,195.81,403.03,,0.0,0.0,-0.364,1.707,0,naive
1785675840.7039685,21.0039,0,8,592,81.91,195.81,403.03,,-0.6395,0.7938,-0.374,1.719,0,naive
1785675840.7210453,21.0209,0,8,592,81.91,195.81,403.03,,0.0,0.0,-0.374,1.719,0,naive
1785675840.736803,21.0367,0,8,592,81.91,195.81,403.03,,0.0,0.0,-0.374,1.719,0,naive
1785675840.7534842,21.0534,0,8,592,81.91,195.81,403.03,,-0.4104,0.7645,-0.381,1.732,0,naive
1785675840.7695615,21.0695,0,8,592,81.91,195.81,403.03,,0.0,0.0,-0.381,1.732,0,naive
1785675840.78588,21.0858,0,8,592,81.91,195.81,403.03,,-0.4923,0.6538,-0.389,1.743,0,naive
1785675840.8023572,21.1022,0,8,592,81.91,195.81,403.03,,0.0,0.0,-0.389,1.743,0,naive
1785675840.8185885,21.1185,0,8,592,81.91,195.81,403.03,,0.0,0.0,-0.389,1.743,0,naive
1785675840.8359575,21.1358,0,8,592,81.91,195.81,403.03,,-0.3733,0.5055,-0.396,1.752,0,naive
1785675840.852625,21.1525,0,8,592,81.91,195.81,403.03,,0.0,0.0,-0.396,1.752,0,naive
1785675840.8685076,21.1684,0,8,592,81.91,195.81,403.03,,0.0,0.0,-0.396,1.752,0,naive
1785675840.8850088,21.1849,0,8,592,81.91,195.81,403.03,,-0.658,-0.871,-0.406,1.737,0,naive
1785675840.9023578,21.2022,0,8,592,81.91,195.81,403.03,,0.0,0.0,-0.406,1.737,0,naive
1785675840.9185565,21.2184,0,8,592,81.91,195.81,403.03,,0.3769,-2.6459,-0.4,1.694,0,naive
1785675840.9347107,21.2346,0,8,592,81.91,195.81,403.03,,0.0,0.0,-0.4,1.694,0,naive
1785675840.9514565,21.2513,0,8,592,81.91,195.81,403.03,,1.7013,-4.8861,-0.372,1.613,0,naive
1785675840.9671955,21.2671,0,8,592,81.91,195.81,403.03,,0.0,0.0,-0.372,1.613,0,naive
1785675840.98368,21.2836,0,8,592,81.91,195.81,403.03,,0.0,0.0,-0.372,1.613,0,naive
1785675841.0003438,21.3002,0,8,592,81.91,195.81,403.03,,2.6489,-6.7298,-0.328,1.5,0,naive
1785675841.0167246,21.3166,0,8,592,81.91,195.81,403.03,,0.0,0.0,-0.328,1.5,0,naive
1785675841.033903,21.3338,0,8,592,81.91,195.81,403.03,,2.6524,-6.1579,-0.282,1.395,0,naive
1785675841.050422,21.3503,0,8,592,81.91,195.81,403.03,,0.0,0.0,-0.282,1.395,0,naive
1785675841.0660112,21.3659,0,8,592,81.91,195.81,403.03,,0.0,0.0,-0.282,1.395,0,naive
1785675841.0836482,21.3835,0,8,592,81.91,195.81,403.03,,-0.5031,-3.6999,-0.291,1.329,0,naive
1785675841.0996568,21.3995,0,8,592,81.91,195.81,403.03,,0.0,0.0,-0.291,1.329,0,naive
1785675841.1168542,21.4167,0,8,592,81.91,195.81,403.03,,-4.5105,1.2933,-0.369,1.352,0,naive
1785675841.1345916,21.4345,0,8,592,81.91,195.81,403.03,,0.0,0.0,-0.369,1.352,0,naive
1785675841.151658,21.4515,0,8,592,81.91,195.81,403.03,,0.0,0.0,-0.369,1.352,0,naive
1785675841.168423,21.4683,0,8,592,81.91,195.81,403.03,,-6.5641,5.2265,-0.479,1.439,0,naive
1785675841.1849582,21.4848,0,8,592,81.91,195.81,403.03,,0.0,0.0,-0.479,1.439,0,naive
1785675841.2016754,21.5016,0,8,592,81.91,195.81,403.03,,-4.4626,6.3715,-0.553,1.546,0,naive
1785675841.2182357,21.5181,0,8,592,81.91,195.81,403.03,,0.0,0.0,-0.553,1.546,0,naive
1785675841.2346268,21.5345,0,8,592,81.91,195.81,403.03,,0.0,0.0,-0.553,1.546,0,naive
1785675841.2524202,21.5523,0,8,592,81.91,195.81,403.03,,0.0,0.0,-0.553,1.546,0,naive
1785675841.2686372,21.5685,0,8,592,81.91,195.81,403.03,,-1.2927,4.5523,-0.574,1.62,0,naive
1785675841.2852576,21.5851,0,8,592,81.91,195.81,403.03,,0.0,0.0,-0.574,1.62,0,naive
1785675841.3015707,21.6015,0,8,592,81.91,195.81,403.03,,0.0,0.0,-0.574,1.62,0,naive
1785675841.3174675,21.6174,0,8,592,81.91,195.81,403.03,,0.0,0.0,-0.574,1.62,0,naive
1785675841.3333778,21.6333,0,8,592,81.91,195.81,403.03,,-0.0622,3.4977,-0.575,1.675,0,naive
1785675841.3490548,21.6489,0,8,592,81.91,195.81,403.03,,0.0,0.0,-0.575,1.675,0,naive
1785675841.3663049,21.6662,0,8,592,81.91,195.81,403.03,,0.0,0.0,-0.575,1.675,0,naive
1785675841.3824356,21.6823,0,8,592,81.91,195.81,403.03,,0.0383,2.4,-0.575,1.714,0,naive
1785675841.398651,21.6985,0,8,592,81.91,195.81,403.03,,0.0,0.0,-0.575,1.714,0,naive
1785675841.4152558,21.7151,0,8,592,81.91,195.81,403.03,,0.0,0.0,-0.575,1.714,0,naive
1785675841.4315295,21.7314,0,8,592,81.91,195.81,403.03,,0.5862,1.9202,-0.565,1.745,0,naive
1785675841.4475858,21.7475,0,8,592,81.91,195.81,403.03,,0.0,0.0,-0.565,1.745,0,naive
1785675841.4645576,21.7644,0,8,592,81.91,195.81,403.03,,0.1938,1.4189,-0.562,1.769,0,naive
1785675841.480188,21.7801,0,8,592,81.91,195.81,403.03,,0.0,0.0,-0.562,1.769,0,naive
1785675841.496816,21.7967,0,8,592,81.91,195.81,403.03,,0.0,0.0,-0.562,1.769,0,naive
1785675841.5134985,21.8134,0,8,592,81.91,195.81,403.03,,0.1747,1.2096,-0.559,1.79,0,naive
1785675841.5293672,21.8293,0,8,592,81.91,195.81,403.03,,0.0,0.0,-0.559,1.79,0,naive
1785675841.5458775,21.8458,0,8,592,81.91,195.81,403.03,,0.4146,1.2048,-0.552,1.809,0,naive
1785675841.5625165,21.8624,0,8,592,81.91,195.81,403.03,,0.0,0.0,-0.552,1.809,0,naive
1785675841.5787873,21.8787,0,8,592,81.91,195.81,403.03,,0.0,0.0,-0.552,1.809,0,naive
1785675841.5955987,21.8955,0,8,592,81.91,195.81,403.03,,0.079,1.2473,-0.551,1.83,0,naive
1785675841.611366,21.9113,0,8,592,81.91,195.81,403.03,,0.0,0.0,-0.551,1.83,0,naive
1785675841.6273603,21.9272,0,8,592,81.91,195.81,403.03,,0.0,0.0,-0.551,1.83,0,naive
1785675841.643257,21.9431,0,8,592,81.91,195.81,403.03,,0.4319,0.9978,-0.544,1.846,0,naive
1785675841.6595397,21.9594,0,8,592,81.91,195.81,403.03,,0.0,0.0,-0.544,1.846,0,naive
1785675841.6760273,21.9759,0,8,592,81.91,195.81,403.03,,0.3302,0.9105,-0.538,1.861,0,naive
1785675841.6934257,21.9933,0,8,592,81.91,195.81,403.03,,0.0,0.0,-0.538,1.861,0,naive
1785675841.7094786,22.0094,0,8,592,81.91,195.81,403.03,,0.4636,0.7143,-0.531,1.873,0,naive
1785675841.7257745,22.0257,0,8,592,81.91,195.81,403.03,,0.0,0.0,-0.531,1.873,0,naive
1785675841.7424135,22.0423,0,8,592,81.91,195.81,403.03,,0.0,0.0,-0.531,1.873,0,naive
1785675841.7584944,22.0584,0,8,592,81.91,195.81,403.03,,0.3398,0.6574,-0.525,1.883,0,naive
1785675841.774496,22.0744,0,8,592,81.91,195.81,403.03,,0.0,0.0,-0.525,1.883,0,naive
1785675841.7908933,22.0908,0,8,592,81.91,195.81,403.03,,0.0138,0.7101,-0.525,1.895,0,naive
1785675841.8075254,22.1074,0,8,592,81.91,195.81,403.03,,0.0,0.0,-0.525,1.895,0,naive
1785675841.8230994,22.123,0,8,592,81.91,195.81,403.03,,0.0,0.0,-0.525,1.895,0,naive
1785675841.8396003,22.1395,0,8,592,81.91,195.81,403.03,,-0.1286,1.0977,-0.527,1.913,0,naive
1785675841.8568535,22.1567,0,8,592,81.91,195.81,403.03,,0.0,0.0,-0.527,1.913,0,naive
1785675841.874236,22.1741,0,8,592,81.91,195.81,403.03,,-0.4481,1.3998,-0.535,1.937,0,naive
1785675841.890267,22.1902,0,8,592,81.91,195.81,403.03,,0.0,0.0,-0.535,1.937,0,naive
1785675841.9063282,22.2062,0,8,592,81.91,195.81,403.03,,0.0,0.0,-0.535,1.937,0,naive
1785675841.9223495,22.2222,0,8,592,81.91,195.81,403.03,,-0.1316,1.6337,-0.537,1.964,0,naive
1785675841.938089,22.238,0,8,592,81.91,195.81,403.03,,0.0,0.0,-0.537,1.964,0,naive
1785675841.9556353,22.2555,0,8,592,81.91,195.81,403.03,,0.0,0.0,-0.537,1.964,0,naive
1785675841.971696,22.2716,0,8,592,81.91,195.81,403.03,,0.0,0.0,-0.537,1.964,0,naive
1785675841.988655,22.2885,0,8,592,81.91,195.81,403.03,,0.0,0.0,-0.537,1.964,0,naive
1785675842.0053422,22.3052,0,8,592,81.91,195.81,403.03,,0.058,1.1838,-0.536,1.983,0,naive
1785675842.0213914,22.3213,0,8,592,81.91,195.81,403.03,,0.0,0.0,-0.536,1.983,0,naive
1785675842.0377843,22.3377,0,8,592,81.91,195.81,403.03,,0.0,0.0,-0.536,1.983,0,naive
1785675842.0546305,22.3545,0,8,592,81.91,195.81,403.03,,-0.1549,1.401,-0.539,2.007,0,naive
1785675842.0701814,22.3701,0,8,592,81.91,195.81,403.03,,0.0,0.0,-0.539,2.007,0,naive
1785675842.0875163,22.3874,0,8,592,81.91,195.81,403.03,,0.0,0.0,-0.539,2.007,0,naive
1785675842.1039028,22.4038,0,8,592,81.91,195.81,403.03,,0.0,0.0,-0.539,2.007,0,naive
1785675842.1210322,22.4209,0,8,592,81.91,195.81,403.03,,-0.7089,1.1157,-0.551,2.026,0,naive
1785675842.137738,22.4376,0,8,592,81.91,195.81,403.03,,0.0,0.0,-0.551,2.026,0,naive
1785675842.1547222,22.4546,0,8,592,81.91,195.81,403.03,,-0.877,1.1013,-0.566,2.045,0,naive
1785675842.1726754,22.4726,0,8,592,81.91,195.81,403.03,,0.0,0.0,-0.566,2.045,0,naive
1785675842.1895304,22.4894,0,8,592,81.91,195.81,403.03,,0.0,0.0,-0.566,2.045,0,naive
1785675842.2055097,22.5054,0,8,592,81.91,195.81,403.03,,0.0072,0.8656,-0.566,2.059,0,naive
1785675842.2211783,22.5211,0,8,592,81.91,195.81,403.03,,0.0,0.0,-0.566,2.059,0,naive
1785675842.2383606,22.5382,0,8,592,81.91,195.81,403.03,,0.2471,0.7801,-0.562,2.072,0,naive
1785675842.2548804,22.5548,0,8,592,81.91,195.81,403.03,,0.0,0.0,-0.562,2.072,0,naive
1785675842.2717028,22.5716,0,8,592,81.91,195.81,403.03,,0.0,0.0,-0.562,2.072,0,naive
1785675842.2886019,22.5885,0,8,592,81.91,195.81,403.03,,1.5918,0.2973,-0.535,2.077,0,naive
1785675842.304756,22.6046,0,8,592,81.91,195.81,403.03,,0.0,0.0,-0.535,2.077,0,naive
1785675842.3224132,22.6223,0,8,592,81.91,195.81,403.03,,2.8409,0.1484,-0.485,2.08,0,naive
1785675842.3383045,22.6382,0,8,592,81.91,195.81,403.03,,0.0,0.0,-0.485,2.08,0,naive
1785675842.3538876,22.6538,0,8,592,81.91,195.81,403.03,,0.0,0.0,-0.485,2.08,0,naive
1785675842.370714,22.6706,0,8,592,81.91,195.81,403.03,,3.3936,0.012,-0.427,2.08,0,naive
1785675842.387684,22.6876,0,8,592,81.91,195.81,403.03,,0.0,0.0,-0.427,2.08,0,naive
1785675842.4047935,22.7047,0,8,592,81.91,195.81,403.03,,4.4997,-0.7711,-0.35,2.067,0,naive
1785675842.4228804,22.7228,0,8,592,81.91,195.81,403.03,,0.0,0.0,-0.35,2.067,0,naive
1785675842.4400406,22.7399,0,8,592,81.91,195.81,403.03,,5.3432,-0.8177,-0.259,2.053,0,naive
1785675842.4567516,22.7566,0,8,592,81.91,195.81,403.03,,0.0,0.0,-0.259,2.053,0,naive
1785675842.4736137,22.7735,0,8,592,81.91,195.81,403.03,,0.0,0.0,-0.259,2.053,0,naive
1785675842.4905062,22.7904,0,8,592,81.91,195.81,403.03,,5.138,-1.1222,-0.172,2.034,0,naive
1785675842.5068944,22.8068,0,8,592,81.91,195.81,403.03,,0.0,0.0,-0.172,2.034,0,naive
1785675842.5234206,22.8233,0,8,592,81.91,195.81,403.03,,3.3075,-2.0638,-0.117,2.0,0,naive
1785675842.53926,22.8391,0,8,592,81.91,195.81,403.03,,0.0,0.0,-0.117,2.0,0,naive
1785675842.5551658,22.8551,0,8,592,81.91,195.81,403.03,,-1.0235,-1.4213,-0.134,1.977,0,naive
1785675842.5714386,22.8713,0,8,592,81.91,195.81,403.03,,0.0,0.0,-0.134,1.977,0,naive
1785675842.5876515,22.8875,0,8,592,81.91,195.81,403.03,,0.0,0.0,-0.134,1.977,0,naive
1785675842.6043901,22.9043,0,8,592,81.91,195.81,403.03,,-7.1258,0.9864,-0.253,1.993,0,naive
1785675842.6204338,22.9203,0,8,592,81.91,195.81,403.03,,0.0,0.0,-0.253,1.993,0,naive
1785675842.636267,22.9362,0,8,592,81.91,195.81,403.03,,-8.4682,2.0207,-0.387,2.025,0,naive
1785675842.6523793,22.9523,0,8,592,81.91,195.81,403.03,,0.0,0.0,-0.387,2.025,0,naive
1785675842.668179,22.9681,0,8,592,81.91,195.81,403.03,,0.0,0.0,-0.387,2.025,0,naive
1785675842.6837122,22.9836,0,8,592,81.91,195.81,403.03,,0.0,0.0,-0.387,2.025,0,naive
1785675842.7007113,23.0006,0,8,592,81.91,195.81,403.03,,0.0,0.0,-0.387,2.025,0,naive
1785675842.7176456,23.0175,0,8,592,81.91,195.81,403.03,,-1.0582,-0.3685,-0.405,2.019,0,naive
1785675842.7344558,23.0343,0,8,592,81.91,195.81,403.03,,0.0,0.0,-0.405,2.019,0,naive
1785675842.750869,23.0508,0,8,592,81.91,195.81,403.03,,0.0,0.0,-0.405,2.019,0,naive
1785675842.7677321,23.0676,0,8,592,81.91,195.81,403.03,,0.0,0.0,-0.405,2.019,0,naive
1785675842.784757,23.0846,0,8,592,81.91,195.81,403.03,,0.7723,-0.1328,-0.392,2.017,0,naive
1785675842.8014033,23.1013,0,8,592,81.91,195.81,403.03,,0.0,0.0,-0.392,2.017,0,naive
1785675842.8176665,23.1176,0,8,592,81.91,195.81,403.03,,0.0,0.0,-0.392,2.017,0,naive
1785675842.8348489,23.1347,0,8,592,81.91,195.81,403.03,,0.0,0.0,-0.392,2.017,0,naive
1785675842.8514397,23.1513,0,8,592,81.91,195.81,403.03,,1.4584,0.4265,-0.367,2.024,0,naive
1785675842.8675146,23.1674,0,8,592,81.91,195.81,403.03,,0.0,0.0,-0.367,2.024,0,naive
1785675842.883581,23.1835,0,8,592,81.91,195.81,403.03,,0.0,0.0,-0.367,2.024,0,naive
1785675842.9009523,23.2008,0,8,592,81.91,195.81,403.03,,1.9729,0.7107,-0.333,2.036,0,naive
1785675842.9175944,23.2175,0,8,592,81.91,195.81,403.03,,0.0,0.0,-0.333,2.036,0,naive
1785675842.9338698,23.2338,0,8,592,81.91,195.81,403.03,,1.5344,0.8985,-0.308,2.051,0,naive
1785675842.9512026,23.2511,0,8,592,81.91,195.81,403.03,,0.0,0.0,-0.308,2.051,0,naive
1785675842.9667835,23.2667,0,8,592,81.91,195.81,403.03,,0.0,0.0,-0.308,2.051,0,naive
1785675842.9836936,23.2836,0,8,592,81.91,195.81,403.03,,1.2347,0.8148,-0.287,2.065,0,naive
1785675843.0005367,23.3004,0,8,592,81.91,195.81,403.03,,0.0,0.0,-0.287,2.065,0,naive
1785675843.0168397,23.3167,0,8,592,81.91,195.81,403.03,,0.4732,0.6712,-0.28,2.076,0,naive
1785675843.033511,23.3334,0,8,592,81.91,195.81,403.03,,0.0,0.0,-0.28,2.076,0,naive
1785675843.0494287,23.3493,0,8,592,81.91,195.81,403.03,,0.0,0.0,-0.28,2.076,0,naive
1785675843.065494,23.3654,0,8,592,81.91,195.81,403.03,,0.2207,0.8447,-0.276,2.089,0,naive
1785675843.081172,23.3811,0,8,592,81.91,195.81,403.03,,0.0,0.0,-0.276,2.089,0,naive
1785675843.0978904,23.3978,0,8,592,81.91,195.81,403.03,,-0.3009,0.597,-0.281,2.099,0,naive
1785675843.1147652,23.4147,0,8,592,81.91,195.81,403.03,,0.0,0.0,-0.281,2.099,0,naive
1785675843.1314926,23.4314,0,8,592,81.91,195.81,403.03,,0.0,0.0,-0.281,2.099,0,naive
1785675843.1471484,23.447,0,8,592,81.91,195.81,403.03,,-0.813,0.5731,-0.294,2.108,0,naive
1785675843.1636639,23.4636,0,8,592,81.91,195.81,403.03,,0.0,0.0,-0.294,2.108,0,naive
1785675843.181319,23.4812,0,8,592,81.91,195.81,403.03,,-1.6253,0.7466,-0.323,2.121,0,naive
1785675843.1975985,23.4975,0,8,592,81.91,195.81,403.03,,0.0,0.0,-0.323,2.121,0,naive
1785675843.213595,23.5135,0,8,592,81.91,195.81,403.03,,0.0,0.0,-0.323,2.121,0,naive
1785675843.2303617,23.5303,0,8,592,81.91,195.81,403.03,,-1.9615,0.655,-0.355,2.132,0,naive
1785675843.2466936,23.5466,0,8,592,81.91,195.81,403.03,,0.0,0.0,-0.355,2.132,0,naive
1785675843.2633348,23.5632,0,8,592,81.91,195.81,403.03,,-1.7055,-0.0018,-0.384,2.132,0,naive
1785675843.279118,23.579,0,8,592,81.91,195.81,403.03,,0.0,0.0,-0.384,2.132,0,naive
1785675843.2965908,23.5965,0,8,592,81.91,195.81,403.03,,-1.1258,0.1274,-0.403,2.135,0,naive
1785675843.3131278,23.613,0,8,592,81.91,195.81,403.03,,0.0,0.0,-0.403,2.135,0,naive
1785675843.3290823,23.629,0,8,592,81.91,195.81,403.03,,0.0,0.0,-0.403,2.135,0,naive
1785675843.3447206,23.6446,0,8,592,81.91,195.81,403.03,,-0.3852,-0.1364,-0.41,2.132,0,naive
1785675843.3625412,23.6624,0,8,592,81.91,195.81,403.03,,0.0,0.0,-0.41,2.132,0,naive
1785675843.379725,23.6796,0,8,592,81.91,195.81,403.03,,0.6903,-0.4965,-0.398,2.124,0,naive
1785675843.3963466,23.6962,0,8,592,81.91,195.81,403.03,,0.0,0.0,-0.398,2.124,0,naive
1785675843.4125917,23.7125,0,8,592,81.91,195.81,403.03,,0.0,0.0,-0.398,2.124,0,naive
1785675843.4294658,23.7294,0,8,592,81.91,195.81,403.03,,0.0,0.0,-0.398,2.124,0,naive
1785675843.445714,23.7456,0,8,592,81.91,195.81,403.03,,2.7948,-0.0263,-0.352,2.123,0,naive
1785675843.46271,23.7626,0,8,592,81.91,195.81,403.03,,0.0,0.0,-0.352,2.123,0,naive
1785675843.479836,23.7797,0,8,592,81.91,195.81,403.03,,0.0,0.0,-0.352,2.123,0,naive
1785675843.4966002,23.7965,0,8,592,81.91,195.81,403.03,,0.0,0.0,-0.352,2.123,0,naive
1785675843.5133197,23.8132,0,8,592,81.91,195.81,403.03,,3.6455,0.5258,-0.291,2.132,0,naive
1785675843.5292592,23.8291,0,8,592,81.91,195.81,403.03,,0.0,0.0,-0.291,2.132,0,naive
1785675843.5454853,23.8454,0,8,592,81.91,195.81,403.03,,0.0,0.0,-0.291,2.132,0,naive
1785675843.5612426,23.8611,0,8,592,81.91,195.81,403.03,,0.0,0.0,-0.291,2.132,0,naive
1785675843.576979,23.8769,0,8,592,81.91,195.81,403.03,,2.2576,2.3785,-0.256,2.17,0,naive
1785675843.5937045,23.8936,0,8,592,81.91,195.81,403.03,,0.0,0.0,-0.256,2.17,0,naive
1785675843.6114564,23.9113,0,8,592,81.91,195.81,403.03,,0.0,0.0,-0.256,2.17,0,naive
1785675843.6280026,23.9279,0,8,592,81.91,195.81,403.03,,2.0758,2.3976,-0.221,2.209,0,naive
1785675843.6448262,23.9447,0,8,592,81.91,195.81,403.03,,0.0,0.0,-0.221,2.209,0,naive
1785675843.6618176,23.9617,0,8,592,81.91,195.81,403.03,,2.412,2.7374,-0.18,2.256,0,naive
1785675843.6784282,23.9783,0,8,592,81.91,195.81,403.03,,0.0,0.0,-0.18,2.256,0,naive
1785675843.6942093,23.9941,0,8,592,81.91,195.81,403.03,,0.0,0.0,-0.18,2.256,0,naive
1785675843.7100265,24.0099,0,8,592,81.91,195.81,403.03,,2.0889,2.8977,-0.147,2.302,0,naive
1785675843.7274563,24.0273,0,8,592,81.91,195.81,403.03,,0.0,0.0,-0.147,2.302,0,naive
1785675843.7434855,24.0434,0,8,592,81.91,195.81,403.03,,2.7505,2.5932,-0.103,2.343,0,naive
1785675843.758956,24.0588,0,8,592,81.91,195.81,403.03,,0.0,0.0,-0.103,2.343,0,naive
1785675843.775862,24.0758,0,8,592,81.91,195.81,403.03,,0.0,0.0,-0.103,2.343,0,naive
1785675843.792476,24.0924,0,8,592,81.91,195.81,403.03,,2.9468,2.3827,-0.054,2.383,0,naive
1785675843.8088865,24.1088,0,8,592,81.91,195.81,403.03,,0.0,0.0,-0.054,2.383,0,naive
1785675843.825562,24.1255,0,8.12,592,81.91,195.81,403.0,,3.4062,2.397,0.002,2.423,0,naive
1785675843.8414814,24.1414,0,8.24,592,81.91,195.81,402.98,,0.0,0.0,0.002,2.423,0,naive
1785675843.8577027,24.1576,0,11.9,592,81.91,195.81,402.33,,4.483,1.8048,0.075,2.452,0,naive
1785675843.8746696,24.1746,0,15.72,592,81.91,195.81,401.68,,0.0,0.0,0.075,2.452,0,naive
1785675843.8916154,24.1915,0,19.55,592,81.91,195.81,401.07,,0.0,0.0,0.075,2.452,0,naive
1785675843.9091654,24.2091,0,29.09,592,81.91,195.81,399.7,,6.0437,-0.2387,0.181,2.448,0,naive
1785675843.9252253,24.2251,0,37.82,592,81.91,195.81,398.64,,0.0,0.0,0.181,2.448,0,naive
1785675843.9417546,24.2416,0,51.89,592,81.91,195.81,397.33,,6.2016,-0.2674,0.284,2.443,0,naive
1785675843.9584372,24.2583,0,66.09,592,81.91,195.81,396.51,,0.0,0.0,0.284,2.443,0,naive
1785675843.974645,24.2745,0,84.31,592,81.91,195.81,396.2,,5.6082,-0.1813,0.375,2.441,0,naive
1785675843.9913738,24.2913,0,103.11,592,81.91,195.81,396.76,,0.0,0.0,0.375,2.441,0,naive
1785675844.0076575,24.3075,0,121.41,592,81.91,195.81,398.16,,0.0,0.0,0.375,2.441,0,naive
1785675844.0246632,24.3246,0,143.92,592,81.91,195.81,401.01,,3.9194,-0.3799,0.441,2.434,0,naive
1785675844.0416057,24.3415,0,166.35,592,81.91,195.81,405.09,,0.0,0.0,0.441,2.434,0,naive
1785675844.0581722,24.3581,0,189.21,592,81.91,195.81,410.46,,1.1157,0.6867,0.46,2.445,0,naive
1785675844.0746315,24.3745,0,211.91,592,81.91,195.81,416.97,,0.0,0.0,0.46,2.445,0,naive
1785675844.0917096,24.3916,0,235.46,592,81.91,195.81,424.91,,0.0,0.0,0.46,2.445,0,naive
1785675844.1083338,24.4082,0,258.39,592,81.91,195.81,433.72,,0.0,0.0,0.46,2.445,0,naive
1785675844.1246953,24.4246,0,280.96,592,81.91,195.81,443.38,,0.0,0.0,0.46,2.445,0,naive
1785675844.1417234,24.4416,0,304.45,592,81.91,195.81,454.41,,0.0,0.0,0.46,2.445,0,naive
1785675844.1584055,24.4583,0,327.46,592,81.91,195.81,466.11,,0.0,0.0,0.46,2.445,0,naive
1785675844.174446,24.4743,0,349.59,592,81.91,195.81,478.14,,0.0,0.0,0.46,2.445,0,naive
1785675844.190765,24.4907,0,372.09,592,81.91,195.81,491.09,,0.0,0.0,0.46,2.445,0,naive
1785675844.2074394,24.5073,0,395.09,592,81.91,195.81,505.03,,0.0,0.0,0.46,2.445,0,naive
1785675844.2239802,24.5239,0,417.91,592,81.91,195.81,519.48,,0.0,0.0,0.46,2.445,0,naive
1785675844.24065,24.5405,0,440.9,592,81.91,195.81,534.64,,0.0,0.0,0.46,2.445,0,naive
1785675844.2574487,24.5573,0,464.07,592,81.91,195.81,550.47,,0.0,0.0,0.46,2.445,0,naive
1785675844.2738252,24.5737,0,486.66,592,81.91,195.81,566.38,,0.0,0.0,0.46,2.445,0,naive
1785675844.2906241,24.5905,0,509.83,592,81.91,195.81,583.17,,0.0,0.0,0.46,2.445,0,naive
1785675844.3073757,24.6073,0,532.94,592,81.91,195.81,600.33,,0.0,0.0,0.46,2.445,0,naive
1785675844.323134,24.623,0,554.68,592,81.91,195.81,616.82,,0.0,0.0,0.46,2.445,0,naive
1785675844.339943,24.6398,0,577.86,592,81.91,195.81,634.77,,0.0,0.0,0.46,2.445,0,naive
1785675844.3565874,24.6565,0,600.82,592,81.91,195.81,652.86,,0.0,0.0,0.46,2.445,0,naive
1785675844.373291,24.6732,0,623.86,592,81.91,195.81,671.32,,0.0,0.0,0.46,2.445,0,naive
1785675844.38881,24.6887,0,645.26,592,81.91,195.81,688.72,,0.0,0.0,0.46,2.445,0,naive
1785675844.405482,24.7054,0,668.26,592,81.91,195.81,707.65,,0.0,0.0,0.46,2.445,0,naive
1785675844.4209566,24.7208,0,689.61,592,81.91,195.81,725.44,,0.0,0.0,0.46,2.445,0,naive
1785675844.4377978,24.7377,0,712.83,592,81.91,195.81,745.0,,0.0,0.0,0.46,2.445,0,naive
1785675844.4545043,24.7544,0,735.88,592,81.91,195.81,764.62,,0.0,0.0,0.46,2.445,0,naive
1785675844.4702787,24.7702,0,757.64,592,81.91,195.81,783.31,,0.0,0.0,0.46,2.445,0,naive
1785675844.486118,24.786,0,779.48,592,81.91,195.81,802.23,,0.0,0.0,0.46,2.445,0,naive
1785675844.5036585,24.8035,0,792,592,81.91,195.81,813.14,,0.0,0.0,0.46,2.445,0,naive
1785675844.5211985,24.8211,0,792,592,81.91,195.81,813.14,,0.0,0.0,0.46,2.445,0,naive
1785675844.537654,24.8375,0,792,592,81.91,195.81,813.14,,0.0,0.0,0.46,2.445,0,naive
1785675844.5536623,24.8536,0,792,592,81.91,195.81,813.14,,0.0,0.0,0.46,2.445,0,naive
1785675844.5704827,24.8704,0,792,592,81.91,195.81,813.14,,0.0,0.0,0.46,2.445,0,naive
1785675844.586006,24.8859,0,792,592,81.91,195.81,813.14,,0.0,0.0,0.46,2.445,0,naive
1785675844.6027207,24.9026,0,792,592,81.91,195.81,813.14,,0.0,0.0,0.46,2.445,0,naive
1785675844.6195495,24.9194,0,792,592,81.91,195.81,813.14,,0.0,0.0,0.46,2.445,0,naive
1785675844.635563,24.9355,0,792,592,81.91,195.81,813.14,,0.0,0.0,0.46,2.445,0,naive
1785675844.6514006,24.9513,0,792,592,81.91,195.81,813.14,,0.0,0.0,0.46,2.445,0,naive
1785675844.6671011,24.967,0,792,592,81.91,195.81,813.14,,0.0,0.0,0.46,2.445,0,naive
1785675844.6837811,24.9837,0,792,592,81.91,195.81,813.14,,0.0,0.0,0.46,2.445,0,naive
1785675844.7006936,25.0006,0,792,592,81.91,195.81,813.14,,0.0,0.0,0.46,2.445,0,naive
1785675844.7175288,25.0174,0,792,592,81.91,195.81,813.14,,0.0,0.0,0.46,2.445,0,naive
1785675844.7331817,25.0331,0,792,592,81.91,195.81,813.14,,0.0,0.0,0.46,2.445,0,naive
1785675844.7493634,25.0493,0,792,592,81.91,195.81,813.14,,0.0,0.0,0.46,2.445,0,naive
1785675844.7659862,25.0659,0,792,592,81.91,195.81,813.14,,0.0,0.0,0.46,2.445,0,naive
1785675844.7825825,25.0825,0,792,592,81.91,195.81,813.14,,0.0,0.0,0.46,2.445,0,naive
1785675844.798378,25.0983,0,792,592,81.91,195.81,813.14,,0.0,0.0,0.46,2.445,0,naive
1785675844.8148968,25.1148,0,792,592,81.91,195.81,813.14,,0.0,0.0,0.46,2.445,0,naive
1785675844.8325381,25.1324,0,792,592,81.91,195.81,813.14,,0.0,0.0,0.46,2.445,0,naive
1785675844.8482895,25.1482,0,792,592,81.91,195.81,813.14,,0.0,0.0,0.46,2.445,0,naive
1785675844.8640144,25.1639,0,792,592,81.91,195.81,813.14,,0.0,0.0,0.46,2.445,0,naive
1785675844.8809996,25.1809,0,792,592,81.91,195.81,813.14,,0.0,0.0,0.46,2.445,0,naive
1785675844.8980474,25.1979,0,792,592,81.91,195.81,813.14,,0.0,0.0,0.46,2.445,0,naive
1785675844.9150953,25.215,0,792,592,81.91,195.81,813.14,,0.0,0.0,0.46,2.445,0,naive
1785675844.930824,25.2307,0,792,592,81.91,195.81,813.14,,0.0,0.0,0.46,2.445,0,naive
1785675844.9474669,25.2474,0,792,592,81.91,195.81,813.14,,0.0,0.0,0.46,2.445,0,naive
1785675844.9631631,25.2631,0,792,592,81.91,195.81,813.14,,0.0,0.0,0.46,2.445,0,naive
1785675844.9796216,25.2795,0,792,592,81.91,195.81,813.14,,0.0,0.0,0.46,2.445,0,naive
1785675844.996457,25.2963,0,792,592,81.91,195.81,813.14,,0.0,0.0,0.46,2.445,0,naive
1785675845.0125582,25.3124,0,792,592,81.91,195.81,813.14,,0.0,0.0,0.46,2.445,0,naive
1785675845.0283508,25.3282,0,792,592,81.91,195.81,813.14,,0.0,0.0,0.46,2.445,0,naive
1785675845.0440826,25.344,0,792,592,81.91,195.81,813.14,,0.0,0.0,0.46,2.445,0,naive
1785675845.0608683,25.3608,0,792,592,81.91,195.81,813.14,,0.0,0.0,0.46,2.445,0,naive
1785675845.078016,25.3779,0,792,592,81.91,195.81,813.14,,0.0,0.0,0.46,2.445,0,naive
1785675845.094758,25.3946,0,792,592,81.91,195.81,813.14,,0.0,0.0,0.46,2.445,0,naive
1785675845.111343,25.4112,0,792,592,81.91,195.81,813.14,,0.0,0.0,0.46,2.445,0,naive
1785675845.1275144,25.4274,0,792,592,81.91,195.81,813.14,,0.0,0.0,0.46,2.445,0,naive
1785675845.1439512,25.4438,0,792,592,81.91,195.81,813.14,,0.0,0.0,0.46,2.445,0,naive
1785675845.1609685,25.4609,0,792,592,81.91,195.81,813.14,,0.0,0.0,0.46,2.445,0,naive
1785675845.1782594,25.4781,0,792,592,81.91,195.81,813.14,,0.0,0.0,0.46,2.445,0,naive
1785675845.1944606,25.4943,0,792,592,81.91,195.81,813.14,,0.0,0.0,0.46,2.445,0,naive
1785675845.2103932,25.5103,0,792,592,81.91,195.81,813.14,,0.0,0.0,0.46,2.445,0,naive
1785675845.2262228,25.5261,0,792,592,81.91,195.81,813.14,,0.0,0.0,0.46,2.445,0,naive
1785675845.2429087,25.5428,0,792,592,81.91,195.81,813.14,,4.6211,0.2429,0.537,2.45,0,naive
1785675845.2597866,25.5597,0,792,592,81.91,195.81,813.14,,0.0,0.0,0.537,2.45,0,naive
1785675845.2768896,25.5768,0,792,592,81.91,195.81,813.14,,0.0,0.0,0.537,2.45,0,naive
1785675845.2933552,25.5932,0,792,592,81.91,195.81,813.14,,3.6305,1.2987,0.597,2.471,0,naive
1785675845.3094747,25.6094,0,792,592,81.91,195.81,813.14,,0.0,0.0,0.597,2.471,0,naive
1785675845.3257787,25.6257,0,792,592,81.91,195.81,813.14,,2.0267,1.4183,0.63,2.494,0,naive
1785675845.3428373,25.6427,0,792,592,81.91,195.81,813.14,,0.0,0.0,0.63,2.494,0,naive
1785675845.3599486,25.6598,0,792,592,81.91,195.81,813.14,,0.0,0.0,0.63,2.494,0,naive
1785675845.3775656,25.6775,0,792,592,81.91,195.81,813.14,,2.2074,1.8796,0.669,2.527,0,naive
1785675845.3931754,25.6931,0,792,592,81.91,195.81,813.14,,0.0,0.0,0.669,2.527,0,naive
1785675845.4097934,25.7097,0,792,592,81.91,195.81,813.14,,0.0,0.0,0.669,2.527,0,naive
1785675845.4265513,25.7264,0,792,592,81.91,195.81,813.14,,0.8596,1.453,0.683,2.551,0,naive
1785675845.4424832,25.7424,0,792,592,81.91,195.81,813.14,,0.0,0.0,0.683,2.551,0,naive
1785675845.4581633,25.7581,0,792,592,81.91,195.81,813.14,,0.658,1.8909,0.693,2.581,0,naive
1785675845.4738357,25.7737,0,792,592,81.91,195.81,813.14,,0.0,0.0,0.693,2.581,0,naive
1785675845.4909134,25.7908,0,792,592,81.91,195.81,813.14,,0.0,0.0,0.693,2.581,0,naive
1785675845.508002,25.8079,0,792,592,81.91,195.81,813.14,,-0.0987,1.2993,0.692,2.603,0,naive
1785675845.524704,25.8246,0,792,592,81.91,195.81,813.14,,0.0,0.0,0.692,2.603,0,naive
1785675845.5412543,25.8411,0,792,592,81.91,195.81,813.14,,-0.8064,0.8471,0.678,2.617,0,naive
1785675845.5569663,25.8569,0,792,592,81.91,195.81,813.14,,0.0,0.0,0.678,2.617,0,naive
1785675845.5738204,25.8737,0,792,592,81.91,195.81,813.14,,0.0,0.0,0.678,2.617,0,naive
1785675845.5910294,25.8909,0,792,592,81.91,195.81,813.14,,-0.0084,1.0217,0.678,2.635,0,naive
1785675845.6084976,25.9084,0,792,592,81.91,195.81,813.14,,0.0,0.0,0.678,2.635,0,naive
1785675845.6241508,25.924,0,792,592,81.91,195.81,813.14,,0.0,0.0,0.678,2.635,0,naive
1785675845.6404538,25.9403,0,792,592,81.91,195.81,813.14,,-1.3663,0.8333,0.656,2.649,0,naive
1785675845.6572134,25.9571,0,792,592,81.91,195.81,813.14,,0.0,0.0,0.656,2.649,0,naive
1785675845.6736732,25.9736,0,792,592,81.91,195.81,813.14,,0.0,0.0,0.656,2.649,0,naive
1785675845.690746,25.9906,0,792,592,81.91,195.81,813.14,,0.0,0.0,0.656,2.649,0,naive
1785675845.7078505,26.0077,0,792,592,81.91,195.81,813.14,,-0.3272,0.5563,0.65,2.658,0,naive
1785675845.7246075,26.0245,0,792,592,81.91,195.81,813.14,,0.0,0.0,0.65,2.658,0,naive
1785675845.7408972,26.0408,0,792,592,81.91,195.81,813.14,,0.0,0.0,0.65,2.658,0,naive
1785675845.757969,26.0579,0,792,592,81.91,195.81,813.14,,0.0,0.0,0.65,2.658,0,naive
1785675845.7749705,26.0749,0,792,592,81.91,195.81,813.14,,-0.2752,0.2453,0.646,2.662,0,naive
1785675845.7918353,26.0917,0,792,592,81.91,195.81,813.14,,0.0,0.0,0.646,2.662,0,naive
1785675845.8083854,26.1083,0,792,592,81.91,195.81,813.14,,0.0299,0.0814,0.646,2.664,0,naive
1785675845.824758,26.1246,0,792,592,81.91,195.81,813.14,,0.0,0.0,0.646,2.664,0,naive
1785675845.8415644,26.1415,0,792,592,81.91,195.81,813.14,,0.6401,-0.2835,0.657,2.659,0,naive
1785675845.8572276,26.1571,0,792,592,81.91,195.81,813.14,,0.0,0.0,0.657,2.659,0,naive
1785675845.8735495,26.1734,0,792,592,81.91,195.81,813.14,,0.0,0.0,0.657,2.659,0,naive
1785675845.890843,26.1907,0,792,592,81.91,195.81,813.14,,1.6648,0.661,0.686,2.67,0,naive
1785675845.907437,26.2073,0,792,592,81.91,195.81,813.14,,0.0,0.0,0.686,2.67,0,naive
1785675845.9234698,26.2234,0,792,592,81.91,195.81,813.14,,0.0,0.0,0.686,2.67,0,naive
1785675845.9400012,26.2399,0,792,592,81.91,195.81,813.14,,0.8746,0.6419,0.7,2.681,0,naive
1785675845.9565847,26.2565,0,792,592,81.91,195.81,813.14,,0.0,0.0,0.7,2.681,0,naive
1785675845.9738102,26.2737,0,792,592,81.91,195.81,813.14,,1.1761,0.1412,0.72,2.683,0,naive
1785675845.990945,26.2908,0,792,592,81.91,195.81,813.14,,0.0,0.0,0.72,2.683,0,naive
1785675846.0081544,26.308,0,792,592,81.91,195.81,813.14,,3.4989,2.7565,0.781,2.731,0,naive
1785675846.0237355,26.3236,0,792,592,81.91,195.81,813.14,,0.0,0.0,0.781,2.731,0,naive
1785675846.0398972,26.3398,0,792,592,81.91,195.81,813.14,,0.0,0.0,0.781,2.731,0,naive
1785675846.0570295,26.3569,0,792,592,81.91,195.81,813.14,,1.8491,1.7994,0.812,2.762,0,naive
1785675846.073857,26.3737,0,792,592,81.91,195.81,813.14,,0.0,0.0,0.812,2.762,0,naive
1785675846.0907705,26.3907,0,792,592,81.91,195.81,813.14,,1.8012,0.3817,0.843,2.768,0,naive
1785675846.107843,26.4077,0,792,592,81.91,195.81,813.14,,0.0,0.0,0.843,2.768,0,naive
1785675846.1251915,26.4251,0,792,592,81.91,195.81,813.14,,0.0,0.0,0.843,2.768,0,naive
1785675846.1409364,26.4408,0,792,592,81.91,195.81,813.14,,1.7456,1.0092,0.87,2.784,0,naive
1785675846.157769,26.4577,0,792,592,81.91,195.81,813.14,,0.0,0.0,0.87,2.784,0,naive
1785675846.1747375,26.4746,0,792,592,81.91,195.81,813.14,,0.5234,0.3398,0.879,2.79,0,naive
1785675846.1924531,26.4923,0,792,592,81.91,195.81,813.14,,0.0,0.0,0.879,2.79,0,naive
1785675846.2079675,26.5079,0,792,592,81.91,195.81,813.14,,0.0,0.0,0.879,2.79,0,naive
1785675846.2245688,26.5245,0,792,592,81.91,195.81,813.14,,-0.0221,0.8889,0.879,2.804,0,naive
1785675846.2412524,26.5411,0,792,592,81.91,195.81,813.14,,1.4686,-0.6173,0.903,2.794,0,naive
1785675846.257063,26.557,0,792,592,81.91,195.81,813.14,,0.0,0.0,0.903,2.794,0,naive
1785675846.2733617,26.5733,0,792,592,81.91,195.81,813.14,,0.0,0.0,0.903,2.794,0,naive
1785675846.289505,26.5894,0,792,592,81.91,195.81,813.14,,2.3097,-1.5978,0.94,2.768,0,naive
1785675846.3053665,26.6053,0,792,592,81.91,195.81,813.14,,0.0,0.0,0.94,2.768,0,naive
1785675846.321006,26.6209,0,792,592,81.91,195.81,813.14,,0.0,0.0,0.94,2.768,0,naive
1785675846.3376412,26.6375,0,792,592,81.91,195.81,813.14,,0.0,0.0,0.94,2.768,0,naive
1785675846.3549964,26.6549,0,792,592,81.91,195.81,813.14,,0.6748,-2.4832,0.952,2.725,0,naive
1785675846.3723052,26.6722,0,792,592,81.91,195.81,813.14,,0.0,0.0,0.952,2.725,0,naive
1785675846.387927,26.6878,0,792,592,81.91,195.81,813.14,,0.0,0.0,0.952,2.725,0,naive
1785675846.4049752,26.7049,0,792,592,81.91,195.81,813.14,,0.0,0.0,0.952,2.725,0,naive
1785675846.422673,26.7226,0,792,592,81.91,195.81,813.14,,0.0,0.0,0.952,2.725,0,naive
1785675846.439504,26.7394,0,792,592,81.91,195.81,813.14,,2.7069,-0.4666,0.998,2.717,0,naive
1785675846.4559865,26.7559,0,792,592,81.91,195.81,813.14,,0.0,0.0,0.998,2.717,0,naive
1785675846.4735663,26.7735,0,792,592,81.91,195.81,813.14,,0.0,0.0,0.998,2.717,0,naive
1785675846.4905527,26.7904,0,792,592,81.91,195.81,813.14,,0.0,0.0,0.998,2.717,0,naive
1785675846.506698,26.8066,0,792,592,81.91,195.81,813.14,,1.3854,0.2776,1.02,2.722,0,naive
1785675846.523806,26.8237,0,792,592,81.91,195.81,813.14,,0.0,0.0,1.02,2.722,0,naive
1785675846.5408547,26.8407,0,792,592,81.91,195.81,813.14,,1.3938,-0.1196,1.044,2.72,0,naive
1785675846.5577888,26.8577,0,792,592,81.91,195.81,813.14,,0.0,0.0,1.044,2.72,0,naive
1785675846.5749836,26.8749,0,792,592,81.91,195.81,813.14,,1.9376,-0.2124,1.077,2.716,0,naive
1785675846.5916169,26.8915,0,792,592,81.91,195.81,813.14,,0.0,0.0,1.077,2.716,0,naive
1785675846.6074598,26.9073,0,792,592,81.91,195.81,813.14,,0.0,0.0,1.077,2.716,0,naive
1785675846.6235087,26.9234,0,792,592,81.91,195.81,813.14,,0.0,0.0,1.077,2.716,0,naive
1785675846.6390507,26.9389,0,792,592,81.91,195.81,813.14,,0.0,0.0,1.077,2.716,0,naive
1785675846.6558564,26.9557,0,792,592,81.91,195.81,813.14,,0.0,0.0,1.077,2.716,0,naive
1785675846.6725612,26.9725,0,792,592,81.91,195.81,813.14,,0.0,0.0,1.077,2.716,0,naive
1785675846.6897829,26.9897,0,792,592,81.91,195.81,813.14,,0.0,0.0,1.077,2.716,0,naive
1785675846.7064052,27.0063,0,792,592,81.91,195.81,813.14,,0.0,0.0,1.077,2.716,0,naive
1785675846.722732,27.0226,0,792,592,81.91,195.81,813.14,,0.0,0.0,1.077,2.716,0,naive
1785675846.7393868,27.0393,0,792,592,81.91,195.81,813.14,,0.0,0.0,1.077,2.716,0,naive
1785675846.7554371,27.0553,0,792,592,81.91,195.81,813.14,,0.0,0.0,1.077,2.716,0,naive
1785675846.772494,27.0724,0,792,592,81.91,195.81,813.14,,0.0,0.0,1.077,2.716,0,naive
1785675846.7890067,27.0889,0,792,592,81.91,195.81,813.14,,0.0,0.0,1.077,2.716,0,naive
1785675846.805526,27.1054,0,792,592,81.91,195.81,813.14,,0.0,0.0,1.077,2.716,0,naive
1785675846.8211782,27.1211,0,792,592,81.91,195.81,813.14,,0.0,0.0,1.077,2.716,0,naive
1785675846.8376129,27.1375,0,792,592,81.91,195.81,813.14,,0.0,0.0,1.077,2.716,0,naive
1785675846.854761,27.1547,0,792,592,81.91,195.81,813.14,,0.0,0.0,1.077,2.716,0,naive
1785675846.8718812,27.1718,0,792,592,81.91,195.81,813.14,,0.0,0.0,1.077,2.716,0,naive
1785675846.888541,27.1884,0,792,592,81.91,195.81,813.14,,0.0,0.0,1.077,2.716,0,naive
1785675846.9049702,27.2049,0,792,592,81.91,195.81,813.14,,0.0,0.0,1.077,2.716,0,naive
1785675846.9223797,27.2223,0,792,592,81.91,195.81,813.14,,0.0,0.0,1.077,2.716,0,naive
1785675846.9382846,27.2382,0,792,592,81.91,195.81,813.14,,0.0,0.0,1.077,2.716,0,naive
1785675846.954525,27.2544,0,792,592,81.91,195.81,813.14,,0.0,0.0,1.077,2.716,0,naive
1785675846.9705756,27.2705,0,792,592,81.91,195.81,813.14,,0.0,0.0,1.077,2.716,0,naive
1785675846.9866548,27.2865,0,792,592,81.91,195.81,813.14,,0.0,0.0,1.077,2.716,0,naive
1785675847.0037408,27.3036,0,792,592,81.91,195.81,813.14,,0.0,0.0,1.077,2.716,0,naive
1785675847.0206926,27.3206,0,792,592,81.91,195.81,813.14,,0.0,0.0,1.077,2.716,0,naive
1785675847.0374568,27.3373,0,792,592,81.91,195.81,813.14,,0.0,0.0,1.077,2.716,0,naive
1785675847.0530193,27.3529,0,792,592,81.91,195.81,813.14,,0.0,0.0,1.077,2.716,0,naive
1785675847.0696309,27.3695,0,792,592,81.91,195.81,813.14,,0.0,0.0,1.077,2.716,0,naive
1785675847.0854912,27.3854,0,792,592,81.91,195.81,813.14,,0.0,0.0,1.077,2.716,0,naive
1785675847.102593,27.4025,0,792,592,81.91,195.81,813.14,,0.0,0.0,1.077,2.716,0,naive
1785675847.1199262,27.4198,0,792,592,81.91,195.81,813.14,,0.0,0.0,1.077,2.716,0,naive
1785675847.1366298,27.4365,0,792,592,81.91,195.81,813.14,,0.0,0.0,1.077,2.716,0,naive
1785675847.1528175,27.4527,0,792,592,81.91,195.81,813.14,,0.0,0.0,1.077,2.716,0,naive
1785675847.1698036,27.4697,0,792,592,81.91,195.81,813.14,,0.0,0.0,1.077,2.716,0,naive
1785675847.1865323,27.4864,0,792,592,81.91,195.81,813.14,,0.0,0.0,1.077,2.716,0,naive
1785675847.202529,27.5024,0,792,592,81.91,195.81,813.14,,0.0,0.0,1.077,2.716,0,naive
1785675847.218571,27.5185,0,792,592,81.91,195.81,813.14,,0.0,0.0,1.077,2.716,0,naive
1785675847.2358289,27.5357,0,792,592,81.91,195.81,813.14,,0.0,0.0,1.077,2.716,0,naive
1785675847.2526433,27.5525,0,792,592,81.91,195.81,813.14,,0.0,0.0,1.077,2.716,0,naive
1785675847.270068,27.57,0,792,592,81.91,195.81,813.14,,0.0,0.0,1.077,2.716,0,naive
1785675847.2862098,27.5861,0,792,592,81.91,195.81,813.14,,0.0,0.0,1.077,2.716,0,naive
1785675847.3027427,27.6026,0,792,592,81.91,195.81,813.14,,0.0,0.0,1.077,2.716,0,naive
1785675847.3200395,27.6199,0,792,592,81.91,195.81,813.14,,0.0,0.0,1.077,2.716,0,naive
1785675847.3359299,27.6358,0,792,592,81.91,195.81,813.14,,0.0,0.0,1.077,2.716,0,naive
1785675847.3528152,27.6527,0,792,592,81.91,195.81,813.14,,0.0,0.0,1.077,2.716,0,naive
1785675847.3699198,27.6698,0,792,592,81.91,195.81,813.14,,0.0,0.0,1.077,2.716,0,naive
1785675847.386967,27.6869,0,792,592,81.91,195.81,813.14,,0.0,0.0,1.077,2.716,0,naive
1785675847.403746,27.7036,0,792,592,81.91,195.81,813.14,,0.0,0.0,1.077,2.716,0,naive
1785675847.4204872,27.7204,0,792,592,81.91,195.81,813.14,,0.0,0.0,1.077,2.716,0,naive
1785675847.4368396,27.7367,0,792,592,81.91,195.81,813.14,,0.0,0.0,1.077,2.716,0,naive
1785675847.45341,27.7533,0,792,592,81.91,195.81,813.14,,0.0,0.0,1.077,2.716,0,naive
1785675847.4699547,27.7698,0,792,592,81.91,195.81,813.14,,0.0,0.0,1.077,2.716,0,naive
1785675847.4867523,27.7866,0,792,592,81.91,195.81,813.14,,0.0,0.0,1.077,2.716,0,naive
1785675847.504533,27.8044,0,792,592,81.91,195.81,813.14,,0.0,0.0,1.077,2.716,0,naive
1785675847.5207818,27.8207,0,792,592,81.91,195.81,813.14,,0.0,0.0,1.077,2.716,0,naive
1785675847.538083,27.838,0,792,592,81.91,195.81,813.14,,0.0,0.0,1.077,2.716,0,naive
1785675847.5543857,27.8543,0,792,592,81.91,195.81,813.14,,0.0,0.0,1.077,2.716,0,naive
1785675847.5709674,27.8709,0,792,592,81.91,195.81,813.14,,0.0,0.0,1.077,2.716,0,naive
1785675847.587702,27.8876,0,792,592,81.91,195.81,813.14,,0.0,0.0,1.077,2.716,0,naive
1785675847.6050262,27.9049,0,792,592,81.91,195.81,813.14,,0.0,0.0,1.077,2.716,0,naive
1785675847.6210167,27.9209,0,792,592,81.91,195.81,813.14,,0.0,0.0,1.077,2.716,0,naive
1785675847.6376522,27.9375,0,792,592,81.91,195.81,813.14,,0.0,0.0,1.077,2.716,0,naive
1785675847.654885,27.9548,0,792,592,81.91,195.81,813.14,,1.3968,0.8812,1.101,2.731,0,naive
1785675847.6720335,27.9719,0,792,592,81.91,195.81,813.14,,0.0,0.0,1.101,2.731,0,naive
1785675847.688736,27.9886,0,792,592,81.91,195.81,813.14,,1.2664,0.603,1.122,2.741,0,naive
1785675847.7053049,28.0052,0,792,592,81.91,195.81,813.14,,0.0,0.0,1.122,2.741,0,naive
1785675847.7207766,28.0207,0,792,592,81.91,195.81,813.14,,0.0,0.0,1.122,2.741,0,naive
1785675847.7373593,28.0372,0,792,592,81.91,195.81,813.14,,1.4716,0.7364,1.147,2.754,0,naive
1785675847.7539034,28.0538,0,792,592,81.91,195.81,813.14,,0.0,0.0,1.147,2.754,0,naive
1785675847.7711632,28.0711,0,792,592,81.91,195.81,813.14,,1.4058,0.8375,1.171,2.768,0,naive
1785675847.7885258,28.0884,0,792,592,81.91,195.81,813.14,,0.0,0.0,1.171,2.768,0,naive
1785675847.8047118,28.1046,0,792,592,81.91,195.81,813.14,,0.0,0.0,1.171,2.768,0,naive
1785675847.8217866,28.1217,0,792,592,81.91,195.81,813.14,,0.0,0.0,1.171,2.768,0,naive
1785675847.838906,28.1388,0,792,592,81.91,195.81,813.14,,1.3675,0.8614,1.195,2.783,0,naive
1785675847.855561,28.1555,0,792,592,81.91,195.81,813.14,,0.0,0.0,1.195,2.783,0,naive
1785675847.8727877,28.1727,0,792,592,81.91,195.81,813.14,,0.0,0.0,1.195,2.783,0,naive
1785675847.8895247,28.1894,0,792,592,81.91,195.81,813.14,,0.0,0.0,1.195,2.783,0,naive
1785675847.9052026,28.2051,0,792,592,81.91,195.81,813.14,,1.3478,0.67,1.216,2.793,0,naive
1785675847.9209788,28.2209,0,792,592,81.91,195.81,813.14,,0.0,0.0,1.216,2.793,0,naive
1785675847.9370184,28.2369,0,792,592,81.91,195.81,813.14,,0.0,0.0,1.216,2.793,0,naive
1785675847.954079,28.254,0,792,592,81.91,195.81,813.14,,1.3472,0.6311,1.239,2.804,0,naive
1785675847.9706557,28.2705,0,792,592,81.91,195.81,813.14,,0.0,0.0,1.239,2.804,0,naive
1785675847.9873922,28.2873,0,792,592,81.91,195.81,813.14,,1.468,0.9182,1.263,2.819,0,naive
1785675848.0028706,28.3028,0,792,592,81.91,195.81,813.14,,0.0,0.0,1.263,2.819,0,naive
1785675848.0197208,28.3196,0,792,592,81.91,195.81,813.14,,0.0,0.0,1.263,2.819,0,naive
1785675848.037142,28.337,0,792,592,81.91,195.81,813.14,,0.0,0.0,1.263,2.819,0,naive
1785675848.0538447,28.3537,0,792,592,81.91,195.81,813.14,,0.0,0.0,1.263,2.819,0,naive
1785675848.0708332,28.3707,0,792,592,81.91,195.81,813.14,,0.0,0.0,1.263,2.819,0,naive
1785675848.087765,28.3877,0,792,592,81.91,195.81,813.14,,0.0,0.0,1.263,2.819,0,naive
1785675848.1047826,28.4047,0,792,592,81.91,195.81,813.14,,0.0,0.0,1.263,2.819,0,naive
1785675848.122638,28.4225,0,792,592,81.91,195.81,813.14,,0.0,0.0,1.263,2.819,0,naive
1785675848.139849,28.4397,0,792,592,81.91,195.81,813.14,,0.0,0.0,1.263,2.819,0,naive
1785675848.156977,28.4569,0,792,592,81.91,195.81,813.14,,0.0,0.0,1.263,2.819,0,naive
1785675848.174556,28.4744,0,792,592,81.91,195.81,813.14,,0.0,0.0,1.263,2.819,0,naive
1785675848.1907427,28.4906,0,792,592,81.91,195.81,813.14,,0.0,0.0,1.263,2.819,0,naive
1785675848.2073858,28.5073,0,792,592,81.91,195.81,813.14,,0.0,0.0,1.263,2.819,0,naive
1785675848.2241971,28.5241,0,792,592,81.91,195.81,813.14,,0.0,0.0,1.263,2.819,0,naive
1785675848.2407393,28.5406,0,792,592,81.91,195.81,813.14,,0.0,0.0,1.263,2.819,0,naive
1785675848.2577903,28.5577,0,792,592,81.91,195.81,813.14,,1.3352,0.7621,1.286,2.832,0,naive
1785675848.2748306,28.5747,0,792,592,81.91,195.81,813.14,,0.0,0.0,1.286,2.832,0,naive
1785675848.291577,28.5915,0,792,592,81.91,195.81,813.14,,1.8096,0.1705,1.316,2.835,0,naive
1785675848.3070903,28.607,0,792,592,81.91,195.81,813.14,,0.0,0.0,1.316,2.835,0,naive
1785675848.3228228,28.6227,0,792,592,81.91,195.81,813.14,,0.0,0.0,1.316,2.835,0,naive
1785675848.3398204,28.6397,0,792,592,81.91,195.81,813.14,,2.0788,0.7585,1.352,2.848,0,naive
1785675848.3570368,28.6569,0,792,592,81.91,195.81,813.14,,0.0,0.0,1.352,2.848,0,naive
1785675848.37385,28.6737,0,792,592,81.91,195.81,813.14,,2.2044,0.9464,1.389,2.864,0,naive
1785675848.3911974,28.6911,0,792,592,81.91,195.81,813.14,,0.0,0.0,1.389,2.864,0,naive
1785675848.4069169,28.7068,0,792,592,81.91,195.81,813.14,,0.0,0.0,1.389,2.864,0,naive
1785675848.4235878,28.7235,0,792,592,81.91,195.81,813.14,,2.1607,0.6784,1.425,2.875,0,naive
1785675848.439493,28.7394,0,792,592,81.91,195.81,813.14,,0.0,0.0,1.425,2.875,0,naive
1785675848.4550908,28.755,0,792,592,81.91,195.81,813.14,,0.0,0.0,1.425,2.875,0,naive
1785675848.471568,28.7715,0,792,592,81.91,195.81,813.14,,2.1655,0.7735,1.46,2.888,0,naive
1785675848.4888265,28.7887,0,792,592,81.91,195.81,813.14,,0.0,0.0,1.46,2.888,0,naive
1785675848.5057902,28.8057,0,792,592,81.91,195.81,813.14,,2.275,0.6634,1.499,2.899,0,naive
1785675848.5224237,28.8223,0,792,592,81.91,195.81,813.14,,0.0,0.0,1.499,2.899,0,naive
1785675848.5380087,28.8379,0,792,592,81.91,195.81,813.14,,0.0,0.0,1.499,2.899,0,naive
1785675848.5549068,28.8548,0,792,592,81.91,195.81,813.14,,0.0,0.0,1.499,2.899,0,naive
1785675848.5723593,28.8722,0,792,592,81.91,195.81,813.14,,1.5404,-0.4792,1.526,2.891,0,naive
1785675848.5879936,28.8879,0,792,592,81.91,195.81,813.14,,0.0,0.0,1.526,2.891,0,naive
1785675848.6049635,28.9049,0,792,592,81.91,195.81,813.14,,0.0,0.0,1.526,2.891,0,naive
1785675848.6216245,28.9215,0,792,592,81.91,195.81,813.14,,1.7886,-0.4708,1.556,2.883,0,naive
1785675848.6375,28.9374,0,792,592,81.91,195.81,813.14,,0.0,0.0,1.556,2.883,0,naive
1785675848.6535785,28.9535,0,792,592,81.91,195.81,813.14,,0.0,0.0,1.556,2.883,0,naive
1785675848.6710155,28.9709,0,792,592,81.91,195.81,813.14,,0.0,0.0,1.556,2.883,0,naive
1785675848.6877944,28.9877,0,792,592,81.91,195.81,813.14,,1.118,-1.0863,1.574,2.865,0,naive
1785675848.7043693,29.0043,0,792,592,81.91,195.81,813.14,,0.0,0.0,1.574,2.865,0,naive
1785675848.720585,29.0205,0,792,592,81.91,195.81,813.14,,1.3244,-0.9242,1.596,2.85,0,naive
1785675848.7363098,29.0362,0,792,592,81.91,195.81,813.14,,0.0,0.0,1.596,2.85,0,naive
1785675848.752381,29.0523,0,792,592,81.91,195.81,813.14,,0.0,0.0,1.596,2.85,0,naive
1785675848.7679484,29.0678,0,792,592,81.91,195.81,813.14,,1.6636,-0.7005,1.622,2.839,0,naive
1785675848.784899,29.0848,0,792,592,81.91,195.81,813.14,,0.0,0.0,1.622,2.839,0,naive
1785675848.8017755,29.1017,0,792,592,81.91,195.81,813.14,,0.0,0.0,1.622,2.839,0,naive
1785675848.8184643,29.1184,0,792,592,81.91,195.81,813.14,,2.1362,0.3194,1.657,2.844,0,naive
1785675848.8346877,29.1346,0,792,592,81.91,195.81,813.14,,0.0,0.0,1.657,2.844,0,naive
1785675848.8526237,29.1525,0,792,592,81.91,195.81,813.14,,2.0542,0.0993,1.694,2.846,0,naive
1785675848.8700979,29.17,0,792,592,81.91,195.81,813.14,,0.0,0.0,1.694,2.846,0,naive
1785675848.8868253,29.1867,0,792,592,81.91,195.81,813.14,,0.0,0.0,1.694,2.846,0,naive
1785675848.9034653,29.2034,0,792,592,81.91,195.81,813.14,,1.7228,-0.1448,1.723,2.844,0,naive
1785675848.9197223,29.2196,0,792,592,81.91,195.81,813.14,,0.0,0.0,1.723,2.844,0,naive
1785675848.9364793,29.2364,0,792,592,81.91,195.81,813.14,,1.6032,-0.3021,1.75,2.839,0,naive
1785675848.9525511,29.2524,0,792,592,81.91,195.81,813.14,,0.0,0.0,1.75,2.839,0,naive
1785675848.9701989,29.2701,0,792,592,81.91,195.81,813.14,,1.6845,-0.2542,1.78,2.834,0,naive
1785675848.9870324,29.2869,0,792,592,81.91,195.81,813.14,,0.0,0.0,1.78,2.834,0,naive
1785675849.00358,29.3035,0,792,592,81.91,195.81,813.14,,0.0,0.0,1.78,2.834,0,naive
1785675849.0193665,29.3193,0,792,592,81.91,195.81,813.14,,1.675,-0.3739,1.806,2.828,0,naive
1785675849.0348923,29.3348,0,792,592,81.91,195.81,813.14,,0.0,0.0,1.806,2.828,0,naive
1785675849.0513837,29.3513,0,792,592,81.91,195.81,813.14,,0.0,0.0,1.806,2.828,0,naive
1785675849.0672226,29.3671,0,792,592,81.91,195.81,813.14,,1.6175,-0.4552,1.832,2.821,0,naive
1785675849.0835853,29.3835,0,792,592,81.91,195.81,813.14,,0.0,0.0,1.832,2.821,0,naive
1785675849.1001716,29.4001,0,792,592,81.91,195.81,813.14,,1.5517,-0.2291,1.857,2.817,0,naive
1785675849.11664,29.4165,0,792,592,81.91,195.81,813.14,,0.0,0.0,1.857,2.817,0,naive
1785675849.1337497,29.4336,0,792,592,81.91,195.81,813.14,,0.0,0.0,1.857,2.817,0,naive
1785675849.150597,29.4505,0,792,592,81.91,195.81,813.14,,1.5882,-0.3123,1.884,2.812,0,naive
1785675849.1669905,29.4669,0,792,592,81.91,195.81,813.14,,0.0,0.0,1.884,2.812,0,naive
1785675849.183585,29.4835,0,792,592,81.91,195.81,813.14,,0.0,0.0,1.884,2.812,0,naive
1785675849.199963,29.4999,0,792,592,81.91,195.81,813.14,,0.0,0.0,1.884,2.812,0,naive
1785675849.216546,29.5164,0,792,592,81.91,195.81,813.14,,0.0,0.0,1.884,2.812,0,naive
1785675849.2321007,29.532,0,792,592,81.91,195.81,813.14,,0.0,0.0,1.884,2.812,0,naive
1785675849.2486558,29.5485,0,792,592,81.91,195.81,813.14,,0.0,0.0,1.884,2.812,0,naive
1785675849.2649343,29.5648,0,792,592,81.91,195.81,813.14,,0.0,0.0,1.884,2.812,0,naive
1785675849.2824686,29.5824,0,792,592,81.91,195.81,813.14,,0.0,0.0,1.884,2.812,0,naive
1785675849.298932,29.5988,0,792,592,81.91,195.81,813.14,,0.0,0.0,1.884,2.812,0,naive
1785675849.3155758,29.6155,0,792,592,81.91,195.81,813.14,,0.0,0.0,1.884,2.812,0,naive
1785675849.3325865,29.6325,0,792,592,81.91,195.81,813.14,,0.0,0.0,1.884,2.812,0,naive
1785675849.3483658,29.6483,0,792,592,81.91,195.81,813.14,,0.0,0.0,1.884,2.812,0,naive
1785675849.3642266,29.6641,0,792,592,81.91,195.81,813.14,,0.0,0.0,1.884,2.812,0,naive
1785675849.3797393,29.6796,0,792,592,81.91,195.81,813.14,,0.0,0.0,1.884,2.812,0,naive
1785675849.3966713,29.6966,0,792,592,81.91,195.81,813.14,,0.0,0.0,1.884,2.812,0,naive
1785675849.4133525,29.7132,0,792,592,81.91,195.81,813.14,,0.0,0.0,1.884,2.812,0,naive
1785675849.4298022,29.7297,0,792,592,81.91,195.81,813.14,,0.0,0.0,1.884,2.812,0,naive
1785675849.4475458,29.7474,0,792,592,81.91,195.81,813.14,,0.0,0.0,1.884,2.812,0,naive
1785675849.4634023,29.7633,0,792,592,81.91,195.81,813.14,,0.0,0.0,1.884,2.812,0,naive
1785675849.479592,29.7795,0,792,592,81.91,195.81,813.14,,0.0,0.0,1.884,2.812,0,naive
1785675849.4956937,29.7956,0,792,592,81.91,195.81,813.14,,0.0,0.0,1.884,2.812,0,naive
1785675849.5125608,29.8125,0,792,592,81.91,195.81,813.14,,0.0,0.0,1.884,2.812,0,naive
1785675849.5283515,29.8282,0,792,592,81.91,195.81,813.14,,0.0,0.0,1.884,2.812,0,naive
1785675849.5440974,29.844,0,792,592,81.91,195.81,813.14,,0.0,0.0,1.884,2.812,0,naive
1785675849.5606,29.8605,0,792,592,81.91,195.81,813.14,,0.0,0.0,1.884,2.812,0,naive
1785675849.5774388,29.8773,0,792,592,81.91,195.81,813.14,,0.0,0.0,1.884,2.812,0,naive
1785675849.593949,29.8938,0,792,592,81.91,195.81,813.14,,0.0,0.0,1.884,2.812,0,naive
1785675849.6110258,29.9109,0,792,592,81.91,195.81,813.14,,0.0,0.0,1.884,2.812,0,naive
1785675849.6277027,29.9276,0,792,592,81.91,195.81,813.14,,0.0,0.0,1.884,2.812,0,naive
1785675849.644804,29.9447,0,792,592,81.91,195.81,813.14,,0.0,0.0,1.884,2.812,0,naive
1785675849.6614919,29.9614,0,792,592,81.91,195.81,813.14,,0.0,0.0,1.884,2.812,0,naive
1785675849.6771805,29.9771,0,792,592,81.91,195.81,813.14,,0.0,0.0,1.884,2.812,0,naive
1785675849.6939123,29.9938,0,792,592,81.91,195.81,813.14,,0.0,0.0,1.884,2.812,0,naive
1785675849.710895,30.0108,0,792,592,81.91,195.81,813.14,,0.0,0.0,1.884,2.812,0,naive
1785675849.7280672,30.028,0,792,592,81.91,195.81,813.14,,0.0,0.0,1.884,2.812,0,naive
1785675849.7448258,30.0447,0,792,592,81.91,195.81,813.14,,0.0,0.0,1.884,2.812,0,naive
1785675849.7625153,30.0624,0,792,592,81.91,195.81,813.14,,0.0,0.0,1.884,2.812,0,naive
1785675849.7789373,30.0788,0,792,592,81.91,195.81,813.14,,0.0,0.0,1.884,2.812,0,naive
1785675849.7960653,30.096,0,792,592,81.91,195.81,813.14,,0.0,0.0,1.884,2.812,0,naive
1785675849.8126397,30.1125,0,792,592,81.91,195.81,813.14,,0.0,0.0,1.884,2.812,0,naive
1785675849.829398,30.1293,0,792,592,81.91,195.81,813.14,,0.0,0.0,1.884,2.812,0,naive
1785675849.845776,30.1457,0,792,592,81.91,195.81,813.14,,0.0,0.0,1.884,2.812,0,naive
1785675849.8625853,30.1625,0,792,592,81.91,195.81,813.14,,0.0,0.0,1.884,2.812,0,naive
1785675849.8795934,30.1795,0,792,592,81.91,195.81,813.14,,0.0,0.0,1.884,2.812,0,naive
1785675849.8951175,30.195,0,792,592,81.91,195.81,813.14,,0.0,0.0,1.884,2.812,0,naive
1785675849.9112513,30.2111,0,792,592,81.91,195.81,813.14,,0.0,0.0,1.884,2.812,0,naive
1785675849.9269238,30.2268,0,792,592,81.91,195.81,813.14,,0.0,0.0,1.884,2.812,0,naive
1785675849.9444122,30.2443,0,792,592,81.91,195.81,813.14,,0.0,0.0,1.884,2.812,0,naive
1785675849.9609344,30.2608,0,792,592,81.91,195.81,813.14,,0.0,0.0,1.884,2.812,0,naive
1785675849.9775116,30.2774,0,792,592,81.91,195.81,813.14,,0.0,0.0,1.884,2.812,0,naive
1785675849.9935699,30.2935,0,792,592,81.91,195.81,813.14,,0.0,0.0,1.884,2.812,0,naive
1785675850.0096498,30.3095,0,792,592,81.91,195.81,813.14,,1.6409,-0.2698,1.91,2.808,0,naive
1785675850.0263674,30.3263,0,792,592,81.91,195.81,813.14,,0.0,0.0,1.91,2.808,0,naive
1785675850.0419927,30.3419,0,792,592,81.91,195.81,813.14,,0.0,0.0,1.91,2.808,0,naive
1785675850.0585902,30.3585,0,792,592,81.91,195.81,813.14,,0.0,0.0,1.91,2.808,0,naive
1785675850.0756876,30.3756,0,792,592,81.91,195.81,813.14,,0.0,0.0,1.91,2.808,0,naive
1785675850.0923395,30.3922,0,792,592,81.91,195.81,813.14,,1.3358,-0.2495,1.933,2.804,0,naive
1785675850.1079512,30.4078,0,792,592,81.91,195.81,813.14,,0.0,0.0,1.933,2.804,0,naive
1785675850.1247542,30.4246,0,792,592,81.91,195.81,813.14,,0.0,0.0,1.933,2.804,0,naive
1785675850.1426117,30.4425,0,792,592,81.91,195.81,813.14,,0.0,0.0,1.933,2.804,0,naive
1785675850.1582754,30.4582,0,792,592,81.91,195.81,813.14,,1.6905,0.1095,1.959,2.805,0,naive
1785675850.1740057,30.4739,0,792,592,81.91,195.81,813.14,,0.0,0.0,1.959,2.805,0,naive
1785675850.1905866,30.4905,0,792,592,81.91,195.81,813.14,,0.0,0.0,1.959,2.805,0,naive
1785675850.2076073,30.5075,0,792,592,81.91,195.81,813.14,,0.0,0.0,1.959,2.805,0,naive
1785675850.2246997,30.5246,0,792,592,81.91,195.81,813.14,,0.0,0.0,1.959,2.805,0,naive
1785675850.2424622,30.5424,0,792,592,81.91,195.81,813.14,,0.0,0.0,1.959,2.805,0,naive
1785675850.2585545,30.5584,0,792,592,81.91,195.81,813.14,,0.0,0.0,1.959,2.805,0,naive
1785675850.274625,30.5745,0,792,592,81.91,195.81,813.14,,0.0,0.0,1.959,2.805,0,naive
1785675850.290962,30.5909,0,792,592,81.91,195.81,813.14,,0.0,0.0,1.959,2.805,0,naive
1785675850.3077786,30.6077,0,792,592,81.91,195.81,813.14,,0.0,0.0,1.959,2.805,0,naive
1785675850.3243654,30.6243,0,792,592,81.91,195.81,813.14,,0.0,0.0,1.959,2.805,0,naive
1785675850.3400548,30.6399,0,792,592,81.91,195.81,813.14,,0.0,0.0,1.959,2.805,0,naive
1785675850.3566246,30.6565,0,792,592,81.91,195.81,813.14,,0.0,0.0,1.959,2.805,0,naive
1785675850.3722172,30.6721,0,792,592,81.91,195.81,813.14,,0.0,0.0,1.959,2.805,0,naive
1785675850.3887513,30.6886,0,792,592,81.91,195.81,813.14,,0.0,0.0,1.959,2.805,0,naive
1785675850.4061959,30.7061,0,792,592,81.91,195.81,813.14,,1.6756,-0.0389,1.988,2.805,0,naive
1785675850.4219134,30.7218,0,792,592,81.91,195.81,813.14,,0.0,0.0,1.988,2.805,0,naive
1785675850.4386292,30.7385,0,792,592,81.91,195.81,813.14,,1.3304,-0.46,2.011,2.797,0,naive
1785675850.455751,30.7556,0,792,592,81.91,195.81,813.14,,0.0,0.0,2.011,2.797,0,naive
1785675850.4732049,30.7731,0,792,592,81.91,195.81,813.14,,0.0,0.0,2.011,2.797,0,naive
1785675850.4896405,30.7895,0,792,592,81.91,195.81,813.14,,1.1533,-0.3589,2.03,2.791,0,naive
1785675850.5065644,30.8065,0,792,592,81.91,195.81,813.14,,0.0,0.0,2.03,2.791,0,naive
1785675850.5224383,30.8223,0,792,592,81.91,195.81,813.14,,1.2168,-0.2865,2.049,2.786,0,naive
1785675850.5383012,30.8382,0,792,592,81.91,195.81,813.14,,0.0,0.0,2.049,2.786,0,naive
1785675850.5547006,30.8546,0,792,592,81.91,195.81,813.14,,0.0,0.0,2.049,2.786,0,naive
1785675850.5712502,30.8711,0,792,592,81.91,195.81,813.14,,1.2832,-0.3015,2.07,2.781,0,naive
1785675850.5877488,30.8876,0,792,592,81.91,195.81,813.14,,0.0,0.0,2.07,2.781,0,naive
1785675850.6045237,30.9044,0,792,592,81.91,195.81,813.14,,0.9966,-0.606,2.087,2.771,0,naive
1785675850.620915,30.9208,0,792,592,81.91,195.81,813.14,,0.0,0.0,2.087,2.771,0,naive
1785675850.638384,30.9383,0,792,592,81.91,195.81,813.14,,0.0,0.0,2.087,2.771,0,naive
1785675850.6544447,30.9543,0,792,592,81.91,195.81,813.14,,0.938,-0.7029,2.102,2.76,0,naive
1785675850.6701717,30.9701,0,792,592,81.91,195.81,813.14,,0.0,0.0,2.102,2.76,0,naive
1785675850.6866083,30.9865,0,792,592,81.91,195.81,813.14,,1.5894,-0.0532,2.128,2.759,0,naive
1785675850.702106,31.002,0,792,592,81.91,195.81,813.14,,0.0,0.0,2.128,2.759,0,naive
1785675850.719375,31.0193,0,792,592,81.91,195.81,813.14,,0.0,0.0,2.128,2.759,0,naive
1785675850.735795,31.0357,0,792,592,81.91,195.81,813.14,,0.0,0.0,2.128,2.759,0,naive
1785675850.7523253,31.0522,0,792,592,81.91,195.81,813.14,,1.8491,0.3099,2.159,2.764,0,naive
1785675850.7680483,31.0679,0,792,592,81.91,195.81,813.14,,0.0,0.0,2.159,2.764,0,naive
1785675850.7847323,31.0846,0,792,592,81.91,195.81,813.14,,0.0,0.0,2.159,2.764,0,naive
1785675850.802345,31.1022,0,792,592,81.91,195.81,813.14,,0.0,0.0,2.159,2.764,0,naive
1785675850.818813,31.1187,0,792,592,81.91,195.81,813.14,,0.0,0.0,2.159,2.764,0,naive
1785675850.8359544,31.1358,0,792,592,81.91,195.81,813.14,,0.0,0.0,2.159,2.764,0,naive
1785675850.8528197,31.1527,0,792,592,81.91,195.81,813.14,,1.1641,-0.2435,2.178,2.76,0,naive
1785675850.869458,31.1693,0,792,592,81.91,195.81,813.14,,0.0,0.0,2.178,2.76,0,naive
1785675850.885749,31.1856,0,792,592,81.91,195.81,813.14,,0.0,0.0,2.178,2.76,0,naive
1785675850.9022639,31.2022,0,792,592,81.91,195.81,813.14,,0.0,0.0,2.178,2.76,0,naive
1785675850.9187613,31.2187,0,792,592,81.91,195.81,813.14,,0.0,0.0,2.178,2.76,0,naive
1785675850.9363515,31.2362,0,792,592,81.91,195.81,813.14,,0.0,0.0,2.178,2.76,0,naive
1785675850.9527197,31.2526,0,792,592,81.91,195.81,813.14,,0.0,0.0,2.178,2.76,0,naive
1785675850.9700754,31.27,0,792,592,81.91,195.81,813.14,,0.0,0.0,2.178,2.76,0,naive
1785675850.9867308,31.2866,0,792,592,81.91,195.81,813.14,,0.0,0.0,2.178,2.76,0,naive
1785675851.0033464,31.3032,0,792,592,81.91,195.81,813.14,,0.0,0.0,2.178,2.76,0,naive
1785675851.0199473,31.3198,0,792,592,81.91,195.81,813.14,,0.0,0.0,2.178,2.76,0,naive
1785675851.0364742,31.3364,0,792,592,81.91,195.81,813.14,,0.0,0.0,2.178,2.76,0,naive
1785675851.0520616,31.352,0,792,592,81.91,195.81,813.14,,0.0,0.0,2.178,2.76,0,naive
1785675851.0688062,31.3687,0,792,592,81.91,195.81,813.14,,0.0,0.0,2.178,2.76,0,naive
1785675851.0854645,31.3854,0,792,592,81.91,195.81,813.14,,0.0,0.0,2.178,2.76,0,naive
1785675851.1011062,31.401,0,792,592,81.91,195.81,813.14,,0.0,0.0,2.178,2.76,0,naive
1785675851.117455,31.4173,0,792,592,81.91,195.81,813.14,,2.2086,-0.396,2.214,2.754,0,naive
1785675851.1339684,31.4339,0,792,592,81.91,195.81,813.14,,0.0,0.0,2.214,2.754,0,naive
1785675851.1508148,31.4507,0,792,592,81.91,195.81,813.14,,0.0,0.0,2.214,2.754,0,naive
1785675851.1674585,31.4673,0,792,592,81.91,195.81,813.14,,0.2704,-0.81,2.219,2.74,0,naive
1785675851.1834059,31.4833,0,792,592,81.91,195.81,813.14,,0.0,0.0,2.219,2.74,0,naive
1785675851.1996188,31.4995,0,792,592,81.91,195.81,813.14,,0.6329,-0.6443,2.229,2.73,0,naive
1785675851.216362,31.5163,0,792,592,81.91,195.81,813.14,,0.0,0.0,2.229,2.73,0,naive
1785675851.2320015,31.5319,0,792,592,81.91,195.81,813.14,,0.6526,-0.6335,2.239,2.72,0,naive
1785675851.2493696,31.5493,0,792,592,81.91,195.81,813.14,,0.0,0.0,2.239,2.72,0,naive
1785675851.2655,31.5654,0,792,592,81.91,195.81,813.14,,0.0,0.0,2.239,2.72,0,naive
1785675851.281121,31.581,0,792,592,81.91,195.81,813.14,,0.4181,-0.3332,2.246,2.715,0,naive
1785675851.2978482,31.5977,0,792,592,81.91,195.81,813.14,,0.0,0.0,2.246,2.715,0,naive
1785675851.3148508,31.6147,0,792,592,81.91,195.81,813.14,,0.5498,-0.0108,2.255,2.714,0,naive
1785675851.3323536,31.6322,0,792,592,81.91,195.81,813.14,,0.0,0.0,2.255,2.714,0,naive
1785675851.3485658,31.6485,0,792,592,81.91,195.81,813.14,,1.1288,-0.1256,2.274,2.712,0,naive
1785675851.3658001,31.6657,0,792,592,81.91,195.81,813.14,,0.0,0.0,2.274,2.712,0,naive
1785675851.382714,31.6826,0,792,592,81.91,195.81,813.14,,0.0,0.0,2.274,2.712,0,naive
1785675851.399408,31.6993,0,792,592,81.91,195.81,813.14,,1.6307,0.0736,2.301,2.714,0,naive
1785675851.4155147,31.7154,0,792,592,81.91,195.81,813.14,,0.0,0.0,2.301,2.714,0,naive
1785675851.4316509,31.7315,0,792,592,81.91,195.81,813.14,,0.0,0.0,2.301,2.714,0,naive
1785675851.4482331,31.7481,0,792,592,81.91,195.81,813.14,,0.0,0.0,2.301,2.714,0,naive
1785675851.4645767,31.7645,0,792,592,81.91,195.81,813.14,,1.0917,0.1759,2.319,2.717,0,naive
1785675851.481679,31.7816,0,792,592,81.91,195.81,813.14,,0.0,0.0,2.319,2.717,0,naive
1785675851.4984581,31.7983,0,792,592,81.91,195.81,813.14,,0.0,0.0,2.319,2.717,0,naive
1785675851.5144463,31.8143,0,792,592,81.91,195.81,813.14,,0.0,0.0,2.319,2.717,0,naive
1785675851.530164,31.8301,0,792,592,81.91,195.81,813.14,,0.0,0.0,2.319,2.717,0,naive
1785675851.54586,31.8457,0,792,592,81.91,195.81,813.14,,-0.2369,0.3793,2.315,2.723,0,naive
1785675851.563484,31.8634,0,792,592,81.91,195.81,813.14,,0.0,0.0,2.315,2.723,0,naive
1785675851.5791895,31.8791,0,792,592,81.91,195.81,813.14,,0.0,0.0,2.315,2.723,0,naive
1785675851.5955677,31.8955,0,792,592,81.91,195.81,813.14,,0.0,0.0,2.315,2.723,0,naive
1785675851.6124775,31.9124,0,792,592,81.91,195.81,813.14,,0.2506,1.3232,2.319,2.745,0,naive
1785675851.628821,31.9287,0,792,592,81.91,195.81,813.14,,0.0,0.0,2.319,2.745,0,naive
1785675851.6455,31.9454,0,792,592,81.91,195.81,813.14,,-0.2907,0.9027,2.314,2.76,0,naive
1785675851.6611204,31.961,0,792,592,81.91,195.81,813.14,,0.0,0.0,2.314,2.76,0,naive
1785675851.6781366,31.978,0,792,592,81.91,195.81,813.14,,0.0,0.0,2.314,2.76,0,naive
1785675851.6938307,31.9937,0,792,592,81.91,195.81,813.14,,0.2381,0.7238,2.318,2.771,0,naive
1785675851.7103019,32.0102,0,792,592,81.91,195.81,813.14,,0.0,0.0,2.318,2.771,0,naive
1785675851.7263565,32.0262,0,792,592,81.91,195.81,813.14,,0.6138,0.5827,2.328,2.781,0,naive
1785675851.7424507,32.0423,0,792,592,81.91,195.81,813.14,,0.0,0.0,2.328,2.781,0,naive
1785675851.7588878,32.0588,0,792,592,81.91,195.81,813.14,,0.0,0.0,2.328,2.781,0,naive
1785675851.7755873,32.0755,0,792,592,81.91,195.81,813.14,,1.8586,0.6443,2.359,2.791,0,naive
1785675851.7910993,32.091,0,792,592,81.91,195.81,813.14,,0.0,0.0,2.359,2.791,0,naive
1785675851.8070147,32.1069,0,792,592,81.91,195.81,813.14,,2.3922,1.0857,2.397,2.809,0,naive
1785675851.8236907,32.1236,0,792,592,81.91,195.81,813.14,,0.0,0.0,2.397,2.809,0,naive
1785675851.8412042,32.1411,0,792,592,81.91,195.81,813.14,,1.8993,0.5515,2.43,2.818,0,naive
1785675851.8568885,32.1568,0,792,592,81.91,195.81,813.14,,0.0,0.0,2.43,2.818,0,naive
1785675851.8736377,32.1735,0,792,592,81.91,195.81,813.14,,0.0,0.0,2.43,2.818,0,naive
1785675851.8905568,32.1904,0,792,592,81.91,195.81,813.14,,2.0106,0.6048,2.464,2.829,0,naive
1785675851.9065938,32.2065,0,792,592,81.91,195.81,813.14,,0.0,0.0,2.464,2.829,0,naive
1785675851.9238143,32.2237,0,792,592,81.91,195.81,813.14,,2.2337,0.923,2.503,2.844,0,naive
1785675851.9404662,32.2404,0,792,592,81.91,195.81,813.14,,0.0,0.0,2.503,2.844,0,naive
1785675851.956705,32.2566,0,792,592,81.91,195.81,813.14,,0.0,0.0,2.503,2.844,0,naive
1785675851.9737618,32.2737,0,792,592,81.91,195.81,813.14,,2.0345,0.9769,2.537,2.861,0,naive
1785675851.9903343,32.2902,0,792,592,81.91,195.81,813.14,,0.0,0.0,2.537,2.861,0,naive
1785675852.0063818,32.3063,0,792,592,81.91,195.81,813.14,,0.0,0.0,2.537,2.861,0,naive
1785675852.0227191,32.3226,0,792,592,81.91,195.81,813.14,,2.0859,0.9422,2.571,2.877,0,naive
1785675852.0397384,32.3396,0,792,592,81.91,195.81,813.14,,0.0,0.0,2.571,2.877,0,naive
1785675852.0570652,32.357,0,792,592,81.91,195.81,813.14,,2.2756,0.8261,2.611,2.891,0,naive
1785675852.074563,32.3745,0,792,592,81.91,195.81,813.14,,0.0,0.0,2.611,2.891,0,naive
1785675852.0916715,32.3916,0,792,592,81.91,195.81,813.14,,2.2098,0.9799,2.649,2.908,0,naive
1785675852.1086667,32.4086,0,792,592,81.91,195.81,813.14,,0.0,0.0,2.649,2.908,0,naive
1785675852.125581,32.4255,0,792,592,81.91,195.81,813.14,,1.9107,1.0828,2.681,2.926,0,naive
1785675852.1421273,32.442,0,792,592,81.91,195.81,813.14,,0.0,0.0,2.681,2.926,0,naive
1785675852.1588764,32.4588,0,792,592,81.91,195.81,813.14,,0.0,0.0,2.681,2.926,0,naive
1785675852.1759295,32.4758,0,792,592,81.91,195.81,813.14,,0.0,0.0,2.681,2.926,0,naive
1785675852.1925132,32.4924,0,792,592,81.91,195.81,813.14,,0.0,0.0,2.681,2.926,0,naive
1785675852.2099633,32.5099,0,792,592,81.91,195.81,813.14,,1.4776,1.3436,2.707,2.949,0,naive
1785675852.2261024,32.526,0,792,592,81.91,195.81,813.14,,0.0,0.0,2.707,2.949,0,naive
1785675852.242591,32.5425,0,792,592,81.91,195.81,813.14,,0.0,0.0,2.707,2.949,0,naive
1785675852.258841,32.5587,0,792,592,81.91,195.81,813.14,,0.0,0.0,2.707,2.949,0,naive
1785675852.2757022,32.5756,0,792,592,81.91,195.81,813.14,,1.7151,1.5846,2.736,2.976,0,naive
1785675852.2923057,32.5922,0,792,592,81.91,195.81,813.14,,0.0,0.0,2.736,2.976,0,naive
1785675852.3079379,32.6078,0,792,592,81.91,195.81,813.14,,0.0,0.0,2.736,2.976,0,naive
1785675852.325574,32.6255,0,792,592,81.91,195.81,813.14,,0.0,0.0,2.736,2.976,0,naive
1785675852.3418849,32.6418,0,792,592,81.91,195.81,813.14,,2.2014,1.3442,2.772,2.998,0,naive
1785675852.3585477,32.6584,0,792,592,81.91,195.81,813.14,,0.0,0.0,2.772,2.998,0,naive
1785675852.3744023,32.6743,0,792,592,81.91,195.81,813.14,,2.4969,1.0038,2.811,3.014,0,naive
1785675852.3898935,32.6898,0,792,592,81.91,195.81,813.14,,0.0,0.0,2.811,3.014,0,naive
1785675852.4065955,32.7065,0,792,592,81.91,195.81,813.14,,0.0,0.0,2.811,3.014,0,naive
1785675852.423686,32.7236,0,792,592,81.91,195.81,813.14,,2.5304,1.6002,2.854,3.041,0,naive
1785675852.4413002,32.7412,0,792,592,81.91,195.81,813.14,,0.0,0.0,2.854,3.041,0,naive
1785675852.457611,32.7575,0,792,592,81.91,195.81,813.14,,0.0,0.0,2.854,3.041,0,naive
1785675852.4737623,32.7737,0,792,592,81.91,195.81,813.14,,2.5155,1.1892,2.895,3.06,0,naive
1785675852.4903674,32.7903,0,792,592,81.91,195.81,813.14,,0.0,0.0,2.895,3.06,0,naive
1785675852.5068846,32.8068,0,792,592,81.91,195.81,813.14,,2.5334,0.9308,2.937,3.076,0,naive
1785675852.5237308,32.8236,0,792,592,81.91,195.81,813.14,,0.0,0.0,2.937,3.076,0,naive
1785675852.5411096,32.841,0,792,592,81.91,195.81,813.14,,2.4802,1.4405,2.98,3.101,0,naive
1785675852.557561,32.8575,0,792,592,81.91,195.81,813.14,,0.0,0.0,2.98,3.101,0,naive
1785675852.5736222,32.8735,0,792,592,81.91,195.81,813.14,,0.0,0.0,2.98,3.101,0,naive
1785675852.5909622,32.8909,0,792,592,81.91,195.81,813.14,,1.2945,1.6379,3.003,3.129,0,naive
1785675852.607654,32.9075,0,792,592,81.91,195.81,813.14,,0.0,0.0,3.003,3.129,0,naive
1785675852.6247926,32.9247,0,792,592,81.91,195.81,813.14,,2.0369,3.4995,3.037,3.189,0,naive
1785675852.6423593,32.9422,0,792,592,81.91,195.81,813.14,,0.0,0.0,3.037,3.189,0,naive
1785675852.6585195,32.9584,0,792,592,81.91,195.81,813.14,,1.3256,1.6552,3.059,3.216,0,naive
1785675852.6743577,32.9742,0,792,592,81.91,195.81,813.14,,0.0,0.0,3.059,3.216,0,naive
1785675852.6898453,32.9897,0,792,592,81.91,195.81,813.14,,0.0,0.0,3.059,3.216,0,naive
1785675852.706498,33.0064,0,792,592,81.91,195.81,813.14,,1.6666,1.9711,3.087,3.249,0,naive
1785675852.7226171,33.0225,0,792,592,81.91,195.81,813.14,,0.0,0.0,3.087,3.249,0,naive
1785675852.7397459,33.0396,0,792,592,81.91,195.81,813.14,,0.6066,1.6875,3.097,3.278,0,naive
1785675852.7571573,33.057,0,792,592,81.91,195.81,813.14,,0.0,0.0,3.097,3.278,0,naive
1785675852.77377,33.0737,0,792,592,81.91,195.81,813.14,,0.0,0.0,3.097,3.278,0,naive
1785675852.7903955,33.0903,0,792,592,81.91,195.81,813.14,,-0.2321,1.4674,3.093,3.302,0,naive
1785675852.8063266,33.1062,0,792,592,81.91,195.81,813.14,,0.0,0.0,3.093,3.302,0,naive
1785675852.8224237,33.1223,0,792,592,81.91,195.81,813.14,,0.4379,0.3882,3.1,3.308,0,naive
1785675852.8380973,33.138,0,792,592,81.91,195.81,813.14,,0.0,0.0,3.1,3.308,0,naive
1785675852.8548803,33.1548,0,792,592,81.91,195.81,813.14,,0.6688,-0.2261,3.111,3.305,0,naive
1785675852.8727913,33.1727,0,792,592,81.91,195.81,813.14,,0.0,0.0,3.111,3.305,0,naive
1785675852.8900323,33.1899,0,792,592,81.91,195.81,813.14,,0.0,0.0,3.111,3.305,0,naive
1785675852.9059298,33.2058,0,792,592,81.91,195.81,813.14,,0.0,0.0,3.111,3.305,0,naive
1785675852.9225771,33.2225,0,792,592,81.91,195.81,813.14,,0.0,0.0,3.111,3.305,0,naive
1785675852.9397016,33.2396,0,792,592,81.91,195.81,813.14,,0.5366,-0.3823,3.121,3.298,0,naive
1785675852.956358,33.2562,0,792,592,81.91,195.81,813.14,,0.0,0.0,3.121,3.298,0,naive
1785675852.9720654,33.272,0,792,592,81.91,195.81,813.14,,0.0,0.0,3.121,3.298,0,naive
1785675852.988989,33.2889,0,792,592,81.91,195.81,813.14,,0.0,0.0,3.121,3.298,0,naive
1785675853.0058649,33.3058,0,792,592,81.91,195.81,813.14,,0.0808,0.0221,3.122,3.298,0,naive
1785675853.022634,33.3225,0,792,592,81.91,195.81,813.14,,0.0,0.0,3.122,3.298,0,naive
1785675853.0394058,33.3393,0,792,592,81.91,195.81,813.14,,0.0,0.0,3.122,3.298,0,naive
1785675853.0548604,33.3547,0,792,592,81.91,195.81,813.14,,0.0,0.0,3.122,3.298,0,naive
1785675853.0715494,33.3714,0,792,592,81.91,195.81,813.14,,-1.3478,1.1521,3.099,3.318,0,naive
1785675853.0871944,33.3871,0,792,592,81.91,195.81,813.14,,0.0,0.0,3.099,3.318,0,naive
1785675853.1037886,33.4037,0,792,592,81.91,195.81,813.14,,-0.7525,1.1486,3.087,3.337,0,naive
1785675853.1213732,33.4213,0,792,592,81.91,195.81,813.14,,0.0,0.0,3.087,3.337,0,naive
1785675853.1377926,33.4377,0,792,592,81.91,195.81,813.14,,0.0,0.0,3.087,3.337,0,naive
1785675853.1544929,33.4544,0,792,592,81.91,195.81,813.14,,0.0,0.0,3.087,3.337,0,naive
1785675853.1709769,33.4709,0,792,592,81.91,195.81,813.14,,0.0,0.0,3.087,3.337,0,naive
1785675853.1881764,33.4881,0,792,592,81.91,195.81,813.14,,0.0,0.0,3.087,3.337,0,naive
1785675853.2039375,33.5038,0,792,592,81.91,195.81,813.14,,0.0,0.0,3.087,3.337,0,naive
1785675853.220625,33.5205,0,792,592,81.91,195.81,813.14,,0.0,0.0,3.087,3.337,0,naive
1785675853.237836,33.5377,0,792,592,81.91,195.81,813.14,,0.0,0.0,3.087,3.337,0,naive
1785675853.254389,33.5543,0,792,592,81.91,195.81,813.14,,0.0,0.0,3.087,3.337,0,naive
1785675853.2707887,33.5707,0,792,592,81.91,195.81,813.14,,0.0,0.0,3.087,3.337,0,naive
1785675853.287626,33.5875,0,792,592,81.91,195.81,813.14,,0.0,0.0,3.087,3.337,0,naive
1785675853.3037636,33.6037,0,792,592,81.91,195.81,813.14,,0.0,0.0,3.087,3.337,0,naive
1785675853.3205504,33.6204,0,792,592,81.91,195.81,813.14,,0.0,0.0,3.087,3.337,0,naive
1785675853.3364365,33.6363,0,792,592,81.91,195.81,813.14,,0.0,0.0,3.087,3.337,0,naive
1785675853.3524556,33.6523,0,792,592,81.91,195.81,813.14,,0.0,0.0,3.087,3.337,0,naive
1785675853.36854,33.6684,0,792,592,81.91,195.81,813.14,,0.6215,0.4086,3.097,3.343,0,naive
1785675853.3843396,33.6842,0,792,592,81.91,195.81,813.14,,0.0,0.0,3.097,3.343,0,naive
1785675853.399935,33.6998,0,792,592,81.91,195.81,813.14,,0.0,0.0,3.097,3.343,0,naive
1785675853.4165585,33.7164,0,792,592,81.91,195.81,813.14,,-1.544,4.7557,3.071,3.422,0,naive
1785675853.4323745,33.7323,0,792,592,81.91,195.81,813.14,,0.0,0.0,3.071,3.422,0,naive
1785675853.4485052,33.7484,0,792,592,81.91,195.81,813.14,,0.0,0.0,3.071,3.422,0,naive
1785675853.4647355,33.7646,0,792,592,81.91,195.81,813.14,,-1.276,5.266,3.051,3.508,0,naive
1785675853.4816,33.7815,0,792,592,81.91,195.81,813.14,,0.0,0.0,3.051,3.508,0,naive
1785675853.498855,33.7987,0,792,592,81.91,195.81,813.14,,-1.5093,5.6255,3.025,3.605,0,naive
1785675853.5158815,33.8158,0,792,592,81.91,195.81,813.14,,0.0,0.0,3.025,3.605,0,naive
1785675853.5324738,33.8324,0,792,592,81.91,195.81,813.14,,0.0,0.0,3.025,3.605,0,naive
1785675853.5487697,33.8487,0,792,592,81.91,195.81,813.14,,-2.8265,4.7659,2.978,3.683,0,naive
1785675853.5655174,33.8654,0,792,592,81.91,195.81,813.14,,0.0,0.0,2.978,3.683,0,naive
1785675853.5816314,33.8815,0,792,592,81.91,195.81,813.14,,-2.0686,2.7488,2.945,3.727,0,naive
1785675853.5983634,33.8983,0,792,592,81.91,195.81,813.14,,0.0,0.0,2.945,3.727,0,naive
1785675853.6147625,33.9147,0,792,592,81.91,195.81,813.14,,-1.7833,1.8497,2.916,3.757,0,naive
1785675853.6314437,33.9313,0,792,592,81.91,195.81,813.14,,0.0,0.0,2.916,3.757,0,naive
1785675853.6477628,33.9477,0,792,592,81.91,195.81,813.14,,0.0,0.0,2.916,3.757,0,naive
1785675853.6645808,33.9645,0,792,592,81.91,195.81,813.14,,-1.9513,0.2788,2.883,3.762,0,naive
1785675853.6807816,33.9807,0,792,592,81.91,195.81,813.14,,0.0,0.0,2.883,3.762,0,naive
1785675853.6977742,33.9977,0,792,592,81.91,195.81,813.14,,0.0,0.0,2.883,3.762,0,naive
1785675853.7148166,34.0147,0,792,592,81.91,195.81,813.14,,0.0,0.0,2.883,3.762,0,naive
1785675853.7314157,34.0313,0,792,592,81.91,195.81,813.14,,-2.385,-1.5661,2.844,3.736,0,naive
1785675853.7470765,34.047,0,792,592,81.91,195.81,813.14,,0.0,0.0,2.844,3.736,0,naive
1785675853.7639005,34.0638,0,792,592,81.91,195.81,813.14,,0.0,0.0,2.844,3.736,0,naive
1785675853.7805889,34.0805,0,792,592,81.91,195.81,813.14,,0.0,0.0,2.844,3.736,0,naive
1785675853.7962396,34.0961,0,792,592,81.91,195.81,813.14,,0.0,0.0,2.844,3.736,0,naive
1785675853.8124228,34.1123,0,792,592,81.91,195.81,813.14,,0.0,0.0,2.844,3.736,0,naive
1785675853.8282788,34.1282,0,792,592,81.91,195.81,813.14,,0.0,0.0,2.844,3.736,0,naive
1785675853.8439298,34.1438,0,792,592,81.91,195.81,813.14,,0.0,0.0,2.844,3.736,0,naive
1785675853.8611934,34.1611,0,792,592,81.91,195.81,813.14,,0.0,0.0,2.844,3.736,0,naive
1785675853.8769417,34.1768,0,792,592,81.91,195.81,813.14,,0.0,0.0,2.844,3.736,0,naive
1785675853.8945265,34.1944,0,792,592,81.91,195.81,813.14,,-1.4261,-3.8656,2.818,3.668,0,naive
1785675853.910563,34.2105,0,792,592,81.91,195.81,813.14,,0.0,0.0,2.818,3.668,0,naive
1785675853.9273496,34.2272,0,792,592,81.91,195.81,813.14,,0.0,0.0,2.818,3.668,0,naive
1785675853.9438999,34.2438,0,792,592,81.91,195.81,813.14,,-0.5312,-4.2048,2.81,3.598,0,naive
1785675853.9613793,34.2613,0,792,592,81.91,195.81,813.14,,0.0,0.0,2.81,3.598,0,naive
1785675853.9774675,34.2774,0,792,592,81.91,195.81,813.14,,0.3392,-4.4447,2.815,3.527,0,naive
1785675853.9930472,34.2929,0,792,592,81.91,195.81,813.14,,0.0,0.0,2.815,3.527,0,naive
1785675854.0095782,34.3095,0,792,592,81.91,195.81,813.14,,0.0,0.0,2.815,3.527,0,naive
1785675854.0256352,34.3255,0,792,592,81.91,195.81,813.14,,-0.3757,-4.2455,2.809,3.459,0,naive
1785675854.0426285,34.3425,0,792,592,81.91,195.81,813.14,,0.0,0.0,2.809,3.459,0,naive
1785675854.0599213,34.3598,0,792,592,81.91,195.81,813.14,,0.0,0.0,2.809,3.459,0,naive
1785675854.0765698,34.3765,0,792,592,81.91,195.81,813.14,,-0.0449,-3.8728,2.808,3.394,0,naive
1785675854.0921946,34.3921,0,792,592,81.91,195.81,813.14,,0.0,0.0,2.808,3.394,0,naive
1785675854.1078439,34.4077,0,792,592,81.91,195.81,813.14,,-0.5527,-3.7017,2.8,3.336,0,naive
1785675854.1246102,34.4245,0,792,592,81.91,195.81,813.14,,0.0,0.0,2.8,3.336,0,naive
1785675854.1425257,34.4424,0,792,592,81.91,195.81,813.14,,-0.8931,-3.3015,2.784,3.277,0,naive
1785675854.1583326,34.4582,0,792,592,81.91,195.81,813.14,,0.0,0.0,2.784,3.277,0,naive
1785675854.174773,34.4747,0,792,592,81.91,195.81,813.14,,0.0,0.0,2.784,3.277,0,naive
1785675854.1916015,34.4915,0,792,592,81.91,195.81,813.14,,-0.9458,-3.0622,2.768,3.226,0,naive
1785675854.2070963,34.507,0,792,592,81.91,195.81,813.14,,0.0,0.0,2.768,3.226,0,naive
1785675854.223787,34.5237,0,792,592,81.91,195.81,813.14,,-1.051,-2.9426,2.75,3.176,0,naive
1785675854.2409,34.5408,0,792,592,81.91,195.81,813.14,,0.0,0.0,2.75,3.176,0,naive
1785675854.2583716,34.5583,0,792,592,81.91,195.81,813.14,,-0.9643,-1.9687,2.733,3.142,0,naive
1785675854.2740147,34.5739,0,792,592,81.91,195.81,813.14,,0.0,0.0,2.733,3.142,0,naive
1785675854.291191,34.5911,0,792,592,81.91,195.81,813.14,,0.0,0.0,2.733,3.142,0,naive
1785675854.3081024,34.608,0,792,592,81.91,195.81,813.14,,-1.8173,-0.4086,2.703,3.135,0,naive
1785675854.3246634,34.6246,0,792,592,81.91,195.81,813.14,,0.0,0.0,2.703,3.135,0,naive
1785675854.342426,34.6423,0,792,592,81.91,195.81,813.14,,-2.4658,1.3406,2.659,3.159,0,naive
1785675854.3582926,34.6582,0,792,592,81.91,195.81,813.14,,0.0,0.0,2.659,3.159,0,naive
1785675854.3739152,34.6738,0,792,592,81.91,195.81,813.14,,0.0,0.0,2.659,3.159,0,naive
1785675854.391045,34.6909,0,792,592,81.91,195.81,813.14,,0.0,0.0,2.659,3.159,0,naive
1785675854.4075959,34.7075,0,792,592,81.91,195.81,813.14,,-4.6475,4.922,2.582,3.24,0,naive
1785675854.4249344,34.7248,0,792,592,81.91,195.81,813.14,,0.0,0.0,2.582,3.24,0,naive
1785675854.4426556,34.7425,0,792,592,81.91,195.81,813.14,,0.0,0.0,2.582,3.24,0,naive
1785675854.459366,34.7593,0,792,592,81.91,195.81,813.14,,-6.2991,6.5785,2.477,3.35,0,naive
1785675854.4750533,34.7749,0,792,592,81.91,195.81,813.14,,0.0,0.0,2.477,3.35,0,naive
1785675854.4917362,34.7916,0,792,592,81.91,195.81,813.14,,0.0,0.0,2.477,3.35,0,naive
1785675854.508649,34.8085,0,792,592,81.91,195.81,813.14,,0.0,0.0,2.477,3.35,0,naive
1785675854.5256743,34.8256,0,792,592,81.91,195.81,813.14,,-3.0526,3.8584,2.425,3.416,0,naive
1785675854.5423372,34.8422,0,792,592,81.91,195.81,813.14,,0.0,0.0,2.425,3.416,0,naive
1785675854.5584786,34.8584,0,792,592,81.91,195.81,813.14,,0.0,0.0,2.425,3.416,0,naive
1785675854.5748892,34.8748,0,792,592,81.91,195.81,813.14,,0.4588,2.0028,2.432,3.449,0,naive
1785675854.5915341,34.8914,0,792,592,81.91,195.81,813.14,,0.0,0.0,2.432,3.449,0,naive
1785675854.6076365,34.9075,0,792,592,81.91,195.81,813.14,,1.2215,1.5655,2.452,3.474,0,naive
1785675854.6248803,34.9248,0,792,592,81.91,195.81,813.14,,0.0,0.0,2.452,3.474,0,naive
1785675854.6414955,34.9414,0,792,592,81.91,195.81,813.14,,0.0,0.0,2.452,3.474,0,naive
1785675854.6576195,34.9575,0,792,592,81.91,195.81,813.14,,-0.1125,0.5408,2.45,3.483,0,naive
1785675854.6746945,34.9746,0,792,592,81.91,195.81,813.14,,0.0,0.0,2.45,3.483,0,naive
1785675854.6915884,34.9915,0,792,592,81.91,195.81,813.14,,0.2889,-0.5384,2.455,3.474,0,naive
1785675854.707721,35.0076,0,792,592,81.91,195.81,813.14,,0.0,0.0,2.455,3.474,0,naive
1785675854.725067,35.025,0,792,592,81.91,195.81,813.14,,0.0,0.0,2.455,3.474,0,naive
1785675854.7416172,35.0415,0,792,592,81.91,195.81,813.14,,0.0574,0.2189,2.456,3.477,0,naive
1785675854.7572794,35.0572,0,792,592,81.91,195.81,813.14,,0.0,0.0,2.456,3.477,0,naive
1785675854.7739134,35.0738,0,792,592,81.91,195.81,813.14,,-0.1478,-0.9691,2.453,3.461,0,naive
1785675854.7906716,35.0906,0,792,592,81.91,195.81,813.14,,0.0,0.0,2.453,3.461,0,naive
1785675854.807626,35.1075,0,792,592,81.91,195.81,813.14,,0.0,0.0,2.453,3.461,0,naive
1785675854.8244872,35.1244,0,792,592,81.91,195.81,813.14,,0.7155,-0.4708,2.465,3.453,0,naive
1785675854.8409405,35.1408,0,792,592,81.91,195.81,813.14,,0.0,0.0,2.465,3.453,0,naive
1785675854.8581717,35.1581,0,792,592,81.91,195.81,813.14,,2.2893,0.3529,2.505,3.459,0,naive
1785675854.873777,35.1737,0,792,592,81.91,195.81,813.14,,0.0,0.0,2.505,3.459,0,naive
1785675854.890871,35.1908,0,792,592,81.91,195.81,813.14,,0.0,0.0,2.505,3.459,0,naive
1785675854.9074993,35.2074,0,792,592,81.91,195.81,813.14,,0.652,0.2578,2.516,3.464,0,naive
1785675854.923298,35.2232,0,792,592,81.91,195.81,813.14,,0.0,0.0,2.516,3.464,0,naive
1785675854.9399822,35.2399,0,792,592,81.91,195.81,813.14,,1.2024,0.606,2.536,3.474,0,naive
1785675854.956617,35.2565,0,792,592,81.91,195.81,813.14,,0.0,0.0,2.536,3.474,0,naive
1785675854.9738395,35.2737,0,792,592,81.91,195.81,813.14,,0.9667,0.7962,2.552,3.487,0,naive
1785675854.9902864,35.2902,0,792,592,81.91,195.81,813.14,,0.0,0.0,2.552,3.487,0,naive
1785675855.0066123,35.3065,0,792,592,81.91,195.81,813.14,,0.0,0.0,2.552,3.487,0,naive
1785675855.0235186,35.3234,0,792,592,81.91,195.81,813.14,,-0.9607,0.3494,2.536,3.493,0,naive
1785675855.0391724,35.3391,0,792,592,81.91,195.81,813.14,,0.0,0.0,2.536,3.493,0,naive
1785675855.0563238,35.3562,0,792,592,81.91,195.81,813.14,,-0.14,0.5946,2.534,3.504,0,naive
1785675855.0725925,35.3725,0,792,592,81.91,195.81,813.14,,0.0,0.0,2.534,3.504,0,naive
1785675855.0891964,35.3891,0,792,592,81.91,195.81,813.14,,0.0,0.0,2.534,3.504,0,naive
1785675855.1049352,35.4048,0,792,592,81.91,195.81,813.14,,0.0,0.0,2.534,3.504,0,naive
1785675855.1215408,35.4214,0,792,592,81.91,195.81,813.14,,0.0,0.0,2.534,3.504,0,naive
1785675855.1373498,35.4372,0,792,592,81.91,195.81,813.14,,0.5246,1.4674,2.542,3.527,0,naive
1785675855.1530442,35.4529,0,792,592,81.91,195.81,813.14,,0.0,0.0,2.542,3.527,0,naive
1785675855.1695793,35.4695,0,792,592,81.91,195.81,813.14,,0.0,0.0,2.542,3.527,0,naive
1785675855.1854906,35.4854,0,792,592,81.91,195.81,813.14,,0.0,0.0,2.542,3.527,0,naive
1785675855.2015846,35.5015,0,792,592,81.91,195.81,813.14,,0.3996,0.2692,2.549,3.531,0,naive
1785675855.2190623,35.519,0,792,592,81.91,195.81,813.14,,0.0,0.0,2.549,3.531,0,naive
1785675855.2360168,35.5359,0,792,592,81.91,195.81,813.14,,0.0,0.0,2.549,3.531,0,naive
1785675855.2527227,35.5526,0,792,592,81.91,195.81,813.14,,0.2764,0.3416,2.553,3.537,0,naive
1785675855.2700212,35.5699,0,792,592,81.91,195.81,813.14,,0.0,0.0,2.553,3.537,0,naive
1785675855.286657,35.5865,0,792,592,81.91,195.81,813.14,,0.0,0.0,2.553,3.537,0,naive
1785675855.3037426,35.6036,0,792,592,81.91,195.81,813.14,,0.6772,0.9272,2.565,3.553,0,naive
1785675855.3212705,35.6212,0,792,592,81.91,195.81,813.14,,0.0,0.0,2.565,3.553,0,naive
1785675855.3373575,35.6372,0,792,592,81.91,195.81,813.14,,0.0,0.0,2.565,3.553,0,naive
1785675855.353109,35.653,0,792,592,81.91,195.81,813.14,,-0.259,0.1089,2.561,3.554,0,naive
1785675855.370496,35.6704,0,792,592,81.91,195.81,813.14,,0.0,0.0,2.561,3.554,0,naive
1785675855.386029,35.6859,0,792,592,81.91,195.81,813.14,,0.3924,0.128,2.567,3.556,0,naive
1785675855.403827,35.7037,0,792,592,81.91,195.81,813.14,,0.0,0.0,2.567,3.556,0,naive
1785675855.4213676,35.7213,0,792,592,81.91,195.81,813.14,,0.0,0.0,2.567,3.556,0,naive
1785675855.4375296,35.7374,0,792,592,81.91,195.81,813.14,,1.8963,1.3262,2.597,3.578,0,naive
1785675855.4536471,35.7535,0,792,592,81.91,195.81,813.14,,0.0,0.0,2.597,3.578,0,naive
1785675855.4703772,35.7703,0,792,592,81.91,195.81,813.14,,2.1123,2.5005,2.633,3.62,0,naive
1785675855.4859934,35.7859,0,792,592,81.91,195.81,813.14,,0.0,0.0,2.633,3.62,0,naive
1785675855.502656,35.8025,0,792,592,81.91,195.81,813.14,,0.0,0.0,2.633,3.62,0,naive
1785675855.5200472,35.8199,0,792,592,81.91,195.81,813.14,,4.2969,2.3157,2.707,3.66,0,naive
1785675855.5375,35.8374,0,792,592,81.91,195.81,813.14,,0.0,0.0,2.707,3.66,0,naive
1785675855.5531995,35.8531,0,792,592,81.91,195.81,813.14,,2.0477,1.6678,2.74,3.686,0,naive
1785675855.5691833,35.8691,0,792,592,81.91,195.81,813.14,,0.0,0.0,2.74,3.686,0,naive
1785675855.5861032,35.886,0,792,592,81.91,195.81,813.14,,0.0,0.0,2.74,3.686,0,naive
1785675855.6024425,35.9023,0,792,592,81.91,195.81,813.14,,2.0142,1.9256,2.773,3.718,0,naive
1785675855.6188633,35.9188,0,792,592,81.91,195.81,813.14,,0.0,0.0,2.773,3.718,0,naive
1785675855.635655,35.9355,0,792,592,81.91,195.81,813.14,,2.0088,2.278,2.806,3.756,0,naive
1785675855.6523843,35.9523,0,792,592,81.91,195.81,813.14,,0.0,0.0,2.806,3.756,0,naive
1785675855.668467,35.9684,0,792,592,81.91,195.81,813.14,,0.8058,2.9073,2.819,3.803,0,naive
1785675855.6839929,35.9839,0,792,592,81.91,195.81,813.14,,0.0,0.0,2.819,3.803,0,naive
1785675855.7006266,36.0005,0,792,592,81.91,195.81,813.14,,0.0,0.0,2.819,3.803,0,naive
1785675855.7168617,36.0168,0,792,592,81.91,195.81,813.14,,1.0774,3.8172,2.837,3.865,0,naive
1785675855.7339153,36.0338,0,792,592,81.91,195.81,813.14,,0.0,0.0,2.837,3.865,0,naive
1785675855.7506413,36.0505,0,792,592,81.91,195.81,813.14,,0.539,4.9226,2.846,3.947,0,naive
1785675855.7673087,36.0672,0,792,592,81.91,195.81,813.14,,0.0,0.0,2.846,3.947,0,naive
1785675855.7836137,36.0835,0,792,592,81.91,195.81,813.14,,0.0,0.0,2.846,3.947,0,naive
1785675855.8014655,36.1014,0,792,592,81.91,195.81,813.14,,-0.9242,4.7049,2.829,4.031,0,naive
1785675855.8185534,36.1184,0,792,592,81.91,195.81,813.14,,0.0,0.0,2.829,4.031,0,naive
1785675855.8349636,36.1349,0,792,592,81.91,195.81,813.14,,0.0,0.0,2.829,4.031,0,naive
1785675855.8524585,36.1523,0,792,592,81.91,195.81,813.14,,0.0,0.0,2.829,4.031,0,naive
1785675855.8686893,36.1686,0,792,592,81.91,195.81,813.14,,-2.5448,-0.1795,2.788,4.028,0,naive
1785675855.8856122,36.1855,0,792,592,81.91,195.81,813.14,,0.0,0.0,2.788,4.028,0,naive
1785675855.9025915,36.2025,0,792,592,81.91,195.81,813.14,,0.0,0.0,2.788,4.028,0,naive
1785675855.9190147,36.2189,0,792,592,81.91,195.81,813.14,,-1.8945,-2.2373,2.757,3.991,0,naive
1785675855.9354508,36.2353,0,792,592,81.91,195.81,813.14,,0.0,0.0,2.757,3.991,0,naive
1785675855.951418,36.2513,0,792,592,81.91,195.81,813.14,,0.0,0.0,2.757,3.991,0,naive
1785675855.9671564,36.267,0,792,592,81.91,195.81,813.14,,0.0,0.0,2.757,3.991,0,naive
1785675855.9831908,36.2831,0,792,592,81.91,195.81,813.14,,0.0574,1.4501,2.758,4.014,0,naive
1785675855.999078,36.299,0,792,592,81.91,195.81,813.14,,0.0,0.0,2.758,4.014,0,naive
1785675856.0162737,36.3162,0,792,592,81.91,195.81,813.14,,0.0873,1.681,2.759,4.043,0,naive
1785675856.0323212,36.3322,0,792,592,81.91,195.81,813.14,,0.0,0.0,2.759,4.043,0,naive
1785675856.0478704,36.3478,0,792,592,81.91,195.81,813.14,,-2.8014,1.6169,2.716,4.068,0,naive
1785675856.0644393,36.3643,0,792,592,81.91,195.81,813.14,,0.0,0.0,2.716,4.068,0,naive
1785675856.080537,36.3804,0,792,592,81.91,195.81,813.14,,0.0,0.0,2.716,4.068,0,naive
1785675856.096128,36.396,0,792,592,81.91,195.81,813.14,,-1.6307,2.3019,2.69,4.104,0,naive
1785675856.1127918,36.4127,0,792,592,81.91,195.81,813.14,,0.0,0.0,2.69,4.104,0,naive
1785675856.1298952,36.4298,0,792,592,81.91,195.81,813.14,,-1.2072,2.6812,2.67,4.15,0,naive
1785675856.1473582,36.4472,0,792,592,81.91,195.81,813.14,,0.0,0.0,2.67,4.15,0,naive
1785675856.1629086,36.4628,0,792,592,81.91,195.81,813.14,,0.0,0.0,2.67,4.15,0,naive
1785675856.1799047,36.4798,0,792,592,81.91,195.81,813.14,,-2.1045,1.1091,2.634,4.169,0,naive
1785675856.1968865,36.4968,0,792,592,81.91,195.81,813.14,,0.0,0.0,2.634,4.169,0,naive
1785675856.2137544,36.5136,0,792,592,81.91,195.81,813.14,,-1.2718,-0.8291,2.612,4.155,0,naive
1785675856.2311294,36.531,0,792,592,81.91,195.81,813.14,,0.0,0.0,2.612,4.155,0,naive
1785675856.2467976,36.5467,0,792,592,81.91,195.81,813.14,,0.0,0.0,2.612,4.155,0,naive
1785675856.2634597,36.5633,0,792,592,81.91,195.81,813.14,,-3.0891,0.5432,2.561,4.164,0,naive
1785675856.2796974,36.5796,0,792,592,81.91,195.81,813.14,,0.0,0.0,2.561,4.164,0,naive
1785675856.296306,36.5962,0,792,592,81.91,195.81,813.14,,-1.0002,1.0451,2.544,4.182,0,naive
1785675856.3125722,36.6125,0,792,592,81.91,195.81,813.14,,0.0,0.0,2.544,4.182,0,naive
1785675856.328555,36.6284,0,792,592,81.91,195.81,813.14,,0.0,0.0,2.544,4.182,0,naive
1785675856.3444402,36.6443,0,792,592,81.91,195.81,813.14,,-2.0758,2.412,2.511,4.22,0,naive
1785675856.3608906,36.6608,0,792,592,81.91,195.81,813.14,,0.0,0.0,2.511,4.22,0,naive
1785675856.377482,36.6774,0,792,592,81.91,195.81,813.14,,-1.255,0.39,2.491,4.226,0,naive
1785675856.3939564,36.6938,0,792,592,81.91,195.81,813.14,,0.0,0.0,2.491,4.226,0,naive
1785675856.410527,36.7104,0,792,592,81.91,195.81,813.14,,0.0,0.0,2.491,4.226,0,naive
1785675856.4266305,36.7265,0,792,592,81.91,195.81,813.14,,-1.2114,2.2379,2.471,4.262,0,naive
1785675856.443772,36.7437,0,792,592,81.91,195.81,813.14,,0.0,0.0,2.471,4.262,0,naive
1785675856.4611087,36.761,0,792,592,81.91,195.81,813.14,,0.2387,2.6662,2.475,4.309,0,naive
1785675856.4770024,36.7769,0,792,592,81.91,195.81,813.14,,0.0,0.0,2.475,4.309,0,naive
1785675856.493863,36.7938,0,792,592,81.91,195.81,813.14,,0.0,0.0,2.475,4.309,0,naive
1785675856.510957,36.8108,0,792,592,81.91,195.81,813.14,,2.5172,3.6969,2.518,4.372,0,naive
1785675856.5275006,36.8274,0,792,592,81.91,195.81,813.14,,0.0,0.0,2.518,4.372,0,naive
1785675856.5431783,36.8431,0,792,592,81.91,195.81,813.14,,0.0,0.0,2.518,4.372,0,naive
1785675856.5598612,36.8598,0,792,592,81.91,195.81,813.14,,0.0,0.0,2.518,4.372,0,naive
1785675856.5765731,36.8765,0,792,592,81.91,195.81,813.14,,3.7328,2.7129,2.581,4.417,0,naive
1785675856.5926635,36.8926,0,792,592,81.91,195.81,813.14,,0.0,0.0,2.581,4.417,0,naive
1785675856.6095347,36.9094,0,792,592,81.91,195.81,813.14,,0.0,0.0,2.581,4.417,0,naive
1785675856.6252415,36.9251,0,792,592,81.91,195.81,813.14,,0.0,0.0,2.581,4.417,0,naive
1785675856.6416526,36.9415,0,792,592,81.91,195.81,813.14,,7.0211,2.8738,2.696,4.464,0,naive
1785675856.6585786,36.9585,0,792,592,81.91,195.81,813.14,,0.0,0.0,2.696,4.464,0,naive
1785675856.6753526,36.9752,0,792,592,81.91,195.81,813.14,,0.0,0.0,2.696,4.464,0,naive
1785675856.6914885,36.9914,0,792,592,81.91,195.81,813.14,,0.0,0.0,2.696,4.464,0,naive
1785675856.7075806,37.0075,0,792,592,81.91,195.81,813.14,,0.0,0.0,2.696,4.464,0,naive
1785675856.7245405,37.0244,0,792,592,81.91,195.81,813.14,,6.0084,1.6786,2.798,4.493,0,naive
1785675856.7401683,37.0401,0,792,592,81.91,195.81,813.14,,0.0,0.0,2.798,4.493,0,naive
1785675856.756992,37.0569,0,792,592,81.91,195.81,813.14,,0.0,0.0,2.798,4.493,0,naive
1785675856.7728307,37.0727,0,792,592,81.91,195.81,813.14,,3.5186,-0.1783,2.853,4.49,0,naive
1785675856.7894795,37.0894,0,792,592,81.91,195.81,813.14,,0.0,0.0,2.853,4.49,0,naive
1785675856.805863,37.1058,0,792,592,81.91,195.81,813.14,,-0.0197,-2.8792,2.853,4.443,0,naive
1785675856.8227177,37.1226,0,792,592,81.91,195.81,813.14,,0.0,0.0,2.853,4.443,0,naive
1785675856.8398733,37.1398,0,792,592,81.91,195.81,813.14,,0.0,0.0,2.853,4.443,0,naive
1785675856.8563437,37.1562,0,792,592,81.91,195.81,813.14,,-3.5109,-4.2257,2.795,4.373,0,naive
1785675856.8719373,37.1718,0,792,592,81.91,195.81,813.14,,0.0,0.0,2.795,4.373,0,naive
1785675856.8885562,37.1884,0,792,592,81.91,195.81,813.14,,-5.2678,-3.4475,2.708,4.316,0,naive
1785675856.9048698,37.2048,0,792,592,81.91,195.81,813.14,,0.0,0.0,2.708,4.316,0,naive
1785675856.9216166,37.2215,0,792,592,81.91,195.81,813.14,,0.0,0.0,2.708,4.316,0,naive
1785675856.9379714,37.2379,0,792,592,81.91,195.81,813.14,,-5.9031,-2.1805,2.611,4.28,0,naive
1785675856.9546063,37.2545,0,792,592,81.91,195.81,813.14,,0.0,0.0,2.611,4.28,0,naive
1785675856.9718645,37.2718,0,792,592,81.91,195.81,813.14,,-4.7216,-0.1011,2.53,4.278,0,naive
1785675856.9885445,37.2884,0,792,592,81.91,195.81,813.14,,0.0,0.0,2.53,4.278,0,naive
1785675857.0037668,37.3037,0,792,592,81.91,195.81,813.14,,0.0,0.0,2.53,4.278,0,naive
1785675857.0209165,37.3208,0,792,592,81.91,195.81,813.14,,-4.4291,0.5671,2.454,4.288,0,naive
1785675857.0374231,37.3373,0,792,592,81.91,195.81,813.14,,0.0,0.0,2.454,4.288,0,naive
1785675857.0538638,37.3538,0,792,592,81.91,195.81,813.14,,0.0,0.0,2.454,4.288,0,naive
1785675857.0703988,37.3703,0,792,592,81.91,195.81,813.14,,-3.6078,1.6726,2.394,4.316,0,naive
1785675857.0859773,37.3859,0,792,592,81.91,195.81,813.14,,0.0,0.0,2.394,4.316,0,naive
1785675857.1027064,37.4026,0,792,592,81.91,195.81,813.14,,-3.6024,2.3838,2.334,4.356,0,naive
1785675857.1193185,37.4192,0,792,592,81.91,195.81,813.14,,0.0,0.0,2.334,4.356,0,naive
1785675857.1348784,37.4348,0,792,592,81.91,195.81,813.14,,0.0,0.0,2.334,4.356,0,naive
1785675857.1516042,37.4515,0,792,592,81.91,195.81,813.14,,-2.7835,2.5137,2.287,4.398,0,naive
1785675857.1676342,37.4675,0,792,592,81.91,195.81,813.14,,0.0,0.0,2.287,4.398,0,naive
1785675857.1849837,37.4849,0,792,592,81.91,195.81,813.14,,-2.1039,2.4987,2.251,4.441,0,naive
1785675857.2017503,37.5016,0,792,592,81.91,195.81,813.14,,0.0,0.0,2.251,4.441,0,naive
1785675857.2187188,37.5186,0,792,592,81.91,195.81,813.14,,0.0,0.0,2.251,4.441,0,naive
1785675857.2353616,37.5353,0,792,592,81.91,195.81,813.14,,-2.1613,2.141,2.215,4.477,0,naive
1785675857.2513745,37.5513,0,792,592,81.91,195.81,813.14,,0.0,0.0,2.215,4.477,0,naive
1785675857.2676654,37.5676,0,792,592,81.91,195.81,813.14,,0.0,0.0,2.215,4.477,0,naive
1785675857.2844124,37.5843,0,792,592,81.91,195.81,813.14,,0.0,0.0,2.215,4.477,0,naive
1785675857.300693,37.6006,0,792,592,81.91,195.81,813.14,,0.0,0.0,2.215,4.477,0,naive
1785675857.3177216,37.6176,0,792,592,81.91,195.81,813.14,,0.0,0.0,2.215,4.477,0,naive
1785675857.3344746,37.6344,0,792,592,81.91,195.81,813.14,,0.0,0.0,2.215,4.477,0,naive
1785675857.3499467,37.6498,0,792,592,81.91,195.81,813.14,,0.0,0.0,2.215,4.477,0,naive
1785675857.3666542,37.6665,0,792,592,81.91,195.81,813.14,,0.0,0.0,2.215,4.477,0,naive
1785675857.3838065,37.6837,0,792,592,81.91,195.81,813.14,,0.0,0.0,2.215,4.477,0,naive
1785675857.4007711,37.7007,0,792,592,81.91,195.81,813.14,,0.0,0.0,2.215,4.477,0,naive
1785675857.4177697,37.7177,0,792,592,81.91,195.81,813.14,,0.0,0.0,2.215,4.477,0,naive
1785675857.4353287,37.7352,0,792,592,81.91,195.81,813.14,,0.0,0.0,2.215,4.477,0,naive
1785675857.4515898,37.7515,0,792,592,81.91,195.81,813.14,,0.0,0.0,2.215,4.477,0,naive
1785675857.4679544,37.7678,0,792,592,81.91,195.81,813.14,,0.0,0.0,2.215,4.477,0,naive
1785675857.4856334,37.7855,0,792,592,81.91,195.81,813.14,,0.0,0.0,2.215,4.477,0,naive
1785675857.5028706,37.8028,0,792,592,81.91,195.81,813.14,,0.0,0.0,2.215,4.477,0,naive
1785675857.5197027,37.8196,0,792,592,81.91,195.81,813.14,,0.0,0.0,2.215,4.477,0,naive
1785675857.5370438,37.8369,0,792,592,81.91,195.81,813.14,,0.0,0.0,2.215,4.477,0,naive
1785675857.553711,37.8536,0,792,592,81.91,195.81,813.14,,0.0,0.0,2.215,4.477,0,naive
1785675857.5705895,37.8705,0,792,592,81.91,195.81,813.14,,0.0,0.0,2.215,4.477,0,naive
1785675857.587127,37.887,0,792,592,81.91,195.81,813.14,,0.0,0.0,2.215,4.477,0,naive
1785675857.6027987,37.9027,0,792,592,81.91,195.81,813.14,,0.0,0.0,2.215,4.477,0,naive
1785675857.6198328,37.9197,0,792,592,81.91,195.81,813.14,,0.0,0.0,2.215,4.477,0,naive
1785675857.6365993,37.9365,0,792,592,81.91,195.81,813.14,,0.0,0.0,2.215,4.477,0,naive
1785675857.6536806,37.9536,0,792,592,81.91,195.81,813.14,,0.0,0.0,2.215,4.477,0,naive
1785675857.6705666,37.9705,0,792,592,81.91,195.81,813.14,,0.0,0.0,2.215,4.477,0,naive
1785675857.68673,37.9866,0,792,592,81.91,195.81,813.14,,0.0,0.0,2.215,4.477,0,naive
1785675857.7039676,38.0039,0,792,592,81.91,195.81,813.14,,0.0,0.0,2.215,4.477,0,naive
1785675857.720647,38.0205,0,792,592,81.91,195.81,813.14,,0.0,0.0,2.215,4.477,0,naive
1785675857.7377994,38.0377,0,792,592,81.91,195.81,813.14,,0.0,0.0,2.215,4.477,0,naive
1785675857.7547119,38.0546,0,792,592,81.91,195.81,813.14,,0.0,0.0,2.215,4.477,0,naive
1785675857.7713518,38.0712,0,792,592,81.91,195.81,813.14,,0.0,0.0,2.215,4.477,0,naive
1785675857.7876854,38.0876,0,792,592,81.91,195.81,813.14,,0.0,0.0,2.215,4.477,0,naive
1785675857.8046958,38.1046,0,792,592,81.91,195.81,813.14,,0.0,0.0,2.215,4.477,0,naive
1785675857.821771,38.1217,0,792,592,81.91,195.81,813.14,,0.0,0.0,2.215,4.477,0,naive
1785675857.8384378,38.1383,0,792,592,81.91,195.81,813.14,,0.0,0.0,2.215,4.477,0,naive
1785675857.8544192,38.1543,0,792,592,81.91,195.81,813.14,,0.0,0.0,2.215,4.477,0,naive
1785675857.8708618,38.1708,0,792,592,81.91,195.81,813.14,,0.0,0.0,2.215,4.477,0,naive
1785675857.887637,38.1875,0,792,592,81.91,195.81,813.14,,0.0,0.0,2.215,4.477,0,naive
1785675857.9039316,38.2038,0,792,592,81.91,195.81,813.14,,0.0,0.0,2.215,4.477,0,naive
1785675857.920631,38.2205,0,792,592,81.91,195.81,813.14,,0.0,0.0,2.215,4.477,0,naive
1785675857.9378753,38.2378,0,792,592,81.91,195.81,813.14,,0.0,0.0,2.215,4.477,0,naive
1785675857.9546049,38.2545,0,792,592,81.91,195.81,813.14,,0.0,0.0,2.215,4.477,0,naive
1785675857.9724247,38.2723,0,792,592,81.91,195.81,813.14,,0.0,0.0,2.215,4.477,0,naive
1785675857.9889467,38.2888,0,792,592,81.91,195.81,813.14,,0.0,0.0,2.215,4.477,0,naive
1785675858.0059934,38.3059,0,792,592,81.91,195.81,813.14,,0.0,0.0,2.215,4.477,0,naive
1785675858.0230362,38.3229,0,792,592,81.91,195.81,813.14,,0.0,0.0,2.215,4.477,0,naive
1785675858.0397644,38.3397,0,792,592,81.91,195.81,813.14,,0.0,0.0,2.215,4.477,0,naive
1785675858.0569205,38.3568,0,792,592,81.91,195.81,813.14,,0.0,0.0,2.215,4.477,0,naive
1785675858.0736194,38.3735,0,792,592,81.91,195.81,813.14,,0.0,0.0,2.215,4.477,0,naive
1785675858.0901349,38.39,0,792,592,81.91,195.81,813.14,,0.0,0.0,2.215,4.477,0,naive
1785675858.1064932,38.4064,0,792,592,81.91,195.81,813.14,,0.0,0.0,2.215,4.477,0,naive
1785675858.1220696,38.422,0,792,592,81.91,195.81,813.14,,0.0,0.0,2.215,4.477,0,naive
1785675858.137788,38.4377,0,792,592,81.91,195.81,813.14,,0.0,0.0,2.215,4.477,0,naive
1785675858.1554341,38.4553,0,792,592,81.91,195.81,813.14,,0.0,0.0,2.215,4.477,0,naive
1785675858.1709838,38.4709,0,792,592,81.91,195.81,813.14,,0.0,0.0,2.215,4.477,0,naive
1785675858.187867,38.4878,0,792,592,81.91,195.81,813.14,,0.0,0.0,2.215,4.477,0,naive
1785675858.2047367,38.5046,0,792,592,81.91,195.81,813.14,,0.0,0.0,2.215,4.477,0,naive
1785675858.2213306,38.5212,0,792,592,81.91,195.81,813.14,,0.0,0.0,2.215,4.477,0,naive
1785675858.2378354,38.5377,0,792,592,81.91,195.81,813.14,,0.0,0.0,2.215,4.477,0,naive
1785675858.2545085,38.5544,0,792,592,81.91,195.81,813.14,,0.0,0.0,2.215,4.477,0,naive
1785675858.270989,38.5709,0,792,592,81.91,195.81,813.14,,0.0,0.0,2.215,4.477,0,naive
1785675858.288456,38.5883,0,792,592,81.91,195.81,813.14,,0.0,0.0,2.215,4.477,0,naive
1785675858.3047736,38.6047,0,792,592,81.91,195.81,813.14,,-0.3027,1.6588,2.21,4.504,0,naive
1785675858.3213358,38.6212,0,792,592,81.91,195.81,813.14,,0.0,0.0,2.21,4.504,0,naive
1785675858.3370676,38.637,0,792,592,81.91,195.81,813.14,,0.0,0.0,2.21,4.504,0,naive
1785675858.353858,38.6537,0,792,592,81.91,195.81,813.14,,0.1992,1.5147,2.213,4.529,0,naive
1785675858.3708353,38.6707,0,792,592,81.91,195.81,813.14,,0.0,0.0,2.213,4.529,0,naive
1785675858.3875554,38.6874,0,792,592,81.91,195.81,813.14,,0.3805,1.5577,2.22,4.555,0,naive
1785675858.4035974,38.7035,0,792,592,81.91,195.81,813.14,,0.0,0.0,2.22,4.555,0,naive
1785675858.4205527,38.7204,0,792,592,81.91,195.81,813.14,,0.9805,1.4201,2.236,4.579,0,naive
1785675858.4372234,38.7371,0,792,592,81.91,195.81,813.14,,0.0,0.0,2.236,4.579,0,naive
1785675858.4537005,38.7536,0,792,592,81.91,195.81,813.14,,0.0,0.0,2.236,4.579,0,naive
1785675858.4710796,38.771,0,792,592,81.91,195.81,813.14,,0.9188,1.4644,2.252,4.605,0,naive
1785675858.4880116,38.7879,0,792,592,81.91,195.81,813.14,,0.0,0.0,2.252,4.605,0,naive
1785675858.504541,38.8044,0,792,592,81.91,195.81,813.14,,0.7376,1.279,2.264,4.626,0,naive
1785675858.520385,38.8203,0,792,592,81.91,195.81,813.14,,0.0,0.0,2.264,4.626,0,naive
1785675858.5368054,38.8367,0,792,592,81.91,195.81,813.14,,0.0,0.0,2.264,4.626,0,naive
1785675858.5533316,38.8532,0,792,592,81.91,195.81,813.14,,0.8459,1.334,2.278,4.648,0,naive
1785675858.5691776,38.8691,0,792,592,81.91,195.81,813.14,,0.0,0.0,2.278,4.648,0,naive
1785675858.5856051,38.8855,0,792,592,81.91,195.81,813.14,,0.6556,1.5165,2.289,4.673,0,naive
1785675858.6024845,38.9024,0,792,592,81.91,195.81,813.14,,0.0,0.0,2.289,4.673,0,naive
1785675858.6188676,38.9188,0,792,592,81.91,195.81,813.14,,0.0772,1.389,2.29,4.696,0,naive
1785675858.6358552,38.9357,0,792,592,81.91,195.81,813.14,,0.0,0.0,2.29,4.696,0,naive
1785675858.6524713,38.9524,0,792,592,81.91,195.81,813.14,,-0.1998,1.127,2.287,4.714,0,naive
1785675858.6681328,38.968,0,792,592,81.91,195.81,813.14,,0.0,0.0,2.287,4.714,0,naive
1785675858.6838753,38.9838,0,792,592,81.91,195.81,813.14,,0.0,0.0,2.287,4.714,0,naive
1785675858.6998765,38.9998,0,792,592,81.91,195.81,813.14,,-0.7442,1.1336,2.275,4.733,0,naive
1785675858.7165437,39.0164,0,792,592,81.91,195.81,813.14,,0.0,0.0,2.275,4.733,0,naive
1785675858.7341442,39.034,0,792,592,81.91,195.81,813.14,,0.0,0.0,2.275,4.733,0,naive
1785675858.7508233,39.0507,0,792,592,81.91,195.81,813.14,,0.0,0.0,2.275,4.733,0,naive
1785675858.7674682,39.0674,0,792,592,81.91,195.81,813.14,,-1.011,1.2395,2.258,4.753,0,naive
1785675858.7838602,39.0837,0,792,592,81.91,195.81,813.14,,0.0,0.0,2.258,4.753,0,naive
1785675858.8007126,39.1006,0,792,592,81.91,195.81,813.14,,0.0,0.0,2.258,4.753,0,naive
1785675858.8178384,39.1177,0,792,592,81.91,195.81,813.14,,0.0,0.0,2.258,4.753,0,naive
1785675858.835065,39.135,0,792,592,81.91,195.81,813.14,,0.1657,1.6678,2.261,4.782,0,naive
1785675858.8507705,39.1507,0,792,592,81.91,195.81,813.14,,0.0,0.0,2.261,4.782,0,naive
1785675858.867675,39.1676,0,792,592,81.91,195.81,813.14,,0.0,0.0,2.261,4.782,0,naive
1785675858.8846667,39.1846,0,792,592,81.91,195.81,813.14,,0.0,0.0,2.261,4.782,0,naive
1785675858.902478,39.2024,0,792,592,81.91,195.81,813.14,,0.0,0.0,2.261,4.782,0,naive
1785675858.918609,39.2185,0,792,592,81.91,195.81,813.14,,0.146,1.1091,2.264,4.8,0,naive
1785675858.9348483,39.2347,0,792,592,81.91,195.81,813.14,,0.0,0.0,2.264,4.8,0,naive
1785675858.9512978,39.2512,0,792,592,81.91,195.81,813.14,,0.0897,2.26,2.265,4.837,0,naive
1785675858.9670951,39.267,0,792,592,81.91,195.81,813.14,,0.0,0.0,2.265,4.837,0,naive
1785675858.983686,39.2836,0,792,592,81.91,195.81,813.14,,0.0,0.0,2.265,4.837,0,naive
1785675859.0010593,39.3009,0,792,592,81.91,195.81,813.14,,-0.594,2.7099,2.255,4.884,0,naive
1785675859.0176368,39.3175,0,792,592,81.91,195.81,813.14,,0.0,0.0,2.255,4.884,0,naive
1785675859.0338316,39.3337,0,792,592,81.91,195.81,813.14,,-1.8503,0.1549,2.225,4.887,0,naive
1785675859.0512552,39.3511,0,792,592,81.91,195.81,813.14,,0.0,0.0,2.225,4.887,0,naive
1785675859.067211,39.3671,0,792,592,81.91,195.81,813.14,,0.0,0.0,2.225,4.887,0,naive
1785675859.0828545,39.3827,0,792,592,81.91,195.81,813.14,,-2.3671,0.2512,2.188,4.89,0,naive
1785675859.099787,39.3997,0,792,592,81.91,195.81,813.14,,0.0,0.0,2.188,4.89,0,naive
1785675859.1167278,39.4166,0,792,592,81.91,195.81,813.14,,-2.4628,0.1268,2.146,4.893,0,naive
1785675859.1336443,39.4335,0,792,592,81.91,195.81,813.14,,0.0,0.0,2.146,4.893,0,naive
1785675859.1505704,39.4505,0,792,592,81.91,195.81,813.14,,-2.3378,0.1944,2.106,4.896,0,naive
1785675859.1664739,39.4664,0,792,592,81.91,195.81,813.14,,0.0,0.0,2.106,4.896,0,naive
1785675859.1826868,39.4826,0,792,592,81.91,195.81,813.14,,0.0,0.0,2.106,4.896,0,naive
1785675859.199786,39.4997,0,792,592,81.91,195.81,813.14,,-0.9206,1.2012,2.091,4.916,0,naive
1785675859.2168632,39.5168,0,792,592,81.91,195.81,813.14,,0.0,0.0,2.091,4.916,0,naive
1785675859.2345006,39.5344,0,792,592,81.91,195.81,813.14,,-0.0179,1.8957,2.09,4.95,0,naive
1785675859.2500646,39.55,0,792,592,81.91,195.81,813.14,,0.0,0.0,2.09,4.95,0,naive
1785675859.2670333,39.5669,0,792,592,81.91,195.81,813.14,,0.0,0.0,2.09,4.95,0,naive
1785675859.2844725,39.5844,0,792,592,81.91,195.81,813.14,,0.5599,2.1559,2.1,4.987,0,naive
1785675859.3006287,39.6005,0,792,592,81.91,195.81,813.14,,0.0,0.0,2.1,4.987,0,naive
1785675859.3176746,39.6176,0,792,592,81.91,195.81,813.14,,0.6156,2.0255,2.111,5.022,0,naive
1785675859.33518,39.6351,0,792,592,81.91,195.81,813.14,,0.0,0.0,2.111,5.022,0,naive
1785675859.352437,39.6523,0,792,592,81.91,195.81,813.14,,0.2656,1.6576,2.115,5.051,0,naive
1785675859.3686948,39.6686,0,792,592,81.91,195.81,813.14,,0.0,0.0,2.115,5.051,0,naive
1785675859.3859937,39.6859,0,792,592,81.91,195.81,813.14,,0.0,0.0,2.115,5.051,0,naive
1785675859.4026606,39.7025,0,792,592,81.91,195.81,813.14,,0.0688,1.3328,2.116,5.073,0,naive
1785675859.4192677,39.7192,0,792,592,81.91,195.81,813.14,,0.0,0.0,2.116,5.073,0,naive
1785675859.4355593,39.7354,0,792,592,81.91,195.81,813.14,,-0.0939,1.0798,2.115,5.09,0,naive
1785675859.4513614,39.7513,0,792,592,81.91,195.81,813.14,,0.0,0.0,2.115,5.09,0,naive
1785675859.4670508,39.7669,0,792,592,81.91,195.81,813.14,,0.0,0.0,2.115,5.09,0,naive
1785675859.4838386,39.7837,0,792,592,81.91,195.81,813.14,,0.0,0.0,2.115,5.09,0,naive
1785675859.5007005,39.8006,0,792,592,81.91,195.81,813.14,,-0.5109,0.5354,2.106,5.099,0,naive
1785675859.5175343,39.8174,0,792,592,81.91,195.81,813.14,,0.0,0.0,2.106,5.099,0,naive
1785675859.5338976,39.8338,0,792,592,81.91,195.81,813.14,,0.0,0.0,2.106,5.099,0,naive
1785675859.550426,39.8503,0,792,592,81.91,195.81,813.14,,0.0,0.0,2.106,5.099,0,naive
1785675859.566536,39.8664,0,792,592,81.91,195.81,813.14,,-0.3194,0.984,2.101,5.115,0,naive
1785675859.5823913,39.8823,0,792,592,81.91,195.81,813.14,,0.0,0.0,2.101,5.115,0,naive
1785675859.5984755,39.8984,0,792,592,81.91,195.81,813.14,,0.0,0.0,2.101,5.115,0,naive
1785675859.6147578,39.9146,0,792,592,81.91,195.81,813.14,,0.0,0.0,2.101,5.115,0,naive
1785675859.6312847,39.9312,0,792,592,81.91,195.81,813.14,,0.0,0.0,2.101,5.115,0,naive
1785675859.6477501,39.9476,0,792,592,81.91,195.81,813.14,,-0.4385,1.0421,2.094,5.132,0,naive
1785675859.6643858,39.9643,0,792,592,81.91,195.81,813.14,,0.0,0.0,2.094,5.132,0,naive
1785675859.6807454,39.9806,0,792,592,81.91,195.81,813.14,,-0.3093,1.0947,2.089,5.15,0,naive
1785675859.6980708,39.998,0,792,592,81.91,195.81,813.14,,0.0,0.0,2.089,5.15,0,naive
1785675859.7154357,40.0153,0,792,592,81.91,195.81,813.14,,-0.1801,1.142,2.086,5.17,0,naive
1785675859.731179,40.0311,0,792,592,81.91,195.81,813.14,,0.0,0.0,2.086,5.17,0,naive
1785675859.7478483,40.0477,0,792,592,81.91,195.81,813.14,,0.0,0.0,2.086,5.17,0,naive
1785675859.764647,40.0645,0,792,592,81.91,195.81,813.14,,-0.2375,1.0271,2.082,5.187,0,naive
1785675859.7811968,40.0811,0,792,592,81.91,195.81,813.14,,0.0,0.0,2.082,5.187,0,naive
1785675859.7974622,40.0974,0,792,592,81.91,195.81,813.14,,-0.3194,0.917,2.076,5.202,0,naive
1785675859.8133955,40.1133,0,792,592,81.91,195.81,813.14,,0.0,0.0,2.076,5.202,0,naive
1785675859.8295102,40.1294,0,792,592,81.91,195.81,813.14,,-0.4337,0.8841,2.069,5.217,0,naive
1785675859.8460534,40.1459,0,792,592,81.91,195.81,813.14,,0.0,0.0,2.069,5.217,0,naive
1785675859.8626342,40.1625,0,792,592,81.91,195.81,813.14,,0.0,0.0,2.069,5.217,0,naive
1785675859.8787134,40.1786,0,792,592,81.91,195.81,813.14,,-0.4768,0.856,2.062,5.23,0,naive
1785675859.8954957,40.1954,0,792,592,81.91,195.81,813.14,,0.0,0.0,2.062,5.23,0,naive
1785675859.9110858,40.211,0,792,592,81.91,195.81,813.14,,0.0,0.0,2.062,5.23,0,naive
1785675859.9277818,40.2277,0,792,592,81.91,195.81,813.14,,0.0,0.0,2.062,5.23,0,naive
1785675859.9446316,40.2445,0,792,592,81.91,195.81,813.14,,0.0,0.0,2.062,5.23,0,naive
1785675859.9600902,40.26,0,792,592,81.91,195.81,813.14,,0.0,0.0,2.062,5.23,0,naive
1785675859.976156,40.276,0,792,592,81.91,195.81,813.14,,0.0,0.0,2.062,5.23,0,naive
1785675859.9926355,40.2925,0,792,592,81.91,195.81,813.14,,0.0,0.0,2.062,5.23,0,naive
1785675860.0086827,40.3086,0,792,592,81.91,195.81,813.14,,0.0,0.0,2.062,5.23,0,naive
1785675860.025736,40.3256,0,792,592,81.91,195.81,813.14,,0.0,0.0,2.062,5.23,0,naive
1785675860.042767,40.3427,0,792,592,81.91,195.81,813.14,,0.0,0.0,2.062,5.23,0,naive
1785675860.0601714,40.3601,0,792,592,81.91,195.81,813.14,,0.0,0.0,2.062,5.23,0,naive
1785675860.076827,40.3767,0,792,592,81.91,195.81,813.14,,0.0,0.0,2.062,5.23,0,naive
1785675860.0946357,40.3945,0,792,592,81.91,195.81,813.14,,0.0,0.0,2.062,5.23,0,naive
1785675860.1125057,40.4124,0,792,592,81.91,195.81,813.14,,0.0,0.0,2.062,5.23,0,naive
1785675860.1287677,40.4287,0,792,592,81.91,195.81,813.14,,-0.5198,0.9224,2.053,5.245,0,naive
1785675860.145636,40.4455,0,792,592,81.91,195.81,813.14,,0.0,0.0,2.053,5.245,0,naive
1785675860.1627228,40.4626,0,792,592,81.91,195.81,813.14,,-0.5342,0.8937,2.044,5.261,0,naive
1785675860.1795585,40.4794,0,792,592,81.91,195.81,813.14,,0.0,0.0,2.044,5.261,0,naive
1785675860.1953084,40.4952,0,792,592,81.91,195.81,813.14,,0.0,0.0,2.044,5.261,0,naive
1785675860.2110457,40.5109,0,792,592,81.91,195.81,813.14,,0.0,0.0,2.044,5.261,0,naive
1785675860.2268665,40.5268,0,792,592,81.91,195.81,813.14,,0.0,0.0,2.044,5.261,0,naive
1785675860.2445853,40.5445,0,792,592,81.91,195.81,813.14,,-0.5151,0.9464,2.035,5.277,0,naive
1785675860.2608922,40.5608,0,792,592,81.91,195.81,813.14,,0.0,0.0,2.035,5.277,0,naive
1785675860.2784517,40.5783,0,792,592,81.91,195.81,813.14,,0.0,0.0,2.035,5.277,0,naive
1785675860.294371,40.5943,0,792,592,81.91,195.81,813.14,,0.0,0.0,2.035,5.277,0,naive
1785675860.3100324,40.6099,0,792,592,81.91,195.81,813.14,,-0.4002,0.9464,2.029,5.292,0,naive
1785675860.3273625,40.6273,0,792,592,81.91,195.81,813.14,,0.0,0.0,2.029,5.292,0,naive
1785675860.3429074,40.6428,0,792,592,81.91,195.81,813.14,,0.0,0.0,2.029,5.292,0,naive
1785675860.3604555,40.6603,0,792,592,81.91,195.81,813.14,,0.0,0.0,2.029,5.292,0,naive
1785675860.3765957,40.6765,0,792,592,81.91,195.81,813.14,,1.1079,0.4684,2.047,5.3,0,naive
1785675860.3930433,40.6929,0,792,592,81.91,195.81,813.14,,0.0,0.0,2.047,5.3,0,naive
1785675860.409888,40.7098,0,792,592,81.91,195.81,813.14,,3.8477,0.8752,2.111,5.315,0,naive
1785675860.4273033,40.7272,0,792,592,81.91,195.81,813.14,,0.0,0.0,2.111,5.315,0,naive
1785675860.4434173,40.7433,0,792,592,81.91,195.81,813.14,,5.4078,0.7501,2.199,5.327,0,naive
1785675860.4591641,40.7591,0,792,592,81.91,195.81,813.14,,0.0,0.0,2.199,5.327,0,naive
1785675860.4754753,40.7754,0,792,592,81.91,195.81,813.14,,0.0,0.0,2.199,5.327,0,naive
1785675860.4916759,40.7916,0,792,592,81.91,195.81,813.14,,5.4072,1.1174,2.286,5.345,0,naive
1785675860.5086756,40.8086,0,792,592,81.91,195.81,813.14,,0.0,0.0,2.286,5.345,0,naive
1785675860.525503,40.8254,0,792,592,81.91,195.81,813.14,,4.8174,1.2502,2.367,5.366,0,naive
1785675860.541871,40.8418,0,792,592,81.91,195.81,813.14,,0.0,0.0,2.367,5.366,0,naive
1785675860.5586278,40.8585,0,792,592,81.91,195.81,813.14,,0.0,0.0,2.367,5.366,0,naive
1785675860.5755348,40.8754,0,792,592,81.91,195.81,813.14,,4.3585,1.7378,2.441,5.395,0,naive
1785675860.5924523,40.8923,0,792,592,81.91,195.81,813.14,,0.0,0.0,2.441,5.395,0,naive
1785675860.608793,40.9087,0,792,592,81.91,195.81,813.14,,2.8134,0.9135,2.487,5.41,0,naive
1785675860.625637,40.9255,0,792,592,81.91,195.81,813.14,,0.0,0.0,2.487,5.41,0,naive
1785675860.6417856,40.9417,0,792,592,81.91,195.81,813.14,,0.0,0.0,2.487,5.41,0,naive
1785675860.6586163,40.9585,0,792,592,81.91,195.81,813.14,,0.6497,0.3081,2.498,5.415,0,naive
1785675860.6755457,40.9754,0,792,592,81.91,195.81,813.14,,0.0,0.0,2.498,5.415,0,naive
1785675860.6914299,40.9913,0,792,592,81.91,195.81,813.14,,-0.7962,-0.6365,2.485,5.405,0,naive
1785675860.7076488,41.0075,0,792,592,81.91,195.81,813.14,,0.0,0.0,2.485,5.405,0,naive
1785675860.724577,41.0245,0,792,592,81.91,195.81,813.14,,0.0,0.0,2.485,5.405,0,naive
1785675860.7411063,41.041,0,792,592,81.91,195.81,813.14,,-2.4885,-1.1013,2.444,5.387,0,naive
1785675860.757412,41.0573,0,792,592,81.91,195.81,813.14,,0.0,0.0,2.444,5.387,0,naive
1785675860.7738457,41.0737,0,792,592,81.91,195.81,813.14,,-3.6108,-0.3535,2.385,5.381,0,naive
1785675860.79083,41.0907,0,792,592,81.91,195.81,813.14,,0.0,0.0,2.385,5.381,0,naive
1785675860.807541,41.1074,0,792,592,81.91,195.81,813.14,,0.0,0.0,2.385,5.381,0,naive
1785675860.823621,41.1235,0,792,592,81.91,195.81,813.14,,0.0,0.0,2.385,5.381,0,naive
1785675860.84,41.1399,0,792,592,81.91,195.81,813.14,,0.0,0.0,2.385,5.381,0,naive
1785675860.8571916,41.1571,0,792,592,81.91,195.81,813.14,,0.0,0.0,2.385,5.381,0,naive
1785675860.87345,41.1733,0,792,592,81.91,195.81,813.14,,0.0,0.0,2.385,5.381,0,naive
1785675860.8895426,41.1894,0,792,592,81.91,195.81,813.14,,0.0,0.0,2.385,5.381,0,naive
1785675860.9054556,41.2053,0,792,592,81.91,195.81,813.14,,0.0,0.0,2.385,5.381,0,naive
1785675860.9215808,41.2215,0,792,592,81.91,195.81,813.14,,0.0,0.0,2.385,5.381,0,naive
1785675860.937958,41.2378,0,792,592,81.91,195.81,813.14,,0.0,0.0,2.385,5.381,0,naive
1785675860.9550927,41.255,0,792,592,81.91,195.81,813.14,,0.0,0.0,2.385,5.381,0,naive
1785675860.972542,41.2724,0,792,592,81.91,195.81,813.14,,0.0,0.0,2.385,5.381,0,naive
1785675860.9896097,41.2895,0,792,592,81.91,195.81,813.14,,0.0,0.0,2.385,5.381,0,naive
1785675861.0056908,41.3056,0,792,592,81.91,195.81,813.14,,0.0,0.0,2.385,5.381,0,naive
1785675861.022452,41.3223,0,792,592,81.91,195.81,813.14,,0.0,0.0,2.385,5.381,0,naive
1785675861.0387733,41.3387,0,792,592,81.91,195.81,813.14,,0.0,0.0,2.385,5.381,0,naive
1785675861.055816,41.3557,0,792,592,81.91,195.81,813.14,,0.0,0.0,2.385,5.381,0,naive
1785675861.073506,41.3734,0,792,592,81.91,195.81,813.14,,0.0,0.0,2.385,5.381,0,naive
1785675861.0905933,41.3905,0,792,592,81.91,195.81,813.14,,0.0,0.0,2.385,5.381,0,naive
1785675861.1072376,41.4071,0,792,592,81.91,195.81,813.14,,0.0,0.0,2.385,5.381,0,naive
1785675861.1231034,41.423,0,792,592,81.91,195.81,813.14,,0.0,0.0,2.385,5.381,0,naive
1785675861.140629,41.4405,0,792,592,81.91,195.81,813.14,,0.0,0.0,2.385,5.381,0,naive
1785675861.1580496,41.4579,0,792,592,81.91,195.81,813.14,,0.0,0.0,2.385,5.381,0,naive
1785675861.1749191,41.4748,0,792,592,81.91,195.81,813.14,,0.0,0.0,2.385,5.381,0,naive
1785675861.192435,41.4923,0,792,592,81.91,195.81,813.14,,0.0,0.0,2.385,5.381,0,naive
1785675861.2080855,41.508,0,792,592,81.91,195.81,813.14,,0.0,0.0,2.385,5.381,0,naive
1785675861.2246273,41.5245,0,792,592,81.91,195.81,813.14,,0.0,0.0,2.385,5.381,0,naive
1785675861.2402992,41.5402,0,792,592,81.91,195.81,813.14,,0.0,0.0,2.385,5.381,0,naive
1785675861.256758,41.5566,0,792,592,81.91,195.81,813.14,,0.0,0.0,2.385,5.381,0,naive
1785675861.273675,41.5736,0,792,592,81.91,195.81,813.14,,0.0,0.0,2.385,5.381,0,naive
1785675861.2904928,41.5904,0,792,592,81.91,195.81,813.14,,0.0,0.0,2.385,5.381,0,naive
1785675861.3083804,41.6083,0,792,592,81.91,195.81,813.14,,0.0,0.0,2.385,5.381,0,naive
1785675861.3247392,41.6246,0,792,592,81.91,195.81,813.14,,0.0,0.0,2.385,5.381,0,naive
1785675861.341672,41.6416,0,792,592,81.91,195.81,813.14,,0.0,0.0,2.385,5.381,0,naive
1785675861.3584845,41.6584,0,792,592,81.91,195.81,813.14,,0.0,0.0,2.385,5.381,0,naive
1785675861.3740594,41.6739,0,792,592,81.91,195.81,813.14,,0.0,0.0,2.385,5.381,0,naive
1785675861.3901248,41.69,0,792,592,81.91,195.81,813.14,,0.0,0.0,2.385,5.381,0,naive
1785675861.4068859,41.7068,0,792,592,81.91,195.81,813.14,,0.0,0.0,2.385,5.381,0,naive
1785675861.42397,41.7239,0,792,592,81.91,195.81,813.14,,0.0,0.0,2.385,5.381,0,naive
1785675861.4416175,41.7415,0,792,592,81.91,195.81,813.14,,0.0,0.0,2.385,5.381,0,naive
1785675861.4589388,41.7588,0,792,592,81.91,195.81,813.14,,0.0,0.0,2.385,5.381,0,naive
1785675861.47625,41.7761,0,792,592,81.91,195.81,813.14,,0.0,0.0,2.385,5.381,0,naive
1785675861.4925911,41.7925,0,792,592,81.91,195.81,813.14,,0.0,0.0,2.385,5.381,0,naive
1785675861.5085297,41.8084,0,792,592,81.91,195.81,813.14,,0.0,0.0,2.385,5.381,0,naive
1785675861.5249531,41.8248,0,792,592,81.91,195.81,813.14,,0.0,0.0,2.385,5.381,0,naive
1785675861.5416381,41.8415,0,792,592,81.91,195.81,813.14,,0.0,0.0,2.385,5.381,0,naive
1785675861.557898,41.8578,0,792,592,81.91,195.81,813.14,,0.0,0.0,2.385,5.381,0,naive
1785675861.5745108,41.8744,0,792,592,81.91,195.81,813.14,,0.0,0.0,2.385,5.381,0,naive
1785675861.5907724,41.8907,0,792,592,81.91,195.81,813.14,,0.0,0.0,2.385,5.381,0,naive
1785675861.607446,41.9073,0,792,592,81.91,195.81,813.14,,0.0,0.0,2.385,5.381,0,naive
1785675861.623929,41.9238,0,792,592,81.91,195.81,813.14,,0.0,0.0,2.385,5.381,0,naive
1785675861.6412077,41.9411,0,792,592,81.91,195.81,813.14,,0.0,0.0,2.385,5.381,0,naive
1785675861.6571193,41.957,0,792,592,81.91,195.81,813.14,,0.0,0.0,2.385,5.381,0,naive
1785675861.672746,41.9726,0,792,592,81.91,195.81,813.14,,0.0,0.0,2.385,5.381,0,naive
1785675861.6896024,41.9895,0,792,592,81.91,195.81,813.14,,0.0,0.0,2.385,5.381,0,naive
1785675861.7057588,42.0056,0,792,592,81.91,195.81,813.14,,0.0,0.0,2.385,5.381,0,naive
1785675861.7225456,42.0224,0,792,592,81.91,195.81,813.14,,0.0,0.0,2.385,5.381,0,naive
1785675861.7403693,42.0403,0,792,592,81.91,195.81,813.14,,0.0,0.0,2.385,5.381,0,naive
1785675861.7560987,42.056,0,792,592,81.91,195.81,813.14,,0.0,0.0,2.385,5.381,0,naive
1785675861.771882,42.0718,0,792,592,81.91,195.81,813.14,,0.0,0.0,2.385,5.381,0,naive
1785675861.7889702,42.0889,0,792,592,81.91,195.81,813.14,,0.0,0.0,2.385,5.381,0,naive
1785675861.8049328,42.1048,0,792,592,81.91,195.81,813.14,,0.0,0.0,2.385,5.381,0,naive
1785675861.8208203,42.1207,0,792,592,81.91,195.81,813.14,,0.0,0.0,2.385,5.381,0,naive
1785675861.8382082,42.1381,0,792,592,81.91,195.81,813.14,,0.0,0.0,2.385,5.381,0,naive
1785675861.854742,42.1546,0,792,592,81.91,195.81,813.14,,0.0,0.0,2.385,5.381,0,naive
1785675861.8715806,42.1715,0,792,592,81.91,195.81,813.14,,0.0,0.0,2.385,5.381,0,naive
1785675861.8883722,42.1883,0,792,592,81.91,195.81,813.14,,0.0,0.0,2.385,5.381,0,naive
1785675861.9048796,42.2048,0,792,592,81.91,195.81,813.14,,0.0,0.0,2.385,5.381,0,naive
1785675861.9226532,42.2225,0,792,592,81.91,195.81,813.14,,0.0,0.0,2.385,5.381,0,naive
1785675861.9399965,42.2399,0,792,592,81.91,195.81,813.14,,4.9765,0.0006,2.471,5.381,0,naive
1785675861.9567208,42.2566,0,792,592,81.91,195.81,813.14,,0.0,0.0,2.471,5.381,0,naive
1785675861.9735334,42.2734,0,792,592,81.91,195.81,813.14,,0.0,0.0,2.471,5.381,0,naive
1785675861.9896429,42.2895,0,792,592,81.91,195.81,813.14,,4.943,0.9745,2.551,5.397,0,naive
1785675862.006878,42.3068,0,792,592,81.91,195.81,813.14,,0.0,0.0,2.551,5.397,0,naive
1785675862.0240257,42.3239,0,792,592,81.91,195.81,813.14,,2.8415,-0.5097,2.599,5.388,0,naive
1785675862.04107,42.341,0,792,592,81.91,195.81,813.14,,0.0,0.0,2.599,5.388,0,naive
1785675862.0581203,42.358,0,792,592,81.91,195.81,813.14,,0.0,0.0,2.599,5.388,0,naive
1785675862.0761285,42.376,0,792,592,81.91,195.81,813.14,,2.6788,0.7651,2.648,5.402,0,naive
1785675862.092448,42.3923,0,792,592,81.91,195.81,813.14,,0.0,0.0,2.648,5.402,0,naive
1785675862.1082044,42.4081,0,792,592,81.91,195.81,813.14,,1.3663,1.0032,2.669,5.418,0,naive
1785675862.1241977,42.4241,0,792,592,81.91,195.81,813.14,,0.0,0.0,2.669,5.418,0,naive
1785675862.1399875,42.4399,0,792,592,81.91,195.81,813.14,,0.0,0.0,2.669,5.418,0,naive
1785675862.1567802,42.4567,0,792,592,81.91,195.81,813.14,,-0.5121,0.3529,2.661,5.424,0,naive
1785675862.1733973,42.4733,0,792,592,81.91,195.81,813.14,,0.0,0.0,2.661,5.424,0,naive
1785675862.189724,42.4896,0,792,592,81.91,195.81,813.14,,0.0,0.0,2.661,5.424,0,naive
1785675862.2066658,42.5066,0,792,592,81.91,195.81,813.14,,-1.4112,0.7406,2.637,5.436,0,naive
1785675862.223954,42.5238,0,792,592,81.91,195.81,813.14,,0.0,0.0,2.637,5.436,0,naive
1785675862.240544,42.5404,0,792,592,81.91,195.81,813.14,,-2.3204,0.6168,2.598,5.446,0,naive
1785675862.2564323,42.5563,0,792,592,81.91,195.81,813.14,,0.0,0.0,2.598,5.446,0,naive
1785675862.2725604,42.5724,0,792,592,81.91,195.81,813.14,,-2.9456,0.0658,2.551,5.447,0,naive
1785675862.2881002,42.588,0,792,592,81.91,195.81,813.14,,0.0,0.0,2.551,5.447,0,naive
1785675862.3048887,42.6048,0,792,592,81.91,195.81,813.14,,0.0,0.0,2.551,5.447,0,naive
1785675862.3215396,42.6214,0,792,592,81.91,195.81,813.14,,-2.3605,0.4152,2.511,5.454,0,naive
1785675862.337612,42.6375,0,792,592,81.91,195.81,813.14,,0.0,0.0,2.511,5.454,0,naive
1785675862.3539648,42.6539,0,792,592,81.91,195.81,813.14,,-1.7486,0.7717,2.483,5.467,0,naive
1785675862.371239,42.6711,0,792,592,81.91,195.81,813.14,,0.0,0.0,2.483,5.467,0,naive
1785675862.386799,42.6867,0,792,592,81.91,195.81,813.14,,0.0,0.0,2.483,5.467,0,naive
1785675862.4039023,42.7038,0,792,592,81.91,195.81,813.14,,0.0,0.0,2.483,5.467,0,naive
1785675862.4205089,42.7204,0,792,592,81.91,195.81,813.14,,-0.7819,0.9003,2.47,5.482,0,naive
1785675862.4367557,42.7366,0,792,592,81.91,195.81,813.14,,0.0,0.0,2.47,5.482,0,naive
1785675862.4533024,42.7532,0,792,592,81.91,195.81,813.14,,0.0,0.0,2.47,5.482,0,naive
1785675862.4698238,42.7697,0,792,592,81.91,195.81,813.14,,0.0,0.0,2.47,5.482,0,naive
1785675862.486645,42.7865,0,792,592,81.91,195.81,813.14,,-0.4385,1.0271,2.462,5.499,0,naive
1785675862.5037193,42.8036,0,792,592,81.91,195.81,813.14,,0.0,0.0,2.462,5.499,0,naive
1785675862.5209022,42.8208,0,792,592,81.91,195.81,813.14,,0.0,0.0,2.462,5.499,0,naive
1785675862.5378687,42.8378,0,792,592,81.91,195.81,813.14,,0.0,0.0,2.462,5.499,0,naive
1785675862.5552142,42.8551,0,792,592,81.91,195.81,813.14,,-0.4816,0.9888,2.454,5.516,0,naive
1785675862.5710843,42.871,0,792,592,81.91,195.81,813.14,,0.0,0.0,2.454,5.516,0,naive
1785675862.5880265,42.8879,0,792,592,81.91,195.81,813.14,,-0.5157,0.9218,2.445,5.532,0,naive
1785675862.6054897,42.9054,0,792,592,81.91,195.81,813.14,,0.0,0.0,2.445,5.532,0,naive
1785675862.622534,42.9224,0,792,592,81.91,195.81,813.14,,0.0,0.0,2.445,5.532,0,naive
1785675862.638284,42.9382,0,792,592,81.91,195.81,813.14,,-0.926,0.5127,2.431,5.54,0,naive
1785675862.6549923,42.9549,0,792,592,81.91,195.81,813.14,,0.0,0.0,2.431,5.54,0,naive
1785675862.67167,42.9716,0,792,592,81.91,195.81,813.14,,0.0,0.0,2.431,5.54,0,naive
1785675862.688573,42.9885,0,792,592,81.91,195.81,813.14,,-0.8979,0.7268,2.416,5.552,0,naive
1785675862.7057989,43.0057,0,792,592,81.91,195.81,813.14,,0.0,0.0,2.416,5.552,0,naive
1785675862.7223272,43.0222,0,792,592,81.91,195.81,813.14,,-0.9123,0.7083,2.401,5.564,0,naive
1785675862.7386491,43.0385,0,792,592,81.91,195.81,813.14,,0.0,0.0,2.401,5.564,0,naive
1785675862.7556539,43.0555,0,792,592,81.91,195.81,813.14,,-0.8207,0.9141,2.387,5.58,0,naive
1785675862.7725625,43.0725,0,792,592,81.91,195.81,813.14,,0.0,0.0,2.387,5.58,0,naive
1785675862.7888987,43.0888,0,792,592,81.91,195.81,813.14,,0.0,0.0,2.387,5.58,0,naive
1785675862.8055236,43.1054,0,792,592,81.91,195.81,813.14,,-0.6915,0.9332,2.375,5.595,0,naive
1785675862.8216758,43.1216,0,792,592,81.91,195.81,813.14,,0.0,0.0,2.375,5.595,0,naive
1785675862.8389573,43.1388,0,792,592,81.91,195.81,813.14,,-0.6628,0.9332,2.364,5.611,0,naive
1785675862.8555236,43.1554,0,792,592,81.91,195.81,813.14,,0.0,0.0,2.364,5.611,0,naive
1785675862.8725216,43.1724,0,792,592,81.91,195.81,813.14,,0.0,0.0,2.364,5.611,0,naive
1785675862.8886375,43.1885,0,792,592,81.91,195.81,813.14,,0.0,0.0,2.364,5.611,0,naive
1785675862.9057791,43.2057,0,792,592,81.91,195.81,813.14,,0.0,0.0,2.364,5.611,0,naive
1785675862.922434,43.2223,0,792,592,81.91,195.81,813.14,,0.0,0.0,2.364,5.611,0,naive
1785675862.9380329,43.2379,0,792,592,81.91,195.81,813.14,,0.0,0.0,2.364,5.611,0,naive
1785675862.9548266,43.2547,0,792,592,81.91,195.81,813.14,,0.0,0.0,2.364,5.611,0,naive
1785675862.9728718,43.2728,0,792,592,81.91,195.81,813.14,,0.0,0.0,2.364,5.611,0,naive
1785675862.989546,43.2894,0,792,592,81.91,195.81,813.14,,0.0,0.0,2.364,5.611,0,naive
1785675863.005387,43.3053,0,792,592,81.91,195.81,813.14,,0.0,0.0,2.364,5.611,0,naive
1785675863.0210454,43.3209,0,792,592,81.91,195.81,813.14,,0.0,0.0,2.364,5.611,0,naive
1785675863.0378666,43.3378,0,792,592,81.91,195.81,813.14,,0.0,0.0,2.364,5.611,0,naive
1785675863.0546222,43.3545,0,792,592,81.91,195.81,813.14,,0.0,0.0,2.364,5.611,0,naive
1785675863.0714796,43.3714,0,792,592,81.91,195.81,813.14,,0.0,0.0,2.364,5.611,0,naive
1785675863.0879753,43.3879,0,792,592,81.91,195.81,813.14,,0.0,0.0,2.364,5.611,0,naive
1785675863.105452,43.4053,0,792,592,81.91,195.81,813.14,,-0.6538,0.8465,2.352,5.626,0,naive
1785675863.1217287,43.4216,0,792,592,81.91,195.81,813.14,,0.0,0.0,2.352,5.626,0,naive
1785675863.1383548,43.4382,0,792,592,81.91,195.81,813.14,,0.0,0.0,2.352,5.626,0,naive
1785675863.15397,43.4539,0,792,592,81.91,195.81,813.14,,0.0,0.0,2.352,5.626,0,naive
1785675863.1715004,43.4714,0,792,592,81.91,195.81,813.14,,-0.9314,0.6078,2.336,5.637,0,naive
1785675863.1888936,43.4888,0,792,592,81.91,195.81,813.14,,0.0,0.0,2.336,5.637,0,naive
1785675863.205518,43.5054,0,792,592,81.91,195.81,813.14,,0.0,0.0,2.336,5.637,0,naive
1785675863.2224202,43.5223,0,792,592,81.91,195.81,813.14,,-1.051,0.6461,2.318,5.648,0,naive
1785675863.2380788,43.538,0,792,592,81.91,195.81,813.14,,0.0,0.0,2.318,5.648,0,naive
1785675863.2546198,43.5545,0,792,592,81.91,195.81,813.14,,0.0,0.0,2.318,5.648,0,naive
1785675863.2711957,43.5711,0,792,592,81.91,195.81,813.14,,0.0,0.0,2.318,5.648,0,naive
1785675863.2867591,43.5866,0,792,592,81.91,195.81,813.14,,-1.118,0.5509,2.301,5.656,0,naive
1785675863.3035014,43.6034,0,792,592,81.91,195.81,813.14,,0.0,0.0,2.301,5.656,0,naive
1785675863.3196824,43.6196,0,792,592,81.91,195.81,813.14,,-1.0845,0.6269,2.283,5.666,0,naive
1785675863.3367465,43.6366,0,792,592,81.91,195.81,813.14,,0.0,0.0,2.283,5.666,0,naive
1785675863.353325,43.6532,0,792,592,81.91,195.81,813.14,,-1.0463,0.7131,2.266,5.678,0,naive
1785675863.3689024,43.6688,0,792,592,81.91,195.81,813.14,,0.0,0.0,2.266,5.678,0,naive
1785675863.3859122,43.6858,0,792,592,81.91,195.81,813.14,,0.0,0.0,2.266,5.678,0,naive
1785675863.402556,43.7024,0,792,592,81.91,195.81,813.14,,-0.9123,0.8417,2.251,5.692,0,naive
1785675863.4187403,43.7186,0,792,592,81.91,195.81,813.14,,0.0,0.0,2.251,5.692,0,naive
1785675863.435312,43.7352,0,792,592,81.91,195.81,813.14,,-0.9069,0.804,2.236,5.705,0,naive
1785675863.4516778,43.7516,0,792,592,81.91,195.81,813.14,,0.0,0.0,2.236,5.705,0,naive
1785675863.4683137,43.7682,0,792,592,81.91,195.81,813.14,,0.0,0.0,2.236,5.705,0,naive
1785675863.484608,43.7845,0,792,592,81.91,195.81,813.14,,-0.8016,0.8704,2.223,5.72,0,naive
1785675863.5008316,43.8007,0,792,592,81.91,195.81,813.14,,0.0,0.0,2.223,5.72,0,naive
1785675863.518384,43.8183,0,792,592,81.91,195.81,813.14,,-0.8973,0.7178,2.207,5.732,0,naive
1785675863.5345163,43.8344,0,792,592,81.91,195.81,813.14,,0.0,0.0,2.207,5.732,0,naive
1785675863.549983,43.8499,0,792,592,81.91,195.81,813.14,,0.0,0.0,2.207,5.732,0,naive
1785675863.56729,43.8672,0,792,592,81.91,195.81,813.14,,-0.9649,0.6508,2.19,5.744,0,naive
1785675863.5829043,43.8828,0,792,592,81.91,195.81,813.14,,0.0,0.0,2.19,5.744,0,naive
1785675863.5995681,43.8995,0,792,592,81.91,195.81,813.14,,0.0,0.0,2.19,5.744,0,naive
1785675863.6158621,43.9158,0,792,592,81.91,195.81,813.14,,-0.9458,0.6694,2.175,5.754,0,naive
1785675863.6323187,43.9322,0,792,592,81.91,195.81,813.14,,0.0,0.0,2.175,5.754,0,naive
1785675863.6483042,43.9482,0,792,592,81.91,195.81,813.14,,-0.9793,0.6413,2.159,5.765,0,naive
1785675863.6646917,43.9646,0,792,592,81.91,195.81,813.14,,0.0,0.0,2.159,5.765,0,naive
1785675863.681906,43.9818,0,792,592,81.91,195.81,813.14,,-0.9649,0.6796,2.142,5.776,0,naive
1785675863.699293,43.9992,0,792,592,81.91,195.81,813.14,,0.0,0.0,2.142,5.776,0,naive
1785675863.715476,44.0154,0,792,592,81.91,195.81,813.14,,0.0,0.0,2.142,5.776,0,naive
1785675863.7316334,44.0315,0,792,592,81.91,195.81,813.14,,-0.9464,0.7986,2.127,5.789,0,naive
1785675863.7488704,44.0488,0,792,592,81.91,195.81,813.14,,0.0,0.0,2.127,5.789,0,naive
1785675863.7655551,44.0654,0,792,592,81.91,195.81,813.14,,-0.9314,0.7274,2.112,5.801,0,naive
1785675863.7810686,44.081,0,792,592,81.91,195.81,813.14,,0.0,0.0,2.112,5.801,0,naive
1785675863.79844,44.0983,0,792,592,81.91,195.81,813.14,,0.0,0.0,2.112,5.801,0,naive
1785675863.8146985,44.1146,0,792,592,81.91,195.81,813.14,,-0.9984,0.6796,2.095,5.812,0,naive
1785675863.8324468,44.1323,0,792,592,81.91,195.81,813.14,,0.0,0.0,2.095,5.812,0,naive
1785675863.8486524,44.1485,0,792,592,81.91,195.81,813.14,,0.0,0.0,2.095,5.812,0,naive
1785675863.8653622,44.1653,0,792,592,81.91,195.81,813.14,,0.0,0.0,2.095,5.812,0,naive
1785675863.8809083,44.1808,0,792,592,81.91,195.81,813.14,,-1.0415,0.6084,2.079,5.822,0,naive
1785675863.897979,44.1979,0,792,592,81.91,195.81,813.14,,0.0,0.0,2.079,5.822,0,naive
1785675863.9150712,44.215,0,792,592,81.91,195.81,813.14,,0.0,0.0,2.079,5.822,0,naive
1785675863.9327772,44.2327,0,792,592,81.91,195.81,813.14,,0.0,0.0,2.079,5.822,0,naive
1785675863.9497962,44.2497,0,792,592,81.91,195.81,813.14,,0.0,0.0,2.079,5.822,0,naive
1785675863.9665992,44.2665,0,792,592,81.91,195.81,813.14,,-0.9888,0.67,2.063,5.833,0,naive
1785675863.9825065,44.2824,0,792,592,81.91,195.81,813.14,,0.0,0.0,2.063,5.833,0,naive
1785675863.998698,44.2986,0,792,592,81.91,195.81,813.14,,0.0,0.0,2.063,5.833,0,naive
1785675864.015886,44.3158,0,792,592,81.91,195.81,813.14,,-1.0223,0.6317,2.045,5.844,0,naive
1785675864.032569,44.3325,0,792,592,81.91,195.81,813.14,,0.0,0.0,2.045,5.844,0,naive
1785675864.0486069,44.3485,0,792,592,81.91,195.81,813.14,,-0.9505,0.7364,2.03,5.856,0,naive
1785675864.0652308,44.3651,0,792,592,81.91,195.81,813.14,,0.0,0.0,2.03,5.856,0,naive
1785675864.0814774,44.3814,0,792,592,81.91,195.81,813.14,,-0.9649,0.7466,2.014,5.868,0,naive
1785675864.097113,44.397,0,792,592,81.91,195.81,813.14,,0.0,0.0,2.014,5.868,0,naive
1785675864.1137943,44.4137,0,792,592,81.91,195.81,813.14,,0.0,0.0,2.014,5.868,0,naive
1785675864.1313777,44.4313,0,792,592,81.91,195.81,813.14,,-0.9799,0.6837,1.997,5.88,0,naive
1785675864.1470551,44.4469,0,792,592,81.91,195.81,813.14,,0.0,0.0,1.997,5.88,0,naive
1785675864.1643252,44.4642,0,792,592,81.91,195.81,813.14,,0.0,0.0,1.997,5.88,0,naive
1785675864.1805844,44.4805,0,792,592,81.91,195.81,813.14,,-0.9601,0.6891,1.981,5.891,0,naive
1785675864.198037,44.4979,0,792,592,81.91,195.81,813.14,,0.0,0.0,1.981,5.891,0,naive
1785675864.2147062,44.5146,0,792,592,81.91,195.81,813.14,,-0.9601,0.679,1.965,5.903,0,naive
1785675864.2327325,44.5326,0,792,592,81.91,195.81,813.14,,0.0,0.0,1.965,5.903,0,naive
1785675864.2496176,44.5495,0,792,592,81.91,195.81,813.14,,0.0,0.0,1.965,5.903,0,naive
1785675864.2667415,44.5666,0,792,592,81.91,195.81,813.14,,-0.9176,0.7077,1.949,5.915,0,naive
1785675864.2834423,44.5833,0,792,592,81.91,195.81,813.14,,0.0,0.0,1.949,5.915,0,naive
1785675864.2993517,44.5992,0,792,592,81.91,195.81,813.14,,-0.9266,0.6796,1.935,5.925,0,naive
1785675864.3157363,44.6156,0,792,592,81.91,195.81,813.14,,0.0,0.0,1.935,5.925,0,naive
1785675864.3326588,44.6325,0,792,592,81.91,195.81,813.14,,0.0,0.0,1.935,5.925,0,naive
1785675864.3492508,44.6491,0,792,592,81.91,195.81,813.14,,-0.8883,0.7513,1.92,5.938,0,naive
1785675864.3657696,44.6657,0,792,592,81.91,195.81,813.14,,0.0,0.0,1.92,5.938,0,naive
1785675864.38245,44.6823,0,792,592,81.91,195.81,813.14,,-0.9362,0.6556,1.904,5.949,0,naive
1785675864.3981547,44.698,0,792,592,81.91,195.81,813.14,,0.0,0.0,1.904,5.949,0,naive
1785675864.4137802,44.7137,0,792,592,81.91,195.81,813.14,,0.0,0.0,1.904,5.949,0,naive
1785675864.4304345,44.7303,0,792,592,81.91,195.81,813.14,,-0.9266,0.6413,1.889,5.96,0,naive
1785675864.446392,44.7463,0,792,592,81.91,195.81,813.14,,0.0,0.0,1.889,5.96,0,naive
1785675864.4625251,44.7624,0,792,592,81.91,195.81,813.14,,-0.9888,0.6365,1.873,5.97,0,naive
1785675864.4781237,44.778,0,792,592,81.91,195.81,813.14,,0.0,0.0,1.873,5.97,0,naive
1785675864.4947054,44.7946,0,792,592,81.91,195.81,813.14,,-0.9793,0.6317,1.857,5.98,0,naive
1785675864.5125194,44.8124,0,792,592,81.91,195.81,813.14,,0.0,0.0,1.857,5.98,0,naive
1785675864.5287552,44.8286,0,792,592,81.91,195.81,813.14,,0.0,0.0,1.857,5.98,0,naive
1785675864.545533,44.8454,0,792,592,81.91,195.81,813.14,,-0.9703,0.5886,1.84,5.99,0,naive
1785675864.561736,44.8616,0,792,592,81.91,195.81,813.14,,0.0,0.0,1.84,5.99,0,naive
1785675864.5789125,44.8788,0,792,592,81.91,195.81,813.14,,0.0,0.0,1.84,5.99,0,naive
1785675864.5956578,44.8955,0,792,592,81.91,195.81,813.14,,0.0,0.0,1.84,5.99,0,naive
1785675864.6123571,44.9122,0,792,592,81.91,195.81,813.14,,-1.0032,0.5886,1.824,6.0,0,naive
1785675864.6284873,44.9284,0,792,592,81.91,195.81,813.14,,0.0,0.0,1.824,6.0,0,naive
1785675864.6448538,44.9447,0,792,592,81.91,195.81,813.14,,0.0,0.0,1.824,6.0,0,naive
1785675864.661687,44.9616,0,792,592,81.91,195.81,813.14,,0.0,0.0,1.824,6.0,0,naive
1785675864.678318,44.9782,0,792,592,81.91,195.81,813.14,,-0.9075,0.6694,1.809,6.011,0,naive
1785675864.6945636,44.9945,0,792,592,81.91,195.81,813.14,,0.0,0.0,1.809,6.011,0,naive
1785675864.7107615,45.0107,0,792,592,81.91,195.81,813.14,,0.0,0.0,1.809,6.011,0,naive
1785675864.727464,45.0274,0,792,592,81.91,195.81,813.14,,0.0,0.0,1.809,6.011,0,naive
1785675864.7437084,45.0436,0,792,592,81.91,195.81,813.14,,-0.9745,0.4881,1.793,6.019,0,naive
1785675864.7613375,45.0612,0,792,592,81.91,195.81,813.14,,0.0,0.0,1.793,6.019,0,naive
1785675864.7774682,45.0774,0,792,592,81.91,195.81,813.14,,-0.9553,0.5982,1.777,6.029,0,naive
1785675864.7930806,45.093,0,792,592,81.91,195.81,813.14,,0.0,0.0,1.777,6.029,0,naive
1785675864.8097568,45.1096,0,792,592,81.91,195.81,813.14,,0.0,0.0,1.777,6.029,0,naive
1785675864.826721,45.1266,0,792,592,81.91,195.81,813.14,,-0.9984,0.6508,1.76,6.04,0,naive
1785675864.8438663,45.1438,0,792,592,81.91,195.81,813.14,,0.0,0.0,1.76,6.04,0,naive
1785675864.8605552,45.1604,0,792,592,81.91,195.81,813.14,,-0.9936,0.7035,1.744,6.051,0,naive
1785675864.8764713,45.1764,0,792,592,81.91,195.81,813.14,,0.0,0.0,1.744,6.051,0,naive
1785675864.8924112,45.1923,0,792,592,81.91,195.81,813.14,,-0.9362,0.7268,1.729,6.063,0,naive
1785675864.907933,45.2078,0,792,592,81.91,195.81,813.14,,0.0,0.0,1.729,6.063,0,naive
1785675864.924558,45.2244,0,792,592,81.91,195.81,813.14,,0.0,0.0,1.729,6.063,0,naive
1785675864.9405124,45.2404,0,792,592,81.91,195.81,813.14,,-0.9888,0.6269,1.713,6.073,0,naive
1785675864.956469,45.2564,0,792,592,81.91,195.81,813.14,,0.0,0.0,1.713,6.073,0,naive
1785675864.972077,45.272,0,792,592,81.91,195.81,813.14,,-0.9703,0.7268,1.698,6.084,0,naive
1785675864.9890695,45.289,0,792,592,81.91,195.81,813.14,,0.0,0.0,1.698,6.084,0,naive
1785675865.0055678,45.3055,0,792,592,81.91,195.81,813.14,,0.0,0.0,1.698,6.084,0,naive
1785675865.0214794,45.3214,0,792,592,81.91,195.81,813.14,,-0.9368,0.6694,1.683,6.095,0,naive
1785675865.037752,45.3376,0,792,592,81.91,195.81,813.14,,0.0,0.0,1.683,6.095,0,naive
1785675865.0543802,45.3543,0,792,592,81.91,195.81,813.14,,-1.0845,0.4457,1.665,6.102,0,naive
1785675865.0700836,45.37,0,792,592,81.91,195.81,813.14,,0.0,0.0,1.665,6.102,0,naive
1785675865.0873413,45.3872,0,792,592,81.91,195.81,813.14,,0.0,0.0,1.665,6.102,0,naive
1785675865.103697,45.4036,0,792,592,81.91,195.81,813.14,,-0.9416,0.6024,1.65,6.112,0,naive
1785675865.1203513,45.4202,0,792,592,81.91,195.81,813.14,,0.0,0.0,1.65,6.112,0,naive
1785675865.1364844,45.4364,0,792,592,81.91,195.81,813.14,,-0.9835,0.5222,1.634,6.121,0,naive
1785675865.152701,45.4526,0,792,592,81.91,195.81,813.14,,0.0,0.0,1.634,6.121,0,naive
1785675865.169609,45.4695,0,792,592,81.91,195.81,813.14,,0.0,0.0,1.634,6.121,0,naive
1785675865.1855404,45.4854,0,792,592,81.91,195.81,813.14,,-0.9553,0.6891,1.619,6.132,0,naive
1785675865.2026033,45.5025,0,792,592,81.91,195.81,813.14,,0.0,0.0,1.619,6.132,0,naive
1785675865.2197144,45.5196,0,792,592,81.91,195.81,813.14,,-0.9458,0.6891,1.602,6.144,0,naive
1785675865.2369325,45.5368,0,792,592,81.91,195.81,813.14,,0.0,0.0,1.602,6.144,0,naive
1785675865.2536204,45.5535,0,792,592,81.91,195.81,813.14,,0.0,0.0,1.602,6.144,0,naive
1785675865.270912,45.5708,0,792,592,81.91,195.81,813.14,,-0.9793,0.6317,1.585,6.154,0,naive
1785675865.288316,45.5882,0,792,592,81.91,195.81,813.14,,-0.9553,0.6604,1.569,6.166,0,naive
1785675865.3049,45.6048,0,792,592,81.91,195.81,813.14,,0.0,0.0,1.569,6.166,0,naive
1785675865.322522,45.6224,0,792,592,81.91,195.81,813.14,,0.0,0.0,1.569,6.166,0,naive
1785675865.3389075,45.6388,0,792,592,81.91,195.81,813.14,,0.0,0.0,1.569,6.166,0,naive
1785675865.3559883,45.6559,0,792,592,81.91,195.81,813.14,,0.0,0.0,1.569,6.166,0,naive
1785675865.3724806,45.6724,0,792,592,81.91,195.81,813.14,,0.0,0.0,1.569,6.166,0,naive
1785675865.3884292,45.6883,0,792,592,81.91,195.81,813.14,,0.0,0.0,1.569,6.166,0,naive
1785675865.4043915,45.7043,0,792,592,81.91,195.81,813.14,,-1.0128,0.6796,1.553,6.177,0,naive
1785675865.420381,45.7203,0,792,592,81.91,195.81,813.14,,0.0,0.0,1.553,6.177,0,naive
1785675865.436124,45.736,0,792,592,81.91,195.81,813.14,,0.0,0.0,1.553,6.177,0,naive
1785675865.4526138,45.7525,0,792,592,81.91,195.81,813.14,,0.0,0.0,1.553,6.177,0,naive
1785675865.4686594,45.7685,0,792,592,81.91,195.81,813.14,,-1.0564,0.536,1.536,6.185,0,naive
1785675865.4860888,45.786,0,792,592,81.91,195.81,813.14,,0.0,0.0,1.536,6.185,0,naive
1785675865.5026176,45.8025,0,792,592,81.91,195.81,813.14,,-1.0325,0.6311,1.519,6.196,0,naive
1785675865.5184124,45.8183,0,792,592,81.91,195.81,813.14,,0.0,0.0,1.519,6.196,0,naive
1785675865.5346704,45.8346,0,792,592,81.91,195.81,813.14,,0.0,0.0,1.519,6.196,0,naive
1785675865.5523908,45.8523,0,792,592,81.91,195.81,813.14,,-1.0223,0.6461,1.501,6.207,0,naive
1785675865.568684,45.8686,0,792,592,81.91,195.81,813.14,,0.0,0.0,1.501,6.207,0,naive
1785675865.5856981,45.8856,0,792,592,81.91,195.81,813.14,,-1.0032,0.67,1.483,6.219,0,naive
1785675865.6026726,45.9026,0,792,592,81.91,195.81,813.14,,0.0,0.0,1.483,6.219,0,naive
1785675865.6196373,45.9195,0,792,592,81.91,195.81,813.14,,0.0,0.0,1.483,6.219,0,naive
1785675865.6369333,45.9368,0,792,592,81.91,195.81,813.14,,-1.0032,0.67,1.466,6.23,0,naive
1785675865.6537426,45.9536,0,792,592,81.91,195.81,813.14,,0.0,0.0,1.466,6.23,0,naive
1785675865.6711974,45.9711,0,792,592,81.91,195.81,813.14,,-0.9553,0.7555,1.449,6.243,0,naive
1785675865.6872199,45.9871,0,792,592,81.91,195.81,813.14,,0.0,0.0,1.449,6.243,0,naive
1785675865.7037601,46.0036,0,792,592,81.91,195.81,813.14,,-0.9888,0.6269,1.433,6.254,0,naive
1785675865.7210064,46.0209,0,792,592,81.91,195.81,813.14,,0.0,0.0,1.433,6.254,0,naive
1785675865.7379558,46.0378,0,792,592,81.91,195.81,813.14,,-1.0313,0.6084,1.416,6.264,0,naive
1785675865.755308,46.0552,0,792,592,81.91,195.81,813.14,,0.0,0.0,1.416,6.264,0,naive
1785675865.7717617,46.0717,0,792,592,81.91,195.81,813.14,,0.0,0.0,1.416,6.264,0,naive
1785675865.788696,46.0886,0,792,592,81.91,195.81,813.14,,-0.9649,0.6987,1.399,6.276,0,naive
1785675865.806046,46.1059,0,792,592,81.91,195.81,813.14,,0.0,0.0,1.399,6.276,0,naive
1785675865.8227103,46.1226,0,792,592,81.91,195.81,813.14,,-1.0415,0.6078,1.382,6.286,0,naive
1785675865.8401902,46.1401,0,792,592,81.91,195.81,813.14,,0.0,0.0,1.382,6.286,0,naive
1785675865.8567505,46.1566,0,792,592,81.91,195.81,813.14,,-0.9799,0.6365,1.366,6.297,0,naive
1785675865.873592,46.1735,0,792,592,81.91,195.81,813.14,,0.0,0.0,1.366,6.297,0,naive
1785675865.8901138,46.19,0,792,592,81.91,195.81,813.14,,0.0,0.0,1.366,6.297,0,naive
1785675865.9066005,46.2065,0,792,592,81.91,195.81,813.14,,-0.984,0.6556,1.349,6.307,0,naive
1785675865.9235184,46.2234,0,792,592,81.91,195.81,813.14,,0.0,0.0,1.349,6.307,0,naive
1785675865.939663,46.2396,0,792,592,81.91,195.81,813.14,,-0.9745,0.6843,1.334,6.318,0,naive
1785675865.956546,46.2564,0,792,592,81.91,195.81,813.14,,0.0,0.0,1.334,6.318,0,naive
1785675865.9736054,46.2735,0,792,592,81.91,195.81,813.14,,-0.9505,0.7268,1.318,6.331,0,naive
1785675865.989236,46.2891,0,792,592,81.91,195.81,813.14,,0.0,0.0,1.318,6.331,0,naive
1785675866.0049615,46.3049,0,792,592,81.91,195.81,813.14,,0.0,0.0,1.318,6.331,0,naive
1785675866.0224812,46.3224,0,792,592,81.91,195.81,813.14,,-1.0367,0.6269,1.299,6.342,0,naive
1785675866.0390491,46.3389,0,792,592,81.91,195.81,813.14,,0.0,0.0,1.299,6.342,0,naive
1785675866.0560997,46.356,0,792,592,81.91,195.81,813.14,,0.0,0.0,1.299,6.342,0,naive
1785675866.072635,46.3725,0,792,592,81.91,195.81,813.14,,0.0,0.0,1.299,6.342,0,naive
1785675866.0892143,46.3891,0,792,592,81.91,195.81,813.14,,0.0,0.0,1.299,6.342,0,naive
1785675866.1048884,46.4048,0,792,592,81.91,195.81,813.14,,0.0,0.0,1.299,6.342,0,naive
1785675866.1223423,46.4222,0,792,592,81.91,195.81,813.14,,-0.9649,0.7131,1.283,6.354,0,naive
1785675866.138571,46.4385,0,792,592,81.91,195.81,813.14,,0.0,0.0,1.283,6.354,0,naive
1785675866.1547341,46.4546,0,792,592,81.91,195.81,813.14,,0.0,0.0,1.283,6.354,0,naive
1785675866.1728125,46.4727,0,792,592,81.91,195.81,813.14,,0.0,0.0,1.283,6.354,0,naive
1785675866.1897526,46.4896,0,792,592,81.91,195.81,813.14,,-0.984,0.6748,1.266,6.366,0,naive
1785675866.2073328,46.5072,0,792,592,81.91,195.81,813.14,,0.0,0.0,1.266,6.366,0,naive
1785675866.2229002,46.5228,0,792,592,81.91,195.81,813.14,,0.0,0.0,1.266,6.366,0,naive
1785675866.239753,46.5396,0,792,592,81.91,195.81,813.14,,-0.9362,0.7083,1.25,6.378,0,naive
1785675866.2571127,46.557,0,792,592,81.91,195.81,813.14,,0.0,0.0,1.25,6.378,0,naive
1785675866.2737372,46.5736,0,792,592,81.91,195.81,813.14,,0.0,0.0,1.25,6.378,0,naive
1785675866.2905211,46.5904,0,792,592,81.91,195.81,813.14,,0.0,0.0,1.25,6.378,0,naive
1785675866.306416,46.6063,0,792,592,81.91,195.81,813.14,,0.0,0.0,1.25,6.378,0,naive
1785675866.3221445,46.622,0,792,592,81.91,195.81,813.14,,0.0,0.0,1.25,6.378,0,naive
1785675866.3378894,46.6378,0,792,592,81.91,195.81,813.14,,0.0,0.0,1.25,6.378,0,naive
1785675866.355495,46.6554,0,792,592,81.91,195.81,813.14,,0.0,0.0,1.25,6.378,0,naive
1785675866.3714304,46.6713,0,792,592,81.91,195.81,813.14,,0.0,0.0,1.25,6.378,0,naive
1785675866.386866,46.6868,0,792,592,81.91,195.81,813.14,,0.0,0.0,1.25,6.378,0,naive
1785675866.404195,46.7041,0,792,592,81.91,195.81,813.14,,0.0,0.0,1.25,6.378,0,naive
1785675866.4207737,46.7207,0,792,592,81.91,195.81,813.14,,0.0,0.0,1.25,6.378,0,naive
1785675866.4375498,46.7374,0,792,592,81.91,195.81,813.14,,0.0,0.0,1.25,6.378,0,naive
1785675866.4533312,46.7532,0,792,592,81.91,195.81,813.14,,0.0,0.0,1.25,6.378,0,naive
1785675866.4697032,46.7696,0,792,592,81.91,195.81,813.14,,0.0,0.0,1.25,6.378,0,naive
1785675866.486713,46.7866,0,792,592,81.91,195.81,813.14,,0.0,0.0,1.25,6.378,0,naive
1785675866.503782,46.8037,0,792,592,81.91,195.81,813.14,,0.0,0.0,1.25,6.378,0,naive
1785675866.5205402,46.8204,0,792,592,81.91,195.81,813.14,,0.0,0.0,1.25,6.378,0,naive
1785675866.5376942,46.8376,0,792,592,81.91,195.81,813.14,,0.0,0.0,1.25,6.378,0,naive
1785675866.5544262,46.8543,0,792,592,81.91,195.81,813.14,,0.0,0.0,1.25,6.378,0,naive
1785675866.5700717,46.87,0,792,592,81.91,195.81,813.14,,0.0,0.0,1.25,6.378,0,naive
1785675866.5858767,46.8858,0,792,592,81.91,195.81,813.14,,0.0,0.0,1.25,6.378,0,naive
1785675866.6031468,46.903,0,792,592,81.91,195.81,813.14,,0.0,0.0,1.25,6.378,0,naive
1785675866.6194673,46.9194,0,792,592,81.91,195.81,813.14,,0.0,0.0,1.25,6.378,0,naive
1785675866.6359673,46.9359,0,792,592,81.91,195.81,813.14,,0.0,0.0,1.25,6.378,0,naive
1785675866.6524098,46.9523,0,792,592,81.91,195.81,813.14,,0.0,0.0,1.25,6.378,0,naive
1785675866.6689699,46.9689,0,792,592,81.91,195.81,813.14,,0.0,0.0,1.25,6.378,0,naive
1785675866.6857805,46.9857,0,792,592,81.91,195.81,813.14,,0.0,0.0,1.25,6.378,0,naive
1785675866.703198,47.0031,0,792,592,81.91,195.81,813.14,,0.0,0.0,1.25,6.378,0,naive
1785675866.7188833,47.0188,0,792,592,81.91,195.81,813.14,,0.0,0.0,1.25,6.378,0,naive
1785675866.735726,47.0356,0,792,592,81.91,195.81,813.14,,0.0,0.0,1.25,6.378,0,naive
1785675866.7526236,47.0525,0,792,592,81.91,195.81,813.14,,0.0,0.0,1.25,6.378,0,naive
1785675866.770134,47.07,0,792,592,81.91,195.81,813.14,,0.0,0.0,1.25,6.378,0,naive
1785675866.786983,47.0869,0,792,592,81.91,195.81,813.14,,0.0,0.0,1.25,6.378,0,naive
1785675866.8039508,47.1038,0,792,592,81.91,195.81,813.14,,0.0,0.0,1.25,6.378,0,naive
1785675866.820541,47.1204,0,792,592,81.91,195.81,813.14,,0.0,0.0,1.25,6.378,0,naive
1785675866.8378904,47.1378,0,792,592,81.91,195.81,813.14,,0.0,0.0,1.25,6.378,0,naive
1785675866.8549638,47.1549,0,792,592,81.91,195.81,813.14,,0.0,0.0,1.25,6.378,0,naive
1785675866.8730466,47.1729,0,792,592,81.91,195.81,813.14,,0.0,0.0,1.25,6.378,0,naive
1785675866.8900032,47.1899,0,792,592,81.91,195.81,813.14,,0.0,0.0,1.25,6.378,0,naive
1785675866.9069438,47.2068,0,792,592,81.91,195.81,813.14,,0.0,0.0,1.25,6.378,0,naive
1785675866.9237838,47.2237,0,792,592,81.91,195.81,813.14,,0.0,0.0,1.25,6.378,0,naive
1785675866.940491,47.2404,0,792,592,81.91,195.81,813.14,,0.0,0.0,1.25,6.378,0,naive
1785675866.9565854,47.2565,0,792,592,81.91,195.81,813.14,,0.0,0.0,1.25,6.378,0,naive
1785675866.972307,47.2722,0,792,592,81.91,195.81,813.14,,0.0,0.0,1.25,6.378,0,naive
1785675866.988786,47.2887,0,792,592,81.91,195.81,813.14,,0.0,0.0,1.25,6.378,0,naive
1785675867.0063972,47.3063,0,792,592,81.91,195.81,813.14,,0.0,0.0,1.25,6.378,0,naive
1785675867.0226557,47.3225,0,792,592,81.91,195.81,813.14,,0.0,0.0,1.25,6.378,0,naive
1785675867.0394826,47.3394,0,792,592,81.91,195.81,813.14,,0.0,0.0,1.25,6.378,0,naive
1785675867.055392,47.3553,0,792,592,81.91,195.81,813.14,,0.0,0.0,1.25,6.378,0,naive
1785675867.0717242,47.3716,0,792,592,81.91,195.81,813.14,,0.0,0.0,1.25,6.378,0,naive
1785675867.0889494,47.3888,0,792,592,81.91,195.81,813.14,,0.0,0.0,1.25,6.378,0,naive
1785675867.1064012,47.4063,0,792,592,81.91,195.81,813.14,,0.0,0.0,1.25,6.378,0,naive
1785675867.1220536,47.4219,0,792,592,81.91,195.81,813.14,,0.0,0.0,1.25,6.378,0,naive
1785675867.1380727,47.438,0,792,592,81.91,195.81,813.14,,0.0,0.0,1.25,6.378,0,naive
1785675867.1538355,47.4537,0,792,592,81.91,195.81,813.14,,0.0,0.0,1.25,6.378,0,naive
1785675867.1706123,47.4705,0,792,592,81.91,195.81,813.14,,0.0,0.0,1.25,6.378,0,naive
1785675867.1868186,47.4867,0,792,592,81.91,195.81,813.14,,0.0,0.0,1.25,6.378,0,naive
1785675867.2042866,47.5042,0,792,592,81.91,195.81,813.14,,0.0,0.0,1.25,6.378,0,naive
1785675867.2199345,47.5198,0,792,592,81.91,195.81,813.14,,0.0,0.0,1.25,6.378,0,naive
1785675867.2370946,47.537,0,792,592,81.91,195.81,813.14,,0.0,0.0,1.25,6.378,0,naive
1785675867.2538493,47.5537,0,792,592,81.91,195.81,813.14,,0.0,0.0,1.25,6.378,0,naive
1785675867.2706463,47.5705,0,792,592,81.91,195.81,813.14,,0.0,0.0,1.25,6.378,0,naive
1785675867.2864382,47.5863,0,792,592,81.91,195.81,813.14,,0.0,0.0,1.25,6.378,0,naive
1785675867.3024838,47.6024,0,792,592,81.91,195.81,813.14,,0.0,0.0,1.25,6.378,0,naive
1785675867.318072,47.618,0,792,592,81.91,195.81,813.14,,0.0,0.0,1.25,6.378,0,naive
1785675867.3348954,47.6348,0,792,592,81.91,195.81,813.14,,1.3735,1.7689,1.273,6.407,0,naive
1785675867.3526258,47.6525,0,792,592,81.91,195.81,813.14,,0.0,0.0,1.273,6.407,0,naive
1785675867.3702304,47.6701,0,792,592,81.91,195.81,813.14,,0.0,0.0,1.273,6.407,0,naive
1785675867.3866017,47.6865,0,792,592,81.91,195.81,813.14,,1.1689,1.7898,1.292,6.437,0,naive
1785675867.4024725,47.7024,0,792,592,81.91,195.81,813.14,,0.0,0.0,1.292,6.437,0,naive
1785675867.4188507,47.7187,0,792,592,81.91,195.81,813.14,,1.2066,1.8036,1.312,6.466,0,naive
1785675867.435793,47.7357,0,792,592,81.91,195.81,813.14,,0.0,0.0,1.312,6.466,0,naive
1785675867.452421,47.7523,0,792,592,81.91,195.81,813.14,,0.0,0.0,1.312,6.466,0,naive
1785675867.4687836,47.7687,0,792,592,81.91,195.81,813.14,,1.1498,2.0381,1.331,6.5,0,naive
1785675867.4855268,47.7854,0,792,592,81.91,195.81,813.14,,0.0,0.0,1.331,6.5,0,naive
1785675867.50107,47.801,0,792,592,81.91,195.81,813.14,,0.0,0.0,1.331,6.5,0,naive
1785675867.5178645,47.8178,0,792,592,81.91,195.81,813.14,,0.0,0.0,1.331,6.5,0,naive
1785675867.5348318,47.8347,0,792,592,81.91,195.81,813.14,,1.0152,1.8323,1.348,6.531,0,naive
1785675867.551626,47.8515,0,792,592,81.91,195.81,813.14,,0.0,0.0,1.348,6.531,0,naive
1785675867.5683339,47.8682,0,792,592,81.91,195.81,813.14,,0.0,0.0,1.348,6.531,0,naive
1785675867.583883,47.8838,0,792,592,81.91,195.81,813.14,,0.0,0.0,1.348,6.531,0,naive
1785675867.60095,47.9008,0,792,592,81.91,195.81,813.14,,0.0,0.0,1.348,6.531,0,naive
1785675867.6175628,47.9175,0,792,592,81.91,195.81,813.14,,0.0,0.0,1.348,6.531,0,naive
1785675867.6349857,47.9349,0,792,592,81.91,195.81,813.14,,0.0,0.0,1.348,6.531,0,naive
1785675867.65169,47.9516,0,792,592,81.91,195.81,813.14,,0.0,0.0,1.348,6.531,0,naive
1785675867.6690207,47.9689,0,792,592,81.91,195.81,813.14,,0.0,0.0,1.348,6.531,0,naive
1785675867.685791,47.9857,0,792,592,81.91,195.81,813.14,,0.0,0.0,1.348,6.531,0,naive
1785675867.702564,48.0025,0,792,592,81.91,195.81,813.14,,0.0,0.0,1.348,6.531,0,naive
1785675867.7183738,48.0183,0,792,592,81.91,195.81,813.14,,0.0,0.0,1.348,6.531,0,naive
1785675867.734154,48.034,0,792,592,81.91,195.81,813.14,,0.0,0.0,1.348,6.531,0,naive
1785675867.750572,48.0505,0,792,592,81.91,195.81,813.14,,0.0,0.0,1.348,6.531,0,naive
1785675867.7674596,48.0673,0,792,592,81.91,195.81,813.14,,0.0,0.0,1.348,6.531,0,naive
1785675867.7835588,48.0834,0,792,592,81.91,195.81,813.14,,0.0,0.0,1.348,6.531,0,naive
1785675867.8006797,48.1006,0,792,592,81.91,195.81,813.14,,0.0,0.0,1.348,6.531,0,naive
1785675867.817743,48.1176,0,792,592,81.91,195.81,813.14,,0.0,0.0,1.348,6.531,0,naive
1785675867.8344524,48.1343,0,792,592,81.91,195.81,813.14,,0.0,0.0,1.348,6.531,0,naive
1785675867.8509824,48.1509,0,792,592,81.91,195.81,813.14,,0.0,0.0,1.348,6.531,0,naive
1785675867.8679974,48.1679,0,792,592,81.91,195.81,813.14,,0.0,0.0,1.348,6.531,0,naive
1785675867.8855693,48.1855,0,792,592,81.91,195.81,813.14,,0.0,0.0,1.348,6.531,0,naive
1785675867.9017906,48.2017,0,792,592,81.91,195.81,813.14,,0.0,0.0,1.348,6.531,0,naive
1785675867.918655,48.2185,0,792,592,81.91,195.81,813.14,,0.0,0.0,1.348,6.531,0,naive
1785675867.935777,48.2357,0,792,592,81.91,195.81,813.14,,0.0,0.0,1.348,6.531,0,naive
1785675867.9525561,48.2524,0,792,592,81.91,195.81,813.14,,0.0,0.0,1.348,6.531,0,naive
1785675867.9680655,48.268,0,792,592,81.91,195.81,813.14,,0.0,0.0,1.348,6.531,0,naive
1785675867.983776,48.2837,0,792,592,81.91,195.81,813.14,,0.0,0.0,1.348,6.531,0,naive
1785675868.000701,48.3006,0,792,592,81.91,195.81,813.14,,0.0,0.0,1.348,6.531,0,naive
1785675868.0181966,48.3181,0,792,592,81.91,195.81,813.14,,0.0,0.0,1.348,6.531,0,naive
1785675868.0347483,48.3346,0,792,592,81.91,195.81,813.14,,0.0,0.0,1.348,6.531,0,naive
1785675868.0527756,48.3527,0,792,592,81.91,195.81,813.14,,0.0,0.0,1.348,6.531,0,naive
1785675868.070312,48.3702,0,792,592,81.91,195.81,813.14,,0.0,0.0,1.348,6.531,0,naive
1785675868.0863492,48.3862,0,792,592,81.91,195.81,813.14,,0.0,0.0,1.348,6.531,0,naive
1785675868.1023865,48.4023,0,792,592,81.91,195.81,813.14,,0.0,0.0,1.348,6.531,0,naive
1785675868.1189365,48.4188,0,792,592,81.91,195.81,813.14,,0.0,0.0,1.348,6.531,0,naive
1785675868.1355367,48.4354,0,792,592,81.91,195.81,813.14,,0.0,0.0,1.348,6.531,0,naive
1785675868.15177,48.4517,0,792,592,81.91,195.81,813.14,,0.0,0.0,1.348,6.531,0,naive
1785675868.1686084,48.4685,0,792,592,81.91,195.81,813.14,,0.0,0.0,1.348,6.531,0,naive
1785675868.1848166,48.4847,0,792,592,81.91,195.81,813.14,,0.0,0.0,1.348,6.531,0,naive
1785675868.2027152,48.5026,0,792,592,81.91,195.81,813.14,,0.0,0.0,1.348,6.531,0,naive
1785675868.2197497,48.5196,0,792,592,81.91,195.81,813.14,,0.0,0.0,1.348,6.531,0,naive
1785675868.236335,48.5362,0,792,592,81.91,195.81,813.14,,0.0,0.0,1.348,6.531,0,naive
1785675868.2520044,48.5519,0,792,592,81.91,195.81,813.14,,0.0,0.0,1.348,6.531,0,naive
1785675868.2691035,48.569,0,792,592,81.91,195.81,813.14,,0.0,0.0,1.348,6.531,0,naive
1785675868.2851753,48.5851,0,792,592,81.91,195.81,813.14,,0.0,0.0,1.348,6.531,0,naive
1785675868.300944,48.6008,0,792,592,81.91,195.81,813.14,,0.0,0.0,1.348,6.531,0,naive
1785675868.317719,48.6176,0,792,592,81.91,195.81,813.14,,0.0,0.0,1.348,6.531,0,naive
1785675868.3343205,48.6342,0,792,592,81.91,195.81,813.14,,0.0,0.0,1.348,6.531,0,naive
1785675868.350633,48.6505,0,792,592,81.91,195.81,813.14,,0.0,0.0,1.348,6.531,0,naive
1785675868.3675869,48.6675,0,792,592,81.91,195.81,813.14,,0.0,0.0,1.348,6.531,0,naive
1785675868.3837757,48.6837,0,792,592,81.91,195.81,813.14,,0.0,0.0,1.348,6.531,0,naive
1785675868.400559,48.7004,0,792,592,81.91,195.81,813.14,,0.0,0.0,1.348,6.531,0,naive
1785675868.417086,48.717,0,792,592,81.91,195.81,813.14,,0.0,0.0,1.348,6.531,0,naive
1785675868.4336812,48.7336,0,792,592,81.91,195.81,813.14,,0.0,0.0,1.348,6.531,0,naive
1785675868.4506364,48.7505,0,792,592,81.91,195.81,813.14,,0.0,0.0,1.348,6.531,0,naive
1785675868.4674752,48.7674,0,792,592,81.91,195.81,813.14,,0.0,0.0,1.348,6.531,0,naive
1785675868.4839272,48.7838,0,792,592,81.91,195.81,813.14,,0.0,0.0,1.348,6.531,0,naive
1785675868.500752,48.8006,0,792,592,81.91,195.81,813.14,,0.0,0.0,1.348,6.531,0,naive
1785675868.517747,48.8176,0,792,592,81.91,195.81,813.14,,0.0,0.0,1.348,6.531,0,naive
1785675868.5347672,48.8347,0,792,592,81.91,195.81,813.14,,0.0,0.0,1.348,6.531,0,naive
1785675868.5514865,48.8514,0,792,592,81.91,195.81,813.14,,0.0,0.0,1.348,6.531,0,naive
1785675868.5677137,48.8676,0,792,592,81.91,195.81,813.14,,0.0,0.0,1.348,6.531,0,naive
1785675868.5847297,48.8846,0,792,592,81.91,195.81,813.14,,0.0,0.0,1.348,6.531,0,naive
1785675868.6017108,48.9016,0,792,592,81.91,195.81,813.14,,0.0,0.0,1.348,6.531,0,naive
1785675868.6189537,48.9188,0,792,592,81.91,195.81,813.14,,0.0,0.0,1.348,6.531,0,naive
1785675868.6356883,48.9356,0,792,592,81.91,195.81,813.14,,0.0,0.0,1.348,6.531,0,naive
1785675868.652499,48.9524,0,792,592,81.91,195.81,813.14,,0.0,0.0,1.348,6.531,0,naive
1785675868.6682863,48.9682,0,792,592,81.91,195.81,813.14,,0.0,0.0,1.348,6.531,0,naive
1785675868.6837518,48.9836,0,792,592,81.91,195.81,813.14,,0.0,0.0,1.348,6.531,0,naive
1785675868.7006798,49.0006,0,792,592,81.91,195.81,813.14,,0.0,0.0,1.348,6.531,0,naive
1785675868.717642,49.0175,0,792,592,81.91,195.81,813.14,,0.0,0.0,1.348,6.531,0,naive
1785675868.734766,49.0347,0,792,592,81.91,195.81,813.14,,0.0,0.0,1.348,6.531,0,naive
1785675868.7520468,49.0519,0,792,592,81.91,195.81,813.14,,0.0,0.0,1.348,6.531,0,naive
1785675868.7692065,49.0691,0,792,592,81.91,195.81,813.14,,0.0,0.0,1.348,6.531,0,naive
1785675868.7850707,49.085,0,792,592,81.91,195.81,813.14,,0.0,0.0,1.348,6.531,0,naive
1785675868.8009021,49.1008,0,792,592,81.91,195.81,813.14,,0.0,0.0,1.348,6.531,0,naive
1785675868.817775,49.1177,0,792,592,81.91,195.81,813.14,,0.0,0.0,1.348,6.531,0,naive
1785675868.8346064,49.1345,0,792,592,81.91,195.81,813.14,,0.0,0.0,1.348,6.531,0,naive
1785675868.851866,49.1518,0,792,592,81.91,195.81,813.14,,0.0,0.0,1.348,6.531,0,naive
1785675868.8687446,49.1686,0,792,592,81.91,195.81,813.14,,0.0,0.0,1.348,6.531,0,naive
1785675868.8856502,49.1855,0,792,592,81.91,195.81,813.14,,0.0,0.0,1.348,6.531,0,naive
1785675868.9018085,49.2017,0,792,592,81.91,195.81,813.14,,0.0,0.0,1.348,6.531,0,naive
1785675868.9188588,49.2187,0,792,592,81.91,195.81,813.14,,0.0,0.0,1.348,6.531,0,naive
1785675868.9355247,49.2354,0,792,592,81.91,195.81,813.14,,0.0,0.0,1.348,6.531,0,naive
1785675868.9526074,49.2525,0,792,592,81.91,195.81,813.14,,0.0,0.0,1.348,6.531,0,naive
1785675868.970209,49.2701,0,792,592,81.91,195.81,813.14,,0.0,0.0,1.348,6.531,0,naive
1785675868.986766,49.2867,0,792,592,81.91,195.81,813.14,,0.0,0.0,1.348,6.531,0,naive
1785675869.0039916,49.3039,0,792,592,81.91,195.81,813.14,,0.0,0.0,1.348,6.531,0,naive
1785675869.0206742,49.3206,0,792,592,81.91,195.81,813.14,,0.0,0.0,1.348,6.531,0,naive
1785675869.0378456,49.3377,0,792,592,81.91,195.81,813.14,,0.0,0.0,1.348,6.531,0,naive
1785675869.054511,49.3544,0,792,592,81.91,195.81,813.14,,0.0,0.0,1.348,6.531,0,naive
1785675869.070273,49.3702,0,792,592,81.91,195.81,813.14,,0.0,0.0,1.348,6.531,0,naive
1785675869.086256,49.3861,0,792,592,81.91,195.81,813.14,,0.0,0.0,1.348,6.531,0,naive
1785675869.102495,49.4024,0,792,592,81.91,195.81,813.14,,0.0,0.0,1.348,6.531,0,naive
1785675869.1194627,49.4194,0,792,592,81.91,195.81,813.14,,0.0,0.0,1.348,6.531,0,naive
1785675869.1357627,49.4357,0,792,592,81.91,195.81,813.14,,0.0,0.0,1.348,6.531,0,naive
1785675869.152672,49.4526,0,792,592,81.91,195.81,813.14,,0.0,0.0,1.348,6.531,0,naive
1785675869.1698108,49.4697,0,792,592,81.91,195.81,813.14,,0.0,0.0,1.348,6.531,0,naive
1785675869.1869166,49.4868,0,792,592,81.91,195.81,813.14,,0.0,0.0,1.348,6.531,0,naive
1785675869.2045844,49.5045,0,792,592,81.91,195.81,813.14,,0.0,0.0,1.348,6.531,0,naive
1785675869.2203643,49.5203,0,792,592,81.91,195.81,813.14,,0.0,0.0,1.348,6.531,0,naive
1785675869.2367113,49.5366,0,792,592,81.91,195.81,813.14,,0.0,0.0,1.348,6.531,0,naive
1785675869.2545638,49.5545,0,792,592,81.91,195.81,813.14,,0.0,0.0,1.348,6.531,0,naive
1785675869.271013,49.5709,0,792,592,81.91,195.81,813.14,,0.0,0.0,1.348,6.531,0,naive
1785675869.2869353,49.5868,0,792,592,81.91,195.81,813.14,,0.0,0.0,1.348,6.531,0,naive
1785675869.3039155,49.6038,0,792,592,81.91,195.81,813.14,,0.0,0.0,1.348,6.531,0,naive
1785675869.3208003,49.6207,0,792,592,81.91,195.81,813.14,,0.0,0.0,1.348,6.531,0,naive
1785675869.3383079,49.6382,0,792,592,81.91,195.81,813.14,,0.0,0.0,1.348,6.531,0,naive
1785675869.3540382,49.6539,0,792,592,81.91,195.81,813.14,,0.0,0.0,1.348,6.531,0,naive
1785675869.3708954,49.6708,0,792,592,81.91,195.81,813.14,,0.0,0.0,1.348,6.531,0,naive
1785675869.3883932,49.6883,0,792,592,81.91,195.81,813.14,,0.0,0.0,1.348,6.531,0,naive
1785675869.4039912,49.7039,0,792,592,81.91,195.81,813.14,,0.0,0.0,1.348,6.531,0,naive
1785675869.4210293,49.7209,0,792,592,81.91,195.81,813.14,,0.0,0.0,1.348,6.531,0,naive
1785675869.437001,49.7369,0,792,592,81.91,195.81,813.14,,0.0,0.0,1.348,6.531,0,naive
1785675869.4539802,49.7539,0,792,592,81.91,195.81,813.14,,0.0,0.0,1.348,6.531,0,naive
1785675869.4706588,49.7705,0,792,592,81.91,195.81,813.14,,0.0,0.0,1.348,6.531,0,naive
1785675869.4884183,49.7883,0,792,592,81.91,195.81,813.14,,0.0,0.0,1.348,6.531,0,naive
1785675869.5040905,49.804,0,792,592,81.91,195.81,813.14,,0.0,0.0,1.348,6.531,0,naive
1785675869.5207615,49.8207,0,792,592,81.91,195.81,813.14,,0.0,0.0,1.348,6.531,0,naive
1785675869.5380611,49.838,0,792,592,81.91,195.81,813.14,,0.0,0.0,1.348,6.531,0,naive
1785675869.5556512,49.8555,0,792,592,81.91,195.81,813.14,,0.0,0.0,1.348,6.531,0,naive
1785675869.572767,49.8727,0,792,592,81.91,195.81,813.14,,0.0,0.0,1.348,6.531,0,naive
1785675869.589497,49.8894,0,792,592,81.91,195.81,813.14,,0.0,0.0,1.348,6.531,0,naive
1785675869.6056142,49.9055,0,792,592,81.91,195.81,813.14,,0.0,0.0,1.348,6.531,0,naive
1785675869.622464,49.9224,0,792,592,81.91,195.81,813.14,,5.4748,-0.3523,1.44,6.525,0,naive
1785675869.6382453,49.9381,0,792,592,81.91,195.81,813.14,,0.0,0.0,1.44,6.525,0,naive
1785675869.6549048,49.9548,0,792,592,81.91,195.81,813.14,,0.0,0.0,1.44,6.525,0,naive
1785675869.6711435,49.971,0,792,592,81.91,195.81,813.14,,4.0355,0.0024,1.506,6.525,0,naive
1785675869.686899,49.9868,0,792,592,81.91,195.81,813.14,,0.0,0.0,1.506,6.525,0,naive
1785675869.7038577,50.0037,0,792,592,81.91,195.81,813.14,,0.0,0.0,1.506,6.525,0,naive
1785675869.720803,50.0207,0,792,592,81.91,195.81,813.14,,0.0,0.0,1.506,6.525,0,naive
1785675869.7378514,50.0377,0,792,592,81.91,195.81,813.14,,1.1695,0.7543,1.526,6.538,0,naive
1785675869.755059,50.0549,0,792,592,81.91,195.81,813.14,,0.0,0.0,1.526,6.538,0,naive
1785675869.7707934,50.0707,0,792,592,81.91,195.81,813.14,,0.0,0.0,1.526,6.538,0,naive
1785675869.7877002,50.0876,0,792,592,81.91,195.81,813.14,,0.0,0.0,1.526,6.538,0,naive
1785675869.8049934,50.1049,0,792,592,81.91,195.81,813.14,,-0.1418,1.3184,1.523,6.56,0,naive
1785675869.8217313,50.1216,0,792,592,81.91,195.81,813.14,,0.0,0.0,1.523,6.56,0,naive
1785675869.8383794,50.1383,0,792,592,81.91,195.81,813.14,,0.0,0.0,1.523,6.56,0,naive
1785675869.8539793,50.1539,0,792,592,81.91,195.81,813.14,,0.0,0.0,1.523,6.56,0,naive
1785675869.8704352,50.1703,0,792,592,81.91,195.81,813.14,,0.0,0.0,1.523,6.56,0,naive
1785675869.886902,50.1868,0,792,592,81.91,195.81,813.14,,0.0,0.0,1.523,6.56,0,naive
1785675869.9037445,50.2036,0,792,592,81.91,195.81,813.14,,0.0,0.0,1.523,6.56,0,naive
1785675869.9205577,50.2204,0,792,592,81.91,195.81,813.14,,0.0,0.0,1.523,6.56,0,naive
1785675869.9369645,50.2369,0,792,592,81.91,195.81,813.14,,0.0,0.0,1.523,6.56,0,naive
1785675869.9536374,50.2535,0,792,592,81.91,195.81,813.14,,0.0,0.0,1.523,6.56,0,naive
1785675869.9707112,50.2706,0,792,592,81.91,195.81,813.14,,0.0,0.0,1.523,6.56,0,naive
1785675869.9877858,50.2877,0,792,592,81.91,195.81,813.14,,0.0,0.0,1.523,6.56,0,naive
1785675870.004436,50.3043,0,792,592,81.91,195.81,813.14,,0.0,0.0,1.523,6.56,0,naive
1785675870.0207028,50.3206,0,792,592,81.91,195.81,813.14,,0.0,0.0,1.523,6.56,0,naive
1785675870.037743,50.3376,0,792,592,81.91,195.81,813.14,,0.0,0.0,1.523,6.56,0,naive
1785675870.0547934,50.3547,0,792,592,81.91,195.81,813.14,,0.0,0.0,1.523,6.56,0,naive
1785675870.0728252,50.3727,0,792,592,81.91,195.81,813.14,,0.0,0.0,1.523,6.56,0,naive
1785675870.0904346,50.3903,0,792,592,81.91,195.81,813.14,,0.0,0.0,1.523,6.56,0,naive
1785675870.1068933,50.4068,0,792,592,81.91,195.81,813.14,,0.0,0.0,1.523,6.56,0,naive
1785675870.124639,50.4245,0,792,592,81.91,195.81,813.14,,0.0,0.0,1.523,6.56,0,naive
1785675870.1410038,50.4409,0,792,592,81.91,195.81,813.14,,0.0,0.0,1.523,6.56,0,naive
1785675870.158192,50.4581,0,792,592,81.91,195.81,813.14,,0.0,0.0,1.523,6.56,0,naive
1785675870.1747487,50.4746,0,792,592,81.91,195.81,813.14,,0.0,0.0,1.523,6.56,0,naive
1785675870.191586,50.4915,0,792,592,81.91,195.81,813.14,,0.0,0.0,1.523,6.56,0,naive
1785675870.208015,50.5079,0,792,592,81.91,195.81,813.14,,0.0,0.0,1.523,6.56,0,naive
1785675870.2250094,50.5249,0,792,592,81.91,195.81,813.14,,0.0,0.0,1.523,6.56,0,naive
1785675870.2411492,50.541,0,792,592,81.91,195.81,813.14,,0.0,0.0,1.523,6.56,0,naive
1785675870.2571886,50.5571,0,792,592,81.91,195.81,813.14,,0.0,0.0,1.523,6.56,0,naive
1785675870.2736359,50.5735,0,792,592,81.91,195.81,813.14,,0.0,0.0,1.523,6.56,0,naive
1785675870.2895744,50.5895,0,792,592,81.91,195.81,813.14,,0.0,0.0,1.523,6.56,0,naive
1785675870.3070252,50.6069,0,792,592,81.91,195.81,813.14,,0.0,0.0,1.523,6.56,0,naive
1785675870.322834,50.6227,0,792,592,81.91,195.81,813.14,,0.0,0.0,1.523,6.56,0,naive
1785675870.34022,50.6401,0,792,592,81.91,195.81,813.14,,0.0,0.0,1.523,6.56,0,naive
1785675870.356526,50.6564,0,792,592,81.91,195.81,813.14,,0.0,0.0,1.523,6.56,0,naive
1785675870.3723187,50.6722,0,792,592,81.91,195.81,813.14,,0.0,0.0,1.523,6.56,0,naive
1785675870.388402,50.6883,0,792,592,81.91,195.81,813.14,,0.0,0.0,1.523,6.56,0,naive
1785675870.4051383,50.705,0,792,592,81.91,195.81,813.14,,0.0,0.0,1.523,6.56,0,naive
1785675870.4208345,50.7207,0,792,592,81.91,195.81,813.14,,0.0,0.0,1.523,6.56,0,naive
1785675870.4380105,50.7379,0,792,592,81.91,195.81,813.14,,0.0,0.0,1.523,6.56,0,naive
1785675870.4537437,50.7536,0,792,592,81.91,195.81,813.14,,0.0,0.0,1.523,6.56,0,naive
1785675870.4706652,50.7706,0,792,592,81.91,195.81,813.14,,0.0,0.0,1.523,6.56,0,naive
1785675870.487352,50.7872,0,792,592,81.91,195.81,813.14,,0.0,0.0,1.523,6.56,0,naive
1785675870.5036857,50.8036,0,792,592,81.91,195.81,813.14,,0.0,0.0,1.523,6.56,0,naive
1785675870.5207145,50.8206,0,792,592,81.91,195.81,813.14,,0.0,0.0,1.523,6.56,0,naive
1785675870.538448,50.8383,0,792,592,81.91,195.81,813.14,,0.0,0.0,1.523,6.56,0,naive
1785675870.5544329,50.8543,0,792,592,81.91,195.81,813.14,,0.0,0.0,1.523,6.56,0,naive
1785675870.5707705,50.8707,0,792,592,81.91,195.81,813.14,,0.0,0.0,1.523,6.56,0,naive
1785675870.5881453,50.888,0,792,592,81.91,195.81,813.14,,0.0,0.0,1.523,6.56,0,naive
1785675870.6048243,50.9047,0,792,592,81.91,195.81,813.14,,0.0,0.0,1.523,6.56,0,naive
1785675870.6216478,50.9215,0,792,592,81.91,195.81,813.14,,0.0,0.0,1.523,6.56,0,naive
1785675870.638599,50.9385,0,792,592,81.91,195.81,813.14,,0.0,0.0,1.523,6.56,0,naive
1785675870.6545463,50.9544,0,792,592,81.91,195.81,813.14,,0.0,0.0,1.523,6.56,0,naive
1785675870.6706817,50.9706,0,792,592,81.91,195.81,813.14,,0.0,0.0,1.523,6.56,0,naive
1785675870.6874795,50.9874,0,792,592,81.91,195.81,813.14,,0.0,0.0,1.523,6.56,0,naive
1785675870.703949,51.0038,0,792,592,81.91,195.81,813.14,,0.0,0.0,1.523,6.56,0,naive
1785675870.721397,51.0213,0,792,592,81.91,195.81,813.14,,0.0,0.0,1.523,6.56,0,naive
1785675870.7379344,51.0378,0,792,592,81.91,195.81,813.14,,0.0,0.0,1.523,6.56,0,naive
1785675870.754816,51.0547,0,792,592,81.91,195.81,813.14,,0.0,0.0,1.523,6.56,0,naive
1785675870.771098,51.071,0,792,592,81.91,195.81,813.14,,0.0,0.0,1.523,6.56,0,naive
1785675870.7878516,51.0877,0,792,592,81.91,195.81,813.14,,0.0,0.0,1.523,6.56,0,naive
1785675870.805335,51.1052,0,792,592,81.91,195.81,813.14,,0.0,0.0,1.523,6.56,0,naive
1785675870.821677,51.1216,0,792,592,81.91,195.81,813.14,,0.0,0.0,1.523,6.56,0,naive
1785675870.8387852,51.1387,0,792,592,81.91,195.81,813.14,,0.0,0.0,1.523,6.56,0,naive
1785675870.8556254,51.1555,0,792,592,81.91,195.81,813.14,,0.5031,0.9637,1.532,6.577,0,naive
1785675870.8725088,51.1724,0,792,592,81.91,195.81,813.14,,0.0,0.0,1.532,6.577,0,naive
1785675870.8891246,51.189,0,792,592,81.91,195.81,813.14,,0.0,0.0,1.532,6.577,0,naive
1785675870.905618,51.2055,0,792,592,81.91,195.81,813.14,,0.5318,0.9685,1.541,6.593,0,naive
1785675870.9225695,51.2225,0,792,592,81.91,195.81,813.14,,0.0,0.0,1.541,6.593,0,naive
1785675870.938553,51.2384,0,792,592,81.91,195.81,813.14,,0.6126,0.935,1.55,6.608,0,naive
1785675870.9543273,51.2542,0,792,592,81.91,195.81,813.14,,0.0,0.0,1.55,6.608,0,naive
1785675870.970622,51.2705,0,792,592,81.91,195.81,813.14,,0.0,0.0,1.55,6.608,0,naive
1785675870.9876022,51.2875,0,792,592,81.91,195.81,813.14,,0.0,0.0,1.55,6.608,0,naive
1785675871.0033526,51.3032,0,792,592,81.91,195.81,813.14,,0.0,0.0,1.55,6.608,0,naive
1785675871.0194309,51.3193,0,792,592,81.91,195.81,813.14,,0.0,0.0,1.55,6.608,0,naive
1785675871.035914,51.3358,0,792,592,81.91,195.81,813.14,,0.0,0.0,1.55,6.608,0,naive
1785675871.0522702,51.3522,0,792,592,81.91,195.81,813.14,,0.0,0.0,1.55,6.608,0,naive
1785675871.0686662,51.3686,0,792,592,81.91,195.81,813.14,,0.0,0.0,1.55,6.608,0,naive
1785675871.0854976,51.3854,0,792,592,81.91,195.81,813.14,,0.0,0.0,1.55,6.608,0,naive
1785675871.1011972,51.4011,0,792,592,81.91,195.81,813.14,,0.0,0.0,1.55,6.608,0,naive
1785675871.1168213,51.4167,0,792,592,81.91,195.81,813.14,,0.0,0.0,1.55,6.608,0,naive
1785675871.1341977,51.4341,0,792,592,81.91,195.81,813.14,,0.0,0.0,1.55,6.608,0,naive
1785675871.1502407,51.4501,0,792,592,81.91,195.81,813.14,,0.0,0.0,1.55,6.608,0,naive
1785675871.1658041,51.4657,0,792,592,81.91,195.81,813.14,,0.0,0.0,1.55,6.608,0,naive
1785675871.182698,51.4826,0,792,592,81.91,195.81,813.14,,0.0,0.0,1.55,6.608,0,naive
1785675871.199831,51.4997,0,792,592,81.91,195.81,813.14,,0.0,0.0,1.55,6.608,0,naive
1785675871.216827,51.5167,0,792,592,81.91,195.81,813.14,,0.0,0.0,1.55,6.608,0,naive
1785675871.2337124,51.5336,0,792,592,81.91,195.81,813.14,,0.0,0.0,1.55,6.608,0,naive
1785675871.2505527,51.5504,0,792,592,81.91,195.81,813.14,,0.0,0.0,1.55,6.608,0,naive
1785675871.266659,51.5665,0,792,592,81.91,195.81,813.14,,0.0,0.0,1.55,6.608,0,naive
1785675871.2843132,51.5842,0,792,592,81.91,195.81,813.14,,0.0,0.0,1.55,6.608,0,naive
1785675871.3002763,51.6002,0,792,592,81.91,195.81,813.14,,0.0,0.0,1.55,6.608,0,naive
1785675871.3164346,51.6163,0,792,592,81.91,195.81,813.14,,0.0,0.0,1.55,6.608,0,naive
1785675871.3326008,51.6325,0,792,592,81.91,195.81,813.14,,0.0,0.0,1.55,6.608,0,naive
1785675871.3497083,51.6496,0,792,592,81.91,195.81,813.14,,0.0,0.0,1.55,6.608,0,naive
1785675871.366681,51.6666,0,792,592,81.91,195.81,813.14,,0.0,0.0,1.55,6.608,0,naive
1785675871.3836007,51.6835,0,792,592,81.91,195.81,813.14,,0.0,0.0,1.55,6.608,0,naive
1785675871.3992188,51.6991,0,792,592,81.91,195.81,813.14,,0.0,0.0,1.55,6.608,0,naive
1785675871.4151585,51.715,0,792,592,81.91,195.81,813.14,,0.0,0.0,1.55,6.608,0,naive
1785675871.4325666,51.7325,0,792,592,81.91,195.81,813.14,,0.0,0.0,1.55,6.608,0,naive
1785675871.4487228,51.7486,0,792,592,81.91,195.81,813.14,,0.0,0.0,1.55,6.608,0,naive
1785675871.465423,51.7653,0,792,592,81.91,195.81,813.14,,0.0,0.0,1.55,6.608,0,naive
1785675871.4816353,51.7815,0,792,592,81.91,195.81,813.14,,0.0,0.0,1.55,6.608,0,naive
1785675871.4980834,51.798,0,792,592,81.91,195.81,813.14,,0.0,0.0,1.55,6.608,0,naive
1785675871.5155256,51.8154,0,792,592,81.91,195.81,813.14,,0.0,0.0,1.55,6.608,0,naive
1785675871.531577,51.8315,0,792,592,81.91,195.81,813.14,,0.0,0.0,1.55,6.608,0,naive
1785675871.5475714,51.8475,0,792,592,81.91,195.81,813.14,,0.0,0.0,1.55,6.608,0,naive
1785675871.5633802,51.8633,0,792,592,81.91,195.81,813.14,,0.0,0.0,1.55,6.608,0,naive
1785675871.5793712,51.8793,0,792,592,81.91,195.81,813.14,,0.0,0.0,1.55,6.608,0,naive
1785675871.595487,51.8954,0,792,592,81.91,195.81,813.14,,0.0,0.0,1.55,6.608,0,naive
1785675871.612103,51.912,0,792,592,81.91,195.81,813.14,,0.0,0.0,1.55,6.608,0,naive
1785675871.6286004,51.9285,0,792,592,81.91,195.81,813.14,,0.0,0.0,1.55,6.608,0,naive
1785675871.6451714,51.9451,0,792,592,81.91,195.81,813.14,,0.0,0.0,1.55,6.608,0,naive
1785675871.6613927,51.9613,0,792,592,81.91,195.81,813.14,,0.0,0.0,1.55,6.608,0,naive
1785675871.677718,51.9776,0,792,592,81.91,195.81,813.14,,0.0,0.0,1.55,6.608,0,naive
1785675871.694569,51.9945,0,792,592,81.91,195.81,813.14,,0.0,0.0,1.55,6.608,0,naive
1785675871.710392,52.0103,0,792,592,81.91,195.81,813.14,,0.0,0.0,1.55,6.608,0,naive
1785675871.7263505,52.0262,0,792,592,81.91,195.81,813.14,,0.0,0.0,1.55,6.608,0,naive
1785675871.7423534,52.0422,0,792,592,81.91,195.81,813.14,,0.0,0.0,1.55,6.608,0,naive
1785675871.758872,52.0588,0,792,592,81.91,195.81,813.14,,0.0,0.0,1.55,6.608,0,naive
1785675871.775584,52.0755,0,792,592,81.91,195.81,813.14,,0.0,0.0,1.55,6.608,0,naive
1785675871.7915728,52.0915,0,792,592,81.91,195.81,813.14,,0.0,0.0,1.55,6.608,0,naive
1785675871.8076937,52.1076,0,792,592,81.91,195.81,813.14,,0.0,0.0,1.55,6.608,0,naive
1785675871.8247342,52.1246,0,792,592,81.91,195.81,813.14,,0.0,0.0,1.55,6.608,0,naive
1785675871.8415227,52.1414,0,792,592,81.91,195.81,813.14,,0.0,0.0,1.55,6.608,0,naive
1785675871.8570962,52.157,0,792,592,81.91,195.81,813.14,,0.0,0.0,1.55,6.608,0,naive
1785675871.873687,52.1736,0,792,592,81.91,195.81,813.14,,0.0,0.0,1.55,6.608,0,naive
1785675871.8903723,52.1903,0,792,592,81.91,195.81,813.14,,0.0,0.0,1.55,6.608,0,naive
1785675871.9060023,52.2059,0,792,592,81.91,195.81,813.14,,0.0,0.0,1.55,6.608,0,naive
1785675871.922699,52.2226,0,792,592,81.91,195.81,813.14,,0.0,0.0,1.55,6.608,0,naive
1785675871.939701,52.2396,0,792,592,81.91,195.81,813.14,,0.0,0.0,1.55,6.608,0,naive
1785675871.9562685,52.2562,0,792,592,81.91,195.81,813.14,,0.0,0.0,1.55,6.608,0,naive
1785675871.9722712,52.2722,0,792,592,81.91,195.81,813.14,,0.0,0.0,1.55,6.608,0,naive
1785675871.9885738,52.2885,0,792,592,81.91,195.81,813.14,,0.0,0.0,1.55,6.608,0,naive
1785675872.0057478,52.3056,0,792,592,81.91,195.81,813.14,,0.0,0.0,1.55,6.608,0,naive
1785675872.0233085,52.3232,0,792,592,81.91,195.81,813.14,,0.0,0.0,1.55,6.608,0,naive
1785675872.0398161,52.3397,0,792,592,81.91,195.81,813.14,,0.0,0.0,1.55,6.608,0,naive
1785675872.0570753,52.357,0,792,592,81.91,195.81,813.14,,0.3458,1.0504,1.556,6.626,0,naive
1785675872.0737689,52.3737,0,792,592,81.91,195.81,813.14,,0.0,0.0,1.556,6.626,0,naive
1785675872.0912898,52.3912,0,792,592,81.91,195.81,813.14,,0.4271,1.0217,1.564,6.644,0,naive
1785675872.107465,52.4074,0,792,592,81.91,195.81,813.14,,0.0,0.0,1.564,6.644,0,naive
1785675872.1235414,52.4234,0,792,592,81.91,195.81,813.14,,0.0,0.0,1.564,6.644,0,naive
1785675872.1398067,52.4397,0,792,592,81.91,195.81,813.14,,0.3021,0.9254,1.569,6.659,0,naive
1785675872.1565063,52.4564,0,792,592,81.91,195.81,813.14,,0.0,0.0,1.569,6.659,0,naive
1785675872.1723127,52.4722,0,792,592,81.91,195.81,813.14,,0.2357,0.9793,1.573,6.674,0,naive
1785675872.1878803,52.4878,0,792,592,81.91,195.81,813.14,,0.0,0.0,1.573,6.674,0,naive
1785675872.204533,52.5044,0,792,592,81.91,195.81,813.14,,0.0,0.0,1.573,6.674,0,naive
1785675872.2206419,52.5205,0,792,592,81.91,195.81,813.14,,0.1591,1.127,1.575,6.692,0,naive
1785675872.2379088,52.5378,0,792,592,81.91,195.81,813.14,,0.0,0.0,1.575,6.692,0,naive
1785675872.2554078,52.5553,0,792,592,81.91,195.81,813.14,,0.1448,0.993,1.578,6.71,0,naive
1785675872.271663,52.5716,0,792,592,81.91,195.81,813.14,,0.0,0.0,1.578,6.71,0,naive
1785675872.2886481,52.5885,0,792,592,81.91,195.81,813.14,,0.0,0.0,1.578,6.71,0,naive
1785675872.3054197,52.6053,0,792,592,81.91,195.81,813.14,,0.2016,1.136,1.581,6.729,0,naive
1785675872.3215184,52.6214,0,792,592,81.91,195.81,813.14,,0.0,0.0,1.581,6.729,0,naive
1785675872.337616,52.6375,0,792,592,81.91,195.81,813.14,,0.0,0.0,1.581,6.729,0,naive
1785675872.3535318,52.6534,0,792,592,81.91,195.81,813.14,,0.3739,1.0307,1.587,6.745,0,naive
1785675872.3699167,52.6698,0,792,592,81.91,195.81,813.14,,0.0,0.0,1.587,6.745,0,naive
1785675872.3873703,52.6873,0,792,592,81.91,195.81,813.14,,0.4026,0.9876,1.594,6.762,0,naive
1785675872.4035103,52.7034,0,792,592,81.91,195.81,813.14,,0.0,0.0,1.594,6.762,0,naive
1785675872.419613,52.7195,0,792,592,81.91,195.81,813.14,,0.5952,0.9368,1.604,6.777,0,naive
1785675872.4355626,52.7355,0,792,592,81.91,195.81,813.14,,0.0,0.0,1.604,6.777,0,naive
1785675872.4523244,52.7522,0,792,592,81.91,195.81,813.14,,0.4493,0.9529,1.611,6.793,0,naive
1785675872.4682043,52.7681,0,792,592,81.91,195.81,813.14,,0.0,0.0,1.611,6.793,0,naive
1785675872.4845965,52.7845,0,792,592,81.91,195.81,813.14,,0.0,0.0,1.611,6.793,0,naive
1785675872.5011876,52.8011,0,792,592,81.91,195.81,813.14,,0.3978,0.9685,1.618,6.81,0,naive
1785675872.5170052,52.8169,0,792,592,81.91,195.81,813.14,,0.0,0.0,1.618,6.81,0,naive
1785675872.5344,52.8343,0,792,592,81.91,195.81,813.14,,0.475,0.9787,1.626,6.827,0,naive
1785675872.5499792,52.8499,0,792,592,81.91,195.81,813.14,,0.0,0.0,1.626,6.827,0,naive
1785675872.5663602,52.8662,0,792,592,81.91,195.81,813.14,,0.0,0.0,1.626,6.827,0,naive
1785675872.582465,52.8824,0,792,592,81.91,195.81,813.14,,0.3165,0.9589,1.631,6.842,0,naive
1785675872.5986779,52.8986,0,792,592,81.91,195.81,813.14,,0.0,0.0,1.631,6.842,0,naive
1785675872.6154568,52.9153,0,792,592,81.91,195.81,813.14,,0.0,0.0,1.631,6.842,0,naive
1785675872.631601,52.9315,0,792,592,81.91,195.81,813.14,,0.0,0.0,1.631,6.842,0,naive
1785675872.6484337,52.9483,0,792,592,81.91,195.81,813.14,,0.35,0.9589,1.637,6.858,0,naive
1785675872.6644025,52.9643,0,792,592,81.91,195.81,813.14,,0.0,0.0,1.637,6.858,0,naive
1785675872.6809213,52.9808,0,792,592,81.91,195.81,813.14,,0.0,0.0,1.637,6.858,0,naive
1785675872.698247,52.9981,0,792,592,81.91,195.81,813.14,,0.0,0.0,1.637,6.858,0,naive
1785675872.7145112,53.0144,0,792,592,81.91,195.81,813.14,,0.3356,0.95,1.642,6.874,0,naive
1785675872.7302377,53.0301,0,792,592,81.91,195.81,813.14,,0.0,0.0,1.642,6.874,0,naive
1785675872.7466831,53.0466,0,792,592,81.91,195.81,813.14,,0.0,0.0,1.642,6.874,0,naive
1785675872.763773,53.0637,0,792,592,81.91,195.81,813.14,,0.0,0.0,1.642,6.874,0,naive
1785675872.780515,53.0804,0,792,592,81.91,195.81,813.14,,0.3547,0.9739,1.648,6.89,0,naive
1785675872.7961726,53.0961,0,792,592,81.91,195.81,813.14,,0.0,0.0,1.648,6.89,0,naive
1785675872.8126447,53.1125,0,792,592,81.91,195.81,813.14,,0.0,0.0,1.648,6.89,0,naive
1785675872.8296063,53.1295,0,792,592,81.91,195.81,813.14,,0.3356,0.95,1.654,6.906,0,naive
1785675872.9297674,53.2297,0,792,592,81.91,195.81,813.14,,0.0,0.0,1.654,6.906,0,naive
