<?xml version="1.0" encoding="UTF-8"?>
<!DOCTYPE X3D PUBLIC "ISO//Web3D//DTD X3D 3.0//EN" "http://www.web3d.org/specifications/x3d-3.0.dtd">
<X3D version="3.0" profile="Immersive" xmlns:xsd="http://www.w3.org/2001/XMLSchema-instance" xsd:noNamespaceSchemaLocation="http://www.web3d.org/specifications/x3d-3.0.xsd">
	<head>
		<meta name="filename" content="Arm_5.x3d" />
		<meta name="created" content="2025-12-06 20:51:17" />
		<meta name="generator" content="Blender 4.5.3 LTS" />
		<meta name="translator" content="Web3D X3D/VRML2 format v2.5.1" />
	</head>
	<Scene>
		<NavigationInfo headlight="true"
		                visibilityLimit="0.0"
		                type='"EXAMINE", "ANY"'
		                avatarSize="0.25, 1.75, 0.75"
		                />
		<Background DEF="WO_World"
		            groundColor="0.051 0.051 0.051"
		            skyColor="0.051 0.051 0.051"
		            />
		<Transform DEF="Shape_IndexedFaceSet_144_TRANSFORM"
		           translation="57.789871 0.000000 0.000000"
		           scale="1.000000 1.000000 1.000000"
		           rotation="-0.000000 0.000000 0.000000 0.000000"
		           >
			<Transform DEF="Shape_IndexedFaceSet_144_ifs_TRANSFORM"
			           translation="0.000000 0.000000 0.000000"
			           scale="1.000000 1.000000 1.000000"
			           rotation="0.000000 1.000000 0.000000 0.000000"
			           >
				<Group DEF="group_ME_Shape_IndexedFaceSet_1279">
					<Shape>
						<Appearance>
							<Material DEF="MA_Shape_003"
							          diffuseColor="0.753 0.753 0.753"
							          specularColor="0.401 0.401 0.401"
							          emissiveColor="0.000 0.000 0.000"
							          ambientIntensity="0.000"
							          shininess="0.500"
							          transparency="0.000"
							          />
						</Appearance>
						<IndexedFaceSet solid="false"
						                texCoordIndex="0 1 2 -1 3 4 5 -1 "
						                coordIndex="2 0 3 -1 1 3 0 -1 "
						                >
							<Coordinate DEF="coords_ME_Shape_IndexedFaceSet_1279"
							            point="-69.789597 29.505100 145.417496 -69.763397 29.504700 145.416306 -69.569099 34.765099 148.488693 -69.543800 34.764702 148.487503 "
							            />
							<TextureCoordinate point="1.0000 1.0000 0.0001 0.0004 0.9999 0.9996 0.0000 0.0000 0.9999 0.9996 0.0001 0.0004 " />
						</IndexedFaceSet>
					</Shape>
				</Group>
			</Transform>
		</Transform>
		<Transform DEF="Shape_IndexedFaceSet_030_TRANSFORM"
		           translation="57.789871 0.000000 0.000000"
		           scale="1.000000 1.000000 1.000000"
		           rotation="-0.000000 0.000000 0.000000 0.000000"
		           >
			<Transform DEF="Shape_IndexedFaceSet_030_ifs_TRANSFORM"
			           translation="0.000000 0.000000 0.000000"
			           scale="1.000000 1.000000 1.000000"
			           rotation="0.000000 1.000000 0.000000 0.000000"
			           >
				<Group DEF="group_ME_Shape_IndexedFaceSet_2764">
					<Shape>
						<Appearance>
							<Material DEF="MA_Shape_009"
							          diffuseColor="0.753 0.753 0.753"
							          specularColor="0.401 0.401 0.401"
							          emissiveColor="0.000 0.000 0.000"
							          ambientIntensity="0.000"
							          shininess="0.500"
							          transparency="0.000"
							          />
						</Appearance>
						<IndexedFaceSet solid="false"
						                texCoordIndex="0 1 2 -1 3 4 5 -1 "
						                coordIndex="3 0 2 -1 1 2 0 -1 "
						                >
							<Coordinate DEF="coords_ME_Shape_IndexedFaceSet_2764"
							            point="-83.029404 33.000000 -31.839800 -83.029404 33.324402 -31.839800 -82.850197 33.091801 -31.979900 -82.796600 33.000000 -32.021400 "
							            />
							<TextureCoordinate point="0.0000 1.0000 0.0000 0.0000 0.2830 0.7698 1.0000 0.0000 0.2830 0.7698 0.0000 0.0000 " />
						</IndexedFaceSet>
					</Shape>
				</Group>
			</Transform>
		</Transform>
		<Transform DEF="Shape_IndexedFaceSet_040_TRANSFORM"
		           translation="57.789871 0.000000 0.000000"
		           scale="1.000000 1.000000 1.000000"
		           rotation="-0.000000 0.000000 0.000000 0.000000"
		           >
			<Transform DEF="Shape_IndexedFaceSet_040_ifs_TRANSFORM"
			           translation="0.000000 0.000000 0.000000"
			           scale="1.000000 1.000000 1.000000"
			           rotation="0.000000 1.000000 0.000000 0.000000"
			           >
				<Group DEF="group_ME_Shape_IndexedFaceSet_2774">
					<Shape>
						<Appearance>
							<Material USE="MA_Shape_009" />
						</Appearance>
						<IndexedFaceSet solid="false"
						                texCoordIndex="0 1 2 -1 3 4 5 -1 6 7 8 -1 9 10 11 -1 "
						                coordIndex="4 5 3 -1 4 3 2 -1 1 2 3 -1 2 1 0 -1 "
						                >
							<Coordinate DEF="coords_ME_Shape_IndexedFaceSet_2774"
							            point="-58.585701 17.585699 -39.838501 -58.585701 17.585699 -39.821400 -58.150398 16.932501 -39.901901 -58.150398 16.932501 -39.886002 -57.999901 16.171499 -39.959099 -57.999901 16.171499 -39.945801 "
							            />
							<TextureCoordinate point="0.0000 1.0000 0.0000 1.0000 0.5381 0.7431 0.0000 1.0000 0.5381 0.7431 0.5381 0.7431 1.0000 0.0000 0.5381 0.7431 0.5381 0.7431 0.5381 0.7431 1.0000 0.0000 1.0000 0.0000 " />
						</IndexedFaceSet>
					</Shape>
				</Group>
			</Transform>
		</Transform>
		<Transform DEF="Shape_IndexedFaceSet_080_TRANSFORM"
		           translation="57.789871 0.000000 0.000000"
		           scale="1.000000 1.000000 1.000000"
		           rotation="-0.000000 0.000000 0.000000 0.000000"
		           >
			<Transform DEF="Shape_IndexedFaceSet_080_ifs_TRANSFORM"
			           translation="0.000000 0.000000 0.000000"
			           scale="1.000000 1.000000 1.000000"
			           rotation="0.000000 1.000000 0.000000 0.000000"
			           >
				<Group DEF="group_ME_Shape_IndexedFaceSet_2814">
					<Shape>
						<Appearance>
							<Material USE="MA_Shape_009" />
						</Appearance>
						<IndexedFaceSet solid="false"
						                texCoordIndex="0 1 2 -1 3 4 5 -1 6 7 8 -1 9 10 11 -1 "
						                coordIndex="1 0 3 -1 3 4 1 -1 5 1 4 -1 1 5 2 -1 "
						                >
							<Coordinate DEF="coords_ME_Shape_IndexedFaceSet_2814"
							            point="0.499900 33.134399 2.239700 0.499900 33.454800 1.809900 0.499900 33.635899 1.232000 0.510000 33.134300 2.240000 0.510000 33.454800 1.809900 0.510000 33.635899 1.232000 "
							            />
							<TextureCoordinate point="0.5733 0.6390 0.9997 0.0002 1.0000 0.0000 1.0000 0.0000 0.5733 0.6390 0.5733 0.6390 0.0000 1.0000 0.5733 0.6390 0.5733 0.6390 0.5733 0.6390 0.0000 1.0000 0.0000 1.0000 " />
						</IndexedFaceSet>
					</Shape>
				</Group>
			</Transform>
		</Transform>
		<Transform DEF="Shape_IndexedFaceSet_112_TRANSFORM"
		           translation="57.789871 0.000000 0.000000"
		           scale="1.000000 1.000000 1.000000"
		           rotation="-0.000000 0.000000 0.000000 0.000000"
		           >
			<Transform DEF="Shape_IndexedFaceSet_112_ifs_TRANSFORM"
			           translation="0.000000 0.000000 0.000000"
			           scale="1.000000 1.000000 1.000000"
			           rotation="0.000000 1.000000 0.000000 0.000000"
			           >
				<Group DEF="group_ME_Shape_IndexedFaceSet_2846">
					<Shape>
						<Appearance>
							<Material USE="MA_Shape_009" />
						</Appearance>
						<IndexedFaceSet solid="false"
						                texCoordIndex="0 1 2 -1 3 4 5 -1 6 7 8 -1 9 10 11 -1 "
						                coordIndex="0 1 2 -1 0 2 3 -1 4 3 2 -1 3 4 5 -1 "
						                >
							<Coordinate DEF="coords_ME_Shape_IndexedFaceSet_2846"
							            point="-58.585701 17.585699 39.838501 -58.585701 17.585699 39.821400 -58.150398 16.932501 39.886002 -58.150398 16.932501 39.901901 -57.999901 16.171499 39.945801 -57.999901 16.171499 39.959099 "
							            />
							<TextureCoordinate point="1.0000 0.0000 1.0000 0.0000 0.5381 0.7431 1.0000 0.0000 0.5381 0.7431 0.5381 0.7431 0.0000 1.0000 0.5381 0.7431 0.5381 0.7431 0.5381 0.7431 0.0000 1.0000 0.0000 1.0000 " />
						</IndexedFaceSet>
					</Shape>
				</Group>
			</Transform>
		</Transform>
		<Transform DEF="Shape_IndexedFaceSet_TRANSFORM"
		           translation="0.000000 0.000000 0.000000"
		           scale="1.000000 1.000000 1.000000"
		           rotation="-0.000000 0.000000 0.000000 0.000000"
		           >
			<Transform DEF="Shape_IndexedFaceSet_ifs_TRANSFORM"
			           translation="0.000000 0.000000 0.000000"
			           scale="1.000000 1.000000 1.000000"
			           rotation="0.000000 1.000000 0.000000 0.000000"
			           >
				<Group DEF="group_ME_Shape_IndexedFaceSet_3048">
					<Shape>
						<Appearance>
							<Material DEF="MA_Shape_011"
							          diffuseColor="0.376 0.376 0.376"
							          specularColor="0.401 0.401 0.401"
							          emissiveColor="0.000 0.000 0.000"
							          ambientIntensity="0.000"
							          shininess="0.500"
							          transparency="0.000"
							          />
						</Appearance>
						<IndexedFaceSet solid="false"
						                texCoordIndex="0 1 2 -1 3 4 5 -1 6 7 8 -1 9 10 11 -1 12 13 14 -1 15 16 17 -1 18 19 20 -1 21 22 23 -1 "
						                coordIndex="3 1 6 -1 0 6 1 -1 6 0 8 -1 9 8 0 -1 7 9 5 -1 0 5 9 -1 5 0 4 -1 2 4 0 -1 "
						                >
							<Coordinate DEF="coords_ME_Shape_IndexedFaceSet_3048"
							            point="0.500000 26.500000 0.000000 0.500000 26.526699 -0.099900 0.500000 26.526699 0.099900 7.585100 26.526699 -0.099900 7.585100 26.526699 0.099900 7.595700 26.518200 0.083400 7.595700 26.518200 -0.083400 7.604700 26.511000 0.065400 7.604700 26.511000 -0.065400 7.607100 26.500000 0.000000 "
							            />
							<TextureCoordinate point="0.9969 0.0000 0.0000 0.0000 0.9984 0.0826 0.0000 0.5000 0.9984 0.0826 0.0000 0.0000 0.9984 0.0826 0.0000 0.5000 0.9997 0.1727 1.0000 0.5000 0.9997 0.1727 0.0000 0.5000 0.9997 0.8273 1.0000 0.5000 0.9984 0.9174 0.0000 0.5000 0.9984 0.9174 1.0000 0.5000 0.9984 0.9174 0.0000 0.5000 0.9969 1.0000 0.0000 1.0000 0.9969 1.0000 0.0000 0.5000 " />
						</IndexedFaceSet>
					</Shape>
				</Group>
			</Transform>
		</Transform>
		<Transform DEF="Shape_IndexedFaceSet_001_TRANSFORM"
		           translation="0.000000 0.000000 0.000000"
		           scale="1.000000 1.000000 1.000000"
		           rotation="-0.000000 0.000000 0.000000 0.000000"
		           >
			<Transform DEF="Shape_IndexedFaceSet_001_ifs_TRANSFORM"
			           translation="0.000000 0.000000 0.000000"
			           scale="1.000000 1.000000 1.000000"
			           rotation="0.000000 1.000000 0.000000 0.000000"
			           >
				<Group DEF="group_ME_Shape_IndexedFaceSet_3049">
					<Shape>
						<Appearance>
							<Material USE="MA_Shape_011" />
						</Appearance>
						<IndexedFaceSet solid="false"
						                texCoordIndex="0 1 2 -1 3 4 5 -1 6 7 8 -1 "
						                coordIndex="2 1 3 -1 0 3 1 -1 3 0 4 -1 "
						                >
							<Coordinate DEF="coords_ME_Shape_IndexedFaceSet_3049"
							            point="0.499900 26.526699 -0.100000 0.499900 26.985100 -0.893900 6.999900 26.985100 -0.893900 7.295000 26.756800 -0.498300 7.585100 26.526699 -0.100000 "
							            />
							<TextureCoordinate point="0.9174 0.0000 0.0000 0.0000 0.9591 0.4983 0.0000 1.0000 0.9591 0.4983 0.0000 0.0000 0.9591 0.4983 0.0000 1.0000 1.0000 1.0000 " />
						</IndexedFaceSet>
					</Shape>
				</Group>
			</Transform>
		</Transform>
		<Transform DEF="Shape_IndexedFaceSet_002_TRANSFORM"
		           translation="0.000000 0.000000 0.000000"
		           scale="1.000000 1.000000 1.000000"
		           rotation="-0.000000 0.000000 0.000000 0.000000"
		           >
			<Transform DEF="Shape_IndexedFaceSet_002_ifs_TRANSFORM"
			           translation="0.000000 0.000000 0.000000"
			           scale="1.000000 1.000000 1.000000"
			           rotation="0.000000 1.000000 0.000000 0.000000"
			           >
				<Group DEF="group_ME_Shape_IndexedFaceSet_3050">
					<Shape>
						<Appearance>
							<Material USE="MA_Shape_011" />
						</Appearance>
						<IndexedFaceSet solid="false"
						                texCoordIndex="0 1 2 -1 3 4 5 -1 6 7 8 -1 9 10 11 -1 12 13 14 -1 15 16 17 -1 18 19 20 -1 21 22 23 -1 24 25 26 -1 27 28 29 -1 30 31 32 -1 33 34 35 -1 36 37 38 -1 39 40 41 -1 42 43 44 -1 45 46 47 -1 48 49 50 -1 51 52 53 -1 54 55 56 -1 57 58 59 -1 60 61 62 -1 63 64 65 -1 66 67 68 -1 69 70 71 -1 72 73 74 -1 75 76 77 -1 78 79 80 -1 81 82 83 -1 84 85 86 -1 87 88 89 -1 90 91 92 -1 93 94 95 -1 96 97 98 -1 99 100 101 -1 102 103 104 -1 105 106 107 -1 108 109 110 -1 111 112 113 -1 114 115 116 -1 117 118 119 -1 120 121 122 -1 123 124 125 -1 126 127 128 -1 129 130 131 -1 132 133 134 -1 135 136 137 -1 138 139 140 -1 141 142 143 -1 144 145 146 -1 147 148 149 -1 150 151 152 -1 153 154 155 -1 156 157 158 -1 159 160 161 -1 162 163 164 -1 165 166 167 -1 168 169 170 -1 "
						                coordIndex="19 21 11 -1 47 49 51 -1 32 34 5 -1 36 5 34 -1 5 36 3 -1 38 3 36 -1 3 38 40 -1 40 41 3 -1 43 3 41 -1 3 43 45 -1 32 5 31 -1 7 31 5 -1 31 7 29 -1 29 7 27 -1 9 27 7 -1 27 9 25 -1 11 21 9 -1 23 9 21 -1 9 23 25 -1 19 11 16 -1 13 16 11 -1 16 13 15 -1 14 15 13 -1 15 14 17 -1 12 20 14 -1 18 14 20 -1 14 18 17 -1 10 24 12 -1 22 12 24 -1 12 22 20 -1 8 28 10 -1 26 10 28 -1 10 26 24 -1 6 33 8 -1 30 8 33 -1 8 30 28 -1 48 46 4 -1 44 4 46 -1 4 44 42 -1 42 39 4 -1 37 4 39 -1 4 37 6 -1 35 6 37 -1 6 35 33 -1 50 48 52 -1 4 52 48 -1 52 4 53 -1 2 53 4 -1 45 47 3 -1 51 3 47 -1 3 51 1 -1 57 1 51 -1 56 54 0 -1 55 0 54 -1 0 55 2 -1 58 2 55 -1 2 58 53 -1 "
						                >
							<Coordinate DEF="coords_ME_Shape_IndexedFaceSet_3050"
							            point="7.500000 18.250299 5.694000 7.500000 18.250299 5.694000 7.500000 18.547400 4.392300 7.500000 18.547400 6.995600 7.500000 19.379801 3.348500 7.500000 19.379801 8.039500 7.500000 20.582800 2.769200 7.500000 20.582800 8.618800 7.500000 21.917900 2.769200 7.500000 21.917900 8.618800 7.500000 23.120800 3.348500 7.500000 23.120800 8.039500 7.500000 23.953199 4.392300 7.500000 23.953199 6.995600 7.500000 24.250299 5.694000 7.928900 24.174900 6.362600 7.938400 23.953199 6.995600 7.948200 24.248199 5.693700 7.948800 24.250299 5.674700 7.975900 23.595800 7.564500 7.995500 24.172600 5.015300 8.040200 23.120800 8.039500 8.067200 23.953199 4.392300 8.129100 22.551100 8.397300 8.163800 23.594500 3.821900 8.238900 21.917900 8.618800 8.279500 23.120800 3.348500 8.309800 21.537201 8.680200 8.410700 22.552299 2.991200 8.504000 20.582800 8.618800 8.551600 21.917900 2.769200 8.625200 20.043900 8.440700 8.745900 19.549000 8.164900 8.745900 21.012501 2.703400 8.805100 19.379801 8.039500 8.903200 20.582800 2.769200 9.037100 19.065001 7.745400 9.041500 20.387400 2.825700 9.057200 19.037600 7.719800 9.136100 20.253799 2.864300 9.146400 18.982300 7.651200 9.437200 18.801901 7.427600 9.441200 19.994200 2.969600 9.559700 18.764099 7.370700 9.560400 19.937901 2.997800 9.748500 18.705700 7.283000 9.806700 19.821699 3.056000 10.212600 18.657700 7.203400 10.212600 19.759701 3.090500 15.500000 18.657700 7.203400 15.500000 19.759701 3.090500 15.661700 18.565001 6.987900 15.816400 19.392099 3.364800 15.999900 19.178900 3.523900 16.000000 18.250299 5.694000 16.000000 18.278999 5.568400 16.000000 18.371401 6.537600 16.000000 18.371401 6.537600 16.000000 18.547400 4.392300 "
							            />
							<TextureCoordinate point="0.0560 0.8909 0.0636 0.8117 0.0000 0.8117 0.3191 0.0679 0.9412 0.0679 0.9602 0.0525 0.1466 0.2165 0.1535 0.1883 0.0000 0.1883 0.1808 0.1358 0.0000 0.1883 0.1535 0.1883 0.0000 0.1883 0.1808 0.1358 0.0000 0.0495 0.1832 0.1312 0.0000 0.0495 0.1808 0.1358 0.0000 0.0495 0.1832 0.1312 0.1937 0.1220 0.1937 0.1220 0.2279 0.0919 0.0000 0.0495 0.2423 0.0856 0.0000 0.0495 0.2279 0.0919 0.0000 0.0495 0.2423 0.0856 0.2645 0.0759 0.1466 0.2165 0.0000 0.1883 0.1324 0.2989 0.0000 0.3887 0.1324 0.2989 0.0000 0.1883 0.1324 0.2989 0.0000 0.3887 0.1181 0.3887 0.1181 0.3887 0.0000 0.3887 0.0953 0.5478 0.0000 0.6113 0.0953 0.5478 0.0000 0.3887 0.0953 0.5478 0.0000 0.6113 0.0869 0.6113 0.0000 0.8117 0.0636 0.8117 0.0000 0.6113 0.0740 0.7168 0.0000 0.6113 0.0636 0.8117 0.0000 0.6113 0.0740 0.7168 0.0869 0.6113 0.0560 0.8909 0.0000 0.8117 0.0516 0.9505 0.0000 0.9505 0.0516 0.9505 0.0000 0.8117 0.0516 0.9505 0.0000 0.9505 0.0505 0.9874 0.0000 1.0000 0.0505 0.9874 0.0000 0.9505 0.0505 0.9874 0.0000 1.0000 0.0527 0.9997 0.0000 0.9505 0.0583 0.9870 0.0000 1.0000 0.0528 1.0000 0.0000 1.0000 0.0583 0.9870 0.0000 1.0000 0.0528 1.0000 0.0527 0.9997 0.0000 0.8117 0.0781 0.8907 0.0000 0.9505 0.0667 0.9505 0.0000 0.9505 0.0781 0.8907 0.0000 0.9505 0.0667 0.9505 0.0583 0.9870 0.0000 0.6113 0.1071 0.7170 0.0000 0.8117 0.0917 0.8117 0.0000 0.8117 0.1071 0.7170 0.0000 0.8117 0.0917 0.8117 0.0781 0.8907 0.0000 0.3887 0.1466 0.4604 0.0000 0.6113 0.1237 0.6113 0.0000 0.6113 0.1466 0.4604 0.0000 0.6113 0.1237 0.6113 0.1071 0.7170 0.3191 0.2516 0.2714 0.2619 0.0000 0.1883 0.2424 0.2813 0.0000 0.1883 0.2714 0.2619 0.0000 0.1883 0.2424 0.2813 0.2284 0.2907 0.2284 0.2907 0.1925 0.3339 0.0000 0.1883 0.1814 0.3562 0.0000 0.1883 0.1925 0.3339 0.0000 0.1883 0.1814 0.3562 0.0000 0.3887 0.1651 0.3887 0.0000 0.3887 0.1814 0.3562 0.0000 0.3887 0.1651 0.3887 0.1466 0.4604 0.9412 0.2516 0.3191 0.2516 0.9784 0.1903 0.0000 0.1883 0.9784 0.1903 0.3191 0.2516 0.9784 0.1903 0.0000 0.1883 1.0000 0.1548 0.0000 0.0495 1.0000 0.1548 0.0000 0.1883 0.2645 0.0759 0.3191 0.0679 0.0000 0.0495 0.9602 0.0525 0.0000 0.0495 0.3191 0.0679 0.0000 0.0495 0.9602 0.0525 0.0000 0.0000 1.0000 0.0202 0.0000 0.0000 0.9602 0.0525 1.0000 0.0202 1.0000 0.0000 0.0000 0.0000 1.0000 0.0048 0.0000 0.0000 1.0000 0.0000 0.0000 0.0000 1.0000 0.0048 0.0000 0.0495 1.0000 0.0495 0.0000 0.0495 1.0000 0.0048 0.0000 0.0495 1.0000 0.0495 1.0000 0.1548 " />
						</IndexedFaceSet>
					</Shape>
				</Group>
			</Transform>
		</Transform>
		<Transform DEF="Shape_IndexedFaceSet_003_TRANSFORM"
		           translation="0.000000 0.000000 0.000000"
		           scale="1.000000 1.000000 1.000000"
		           rotation="-0.000000 0.000000 0.000000 0.000000"
		           >
			<Transform DEF="Shape_IndexedFaceSet_003_ifs_TRANSFORM"
			           translation="0.000000 0.000000 0.000000"
			           scale="1.000000 1.000000 1.000000"
			           rotation="0.000000 1.000000 0.000000 0.000000"
			           >
				<Group DEF="group_ME_Shape_IndexedFaceSet_3051">
					<Shape>
						<Appearance>
							<Material USE="MA_Shape_011" />
						</Appearance>
						<IndexedFaceSet solid="false"
						                texCoordIndex="0 1 2 -1 3 4 5 -1 6 7 8 -1 9 10 11 -1 12 13 14 -1 15 16 17 -1 18 19 20 -1 21 22 23 -1 24 25 26 -1 27 28 29 -1 "
						                coordIndex="5 4 1 -1 6 8 7 -1 9 0 7 -1 2 7 0 -1 7 2 6 -1 11 5 10 -1 1 10 5 -1 10 1 9 -1 3 9 1 -1 9 3 0 -1 "
						                >
							<Coordinate DEF="coords_ME_Shape_IndexedFaceSet_3051"
							            point="15.499900 16.675301 11.042200 15.499900 17.900499 8.920100 15.500000 15.567100 12.556300 15.500000 17.287901 9.981200 15.500000 18.657700 7.203400 15.661700 18.565001 6.987900 15.970800 14.889400 12.636300 16.000000 15.429000 11.868400 16.000000 14.847400 12.641300 16.000000 16.258400 10.766200 16.000000 17.452999 8.697100 16.000000 18.371401 6.537600 "
							            />
							<TextureCoordinate point="0.0738 0.9757 0.1091 1.0000 0.3903 0.8013 0.9992 0.0110 1.0000 0.0000 0.8734 0.1526 0.6928 0.3703 0.7380 0.4797 0.8734 0.1526 0.9861 0.1889 0.8734 0.1526 0.7380 0.4797 0.8734 0.1526 0.9861 0.1889 0.9992 0.0110 0.0000 0.9249 0.0738 0.9757 0.3538 0.6838 0.3903 0.8013 0.3538 0.6838 0.0738 0.9757 0.3538 0.6838 0.3903 0.8013 0.6928 0.3703 0.5642 0.6405 0.6928 0.3703 0.3903 0.8013 0.6928 0.3703 0.5642 0.6405 0.7380 0.4797 " />
						</IndexedFaceSet>
					</Shape>
				</Group>
			</Transform>
		</Transform>
		<Transform DEF="Shape_IndexedFaceSet_004_TRANSFORM"
		           translation="0.000000 0.000000 0.000000"
		           scale="1.000000 1.000000 1.000000"
		           rotation="-0.000000 0.000000 0.000000 0.000000"
		           >
			<Transform DEF="Shape_IndexedFaceSet_004_ifs_TRANSFORM"
			           translation="0.000000 0.000000 0.000000"
			           scale="1.000000 1.000000 1.000000"
			           rotation="0.000000 1.000000 0.000000 0.000000"
			           >
				<Group DEF="group_ME_Shape_IndexedFaceSet_3052">
					<Shape>
						<Appearance>
							<Material USE="MA_Shape_011" />
						</Appearance>
						<IndexedFaceSet solid="false"
						                texCoordIndex="0 1 2 -1 3 4 5 -1 6 7 8 -1 9 10 11 -1 12 13 14 -1 15 16 17 -1 18 19 20 -1 21 22 23 -1 24 25 26 -1 27 28 29 -1 30 31 32 -1 33 34 35 -1 36 37 38 -1 39 40 41 -1 42 43 44 -1 45 46 47 -1 48 49 50 -1 51 52 53 -1 54 55 56 -1 57 58 59 -1 60 61 62 -1 63 64 65 -1 66 67 68 -1 69 70 71 -1 72 73 74 -1 75 76 77 -1 78 79 80 -1 81 82 83 -1 84 85 86 -1 87 88 89 -1 90 91 92 -1 93 94 95 -1 96 97 98 -1 99 100 101 -1 102 103 104 -1 105 106 107 -1 108 109 110 -1 111 112 113 -1 114 115 116 -1 117 118 119 -1 120 121 122 -1 123 124 125 -1 126 127 128 -1 129 130 131 -1 132 133 134 -1 135 136 137 -1 138 139 140 -1 141 142 143 -1 144 145 146 -1 147 148 149 -1 150 151 152 -1 153 154 155 -1 156 157 158 -1 159 160 161 -1 162 163 164 -1 165 166 167 -1 168 169 170 -1 171 172 173 -1 174 175 176 -1 177 178 179 -1 "
						                coordIndex="19 21 9 -1 52 54 57 -1 42 43 1 -1 42 1 40 -1 33 34 3 -1 36 3 34 -1 3 36 1 -1 37 1 36 -1 1 37 40 -1 43 46 1 -1 47 1 46 -1 1 47 49 -1 5 29 3 -1 32 3 29 -1 3 32 33 -1 9 21 7 -1 21 22 7 -1 25 7 22 -1 7 25 5 -1 28 5 25 -1 5 28 29 -1 19 9 17 -1 11 17 9 -1 17 11 16 -1 16 11 15 -1 13 15 11 -1 15 13 18 -1 18 13 20 -1 14 20 13 -1 20 14 23 -1 12 26 14 -1 24 14 26 -1 14 24 23 -1 10 30 12 -1 27 12 30 -1 12 27 26 -1 39 38 8 -1 35 8 38 -1 8 35 10 -1 31 10 35 -1 10 31 30 -1 53 50 6 -1 50 45 6 -1 44 6 45 -1 6 44 8 -1 41 8 44 -1 8 41 39 -1 55 53 58 -1 6 58 53 -1 58 6 59 -1 4 59 6 -1 48 51 0 -1 56 0 51 -1 0 56 2 -1 60 2 56 -1 60 61 2 -1 62 2 61 -1 2 62 4 -1 63 4 62 -1 4 63 59 -1 "
						                >
							<Coordinate DEF="coords_ME_Shape_IndexedFaceSet_3052"
							            point="7.500000 12.556300 15.556300 7.500000 12.556300 15.556300 7.500000 12.853400 14.254600 7.500000 12.853400 16.858000 7.500000 13.685800 13.210800 7.500000 13.685800 17.901800 7.500000 14.888700 12.631500 7.500000 14.888700 18.481100 7.500000 16.223900 12.631500 7.500000 16.223900 18.481100 7.500000 17.426800 13.210800 7.500000 17.426800 17.901800 7.500000 18.259199 14.254600 7.500000 18.259199 16.858000 7.500000 18.556299 15.556300 7.932100 17.901400 17.427200 7.932100 17.426800 17.901800 7.954300 16.948099 18.213900 7.960400 18.259199 16.858000 7.996100 16.423201 18.428301 8.016200 18.481600 16.221399 8.019700 16.220501 18.458200 8.096900 15.556300 18.556299 8.101400 18.527100 15.554300 8.134700 18.544800 15.293800 8.200100 14.888700 18.481100 8.222500 18.449200 14.762000 8.321800 18.259199 14.254600 8.322100 14.253200 18.258499 8.457000 13.685800 17.901800 8.457000 17.901501 13.685500 8.599600 17.426800 13.210800 8.599900 13.210000 17.425800 8.743000 12.853400 16.858000 8.745900 12.847500 16.845600 8.745900 16.845600 12.847500 8.786100 12.784900 16.705000 8.828700 12.741400 16.593800 8.859100 16.526501 12.717500 9.033200 16.239201 12.635900 9.034300 12.636500 16.239500 9.042500 16.223900 12.631500 9.046200 12.630400 16.218901 9.393300 12.572300 15.866100 9.550600 15.759000 12.563200 9.556000 15.756600 12.563100 9.562000 12.565900 15.770600 9.776800 12.557700 15.649000 9.825600 12.557200 15.631600 9.825600 12.557200 15.631600 9.869300 15.617800 12.556900 10.212600 12.556300 15.567100 10.212600 12.556300 15.567100 10.212600 15.567100 12.556300 15.500000 12.556300 15.567100 15.500000 15.567100 12.556300 15.507400 12.557600 15.556400 15.507400 12.557600 15.556400 15.970800 14.889400 12.636300 16.000000 14.847400 12.641300 16.000000 12.641300 14.847400 16.000000 12.853400 14.254600 16.000000 13.443400 13.514800 16.000000 13.685800 13.210800 "
							            />
							<TextureCoordinate point="0.0584 0.6445 0.0611 0.6107 0.0000 0.6113 0.3191 0.0000 0.9412 0.0000 0.9420 0.0002 0.1819 0.0124 0.2227 0.0027 0.0000 0.0000 0.1819 0.0124 0.0000 0.0000 0.1805 0.0134 0.1462 0.0495 0.1466 0.0485 0.0000 0.0495 0.1513 0.0381 0.0000 0.0495 0.1466 0.0485 0.0000 0.0495 0.1513 0.0381 0.0000 0.0000 0.1563 0.0309 0.0000 0.0000 0.1513 0.0381 0.0000 0.0000 0.1563 0.0309 0.1805 0.0134 0.2227 0.0027 0.2426 0.0016 0.0000 0.0000 0.2679 0.0002 0.0000 0.0000 0.2426 0.0016 0.0000 0.0000 0.2679 0.0002 0.2736 0.0002 0.0000 0.1883 0.1126 0.1883 0.0000 0.0495 0.1294 0.1089 0.0000 0.0495 0.1126 0.1883 0.0000 0.0495 0.1294 0.1089 0.1462 0.0495 0.0000 0.6113 0.0611 0.6107 0.0000 0.3887 0.0611 0.6107 0.0702 0.5000 0.0000 0.3887 0.0824 0.3887 0.0000 0.3887 0.0702 0.5000 0.0000 0.3887 0.0824 0.3887 0.0000 0.1883 0.0967 0.2828 0.0000 0.1883 0.0824 0.3887 0.0000 0.1883 0.0967 0.2828 0.1126 0.1883 0.0584 0.6445 0.0000 0.6113 0.0534 0.7320 0.0000 0.8117 0.0534 0.7320 0.0000 0.6113 0.0534 0.7320 0.0000 0.8117 0.0508 0.8117 0.0508 0.8117 0.0000 0.8117 0.0508 0.8909 0.0000 0.9505 0.0508 0.8909 0.0000 0.8117 0.0508 0.8909 0.0000 0.9505 0.0542 0.9505 0.0542 0.9505 0.0000 0.9505 0.0607 0.9876 0.0000 1.0000 0.0607 0.9876 0.0000 0.9505 0.0607 0.9876 0.0000 1.0000 0.0708 0.9951 0.0000 0.9505 0.0850 0.9822 0.0000 1.0000 0.0747 0.9981 0.0000 1.0000 0.0850 0.9822 0.0000 1.0000 0.0747 0.9981 0.0708 0.9951 0.0000 0.8117 0.1126 0.8909 0.0000 0.9505 0.0967 0.9505 0.0000 0.9505 0.1126 0.8909 0.0000 0.9505 0.0967 0.9505 0.0850 0.9822 0.1804 0.6138 0.1599 0.6617 0.0000 0.6113 0.1466 0.7149 0.0000 0.6113 0.1599 0.6617 0.0000 0.6113 0.1466 0.7149 0.0000 0.8117 0.1294 0.8117 0.0000 0.8117 0.1466 0.7149 0.0000 0.8117 0.1294 0.8117 0.1126 0.8909 0.3191 0.5018 0.2787 0.5102 0.0000 0.3887 0.2787 0.5102 0.2419 0.5334 0.0000 0.3887 0.2412 0.5338 0.0000 0.3887 0.2419 0.5334 0.0000 0.3887 0.2412 0.5338 0.0000 0.6113 0.1815 0.6113 0.0000 0.6113 0.2412 0.5338 0.0000 0.6113 0.1815 0.6113 0.1804 0.6138 0.9412 0.5018 0.3191 0.5018 0.9966 0.3889 0.0000 0.3887 0.9966 0.3889 0.3191 0.5018 0.9966 0.3889 0.0000 0.3887 1.0000 0.3819 0.0000 0.1883 1.0000 0.3819 0.0000 0.3887 0.2736 0.0002 0.3191 0.0000 0.0000 0.0000 0.9420 0.0002 0.0000 0.0000 0.3191 0.0000 0.0000 0.0000 0.9420 0.0002 0.0000 0.0495 1.0000 0.0142 0.0000 0.0495 0.9420 0.0002 1.0000 0.0142 1.0000 0.0495 0.0000 0.0495 1.0000 0.1479 0.0000 0.0495 1.0000 0.0495 0.0000 0.0495 1.0000 0.1479 0.0000 0.1883 1.0000 0.1883 0.0000 0.1883 1.0000 0.1479 0.0000 0.1883 1.0000 0.1883 1.0000 0.3819 " />
						</IndexedFaceSet>
					</Shape>
				</Group>
			</Transform>
		</Transform>
		<Transform DEF="Shape_IndexedFaceSet_005_TRANSFORM"
		           translation="0.000000 0.000000 0.000000"
		           scale="1.000000 1.000000 1.000000"
		           rotation="-0.000000 0.000000 0.000000 0.000000"
		           >
			<Transform DEF="Shape_IndexedFaceSet_005_ifs_TRANSFORM"
			           translation="0.000000 0.000000 0.000000"
			           scale="1.000000 1.000000 1.000000"
			           rotation="0.000000 1.000000 0.000000 0.000000"
			           >
				<Group DEF="group_ME_Shape_IndexedFaceSet_3053">
					<Shape>
						<Appearance>
							<Material USE="MA_Shape_011" />
						</Appearance>
						<IndexedFaceSet solid="false"
						                texCoordIndex="0 1 2 -1 3 4 5 -1 6 7 8 -1 9 10 11 -1 12 13 14 -1 15 16 17 -1 18 19 20 -1 21 22 23 -1 24 25 26 -1 27 28 29 -1 30 31 32 -1 33 34 35 -1 36 37 38 -1 39 40 41 -1 42 43 44 -1 45 46 47 -1 48 49 50 -1 51 52 53 -1 54 55 56 -1 57 58 59 -1 60 61 62 -1 63 64 65 -1 66 67 68 -1 69 70 71 -1 72 73 74 -1 75 76 77 -1 78 79 80 -1 81 82 83 -1 84 85 86 -1 87 88 89 -1 90 91 92 -1 93 94 95 -1 96 97 98 -1 99 100 101 -1 "
						                coordIndex="17 18 10 -1 21 24 26 -1 22 19 18 -1 10 6 5 -1 19 15 18 -1 13 18 15 -1 18 13 10 -1 11 10 13 -1 10 11 6 -1 28 29 23 -1 16 20 21 -1 7 12 8 -1 14 8 12 -1 23 22 28 -1 18 28 22 -1 28 18 25 -1 17 25 18 -1 25 17 27 -1 26 27 17 -1 1 0 8 -1 3 8 0 -1 8 3 7 -1 2 1 9 -1 8 9 1 -1 9 8 16 -1 14 16 8 -1 16 14 20 -1 21 26 16 -1 17 16 26 -1 16 17 9 -1 10 9 17 -1 9 10 2 -1 5 2 10 -1 2 5 4 -1 "
						                >
							<Coordinate DEF="coords_ME_Shape_IndexedFaceSet_3053"
							            point="8.745900 8.666400 19.332001 8.745900 10.120800 18.611900 8.745900 11.515800 17.782499 8.745900 8.164900 19.549000 8.745900 12.847500 16.845600 8.786100 12.784900 16.705000 8.828700 12.741400 16.593800 8.925900 7.864300 19.179100 9.031600 8.416600 18.774900 9.031600 9.829100 18.075500 9.031600 11.184000 17.270100 9.034300 12.636500 16.239500 9.045700 7.748200 19.072901 9.046200 12.630400 16.218901 9.235200 7.564400 18.904800 9.393300 12.572300 15.866100 9.555800 8.243300 18.388201 9.555800 9.626700 17.703199 9.555800 10.953600 16.914400 9.562000 12.565900 15.770600 9.564700 7.374900 18.769300 9.681100 7.308000 18.721500 9.776800 12.557700 15.649000 9.825600 12.557200 15.631600 10.212600 7.203400 18.657700 10.212600 9.993300 17.309200 10.212600 8.181300 18.250000 10.212600 9.554300 17.570200 10.212600 10.871300 16.787300 10.212600 12.556300 15.567100 "
							            />
							<TextureCoordinate point="0.4294 0.5365 0.6644 0.3384 0.7053 0.4277 0.0185 0.7922 0.0000 0.7762 0.1733 0.6738 0.9487 0.0206 0.9501 0.0511 0.6644 0.3384 0.7053 0.4277 0.9812 0.2578 0.9889 0.2858 0.9501 0.0511 0.9512 0.0751 0.6644 0.3384 0.9615 0.1637 0.6644 0.3384 0.9512 0.0751 0.6644 0.3384 0.9615 0.1637 0.7053 0.4277 0.9626 0.1689 0.7053 0.4277 0.9615 0.1637 0.7053 0.4277 0.9626 0.1689 0.9812 0.2578 0.6499 0.3064 0.9484 0.0000 0.9486 0.0162 0.1842 0.7085 0.0304 0.8042 0.0185 0.7922 0.1171 0.9071 0.0965 0.8804 0.2150 0.8056 0.0640 0.8382 0.2150 0.8056 0.0965 0.8804 0.9486 0.0162 0.9487 0.0206 0.6499 0.3064 0.6644 0.3384 0.6499 0.3064 0.9487 0.0206 0.6499 0.3064 0.6644 0.3384 0.4943 0.4375 0.4294 0.5365 0.4943 0.4375 0.6644 0.3384 0.4943 0.4375 0.4294 0.5365 0.4165 0.5031 0.1733 0.6738 0.4165 0.5031 0.4294 0.5365 0.5169 0.7647 0.2592 0.9455 0.2150 0.8056 0.1704 1.0000 0.2150 0.8056 0.2592 0.9455 0.2150 0.8056 0.1704 1.0000 0.1171 0.9071 0.7641 0.5564 0.5169 0.7647 0.4652 0.6300 0.2150 0.8056 0.4652 0.6300 0.5169 0.7647 0.4652 0.6300 0.2150 0.8056 0.1842 0.7085 0.0640 0.8382 0.1842 0.7085 0.2150 0.8056 0.1842 0.7085 0.0640 0.8382 0.0304 0.8042 0.0185 0.7922 0.1733 0.6738 0.1842 0.7085 0.4294 0.5365 0.1842 0.7085 0.1733 0.6738 0.1842 0.7085 0.4294 0.5365 0.4652 0.6300 0.7053 0.4277 0.4652 0.6300 0.4294 0.5365 0.4652 0.6300 0.7053 0.4277 0.7641 0.5564 0.9889 0.2858 0.7641 0.5564 0.7053 0.4277 0.7641 0.5564 0.9889 0.2858 1.0000 0.3211 " />
						</IndexedFaceSet>
					</Shape>
				</Group>
			</Transform>
		</Transform>
		<Transform DEF="Shape_IndexedFaceSet_006_TRANSFORM"
		           translation="0.000000 0.000000 0.000000"
		           scale="1.000000 1.000000 1.000000"
		           rotation="-0.000000 0.000000 0.000000 0.000000"
		           >
			<Transform DEF="Shape_IndexedFaceSet_006_ifs_TRANSFORM"
			           translation="0.000000 0.000000 0.000000"
			           scale="1.000000 1.000000 1.000000"
			           rotation="0.000000 1.000000 0.000000 0.000000"
			           >
				<Group DEF="group_ME_Shape_IndexedFaceSet_3054">
					<Shape>
						<Appearance>
							<Material USE="MA_Shape_011" />
						</Appearance>
						<IndexedFaceSet solid="false"
						                texCoordIndex="0 1 2 -1 3 4 5 -1 6 7 8 -1 9 10 11 -1 12 13 14 -1 15 16 17 -1 18 19 20 -1 21 22 23 -1 24 25 26 -1 27 28 29 -1 30 31 32 -1 33 34 35 -1 36 37 38 -1 39 40 41 -1 42 43 44 -1 45 46 47 -1 48 49 50 -1 51 52 53 -1 54 55 56 -1 57 58 59 -1 60 61 62 -1 63 64 65 -1 66 67 68 -1 69 70 71 -1 72 73 74 -1 75 76 77 -1 78 79 80 -1 81 82 83 -1 84 85 86 -1 87 88 89 -1 90 91 92 -1 93 94 95 -1 96 97 98 -1 99 100 101 -1 102 103 104 -1 105 106 107 -1 108 109 110 -1 111 112 113 -1 114 115 116 -1 117 118 119 -1 120 121 122 -1 123 124 125 -1 126 127 128 -1 129 130 131 -1 132 133 134 -1 135 136 137 -1 138 139 140 -1 141 142 143 -1 144 145 146 -1 147 148 149 -1 150 151 152 -1 153 154 155 -1 156 157 158 -1 159 160 161 -1 162 163 164 -1 165 166 167 -1 168 169 170 -1 171 172 173 -1 174 175 176 -1 177 178 179 -1 180 181 182 -1 183 184 185 -1 186 187 188 -1 189 190 191 -1 192 193 194 -1 195 196 197 -1 198 199 200 -1 201 202 203 -1 204 205 206 -1 207 208 209 -1 210 211 212 -1 213 214 215 -1 216 217 218 -1 219 220 221 -1 222 223 224 -1 225 226 227 -1 228 229 230 -1 231 232 233 -1 234 235 236 -1 237 238 239 -1 240 241 242 -1 243 244 245 -1 246 247 248 -1 249 250 251 -1 252 253 254 -1 255 256 257 -1 "
						                coordIndex="82 84 41 -1 41 46 82 -1 39 82 46 -1 82 39 81 -1 44 81 39 -1 81 44 78 -1 37 78 44 -1 78 37 76 -1 37 35 76 -1 33 76 35 -1 76 33 74 -1 72 74 33 -1 33 32 72 -1 21 72 32 -1 72 21 71 -1 29 71 21 -1 71 29 68 -1 19 68 29 -1 68 19 66 -1 19 28 66 -1 17 66 28 -1 66 17 64 -1 17 26 64 -1 15 64 26 -1 64 15 53 -1 23 53 15 -1 53 23 62 -1 23 7 62 -1 13 62 7 -1 62 13 60 -1 5 60 13 -1 60 5 52 -1 12 52 5 -1 52 12 58 -1 12 3 58 -1 9 58 3 -1 58 9 56 -1 1 56 9 -1 56 1 55 -1 0 55 1 -1 55 0 57 -1 0 2 57 -1 10 57 2 -1 57 10 59 -1 10 4 59 -1 11 59 4 -1 59 11 51 -1 61 51 11 -1 11 6 61 -1 14 61 6 -1 61 14 63 -1 8 63 14 -1 63 8 54 -1 24 54 8 -1 54 24 65 -1 24 16 65 -1 25 65 16 -1 65 25 67 -1 25 18 67 -1 27 67 18 -1 67 27 69 -1 20 69 27 -1 69 20 70 -1 30 70 20 -1 70 30 73 -1 30 22 73 -1 31 73 22 -1 73 31 75 -1 34 75 31 -1 75 34 77 -1 36 77 34 -1 77 36 79 -1 38 79 36 -1 79 38 80 -1 45 80 38 -1 80 45 83 -1 45 40 83 -1 48 83 40 -1 83 48 86 -1 47 42 85 -1 50 85 42 -1 85 50 87 -1 43 87 50 -1 87 43 84 -1 49 84 43 -1 84 49 41 -1 "
						                >
							<Coordinate DEF="coords_ME_Shape_IndexedFaceSet_3054"
							            point="15.500000 -9.999900 0.000000 15.500000 -9.709400 -2.393100 15.500000 -9.709400 2.393100 15.500000 -8.854500 -4.647200 15.500000 -8.854500 4.647200 15.500000 -7.485100 -6.631200 15.500000 -7.485100 6.631200 15.500000 -5.680600 -8.229800 15.500000 -5.680600 8.229800 15.500000 -9.675300 -2.482900 15.500000 -9.675300 2.482900 15.500000 -8.745400 4.805300 15.500000 -8.745400 -4.805300 15.500000 -7.269200 -6.822400 15.500000 -7.269200 6.822400 15.500000 -3.546000 -9.350100 15.500000 -3.546000 9.350100 15.500000 -1.205300 -9.927000 15.500000 -1.205300 9.927000 15.500000 1.205300 -9.927000 15.500000 1.205300 9.927000 15.500000 3.546000 -9.350100 15.500000 3.546000 9.350100 15.500000 -5.340000 -8.408500 15.500000 -5.340000 8.408500 15.500000 -3.079000 9.465200 15.500000 -3.079000 -9.465200 15.500000 -0.627900 9.927000 15.500000 -0.627900 -9.927000 15.500000 1.859700 -9.765700 15.500000 1.859700 9.765700 15.500000 4.228300 8.992000 15.500000 4.228300 -8.992000 15.500000 5.680600 -8.229800 15.500000 5.680600 8.229800 15.500000 6.329600 -7.654800 15.500000 6.329600 7.654800 15.500000 7.485100 -6.631200 15.500000 7.485100 6.631200 15.500000 8.854500 -4.647200 15.500000 8.854500 4.647200 15.500000 9.709400 -2.393100 15.500000 9.709400 2.393100 15.500000 9.999900 0.000000 15.500000 8.032500 -5.838000 15.500000 8.032500 5.838000 15.500000 9.230500 -3.655700 15.500000 9.230500 3.655700 15.500000 9.230500 3.655700 15.500000 9.848800 -1.244500 15.500000 9.848800 1.244500 16.000000 -8.821700 5.568400 16.000000 -8.821700 -5.568400 16.000000 -5.768400 -8.744300 16.000000 -5.768400 8.744300 16.000000 -10.499900 0.000000 16.000000 -10.194800 -2.512800 16.000000 -10.194800 2.512800 16.000000 -9.297200 -4.879500 16.000000 -9.297200 4.879500 16.000000 -7.859300 -6.962700 16.000000 -7.859300 6.962700 16.000000 -5.964600 -8.641300 16.000000 -5.964600 8.641300 16.000000 -3.723300 -9.817600 16.000000 -3.723300 9.817600 16.000000 -1.265600 -10.423400 16.000000 -1.265600 10.423400 16.000000 1.265600 -10.423400 16.000000 1.265600 10.423400 16.000000 2.300000 10.168400 16.000000 2.300000 -10.168400 16.000000 3.723300 -9.817600 16.000000 3.723300 9.817600 16.000000 5.768400 -8.744300 16.000000 5.768400 8.744300 16.000000 5.964600 -8.641300 16.000000 5.964600 8.641300 16.000000 7.859300 -6.962700 16.000000 7.859300 6.962700 16.000000 8.821700 5.568400 16.000000 8.821700 -5.568400 16.000000 9.297200 -4.879500 16.000000 9.297200 4.879500 16.000000 10.194800 -2.512800 16.000000 10.194800 2.512800 16.000000 10.194800 2.512800 16.000000 10.499900 0.000000 "
							            />
							<TextureCoordinate point="0.9427 0.2659 0.9855 0.3795 0.9624 0.3852 0.9624 0.3852 0.9396 0.3246 0.9427 0.2659 0.9216 0.2771 0.9427 0.2659 0.9396 0.3246 0.9427 0.2659 0.9216 0.2771 0.9201 0.2329 0.8825 0.2200 0.9201 0.2329 0.9216 0.2771 0.9201 0.2329 0.8825 0.2200 0.8743 0.1660 0.8564 0.1819 0.8743 0.1660 0.8825 0.2200 0.8743 0.1660 0.8564 0.1819 0.7840 0.0855 0.8564 0.1819 0.8014 0.1328 0.7840 0.0855 0.7705 0.1052 0.7840 0.0855 0.8014 0.1328 0.7840 0.0855 0.7705 0.1052 0.7747 0.0805 0.6773 0.0291 0.7747 0.0805 0.7705 0.1052 0.7705 0.1052 0.7013 0.0687 0.6773 0.0291 0.6689 0.0515 0.6773 0.0291 0.7013 0.0687 0.6773 0.0291 0.6689 0.0515 0.6095 0.0122 0.5886 0.0315 0.6095 0.0122 0.6689 0.0515 0.6095 0.0122 0.5886 0.0315 0.5603 0.0000 0.5574 0.0238 0.5603 0.0000 0.5886 0.0315 0.5603 0.0000 0.5574 0.0238 0.4397 0.0000 0.5574 0.0238 0.4701 0.0238 0.4397 0.0000 0.4426 0.0238 0.4397 0.0000 0.4701 0.0238 0.4397 0.0000 0.4426 0.0238 0.3227 0.0291 0.4426 0.0238 0.3534 0.0460 0.3227 0.0291 0.3311 0.0515 0.3227 0.0291 0.3534 0.0460 0.3227 0.0291 0.3311 0.0515 0.2253 0.0805 0.2457 0.0967 0.2253 0.0805 0.3311 0.0515 0.2253 0.0805 0.2457 0.0967 0.2160 0.0855 0.2457 0.0967 0.2295 0.1052 0.2160 0.0855 0.1538 0.1727 0.2160 0.0855 0.2295 0.1052 0.2160 0.0855 0.1538 0.1727 0.1257 0.1660 0.1436 0.1819 0.1257 0.1660 0.1538 0.1727 0.1257 0.1660 0.1436 0.1819 0.0799 0.2329 0.0835 0.2695 0.0799 0.2329 0.1436 0.1819 0.0799 0.2329 0.0835 0.2695 0.0573 0.2659 0.0835 0.2695 0.0784 0.2771 0.0573 0.2659 0.0393 0.3809 0.0573 0.2659 0.0784 0.2771 0.0573 0.2659 0.0393 0.3809 0.0145 0.3795 0.0376 0.3852 0.0145 0.3795 0.0393 0.3809 0.0145 0.3795 0.0376 0.3852 0.0000 0.5000 0.0238 0.5000 0.0000 0.5000 0.0376 0.3852 0.0000 0.5000 0.0238 0.5000 0.0145 0.6205 0.0238 0.5000 0.0376 0.6148 0.0145 0.6205 0.0393 0.6191 0.0145 0.6205 0.0376 0.6148 0.0145 0.6205 0.0393 0.6191 0.0573 0.7341 0.0393 0.6191 0.0784 0.7229 0.0573 0.7341 0.0835 0.7305 0.0573 0.7341 0.0784 0.7229 0.0573 0.7341 0.0835 0.7305 0.0799 0.7671 0.1257 0.8340 0.0799 0.7671 0.0835 0.7305 0.0835 0.7305 0.1436 0.8181 0.1257 0.8340 0.1538 0.8273 0.1257 0.8340 0.1436 0.8181 0.1257 0.8340 0.1538 0.8273 0.2160 0.9145 0.2295 0.8948 0.2160 0.9145 0.1538 0.8273 0.2160 0.9145 0.2295 0.8948 0.2253 0.9195 0.2457 0.9033 0.2253 0.9195 0.2295 0.8948 0.2253 0.9195 0.2457 0.9033 0.3227 0.9709 0.2457 0.9033 0.3311 0.9485 0.3227 0.9709 0.3534 0.9540 0.3227 0.9709 0.3311 0.9485 0.3227 0.9709 0.3534 0.9540 0.4397 1.0000 0.3534 0.9540 0.4426 0.9762 0.4397 1.0000 0.4701 0.9762 0.4397 1.0000 0.4426 0.9762 0.4397 1.0000 0.4701 0.9762 0.5603 1.0000 0.5574 0.9762 0.5603 1.0000 0.4701 0.9762 0.5603 1.0000 0.5574 0.9762 0.6095 0.9878 0.5886 0.9685 0.6095 0.9878 0.5574 0.9762 0.6095 0.9878 0.5886 0.9685 0.6773 0.9709 0.5886 0.9685 0.6689 0.9485 0.6773 0.9709 0.7013 0.9313 0.6773 0.9709 0.6689 0.9485 0.6773 0.9709 0.7013 0.9313 0.7747 0.9195 0.7705 0.8948 0.7747 0.9195 0.7013 0.9313 0.7747 0.9195 0.7705 0.8948 0.7840 0.9145 0.8014 0.8672 0.7840 0.9145 0.7705 0.8948 0.7840 0.9145 0.8014 0.8672 0.8743 0.8340 0.8564 0.8181 0.8743 0.8340 0.8014 0.8672 0.8743 0.8340 0.8564 0.8181 0.9201 0.7671 0.8825 0.7800 0.9201 0.7671 0.8564 0.8181 0.9201 0.7671 0.8825 0.7800 0.9427 0.7341 0.8825 0.7800 0.9216 0.7229 0.9427 0.7341 0.9396 0.6754 0.9427 0.7341 0.9216 0.7229 0.9427 0.7341 0.9396 0.6754 0.9855 0.6205 0.9396 0.6754 0.9624 0.6148 0.9855 0.6205 0.9690 0.5597 0.9855 0.6205 0.9624 0.6148 0.9855 0.6205 0.9690 0.5597 1.0000 0.5000 0.9762 0.5000 1.0000 0.5000 0.9690 0.5597 1.0000 0.5000 0.9762 0.5000 0.9855 0.3795 0.9690 0.4403 0.9855 0.3795 0.9762 0.5000 0.9855 0.3795 0.9690 0.4403 0.9624 0.3852 " />
						</IndexedFaceSet>
					</Shape>
				</Group>
			</Transform>
		</Transform>
		<Transform DEF="Shape_IndexedFaceSet_007_TRANSFORM"
		           translation="0.000000 0.000000 0.000000"
		           scale="1.000000 1.000000 1.000000"
		           rotation="-0.000000 0.000000 0.000000 0.000000"
		           >
			<Transform DEF="Shape_IndexedFaceSet_007_ifs_TRANSFORM"
			           translation="0.000000 0.000000 0.000000"
			           scale="1.000000 1.000000 1.000000"
			           rotation="0.000000 1.000000 0.000000 0.000000"
			           >
				<Group DEF="group_ME_Shape_IndexedFaceSet_3055">
					<Shape>
						<Appearance>
							<Material USE="MA_Shape_011" />
						</Appearance>
						<IndexedFaceSet solid="false"
						                texCoordIndex="0 1 2 -1 3 4 5 -1 6 7 8 -1 9 10 11 -1 12 13 14 -1 15 16 17 -1 18 19 20 -1 21 22 23 -1 24 25 26 -1 "
						                coordIndex="8 0 6 -1 2 6 0 -1 7 5 10 -1 4 10 5 -1 10 4 9 -1 1 9 4 -1 9 1 8 -1 3 8 1 -1 8 3 0 -1 "
						                >
							<Coordinate DEF="coords_ME_Shape_IndexedFaceSet_3055"
							            point="15.500000 8.920100 17.900499 15.500000 11.042200 16.675301 15.500000 7.203400 18.657700 15.500000 9.981200 17.287901 15.500000 12.556300 15.567100 15.507400 12.557600 15.556400 15.999900 6.537600 18.371401 15.999900 12.641300 14.847400 16.000000 8.697100 17.452999 16.000000 10.766200 16.258400 16.000000 11.868400 15.429000 "
							            />
							<TextureCoordinate point="0.3538 0.6838 0.3903 0.8013 0.0000 0.9249 0.1091 1.0000 0.0000 0.9249 0.3903 0.8013 1.0000 0.0000 0.9863 0.1861 0.8734 0.1526 0.9861 0.1889 0.8734 0.1526 0.9863 0.1861 0.8734 0.1526 0.9861 0.1889 0.6928 0.3703 0.7380 0.4797 0.6928 0.3703 0.9861 0.1889 0.6928 0.3703 0.7380 0.4797 0.3538 0.6838 0.5642 0.6405 0.3538 0.6838 0.7380 0.4797 0.3538 0.6838 0.5642 0.6405 0.3903 0.8013 " />
						</IndexedFaceSet>
					</Shape>
				</Group>
			</Transform>
		</Transform>
		<Transform DEF="Shape_IndexedFaceSet_008_TRANSFORM"
		           translation="0.000000 0.000000 0.000000"
		           scale="1.000000 1.000000 1.000000"
		           rotation="-0.000000 0.000000 0.000000 0.000000"
		           >
			<Transform DEF="Shape_IndexedFaceSet_008_ifs_TRANSFORM"
			           translation="0.000000 0.000000 0.000000"
			           scale="1.000000 1.000000 1.000000"
			           rotation="0.000000 1.000000 0.000000 0.000000"
			           >
				<Group DEF="group_ME_Shape_IndexedFaceSet_3056">
					<Shape>
						<Appearance>
							<Material USE="MA_Shape_011" />
						</Appearance>
						<IndexedFaceSet solid="false"
						                texCoordIndex="0 1 2 -1 3 4 5 -1 6 7 8 -1 9 10 11 -1 12 13 14 -1 15 16 17 -1 18 19 20 -1 21 22 23 -1 24 25 26 -1 27 28 29 -1 30 31 32 -1 33 34 35 -1 36 37 38 -1 39 40 41 -1 42 43 44 -1 45 46 47 -1 48 49 50 -1 51 52 53 -1 54 55 56 -1 57 58 59 -1 60 61 62 -1 63 64 65 -1 66 67 68 -1 69 70 71 -1 72 73 74 -1 75 76 77 -1 78 79 80 -1 81 82 83 -1 84 85 86 -1 87 88 89 -1 90 91 92 -1 93 94 95 -1 96 97 98 -1 99 100 101 -1 102 103 104 -1 105 106 107 -1 108 109 110 -1 111 112 113 -1 114 115 116 -1 117 118 119 -1 120 121 122 -1 123 124 125 -1 126 127 128 -1 129 130 131 -1 132 133 134 -1 135 136 137 -1 138 139 140 -1 141 142 143 -1 144 145 146 -1 147 148 149 -1 150 151 152 -1 153 154 155 -1 156 157 158 -1 159 160 161 -1 "
						                coordIndex="48 50 46 -1 53 46 50 -1 0 32 2 -1 34 2 32 -1 2 34 37 -1 37 38 2 -1 41 2 38 -1 2 41 5 -1 42 5 41 -1 5 42 45 -1 3 4 24 -1 24 26 3 -1 28 3 26 -1 3 28 1 -1 30 1 28 -1 1 30 33 -1 6 9 16 -1 16 18 6 -1 20 6 18 -1 6 20 4 -1 22 4 20 -1 4 22 24 -1 10 17 9 -1 15 9 17 -1 9 15 16 -1 13 21 10 -1 19 10 21 -1 10 19 17 -1 14 25 13 -1 23 13 25 -1 13 23 21 -1 12 29 14 -1 27 14 29 -1 14 27 25 -1 39 36 11 -1 35 11 36 -1 11 35 12 -1 31 12 35 -1 12 31 29 -1 55 52 49 -1 47 44 8 -1 43 8 44 -1 8 43 11 -1 40 11 43 -1 11 40 39 -1 49 47 55 -1 8 55 47 -1 55 8 51 -1 7 51 8 -1 45 46 5 -1 53 5 46 -1 5 53 7 -1 54 7 53 -1 7 54 51 -1 "
						                >
							<Coordinate DEF="coords_ME_Shape_IndexedFaceSet_3056"
							            point="7.500000 2.694000 21.250299 7.500000 2.694000 21.250299 7.500000 2.991100 19.948700 7.500000 2.991100 22.552000 7.500000 3.823500 23.595800 7.500000 3.823500 18.904800 7.500000 5.026400 24.175100 7.500000 5.026400 18.325500 7.500000 6.361500 18.325500 7.500000 6.361500 24.175100 7.500000 7.564400 23.595800 7.500000 7.564400 18.904800 7.500000 8.396900 19.948700 7.500000 8.396900 22.552000 7.500000 8.694000 21.250299 7.929300 6.623500 24.102699 7.934700 6.356800 24.144899 7.943800 7.118500 23.890499 7.947900 5.691800 24.250299 7.975900 7.564400 23.595800 7.994500 5.026400 24.175100 8.040400 8.040300 23.119699 8.067400 4.391100 23.952600 8.129000 8.396900 22.552000 8.163500 3.823500 23.595800 8.238900 8.618800 21.917601 8.279500 3.348600 23.120899 8.365700 8.694000 21.250299 8.410800 2.991100 22.552000 8.504400 8.618300 20.580799 8.551900 2.768900 21.916401 8.647700 8.396900 19.948700 8.695600 2.694000 21.250299 8.695600 2.694000 21.250299 8.745900 2.703400 21.012501 8.745900 8.164900 19.549000 8.925900 7.864300 19.179100 9.021100 2.818500 20.394800 9.033900 2.823000 20.383301 9.045700 7.748200 19.072901 9.235200 7.564400 18.904800 9.515700 2.991100 19.948700 9.557400 3.000000 19.931200 9.564700 7.374900 18.769300 9.681100 7.308000 18.721500 9.849600 3.062800 19.809099 10.212600 3.090500 19.759701 10.212600 7.203400 18.657700 15.500000 3.090500 19.759701 15.500000 7.203400 18.657700 16.000000 3.523900 19.178900 16.000000 5.768400 18.325500 16.000000 6.537600 18.371401 16.000000 3.823500 18.904800 16.000000 5.026400 18.325500 16.000000 6.361500 18.325500 "
							            />
							<TextureCoordinate point="0.9412 0.0661 1.0000 0.1383 0.3191 0.0661 1.0000 0.1883 0.3191 0.0661 1.0000 0.1383 0.0000 0.0000 0.1407 0.0000 0.0000 0.0495 0.1466 0.0016 0.0000 0.0495 0.1407 0.0000 0.0000 0.0495 0.1466 0.0016 0.1790 0.0207 0.1790 0.0207 0.1805 0.0215 0.0000 0.0495 0.2371 0.0495 0.0000 0.0495 0.1805 0.0215 0.0000 0.0495 0.2371 0.0495 0.0000 0.1883 0.2420 0.0510 0.0000 0.1883 0.2371 0.0495 0.0000 0.1883 0.2420 0.0510 0.2764 0.0615 0.0000 0.0495 0.0000 0.1883 0.0781 0.1883 0.0781 0.1883 0.0917 0.1091 0.0000 0.0495 0.1072 0.0495 0.0000 0.0495 0.0917 0.1091 0.0000 0.0495 0.1072 0.0495 0.0000 0.0000 0.1238 0.0125 0.0000 0.0000 0.1072 0.0495 0.0000 0.0000 0.1238 0.0125 0.1407 0.0000 0.0000 0.3887 0.0000 0.6112 0.0511 0.6105 0.0511 0.6105 0.0527 0.4996 0.0000 0.3887 0.0582 0.3887 0.0000 0.3887 0.0527 0.4996 0.0000 0.3887 0.0582 0.3887 0.0000 0.1883 0.0668 0.2828 0.0000 0.1883 0.0582 0.3887 0.0000 0.1883 0.0668 0.2828 0.0781 0.1883 0.0000 0.8117 0.0522 0.7374 0.0000 0.6112 0.0505 0.6549 0.0000 0.6112 0.0522 0.7374 0.0000 0.6112 0.0505 0.6549 0.0511 0.6105 0.0000 0.9505 0.0636 0.8910 0.0000 0.8117 0.0560 0.8117 0.0000 0.8117 0.0636 0.8910 0.0000 0.8117 0.0560 0.8117 0.0522 0.7374 0.0000 1.0000 0.0869 0.9875 0.0000 0.9505 0.0740 0.9505 0.0000 0.9505 0.0869 0.9875 0.0000 0.9505 0.0740 0.9505 0.0636 0.8910 0.0000 0.9505 0.1182 0.9874 0.0000 1.0000 0.1018 1.0000 0.0000 1.0000 0.1182 0.9874 0.0000 1.0000 0.1018 1.0000 0.0869 0.9875 0.1818 0.8424 0.1678 0.8617 0.0000 0.8117 0.1466 0.9118 0.0000 0.8117 0.1678 0.8617 0.0000 0.8117 0.1466 0.9118 0.0000 0.9505 0.1350 0.9505 0.0000 0.9505 0.1466 0.9118 0.0000 0.9505 0.1350 0.9505 0.1182 0.9874 1.0000 0.6112 1.0000 0.6406 0.9412 0.7516 0.3191 0.7516 0.2566 0.7690 0.0000 0.6112 0.2429 0.7801 0.0000 0.6112 0.2566 0.7690 0.0000 0.6112 0.2429 0.7801 0.0000 0.8117 0.2041 0.8117 0.0000 0.8117 0.2429 0.7801 0.0000 0.8117 0.2041 0.8117 0.1818 0.8424 0.9412 0.7516 0.3191 0.7516 1.0000 0.6112 0.0000 0.6112 1.0000 0.6112 0.3191 0.7516 1.0000 0.6112 0.0000 0.6112 1.0000 0.5124 0.0000 0.3887 1.0000 0.5124 0.0000 0.6112 0.2764 0.0615 0.3191 0.0661 0.0000 0.1883 1.0000 0.1883 0.0000 0.1883 0.3191 0.0661 0.0000 0.1883 1.0000 0.1883 0.0000 0.3887 1.0000 0.3887 0.0000 0.3887 1.0000 0.1883 0.0000 0.3887 1.0000 0.3887 1.0000 0.5124 " />
						</IndexedFaceSet>
					</Shape>
				</Group>
			</Transform>
		</Transform>
		<Transform DEF="Shape_IndexedFaceSet_009_TRANSFORM"
		           translation="0.000000 0.000000 0.000000"
		           scale="1.000000 1.000000 1.000000"
		           rotation="-0.000000 0.000000 0.000000 0.000000"
		           >
			<Transform DEF="Shape_IndexedFaceSet_009_ifs_TRANSFORM"
			           translation="0.000000 0.000000 0.000000"
			           scale="1.000000 1.000000 1.000000"
			           rotation="0.000000 1.000000 0.000000 0.000000"
			           >
				<Group DEF="group_ME_Shape_IndexedFaceSet_3057">
					<Shape>
						<Appearance>
							<Material USE="MA_Shape_011" />
						</Appearance>
						<IndexedFaceSet solid="false"
						                texCoordIndex="0 1 2 -1 3 4 5 -1 6 7 8 -1 9 10 11 -1 12 13 14 -1 15 16 17 -1 18 19 20 -1 21 22 23 -1 24 25 26 -1 27 28 29 -1 30 31 32 -1 33 34 35 -1 36 37 38 -1 39 40 41 -1 42 43 44 -1 45 46 47 -1 48 49 50 -1 51 52 53 -1 54 55 56 -1 57 58 59 -1 60 61 62 -1 63 64 65 -1 66 67 68 -1 69 70 71 -1 72 73 74 -1 75 76 77 -1 78 79 80 -1 81 82 83 -1 84 85 86 -1 87 88 89 -1 90 91 92 -1 93 94 95 -1 96 97 98 -1 99 100 101 -1 102 103 104 -1 105 106 107 -1 108 109 110 -1 111 112 113 -1 114 115 116 -1 117 118 119 -1 120 121 122 -1 123 124 125 -1 126 127 128 -1 129 130 131 -1 132 133 134 -1 135 136 137 -1 138 139 140 -1 141 142 143 -1 144 145 146 -1 147 148 149 -1 150 151 152 -1 153 154 155 -1 156 157 158 -1 159 160 161 -1 162 163 164 -1 "
						                coordIndex="7 45 47 -1 2 33 5 -1 35 5 33 -1 5 35 37 -1 37 40 5 -1 41 5 40 -1 5 41 7 -1 44 7 41 -1 7 44 45 -1 1 3 25 -1 24 27 0 -1 29 0 27 -1 0 29 2 -1 31 2 29 -1 2 31 33 -1 16 18 4 -1 20 4 18 -1 4 20 3 -1 22 3 20 -1 3 22 25 -1 16 4 15 -1 6 15 4 -1 15 6 17 -1 8 17 6 -1 17 8 19 -1 10 23 8 -1 21 8 23 -1 8 21 19 -1 12 28 10 -1 26 10 28 -1 10 26 23 -1 14 32 12 -1 30 12 32 -1 12 30 28 -1 39 38 13 -1 36 13 38 -1 13 36 14 -1 34 14 36 -1 14 34 32 -1 55 56 50 -1 48 46 11 -1 43 11 46 -1 11 43 13 -1 42 13 43 -1 13 42 39 -1 50 48 55 -1 11 55 48 -1 55 11 54 -1 9 54 11 -1 54 9 51 -1 7 51 9 -1 51 7 53 -1 47 53 7 -1 53 47 52 -1 49 52 47 -1 "
						                >
							<Coordinate DEF="coords_ME_Shape_IndexedFaceSet_3057"
							            point="7.500000 -8.694000 21.250299 7.500000 -8.694000 21.250299 7.500000 -8.396900 19.948700 7.500000 -8.396900 22.552000 7.500000 -7.564400 23.595800 7.500000 -7.564400 18.904800 7.500000 -6.361500 24.175100 7.500000 -6.361500 18.325500 7.500000 -5.026400 24.175100 7.500000 -5.026400 18.325500 7.500000 -3.823500 23.595800 7.500000 -3.823500 18.904800 7.500000 -2.991100 22.552000 7.500000 -2.991100 19.948700 7.500000 -2.694000 21.250299 7.928900 -6.361500 24.175100 7.938400 -6.995800 23.953100 7.947900 -5.692600 24.250299 7.975900 -7.564400 23.595800 7.994500 -5.026400 24.175100 8.020200 -7.920900 23.260500 8.031800 -4.667900 24.069401 8.077200 -8.215800 22.875299 8.091700 -4.226600 23.867001 8.129000 -8.396900 22.552000 8.129000 -8.396900 22.552000 8.163500 -3.823500 23.595800 8.239000 -8.618900 21.917200 8.279900 -3.347100 23.119101 8.365700 -8.694000 21.250299 8.410800 -2.991100 22.552000 8.503900 -8.618900 20.583300 8.551800 -2.769000 21.917000 8.647700 -8.396900 19.948700 8.695200 -2.720500 21.248400 8.745900 -8.164900 19.549000 8.745900 -2.703400 21.012501 8.926200 -7.864000 19.178801 9.021800 -2.818800 20.393900 9.033800 -2.823000 20.383101 9.045600 -7.748200 19.072901 9.235200 -7.564400 18.904800 9.515700 -2.991100 19.948700 9.557400 -3.000000 19.931200 9.564700 -7.375000 18.769400 9.681700 -7.307700 18.721300 9.849600 -3.062800 19.809099 10.212600 -7.203400 18.657700 10.212600 -3.090500 19.759701 15.500000 -7.203400 18.657700 15.500000 -3.090500 19.759701 16.000000 -5.768400 18.325500 16.000000 -6.537600 18.371401 16.000000 -6.361500 18.325500 16.000000 -5.026400 18.325500 16.000000 -3.823500 18.904800 16.000000 -3.523900 19.178900 "
							            />
							<TextureCoordinate point="0.0000 0.3887 0.2567 0.2310 0.3191 0.2484 0.0000 0.0495 0.1350 0.0495 0.0000 0.1883 0.1466 0.0882 0.0000 0.1883 0.1350 0.0495 0.0000 0.1883 0.1466 0.0882 0.1678 0.1383 0.1678 0.1383 0.1818 0.1576 0.0000 0.1883 0.2041 0.1883 0.0000 0.1883 0.1818 0.1576 0.0000 0.1883 0.2041 0.1883 0.0000 0.3887 0.2429 0.2198 0.0000 0.3887 0.2041 0.1883 0.0000 0.3887 0.2429 0.2198 0.2567 0.2310 0.0000 0.0000 0.0000 0.0495 0.0740 0.0495 0.0740 0.0495 0.0869 0.0125 0.0000 0.0000 0.1018 0.0000 0.0000 0.0000 0.0869 0.0125 0.0000 0.0000 0.1018 0.0000 0.0000 0.0495 0.1181 0.0125 0.0000 0.0495 0.1018 0.0000 0.0000 0.0495 0.1181 0.0125 0.1350 0.0495 0.0516 0.2830 0.0560 0.1883 0.0000 0.1883 0.0612 0.1288 0.0000 0.1883 0.0560 0.1883 0.0000 0.1883 0.0612 0.1288 0.0000 0.0495 0.0679 0.0797 0.0000 0.0495 0.0612 0.1288 0.0000 0.0495 0.0679 0.0797 0.0740 0.0495 0.0516 0.2830 0.0000 0.1883 0.0505 0.3887 0.0000 0.3887 0.0505 0.3887 0.0000 0.1883 0.0505 0.3887 0.0000 0.3887 0.0527 0.5002 0.0000 0.6113 0.0527 0.5002 0.0000 0.3887 0.0527 0.5002 0.0000 0.6113 0.0582 0.6113 0.0000 0.8117 0.0696 0.7446 0.0000 0.6113 0.0626 0.6710 0.0000 0.6113 0.0696 0.7446 0.0000 0.6113 0.0626 0.6710 0.0582 0.6113 0.0000 0.9505 0.0918 0.8911 0.0000 0.8117 0.0781 0.8117 0.0000 0.8117 0.0918 0.8911 0.0000 0.8117 0.0781 0.8117 0.0696 0.7446 0.0000 1.0000 0.1237 0.9875 0.0000 0.9505 0.1072 0.9505 0.0000 0.9505 0.1237 0.9875 0.0000 0.9505 0.1072 0.9505 0.0918 0.8911 0.1804 0.9785 0.1790 0.9792 0.0000 0.9505 0.1466 0.9984 0.0000 0.9505 0.1790 0.9792 0.0000 0.9505 0.1466 0.9984 0.0000 1.0000 0.1406 0.9956 0.0000 1.0000 0.1466 0.9984 0.0000 1.0000 0.1406 0.9956 0.1237 0.9875 1.0000 0.8117 1.0000 0.8617 0.9412 0.9339 0.3191 0.9339 0.2764 0.9385 0.0000 0.8117 0.2420 0.9490 0.0000 0.8117 0.2764 0.9385 0.0000 0.8117 0.2420 0.9490 0.0000 0.9505 0.2371 0.9505 0.0000 0.9505 0.2420 0.9490 0.0000 0.9505 0.2371 0.9505 0.1804 0.9785 0.9412 0.9339 0.3191 0.9339 1.0000 0.8117 0.0000 0.8117 1.0000 0.8117 0.3191 0.9339 1.0000 0.8117 0.0000 0.8117 1.0000 0.6113 0.0000 0.6113 1.0000 0.6113 0.0000 0.8117 1.0000 0.6113 0.0000 0.6113 1.0000 0.4876 0.0000 0.3887 1.0000 0.4876 0.0000 0.6113 1.0000 0.4876 0.0000 0.3887 1.0000 0.3887 0.3191 0.2484 1.0000 0.3887 0.0000 0.3887 1.0000 0.3887 0.3191 0.2484 1.0000 0.3594 0.9412 0.2484 1.0000 0.3594 0.3191 0.2484 " />
						</IndexedFaceSet>
					</Shape>
				</Group>
			</Transform>
		</Transform>
		<Transform DEF="Shape_IndexedFaceSet_010_TRANSFORM"
		           translation="0.000000 0.000000 0.000000"
		           scale="1.000000 1.000000 1.000000"
		           rotation="-0.000000 0.000000 0.000000 0.000000"
		           >
			<Transform DEF="Shape_IndexedFaceSet_010_ifs_TRANSFORM"
			           translation="0.000000 0.000000 0.000000"
			           scale="1.000000 1.000000 1.000000"
			           rotation="0.000000 1.000000 0.000000 0.000000"
			           >
				<Group DEF="group_ME_Shape_IndexedFaceSet_3058">
					<Shape>
						<Appearance>
							<Material USE="MA_Shape_011" />
						</Appearance>
						<IndexedFaceSet solid="false"
						                texCoordIndex="0 1 2 -1 3 4 5 -1 6 7 8 -1 9 10 11 -1 12 13 14 -1 15 16 17 -1 18 19 20 -1 21 22 23 -1 24 25 26 -1 27 28 29 -1 30 31 32 -1 33 34 35 -1 36 37 38 -1 39 40 41 -1 42 43 44 -1 45 46 47 -1 48 49 50 -1 51 52 53 -1 54 55 56 -1 57 58 59 -1 60 61 62 -1 63 64 65 -1 66 67 68 -1 69 70 71 -1 72 73 74 -1 75 76 77 -1 78 79 80 -1 81 82 83 -1 84 85 86 -1 87 88 89 -1 90 91 92 -1 "
						                coordIndex="22 24 15 -1 4 2 5 -1 9 5 2 -1 5 9 11 -1 11 9 13 -1 16 13 9 -1 13 16 18 -1 18 16 20 -1 25 20 16 -1 20 25 26 -1 21 23 19 -1 14 19 23 -1 6 10 7 -1 12 7 10 -1 7 12 14 -1 17 14 12 -1 14 17 19 -1 2 1 8 -1 2 8 9 -1 15 9 8 -1 9 15 16 -1 24 16 15 -1 16 24 25 -1 1 0 7 -1 3 7 0 -1 7 3 6 -1 1 7 8 -1 14 8 7 -1 8 14 15 -1 23 15 14 -1 15 23 22 -1 "
						                >
							<Coordinate DEF="coords_ME_Shape_IndexedFaceSet_3058"
							            point="8.745900 -0.811400 21.170099 8.745900 0.811400 21.170099 8.745900 2.429600 21.045900 8.745900 -2.703400 21.012501 8.745900 2.703400 21.012501 9.021100 2.818500 20.394800 9.021800 -2.818800 20.393900 9.031600 -0.788000 20.560101 9.031600 0.788000 20.560101 9.031600 2.359600 20.439400 9.033800 -2.823000 20.383101 9.033900 2.823000 20.383301 9.515700 -2.991100 19.948700 9.515700 2.991100 19.948700 9.555800 -0.771800 20.136600 9.555800 0.771800 20.136600 9.555800 2.311000 20.018400 9.557400 -3.000000 19.931200 9.557400 3.000000 19.931200 9.849600 -3.062800 19.809099 9.849600 3.062800 19.809099 10.212600 -3.090500 19.759701 10.212600 0.000000 19.985300 10.212600 -0.766000 19.985300 10.212600 0.766000 19.985300 10.212600 2.293600 19.868000 10.212600 3.090500 19.759701 "
							            />
							<TextureCoordinate point="0.5000 1.0000 0.6239 1.0000 0.6249 0.5522 0.9374 0.0000 0.8931 0.0000 0.9560 0.1876 0.8818 0.1948 0.9560 0.1876 0.8931 0.0000 0.9560 0.1876 0.8818 0.1948 0.9567 0.1964 0.9567 0.1964 0.8818 0.1948 0.9839 0.5249 0.8739 0.5522 0.9839 0.5249 0.8818 0.1948 0.9839 0.5249 0.8739 0.5522 0.9854 0.5533 0.9854 0.5533 0.8739 0.5522 0.9955 0.7525 0.8711 1.0000 0.9955 0.7525 0.8739 0.5522 0.9955 0.7525 0.8711 1.0000 1.0000 1.0000 0.0000 1.0000 0.3761 1.0000 0.0045 0.7525 0.3751 0.5522 0.0045 0.7525 0.3761 1.0000 0.0440 0.1881 0.0433 0.1963 0.3725 0.1948 0.0161 0.5249 0.3725 0.1948 0.0433 0.1963 0.3725 0.1948 0.0161 0.5249 0.3751 0.5522 0.0146 0.5533 0.3751 0.5522 0.0161 0.5249 0.3751 0.5522 0.0146 0.5533 0.0045 0.7525 0.8931 0.0000 0.6313 0.0000 0.6275 0.1948 0.8931 0.0000 0.6275 0.1948 0.8818 0.1948 0.6249 0.5522 0.8818 0.1948 0.6275 0.1948 0.8818 0.1948 0.6249 0.5522 0.8739 0.5522 0.6239 1.0000 0.8739 0.5522 0.6249 0.5522 0.8739 0.5522 0.6239 1.0000 0.8711 1.0000 0.6313 0.0000 0.3687 0.0000 0.3725 0.1948 0.0626 0.0000 0.3725 0.1948 0.3687 0.0000 0.3725 0.1948 0.0626 0.0000 0.0440 0.1881 0.6313 0.0000 0.3725 0.1948 0.6275 0.1948 0.3751 0.5522 0.6275 0.1948 0.3725 0.1948 0.6275 0.1948 0.3751 0.5522 0.6249 0.5522 0.3761 1.0000 0.6249 0.5522 0.3751 0.5522 0.6249 0.5522 0.3761 1.0000 0.5000 1.0000 " />
						</IndexedFaceSet>
					</Shape>
				</Group>
			</Transform>
		</Transform>
		<Transform DEF="Shape_IndexedFaceSet_011_TRANSFORM"
		           translation="0.000000 0.000000 0.000000"
		           scale="1.000000 1.000000 1.000000"
		           rotation="-0.000000 0.000000 0.000000 0.000000"
		           >
			<Transform DEF="Shape_IndexedFaceSet_011_ifs_TRANSFORM"
			           translation="0.000000 0.000000 0.000000"
			           scale="1.000000 1.000000 1.000000"
			           rotation="0.000000 1.000000 0.000000 0.000000"
			           >
				<Group DEF="group_ME_Shape_IndexedFaceSet_3059">
					<Shape>
						<Appearance>
							<Material USE="MA_Shape_011" />
						</Appearance>
						<IndexedFaceSet solid="false"
						                texCoordIndex="0 1 2 -1 3 4 5 -1 6 7 8 -1 9 10 11 -1 12 13 14 -1 15 16 17 -1 18 19 20 -1 21 22 23 -1 "
						                coordIndex="6 9 4 -1 6 4 8 -1 0 5 1 -1 7 1 5 -1 1 7 2 -1 8 2 7 -1 2 8 3 -1 4 3 8 -1 "
						                >
							<Coordinate DEF="coords_ME_Shape_IndexedFaceSet_3059"
							            point="15.499900 -3.090500 19.759701 15.499900 -1.225100 19.962400 15.499900 0.000000 19.962400 15.499900 1.225100 19.962400 15.499900 3.090500 19.759701 15.999900 -3.523900 19.178900 16.000000 2.300000 19.328300 16.000000 -1.194500 19.463301 16.000000 1.194500 19.463301 16.000000 3.523900 19.178900 "
							            />
							<TextureCoordinate point="0.8263 0.1907 1.0000 0.0000 0.9385 0.7413 0.8263 0.1907 0.9385 0.7413 0.6695 0.3630 0.0615 0.7413 0.0000 0.0000 0.3262 1.0000 0.3305 0.3630 0.3262 1.0000 0.0000 0.0000 0.3262 1.0000 0.3305 0.3630 0.5000 1.0000 0.6695 0.3630 0.5000 1.0000 0.3305 0.3630 0.5000 1.0000 0.6695 0.3630 0.6738 1.0000 0.9385 0.7413 0.6738 1.0000 0.6695 0.3630 " />
						</IndexedFaceSet>
					</Shape>
				</Group>
			</Transform>
		</Transform>
		<Transform DEF="Shape_IndexedFaceSet_012_TRANSFORM"
		           translation="0.000000 0.000000 0.000000"
		           scale="1.000000 1.000000 1.000000"
		           rotation="-0.000000 0.000000 0.000000 0.000000"
		           >
			<Transform DEF="Shape_IndexedFaceSet_012_ifs_TRANSFORM"
			           translation="0.000000 0.000000 0.000000"
			           scale="1.000000 1.000000 1.000000"
			           rotation="0.000000 1.000000 0.000000 0.000000"
			           >
				<Group DEF="group_ME_Shape_IndexedFaceSet_3060">
					<Shape>
						<Appearance>
							<Material USE="MA_Shape_011" />
						</Appearance>
						<IndexedFaceSet solid="false"
						                texCoordIndex="0 1 2 -1 3 4 5 -1 6 7 8 -1 9 10 11 -1 12 13 14 -1 15 16 17 -1 18 19 20 -1 21 22 23 -1 24 25 26 -1 27 28 29 -1 30 31 32 -1 33 34 35 -1 36 37 38 -1 39 40 41 -1 42 43 44 -1 45 46 47 -1 48 49 50 -1 51 52 53 -1 54 55 56 -1 57 58 59 -1 60 61 62 -1 63 64 65 -1 66 67 68 -1 69 70 71 -1 72 73 74 -1 75 76 77 -1 78 79 80 -1 81 82 83 -1 84 85 86 -1 87 88 89 -1 90 91 92 -1 93 94 95 -1 96 97 98 -1 99 100 101 -1 102 103 104 -1 105 106 107 -1 108 109 110 -1 111 112 113 -1 114 115 116 -1 117 118 119 -1 120 121 122 -1 123 124 125 -1 126 127 128 -1 129 130 131 -1 132 133 134 -1 135 136 137 -1 138 139 140 -1 141 142 143 -1 144 145 146 -1 147 148 149 -1 150 151 152 -1 153 154 155 -1 156 157 158 -1 159 160 161 -1 162 163 164 -1 165 166 167 -1 168 169 170 -1 171 172 173 -1 174 175 176 -1 177 178 179 -1 "
						                coordIndex="16 18 3 -1 52 54 57 -1 47 50 9 -1 37 40 7 -1 41 7 40 -1 7 41 9 -1 45 9 41 -1 9 45 47 -1 5 2 26 -1 26 28 5 -1 31 5 28 -1 5 31 7 -1 35 7 31 -1 7 35 37 -1 3 18 1 -1 17 21 0 -1 22 0 21 -1 0 22 2 -1 25 2 22 -1 2 25 26 -1 16 3 15 -1 4 15 3 -1 15 4 19 -1 6 19 4 -1 19 6 20 -1 20 6 23 -1 8 23 6 -1 23 8 24 -1 24 8 27 -1 11 27 8 -1 27 11 29 -1 34 33 13 -1 32 13 33 -1 13 32 11 -1 30 11 32 -1 11 30 29 -1 53 51 14 -1 51 49 14 -1 48 14 49 -1 14 48 46 -1 46 44 14 -1 43 14 44 -1 14 43 42 -1 42 39 14 -1 38 14 39 -1 14 38 13 -1 36 13 38 -1 13 36 34 -1 55 53 56 -1 14 56 53 -1 56 14 61 -1 12 61 14 -1 50 52 9 -1 57 9 52 -1 9 57 10 -1 57 58 10 -1 59 10 58 -1 10 59 12 -1 60 12 59 -1 12 60 61 -1 "
						                >
							<Coordinate DEF="coords_ME_Shape_IndexedFaceSet_3060"
							            point="7.500000 -18.556299 15.556300 7.500000 -18.556299 15.556300 7.500000 -18.259199 14.254600 7.500000 -18.259199 16.858000 7.500000 -17.426800 17.901800 7.500000 -17.426800 13.210800 7.500000 -16.223900 18.481100 7.500000 -16.223900 12.631500 7.500000 -14.888700 18.481100 7.500000 -14.888700 12.631500 7.500000 -13.685800 13.210800 7.500000 -13.685800 17.901800 7.500000 -12.853400 14.254600 7.500000 -12.853400 16.858000 7.500000 -12.556300 15.556300 7.932100 -17.426800 17.901800 7.935800 -17.988600 17.312300 7.960400 -18.259199 16.858000 7.960400 -18.259199 16.858000 7.960400 -16.857700 18.259300 8.015900 -16.223900 18.481100 8.016200 -18.481600 16.221701 8.096900 -18.556299 15.556300 8.097000 -15.555300 18.556299 8.200100 -14.888700 18.481100 8.200500 -18.480600 14.886400 8.321800 -18.259199 14.254600 8.322300 -14.252400 18.258101 8.456800 -17.902201 13.686300 8.458000 -13.694700 17.888399 8.487000 -13.575500 17.809401 8.599600 -17.426800 13.210800 8.613200 -13.171800 17.376801 8.734600 -12.875000 16.890600 8.743000 -12.854600 16.857201 8.745900 -16.845600 12.847500 8.745900 -12.847500 16.845600 8.859900 -16.524799 12.716900 8.891500 -12.696400 16.462299 8.934900 -12.673000 16.385000 9.033200 -16.239201 12.635900 9.042500 -16.223900 12.631500 9.043300 -12.642100 16.245199 9.215600 -12.592800 16.022900 9.259200 -12.586400 15.980400 9.406700 -15.855900 12.571300 9.559700 -12.564800 15.762600 9.563200 -15.775400 12.566400 9.614000 -12.560900 15.723200 9.735400 -12.558300 15.665500 9.869700 -15.617700 12.556900 10.117300 -12.556300 15.571000 10.212600 -15.567100 12.556300 10.212600 -12.556300 15.567100 15.500000 -15.567100 12.556300 15.500000 -12.556300 15.567100 15.507400 -12.557600 15.556400 15.970800 -14.889400 12.636300 16.000000 -14.847400 12.641300 16.000000 -13.685800 13.210800 16.000000 -12.853400 14.254600 16.000000 -12.641300 14.847400 "
							            />
							<TextureCoordinate point="0.0513 0.0946 0.0542 0.0495 0.0000 0.0495 0.3191 0.4982 0.9412 0.4982 0.9966 0.6112 0.2427 0.4635 0.2788 0.4898 0.0000 0.6113 0.1600 0.3386 0.1804 0.3862 0.0000 0.3887 0.1815 0.3887 0.0000 0.3887 0.1804 0.3862 0.0000 0.3887 0.1815 0.3887 0.0000 0.6113 0.2243 0.4501 0.0000 0.6113 0.1815 0.3887 0.0000 0.6113 0.2243 0.4501 0.2427 0.4635 0.0000 0.1883 0.0000 0.0495 0.0967 0.0495 0.0967 0.0495 0.1126 0.1090 0.0000 0.1883 0.1294 0.1883 0.0000 0.1883 0.1126 0.1090 0.0000 0.1883 0.1294 0.1883 0.0000 0.3887 0.1466 0.2851 0.0000 0.3887 0.1294 0.1883 0.0000 0.3887 0.1466 0.2851 0.1600 0.3386 0.0000 0.0495 0.0542 0.0495 0.0000 0.0000 0.0542 0.0495 0.0607 0.0125 0.0000 0.0000 0.0702 0.0000 0.0000 0.0000 0.0607 0.0125 0.0000 0.0000 0.0702 0.0000 0.0000 0.0495 0.0824 0.0126 0.0000 0.0495 0.0702 0.0000 0.0000 0.0495 0.0824 0.0126 0.0967 0.0495 0.0513 0.0946 0.0000 0.0495 0.0508 0.1883 0.0000 0.1883 0.0508 0.1883 0.0000 0.0495 0.0508 0.1883 0.0000 0.1883 0.0542 0.2831 0.0000 0.3887 0.0542 0.2831 0.0000 0.1883 0.0542 0.2831 0.0000 0.3887 0.0607 0.3887 0.0607 0.3887 0.0000 0.3887 0.0702 0.5002 0.0000 0.6113 0.0702 0.5002 0.0000 0.3887 0.0702 0.5002 0.0000 0.6113 0.0824 0.6113 0.0824 0.6113 0.0000 0.6113 0.0967 0.7173 0.0000 0.8117 0.0967 0.7173 0.0000 0.6113 0.0967 0.7173 0.0000 0.8117 0.1127 0.8103 0.1462 0.9503 0.1452 0.9469 0.0000 0.9505 0.1310 0.8974 0.0000 0.9505 0.1452 0.9469 0.0000 0.9505 0.1310 0.8974 0.0000 0.8117 0.1161 0.8301 0.0000 0.8117 0.1310 0.8974 0.0000 0.8117 0.1161 0.8301 0.1127 0.8103 0.3191 1.0000 0.3079 1.0000 0.0000 1.0000 0.3079 1.0000 0.2630 0.9997 0.0000 1.0000 0.2487 0.9992 0.0000 1.0000 0.2630 0.9997 0.0000 1.0000 0.2487 0.9992 0.2423 0.9986 0.2423 0.9986 0.2070 0.9950 0.0000 1.0000 0.2018 0.9939 0.0000 1.0000 0.2070 0.9950 0.0000 1.0000 0.2018 0.9939 0.1816 0.9857 0.1816 0.9857 0.1688 0.9805 0.0000 1.0000 0.1637 0.9766 0.0000 1.0000 0.1688 0.9805 0.0000 1.0000 0.1637 0.9766 0.0000 0.9505 0.1466 0.9515 0.0000 0.9505 0.1637 0.9766 0.0000 0.9505 0.1466 0.9515 0.1462 0.9503 0.9412 1.0000 0.3191 1.0000 0.9420 0.9998 0.0000 1.0000 0.9420 0.9998 0.3191 1.0000 0.9420 0.9998 0.0000 1.0000 1.0000 0.9858 0.0000 0.9505 1.0000 0.9858 0.0000 1.0000 0.2788 0.4898 0.3191 0.4982 0.0000 0.6113 0.9966 0.6112 0.0000 0.6113 0.3191 0.4982 0.0000 0.6113 0.9966 0.6112 0.0000 0.8117 0.9966 0.6112 1.0000 0.6181 0.0000 0.8117 1.0000 0.8117 0.0000 0.8117 1.0000 0.6181 0.0000 0.8117 1.0000 0.8117 0.0000 0.9505 1.0000 0.9505 0.0000 0.9505 1.0000 0.8117 0.0000 0.9505 1.0000 0.9505 1.0000 0.9858 " />
						</IndexedFaceSet>
					</Shape>
				</Group>
			</Transform>
		</Transform>
		<Transform DEF="Shape_IndexedFaceSet_013_TRANSFORM"
		           translation="0.000000 0.000000 0.000000"
		           scale="1.000000 1.000000 1.000000"
		           rotation="-0.000000 0.000000 0.000000 0.000000"
		           >
			<Transform DEF="Shape_IndexedFaceSet_013_ifs_TRANSFORM"
			           translation="0.000000 0.000000 0.000000"
			           scale="1.000000 1.000000 1.000000"
			           rotation="0.000000 1.000000 0.000000 0.000000"
			           >
				<Group DEF="group_ME_Shape_IndexedFaceSet_3061">
					<Shape>
						<Appearance>
							<Material USE="MA_Shape_011" />
						</Appearance>
						<IndexedFaceSet solid="false"
						                texCoordIndex="0 1 2 -1 3 4 5 -1 6 7 8 -1 9 10 11 -1 12 13 14 -1 15 16 17 -1 18 19 20 -1 21 22 23 -1 24 25 26 -1 27 28 29 -1 30 31 32 -1 33 34 35 -1 36 37 38 -1 39 40 41 -1 42 43 44 -1 45 46 47 -1 48 49 50 -1 51 52 53 -1 54 55 56 -1 57 58 59 -1 60 61 62 -1 63 64 65 -1 66 67 68 -1 69 70 71 -1 72 73 74 -1 75 76 77 -1 78 79 80 -1 81 82 83 -1 84 85 86 -1 87 88 89 -1 90 91 92 -1 93 94 95 -1 96 97 98 -1 99 100 101 -1 102 103 104 -1 105 106 107 -1 "
						                coordIndex="28 30 18 -1 4 2 7 -1 11 7 2 -1 7 11 13 -1 13 11 15 -1 19 15 11 -1 15 19 21 -1 21 19 23 -1 31 23 19 -1 23 31 26 -1 22 29 20 -1 17 20 29 -1 20 17 16 -1 22 24 29 -1 25 29 24 -1 29 25 27 -1 6 8 9 -1 12 9 8 -1 9 12 17 -1 14 17 12 -1 17 14 16 -1 2 1 10 -1 2 10 11 -1 18 11 10 -1 11 18 19 -1 30 19 18 -1 19 30 31 -1 3 6 5 -1 9 5 6 -1 5 9 0 -1 1 0 9 -1 1 9 10 -1 17 10 9 -1 10 17 18 -1 29 18 17 -1 18 29 28 -1 "
						                >
							<Coordinate DEF="coords_ME_Shape_IndexedFaceSet_3061"
							            point="8.745900 -11.515800 17.782499 8.745900 -10.120800 18.611900 8.745900 -8.876400 19.236500 8.745900 -12.847500 16.845600 8.745900 -8.164900 19.549000 8.745900 -12.843100 16.848600 8.891500 -12.696400 16.462299 8.926200 -7.864000 19.178801 8.934900 -12.673000 16.385000 9.031600 -11.184000 17.270100 9.031600 -9.829100 18.075500 9.031600 -8.620600 18.682100 9.043300 -12.642100 16.245199 9.045600 -7.748200 19.072901 9.215600 -12.592800 16.022900 9.235200 -7.564400 18.904800 9.259200 -12.586400 15.980400 9.555800 -10.953600 16.914400 9.555800 -9.626700 17.703199 9.555800 -8.443000 18.297400 9.559700 -12.564800 15.762600 9.564700 -7.375000 18.769400 9.614000 -12.560900 15.723200 9.681700 -7.307700 18.721300 9.735400 -12.558300 15.665500 10.117300 -12.556300 15.571000 10.212600 -7.203400 18.657700 10.212600 -12.556300 15.567100 10.212600 -9.993300 17.309200 10.212600 -10.871300 16.787300 10.212600 -9.554300 17.570200 10.212600 -8.379600 18.159800 "
							            />
							<TextureCoordinate point="0.5057 0.4375 0.5835 0.5031 0.5706 0.5365 0.8296 1.0000 0.7036 0.9215 0.8830 0.9070 0.7489 0.7823 0.8830 0.9070 0.7036 0.9215 0.8830 0.9070 0.7489 0.7823 0.9035 0.8804 0.9035 0.8804 0.7489 0.7823 0.9360 0.8382 0.7804 0.6857 0.9360 0.8382 0.7489 0.7823 0.9360 0.8382 0.7804 0.6857 0.9696 0.8042 0.9696 0.8042 0.7804 0.6857 0.9815 0.7921 0.7916 0.6511 0.9815 0.7921 0.7804 0.6857 0.9815 0.7921 0.7916 0.6511 1.0000 0.7762 0.0508 0.0392 0.3501 0.3064 0.0501 0.0491 0.3356 0.3384 0.0501 0.0491 0.3501 0.3064 0.0501 0.0491 0.3356 0.3384 0.0463 0.1038 0.0508 0.0392 0.0512 0.0247 0.3501 0.3064 0.0516 0.0010 0.3501 0.3064 0.0512 0.0247 0.3501 0.3064 0.0516 0.0010 0.0516 0.0000 0.0268 0.2248 0.0309 0.2054 0.2947 0.4277 0.0364 0.1703 0.2947 0.4277 0.0309 0.2054 0.2947 0.4277 0.0364 0.1703 0.3356 0.3384 0.0451 0.1145 0.3356 0.3384 0.0364 0.1703 0.3356 0.3384 0.0451 0.1145 0.0463 0.1038 0.7036 0.9215 0.4831 0.7647 0.5348 0.6300 0.7036 0.9215 0.5348 0.6300 0.7489 0.7823 0.5706 0.5365 0.7489 0.7823 0.5348 0.6300 0.7489 0.7823 0.5706 0.5365 0.7804 0.6857 0.5835 0.5031 0.7804 0.6857 0.5706 0.5365 0.7804 0.6857 0.5835 0.5031 0.7916 0.6511 0.0000 0.3211 0.0268 0.2248 0.0008 0.3218 0.2947 0.4277 0.0008 0.3218 0.0268 0.2248 0.0008 0.3218 0.2947 0.4277 0.2359 0.5564 0.4831 0.7647 0.2359 0.5564 0.2947 0.4277 0.4831 0.7647 0.2947 0.4277 0.5348 0.6300 0.3356 0.3384 0.5348 0.6300 0.2947 0.4277 0.5348 0.6300 0.3356 0.3384 0.5706 0.5365 0.3501 0.3064 0.5706 0.5365 0.3356 0.3384 0.5706 0.5365 0.3501 0.3064 0.5057 0.4375 " />
						</IndexedFaceSet>
					</Shape>
				</Group>
			</Transform>
		</Transform>
		<Transform DEF="Shape_IndexedFaceSet_014_TRANSFORM"
		           translation="0.000000 0.000000 0.000000"
		           scale="1.000000 1.000000 1.000000"
		           rotation="-0.000000 0.000000 0.000000 0.000000"
		           >
			<Transform DEF="Shape_IndexedFaceSet_014_ifs_TRANSFORM"
			           translation="0.000000 0.000000 0.000000"
			           scale="1.000000 1.000000 1.000000"
			           rotation="0.000000 1.000000 0.000000 0.000000"
			           >
				<Group DEF="group_ME_Shape_IndexedFaceSet_3062">
					<Shape>
						<Appearance>
							<Material USE="MA_Shape_011" />
						</Appearance>
						<IndexedFaceSet solid="false"
						                texCoordIndex="0 1 2 -1 3 4 5 -1 6 7 8 -1 9 10 11 -1 12 13 14 -1 15 16 17 -1 18 19 20 -1 21 22 23 -1 24 25 26 -1 "
						                coordIndex="10 8 4 -1 6 7 5 -1 9 5 7 -1 5 9 0 -1 4 3 10 -1 2 10 3 -1 10 2 9 -1 1 9 2 -1 9 1 0 -1 "
						                >
							<Coordinate DEF="coords_ME_Shape_IndexedFaceSet_3062"
							            point="15.499900 -12.556300 15.567100 15.499900 -11.042200 16.675301 15.499900 -9.981200 17.287901 15.499900 -8.920100 17.900499 15.499900 -7.203400 18.657700 15.507400 -12.557600 15.556400 15.999900 -12.641300 14.847400 16.000000 -11.868400 15.429000 16.000000 -6.537600 18.371401 16.000000 -10.766200 16.258400 16.000000 -8.697100 17.452999 "
							            />
							<TextureCoordinate point="0.6462 0.6838 1.0000 0.9249 0.8909 1.0000 0.0000 0.0000 0.1266 0.1526 0.0137 0.1861 0.3072 0.3703 0.0137 0.1861 0.1266 0.1526 0.0137 0.1861 0.3072 0.3703 0.0139 0.1889 0.8909 1.0000 0.6097 0.8013 0.6462 0.6838 0.4358 0.6405 0.6462 0.6838 0.6097 0.8013 0.6462 0.6838 0.4358 0.6405 0.3072 0.3703 0.2620 0.4797 0.3072 0.3703 0.4358 0.6405 0.3072 0.3703 0.2620 0.4797 0.0139 0.1889 " />
						</IndexedFaceSet>
					</Shape>
				</Group>
			</Transform>
		</Transform>
		<Transform DEF="Shape_IndexedFaceSet_015_TRANSFORM"
		           translation="0.000000 0.000000 0.000000"
		           scale="1.000000 1.000000 1.000000"
		           rotation="-0.000000 0.000000 0.000000 0.000000"
		           >
			<Transform DEF="Shape_IndexedFaceSet_015_ifs_TRANSFORM"
			           translation="0.000000 0.000000 0.000000"
			           scale="1.000000 1.000000 1.000000"
			           rotation="0.000000 1.000000 0.000000 0.000000"
			           >
				<Group DEF="group_ME_Shape_IndexedFaceSet_3063">
					<Shape>
						<Appearance>
							<Material USE="MA_Shape_011" />
						</Appearance>
						<IndexedFaceSet solid="false"
						                texCoordIndex="0 1 2 -1 3 4 5 -1 6 7 8 -1 9 10 11 -1 12 13 14 -1 15 16 17 -1 18 19 20 -1 21 22 23 -1 24 25 26 -1 "
						                coordIndex="8 10 5 -1 5 4 8 -1 3 8 4 -1 8 3 7 -1 2 7 3 -1 7 2 6 -1 1 6 2 -1 6 1 9 -1 0 9 1 -1 "
						                >
							<Coordinate DEF="coords_ME_Shape_IndexedFaceSet_3063"
							            point="10.212600 -12.556300 15.567100 10.212600 -10.871300 16.787300 10.212600 -9.993300 17.309200 10.212600 -9.554300 17.570200 10.212600 -8.379600 18.159800 10.212600 -7.203400 18.657700 15.499900 -11.042200 16.675301 15.499900 -9.981200 17.287901 15.499900 -8.920100 17.900499 15.500000 -12.556300 15.567100 15.500000 -7.203400 18.657700 "
							            />
							<TextureCoordinate point="0.6793 1.0000 1.0000 1.0000 1.0000 0.0000 1.0000 0.0000 0.7803 0.0000 0.6793 1.0000 0.5608 0.0000 0.6793 1.0000 0.7803 0.0000 0.6793 1.0000 0.5608 0.0000 0.4811 1.0000 0.4788 0.0000 0.4811 1.0000 0.5608 0.0000 0.4811 1.0000 0.4788 0.0000 0.2829 1.0000 0.3148 0.0000 0.2829 1.0000 0.4788 0.0000 0.2829 1.0000 0.3148 0.0000 0.0000 1.0000 0.0000 0.0000 0.0000 1.0000 0.3148 0.0000 " />
						</IndexedFaceSet>
					</Shape>
				</Group>
			</Transform>
		</Transform>
		<Transform DEF="Shape_IndexedFaceSet_016_TRANSFORM"
		           translation="0.000000 0.000000 0.000000"
		           scale="1.000000 1.000000 1.000000"
		           rotation="-0.000000 0.000000 0.000000 0.000000"
		           >
			<Transform DEF="Shape_IndexedFaceSet_016_ifs_TRANSFORM"
			           translation="0.000000 0.000000 0.000000"
			           scale="1.000000 1.000000 1.000000"
			           rotation="0.000000 1.000000 0.000000 0.000000"
			           >
				<Group DEF="group_ME_Shape_IndexedFaceSet_3064">
					<Shape>
						<Appearance>
							<Material USE="MA_Shape_011" />
						</Appearance>
						<IndexedFaceSet solid="false"
						                texCoordIndex="0 1 2 -1 3 4 5 -1 6 7 8 -1 9 10 11 -1 12 13 14 -1 15 16 17 -1 18 19 20 -1 21 22 23 -1 24 25 26 -1 27 28 29 -1 30 31 32 -1 33 34 35 -1 36 37 38 -1 39 40 41 -1 42 43 44 -1 45 46 47 -1 48 49 50 -1 51 52 53 -1 54 55 56 -1 57 58 59 -1 60 61 62 -1 63 64 65 -1 66 67 68 -1 69 70 71 -1 72 73 74 -1 75 76 77 -1 78 79 80 -1 81 82 83 -1 84 85 86 -1 87 88 89 -1 90 91 92 -1 93 94 95 -1 96 97 98 -1 "
						                coordIndex="13 12 10 -1 6 4 2 -1 22 19 18 -1 15 18 19 -1 14 20 16 -1 21 16 20 -1 3 5 8 -1 7 8 5 -1 8 7 11 -1 12 6 10 -1 2 10 6 -1 10 2 9 -1 1 9 2 -1 9 1 8 -1 0 8 1 -1 8 0 3 -1 15 13 18 -1 10 18 13 -1 18 10 17 -1 9 17 10 -1 17 9 16 -1 8 16 9 -1 16 8 14 -1 11 14 8 -1 28 22 27 -1 18 27 22 -1 27 18 26 -1 17 26 18 -1 26 17 24 -1 16 24 17 -1 24 16 25 -1 21 25 16 -1 25 21 23 -1 "
						                >
							<Coordinate DEF="coords_ME_Shape_IndexedFaceSet_3064"
							            point="8.745900 -18.985901 9.400500 8.745900 -18.210501 10.826200 8.745900 -17.328400 12.188500 8.745900 -19.549000 8.164900 8.745900 -16.845600 12.847500 8.805100 -19.379801 8.039500 8.859900 -16.524799 12.716900 9.023300 -19.069500 7.754100 9.031600 -18.438700 9.129600 9.031600 -17.685801 10.514300 9.031600 -16.829000 11.837200 9.032900 -19.062799 7.746100 9.033200 -16.239201 12.635900 9.042500 -16.223900 12.631500 9.344400 -18.844299 7.485900 9.406700 -15.855900 12.571300 9.555800 -18.059000 8.941500 9.555800 -17.321501 10.297700 9.555800 -16.482401 11.593500 9.563200 -15.775400 12.566400 9.563500 -18.769199 7.375900 9.748900 -18.705601 7.282900 9.869700 -15.617700 12.556900 10.212600 -18.657700 7.203400 10.212600 -17.313299 9.996100 10.212600 -17.923300 8.874300 10.212600 -17.191299 10.220300 10.212600 -16.358500 11.506300 10.212600 -15.567100 12.556300 "
							            />
							<TextureCoordinate point="0.9617 0.8351 0.9625 0.8312 0.8210 0.6831 0.9769 0.7595 1.0000 0.6789 0.8832 0.5577 0.9485 0.9873 0.9502 0.9477 0.7778 0.7701 0.9511 0.9275 0.7778 0.7701 0.9502 0.9477 0.0501 0.1770 0.0306 0.1958 0.3079 0.3742 0.0141 0.2118 0.3079 0.3742 0.0306 0.1958 0.1704 0.0000 0.1481 0.0425 0.3413 0.2788 0.0976 0.1204 0.3413 0.2788 0.1481 0.0425 0.3413 0.2788 0.0976 0.1204 0.0962 0.1221 0.9625 0.8312 0.9769 0.7595 0.8210 0.6831 0.8832 0.5577 0.8210 0.6831 0.9769 0.7595 0.8210 0.6831 0.8832 0.5577 0.5866 0.4679 0.6419 0.3361 0.5866 0.4679 0.8832 0.5577 0.5866 0.4679 0.6419 0.3361 0.3413 0.2788 0.3893 0.1414 0.3413 0.2788 0.6419 0.3361 0.3413 0.2788 0.3893 0.1414 0.1704 0.0000 0.9511 0.9275 0.9617 0.8351 0.7778 0.7701 0.8210 0.6831 0.7778 0.7701 0.9617 0.8351 0.7778 0.7701 0.8210 0.6831 0.5482 0.5594 0.5866 0.4679 0.5482 0.5594 0.8210 0.6831 0.5482 0.5594 0.5866 0.4679 0.3079 0.3742 0.3413 0.2788 0.3079 0.3742 0.5866 0.4679 0.3079 0.3742 0.3413 0.2788 0.0501 0.1770 0.0962 0.1221 0.0501 0.1770 0.3413 0.2788 0.9484 1.0000 0.9485 0.9873 0.7624 0.8013 0.7778 0.7701 0.7624 0.8013 0.9485 0.9873 0.7624 0.8013 0.7778 0.7701 0.5345 0.5921 0.5482 0.5594 0.5345 0.5921 0.7778 0.7701 0.5345 0.5921 0.5482 0.5594 0.4948 0.5615 0.3079 0.3742 0.4948 0.5615 0.5482 0.5594 0.4948 0.5615 0.3079 0.3742 0.2960 0.4083 0.0141 0.2118 0.2960 0.4083 0.3079 0.3742 0.2960 0.4083 0.0141 0.2118 0.0000 0.2238 " />
						</IndexedFaceSet>
					</Shape>
				</Group>
			</Transform>
		</Transform>
		<Transform DEF="Shape_IndexedFaceSet_017_TRANSFORM"
		           translation="0.000000 0.000000 0.000000"
		           scale="1.000000 1.000000 1.000000"
		           rotation="-0.000000 0.000000 0.000000 0.000000"
		           >
			<Transform DEF="Shape_IndexedFaceSet_017_ifs_TRANSFORM"
			           translation="0.000000 0.000000 0.000000"
			           scale="1.000000 1.000000 1.000000"
			           rotation="0.000000 1.000000 0.000000 0.000000"
			           >
				<Group DEF="group_ME_Shape_IndexedFaceSet_3065">
					<Shape>
						<Appearance>
							<Material USE="MA_Shape_011" />
						</Appearance>
						<IndexedFaceSet solid="false"
						                texCoordIndex="0 1 2 -1 3 4 5 -1 6 7 8 -1 9 10 11 -1 12 13 14 -1 15 16 17 -1 18 19 20 -1 21 22 23 -1 24 25 26 -1 27 28 29 -1 30 31 32 -1 33 34 35 -1 36 37 38 -1 39 40 41 -1 42 43 44 -1 45 46 47 -1 48 49 50 -1 51 52 53 -1 54 55 56 -1 57 58 59 -1 60 61 62 -1 63 64 65 -1 66 67 68 -1 69 70 71 -1 72 73 74 -1 75 76 77 -1 78 79 80 -1 81 82 83 -1 84 85 86 -1 87 88 89 -1 90 91 92 -1 93 94 95 -1 96 97 98 -1 99 100 101 -1 102 103 104 -1 105 106 107 -1 108 109 110 -1 111 112 113 -1 114 115 116 -1 117 118 119 -1 120 121 122 -1 123 124 125 -1 126 127 128 -1 129 130 131 -1 132 133 134 -1 135 136 137 -1 138 139 140 -1 141 142 143 -1 144 145 146 -1 147 148 149 -1 150 151 152 -1 153 154 155 -1 156 157 158 -1 159 160 161 -1 162 163 164 -1 "
						                coordIndex="15 18 1 -1 46 48 51 -1 8 35 10 -1 38 10 35 -1 10 38 39 -1 39 42 10 -1 44 10 42 -1 10 44 45 -1 6 4 26 -1 26 28 6 -1 30 6 28 -1 6 30 8 -1 32 8 30 -1 8 32 35 -1 0 17 2 -1 17 20 2 -1 22 2 20 -1 2 22 4 -1 24 4 22 -1 4 24 26 -1 15 1 16 -1 3 16 1 -1 16 3 19 -1 5 19 3 -1 19 5 21 -1 21 5 23 -1 7 23 5 -1 23 7 25 -1 25 7 27 -1 9 27 7 -1 27 9 29 -1 29 9 31 -1 11 31 9 -1 31 11 33 -1 47 43 13 -1 41 13 43 -1 13 41 40 -1 40 37 13 -1 36 13 37 -1 13 36 11 -1 34 11 36 -1 11 34 33 -1 49 47 50 -1 13 50 47 -1 50 13 55 -1 14 55 13 -1 45 46 10 -1 51 10 46 -1 10 51 12 -1 53 12 51 -1 53 54 12 -1 52 12 54 -1 12 52 14 -1 56 14 52 -1 14 56 55 -1 "
						                >
							<Coordinate DEF="coords_ME_Shape_IndexedFaceSet_3065"
							            point="7.500000 -24.250299 5.694000 7.500000 -24.250299 5.694000 7.500000 -23.953199 4.392300 7.500000 -23.953199 6.995600 7.500000 -23.120800 3.348500 7.500000 -23.120800 8.039500 7.500000 -21.917900 2.769200 7.500000 -21.917900 8.618800 7.500000 -20.582800 2.769200 7.500000 -20.582800 8.618800 7.500000 -19.379801 3.348500 7.500000 -19.379801 8.039500 7.500000 -18.547400 4.392300 7.500000 -18.547400 6.995600 7.500000 -18.250299 5.694000 7.928900 -24.175100 6.361600 7.938400 -23.953199 6.995600 7.947800 -24.250299 5.694000 7.947800 -24.250299 5.694000 7.968700 -23.656000 7.486400 7.994500 -24.175100 5.026500 8.040200 -23.120800 8.039500 8.067200 -23.953199 4.392300 8.129400 -22.549400 8.398100 8.208700 -23.414700 3.616600 8.238900 -21.917900 8.618800 8.279500 -23.120800 3.348500 8.365800 -21.249399 8.694000 8.411000 -22.550900 2.990600 8.504000 -20.582800 8.618800 8.551600 -21.917900 2.769200 8.624500 -20.046801 8.442000 8.745900 -21.012501 2.703400 8.745900 -19.549000 8.164900 8.805100 -19.379801 8.039500 8.903200 -20.582800 2.769200 9.023300 -19.069500 7.754100 9.032900 -19.062799 7.746100 9.052400 -20.397200 2.827800 9.279400 -20.115200 2.917000 9.344400 -18.844299 7.485900 9.563500 -18.769199 7.375900 9.569100 -19.953899 2.993400 9.748900 -18.705601 7.282900 9.806500 -19.821800 3.055900 9.858500 -19.813801 3.060400 10.212600 -19.759701 3.090500 10.212600 -18.657700 7.203400 15.500000 -19.759701 3.090500 15.500000 -18.657700 7.203400 15.661700 -18.565001 6.987900 15.816400 -19.392099 3.364800 16.000000 -18.278999 5.568400 16.000000 -19.178900 3.523900 16.000000 -18.547400 4.392300 16.000000 -18.371401 6.537600 16.000000 -18.250299 5.694000 "
							            />
							<TextureCoordinate point="0.0505 0.0125 0.0527 0.0000 0.0000 0.0000 0.3191 0.7484 0.9412 0.7484 0.9784 0.8097 0.0000 0.6112 0.1651 0.6112 0.0000 0.8117 0.1826 0.6422 0.0000 0.8117 0.1651 0.6112 0.0000 0.8117 0.1826 0.6422 0.2093 0.6892 0.2093 0.6892 0.2434 0.7161 0.0000 0.8117 0.2714 0.7381 0.0000 0.8117 0.2434 0.7161 0.0000 0.8117 0.2714 0.7381 0.2775 0.7394 0.0000 0.3887 0.0000 0.1883 0.0917 0.1883 0.0917 0.1883 0.1072 0.2832 0.0000 0.3887 0.1237 0.3887 0.0000 0.3887 0.1072 0.2832 0.0000 0.3887 0.1237 0.3887 0.0000 0.6112 0.1466 0.5396 0.0000 0.6112 0.1237 0.3887 0.0000 0.6112 0.1466 0.5396 0.1651 0.6112 0.0000 0.0000 0.0527 0.0000 0.0000 0.0495 0.0527 0.0000 0.0582 0.0125 0.0000 0.0495 0.0667 0.0495 0.0000 0.0495 0.0582 0.0125 0.0000 0.0495 0.0667 0.0495 0.0000 0.1883 0.0834 0.1393 0.0000 0.1883 0.0667 0.0495 0.0000 0.1883 0.0834 0.1393 0.0917 0.1883 0.0505 0.0125 0.0000 0.0000 0.0516 0.0495 0.0000 0.0495 0.0516 0.0495 0.0000 0.0000 0.0516 0.0495 0.0000 0.0495 0.0551 0.0991 0.0000 0.1883 0.0551 0.0991 0.0000 0.0495 0.0551 0.0991 0.0000 0.1883 0.0636 0.1883 0.0636 0.1883 0.0000 0.1883 0.0740 0.2835 0.0000 0.3887 0.0740 0.2835 0.0000 0.1883 0.0740 0.2835 0.0000 0.3887 0.0869 0.3887 0.0869 0.3887 0.0000 0.3887 0.1019 0.5002 0.0000 0.6112 0.1019 0.5002 0.0000 0.3887 0.1019 0.5002 0.0000 0.6112 0.1181 0.6112 0.1181 0.6112 0.0000 0.6112 0.1323 0.7006 0.0000 0.8117 0.1323 0.7006 0.0000 0.6112 0.1323 0.7006 0.0000 0.8117 0.1466 0.7836 0.3191 0.9321 0.2646 0.9241 0.0000 0.9505 0.2428 0.9135 0.0000 0.9505 0.2646 0.9241 0.0000 0.9505 0.2428 0.9135 0.2170 0.9010 0.2170 0.9010 0.1803 0.8646 0.0000 0.9505 0.1792 0.8635 0.0000 0.9505 0.1803 0.8646 0.0000 0.9505 0.1792 0.8635 0.0000 0.8117 0.1535 0.8117 0.0000 0.8117 0.1792 0.8635 0.0000 0.8117 0.1535 0.8117 0.1466 0.7836 0.9412 0.9321 0.3191 0.9321 0.9602 0.9475 0.0000 0.9505 0.9602 0.9475 0.3191 0.9321 0.9602 0.9475 0.0000 0.9505 1.0000 0.9798 0.0000 1.0000 1.0000 0.9798 0.0000 0.9505 0.2775 0.7394 0.3191 0.7484 0.0000 0.8117 0.9784 0.8097 0.0000 0.8117 0.3191 0.7484 0.0000 0.8117 0.9784 0.8097 0.0000 0.9505 1.0000 0.8452 0.0000 0.9505 0.9784 0.8097 1.0000 0.8452 1.0000 0.9505 0.0000 0.9505 1.0000 0.9952 0.0000 0.9505 1.0000 0.9505 0.0000 0.9505 1.0000 0.9952 0.0000 1.0000 1.0000 1.0000 0.0000 1.0000 1.0000 0.9952 0.0000 1.0000 1.0000 1.0000 1.0000 0.9798 " />
						</IndexedFaceSet>
					</Shape>
				</Group>
			</Transform>
		</Transform>
		<Transform DEF="Shape_IndexedFaceSet_018_TRANSFORM"
		           translation="0.000000 0.000000 0.000000"
		           scale="1.000000 1.000000 1.000000"
		           rotation="-0.000000 0.000000 0.000000 0.000000"
		           >
			<Transform DEF="Shape_IndexedFaceSet_018_ifs_TRANSFORM"
			           translation="0.000000 0.000000 0.000000"
			           scale="1.000000 1.000000 1.000000"
			           rotation="0.000000 1.000000 0.000000 0.000000"
			           >
				<Group DEF="group_ME_Shape_IndexedFaceSet_3066">
					<Shape>
						<Appearance>
							<Material USE="MA_Shape_011" />
						</Appearance>
						<IndexedFaceSet solid="false"
						                texCoordIndex="0 1 2 -1 3 4 5 -1 6 7 8 -1 9 10 11 -1 12 13 14 -1 15 16 17 -1 18 19 20 -1 21 22 23 -1 24 25 26 -1 "
						                coordIndex="9 7 6 -1 0 3 8 -1 5 8 3 -1 8 5 10 -1 0 8 2 -1 9 2 8 -1 2 9 1 -1 6 1 9 -1 1 6 4 -1 "
						                >
							<Coordinate DEF="coords_ME_Shape_IndexedFaceSet_3066"
							            point="15.500000 -19.962400 -1.225100 15.500000 -19.962400 1.225100 15.500000 -19.962400 0.000000 15.500000 -19.759701 -3.090500 15.500000 -19.759701 3.090500 15.816400 -19.392099 -3.364800 15.816400 -19.392099 3.364800 16.000000 -19.178900 3.523900 16.000000 -19.463301 -1.194500 16.000000 -19.463301 1.194500 16.000000 -19.178900 -3.523900 "
							            />
							<TextureCoordinate point="0.6695 0.6370 1.0000 1.0000 0.9774 0.7279 0.3262 0.0000 0.0615 0.2587 0.3305 0.6370 0.0226 0.7279 0.3305 0.6370 0.0615 0.2587 0.3305 0.6370 0.0226 0.7279 0.0000 1.0000 0.3262 0.0000 0.3305 0.6370 0.5000 0.0000 0.6695 0.6370 0.5000 0.0000 0.3305 0.6370 0.5000 0.0000 0.6695 0.6370 0.6738 0.0000 0.9774 0.7279 0.6738 0.0000 0.6695 0.6370 0.6738 0.0000 0.9774 0.7279 0.9385 0.2587 " />
						</IndexedFaceSet>
					</Shape>
				</Group>
			</Transform>
		</Transform>
		<Transform DEF="Shape_IndexedFaceSet_019_TRANSFORM"
		           translation="0.000000 0.000000 0.000000"
		           scale="1.000000 1.000000 1.000000"
		           rotation="-0.000000 0.000000 0.000000 0.000000"
		           >
			<Transform DEF="Shape_IndexedFaceSet_019_ifs_TRANSFORM"
			           translation="0.000000 0.000000 0.000000"
			           scale="1.000000 1.000000 1.000000"
			           rotation="0.000000 1.000000 0.000000 0.000000"
			           >
				<Group DEF="group_ME_Shape_IndexedFaceSet_3067">
					<Shape>
						<Appearance>
							<Material USE="MA_Shape_011" />
						</Appearance>
						<IndexedFaceSet solid="false"
						                texCoordIndex="0 1 2 -1 3 4 5 -1 6 7 8 -1 9 10 11 -1 12 13 14 -1 15 16 17 -1 18 19 20 -1 21 22 23 -1 24 25 26 -1 27 28 29 -1 30 31 32 -1 33 34 35 -1 36 37 38 -1 39 40 41 -1 42 43 44 -1 45 46 47 -1 48 49 50 -1 51 52 53 -1 54 55 56 -1 57 58 59 -1 60 61 62 -1 63 64 65 -1 66 67 68 -1 69 70 71 -1 72 73 74 -1 75 76 77 -1 78 79 80 -1 81 82 83 -1 84 85 86 -1 87 88 89 -1 90 91 92 -1 93 94 95 -1 96 97 98 -1 99 100 101 -1 102 103 104 -1 105 106 107 -1 108 109 110 -1 111 112 113 -1 114 115 116 -1 117 118 119 -1 120 121 122 -1 123 124 125 -1 126 127 128 -1 129 130 131 -1 132 133 134 -1 135 136 137 -1 138 139 140 -1 141 142 143 -1 144 145 146 -1 147 148 149 -1 150 151 152 -1 153 154 155 -1 156 157 158 -1 159 160 161 -1 162 163 164 -1 "
						                coordIndex="46 49 50 -1 38 12 36 -1 10 36 12 -1 36 10 34 -1 32 34 10 -1 38 40 12 -1 42 12 40 -1 12 42 44 -1 32 10 31 -1 8 31 10 -1 31 8 29 -1 6 4 21 -1 21 23 6 -1 25 6 23 -1 6 25 8 -1 27 8 25 -1 8 27 29 -1 0 15 1 -1 16 1 15 -1 1 16 4 -1 18 4 16 -1 4 18 21 -1 2 19 0 -1 17 0 19 -1 0 17 15 -1 5 24 3 -1 22 3 24 -1 3 22 20 -1 7 28 5 -1 26 5 28 -1 5 26 24 -1 9 33 7 -1 30 7 33 -1 7 30 28 -1 47 45 11 -1 43 11 45 -1 11 43 41 -1 41 39 11 -1 37 11 39 -1 11 37 9 -1 35 9 37 -1 9 35 33 -1 48 47 51 -1 11 51 47 -1 51 11 52 -1 13 52 11 -1 44 46 12 -1 50 12 46 -1 12 50 14 -1 55 14 50 -1 55 56 14 -1 53 14 56 -1 14 53 13 -1 54 13 53 -1 13 54 52 -1 "
						                >
							<Coordinate DEF="coords_ME_Shape_IndexedFaceSet_3067"
							            point="7.500000 -24.250299 -5.694000 7.500000 -23.953199 -6.995600 7.500000 -23.953199 -4.392300 7.500000 -23.953199 -4.392300 7.500000 -23.120800 -8.039500 7.500000 -23.120800 -3.348500 7.500000 -21.917900 -8.618800 7.500000 -21.917900 -2.769200 7.500000 -20.582800 -8.618800 7.500000 -20.582800 -2.769200 7.500000 -19.379801 -8.039500 7.500000 -19.379801 -3.348500 7.500000 -18.547400 -6.995600 7.500000 -18.547400 -4.392300 7.500000 -18.250299 -5.694000 7.928900 -24.174900 -6.362600 7.938400 -23.953199 -6.995600 7.947800 -24.250299 -5.694000 7.968700 -23.656000 -7.486400 7.994600 -24.174700 -5.024800 7.994600 -24.174700 -5.024800 8.040200 -23.120800 -8.039500 8.067200 -23.953199 -4.392300 8.129100 -22.551100 -8.397300 8.208700 -23.414700 -3.616600 8.238900 -21.917900 -8.618800 8.279500 -23.120800 -3.348500 8.366200 -21.247700 -8.694000 8.410700 -22.552299 -2.991200 8.504000 -20.582800 -8.618800 8.551600 -21.917900 -2.769200 8.625200 -20.043900 -8.440700 8.745900 -19.549000 -8.164900 8.745900 -21.012501 -2.703400 8.805100 -19.379801 -8.039500 8.903200 -20.582800 -2.769200 9.037100 -19.065001 -7.745400 9.041500 -20.387400 -2.825700 9.057200 -19.037600 -7.719800 9.136100 -20.253799 -2.864300 9.437200 -18.801901 -7.427600 9.441200 -19.994200 -2.969600 9.559700 -18.764099 -7.370700 9.560400 -19.937901 -2.997800 9.748500 -18.705700 -7.283000 9.806700 -19.821699 -3.056000 10.212600 -18.657700 -7.203400 10.212600 -19.759701 -3.090500 15.500000 -19.759701 -3.090500 15.500000 -18.657700 -7.203400 15.661700 -18.565001 -6.987900 15.816400 -19.392099 -3.364800 15.999900 -19.178900 -3.523900 16.000000 -18.278999 -5.568400 16.000000 -18.547400 -4.392300 16.000000 -18.371401 -6.537600 16.000000 -18.250299 -5.694000 "
							            />
							<TextureCoordinate point="0.3191 0.9321 0.9412 0.9321 0.9602 0.9475 0.1832 0.8688 0.0000 0.9505 0.1808 0.8642 0.0000 0.8117 0.1808 0.8642 0.0000 0.9505 0.1808 0.8642 0.0000 0.8117 0.1535 0.8117 0.1466 0.7836 0.1535 0.8117 0.0000 0.8117 0.1832 0.8688 0.2279 0.9081 0.0000 0.9505 0.2423 0.9144 0.0000 0.9505 0.2279 0.9081 0.0000 0.9505 0.2423 0.9144 0.2645 0.9241 0.1466 0.7836 0.0000 0.8117 0.1324 0.7011 0.0000 0.6112 0.1324 0.7011 0.0000 0.8117 0.1324 0.7011 0.0000 0.6112 0.1181 0.6112 0.0000 0.3887 0.0000 0.1883 0.0636 0.1883 0.0636 0.1883 0.0740 0.2832 0.0000 0.3887 0.0869 0.3887 0.0000 0.3887 0.0740 0.2832 0.0000 0.3887 0.0869 0.3887 0.0000 0.6112 0.1019 0.5004 0.0000 0.6112 0.0869 0.3887 0.0000 0.6112 0.1019 0.5004 0.1181 0.6112 0.0000 0.0000 0.0505 0.0126 0.0000 0.0495 0.0516 0.0495 0.0000 0.0495 0.0505 0.0126 0.0000 0.0495 0.0516 0.0495 0.0000 0.1883 0.0551 0.0991 0.0000 0.1883 0.0516 0.0495 0.0000 0.1883 0.0551 0.0991 0.0636 0.1883 0.0000 0.0495 0.0582 0.0126 0.0000 0.0000 0.0527 0.0000 0.0000 0.0000 0.0582 0.0126 0.0000 0.0000 0.0527 0.0000 0.0505 0.0126 0.0000 0.1883 0.0834 0.1393 0.0000 0.0495 0.0667 0.0495 0.0000 0.0495 0.0834 0.1393 0.0000 0.0495 0.0667 0.0495 0.0582 0.0126 0.0000 0.3887 0.1071 0.2830 0.0000 0.1883 0.0917 0.1883 0.0000 0.1883 0.1071 0.2830 0.0000 0.1883 0.0917 0.1883 0.0834 0.1393 0.0000 0.6112 0.1466 0.5396 0.0000 0.3887 0.1237 0.3887 0.0000 0.3887 0.1466 0.5396 0.0000 0.3887 0.1237 0.3887 0.1071 0.2830 0.3191 0.7484 0.2714 0.7381 0.0000 0.8117 0.2424 0.7187 0.0000 0.8117 0.2714 0.7381 0.0000 0.8117 0.2424 0.7187 0.2284 0.7093 0.2284 0.7093 0.1925 0.6661 0.0000 0.8117 0.1814 0.6438 0.0000 0.8117 0.1925 0.6661 0.0000 0.8117 0.1814 0.6438 0.0000 0.6112 0.1651 0.6112 0.0000 0.6112 0.1814 0.6438 0.0000 0.6112 0.1651 0.6112 0.1466 0.5396 0.9412 0.7484 0.3191 0.7484 0.9784 0.8097 0.0000 0.8117 0.9784 0.8097 0.3191 0.7484 0.9784 0.8097 0.0000 0.8117 1.0000 0.8452 0.0000 0.9505 1.0000 0.8452 0.0000 0.8117 0.2645 0.9241 0.3191 0.9321 0.0000 0.9505 0.9602 0.9475 0.0000 0.9505 0.3191 0.9321 0.0000 0.9505 0.9602 0.9475 0.0000 1.0000 1.0000 0.9798 0.0000 1.0000 0.9602 0.9475 1.0000 0.9798 1.0000 1.0000 0.0000 1.0000 1.0000 0.9952 0.0000 1.0000 1.0000 1.0000 0.0000 1.0000 1.0000 0.9952 0.0000 0.9505 1.0000 0.9505 0.0000 0.9505 1.0000 0.9952 0.0000 0.9505 1.0000 0.9505 1.0000 0.8452 " />
						</IndexedFaceSet>
					</Shape>
				</Group>
			</Transform>
		</Transform>
		<Transform DEF="Shape_IndexedFaceSet_020_TRANSFORM"
		           translation="0.000000 0.000000 0.000000"
		           scale="1.000000 1.000000 1.000000"
		           rotation="-0.000000 0.000000 0.000000 0.000000"
		           >
			<Transform DEF="Shape_IndexedFaceSet_020_ifs_TRANSFORM"
			           translation="0.000000 0.000000 0.000000"
			           scale="1.000000 1.000000 1.000000"
			           rotation="0.000000 1.000000 0.000000 0.000000"
			           >
				<Group DEF="group_ME_Shape_IndexedFaceSet_3068">
					<Shape>
						<Appearance>
							<Material USE="MA_Shape_011" />
						</Appearance>
						<IndexedFaceSet solid="false"
						                texCoordIndex="0 1 2 -1 3 4 5 -1 6 7 8 -1 9 10 11 -1 12 13 14 -1 15 16 17 -1 18 19 20 -1 21 22 23 -1 24 25 26 -1 27 28 29 -1 30 31 32 -1 33 34 35 -1 36 37 38 -1 39 40 41 -1 42 43 44 -1 45 46 47 -1 48 49 50 -1 51 52 53 -1 54 55 56 -1 57 58 59 -1 60 61 62 -1 63 64 65 -1 66 67 68 -1 69 70 71 -1 72 73 74 -1 75 76 77 -1 78 79 80 -1 81 82 83 -1 "
						                coordIndex="12 16 10 -1 27 10 16 -1 10 27 9 -1 26 9 27 -1 9 26 6 -1 4 14 7 -1 23 7 14 -1 7 23 8 -1 24 8 23 -1 8 24 11 -1 28 11 24 -1 11 28 12 -1 29 12 28 -1 12 29 16 -1 1 13 0 -1 17 0 13 -1 0 17 2 -1 19 2 17 -1 2 19 4 -1 21 4 19 -1 4 21 14 -1 25 22 5 -1 15 5 22 -1 5 15 3 -1 20 3 15 -1 3 20 1 -1 18 1 20 -1 1 18 13 -1 "
						                >
							<Coordinate DEF="coords_ME_Shape_IndexedFaceSet_3068"
							            point="9.000000 -13.236900 11.136900 9.000000 -12.955500 12.186900 9.000000 -12.955500 10.086900 9.000000 -12.186900 12.955500 9.000000 -12.186900 9.318200 9.000000 -11.136900 13.236900 9.000000 -11.136900 13.236900 9.000000 -11.136900 9.036900 9.000000 -10.086900 9.318200 9.000000 -10.086900 12.955500 9.000000 -9.318200 12.186900 9.000000 -9.318200 10.086900 9.000000 -9.036900 11.136900 16.000000 -13.040900 11.868400 16.000000 -11.868400 9.232900 16.000000 -11.868400 13.040900 16.000000 -9.232900 11.868400 16.000000 -13.236900 11.136900 16.000000 -12.955500 12.186900 16.000000 -12.955500 10.086900 16.000000 -12.186900 12.955500 16.000000 -12.186900 9.318200 16.000000 -11.136900 13.236900 16.000000 -11.136900 9.036900 16.000000 -10.086900 9.318200 16.000000 -10.086900 12.955500 16.000000 -10.086900 12.955500 16.000000 -9.318200 12.186900 16.000000 -9.318200 10.086900 16.000000 -9.036900 11.136900 "
							            />
							<TextureCoordinate point="0.0000 1.0000 1.0000 0.9533 0.0000 0.9330 1.0000 0.9330 0.0000 0.9330 1.0000 0.9533 0.0000 0.9330 1.0000 0.9330 0.0000 0.7500 1.0000 0.7500 0.0000 0.7500 1.0000 0.9330 0.0000 0.7500 1.0000 0.7500 0.0000 0.5000 0.0000 0.2500 1.0000 0.3258 0.0000 0.5000 1.0000 0.5000 0.0000 0.5000 1.0000 0.3258 0.0000 0.5000 1.0000 0.5000 0.0000 0.7500 1.0000 0.7500 0.0000 0.7500 1.0000 0.5000 0.0000 0.7500 1.0000 0.7500 0.0000 0.9330 1.0000 0.9330 0.0000 0.9330 1.0000 0.7500 0.0000 0.9330 1.0000 0.9330 0.0000 1.0000 1.0000 1.0000 0.0000 1.0000 1.0000 0.9330 0.0000 1.0000 1.0000 1.0000 1.0000 0.9533 0.0000 0.0670 1.0000 0.0467 0.0000 0.0000 1.0000 0.0000 0.0000 0.0000 1.0000 0.0467 0.0000 0.0000 1.0000 0.0000 0.0000 0.0670 1.0000 0.0670 0.0000 0.0670 1.0000 0.0000 0.0000 0.0670 1.0000 0.0670 0.0000 0.2500 1.0000 0.2500 0.0000 0.2500 1.0000 0.0670 0.0000 0.2500 1.0000 0.2500 1.0000 0.3258 1.0000 0.7500 1.0000 0.5000 0.0000 0.5000 1.0000 0.3258 0.0000 0.5000 1.0000 0.5000 0.0000 0.5000 1.0000 0.3258 0.0000 0.2500 1.0000 0.2500 0.0000 0.2500 1.0000 0.3258 0.0000 0.2500 1.0000 0.2500 0.0000 0.0670 1.0000 0.0670 0.0000 0.0670 1.0000 0.2500 0.0000 0.0670 1.0000 0.0670 1.0000 0.0467 " />
						</IndexedFaceSet>
					</Shape>
				</Group>
			</Transform>
		</Transform>
		<Transform DEF="Shape_IndexedFaceSet_021_TRANSFORM"
		           translation="0.000000 0.000000 0.000000"
		           scale="1.000000 1.000000 1.000000"
		           rotation="-0.000000 0.000000 0.000000 0.000000"
		           >
			<Transform DEF="Shape_IndexedFaceSet_021_ifs_TRANSFORM"
			           translation="0.000000 0.000000 0.000000"
			           scale="1.000000 1.000000 1.000000"
			           rotation="0.000000 1.000000 0.000000 0.000000"
			           >
				<Group DEF="group_ME_Shape_IndexedFaceSet_3069">
					<Shape>
						<Appearance>
							<Material USE="MA_Shape_011" />
						</Appearance>
						<IndexedFaceSet solid="false"
						                texCoordIndex="0 1 2 -1 3 4 5 -1 6 7 8 -1 9 10 11 -1 12 13 14 -1 15 16 17 -1 18 19 20 -1 21 22 23 -1 24 25 26 -1 27 28 29 -1 30 31 32 -1 33 34 35 -1 36 37 38 -1 39 40 41 -1 42 43 44 -1 45 46 47 -1 48 49 50 -1 51 52 53 -1 54 55 56 -1 57 58 59 -1 60 61 62 -1 63 64 65 -1 66 67 68 -1 69 70 71 -1 72 73 74 -1 75 76 77 -1 78 79 80 -1 81 82 83 -1 84 85 86 -1 87 88 89 -1 90 91 92 -1 93 94 95 -1 96 97 98 -1 99 100 101 -1 102 103 104 -1 105 106 107 -1 108 109 110 -1 111 112 113 -1 114 115 116 -1 117 118 119 -1 120 121 122 -1 123 124 125 -1 126 127 128 -1 129 130 131 -1 132 133 134 -1 135 136 137 -1 138 139 140 -1 141 142 143 -1 144 145 146 -1 147 148 149 -1 150 151 152 -1 153 154 155 -1 156 157 158 -1 159 160 161 -1 162 163 164 -1 165 166 167 -1 168 169 170 -1 171 172 173 -1 174 175 176 -1 177 178 179 -1 180 181 182 -1 183 184 185 -1 186 187 188 -1 189 190 191 -1 192 193 194 -1 195 196 197 -1 198 199 200 -1 201 202 203 -1 204 205 206 -1 207 208 209 -1 210 211 212 -1 213 214 215 -1 216 217 218 -1 219 220 221 -1 222 223 224 -1 225 226 227 -1 228 229 230 -1 231 232 233 -1 234 235 236 -1 237 238 239 -1 240 241 242 -1 243 244 245 -1 246 247 248 -1 249 250 251 -1 252 253 254 -1 255 256 257 -1 258 259 260 -1 261 262 263 -1 264 265 266 -1 267 268 269 -1 270 271 272 -1 273 274 275 -1 276 277 278 -1 279 280 281 -1 282 283 284 -1 285 286 287 -1 288 289 290 -1 291 292 293 -1 294 295 296 -1 297 298 299 -1 300 301 302 -1 303 304 305 -1 306 307 308 -1 309 310 311 -1 312 313 314 -1 315 316 317 -1 318 319 320 -1 321 322 323 -1 324 325 326 -1 327 328 329 -1 330 331 332 -1 333 334 335 -1 336 337 338 -1 339 340 341 -1 342 343 344 -1 345 346 347 -1 348 349 350 -1 351 352 353 -1 354 355 356 -1 357 358 359 -1 360 361 362 -1 363 364 365 -1 366 367 368 -1 369 370 371 -1 372 373 374 -1 375 376 377 -1 378 379 380 -1 381 382 383 -1 384 385 386 -1 387 388 389 -1 390 391 392 -1 393 394 395 -1 396 397 398 -1 399 400 401 -1 402 403 404 -1 405 406 407 -1 408 409 410 -1 411 412 413 -1 414 415 416 -1 417 418 419 -1 420 421 422 -1 423 424 425 -1 426 427 428 -1 429 430 431 -1 432 433 434 -1 435 436 437 -1 438 439 440 -1 441 442 443 -1 444 445 446 -1 447 448 449 -1 450 451 452 -1 453 454 455 -1 456 457 458 -1 459 460 461 -1 462 463 464 -1 465 466 467 -1 468 469 470 -1 471 472 473 -1 474 475 476 -1 477 478 479 -1 480 481 482 -1 483 484 485 -1 486 487 488 -1 489 490 491 -1 492 493 494 -1 495 496 497 -1 498 499 500 -1 501 502 503 -1 504 505 506 -1 507 508 509 -1 510 511 512 -1 513 514 515 -1 516 517 518 -1 519 520 521 -1 522 523 524 -1 525 526 527 -1 528 529 530 -1 531 532 533 -1 534 535 536 -1 537 538 539 -1 540 541 542 -1 543 544 545 -1 546 547 548 -1 549 550 551 -1 552 553 554 -1 555 556 557 -1 558 559 560 -1 561 562 563 -1 564 565 566 -1 567 568 569 -1 570 571 572 -1 573 574 575 -1 576 577 578 -1 579 580 581 -1 582 583 584 -1 585 586 587 -1 588 589 590 -1 591 592 593 -1 594 595 596 -1 597 598 599 -1 600 601 602 -1 603 604 605 -1 606 607 608 -1 609 610 611 -1 612 613 614 -1 615 616 617 -1 618 619 620 -1 621 622 623 -1 624 625 626 -1 627 628 629 -1 630 631 632 -1 633 634 635 -1 636 637 638 -1 639 640 641 -1 642 643 644 -1 645 646 647 -1 648 649 650 -1 651 652 653 -1 654 655 656 -1 657 658 659 -1 660 661 662 -1 663 664 665 -1 666 667 668 -1 669 670 671 -1 672 673 674 -1 675 676 677 -1 678 679 680 -1 681 682 683 -1 684 685 686 -1 687 688 689 -1 690 691 692 -1 693 694 695 -1 696 697 698 -1 699 700 701 -1 702 703 704 -1 705 706 707 -1 708 709 710 -1 711 712 713 -1 714 715 716 -1 717 718 719 -1 720 721 722 -1 723 724 725 -1 726 727 728 -1 729 730 731 -1 732 733 734 -1 735 736 737 -1 738 739 740 -1 741 742 743 -1 744 745 746 -1 747 748 749 -1 750 751 752 -1 753 754 755 -1 756 757 758 -1 759 760 761 -1 762 763 764 -1 765 766 767 -1 768 769 770 -1 771 772 773 -1 774 775 776 -1 777 778 779 -1 780 781 782 -1 783 784 785 -1 786 787 788 -1 789 790 791 -1 792 793 794 -1 795 796 797 -1 798 799 800 -1 801 802 803 -1 804 805 806 -1 807 808 809 -1 810 811 812 -1 813 814 815 -1 816 817 818 -1 819 820 821 -1 822 823 824 -1 825 826 827 -1 828 829 830 -1 831 832 833 -1 834 835 836 -1 837 838 839 -1 840 841 842 -1 843 844 845 -1 846 847 848 -1 849 850 851 -1 852 853 854 -1 855 856 857 -1 858 859 860 -1 861 862 863 -1 864 865 866 -1 867 868 869 -1 870 871 872 -1 873 874 875 -1 876 877 878 -1 879 880 881 -1 882 883 884 -1 885 886 887 -1 888 889 890 -1 891 892 893 -1 894 895 896 -1 897 898 899 -1 900 901 902 -1 903 904 905 -1 906 907 908 -1 909 910 911 -1 912 913 914 -1 "
						                coordIndex="220 223 231 -1 43 45 51 -1 137 140 141 -1 257 259 229 -1 101 81 74 -1 74 64 101 -1 63 101 64 -1 101 63 102 -1 65 102 63 -1 67 70 90 -1 70 78 90 -1 104 90 78 -1 90 104 93 -1 47 53 101 -1 57 101 53 -1 101 57 81 -1 67 81 57 -1 81 67 84 -1 90 84 67 -1 142 134 117 -1 142 117 104 -1 106 104 117 -1 104 106 93 -1 167 164 161 -1 154 161 164 -1 161 154 142 -1 149 142 154 -1 142 149 134 -1 203 195 193 -1 194 204 184 -1 177 184 204 -1 187 181 161 -1 179 161 181 -1 161 179 167 -1 185 167 179 -1 167 185 173 -1 189 173 185 -1 173 189 178 -1 203 178 189 -1 178 203 183 -1 193 183 203 -1 162 165 168 -1 204 201 177 -1 192 177 201 -1 177 192 174 -1 168 174 192 -1 118 135 143 -1 146 143 135 -1 143 146 162 -1 155 162 146 -1 162 155 165 -1 105 94 107 -1 94 105 91 -1 71 76 105 -1 79 105 76 -1 105 79 91 -1 73 91 79 -1 91 73 85 -1 68 85 73 -1 85 68 80 -1 102 80 68 -1 80 102 75 -1 65 75 102 -1 241 239 229 -1 241 229 246 -1 259 246 229 -1 246 259 251 -1 235 238 230 -1 240 230 238 -1 230 240 247 -1 259 263 251 -1 265 251 263 -1 251 265 254 -1 267 254 265 -1 254 267 256 -1 268 256 267 -1 256 268 255 -1 250 255 268 -1 268 266 250 -1 264 250 266 -1 250 264 247 -1 260 247 264 -1 247 260 230 -1 229 228 244 -1 262 257 252 -1 229 252 257 -1 252 229 248 -1 244 248 229 -1 242 244 236 -1 228 236 244 -1 236 228 234 -1 227 234 228 -1 234 227 232 -1 217 232 227 -1 197 205 202 -1 215 202 205 -1 202 215 217 -1 160 163 169 -1 169 172 160 -1 176 160 172 -1 160 176 197 -1 163 160 158 -1 141 158 160 -1 158 141 156 -1 140 145 141 -1 152 141 145 -1 141 152 156 -1 103 92 96 -1 114 122 103 -1 126 103 122 -1 103 126 141 -1 129 141 126 -1 141 129 137 -1 114 103 112 -1 96 112 103 -1 112 96 115 -1 140 138 145 -1 130 145 138 -1 145 130 132 -1 127 132 130 -1 132 127 119 -1 123 119 127 -1 119 123 109 -1 115 109 123 -1 109 115 98 -1 96 98 115 -1 92 103 88 -1 82 88 103 -1 88 82 86 -1 34 43 100 -1 51 100 43 -1 100 51 103 -1 61 103 51 -1 103 61 82 -1 39 15 35 -1 19 35 15 -1 35 19 38 -1 23 38 19 -1 38 23 41 -1 101 9 47 -1 10 47 9 -1 47 10 39 -1 6 39 10 -1 39 6 15 -1 28 29 102 -1 33 102 29 -1 102 33 101 -1 28 102 22 -1 8 22 102 -1 22 8 17 -1 33 30 101 -1 27 101 30 -1 101 27 9 -1 21 9 27 -1 9 21 4 -1 18 4 21 -1 4 18 3 -1 0 3 18 -1 18 13 0 -1 12 0 13 -1 0 12 1 -1 14 1 12 -1 1 14 2 -1 17 2 14 -1 2 17 5 -1 8 5 17 -1 50 42 7 -1 68 60 102 -1 54 102 60 -1 102 54 8 -1 50 8 54 -1 8 50 11 -1 7 11 50 -1 40 26 37 -1 24 37 26 -1 37 24 36 -1 20 36 24 -1 36 20 42 -1 16 42 20 -1 42 16 7 -1 55 46 48 -1 44 48 46 -1 48 44 40 -1 32 40 44 -1 40 32 26 -1 69 83 58 -1 62 58 83 -1 58 62 55 -1 56 55 62 -1 55 56 46 -1 105 95 71 -1 89 71 95 -1 71 89 69 -1 87 69 89 -1 69 87 83 -1 128 143 136 -1 147 136 143 -1 107 118 105 -1 143 105 118 -1 105 143 124 -1 128 124 143 -1 124 116 105 -1 111 105 116 -1 105 111 95 -1 110 95 111 -1 120 108 113 -1 99 113 108 -1 113 99 110 -1 97 110 99 -1 110 97 95 -1 113 121 120 -1 125 120 121 -1 120 125 133 -1 131 133 125 -1 133 131 148 -1 139 148 131 -1 148 139 144 -1 147 143 150 -1 162 150 143 -1 150 162 151 -1 153 148 157 -1 144 157 148 -1 157 144 159 -1 151 159 144 -1 159 151 166 -1 162 166 151 -1 186 190 171 -1 192 188 168 -1 180 168 188 -1 168 180 162 -1 182 162 180 -1 162 182 166 -1 186 166 182 -1 166 186 170 -1 171 170 186 -1 209 214 218 -1 218 214 233 -1 218 216 209 -1 210 209 216 -1 209 210 199 -1 196 199 210 -1 199 196 190 -1 175 190 196 -1 190 175 171 -1 249 245 231 -1 243 231 245 -1 214 220 233 -1 231 233 220 -1 233 231 237 -1 243 237 231 -1 260 258 230 -1 261 230 258 -1 230 261 253 -1 223 226 231 -1 230 231 226 -1 231 230 249 -1 253 249 230 -1 226 222 230 -1 213 230 222 -1 230 213 204 -1 208 204 213 -1 204 208 201 -1 202 206 200 -1 197 202 160 -1 200 160 202 -1 160 200 191 -1 217 227 202 -1 211 202 227 -1 202 211 206 -1 189 198 203 -1 207 203 198 -1 203 207 229 -1 212 229 207 -1 212 219 229 -1 225 229 219 -1 229 225 228 -1 224 228 225 -1 228 224 227 -1 221 227 224 -1 227 221 211 -1 77 72 103 -1 72 66 103 -1 59 103 66 -1 103 59 100 -1 52 100 59 -1 100 52 34 -1 49 34 52 -1 34 49 31 -1 41 31 49 -1 31 41 25 -1 23 25 41 -1 191 187 160 -1 161 160 187 -1 160 161 141 -1 142 141 161 -1 141 142 103 -1 104 103 142 -1 103 104 77 -1 78 77 104 -1 239 235 229 -1 230 229 235 -1 229 230 203 -1 204 203 230 -1 203 204 195 -1 194 195 204 -1 "
						                >
							<Coordinate DEF="coords_ME_Shape_IndexedFaceSet_3069"
							            point="16.000000 -19.463301 -1.194500 16.000000 -19.463301 1.194500 16.000000 -19.178900 3.523900 16.000000 -19.178900 -3.523900 16.000000 -18.547400 -4.392300 16.000000 -18.547400 4.392300 16.000000 -18.371401 -6.537600 16.000000 -18.371401 6.537600 16.000000 -18.278999 5.568400 16.000000 -18.278999 -5.568400 16.000000 -18.250299 -5.694000 16.000000 -18.250299 5.694000 16.000000 -17.849899 0.000000 16.000000 -17.568600 -1.050000 16.000000 -17.568600 1.049900 16.000000 -17.452999 -8.697100 16.000000 -17.452999 8.697100 16.000000 -16.799999 1.818600 16.000000 -16.799900 -1.818600 16.000000 -16.258400 -10.766200 16.000000 -16.258400 10.766200 16.000000 -15.750000 -2.100000 16.000000 -15.750000 2.100000 16.000000 -15.429000 -11.868400 16.000000 -15.429000 11.868400 16.000000 -14.847400 -12.641300 16.000000 -14.847400 12.641300 16.000000 -14.699900 -1.818600 16.000000 -14.699900 1.818600 16.000000 -13.931300 1.050000 16.000000 -13.931300 -1.049900 16.000000 -13.685800 -13.210800 16.000000 -13.685800 13.210800 16.000000 -13.650000 0.000000 16.000000 -13.500300 -13.443400 16.000000 -13.236900 -11.136900 16.000000 -13.236900 11.136900 16.000000 -13.040900 11.868400 16.000000 -13.040900 -11.868400 16.000000 -12.955500 -10.086900 16.000000 -12.955500 12.186900 16.000000 -12.955500 -12.186900 16.000000 -12.955500 10.086900 16.000000 -12.853400 -14.254600 16.000000 -12.853400 14.254600 16.000000 -12.641300 -14.847400 16.000000 -12.641300 14.847400 16.000000 -12.186900 -9.318200 16.000000 -12.186900 12.955500 16.000000 -12.186900 -12.955500 16.000000 -12.186900 9.318200 16.000000 -11.868400 -15.429000 16.000000 -11.868400 -13.040900 16.000000 -11.868400 -9.232900 16.000000 -11.868400 9.232900 16.000000 -11.868400 13.040900 16.000000 -11.868400 15.429000 16.000000 -11.136900 -9.036900 16.000000 -11.136900 13.236900 16.000000 -11.136900 -13.236900 16.000000 -11.136900 9.036900 16.000000 -10.766200 -16.258400 16.000000 -10.766200 16.258400 16.000000 -10.500000 0.000000 16.000000 -10.194800 -2.512800 16.000000 -10.194800 2.512800 16.000000 -10.086900 -12.955500 16.000000 -10.086900 -9.318200 16.000000 -10.086900 9.318200 16.000000 -10.086900 12.955500 16.000000 -9.318200 -10.086900 16.000000 -9.318200 12.186900 16.000000 -9.318200 -12.186900 16.000000 -9.318200 10.086900 16.000000 -9.297200 -4.879500 16.000000 -9.297200 4.879500 16.000000 -9.232900 11.868400 16.000000 -9.232900 -11.868400 16.000000 -9.036900 -11.136900 16.000000 -9.036900 11.136900 16.000000 -8.821700 5.568400 16.000000 -8.821700 -5.568400 16.000000 -8.697100 -17.452999 16.000000 -8.697100 17.452999 16.000000 -7.859300 -6.962700 16.000000 -7.859300 6.962700 16.000000 -6.537600 -18.371401 16.000000 -6.537600 18.371401 16.000000 -6.361500 -18.325500 16.000000 -6.361500 18.325500 16.000000 -5.964600 -8.641300 16.000000 -5.964600 8.641300 16.000000 -5.768400 -18.325500 16.000000 -5.768400 -8.744300 16.000000 -5.768400 8.744300 16.000000 -5.768400 18.325500 16.000000 -5.026400 -18.325500 16.000000 -5.026400 18.325500 16.000000 -3.823500 -18.904800 16.000000 -3.823500 18.904800 16.000000 -11.868400 -13.443400 16.000000 -11.868400 -5.568400 16.000000 -11.868400 5.568400 16.000000 -5.768400 -13.443400 16.000000 -5.768400 -11.868400 16.000000 -5.768400 11.868400 16.000000 -3.723300 -9.817600 16.000000 -3.723300 9.817600 16.000000 -3.523900 19.178900 16.000000 -3.523900 -19.178900 16.000000 -2.481700 16.051300 16.000000 -2.337500 14.863400 16.000000 -2.099900 -15.750000 16.000000 -2.057400 17.170099 16.000000 -1.818600 -14.700000 16.000000 -1.818600 -16.799999 16.000000 -1.657800 13.878700 16.000000 -1.265600 -10.423400 16.000000 -1.265600 10.423400 16.000000 -1.194500 -19.463301 16.000000 -1.194500 19.463301 16.000000 -1.161800 17.963600 16.000000 -1.049900 -13.931300 16.000000 -1.049900 -17.568600 16.000000 -0.598200 13.322600 16.000000 0.000000 18.250000 16.000000 0.000000 -13.650000 16.000000 0.000000 -17.850000 16.000000 0.598200 13.322600 16.000000 1.050000 -13.931300 16.000000 1.050000 -17.568600 16.000000 1.161800 17.963600 16.000000 1.194500 -19.463301 16.000000 1.194500 19.463301 16.000000 1.265600 -10.423400 16.000000 1.265600 10.423400 16.000000 1.657800 13.878700 16.000000 1.818600 -14.700000 16.000000 1.818600 -16.799999 16.000000 2.057400 17.170099 16.000000 2.100000 -15.750000 16.000000 2.300000 -13.443400 16.000000 2.300000 -11.868400 16.000000 2.300000 11.868400 16.000000 2.300000 16.530600 16.000000 2.300000 -19.328300 16.000000 2.300000 10.168400 16.000000 2.300000 14.809100 16.000000 2.300000 19.328300 16.000000 2.300000 -10.168400 16.000000 2.337500 14.863400 16.000000 2.481700 16.051300 16.000000 3.523900 -19.178900 16.000000 3.523900 19.178900 16.000000 3.723300 -9.817600 16.000000 3.723300 9.817600 16.000000 3.823500 -18.904800 16.000000 3.823500 18.904800 16.000000 5.026400 -18.325500 16.000000 5.026400 18.325500 16.000000 5.768400 -13.443400 16.000000 5.768400 -11.868400 16.000000 5.768400 11.868400 16.000000 5.768400 -18.325500 16.000000 5.768400 -8.744300 16.000000 5.768400 8.744300 16.000000 5.768400 18.325500 16.000000 5.964600 -8.641300 16.000000 5.964600 8.641300 16.000000 6.361500 -18.325500 16.000000 6.361500 18.325500 16.000000 6.537600 18.371401 16.000000 6.537600 -18.371401 16.000000 7.859300 -6.962700 16.000000 7.859300 6.962700 16.000000 8.697100 17.452999 16.000000 8.697100 -17.452999 16.000000 8.821700 5.568400 16.000000 8.821700 -5.568400 16.000000 9.036900 -11.136900 16.000000 9.036900 11.136900 16.000000 9.232900 -11.868400 16.000000 9.232900 11.868400 16.000000 9.297200 -4.879500 16.000000 9.297200 4.879500 16.000000 9.318200 -10.086900 16.000000 9.318200 12.186900 16.000000 9.318200 -12.186900 16.000000 9.318200 10.086900 16.000000 10.086900 -9.318200 16.000000 10.086900 12.955500 16.000000 10.086900 -12.955500 16.000000 10.086900 9.318200 16.000000 10.194800 -2.512800 16.000000 10.194800 2.512800 16.000000 10.499900 0.000000 16.000000 10.766200 16.258400 16.000000 10.766200 -16.258400 16.000000 11.136900 -9.036900 16.000000 11.136900 13.236900 16.000000 11.136900 -13.236900 16.000000 11.136900 9.036900 16.000000 11.868400 -13.443400 16.000000 11.868400 -5.568400 16.000000 11.868400 5.568400 16.000000 11.868400 -15.429000 16.000000 11.868400 -13.040900 16.000000 11.868400 -9.232900 16.000000 11.868400 9.232900 16.000000 11.868400 13.040900 16.000000 11.868400 15.429000 16.000000 12.186900 -12.955500 16.000000 12.186900 -9.318200 16.000000 12.186900 9.318200 16.000000 12.186900 12.955500 16.000000 12.641300 -14.847400 16.000000 12.641300 14.847400 16.000000 12.853400 -14.254600 16.000000 12.853400 14.254600 16.000000 12.955500 -10.086900 16.000000 12.955500 12.186900 16.000000 12.955500 -12.186900 16.000000 12.955500 10.086900 16.000000 13.040900 11.868400 16.000000 13.040900 -11.868400 16.000000 13.236900 -11.136900 16.000000 13.236900 11.136900 16.000000 13.443400 -13.443400 16.000000 13.443400 -11.868400 16.000000 13.443400 -5.568400 16.000000 13.443400 5.568400 16.000000 13.443400 11.868400 16.000000 13.443400 -13.514800 16.000000 13.443400 13.514800 16.000000 13.500300 -13.443400 16.000000 13.650000 0.000000 16.000000 13.685800 -13.210800 16.000000 13.685800 13.210800 16.000000 13.931300 1.049900 16.000000 13.931300 -1.050000 16.000000 14.699900 1.818600 16.000000 14.700000 -1.818600 16.000000 14.847400 -12.641300 16.000000 14.847400 12.641300 16.000000 15.429000 -11.868400 16.000000 15.429000 11.868400 16.000000 15.750000 -2.100000 16.000000 15.750000 2.100000 16.000000 16.258400 -10.766200 16.000000 16.258400 10.766200 16.000000 16.799999 1.818600 16.000000 16.799999 -1.818600 16.000000 17.452999 -8.697100 16.000000 17.452999 8.697100 16.000000 17.568600 -1.049900 16.000000 17.568600 1.050000 16.000000 17.850000 0.000000 16.000000 18.250299 -5.694000 16.000000 18.250299 5.694000 16.000000 18.278999 -5.568400 16.000000 18.278999 5.568400 16.000000 18.371401 6.537600 16.000000 18.371401 -6.537600 16.000000 18.547400 -4.392300 16.000000 18.547400 4.392300 16.000000 19.178900 -3.523900 16.000000 19.178900 3.523900 16.000000 19.463301 -1.194500 16.000000 19.463301 1.194500 "
							            />
							<TextureCoordinate point="0.8328 0.8131 0.8350 0.8049 0.8454 0.8049 0.1698 0.1338 0.1753 0.1186 0.1951 0.1036 0.5467 0.1224 0.5539 0.0954 0.5591 0.1546 0.9688 0.3537 0.9696 0.3570 0.8454 0.3570 0.1951 0.3570 0.2734 0.3570 0.2612 0.3746 0.2612 0.3746 0.2381 0.4354 0.1951 0.3570 0.2303 0.5000 0.1951 0.3570 0.2381 0.4354 0.1951 0.3570 0.2303 0.5000 0.1951 0.6430 0.2381 0.5646 0.1951 0.6430 0.2303 0.5000 0.2409 0.2606 0.2606 0.2409 0.3468 0.2780 0.2606 0.2409 0.2678 0.2139 0.3468 0.2780 0.3518 0.1951 0.3468 0.2780 0.2678 0.2139 0.3468 0.2780 0.3518 0.1951 0.3518 0.2754 0.1869 0.2606 0.1951 0.2628 0.1951 0.3570 0.2139 0.2678 0.1951 0.3570 0.1951 0.2628 0.1951 0.3570 0.2139 0.2678 0.2734 0.3570 0.2409 0.2606 0.2734 0.3570 0.2139 0.2678 0.2734 0.3570 0.2409 0.2606 0.2981 0.3211 0.3468 0.2780 0.2981 0.3211 0.2409 0.2606 0.5591 0.1951 0.5325 0.2322 0.4675 0.2322 0.5591 0.1951 0.4675 0.2322 0.3518 0.1951 0.4044 0.2478 0.3518 0.1951 0.4675 0.2322 0.3518 0.1951 0.4044 0.2478 0.3518 0.2754 0.6532 0.2780 0.6482 0.2754 0.6482 0.1951 0.5956 0.2478 0.6482 0.1951 0.6482 0.2754 0.6482 0.1951 0.5956 0.2478 0.5591 0.1951 0.5591 0.2388 0.5591 0.1951 0.5956 0.2478 0.5591 0.1951 0.5591 0.2388 0.5325 0.2322 0.8049 0.3570 0.7697 0.5000 0.7619 0.4354 0.7619 0.5646 0.8049 0.6430 0.7388 0.6254 0.7266 0.6430 0.7388 0.6254 0.8049 0.6430 0.7394 0.1869 0.7372 0.1951 0.6482 0.1951 0.7322 0.2139 0.6482 0.1951 0.7372 0.1951 0.6482 0.1951 0.7322 0.2139 0.6532 0.2780 0.7394 0.2409 0.6532 0.2780 0.7322 0.2139 0.6532 0.2780 0.7394 0.2409 0.7019 0.3211 0.7591 0.2606 0.7019 0.3211 0.7394 0.2409 0.7019 0.3211 0.7591 0.2606 0.7266 0.3570 0.8049 0.3570 0.7266 0.3570 0.7591 0.2606 0.7266 0.3570 0.8049 0.3570 0.7388 0.3746 0.7619 0.4354 0.7388 0.3746 0.8049 0.3570 0.6482 0.8049 0.6482 0.7246 0.6532 0.7220 0.8049 0.6430 0.7861 0.7322 0.7266 0.6430 0.7591 0.7394 0.7266 0.6430 0.7861 0.7322 0.7266 0.6430 0.7591 0.7394 0.7019 0.6789 0.6532 0.7220 0.7019 0.6789 0.7591 0.7394 0.4675 0.7678 0.5325 0.7678 0.5591 0.8049 0.5591 0.7612 0.5591 0.8049 0.5325 0.7678 0.5591 0.8049 0.5591 0.7612 0.6482 0.8049 0.5956 0.7522 0.6482 0.8049 0.5591 0.7612 0.6482 0.8049 0.5956 0.7522 0.6482 0.7246 0.3518 0.8049 0.3518 0.7246 0.4044 0.7522 0.3518 0.7246 0.3518 0.8049 0.3468 0.7220 0.2606 0.8131 0.2628 0.8049 0.3518 0.8049 0.2678 0.7861 0.3518 0.8049 0.2628 0.8049 0.3518 0.8049 0.2678 0.7861 0.3468 0.7220 0.2606 0.7591 0.3468 0.7220 0.2678 0.7861 0.3468 0.7220 0.2606 0.7591 0.2981 0.6789 0.2409 0.7394 0.2981 0.6789 0.2606 0.7591 0.2981 0.6789 0.2409 0.7394 0.2734 0.6430 0.1951 0.6430 0.2734 0.6430 0.2409 0.7394 0.2734 0.6430 0.1951 0.6430 0.2612 0.6254 0.2381 0.5646 0.2612 0.6254 0.1951 0.6430 0.8776 0.4533 0.8579 0.4730 0.8454 0.3570 0.8776 0.4533 0.8454 0.3570 0.9046 0.4461 0.9696 0.3570 0.9046 0.4461 0.8454 0.3570 0.9046 0.4461 0.9696 0.3570 0.9316 0.4533 0.8507 0.5000 0.8579 0.5270 0.8454 0.6430 0.8776 0.5467 0.8454 0.6430 0.8579 0.5270 0.8454 0.6430 0.8776 0.5467 0.9046 0.5539 0.9696 0.3570 0.9765 0.3872 0.9316 0.4533 0.9927 0.4095 0.9316 0.4533 0.9765 0.3872 0.9316 0.4533 0.9927 0.4095 0.9513 0.4730 1.0000 0.4693 0.9513 0.4730 0.9927 0.4095 0.9513 0.4730 1.0000 0.4693 0.9586 0.5000 1.0000 0.5307 0.9586 0.5000 1.0000 0.4693 0.9586 0.5000 1.0000 0.5307 0.9513 0.5270 0.9316 0.5467 0.9513 0.5270 1.0000 0.5307 1.0000 0.5307 0.9927 0.5905 0.9316 0.5467 0.9765 0.6128 0.9316 0.5467 0.9927 0.5905 0.9316 0.5467 0.9765 0.6128 0.9046 0.5539 0.9696 0.6430 0.9046 0.5539 0.9765 0.6128 0.9046 0.5539 0.9696 0.6430 0.8454 0.6430 0.8454 0.3570 0.8454 0.1951 0.8964 0.1951 0.9719 0.3321 0.9688 0.3537 0.9484 0.2766 0.8454 0.3570 0.9484 0.2766 0.9688 0.3537 0.9484 0.2766 0.8454 0.3570 0.9177 0.2234 0.8964 0.1951 0.9177 0.2234 0.8454 0.3570 0.8814 0.1753 0.8964 0.1951 0.8516 0.1606 0.8454 0.1951 0.8516 0.1606 0.8964 0.1951 0.8516 0.1606 0.8454 0.1951 0.8468 0.1546 0.8454 0.1546 0.8468 0.1546 0.8454 0.1951 0.8468 0.1546 0.8454 0.1546 0.8454 0.1528 0.8302 0.1338 0.8454 0.1528 0.8454 0.1546 0.7766 0.0823 0.8049 0.1036 0.8049 0.1546 0.8247 0.1186 0.8049 0.1546 0.8049 0.1036 0.8049 0.1546 0.8247 0.1186 0.8302 0.1338 0.6482 0.1546 0.6482 0.0292 0.6634 0.0292 0.6634 0.0292 0.6679 0.0281 0.6482 0.1546 0.7234 0.0516 0.6482 0.1546 0.6679 0.0281 0.6482 0.1546 0.7234 0.0516 0.7766 0.0823 0.6482 0.0292 0.6482 0.1546 0.6291 0.0292 0.5591 0.1546 0.6291 0.0292 0.6482 0.1546 0.6291 0.0292 0.5591 0.1546 0.5982 0.0143 0.5539 0.0954 0.5591 0.0035 0.5591 0.1546 0.5905 0.0073 0.5591 0.1546 0.5591 0.0035 0.5591 0.1546 0.5905 0.0073 0.5982 0.0143 0.3518 0.1546 0.3518 0.0292 0.3709 0.0292 0.4533 0.1224 0.4730 0.1421 0.3518 0.1546 0.5000 0.1493 0.3518 0.1546 0.4730 0.1421 0.3518 0.1546 0.5000 0.1493 0.5591 0.1546 0.5270 0.1421 0.5591 0.1546 0.5000 0.1493 0.5591 0.1546 0.5270 0.1421 0.5467 0.1224 0.4533 0.1224 0.3518 0.1546 0.4461 0.0954 0.3709 0.0292 0.4461 0.0954 0.3518 0.1546 0.4461 0.0954 0.3709 0.0292 0.4533 0.0684 0.5539 0.0954 0.5467 0.0684 0.5591 0.0035 0.5270 0.0487 0.5591 0.0035 0.5467 0.0684 0.5591 0.0035 0.5270 0.0487 0.5307 0.0000 0.5000 0.0414 0.5307 0.0000 0.5270 0.0487 0.5307 0.0000 0.5000 0.0414 0.4693 0.0000 0.4730 0.0487 0.4693 0.0000 0.5000 0.0414 0.4693 0.0000 0.4730 0.0487 0.4095 0.0073 0.4533 0.0684 0.4095 0.0073 0.4730 0.0487 0.4095 0.0073 0.4533 0.0684 0.4018 0.0143 0.3709 0.0292 0.4018 0.0143 0.4533 0.0684 0.3518 0.0292 0.3518 0.1546 0.3366 0.0292 0.2766 0.0516 0.3366 0.0292 0.3518 0.1546 0.3366 0.0292 0.2766 0.0516 0.3321 0.0281 0.1532 0.1546 0.1698 0.1338 0.1951 0.1546 0.1951 0.1036 0.1951 0.1546 0.1698 0.1338 0.1951 0.1546 0.1951 0.1036 0.3518 0.1546 0.2234 0.0823 0.3518 0.1546 0.1951 0.1036 0.3518 0.1546 0.2234 0.0823 0.2766 0.0516 0.1672 0.2409 0.0516 0.2766 0.1600 0.2139 0.0823 0.2234 0.1600 0.2139 0.0516 0.2766 0.1600 0.2139 0.0823 0.2234 0.1650 0.1951 0.1036 0.1951 0.1650 0.1951 0.0823 0.2234 0.1650 0.1951 0.1036 0.1951 0.1672 0.1869 0.1951 0.3570 0.0304 0.3570 0.1869 0.2606 0.0312 0.3537 0.1869 0.2606 0.0304 0.3570 0.1869 0.2606 0.0312 0.3537 0.1672 0.2409 0.0281 0.3321 0.1672 0.2409 0.0312 0.3537 0.1672 0.2409 0.0281 0.3321 0.0516 0.2766 0.1224 0.5467 0.1421 0.5270 0.1951 0.6430 0.1493 0.5000 0.1951 0.6430 0.1421 0.5270 0.1951 0.6430 0.1493 0.5000 0.1951 0.3570 0.1224 0.5467 0.1951 0.6430 0.0954 0.5539 0.0304 0.6430 0.0954 0.5539 0.1951 0.6430 0.0954 0.5539 0.0304 0.6430 0.0684 0.5467 0.1493 0.5000 0.1421 0.4730 0.1951 0.3570 0.1224 0.4533 0.1951 0.3570 0.1421 0.4730 0.1951 0.3570 0.1224 0.4533 0.0304 0.3570 0.0954 0.4461 0.0304 0.3570 0.1224 0.4533 0.0304 0.3570 0.0954 0.4461 0.0235 0.3872 0.0684 0.4533 0.0235 0.3872 0.0954 0.4461 0.0235 0.3872 0.0684 0.4533 0.0073 0.4095 0.0000 0.4693 0.0073 0.4095 0.0684 0.4533 0.0684 0.4533 0.0487 0.4730 0.0000 0.4693 0.0414 0.5000 0.0000 0.4693 0.0487 0.4730 0.0000 0.4693 0.0414 0.5000 0.0000 0.5307 0.0487 0.5270 0.0000 0.5307 0.0414 0.5000 0.0000 0.5307 0.0487 0.5270 0.0073 0.5905 0.0684 0.5467 0.0073 0.5905 0.0487 0.5270 0.0073 0.5905 0.0684 0.5467 0.0235 0.6128 0.0304 0.6430 0.0235 0.6128 0.0684 0.5467 0.1869 0.7394 0.1672 0.7591 0.0281 0.6679 0.2409 0.7394 0.2139 0.7322 0.1951 0.6430 0.1951 0.7372 0.1951 0.6430 0.2139 0.7322 0.1951 0.6430 0.1951 0.7372 0.0304 0.6430 0.1869 0.7394 0.0304 0.6430 0.1951 0.7372 0.0304 0.6430 0.1869 0.7394 0.0312 0.6463 0.0281 0.6679 0.0312 0.6463 0.1869 0.7394 0.1672 0.8131 0.1186 0.8247 0.1650 0.8049 0.1036 0.8049 0.1650 0.8049 0.1186 0.8247 0.1650 0.8049 0.1036 0.8049 0.1600 0.7861 0.0823 0.7766 0.1600 0.7861 0.1036 0.8049 0.1600 0.7861 0.0823 0.7766 0.1672 0.7591 0.0516 0.7234 0.1672 0.7591 0.0823 0.7766 0.1672 0.7591 0.0516 0.7234 0.0281 0.6679 0.1951 0.8350 0.1753 0.8814 0.1869 0.8328 0.1698 0.8662 0.1869 0.8328 0.1753 0.8814 0.1869 0.8328 0.1698 0.8662 0.1672 0.8131 0.1484 0.8394 0.1672 0.8131 0.1698 0.8662 0.1672 0.8131 0.1484 0.8394 0.1186 0.8247 0.2409 0.8328 0.2766 0.9484 0.2139 0.8400 0.2234 0.9177 0.2139 0.8400 0.2766 0.9484 0.2139 0.8400 0.2234 0.9177 0.1951 0.8350 0.1951 0.8964 0.1951 0.8350 0.2234 0.9177 0.1951 0.8350 0.1951 0.8964 0.1753 0.8814 0.3518 0.8049 0.3518 0.9708 0.2606 0.8131 0.3366 0.9708 0.2606 0.8131 0.3518 0.9708 0.2606 0.8131 0.3366 0.9708 0.2409 0.8328 0.3321 0.9719 0.2409 0.8328 0.3366 0.9708 0.2409 0.8328 0.3321 0.9719 0.2766 0.9484 0.5154 0.8422 0.5591 0.8049 0.5426 0.8565 0.5591 0.8804 0.5426 0.8565 0.5591 0.8049 0.4044 0.7522 0.4675 0.7678 0.3518 0.8049 0.5591 0.8049 0.3518 0.8049 0.4675 0.7678 0.3518 0.8049 0.5591 0.8049 0.4846 0.8422 0.5154 0.8422 0.4846 0.8422 0.5591 0.8049 0.4846 0.8422 0.4574 0.8565 0.3518 0.8049 0.4400 0.8818 0.3518 0.8049 0.4574 0.8565 0.3518 0.8049 0.4400 0.8818 0.3518 0.9708 0.4362 0.9123 0.3518 0.9708 0.4400 0.8818 0.4693 1.0000 0.4095 0.9927 0.4471 0.9411 0.4018 0.9857 0.4471 0.9411 0.4095 0.9927 0.4471 0.9411 0.4018 0.9857 0.4362 0.9123 0.3709 0.9708 0.4362 0.9123 0.4018 0.9857 0.4362 0.9123 0.3709 0.9708 0.3518 0.9708 0.4471 0.9411 0.4702 0.9615 0.4693 1.0000 0.5000 0.9688 0.4693 1.0000 0.4702 0.9615 0.4693 1.0000 0.5000 0.9688 0.5307 1.0000 0.5298 0.9615 0.5307 1.0000 0.5000 0.9688 0.5307 1.0000 0.5298 0.9615 0.5591 0.9965 0.5529 0.9411 0.5591 0.9965 0.5298 0.9615 0.5591 0.9965 0.5529 0.9411 0.5591 0.9247 0.5591 0.8804 0.5591 0.8049 0.5600 0.8818 0.6482 0.8049 0.5600 0.8818 0.5591 0.8049 0.5600 0.8818 0.6482 0.8049 0.5638 0.9123 0.5905 0.9927 0.5591 0.9965 0.5982 0.9857 0.5591 0.9247 0.5982 0.9857 0.5591 0.9965 0.5982 0.9857 0.5591 0.9247 0.6291 0.9708 0.5638 0.9123 0.6291 0.9708 0.5591 0.9247 0.6291 0.9708 0.5638 0.9123 0.6482 0.9708 0.6482 0.8049 0.6482 0.9708 0.5638 0.9123 0.7394 0.8131 0.7591 0.8328 0.6679 0.9719 0.7591 0.7394 0.7394 0.7591 0.6532 0.7220 0.7322 0.7861 0.6532 0.7220 0.7394 0.7591 0.6532 0.7220 0.7322 0.7861 0.6482 0.8049 0.7372 0.8049 0.6482 0.8049 0.7322 0.7861 0.6482 0.8049 0.7372 0.8049 0.6482 0.9708 0.7394 0.8131 0.6482 0.9708 0.7372 0.8049 0.6482 0.9708 0.7394 0.8131 0.6634 0.9708 0.6679 0.9719 0.6634 0.9708 0.7394 0.8131 0.8049 0.8350 0.8131 0.8328 0.8302 0.8662 0.8302 0.8662 0.8131 0.8328 0.8454 0.8472 0.8302 0.8662 0.8247 0.8814 0.8049 0.8350 0.8049 0.8964 0.8049 0.8350 0.8247 0.8814 0.8049 0.8350 0.8049 0.8964 0.7861 0.8400 0.7766 0.9177 0.7861 0.8400 0.8049 0.8964 0.7861 0.8400 0.7766 0.9177 0.7591 0.8328 0.7234 0.9484 0.7591 0.8328 0.7766 0.9177 0.7591 0.8328 0.7234 0.9484 0.6679 0.9719 0.9177 0.7766 0.8964 0.8049 0.8454 0.8049 0.8814 0.8247 0.8454 0.8049 0.8964 0.8049 0.8131 0.8328 0.8328 0.8131 0.8454 0.8472 0.8454 0.8049 0.8454 0.8472 0.8328 0.8131 0.8454 0.8472 0.8454 0.8049 0.8516 0.8394 0.8814 0.8247 0.8516 0.8394 0.8454 0.8049 0.9696 0.6430 0.9688 0.6463 0.8454 0.6430 0.9719 0.6679 0.8454 0.6430 0.9688 0.6463 0.8454 0.6430 0.9719 0.6679 0.9484 0.7234 0.8350 0.8049 0.8400 0.7861 0.8454 0.8049 0.8454 0.6430 0.8454 0.8049 0.8400 0.7861 0.8454 0.8049 0.8454 0.6430 0.9177 0.7766 0.9484 0.7234 0.9177 0.7766 0.8454 0.6430 0.8400 0.7861 0.8328 0.7591 0.8454 0.6430 0.8131 0.7394 0.8454 0.6430 0.8328 0.7591 0.8454 0.6430 0.8131 0.7394 0.8049 0.6430 0.8049 0.7372 0.8049 0.6430 0.8131 0.7394 0.8049 0.6430 0.8049 0.7372 0.7861 0.7322 0.8049 0.1546 0.8049 0.1650 0.7861 0.1600 0.7766 0.0823 0.8049 0.1546 0.6482 0.1546 0.7861 0.1600 0.6482 0.1546 0.8049 0.1546 0.6482 0.1546 0.7861 0.1600 0.7591 0.1672 0.8302 0.1338 0.8454 0.1546 0.8049 0.1546 0.8131 0.1672 0.8049 0.1546 0.8454 0.1546 0.8049 0.1546 0.8131 0.1672 0.8049 0.1650 0.7591 0.2606 0.7861 0.2678 0.8049 0.3570 0.8049 0.2628 0.8049 0.3570 0.7861 0.2678 0.8049 0.3570 0.8049 0.2628 0.8454 0.3570 0.8131 0.2606 0.8454 0.3570 0.8049 0.2628 0.8131 0.2606 0.8328 0.2409 0.8454 0.3570 0.8400 0.2139 0.8454 0.3570 0.8328 0.2409 0.8454 0.3570 0.8400 0.2139 0.8454 0.1951 0.8350 0.1951 0.8454 0.1951 0.8400 0.2139 0.8454 0.1951 0.8350 0.1951 0.8454 0.1546 0.8328 0.1869 0.8454 0.1546 0.8350 0.1951 0.8454 0.1546 0.8328 0.1869 0.8131 0.1672 0.2628 0.1951 0.2606 0.1869 0.3518 0.1546 0.2606 0.1869 0.2409 0.1672 0.3518 0.1546 0.2139 0.1600 0.3518 0.1546 0.2409 0.1672 0.3518 0.1546 0.2139 0.1600 0.1951 0.1546 0.1951 0.1650 0.1951 0.1546 0.2139 0.1600 0.1951 0.1546 0.1951 0.1650 0.1532 0.1546 0.1869 0.1672 0.1532 0.1546 0.1951 0.1650 0.1532 0.1546 0.1869 0.1672 0.1484 0.1606 0.1672 0.1869 0.1484 0.1606 0.1869 0.1672 0.1484 0.1606 0.1672 0.1869 0.1186 0.1753 0.1036 0.1951 0.1186 0.1753 0.1672 0.1869 0.7591 0.1672 0.7394 0.1869 0.6482 0.1546 0.6482 0.1951 0.6482 0.1546 0.7394 0.1869 0.6482 0.1546 0.6482 0.1951 0.5591 0.1546 0.5591 0.1951 0.5591 0.1546 0.6482 0.1951 0.5591 0.1546 0.5591 0.1951 0.3518 0.1546 0.3518 0.1951 0.3518 0.1546 0.5591 0.1951 0.3518 0.1546 0.3518 0.1951 0.2628 0.1951 0.2678 0.2139 0.2628 0.1951 0.3518 0.1951 0.8579 0.4730 0.8507 0.5000 0.8454 0.3570 0.8454 0.6430 0.8454 0.3570 0.8507 0.5000 0.8454 0.3570 0.8454 0.6430 0.8049 0.3570 0.8049 0.6430 0.8049 0.3570 0.8454 0.6430 0.8049 0.3570 0.8049 0.6430 0.7697 0.5000 0.7619 0.5646 0.7697 0.5000 0.8049 0.6430 " />
						</IndexedFaceSet>
					</Shape>
				</Group>
			</Transform>
		</Transform>
		<Transform DEF="Shape_IndexedFaceSet_022_TRANSFORM"
		           translation="0.000000 0.000000 0.000000"
		           scale="1.000000 1.000000 1.000000"
		           rotation="-0.000000 0.000000 0.000000 0.000000"
		           >
			<Transform DEF="Shape_IndexedFaceSet_022_ifs_TRANSFORM"
			           translation="0.000000 0.000000 0.000000"
			           scale="1.000000 1.000000 1.000000"
			           rotation="0.000000 1.000000 0.000000 0.000000"
			           >
				<Group DEF="group_ME_Shape_IndexedFaceSet_3070">
					<Shape>
						<Appearance>
							<Material USE="MA_Shape_011" />
						</Appearance>
						<IndexedFaceSet solid="false"
						                texCoordIndex="0 1 2 -1 3 4 5 -1 6 7 8 -1 9 10 11 -1 12 13 14 -1 15 16 17 -1 18 19 20 -1 21 22 23 -1 24 25 26 -1 27 28 29 -1 30 31 32 -1 33 34 35 -1 36 37 38 -1 39 40 41 -1 42 43 44 -1 45 46 47 -1 48 49 50 -1 51 52 53 -1 54 55 56 -1 57 58 59 -1 60 61 62 -1 63 64 65 -1 66 67 68 -1 69 70 71 -1 72 73 74 -1 75 76 77 -1 78 79 80 -1 81 82 83 -1 84 85 86 -1 87 88 89 -1 90 91 92 -1 93 94 95 -1 96 97 98 -1 99 100 101 -1 102 103 104 -1 105 106 107 -1 108 109 110 -1 111 112 113 -1 114 115 116 -1 117 118 119 -1 120 121 122 -1 "
						                coordIndex="16 36 34 -1 16 17 36 -1 20 36 17 -1 36 20 38 -1 21 38 20 -1 38 21 39 -1 24 39 21 -1 39 24 42 -1 24 25 42 -1 26 42 25 -1 42 26 41 -1 23 41 26 -1 41 23 40 -1 22 40 23 -1 40 22 37 -1 22 19 37 -1 18 37 19 -1 37 18 35 -1 18 15 35 -1 14 35 15 -1 35 14 33 -1 14 12 33 -1 9 33 12 -1 33 9 30 -1 9 8 30 -1 4 30 8 -1 30 4 28 -1 4 3 28 -1 0 28 3 -1 28 0 27 -1 0 1 27 -1 2 27 1 -1 27 2 29 -1 2 5 29 -1 6 29 5 -1 29 6 31 -1 7 10 32 -1 11 32 10 -1 32 11 34 -1 13 34 11 -1 34 13 16 -1 "
						                >
							<Coordinate DEF="coords_ME_Shape_IndexedFaceSet_3070"
							            point="11.000000 -2.481700 15.448600 11.000000 -2.409600 16.042500 11.000000 -2.337500 16.636499 11.000000 -2.269600 14.889200 11.000000 -2.057400 14.329800 11.000000 -1.997600 17.128799 11.000000 -1.657800 17.621201 11.000000 -1.657800 17.621201 11.000000 -1.609600 13.933000 11.000000 -1.161800 13.536300 11.000000 -1.128000 17.899300 11.000000 -0.598200 18.177299 11.000000 -0.580900 13.393100 11.000000 0.000000 18.250000 11.000000 0.000000 13.250000 11.000000 0.580900 13.393100 11.000000 0.598200 18.177299 11.000000 1.128000 17.899300 11.000000 1.161800 13.536300 11.000000 1.609600 13.933000 11.000000 1.657800 17.621201 11.000000 1.997600 17.128799 11.000000 2.057400 14.329800 11.000000 2.269600 14.889200 11.000000 2.337500 16.636499 11.000000 2.409600 16.042500 11.000000 2.481700 15.448600 16.000000 -2.481700 16.051300 16.000000 -2.337500 14.863400 16.000000 -2.057400 17.170099 16.000000 -1.657800 13.878700 16.000000 -1.161800 17.963600 16.000000 -1.161800 17.963600 16.000000 -0.598200 13.322600 16.000000 0.000000 18.250000 16.000000 0.598200 13.322600 16.000000 1.161800 17.963600 16.000000 1.657800 13.878700 16.000000 2.057400 17.170099 16.000000 2.300000 16.530600 16.000000 2.300000 14.809100 16.000000 2.337500 14.863400 16.000000 2.481700 16.051300 "
							            />
							<TextureCoordinate point="0.0000 0.9855 1.0000 0.9427 1.0000 1.0000 0.0000 0.9855 0.0000 0.9299 1.0000 0.9427 0.0000 0.8742 1.0000 0.9427 0.0000 0.9299 1.0000 0.9427 0.0000 0.8742 1.0000 0.7840 0.0000 0.7758 1.0000 0.7840 0.0000 0.8742 1.0000 0.7840 0.0000 0.7758 1.0000 0.6561 0.0000 0.6773 1.0000 0.6561 0.0000 0.7758 1.0000 0.6561 0.0000 0.6773 1.0000 0.5603 0.0000 0.6773 0.0000 0.5585 1.0000 0.5603 0.0000 0.4397 1.0000 0.5603 0.0000 0.5585 1.0000 0.5603 0.0000 0.4397 1.0000 0.3227 0.0000 0.3278 1.0000 0.3227 0.0000 0.4397 1.0000 0.3227 0.0000 0.3278 1.0000 0.3118 0.0000 0.2160 1.0000 0.3118 0.0000 0.3278 1.0000 0.3118 0.0000 0.2160 1.0000 0.1257 0.0000 0.2160 0.0000 0.1366 1.0000 0.1257 0.0000 0.0573 1.0000 0.1257 0.0000 0.1366 1.0000 0.1257 0.0000 0.0573 1.0000 0.0145 0.0000 0.0573 0.0000 0.0286 1.0000 0.0145 0.0000 0.0000 1.0000 0.0145 0.0000 0.0286 1.0000 0.0145 0.0000 0.0000 1.0000 0.0145 0.0000 0.0000 0.0000 0.0286 1.0000 0.0145 0.0000 0.0573 1.0000 0.0145 0.0000 0.0286 1.0000 0.0145 0.0000 0.0573 1.0000 0.1257 0.0000 0.0573 0.0000 0.1366 1.0000 0.1257 0.0000 0.2160 1.0000 0.1257 0.0000 0.1366 1.0000 0.1257 0.0000 0.2160 1.0000 0.3227 0.0000 0.2160 0.0000 0.3278 1.0000 0.3227 0.0000 0.4397 1.0000 0.3227 0.0000 0.3278 1.0000 0.3227 0.0000 0.4397 1.0000 0.5603 0.0000 0.4397 0.0000 0.5585 1.0000 0.5603 0.0000 0.6773 1.0000 0.5603 0.0000 0.5585 1.0000 0.5603 0.0000 0.6773 1.0000 0.7840 0.0000 0.6773 0.0000 0.7758 1.0000 0.7840 0.0000 0.8742 1.0000 0.7840 0.0000 0.7758 1.0000 0.7840 0.0000 0.8742 1.0000 0.9427 0.0000 0.8742 0.0000 0.9299 1.0000 0.9427 0.0000 0.9855 1.0000 0.9427 0.0000 0.9299 1.0000 0.9427 0.0000 0.9855 1.0000 1.0000 0.0000 1.0000 1.0000 1.0000 0.0000 0.9855 1.0000 1.0000 0.0000 1.0000 0.0000 0.9855 " />
						</IndexedFaceSet>
					</Shape>
				</Group>
			</Transform>
		</Transform>
		<Transform DEF="Shape_IndexedFaceSet_023_TRANSFORM"
		           translation="0.000000 0.000000 0.000000"
		           scale="1.000000 1.000000 1.000000"
		           rotation="-0.000000 0.000000 0.000000 0.000000"
		           >
			<Transform DEF="Shape_IndexedFaceSet_023_ifs_TRANSFORM"
			           translation="0.000000 0.000000 0.000000"
			           scale="1.000000 1.000000 1.000000"
			           rotation="0.000000 1.000000 0.000000 0.000000"
			           >
				<Group DEF="group_ME_Shape_IndexedFaceSet_3071">
					<Shape>
						<Appearance>
							<Material USE="MA_Shape_011" />
						</Appearance>
						<IndexedFaceSet solid="false"
						                texCoordIndex="0 1 2 -1 3 4 5 -1 6 7 8 -1 9 10 11 -1 12 13 14 -1 15 16 17 -1 18 19 20 -1 21 22 23 -1 24 25 26 -1 27 28 29 -1 30 31 32 -1 33 34 35 -1 "
						                coordIndex="3 20 22 -1 18 20 5 -1 2 23 21 -1 24 23 0 -1 22 24 1 -1 8 16 14 -1 19 16 6 -1 21 19 4 -1 9 13 15 -1 12 13 11 -1 14 12 10 -1 15 17 7 -1 "
						                >
							<Coordinate DEF="coords_ME_Shape_IndexedFaceSet_3071"
							            point="7.738100 11.136900 11.136900 7.738100 11.136900 11.136900 7.738100 11.136900 11.136900 7.738100 11.136900 11.136900 7.738100 11.136900 11.136900 7.738100 11.136900 11.136900 7.738100 11.136900 11.136900 7.738100 11.136900 11.136900 7.738100 11.136900 11.136900 7.738100 11.136900 11.136900 7.738100 11.136900 11.136900 7.738100 11.136900 11.136900 9.000000 9.036900 11.136900 9.000000 9.318200 10.086900 9.000000 9.318200 12.186900 9.000000 10.086900 9.318200 9.000000 10.086900 12.955500 9.000000 11.136900 9.036900 9.000000 11.136900 9.036900 9.000000 11.136900 13.236900 9.000000 12.186900 9.318200 9.000000 12.186900 12.955500 9.000000 12.955500 10.086900 9.000000 12.955500 12.186900 9.000000 13.236900 11.136900 "
							            />
							<TextureCoordinate point="0.5000 0.5000 0.7500 0.0670 0.9330 0.2500 0.5000 0.0000 0.7500 0.0670 0.5000 0.5000 0.5000 0.5000 0.9330 0.7500 0.7500 0.9330 1.0000 0.5000 0.9330 0.7500 0.5000 0.5000 0.9330 0.2500 1.0000 0.5000 0.5000 0.5000 0.5000 0.5000 0.2500 0.9330 0.0670 0.7500 0.5000 1.0000 0.2500 0.9330 0.5000 0.5000 0.7500 0.9330 0.5000 1.0000 0.5000 0.5000 0.5000 0.5000 0.0670 0.2500 0.2500 0.0670 0.0000 0.5000 0.0670 0.2500 0.5000 0.5000 0.0670 0.7500 0.0000 0.5000 0.5000 0.5000 0.2500 0.0670 0.5000 0.0000 0.5000 0.5000 " />
						</IndexedFaceSet>
					</Shape>
				</Group>
			</Transform>
		</Transform>
		<Transform DEF="Shape_IndexedFaceSet_024_TRANSFORM"
		           translation="0.000000 0.000000 0.000000"
		           scale="1.000000 1.000000 1.000000"
		           rotation="-0.000000 0.000000 0.000000 0.000000"
		           >
			<Transform DEF="Shape_IndexedFaceSet_024_ifs_TRANSFORM"
			           translation="0.000000 0.000000 0.000000"
			           scale="1.000000 1.000000 1.000000"
			           rotation="0.000000 1.000000 0.000000 0.000000"
			           >
				<Group DEF="group_ME_Shape_IndexedFaceSet_3072">
					<Shape>
						<Appearance>
							<Material USE="MA_Shape_011" />
						</Appearance>
						<IndexedFaceSet solid="false"
						                texCoordIndex="0 1 2 -1 3 4 5 -1 6 7 8 -1 9 10 11 -1 12 13 14 -1 15 16 17 -1 18 19 20 -1 21 22 23 -1 24 25 26 -1 27 28 29 -1 30 31 32 -1 33 34 35 -1 36 37 38 -1 39 40 41 -1 42 43 44 -1 45 46 47 -1 48 49 50 -1 51 52 53 -1 54 55 56 -1 57 58 59 -1 60 61 62 -1 63 64 65 -1 66 67 68 -1 69 70 71 -1 72 73 74 -1 75 76 77 -1 "
						                coordIndex="47 35 10 -1 49 37 6 -1 51 39 2 -1 52 38 1 -1 50 36 5 -1 48 34 9 -1 46 31 13 -1 44 29 17 -1 42 27 21 -1 40 26 25 -1 41 28 22 -1 16 30 45 -1 32 14 45 -1 43 30 18 -1 28 43 20 -1 26 41 24 -1 27 40 23 -1 29 42 19 -1 31 44 15 -1 34 46 11 -1 36 48 7 -1 38 50 3 -1 39 52 0 -1 37 51 4 -1 35 49 8 -1 33 47 12 -1 "
						                >
							<Coordinate DEF="coords_ME_Shape_IndexedFaceSet_3072"
							            point="9.497800 0.000000 15.750000 9.497800 0.000000 15.750000 9.497800 0.000000 15.750000 9.497800 0.000000 15.750000 9.497800 0.000000 15.750000 9.497800 0.000000 15.750000 9.497800 0.000000 15.750000 9.497800 0.000000 15.750000 9.497800 0.000000 15.750000 9.497800 0.000000 15.750000 9.497800 0.000000 15.750000 9.497800 0.000000 15.750000 9.497800 0.000000 15.750000 9.497800 0.000000 15.750000 9.497800 0.000000 15.750000 9.497800 0.000000 15.750000 9.497800 0.000000 15.750000 9.497800 0.000000 15.750000 9.497800 0.000000 15.750000 9.497800 0.000000 15.750000 9.497800 0.000000 15.750000 9.497800 0.000000 15.750000 9.497800 0.000000 15.750000 9.497800 0.000000 15.750000 9.497800 0.000000 15.750000 9.497800 0.000000 15.750000 10.999900 -2.481700 15.448600 10.999900 -2.337500 16.636499 10.999900 -2.057400 14.329800 10.999900 -1.657800 17.621201 10.999900 -1.161800 13.536300 10.999900 -0.598200 18.177299 10.999900 0.000000 13.250000 10.999900 0.000000 13.250000 10.999900 0.598200 18.177299 10.999900 1.161800 13.536300 10.999900 1.657800 17.621201 10.999900 2.057400 14.329800 10.999900 2.337500 16.636499 10.999900 2.481700 15.448600 11.000000 -2.409600 16.042500 11.000000 -2.269600 14.889200 11.000000 -1.997600 17.128799 11.000000 -1.609600 13.933000 11.000000 -1.128000 17.899300 11.000000 -0.580900 13.393100 11.000000 0.000000 18.250000 11.000000 0.580900 13.393100 11.000000 1.128000 17.899300 11.000000 1.609600 13.933000 11.000000 1.997600 17.128799 11.000000 2.269600 14.889200 11.000000 2.409600 16.042500 "
							            />
							<TextureCoordinate point="0.0286 0.6170 0.0573 0.7341 0.5000 0.5000 0.1366 0.8243 0.2160 0.9145 0.5000 0.5000 0.3278 0.9573 0.4397 1.0000 0.5000 0.5000 0.5585 0.9855 0.6773 0.9709 0.5000 0.5000 0.7758 0.9025 0.8742 0.8340 0.5000 0.5000 0.9299 0.7273 0.9855 0.6205 0.5000 0.5000 1.0000 0.5000 0.9855 0.3795 0.5000 0.5000 0.9299 0.2727 0.8742 0.1660 0.5000 0.5000 0.7758 0.0975 0.6773 0.0291 0.5000 0.5000 0.5585 0.0145 0.4397 0.0000 0.5000 0.5000 0.3278 0.0427 0.2160 0.0855 0.5000 0.5000 0.5000 0.5000 0.0573 0.2659 0.0286 0.3830 0.0000 0.5000 0.5000 0.5000 0.0286 0.3830 0.1366 0.1757 0.0573 0.2659 0.5000 0.5000 0.2160 0.0855 0.1366 0.1757 0.5000 0.5000 0.4397 0.0000 0.3278 0.0427 0.5000 0.5000 0.6773 0.0291 0.5585 0.0145 0.5000 0.5000 0.8742 0.1660 0.7758 0.0975 0.5000 0.5000 0.9855 0.3795 0.9299 0.2727 0.5000 0.5000 0.9855 0.6205 1.0000 0.5000 0.5000 0.5000 0.8742 0.8340 0.9299 0.7273 0.5000 0.5000 0.6773 0.9709 0.7758 0.9025 0.5000 0.5000 0.4397 1.0000 0.5585 0.9855 0.5000 0.5000 0.2160 0.9145 0.3278 0.9573 0.5000 0.5000 0.0573 0.7341 0.1366 0.8243 0.5000 0.5000 0.0000 0.5000 0.0286 0.6170 0.5000 0.5000 " />
						</IndexedFaceSet>
					</Shape>
				</Group>
			</Transform>
		</Transform>
		<Transform DEF="Shape_IndexedFaceSet_025_TRANSFORM"
		           translation="0.000000 0.000000 0.000000"
		           scale="1.000000 1.000000 1.000000"
		           rotation="-0.000000 0.000000 0.000000 0.000000"
		           >
			<Transform DEF="Shape_IndexedFaceSet_025_ifs_TRANSFORM"
			           translation="0.000000 0.000000 0.000000"
			           scale="1.000000 1.000000 1.000000"
			           rotation="0.000000 1.000000 0.000000 0.000000"
			           >
				<Group DEF="group_ME_Shape_IndexedFaceSet_3073">
					<Shape>
						<Appearance>
							<Material USE="MA_Shape_011" />
						</Appearance>
						<IndexedFaceSet solid="false"
						                texCoordIndex="0 1 2 -1 3 4 5 -1 6 7 8 -1 9 10 11 -1 "
						                coordIndex="1 3 5 -1 4 2 5 -1 0 5 2 -1 5 0 1 -1 "
						                >
							<Coordinate DEF="coords_ME_Shape_IndexedFaceSet_3073"
							            point="0.500000 26.500000 0.000000 0.500000 26.526699 -0.099900 0.500000 26.526699 0.099900 0.500000 26.985100 -0.893900 0.500000 26.985100 0.893900 0.500000 27.000000 0.000000 "
							            />
							<TextureCoordinate point="0.4441 0.0534 0.0000 0.9702 0.5000 1.0000 1.0000 0.9702 0.5559 0.0534 0.5000 1.0000 0.5000 0.0000 0.5000 1.0000 0.5559 0.0534 0.5000 1.0000 0.5000 0.0000 0.4441 0.0534 " />
						</IndexedFaceSet>
					</Shape>
				</Group>
			</Transform>
		</Transform>
		<Transform DEF="Shape_IndexedFaceSet_026_TRANSFORM"
		           translation="0.000000 0.000000 0.000000"
		           scale="1.000000 1.000000 1.000000"
		           rotation="-0.000000 0.000000 0.000000 0.000000"
		           >
			<Transform DEF="Shape_IndexedFaceSet_026_ifs_TRANSFORM"
			           translation="0.000000 0.000000 0.000000"
			           scale="1.000000 1.000000 1.000000"
			           rotation="0.000000 1.000000 0.000000 0.000000"
			           >
				<Group DEF="group_ME_Shape_IndexedFaceSet_3074">
					<Shape>
						<Appearance>
							<Material USE="MA_Shape_011" />
						</Appearance>
						<IndexedFaceSet solid="false"
						                texCoordIndex="0 1 2 -1 3 4 5 -1 6 7 8 -1 9 10 11 -1 12 13 14 -1 15 16 17 -1 18 19 20 -1 21 22 23 -1 24 25 26 -1 27 28 29 -1 30 31 32 -1 33 34 35 -1 36 37 38 -1 39 40 41 -1 42 43 44 -1 45 46 47 -1 48 49 50 -1 51 52 53 -1 54 55 56 -1 57 58 59 -1 60 61 62 -1 63 64 65 -1 66 67 68 -1 69 70 71 -1 72 73 74 -1 75 76 77 -1 78 79 80 -1 81 82 83 -1 84 85 86 -1 87 88 89 -1 90 91 92 -1 93 94 95 -1 96 97 98 -1 99 100 101 -1 102 103 104 -1 105 106 107 -1 108 109 110 -1 111 112 113 -1 114 115 116 -1 117 118 119 -1 120 121 122 -1 123 124 125 -1 126 127 128 -1 129 130 131 -1 132 133 134 -1 135 136 137 -1 138 139 140 -1 141 142 143 -1 144 145 146 -1 147 148 149 -1 150 151 152 -1 153 154 155 -1 156 157 158 -1 159 160 161 -1 162 163 164 -1 165 166 167 -1 168 169 170 -1 171 172 173 -1 174 175 176 -1 177 178 179 -1 180 181 182 -1 183 184 185 -1 186 187 188 -1 189 190 191 -1 192 193 194 -1 195 196 197 -1 198 199 200 -1 201 202 203 -1 204 205 206 -1 207 208 209 -1 210 211 212 -1 213 214 215 -1 216 217 218 -1 219 220 221 -1 "
						                coordIndex="40 42 49 -1 31 28 35 -1 33 35 28 -1 35 33 37 -1 13 1 15 -1 3 15 1 -1 15 3 19 -1 5 19 3 -1 19 5 21 -1 47 63 51 -1 65 51 63 -1 51 65 53 -1 67 53 65 -1 53 67 57 -1 20 6 16 -1 4 16 6 -1 16 4 14 -1 2 14 4 -1 14 2 13 -1 0 13 2 -1 13 0 1 -1 49 42 55 -1 46 55 42 -1 55 46 62 -1 33 38 37 -1 43 37 38 -1 37 43 41 -1 48 41 43 -1 41 48 45 -1 54 45 48 -1 45 54 47 -1 61 47 54 -1 47 61 63 -1 30 18 26 -1 12 26 18 -1 26 12 22 -1 10 22 12 -1 22 10 20 -1 8 20 10 -1 20 8 6 -1 49 44 40 -1 39 40 44 -1 40 39 36 -1 34 36 39 -1 36 34 32 -1 29 32 34 -1 32 29 30 -1 24 30 29 -1 30 24 18 -1 62 46 64 -1 50 64 46 -1 64 50 66 -1 52 66 50 -1 66 52 68 -1 56 68 52 -1 68 56 69 -1 5 7 21 -1 9 21 7 -1 21 9 25 -1 11 25 9 -1 25 11 27 -1 17 27 11 -1 27 17 31 -1 23 31 17 -1 31 23 28 -1 73 59 71 -1 57 71 59 -1 71 57 70 -1 67 70 57 -1 69 56 72 -1 58 72 56 -1 72 58 73 -1 60 73 58 -1 73 60 59 -1 "
						                >
							<Coordinate DEF="coords_ME_Shape_IndexedFaceSet_3074"
							            point="0.000000 -27.000000 0.000000 0.000000 -26.698400 4.024100 0.000000 -26.698400 -4.024100 0.000000 -25.800400 7.958300 0.000000 -25.800400 -7.958300 0.000000 -24.326099 11.714800 0.000000 -24.326099 -11.714800 0.000000 -22.308399 15.209600 0.000000 -22.308399 -15.209600 0.000000 -19.792400 18.364599 0.000000 -19.792400 -18.364599 0.000000 -16.834200 21.109400 0.000000 -16.834200 -21.109400 0.000000 -14.980700 0.759700 0.000000 -14.827000 -2.271400 0.000000 -14.521100 3.759700 0.000000 -14.066200 -5.209500 0.000000 -13.500000 23.382601 0.000000 -13.499900 -23.382601 0.000000 -13.467000 6.605900 0.000000 -12.729600 -7.934400 0.000000 -11.861600 9.181500 0.000000 -10.871800 -10.334500 0.000000 -9.864200 25.133499 0.000000 -9.864200 -25.133499 0.000000 -9.770500 11.381300 0.000000 -8.569000 -12.311400 0.000000 -7.279500 13.115100 0.000000 -6.008000 26.323000 0.000000 -6.008000 -26.323000 0.000000 -5.915300 -13.784300 0.000000 -4.490400 14.312000 0.000000 -3.019400 -14.692900 0.000000 -2.017700 26.924500 0.000000 -2.017700 -26.924500 0.000000 -1.517500 14.923000 0.000000 0.000000 -15.000000 0.000000 1.517500 14.923000 0.000000 2.017700 26.924500 0.000000 2.017700 -26.924500 0.000000 3.019400 -14.692900 0.000000 4.490400 14.312000 0.000000 5.915300 -13.784300 0.000000 6.008000 26.323000 0.000000 6.008000 -26.323000 0.000000 7.279500 13.115100 0.000000 8.569000 -12.311400 0.000000 9.770500 11.381300 0.000000 9.864200 25.133499 0.000000 9.864200 -25.133499 0.000000 10.871800 -10.334500 0.000000 11.861600 9.181500 0.000000 12.729600 -7.934400 0.000000 13.467000 6.605900 0.000000 13.499900 23.382601 0.000000 13.500000 -23.382601 0.000000 14.066200 -5.209500 0.000000 14.521100 3.759700 0.000000 14.827000 -2.271400 0.000000 14.980700 0.759700 0.000000 15.000000 0.000000 0.000000 16.834200 21.109400 0.000000 16.834200 -21.109400 0.000000 19.792400 18.364599 0.000000 19.792400 -18.364599 0.000000 22.308399 15.209600 0.000000 22.308399 -15.209600 0.000000 24.326099 11.714800 0.000000 24.326099 -11.714800 0.000000 25.800400 -7.958300 0.000000 25.800400 7.958300 0.000000 26.698400 4.024100 0.000000 26.698400 -4.024100 0.000000 27.000000 0.000000 "
							            />
							<TextureCoordinate point="0.5559 0.2271 0.6095 0.2440 0.6827 0.0333 0.4168 0.7658 0.3887 0.9888 0.4719 0.7771 0.4626 1.0000 0.4719 0.7771 0.3887 0.9888 0.4719 0.7771 0.4626 1.0000 0.5281 0.7771 0.2226 0.5141 0.0056 0.5747 0.2311 0.5698 0.0222 0.6478 0.2311 0.5698 0.0056 0.5747 0.2311 0.5698 0.0222 0.6478 0.2506 0.6227 0.0495 0.7175 0.2506 0.6227 0.0222 0.6478 0.2506 0.6227 0.0495 0.7175 0.2803 0.6705 0.6809 0.7114 0.8665 0.8410 0.7197 0.6705 0.9131 0.7824 0.7197 0.6705 0.8665 0.8410 0.7197 0.6705 0.9131 0.7824 0.7494 0.6227 0.9505 0.7175 0.7494 0.6227 0.9131 0.7824 0.7494 0.6227 0.9505 0.7175 0.7689 0.5698 0.2643 0.3527 0.0495 0.2825 0.2395 0.4033 0.0222 0.3522 0.2395 0.4033 0.0495 0.2825 0.2395 0.4033 0.0222 0.3522 0.2254 0.4578 0.0056 0.4253 0.2254 0.4578 0.0222 0.3522 0.2254 0.4578 0.0056 0.4253 0.2226 0.5141 0.0000 0.5000 0.2226 0.5141 0.0056 0.4253 0.2226 0.5141 0.0000 0.5000 0.0056 0.5747 0.6827 0.0333 0.6095 0.2440 0.7500 0.0658 0.6587 0.2714 0.7500 0.0658 0.6095 0.2440 0.7500 0.0658 0.6587 0.2714 0.8117 0.1080 0.4626 1.0000 0.5374 1.0000 0.5281 0.7771 0.6113 0.9888 0.5281 0.7771 0.5374 1.0000 0.5281 0.7771 0.6113 0.9888 0.5832 0.7658 0.6827 0.9667 0.5832 0.7658 0.6113 0.9888 0.5832 0.7658 0.6827 0.9667 0.6348 0.7436 0.7500 0.9342 0.6348 0.7436 0.6827 0.9667 0.6348 0.7436 0.7500 0.9342 0.6809 0.7114 0.8117 0.8920 0.6809 0.7114 0.7500 0.9342 0.6809 0.7114 0.8117 0.8920 0.8665 0.8410 0.3905 0.2440 0.2500 0.0658 0.3413 0.2714 0.1883 0.1080 0.3413 0.2714 0.2500 0.0658 0.3413 0.2714 0.1883 0.1080 0.2987 0.3081 0.1335 0.1590 0.2987 0.3081 0.1883 0.1080 0.2987 0.3081 0.1335 0.1590 0.2643 0.3527 0.0869 0.2176 0.2643 0.3527 0.1335 0.1590 0.2643 0.3527 0.0869 0.2176 0.0495 0.2825 0.6827 0.0333 0.6113 0.0112 0.5559 0.2271 0.5374 0.0000 0.5559 0.2271 0.6113 0.0112 0.5559 0.2271 0.5374 0.0000 0.5000 0.2214 0.4626 0.0000 0.5000 0.2214 0.5374 0.0000 0.5000 0.2214 0.4626 0.0000 0.4441 0.2271 0.3887 0.0112 0.4441 0.2271 0.4626 0.0000 0.4441 0.2271 0.3887 0.0112 0.3905 0.2440 0.3173 0.0333 0.3905 0.2440 0.3887 0.0112 0.3905 0.2440 0.3173 0.0333 0.2500 0.0658 0.8117 0.1080 0.6587 0.2714 0.8665 0.1590 0.7013 0.3081 0.8665 0.1590 0.6587 0.2714 0.8665 0.1590 0.7013 0.3081 0.9131 0.2176 0.7357 0.3527 0.9131 0.2176 0.7013 0.3081 0.9131 0.2176 0.7357 0.3527 0.9505 0.2825 0.7605 0.4033 0.9505 0.2825 0.7357 0.3527 0.9505 0.2825 0.7605 0.4033 0.9778 0.3522 0.0495 0.7175 0.0869 0.7824 0.2803 0.6705 0.1335 0.8410 0.2803 0.6705 0.0869 0.7824 0.2803 0.6705 0.1335 0.8410 0.3191 0.7114 0.1883 0.8920 0.3191 0.7114 0.1335 0.8410 0.3191 0.7114 0.1883 0.8920 0.3652 0.7436 0.2500 0.9342 0.3652 0.7436 0.1883 0.8920 0.3652 0.7436 0.2500 0.9342 0.4168 0.7658 0.3173 0.9667 0.4168 0.7658 0.2500 0.9342 0.4168 0.7658 0.3173 0.9667 0.3887 0.9888 1.0000 0.5000 0.7774 0.5141 0.9944 0.5747 0.7689 0.5698 0.9944 0.5747 0.7774 0.5141 0.9944 0.5747 0.7689 0.5698 0.9778 0.6478 0.9505 0.7175 0.9778 0.6478 0.7689 0.5698 0.9778 0.3522 0.7605 0.4033 0.9944 0.4253 0.7746 0.4578 0.9944 0.4253 0.7605 0.4033 0.9944 0.4253 0.7746 0.4578 1.0000 0.5000 0.7778 0.5000 1.0000 0.5000 0.7746 0.4578 1.0000 0.5000 0.7778 0.5000 0.7774 0.5141 " />
						</IndexedFaceSet>
					</Shape>
				</Group>
			</Transform>
		</Transform>
		<Transform DEF="Shape_IndexedFaceSet_027_TRANSFORM"
		           translation="0.000000 0.000000 0.000000"
		           scale="1.000000 1.000000 1.000000"
		           rotation="-0.000000 0.000000 0.000000 0.000000"
		           >
			<Transform DEF="Shape_IndexedFaceSet_027_ifs_TRANSFORM"
			           translation="0.000000 0.000000 0.000000"
			           scale="1.000000 1.000000 1.000000"
			           rotation="0.000000 1.000000 0.000000 0.000000"
			           >
				<Group DEF="group_ME_Shape_IndexedFaceSet_3075">
					<Shape>
						<Appearance>
							<Material USE="MA_Shape_011" />
						</Appearance>
						<IndexedFaceSet solid="false"
						                texCoordIndex="0 1 2 -1 3 4 5 -1 6 7 8 -1 9 10 11 -1 12 13 14 -1 15 16 17 -1 18 19 20 -1 21 22 23 -1 24 25 26 -1 27 28 29 -1 30 31 32 -1 33 34 35 -1 36 37 38 -1 39 40 41 -1 "
						                coordIndex="0 1 7 -1 0 7 2 -1 9 6 7 -1 4 7 6 -1 7 4 2 -1 14 13 7 -1 11 7 13 -1 7 11 9 -1 8 10 7 -1 12 7 10 -1 7 12 14 -1 1 3 7 -1 5 7 3 -1 7 5 8 -1 "
						                >
							<Coordinate DEF="coords_ME_Shape_IndexedFaceSet_3075"
							            point="10.500000 18.500299 5.694000 10.500000 18.772699 4.500800 10.500000 18.772699 6.887100 10.500000 19.535700 3.543900 10.500000 19.535700 7.844000 10.500000 20.638399 3.012900 10.500000 20.638399 8.375000 10.500000 21.250299 5.694000 10.500000 21.862301 3.012900 10.500000 21.862301 8.375000 10.500000 22.964899 3.543900 10.500000 22.964899 7.844000 10.500000 23.728001 4.500800 10.500000 23.728001 6.887100 10.500000 24.000299 5.694000 "
							            />
							<TextureCoordinate point="0.0000 0.5000 0.0495 0.2775 0.5000 0.5000 0.0000 0.5000 0.5000 0.5000 0.0495 0.7225 0.6113 1.0000 0.3887 1.0000 0.5000 0.5000 0.1883 0.9010 0.5000 0.5000 0.3887 1.0000 0.5000 0.5000 0.1883 0.9010 0.0495 0.7225 1.0000 0.5000 0.9505 0.7225 0.5000 0.5000 0.8117 0.9010 0.5000 0.5000 0.9505 0.7225 0.5000 0.5000 0.8117 0.9010 0.6113 1.0000 0.6113 0.0000 0.8117 0.0990 0.5000 0.5000 0.9505 0.2775 0.5000 0.5000 0.8117 0.0990 0.5000 0.5000 0.9505 0.2775 1.0000 0.5000 0.0495 0.2775 0.1883 0.0990 0.5000 0.5000 0.3887 0.0000 0.5000 0.5000 0.1883 0.0990 0.5000 0.5000 0.3887 0.0000 0.6113 0.0000 " />
						</IndexedFaceSet>
					</Shape>
				</Group>
			</Transform>
		</Transform>
		<Transform DEF="Shape_IndexedFaceSet_028_TRANSFORM"
		           translation="0.000000 0.000000 0.000000"
		           scale="1.000000 1.000000 1.000000"
		           rotation="-0.000000 0.000000 0.000000 0.000000"
		           >
			<Transform DEF="Shape_IndexedFaceSet_028_ifs_TRANSFORM"
			           translation="0.000000 0.000000 0.000000"
			           scale="1.000000 1.000000 1.000000"
			           rotation="0.000000 1.000000 0.000000 0.000000"
			           >
				<Group DEF="group_ME_Shape_IndexedFaceSet_3076">
					<Shape>
						<Appearance>
							<Material USE="MA_Shape_011" />
						</Appearance>
						<IndexedFaceSet solid="false"
						                texCoordIndex="0 1 2 -1 3 4 5 -1 6 7 8 -1 9 10 11 -1 12 13 14 -1 15 16 17 -1 18 19 20 -1 21 22 23 -1 24 25 26 -1 27 28 29 -1 30 31 32 -1 33 34 35 -1 36 37 38 -1 39 40 41 -1 42 43 44 -1 45 46 47 -1 48 49 50 -1 51 52 53 -1 54 55 56 -1 57 58 59 -1 60 61 62 -1 63 64 65 -1 66 67 68 -1 69 70 71 -1 72 73 74 -1 75 76 77 -1 78 79 80 -1 81 82 83 -1 "
						                coordIndex="15 1 17 -1 4 17 1 -1 17 4 19 -1 6 19 4 -1 19 6 21 -1 8 21 6 -1 21 8 23 -1 10 23 8 -1 23 10 25 -1 12 25 10 -1 25 12 27 -1 14 27 12 -1 27 14 29 -1 13 29 14 -1 29 13 28 -1 11 28 13 -1 28 11 26 -1 9 26 11 -1 26 9 24 -1 7 24 9 -1 24 7 22 -1 5 22 7 -1 22 5 20 -1 3 20 5 -1 20 3 18 -1 0 18 3 -1 18 0 16 -1 2 16 0 -1 "
						                >
							<Coordinate DEF="coords_ME_Shape_IndexedFaceSet_3076"
							            point="7.500000 18.500299 5.694000 7.500000 18.772699 4.500800 7.500000 18.772699 4.500800 7.500000 18.772699 6.887100 7.500000 19.535700 3.543900 7.500000 19.535700 7.844000 7.500000 20.638399 3.012900 7.500000 20.638399 8.375000 7.500000 21.862301 3.012900 7.500000 21.862301 8.375000 7.500000 22.964899 3.543900 7.500000 22.964899 7.844000 7.500000 23.728001 4.500800 7.500000 23.728001 6.887100 7.500000 24.000299 5.694000 10.500000 18.500299 5.694000 10.500000 18.500299 5.694000 10.500000 18.772699 4.500800 10.500000 18.772699 6.887100 10.500000 19.535700 3.543900 10.500000 19.535700 7.844000 10.500000 20.638399 3.012900 10.500000 20.638399 8.375000 10.500000 21.862301 3.012900 10.500000 21.862301 8.375000 10.500000 22.964899 3.543900 10.500000 22.964899 7.844000 10.500000 23.728001 4.500800 10.500000 23.728001 6.887100 10.500000 24.000299 5.694000 "
							            />
							<TextureCoordinate point="0.0000 0.5000 0.0495 0.2775 0.0495 0.2775 0.1883 0.0990 0.0495 0.2775 0.0495 0.2775 0.0495 0.2775 0.1883 0.0990 0.1883 0.0990 0.3887 0.0000 0.1883 0.0990 0.1883 0.0990 0.1883 0.0990 0.3887 0.0000 0.3887 0.0000 0.6113 0.0000 0.3887 0.0000 0.3887 0.0000 0.3887 0.0000 0.6113 0.0000 0.6113 0.0000 0.8117 0.0990 0.6113 0.0000 0.6113 0.0000 0.6113 0.0000 0.8117 0.0990 0.8117 0.0990 0.9505 0.2775 0.8117 0.0990 0.8117 0.0990 0.8117 0.0990 0.9505 0.2775 0.9505 0.2775 1.0000 0.5000 0.9505 0.2775 0.9505 0.2775 0.9505 0.2775 1.0000 0.5000 1.0000 0.5000 0.9505 0.7225 1.0000 0.5000 1.0000 0.5000 1.0000 0.5000 0.9505 0.7225 0.9505 0.7225 0.8117 0.9010 0.9505 0.7225 0.9505 0.7225 0.9505 0.7225 0.8117 0.9010 0.8117 0.9010 0.6113 1.0000 0.8117 0.9010 0.8117 0.9010 0.8117 0.9010 0.6113 1.0000 0.6113 1.0000 0.3887 1.0000 0.6113 1.0000 0.6113 1.0000 0.6113 1.0000 0.3887 1.0000 0.3887 1.0000 0.1883 0.9010 0.3887 1.0000 0.3887 1.0000 0.3887 1.0000 0.1883 0.9010 0.1883 0.9010 0.0495 0.7225 0.1883 0.9010 0.1883 0.9010 0.1883 0.9010 0.0495 0.7225 0.0495 0.7225 0.0000 0.5000 0.0495 0.7225 0.0495 0.7225 0.0495 0.7225 0.0000 0.5000 0.0000 0.5000 0.0495 0.2775 0.0000 0.5000 0.0000 0.5000 " />
						</IndexedFaceSet>
					</Shape>
				</Group>
			</Transform>
		</Transform>
		<Transform DEF="Shape_IndexedFaceSet_029_TRANSFORM"
		           translation="0.000000 0.000000 0.000000"
		           scale="1.000000 1.000000 1.000000"
		           rotation="-0.000000 0.000000 0.000000 0.000000"
		           >
			<Transform DEF="Shape_IndexedFaceSet_029_ifs_TRANSFORM"
			           translation="0.000000 0.000000 0.000000"
			           scale="1.000000 1.000000 1.000000"
			           rotation="0.000000 1.000000 0.000000 0.000000"
			           >
				<Group DEF="group_ME_Shape_IndexedFaceSet_3077">
					<Shape>
						<Appearance>
							<Material USE="MA_Shape_011" />
						</Appearance>
						<IndexedFaceSet solid="false"
						                texCoordIndex="0 1 2 -1 3 4 5 -1 6 7 8 -1 9 10 11 -1 12 13 14 -1 15 16 17 -1 18 19 20 -1 21 22 23 -1 24 25 26 -1 27 28 29 -1 30 31 32 -1 33 34 35 -1 36 37 38 -1 39 40 41 -1 "
						                coordIndex="2 0 7 -1 2 7 4 -1 11 9 7 -1 6 7 9 -1 7 6 4 -1 12 14 7 -1 13 7 14 -1 7 13 11 -1 5 8 7 -1 10 7 8 -1 7 10 12 -1 0 1 7 -1 3 7 1 -1 7 3 5 -1 "
						                >
							<Coordinate DEF="coords_ME_Shape_IndexedFaceSet_3077"
							            point="10.500000 18.507999 -5.488500 10.500000 18.690399 -6.698700 10.500000 18.868700 -4.319000 10.500000 19.379801 -7.709900 10.500000 19.701200 -3.421800 10.500000 20.439699 -8.321800 10.500000 20.840500 -2.974700 10.500000 21.250299 -5.694000 10.500000 21.660200 -8.413300 10.500000 22.060900 -3.066100 10.500000 22.799400 -7.966100 10.500000 23.120800 -3.678100 10.500000 23.631901 -7.069000 10.500000 23.810200 -4.689300 10.500000 23.992599 -5.899500 "
							            />
							<TextureCoordinate point="0.0658 0.7528 0.0000 0.5378 0.5000 0.5000 0.0658 0.7528 0.5000 0.5000 0.2176 0.9178 0.8410 0.8707 0.6478 0.9832 0.5000 0.5000 0.4253 1.0000 0.5000 0.5000 0.6478 0.9832 0.5000 0.5000 0.4253 1.0000 0.2176 0.9178 0.9342 0.2472 1.0000 0.4622 0.5000 0.5000 0.9667 0.6847 0.5000 0.5000 1.0000 0.4622 0.5000 0.5000 0.9667 0.6847 0.8410 0.8707 0.3522 0.0168 0.5747 0.0000 0.5000 0.5000 0.7824 0.0822 0.5000 0.5000 0.5747 0.0000 0.5000 0.5000 0.7824 0.0822 0.9342 0.2472 0.0000 0.5378 0.0333 0.3153 0.5000 0.5000 0.1590 0.1293 0.5000 0.5000 0.0333 0.3153 0.5000 0.5000 0.1590 0.1293 0.3522 0.0168 " />
						</IndexedFaceSet>
					</Shape>
				</Group>
			</Transform>
		</Transform>
		<Transform DEF="Shape_IndexedFaceSet_031_TRANSFORM"
		           translation="0.000000 0.000000 0.000000"
		           scale="1.000000 1.000000 1.000000"
		           rotation="-0.000000 0.000000 0.000000 0.000000"
		           >
			<Transform DEF="Shape_IndexedFaceSet_031_ifs_TRANSFORM"
			           translation="0.000000 0.000000 0.000000"
			           scale="1.000000 1.000000 1.000000"
			           rotation="0.000000 1.000000 0.000000 0.000000"
			           >
				<Group DEF="group_ME_Shape_IndexedFaceSet_3078">
					<Shape>
						<Appearance>
							<Material USE="MA_Shape_011" />
						</Appearance>
						<IndexedFaceSet solid="false"
						                texCoordIndex="0 1 2 -1 3 4 5 -1 6 7 8 -1 9 10 11 -1 12 13 14 -1 15 16 17 -1 18 19 20 -1 21 22 23 -1 24 25 26 -1 27 28 29 -1 30 31 32 -1 33 34 35 -1 36 37 38 -1 39 40 41 -1 42 43 44 -1 45 46 47 -1 48 49 50 -1 51 52 53 -1 54 55 56 -1 57 58 59 -1 60 61 62 -1 63 64 65 -1 66 67 68 -1 69 70 71 -1 72 73 74 -1 75 76 77 -1 78 79 80 -1 81 82 83 -1 "
						                coordIndex="17 0 15 -1 2 15 0 -1 15 2 16 -1 4 16 2 -1 16 4 19 -1 6 19 4 -1 19 6 21 -1 8 21 6 -1 21 8 23 -1 10 23 8 -1 23 10 25 -1 12 25 10 -1 25 12 27 -1 14 27 12 -1 27 14 29 -1 13 29 14 -1 29 13 28 -1 11 28 13 -1 28 11 26 -1 9 26 11 -1 26 9 24 -1 7 24 9 -1 24 7 22 -1 5 22 7 -1 22 5 20 -1 3 20 5 -1 20 3 18 -1 1 18 3 -1 "
						                >
							<Coordinate DEF="coords_ME_Shape_IndexedFaceSet_3078"
							            point="7.500000 18.507999 -5.488500 7.500000 18.507999 -5.488500 7.500000 18.690399 -6.698700 7.500000 18.868700 -4.319000 7.500000 19.379801 -7.709900 7.500000 19.701200 -3.421800 7.500000 20.439699 -8.321800 7.500000 20.840500 -2.974700 7.500000 21.660200 -8.413300 7.500000 22.060900 -3.066100 7.500000 22.799400 -7.966100 7.500000 23.120800 -3.678100 7.500000 23.631901 -7.069000 7.500000 23.810200 -4.689300 7.500000 23.992599 -5.899500 10.500000 18.507999 -5.488500 10.500000 18.690399 -6.698700 10.500000 18.868700 -4.319000 10.500000 18.868700 -4.319000 10.500000 19.379801 -7.709900 10.500000 19.701200 -3.421800 10.500000 20.439699 -8.321800 10.500000 20.840500 -2.974700 10.500000 21.660200 -8.413300 10.500000 22.060900 -3.066100 10.500000 22.799400 -7.966100 10.500000 23.120800 -3.678100 10.500000 23.631901 -7.069000 10.500000 23.810200 -4.689300 10.500000 23.992599 -5.899500 "
							            />
							<TextureCoordinate point="0.0658 0.7528 0.0000 0.5378 0.0000 0.5378 0.0333 0.3153 0.0000 0.5378 0.0000 0.5378 0.0000 0.5378 0.0333 0.3153 0.0333 0.3153 0.1590 0.1293 0.0333 0.3153 0.0333 0.3153 0.0333 0.3153 0.1590 0.1293 0.1590 0.1293 0.3522 0.0168 0.1590 0.1293 0.1590 0.1293 0.1590 0.1293 0.3522 0.0168 0.3522 0.0168 0.5747 0.0000 0.3522 0.0168 0.3522 0.0168 0.3522 0.0168 0.5747 0.0000 0.5747 0.0000 0.7824 0.0822 0.5747 0.0000 0.5747 0.0000 0.5747 0.0000 0.7824 0.0822 0.7824 0.0822 0.9342 0.2472 0.7824 0.0822 0.7824 0.0822 0.7824 0.0822 0.9342 0.2472 0.9342 0.2472 1.0000 0.4622 0.9342 0.2472 0.9342 0.2472 0.9342 0.2472 1.0000 0.4622 1.0000 0.4622 0.9667 0.6847 1.0000 0.4622 1.0000 0.4622 1.0000 0.4622 0.9667 0.6847 0.9667 0.6847 0.8410 0.8707 0.9667 0.6847 0.9667 0.6847 0.9667 0.6847 0.8410 0.8707 0.8410 0.8707 0.6478 0.9832 0.8410 0.8707 0.8410 0.8707 0.8410 0.8707 0.6478 0.9832 0.6478 0.9832 0.4253 1.0000 0.6478 0.9832 0.6478 0.9832 0.6478 0.9832 0.4253 1.0000 0.4253 1.0000 0.2176 0.9178 0.4253 1.0000 0.4253 1.0000 0.4253 1.0000 0.2176 0.9178 0.2176 0.9178 0.0658 0.7528 0.2176 0.9178 0.2176 0.9178 0.2176 0.9178 0.0658 0.7528 0.0658 0.7528 0.0000 0.5378 0.0658 0.7528 0.0658 0.7528 " />
						</IndexedFaceSet>
					</Shape>
				</Group>
			</Transform>
		</Transform>
		<Transform DEF="Shape_IndexedFaceSet_032_TRANSFORM"
		           translation="0.000000 0.000000 0.000000"
		           scale="1.000000 1.000000 1.000000"
		           rotation="-0.000000 0.000000 0.000000 0.000000"
		           >
			<Transform DEF="Shape_IndexedFaceSet_032_ifs_TRANSFORM"
			           translation="0.000000 0.000000 0.000000"
			           scale="1.000000 1.000000 1.000000"
			           rotation="0.000000 1.000000 0.000000 0.000000"
			           >
				<Group DEF="group_ME_Shape_IndexedFaceSet_3079">
					<Shape>
						<Appearance>
							<Material USE="MA_Shape_011" />
						</Appearance>
						<IndexedFaceSet solid="false"
						                texCoordIndex="0 1 2 -1 3 4 5 -1 6 7 8 -1 9 10 11 -1 12 13 14 -1 15 16 17 -1 18 19 20 -1 21 22 23 -1 24 25 26 -1 27 28 29 -1 30 31 32 -1 33 34 35 -1 36 37 38 -1 39 40 41 -1 "
						                coordIndex="4 2 7 -1 4 7 6 -1 13 11 7 -1 9 7 11 -1 7 9 6 -1 10 12 7 -1 14 7 12 -1 7 14 13 -1 3 5 7 -1 8 7 5 -1 7 8 10 -1 2 0 7 -1 1 7 0 -1 7 1 3 -1 "
						                >
							<Coordinate DEF="coords_ME_Shape_IndexedFaceSet_3079"
							            point="10.500000 12.837000 -15.146400 10.500000 12.928500 -16.366899 10.500000 13.284100 -14.007200 10.500000 13.540400 -17.426800 10.500000 14.181300 -13.174700 10.500000 14.551600 -18.116199 10.500000 15.350800 -12.814000 10.500000 15.556300 -15.556300 10.500000 15.761800 -18.298599 10.500000 16.561001 -12.996400 10.500000 16.931299 -17.937901 10.500000 17.572201 -13.685800 10.500000 17.828501 -17.105400 10.500000 18.184099 -14.745700 10.500000 18.275600 -15.966200 "
							            />
							<TextureCoordinate point="0.9342 0.2472 0.7824 0.0822 0.5000 0.5000 0.9342 0.2472 0.5000 0.5000 1.0000 0.4622 0.6478 0.9832 0.8410 0.8707 0.5000 0.5000 0.9667 0.6847 0.5000 0.5000 0.8410 0.8707 0.5000 0.5000 0.9667 0.6847 1.0000 0.4622 0.0658 0.7528 0.2176 0.9178 0.5000 0.5000 0.4253 1.0000 0.5000 0.5000 0.2176 0.9178 0.5000 0.5000 0.4253 1.0000 0.6478 0.9832 0.1590 0.1293 0.0333 0.3153 0.5000 0.5000 0.0000 0.5378 0.5000 0.5000 0.0333 0.3153 0.5000 0.5000 0.0000 0.5378 0.0658 0.7528 0.7824 0.0822 0.5747 0.0000 0.5000 0.5000 0.3522 0.0168 0.5000 0.5000 0.5747 0.0000 0.5000 0.5000 0.3522 0.0168 0.1590 0.1293 " />
						</IndexedFaceSet>
					</Shape>
				</Group>
			</Transform>
		</Transform>
		<Transform DEF="Shape_IndexedFaceSet_033_TRANSFORM"
		           translation="0.000000 0.000000 0.000000"
		           scale="1.000000 1.000000 1.000000"
		           rotation="-0.000000 0.000000 0.000000 0.000000"
		           >
			<Transform DEF="Shape_IndexedFaceSet_033_ifs_TRANSFORM"
			           translation="0.000000 0.000000 0.000000"
			           scale="1.000000 1.000000 1.000000"
			           rotation="0.000000 1.000000 0.000000 0.000000"
			           >
				<Group DEF="group_ME_Shape_IndexedFaceSet_3080">
					<Shape>
						<Appearance>
							<Material USE="MA_Shape_011" />
						</Appearance>
						<IndexedFaceSet solid="false"
						                texCoordIndex="0 1 2 -1 3 4 5 -1 6 7 8 -1 9 10 11 -1 12 13 14 -1 15 16 17 -1 18 19 20 -1 21 22 23 -1 24 25 26 -1 27 28 29 -1 30 31 32 -1 33 34 35 -1 36 37 38 -1 39 40 41 -1 42 43 44 -1 45 46 47 -1 48 49 50 -1 51 52 53 -1 54 55 56 -1 57 58 59 -1 60 61 62 -1 63 64 65 -1 66 67 68 -1 69 70 71 -1 72 73 74 -1 75 76 77 -1 78 79 80 -1 81 82 83 -1 "
						                coordIndex="19 2 17 -1 0 17 2 -1 17 0 15 -1 1 15 0 -1 15 1 16 -1 4 16 1 -1 16 4 18 -1 6 18 4 -1 18 6 21 -1 8 21 6 -1 21 8 23 -1 10 23 8 -1 23 10 25 -1 12 25 10 -1 25 12 27 -1 14 27 12 -1 27 14 29 -1 13 29 14 -1 29 13 28 -1 11 28 13 -1 28 11 26 -1 9 26 11 -1 26 9 24 -1 7 24 9 -1 24 7 22 -1 5 22 7 -1 22 5 20 -1 3 20 5 -1 "
						                >
							<Coordinate DEF="coords_ME_Shape_IndexedFaceSet_3080"
							            point="7.500000 12.837000 -15.146400 7.500000 12.928500 -16.366899 7.500000 13.284100 -14.007200 7.500000 13.284100 -14.007200 7.500000 13.540400 -17.426800 7.500000 14.181300 -13.174700 7.500000 14.551600 -18.116199 7.500000 15.350800 -12.814000 7.500000 15.761800 -18.298599 7.500000 16.561001 -12.996400 7.500000 16.931299 -17.937901 7.500000 17.572201 -13.685800 7.500000 17.828501 -17.105400 7.500000 18.184099 -14.745700 7.500000 18.275600 -15.966200 10.500000 12.837000 -15.146400 10.500000 12.928500 -16.366899 10.500000 13.284100 -14.007200 10.500000 13.540400 -17.426800 10.500000 14.181300 -13.174700 10.500000 14.181300 -13.174700 10.500000 14.551600 -18.116199 10.500000 15.350800 -12.814000 10.500000 15.761800 -18.298599 10.500000 16.561001 -12.996400 10.500000 16.931299 -17.937901 10.500000 17.572201 -13.685800 10.500000 17.828501 -17.105400 10.500000 18.184099 -14.745700 10.500000 18.275600 -15.966200 "
							            />
							<TextureCoordinate point="0.9342 0.2472 0.7824 0.0822 0.7824 0.0822 0.5747 0.0000 0.7824 0.0822 0.7824 0.0822 0.7824 0.0822 0.5747 0.0000 0.5747 0.0000 0.3522 0.0168 0.5747 0.0000 0.5747 0.0000 0.5747 0.0000 0.3522 0.0168 0.3522 0.0168 0.1590 0.1293 0.3522 0.0168 0.3522 0.0168 0.3522 0.0168 0.1590 0.1293 0.1590 0.1293 0.0333 0.3153 0.1590 0.1293 0.1590 0.1293 0.1590 0.1293 0.0333 0.3153 0.0333 0.3153 0.0000 0.5378 0.0333 0.3153 0.0333 0.3153 0.0333 0.3153 0.0000 0.5378 0.0000 0.5378 0.0658 0.7528 0.0000 0.5378 0.0000 0.5378 0.0000 0.5378 0.0658 0.7528 0.0658 0.7528 0.2176 0.9178 0.0658 0.7528 0.0658 0.7528 0.0658 0.7528 0.2176 0.9178 0.2176 0.9178 0.4253 1.0000 0.2176 0.9178 0.2176 0.9178 0.2176 0.9178 0.4253 1.0000 0.4253 1.0000 0.6478 0.9832 0.4253 1.0000 0.4253 1.0000 0.4253 1.0000 0.6478 0.9832 0.6478 0.9832 0.8410 0.8707 0.6478 0.9832 0.6478 0.9832 0.6478 0.9832 0.8410 0.8707 0.8410 0.8707 0.9667 0.6847 0.8410 0.8707 0.8410 0.8707 0.8410 0.8707 0.9667 0.6847 0.9667 0.6847 1.0000 0.4622 0.9667 0.6847 0.9667 0.6847 0.9667 0.6847 1.0000 0.4622 1.0000 0.4622 0.9342 0.2472 1.0000 0.4622 1.0000 0.4622 1.0000 0.4622 0.9342 0.2472 0.9342 0.2472 0.7824 0.0822 0.9342 0.2472 0.9342 0.2472 " />
						</IndexedFaceSet>
					</Shape>
				</Group>
			</Transform>
		</Transform>
		<Transform DEF="Shape_IndexedFaceSet_034_TRANSFORM"
		           translation="0.000000 0.000000 0.000000"
		           scale="1.000000 1.000000 1.000000"
		           rotation="-0.000000 0.000000 0.000000 0.000000"
		           >
			<Transform DEF="Shape_IndexedFaceSet_034_ifs_TRANSFORM"
			           translation="0.000000 0.000000 0.000000"
			           scale="1.000000 1.000000 1.000000"
			           rotation="0.000000 1.000000 0.000000 0.000000"
			           >
				<Group DEF="group_ME_Shape_IndexedFaceSet_3081">
					<Shape>
						<Appearance>
							<Material USE="MA_Shape_011" />
						</Appearance>
						<IndexedFaceSet solid="false"
						                texCoordIndex="0 1 2 -1 3 4 5 -1 6 7 8 -1 9 10 11 -1 12 13 14 -1 15 16 17 -1 18 19 20 -1 21 22 23 -1 24 25 26 -1 27 28 29 -1 30 31 32 -1 33 34 35 -1 36 37 38 -1 39 40 41 -1 "
						                coordIndex="8 5 7 -1 8 7 10 -1 13 14 7 -1 12 7 14 -1 7 12 10 -1 6 9 7 -1 11 7 9 -1 7 11 13 -1 0 2 7 -1 4 7 2 -1 7 4 6 -1 5 3 7 -1 1 7 3 -1 7 1 0 -1 "
						                >
							<Coordinate DEF="coords_ME_Shape_IndexedFaceSet_3081"
							            point="10.500000 3.012900 -21.862301 10.500000 3.012900 -20.638399 10.500000 3.543900 -22.964899 10.500000 3.543900 -19.535700 10.500000 4.500800 -23.728001 10.500000 4.500800 -18.772699 10.500000 5.694000 -24.000299 10.500000 5.694000 -21.250299 10.500000 5.694000 -18.500299 10.500000 6.887100 -23.728001 10.500000 6.887100 -18.772699 10.500000 7.844000 -22.964899 10.500000 7.844000 -19.535700 10.500000 8.375000 -21.862301 10.500000 8.375000 -20.638399 "
							            />
							<TextureCoordinate point="1.0000 0.5000 0.9505 0.2775 0.5000 0.5000 1.0000 0.5000 0.5000 0.5000 0.9505 0.7225 0.3887 1.0000 0.6113 1.0000 0.5000 0.5000 0.8117 0.9010 0.5000 0.5000 0.6113 1.0000 0.5000 0.5000 0.8117 0.9010 0.9505 0.7225 0.0000 0.5000 0.0495 0.7225 0.5000 0.5000 0.1883 0.9010 0.5000 0.5000 0.0495 0.7225 0.5000 0.5000 0.1883 0.9010 0.3887 1.0000 0.3887 0.0000 0.1883 0.0990 0.5000 0.5000 0.0495 0.2775 0.5000 0.5000 0.1883 0.0990 0.5000 0.5000 0.0495 0.2775 0.0000 0.5000 0.9505 0.2775 0.8117 0.0990 0.5000 0.5000 0.6113 0.0000 0.5000 0.5000 0.8117 0.0990 0.5000 0.5000 0.6113 0.0000 0.3887 0.0000 " />
						</IndexedFaceSet>
					</Shape>
				</Group>
			</Transform>
		</Transform>
		<Transform DEF="Shape_IndexedFaceSet_035_TRANSFORM"
		           translation="0.000000 0.000000 0.000000"
		           scale="1.000000 1.000000 1.000000"
		           rotation="-0.000000 0.000000 0.000000 0.000000"
		           >
			<Transform DEF="Shape_IndexedFaceSet_035_ifs_TRANSFORM"
			           translation="0.000000 0.000000 0.000000"
			           scale="1.000000 1.000000 1.000000"
			           rotation="0.000000 1.000000 0.000000 0.000000"
			           >
				<Group DEF="group_ME_Shape_IndexedFaceSet_3082">
					<Shape>
						<Appearance>
							<Material USE="MA_Shape_011" />
						</Appearance>
						<IndexedFaceSet solid="false"
						                texCoordIndex="0 1 2 -1 3 4 5 -1 6 7 8 -1 9 10 11 -1 12 13 14 -1 15 16 17 -1 18 19 20 -1 21 22 23 -1 24 25 26 -1 27 28 29 -1 30 31 32 -1 33 34 35 -1 36 37 38 -1 39 40 41 -1 42 43 44 -1 45 46 47 -1 48 49 50 -1 51 52 53 -1 54 55 56 -1 57 58 59 -1 60 61 62 -1 63 64 65 -1 66 67 68 -1 69 70 71 -1 72 73 74 -1 75 76 77 -1 78 79 80 -1 81 82 83 -1 "
						                coordIndex="22 5 20 -1 3 20 5 -1 20 3 18 -1 1 18 3 -1 18 1 16 -1 0 16 1 -1 16 0 15 -1 2 15 0 -1 15 2 17 -1 4 17 2 -1 17 4 19 -1 7 19 4 -1 19 7 21 -1 9 21 7 -1 21 9 24 -1 11 24 9 -1 24 11 26 -1 13 26 11 -1 26 13 28 -1 14 28 13 -1 28 14 29 -1 12 29 14 -1 29 12 27 -1 10 27 12 -1 27 10 25 -1 8 25 10 -1 25 8 23 -1 6 23 8 -1 "
						                >
							<Coordinate DEF="coords_ME_Shape_IndexedFaceSet_3082"
							            point="7.500000 3.012900 -21.862301 7.500000 3.012900 -20.638399 7.500000 3.543900 -22.964899 7.500000 3.543900 -19.535700 7.500000 4.500800 -23.728001 7.500000 4.500800 -18.772699 7.500000 4.500800 -18.772699 7.500000 5.694000 -24.000299 7.500000 5.694000 -18.500299 7.500000 6.887100 -23.728001 7.500000 6.887100 -18.772699 7.500000 7.844000 -22.964899 7.500000 7.844000 -19.535700 7.500000 8.375000 -21.862301 7.500000 8.375000 -20.638399 10.500000 3.012900 -21.862301 10.500000 3.012900 -20.638399 10.500000 3.543900 -22.964899 10.500000 3.543900 -19.535700 10.500000 4.500800 -23.728001 10.500000 4.500800 -18.772699 10.500000 5.694000 -24.000299 10.500000 5.694000 -18.500299 10.500000 5.694000 -18.500299 10.500000 6.887100 -23.728001 10.500000 6.887100 -18.772699 10.500000 7.844000 -22.964899 10.500000 7.844000 -19.535700 10.500000 8.375000 -21.862301 10.500000 8.375000 -20.638399 "
							            />
							<TextureCoordinate point="1.0000 0.5000 0.9505 0.2775 0.9505 0.2775 0.8117 0.0990 0.9505 0.2775 0.9505 0.2775 0.9505 0.2775 0.8117 0.0990 0.8117 0.0990 0.6113 0.0000 0.8117 0.0990 0.8117 0.0990 0.8117 0.0990 0.6113 0.0000 0.6113 0.0000 0.3887 0.0000 0.6113 0.0000 0.6113 0.0000 0.6113 0.0000 0.3887 0.0000 0.3887 0.0000 0.1883 0.0990 0.3887 0.0000 0.3887 0.0000 0.3887 0.0000 0.1883 0.0990 0.1883 0.0990 0.0495 0.2775 0.1883 0.0990 0.1883 0.0990 0.1883 0.0990 0.0495 0.2775 0.0495 0.2775 0.0000 0.5000 0.0495 0.2775 0.0495 0.2775 0.0495 0.2775 0.0000 0.5000 0.0000 0.5000 0.0495 0.7225 0.0000 0.5000 0.0000 0.5000 0.0000 0.5000 0.0495 0.7225 0.0495 0.7225 0.1883 0.9010 0.0495 0.7225 0.0495 0.7225 0.0495 0.7225 0.1883 0.9010 0.1883 0.9010 0.3887 1.0000 0.1883 0.9010 0.1883 0.9010 0.1883 0.9010 0.3887 1.0000 0.3887 1.0000 0.6113 1.0000 0.3887 1.0000 0.3887 1.0000 0.3887 1.0000 0.6113 1.0000 0.6113 1.0000 0.8117 0.9010 0.6113 1.0000 0.6113 1.0000 0.6113 1.0000 0.8117 0.9010 0.8117 0.9010 0.9505 0.7225 0.8117 0.9010 0.8117 0.9010 0.8117 0.9010 0.9505 0.7225 0.9505 0.7225 1.0000 0.5000 0.9505 0.7225 0.9505 0.7225 0.9505 0.7225 1.0000 0.5000 1.0000 0.5000 0.9505 0.2775 1.0000 0.5000 1.0000 0.5000 " />
						</IndexedFaceSet>
					</Shape>
				</Group>
			</Transform>
		</Transform>
		<Transform DEF="Shape_IndexedFaceSet_036_TRANSFORM"
		           translation="0.000000 0.000000 0.000000"
		           scale="1.000000 1.000000 1.000000"
		           rotation="-0.000000 0.000000 0.000000 0.000000"
		           >
			<Transform DEF="Shape_IndexedFaceSet_036_ifs_TRANSFORM"
			           translation="0.000000 0.000000 0.000000"
			           scale="1.000000 1.000000 1.000000"
			           rotation="0.000000 1.000000 0.000000 0.000000"
			           >
				<Group DEF="group_ME_Shape_IndexedFaceSet_3083">
					<Shape>
						<Appearance>
							<Material USE="MA_Shape_011" />
						</Appearance>
						<IndexedFaceSet solid="false"
						                texCoordIndex="0 1 2 -1 3 4 5 -1 6 7 8 -1 9 10 11 -1 12 13 14 -1 15 16 17 -1 18 19 20 -1 21 22 23 -1 24 25 26 -1 27 28 29 -1 30 31 32 -1 33 34 35 -1 36 37 38 -1 39 40 41 -1 "
						                coordIndex="10 8 7 -1 10 7 12 -1 11 13 7 -1 14 7 13 -1 7 14 12 -1 4 6 7 -1 9 7 6 -1 7 9 11 -1 1 0 7 -1 2 7 0 -1 7 2 4 -1 8 5 7 -1 3 7 5 -1 7 3 1 -1 "
						                >
							<Coordinate DEF="coords_ME_Shape_IndexedFaceSet_3083"
							            point="10.500000 -8.413300 -21.660200 10.500000 -8.321800 -20.439699 10.500000 -7.966100 -22.799400 10.500000 -7.709900 -19.379801 10.500000 -7.069000 -23.631901 10.500000 -6.698700 -18.690399 10.500000 -5.899500 -23.992599 10.500000 -5.694000 -21.250299 10.500000 -5.488500 -18.507999 10.500000 -4.689300 -23.810200 10.500000 -4.319000 -18.868700 10.500000 -3.678100 -23.120800 10.500000 -3.421800 -19.701200 10.500000 -3.066100 -22.060900 10.500000 -2.974700 -20.840500 "
							            />
							<TextureCoordinate point="0.9342 0.7528 1.0000 0.5378 0.5000 0.5000 0.9342 0.7528 0.5000 0.5000 0.7824 0.9178 0.1590 0.8707 0.3522 0.9832 0.5000 0.5000 0.5747 1.0000 0.5000 0.5000 0.3522 0.9832 0.5000 0.5000 0.5747 1.0000 0.7824 0.9178 0.0658 0.2472 0.0000 0.4622 0.5000 0.5000 0.0333 0.6847 0.5000 0.5000 0.0000 0.4622 0.5000 0.5000 0.0333 0.6847 0.1590 0.8707 0.6478 0.0168 0.4253 0.0000 0.5000 0.5000 0.2176 0.0822 0.5000 0.5000 0.4253 0.0000 0.5000 0.5000 0.2176 0.0822 0.0658 0.2472 1.0000 0.5378 0.9667 0.3153 0.5000 0.5000 0.8410 0.1293 0.5000 0.5000 0.9667 0.3153 0.5000 0.5000 0.8410 0.1293 0.6478 0.0168 " />
						</IndexedFaceSet>
					</Shape>
				</Group>
			</Transform>
		</Transform>
		<Transform DEF="Shape_IndexedFaceSet_037_TRANSFORM"
		           translation="0.000000 0.000000 0.000000"
		           scale="1.000000 1.000000 1.000000"
		           rotation="-0.000000 0.000000 0.000000 0.000000"
		           >
			<Transform DEF="Shape_IndexedFaceSet_037_ifs_TRANSFORM"
			           translation="0.000000 0.000000 0.000000"
			           scale="1.000000 1.000000 1.000000"
			           rotation="0.000000 1.000000 0.000000 0.000000"
			           >
				<Group DEF="group_ME_Shape_IndexedFaceSet_3084">
					<Shape>
						<Appearance>
							<Material USE="MA_Shape_011" />
						</Appearance>
						<IndexedFaceSet solid="false"
						                texCoordIndex="0 1 2 -1 3 4 5 -1 6 7 8 -1 9 10 11 -1 12 13 14 -1 15 16 17 -1 18 19 20 -1 21 22 23 -1 24 25 26 -1 27 28 29 -1 30 31 32 -1 33 34 35 -1 36 37 38 -1 39 40 41 -1 42 43 44 -1 45 46 47 -1 48 49 50 -1 51 52 53 -1 54 55 56 -1 57 58 59 -1 60 61 62 -1 63 64 65 -1 66 67 68 -1 69 70 71 -1 72 73 74 -1 75 76 77 -1 78 79 80 -1 81 82 83 -1 "
						                coordIndex="24 7 22 -1 5 22 7 -1 22 5 20 -1 3 20 5 -1 20 3 18 -1 1 18 3 -1 18 1 16 -1 0 16 1 -1 16 0 15 -1 2 15 0 -1 15 2 17 -1 4 17 2 -1 17 4 19 -1 6 19 4 -1 19 6 21 -1 9 21 6 -1 21 9 23 -1 11 23 9 -1 23 11 26 -1 13 26 11 -1 26 13 28 -1 14 28 13 -1 28 14 29 -1 12 29 14 -1 29 12 27 -1 10 27 12 -1 27 10 25 -1 8 25 10 -1 "
						                >
							<Coordinate DEF="coords_ME_Shape_IndexedFaceSet_3084"
							            point="7.500000 -8.413300 -21.660200 7.500000 -8.321800 -20.439699 7.500000 -7.966100 -22.799400 7.500000 -7.709900 -19.379801 7.500000 -7.069000 -23.631901 7.500000 -6.698700 -18.690399 7.500000 -5.899500 -23.992599 7.500000 -5.488500 -18.507999 7.500000 -5.488500 -18.507999 7.500000 -4.689300 -23.810200 7.500000 -4.319000 -18.868700 7.500000 -3.678100 -23.120800 7.500000 -3.421800 -19.701200 7.500000 -3.066100 -22.060900 7.500000 -2.974700 -20.840500 10.500000 -8.413300 -21.660200 10.500000 -8.321800 -20.439699 10.500000 -7.966100 -22.799400 10.500000 -7.709900 -19.379801 10.500000 -7.069000 -23.631901 10.500000 -6.698700 -18.690399 10.500000 -5.899500 -23.992599 10.500000 -5.488500 -18.507999 10.500000 -4.689300 -23.810200 10.500000 -4.319000 -18.868700 10.500000 -4.319000 -18.868700 10.500000 -3.678100 -23.120800 10.500000 -3.421800 -19.701200 10.500000 -3.066100 -22.060900 10.500000 -2.974700 -20.840500 "
							            />
							<TextureCoordinate point="0.9342 0.7528 1.0000 0.5378 1.0000 0.5378 0.9667 0.3153 1.0000 0.5378 1.0000 0.5378 1.0000 0.5378 0.9667 0.3153 0.9667 0.3153 0.8410 0.1293 0.9667 0.3153 0.9667 0.3153 0.9667 0.3153 0.8410 0.1293 0.8410 0.1293 0.6478 0.0168 0.8410 0.1293 0.8410 0.1293 0.8410 0.1293 0.6478 0.0168 0.6478 0.0168 0.4253 0.0000 0.6478 0.0168 0.6478 0.0168 0.6478 0.0168 0.4253 0.0000 0.4253 0.0000 0.2176 0.0822 0.4253 0.0000 0.4253 0.0000 0.4253 0.0000 0.2176 0.0822 0.2176 0.0822 0.0658 0.2472 0.2176 0.0822 0.2176 0.0822 0.2176 0.0822 0.0658 0.2472 0.0658 0.2472 0.0000 0.4622 0.0658 0.2472 0.0658 0.2472 0.0658 0.2472 0.0000 0.4622 0.0000 0.4622 0.0333 0.6847 0.0000 0.4622 0.0000 0.4622 0.0000 0.4622 0.0333 0.6847 0.0333 0.6847 0.1590 0.8707 0.0333 0.6847 0.0333 0.6847 0.0333 0.6847 0.1590 0.8707 0.1590 0.8707 0.3522 0.9832 0.1590 0.8707 0.1590 0.8707 0.1590 0.8707 0.3522 0.9832 0.3522 0.9832 0.5747 1.0000 0.3522 0.9832 0.3522 0.9832 0.3522 0.9832 0.5747 1.0000 0.5747 1.0000 0.7824 0.9178 0.5747 1.0000 0.5747 1.0000 0.5747 1.0000 0.7824 0.9178 0.7824 0.9178 0.9342 0.7528 0.7824 0.9178 0.7824 0.9178 0.7824 0.9178 0.9342 0.7528 0.9342 0.7528 1.0000 0.5378 0.9342 0.7528 0.9342 0.7528 " />
						</IndexedFaceSet>
					</Shape>
				</Group>
			</Transform>
		</Transform>
		<Transform DEF="Shape_IndexedFaceSet_038_TRANSFORM"
		           translation="0.000000 0.000000 0.000000"
		           scale="1.000000 1.000000 1.000000"
		           rotation="-0.000000 0.000000 0.000000 0.000000"
		           >
			<Transform DEF="Shape_IndexedFaceSet_038_ifs_TRANSFORM"
			           translation="0.000000 0.000000 0.000000"
			           scale="1.000000 1.000000 1.000000"
			           rotation="0.000000 1.000000 0.000000 0.000000"
			           >
				<Group DEF="group_ME_Shape_IndexedFaceSet_3085">
					<Shape>
						<Appearance>
							<Material USE="MA_Shape_011" />
						</Appearance>
						<IndexedFaceSet solid="false"
						                texCoordIndex="0 1 2 -1 3 4 5 -1 6 7 8 -1 9 10 11 -1 12 13 14 -1 15 16 17 -1 18 19 20 -1 21 22 23 -1 24 25 26 -1 27 28 29 -1 30 31 32 -1 33 34 35 -1 36 37 38 -1 39 40 41 -1 "
						                coordIndex="12 10 7 -1 12 7 14 -1 9 11 7 -1 13 7 11 -1 7 13 14 -1 2 4 7 -1 6 7 4 -1 7 6 9 -1 3 1 7 -1 0 7 1 -1 7 0 2 -1 10 8 7 -1 5 7 8 -1 7 5 3 -1 "
						                >
							<Coordinate DEF="coords_ME_Shape_IndexedFaceSet_3085"
							            point="10.500000 -18.298599 -15.761800 10.500000 -18.116199 -14.551600 10.500000 -17.937901 -16.931299 10.500000 -17.426800 -13.540400 10.500000 -17.105400 -17.828501 10.500000 -16.366899 -12.928500 10.500000 -15.966200 -18.275600 10.500000 -15.556300 -15.556300 10.500000 -15.146400 -12.837000 10.500000 -14.745700 -18.184099 10.500000 -14.007200 -13.284100 10.500000 -13.685800 -17.572201 10.500000 -13.174700 -14.181300 10.500000 -12.996400 -16.561001 10.500000 -12.814000 -15.350800 "
							            />
							<TextureCoordinate point="0.9342 0.7528 0.7824 0.9178 0.5000 0.5000 0.9342 0.7528 0.5000 0.5000 1.0000 0.5378 0.6478 0.0168 0.8410 0.1293 0.5000 0.5000 0.9667 0.3153 0.5000 0.5000 0.8410 0.1293 0.5000 0.5000 0.9667 0.3153 1.0000 0.5378 0.0658 0.2472 0.2176 0.0822 0.5000 0.5000 0.4253 0.0000 0.5000 0.5000 0.2176 0.0822 0.5000 0.5000 0.4253 0.0000 0.6478 0.0168 0.1590 0.8707 0.0333 0.6847 0.5000 0.5000 0.0000 0.4622 0.5000 0.5000 0.0333 0.6847 0.5000 0.5000 0.0000 0.4622 0.0658 0.2472 0.7824 0.9178 0.5747 1.0000 0.5000 0.5000 0.3522 0.9832 0.5000 0.5000 0.5747 1.0000 0.5000 0.5000 0.3522 0.9832 0.1590 0.8707 " />
						</IndexedFaceSet>
					</Shape>
				</Group>
			</Transform>
		</Transform>
		<Transform DEF="Shape_IndexedFaceSet_039_TRANSFORM"
		           translation="0.000000 0.000000 0.000000"
		           scale="1.000000 1.000000 1.000000"
		           rotation="-0.000000 0.000000 0.000000 0.000000"
		           >
			<Transform DEF="Shape_IndexedFaceSet_039_ifs_TRANSFORM"
			           translation="0.000000 0.000000 0.000000"
			           scale="1.000000 1.000000 1.000000"
			           rotation="0.000000 1.000000 0.000000 0.000000"
			           >
				<Group DEF="group_ME_Shape_IndexedFaceSet_3086">
					<Shape>
						<Appearance>
							<Material USE="MA_Shape_011" />
						</Appearance>
						<IndexedFaceSet solid="false"
						                texCoordIndex="0 1 2 -1 3 4 5 -1 6 7 8 -1 9 10 11 -1 12 13 14 -1 15 16 17 -1 18 19 20 -1 21 22 23 -1 24 25 26 -1 27 28 29 -1 30 31 32 -1 33 34 35 -1 36 37 38 -1 39 40 41 -1 42 43 44 -1 45 46 47 -1 48 49 50 -1 51 52 53 -1 54 55 56 -1 57 58 59 -1 60 61 62 -1 63 64 65 -1 66 67 68 -1 69 70 71 -1 72 73 74 -1 75 76 77 -1 78 79 80 -1 81 82 83 -1 "
						                coordIndex="26 9 24 -1 7 24 9 -1 24 7 22 -1 5 22 7 -1 22 5 20 -1 3 20 5 -1 20 3 18 -1 1 18 3 -1 18 1 16 -1 0 16 1 -1 16 0 15 -1 2 15 0 -1 15 2 17 -1 4 17 2 -1 17 4 19 -1 6 19 4 -1 19 6 21 -1 8 21 6 -1 21 8 23 -1 11 23 8 -1 23 11 25 -1 13 25 11 -1 25 13 28 -1 14 28 13 -1 28 14 29 -1 12 29 14 -1 29 12 27 -1 10 27 12 -1 "
						                >
							<Coordinate DEF="coords_ME_Shape_IndexedFaceSet_3086"
							            point="7.500000 -18.298599 -15.761800 7.500000 -18.116199 -14.551600 7.500000 -17.937901 -16.931299 7.500000 -17.426800 -13.540400 7.500000 -17.105400 -17.828501 7.500000 -16.366899 -12.928500 7.500000 -15.966200 -18.275600 7.500000 -15.146400 -12.837000 7.500000 -14.745700 -18.184099 7.500000 -14.007200 -13.284100 7.500000 -14.007200 -13.284100 7.500000 -13.685800 -17.572201 7.500000 -13.174700 -14.181300 7.500000 -12.996400 -16.561001 7.500000 -12.814000 -15.350800 10.500000 -18.298599 -15.761800 10.500000 -18.116199 -14.551600 10.500000 -17.937901 -16.931299 10.500000 -17.426800 -13.540400 10.500000 -17.105400 -17.828501 10.500000 -16.366899 -12.928500 10.500000 -15.966200 -18.275600 10.500000 -15.146400 -12.837000 10.500000 -14.745700 -18.184099 10.500000 -14.007200 -13.284100 10.500000 -13.685800 -17.572201 10.500000 -13.174700 -14.181300 10.500000 -13.174700 -14.181300 10.500000 -12.996400 -16.561001 10.500000 -12.814000 -15.350800 "
							            />
							<TextureCoordinate point="0.9342 0.7528 0.7824 0.9178 0.7824 0.9178 0.5747 1.0000 0.7824 0.9178 0.7824 0.9178 0.7824 0.9178 0.5747 1.0000 0.5747 1.0000 0.3522 0.9832 0.5747 1.0000 0.5747 1.0000 0.5747 1.0000 0.3522 0.9832 0.3522 0.9832 0.1590 0.8707 0.3522 0.9832 0.3522 0.9832 0.3522 0.9832 0.1590 0.8707 0.1590 0.8707 0.0333 0.6847 0.1590 0.8707 0.1590 0.8707 0.1590 0.8707 0.0333 0.6847 0.0333 0.6847 0.0000 0.4622 0.0333 0.6847 0.0333 0.6847 0.0333 0.6847 0.0000 0.4622 0.0000 0.4622 0.0658 0.2472 0.0000 0.4622 0.0000 0.4622 0.0000 0.4622 0.0658 0.2472 0.0658 0.2472 0.2176 0.0822 0.0658 0.2472 0.0658 0.2472 0.0658 0.2472 0.2176 0.0822 0.2176 0.0822 0.4253 0.0000 0.2176 0.0822 0.2176 0.0822 0.2176 0.0822 0.4253 0.0000 0.4253 0.0000 0.6478 0.0168 0.4253 0.0000 0.4253 0.0000 0.4253 0.0000 0.6478 0.0168 0.6478 0.0168 0.8410 0.1293 0.6478 0.0168 0.6478 0.0168 0.6478 0.0168 0.8410 0.1293 0.8410 0.1293 0.9667 0.3153 0.8410 0.1293 0.8410 0.1293 0.8410 0.1293 0.9667 0.3153 0.9667 0.3153 1.0000 0.5378 0.9667 0.3153 0.9667 0.3153 0.9667 0.3153 1.0000 0.5378 1.0000 0.5378 0.9342 0.7528 1.0000 0.5378 1.0000 0.5378 1.0000 0.5378 0.9342 0.7528 0.9342 0.7528 0.7824 0.9178 0.9342 0.7528 0.9342 0.7528 " />
						</IndexedFaceSet>
					</Shape>
				</Group>
			</Transform>
		</Transform>
		<Transform DEF="Shape_IndexedFaceSet_041_TRANSFORM"
		           translation="0.000000 0.000000 0.000000"
		           scale="1.000000 1.000000 1.000000"
		           rotation="-0.000000 0.000000 0.000000 0.000000"
		           >
			<Transform DEF="Shape_IndexedFaceSet_041_ifs_TRANSFORM"
			           translation="0.000000 0.000000 0.000000"
			           scale="1.000000 1.000000 1.000000"
			           rotation="0.000000 1.000000 0.000000 0.000000"
			           >
				<Group DEF="group_ME_Shape_IndexedFaceSet_3087">
					<Shape>
						<Appearance>
							<Material USE="MA_Shape_011" />
						</Appearance>
						<IndexedFaceSet solid="false"
						                texCoordIndex="0 1 2 -1 3 4 5 -1 6 7 8 -1 9 10 11 -1 12 13 14 -1 15 16 17 -1 18 19 20 -1 21 22 23 -1 24 25 26 -1 27 28 29 -1 30 31 32 -1 33 34 35 -1 36 37 38 -1 39 40 41 -1 "
						                coordIndex="14 13 7 -1 14 7 12 -1 5 8 7 -1 10 7 8 -1 7 10 12 -1 0 1 7 -1 3 7 1 -1 7 3 5 -1 6 4 7 -1 2 7 4 -1 7 2 0 -1 13 11 7 -1 9 7 11 -1 7 9 6 -1 "
						                >
							<Coordinate DEF="coords_ME_Shape_IndexedFaceSet_3087"
							            point="10.500000 -24.000299 -5.694000 10.500000 -23.728001 -6.887100 10.500000 -23.728001 -4.500800 10.500000 -22.964899 -7.844000 10.500000 -22.964899 -3.543900 10.500000 -21.862301 -8.375000 10.500000 -21.862301 -3.012900 10.500000 -21.250299 -5.694000 10.500000 -20.638399 -8.375000 10.500000 -20.638399 -3.012900 10.500000 -19.535700 -7.844000 10.500000 -19.535700 -3.543900 10.500000 -18.772699 -6.887100 10.500000 -18.772699 -4.500800 10.500000 -18.500299 -5.694000 "
							            />
							<TextureCoordinate point="1.0000 0.5000 0.9505 0.7225 0.5000 0.5000 1.0000 0.5000 0.5000 0.5000 0.9505 0.2775 0.3887 0.0000 0.6113 0.0000 0.5000 0.5000 0.8117 0.0990 0.5000 0.5000 0.6113 0.0000 0.5000 0.5000 0.8117 0.0990 0.9505 0.2775 0.0000 0.5000 0.0495 0.2775 0.5000 0.5000 0.1883 0.0990 0.5000 0.5000 0.0495 0.2775 0.5000 0.5000 0.1883 0.0990 0.3887 0.0000 0.3887 1.0000 0.1883 0.9010 0.5000 0.5000 0.0495 0.7225 0.5000 0.5000 0.1883 0.9010 0.5000 0.5000 0.0495 0.7225 0.0000 0.5000 0.9505 0.7225 0.8117 0.9010 0.5000 0.5000 0.6113 1.0000 0.5000 0.5000 0.8117 0.9010 0.5000 0.5000 0.6113 1.0000 0.3887 1.0000 " />
						</IndexedFaceSet>
					</Shape>
				</Group>
			</Transform>
		</Transform>
		<Transform DEF="Shape_IndexedFaceSet_042_TRANSFORM"
		           translation="0.000000 0.000000 0.000000"
		           scale="1.000000 1.000000 1.000000"
		           rotation="-0.000000 0.000000 0.000000 0.000000"
		           >
			<Transform DEF="Shape_IndexedFaceSet_042_ifs_TRANSFORM"
			           translation="0.000000 0.000000 0.000000"
			           scale="1.000000 1.000000 1.000000"
			           rotation="0.000000 1.000000 0.000000 0.000000"
			           >
				<Group DEF="group_ME_Shape_IndexedFaceSet_3088">
					<Shape>
						<Appearance>
							<Material USE="MA_Shape_011" />
						</Appearance>
						<IndexedFaceSet solid="false"
						                texCoordIndex="0 1 2 -1 3 4 5 -1 6 7 8 -1 9 10 11 -1 12 13 14 -1 15 16 17 -1 18 19 20 -1 21 22 23 -1 24 25 26 -1 27 28 29 -1 30 31 32 -1 33 34 35 -1 36 37 38 -1 39 40 41 -1 42 43 44 -1 45 46 47 -1 48 49 50 -1 51 52 53 -1 54 55 56 -1 57 58 59 -1 60 61 62 -1 63 64 65 -1 66 67 68 -1 69 70 71 -1 72 73 74 -1 75 76 77 -1 78 79 80 -1 81 82 83 -1 "
						                coordIndex="28 12 27 -1 10 27 12 -1 27 10 25 -1 8 25 10 -1 25 8 23 -1 6 23 8 -1 23 6 21 -1 4 21 6 -1 21 4 19 -1 2 19 4 -1 19 2 17 -1 0 17 2 -1 17 0 15 -1 1 15 0 -1 15 1 16 -1 3 16 1 -1 16 3 18 -1 5 18 3 -1 18 5 20 -1 7 20 5 -1 20 7 22 -1 9 22 7 -1 22 9 24 -1 11 24 9 -1 24 11 26 -1 14 26 11 -1 26 14 29 -1 13 29 14 -1 "
						                >
							<Coordinate DEF="coords_ME_Shape_IndexedFaceSet_3088"
							            point="7.500000 -24.000299 -5.694000 7.500000 -23.728001 -6.887100 7.500000 -23.728001 -4.500800 7.500000 -22.964899 -7.844000 7.500000 -22.964899 -3.543900 7.500000 -21.862301 -8.375000 7.500000 -21.862301 -3.012900 7.500000 -20.638399 -8.375000 7.500000 -20.638399 -3.012900 7.500000 -19.535700 -7.844000 7.500000 -19.535700 -3.543900 7.500000 -18.772699 -6.887100 7.500000 -18.772699 -4.500800 7.500000 -18.772699 -4.500800 7.500000 -18.500299 -5.694000 10.500000 -24.000299 -5.694000 10.500000 -23.728001 -6.887100 10.500000 -23.728001 -4.500800 10.500000 -22.964899 -7.844000 10.500000 -22.964899 -3.543900 10.500000 -21.862301 -8.375000 10.500000 -21.862301 -3.012900 10.500000 -20.638399 -8.375000 10.500000 -20.638399 -3.012900 10.500000 -19.535700 -7.844000 10.500000 -19.535700 -3.543900 10.500000 -18.772699 -6.887100 10.500000 -18.772699 -4.500800 10.500000 -18.500299 -5.694000 10.500000 -18.500299 -5.694000 "
							            />
							<TextureCoordinate point="1.0000 0.5000 0.9505 0.7225 0.9505 0.7225 0.8117 0.9010 0.9505 0.7225 0.9505 0.7225 0.9505 0.7225 0.8117 0.9010 0.8117 0.9010 0.6113 1.0000 0.8117 0.9010 0.8117 0.9010 0.8117 0.9010 0.6113 1.0000 0.6113 1.0000 0.3887 1.0000 0.6113 1.0000 0.6113 1.0000 0.6113 1.0000 0.3887 1.0000 0.3887 1.0000 0.1883 0.9010 0.3887 1.0000 0.3887 1.0000 0.3887 1.0000 0.1883 0.9010 0.1883 0.9010 0.0495 0.7225 0.1883 0.9010 0.1883 0.9010 0.1883 0.9010 0.0495 0.7225 0.0495 0.7225 0.0000 0.5000 0.0495 0.7225 0.0495 0.7225 0.0495 0.7225 0.0000 0.5000 0.0000 0.5000 0.0495 0.2775 0.0000 0.5000 0.0000 0.5000 0.0000 0.5000 0.0495 0.2775 0.0495 0.2775 0.1883 0.0990 0.0495 0.2775 0.0495 0.2775 0.0495 0.2775 0.1883 0.0990 0.1883 0.0990 0.3887 0.0000 0.1883 0.0990 0.1883 0.0990 0.1883 0.0990 0.3887 0.0000 0.3887 0.0000 0.6113 0.0000 0.3887 0.0000 0.3887 0.0000 0.3887 0.0000 0.6113 0.0000 0.6113 0.0000 0.8117 0.0990 0.6113 0.0000 0.6113 0.0000 0.6113 0.0000 0.8117 0.0990 0.8117 0.0990 0.9505 0.2775 0.8117 0.0990 0.8117 0.0990 0.8117 0.0990 0.9505 0.2775 0.9505 0.2775 1.0000 0.5000 0.9505 0.2775 0.9505 0.2775 0.9505 0.2775 1.0000 0.5000 1.0000 0.5000 0.9505 0.7225 1.0000 0.5000 1.0000 0.5000 " />
						</IndexedFaceSet>
					</Shape>
				</Group>
			</Transform>
		</Transform>
		<Transform DEF="Shape_IndexedFaceSet_043_TRANSFORM"
		           translation="0.000000 0.000000 0.000000"
		           scale="1.000000 1.000000 1.000000"
		           rotation="-0.000000 0.000000 0.000000 0.000000"
		           >
			<Transform DEF="Shape_IndexedFaceSet_043_ifs_TRANSFORM"
			           translation="0.000000 0.000000 0.000000"
			           scale="1.000000 1.000000 1.000000"
			           rotation="0.000000 1.000000 0.000000 0.000000"
			           >
				<Group DEF="group_ME_Shape_IndexedFaceSet_3089">
					<Shape>
						<Appearance>
							<Material USE="MA_Shape_011" />
						</Appearance>
						<IndexedFaceSet solid="false"
						                texCoordIndex="0 1 2 -1 3 4 5 -1 6 7 8 -1 9 10 11 -1 12 13 14 -1 15 16 17 -1 18 19 20 -1 21 22 23 -1 24 25 26 -1 27 28 29 -1 30 31 32 -1 33 34 35 -1 36 37 38 -1 39 40 41 -1 "
						                coordIndex="12 14 7 -1 12 7 10 -1 3 5 7 -1 8 7 5 -1 7 8 10 -1 2 0 7 -1 1 7 0 -1 7 1 3 -1 9 6 7 -1 4 7 6 -1 7 4 2 -1 14 13 7 -1 11 7 13 -1 7 11 9 -1 "
						                >
							<Coordinate DEF="coords_ME_Shape_IndexedFaceSet_3089"
							            point="10.500000 -23.992599 5.899500 10.500000 -23.810200 4.689300 10.500000 -23.631901 7.069000 10.500000 -23.120800 3.678100 10.500000 -22.799400 7.966100 10.500000 -22.060900 3.066100 10.500000 -21.660200 8.413300 10.500000 -21.250299 5.694000 10.500000 -20.840500 2.974700 10.500000 -20.439699 8.321800 10.500000 -19.701200 3.421800 10.500000 -19.379801 7.709900 10.500000 -18.868700 4.319000 10.500000 -18.690399 6.698700 10.500000 -18.507999 5.488500 "
							            />
							<TextureCoordinate point="0.9342 0.2472 1.0000 0.4622 0.5000 0.5000 0.9342 0.2472 0.5000 0.5000 0.7824 0.0822 0.1590 0.1293 0.3522 0.0168 0.5000 0.5000 0.5747 0.0000 0.5000 0.5000 0.3522 0.0168 0.5000 0.5000 0.5747 0.0000 0.7824 0.0822 0.0658 0.7528 0.0000 0.5378 0.5000 0.5000 0.0333 0.3153 0.5000 0.5000 0.0000 0.5378 0.5000 0.5000 0.0333 0.3153 0.1590 0.1293 0.6478 0.9832 0.4253 1.0000 0.5000 0.5000 0.2176 0.9178 0.5000 0.5000 0.4253 1.0000 0.5000 0.5000 0.2176 0.9178 0.0658 0.7528 1.0000 0.4622 0.9667 0.6847 0.5000 0.5000 0.8410 0.8707 0.5000 0.5000 0.9667 0.6847 0.5000 0.5000 0.8410 0.8707 0.6478 0.9832 " />
						</IndexedFaceSet>
					</Shape>
				</Group>
			</Transform>
		</Transform>
		<Transform DEF="Shape_IndexedFaceSet_044_TRANSFORM"
		           translation="0.000000 0.000000 0.000000"
		           scale="1.000000 1.000000 1.000000"
		           rotation="-0.000000 0.000000 0.000000 0.000000"
		           >
			<Transform DEF="Shape_IndexedFaceSet_044_ifs_TRANSFORM"
			           translation="0.000000 0.000000 0.000000"
			           scale="1.000000 1.000000 1.000000"
			           rotation="0.000000 1.000000 0.000000 0.000000"
			           >
				<Group DEF="group_ME_Shape_IndexedFaceSet_3090">
					<Shape>
						<Appearance>
							<Material USE="MA_Shape_011" />
						</Appearance>
						<IndexedFaceSet solid="false"
						                texCoordIndex="0 1 2 -1 3 4 5 -1 6 7 8 -1 9 10 11 -1 12 13 14 -1 15 16 17 -1 18 19 20 -1 21 22 23 -1 24 25 26 -1 27 28 29 -1 30 31 32 -1 33 34 35 -1 36 37 38 -1 39 40 41 -1 42 43 44 -1 45 46 47 -1 48 49 50 -1 51 52 53 -1 54 55 56 -1 57 58 59 -1 60 61 62 -1 63 64 65 -1 66 67 68 -1 69 70 71 -1 72 73 74 -1 75 76 77 -1 78 79 80 -1 81 82 83 -1 "
						                coordIndex="26 13 29 -1 12 29 13 -1 29 12 28 -1 10 28 12 -1 28 10 25 -1 8 25 10 -1 25 8 23 -1 6 23 8 -1 23 6 21 -1 4 21 6 -1 21 4 19 -1 2 19 4 -1 19 2 17 -1 0 17 2 -1 17 0 15 -1 1 15 0 -1 15 1 16 -1 3 16 1 -1 16 3 18 -1 5 18 3 -1 18 5 20 -1 7 20 5 -1 20 7 22 -1 9 22 7 -1 22 9 24 -1 11 24 9 -1 24 11 27 -1 14 27 11 -1 "
						                >
							<Coordinate DEF="coords_ME_Shape_IndexedFaceSet_3090"
							            point="7.500000 -23.992599 5.899500 7.500000 -23.810200 4.689300 7.500000 -23.631901 7.069000 7.500000 -23.120800 3.678100 7.500000 -22.799400 7.966100 7.500000 -22.060900 3.066100 7.500000 -21.660200 8.413300 7.500000 -20.840500 2.974700 7.500000 -20.439699 8.321800 7.500000 -19.701200 3.421800 7.500000 -19.379801 7.709900 7.500000 -18.868700 4.319000 7.500000 -18.690399 6.698700 7.500000 -18.507999 5.488500 7.500000 -18.507999 5.488500 10.500000 -23.992599 5.899500 10.500000 -23.810200 4.689300 10.500000 -23.631901 7.069000 10.500000 -23.120800 3.678100 10.500000 -22.799400 7.966100 10.500000 -22.060900 3.066100 10.500000 -21.660200 8.413300 10.500000 -20.840500 2.974700 10.500000 -20.439699 8.321800 10.500000 -19.701200 3.421800 10.500000 -19.379801 7.709900 10.500000 -18.868700 4.319000 10.500000 -18.868700 4.319000 10.500000 -18.690399 6.698700 10.500000 -18.507999 5.488500 "
							            />
							<TextureCoordinate point="0.9342 0.2472 1.0000 0.4622 1.0000 0.4622 0.9667 0.6847 1.0000 0.4622 1.0000 0.4622 1.0000 0.4622 0.9667 0.6847 0.9667 0.6847 0.8410 0.8707 0.9667 0.6847 0.9667 0.6847 0.9667 0.6847 0.8410 0.8707 0.8410 0.8707 0.6478 0.9832 0.8410 0.8707 0.8410 0.8707 0.8410 0.8707 0.6478 0.9832 0.6478 0.9832 0.4253 1.0000 0.6478 0.9832 0.6478 0.9832 0.6478 0.9832 0.4253 1.0000 0.4253 1.0000 0.2176 0.9178 0.4253 1.0000 0.4253 1.0000 0.4253 1.0000 0.2176 0.9178 0.2176 0.9178 0.0658 0.7528 0.2176 0.9178 0.2176 0.9178 0.2176 0.9178 0.0658 0.7528 0.0658 0.7528 0.0000 0.5378 0.0658 0.7528 0.0658 0.7528 0.0658 0.7528 0.0000 0.5378 0.0000 0.5378 0.0333 0.3153 0.0000 0.5378 0.0000 0.5378 0.0000 0.5378 0.0333 0.3153 0.0333 0.3153 0.1590 0.1293 0.0333 0.3153 0.0333 0.3153 0.0333 0.3153 0.1590 0.1293 0.1590 0.1293 0.3522 0.0168 0.1590 0.1293 0.1590 0.1293 0.1590 0.1293 0.3522 0.0168 0.3522 0.0168 0.5747 0.0000 0.3522 0.0168 0.3522 0.0168 0.3522 0.0168 0.5747 0.0000 0.5747 0.0000 0.7824 0.0822 0.5747 0.0000 0.5747 0.0000 0.5747 0.0000 0.7824 0.0822 0.7824 0.0822 0.9342 0.2472 0.7824 0.0822 0.7824 0.0822 0.7824 0.0822 0.9342 0.2472 0.9342 0.2472 1.0000 0.4622 0.9342 0.2472 0.9342 0.2472 " />
						</IndexedFaceSet>
					</Shape>
				</Group>
			</Transform>
		</Transform>
		<Transform DEF="Shape_IndexedFaceSet_045_TRANSFORM"
		           translation="0.000000 0.000000 0.000000"
		           scale="1.000000 1.000000 1.000000"
		           rotation="-0.000000 0.000000 0.000000 0.000000"
		           >
			<Transform DEF="Shape_IndexedFaceSet_045_ifs_TRANSFORM"
			           translation="0.000000 0.000000 0.000000"
			           scale="1.000000 1.000000 1.000000"
			           rotation="0.000000 1.000000 0.000000 0.000000"
			           >
				<Group DEF="group_ME_Shape_IndexedFaceSet_3091">
					<Shape>
						<Appearance>
							<Material USE="MA_Shape_011" />
						</Appearance>
						<IndexedFaceSet solid="false"
						                texCoordIndex="0 1 2 -1 3 4 5 -1 6 7 8 -1 9 10 11 -1 12 13 14 -1 15 16 17 -1 18 19 20 -1 21 22 23 -1 24 25 26 -1 27 28 29 -1 30 31 32 -1 33 34 35 -1 36 37 38 -1 39 40 41 -1 "
						                coordIndex="10 12 7 -1 10 7 8 -1 1 3 7 -1 5 7 3 -1 7 5 8 -1 4 2 7 -1 0 7 2 -1 7 0 1 -1 11 9 7 -1 6 7 9 -1 7 6 4 -1 12 14 7 -1 13 7 14 -1 7 13 11 -1 "
						                >
							<Coordinate DEF="coords_ME_Shape_IndexedFaceSet_3091"
							            point="10.500000 -18.275600 15.966200 10.500000 -18.184099 14.745700 10.500000 -17.828501 17.105400 10.500000 -17.572201 13.685800 10.500000 -16.931299 17.937901 10.500000 -16.561001 12.996400 10.500000 -15.761800 18.298599 10.500000 -15.556300 15.556300 10.500000 -15.350800 12.814000 10.500000 -14.551600 18.116199 10.500000 -14.181300 13.174700 10.500000 -13.540400 17.426800 10.500000 -13.284100 14.007200 10.500000 -12.928500 16.366899 10.500000 -12.837000 15.146400 "
							            />
							<TextureCoordinate point="0.0658 0.7528 0.2176 0.9178 0.5000 0.5000 0.0658 0.7528 0.5000 0.5000 0.0000 0.5378 0.3522 0.0168 0.1590 0.1293 0.5000 0.5000 0.0333 0.3153 0.5000 0.5000 0.1590 0.1293 0.5000 0.5000 0.0333 0.3153 0.0000 0.5378 0.9342 0.2472 0.7824 0.0822 0.5000 0.5000 0.5747 0.0000 0.5000 0.5000 0.7824 0.0822 0.5000 0.5000 0.5747 0.0000 0.3522 0.0168 0.8410 0.8707 0.9667 0.6847 0.5000 0.5000 1.0000 0.4622 0.5000 0.5000 0.9667 0.6847 0.5000 0.5000 1.0000 0.4622 0.9342 0.2472 0.2176 0.9178 0.4253 1.0000 0.5000 0.5000 0.6478 0.9832 0.5000 0.5000 0.4253 1.0000 0.5000 0.5000 0.6478 0.9832 0.8410 0.8707 " />
						</IndexedFaceSet>
					</Shape>
				</Group>
			</Transform>
		</Transform>
		<Transform DEF="Shape_IndexedFaceSet_046_TRANSFORM"
		           translation="0.000000 0.000000 0.000000"
		           scale="1.000000 1.000000 1.000000"
		           rotation="-0.000000 0.000000 0.000000 0.000000"
		           >
			<Transform DEF="Shape_IndexedFaceSet_046_ifs_TRANSFORM"
			           translation="0.000000 0.000000 0.000000"
			           scale="1.000000 1.000000 1.000000"
			           rotation="0.000000 1.000000 0.000000 0.000000"
			           >
				<Group DEF="group_ME_Shape_IndexedFaceSet_3092">
					<Shape>
						<Appearance>
							<Material USE="MA_Shape_011" />
						</Appearance>
						<IndexedFaceSet solid="false"
						                texCoordIndex="0 1 2 -1 3 4 5 -1 6 7 8 -1 9 10 11 -1 12 13 14 -1 15 16 17 -1 18 19 20 -1 21 22 23 -1 24 25 26 -1 27 28 29 -1 30 31 32 -1 33 34 35 -1 36 37 38 -1 39 40 41 -1 42 43 44 -1 45 46 47 -1 48 49 50 -1 51 52 53 -1 54 55 56 -1 57 58 59 -1 60 61 62 -1 63 64 65 -1 66 67 68 -1 69 70 71 -1 72 73 74 -1 75 76 77 -1 78 79 80 -1 81 82 83 -1 "
						                coordIndex="24 11 27 -1 14 27 11 -1 27 14 29 -1 13 29 14 -1 29 13 28 -1 10 28 13 -1 28 10 26 -1 8 26 10 -1 26 8 23 -1 6 23 8 -1 23 6 21 -1 4 21 6 -1 21 4 19 -1 2 19 4 -1 19 2 17 -1 0 17 2 -1 17 0 15 -1 1 15 0 -1 15 1 16 -1 3 16 1 -1 16 3 18 -1 5 18 3 -1 18 5 20 -1 7 20 5 -1 20 7 22 -1 9 22 7 -1 22 9 25 -1 12 25 9 -1 "
						                >
							<Coordinate DEF="coords_ME_Shape_IndexedFaceSet_3092"
							            point="7.500000 -18.275600 15.966200 7.500000 -18.184099 14.745700 7.500000 -17.828501 17.105400 7.500000 -17.572201 13.685800 7.500000 -16.931299 17.937901 7.500000 -16.561001 12.996400 7.500000 -15.761800 18.298599 7.500000 -15.350800 12.814000 7.500000 -14.551600 18.116199 7.500000 -14.181300 13.174700 7.500000 -13.540400 17.426800 7.500000 -13.284100 14.007200 7.500000 -13.284100 14.007200 7.500000 -12.928500 16.366899 7.500000 -12.837000 15.146400 10.500000 -18.275600 15.966200 10.500000 -18.184099 14.745700 10.500000 -17.828501 17.105400 10.500000 -17.572201 13.685800 10.500000 -16.931299 17.937901 10.500000 -16.561001 12.996400 10.500000 -15.761800 18.298599 10.500000 -15.350800 12.814000 10.500000 -14.551600 18.116199 10.500000 -14.181300 13.174700 10.500000 -14.181300 13.174700 10.500000 -13.540400 17.426800 10.500000 -13.284100 14.007200 10.500000 -12.928500 16.366899 10.500000 -12.837000 15.146400 "
							            />
							<TextureCoordinate point="0.0658 0.7528 0.2176 0.9178 0.2176 0.9178 0.4253 1.0000 0.2176 0.9178 0.2176 0.9178 0.2176 0.9178 0.4253 1.0000 0.4253 1.0000 0.6478 0.9832 0.4253 1.0000 0.4253 1.0000 0.4253 1.0000 0.6478 0.9832 0.6478 0.9832 0.8410 0.8707 0.6478 0.9832 0.6478 0.9832 0.6478 0.9832 0.8410 0.8707 0.8410 0.8707 0.9667 0.6847 0.8410 0.8707 0.8410 0.8707 0.8410 0.8707 0.9667 0.6847 0.9667 0.6847 1.0000 0.4622 0.9667 0.6847 0.9667 0.6847 0.9667 0.6847 1.0000 0.4622 1.0000 0.4622 0.9342 0.2472 1.0000 0.4622 1.0000 0.4622 1.0000 0.4622 0.9342 0.2472 0.9342 0.2472 0.7824 0.0822 0.9342 0.2472 0.9342 0.2472 0.9342 0.2472 0.7824 0.0822 0.7824 0.0822 0.5747 0.0000 0.7824 0.0822 0.7824 0.0822 0.7824 0.0822 0.5747 0.0000 0.5747 0.0000 0.3522 0.0168 0.5747 0.0000 0.5747 0.0000 0.5747 0.0000 0.3522 0.0168 0.3522 0.0168 0.1590 0.1293 0.3522 0.0168 0.3522 0.0168 0.3522 0.0168 0.1590 0.1293 0.1590 0.1293 0.0333 0.3153 0.1590 0.1293 0.1590 0.1293 0.1590 0.1293 0.0333 0.3153 0.0333 0.3153 0.0000 0.5378 0.0333 0.3153 0.0333 0.3153 0.0333 0.3153 0.0000 0.5378 0.0000 0.5378 0.0658 0.7528 0.0000 0.5378 0.0000 0.5378 0.0000 0.5378 0.0658 0.7528 0.0658 0.7528 0.2176 0.9178 0.0658 0.7528 0.0658 0.7528 " />
						</IndexedFaceSet>
					</Shape>
				</Group>
			</Transform>
		</Transform>
		<Transform DEF="Shape_IndexedFaceSet_047_TRANSFORM"
		           translation="0.000000 0.000000 0.000000"
		           scale="1.000000 1.000000 1.000000"
		           rotation="-0.000000 0.000000 0.000000 0.000000"
		           >
			<Transform DEF="Shape_IndexedFaceSet_047_ifs_TRANSFORM"
			           translation="0.000000 0.000000 0.000000"
			           scale="1.000000 1.000000 1.000000"
			           rotation="0.000000 1.000000 0.000000 0.000000"
			           >
				<Group DEF="group_ME_Shape_IndexedFaceSet_3093">
					<Shape>
						<Appearance>
							<Material USE="MA_Shape_011" />
						</Appearance>
						<IndexedFaceSet solid="false"
						                texCoordIndex="0 1 2 -1 3 4 5 -1 6 7 8 -1 9 10 11 -1 12 13 14 -1 15 16 17 -1 18 19 20 -1 21 22 23 -1 24 25 26 -1 27 28 29 -1 30 31 32 -1 33 34 35 -1 36 37 38 -1 39 40 41 -1 "
						                coordIndex="6 9 7 -1 6 7 4 -1 1 0 7 -1 2 7 0 -1 7 2 4 -1 8 5 7 -1 3 7 5 -1 7 3 1 -1 14 12 7 -1 10 7 12 -1 7 10 8 -1 9 11 7 -1 13 7 11 -1 7 13 14 -1 "
						                >
							<Coordinate DEF="coords_ME_Shape_IndexedFaceSet_3093"
							            point="10.500000 -8.375000 20.638399 10.500000 -8.375000 21.862301 10.500000 -7.844000 19.535700 10.500000 -7.844000 22.964899 10.500000 -6.887100 18.772699 10.500000 -6.887100 23.728001 10.500000 -5.694000 18.500299 10.500000 -5.694000 21.250299 10.500000 -5.694000 24.000299 10.500000 -4.500800 18.772699 10.500000 -4.500800 23.728001 10.500000 -3.543900 19.535700 10.500000 -3.543900 22.964899 10.500000 -3.012900 20.638399 10.500000 -3.012900 21.862301 "
							            />
							<TextureCoordinate point="0.0000 0.5000 0.0495 0.7225 0.5000 0.5000 0.0000 0.5000 0.5000 0.5000 0.0495 0.2775 0.6113 0.0000 0.3887 0.0000 0.5000 0.5000 0.1883 0.0990 0.5000 0.5000 0.3887 0.0000 0.5000 0.5000 0.1883 0.0990 0.0495 0.2775 1.0000 0.5000 0.9505 0.2775 0.5000 0.5000 0.8117 0.0990 0.5000 0.5000 0.9505 0.2775 0.5000 0.5000 0.8117 0.0990 0.6113 0.0000 0.6113 1.0000 0.8117 0.9010 0.5000 0.5000 0.9505 0.7225 0.5000 0.5000 0.8117 0.9010 0.5000 0.5000 0.9505 0.7225 1.0000 0.5000 0.0495 0.7225 0.1883 0.9010 0.5000 0.5000 0.3887 1.0000 0.5000 0.5000 0.1883 0.9010 0.5000 0.5000 0.3887 1.0000 0.6113 1.0000 " />
						</IndexedFaceSet>
					</Shape>
				</Group>
			</Transform>
		</Transform>
		<Transform DEF="Shape_IndexedFaceSet_048_TRANSFORM"
		           translation="0.000000 0.000000 0.000000"
		           scale="1.000000 1.000000 1.000000"
		           rotation="-0.000000 0.000000 0.000000 0.000000"
		           >
			<Transform DEF="Shape_IndexedFaceSet_048_ifs_TRANSFORM"
			           translation="0.000000 0.000000 0.000000"
			           scale="1.000000 1.000000 1.000000"
			           rotation="0.000000 1.000000 0.000000 0.000000"
			           >
				<Group DEF="group_ME_Shape_IndexedFaceSet_3094">
					<Shape>
						<Appearance>
							<Material USE="MA_Shape_011" />
						</Appearance>
						<IndexedFaceSet solid="false"
						                texCoordIndex="0 1 2 -1 3 4 5 -1 6 7 8 -1 9 10 11 -1 12 13 14 -1 15 16 17 -1 18 19 20 -1 21 22 23 -1 24 25 26 -1 27 28 29 -1 30 31 32 -1 33 34 35 -1 36 37 38 -1 39 40 41 -1 42 43 44 -1 45 46 47 -1 48 49 50 -1 51 52 53 -1 54 55 56 -1 57 58 59 -1 60 61 62 -1 63 64 65 -1 66 67 68 -1 69 70 71 -1 72 73 74 -1 75 76 77 -1 78 79 80 -1 81 82 83 -1 "
						                coordIndex="21 8 24 -1 11 24 8 -1 24 11 26 -1 13 26 11 -1 26 13 28 -1 14 28 13 -1 28 14 29 -1 12 29 14 -1 29 12 27 -1 10 27 12 -1 27 10 25 -1 7 25 10 -1 25 7 23 -1 5 23 7 -1 23 5 20 -1 3 20 5 -1 20 3 18 -1 1 18 3 -1 18 1 16 -1 0 16 1 -1 16 0 15 -1 2 15 0 -1 15 2 17 -1 4 17 2 -1 17 4 19 -1 6 19 4 -1 19 6 22 -1 9 22 6 -1 "
						                >
							<Coordinate DEF="coords_ME_Shape_IndexedFaceSet_3094"
							            point="7.500000 -8.375000 20.638399 7.500000 -8.375000 21.862301 7.500000 -7.844000 19.535700 7.500000 -7.844000 22.964899 7.500000 -6.887100 18.772699 7.500000 -6.887100 23.728001 7.500000 -5.694000 18.500299 7.500000 -5.694000 24.000299 7.500000 -4.500800 18.772699 7.500000 -4.500800 18.772699 7.500000 -4.500800 23.728001 7.500000 -3.543900 19.535700 7.500000 -3.543900 22.964899 7.500000 -3.012900 20.638399 7.500000 -3.012900 21.862301 10.500000 -8.375000 20.638399 10.500000 -8.375000 21.862301 10.500000 -7.844000 19.535700 10.500000 -7.844000 22.964899 10.500000 -6.887100 18.772699 10.500000 -6.887100 23.728001 10.500000 -5.694000 18.500299 10.500000 -5.694000 18.500299 10.500000 -5.694000 24.000299 10.500000 -4.500800 18.772699 10.500000 -4.500800 23.728001 10.500000 -3.543900 19.535700 10.500000 -3.543900 22.964899 10.500000 -3.012900 20.638399 10.500000 -3.012900 21.862301 "
							            />
							<TextureCoordinate point="0.0000 0.5000 0.0495 0.7225 0.0495 0.7225 0.1883 0.9010 0.0495 0.7225 0.0495 0.7225 0.0495 0.7225 0.1883 0.9010 0.1883 0.9010 0.3887 1.0000 0.1883 0.9010 0.1883 0.9010 0.1883 0.9010 0.3887 1.0000 0.3887 1.0000 0.6113 1.0000 0.3887 1.0000 0.3887 1.0000 0.3887 1.0000 0.6113 1.0000 0.6113 1.0000 0.8117 0.9010 0.6113 1.0000 0.6113 1.0000 0.6113 1.0000 0.8117 0.9010 0.8117 0.9010 0.9505 0.7225 0.8117 0.9010 0.8117 0.9010 0.8117 0.9010 0.9505 0.7225 0.9505 0.7225 1.0000 0.5000 0.9505 0.7225 0.9505 0.7225 0.9505 0.7225 1.0000 0.5000 1.0000 0.5000 0.9505 0.2775 1.0000 0.5000 1.0000 0.5000 1.0000 0.5000 0.9505 0.2775 0.9505 0.2775 0.8117 0.0990 0.9505 0.2775 0.9505 0.2775 0.9505 0.2775 0.8117 0.0990 0.8117 0.0990 0.6113 0.0000 0.8117 0.0990 0.8117 0.0990 0.8117 0.0990 0.6113 0.0000 0.6113 0.0000 0.3887 0.0000 0.6113 0.0000 0.6113 0.0000 0.6113 0.0000 0.3887 0.0000 0.3887 0.0000 0.1883 0.0990 0.3887 0.0000 0.3887 0.0000 0.3887 0.0000 0.1883 0.0990 0.1883 0.0990 0.0495 0.2775 0.1883 0.0990 0.1883 0.0990 0.1883 0.0990 0.0495 0.2775 0.0495 0.2775 0.0000 0.5000 0.0495 0.2775 0.0495 0.2775 0.0495 0.2775 0.0000 0.5000 0.0000 0.5000 0.0495 0.7225 0.0000 0.5000 0.0000 0.5000 " />
						</IndexedFaceSet>
					</Shape>
				</Group>
			</Transform>
		</Transform>
		<Transform DEF="Shape_IndexedFaceSet_049_TRANSFORM"
		           translation="0.000000 0.000000 0.000000"
		           scale="1.000000 1.000000 1.000000"
		           rotation="-0.000000 0.000000 0.000000 0.000000"
		           >
			<Transform DEF="Shape_IndexedFaceSet_049_ifs_TRANSFORM"
			           translation="0.000000 0.000000 0.000000"
			           scale="1.000000 1.000000 1.000000"
			           rotation="0.000000 1.000000 0.000000 0.000000"
			           >
				<Group DEF="group_ME_Shape_IndexedFaceSet_3095">
					<Shape>
						<Appearance>
							<Material USE="MA_Shape_011" />
						</Appearance>
						<IndexedFaceSet solid="false"
						                texCoordIndex="0 1 2 -1 3 4 5 -1 6 7 8 -1 9 10 11 -1 12 13 14 -1 15 16 17 -1 18 19 20 -1 21 22 23 -1 24 25 26 -1 27 28 29 -1 30 31 32 -1 33 34 35 -1 36 37 38 -1 39 40 41 -1 "
						                coordIndex="4 6 7 -1 4 7 2 -1 3 1 7 -1 0 7 1 -1 7 0 2 -1 10 8 7 -1 5 7 8 -1 7 5 3 -1 13 14 7 -1 12 7 14 -1 7 12 10 -1 6 9 7 -1 11 7 9 -1 7 11 13 -1 "
						                >
							<Coordinate DEF="coords_ME_Shape_IndexedFaceSet_3095"
							            point="10.500000 2.974700 20.840500 10.500000 3.066100 22.060900 10.500000 3.421800 19.701200 10.500000 3.678100 23.120800 10.500000 4.319000 18.868700 10.500000 4.689300 23.810200 10.500000 5.488500 18.507999 10.500000 5.694000 21.250299 10.500000 5.899500 23.992599 10.500000 6.698700 18.690399 10.500000 7.069000 23.631901 10.500000 7.709900 19.379801 10.500000 7.966100 22.799400 10.500000 8.321800 20.439699 10.500000 8.413300 21.660200 "
							            />
							<TextureCoordinate point="0.0658 0.2472 0.0000 0.4622 0.5000 0.5000 0.0658 0.2472 0.5000 0.5000 0.2176 0.0822 0.8410 0.1293 0.6478 0.0168 0.5000 0.5000 0.4253 0.0000 0.5000 0.5000 0.6478 0.0168 0.5000 0.5000 0.4253 0.0000 0.2176 0.0822 0.9342 0.7528 1.0000 0.5378 0.5000 0.5000 0.9667 0.3153 0.5000 0.5000 1.0000 0.5378 0.5000 0.5000 0.9667 0.3153 0.8410 0.1293 0.3522 0.9832 0.5747 1.0000 0.5000 0.5000 0.7824 0.9178 0.5000 0.5000 0.5747 1.0000 0.5000 0.5000 0.7824 0.9178 0.9342 0.7528 0.0000 0.4622 0.0333 0.6847 0.5000 0.5000 0.1590 0.8707 0.5000 0.5000 0.0333 0.6847 0.5000 0.5000 0.1590 0.8707 0.3522 0.9832 " />
						</IndexedFaceSet>
					</Shape>
				</Group>
			</Transform>
		</Transform>
		<Transform DEF="Shape_IndexedFaceSet_050_TRANSFORM"
		           translation="0.000000 0.000000 0.000000"
		           scale="1.000000 1.000000 1.000000"
		           rotation="-0.000000 0.000000 0.000000 0.000000"
		           >
			<Transform DEF="Shape_IndexedFaceSet_050_ifs_TRANSFORM"
			           translation="0.000000 0.000000 0.000000"
			           scale="1.000000 1.000000 1.000000"
			           rotation="0.000000 1.000000 0.000000 0.000000"
			           >
				<Group DEF="group_ME_Shape_IndexedFaceSet_3096">
					<Shape>
						<Appearance>
							<Material USE="MA_Shape_011" />
						</Appearance>
						<IndexedFaceSet solid="false"
						                texCoordIndex="0 1 2 -1 3 4 5 -1 6 7 8 -1 9 10 11 -1 12 13 14 -1 15 16 17 -1 18 19 20 -1 21 22 23 -1 24 25 26 -1 27 28 29 -1 30 31 32 -1 33 34 35 -1 36 37 38 -1 39 40 41 -1 42 43 44 -1 45 46 47 -1 48 49 50 -1 51 52 53 -1 54 55 56 -1 57 58 59 -1 60 61 62 -1 63 64 65 -1 66 67 68 -1 69 70 71 -1 72 73 74 -1 75 76 77 -1 78 79 80 -1 81 82 83 -1 "
						                coordIndex="19 6 22 -1 9 22 6 -1 22 9 24 -1 11 24 9 -1 24 11 26 -1 13 26 11 -1 26 13 28 -1 14 28 13 -1 28 14 29 -1 12 29 14 -1 29 12 27 -1 10 27 12 -1 27 10 25 -1 8 25 10 -1 25 8 23 -1 5 23 8 -1 23 5 21 -1 3 21 5 -1 21 3 18 -1 1 18 3 -1 18 1 16 -1 0 16 1 -1 16 0 15 -1 2 15 0 -1 15 2 17 -1 4 17 2 -1 17 4 20 -1 7 20 4 -1 "
						                >
							<Coordinate DEF="coords_ME_Shape_IndexedFaceSet_3096"
							            point="7.500000 2.974700 20.840500 7.500000 3.066100 22.060900 7.500000 3.421800 19.701200 7.500000 3.678100 23.120800 7.500000 4.319000 18.868700 7.500000 4.689300 23.810200 7.500000 5.488500 18.507999 7.500000 5.488500 18.507999 7.500000 5.899500 23.992599 7.500000 6.698700 18.690399 7.500000 7.069000 23.631901 7.500000 7.709900 19.379801 7.500000 7.966100 22.799400 7.500000 8.321800 20.439699 7.500000 8.413300 21.660200 10.500000 2.974700 20.840500 10.500000 3.066100 22.060900 10.500000 3.421800 19.701200 10.500000 3.678100 23.120800 10.500000 4.319000 18.868700 10.500000 4.319000 18.868700 10.500000 4.689300 23.810200 10.500000 5.488500 18.507999 10.500000 5.899500 23.992599 10.500000 6.698700 18.690399 10.500000 7.069000 23.631901 10.500000 7.709900 19.379801 10.500000 7.966100 22.799400 10.500000 8.321800 20.439699 10.500000 8.413300 21.660200 "
							            />
							<TextureCoordinate point="0.0658 0.2472 0.0000 0.4622 0.0000 0.4622 0.0333 0.6847 0.0000 0.4622 0.0000 0.4622 0.0000 0.4622 0.0333 0.6847 0.0333 0.6847 0.1590 0.8707 0.0333 0.6847 0.0333 0.6847 0.0333 0.6847 0.1590 0.8707 0.1590 0.8707 0.3522 0.9832 0.1590 0.8707 0.1590 0.8707 0.1590 0.8707 0.3522 0.9832 0.3522 0.9832 0.5747 1.0000 0.3522 0.9832 0.3522 0.9832 0.3522 0.9832 0.5747 1.0000 0.5747 1.0000 0.7824 0.9178 0.5747 1.0000 0.5747 1.0000 0.5747 1.0000 0.7824 0.9178 0.7824 0.9178 0.9342 0.7528 0.7824 0.9178 0.7824 0.9178 0.7824 0.9178 0.9342 0.7528 0.9342 0.7528 1.0000 0.5378 0.9342 0.7528 0.9342 0.7528 0.9342 0.7528 1.0000 0.5378 1.0000 0.5378 0.9667 0.3153 1.0000 0.5378 1.0000 0.5378 1.0000 0.5378 0.9667 0.3153 0.9667 0.3153 0.8410 0.1293 0.9667 0.3153 0.9667 0.3153 0.9667 0.3153 0.8410 0.1293 0.8410 0.1293 0.6478 0.0168 0.8410 0.1293 0.8410 0.1293 0.8410 0.1293 0.6478 0.0168 0.6478 0.0168 0.4253 0.0000 0.6478 0.0168 0.6478 0.0168 0.6478 0.0168 0.4253 0.0000 0.4253 0.0000 0.2176 0.0822 0.4253 0.0000 0.4253 0.0000 0.4253 0.0000 0.2176 0.0822 0.2176 0.0822 0.0658 0.2472 0.2176 0.0822 0.2176 0.0822 0.2176 0.0822 0.0658 0.2472 0.0658 0.2472 0.0000 0.4622 0.0658 0.2472 0.0658 0.2472 " />
						</IndexedFaceSet>
					</Shape>
				</Group>
			</Transform>
		</Transform>
		<Transform DEF="Shape_IndexedFaceSet_051_TRANSFORM"
		           translation="0.000000 0.000000 0.000000"
		           scale="1.000000 1.000000 1.000000"
		           rotation="-0.000000 0.000000 0.000000 0.000000"
		           >
			<Transform DEF="Shape_IndexedFaceSet_051_ifs_TRANSFORM"
			           translation="0.000000 0.000000 0.000000"
			           scale="1.000000 1.000000 1.000000"
			           rotation="0.000000 1.000000 0.000000 0.000000"
			           >
				<Group DEF="group_ME_Shape_IndexedFaceSet_3097">
					<Shape>
						<Appearance>
							<Material USE="MA_Shape_011" />
						</Appearance>
						<IndexedFaceSet solid="false"
						                texCoordIndex="0 1 2 -1 3 4 5 -1 6 7 8 -1 9 10 11 -1 12 13 14 -1 15 16 17 -1 18 19 20 -1 21 22 23 -1 24 25 26 -1 27 28 29 -1 30 31 32 -1 33 34 35 -1 36 37 38 -1 39 40 41 -1 "
						                coordIndex="2 4 7 -1 2 7 0 -1 5 3 7 -1 1 7 3 -1 7 1 0 -1 12 10 7 -1 8 7 10 -1 7 8 5 -1 11 13 7 -1 14 7 13 -1 7 14 12 -1 4 6 7 -1 9 7 6 -1 7 9 11 -1 "
						                >
							<Coordinate DEF="coords_ME_Shape_IndexedFaceSet_3097"
							            point="10.500000 12.814000 15.350800 10.500000 12.996400 16.561001 10.500000 13.174700 14.181300 10.500000 13.685800 17.572201 10.500000 14.007200 13.284100 10.500000 14.745700 18.184099 10.500000 15.146400 12.837000 10.500000 15.556300 15.556300 10.500000 15.966200 18.275600 10.500000 16.366899 12.928500 10.500000 17.105400 17.828501 10.500000 17.426800 13.540400 10.500000 17.937901 16.931299 10.500000 18.116199 14.551600 10.500000 18.298599 15.761800 "
							            />
							<TextureCoordinate point="0.0658 0.2472 0.2176 0.0822 0.5000 0.5000 0.0658 0.2472 0.5000 0.5000 0.0000 0.4622 0.3522 0.9832 0.1590 0.8707 0.5000 0.5000 0.0333 0.6847 0.5000 0.5000 0.1590 0.8707 0.5000 0.5000 0.0333 0.6847 0.0000 0.4622 0.9342 0.7528 0.7824 0.9178 0.5000 0.5000 0.5747 1.0000 0.5000 0.5000 0.7824 0.9178 0.5000 0.5000 0.5747 1.0000 0.3522 0.9832 0.8410 0.1293 0.9667 0.3153 0.5000 0.5000 1.0000 0.5378 0.5000 0.5000 0.9667 0.3153 0.5000 0.5000 1.0000 0.5378 0.9342 0.7528 0.2176 0.0822 0.4253 0.0000 0.5000 0.5000 0.6478 0.0168 0.5000 0.5000 0.4253 0.0000 0.5000 0.5000 0.6478 0.0168 0.8410 0.1293 " />
						</IndexedFaceSet>
					</Shape>
				</Group>
			</Transform>
		</Transform>
		<Transform DEF="Shape_IndexedFaceSet_052_TRANSFORM"
		           translation="0.000000 0.000000 0.000000"
		           scale="1.000000 1.000000 1.000000"
		           rotation="-0.000000 0.000000 0.000000 0.000000"
		           >
			<Transform DEF="Shape_IndexedFaceSet_052_ifs_TRANSFORM"
			           translation="0.000000 0.000000 0.000000"
			           scale="1.000000 1.000000 1.000000"
			           rotation="0.000000 1.000000 0.000000 0.000000"
			           >
				<Group DEF="group_ME_Shape_IndexedFaceSet_3098">
					<Shape>
						<Appearance>
							<Material USE="MA_Shape_011" />
						</Appearance>
						<IndexedFaceSet solid="false"
						                texCoordIndex="0 1 2 -1 3 4 5 -1 6 7 8 -1 9 10 11 -1 12 13 14 -1 15 16 17 -1 18 19 20 -1 21 22 23 -1 24 25 26 -1 27 28 29 -1 30 31 32 -1 33 34 35 -1 36 37 38 -1 39 40 41 -1 42 43 44 -1 45 46 47 -1 48 49 50 -1 51 52 53 -1 54 55 56 -1 57 58 59 -1 60 61 62 -1 63 64 65 -1 66 67 68 -1 69 70 71 -1 72 73 74 -1 75 76 77 -1 78 79 80 -1 81 82 83 -1 "
						                coordIndex="17 4 20 -1 7 20 4 -1 20 7 22 -1 9 22 7 -1 22 9 24 -1 11 24 9 -1 24 11 26 -1 13 26 11 -1 26 13 28 -1 14 28 13 -1 28 14 29 -1 12 29 14 -1 29 12 27 -1 10 27 12 -1 27 10 25 -1 8 25 10 -1 25 8 23 -1 6 23 8 -1 23 6 21 -1 3 21 6 -1 21 3 19 -1 1 19 3 -1 19 1 16 -1 0 16 1 -1 16 0 15 -1 2 15 0 -1 15 2 18 -1 5 18 2 -1 "
						                >
							<Coordinate DEF="coords_ME_Shape_IndexedFaceSet_3098"
							            point="7.500000 12.814000 15.350800 7.500000 12.996400 16.561001 7.500000 13.174700 14.181300 7.500000 13.685800 17.572201 7.500000 14.007200 13.284100 7.500000 14.007200 13.284100 7.500000 14.745700 18.184099 7.500000 15.146400 12.837000 7.500000 15.966200 18.275600 7.500000 16.366899 12.928500 7.500000 17.105400 17.828501 7.500000 17.426800 13.540400 7.500000 17.937901 16.931299 7.500000 18.116199 14.551600 7.500000 18.298599 15.761800 10.500000 12.814000 15.350800 10.500000 12.996400 16.561001 10.500000 13.174700 14.181300 10.500000 13.174700 14.181300 10.500000 13.685800 17.572201 10.500000 14.007200 13.284100 10.500000 14.745700 18.184099 10.500000 15.146400 12.837000 10.500000 15.966200 18.275600 10.500000 16.366899 12.928500 10.500000 17.105400 17.828501 10.500000 17.426800 13.540400 10.500000 17.937901 16.931299 10.500000 18.116199 14.551600 10.500000 18.298599 15.761800 "
							            />
							<TextureCoordinate point="0.0658 0.2472 0.2176 0.0822 0.2176 0.0822 0.4253 0.0000 0.2176 0.0822 0.2176 0.0822 0.2176 0.0822 0.4253 0.0000 0.4253 0.0000 0.6478 0.0168 0.4253 0.0000 0.4253 0.0000 0.4253 0.0000 0.6478 0.0168 0.6478 0.0168 0.8410 0.1293 0.6478 0.0168 0.6478 0.0168 0.6478 0.0168 0.8410 0.1293 0.8410 0.1293 0.9667 0.3153 0.8410 0.1293 0.8410 0.1293 0.8410 0.1293 0.9667 0.3153 0.9667 0.3153 1.0000 0.5378 0.9667 0.3153 0.9667 0.3153 0.9667 0.3153 1.0000 0.5378 1.0000 0.5378 0.9342 0.7528 1.0000 0.5378 1.0000 0.5378 1.0000 0.5378 0.9342 0.7528 0.9342 0.7528 0.7824 0.9178 0.9342 0.7528 0.9342 0.7528 0.9342 0.7528 0.7824 0.9178 0.7824 0.9178 0.5747 1.0000 0.7824 0.9178 0.7824 0.9178 0.7824 0.9178 0.5747 1.0000 0.5747 1.0000 0.3522 0.9832 0.5747 1.0000 0.5747 1.0000 0.5747 1.0000 0.3522 0.9832 0.3522 0.9832 0.1590 0.8707 0.3522 0.9832 0.3522 0.9832 0.3522 0.9832 0.1590 0.8707 0.1590 0.8707 0.0333 0.6847 0.1590 0.8707 0.1590 0.8707 0.1590 0.8707 0.0333 0.6847 0.0333 0.6847 0.0000 0.4622 0.0333 0.6847 0.0333 0.6847 0.0333 0.6847 0.0000 0.4622 0.0000 0.4622 0.0658 0.2472 0.0000 0.4622 0.0000 0.4622 0.0000 0.4622 0.0658 0.2472 0.0658 0.2472 0.2176 0.0822 0.0658 0.2472 0.0658 0.2472 " />
						</IndexedFaceSet>
					</Shape>
				</Group>
			</Transform>
		</Transform>
		<Transform DEF="Shape_IndexedFaceSet_053_TRANSFORM"
		           translation="0.000000 0.000000 0.000000"
		           scale="1.000000 1.000000 1.000000"
		           rotation="-0.000000 0.000000 0.000000 0.000000"
		           >
			<Transform DEF="Shape_IndexedFaceSet_053_ifs_TRANSFORM"
			           translation="0.000000 0.000000 0.000000"
			           scale="1.000000 1.000000 1.000000"
			           rotation="0.000000 1.000000 0.000000 0.000000"
			           >
				<Group DEF="group_ME_Shape_IndexedFaceSet_3099">
					<Shape>
						<Appearance>
							<Material USE="MA_Shape_011" />
						</Appearance>
						<IndexedFaceSet solid="false"
						                texCoordIndex="0 1 2 -1 3 4 5 -1 6 7 8 -1 9 10 11 -1 12 13 14 -1 15 16 17 -1 18 19 20 -1 21 22 23 -1 24 25 26 -1 27 28 29 -1 30 31 32 -1 33 34 35 -1 36 37 38 -1 39 40 41 -1 42 43 44 -1 45 46 47 -1 48 49 50 -1 51 52 53 -1 54 55 56 -1 57 58 59 -1 60 61 62 -1 63 64 65 -1 66 67 68 -1 69 70 71 -1 72 73 74 -1 75 76 77 -1 78 79 80 -1 81 82 83 -1 84 85 86 -1 87 88 89 -1 90 91 92 -1 93 94 95 -1 96 97 98 -1 99 100 101 -1 102 103 104 -1 105 106 107 -1 108 109 110 -1 111 112 113 -1 114 115 116 -1 117 118 119 -1 120 121 122 -1 123 124 125 -1 126 127 128 -1 129 130 131 -1 132 133 134 -1 135 136 137 -1 138 139 140 -1 141 142 143 -1 144 145 146 -1 147 148 149 -1 150 151 152 -1 153 154 155 -1 156 157 158 -1 159 160 161 -1 162 163 164 -1 165 166 167 -1 168 169 170 -1 171 172 173 -1 174 175 176 -1 177 178 179 -1 180 181 182 -1 183 184 185 -1 186 187 188 -1 "
						                coordIndex="64 61 30 -1 59 30 61 -1 30 59 27 -1 57 27 59 -1 27 57 25 -1 55 25 57 -1 25 55 23 -1 53 23 55 -1 23 53 21 -1 51 21 53 -1 21 51 19 -1 49 19 51 -1 19 49 17 -1 47 17 49 -1 17 47 15 -1 45 15 47 -1 15 45 13 -1 43 13 45 -1 13 43 11 -1 41 11 43 -1 11 41 9 -1 39 9 41 -1 9 39 7 -1 37 7 39 -1 7 37 5 -1 35 5 37 -1 5 35 3 -1 33 3 35 -1 3 33 1 -1 32 1 33 -1 1 32 0 -1 34 0 32 -1 0 34 2 -1 36 2 34 -1 2 36 4 -1 38 4 36 -1 4 38 6 -1 40 6 38 -1 6 40 8 -1 42 8 40 -1 8 42 10 -1 44 10 42 -1 10 44 12 -1 46 12 44 -1 12 46 14 -1 48 14 46 -1 14 48 16 -1 50 16 48 -1 16 50 18 -1 52 18 50 -1 18 52 20 -1 54 20 52 -1 20 54 22 -1 56 22 54 -1 22 56 24 -1 58 24 56 -1 24 58 26 -1 60 26 58 -1 26 60 28 -1 62 28 60 -1 28 62 31 -1 63 31 62 -1 31 63 29 -1 "
						                >
							<Coordinate DEF="coords_ME_Shape_IndexedFaceSet_3099"
							            point="-11.000000 -14.980700 0.759700 -11.000000 -14.827000 -2.271400 -11.000000 -14.521100 3.759700 -11.000000 -14.066200 -5.209500 -11.000000 -13.467000 6.605900 -11.000000 -12.729600 -7.934400 -11.000000 -11.861600 9.181500 -11.000000 -10.871800 -10.334500 -11.000000 -9.770500 11.381300 -11.000000 -8.569000 -12.311400 -11.000000 -7.279500 13.115100 -11.000000 -5.915300 -13.784300 -11.000000 -4.490400 14.312000 -11.000000 -3.019400 -14.692900 -11.000000 -1.517500 14.923000 -11.000000 0.000000 -15.000000 -11.000000 1.517500 14.923000 -11.000000 3.019400 -14.692900 -11.000000 4.490400 14.312000 -11.000000 5.915300 -13.784300 -11.000000 7.279500 13.115100 -11.000000 8.569000 -12.311400 -11.000000 9.770500 11.381300 -11.000000 10.871800 -10.334500 -11.000000 11.861600 9.181500 -11.000000 12.729600 -7.934400 -11.000000 13.467000 6.605900 -11.000000 14.066200 -5.209500 -11.000000 14.521100 3.759700 -11.000000 14.827000 -2.271400 -11.000000 14.827000 -2.271400 -11.000000 14.980700 0.759700 0.000000 -14.980700 0.759700 0.000000 -14.827000 -2.271400 0.000000 -14.521100 3.759700 0.000000 -14.066200 -5.209500 0.000000 -13.467000 6.605900 0.000000 -12.729600 -7.934400 0.000000 -11.861600 9.181500 0.000000 -10.871800 -10.334500 0.000000 -9.770500 11.381300 0.000000 -8.569000 -12.311400 0.000000 -7.279500 13.115100 0.000000 -5.915300 -13.784300 0.000000 -4.490400 14.312000 0.000000 -3.019400 -14.692900 0.000000 -1.517500 14.923000 0.000000 0.000000 -15.000000 0.000000 1.517500 14.923000 0.000000 3.019400 -14.692900 0.000000 4.490400 14.312000 0.000000 5.915300 -13.784300 0.000000 7.279500 13.115100 0.000000 8.569000 -12.311400 0.000000 9.770500 11.381300 0.000000 10.871800 -10.334500 0.000000 11.861600 9.181500 0.000000 12.729600 -7.934400 0.000000 13.467000 6.605900 0.000000 14.066200 -5.209500 0.000000 14.521100 3.759700 0.000000 14.827000 -2.271400 0.000000 14.980700 0.759700 0.000000 15.000000 0.000000 0.000000 15.000000 0.000000 "
							            />
							<TextureCoordinate point="1.0000 0.5013 0.9942 0.4254 0.9942 0.4254 0.9689 0.3272 0.9942 0.4254 0.9942 0.4254 0.9942 0.4254 0.9689 0.3272 0.9689 0.3272 0.9243 0.2361 0.9689 0.3272 0.9689 0.3272 0.9689 0.3272 0.9243 0.2361 0.9243 0.2361 0.8623 0.1559 0.9243 0.2361 0.9243 0.2361 0.9243 0.2361 0.8623 0.1559 0.8623 0.1559 0.7855 0.0899 0.8623 0.1559 0.8623 0.1559 0.8623 0.1559 0.7855 0.0899 0.7855 0.0899 0.6970 0.0406 0.7855 0.0899 0.7855 0.0899 0.7855 0.0899 0.6970 0.0406 0.6970 0.0406 0.6004 0.0103 0.6970 0.0406 0.6970 0.0406 0.6970 0.0406 0.6004 0.0103 0.6004 0.0103 0.4997 0.0000 0.6004 0.0103 0.6004 0.0103 0.6004 0.0103 0.4997 0.0000 0.4997 0.0000 0.3990 0.0103 0.4997 0.0000 0.4997 0.0000 0.4997 0.0000 0.3990 0.0103 0.3990 0.0103 0.3024 0.0406 0.3990 0.0103 0.3990 0.0103 0.3990 0.0103 0.3024 0.0406 0.3024 0.0406 0.2139 0.0899 0.3024 0.0406 0.3024 0.0406 0.3024 0.0406 0.2139 0.0899 0.2139 0.0899 0.1371 0.1559 0.2139 0.0899 0.2139 0.0899 0.2139 0.0899 0.1371 0.1559 0.1371 0.1559 0.0751 0.2361 0.1371 0.1559 0.1371 0.1559 0.1371 0.1559 0.0751 0.2361 0.0751 0.2361 0.0305 0.3272 0.0751 0.2361 0.0751 0.2361 0.0751 0.2361 0.0305 0.3272 0.0305 0.3272 0.0051 0.4254 0.0305 0.3272 0.0305 0.3272 0.0305 0.3272 0.0051 0.4254 0.0051 0.4254 0.0000 0.5267 0.0051 0.4254 0.0051 0.4254 0.0051 0.4254 0.0000 0.5267 0.0000 0.5267 0.0153 0.6269 0.0000 0.5267 0.0000 0.5267 0.0000 0.5267 0.0153 0.6269 0.0153 0.6269 0.0505 0.7220 0.0153 0.6269 0.0153 0.6269 0.0153 0.6269 0.0505 0.7220 0.0505 0.7220 0.1040 0.8081 0.0505 0.7220 0.0505 0.7220 0.0505 0.7220 0.1040 0.8081 0.1040 0.8081 0.1738 0.8816 0.1040 0.8081 0.1040 0.8081 0.1040 0.8081 0.1738 0.8816 0.1738 0.8816 0.2569 0.9396 0.1738 0.8816 0.1738 0.8816 0.1738 0.8816 0.2569 0.9396 0.2569 0.9396 0.3499 0.9796 0.2569 0.9396 0.2569 0.9396 0.2569 0.9396 0.3499 0.9796 0.3499 0.9796 0.4491 1.0000 0.3499 0.9796 0.3499 0.9796 0.3499 0.9796 0.4491 1.0000 0.4491 1.0000 0.5503 1.0000 0.4491 1.0000 0.4491 1.0000 0.4491 1.0000 0.5503 1.0000 0.5503 1.0000 0.6495 0.9796 0.5503 1.0000 0.5503 1.0000 0.5503 1.0000 0.6495 0.9796 0.6495 0.9796 0.7425 0.9396 0.6495 0.9796 0.6495 0.9796 0.6495 0.9796 0.7425 0.9396 0.7425 0.9396 0.8256 0.8816 0.7425 0.9396 0.7425 0.9396 0.7425 0.9396 0.8256 0.8816 0.8256 0.8816 0.8953 0.8081 0.8256 0.8816 0.8256 0.8816 0.8256 0.8816 0.8953 0.8081 0.8953 0.8081 0.9489 0.7220 0.8953 0.8081 0.8953 0.8081 0.8953 0.8081 0.9489 0.7220 0.9489 0.7220 0.9840 0.6269 0.9489 0.7220 0.9489 0.7220 0.9489 0.7220 0.9840 0.6269 0.9840 0.6269 0.9994 0.5267 0.9840 0.6269 0.9840 0.6269 0.9840 0.6269 0.9994 0.5267 0.9994 0.5267 1.0000 0.5013 0.9994 0.5267 0.9994 0.5267 0.9994 0.5267 1.0000 0.5013 0.9942 0.4254 " />
						</IndexedFaceSet>
					</Shape>
				</Group>
			</Transform>
		</Transform>
		<Transform DEF="Shape_IndexedFaceSet_054_TRANSFORM"
		           translation="0.000000 0.000000 0.000000"
		           scale="1.000000 1.000000 1.000000"
		           rotation="-0.000000 0.000000 0.000000 0.000000"
		           >
			<Transform DEF="Shape_IndexedFaceSet_054_ifs_TRANSFORM"
			           translation="0.000000 0.000000 0.000000"
			           scale="1.000000 1.000000 1.000000"
			           rotation="0.000000 1.000000 0.000000 0.000000"
			           >
				<Group DEF="group_ME_Shape_IndexedFaceSet_3100">
					<Shape>
						<Appearance>
							<Material USE="MA_Shape_011" />
						</Appearance>
						<IndexedFaceSet solid="false"
						                texCoordIndex="0 1 2 -1 3 4 5 -1 6 7 8 -1 9 10 11 -1 12 13 14 -1 15 16 17 -1 18 19 20 -1 21 22 23 -1 24 25 26 -1 27 28 29 -1 30 31 32 -1 33 34 35 -1 36 37 38 -1 39 40 41 -1 42 43 44 -1 45 46 47 -1 48 49 50 -1 51 52 53 -1 54 55 56 -1 57 58 59 -1 60 61 62 -1 63 64 65 -1 66 67 68 -1 69 70 71 -1 72 73 74 -1 75 76 77 -1 78 79 80 -1 81 82 83 -1 84 85 86 -1 87 88 89 -1 90 91 92 -1 "
						                coordIndex="15 13 16 -1 22 20 16 -1 18 16 20 -1 16 18 15 -1 28 26 16 -1 24 16 26 -1 16 24 22 -1 29 31 16 -1 30 16 31 -1 16 30 28 -1 23 25 16 -1 27 16 25 -1 16 27 29 -1 17 19 16 -1 21 16 19 -1 16 21 23 -1 10 12 16 -1 14 16 12 -1 16 14 17 -1 4 6 16 -1 8 16 6 -1 16 8 10 -1 1 0 16 -1 2 16 0 -1 16 2 4 -1 7 5 16 -1 3 16 5 -1 16 3 1 -1 13 11 16 -1 9 16 11 -1 16 9 7 -1 "
						                >
							<Coordinate DEF="coords_ME_Shape_IndexedFaceSet_3100"
							            point="-11.000000 -14.980700 0.759700 -11.000000 -14.827000 -2.271400 -11.000000 -14.521100 3.759700 -11.000000 -14.066200 -5.209500 -11.000000 -13.467000 6.605900 -11.000000 -12.729600 -7.934400 -11.000000 -11.861600 9.181500 -11.000000 -10.871800 -10.334500 -11.000000 -9.770500 11.381300 -11.000000 -8.569000 -12.311400 -11.000000 -7.279500 13.115100 -11.000000 -5.915300 -13.784300 -11.000000 -4.490400 14.312000 -11.000000 -3.019400 -14.692900 -11.000000 -1.517500 14.923000 -11.000000 0.000000 -15.000000 -11.000000 0.000000 0.000000 -11.000000 1.517500 14.923000 -11.000000 3.019400 -14.692900 -11.000000 4.490400 14.312000 -11.000000 5.915300 -13.784300 -11.000000 7.279500 13.115100 -11.000000 8.569000 -12.311400 -11.000000 9.770500 11.381300 -11.000000 10.871800 -10.334500 -11.000000 11.861600 9.181500 -11.000000 12.729600 -7.934400 -11.000000 13.467000 6.605900 -11.000000 14.066200 -5.209500 -11.000000 14.521100 3.759700 -11.000000 14.827000 -2.271400 -11.000000 14.980700 0.759700 "
							            />
							<TextureCoordinate point="0.5000 0.0000 0.3992 0.0103 0.5000 0.5013 0.7860 0.0899 0.6974 0.0406 0.5000 0.5013 0.6008 0.0103 0.5000 0.5013 0.6974 0.0406 0.5000 0.5013 0.6008 0.0103 0.5000 0.0000 0.9695 0.3272 0.9249 0.2361 0.5000 0.5013 0.8629 0.1559 0.5000 0.5013 0.9249 0.2361 0.5000 0.5013 0.8629 0.1559 0.7860 0.0899 0.9847 0.6269 1.0000 0.5267 0.5000 0.5013 0.9949 0.4254 0.5000 0.5013 1.0000 0.5267 0.5000 0.5013 0.9949 0.4254 0.9695 0.3272 0.8261 0.8816 0.8959 0.8081 0.5000 0.5013 0.9495 0.7220 0.5000 0.5013 0.8959 0.8081 0.5000 0.5013 0.9495 0.7220 0.9847 0.6269 0.5506 1.0000 0.6499 0.9796 0.5000 0.5013 0.7430 0.9396 0.5000 0.5013 0.6499 0.9796 0.5000 0.5013 0.7430 0.9396 0.8261 0.8816 0.2570 0.9396 0.3501 0.9796 0.5000 0.5013 0.4494 1.0000 0.5000 0.5013 0.3501 0.9796 0.5000 0.5013 0.4494 1.0000 0.5506 1.0000 0.0505 0.7220 0.1041 0.8081 0.5000 0.5013 0.1739 0.8816 0.5000 0.5013 0.1041 0.8081 0.5000 0.5013 0.1739 0.8816 0.2570 0.9396 0.0051 0.4254 0.0000 0.5267 0.5000 0.5013 0.0153 0.6269 0.5000 0.5013 0.0000 0.5267 0.5000 0.5013 0.0153 0.6269 0.0505 0.7220 0.1371 0.1559 0.0751 0.2361 0.5000 0.5013 0.0305 0.3272 0.5000 0.5013 0.0751 0.2361 0.5000 0.5013 0.0305 0.3272 0.0051 0.4254 0.3992 0.0103 0.3026 0.0406 0.5000 0.5013 0.2140 0.0899 0.5000 0.5013 0.3026 0.0406 0.5000 0.5013 0.2140 0.0899 0.1371 0.1559 " />
						</IndexedFaceSet>
					</Shape>
				</Group>
			</Transform>
		</Transform>
		<Transform DEF="Shape_IndexedFaceSet_055_TRANSFORM"
		           translation="0.000000 0.000000 0.000000"
		           scale="1.000000 1.000000 1.000000"
		           rotation="-0.000000 0.000000 0.000000 0.000000"
		           >
			<Transform DEF="Shape_IndexedFaceSet_055_ifs_TRANSFORM"
			           translation="0.000000 0.000000 0.000000"
			           scale="1.000000 1.000000 1.000000"
			           rotation="0.000000 1.000000 0.000000 0.000000"
			           >
				<Group DEF="group_ME_Shape_IndexedFaceSet_3101">
					<Shape>
						<Appearance>
							<Material USE="MA_Shape_011" />
						</Appearance>
						<IndexedFaceSet solid="false"
						                texCoordIndex="0 1 2 -1 3 4 5 -1 6 7 8 -1 9 10 11 -1 12 13 14 -1 15 16 17 -1 18 19 20 -1 21 22 23 -1 24 25 26 -1 27 28 29 -1 30 31 32 -1 33 34 35 -1 36 37 38 -1 39 40 41 -1 42 43 44 -1 45 46 47 -1 48 49 50 -1 51 52 53 -1 54 55 56 -1 57 58 59 -1 60 61 62 -1 63 64 65 -1 66 67 68 -1 69 70 71 -1 72 73 74 -1 75 76 77 -1 78 79 80 -1 81 82 83 -1 "
						                coordIndex="12 28 10 -1 26 10 28 -1 10 26 9 -1 6 21 7 -1 23 7 21 -1 7 23 11 -1 27 11 23 -1 11 27 12 -1 29 12 27 -1 12 29 28 -1 1 14 0 -1 13 0 14 -1 0 13 2 -1 16 2 13 -1 2 16 4 -1 18 4 16 -1 4 18 6 -1 20 6 18 -1 6 20 21 -1 25 24 8 -1 22 8 24 -1 8 22 5 -1 19 5 22 -1 5 19 3 -1 17 3 19 -1 3 17 1 -1 15 1 17 -1 1 15 14 -1 "
						                >
							<Coordinate DEF="coords_ME_Shape_IndexedFaceSet_3101"
							            point="9.000000 9.036900 11.136900 9.000000 9.318200 12.186900 9.000000 9.318200 10.086900 9.000000 10.086900 12.955500 9.000000 10.086900 9.318200 9.000000 11.136900 13.236900 9.000000 11.136900 9.036900 9.000000 12.186900 9.318200 9.000000 12.186900 12.955500 9.000000 12.186900 12.955500 9.000000 12.955500 12.186900 9.000000 12.955500 10.086900 9.000000 13.236900 11.136900 16.000000 9.036900 11.136900 16.000000 9.232900 11.868400 16.000000 9.318200 12.186900 16.000000 9.318200 10.086900 16.000000 10.086900 12.955500 16.000000 10.086900 9.318200 16.000000 11.136900 13.236900 16.000000 11.136900 9.036900 16.000000 11.868400 9.232900 16.000000 11.868400 13.040900 16.000000 12.186900 9.318200 16.000000 12.186900 12.955500 16.000000 12.955500 12.186900 16.000000 12.955500 12.186900 16.000000 12.955500 10.086900 16.000000 13.040900 11.868400 16.000000 13.236900 11.136900 "
							            />
							<TextureCoordinate point="0.0000 1.0000 1.0000 0.9533 0.0000 0.9330 1.0000 0.9330 0.0000 0.9330 1.0000 0.9533 0.0000 0.9330 1.0000 0.9330 0.0000 0.7500 0.0000 0.5000 1.0000 0.6742 0.0000 0.7500 1.0000 0.7500 0.0000 0.7500 1.0000 0.6742 0.0000 0.7500 1.0000 0.7500 0.0000 0.9330 1.0000 0.9330 0.0000 0.9330 1.0000 0.7500 0.0000 0.9330 1.0000 0.9330 0.0000 1.0000 1.0000 1.0000 0.0000 1.0000 1.0000 0.9330 0.0000 1.0000 1.0000 1.0000 1.0000 0.9533 0.0000 0.0670 1.0000 0.0467 0.0000 0.0000 1.0000 0.0000 0.0000 0.0000 1.0000 0.0467 0.0000 0.0000 1.0000 0.0000 0.0000 0.0670 1.0000 0.0670 0.0000 0.0670 1.0000 0.0000 0.0000 0.0670 1.0000 0.0670 0.0000 0.2500 1.0000 0.2500 0.0000 0.2500 1.0000 0.0670 0.0000 0.2500 1.0000 0.2500 0.0000 0.5000 1.0000 0.5000 0.0000 0.5000 1.0000 0.2500 0.0000 0.5000 1.0000 0.5000 1.0000 0.6742 1.0000 0.9330 1.0000 0.7500 0.0000 0.7500 1.0000 0.6742 0.0000 0.7500 1.0000 0.7500 0.0000 0.7500 1.0000 0.6742 0.0000 0.5000 1.0000 0.5000 0.0000 0.5000 1.0000 0.6742 0.0000 0.5000 1.0000 0.5000 0.0000 0.2500 1.0000 0.2500 0.0000 0.2500 1.0000 0.5000 0.0000 0.2500 1.0000 0.2500 0.0000 0.0670 1.0000 0.0670 0.0000 0.0670 1.0000 0.2500 0.0000 0.0670 1.0000 0.0670 1.0000 0.0467 " />
						</IndexedFaceSet>
					</Shape>
				</Group>
			</Transform>
		</Transform>
		<Transform DEF="Shape_IndexedFaceSet_056_TRANSFORM"
		           translation="0.000000 0.000000 0.000000"
		           scale="1.000000 1.000000 1.000000"
		           rotation="-0.000000 0.000000 0.000000 0.000000"
		           >
			<Transform DEF="Shape_IndexedFaceSet_056_ifs_TRANSFORM"
			           translation="0.000000 0.000000 0.000000"
			           scale="1.000000 1.000000 1.000000"
			           rotation="0.000000 1.000000 0.000000 0.000000"
			           >
				<Group DEF="group_ME_Shape_IndexedFaceSet_3102">
					<Shape>
						<Appearance>
							<Material USE="MA_Shape_011" />
						</Appearance>
						<IndexedFaceSet solid="false"
						                texCoordIndex="0 1 2 -1 3 4 5 -1 6 7 8 -1 9 10 11 -1 12 13 14 -1 15 16 17 -1 18 19 20 -1 21 22 23 -1 24 25 26 -1 27 28 29 -1 30 31 32 -1 33 34 35 -1 "
						                coordIndex="3 20 22 -1 18 20 5 -1 2 23 21 -1 24 23 0 -1 22 24 1 -1 8 16 14 -1 19 16 6 -1 21 19 4 -1 9 13 15 -1 12 13 11 -1 14 12 10 -1 15 17 7 -1 "
						                >
							<Coordinate DEF="coords_ME_Shape_IndexedFaceSet_3102"
							            point="7.738100 15.750000 0.000000 7.738100 15.750000 0.000000 7.738100 15.750000 0.000000 7.738100 15.750000 0.000000 7.738100 15.750000 0.000000 7.738100 15.750000 0.000000 7.738100 15.750000 0.000000 7.738100 15.750000 0.000000 7.738100 15.750000 0.000000 7.738100 15.750000 0.000000 7.738100 15.750000 0.000000 7.738100 15.750000 0.000000 9.000000 13.650000 0.000000 9.000000 13.931300 -1.049900 9.000000 13.931300 1.049900 9.000000 14.700000 -1.818600 9.000000 14.700000 1.818600 9.000000 15.750000 -2.099900 9.000000 15.750000 -2.099900 9.000000 15.750000 2.099900 9.000000 16.799900 -1.818600 9.000000 16.799900 1.818600 9.000000 17.568600 -1.049900 9.000000 17.568600 1.049900 9.000000 17.849899 0.000000 "
							            />
							<TextureCoordinate point="0.5000 0.5000 0.7500 0.0670 0.9330 0.2500 0.5000 0.0000 0.7500 0.0670 0.5000 0.5000 0.5000 0.5000 0.9330 0.7500 0.7500 0.9330 1.0000 0.5000 0.9330 0.7500 0.5000 0.5000 0.9330 0.2500 1.0000 0.5000 0.5000 0.5000 0.5000 0.5000 0.2500 0.9330 0.0670 0.7500 0.5000 1.0000 0.2500 0.9330 0.5000 0.5000 0.7500 0.9330 0.5000 1.0000 0.5000 0.5000 0.5000 0.5000 0.0670 0.2500 0.2500 0.0670 0.0000 0.5000 0.0670 0.2500 0.5000 0.5000 0.0670 0.7500 0.0000 0.5000 0.5000 0.5000 0.2500 0.0670 0.5000 0.0000 0.5000 0.5000 " />
						</IndexedFaceSet>
					</Shape>
				</Group>
			</Transform>
		</Transform>
		<Transform DEF="Shape_IndexedFaceSet_057_TRANSFORM"
		           translation="0.000000 0.000000 0.000000"
		           scale="1.000000 1.000000 1.000000"
		           rotation="-0.000000 0.000000 0.000000 0.000000"
		           >
			<Transform DEF="Shape_IndexedFaceSet_057_ifs_TRANSFORM"
			           translation="0.000000 0.000000 0.000000"
			           scale="1.000000 1.000000 1.000000"
			           rotation="0.000000 1.000000 0.000000 0.000000"
			           >
				<Group DEF="group_ME_Shape_IndexedFaceSet_3103">
					<Shape>
						<Appearance>
							<Material USE="MA_Shape_011" />
						</Appearance>
						<IndexedFaceSet solid="false"
						                texCoordIndex="0 1 2 -1 3 4 5 -1 6 7 8 -1 9 10 11 -1 12 13 14 -1 15 16 17 -1 18 19 20 -1 21 22 23 -1 24 25 26 -1 27 28 29 -1 30 31 32 -1 33 34 35 -1 36 37 38 -1 39 40 41 -1 42 43 44 -1 45 46 47 -1 48 49 50 -1 51 52 53 -1 54 55 56 -1 57 58 59 -1 60 61 62 -1 63 64 65 -1 66 67 68 -1 69 70 71 -1 "
						                coordIndex="20 7 21 -1 8 21 7 -1 21 8 24 -1 11 24 8 -1 24 11 25 -1 12 25 11 -1 25 12 23 -1 10 23 12 -1 23 10 22 -1 9 22 10 -1 22 9 18 -1 5 18 9 -1 18 5 17 -1 4 17 5 -1 17 4 15 -1 2 15 4 -1 15 2 13 -1 0 13 2 -1 13 0 14 -1 1 14 0 -1 14 1 16 -1 3 16 1 -1 16 3 19 -1 6 19 3 -1 "
						                >
							<Coordinate DEF="coords_ME_Shape_IndexedFaceSet_3103"
							            point="9.000000 13.650000 0.000000 9.000000 13.931300 1.049900 9.000000 13.931300 -1.050000 9.000000 14.699900 1.818600 9.000000 14.700000 -1.818600 9.000000 15.750000 -2.100000 9.000000 15.750000 2.100000 9.000000 15.750000 2.100000 9.000000 16.799999 1.818600 9.000000 16.799999 -1.818600 9.000000 17.568600 -1.049900 9.000000 17.568600 1.050000 9.000000 17.850000 0.000000 16.000000 13.650000 0.000000 16.000000 13.931300 1.049900 16.000000 13.931300 -1.050000 16.000000 14.699900 1.818600 16.000000 14.700000 -1.818600 16.000000 15.750000 -2.100000 16.000000 15.750000 2.100000 16.000000 15.750000 2.100000 16.000000 16.799999 1.818600 16.000000 16.799999 -1.818600 16.000000 17.568600 -1.049900 16.000000 17.568600 1.050000 16.000000 17.850000 0.000000 "
							            />
							<TextureCoordinate point="1.0000 0.5000 0.0000 0.5000 1.0000 0.7500 0.0000 0.7500 1.0000 0.7500 0.0000 0.5000 1.0000 0.7500 0.0000 0.7500 1.0000 0.9330 0.0000 0.9330 1.0000 0.9330 0.0000 0.7500 1.0000 0.9330 0.0000 0.9330 1.0000 1.0000 0.0000 1.0000 1.0000 1.0000 0.0000 0.9330 1.0000 1.0000 0.0000 1.0000 1.0000 0.9330 0.0000 0.9330 1.0000 0.9330 0.0000 1.0000 1.0000 0.9330 0.0000 0.9330 1.0000 0.7500 0.0000 0.7500 1.0000 0.7500 0.0000 0.9330 1.0000 0.7500 0.0000 0.7500 1.0000 0.5000 0.0000 0.5000 1.0000 0.5000 0.0000 0.7500 1.0000 0.5000 0.0000 0.5000 1.0000 0.2500 0.0000 0.2500 1.0000 0.2500 0.0000 0.5000 1.0000 0.2500 0.0000 0.2500 1.0000 0.0670 0.0000 0.0670 1.0000 0.0670 0.0000 0.2500 1.0000 0.0670 0.0000 0.0670 1.0000 0.0000 0.0000 0.0000 1.0000 0.0000 0.0000 0.0670 1.0000 0.0000 0.0000 0.0000 1.0000 0.0670 0.0000 0.0670 1.0000 0.0670 0.0000 0.0000 1.0000 0.0670 0.0000 0.0670 1.0000 0.2500 0.0000 0.2500 1.0000 0.2500 0.0000 0.0670 1.0000 0.2500 0.0000 0.2500 1.0000 0.5000 0.0000 0.5000 1.0000 0.5000 0.0000 0.2500 " />
						</IndexedFaceSet>
					</Shape>
				</Group>
			</Transform>
		</Transform>
		<Transform DEF="Shape_IndexedFaceSet_058_TRANSFORM"
		           translation="0.000000 0.000000 0.000000"
		           scale="1.000000 1.000000 1.000000"
		           rotation="-0.000000 0.000000 0.000000 0.000000"
		           >
			<Transform DEF="Shape_IndexedFaceSet_058_ifs_TRANSFORM"
			           translation="0.000000 0.000000 0.000000"
			           scale="1.000000 1.000000 1.000000"
			           rotation="0.000000 1.000000 0.000000 0.000000"
			           >
				<Group DEF="group_ME_Shape_IndexedFaceSet_3104">
					<Shape>
						<Appearance>
							<Material USE="MA_Shape_011" />
						</Appearance>
						<IndexedFaceSet solid="false"
						                texCoordIndex="0 1 2 -1 3 4 5 -1 6 7 8 -1 9 10 11 -1 12 13 14 -1 15 16 17 -1 18 19 20 -1 21 22 23 -1 24 25 26 -1 27 28 29 -1 30 31 32 -1 33 34 35 -1 "
						                coordIndex="3 20 22 -1 18 20 5 -1 2 23 21 -1 24 23 0 -1 22 24 1 -1 8 16 14 -1 19 16 6 -1 21 19 4 -1 9 13 15 -1 12 13 11 -1 14 12 10 -1 15 17 7 -1 "
						                >
							<Coordinate DEF="coords_ME_Shape_IndexedFaceSet_3104"
							            point="7.738100 11.136900 -11.136900 7.738100 11.136900 -11.136900 7.738100 11.136900 -11.136900 7.738100 11.136900 -11.136900 7.738100 11.136900 -11.136900 7.738100 11.136900 -11.136900 7.738100 11.136900 -11.136900 7.738100 11.136900 -11.136900 7.738100 11.136900 -11.136900 7.738100 11.136900 -11.136900 7.738100 11.136900 -11.136900 7.738100 11.136900 -11.136900 9.000000 9.036900 -11.136900 9.000000 9.318200 -12.186900 9.000000 9.318200 -10.086900 9.000000 10.086900 -12.955500 9.000000 10.086900 -9.318200 9.000000 11.136900 -13.236900 9.000000 11.136900 -13.236900 9.000000 11.136900 -9.036900 9.000000 12.186900 -12.955500 9.000000 12.186900 -9.318200 9.000000 12.955500 -12.186900 9.000000 12.955500 -10.086900 9.000000 13.236900 -11.136900 "
							            />
							<TextureCoordinate point="0.5000 0.5000 0.7500 0.0670 0.9330 0.2500 0.5000 0.0000 0.7500 0.0670 0.5000 0.5000 0.5000 0.5000 0.9330 0.7500 0.7500 0.9330 1.0000 0.5000 0.9330 0.7500 0.5000 0.5000 0.9330 0.2500 1.0000 0.5000 0.5000 0.5000 0.5000 0.5000 0.2500 0.9330 0.0670 0.7500 0.5000 1.0000 0.2500 0.9330 0.5000 0.5000 0.7500 0.9330 0.5000 1.0000 0.5000 0.5000 0.5000 0.5000 0.0670 0.2500 0.2500 0.0670 0.0000 0.5000 0.0670 0.2500 0.5000 0.5000 0.0670 0.7500 0.0000 0.5000 0.5000 0.5000 0.2500 0.0670 0.5000 0.0000 0.5000 0.5000 " />
						</IndexedFaceSet>
					</Shape>
				</Group>
			</Transform>
		</Transform>
		<Transform DEF="Shape_IndexedFaceSet_059_TRANSFORM"
		           translation="0.000000 0.000000 0.000000"
		           scale="1.000000 1.000000 1.000000"
		           rotation="-0.000000 0.000000 0.000000 0.000000"
		           >
			<Transform DEF="Shape_IndexedFaceSet_059_ifs_TRANSFORM"
			           translation="0.000000 0.000000 0.000000"
			           scale="1.000000 1.000000 1.000000"
			           rotation="0.000000 1.000000 0.000000 0.000000"
			           >
				<Group DEF="group_ME_Shape_IndexedFaceSet_3105">
					<Shape>
						<Appearance>
							<Material USE="MA_Shape_011" />
						</Appearance>
						<IndexedFaceSet solid="false"
						                texCoordIndex="0 1 2 -1 3 4 5 -1 6 7 8 -1 9 10 11 -1 12 13 14 -1 15 16 17 -1 18 19 20 -1 21 22 23 -1 24 25 26 -1 27 28 29 -1 30 31 32 -1 33 34 35 -1 36 37 38 -1 39 40 41 -1 42 43 44 -1 45 46 47 -1 48 49 50 -1 51 52 53 -1 54 55 56 -1 57 58 59 -1 60 61 62 -1 63 64 65 -1 66 67 68 -1 69 70 71 -1 72 73 74 -1 75 76 77 -1 78 79 80 -1 81 82 83 -1 "
						                coordIndex="11 28 12 -1 29 12 28 -1 12 29 10 -1 26 10 29 -1 10 26 9 -1 6 21 7 -1 23 7 21 -1 7 23 11 -1 27 11 23 -1 11 27 28 -1 0 14 2 -1 16 2 14 -1 2 16 4 -1 18 4 16 -1 4 18 6 -1 20 6 18 -1 6 20 21 -1 25 24 8 -1 22 8 24 -1 8 22 5 -1 19 5 22 -1 5 19 3 -1 17 3 19 -1 3 17 1 -1 15 1 17 -1 1 15 0 -1 13 0 15 -1 0 13 14 -1 "
						                >
							<Coordinate DEF="coords_ME_Shape_IndexedFaceSet_3105"
							            point="9.000000 9.036900 -11.136900 9.000000 9.318200 -10.086900 9.000000 9.318200 -12.186900 9.000000 10.086900 -9.318200 9.000000 10.086900 -12.955500 9.000000 11.136900 -9.036900 9.000000 11.136900 -13.236900 9.000000 12.186900 -12.955500 9.000000 12.186900 -9.318200 9.000000 12.186900 -9.318200 9.000000 12.955500 -10.086900 9.000000 12.955500 -12.186900 9.000000 13.236900 -11.136900 16.000000 9.036900 -11.136900 16.000000 9.232900 -11.868400 16.000000 9.318200 -10.086900 16.000000 9.318200 -12.186900 16.000000 10.086900 -9.318200 16.000000 10.086900 -12.955500 16.000000 11.136900 -9.036900 16.000000 11.136900 -13.236900 16.000000 11.868400 -13.040900 16.000000 11.868400 -9.232900 16.000000 12.186900 -12.955500 16.000000 12.186900 -9.318200 16.000000 12.955500 -10.086900 16.000000 12.955500 -10.086900 16.000000 12.955500 -12.186900 16.000000 13.040900 -11.868400 16.000000 13.236900 -11.136900 "
							            />
							<TextureCoordinate point="0.0000 0.9330 1.0000 0.9533 0.0000 1.0000 1.0000 1.0000 0.0000 1.0000 1.0000 0.9533 0.0000 1.0000 1.0000 1.0000 0.0000 0.9330 1.0000 0.9330 0.0000 0.9330 1.0000 1.0000 0.0000 0.9330 1.0000 0.9330 0.0000 0.7500 0.0000 0.5000 1.0000 0.6742 0.0000 0.7500 1.0000 0.7500 0.0000 0.7500 1.0000 0.6742 0.0000 0.7500 1.0000 0.7500 0.0000 0.9330 1.0000 0.9330 0.0000 0.9330 1.0000 0.7500 0.0000 0.9330 1.0000 0.9330 1.0000 0.9533 0.0000 0.0000 1.0000 0.0467 0.0000 0.0670 1.0000 0.0670 0.0000 0.0670 1.0000 0.0467 0.0000 0.0670 1.0000 0.0670 0.0000 0.2500 1.0000 0.2500 0.0000 0.2500 1.0000 0.0670 0.0000 0.2500 1.0000 0.2500 0.0000 0.5000 1.0000 0.5000 0.0000 0.5000 1.0000 0.2500 0.0000 0.5000 1.0000 0.5000 1.0000 0.6742 1.0000 0.9330 1.0000 0.7500 0.0000 0.7500 1.0000 0.6742 0.0000 0.7500 1.0000 0.7500 0.0000 0.7500 1.0000 0.6742 0.0000 0.5000 1.0000 0.5000 0.0000 0.5000 1.0000 0.6742 0.0000 0.5000 1.0000 0.5000 0.0000 0.2500 1.0000 0.2500 0.0000 0.2500 1.0000 0.5000 0.0000 0.2500 1.0000 0.2500 0.0000 0.0670 1.0000 0.0670 0.0000 0.0670 1.0000 0.2500 0.0000 0.0670 1.0000 0.0670 0.0000 0.0000 1.0000 0.0000 0.0000 0.0000 1.0000 0.0670 0.0000 0.0000 1.0000 0.0000 1.0000 0.0467 " />
						</IndexedFaceSet>
					</Shape>
				</Group>
			</Transform>
		</Transform>
		<Transform DEF="Shape_IndexedFaceSet_060_TRANSFORM"
		           translation="0.000000 0.000000 0.000000"
		           scale="1.000000 1.000000 1.000000"
		           rotation="-0.000000 0.000000 0.000000 0.000000"
		           >
			<Transform DEF="Shape_IndexedFaceSet_060_ifs_TRANSFORM"
			           translation="0.000000 0.000000 0.000000"
			           scale="1.000000 1.000000 1.000000"
			           rotation="0.000000 1.000000 0.000000 0.000000"
			           >
				<Group DEF="group_ME_Shape_IndexedFaceSet_3106">
					<Shape>
						<Appearance>
							<Material USE="MA_Shape_011" />
						</Appearance>
						<IndexedFaceSet solid="false"
						                texCoordIndex="0 1 2 -1 3 4 5 -1 6 7 8 -1 9 10 11 -1 12 13 14 -1 15 16 17 -1 18 19 20 -1 21 22 23 -1 24 25 26 -1 27 28 29 -1 30 31 32 -1 33 34 35 -1 "
						                coordIndex="3 20 22 -1 18 20 5 -1 2 23 21 -1 24 23 0 -1 22 24 1 -1 8 16 14 -1 19 16 6 -1 21 19 4 -1 9 13 15 -1 12 13 11 -1 14 12 10 -1 15 17 7 -1 "
						                >
							<Coordinate DEF="coords_ME_Shape_IndexedFaceSet_3106"
							            point="7.738100 0.000000 -15.750000 7.738100 0.000000 -15.750000 7.738100 0.000000 -15.750000 7.738100 0.000000 -15.750000 7.738100 0.000000 -15.750000 7.738100 0.000000 -15.750000 7.738100 0.000000 -15.750000 7.738100 0.000000 -15.750000 7.738100 0.000000 -15.750000 7.738100 0.000000 -15.750000 7.738100 0.000000 -15.750000 7.738100 0.000000 -15.750000 9.000000 -2.099900 -15.750000 9.000000 -1.818600 -16.799999 9.000000 -1.818600 -14.700000 9.000000 -1.049900 -17.568600 9.000000 -1.049900 -13.931300 9.000000 0.000000 -17.850000 9.000000 0.000000 -17.850000 9.000000 0.000000 -13.650000 9.000000 1.050000 -17.568600 9.000000 1.050000 -13.931300 9.000000 1.818600 -16.799999 9.000000 1.818600 -14.700000 9.000000 2.100000 -15.750000 "
							            />
							<TextureCoordinate point="0.5000 0.5000 0.0670 0.7500 0.2500 0.9330 0.0000 0.5000 0.0670 0.7500 0.5000 0.5000 0.5000 0.5000 0.7500 0.9330 0.9330 0.7500 0.5000 1.0000 0.7500 0.9330 0.5000 0.5000 0.2500 0.9330 0.5000 1.0000 0.5000 0.5000 0.5000 0.5000 0.9330 0.2500 0.7500 0.0670 1.0000 0.5000 0.9330 0.2500 0.5000 0.5000 0.9330 0.7500 1.0000 0.5000 0.5000 0.5000 0.5000 0.5000 0.2500 0.0670 0.0670 0.2500 0.5000 0.0000 0.2500 0.0670 0.5000 0.5000 0.7500 0.0670 0.5000 0.0000 0.5000 0.5000 0.0670 0.2500 0.0000 0.5000 0.5000 0.5000 " />
						</IndexedFaceSet>
					</Shape>
				</Group>
			</Transform>
		</Transform>
		<Transform DEF="Shape_IndexedFaceSet_061_TRANSFORM"
		           translation="0.000000 0.000000 0.000000"
		           scale="1.000000 1.000000 1.000000"
		           rotation="-0.000000 0.000000 0.000000 0.000000"
		           >
			<Transform DEF="Shape_IndexedFaceSet_061_ifs_TRANSFORM"
			           translation="0.000000 0.000000 0.000000"
			           scale="1.000000 1.000000 1.000000"
			           rotation="0.000000 1.000000 0.000000 0.000000"
			           >
				<Group DEF="group_ME_Shape_IndexedFaceSet_3107">
					<Shape>
						<Appearance>
							<Material USE="MA_Shape_011" />
						</Appearance>
						<IndexedFaceSet solid="false"
						                texCoordIndex="0 1 2 -1 3 4 5 -1 6 7 8 -1 9 10 11 -1 12 13 14 -1 15 16 17 -1 18 19 20 -1 21 22 23 -1 24 25 26 -1 27 28 29 -1 30 31 32 -1 33 34 35 -1 36 37 38 -1 39 40 41 -1 42 43 44 -1 45 46 47 -1 48 49 50 -1 51 52 53 -1 54 55 56 -1 57 58 59 -1 60 61 62 -1 63 64 65 -1 66 67 68 -1 69 70 71 -1 "
						                coordIndex="19 6 21 -1 8 21 6 -1 21 8 23 -1 10 23 8 -1 23 10 25 -1 12 25 10 -1 25 12 24 -1 11 24 12 -1 24 11 22 -1 9 22 11 -1 22 9 20 -1 7 20 9 -1 20 7 17 -1 4 17 7 -1 17 4 15 -1 2 15 4 -1 15 2 13 -1 0 13 2 -1 13 0 14 -1 1 14 0 -1 14 1 16 -1 3 16 1 -1 16 3 18 -1 5 18 3 -1 "
						                >
							<Coordinate DEF="coords_ME_Shape_IndexedFaceSet_3107"
							            point="9.000000 -2.099900 -15.750000 9.000000 -1.818600 -14.700000 9.000000 -1.818600 -16.799999 9.000000 -1.049900 -13.931300 9.000000 -1.049900 -17.568600 9.000000 0.000000 -13.650000 9.000000 0.000000 -13.650000 9.000000 0.000000 -17.850000 9.000000 1.050000 -13.931300 9.000000 1.050000 -17.568600 9.000000 1.818600 -14.700000 9.000000 1.818600 -16.799999 9.000000 2.100000 -15.750000 16.000000 -2.099900 -15.750000 16.000000 -1.818600 -14.700000 16.000000 -1.818600 -16.799999 16.000000 -1.049900 -13.931300 16.000000 -1.049900 -17.568600 16.000000 0.000000 -13.650000 16.000000 0.000000 -13.650000 16.000000 0.000000 -17.850000 16.000000 1.050000 -13.931300 16.000000 1.050000 -17.568600 16.000000 1.818600 -14.700000 16.000000 1.818600 -16.799999 16.000000 2.100000 -15.750000 "
							            />
							<TextureCoordinate point="1.0000 1.0000 0.0000 1.0000 1.0000 0.9330 0.0000 0.9330 1.0000 0.9330 0.0000 1.0000 1.0000 0.9330 0.0000 0.9330 1.0000 0.7500 0.0000 0.7500 1.0000 0.7500 0.0000 0.9330 1.0000 0.7500 0.0000 0.7500 1.0000 0.5000 0.0000 0.5000 1.0000 0.5000 0.0000 0.7500 1.0000 0.5000 0.0000 0.5000 1.0000 0.2500 0.0000 0.2500 1.0000 0.2500 0.0000 0.5000 1.0000 0.2500 0.0000 0.2500 1.0000 0.0670 0.0000 0.0670 1.0000 0.0670 0.0000 0.2500 1.0000 0.0670 0.0000 0.0670 1.0000 0.0000 0.0000 0.0000 1.0000 0.0000 0.0000 0.0670 1.0000 0.0000 0.0000 0.0000 1.0000 0.0670 0.0000 0.0670 1.0000 0.0670 0.0000 0.0000 1.0000 0.0670 0.0000 0.0670 1.0000 0.2500 0.0000 0.2500 1.0000 0.2500 0.0000 0.0670 1.0000 0.2500 0.0000 0.2500 1.0000 0.5000 0.0000 0.5000 1.0000 0.5000 0.0000 0.2500 1.0000 0.5000 0.0000 0.5000 1.0000 0.7500 0.0000 0.7500 1.0000 0.7500 0.0000 0.5000 1.0000 0.7500 0.0000 0.7500 1.0000 0.9330 0.0000 0.9330 1.0000 0.9330 0.0000 0.7500 1.0000 0.9330 0.0000 0.9330 1.0000 1.0000 0.0000 1.0000 1.0000 1.0000 0.0000 0.9330 " />
						</IndexedFaceSet>
					</Shape>
				</Group>
			</Transform>
		</Transform>
		<Transform DEF="Shape_IndexedFaceSet_062_TRANSFORM"
		           translation="0.000000 0.000000 0.000000"
		           scale="1.000000 1.000000 1.000000"
		           rotation="-0.000000 0.000000 0.000000 0.000000"
		           >
			<Transform DEF="Shape_IndexedFaceSet_062_ifs_TRANSFORM"
			           translation="0.000000 0.000000 0.000000"
			           scale="1.000000 1.000000 1.000000"
			           rotation="0.000000 1.000000 0.000000 0.000000"
			           >
				<Group DEF="group_ME_Shape_IndexedFaceSet_3108">
					<Shape>
						<Appearance>
							<Material USE="MA_Shape_011" />
						</Appearance>
						<IndexedFaceSet solid="false"
						                texCoordIndex="0 1 2 -1 3 4 5 -1 6 7 8 -1 9 10 11 -1 12 13 14 -1 15 16 17 -1 18 19 20 -1 21 22 23 -1 24 25 26 -1 27 28 29 -1 30 31 32 -1 33 34 35 -1 "
						                coordIndex="3 20 22 -1 18 20 5 -1 2 23 21 -1 24 23 0 -1 22 24 1 -1 8 16 14 -1 19 16 6 -1 21 19 4 -1 9 13 15 -1 12 13 11 -1 14 12 10 -1 15 17 7 -1 "
						                >
							<Coordinate DEF="coords_ME_Shape_IndexedFaceSet_3108"
							            point="7.738100 -11.136900 -11.136900 7.738100 -11.136900 -11.136900 7.738100 -11.136900 -11.136900 7.738100 -11.136900 -11.136900 7.738100 -11.136900 -11.136900 7.738100 -11.136900 -11.136900 7.738100 -11.136900 -11.136900 7.738100 -11.136900 -11.136900 7.738100 -11.136900 -11.136900 7.738100 -11.136900 -11.136900 7.738100 -11.136900 -11.136900 7.738100 -11.136900 -11.136900 9.000000 -13.236900 -11.136900 9.000000 -12.955500 -12.186900 9.000000 -12.955500 -10.086900 9.000000 -12.186900 -12.955500 9.000000 -12.186900 -9.318200 9.000000 -11.136900 -13.236900 9.000000 -11.136900 -13.236900 9.000000 -11.136900 -9.036900 9.000000 -10.086900 -12.955500 9.000000 -10.086900 -9.318200 9.000000 -9.318200 -12.186900 9.000000 -9.318200 -10.086900 9.000000 -9.036900 -11.136900 "
							            />
							<TextureCoordinate point="0.5000 0.5000 0.7500 0.0670 0.9330 0.2500 0.5000 0.0000 0.7500 0.0670 0.5000 0.5000 0.5000 0.5000 0.9330 0.7500 0.7500 0.9330 1.0000 0.5000 0.9330 0.7500 0.5000 0.5000 0.9330 0.2500 1.0000 0.5000 0.5000 0.5000 0.5000 0.5000 0.2500 0.9330 0.0670 0.7500 0.5000 1.0000 0.2500 0.9330 0.5000 0.5000 0.7500 0.9330 0.5000 1.0000 0.5000 0.5000 0.5000 0.5000 0.0670 0.2500 0.2500 0.0670 0.0000 0.5000 0.0670 0.2500 0.5000 0.5000 0.0670 0.7500 0.0000 0.5000 0.5000 0.5000 0.2500 0.0670 0.5000 0.0000 0.5000 0.5000 " />
						</IndexedFaceSet>
					</Shape>
				</Group>
			</Transform>
		</Transform>
		<Transform DEF="Shape_IndexedFaceSet_063_TRANSFORM"
		           translation="0.000000 0.000000 0.000000"
		           scale="1.000000 1.000000 1.000000"
		           rotation="-0.000000 0.000000 0.000000 0.000000"
		           >
			<Transform DEF="Shape_IndexedFaceSet_063_ifs_TRANSFORM"
			           translation="0.000000 0.000000 0.000000"
			           scale="1.000000 1.000000 1.000000"
			           rotation="0.000000 1.000000 0.000000 0.000000"
			           >
				<Group DEF="group_ME_Shape_IndexedFaceSet_3109">
					<Shape>
						<Appearance>
							<Material USE="MA_Shape_011" />
						</Appearance>
						<IndexedFaceSet solid="false"
						                texCoordIndex="0 1 2 -1 3 4 5 -1 6 7 8 -1 9 10 11 -1 12 13 14 -1 15 16 17 -1 18 19 20 -1 21 22 23 -1 24 25 26 -1 27 28 29 -1 30 31 32 -1 33 34 35 -1 36 37 38 -1 39 40 41 -1 42 43 44 -1 45 46 47 -1 48 49 50 -1 51 52 53 -1 54 55 56 -1 57 58 59 -1 60 61 62 -1 63 64 65 -1 66 67 68 -1 69 70 71 -1 72 73 74 -1 75 76 77 -1 78 79 80 -1 81 82 83 -1 "
						                coordIndex="11 16 12 -1 29 12 16 -1 12 29 10 -1 27 10 29 -1 10 27 9 -1 26 9 27 -1 9 26 6 -1 4 14 7 -1 23 7 14 -1 7 23 8 -1 24 8 23 -1 8 24 11 -1 28 11 24 -1 11 28 16 -1 0 13 2 -1 19 2 13 -1 2 19 4 -1 21 4 19 -1 4 21 14 -1 25 22 5 -1 15 5 22 -1 5 15 3 -1 20 3 15 -1 3 20 1 -1 18 1 20 -1 1 18 0 -1 17 0 18 -1 0 17 13 -1 "
						                >
							<Coordinate DEF="coords_ME_Shape_IndexedFaceSet_3109"
							            point="9.000000 -13.236900 -11.136900 9.000000 -12.955500 -10.086900 9.000000 -12.955500 -12.186900 9.000000 -12.186900 -9.318200 9.000000 -12.186900 -12.955500 9.000000 -11.136900 -9.036900 9.000000 -11.136900 -9.036900 9.000000 -11.136900 -13.236900 9.000000 -10.086900 -12.955500 9.000000 -10.086900 -9.318200 9.000000 -9.318200 -10.086900 9.000000 -9.318200 -12.186900 9.000000 -9.036900 -11.136900 16.000000 -13.040900 -11.868400 16.000000 -11.868400 -13.040900 16.000000 -11.868400 -9.232900 16.000000 -9.232900 -11.868400 16.000000 -13.236900 -11.136900 16.000000 -12.955500 -10.086900 16.000000 -12.955500 -12.186900 16.000000 -12.186900 -9.318200 16.000000 -12.186900 -12.955500 16.000000 -11.136900 -9.036900 16.000000 -11.136900 -13.236900 16.000000 -10.086900 -12.955500 16.000000 -10.086900 -9.318200 16.000000 -10.086900 -9.318200 16.000000 -9.318200 -10.086900 16.000000 -9.318200 -12.186900 16.000000 -9.036900 -11.136900 "
							            />
							<TextureCoordinate point="0.0000 0.9330 1.0000 0.9533 0.0000 1.0000 1.0000 1.0000 0.0000 1.0000 1.0000 0.9533 0.0000 1.0000 1.0000 1.0000 0.0000 0.9330 1.0000 0.9330 0.0000 0.9330 1.0000 1.0000 0.0000 0.9330 1.0000 0.9330 0.0000 0.7500 1.0000 0.7500 0.0000 0.7500 1.0000 0.9330 0.0000 0.7500 1.0000 0.7500 0.0000 0.5000 0.0000 0.2500 1.0000 0.3258 0.0000 0.5000 1.0000 0.5000 0.0000 0.5000 1.0000 0.3258 0.0000 0.5000 1.0000 0.5000 0.0000 0.7500 1.0000 0.7500 0.0000 0.7500 1.0000 0.5000 0.0000 0.7500 1.0000 0.7500 0.0000 0.9330 1.0000 0.9330 0.0000 0.9330 1.0000 0.7500 0.0000 0.9330 1.0000 0.9330 1.0000 0.9533 0.0000 0.0000 1.0000 0.0467 0.0000 0.0670 1.0000 0.0670 0.0000 0.0670 1.0000 0.0467 0.0000 0.0670 1.0000 0.0670 0.0000 0.2500 1.0000 0.2500 0.0000 0.2500 1.0000 0.0670 0.0000 0.2500 1.0000 0.2500 1.0000 0.3258 1.0000 0.7500 1.0000 0.5000 0.0000 0.5000 1.0000 0.3258 0.0000 0.5000 1.0000 0.5000 0.0000 0.5000 1.0000 0.3258 0.0000 0.2500 1.0000 0.2500 0.0000 0.2500 1.0000 0.3258 0.0000 0.2500 1.0000 0.2500 0.0000 0.0670 1.0000 0.0670 0.0000 0.0670 1.0000 0.2500 0.0000 0.0670 1.0000 0.0670 0.0000 0.0000 1.0000 0.0000 0.0000 0.0000 1.0000 0.0670 0.0000 0.0000 1.0000 0.0000 1.0000 0.0467 " />
						</IndexedFaceSet>
					</Shape>
				</Group>
			</Transform>
		</Transform>
		<Transform DEF="Shape_IndexedFaceSet_064_TRANSFORM"
		           translation="0.000000 0.000000 0.000000"
		           scale="1.000000 1.000000 1.000000"
		           rotation="-0.000000 0.000000 0.000000 0.000000"
		           >
			<Transform DEF="Shape_IndexedFaceSet_064_ifs_TRANSFORM"
			           translation="0.000000 0.000000 0.000000"
			           scale="1.000000 1.000000 1.000000"
			           rotation="0.000000 1.000000 0.000000 0.000000"
			           >
				<Group DEF="group_ME_Shape_IndexedFaceSet_3110">
					<Shape>
						<Appearance>
							<Material USE="MA_Shape_011" />
						</Appearance>
						<IndexedFaceSet solid="false"
						                texCoordIndex="0 1 2 -1 3 4 5 -1 6 7 8 -1 9 10 11 -1 12 13 14 -1 15 16 17 -1 18 19 20 -1 21 22 23 -1 24 25 26 -1 27 28 29 -1 30 31 32 -1 33 34 35 -1 "
						                coordIndex="3 20 22 -1 18 20 5 -1 2 23 21 -1 24 23 0 -1 22 24 1 -1 8 16 14 -1 19 16 6 -1 21 19 4 -1 9 13 15 -1 12 13 11 -1 14 12 10 -1 15 17 7 -1 "
						                >
							<Coordinate DEF="coords_ME_Shape_IndexedFaceSet_3110"
							            point="7.738100 -15.750000 0.000000 7.738100 -15.750000 0.000000 7.738100 -15.750000 0.000000 7.738100 -15.750000 0.000000 7.738100 -15.750000 0.000000 7.738100 -15.750000 0.000000 7.738100 -15.750000 0.000000 7.738100 -15.750000 0.000000 7.738100 -15.750000 0.000000 7.738100 -15.750000 0.000000 7.738100 -15.750000 0.000000 7.738100 -15.750000 0.000000 9.000000 -17.849899 0.000000 9.000000 -17.568600 -1.049900 9.000000 -17.568600 1.049900 9.000000 -16.799999 -1.818600 9.000000 -16.799900 1.818600 9.000000 -15.750000 -2.099900 9.000000 -15.750000 -2.099900 9.000000 -15.750000 2.099900 9.000000 -14.700000 -1.818600 9.000000 -14.700000 1.818600 9.000000 -13.931300 -1.049900 9.000000 -13.931300 1.049900 9.000000 -13.650000 0.000000 "
							            />
							<TextureCoordinate point="0.5000 0.5000 0.7500 0.0670 0.9330 0.2500 0.5000 0.0000 0.7500 0.0670 0.5000 0.5000 0.5000 0.5000 0.9330 0.7500 0.7500 0.9330 1.0000 0.5000 0.9330 0.7500 0.5000 0.5000 0.9330 0.2500 1.0000 0.5000 0.5000 0.5000 0.5000 0.5000 0.2500 0.9330 0.0670 0.7500 0.5000 1.0000 0.2500 0.9330 0.5000 0.5000 0.7500 0.9330 0.5000 1.0000 0.5000 0.5000 0.5000 0.5000 0.0670 0.2500 0.2500 0.0670 0.0000 0.5000 0.0670 0.2500 0.5000 0.5000 0.0670 0.7500 0.0000 0.5000 0.5000 0.5000 0.2500 0.0670 0.5000 0.0000 0.5000 0.5000 " />
						</IndexedFaceSet>
					</Shape>
				</Group>
			</Transform>
		</Transform>
		<Transform DEF="Shape_IndexedFaceSet_065_TRANSFORM"
		           translation="0.000000 0.000000 0.000000"
		           scale="1.000000 1.000000 1.000000"
		           rotation="-0.000000 0.000000 0.000000 0.000000"
		           >
			<Transform DEF="Shape_IndexedFaceSet_065_ifs_TRANSFORM"
			           translation="0.000000 0.000000 0.000000"
			           scale="1.000000 1.000000 1.000000"
			           rotation="0.000000 1.000000 0.000000 0.000000"
			           >
				<Group DEF="group_ME_Shape_IndexedFaceSet_3111">
					<Shape>
						<Appearance>
							<Material USE="MA_Shape_011" />
						</Appearance>
						<IndexedFaceSet solid="false"
						                texCoordIndex="0 1 2 -1 3 4 5 -1 6 7 8 -1 9 10 11 -1 12 13 14 -1 15 16 17 -1 18 19 20 -1 21 22 23 -1 24 25 26 -1 27 28 29 -1 30 31 32 -1 33 34 35 -1 36 37 38 -1 39 40 41 -1 42 43 44 -1 45 46 47 -1 48 49 50 -1 51 52 53 -1 54 55 56 -1 57 58 59 -1 60 61 62 -1 63 64 65 -1 66 67 68 -1 69 70 71 -1 "
						                coordIndex="20 7 21 -1 8 21 7 -1 21 8 23 -1 10 23 8 -1 23 10 25 -1 12 25 10 -1 25 12 24 -1 11 24 12 -1 24 11 22 -1 9 22 11 -1 22 9 18 -1 5 18 9 -1 18 5 17 -1 4 17 5 -1 17 4 15 -1 2 15 4 -1 15 2 13 -1 0 13 2 -1 13 0 14 -1 1 14 0 -1 14 1 16 -1 3 16 1 -1 16 3 19 -1 6 19 3 -1 "
						                >
							<Coordinate DEF="coords_ME_Shape_IndexedFaceSet_3111"
							            point="9.000000 -17.850000 0.000000 9.000000 -17.568600 1.049900 9.000000 -17.568600 -1.050000 9.000000 -16.799999 1.818600 9.000000 -16.799999 -1.818600 9.000000 -15.750000 -2.100000 9.000000 -15.750000 2.100000 9.000000 -15.750000 2.100000 9.000000 -14.700000 1.818600 9.000000 -14.699900 -1.818600 9.000000 -13.931300 1.050000 9.000000 -13.931300 -1.049900 9.000000 -13.650000 0.000000 16.000000 -17.850000 0.000000 16.000000 -17.568600 1.049900 16.000000 -17.568600 -1.050000 16.000000 -16.799999 1.818600 16.000000 -16.799999 -1.818600 16.000000 -15.750000 -2.100000 16.000000 -15.750000 2.100000 16.000000 -15.750000 2.100000 16.000000 -14.700000 1.818600 16.000000 -14.699900 -1.818600 16.000000 -13.931300 1.050000 16.000000 -13.931300 -1.049900 16.000000 -13.650000 0.000000 "
							            />
							<TextureCoordinate point="1.0000 0.5000 0.0000 0.5000 1.0000 0.7500 0.0000 0.7500 1.0000 0.7500 0.0000 0.5000 1.0000 0.7500 0.0000 0.7500 1.0000 0.9330 0.0000 0.9330 1.0000 0.9330 0.0000 0.7500 1.0000 0.9330 0.0000 0.9330 1.0000 1.0000 0.0000 1.0000 1.0000 1.0000 0.0000 0.9330 1.0000 1.0000 0.0000 1.0000 1.0000 0.9330 0.0000 0.9330 1.0000 0.9330 0.0000 1.0000 1.0000 0.9330 0.0000 0.9330 1.0000 0.7500 0.0000 0.7500 1.0000 0.7500 0.0000 0.9330 1.0000 0.7500 0.0000 0.7500 1.0000 0.5000 0.0000 0.5000 1.0000 0.5000 0.0000 0.7500 1.0000 0.5000 0.0000 0.5000 1.0000 0.2500 0.0000 0.2500 1.0000 0.2500 0.0000 0.5000 1.0000 0.2500 0.0000 0.2500 1.0000 0.0670 0.0000 0.0670 1.0000 0.0670 0.0000 0.2500 1.0000 0.0670 0.0000 0.0670 1.0000 0.0000 0.0000 0.0000 1.0000 0.0000 0.0000 0.0670 1.0000 0.0000 0.0000 0.0000 1.0000 0.0670 0.0000 0.0670 1.0000 0.0670 0.0000 0.0000 1.0000 0.0670 0.0000 0.0670 1.0000 0.2500 0.0000 0.2500 1.0000 0.2500 0.0000 0.0670 1.0000 0.2500 0.0000 0.2500 1.0000 0.5000 0.0000 0.5000 1.0000 0.5000 0.0000 0.2500 " />
						</IndexedFaceSet>
					</Shape>
				</Group>
			</Transform>
		</Transform>
		<Transform DEF="Shape_IndexedFaceSet_066_TRANSFORM"
		           translation="0.000000 0.000000 0.000000"
		           scale="1.000000 1.000000 1.000000"
		           rotation="-0.000000 0.000000 0.000000 0.000000"
		           >
			<Transform DEF="Shape_IndexedFaceSet_066_ifs_TRANSFORM"
			           translation="0.000000 0.000000 0.000000"
			           scale="1.000000 1.000000 1.000000"
			           rotation="0.000000 1.000000 0.000000 0.000000"
			           >
				<Group DEF="group_ME_Shape_IndexedFaceSet_3112">
					<Shape>
						<Appearance>
							<Material USE="MA_Shape_011" />
						</Appearance>
						<IndexedFaceSet solid="false"
						                texCoordIndex="0 1 2 -1 3 4 5 -1 6 7 8 -1 9 10 11 -1 12 13 14 -1 15 16 17 -1 18 19 20 -1 21 22 23 -1 24 25 26 -1 27 28 29 -1 30 31 32 -1 33 34 35 -1 "
						                coordIndex="3 20 22 -1 18 20 5 -1 2 23 21 -1 24 23 0 -1 22 24 1 -1 8 16 14 -1 19 16 6 -1 21 19 4 -1 9 13 15 -1 12 13 11 -1 14 12 10 -1 15 17 7 -1 "
						                >
							<Coordinate DEF="coords_ME_Shape_IndexedFaceSet_3112"
							            point="7.738100 -11.136900 11.136900 7.738100 -11.136900 11.136900 7.738100 -11.136900 11.136900 7.738100 -11.136900 11.136900 7.738100 -11.136900 11.136900 7.738100 -11.136900 11.136900 7.738100 -11.136900 11.136900 7.738100 -11.136900 11.136900 7.738100 -11.136900 11.136900 7.738100 -11.136900 11.136900 7.738100 -11.136900 11.136900 7.738100 -11.136900 11.136900 9.000000 -13.236900 11.136900 9.000000 -12.955500 10.086900 9.000000 -12.955500 12.186900 9.000000 -12.186900 9.318200 9.000000 -12.186900 12.955500 9.000000 -11.136900 9.036900 9.000000 -11.136900 9.036900 9.000000 -11.136900 13.236900 9.000000 -10.086900 9.318200 9.000000 -10.086900 12.955500 9.000000 -9.318200 10.086900 9.000000 -9.318200 12.186900 9.000000 -9.036900 11.136900 "
							            />
							<TextureCoordinate point="0.5000 0.5000 0.7500 0.0670 0.9330 0.2500 0.5000 0.0000 0.7500 0.0670 0.5000 0.5000 0.5000 0.5000 0.9330 0.7500 0.7500 0.9330 1.0000 0.5000 0.9330 0.7500 0.5000 0.5000 0.9330 0.2500 1.0000 0.5000 0.5000 0.5000 0.5000 0.5000 0.2500 0.9330 0.0670 0.7500 0.5000 1.0000 0.2500 0.9330 0.5000 0.5000 0.7500 0.9330 0.5000 1.0000 0.5000 0.5000 0.5000 0.5000 0.0670 0.2500 0.2500 0.0670 0.0000 0.5000 0.0670 0.2500 0.5000 0.5000 0.0670 0.7500 0.0000 0.5000 0.5000 0.5000 0.2500 0.0670 0.5000 0.0000 0.5000 0.5000 " />
						</IndexedFaceSet>
					</Shape>
				</Group>
			</Transform>
		</Transform>
		<Transform DEF="Shape_IndexedFaceSet_067_TRANSFORM"
		           translation="0.000000 0.000000 0.000000"
		           scale="1.000000 1.000000 1.000000"
		           rotation="-0.000000 0.000000 0.000000 0.000000"
		           >
			<Transform DEF="Shape_IndexedFaceSet_067_ifs_TRANSFORM"
			           translation="0.000000 0.000000 0.000000"
			           scale="1.000000 1.000000 1.000000"
			           rotation="0.000000 1.000000 0.000000 0.000000"
			           >
				<Group DEF="group_ME_Shape_IndexedFaceSet_3113">
					<Shape>
						<Appearance>
							<Material USE="MA_Shape_011" />
						</Appearance>
						<IndexedFaceSet solid="false"
						                texCoordIndex="0 1 2 -1 3 4 5 -1 6 7 8 -1 9 10 11 -1 12 13 14 -1 15 16 17 -1 18 19 20 -1 21 22 23 -1 24 25 26 -1 27 28 29 -1 30 31 32 -1 33 34 35 -1 36 37 38 -1 39 40 41 -1 42 43 44 -1 45 46 47 -1 48 49 50 -1 51 52 53 -1 54 55 56 -1 57 58 59 -1 60 61 62 -1 63 64 65 -1 66 67 68 -1 69 70 71 -1 72 73 74 -1 75 76 77 -1 78 79 80 -1 81 82 83 -1 84 85 86 -1 87 88 89 -1 90 91 92 -1 93 94 95 -1 96 97 98 -1 99 100 101 -1 102 103 104 -1 105 106 107 -1 108 109 110 -1 111 112 113 -1 114 115 116 -1 117 118 119 -1 120 121 122 -1 123 124 125 -1 126 127 128 -1 129 130 131 -1 132 133 134 -1 135 136 137 -1 138 139 140 -1 141 142 143 -1 144 145 146 -1 147 148 149 -1 150 151 152 -1 153 154 155 -1 156 157 158 -1 159 160 161 -1 162 163 164 -1 165 166 167 -1 168 169 170 -1 171 172 173 -1 174 175 176 -1 177 178 179 -1 180 181 182 -1 183 184 185 -1 186 187 188 -1 189 190 191 -1 192 193 194 -1 195 196 197 -1 198 199 200 -1 201 202 203 -1 204 205 206 -1 207 208 209 -1 210 211 212 -1 213 214 215 -1 216 217 218 -1 219 220 221 -1 222 223 224 -1 225 226 227 -1 228 229 230 -1 231 232 233 -1 234 235 236 -1 237 238 239 -1 240 241 242 -1 243 244 245 -1 246 247 248 -1 249 250 251 -1 252 253 254 -1 255 256 257 -1 258 259 260 -1 261 262 263 -1 264 265 266 -1 267 268 269 -1 270 271 272 -1 273 274 275 -1 276 277 278 -1 279 280 281 -1 282 283 284 -1 285 286 287 -1 288 289 290 -1 291 292 293 -1 294 295 296 -1 297 298 299 -1 300 301 302 -1 303 304 305 -1 306 307 308 -1 309 310 311 -1 312 313 314 -1 315 316 317 -1 318 319 320 -1 321 322 323 -1 324 325 326 -1 327 328 329 -1 330 331 332 -1 333 334 335 -1 336 337 338 -1 339 340 341 -1 342 343 344 -1 345 346 347 -1 348 349 350 -1 351 352 353 -1 354 355 356 -1 357 358 359 -1 360 361 362 -1 363 364 365 -1 366 367 368 -1 369 370 371 -1 372 373 374 -1 375 376 377 -1 378 379 380 -1 381 382 383 -1 "
						                coordIndex="41 42 44 -1 45 44 42 -1 45 42 43 -1 40 43 42 -1 43 40 124 -1 3 53 51 -1 3 51 1 -1 53 3 55 -1 5 55 3 -1 55 5 56 -1 56 5 59 -1 7 59 5 -1 59 7 60 -1 60 7 65 -1 9 65 7 -1 65 9 66 -1 66 9 69 -1 11 69 9 -1 69 11 70 -1 70 11 73 -1 13 73 11 -1 73 13 74 -1 74 13 79 -1 15 79 13 -1 79 15 77 -1 77 15 47 -1 17 47 15 -1 47 17 63 -1 63 17 81 -1 19 81 17 -1 81 19 82 -1 82 19 85 -1 21 85 19 -1 85 21 87 -1 87 21 89 -1 23 89 21 -1 89 23 91 -1 91 23 93 -1 25 93 23 -1 93 25 95 -1 95 25 97 -1 27 97 25 -1 97 27 99 -1 99 27 129 -1 29 129 27 -1 129 29 127 -1 127 29 101 -1 31 101 29 -1 101 31 103 -1 103 31 105 -1 33 105 31 -1 105 33 107 -1 107 33 109 -1 35 109 33 -1 109 35 111 -1 111 35 113 -1 37 113 35 -1 113 37 115 -1 115 37 117 -1 38 117 37 -1 117 38 119 -1 119 38 121 -1 41 121 38 -1 121 41 123 -1 44 123 41 -1 123 44 125 -1 39 120 40 -1 122 40 120 -1 40 122 124 -1 36 116 39 -1 118 39 116 -1 39 118 120 -1 34 112 36 -1 114 36 112 -1 36 114 116 -1 32 108 34 -1 110 34 108 -1 34 110 112 -1 30 104 32 -1 106 32 104 -1 32 106 108 -1 28 100 30 -1 102 30 100 -1 30 102 104 -1 26 128 28 -1 126 28 128 -1 28 126 100 -1 24 96 26 -1 98 26 96 -1 26 98 128 -1 22 92 24 -1 94 24 92 -1 24 94 96 -1 20 88 22 -1 90 22 88 -1 22 90 92 -1 18 84 20 -1 86 20 84 -1 20 86 88 -1 16 80 18 -1 83 18 80 -1 18 83 84 -1 14 46 16 -1 62 16 46 -1 16 62 80 -1 12 78 14 -1 76 14 78 -1 14 76 46 -1 10 72 12 -1 75 12 72 -1 12 75 78 -1 8 68 10 -1 71 10 68 -1 10 71 72 -1 6 64 8 -1 67 8 64 -1 8 67 68 -1 4 58 6 -1 61 6 58 -1 6 61 64 -1 2 54 4 -1 57 4 54 -1 4 57 58 -1 50 49 0 -1 48 0 49 -1 0 48 2 -1 52 2 48 -1 2 52 54 -1 "
						                >
							<Coordinate DEF="coords_ME_Shape_IndexedFaceSet_3113"
							            point="0.000000 -27.000000 0.000000 0.000000 -27.000000 0.000000 0.000000 -26.698400 4.024100 0.000000 -26.698400 -4.024100 0.000000 -25.800400 7.958300 0.000000 -25.800400 -7.958300 0.000000 -24.326099 11.714800 0.000000 -24.326099 -11.714800 0.000000 -22.308399 15.209600 0.000000 -22.308399 -15.209600 0.000000 -19.792400 18.364599 0.000000 -19.792400 -18.364599 0.000000 -16.834200 21.109400 0.000000 -16.834200 -21.109400 0.000000 -13.500000 23.382601 0.000000 -13.499900 -23.382601 0.000000 -9.864200 25.133499 0.000000 -9.864200 -25.133499 0.000000 -6.008000 26.323000 0.000000 -6.008000 -26.323000 0.000000 -2.017700 26.924500 0.000000 -2.017700 -26.924500 0.000000 2.017700 26.924500 0.000000 2.017700 -26.924500 0.000000 6.008000 26.323000 0.000000 6.008000 -26.323000 0.000000 9.864200 25.133499 0.000000 9.864200 -25.133499 0.000000 13.499900 23.382601 0.000000 13.500000 -23.382601 0.000000 16.834200 21.109400 0.000000 16.834200 -21.109400 0.000000 19.792400 18.364599 0.000000 19.792400 -18.364599 0.000000 22.308399 15.209600 0.000000 22.308399 -15.209600 0.000000 24.326099 11.714800 0.000000 24.326099 -11.714800 0.000000 25.800400 -7.958300 0.000000 25.800400 7.958300 0.000000 26.698400 4.024100 0.000000 26.698400 -4.024100 0.000000 27.000000 0.000000 0.500000 26.985100 0.893900 0.500000 26.985100 -0.893900 0.500000 27.000000 0.000000 6.999900 -11.067100 24.627600 6.999900 -11.067100 -24.627600 6.999900 -26.920900 2.065200 6.999900 -26.920900 0.000000 6.999900 -26.920900 -2.065200 6.999900 -26.920900 -2.065200 6.999900 -26.620399 4.012100 6.999900 -26.620399 -4.012100 6.999900 -26.290800 6.147200 6.999900 -26.290800 -6.147200 6.999900 -25.725599 -7.934700 6.999900 -25.725599 7.934700 6.999900 -25.045601 10.085500 6.999900 -25.045601 -10.085500 6.999900 -24.256599 -11.680400 6.999900 -24.256599 11.680400 6.999900 -9.841000 25.069201 6.999900 -9.841000 -25.069201 7.000000 -23.214100 13.787700 7.000000 -23.214100 -13.787700 7.000000 -22.245899 -15.165700 7.000000 -22.245899 15.165700 7.000000 -20.839500 17.167200 7.000000 -20.839500 -17.167200 7.000000 -19.738400 -18.312700 7.000000 -19.738400 18.312700 7.000000 -17.977100 20.145000 7.000000 -17.977100 -20.145000 7.000000 -16.789801 -21.051300 7.000000 -16.789801 21.051300 7.000000 -13.466000 23.320400 7.000000 -13.466000 -23.320400 7.000000 -14.694000 22.651300 7.000000 -14.694000 -22.651300 7.000000 -7.181100 26.027500 7.000000 -7.181100 -26.027500 7.000000 -5.995500 -26.258699 7.000000 -5.995500 26.258699 7.000000 -3.127100 26.818199 7.000000 -3.127100 -26.818199 7.000000 -2.015200 26.862200 7.000000 -2.015200 -26.862200 7.000000 1.000000 26.981400 7.000000 1.000000 -26.981400 7.000000 2.011000 26.866100 7.000000 2.011000 -26.866100 7.000000 5.103800 26.513201 7.000000 5.103800 -26.513201 7.000000 5.993500 26.270000 7.000000 5.993500 -26.270000 7.000000 9.088100 25.424400 7.000000 9.088100 -25.424400 7.000000 9.843500 25.087200 7.000000 9.843500 -25.087200 7.000000 16.330500 21.501400 7.000000 16.330500 -21.501400 7.000000 16.806801 21.078501 7.000000 16.806801 -21.078501 7.000000 19.419001 18.758900 7.000000 19.419001 -18.758900 7.000000 19.764601 18.341600 7.000000 19.764601 -18.341600 7.000000 22.053101 15.577400 7.000000 22.053101 -15.577400 7.000000 22.282200 15.193900 7.000000 22.282200 -15.193900 7.000000 24.171101 12.031400 7.000000 24.171101 -12.031400 7.000000 24.303301 11.705500 7.000000 24.303301 -11.705500 7.000000 25.723400 8.203800 7.000000 25.723400 -8.203800 7.000000 25.782499 7.954100 7.000000 25.782499 -7.954100 7.000000 26.673800 4.184100 7.000000 26.673800 -4.184100 7.000000 26.688999 4.023200 7.000000 26.688999 -4.023200 7.000000 26.985100 0.893900 7.000000 26.985100 -0.893900 7.000000 13.474900 23.343800 7.000000 13.474900 -23.343800 7.000000 12.859800 23.740700 7.000000 12.859800 -23.740700 "
							            />
							<TextureCoordinate point="0.9944 0.4254 1.0000 0.5000 0.9997 0.4834 1.0000 0.5000 0.9997 0.4834 1.0000 0.5000 1.0000 0.5000 1.0000 0.5000 0.9997 0.5166 0.9944 0.5746 0.9997 0.5166 1.0000 0.5000 0.9997 0.5166 0.9944 0.5746 0.9997 0.5166 0.0056 0.4254 0.0070 0.4257 0.0015 0.4617 0.0056 0.4254 0.0015 0.4617 0.0000 0.5000 0.0070 0.4257 0.0056 0.4254 0.0131 0.3861 0.0222 0.3525 0.0131 0.3861 0.0056 0.4254 0.0131 0.3861 0.0222 0.3525 0.0236 0.3530 0.0236 0.3530 0.0222 0.3525 0.0362 0.3131 0.0495 0.2829 0.0362 0.3131 0.0222 0.3525 0.0362 0.3131 0.0495 0.2829 0.0508 0.2835 0.0508 0.2835 0.0495 0.2829 0.0701 0.2445 0.0869 0.2181 0.0701 0.2445 0.0495 0.2829 0.0701 0.2445 0.0869 0.2181 0.0880 0.2190 0.0880 0.2190 0.0869 0.2181 0.1141 0.1819 0.1335 0.1597 0.1141 0.1819 0.0869 0.2181 0.1141 0.1819 0.1335 0.1597 0.1345 0.1606 0.1345 0.1606 0.1335 0.1597 0.1671 0.1267 0.1883 0.1088 0.1671 0.1267 0.1335 0.1597 0.1671 0.1267 0.1883 0.1088 0.1891 0.1099 0.1891 0.1099 0.1883 0.1088 0.2279 0.0802 0.2500 0.0667 0.2279 0.0802 0.1883 0.1088 0.2279 0.0802 0.2500 0.0667 0.2506 0.0678 0.2506 0.0678 0.2500 0.0667 0.2951 0.0436 0.3173 0.0342 0.2951 0.0436 0.2500 0.0667 0.2951 0.0436 0.3173 0.0342 0.3178 0.0354 0.3178 0.0354 0.3173 0.0342 0.3670 0.0177 0.3887 0.0122 0.3670 0.0177 0.3173 0.0342 0.3670 0.0177 0.3887 0.0122 0.3890 0.0134 0.3890 0.0134 0.3887 0.0122 0.4421 0.0030 0.4626 0.0011 0.4421 0.0030 0.3887 0.0122 0.4421 0.0030 0.4626 0.0011 0.4627 0.0022 0.4627 0.0022 0.4626 0.0011 0.5185 0.0000 0.5374 0.0011 0.5185 0.0000 0.4626 0.0011 0.5185 0.0000 0.5374 0.0011 0.5372 0.0021 0.5372 0.0021 0.5374 0.0011 0.5945 0.0087 0.6113 0.0122 0.5945 0.0087 0.5374 0.0011 0.5945 0.0087 0.6113 0.0122 0.6110 0.0132 0.6110 0.0132 0.6113 0.0122 0.6683 0.0289 0.6827 0.0342 0.6683 0.0289 0.6113 0.0122 0.6683 0.0289 0.6827 0.0342 0.6823 0.0351 0.6823 0.0351 0.6827 0.0342 0.7381 0.0601 0.7500 0.0667 0.7381 0.0601 0.6827 0.0342 0.7381 0.0601 0.7500 0.0667 0.7495 0.0674 0.7495 0.0674 0.7500 0.0667 0.8024 0.1016 0.8117 0.1088 0.8024 0.1016 0.7500 0.0667 0.8024 0.1016 0.8117 0.1088 0.8112 0.1094 0.8112 0.1094 0.8117 0.1088 0.8596 0.1524 0.8665 0.1597 0.8596 0.1524 0.8117 0.1088 0.8596 0.1524 0.8665 0.1597 0.8660 0.1601 0.8660 0.1601 0.8665 0.1597 0.9084 0.2113 0.9131 0.2181 0.9084 0.2113 0.8665 0.1597 0.9084 0.2113 0.9131 0.2181 0.9126 0.2184 0.9126 0.2184 0.9131 0.2181 0.9476 0.2770 0.9505 0.2829 0.9476 0.2770 0.9131 0.2181 0.9476 0.2770 0.9505 0.2829 0.9501 0.2831 0.9501 0.2831 0.9505 0.2829 0.9764 0.3480 0.9778 0.3525 0.9764 0.3480 0.9505 0.2829 0.9764 0.3480 0.9778 0.3525 0.9775 0.3526 0.9775 0.3526 0.9778 0.3525 0.9940 0.4225 0.9944 0.4254 0.9940 0.4225 0.9778 0.3525 0.9940 0.4225 0.9944 0.4254 0.9942 0.4254 0.9997 0.4834 0.9942 0.4254 0.9944 0.4254 0.9942 0.4254 0.9997 0.4834 0.9997 0.4834 0.9778 0.6475 0.9940 0.5775 0.9944 0.5746 0.9942 0.5746 0.9944 0.5746 0.9940 0.5775 0.9944 0.5746 0.9942 0.5746 0.9997 0.5166 0.9505 0.7171 0.9764 0.6520 0.9778 0.6475 0.9775 0.6474 0.9778 0.6475 0.9764 0.6520 0.9778 0.6475 0.9775 0.6474 0.9940 0.5775 0.9131 0.7819 0.9476 0.7230 0.9505 0.7171 0.9501 0.7169 0.9505 0.7171 0.9476 0.7230 0.9505 0.7171 0.9501 0.7169 0.9764 0.6520 0.8665 0.8403 0.9084 0.7887 0.9131 0.7819 0.9126 0.7816 0.9131 0.7819 0.9084 0.7887 0.9131 0.7819 0.9126 0.7816 0.9476 0.7230 0.8117 0.8912 0.8596 0.8476 0.8665 0.8403 0.8660 0.8399 0.8665 0.8403 0.8596 0.8476 0.8665 0.8403 0.8660 0.8399 0.9084 0.7887 0.7500 0.9333 0.8024 0.8984 0.8117 0.8912 0.8112 0.8906 0.8117 0.8912 0.8024 0.8984 0.8117 0.8912 0.8112 0.8906 0.8596 0.8476 0.6827 0.9658 0.7381 0.9399 0.7500 0.9333 0.7495 0.9326 0.7500 0.9333 0.7381 0.9399 0.7500 0.9333 0.7495 0.9326 0.8024 0.8984 0.6113 0.9878 0.6683 0.9711 0.6827 0.9658 0.6823 0.9649 0.6827 0.9658 0.6683 0.9711 0.6827 0.9658 0.6823 0.9649 0.7381 0.9399 0.5374 0.9989 0.5945 0.9913 0.6113 0.9878 0.6110 0.9868 0.6113 0.9878 0.5945 0.9913 0.6113 0.9878 0.6110 0.9868 0.6683 0.9711 0.4626 0.9989 0.5185 1.0000 0.5374 0.9989 0.5372 0.9979 0.5374 0.9989 0.5185 1.0000 0.5374 0.9989 0.5372 0.9979 0.5945 0.9913 0.3887 0.9878 0.4421 0.9970 0.4626 0.9989 0.4627 0.9978 0.4626 0.9989 0.4421 0.9970 0.4626 0.9989 0.4627 0.9978 0.5185 1.0000 0.3173 0.9658 0.3670 0.9823 0.3887 0.9878 0.3890 0.9866 0.3887 0.9878 0.3670 0.9823 0.3887 0.9878 0.3890 0.9866 0.4421 0.9970 0.2500 0.9333 0.2951 0.9564 0.3173 0.9658 0.3178 0.9646 0.3173 0.9658 0.2951 0.9564 0.3173 0.9658 0.3178 0.9646 0.3670 0.9823 0.1883 0.8912 0.2279 0.9198 0.2500 0.9333 0.2506 0.9322 0.2500 0.9333 0.2279 0.9198 0.2500 0.9333 0.2506 0.9322 0.2951 0.9564 0.1335 0.8403 0.1671 0.8733 0.1883 0.8912 0.1891 0.8901 0.1883 0.8912 0.1671 0.8733 0.1883 0.8912 0.1891 0.8901 0.2279 0.9198 0.0869 0.7819 0.1141 0.8181 0.1335 0.8403 0.1345 0.8394 0.1335 0.8403 0.1141 0.8181 0.1335 0.8403 0.1345 0.8394 0.1671 0.8733 0.0495 0.7171 0.0701 0.7555 0.0869 0.7819 0.0880 0.7810 0.0869 0.7819 0.0701 0.7555 0.0869 0.7819 0.0880 0.7810 0.1141 0.8181 0.0222 0.6475 0.0362 0.6869 0.0495 0.7171 0.0508 0.7165 0.0495 0.7171 0.0362 0.6869 0.0495 0.7171 0.0508 0.7165 0.0701 0.7555 0.0056 0.5746 0.0131 0.6139 0.0222 0.6475 0.0236 0.6470 0.0222 0.6475 0.0131 0.6139 0.0222 0.6475 0.0236 0.6470 0.0362 0.6869 0.0015 0.4617 0.0015 0.5000 0.0000 0.5000 0.0015 0.5383 0.0000 0.5000 0.0015 0.5000 0.0000 0.5000 0.0015 0.5383 0.0056 0.5746 0.0070 0.5743 0.0056 0.5746 0.0015 0.5383 0.0056 0.5746 0.0070 0.5743 0.0131 0.6139 " />
						</IndexedFaceSet>
					</Shape>
				</Group>
			</Transform>
		</Transform>
		<Transform DEF="Shape_IndexedFaceSet_068_TRANSFORM"
		           translation="0.000000 0.000000 0.000000"
		           scale="1.000000 1.000000 1.000000"
		           rotation="-0.000000 0.000000 0.000000 0.000000"
		           >
			<Transform DEF="Shape_IndexedFaceSet_068_ifs_TRANSFORM"
			           translation="0.000000 0.000000 0.000000"
			           scale="1.000000 1.000000 1.000000"
			           rotation="0.000000 1.000000 0.000000 0.000000"
			           >
				<Group DEF="group_ME_Shape_IndexedFaceSet_3114">
					<Shape>
						<Appearance>
							<Material USE="MA_Shape_011" />
						</Appearance>
						<IndexedFaceSet solid="false"
						                texCoordIndex="0 1 2 -1 3 4 5 -1 6 7 8 -1 "
						                coordIndex="1 2 0 -1 3 0 2 -1 0 3 4 -1 "
						                >
							<Coordinate DEF="coords_ME_Shape_IndexedFaceSet_3114"
							            point="0.499900 26.526699 0.099900 0.499900 26.985100 0.893900 6.999900 26.985100 0.893900 7.295000 26.756800 0.498300 7.585100 26.526699 0.099900 "
							            />
							<TextureCoordinate point="0.0000 1.0000 0.9174 1.0000 0.0000 0.0000 0.9591 0.5018 0.0000 0.0000 0.9174 1.0000 0.0000 0.0000 0.9591 0.5018 1.0000 0.0000 " />
						</IndexedFaceSet>
					</Shape>
				</Group>
			</Transform>
		</Transform>
		<Transform DEF="Shape_IndexedFaceSet_069_TRANSFORM"
		           translation="0.000000 0.000000 0.000000"
		           scale="1.000000 1.000000 1.000000"
		           rotation="-0.000000 0.000000 0.000000 0.000000"
		           >
			<Transform DEF="Shape_IndexedFaceSet_069_ifs_TRANSFORM"
			           translation="0.000000 0.000000 0.000000"
			           scale="1.000000 1.000000 1.000000"
			           rotation="0.000000 1.000000 0.000000 0.000000"
			           >
				<Group DEF="group_ME_Shape_IndexedFaceSet_3115">
					<Shape>
						<Appearance>
							<Material USE="MA_Shape_011" />
						</Appearance>
						<IndexedFaceSet solid="false"
						                texCoordIndex="0 1 2 -1 3 4 5 -1 6 7 8 -1 9 10 11 -1 12 13 14 -1 15 16 17 -1 18 19 20 -1 21 22 23 -1 24 25 26 -1 27 28 29 -1 30 31 32 -1 33 34 35 -1 36 37 38 -1 39 40 41 -1 42 43 44 -1 45 46 47 -1 48 49 50 -1 51 52 53 -1 54 55 56 -1 57 58 59 -1 60 61 62 -1 63 64 65 -1 66 67 68 -1 69 70 71 -1 72 73 74 -1 75 76 77 -1 78 79 80 -1 81 82 83 -1 "
						                coordIndex="8 6 12 -1 10 12 6 -1 12 10 14 -1 16 14 10 -1 14 16 18 -1 20 18 16 -1 18 20 22 -1 24 22 20 -1 22 24 26 -1 27 26 24 -1 26 27 23 -1 25 23 27 -1 23 25 19 -1 21 19 25 -1 19 21 15 -1 17 15 21 -1 15 17 13 -1 11 13 17 -1 13 11 9 -1 7 9 11 -1 9 7 5 -1 3 5 7 -1 5 3 1 -1 0 1 3 -1 1 0 4 -1 2 4 0 -1 4 2 8 -1 6 8 2 -1 "
						                >
							<Coordinate DEF="coords_ME_Shape_IndexedFaceSet_3115"
							            point="7.500000 18.250299 5.694000 7.500000 18.500299 5.694000 7.500000 18.547400 4.392300 7.500000 18.547400 6.995600 7.500000 18.772699 4.500800 7.500000 18.772699 6.887100 7.500000 19.379801 3.348500 7.500000 19.379801 8.039500 7.500000 19.535700 3.543900 7.500000 19.535700 7.844000 7.500000 20.582800 2.769200 7.500000 20.582800 8.618800 7.500000 20.638399 3.012900 7.500000 20.638399 8.375000 7.500000 21.862301 3.012900 7.500000 21.862301 8.375000 7.500000 21.917900 2.769200 7.500000 21.917900 8.618800 7.500000 22.964899 3.543900 7.500000 22.964899 7.844000 7.500000 23.120800 3.348500 7.500000 23.120800 8.039500 7.500000 23.728001 4.500800 7.500000 23.728001 6.887100 7.500000 23.953199 4.392300 7.500000 23.953199 6.995600 7.500000 24.000299 5.694000 7.500000 24.250299 5.694000 "
							            />
							<TextureCoordinate point="0.2142 0.1324 0.1883 0.0990 0.3980 0.0417 0.3887 0.0000 0.3980 0.0417 0.1883 0.0990 0.3980 0.0417 0.3887 0.0000 0.6020 0.0417 0.6113 0.0000 0.6020 0.0417 0.3887 0.0000 0.6020 0.0417 0.6113 0.0000 0.7858 0.1324 0.8117 0.0990 0.7858 0.1324 0.6113 0.0000 0.7858 0.1324 0.8117 0.0990 0.9129 0.2960 0.9505 0.2775 0.9129 0.2960 0.8117 0.0990 0.9129 0.2960 0.9505 0.2775 0.9583 0.5000 1.0000 0.5000 0.9583 0.5000 0.9505 0.2775 0.9583 0.5000 1.0000 0.5000 0.9129 0.7040 0.9505 0.7225 0.9129 0.7040 1.0000 0.5000 0.9129 0.7040 0.9505 0.7225 0.7858 0.8675 0.8117 0.9010 0.7858 0.8675 0.9505 0.7225 0.7858 0.8675 0.8117 0.9010 0.6020 0.9583 0.6113 1.0000 0.6020 0.9583 0.8117 0.9010 0.6020 0.9583 0.6113 1.0000 0.3980 0.9583 0.3887 1.0000 0.3980 0.9583 0.6113 1.0000 0.3980 0.9583 0.3887 1.0000 0.2142 0.8675 0.1883 0.9010 0.2142 0.8675 0.3887 1.0000 0.2142 0.8675 0.1883 0.9010 0.0871 0.7040 0.0495 0.7225 0.0871 0.7040 0.1883 0.9010 0.0871 0.7040 0.0495 0.7225 0.0417 0.5000 0.0000 0.5000 0.0417 0.5000 0.0495 0.7225 0.0417 0.5000 0.0000 0.5000 0.0871 0.2960 0.0495 0.2775 0.0871 0.2960 0.0000 0.5000 0.0871 0.2960 0.0495 0.2775 0.2142 0.1324 0.1883 0.0990 0.2142 0.1324 0.0495 0.2775 " />
						</IndexedFaceSet>
					</Shape>
				</Group>
			</Transform>
		</Transform>
		<Transform DEF="Shape_IndexedFaceSet_070_TRANSFORM"
		           translation="0.000000 0.000000 0.000000"
		           scale="1.000000 1.000000 1.000000"
		           rotation="-0.000000 0.000000 0.000000 0.000000"
		           >
			<Transform DEF="Shape_IndexedFaceSet_070_ifs_TRANSFORM"
			           translation="0.000000 0.000000 0.000000"
			           scale="1.000000 1.000000 1.000000"
			           rotation="0.000000 1.000000 0.000000 0.000000"
			           >
				<Group DEF="group_ME_Shape_IndexedFaceSet_3116">
					<Shape>
						<Appearance>
							<Material USE="MA_Shape_011" />
						</Appearance>
						<IndexedFaceSet solid="false"
						                texCoordIndex="0 1 2 -1 3 4 5 -1 6 7 8 -1 9 10 11 -1 12 13 14 -1 15 16 17 -1 18 19 20 -1 21 22 23 -1 24 25 26 -1 27 28 29 -1 30 31 32 -1 33 34 35 -1 36 37 38 -1 39 40 41 -1 42 43 44 -1 45 46 47 -1 48 49 50 -1 51 52 53 -1 54 55 56 -1 57 58 59 -1 60 61 62 -1 63 64 65 -1 66 67 68 -1 69 70 71 -1 72 73 74 -1 75 76 77 -1 78 79 80 -1 81 82 83 -1 84 85 86 -1 87 88 89 -1 90 91 92 -1 93 94 95 -1 96 97 98 -1 99 100 101 -1 102 103 104 -1 105 106 107 -1 108 109 110 -1 111 112 113 -1 114 115 116 -1 117 118 119 -1 120 121 122 -1 123 124 125 -1 126 127 128 -1 129 130 131 -1 132 133 134 -1 135 136 137 -1 138 139 140 -1 141 142 143 -1 144 145 146 -1 147 148 149 -1 150 151 152 -1 153 154 155 -1 156 157 158 -1 159 160 161 -1 162 163 164 -1 "
						                coordIndex="20 22 13 -1 45 48 50 -1 44 5 42 -1 39 42 5 -1 7 9 30 -1 30 32 7 -1 35 7 32 -1 7 35 5 -1 38 5 35 -1 5 38 39 -1 13 22 11 -1 22 24 11 -1 26 11 24 -1 11 26 9 -1 28 9 26 -1 9 28 30 -1 20 13 18 -1 14 18 13 -1 18 14 17 -1 10 19 12 -1 16 12 19 -1 12 16 14 -1 15 14 16 -1 14 15 17 -1 27 25 8 -1 23 8 25 -1 8 23 10 -1 21 10 23 -1 10 21 19 -1 27 8 29 -1 6 29 8 -1 29 6 31 -1 4 31 6 -1 31 4 33 -1 46 43 1 -1 41 1 43 -1 1 41 40 -1 40 37 1 -1 36 1 37 -1 1 36 4 -1 34 4 36 -1 4 34 33 -1 47 46 49 -1 1 49 46 -1 49 1 53 -1 0 53 1 -1 44 45 5 -1 50 5 45 -1 5 50 3 -1 56 3 50 -1 55 54 2 -1 52 2 54 -1 2 52 0 -1 51 0 52 -1 0 51 53 -1 "
						                >
							<Coordinate DEF="coords_ME_Shape_IndexedFaceSet_3116"
							            point="7.500000 18.250299 -5.694000 7.500000 18.547400 -6.995600 7.500000 18.547400 -4.392300 7.500000 18.547400 -4.392300 7.500000 19.379801 -8.039500 7.500000 19.379801 -3.348500 7.500000 20.582800 -8.618800 7.500000 20.582800 -2.769200 7.500000 21.917900 -8.618800 7.500000 21.917900 -2.769200 7.500000 23.120800 -8.039500 7.500000 23.120800 -3.348500 7.500000 23.953199 -6.995600 7.500000 23.953199 -4.392300 7.500000 24.250299 -5.694000 7.928900 24.175100 -6.361600 7.938400 23.953199 -6.995600 7.947800 24.250299 -5.694000 7.949200 24.248100 -5.674300 7.975900 23.596001 -7.564200 7.995300 24.173000 -5.017100 8.040200 23.120800 -8.039500 8.067200 23.953199 -4.392300 8.129400 22.549400 -8.398100 8.163900 23.593901 -3.821100 8.238900 21.917900 -8.618800 8.279500 23.120800 -3.348500 8.309800 21.537201 -8.680200 8.411000 22.550900 -2.990600 8.504000 20.582800 -8.618800 8.551600 21.917900 -2.769200 8.624500 20.046801 -8.442000 8.745900 21.012501 -2.703400 8.745900 19.549000 -8.164900 8.805100 19.379801 -8.039500 8.903200 20.582800 -2.769200 9.023300 19.069500 -7.754100 9.032900 19.062799 -7.746100 9.052400 20.397200 -2.827800 9.279400 20.115200 -2.917000 9.344400 18.844299 -7.485900 9.563500 18.769199 -7.375900 9.569100 19.953899 -2.993400 9.748900 18.705601 -7.282900 9.806500 19.821800 -3.055900 10.212600 19.759701 -3.090500 10.212600 18.657700 -7.203400 15.500000 18.657700 -7.203400 15.500000 19.759701 -3.090500 15.661700 18.565001 -6.987900 15.816400 19.392099 -3.364800 16.000000 18.250299 -5.694000 16.000000 18.278999 -5.568400 16.000000 18.371401 -6.537600 16.000000 18.547400 -4.392300 16.000000 19.178900 -3.523900 16.000000 19.178900 -3.523900 "
							            />
							<TextureCoordinate point="0.0583 0.9871 0.0667 0.9505 0.0000 0.9505 0.3191 0.2516 0.9412 0.2516 0.9784 0.1903 0.2714 0.2619 0.0000 0.1883 0.2434 0.2839 0.2093 0.3108 0.2434 0.2839 0.0000 0.1883 0.0000 0.3887 0.0000 0.6113 0.1237 0.6113 0.1237 0.6113 0.1466 0.4604 0.0000 0.3887 0.1651 0.3887 0.0000 0.3887 0.1466 0.4604 0.0000 0.3887 0.1651 0.3887 0.0000 0.1883 0.1826 0.3578 0.0000 0.1883 0.1651 0.3887 0.0000 0.1883 0.1826 0.3578 0.2093 0.3108 0.0000 0.9505 0.0667 0.9505 0.0000 0.8117 0.0667 0.9505 0.0781 0.8906 0.0000 0.8117 0.0917 0.8117 0.0000 0.8117 0.0781 0.8906 0.0000 0.8117 0.0917 0.8117 0.0000 0.6113 0.1072 0.7168 0.0000 0.6113 0.0917 0.8117 0.0000 0.6113 0.1072 0.7168 0.1237 0.6113 0.0583 0.9871 0.0000 0.9505 0.0528 0.9996 0.0000 1.0000 0.0528 0.9996 0.0000 0.9505 0.0528 0.9996 0.0000 1.0000 0.0527 1.0000 0.0000 0.8117 0.0560 0.8910 0.0000 0.9505 0.0516 0.9505 0.0000 0.9505 0.0560 0.8910 0.0000 0.9505 0.0516 0.9505 0.0000 1.0000 0.0505 0.9875 0.0000 1.0000 0.0516 0.9505 0.0000 1.0000 0.0505 0.9875 0.0527 1.0000 0.0953 0.5478 0.0869 0.6113 0.0000 0.6113 0.0740 0.7165 0.0000 0.6113 0.0869 0.6113 0.0000 0.6113 0.0740 0.7165 0.0000 0.8117 0.0636 0.8117 0.0000 0.8117 0.0740 0.7165 0.0000 0.8117 0.0636 0.8117 0.0560 0.8910 0.0953 0.5478 0.0000 0.6113 0.1181 0.3887 0.0000 0.3887 0.1181 0.3887 0.0000 0.6113 0.1181 0.3887 0.0000 0.3887 0.1323 0.2994 0.0000 0.1883 0.1323 0.2994 0.0000 0.3887 0.1323 0.2994 0.0000 0.1883 0.1466 0.2165 0.3191 0.0679 0.2646 0.0759 0.0000 0.0495 0.2428 0.0865 0.0000 0.0495 0.2646 0.0759 0.0000 0.0495 0.2428 0.0865 0.2170 0.0990 0.2170 0.0990 0.1803 0.1354 0.0000 0.0495 0.1792 0.1365 0.0000 0.0495 0.1803 0.1354 0.0000 0.0495 0.1792 0.1365 0.0000 0.1883 0.1535 0.1883 0.0000 0.1883 0.1792 0.1365 0.0000 0.1883 0.1535 0.1883 0.1466 0.2165 0.9412 0.0679 0.3191 0.0679 0.9602 0.0525 0.0000 0.0495 0.9602 0.0525 0.3191 0.0679 0.9602 0.0525 0.0000 0.0495 1.0000 0.0202 0.0000 0.0000 1.0000 0.0202 0.0000 0.0495 0.2714 0.2619 0.3191 0.2516 0.0000 0.1883 0.9784 0.1903 0.0000 0.1883 0.3191 0.2516 0.0000 0.1883 0.9784 0.1903 0.0000 0.0495 1.0000 0.1548 0.0000 0.0495 0.9784 0.1903 1.0000 0.1548 1.0000 0.0495 0.0000 0.0495 1.0000 0.0048 0.0000 0.0495 1.0000 0.0495 0.0000 0.0495 1.0000 0.0048 0.0000 0.0000 1.0000 0.0000 0.0000 0.0000 1.0000 0.0048 0.0000 0.0000 1.0000 0.0000 1.0000 0.0202 " />
						</IndexedFaceSet>
					</Shape>
				</Group>
			</Transform>
		</Transform>
		<Transform DEF="Shape_IndexedFaceSet_071_TRANSFORM"
		           translation="0.000000 0.000000 0.000000"
		           scale="1.000000 1.000000 1.000000"
		           rotation="-0.000000 0.000000 0.000000 0.000000"
		           >
			<Transform DEF="Shape_IndexedFaceSet_071_ifs_TRANSFORM"
			           translation="0.000000 0.000000 0.000000"
			           scale="1.000000 1.000000 1.000000"
			           rotation="0.000000 1.000000 0.000000 0.000000"
			           >
				<Group DEF="group_ME_Shape_IndexedFaceSet_3117">
					<Shape>
						<Appearance>
							<Material USE="MA_Shape_011" />
						</Appearance>
						<IndexedFaceSet solid="false"
						                texCoordIndex="0 1 2 -1 3 4 5 -1 6 7 8 -1 9 10 11 -1 12 13 14 -1 15 16 17 -1 18 19 20 -1 21 22 23 -1 24 25 26 -1 27 28 29 -1 30 31 32 -1 33 34 35 -1 36 37 38 -1 39 40 41 -1 42 43 44 -1 45 46 47 -1 48 49 50 -1 51 52 53 -1 54 55 56 -1 57 58 59 -1 60 61 62 -1 63 64 65 -1 66 67 68 -1 69 70 71 -1 72 73 74 -1 75 76 77 -1 78 79 80 -1 81 82 83 -1 "
						                coordIndex="21 20 17 -1 16 17 20 -1 17 16 13 -1 12 13 16 -1 13 12 9 -1 8 9 12 -1 9 8 5 -1 3 5 8 -1 5 3 1 -1 0 1 3 -1 1 0 4 -1 2 4 0 -1 4 2 6 -1 7 6 2 -1 6 7 10 -1 11 10 7 -1 10 11 14 -1 15 14 11 -1 14 15 18 -1 19 18 15 -1 18 19 22 -1 24 22 19 -1 22 24 26 -1 27 26 24 -1 26 27 23 -1 25 23 27 -1 23 25 21 -1 20 21 25 -1 "
						                >
							<Coordinate DEF="coords_ME_Shape_IndexedFaceSet_3117"
							            point="7.500000 18.250299 -5.694000 7.500000 18.507999 -5.488500 7.500000 18.547400 -6.995600 7.500000 18.547400 -4.392300 7.500000 18.690399 -6.698700 7.500000 18.868700 -4.319000 7.500000 19.379801 -7.709900 7.500000 19.379801 -8.039500 7.500000 19.379801 -3.348500 7.500000 19.701200 -3.421800 7.500000 20.439699 -8.321800 7.500000 20.582800 -8.618800 7.500000 20.582800 -2.769200 7.500000 20.840500 -2.974700 7.500000 21.660200 -8.413300 7.500000 21.917900 -8.618800 7.500000 21.917900 -2.769200 7.500000 22.060900 -3.066100 7.500000 22.799400 -7.966100 7.500000 23.120800 -8.039500 7.500000 23.120800 -3.348500 7.500000 23.120800 -3.678100 7.500000 23.631901 -7.069000 7.500000 23.810200 -4.689300 7.500000 23.953199 -6.995600 7.500000 23.953199 -4.392300 7.500000 23.992599 -5.899500 7.500000 24.250299 -5.694000 "
							            />
							<TextureCoordinate point="0.8117 0.8446 0.8117 0.9010 0.6351 0.9492 0.6113 1.0000 0.6351 0.9492 0.8117 0.9010 0.6351 0.9492 0.6113 1.0000 0.4317 0.9649 0.3887 1.0000 0.4317 0.9649 0.6113 1.0000 0.4317 0.9649 0.3887 1.0000 0.2418 0.8884 0.1883 0.9010 0.2418 0.8884 0.3887 1.0000 0.2418 0.8884 0.1883 0.9010 0.1031 0.7351 0.0495 0.7225 0.1031 0.7351 0.1883 0.9010 0.1031 0.7351 0.0495 0.7225 0.0430 0.5351 0.0000 0.5000 0.0430 0.5351 0.0495 0.7225 0.0430 0.5351 0.0000 0.5000 0.0733 0.3282 0.0495 0.2775 0.0733 0.3282 0.0000 0.5000 0.0733 0.3282 0.0495 0.2775 0.1883 0.1554 0.1883 0.0990 0.1883 0.1554 0.0495 0.2775 0.1883 0.1554 0.1883 0.0990 0.3649 0.0508 0.3887 0.0000 0.3649 0.0508 0.1883 0.0990 0.3649 0.0508 0.3887 0.0000 0.5683 0.0351 0.6113 0.0000 0.5683 0.0351 0.3887 0.0000 0.5683 0.0351 0.6113 0.0000 0.7582 0.1116 0.8117 0.0990 0.7582 0.1116 0.6113 0.0000 0.7582 0.1116 0.8117 0.0990 0.8969 0.2649 0.9505 0.2775 0.8969 0.2649 0.8117 0.0990 0.8969 0.2649 0.9505 0.2775 0.9571 0.4649 1.0000 0.5000 0.9571 0.4649 0.9505 0.2775 0.9571 0.4649 1.0000 0.5000 0.9266 0.6718 0.9505 0.7225 0.9266 0.6718 1.0000 0.5000 0.9266 0.6718 0.9505 0.7225 0.8117 0.8446 0.8117 0.9010 0.8117 0.8446 0.9505 0.7225 " />
						</IndexedFaceSet>
					</Shape>
				</Group>
			</Transform>
		</Transform>
		<Transform DEF="Shape_IndexedFaceSet_072_TRANSFORM"
		           translation="0.000000 0.000000 0.000000"
		           scale="1.000000 1.000000 1.000000"
		           rotation="-0.000000 0.000000 0.000000 0.000000"
		           >
			<Transform DEF="Shape_IndexedFaceSet_072_ifs_TRANSFORM"
			           translation="0.000000 0.000000 0.000000"
			           scale="1.000000 1.000000 1.000000"
			           rotation="0.000000 1.000000 0.000000 0.000000"
			           >
				<Group DEF="group_ME_Shape_IndexedFaceSet_3118">
					<Shape>
						<Appearance>
							<Material USE="MA_Shape_011" />
						</Appearance>
						<IndexedFaceSet solid="false"
						                texCoordIndex="0 1 2 -1 3 4 5 -1 6 7 8 -1 9 10 11 -1 12 13 14 -1 15 16 17 -1 18 19 20 -1 21 22 23 -1 24 25 26 -1 27 28 29 -1 30 31 32 -1 33 34 35 -1 36 37 38 -1 39 40 41 -1 42 43 44 -1 45 46 47 -1 48 49 50 -1 51 52 53 -1 54 55 56 -1 57 58 59 -1 60 61 62 -1 63 64 65 -1 66 67 68 -1 69 70 71 -1 72 73 74 -1 75 76 77 -1 78 79 80 -1 81 82 83 -1 84 85 86 -1 87 88 89 -1 90 91 92 -1 93 94 95 -1 96 97 98 -1 99 100 101 -1 102 103 104 -1 105 106 107 -1 108 109 110 -1 111 112 113 -1 114 115 116 -1 117 118 119 -1 120 121 122 -1 123 124 125 -1 126 127 128 -1 129 130 131 -1 132 133 134 -1 135 136 137 -1 138 139 140 -1 141 142 143 -1 144 145 146 -1 147 148 149 -1 150 151 152 -1 153 154 155 -1 156 157 158 -1 159 160 161 -1 162 163 164 -1 165 166 167 -1 168 169 170 -1 171 172 173 -1 174 175 176 -1 177 178 179 -1 180 181 182 -1 183 184 185 -1 "
						                coordIndex="17 16 10 -1 26 27 13 -1 51 55 57 -1 46 49 7 -1 36 39 9 -1 40 9 39 -1 9 40 7 -1 44 7 40 -1 7 44 46 -1 13 27 11 -1 27 29 11 -1 32 11 29 -1 11 32 9 -1 34 9 32 -1 9 34 36 -1 26 13 24 -1 14 24 13 -1 24 14 22 -1 10 16 12 -1 16 15 12 -1 18 12 15 -1 12 18 14 -1 21 14 18 -1 14 21 22 -1 17 10 19 -1 8 19 10 -1 19 8 20 -1 20 8 23 -1 6 23 8 -1 23 6 25 -1 25 6 28 -1 4 28 6 -1 28 4 30 -1 30 4 31 -1 2 31 4 -1 31 2 33 -1 52 50 0 -1 50 48 0 -1 47 0 48 -1 0 47 45 -1 45 43 0 -1 42 0 43 -1 0 42 41 -1 41 38 0 -1 37 0 38 -1 0 37 2 -1 35 2 37 -1 2 35 33 -1 54 53 56 -1 1 56 53 -1 56 1 61 -1 3 61 1 -1 49 51 7 -1 57 7 51 -1 7 57 5 -1 60 5 57 -1 5 60 63 -1 63 59 5 -1 58 5 59 -1 5 58 3 -1 62 3 58 -1 3 62 61 -1 "
						                >
							<Coordinate DEF="coords_ME_Shape_IndexedFaceSet_3118"
							            point="7.500000 12.556300 -15.556300 7.500000 12.556300 -15.556300 7.500000 12.853400 -16.858000 7.500000 12.853400 -14.254600 7.500000 13.685800 -17.901800 7.500000 13.685800 -13.210800 7.500000 14.888700 -18.481100 7.500000 14.888700 -12.631500 7.500000 16.223900 -18.481100 7.500000 16.223900 -12.631500 7.500000 17.426800 -17.901800 7.500000 17.426800 -13.210800 7.500000 18.259199 -16.858000 7.500000 18.259199 -14.254600 7.500000 18.556299 -15.556300 7.932100 17.901100 -17.427601 7.932100 17.426800 -17.901800 7.954300 16.949600 -18.213100 7.960400 18.259199 -16.858000 8.000100 16.410200 -18.412300 8.015900 16.223900 -18.481100 8.016200 18.481600 -16.221701 8.096900 18.556299 -15.556300 8.097000 15.555300 -18.556299 8.141400 18.518299 -15.275000 8.200100 14.888700 -18.481100 8.222700 18.448799 -14.760500 8.321800 18.259199 -14.254600 8.322300 14.252400 -18.258101 8.456800 17.902201 -13.686300 8.457000 13.685800 -17.901800 8.599300 13.211800 -17.427999 8.599600 17.426800 -13.210800 8.743000 12.854700 -16.857100 8.745900 16.845600 -12.847500 8.745900 12.847500 -16.845600 8.859900 16.524799 -12.716900 8.891500 12.696400 -16.462299 8.934900 12.673000 -16.385000 9.033200 16.239201 -12.635900 9.042500 16.223900 -12.631500 9.043300 12.642100 -16.245199 9.215600 12.592800 -16.022900 9.259200 12.586400 -15.980400 9.406700 15.855900 -12.571300 9.559700 12.564800 -15.762600 9.563200 15.775400 -12.566400 9.614000 12.560900 -15.723200 9.735400 12.558300 -15.665500 9.869700 15.617700 -12.556900 10.117300 12.556300 -15.571000 10.212600 15.567100 -12.556300 10.212600 12.556300 -15.567100 10.212600 12.556300 -15.567100 15.500000 12.556300 -15.567100 15.500000 15.567100 -12.556300 15.507400 12.557600 -15.556400 15.970800 14.889400 -12.636300 16.000000 13.443400 -13.514800 16.000000 13.500300 -13.443400 16.000000 14.847400 -12.641300 16.000000 12.641300 -14.847400 16.000000 12.853400 -14.254600 16.000000 13.685800 -13.210800 "
							            />
							<TextureCoordinate point="0.0534 0.7322 0.0508 0.8117 0.0000 0.8117 0.0850 0.9821 0.0967 0.9505 0.0000 0.9505 0.3191 0.5018 0.9412 0.5018 0.9966 0.3889 0.2427 0.5365 0.2788 0.5102 0.0000 0.3887 0.1600 0.6614 0.1804 0.6138 0.0000 0.6113 0.1815 0.6113 0.0000 0.6113 0.1804 0.6138 0.0000 0.6113 0.1815 0.6113 0.0000 0.3887 0.2243 0.5499 0.0000 0.3887 0.1815 0.6113 0.0000 0.3887 0.2243 0.5499 0.2427 0.5365 0.0000 0.9505 0.0967 0.9505 0.0000 0.8117 0.0967 0.9505 0.1126 0.8910 0.0000 0.8117 0.1294 0.8117 0.0000 0.8117 0.1126 0.8910 0.0000 0.8117 0.1294 0.8117 0.0000 0.6113 0.1466 0.7149 0.0000 0.6113 0.1294 0.8117 0.0000 0.6113 0.1466 0.7149 0.1600 0.6614 0.0850 0.9821 0.0000 0.9505 0.0755 0.9937 0.0000 1.0000 0.0755 0.9937 0.0000 0.9505 0.0755 0.9937 0.0000 1.0000 0.0702 1.0000 0.0000 0.8117 0.0508 0.8117 0.0000 0.9505 0.0508 0.8117 0.0508 0.8908 0.0000 0.9505 0.0542 0.9505 0.0000 0.9505 0.0508 0.8908 0.0000 0.9505 0.0542 0.9505 0.0000 1.0000 0.0607 0.9876 0.0000 1.0000 0.0542 0.9505 0.0000 1.0000 0.0607 0.9876 0.0702 1.0000 0.0534 0.7322 0.0000 0.8117 0.0588 0.6423 0.0000 0.6113 0.0588 0.6423 0.0000 0.8117 0.0588 0.6423 0.0000 0.6113 0.0607 0.6113 0.0607 0.6113 0.0000 0.6113 0.0702 0.4998 0.0000 0.3887 0.0702 0.4998 0.0000 0.6113 0.0702 0.4998 0.0000 0.3887 0.0824 0.3887 0.0824 0.3887 0.0000 0.3887 0.0967 0.2827 0.0000 0.1883 0.0967 0.2827 0.0000 0.3887 0.0967 0.2827 0.0000 0.1883 0.1126 0.1883 0.1126 0.1883 0.0000 0.1883 0.1293 0.1093 0.0000 0.0495 0.1293 0.1093 0.0000 0.1883 0.1293 0.1093 0.0000 0.0495 0.1462 0.0497 0.3191 0.0000 0.3079 0.0000 0.0000 0.0000 0.3079 0.0000 0.2630 0.0003 0.0000 0.0000 0.2487 0.0008 0.0000 0.0000 0.2630 0.0003 0.0000 0.0000 0.2487 0.0008 0.2423 0.0014 0.2423 0.0014 0.2070 0.0050 0.0000 0.0000 0.2018 0.0061 0.0000 0.0000 0.2070 0.0050 0.0000 0.0000 0.2018 0.0061 0.1816 0.0143 0.1816 0.0143 0.1688 0.0194 0.0000 0.0000 0.1637 0.0234 0.0000 0.0000 0.1688 0.0194 0.0000 0.0000 0.1637 0.0234 0.0000 0.0495 0.1466 0.0485 0.0000 0.0495 0.1637 0.0234 0.0000 0.0495 0.1466 0.0485 0.1462 0.0497 0.9412 0.0000 0.3191 0.0000 0.9420 0.0002 0.0000 0.0000 0.9420 0.0002 0.3191 0.0000 0.9420 0.0002 0.0000 0.0000 1.0000 0.0142 0.0000 0.0495 1.0000 0.0142 0.0000 0.0000 0.2788 0.5102 0.3191 0.5018 0.0000 0.3887 0.9966 0.3889 0.0000 0.3887 0.3191 0.5018 0.0000 0.3887 0.9966 0.3889 0.0000 0.1883 1.0000 0.3819 0.0000 0.1883 0.9966 0.3889 0.0000 0.1883 1.0000 0.3819 1.0000 0.1883 1.0000 0.1883 1.0000 0.1573 0.0000 0.1883 1.0000 0.1479 0.0000 0.1883 1.0000 0.1573 0.0000 0.1883 1.0000 0.1479 0.0000 0.0495 1.0000 0.0495 0.0000 0.0495 1.0000 0.1479 0.0000 0.0495 1.0000 0.0495 1.0000 0.0142 " />
						</IndexedFaceSet>
					</Shape>
				</Group>
			</Transform>
		</Transform>
		<Transform DEF="Shape_IndexedFaceSet_073_TRANSFORM"
		           translation="0.000000 0.000000 0.000000"
		           scale="1.000000 1.000000 1.000000"
		           rotation="-0.000000 0.000000 0.000000 0.000000"
		           >
			<Transform DEF="Shape_IndexedFaceSet_073_ifs_TRANSFORM"
			           translation="0.000000 0.000000 0.000000"
			           scale="1.000000 1.000000 1.000000"
			           rotation="0.000000 1.000000 0.000000 0.000000"
			           >
				<Group DEF="group_ME_Shape_IndexedFaceSet_3119">
					<Shape>
						<Appearance>
							<Material USE="MA_Shape_011" />
						</Appearance>
						<IndexedFaceSet solid="false"
						                texCoordIndex="0 1 2 -1 3 4 5 -1 6 7 8 -1 9 10 11 -1 12 13 14 -1 15 16 17 -1 18 19 20 -1 21 22 23 -1 24 25 26 -1 27 28 29 -1 30 31 32 -1 33 34 35 -1 36 37 38 -1 39 40 41 -1 42 43 44 -1 45 46 47 -1 48 49 50 -1 51 52 53 -1 54 55 56 -1 57 58 59 -1 60 61 62 -1 63 64 65 -1 66 67 68 -1 69 70 71 -1 72 73 74 -1 75 76 77 -1 78 79 80 -1 81 82 83 -1 "
						                coordIndex="21 20 17 -1 16 17 20 -1 17 16 13 -1 12 13 16 -1 13 12 9 -1 8 9 12 -1 9 8 5 -1 3 5 8 -1 5 3 1 -1 0 1 3 -1 1 0 4 -1 2 4 0 -1 4 2 6 -1 7 6 2 -1 6 7 10 -1 11 10 7 -1 10 11 14 -1 15 14 11 -1 14 15 18 -1 19 18 15 -1 18 19 22 -1 25 22 19 -1 22 25 26 -1 27 26 25 -1 26 27 23 -1 24 23 27 -1 23 24 21 -1 20 21 24 -1 "
						                >
							<Coordinate DEF="coords_ME_Shape_IndexedFaceSet_3119"
							            point="7.500000 12.556300 -15.556300 7.500000 12.837000 -15.146400 7.500000 12.853400 -16.858000 7.500000 12.853400 -14.254600 7.500000 12.928500 -16.366899 7.500000 13.284100 -14.007200 7.500000 13.540400 -17.426800 7.500000 13.685800 -17.901800 7.500000 13.685800 -13.210800 7.500000 14.181300 -13.174700 7.500000 14.551600 -18.116199 7.500000 14.888700 -18.481100 7.500000 14.888700 -12.631500 7.500000 15.350800 -12.814000 7.500000 15.761800 -18.298599 7.500000 16.223900 -18.481100 7.500000 16.223900 -12.631500 7.500000 16.561001 -12.996400 7.500000 16.931299 -17.937901 7.500000 17.426800 -17.901800 7.500000 17.426800 -13.210800 7.500000 17.572201 -13.685800 7.500000 17.828501 -17.105400 7.500000 18.184099 -14.745700 7.500000 18.259199 -14.254600 7.500000 18.259199 -16.858000 7.500000 18.275600 -15.966200 7.500000 18.556299 -15.556300 "
							            />
							<TextureCoordinate point="0.8360 0.8198 0.8117 0.9010 0.6675 0.9376 0.6113 1.0000 0.6675 0.9376 0.8117 0.9010 0.6675 0.9376 0.6113 1.0000 0.4658 0.9688 0.3887 1.0000 0.4658 0.9688 0.6113 1.0000 0.4658 0.9688 0.3887 1.0000 0.2708 0.9071 0.1883 0.9010 0.2708 0.9071 0.3887 1.0000 0.2708 0.9071 0.1883 0.9010 0.1213 0.7648 0.0495 0.7225 0.1213 0.7648 0.1883 0.9010 0.1213 0.7648 0.0495 0.7225 0.0468 0.5701 0.0000 0.5000 0.0468 0.5701 0.0495 0.7225 0.0468 0.5701 0.0000 0.5000 0.0620 0.3614 0.0495 0.2775 0.0620 0.3614 0.0000 0.5000 0.0620 0.3614 0.0495 0.2775 0.1640 0.1802 0.1883 0.0990 0.1640 0.1802 0.0495 0.2775 0.1640 0.1802 0.1883 0.0990 0.3325 0.0624 0.3887 0.0000 0.3325 0.0624 0.1883 0.0990 0.3325 0.0624 0.3887 0.0000 0.5343 0.0312 0.6113 0.0000 0.5343 0.0312 0.3887 0.0000 0.5343 0.0312 0.6113 0.0000 0.7292 0.0929 0.8117 0.0990 0.7292 0.0929 0.6113 0.0000 0.7292 0.0929 0.8117 0.0990 0.8787 0.2352 0.9505 0.2775 0.8787 0.2352 0.8117 0.0990 0.8787 0.2352 0.9505 0.2775 0.9532 0.4299 1.0000 0.5000 0.9532 0.4299 0.9505 0.2775 0.9532 0.4299 1.0000 0.5000 0.9380 0.6386 0.9505 0.7225 0.9380 0.6386 1.0000 0.5000 0.9380 0.6386 0.9505 0.7225 0.8360 0.8198 0.8117 0.9010 0.8360 0.8198 0.9505 0.7225 " />
						</IndexedFaceSet>
					</Shape>
				</Group>
			</Transform>
		</Transform>
		<Transform DEF="Shape_IndexedFaceSet_074_TRANSFORM"
		           translation="0.000000 0.000000 0.000000"
		           scale="1.000000 1.000000 1.000000"
		           rotation="-0.000000 0.000000 0.000000 0.000000"
		           >
			<Transform DEF="Shape_IndexedFaceSet_074_ifs_TRANSFORM"
			           translation="0.000000 0.000000 0.000000"
			           scale="1.000000 1.000000 1.000000"
			           rotation="0.000000 1.000000 0.000000 0.000000"
			           >
				<Group DEF="group_ME_Shape_IndexedFaceSet_3120">
					<Shape>
						<Appearance>
							<Material USE="MA_Shape_011" />
						</Appearance>
						<IndexedFaceSet solid="false"
						                texCoordIndex="0 1 2 -1 3 4 5 -1 6 7 8 -1 9 10 11 -1 12 13 14 -1 15 16 17 -1 18 19 20 -1 21 22 23 -1 24 25 26 -1 27 28 29 -1 30 31 32 -1 33 34 35 -1 36 37 38 -1 39 40 41 -1 42 43 44 -1 45 46 47 -1 48 49 50 -1 51 52 53 -1 54 55 56 -1 57 58 59 -1 60 61 62 -1 63 64 65 -1 66 67 68 -1 69 70 71 -1 72 73 74 -1 75 76 77 -1 78 79 80 -1 81 82 83 -1 84 85 86 -1 87 88 89 -1 90 91 92 -1 93 94 95 -1 96 97 98 -1 99 100 101 -1 102 103 104 -1 105 106 107 -1 108 109 110 -1 111 112 113 -1 114 115 116 -1 117 118 119 -1 120 121 122 -1 123 124 125 -1 126 127 128 -1 129 130 131 -1 132 133 134 -1 135 136 137 -1 138 139 140 -1 141 142 143 -1 144 145 146 -1 147 148 149 -1 150 151 152 -1 153 154 155 -1 156 157 158 -1 159 160 161 -1 "
						                coordIndex="8 44 46 -1 35 39 11 -1 40 11 39 -1 11 40 8 -1 43 8 40 -1 8 43 44 -1 13 14 27 -1 27 29 13 -1 31 13 29 -1 13 31 11 -1 33 11 31 -1 11 33 35 -1 12 10 19 -1 19 21 12 -1 23 12 21 -1 12 23 14 -1 25 14 23 -1 14 25 27 -1 9 16 10 -1 17 10 16 -1 10 17 19 -1 7 18 9 -1 15 9 18 -1 9 15 16 -1 5 22 7 -1 20 7 22 -1 7 20 18 -1 1 26 5 -1 24 5 26 -1 5 24 22 -1 0 30 1 -1 28 1 30 -1 1 28 26 -1 37 36 2 -1 34 2 36 -1 2 34 0 -1 32 0 34 -1 0 32 30 -1 51 50 48 -1 47 45 4 -1 42 4 45 -1 4 42 3 -1 41 3 42 -1 3 41 38 -1 48 47 51 -1 4 51 47 -1 51 4 52 -1 6 52 4 -1 52 6 53 -1 8 53 6 -1 53 8 54 -1 46 54 8 -1 54 46 55 -1 49 55 46 -1 "
						                >
							<Coordinate DEF="coords_ME_Shape_IndexedFaceSet_3120"
							            point="7.500000 2.694000 -21.250299 7.500000 2.991100 -22.552000 7.500000 2.991100 -19.948700 7.500000 2.991100 -19.948700 7.500000 3.823500 -18.904800 7.500000 3.823500 -23.595800 7.500000 5.026400 -18.325500 7.500000 5.026400 -24.175100 7.500000 6.361500 -18.325500 7.500000 6.361500 -24.175100 7.500000 7.564400 -23.595800 7.500000 7.564400 -18.904800 7.500000 8.396900 -22.552000 7.500000 8.396900 -19.948700 7.500000 8.694000 -21.250299 7.928900 6.361500 -24.175100 7.933900 6.616800 -24.079201 7.943800 7.118200 -23.890699 7.947900 5.692600 -24.250299 7.975900 7.564400 -23.595800 7.994500 5.026400 -24.175100 8.040500 8.041200 -23.118601 8.067300 4.392100 -23.953100 8.129000 8.396900 -22.552000 8.163500 3.823500 -23.595800 8.239000 8.618900 -21.917200 8.279900 3.347100 -23.119101 8.365700 8.694000 -21.250299 8.410800 2.991100 -22.552000 8.503900 8.618900 -20.583300 8.551800 2.769000 -21.917000 8.647700 8.396900 -19.948700 8.695200 2.720500 -21.248400 8.745900 8.164900 -19.549000 8.745900 2.703400 -21.012501 8.926200 7.864000 -19.178801 9.021800 2.818800 -20.393900 9.033800 2.823000 -20.383101 9.033800 2.823000 -20.383101 9.045600 7.748200 -19.072901 9.235200 7.564400 -18.904800 9.515700 2.991100 -19.948700 9.557400 3.000000 -19.931200 9.564700 7.375000 -18.769400 9.681700 7.307700 -18.721300 9.849600 3.062800 -19.809099 10.212600 7.203400 -18.657700 10.212600 3.090500 -19.759701 15.500000 3.090500 -19.759701 15.500000 7.203400 -18.657700 15.999900 3.523900 -19.178900 16.000000 3.823500 -18.904800 16.000000 5.026400 -18.325500 16.000000 5.768400 -18.325500 16.000000 6.361500 -18.325500 16.000000 6.537600 -18.371401 "
							            />
							<TextureCoordinate point="0.0000 0.6112 0.2567 0.7689 0.3191 0.7516 0.1678 0.8617 0.1818 0.8424 0.0000 0.8117 0.2041 0.8117 0.0000 0.8117 0.1818 0.8424 0.0000 0.8117 0.2041 0.8117 0.0000 0.6112 0.2429 0.7802 0.0000 0.6112 0.2041 0.8117 0.0000 0.6112 0.2429 0.7802 0.2567 0.7689 0.0000 0.9505 0.0000 1.0000 0.1018 1.0000 0.1018 1.0000 0.1181 0.9875 0.0000 0.9505 0.1350 0.9505 0.0000 0.9505 0.1181 0.9875 0.0000 0.9505 0.1350 0.9505 0.0000 0.8117 0.1466 0.9118 0.0000 0.8117 0.1350 0.9505 0.0000 0.8117 0.1466 0.9118 0.1678 0.8617 0.0000 0.9505 0.0000 0.8117 0.0560 0.8117 0.0560 0.8117 0.0636 0.8912 0.0000 0.9505 0.0740 0.9505 0.0000 0.9505 0.0636 0.8912 0.0000 0.9505 0.0740 0.9505 0.0000 1.0000 0.0869 0.9875 0.0000 1.0000 0.0740 0.9505 0.0000 1.0000 0.0869 0.9875 0.1018 1.0000 0.0000 0.6112 0.0510 0.6538 0.0000 0.8117 0.0522 0.7374 0.0000 0.8117 0.0510 0.6538 0.0000 0.8117 0.0522 0.7374 0.0560 0.8117 0.0000 0.3887 0.0527 0.4998 0.0000 0.6112 0.0505 0.6112 0.0000 0.6112 0.0527 0.4998 0.0000 0.6112 0.0505 0.6112 0.0510 0.6538 0.0000 0.1883 0.0667 0.2830 0.0000 0.3887 0.0582 0.3887 0.0000 0.3887 0.0667 0.2830 0.0000 0.3887 0.0582 0.3887 0.0527 0.4998 0.0000 0.0495 0.0918 0.1089 0.0000 0.1883 0.0781 0.1883 0.0000 0.1883 0.0918 0.1089 0.0000 0.1883 0.0781 0.1883 0.0667 0.2830 0.0000 0.0000 0.1237 0.0125 0.0000 0.0495 0.1072 0.0495 0.0000 0.0495 0.1237 0.0125 0.0000 0.0495 0.1072 0.0495 0.0918 0.1089 0.1804 0.0215 0.1790 0.0208 0.0000 0.0495 0.1466 0.0016 0.0000 0.0495 0.1790 0.0208 0.0000 0.0495 0.1466 0.0016 0.0000 0.0000 0.1406 0.0044 0.0000 0.0000 0.1466 0.0016 0.0000 0.0000 0.1406 0.0044 0.1237 0.0125 1.0000 0.1883 1.0000 0.1383 0.9412 0.0661 0.3191 0.0661 0.2764 0.0615 0.0000 0.1883 0.2420 0.0510 0.0000 0.1883 0.2764 0.0615 0.0000 0.1883 0.2420 0.0510 0.0000 0.0495 0.2371 0.0495 0.0000 0.0495 0.2420 0.0510 0.0000 0.0495 0.2371 0.0495 0.1804 0.0215 0.9412 0.0661 0.3191 0.0661 1.0000 0.1883 0.0000 0.1883 1.0000 0.1883 0.3191 0.0661 1.0000 0.1883 0.0000 0.1883 1.0000 0.3887 0.0000 0.3887 1.0000 0.3887 0.0000 0.1883 1.0000 0.3887 0.0000 0.3887 1.0000 0.5124 0.0000 0.6112 1.0000 0.5124 0.0000 0.3887 1.0000 0.5124 0.0000 0.6112 1.0000 0.6112 0.3191 0.7516 1.0000 0.6112 0.0000 0.6112 1.0000 0.6112 0.3191 0.7516 1.0000 0.6406 0.9412 0.7516 1.0000 0.6406 0.3191 0.7516 " />
						</IndexedFaceSet>
					</Shape>
				</Group>
			</Transform>
		</Transform>
		<Transform DEF="Shape_IndexedFaceSet_075_TRANSFORM"
		           translation="0.000000 0.000000 0.000000"
		           scale="1.000000 1.000000 1.000000"
		           rotation="-0.000000 0.000000 0.000000 0.000000"
		           >
			<Transform DEF="Shape_IndexedFaceSet_075_ifs_TRANSFORM"
			           translation="0.000000 0.000000 0.000000"
			           scale="1.000000 1.000000 1.000000"
			           rotation="0.000000 1.000000 0.000000 0.000000"
			           >
				<Group DEF="group_ME_Shape_IndexedFaceSet_3121">
					<Shape>
						<Appearance>
							<Material USE="MA_Shape_011" />
						</Appearance>
						<IndexedFaceSet solid="false"
						                texCoordIndex="0 1 2 -1 3 4 5 -1 6 7 8 -1 9 10 11 -1 12 13 14 -1 15 16 17 -1 18 19 20 -1 21 22 23 -1 24 25 26 -1 27 28 29 -1 30 31 32 -1 33 34 35 -1 36 37 38 -1 39 40 41 -1 42 43 44 -1 45 46 47 -1 48 49 50 -1 51 52 53 -1 54 55 56 -1 57 58 59 -1 60 61 62 -1 63 64 65 -1 66 67 68 -1 69 70 71 -1 72 73 74 -1 75 76 77 -1 78 79 80 -1 81 82 83 -1 "
						                coordIndex="0 4 2 -1 6 2 4 -1 2 6 7 -1 10 7 6 -1 7 10 11 -1 14 11 10 -1 11 14 15 -1 18 15 14 -1 15 18 19 -1 22 19 18 -1 19 22 26 -1 24 26 22 -1 26 24 27 -1 23 27 24 -1 27 23 25 -1 21 25 23 -1 25 21 20 -1 17 20 21 -1 20 17 16 -1 13 16 17 -1 16 13 12 -1 9 12 13 -1 12 9 8 -1 5 8 9 -1 8 5 1 -1 3 1 5 -1 1 3 0 -1 4 0 3 -1 "
						                >
							<Coordinate DEF="coords_ME_Shape_IndexedFaceSet_3121"
							            point="7.500000 2.694000 -21.250299 7.500000 2.991100 -22.552000 7.500000 2.991100 -19.948700 7.500000 3.012900 -21.862301 7.500000 3.012900 -20.638399 7.500000 3.543900 -22.964899 7.500000 3.543900 -19.535700 7.500000 3.823500 -18.904800 7.500000 3.823500 -23.595800 7.500000 4.500800 -23.728001 7.500000 4.500800 -18.772699 7.500000 5.026400 -18.325500 7.500000 5.026400 -24.175100 7.500000 5.694000 -24.000299 7.500000 5.694000 -18.500299 7.500000 6.361500 -18.325500 7.500000 6.361500 -24.175100 7.500000 6.887100 -23.728001 7.500000 6.887100 -18.772699 7.500000 7.564400 -18.904800 7.500000 7.564400 -23.595800 7.500000 7.844000 -22.964899 7.500000 7.844000 -19.535700 7.500000 8.375000 -21.862301 7.500000 8.375000 -20.638399 7.500000 8.396900 -22.552000 7.500000 8.396900 -19.948700 7.500000 8.694000 -21.250299 "
							            />
							<TextureCoordinate point="0.0000 0.5000 0.0531 0.6046 0.0495 0.7225 0.1417 0.7931 0.0495 0.7225 0.0531 0.6046 0.0495 0.7225 0.1417 0.7931 0.1883 0.9010 0.3011 0.9236 0.1883 0.9010 0.1417 0.7931 0.1883 0.9010 0.3011 0.9236 0.3887 1.0000 0.5000 0.9701 0.3887 1.0000 0.3011 0.9236 0.3887 1.0000 0.5000 0.9701 0.6112 1.0000 0.6988 0.9236 0.6112 1.0000 0.5000 0.9701 0.6112 1.0000 0.6988 0.9236 0.8117 0.9010 0.8583 0.7931 0.8117 0.9010 0.6988 0.9236 0.8117 0.9010 0.8583 0.7931 0.9505 0.7225 0.9468 0.6046 0.9505 0.7225 0.8583 0.7931 0.9505 0.7225 0.9468 0.6046 1.0000 0.5000 0.9468 0.3954 1.0000 0.5000 0.9468 0.6046 1.0000 0.5000 0.9468 0.3954 0.9505 0.2775 0.8583 0.2069 0.9505 0.2775 0.9468 0.3954 0.9505 0.2775 0.8583 0.2069 0.8117 0.0990 0.6988 0.0764 0.8117 0.0990 0.8583 0.2069 0.8117 0.0990 0.6988 0.0764 0.6112 0.0000 0.5000 0.0299 0.6112 0.0000 0.6988 0.0764 0.6112 0.0000 0.5000 0.0299 0.3887 0.0000 0.3011 0.0764 0.3887 0.0000 0.5000 0.0299 0.3887 0.0000 0.3011 0.0764 0.1883 0.0990 0.1417 0.2069 0.1883 0.0990 0.3011 0.0764 0.1883 0.0990 0.1417 0.2069 0.0495 0.2775 0.0531 0.3954 0.0495 0.2775 0.1417 0.2069 0.0495 0.2775 0.0531 0.3954 0.0000 0.5000 0.0531 0.6046 0.0000 0.5000 0.0531 0.3954 " />
						</IndexedFaceSet>
					</Shape>
				</Group>
			</Transform>
		</Transform>
		<Transform DEF="Shape_IndexedFaceSet_076_TRANSFORM"
		           translation="0.000000 0.000000 0.000000"
		           scale="1.000000 1.000000 1.000000"
		           rotation="-0.000000 0.000000 0.000000 0.000000"
		           >
			<Transform DEF="Shape_IndexedFaceSet_076_ifs_TRANSFORM"
			           translation="0.000000 0.000000 0.000000"
			           scale="1.000000 1.000000 1.000000"
			           rotation="0.000000 1.000000 0.000000 0.000000"
			           >
				<Group DEF="group_ME_Shape_IndexedFaceSet_3122">
					<Shape>
						<Appearance>
							<Material USE="MA_Shape_011" />
						</Appearance>
						<IndexedFaceSet solid="false"
						                texCoordIndex="0 1 2 -1 3 4 5 -1 6 7 8 -1 9 10 11 -1 12 13 14 -1 15 16 17 -1 18 19 20 -1 21 22 23 -1 24 25 26 -1 27 28 29 -1 30 31 32 -1 33 34 35 -1 36 37 38 -1 39 40 41 -1 42 43 44 -1 45 46 47 -1 48 49 50 -1 51 52 53 -1 54 55 56 -1 57 58 59 -1 60 61 62 -1 63 64 65 -1 66 67 68 -1 69 70 71 -1 72 73 74 -1 75 76 77 -1 78 79 80 -1 81 82 83 -1 84 85 86 -1 87 88 89 -1 90 91 92 -1 93 94 95 -1 96 97 98 -1 99 100 101 -1 102 103 104 -1 105 106 107 -1 108 109 110 -1 111 112 113 -1 114 115 116 -1 117 118 119 -1 120 121 122 -1 123 124 125 -1 126 127 128 -1 129 130 131 -1 132 133 134 -1 135 136 137 -1 138 139 140 -1 141 142 143 -1 144 145 146 -1 147 148 149 -1 150 151 152 -1 153 154 155 -1 156 157 158 -1 159 160 161 -1 162 163 164 -1 "
						                coordIndex="50 53 47 -1 56 47 53 -1 14 34 12 -1 35 12 34 -1 12 35 38 -1 38 39 12 -1 42 12 39 -1 12 42 10 -1 43 10 42 -1 10 43 46 -1 13 11 25 -1 25 27 13 -1 29 13 27 -1 13 29 14 -1 32 14 29 -1 14 32 34 -1 17 19 8 -1 21 8 19 -1 8 21 11 -1 23 11 21 -1 11 23 25 -1 17 8 15 -1 7 15 8 -1 15 7 16 -1 5 16 7 -1 16 5 18 -1 3 22 5 -1 20 5 22 -1 5 20 18 -1 0 26 3 -1 24 3 26 -1 3 24 22 -1 1 30 0 -1 28 0 30 -1 0 28 26 -1 40 37 4 -1 36 4 37 -1 4 36 2 -1 33 2 36 -1 2 33 31 -1 54 52 49 -1 48 45 6 -1 44 6 45 -1 6 44 4 -1 41 4 44 -1 4 41 40 -1 49 48 54 -1 6 54 48 -1 54 6 51 -1 9 51 6 -1 46 47 10 -1 56 10 47 -1 10 56 9 -1 55 9 56 -1 9 55 51 -1 "
						                >
							<Coordinate DEF="coords_ME_Shape_IndexedFaceSet_3122"
							            point="7.500000 -8.694000 -21.250299 7.500000 -8.396900 -19.948700 7.500000 -8.396900 -19.948700 7.500000 -8.396900 -22.552000 7.500000 -7.564400 -18.904800 7.500000 -7.564400 -23.595800 7.500000 -6.361500 -18.325500 7.500000 -6.361500 -24.175100 7.500000 -5.026400 -24.175100 7.500000 -5.026400 -18.325500 7.500000 -3.823500 -18.904800 7.500000 -3.823500 -23.595800 7.500000 -2.991100 -19.948700 7.500000 -2.991100 -22.552000 7.500000 -2.694000 -21.250299 7.928900 -6.361500 -24.175100 7.938500 -6.997100 -23.952499 7.947900 -5.691800 -24.250299 7.975900 -7.564400 -23.595800 7.994500 -5.026400 -24.175100 8.020200 -7.921000 -23.260401 8.038600 -4.663500 -24.035400 8.084300 -8.201600 -22.842699 8.091600 -4.227400 -23.867399 8.129000 -8.396900 -22.552000 8.163500 -3.823500 -23.595800 8.238900 -8.618800 -21.917601 8.279500 -3.348600 -23.120899 8.365700 -8.694000 -21.250299 8.410800 -2.991100 -22.552000 8.504400 -8.618300 -20.580799 8.504400 -8.618300 -20.580799 8.551900 -2.768900 -21.916401 8.647700 -8.396900 -19.948700 8.695600 -2.694000 -21.250299 8.745900 -2.703400 -21.012501 8.745900 -8.164900 -19.549000 8.925900 -7.864300 -19.179100 9.021100 -2.818500 -20.394800 9.033900 -2.823000 -20.383301 9.045700 -7.748200 -19.072901 9.235200 -7.564400 -18.904800 9.515700 -2.991100 -19.948700 9.557400 -3.000000 -19.931200 9.564700 -7.374900 -18.769300 9.681100 -7.308000 -18.721500 9.849600 -3.062800 -19.809099 10.212600 -3.090500 -19.759701 10.212600 -7.203400 -18.657700 15.500000 -7.203400 -18.657700 15.500000 -3.090500 -19.759701 16.000000 -5.768400 -18.325500 16.000000 -6.537600 -18.371401 16.000000 -3.523900 -19.178900 16.000000 -6.361500 -18.325500 16.000000 -5.026400 -18.325500 16.000000 -3.823500 -18.904800 "
							            />
							<TextureCoordinate point="0.9412 0.9339 1.0000 0.8617 0.3191 0.9339 1.0000 0.8117 0.3191 0.9339 1.0000 0.8617 0.0000 1.0000 0.1407 1.0000 0.0000 0.9505 0.1466 0.9984 0.0000 0.9505 0.1407 1.0000 0.0000 0.9505 0.1466 0.9984 0.1790 0.9793 0.1790 0.9793 0.1805 0.9785 0.0000 0.9505 0.2371 0.9505 0.0000 0.9505 0.1805 0.9785 0.0000 0.9505 0.2371 0.9505 0.0000 0.8117 0.2420 0.9490 0.0000 0.8117 0.2371 0.9505 0.0000 0.8117 0.2420 0.9490 0.2764 0.9385 0.0000 0.9505 0.0000 0.8117 0.0781 0.8117 0.0781 0.8117 0.0917 0.8909 0.0000 0.9505 0.1072 0.9505 0.0000 0.9505 0.0917 0.8909 0.0000 0.9505 0.1072 0.9505 0.0000 1.0000 0.1238 0.9875 0.0000 1.0000 0.1072 0.9505 0.0000 1.0000 0.1238 0.9875 0.1407 1.0000 0.0527 0.5004 0.0582 0.6113 0.0000 0.6113 0.0634 0.6718 0.0000 0.6113 0.0582 0.6113 0.0000 0.6113 0.0634 0.6718 0.0000 0.8117 0.0696 0.7444 0.0000 0.8117 0.0634 0.6718 0.0000 0.8117 0.0696 0.7444 0.0781 0.8117 0.0527 0.5004 0.0000 0.6113 0.0505 0.3887 0.0000 0.3887 0.0505 0.3887 0.0000 0.6113 0.0505 0.3887 0.0000 0.3887 0.0516 0.2828 0.0000 0.1883 0.0516 0.2828 0.0000 0.3887 0.0516 0.2828 0.0000 0.1883 0.0560 0.1883 0.0000 0.0495 0.0687 0.0821 0.0000 0.1883 0.0612 0.1288 0.0000 0.1883 0.0687 0.0821 0.0000 0.1883 0.0612 0.1288 0.0560 0.1883 0.0000 0.0000 0.0869 0.0125 0.0000 0.0495 0.0740 0.0495 0.0000 0.0495 0.0869 0.0125 0.0000 0.0495 0.0740 0.0495 0.0687 0.0821 0.0000 0.0495 0.1182 0.0126 0.0000 0.0000 0.1018 0.0000 0.0000 0.0000 0.1182 0.0126 0.0000 0.0000 0.1018 0.0000 0.0869 0.0125 0.1818 0.1576 0.1678 0.1383 0.0000 0.1883 0.1466 0.0882 0.0000 0.1883 0.1678 0.1383 0.0000 0.1883 0.1466 0.0882 0.0000 0.0495 0.1350 0.0495 0.0000 0.0495 0.1466 0.0882 0.0000 0.0495 0.1350 0.0495 0.1182 0.0126 1.0000 0.3887 1.0000 0.3594 0.9412 0.2484 0.3191 0.2484 0.2566 0.2310 0.0000 0.3887 0.2429 0.2199 0.0000 0.3887 0.2566 0.2310 0.0000 0.3887 0.2429 0.2199 0.0000 0.1883 0.2041 0.1883 0.0000 0.1883 0.2429 0.2199 0.0000 0.1883 0.2041 0.1883 0.1818 0.1576 0.9412 0.2484 0.3191 0.2484 1.0000 0.3887 0.0000 0.3887 1.0000 0.3887 0.3191 0.2484 1.0000 0.3887 0.0000 0.3887 1.0000 0.4876 0.0000 0.6113 1.0000 0.4876 0.0000 0.3887 0.2764 0.9385 0.3191 0.9339 0.0000 0.8117 1.0000 0.8117 0.0000 0.8117 0.3191 0.9339 0.0000 0.8117 1.0000 0.8117 0.0000 0.6113 1.0000 0.6113 0.0000 0.6113 1.0000 0.8117 0.0000 0.6113 1.0000 0.6113 1.0000 0.4876 " />
						</IndexedFaceSet>
					</Shape>
				</Group>
			</Transform>
		</Transform>
		<Transform DEF="Shape_IndexedFaceSet_077_TRANSFORM"
		           translation="0.000000 0.000000 0.000000"
		           scale="1.000000 1.000000 1.000000"
		           rotation="-0.000000 0.000000 0.000000 0.000000"
		           >
			<Transform DEF="Shape_IndexedFaceSet_077_ifs_TRANSFORM"
			           translation="0.000000 0.000000 0.000000"
			           scale="1.000000 1.000000 1.000000"
			           rotation="0.000000 1.000000 0.000000 0.000000"
			           >
				<Group DEF="group_ME_Shape_IndexedFaceSet_3123">
					<Shape>
						<Appearance>
							<Material USE="MA_Shape_011" />
						</Appearance>
						<IndexedFaceSet solid="false"
						                texCoordIndex="0 1 2 -1 3 4 5 -1 6 7 8 -1 9 10 11 -1 12 13 14 -1 15 16 17 -1 18 19 20 -1 21 22 23 -1 24 25 26 -1 27 28 29 -1 30 31 32 -1 33 34 35 -1 36 37 38 -1 39 40 41 -1 42 43 44 -1 45 46 47 -1 48 49 50 -1 51 52 53 -1 54 55 56 -1 57 58 59 -1 60 61 62 -1 63 64 65 -1 66 67 68 -1 69 70 71 -1 72 73 74 -1 75 76 77 -1 78 79 80 -1 81 82 83 -1 "
						                coordIndex="2 1 0 -1 4 0 1 -1 0 4 3 -1 6 3 4 -1 3 6 7 -1 10 7 6 -1 7 10 11 -1 14 11 10 -1 11 14 16 -1 18 16 14 -1 16 18 19 -1 22 19 18 -1 19 22 24 -1 26 24 22 -1 24 26 27 -1 23 27 26 -1 27 23 25 -1 21 25 23 -1 25 21 20 -1 17 20 21 -1 20 17 15 -1 13 15 17 -1 15 13 12 -1 9 12 13 -1 12 9 8 -1 5 8 9 -1 8 5 2 -1 1 2 5 -1 "
						                >
							<Coordinate DEF="coords_ME_Shape_IndexedFaceSet_3123"
							            point="7.500000 -8.694000 -21.250299 7.500000 -8.413300 -21.660200 7.500000 -8.396900 -22.552000 7.500000 -8.396900 -19.948700 7.500000 -8.321800 -20.439699 7.500000 -7.966100 -22.799400 7.500000 -7.709900 -19.379801 7.500000 -7.564400 -18.904800 7.500000 -7.564400 -23.595800 7.500000 -7.069000 -23.631901 7.500000 -6.698700 -18.690399 7.500000 -6.361500 -18.325500 7.500000 -6.361500 -24.175100 7.500000 -5.899500 -23.992599 7.500000 -5.488500 -18.507999 7.500000 -5.026400 -24.175100 7.500000 -5.026400 -18.325500 7.500000 -4.689300 -23.810200 7.500000 -4.319000 -18.868700 7.500000 -3.823500 -18.904800 7.500000 -3.823500 -23.595800 7.500000 -3.678100 -23.120800 7.500000 -3.421800 -19.701200 7.500000 -3.066100 -22.060900 7.500000 -2.991100 -19.948700 7.500000 -2.991100 -22.552000 7.500000 -2.974700 -20.840500 7.500000 -2.694000 -21.250299 "
							            />
							<TextureCoordinate point="0.0495 0.2775 0.0468 0.4299 0.0000 0.5000 0.0620 0.6386 0.0000 0.5000 0.0468 0.4299 0.0000 0.5000 0.0620 0.6386 0.0495 0.7225 0.1640 0.8198 0.0495 0.7225 0.0620 0.6386 0.0495 0.7225 0.1640 0.8198 0.1883 0.9010 0.3325 0.9376 0.1883 0.9010 0.1640 0.8198 0.1883 0.9010 0.3325 0.9376 0.3887 1.0000 0.5343 0.9688 0.3887 1.0000 0.3325 0.9376 0.3887 1.0000 0.5343 0.9688 0.6113 1.0000 0.7292 0.9071 0.6113 1.0000 0.5343 0.9688 0.6113 1.0000 0.7292 0.9071 0.8117 0.9010 0.8787 0.7648 0.8117 0.9010 0.7292 0.9071 0.8117 0.9010 0.8787 0.7648 0.9505 0.7225 0.9532 0.5701 0.9505 0.7225 0.8787 0.7648 0.9505 0.7225 0.9532 0.5701 1.0000 0.5000 0.9380 0.3614 1.0000 0.5000 0.9532 0.5701 1.0000 0.5000 0.9380 0.3614 0.9505 0.2775 0.8360 0.1802 0.9505 0.2775 0.9380 0.3614 0.9505 0.2775 0.8360 0.1802 0.8117 0.0990 0.6675 0.0624 0.8117 0.0990 0.8360 0.1802 0.8117 0.0990 0.6675 0.0624 0.6113 0.0000 0.4658 0.0312 0.6113 0.0000 0.6675 0.0624 0.6113 0.0000 0.4658 0.0312 0.3887 0.0000 0.2708 0.0929 0.3887 0.0000 0.4658 0.0312 0.3887 0.0000 0.2708 0.0929 0.1883 0.0990 0.1213 0.2352 0.1883 0.0990 0.2708 0.0929 0.1883 0.0990 0.1213 0.2352 0.0495 0.2775 0.0468 0.4299 0.0495 0.2775 0.1213 0.2352 " />
						</IndexedFaceSet>
					</Shape>
				</Group>
			</Transform>
		</Transform>
		<Transform DEF="Shape_IndexedFaceSet_078_TRANSFORM"
		           translation="0.000000 0.000000 0.000000"
		           scale="1.000000 1.000000 1.000000"
		           rotation="-0.000000 0.000000 0.000000 0.000000"
		           >
			<Transform DEF="Shape_IndexedFaceSet_078_ifs_TRANSFORM"
			           translation="0.000000 0.000000 0.000000"
			           scale="1.000000 1.000000 1.000000"
			           rotation="0.000000 1.000000 0.000000 0.000000"
			           >
				<Group DEF="group_ME_Shape_IndexedFaceSet_3124">
					<Shape>
						<Appearance>
							<Material USE="MA_Shape_011" />
						</Appearance>
						<IndexedFaceSet solid="false"
						                texCoordIndex="0 1 2 -1 3 4 5 -1 6 7 8 -1 9 10 11 -1 12 13 14 -1 15 16 17 -1 18 19 20 -1 21 22 23 -1 24 25 26 -1 27 28 29 -1 30 31 32 -1 33 34 35 -1 36 37 38 -1 39 40 41 -1 42 43 44 -1 45 46 47 -1 48 49 50 -1 51 52 53 -1 54 55 56 -1 57 58 59 -1 60 61 62 -1 63 64 65 -1 66 67 68 -1 69 70 71 -1 72 73 74 -1 75 76 77 -1 78 79 80 -1 81 82 83 -1 84 85 86 -1 87 88 89 -1 90 91 92 -1 93 94 95 -1 96 97 98 -1 99 100 101 -1 102 103 104 -1 105 106 107 -1 108 109 110 -1 111 112 113 -1 114 115 116 -1 117 118 119 -1 120 121 122 -1 123 124 125 -1 126 127 128 -1 129 130 131 -1 132 133 134 -1 135 136 137 -1 138 139 140 -1 141 142 143 -1 144 145 146 -1 147 148 149 -1 150 151 152 -1 153 154 155 -1 156 157 158 -1 159 160 161 -1 162 163 164 -1 165 166 167 -1 168 169 170 -1 171 172 173 -1 174 175 176 -1 177 178 179 -1 "
						                coordIndex="33 34 12 -1 51 54 55 -1 43 44 14 -1 43 14 41 -1 34 35 12 -1 37 12 35 -1 12 37 14 -1 38 14 37 -1 14 38 41 -1 44 47 14 -1 48 14 47 -1 14 48 49 -1 10 28 30 -1 10 30 12 -1 32 12 30 -1 12 32 33 -1 9 7 19 -1 19 22 9 -1 23 9 22 -1 9 23 10 -1 27 10 23 -1 10 27 28 -1 1 16 5 -1 15 5 16 -1 5 15 7 -1 18 7 15 -1 7 18 19 -1 0 20 1 -1 17 1 20 -1 1 17 16 -1 2 24 0 -1 21 0 24 -1 0 21 20 -1 4 29 3 -1 26 3 29 -1 3 26 25 -1 40 39 6 -1 36 6 39 -1 6 36 4 -1 31 4 36 -1 4 31 29 -1 52 50 8 -1 50 46 8 -1 45 8 46 -1 8 45 6 -1 42 6 45 -1 6 42 40 -1 53 52 56 -1 8 56 52 -1 56 8 59 -1 11 59 8 -1 49 51 14 -1 55 14 51 -1 14 55 13 -1 58 13 55 -1 58 61 13 -1 57 13 61 -1 13 57 11 -1 60 11 57 -1 11 60 59 -1 "
						                >
							<Coordinate DEF="coords_ME_Shape_IndexedFaceSet_3124"
							            point="7.500000 -18.556299 -15.556300 7.500000 -18.259199 -16.858000 7.500000 -18.259199 -14.254600 7.500000 -18.259199 -14.254600 7.500000 -17.426800 -13.210800 7.500000 -17.426800 -17.901800 7.500000 -16.223900 -12.631500 7.500000 -16.223900 -18.481100 7.500000 -14.888700 -12.631500 7.500000 -14.888700 -18.481100 7.500000 -13.685800 -17.901800 7.500000 -13.685800 -13.210800 7.500000 -12.853400 -16.858000 7.500000 -12.853400 -14.254600 7.500000 -12.556300 -15.556300 7.932100 -17.426800 -17.901800 7.935800 -17.988600 -17.312300 7.960400 -18.259199 -16.858000 7.960500 -16.856701 -18.259800 8.015900 -16.223900 -18.481100 8.016200 -18.481600 -16.221399 8.096900 -18.556299 -15.556300 8.096900 -15.556300 -18.556299 8.200100 -14.888700 -18.481100 8.200300 -18.480900 -14.888000 8.200300 -18.480900 -14.888000 8.321800 -18.259199 -14.254600 8.322100 -14.253200 -18.258499 8.457000 -13.685800 -17.901800 8.457000 -17.901501 -13.685500 8.510800 -13.508800 -17.720800 8.599600 -17.426800 -13.210800 8.613900 -13.169800 -17.374100 8.740400 -12.858900 -16.869301 8.743000 -12.853400 -16.857901 8.745900 -12.847500 -16.845600 8.745900 -16.845600 -12.847500 8.786100 -12.784900 -16.705000 8.828700 -12.741400 -16.593800 8.859100 -16.526501 -12.717500 9.033200 -16.239201 -12.635900 9.034300 -12.636500 -16.239500 9.042500 -16.223900 -12.631500 9.046200 -12.630400 -16.218901 9.393300 -12.572300 -15.866100 9.550600 -15.759000 -12.563200 9.556000 -15.756600 -12.563100 9.562000 -12.565900 -15.770600 9.776800 -12.557700 -15.649000 9.825600 -12.557200 -15.631600 9.869300 -15.617800 -12.556900 10.212600 -12.556300 -15.567100 10.212600 -15.567100 -12.556300 15.500000 -15.567100 -12.556300 15.500000 -12.556300 -15.567100 15.507400 -12.557600 -15.556400 15.970800 -14.889400 -12.636300 16.000000 -13.500300 -13.443400 16.000000 -12.641300 -14.847400 16.000000 -14.847400 -12.641300 16.000000 -13.685800 -13.210800 16.000000 -12.853400 -14.254600 "
							            />
							<TextureCoordinate point="0.1459 0.9496 0.1462 0.9505 0.0000 0.9505 0.3191 1.0000 0.9412 1.0000 0.9420 0.9998 0.1819 0.9876 0.2227 0.9973 0.0000 1.0000 0.1819 0.9876 0.0000 1.0000 0.1805 0.9866 0.1462 0.9505 0.1466 0.9515 0.0000 0.9505 0.1513 0.9619 0.0000 0.9505 0.1466 0.9515 0.0000 0.9505 0.1513 0.9619 0.0000 1.0000 0.1563 0.9692 0.0000 1.0000 0.1513 0.9619 0.0000 1.0000 0.1563 0.9692 0.1805 0.9866 0.2227 0.9973 0.2426 0.9984 0.0000 1.0000 0.2679 0.9998 0.0000 1.0000 0.2426 0.9984 0.0000 1.0000 0.2679 0.9998 0.2736 0.9998 0.0000 0.8117 0.1126 0.8117 0.1189 0.8413 0.0000 0.8117 0.1189 0.8413 0.0000 0.9505 0.1310 0.8978 0.0000 0.9505 0.1189 0.8413 0.0000 0.9505 0.1310 0.8978 0.1459 0.9496 0.0000 0.6113 0.0000 0.3887 0.0607 0.3887 0.0607 0.3887 0.0702 0.5000 0.0000 0.6113 0.0824 0.6113 0.0000 0.6113 0.0702 0.5000 0.0000 0.6113 0.0824 0.6113 0.0000 0.8117 0.0967 0.7172 0.0000 0.8117 0.0824 0.6113 0.0000 0.8117 0.0967 0.7172 0.1126 0.8117 0.0000 0.0495 0.0513 0.0946 0.0000 0.1883 0.0508 0.1883 0.0000 0.1883 0.0513 0.0946 0.0000 0.1883 0.0508 0.1883 0.0000 0.3887 0.0542 0.2833 0.0000 0.3887 0.0508 0.1883 0.0000 0.3887 0.0542 0.2833 0.0607 0.3887 0.0000 0.0000 0.0607 0.0125 0.0000 0.0495 0.0542 0.0495 0.0000 0.0495 0.0607 0.0125 0.0000 0.0495 0.0542 0.0495 0.0513 0.0946 0.0000 0.0495 0.0824 0.0126 0.0000 0.0000 0.0702 0.0000 0.0000 0.0000 0.0824 0.0126 0.0000 0.0000 0.0702 0.0000 0.0607 0.0125 0.0000 0.1883 0.1126 0.1091 0.0000 0.0495 0.0967 0.0495 0.0000 0.0495 0.1126 0.1091 0.0000 0.0495 0.0967 0.0495 0.0824 0.0126 0.1804 0.3862 0.1599 0.3383 0.0000 0.3887 0.1466 0.2851 0.0000 0.3887 0.1599 0.3383 0.0000 0.3887 0.1466 0.2851 0.0000 0.1883 0.1294 0.1883 0.0000 0.1883 0.1466 0.2851 0.0000 0.1883 0.1294 0.1883 0.1126 0.1091 0.3191 0.4982 0.2787 0.4897 0.0000 0.6113 0.2787 0.4897 0.2419 0.4666 0.0000 0.6113 0.2412 0.4662 0.0000 0.6113 0.2419 0.4666 0.0000 0.6113 0.2412 0.4662 0.0000 0.3887 0.1815 0.3887 0.0000 0.3887 0.2412 0.4662 0.0000 0.3887 0.1815 0.3887 0.1804 0.3862 0.9412 0.4982 0.3191 0.4982 0.9966 0.6112 0.0000 0.6113 0.9966 0.6112 0.3191 0.4982 0.9966 0.6112 0.0000 0.6113 1.0000 0.6181 0.0000 0.8117 1.0000 0.6181 0.0000 0.6113 0.2736 0.9998 0.3191 1.0000 0.0000 1.0000 0.9420 0.9998 0.0000 1.0000 0.3191 1.0000 0.0000 1.0000 0.9420 0.9998 0.0000 0.9505 1.0000 0.9858 0.0000 0.9505 0.9420 0.9998 1.0000 0.9858 1.0000 0.9505 0.0000 0.9505 1.0000 0.8427 0.0000 0.9505 1.0000 0.9505 0.0000 0.9505 1.0000 0.8427 0.0000 0.8117 1.0000 0.8117 0.0000 0.8117 1.0000 0.8427 0.0000 0.8117 1.0000 0.8117 1.0000 0.6181 " />
						</IndexedFaceSet>
					</Shape>
				</Group>
			</Transform>
		</Transform>
		<Transform DEF="Shape_IndexedFaceSet_079_TRANSFORM"
		           translation="0.000000 0.000000 0.000000"
		           scale="1.000000 1.000000 1.000000"
		           rotation="-0.000000 0.000000 0.000000 0.000000"
		           >
			<Transform DEF="Shape_IndexedFaceSet_079_ifs_TRANSFORM"
			           translation="0.000000 0.000000 0.000000"
			           scale="1.000000 1.000000 1.000000"
			           rotation="0.000000 1.000000 0.000000 0.000000"
			           >
				<Group DEF="group_ME_Shape_IndexedFaceSet_3125">
					<Shape>
						<Appearance>
							<Material USE="MA_Shape_011" />
						</Appearance>
						<IndexedFaceSet solid="false"
						                texCoordIndex="0 1 2 -1 3 4 5 -1 6 7 8 -1 9 10 11 -1 12 13 14 -1 15 16 17 -1 18 19 20 -1 21 22 23 -1 24 25 26 -1 27 28 29 -1 30 31 32 -1 33 34 35 -1 36 37 38 -1 39 40 41 -1 42 43 44 -1 45 46 47 -1 48 49 50 -1 51 52 53 -1 54 55 56 -1 57 58 59 -1 60 61 62 -1 63 64 65 -1 66 67 68 -1 69 70 71 -1 72 73 74 -1 75 76 77 -1 78 79 80 -1 81 82 83 -1 "
						                coordIndex="1 0 5 -1 2 5 0 -1 5 2 9 -1 7 9 2 -1 9 7 13 -1 12 13 7 -1 13 12 17 -1 16 17 12 -1 17 16 21 -1 19 21 16 -1 21 19 23 -1 24 23 19 -1 23 24 26 -1 27 26 24 -1 26 27 22 -1 25 22 27 -1 22 25 18 -1 20 18 25 -1 18 20 14 -1 15 14 20 -1 14 15 10 -1 11 10 15 -1 10 11 6 -1 8 6 11 -1 6 8 4 -1 3 4 8 -1 4 3 1 -1 0 1 3 -1 "
						                >
							<Coordinate DEF="coords_ME_Shape_IndexedFaceSet_3125"
							            point="7.500000 -18.556299 -15.556300 7.500000 -18.298599 -15.761800 7.500000 -18.259199 -16.858000 7.500000 -18.259199 -14.254600 7.500000 -18.116199 -14.551600 7.500000 -17.937901 -16.931299 7.500000 -17.426800 -13.540400 7.500000 -17.426800 -17.901800 7.500000 -17.426800 -13.210800 7.500000 -17.105400 -17.828501 7.500000 -16.366899 -12.928500 7.500000 -16.223900 -12.631500 7.500000 -16.223900 -18.481100 7.500000 -15.966200 -18.275600 7.500000 -15.146400 -12.837000 7.500000 -14.888700 -12.631500 7.500000 -14.888700 -18.481100 7.500000 -14.745700 -18.184099 7.500000 -14.007200 -13.284100 7.500000 -13.685800 -17.901800 7.500000 -13.685800 -13.210800 7.500000 -13.685800 -17.572201 7.500000 -13.174700 -14.181300 7.500000 -12.996400 -16.561001 7.500000 -12.853400 -16.858000 7.500000 -12.853400 -14.254600 7.500000 -12.814000 -15.350800 7.500000 -12.556300 -15.556300 "
							            />
							<TextureCoordinate point="0.0430 0.4649 0.0000 0.5000 0.1031 0.2649 0.0495 0.2775 0.1031 0.2649 0.0000 0.5000 0.1031 0.2649 0.0495 0.2775 0.2418 0.1116 0.1883 0.0990 0.2418 0.1116 0.0495 0.2775 0.2418 0.1116 0.1883 0.0990 0.4317 0.0351 0.3887 0.0000 0.4317 0.0351 0.1883 0.0990 0.4317 0.0351 0.3887 0.0000 0.6351 0.0508 0.6113 0.0000 0.6351 0.0508 0.3887 0.0000 0.6351 0.0508 0.6113 0.0000 0.8117 0.1554 0.8117 0.0990 0.8117 0.1554 0.6113 0.0000 0.8117 0.1554 0.8117 0.0990 0.9266 0.3282 0.9505 0.2775 0.9266 0.3282 0.8117 0.0990 0.9266 0.3282 0.9505 0.2775 0.9571 0.5351 1.0000 0.5000 0.9571 0.5351 0.9505 0.2775 0.9571 0.5351 1.0000 0.5000 0.8969 0.7351 0.9505 0.7225 0.8969 0.7351 1.0000 0.5000 0.8969 0.7351 0.9505 0.7225 0.7582 0.8884 0.8117 0.9010 0.7582 0.8884 0.9505 0.7225 0.7582 0.8884 0.8117 0.9010 0.5683 0.9649 0.6113 1.0000 0.5683 0.9649 0.8117 0.9010 0.5683 0.9649 0.6113 1.0000 0.3649 0.9492 0.3887 1.0000 0.3649 0.9492 0.6113 1.0000 0.3649 0.9492 0.3887 1.0000 0.1883 0.8446 0.1883 0.9010 0.1883 0.8446 0.3887 1.0000 0.1883 0.8446 0.1883 0.9010 0.0733 0.6718 0.0495 0.7225 0.0733 0.6718 0.1883 0.9010 0.0733 0.6718 0.0495 0.7225 0.0430 0.4649 0.0000 0.5000 0.0430 0.4649 0.0495 0.7225 " />
						</IndexedFaceSet>
					</Shape>
				</Group>
			</Transform>
		</Transform>
		<Transform DEF="Shape_IndexedFaceSet_081_TRANSFORM"
		           translation="0.000000 0.000000 0.000000"
		           scale="1.000000 1.000000 1.000000"
		           rotation="-0.000000 0.000000 0.000000 0.000000"
		           >
			<Transform DEF="Shape_IndexedFaceSet_081_ifs_TRANSFORM"
			           translation="0.000000 0.000000 0.000000"
			           scale="1.000000 1.000000 1.000000"
			           rotation="0.000000 1.000000 0.000000 0.000000"
			           >
				<Group DEF="group_ME_Shape_IndexedFaceSet_3126">
					<Shape>
						<Appearance>
							<Material USE="MA_Shape_011" />
						</Appearance>
						<IndexedFaceSet solid="false"
						                texCoordIndex="0 1 2 -1 3 4 5 -1 6 7 8 -1 9 10 11 -1 12 13 14 -1 15 16 17 -1 18 19 20 -1 21 22 23 -1 24 25 26 -1 27 28 29 -1 30 31 32 -1 33 34 35 -1 36 37 38 -1 39 40 41 -1 42 43 44 -1 45 46 47 -1 48 49 50 -1 51 52 53 -1 54 55 56 -1 57 58 59 -1 60 61 62 -1 63 64 65 -1 66 67 68 -1 69 70 71 -1 72 73 74 -1 75 76 77 -1 78 79 80 -1 81 82 83 -1 "
						                coordIndex="19 21 15 -1 17 15 21 -1 15 17 13 -1 11 13 17 -1 13 11 9 -1 7 9 11 -1 9 7 5 -1 3 5 7 -1 5 3 1 -1 0 1 3 -1 1 0 4 -1 2 4 0 -1 4 2 8 -1 6 8 2 -1 8 6 12 -1 10 12 6 -1 12 10 14 -1 16 14 10 -1 14 16 18 -1 20 18 16 -1 18 20 22 -1 24 22 20 -1 22 24 26 -1 27 26 24 -1 26 27 23 -1 25 23 27 -1 23 25 19 -1 21 19 25 -1 "
						                >
							<Coordinate DEF="coords_ME_Shape_IndexedFaceSet_3126"
							            point="7.500000 -24.250299 -5.694000 7.500000 -24.000299 -5.694000 7.500000 -23.953199 -6.995600 7.500000 -23.953199 -4.392300 7.500000 -23.728001 -6.887100 7.500000 -23.728001 -4.500800 7.500000 -23.120800 -8.039500 7.500000 -23.120800 -3.348500 7.500000 -22.964899 -7.844000 7.500000 -22.964899 -3.543900 7.500000 -21.917900 -8.618800 7.500000 -21.917900 -2.769200 7.500000 -21.862301 -8.375000 7.500000 -21.862301 -3.012900 7.500000 -20.638399 -8.375000 7.500000 -20.638399 -3.012900 7.500000 -20.582800 -8.618800 7.500000 -20.582800 -2.769200 7.500000 -19.535700 -7.844000 7.500000 -19.535700 -3.543900 7.500000 -19.379801 -8.039500 7.500000 -19.379801 -3.348500 7.500000 -18.772699 -6.887100 7.500000 -18.772699 -4.500800 7.500000 -18.547400 -6.995600 7.500000 -18.547400 -4.392300 7.500000 -18.500299 -5.694000 7.500000 -18.250299 -5.694000 "
							            />
							<TextureCoordinate point="0.7858 0.8676 0.8117 0.9010 0.6020 0.9583 0.6112 1.0000 0.6020 0.9583 0.8117 0.9010 0.6020 0.9583 0.6112 1.0000 0.3980 0.9583 0.3887 1.0000 0.3980 0.9583 0.6112 1.0000 0.3980 0.9583 0.3887 1.0000 0.2142 0.8676 0.1883 0.9010 0.2142 0.8676 0.3887 1.0000 0.2142 0.8676 0.1883 0.9010 0.0870 0.7040 0.0495 0.7225 0.0870 0.7040 0.1883 0.9010 0.0870 0.7040 0.0495 0.7225 0.0417 0.5000 0.0000 0.5000 0.0417 0.5000 0.0495 0.7225 0.0417 0.5000 0.0000 0.5000 0.0870 0.2960 0.0495 0.2775 0.0870 0.2960 0.0000 0.5000 0.0870 0.2960 0.0495 0.2775 0.2142 0.1325 0.1883 0.0990 0.2142 0.1325 0.0495 0.2775 0.2142 0.1325 0.1883 0.0990 0.3980 0.0417 0.3887 0.0000 0.3980 0.0417 0.1883 0.0990 0.3980 0.0417 0.3887 0.0000 0.6020 0.0417 0.6112 0.0000 0.6020 0.0417 0.3887 0.0000 0.6020 0.0417 0.6112 0.0000 0.7858 0.1325 0.8117 0.0990 0.7858 0.1325 0.6112 0.0000 0.7858 0.1325 0.8117 0.0990 0.9129 0.2960 0.9505 0.2775 0.9129 0.2960 0.8117 0.0990 0.9129 0.2960 0.9505 0.2775 0.9583 0.5000 1.0000 0.5000 0.9583 0.5000 0.9505 0.2775 0.9583 0.5000 1.0000 0.5000 0.9129 0.7040 0.9505 0.7225 0.9129 0.7040 1.0000 0.5000 0.9129 0.7040 0.9505 0.7225 0.7858 0.8676 0.8117 0.9010 0.7858 0.8676 0.9505 0.7225 " />
						</IndexedFaceSet>
					</Shape>
				</Group>
			</Transform>
		</Transform>
		<Transform DEF="Shape_IndexedFaceSet_082_TRANSFORM"
		           translation="0.000000 0.000000 0.000000"
		           scale="1.000000 1.000000 1.000000"
		           rotation="-0.000000 0.000000 0.000000 0.000000"
		           >
			<Transform DEF="Shape_IndexedFaceSet_082_ifs_TRANSFORM"
			           translation="0.000000 0.000000 0.000000"
			           scale="1.000000 1.000000 1.000000"
			           rotation="0.000000 1.000000 0.000000 0.000000"
			           >
				<Group DEF="group_ME_Shape_IndexedFaceSet_3127">
					<Shape>
						<Appearance>
							<Material USE="MA_Shape_011" />
						</Appearance>
						<IndexedFaceSet solid="false"
						                texCoordIndex="0 1 2 -1 3 4 5 -1 6 7 8 -1 9 10 11 -1 12 13 14 -1 15 16 17 -1 18 19 20 -1 21 22 23 -1 24 25 26 -1 27 28 29 -1 30 31 32 -1 33 34 35 -1 36 37 38 -1 39 40 41 -1 42 43 44 -1 45 46 47 -1 48 49 50 -1 51 52 53 -1 54 55 56 -1 57 58 59 -1 60 61 62 -1 63 64 65 -1 66 67 68 -1 69 70 71 -1 72 73 74 -1 75 76 77 -1 78 79 80 -1 81 82 83 -1 "
						                coordIndex="21 20 17 -1 16 17 20 -1 17 16 13 -1 12 13 16 -1 13 12 9 -1 8 9 12 -1 9 8 5 -1 3 5 8 -1 5 3 1 -1 0 1 3 -1 1 0 4 -1 2 4 0 -1 4 2 6 -1 7 6 2 -1 6 7 10 -1 11 10 7 -1 10 11 14 -1 15 14 11 -1 14 15 18 -1 19 18 15 -1 18 19 22 -1 24 22 19 -1 22 24 26 -1 27 26 24 -1 26 27 23 -1 25 23 27 -1 23 25 21 -1 20 21 25 -1 "
						                >
							<Coordinate DEF="coords_ME_Shape_IndexedFaceSet_3127"
							            point="7.500000 -24.250299 5.694000 7.500000 -23.992599 5.899500 7.500000 -23.953199 4.392300 7.500000 -23.953199 6.995600 7.500000 -23.810200 4.689300 7.500000 -23.631901 7.069000 7.500000 -23.120800 3.678100 7.500000 -23.120800 3.348500 7.500000 -23.120800 8.039500 7.500000 -22.799400 7.966100 7.500000 -22.060900 3.066100 7.500000 -21.917900 2.769200 7.500000 -21.917900 8.618800 7.500000 -21.660200 8.413300 7.500000 -20.840500 2.974700 7.500000 -20.582800 2.769200 7.500000 -20.582800 8.618800 7.500000 -20.439699 8.321800 7.500000 -19.701200 3.421800 7.500000 -19.379801 3.348500 7.500000 -19.379801 8.039500 7.500000 -19.379801 7.709900 7.500000 -18.868700 4.319000 7.500000 -18.690399 6.698700 7.500000 -18.547400 4.392300 7.500000 -18.547400 6.995600 7.500000 -18.507999 5.488500 7.500000 -18.250299 5.694000 "
							            />
							<TextureCoordinate point="0.8117 0.8446 0.8117 0.9010 0.6351 0.9492 0.6112 1.0000 0.6351 0.9492 0.8117 0.9010 0.6351 0.9492 0.6112 1.0000 0.4317 0.9649 0.3887 1.0000 0.4317 0.9649 0.6112 1.0000 0.4317 0.9649 0.3887 1.0000 0.2418 0.8884 0.1883 0.9010 0.2418 0.8884 0.3887 1.0000 0.2418 0.8884 0.1883 0.9010 0.1031 0.7351 0.0495 0.7225 0.1031 0.7351 0.1883 0.9010 0.1031 0.7351 0.0495 0.7225 0.0430 0.5351 0.0000 0.5000 0.0430 0.5351 0.0495 0.7225 0.0430 0.5351 0.0000 0.5000 0.0733 0.3282 0.0495 0.2775 0.0733 0.3282 0.0000 0.5000 0.0733 0.3282 0.0495 0.2775 0.1883 0.1554 0.1883 0.0990 0.1883 0.1554 0.0495 0.2775 0.1883 0.1554 0.1883 0.0990 0.3649 0.0508 0.3887 0.0000 0.3649 0.0508 0.1883 0.0990 0.3649 0.0508 0.3887 0.0000 0.5683 0.0351 0.6112 0.0000 0.5683 0.0351 0.3887 0.0000 0.5683 0.0351 0.6112 0.0000 0.7582 0.1116 0.8117 0.0990 0.7582 0.1116 0.6112 0.0000 0.7582 0.1116 0.8117 0.0990 0.8969 0.2649 0.9505 0.2775 0.8969 0.2649 0.8117 0.0990 0.8969 0.2649 0.9505 0.2775 0.9571 0.4649 1.0000 0.5000 0.9571 0.4649 0.9505 0.2775 0.9571 0.4649 1.0000 0.5000 0.9266 0.6718 0.9505 0.7225 0.9266 0.6718 1.0000 0.5000 0.9266 0.6718 0.9505 0.7225 0.8117 0.8446 0.8117 0.9010 0.8117 0.8446 0.9505 0.7225 " />
						</IndexedFaceSet>
					</Shape>
				</Group>
			</Transform>
		</Transform>
		<Transform DEF="Shape_IndexedFaceSet_083_TRANSFORM"
		           translation="0.000000 0.000000 0.000000"
		           scale="1.000000 1.000000 1.000000"
		           rotation="-0.000000 0.000000 0.000000 0.000000"
		           >
			<Transform DEF="Shape_IndexedFaceSet_083_ifs_TRANSFORM"
			           translation="0.000000 0.000000 0.000000"
			           scale="1.000000 1.000000 1.000000"
			           rotation="0.000000 1.000000 0.000000 0.000000"
			           >
				<Group DEF="group_ME_Shape_IndexedFaceSet_3128">
					<Shape>
						<Appearance>
							<Material USE="MA_Shape_011" />
						</Appearance>
						<IndexedFaceSet solid="false"
						                texCoordIndex="0 1 2 -1 3 4 5 -1 6 7 8 -1 9 10 11 -1 12 13 14 -1 15 16 17 -1 18 19 20 -1 21 22 23 -1 24 25 26 -1 27 28 29 -1 30 31 32 -1 33 34 35 -1 36 37 38 -1 39 40 41 -1 42 43 44 -1 45 46 47 -1 48 49 50 -1 51 52 53 -1 54 55 56 -1 57 58 59 -1 60 61 62 -1 63 64 65 -1 66 67 68 -1 69 70 71 -1 72 73 74 -1 75 76 77 -1 78 79 80 -1 81 82 83 -1 "
						                coordIndex="4 2 6 -1 7 6 2 -1 6 7 10 -1 12 10 7 -1 10 12 14 -1 16 14 12 -1 14 16 18 -1 19 18 16 -1 18 19 22 -1 24 22 19 -1 22 24 26 -1 27 26 24 -1 26 27 23 -1 25 23 27 -1 23 25 21 -1 20 21 25 -1 21 20 17 -1 15 17 20 -1 17 15 13 -1 11 13 15 -1 13 11 9 -1 8 9 11 -1 9 8 5 -1 3 5 8 -1 5 3 1 -1 0 1 3 -1 1 0 4 -1 2 4 0 -1 "
						                >
							<Coordinate DEF="coords_ME_Shape_IndexedFaceSet_3128"
							            point="7.500000 -18.556299 15.556300 7.500000 -18.275600 15.966200 7.500000 -18.259199 14.254600 7.500000 -18.259199 16.858000 7.500000 -18.184099 14.745700 7.500000 -17.828501 17.105400 7.500000 -17.572201 13.685800 7.500000 -17.426800 13.210800 7.500000 -17.426800 17.901800 7.500000 -16.931299 17.937901 7.500000 -16.561001 12.996400 7.500000 -16.223900 18.481100 7.500000 -16.223900 12.631500 7.500000 -15.761800 18.298599 7.500000 -15.350800 12.814000 7.500000 -14.888700 18.481100 7.500000 -14.888700 12.631500 7.500000 -14.551600 18.116199 7.500000 -14.181300 13.174700 7.500000 -13.685800 13.210800 7.500000 -13.685800 17.901800 7.500000 -13.540400 17.426800 7.500000 -13.284100 14.007200 7.500000 -12.928500 16.366899 7.500000 -12.853400 14.254600 7.500000 -12.853400 16.858000 7.500000 -12.837000 15.146400 7.500000 -12.556300 15.556300 "
							            />
							<TextureCoordinate point="0.0620 0.3614 0.0495 0.2775 0.1640 0.1802 0.1883 0.0990 0.1640 0.1802 0.0495 0.2775 0.1640 0.1802 0.1883 0.0990 0.3325 0.0624 0.3887 0.0000 0.3325 0.0624 0.1883 0.0990 0.3325 0.0624 0.3887 0.0000 0.5343 0.0312 0.6113 0.0000 0.5343 0.0312 0.3887 0.0000 0.5343 0.0312 0.6113 0.0000 0.7292 0.0929 0.8117 0.0990 0.7292 0.0929 0.6113 0.0000 0.7292 0.0929 0.8117 0.0990 0.8787 0.2352 0.9505 0.2775 0.8787 0.2352 0.8117 0.0990 0.8787 0.2352 0.9505 0.2775 0.9532 0.4299 1.0000 0.5000 0.9532 0.4299 0.9505 0.2775 0.9532 0.4299 1.0000 0.5000 0.9380 0.6386 0.9505 0.7225 0.9380 0.6386 1.0000 0.5000 0.9380 0.6386 0.9505 0.7225 0.8360 0.8198 0.8117 0.9010 0.8360 0.8198 0.9505 0.7225 0.8360 0.8198 0.8117 0.9010 0.6675 0.9376 0.6113 1.0000 0.6675 0.9376 0.8117 0.9010 0.6675 0.9376 0.6113 1.0000 0.4658 0.9688 0.3887 1.0000 0.4658 0.9688 0.6113 1.0000 0.4658 0.9688 0.3887 1.0000 0.2708 0.9071 0.1883 0.9010 0.2708 0.9071 0.3887 1.0000 0.2708 0.9071 0.1883 0.9010 0.1213 0.7648 0.0495 0.7225 0.1213 0.7648 0.1883 0.9010 0.1213 0.7648 0.0495 0.7225 0.0468 0.5701 0.0000 0.5000 0.0468 0.5701 0.0495 0.7225 0.0468 0.5701 0.0000 0.5000 0.0620 0.3614 0.0495 0.2775 0.0620 0.3614 0.0000 0.5000 " />
						</IndexedFaceSet>
					</Shape>
				</Group>
			</Transform>
		</Transform>
		<Transform DEF="Shape_IndexedFaceSet_084_TRANSFORM"
		           translation="0.000000 0.000000 0.000000"
		           scale="1.000000 1.000000 1.000000"
		           rotation="-0.000000 0.000000 0.000000 0.000000"
		           >
			<Transform DEF="Shape_IndexedFaceSet_084_ifs_TRANSFORM"
			           translation="0.000000 0.000000 0.000000"
			           scale="1.000000 1.000000 1.000000"
			           rotation="0.000000 1.000000 0.000000 0.000000"
			           >
				<Group DEF="group_ME_Shape_IndexedFaceSet_3129">
					<Shape>
						<Appearance>
							<Material USE="MA_Shape_011" />
						</Appearance>
						<IndexedFaceSet solid="false"
						                texCoordIndex="0 1 2 -1 3 4 5 -1 6 7 8 -1 9 10 11 -1 12 13 14 -1 15 16 17 -1 18 19 20 -1 21 22 23 -1 24 25 26 -1 27 28 29 -1 30 31 32 -1 33 34 35 -1 36 37 38 -1 39 40 41 -1 42 43 44 -1 45 46 47 -1 48 49 50 -1 51 52 53 -1 54 55 56 -1 57 58 59 -1 60 61 62 -1 63 64 65 -1 66 67 68 -1 69 70 71 -1 72 73 74 -1 75 76 77 -1 78 79 80 -1 81 82 83 -1 "
						                coordIndex="6 2 4 -1 0 4 2 -1 4 0 3 -1 1 3 0 -1 3 1 5 -1 8 5 1 -1 5 8 9 -1 12 9 8 -1 9 12 13 -1 16 13 12 -1 13 16 17 -1 20 17 16 -1 17 20 21 -1 26 21 20 -1 21 26 23 -1 27 23 26 -1 23 27 24 -1 25 24 27 -1 24 25 22 -1 19 22 25 -1 22 19 18 -1 15 18 19 -1 18 15 14 -1 11 14 15 -1 14 11 10 -1 7 10 11 -1 10 7 6 -1 2 6 7 -1 "
						                >
							<Coordinate DEF="coords_ME_Shape_IndexedFaceSet_3129"
							            point="7.500000 -8.694000 21.250299 7.500000 -8.396900 19.948700 7.500000 -8.396900 22.552000 7.500000 -8.375000 20.638399 7.500000 -8.375000 21.862301 7.500000 -7.844000 19.535700 7.500000 -7.844000 22.964899 7.500000 -7.564400 23.595800 7.500000 -7.564400 18.904800 7.500000 -6.887100 18.772699 7.500000 -6.887100 23.728001 7.500000 -6.361500 24.175100 7.500000 -6.361500 18.325500 7.500000 -5.694000 18.500299 7.500000 -5.694000 24.000299 7.500000 -5.026400 24.175100 7.500000 -5.026400 18.325500 7.500000 -4.500800 18.772699 7.500000 -4.500800 23.728001 7.500000 -3.823500 23.595800 7.500000 -3.823500 18.904800 7.500000 -3.543900 19.535700 7.500000 -3.543900 22.964899 7.500000 -3.012900 20.638399 7.500000 -3.012900 21.862301 7.500000 -2.991100 22.552000 7.500000 -2.991100 19.948700 7.500000 -2.694000 21.250299 "
							            />
							<TextureCoordinate point="0.1417 0.7931 0.0495 0.7225 0.0532 0.6046 0.0000 0.5000 0.0532 0.6046 0.0495 0.7225 0.0532 0.6046 0.0000 0.5000 0.0532 0.3954 0.0495 0.2775 0.0532 0.3954 0.0000 0.5000 0.0532 0.3954 0.0495 0.2775 0.1417 0.2069 0.1883 0.0990 0.1417 0.2069 0.0495 0.2775 0.1417 0.2069 0.1883 0.0990 0.3011 0.0764 0.3887 0.0000 0.3011 0.0764 0.1883 0.0990 0.3011 0.0764 0.3887 0.0000 0.5000 0.0299 0.6113 0.0000 0.5000 0.0299 0.3887 0.0000 0.5000 0.0299 0.6113 0.0000 0.6989 0.0764 0.8117 0.0990 0.6989 0.0764 0.6113 0.0000 0.6989 0.0764 0.8117 0.0990 0.8583 0.2069 0.9505 0.2775 0.8583 0.2069 0.8117 0.0990 0.8583 0.2069 0.9505 0.2775 0.9469 0.3954 1.0000 0.5000 0.9469 0.3954 0.9505 0.2775 0.9469 0.3954 1.0000 0.5000 0.9469 0.6046 0.9505 0.7225 0.9469 0.6046 1.0000 0.5000 0.9469 0.6046 0.9505 0.7225 0.8583 0.7931 0.8117 0.9010 0.8583 0.7931 0.9505 0.7225 0.8583 0.7931 0.8117 0.9010 0.6989 0.9236 0.6113 1.0000 0.6989 0.9236 0.8117 0.9010 0.6989 0.9236 0.6113 1.0000 0.5000 0.9701 0.3887 1.0000 0.5000 0.9701 0.6113 1.0000 0.5000 0.9701 0.3887 1.0000 0.3011 0.9236 0.1883 0.9010 0.3011 0.9236 0.3887 1.0000 0.3011 0.9236 0.1883 0.9010 0.1417 0.7931 0.0495 0.7225 0.1417 0.7931 0.1883 0.9010 " />
						</IndexedFaceSet>
					</Shape>
				</Group>
			</Transform>
		</Transform>
		<Transform DEF="Shape_IndexedFaceSet_085_TRANSFORM"
		           translation="0.000000 0.000000 0.000000"
		           scale="1.000000 1.000000 1.000000"
		           rotation="-0.000000 0.000000 0.000000 0.000000"
		           >
			<Transform DEF="Shape_IndexedFaceSet_085_ifs_TRANSFORM"
			           translation="0.000000 0.000000 0.000000"
			           scale="1.000000 1.000000 1.000000"
			           rotation="0.000000 1.000000 0.000000 0.000000"
			           >
				<Group DEF="group_ME_Shape_IndexedFaceSet_3130">
					<Shape>
						<Appearance>
							<Material USE="MA_Shape_011" />
						</Appearance>
						<IndexedFaceSet solid="false"
						                texCoordIndex="0 1 2 -1 3 4 5 -1 6 7 8 -1 9 10 11 -1 12 13 14 -1 15 16 17 -1 18 19 20 -1 21 22 23 -1 24 25 26 -1 27 28 29 -1 30 31 32 -1 33 34 35 -1 36 37 38 -1 39 40 41 -1 42 43 44 -1 45 46 47 -1 48 49 50 -1 51 52 53 -1 54 55 56 -1 57 58 59 -1 60 61 62 -1 63 64 65 -1 66 67 68 -1 69 70 71 -1 72 73 74 -1 75 76 77 -1 78 79 80 -1 81 82 83 -1 "
						                coordIndex="7 10 11 -1 14 11 10 -1 11 14 16 -1 18 16 14 -1 16 18 20 -1 22 20 18 -1 20 22 25 -1 26 25 22 -1 25 26 27 -1 23 27 26 -1 27 23 24 -1 21 24 23 -1 24 21 19 -1 17 19 21 -1 19 17 15 -1 13 15 17 -1 15 13 12 -1 9 12 13 -1 12 9 8 -1 5 8 9 -1 8 5 2 -1 1 2 5 -1 2 1 0 -1 4 0 1 -1 0 4 3 -1 6 3 4 -1 3 6 7 -1 10 7 6 -1 "
						                >
							<Coordinate DEF="coords_ME_Shape_IndexedFaceSet_3130"
							            point="7.500000 2.694000 21.250299 7.500000 2.974700 20.840500 7.500000 2.991100 19.948700 7.500000 2.991100 22.552000 7.500000 3.066100 22.060900 7.500000 3.421800 19.701200 7.500000 3.678100 23.120800 7.500000 3.823500 23.595800 7.500000 3.823500 18.904800 7.500000 4.319000 18.868700 7.500000 4.689300 23.810200 7.500000 5.026400 24.175100 7.500000 5.026400 18.325500 7.500000 5.488500 18.507999 7.500000 5.899500 23.992599 7.500000 6.361500 18.325500 7.500000 6.361500 24.175100 7.500000 6.698700 18.690399 7.500000 7.069000 23.631901 7.500000 7.564400 18.904800 7.500000 7.564400 23.595800 7.500000 7.709900 19.379801 7.500000 7.966100 22.799400 7.500000 8.321800 20.439699 7.500000 8.396900 19.948700 7.500000 8.396900 22.552000 7.500000 8.413300 21.660200 7.500000 8.694000 21.250299 "
							            />
							<TextureCoordinate point="0.1883 0.9010 0.3325 0.9376 0.3887 1.0000 0.5343 0.9688 0.3887 1.0000 0.3325 0.9376 0.3887 1.0000 0.5343 0.9688 0.6112 1.0000 0.7292 0.9071 0.6112 1.0000 0.5343 0.9688 0.6112 1.0000 0.7292 0.9071 0.8117 0.9010 0.8787 0.7648 0.8117 0.9010 0.7292 0.9071 0.8117 0.9010 0.8787 0.7648 0.9505 0.7225 0.9532 0.5701 0.9505 0.7225 0.8787 0.7648 0.9505 0.7225 0.9532 0.5701 1.0000 0.5000 0.9380 0.3614 1.0000 0.5000 0.9532 0.5701 1.0000 0.5000 0.9380 0.3614 0.9505 0.2775 0.8360 0.1802 0.9505 0.2775 0.9380 0.3614 0.9505 0.2775 0.8360 0.1802 0.8117 0.0990 0.6675 0.0624 0.8117 0.0990 0.8360 0.1802 0.8117 0.0990 0.6675 0.0624 0.6112 0.0000 0.4658 0.0312 0.6112 0.0000 0.6675 0.0624 0.6112 0.0000 0.4658 0.0312 0.3887 0.0000 0.2708 0.0929 0.3887 0.0000 0.4658 0.0312 0.3887 0.0000 0.2708 0.0929 0.1883 0.0990 0.1213 0.2352 0.1883 0.0990 0.2708 0.0929 0.1883 0.0990 0.1213 0.2352 0.0495 0.2775 0.0468 0.4299 0.0495 0.2775 0.1213 0.2352 0.0495 0.2775 0.0468 0.4299 0.0000 0.5000 0.0620 0.6386 0.0000 0.5000 0.0468 0.4299 0.0000 0.5000 0.0620 0.6386 0.0495 0.7225 0.1640 0.8198 0.0495 0.7225 0.0620 0.6386 0.0495 0.7225 0.1640 0.8198 0.1883 0.9010 0.3325 0.9376 0.1883 0.9010 0.1640 0.8198 " />
						</IndexedFaceSet>
					</Shape>
				</Group>
			</Transform>
		</Transform>
		<Transform DEF="Shape_IndexedFaceSet_086_TRANSFORM"
		           translation="0.000000 0.000000 0.000000"
		           scale="1.000000 1.000000 1.000000"
		           rotation="-0.000000 0.000000 0.000000 0.000000"
		           >
			<Transform DEF="Shape_IndexedFaceSet_086_ifs_TRANSFORM"
			           translation="0.000000 0.000000 0.000000"
			           scale="1.000000 1.000000 1.000000"
			           rotation="0.000000 1.000000 0.000000 0.000000"
			           >
				<Group DEF="group_ME_Shape_IndexedFaceSet_3131">
					<Shape>
						<Appearance>
							<Material USE="MA_Shape_011" />
						</Appearance>
						<IndexedFaceSet solid="false"
						                texCoordIndex="0 1 2 -1 3 4 5 -1 6 7 8 -1 9 10 11 -1 12 13 14 -1 15 16 17 -1 18 19 20 -1 21 22 23 -1 24 25 26 -1 27 28 29 -1 30 31 32 -1 33 34 35 -1 36 37 38 -1 39 40 41 -1 42 43 44 -1 45 46 47 -1 48 49 50 -1 51 52 53 -1 54 55 56 -1 57 58 59 -1 60 61 62 -1 63 64 65 -1 66 67 68 -1 69 70 71 -1 72 73 74 -1 75 76 77 -1 78 79 80 -1 81 82 83 -1 "
						                coordIndex="13 11 17 -1 15 17 11 -1 17 15 21 -1 19 21 15 -1 21 19 23 -1 25 23 19 -1 23 25 26 -1 27 26 25 -1 26 27 22 -1 24 22 27 -1 22 24 18 -1 20 18 24 -1 18 20 14 -1 16 14 20 -1 14 16 10 -1 12 10 16 -1 10 12 6 -1 8 6 12 -1 6 8 4 -1 3 4 8 -1 4 3 1 -1 0 1 3 -1 1 0 5 -1 2 5 0 -1 5 2 9 -1 7 9 2 -1 9 7 13 -1 11 13 7 -1 "
						                >
							<Coordinate DEF="coords_ME_Shape_IndexedFaceSet_3131"
							            point="7.500000 12.556300 15.556300 7.500000 12.814000 15.350800 7.500000 12.853400 14.254600 7.500000 12.853400 16.858000 7.500000 12.996400 16.561001 7.500000 13.174700 14.181300 7.500000 13.685800 17.572201 7.500000 13.685800 13.210800 7.500000 13.685800 17.901800 7.500000 14.007200 13.284100 7.500000 14.745700 18.184099 7.500000 14.888700 12.631500 7.500000 14.888700 18.481100 7.500000 15.146400 12.837000 7.500000 15.966200 18.275600 7.500000 16.223900 12.631500 7.500000 16.223900 18.481100 7.500000 16.366899 12.928500 7.500000 17.105400 17.828501 7.500000 17.426800 13.210800 7.500000 17.426800 17.901800 7.500000 17.426800 13.540400 7.500000 17.937901 16.931299 7.500000 18.116199 14.551600 7.500000 18.259199 16.858000 7.500000 18.259199 14.254600 7.500000 18.298599 15.761800 7.500000 18.556299 15.556300 "
							            />
							<TextureCoordinate point="0.4317 0.0351 0.3887 0.0000 0.6351 0.0508 0.6113 0.0000 0.6351 0.0508 0.3887 0.0000 0.6351 0.0508 0.6113 0.0000 0.8117 0.1554 0.8117 0.0990 0.8117 0.1554 0.6113 0.0000 0.8117 0.1554 0.8117 0.0990 0.9266 0.3282 0.9505 0.2775 0.9266 0.3282 0.8117 0.0990 0.9266 0.3282 0.9505 0.2775 0.9571 0.5351 1.0000 0.5000 0.9571 0.5351 0.9505 0.2775 0.9571 0.5351 1.0000 0.5000 0.8969 0.7351 0.9505 0.7225 0.8969 0.7351 1.0000 0.5000 0.8969 0.7351 0.9505 0.7225 0.7582 0.8884 0.8117 0.9010 0.7582 0.8884 0.9505 0.7225 0.7582 0.8884 0.8117 0.9010 0.5683 0.9649 0.6113 1.0000 0.5683 0.9649 0.8117 0.9010 0.5683 0.9649 0.6113 1.0000 0.3649 0.9492 0.3887 1.0000 0.3649 0.9492 0.6113 1.0000 0.3649 0.9492 0.3887 1.0000 0.1883 0.8446 0.1883 0.9010 0.1883 0.8446 0.3887 1.0000 0.1883 0.8446 0.1883 0.9010 0.0733 0.6718 0.0495 0.7225 0.0733 0.6718 0.1883 0.9010 0.0733 0.6718 0.0495 0.7225 0.0430 0.4649 0.0000 0.5000 0.0430 0.4649 0.0495 0.7225 0.0430 0.4649 0.0000 0.5000 0.1031 0.2649 0.0495 0.2775 0.1031 0.2649 0.0000 0.5000 0.1031 0.2649 0.0495 0.2775 0.2418 0.1116 0.1883 0.0990 0.2418 0.1116 0.0495 0.2775 0.2418 0.1116 0.1883 0.0990 0.4317 0.0351 0.3887 0.0000 0.4317 0.0351 0.1883 0.0990 " />
						</IndexedFaceSet>
					</Shape>
				</Group>
			</Transform>
		</Transform>
		<Transform DEF="Shape_IndexedFaceSet_087_TRANSFORM"
		           translation="0.000000 0.000000 0.000000"
		           scale="1.000000 1.000000 1.000000"
		           rotation="-0.000000 0.000000 0.000000 0.000000"
		           >
			<Transform DEF="Shape_IndexedFaceSet_087_ifs_TRANSFORM"
			           translation="0.000000 0.000000 0.000000"
			           scale="1.000000 1.000000 1.000000"
			           rotation="0.000000 1.000000 0.000000 0.000000"
			           >
				<Group DEF="group_ME_Shape_IndexedFaceSet_3132">
					<Shape>
						<Appearance>
							<Material USE="MA_Shape_011" />
						</Appearance>
						<IndexedFaceSet solid="false"
						                texCoordIndex="0 1 2 -1 3 4 5 -1 6 7 8 -1 9 10 11 -1 12 13 14 -1 15 16 17 -1 18 19 20 -1 21 22 23 -1 24 25 26 -1 27 28 29 -1 30 31 32 -1 33 34 35 -1 36 37 38 -1 39 40 41 -1 42 43 44 -1 45 46 47 -1 48 49 50 -1 51 52 53 -1 54 55 56 -1 57 58 59 -1 60 61 62 -1 63 64 65 -1 66 67 68 -1 69 70 71 -1 72 73 74 -1 75 76 77 -1 78 79 80 -1 81 82 83 -1 84 85 86 -1 87 88 89 -1 90 91 92 -1 93 94 95 -1 96 97 98 -1 99 100 101 -1 102 103 104 -1 105 106 107 -1 108 109 110 -1 111 112 113 -1 114 115 116 -1 117 118 119 -1 120 121 122 -1 123 124 125 -1 126 127 128 -1 129 130 131 -1 132 133 134 -1 135 136 137 -1 138 139 140 -1 141 142 143 -1 144 145 146 -1 147 148 149 -1 150 151 152 -1 153 154 155 -1 156 157 158 -1 159 160 161 -1 162 163 164 -1 165 166 167 -1 168 169 170 -1 171 172 173 -1 174 175 176 -1 177 178 179 -1 180 181 182 -1 183 184 185 -1 186 187 188 -1 189 190 191 -1 192 193 194 -1 195 196 197 -1 198 199 200 -1 201 202 203 -1 204 205 206 -1 207 208 209 -1 210 211 212 -1 213 214 215 -1 216 217 218 -1 219 220 221 -1 222 223 224 -1 225 226 227 -1 228 229 230 -1 231 232 233 -1 234 235 236 -1 237 238 239 -1 240 241 242 -1 243 244 245 -1 246 247 248 -1 249 250 251 -1 252 253 254 -1 255 256 257 -1 258 259 260 -1 261 262 263 -1 264 265 266 -1 267 268 269 -1 270 271 272 -1 273 274 275 -1 276 277 278 -1 279 280 281 -1 282 283 284 -1 285 286 287 -1 288 289 290 -1 291 292 293 -1 294 295 296 -1 297 298 299 -1 300 301 302 -1 303 304 305 -1 306 307 308 -1 309 310 311 -1 312 313 314 -1 315 316 317 -1 318 319 320 -1 321 322 323 -1 324 325 326 -1 327 328 329 -1 330 331 332 -1 333 334 335 -1 336 337 338 -1 339 340 341 -1 342 343 344 -1 345 346 347 -1 348 349 350 -1 351 352 353 -1 354 355 356 -1 357 358 359 -1 360 361 362 -1 363 364 365 -1 366 367 368 -1 369 370 371 -1 372 373 374 -1 375 376 377 -1 378 379 380 -1 381 382 383 -1 384 385 386 -1 387 388 389 -1 390 391 392 -1 393 394 395 -1 396 397 398 -1 399 400 401 -1 402 403 404 -1 405 406 407 -1 408 409 410 -1 411 412 413 -1 414 415 416 -1 417 418 419 -1 420 421 422 -1 423 424 425 -1 426 427 428 -1 429 430 431 -1 432 433 434 -1 435 436 437 -1 438 439 440 -1 441 442 443 -1 444 445 446 -1 447 448 449 -1 450 451 452 -1 453 454 455 -1 456 457 458 -1 459 460 461 -1 462 463 464 -1 465 466 467 -1 468 469 470 -1 471 472 473 -1 474 475 476 -1 477 478 479 -1 480 481 482 -1 483 484 485 -1 486 487 488 -1 489 490 491 -1 492 493 494 -1 495 496 497 -1 498 499 500 -1 501 502 503 -1 504 505 506 -1 507 508 509 -1 510 511 512 -1 513 514 515 -1 516 517 518 -1 519 520 521 -1 522 523 524 -1 525 526 527 -1 528 529 530 -1 531 532 533 -1 534 535 536 -1 537 538 539 -1 540 541 542 -1 543 544 545 -1 546 547 548 -1 549 550 551 -1 552 553 554 -1 555 556 557 -1 558 559 560 -1 561 562 563 -1 564 565 566 -1 567 568 569 -1 570 571 572 -1 573 574 575 -1 576 577 578 -1 579 580 581 -1 582 583 584 -1 585 586 587 -1 588 589 590 -1 591 592 593 -1 594 595 596 -1 597 598 599 -1 600 601 602 -1 603 604 605 -1 606 607 608 -1 609 610 611 -1 612 613 614 -1 615 616 617 -1 618 619 620 -1 621 622 623 -1 624 625 626 -1 627 628 629 -1 630 631 632 -1 633 634 635 -1 636 637 638 -1 639 640 641 -1 642 643 644 -1 645 646 647 -1 648 649 650 -1 651 652 653 -1 654 655 656 -1 657 658 659 -1 660 661 662 -1 663 664 665 -1 666 667 668 -1 669 670 671 -1 672 673 674 -1 675 676 677 -1 678 679 680 -1 681 682 683 -1 684 685 686 -1 687 688 689 -1 690 691 692 -1 693 694 695 -1 696 697 698 -1 699 700 701 -1 702 703 704 -1 705 706 707 -1 708 709 710 -1 711 712 713 -1 714 715 716 -1 717 718 719 -1 720 721 722 -1 723 724 725 -1 726 727 728 -1 729 730 731 -1 732 733 734 -1 735 736 737 -1 738 739 740 -1 741 742 743 -1 744 745 746 -1 747 748 749 -1 750 751 752 -1 753 754 755 -1 756 757 758 -1 759 760 761 -1 762 763 764 -1 765 766 767 -1 768 769 770 -1 771 772 773 -1 774 775 776 -1 777 778 779 -1 780 781 782 -1 783 784 785 -1 786 787 788 -1 789 790 791 -1 792 793 794 -1 795 796 797 -1 798 799 800 -1 801 802 803 -1 804 805 806 -1 807 808 809 -1 810 811 812 -1 813 814 815 -1 816 817 818 -1 819 820 821 -1 822 823 824 -1 825 826 827 -1 828 829 830 -1 831 832 833 -1 834 835 836 -1 837 838 839 -1 840 841 842 -1 843 844 845 -1 846 847 848 -1 849 850 851 -1 852 853 854 -1 855 856 857 -1 858 859 860 -1 861 862 863 -1 864 865 866 -1 867 868 869 -1 870 871 872 -1 873 874 875 -1 876 877 878 -1 879 880 881 -1 882 883 884 -1 885 886 887 -1 888 889 890 -1 891 892 893 -1 894 895 896 -1 897 898 899 -1 "
						                coordIndex="52 1 53 -1 2 53 1 -1 53 2 56 -1 5 56 2 -1 56 5 58 -1 7 58 5 -1 58 7 60 -1 9 60 7 -1 60 9 62 -1 11 62 9 -1 62 11 64 -1 13 64 11 -1 64 13 66 -1 15 66 13 -1 66 15 68 -1 17 68 15 -1 68 17 70 -1 19 70 17 -1 70 19 71 -1 20 71 19 -1 71 20 73 -1 22 73 20 -1 73 22 75 -1 24 75 22 -1 75 24 78 -1 27 78 24 -1 78 27 80 -1 29 80 27 -1 80 29 82 -1 31 82 29 -1 82 31 83 -1 32 83 31 -1 83 32 85 -1 34 85 32 -1 85 34 88 -1 37 88 34 -1 88 37 89 -1 38 89 37 -1 89 38 92 -1 40 92 38 -1 92 40 94 -1 42 94 40 -1 94 42 95 -1 44 95 42 -1 95 44 97 -1 46 97 44 -1 97 46 100 -1 49 100 46 -1 100 49 101 -1 50 101 49 -1 101 50 99 -1 48 99 50 -1 99 48 98 -1 47 98 48 -1 98 47 96 -1 45 96 47 -1 96 45 93 -1 43 93 45 -1 93 43 91 -1 41 91 43 -1 91 41 90 -1 39 90 41 -1 90 39 87 -1 36 87 39 -1 87 36 86 -1 35 86 36 -1 86 35 84 -1 33 84 35 -1 84 33 81 -1 30 81 33 -1 81 30 79 -1 28 79 30 -1 79 28 77 -1 26 77 28 -1 77 26 76 -1 25 76 26 -1 76 25 74 -1 23 74 25 -1 74 23 72 -1 21 72 23 -1 72 21 69 -1 18 69 21 -1 69 18 67 -1 16 67 18 -1 67 16 65 -1 14 65 16 -1 65 14 63 -1 12 63 14 -1 63 12 61 -1 10 61 12 -1 61 10 59 -1 8 59 10 -1 59 8 57 -1 6 57 8 -1 57 6 55 -1 4 55 6 -1 55 4 54 -1 3 54 4 -1 54 3 51 -1 0 51 3 -1 103 52 104 -1 53 104 52 -1 104 53 107 -1 56 107 53 -1 107 56 109 -1 58 109 56 -1 109 58 111 -1 60 111 58 -1 111 60 113 -1 62 113 60 -1 113 62 115 -1 64 115 62 -1 115 64 117 -1 66 117 64 -1 117 66 119 -1 68 119 66 -1 119 68 121 -1 70 121 68 -1 121 70 122 -1 71 122 70 -1 122 71 124 -1 73 124 71 -1 124 73 126 -1 75 126 73 -1 126 75 129 -1 78 129 75 -1 129 78 131 -1 80 131 78 -1 131 80 133 -1 82 133 80 -1 133 82 134 -1 83 134 82 -1 134 83 136 -1 85 136 83 -1 136 85 139 -1 88 139 85 -1 139 88 140 -1 89 140 88 -1 140 89 142 -1 92 142 89 -1 142 92 144 -1 94 144 92 -1 144 94 146 -1 95 146 94 -1 146 95 148 -1 97 148 95 -1 148 97 151 -1 100 151 97 -1 151 100 152 -1 101 152 100 -1 152 101 150 -1 99 150 101 -1 150 99 149 -1 98 149 99 -1 149 98 147 -1 96 147 98 -1 147 96 145 -1 93 145 96 -1 145 93 143 -1 91 143 93 -1 143 91 141 -1 90 141 91 -1 141 90 138 -1 87 138 90 -1 138 87 137 -1 86 137 87 -1 137 86 135 -1 84 135 86 -1 135 84 132 -1 81 132 84 -1 132 81 130 -1 79 130 81 -1 130 79 128 -1 77 128 79 -1 128 77 127 -1 76 127 77 -1 127 76 125 -1 74 125 76 -1 125 74 123 -1 72 123 74 -1 123 72 120 -1 69 120 72 -1 120 69 118 -1 67 118 69 -1 118 67 116 -1 65 116 67 -1 116 65 114 -1 63 114 65 -1 114 63 112 -1 61 112 63 -1 112 61 110 -1 59 110 61 -1 110 59 108 -1 57 108 59 -1 108 57 106 -1 55 106 57 -1 106 55 105 -1 54 105 55 -1 105 54 102 -1 51 102 54 -1 154 103 155 -1 104 155 103 -1 155 104 158 -1 107 158 104 -1 158 107 160 -1 109 160 107 -1 160 109 162 -1 111 162 109 -1 162 111 164 -1 113 164 111 -1 164 113 166 -1 115 166 113 -1 166 115 168 -1 117 168 115 -1 168 117 170 -1 119 170 117 -1 170 119 172 -1 121 172 119 -1 172 121 173 -1 122 173 121 -1 173 122 175 -1 124 175 122 -1 175 124 177 -1 126 177 124 -1 177 126 180 -1 129 180 126 -1 180 129 182 -1 131 182 129 -1 182 131 184 -1 133 184 131 -1 184 133 185 -1 134 185 133 -1 185 134 187 -1 136 187 134 -1 187 136 190 -1 139 190 136 -1 190 139 191 -1 140 191 139 -1 191 140 194 -1 142 194 140 -1 194 142 195 -1 144 195 142 -1 195 144 197 -1 146 197 144 -1 197 146 199 -1 148 199 146 -1 199 148 201 -1 151 201 148 -1 201 151 203 -1 152 203 151 -1 203 152 202 -1 150 202 152 -1 202 150 200 -1 149 200 150 -1 200 149 198 -1 147 198 149 -1 198 147 196 -1 145 196 147 -1 196 145 193 -1 143 193 145 -1 193 143 192 -1 141 192 143 -1 192 141 189 -1 138 189 141 -1 189 138 188 -1 137 188 138 -1 188 137 186 -1 135 186 137 -1 186 135 183 -1 132 183 135 -1 183 132 181 -1 130 181 132 -1 181 130 179 -1 128 179 130 -1 179 128 178 -1 127 178 128 -1 178 127 176 -1 125 176 127 -1 176 125 174 -1 123 174 125 -1 174 123 171 -1 120 171 123 -1 171 120 169 -1 118 169 120 -1 169 118 167 -1 116 167 118 -1 167 116 165 -1 114 165 116 -1 165 114 163 -1 112 163 114 -1 163 112 161 -1 110 161 112 -1 161 110 159 -1 108 159 110 -1 159 108 157 -1 106 157 108 -1 157 106 156 -1 105 156 106 -1 156 105 153 -1 102 153 105 -1 "
						                >
							<Coordinate DEF="coords_ME_Shape_IndexedFaceSet_3132"
							            point="9.999900 -9.800000 0.000000 9.999900 -9.800000 0.000000 9.999900 -9.722700 1.228200 9.999900 -9.722700 -1.228200 9.999900 -9.492100 -2.437100 9.999900 -9.492100 2.437100 9.999900 -9.111800 -3.607600 9.999900 -9.111800 3.607600 9.999900 -8.587800 -4.721100 9.999900 -8.587800 4.721100 9.999900 -7.928300 -5.760200 9.999900 -7.928300 5.760200 9.999900 -7.143800 -6.708500 9.999900 -7.143800 6.708500 9.999900 -6.246700 -7.551000 9.999900 -6.246700 7.551000 9.999900 -5.251100 -8.274400 9.999900 -5.251100 8.274400 9.999900 -4.172600 -8.867300 9.999900 -4.172600 8.867300 9.999900 -3.028300 9.320300 9.999900 -3.028300 -9.320300 9.999900 -1.836300 9.626400 9.999900 -1.836300 -9.626400 9.999900 -0.615300 9.780600 9.999900 -0.615300 -9.780600 9.999900 0.615300 -9.780600 9.999900 0.615300 9.780600 9.999900 1.836300 -9.626400 9.999900 1.836300 9.626400 9.999900 3.028300 -9.320300 9.999900 3.028300 9.320300 9.999900 4.172600 8.867300 9.999900 4.172600 -8.867300 9.999900 5.251100 8.274400 9.999900 5.251100 -8.274400 9.999900 6.246700 -7.551000 9.999900 6.246700 7.551000 9.999900 7.143800 6.708500 9.999900 7.143800 -6.708500 9.999900 7.928300 5.760200 9.999900 7.928300 -5.760200 9.999900 8.587800 4.721100 9.999900 8.587800 -4.721100 9.999900 9.111800 3.607600 9.999900 9.111800 -3.607600 9.999900 9.492100 2.437100 9.999900 9.492100 -2.437100 9.999900 9.722700 -1.228200 9.999900 9.722700 1.228200 9.999900 9.799900 0.000000 10.026700 -9.900000 0.000000 10.026700 -9.900000 0.000000 10.026700 -9.821900 1.240700 10.026700 -9.821900 -1.240700 10.026700 -9.588900 -2.462000 10.026700 -9.588900 2.462000 10.026700 -9.204700 -3.644400 10.026700 -9.204700 3.644400 10.026700 -8.675400 -4.769300 10.026700 -8.675400 4.769300 10.026700 -8.009200 -5.819000 10.026700 -8.009200 5.819000 10.026700 -7.216700 -6.777000 10.026700 -7.216700 6.777000 10.026700 -6.310400 -7.628000 10.026700 -6.310400 7.628000 10.026700 -5.304600 -8.358800 10.026700 -5.304600 8.358800 10.026700 -4.215200 -8.957700 10.026700 -4.215200 8.957700 10.026700 -3.059200 9.415400 10.026700 -3.059200 -9.415400 10.026700 -1.855000 9.724600 10.026700 -1.855000 -9.724600 10.026700 -0.621600 9.880400 10.026700 -0.621600 -9.880400 10.026700 0.621600 -9.880400 10.026700 0.621600 9.880400 10.026700 1.855000 -9.724600 10.026700 1.855000 9.724600 10.026700 3.059200 -9.415400 10.026700 3.059200 9.415400 10.026700 4.215200 8.957700 10.026700 4.215200 -8.957700 10.026700 5.304600 8.358800 10.026700 5.304600 -8.358800 10.026700 6.310400 -7.628000 10.026700 6.310400 7.628000 10.026700 7.216700 6.777000 10.026700 7.216700 -6.777000 10.026700 8.009200 -5.819000 10.026700 8.009200 5.819000 10.026700 8.675400 -4.769300 10.026700 8.675400 4.769300 10.026700 9.204700 3.644400 10.026700 9.204700 -3.644400 10.026700 9.588900 2.462000 10.026700 9.588900 -2.462000 10.026700 9.821900 -1.240700 10.026700 9.821900 1.240700 10.026700 9.899900 0.000000 10.099900 -9.973200 0.000000 10.099900 -9.973200 0.000000 10.099900 -9.894500 1.249900 10.099900 -9.894500 -1.249900 10.099900 -9.659800 -2.480200 10.099900 -9.659800 2.480200 10.099900 -9.272800 -3.671300 10.099900 -9.272800 3.671300 10.099900 -8.739500 -4.804600 10.099900 -8.739500 4.804600 10.099900 -8.068400 -5.862100 10.099900 -8.068400 5.862100 10.099900 -7.270100 -6.827100 10.099900 -7.270100 6.827100 10.099900 -6.357100 -7.684400 10.099900 -6.357100 7.684400 10.099900 -5.343900 -8.420600 10.099900 -5.343900 8.420600 10.099900 -4.246300 -9.024000 10.099900 -4.246300 9.024000 10.099900 -3.081800 9.485000 10.099900 -3.081800 -9.485000 10.099900 -1.868700 9.796500 10.099900 -1.868700 -9.796500 10.099900 -0.626200 9.953500 10.099900 -0.626200 -9.953500 10.099900 0.626200 -9.953500 10.099900 0.626200 9.953500 10.099900 1.868700 -9.796500 10.099900 1.868700 9.796500 10.099900 3.081800 -9.485000 10.099900 3.081800 9.485000 10.099900 4.246300 9.024000 10.099900 4.246300 -9.024000 10.099900 5.343900 8.420600 10.099900 5.343900 -8.420600 10.099900 6.357100 -7.684400 10.099900 6.357100 7.684400 10.099900 7.270100 6.827100 10.099900 7.270100 -6.827100 10.099900 8.068400 5.862100 10.099900 8.068400 -5.862100 10.099900 8.739500 4.804600 10.099900 8.739500 -4.804600 10.099900 9.272800 3.671300 10.099900 9.272800 -3.671300 10.099900 9.659800 2.480200 10.099900 9.659800 -2.480200 10.099900 9.894500 -1.249900 10.099900 9.894500 1.249900 10.099900 9.973200 0.000000 10.199900 -10.000000 0.000000 10.199900 -10.000000 0.000000 10.199900 -9.921100 1.253300 10.199900 -9.921100 -1.253300 10.199900 -9.685800 -2.486800 10.199900 -9.685800 2.486800 10.199900 -9.297700 -3.681200 10.199900 -9.297700 3.681200 10.199900 -8.763000 -4.817500 10.199900 -8.763000 4.817500 10.199900 -8.090100 -5.877800 10.199900 -8.090100 5.877800 10.199900 -7.289600 -6.845400 10.199900 -7.289600 6.845400 10.199900 -6.374200 -7.705100 10.199900 -6.374200 7.705100 10.199900 -5.358200 -8.443200 10.199900 -5.358200 8.443200 10.199900 -4.257700 -9.048200 10.199900 -4.257700 9.048200 10.199900 -3.090100 9.510500 10.199900 -3.090100 -9.510500 10.199900 -1.873800 9.822800 10.199900 -1.873800 -9.822800 10.199900 -0.627900 9.980200 10.199900 -0.627900 -9.980200 10.199900 0.627900 -9.980200 10.199900 0.627900 9.980200 10.199900 1.873800 -9.822800 10.199900 1.873800 9.822800 10.199900 3.090100 -9.510500 10.199900 3.090100 9.510500 10.199900 4.257700 9.048200 10.199900 4.257700 -9.048200 10.199900 5.358200 8.443200 10.199900 5.358200 -8.443200 10.199900 6.374200 -7.705100 10.199900 6.374200 7.705100 10.199900 7.289600 6.845400 10.199900 7.289600 -6.845400 10.199900 8.090100 -5.877800 10.199900 8.090100 5.877800 10.199900 8.763000 4.817500 10.199900 8.763000 -4.817500 10.199900 9.297700 3.681200 10.199900 9.297700 -3.681200 10.199900 9.685800 2.486800 10.199900 9.685800 -2.486800 10.199900 9.921100 1.253300 10.199900 9.921100 -1.253300 10.199900 9.999900 0.000000 "
							            />
							<TextureCoordinate point="0.0050 0.5000 0.0100 0.5000 0.0089 0.5622 0.0139 0.5615 0.0089 0.5622 0.0100 0.5000 0.0089 0.5622 0.0139 0.5615 0.0206 0.6233 0.0254 0.6221 0.0206 0.6233 0.0139 0.5615 0.0206 0.6233 0.0254 0.6221 0.0398 0.6826 0.0444 0.6807 0.0398 0.6826 0.0254 0.6221 0.0398 0.6826 0.0444 0.6807 0.0662 0.7389 0.0706 0.7365 0.0662 0.7389 0.0444 0.6807 0.0662 0.7389 0.0706 0.7365 0.0995 0.7915 0.1036 0.7886 0.0995 0.7915 0.0706 0.7365 0.0995 0.7915 0.1036 0.7886 0.1392 0.8395 0.1428 0.8361 0.1392 0.8395 0.1036 0.7886 0.1392 0.8395 0.1428 0.8361 0.1845 0.8822 0.1877 0.8783 0.1845 0.8822 0.1428 0.8361 0.1845 0.8822 0.1877 0.8783 0.2348 0.9188 0.2374 0.9145 0.2348 0.9188 0.1877 0.8783 0.2348 0.9188 0.2374 0.9145 0.2892 0.9488 0.2914 0.9442 0.2892 0.9488 0.2374 0.9145 0.2892 0.9488 0.2914 0.9442 0.3470 0.9717 0.3486 0.9669 0.3470 0.9717 0.2914 0.9442 0.3470 0.9717 0.3486 0.9669 0.4073 0.9872 0.4082 0.9823 0.4073 0.9872 0.3486 0.9669 0.4073 0.9872 0.4082 0.9823 0.4689 0.9950 0.4692 0.9900 0.4689 0.9950 0.4082 0.9823 0.4689 0.9950 0.4692 0.9900 0.5311 0.9950 0.5308 0.9900 0.5311 0.9950 0.4692 0.9900 0.5311 0.9950 0.5308 0.9900 0.5928 0.9872 0.5918 0.9823 0.5928 0.9872 0.5308 0.9900 0.5928 0.9872 0.5918 0.9823 0.6530 0.9717 0.6514 0.9669 0.6530 0.9717 0.5918 0.9823 0.6530 0.9717 0.6514 0.9669 0.7108 0.9488 0.7086 0.9442 0.7108 0.9488 0.6514 0.9669 0.7108 0.9488 0.7086 0.9442 0.7652 0.9188 0.7626 0.9145 0.7652 0.9188 0.7086 0.9442 0.7652 0.9188 0.7626 0.9145 0.8155 0.8822 0.8123 0.8783 0.8155 0.8822 0.7626 0.9145 0.8155 0.8822 0.8123 0.8783 0.8608 0.8395 0.8572 0.8361 0.8608 0.8395 0.8123 0.8783 0.8608 0.8395 0.8572 0.8361 0.9005 0.7915 0.8964 0.7886 0.9005 0.7915 0.8572 0.8361 0.9005 0.7915 0.8964 0.7886 0.9338 0.7389 0.9294 0.7365 0.9338 0.7389 0.8964 0.7886 0.9338 0.7389 0.9294 0.7365 0.9602 0.6826 0.9556 0.6807 0.9602 0.6826 0.9294 0.7365 0.9602 0.6826 0.9556 0.6807 0.9794 0.6233 0.9746 0.6221 0.9794 0.6233 0.9556 0.6807 0.9794 0.6233 0.9746 0.6221 0.9911 0.5622 0.9861 0.5615 0.9911 0.5622 0.9746 0.6221 0.9911 0.5622 0.9861 0.5615 0.9950 0.5000 0.9900 0.5000 0.9950 0.5000 0.9861 0.5615 0.9950 0.5000 0.9900 0.5000 0.9911 0.4378 0.9861 0.4385 0.9911 0.4378 0.9900 0.5000 0.9911 0.4378 0.9861 0.4385 0.9794 0.3767 0.9746 0.3779 0.9794 0.3767 0.9861 0.4385 0.9794 0.3767 0.9746 0.3779 0.9602 0.3174 0.9556 0.3193 0.9602 0.3174 0.9746 0.3779 0.9602 0.3174 0.9556 0.3193 0.9338 0.2611 0.9294 0.2635 0.9338 0.2611 0.9556 0.3193 0.9338 0.2611 0.9294 0.2635 0.9005 0.2085 0.8964 0.2114 0.9005 0.2085 0.9294 0.2635 0.9005 0.2085 0.8964 0.2114 0.8608 0.1605 0.8572 0.1639 0.8608 0.1605 0.8964 0.2114 0.8608 0.1605 0.8572 0.1639 0.8155 0.1178 0.8123 0.1217 0.8155 0.1178 0.8572 0.1639 0.8155 0.1178 0.8123 0.1217 0.7652 0.0812 0.7626 0.0855 0.7652 0.0812 0.8123 0.1217 0.7652 0.0812 0.7626 0.0855 0.7108 0.0512 0.7086 0.0558 0.7108 0.0512 0.7626 0.0855 0.7108 0.0512 0.7086 0.0558 0.6530 0.0283 0.6514 0.0331 0.6530 0.0283 0.7086 0.0558 0.6530 0.0283 0.6514 0.0331 0.5928 0.0128 0.5918 0.0177 0.5928 0.0128 0.6514 0.0331 0.5928 0.0128 0.5918 0.0177 0.5311 0.0050 0.5308 0.0100 0.5311 0.0050 0.5918 0.0177 0.5311 0.0050 0.5308 0.0100 0.4689 0.0050 0.4692 0.0100 0.4689 0.0050 0.5308 0.0100 0.4689 0.0050 0.4692 0.0100 0.4073 0.0128 0.4082 0.0177 0.4073 0.0128 0.4692 0.0100 0.4073 0.0128 0.4082 0.0177 0.3470 0.0283 0.3486 0.0331 0.3470 0.0283 0.4082 0.0177 0.3470 0.0283 0.3486 0.0331 0.2892 0.0512 0.2914 0.0558 0.2892 0.0512 0.3486 0.0331 0.2892 0.0512 0.2914 0.0558 0.2348 0.0812 0.2374 0.0855 0.2348 0.0812 0.2914 0.0558 0.2348 0.0812 0.2374 0.0855 0.1845 0.1178 0.1877 0.1217 0.1845 0.1178 0.2374 0.0855 0.1845 0.1178 0.1877 0.1217 0.1392 0.1605 0.1428 0.1639 0.1392 0.1605 0.1877 0.1217 0.1392 0.1605 0.1428 0.1639 0.0995 0.2085 0.1036 0.2114 0.0995 0.2085 0.1428 0.1639 0.0995 0.2085 0.1036 0.2114 0.0662 0.2611 0.0706 0.2635 0.0662 0.2611 0.1036 0.2114 0.0662 0.2611 0.0706 0.2635 0.0398 0.3174 0.0444 0.3193 0.0398 0.3174 0.0706 0.2635 0.0398 0.3174 0.0444 0.3193 0.0206 0.3767 0.0254 0.3779 0.0206 0.3767 0.0444 0.3193 0.0206 0.3767 0.0254 0.3779 0.0089 0.4378 0.0139 0.4385 0.0089 0.4378 0.0254 0.3779 0.0089 0.4378 0.0139 0.4385 0.0050 0.5000 0.0100 0.5000 0.0050 0.5000 0.0139 0.4385 0.0013 0.5000 0.0050 0.5000 0.0053 0.5626 0.0089 0.5622 0.0053 0.5626 0.0050 0.5000 0.0053 0.5626 0.0089 0.5622 0.0170 0.6243 0.0206 0.6233 0.0170 0.6243 0.0089 0.5622 0.0170 0.6243 0.0206 0.6233 0.0364 0.6839 0.0398 0.6826 0.0364 0.6839 0.0206 0.6233 0.0364 0.6839 0.0398 0.6826 0.0630 0.7407 0.0662 0.7389 0.0630 0.7407 0.0398 0.6826 0.0630 0.7407 0.0662 0.7389 0.0966 0.7937 0.0995 0.7915 0.0966 0.7937 0.0662 0.7389 0.0966 0.7937 0.0995 0.7915 0.1365 0.8420 0.1392 0.8395 0.1365 0.8420 0.0995 0.7915 0.1365 0.8420 0.1392 0.8395 0.1821 0.8850 0.1845 0.8822 0.1821 0.8850 0.1392 0.8395 0.1821 0.8850 0.1845 0.8822 0.2328 0.9219 0.2348 0.9188 0.2328 0.9219 0.1845 0.8822 0.2328 0.9219 0.2348 0.9188 0.2877 0.9521 0.2892 0.9488 0.2877 0.9521 0.2348 0.9188 0.2877 0.9521 0.2892 0.9488 0.3459 0.9752 0.3470 0.9717 0.3459 0.9752 0.2892 0.9488 0.3459 0.9752 0.3470 0.9717 0.4066 0.9908 0.4073 0.9872 0.4066 0.9908 0.3470 0.9717 0.4066 0.9908 0.4073 0.9872 0.4687 0.9987 0.4689 0.9950 0.4687 0.9987 0.4073 0.9872 0.4687 0.9987 0.4689 0.9950 0.5313 0.9987 0.5311 0.9950 0.5313 0.9987 0.4689 0.9950 0.5313 0.9987 0.5311 0.9950 0.5934 0.9908 0.5928 0.9872 0.5934 0.9908 0.5311 0.9950 0.5934 0.9908 0.5928 0.9872 0.6541 0.9752 0.6530 0.9717 0.6541 0.9752 0.5928 0.9872 0.6541 0.9752 0.6530 0.9717 0.7123 0.9521 0.7108 0.9488 0.7123 0.9521 0.6530 0.9717 0.7123 0.9521 0.7108 0.9488 0.7672 0.9219 0.7652 0.9188 0.7672 0.9219 0.7108 0.9488 0.7672 0.9219 0.7652 0.9188 0.8179 0.8850 0.8155 0.8822 0.8179 0.8850 0.7652 0.9188 0.8179 0.8850 0.8155 0.8822 0.8635 0.8420 0.8608 0.8395 0.8635 0.8420 0.8155 0.8822 0.8635 0.8420 0.8608 0.8395 0.9034 0.7937 0.9005 0.7915 0.9034 0.7937 0.8608 0.8395 0.9034 0.7937 0.9005 0.7915 0.9370 0.7407 0.9338 0.7389 0.9370 0.7407 0.9005 0.7915 0.9370 0.7407 0.9338 0.7389 0.9636 0.6839 0.9602 0.6826 0.9636 0.6839 0.9338 0.7389 0.9636 0.6839 0.9602 0.6826 0.9830 0.6243 0.9794 0.6233 0.9830 0.6243 0.9602 0.6826 0.9830 0.6243 0.9794 0.6233 0.9947 0.5626 0.9911 0.5622 0.9947 0.5626 0.9794 0.6233 0.9947 0.5626 0.9911 0.5622 0.9987 0.5000 0.9950 0.5000 0.9987 0.5000 0.9911 0.5622 0.9987 0.5000 0.9950 0.5000 0.9947 0.4374 0.9911 0.4378 0.9947 0.4374 0.9950 0.5000 0.9947 0.4374 0.9911 0.4378 0.9830 0.3757 0.9794 0.3767 0.9830 0.3757 0.9911 0.4378 0.9830 0.3757 0.9794 0.3767 0.9636 0.3161 0.9602 0.3174 0.9636 0.3161 0.9794 0.3767 0.9636 0.3161 0.9602 0.3174 0.9370 0.2593 0.9338 0.2611 0.9370 0.2593 0.9602 0.3174 0.9370 0.2593 0.9338 0.2611 0.9034 0.2063 0.9005 0.2085 0.9034 0.2063 0.9338 0.2611 0.9034 0.2063 0.9005 0.2085 0.8635 0.1580 0.8608 0.1605 0.8635 0.1580 0.9005 0.2085 0.8635 0.1580 0.8608 0.1605 0.8179 0.1150 0.8155 0.1178 0.8179 0.1150 0.8608 0.1605 0.8179 0.1150 0.8155 0.1178 0.7672 0.0781 0.7652 0.0812 0.7672 0.0781 0.8155 0.1178 0.7672 0.0781 0.7652 0.0812 0.7123 0.0479 0.7108 0.0512 0.7123 0.0479 0.7652 0.0812 0.7123 0.0479 0.7108 0.0512 0.6541 0.0248 0.6530 0.0283 0.6541 0.0248 0.7108 0.0512 0.6541 0.0248 0.6530 0.0283 0.5934 0.0092 0.5928 0.0128 0.5934 0.0092 0.6530 0.0283 0.5934 0.0092 0.5928 0.0128 0.5313 0.0013 0.5311 0.0050 0.5313 0.0013 0.5928 0.0128 0.5313 0.0013 0.5311 0.0050 0.4687 0.0013 0.4689 0.0050 0.4687 0.0013 0.5311 0.0050 0.4687 0.0013 0.4689 0.0050 0.4066 0.0092 0.4073 0.0128 0.4066 0.0092 0.4689 0.0050 0.4066 0.0092 0.4073 0.0128 0.3459 0.0248 0.3470 0.0283 0.3459 0.0248 0.4073 0.0128 0.3459 0.0248 0.3470 0.0283 0.2877 0.0479 0.2892 0.0512 0.2877 0.0479 0.3470 0.0283 0.2877 0.0479 0.2892 0.0512 0.2328 0.0781 0.2348 0.0812 0.2328 0.0781 0.2892 0.0512 0.2328 0.0781 0.2348 0.0812 0.1821 0.1150 0.1845 0.1178 0.1821 0.1150 0.2348 0.0812 0.1821 0.1150 0.1845 0.1178 0.1365 0.1580 0.1392 0.1605 0.1365 0.1580 0.1845 0.1178 0.1365 0.1580 0.1392 0.1605 0.0966 0.2063 0.0995 0.2085 0.0966 0.2063 0.1392 0.1605 0.0966 0.2063 0.0995 0.2085 0.0630 0.2593 0.0662 0.2611 0.0630 0.2593 0.0995 0.2085 0.0630 0.2593 0.0662 0.2611 0.0364 0.3161 0.0398 0.3174 0.0364 0.3161 0.0662 0.2611 0.0364 0.3161 0.0398 0.3174 0.0170 0.3757 0.0206 0.3767 0.0170 0.3757 0.0398 0.3174 0.0170 0.3757 0.0206 0.3767 0.0053 0.4374 0.0089 0.4378 0.0053 0.4374 0.0206 0.3767 0.0053 0.4374 0.0089 0.4378 0.0013 0.5000 0.0050 0.5000 0.0013 0.5000 0.0089 0.4378 0.0000 0.5000 0.0013 0.5000 0.0039 0.5628 0.0053 0.5626 0.0039 0.5628 0.0013 0.5000 0.0039 0.5628 0.0053 0.5626 0.0157 0.6246 0.0170 0.6243 0.0157 0.6246 0.0053 0.5626 0.0157 0.6246 0.0170 0.6243 0.0351 0.6844 0.0364 0.6839 0.0351 0.6844 0.0170 0.6243 0.0351 0.6844 0.0364 0.6839 0.0619 0.7414 0.0630 0.7407 0.0619 0.7414 0.0364 0.6839 0.0619 0.7414 0.0630 0.7407 0.0955 0.7945 0.0966 0.7937 0.0955 0.7945 0.0630 0.7407 0.0955 0.7945 0.0966 0.7937 0.1355 0.8429 0.1365 0.8420 0.1355 0.8429 0.0966 0.7937 0.1355 0.8429 0.1365 0.8420 0.1813 0.8860 0.1821 0.8850 0.1813 0.8860 0.1365 0.8420 0.1813 0.8860 0.1821 0.8850 0.2321 0.9230 0.2328 0.9219 0.2321 0.9230 0.1821 0.8850 0.2321 0.9230 0.2328 0.9219 0.2871 0.9533 0.2877 0.9521 0.2871 0.9533 0.2328 0.9219 0.2871 0.9533 0.2877 0.9521 0.3455 0.9765 0.3459 0.9752 0.3455 0.9765 0.2877 0.9521 0.3455 0.9765 0.3459 0.9752 0.4063 0.9921 0.4066 0.9908 0.4063 0.9921 0.3459 0.9752 0.4063 0.9921 0.4066 0.9908 0.4686 1.0000 0.4687 0.9987 0.4686 1.0000 0.4066 0.9908 0.4686 1.0000 0.4687 0.9987 0.5314 1.0000 0.5313 0.9987 0.5314 1.0000 0.4687 0.9987 0.5314 1.0000 0.5313 0.9987 0.5937 0.9921 0.5934 0.9908 0.5937 0.9921 0.5313 0.9987 0.5937 0.9921 0.5934 0.9908 0.6545 0.9765 0.6541 0.9752 0.6545 0.9765 0.5934 0.9908 0.6545 0.9765 0.6541 0.9752 0.7129 0.9533 0.7123 0.9521 0.7129 0.9533 0.6541 0.9752 0.7129 0.9533 0.7123 0.9521 0.7679 0.9230 0.7672 0.9219 0.7679 0.9230 0.7123 0.9521 0.7679 0.9230 0.7672 0.9219 0.8187 0.8860 0.8179 0.8850 0.8187 0.8860 0.7672 0.9219 0.8187 0.8860 0.8179 0.8850 0.8645 0.8429 0.8635 0.8420 0.8645 0.8429 0.8179 0.8850 0.8645 0.8429 0.8635 0.8420 0.9045 0.7945 0.9034 0.7937 0.9045 0.7945 0.8635 0.8420 0.9045 0.7945 0.9034 0.7937 0.9382 0.7414 0.9370 0.7407 0.9382 0.7414 0.9034 0.7937 0.9382 0.7414 0.9370 0.7407 0.9649 0.6844 0.9636 0.6839 0.9649 0.6844 0.9370 0.7407 0.9649 0.6844 0.9636 0.6839 0.9843 0.6246 0.9830 0.6243 0.9843 0.6246 0.9636 0.6839 0.9843 0.6246 0.9830 0.6243 0.9961 0.5628 0.9947 0.5626 0.9961 0.5628 0.9830 0.6243 0.9961 0.5628 0.9947 0.5626 1.0000 0.5000 0.9987 0.5000 1.0000 0.5000 0.9947 0.5626 1.0000 0.5000 0.9987 0.5000 0.9961 0.4372 0.9947 0.4374 0.9961 0.4372 0.9987 0.5000 0.9961 0.4372 0.9947 0.4374 0.9843 0.3754 0.9830 0.3757 0.9843 0.3754 0.9947 0.4374 0.9843 0.3754 0.9830 0.3757 0.9649 0.3156 0.9636 0.3161 0.9649 0.3156 0.9830 0.3757 0.9649 0.3156 0.9636 0.3161 0.9382 0.2586 0.9370 0.2593 0.9382 0.2586 0.9636 0.3161 0.9382 0.2586 0.9370 0.2593 0.9045 0.2055 0.9034 0.2063 0.9045 0.2055 0.9370 0.2593 0.9045 0.2055 0.9034 0.2063 0.8645 0.1571 0.8635 0.1580 0.8645 0.1571 0.9034 0.2063 0.8645 0.1571 0.8635 0.1580 0.8187 0.1140 0.8179 0.1150 0.8187 0.1140 0.8635 0.1580 0.8187 0.1140 0.8179 0.1150 0.7679 0.0770 0.7672 0.0781 0.7679 0.0770 0.8179 0.1150 0.7679 0.0770 0.7672 0.0781 0.7129 0.0467 0.7123 0.0479 0.7129 0.0467 0.7672 0.0781 0.7129 0.0467 0.7123 0.0479 0.6545 0.0235 0.6541 0.0248 0.6545 0.0235 0.7123 0.0479 0.6545 0.0235 0.6541 0.0248 0.5937 0.0079 0.5934 0.0092 0.5937 0.0079 0.6541 0.0248 0.5937 0.0079 0.5934 0.0092 0.5314 0.0000 0.5313 0.0013 0.5314 0.0000 0.5934 0.0092 0.5314 0.0000 0.5313 0.0013 0.4686 0.0000 0.4687 0.0013 0.4686 0.0000 0.5313 0.0013 0.4686 0.0000 0.4687 0.0013 0.4063 0.0079 0.4066 0.0092 0.4063 0.0079 0.4687 0.0013 0.4063 0.0079 0.4066 0.0092 0.3455 0.0235 0.3459 0.0248 0.3455 0.0235 0.4066 0.0092 0.3455 0.0235 0.3459 0.0248 0.2871 0.0467 0.2877 0.0479 0.2871 0.0467 0.3459 0.0248 0.2871 0.0467 0.2877 0.0479 0.2321 0.0770 0.2328 0.0781 0.2321 0.0770 0.2877 0.0479 0.2321 0.0770 0.2328 0.0781 0.1813 0.1140 0.1821 0.1150 0.1813 0.1140 0.2328 0.0781 0.1813 0.1140 0.1821 0.1150 0.1355 0.1571 0.1365 0.1580 0.1355 0.1571 0.1821 0.1150 0.1355 0.1571 0.1365 0.1580 0.0955 0.2055 0.0966 0.2063 0.0955 0.2055 0.1365 0.1580 0.0955 0.2055 0.0966 0.2063 0.0619 0.2586 0.0630 0.2593 0.0619 0.2586 0.0966 0.2063 0.0619 0.2586 0.0630 0.2593 0.0351 0.3156 0.0364 0.3161 0.0351 0.3156 0.0630 0.2593 0.0351 0.3156 0.0364 0.3161 0.0157 0.3754 0.0170 0.3757 0.0157 0.3754 0.0364 0.3161 0.0157 0.3754 0.0170 0.3757 0.0039 0.4372 0.0053 0.4374 0.0039 0.4372 0.0170 0.3757 0.0039 0.4372 0.0053 0.4374 0.0000 0.5000 0.0013 0.5000 0.0000 0.5000 0.0053 0.4374 " />
						</IndexedFaceSet>
					</Shape>
				</Group>
			</Transform>
		</Transform>
		<Transform DEF="Shape_IndexedFaceSet_088_TRANSFORM"
		           translation="0.000000 0.000000 0.000000"
		           scale="1.000000 1.000000 1.000000"
		           rotation="-0.000000 0.000000 0.000000 0.000000"
		           >
			<Transform DEF="Shape_IndexedFaceSet_088_ifs_TRANSFORM"
			           translation="0.000000 0.000000 0.000000"
			           scale="1.000000 1.000000 1.000000"
			           rotation="0.000000 1.000000 0.000000 0.000000"
			           >
				<Group DEF="group_ME_Shape_IndexedFaceSet_3133">
					<Shape>
						<Appearance>
							<Material USE="MA_Shape_011" />
						</Appearance>
						<IndexedFaceSet solid="false"
						                texCoordIndex="0 1 2 -1 3 4 5 -1 6 7 8 -1 9 10 11 -1 12 13 14 -1 15 16 17 -1 18 19 20 -1 21 22 23 -1 24 25 26 -1 27 28 29 -1 "
						                coordIndex="8 6 5 -1 8 5 11 -1 4 11 5 -1 11 4 10 -1 0 7 1 -1 9 1 7 -1 1 9 2 -1 10 2 9 -1 2 10 3 -1 4 3 10 -1 "
						                >
							<Coordinate DEF="coords_ME_Shape_IndexedFaceSet_3133"
							            point="10.212600 15.567100 12.556300 10.212600 16.410200 11.432500 10.212600 17.191299 10.220300 10.212600 17.313299 9.996100 10.212600 17.923300 8.874300 10.212600 18.549999 7.476300 10.212600 18.657700 7.203400 15.500000 15.567100 12.556300 15.500000 18.657700 7.203400 15.500000 16.675301 11.042200 15.500000 17.287901 9.981200 15.500000 17.900499 8.920100 "
							            />
							<TextureCoordinate point="0.0000 1.0000 0.0000 0.0000 0.0510 0.0000 0.0000 1.0000 0.0510 0.0000 0.3207 1.0000 0.3121 0.0000 0.3207 1.0000 0.0510 0.0000 0.3207 1.0000 0.3121 0.0000 0.5189 1.0000 1.0000 0.0000 1.0000 1.0000 0.7901 0.0000 0.7171 1.0000 0.7901 0.0000 1.0000 1.0000 0.7901 0.0000 0.7171 1.0000 0.5636 0.0000 0.5189 1.0000 0.5636 0.0000 0.7171 1.0000 0.5636 0.0000 0.5189 1.0000 0.5217 0.0000 0.3121 0.0000 0.5217 0.0000 0.5189 1.0000 " />
						</IndexedFaceSet>
					</Shape>
				</Group>
			</Transform>
		</Transform>
		<Transform DEF="Shape_IndexedFaceSet_089_TRANSFORM"
		           translation="0.000000 0.000000 0.000000"
		           scale="1.000000 1.000000 1.000000"
		           rotation="-0.000000 0.000000 0.000000 0.000000"
		           >
			<Transform DEF="Shape_IndexedFaceSet_089_ifs_TRANSFORM"
			           translation="0.000000 0.000000 0.000000"
			           scale="1.000000 1.000000 1.000000"
			           rotation="0.000000 1.000000 0.000000 0.000000"
			           >
				<Group DEF="group_ME_Shape_IndexedFaceSet_3134">
					<Shape>
						<Appearance>
							<Material USE="MA_Shape_011" />
						</Appearance>
						<IndexedFaceSet solid="false"
						                texCoordIndex="0 1 2 -1 3 4 5 -1 6 7 8 -1 9 10 11 -1 12 13 14 -1 15 16 17 -1 18 19 20 -1 21 22 23 -1 24 25 26 -1 27 28 29 -1 30 31 32 -1 33 34 35 -1 36 37 38 -1 39 40 41 -1 42 43 44 -1 45 46 47 -1 48 49 50 -1 51 52 53 -1 54 55 56 -1 57 58 59 -1 60 61 62 -1 63 64 65 -1 66 67 68 -1 69 70 71 -1 72 73 74 -1 75 76 77 -1 78 79 80 -1 81 82 83 -1 84 85 86 -1 87 88 89 -1 90 91 92 -1 93 94 95 -1 96 97 98 -1 99 100 101 -1 102 103 104 -1 105 106 107 -1 108 109 110 -1 111 112 113 -1 114 115 116 -1 117 118 119 -1 120 121 122 -1 123 124 125 -1 126 127 128 -1 129 130 131 -1 132 133 134 -1 135 136 137 -1 138 139 140 -1 141 142 143 -1 144 145 146 -1 147 148 149 -1 150 151 152 -1 153 154 155 -1 156 157 158 -1 159 160 161 -1 162 163 164 -1 165 166 167 -1 168 169 170 -1 171 172 173 -1 174 175 176 -1 177 178 179 -1 180 181 182 -1 183 184 185 -1 186 187 188 -1 189 190 191 -1 192 193 194 -1 195 196 197 -1 198 199 200 -1 201 202 203 -1 204 205 206 -1 207 208 209 -1 210 211 212 -1 213 214 215 -1 216 217 218 -1 219 220 221 -1 222 223 224 -1 225 226 227 -1 228 229 230 -1 231 232 233 -1 234 235 236 -1 237 238 239 -1 240 241 242 -1 243 244 245 -1 246 247 248 -1 249 250 251 -1 252 253 254 -1 255 256 257 -1 258 259 260 -1 261 262 263 -1 264 265 266 -1 267 268 269 -1 270 271 272 -1 273 274 275 -1 276 277 278 -1 279 280 281 -1 282 283 284 -1 285 286 287 -1 288 289 290 -1 291 292 293 -1 294 295 296 -1 297 298 299 -1 "
						                coordIndex="13 62 60 -1 13 60 11 -1 57 11 60 -1 11 57 9 -1 56 9 57 -1 9 56 7 -1 54 7 56 -1 7 54 5 -1 52 5 54 -1 5 52 2 -1 64 2 52 -1 2 64 1 -1 62 13 66 -1 15 66 13 -1 66 15 68 -1 24 74 22 -1 71 22 74 -1 22 71 20 -1 70 20 71 -1 20 70 19 -1 68 19 70 -1 19 68 17 -1 15 17 68 -1 0 63 3 -1 51 3 63 -1 3 51 4 -1 53 4 51 -1 4 53 6 -1 55 6 53 -1 6 55 8 -1 58 8 55 -1 8 58 10 -1 59 10 58 -1 10 59 12 -1 61 12 59 -1 12 61 14 -1 65 14 61 -1 14 65 16 -1 67 16 65 -1 16 67 18 -1 69 18 67 -1 18 69 21 -1 72 21 69 -1 21 72 23 -1 73 23 72 -1 23 73 25 -1 76 25 73 -1 25 76 26 -1 77 26 76 -1 26 77 28 -1 79 28 77 -1 28 79 30 -1 81 30 79 -1 30 81 33 -1 84 33 81 -1 33 84 35 -1 85 35 84 -1 35 85 36 -1 87 36 85 -1 36 87 39 -1 89 39 87 -1 39 89 40 -1 91 40 89 -1 40 91 43 -1 93 43 91 -1 43 93 44 -1 95 44 93 -1 44 95 47 -1 97 47 95 -1 47 97 48 -1 99 48 97 -1 48 99 50 -1 101 50 99 -1 50 101 49 -1 100 49 101 -1 49 100 46 -1 98 46 100 -1 46 98 45 -1 96 45 98 -1 45 96 42 -1 94 42 96 -1 42 94 41 -1 92 41 94 -1 41 92 38 -1 90 38 92 -1 38 90 37 -1 88 37 90 -1 37 88 34 -1 86 34 88 -1 34 86 32 -1 83 32 86 -1 32 83 31 -1 82 31 83 -1 31 82 29 -1 80 29 82 -1 29 80 27 -1 78 27 80 -1 27 78 24 -1 75 24 78 -1 24 75 74 -1 "
						                >
							<Coordinate DEF="coords_ME_Shape_IndexedFaceSet_3134"
							            point="10.199900 -10.000000 0.000000 10.199900 -10.000000 0.000000 10.199900 -9.921100 1.253300 10.199900 -9.921100 -1.253300 10.199900 -9.685800 -2.486800 10.199900 -9.685800 2.486800 10.199900 -9.297700 -3.681200 10.199900 -9.297700 3.681200 10.199900 -8.763000 -4.817500 10.199900 -8.763000 4.817500 10.199900 -8.090100 -5.877800 10.199900 -8.090100 5.877800 10.199900 -7.289600 -6.845400 10.199900 -7.289600 6.845400 10.199900 -6.374200 -7.705100 10.199900 -6.374200 7.705100 10.199900 -5.358200 -8.443200 10.199900 -5.358200 8.443200 10.199900 -4.257700 -9.048200 10.199900 -4.257700 9.048200 10.199900 -3.090100 9.510500 10.199900 -3.090100 -9.510500 10.199900 -1.873800 9.822800 10.199900 -1.873800 -9.822800 10.199900 -0.627900 9.980200 10.199900 -0.627900 -9.980200 10.199900 0.627900 -9.980200 10.199900 0.627900 9.980200 10.199900 1.873800 -9.822800 10.199900 1.873800 9.822800 10.199900 3.090100 -9.510500 10.199900 3.090100 9.510500 10.199900 4.257700 9.048200 10.199900 4.257700 -9.048200 10.199900 5.358200 8.443200 10.199900 5.358200 -8.443200 10.199900 6.374200 -7.705100 10.199900 6.374200 7.705100 10.199900 7.289600 6.845400 10.199900 7.289600 -6.845400 10.199900 8.090100 -5.877800 10.199900 8.090100 5.877800 10.199900 8.763000 4.817500 10.199900 8.763000 -4.817500 10.199900 9.297700 -3.681200 10.199900 9.297700 3.681200 10.199900 9.685800 2.486800 10.199900 9.685800 -2.486800 10.199900 9.921100 -1.253300 10.199900 9.921100 1.253300 10.199900 9.999900 0.000000 15.500000 -9.709400 -2.393100 15.500000 -9.709400 2.393100 15.500000 -9.675300 -2.482900 15.500000 -9.675300 2.482900 15.500000 -8.854500 -4.647200 15.500000 -8.854500 4.647200 15.500000 -8.745400 4.805300 15.500000 -8.745400 -4.805300 15.500000 -7.485100 -6.631200 15.500000 -7.485100 6.631200 15.500000 -7.269200 -6.822400 15.500000 -7.269200 6.822400 15.500000 -10.000000 0.000000 15.500000 -10.000000 0.000000 15.500000 -5.680600 -8.229800 15.500000 -5.680600 8.229800 15.500000 -5.340000 -8.408500 15.500000 -5.340000 8.408500 15.500000 -3.546000 -9.350100 15.500000 -3.546000 9.350100 15.500000 -3.079000 9.465200 15.500000 -3.079000 -9.465200 15.500000 -1.205300 -9.927000 15.500000 -1.205300 9.927000 15.500000 -0.627900 9.927000 15.500000 -0.627900 -9.927000 15.500000 1.205300 -9.927000 15.500000 1.205300 9.927000 15.500000 1.859700 -9.765700 15.500000 1.859700 9.765700 15.500000 3.546000 -9.350100 15.500000 3.546000 9.350100 15.500000 4.228300 8.992000 15.500000 4.228300 -8.992000 15.500000 5.680600 -8.229800 15.500000 5.680600 8.229800 15.500000 6.329600 -7.654800 15.500000 6.329600 7.654800 15.500000 7.485100 -6.631200 15.500000 7.485100 6.631200 15.500000 8.032500 -5.838000 15.500000 8.032500 5.838000 15.500000 8.854500 -4.647200 15.500000 8.854500 4.647200 15.500000 9.230500 -3.655700 15.500000 9.230500 3.655700 15.500000 9.709400 -2.393100 15.500000 9.709400 2.393100 15.500000 9.848800 -1.244500 15.500000 9.848800 1.244500 15.500000 9.999900 0.000000 "
							            />
							<TextureCoordinate point="0.1355 0.8429 0.1365 0.8418 0.1257 0.8322 0.1355 0.8429 0.1257 0.8322 0.0955 0.7945 0.0627 0.7407 0.0955 0.7945 0.1257 0.8322 0.0955 0.7945 0.0627 0.7407 0.0619 0.7414 0.0573 0.7328 0.0619 0.7414 0.0627 0.7407 0.0619 0.7414 0.0573 0.7328 0.0351 0.6844 0.0162 0.6244 0.0351 0.6844 0.0573 0.7328 0.0351 0.6844 0.0162 0.6244 0.0157 0.6246 0.0145 0.6199 0.0157 0.6246 0.0162 0.6244 0.0157 0.6246 0.0145 0.6199 0.0039 0.5628 0.0000 0.5000 0.0039 0.5628 0.0145 0.6199 0.0039 0.5628 0.0000 0.5000 0.0000 0.5000 0.1365 0.8418 0.1355 0.8429 0.2160 0.9123 0.1813 0.8860 0.2160 0.9123 0.1355 0.8429 0.2160 0.9123 0.1813 0.8860 0.2330 0.9213 0.4686 1.0000 0.4397 0.9973 0.4063 0.9921 0.3461 0.9742 0.4063 0.9921 0.4397 0.9973 0.4063 0.9921 0.3461 0.9742 0.3455 0.9765 0.3227 0.9684 0.3455 0.9765 0.3461 0.9742 0.3455 0.9765 0.3227 0.9684 0.2871 0.9533 0.2330 0.9213 0.2871 0.9533 0.3227 0.9684 0.2871 0.9533 0.2330 0.9213 0.2321 0.9230 0.1813 0.8860 0.2321 0.9230 0.2330 0.9213 0.0000 0.5000 0.0000 0.5000 0.0039 0.4372 0.0145 0.3801 0.0039 0.4372 0.0000 0.5000 0.0039 0.4372 0.0145 0.3801 0.0157 0.3754 0.0162 0.3756 0.0157 0.3754 0.0145 0.3801 0.0157 0.3754 0.0162 0.3756 0.0351 0.3156 0.0573 0.2672 0.0351 0.3156 0.0162 0.3756 0.0351 0.3156 0.0573 0.2672 0.0619 0.2586 0.0627 0.2593 0.0619 0.2586 0.0573 0.2672 0.0619 0.2586 0.0627 0.2593 0.0955 0.2055 0.1257 0.1678 0.0955 0.2055 0.0627 0.2593 0.0955 0.2055 0.1257 0.1678 0.1355 0.1571 0.1365 0.1582 0.1355 0.1571 0.1257 0.1678 0.1355 0.1571 0.1365 0.1582 0.1813 0.1140 0.2160 0.0877 0.1813 0.1140 0.1365 0.1582 0.1813 0.1140 0.2160 0.0877 0.2321 0.0770 0.2330 0.0787 0.2321 0.0770 0.2160 0.0877 0.2321 0.0770 0.2330 0.0787 0.2871 0.0467 0.3227 0.0316 0.2871 0.0467 0.2330 0.0787 0.2871 0.0467 0.3227 0.0316 0.3455 0.0235 0.3461 0.0258 0.3455 0.0235 0.3227 0.0316 0.3455 0.0235 0.3461 0.0258 0.4063 0.0079 0.4397 0.0027 0.4063 0.0079 0.3461 0.0258 0.4063 0.0079 0.4397 0.0027 0.4686 0.0000 0.4686 0.0027 0.4686 0.0000 0.4397 0.0027 0.4686 0.0000 0.4686 0.0027 0.5314 0.0000 0.5603 0.0027 0.5314 0.0000 0.4686 0.0027 0.5314 0.0000 0.5603 0.0027 0.5937 0.0079 0.5930 0.0107 0.5937 0.0079 0.5603 0.0027 0.5937 0.0079 0.5930 0.0107 0.6545 0.0235 0.6773 0.0316 0.6545 0.0235 0.5930 0.0107 0.6545 0.0235 0.6773 0.0316 0.7129 0.0467 0.7114 0.0495 0.7129 0.0467 0.6773 0.0316 0.7129 0.0467 0.7114 0.0495 0.7679 0.0770 0.7840 0.0877 0.7679 0.0770 0.7114 0.0495 0.7679 0.0770 0.7840 0.0877 0.8187 0.1140 0.8165 0.1165 0.8187 0.1140 0.7840 0.0877 0.8187 0.1140 0.8165 0.1165 0.8645 0.1571 0.8743 0.1678 0.8645 0.1571 0.8165 0.1165 0.8645 0.1571 0.8743 0.1678 0.9045 0.2055 0.9016 0.2075 0.9045 0.2055 0.8743 0.1678 0.9045 0.2055 0.9016 0.2075 0.9382 0.2586 0.9427 0.2672 0.9382 0.2586 0.9016 0.2075 0.9382 0.2586 0.9427 0.2672 0.9649 0.3156 0.9615 0.3169 0.9649 0.3156 0.9427 0.2672 0.9649 0.3156 0.9615 0.3169 0.9843 0.3754 0.9855 0.3801 0.9843 0.3754 0.9615 0.3169 0.9843 0.3754 0.9855 0.3801 0.9961 0.4372 0.9924 0.4377 0.9961 0.4372 0.9855 0.3801 0.9961 0.4372 0.9924 0.4377 1.0000 0.5000 1.0000 0.5000 1.0000 0.5000 0.9924 0.4377 1.0000 0.5000 1.0000 0.5000 0.9961 0.5628 0.9924 0.5623 0.9961 0.5628 1.0000 0.5000 0.9961 0.5628 0.9924 0.5623 0.9843 0.6246 0.9855 0.6199 0.9843 0.6246 0.9924 0.5623 0.9843 0.6246 0.9855 0.6199 0.9649 0.6844 0.9615 0.6831 0.9649 0.6844 0.9855 0.6199 0.9649 0.6844 0.9615 0.6831 0.9382 0.7414 0.9427 0.7328 0.9382 0.7414 0.9615 0.6831 0.9382 0.7414 0.9427 0.7328 0.9045 0.7945 0.9016 0.7925 0.9045 0.7945 0.9427 0.7328 0.9045 0.7945 0.9016 0.7925 0.8645 0.8429 0.8743 0.8322 0.8645 0.8429 0.9016 0.7925 0.8645 0.8429 0.8743 0.8322 0.8187 0.8860 0.8165 0.8835 0.8187 0.8860 0.8743 0.8322 0.8187 0.8860 0.8165 0.8835 0.7679 0.9230 0.7840 0.9123 0.7679 0.9230 0.8165 0.8835 0.7679 0.9230 0.7840 0.9123 0.7129 0.9533 0.7114 0.9505 0.7129 0.9533 0.7840 0.9123 0.7129 0.9533 0.7114 0.9505 0.6545 0.9765 0.6773 0.9684 0.6545 0.9765 0.7114 0.9505 0.6545 0.9765 0.6773 0.9684 0.5937 0.9921 0.5930 0.9893 0.5937 0.9921 0.6773 0.9684 0.5937 0.9921 0.5930 0.9893 0.5314 1.0000 0.5603 0.9973 0.5314 1.0000 0.5930 0.9893 0.5314 1.0000 0.5603 0.9973 0.4686 1.0000 0.4686 0.9973 0.4686 1.0000 0.5603 0.9973 0.4686 1.0000 0.4686 0.9973 0.4397 0.9973 " />
						</IndexedFaceSet>
					</Shape>
				</Group>
			</Transform>
		</Transform>
		<Transform DEF="Shape_IndexedFaceSet_090_TRANSFORM"
		           translation="0.000000 0.000000 0.000000"
		           scale="1.000000 1.000000 1.000000"
		           rotation="-0.000000 0.000000 0.000000 0.000000"
		           >
			<Transform DEF="Shape_IndexedFaceSet_090_ifs_TRANSFORM"
			           translation="0.000000 0.000000 0.000000"
			           scale="1.000000 1.000000 1.000000"
			           rotation="0.000000 1.000000 0.000000 0.000000"
			           >
				<Group DEF="group_ME_Shape_IndexedFaceSet_3135">
					<Shape>
						<Appearance>
							<Material USE="MA_Shape_011" />
						</Appearance>
						<IndexedFaceSet solid="false"
						                texCoordIndex="0 1 2 -1 3 4 5 -1 6 7 8 -1 9 10 11 -1 12 13 14 -1 15 16 17 -1 18 19 20 -1 21 22 23 -1 24 25 26 -1 27 28 29 -1 30 31 32 -1 33 34 35 -1 36 37 38 -1 39 40 41 -1 42 43 44 -1 45 46 47 -1 48 49 50 -1 51 52 53 -1 54 55 56 -1 57 58 59 -1 60 61 62 -1 63 64 65 -1 66 67 68 -1 69 70 71 -1 72 73 74 -1 75 76 77 -1 78 79 80 -1 81 82 83 -1 84 85 86 -1 87 88 89 -1 90 91 92 -1 93 94 95 -1 96 97 98 -1 99 100 101 -1 102 103 104 -1 105 106 107 -1 108 109 110 -1 111 112 113 -1 114 115 116 -1 117 118 119 -1 120 121 122 -1 123 124 125 -1 126 127 128 -1 129 130 131 -1 132 133 134 -1 135 136 137 -1 138 139 140 -1 141 142 143 -1 144 145 146 -1 147 148 149 -1 "
						                coordIndex="0 2 25 -1 0 25 1 -1 8 6 25 -1 4 25 6 -1 25 4 1 -1 14 12 25 -1 10 25 12 -1 25 10 8 -1 19 18 25 -1 16 25 18 -1 25 16 14 -1 27 23 25 -1 21 25 23 -1 25 21 19 -1 32 31 25 -1 29 25 31 -1 25 29 27 -1 38 37 25 -1 34 25 37 -1 25 34 32 -1 44 42 25 -1 40 25 42 -1 25 40 38 -1 50 49 25 -1 46 25 49 -1 25 46 44 -1 45 47 25 -1 48 25 47 -1 25 48 50 -1 39 41 25 -1 43 25 41 -1 25 43 45 -1 33 35 25 -1 36 25 35 -1 25 36 39 -1 26 28 25 -1 30 25 28 -1 25 30 33 -1 20 22 25 -1 24 25 22 -1 25 24 26 -1 13 15 25 -1 17 25 15 -1 25 17 20 -1 7 9 25 -1 11 25 9 -1 25 11 13 -1 2 3 25 -1 5 25 3 -1 25 5 7 -1 "
						                >
							<Coordinate DEF="coords_ME_Shape_IndexedFaceSet_3135"
							            point="10.000000 -9.800000 0.000000 10.000000 -9.722700 1.228200 10.000000 -9.722700 -1.228200 10.000000 -9.492100 -2.437100 10.000000 -9.492100 2.437100 10.000000 -9.111800 -3.607600 10.000000 -9.111800 3.607600 10.000000 -8.587800 -4.721100 10.000000 -8.587800 4.721100 10.000000 -7.928300 -5.760200 10.000000 -7.928300 5.760200 10.000000 -7.143800 -6.708500 10.000000 -7.143800 6.708500 10.000000 -6.246700 -7.551000 10.000000 -6.246700 7.551000 10.000000 -5.251100 -8.274400 10.000000 -5.251100 8.274400 10.000000 -4.172600 -8.867300 10.000000 -4.172600 8.867300 10.000000 -3.028300 9.320300 10.000000 -3.028300 -9.320300 10.000000 -1.836300 9.626400 10.000000 -1.836300 -9.626400 10.000000 -0.615300 9.780600 10.000000 -0.615300 -9.780600 10.000000 0.000000 0.000000 10.000000 0.615300 -9.780600 10.000000 0.615300 9.780600 10.000000 1.836300 -9.626400 10.000000 1.836300 9.626400 10.000000 3.028300 -9.320300 10.000000 3.028300 9.320300 10.000000 4.172600 8.867300 10.000000 4.172600 -8.867300 10.000000 5.251100 8.274400 10.000000 5.251100 -8.274400 10.000000 6.246700 -7.551000 10.000000 6.246700 7.551000 10.000000 7.143800 6.708500 10.000000 7.143800 -6.708500 10.000000 7.928300 5.760200 10.000000 7.928300 -5.760200 10.000000 8.587800 4.721100 10.000000 8.587800 -4.721100 10.000000 9.111800 3.607600 10.000000 9.111800 -3.607600 10.000000 9.492100 2.437100 10.000000 9.492100 -2.437100 10.000000 9.722700 -1.228200 10.000000 9.722700 1.228200 10.000000 9.799900 0.000000 "
							            />
							<TextureCoordinate point="0.0000 0.5000 0.0039 0.4372 0.5000 0.5000 0.0000 0.5000 0.5000 0.5000 0.0039 0.5628 0.0618 0.7414 0.0351 0.6844 0.5000 0.5000 0.0157 0.6246 0.5000 0.5000 0.0351 0.6844 0.5000 0.5000 0.0157 0.6246 0.0039 0.5628 0.1813 0.8860 0.1355 0.8429 0.5000 0.5000 0.0955 0.7945 0.5000 0.5000 0.1355 0.8429 0.5000 0.5000 0.0955 0.7945 0.0618 0.7414 0.3455 0.9765 0.2871 0.9533 0.5000 0.5000 0.2321 0.9230 0.5000 0.5000 0.2871 0.9533 0.5000 0.5000 0.2321 0.9230 0.1813 0.8860 0.5314 1.0000 0.4686 1.0000 0.5000 0.5000 0.4063 0.9921 0.5000 0.5000 0.4686 1.0000 0.5000 0.5000 0.4063 0.9921 0.3455 0.9765 0.7129 0.9533 0.6545 0.9765 0.5000 0.5000 0.5937 0.9921 0.5000 0.5000 0.6545 0.9765 0.5000 0.5000 0.5937 0.9921 0.5314 1.0000 0.8645 0.8429 0.8187 0.8860 0.5000 0.5000 0.7679 0.9230 0.5000 0.5000 0.8187 0.8860 0.5000 0.5000 0.7679 0.9230 0.7129 0.9533 0.9649 0.6844 0.9382 0.7414 0.5000 0.5000 0.9045 0.7945 0.5000 0.5000 0.9382 0.7414 0.5000 0.5000 0.9045 0.7945 0.8645 0.8429 1.0000 0.5000 0.9961 0.5628 0.5000 0.5000 0.9843 0.6246 0.5000 0.5000 0.9961 0.5628 0.5000 0.5000 0.9843 0.6246 0.9649 0.6844 0.9649 0.3156 0.9843 0.3754 0.5000 0.5000 0.9961 0.4372 0.5000 0.5000 0.9843 0.3754 0.5000 0.5000 0.9961 0.4372 1.0000 0.5000 0.8645 0.1571 0.9045 0.2055 0.5000 0.5000 0.9382 0.2586 0.5000 0.5000 0.9045 0.2055 0.5000 0.5000 0.9382 0.2586 0.9649 0.3156 0.7129 0.0467 0.7679 0.0770 0.5000 0.5000 0.8187 0.1140 0.5000 0.5000 0.7679 0.0770 0.5000 0.5000 0.8187 0.1140 0.8645 0.1571 0.5314 0.0000 0.5937 0.0079 0.5000 0.5000 0.6545 0.0235 0.5000 0.5000 0.5937 0.0079 0.5000 0.5000 0.6545 0.0235 0.7129 0.0467 0.3455 0.0235 0.4063 0.0079 0.5000 0.5000 0.4686 0.0000 0.5000 0.5000 0.4063 0.0079 0.5000 0.5000 0.4686 0.0000 0.5314 0.0000 0.1813 0.1140 0.2321 0.0770 0.5000 0.5000 0.2871 0.0467 0.5000 0.5000 0.2321 0.0770 0.5000 0.5000 0.2871 0.0467 0.3455 0.0235 0.0618 0.2586 0.0955 0.2055 0.5000 0.5000 0.1355 0.1571 0.5000 0.5000 0.0955 0.2055 0.5000 0.5000 0.1355 0.1571 0.1813 0.1140 0.0039 0.4372 0.0157 0.3754 0.5000 0.5000 0.0351 0.3156 0.5000 0.5000 0.0157 0.3754 0.5000 0.5000 0.0351 0.3156 0.0618 0.2586 " />
						</IndexedFaceSet>
					</Shape>
				</Group>
			</Transform>
		</Transform>
		<Transform DEF="Shape_IndexedFaceSet_091_TRANSFORM"
		           translation="0.000000 0.000000 0.000000"
		           scale="1.000000 1.000000 1.000000"
		           rotation="-0.000000 0.000000 0.000000 0.000000"
		           >
			<Transform DEF="Shape_IndexedFaceSet_091_ifs_TRANSFORM"
			           translation="0.000000 0.000000 0.000000"
			           scale="1.000000 1.000000 1.000000"
			           rotation="0.000000 1.000000 0.000000 0.000000"
			           >
				<Group DEF="group_ME_Shape_IndexedFaceSet_3136">
					<Shape>
						<Appearance>
							<Material USE="MA_Shape_011" />
						</Appearance>
						<IndexedFaceSet solid="false"
						                texCoordIndex="0 1 2 -1 3 4 5 -1 6 7 8 -1 9 10 11 -1 12 13 14 -1 15 16 17 -1 18 19 20 -1 21 22 23 -1 24 25 26 -1 "
						                coordIndex="7 5 10 -1 4 10 5 -1 10 4 9 -1 0 6 1 -1 8 1 6 -1 1 8 2 -1 9 2 8 -1 2 9 3 -1 4 3 9 -1 "
						                >
							<Coordinate DEF="coords_ME_Shape_IndexedFaceSet_3136"
							            point="10.212600 7.203400 18.657700 10.212600 8.181300 18.250000 10.212600 9.554300 17.570200 10.212600 9.993300 17.309200 10.212600 10.871300 16.787300 10.212600 12.556300 15.567100 15.500000 7.203400 18.657700 15.500000 12.556300 15.567100 15.500000 8.920100 17.900499 15.500000 9.981200 17.287901 15.500000 11.042200 16.675301 "
							            />
							<TextureCoordinate point="1.0000 1.0000 1.0000 0.0000 0.7171 1.0000 0.6852 0.0000 0.7171 1.0000 1.0000 0.0000 0.7171 1.0000 0.6852 0.0000 0.5189 1.0000 0.0000 0.0000 0.0000 1.0000 0.1827 0.0000 0.3207 1.0000 0.1827 0.0000 0.0000 1.0000 0.1827 0.0000 0.3207 1.0000 0.4392 0.0000 0.5189 1.0000 0.4392 0.0000 0.3207 1.0000 0.4392 0.0000 0.5189 1.0000 0.5212 0.0000 0.6852 0.0000 0.5212 0.0000 0.5189 1.0000 " />
						</IndexedFaceSet>
					</Shape>
				</Group>
			</Transform>
		</Transform>
		<Transform DEF="Shape_IndexedFaceSet_092_TRANSFORM"
		           translation="0.000000 0.000000 0.000000"
		           scale="1.000000 1.000000 1.000000"
		           rotation="-0.000000 0.000000 0.000000 0.000000"
		           >
			<Transform DEF="Shape_IndexedFaceSet_092_ifs_TRANSFORM"
			           translation="0.000000 0.000000 0.000000"
			           scale="1.000000 1.000000 1.000000"
			           rotation="0.000000 1.000000 0.000000 0.000000"
			           >
				<Group DEF="group_ME_Shape_IndexedFaceSet_3137">
					<Shape>
						<Appearance>
							<Material USE="MA_Shape_011" />
						</Appearance>
						<IndexedFaceSet solid="false"
						                texCoordIndex="0 1 2 -1 3 4 5 -1 6 7 8 -1 9 10 11 -1 12 13 14 -1 15 16 17 -1 18 19 20 -1 21 22 23 -1 24 25 26 -1 "
						                coordIndex="0 9 1 -1 6 1 9 -1 1 6 2 -1 7 2 6 -1 2 7 3 -1 8 3 7 -1 3 8 4 -1 10 4 8 -1 4 10 5 -1 "
						                >
							<Coordinate DEF="coords_ME_Shape_IndexedFaceSet_3137"
							            point="10.212600 -3.090500 19.759701 10.212600 -0.766000 19.985300 10.212600 0.000000 19.985300 10.212600 0.766000 19.985300 10.212600 2.293600 19.868000 10.212600 3.090500 19.759701 15.499900 -1.225100 19.962400 15.499900 0.000000 19.962400 15.499900 1.225100 19.962400 15.500000 -3.090500 19.759701 15.500000 3.090500 19.759701 "
							            />
							<TextureCoordinate point="0.0000 0.0000 0.0000 1.0000 0.3761 0.0000 0.3018 1.0000 0.3761 0.0000 0.0000 1.0000 0.3761 0.0000 0.3018 1.0000 0.5000 0.0000 0.5000 1.0000 0.5000 0.0000 0.3018 1.0000 0.5000 0.0000 0.5000 1.0000 0.6239 0.0000 0.6982 1.0000 0.6239 0.0000 0.5000 1.0000 0.6239 0.0000 0.6982 1.0000 0.8711 0.0000 1.0000 1.0000 0.8711 0.0000 0.6982 1.0000 0.8711 0.0000 1.0000 1.0000 1.0000 0.0000 " />
						</IndexedFaceSet>
					</Shape>
				</Group>
			</Transform>
		</Transform>
		<Transform DEF="Shape_IndexedFaceSet_093_TRANSFORM"
		           translation="0.000000 0.000000 0.000000"
		           scale="1.000000 1.000000 1.000000"
		           rotation="-0.000000 0.000000 0.000000 0.000000"
		           >
			<Transform DEF="Shape_IndexedFaceSet_093_ifs_TRANSFORM"
			           translation="0.000000 0.000000 0.000000"
			           scale="1.000000 1.000000 1.000000"
			           rotation="0.000000 1.000000 0.000000 0.000000"
			           >
				<Group DEF="group_ME_Shape_IndexedFaceSet_3138">
					<Shape>
						<Appearance>
							<Material USE="MA_Shape_011" />
						</Appearance>
						<IndexedFaceSet solid="false"
						                texCoordIndex="0 1 2 -1 3 4 5 -1 6 7 8 -1 9 10 11 -1 12 13 14 -1 15 16 17 -1 18 19 20 -1 21 22 23 -1 24 25 26 -1 27 28 29 -1 "
						                coordIndex="5 9 10 -1 8 6 7 -1 4 7 6 -1 7 4 11 -1 5 10 0 -1 4 3 11 -1 2 11 3 -1 11 2 10 -1 1 10 2 -1 10 1 0 -1 "
						                >
							<Coordinate DEF="coords_ME_Shape_IndexedFaceSet_3138"
							            point="15.499900 -18.657700 7.203400 15.499900 -17.900499 8.920100 15.499900 -17.287901 9.981200 15.499900 -16.675301 11.042200 15.499900 -15.567100 12.556300 15.661700 -18.565001 6.987900 15.970800 -14.889400 12.636300 16.000000 -15.429000 11.868400 16.000000 -14.847400 12.641300 16.000000 -18.371401 6.537600 16.000000 -17.452999 8.697100 16.000000 -16.258400 10.766200 "
							            />
							<TextureCoordinate point="0.0738 0.0243 0.0000 0.0751 0.3538 0.3162 1.0000 1.0000 0.9992 0.9890 0.8734 0.8474 0.9861 0.8111 0.8734 0.8474 0.9992 0.9890 0.8734 0.8474 0.9861 0.8111 0.6928 0.6297 0.0738 0.0243 0.3538 0.3162 0.1091 0.0000 0.9861 0.8111 0.7380 0.5203 0.6928 0.6297 0.5642 0.3595 0.6928 0.6297 0.7380 0.5203 0.6928 0.6297 0.5642 0.3595 0.3538 0.3162 0.3903 0.1987 0.3538 0.3162 0.5642 0.3595 0.3538 0.3162 0.3903 0.1987 0.1091 0.0000 " />
						</IndexedFaceSet>
					</Shape>
				</Group>
			</Transform>
		</Transform>
		<Transform DEF="Shape_IndexedFaceSet_094_TRANSFORM"
		           translation="0.000000 0.000000 0.000000"
		           scale="1.000000 1.000000 1.000000"
		           rotation="-0.000000 0.000000 0.000000 0.000000"
		           >
			<Transform DEF="Shape_IndexedFaceSet_094_ifs_TRANSFORM"
			           translation="0.000000 0.000000 0.000000"
			           scale="1.000000 1.000000 1.000000"
			           rotation="0.000000 1.000000 0.000000 0.000000"
			           >
				<Group DEF="group_ME_Shape_IndexedFaceSet_3139">
					<Shape>
						<Appearance>
							<Material USE="MA_Shape_011" />
						</Appearance>
						<IndexedFaceSet solid="false"
						                texCoordIndex="0 1 2 -1 3 4 5 -1 6 7 8 -1 9 10 11 -1 12 13 14 -1 15 16 17 -1 18 19 20 -1 21 22 23 -1 24 25 26 -1 "
						                coordIndex="8 10 5 -1 5 4 8 -1 3 8 4 -1 8 3 7 -1 2 7 3 -1 7 2 6 -1 1 6 2 -1 6 1 9 -1 0 9 1 -1 "
						                >
							<Coordinate DEF="coords_ME_Shape_IndexedFaceSet_3139"
							            point="10.212600 -18.657700 7.203400 10.212600 -17.923300 8.874300 10.212600 -17.313299 9.996100 10.212600 -17.191299 10.220300 10.212600 -16.358500 11.506300 10.212600 -15.567100 12.556300 15.499900 -17.900499 8.920100 15.499900 -17.287901 9.981200 15.499900 -16.675301 11.042200 15.500000 -18.657700 7.203400 15.500000 -15.567100 12.556300 "
							            />
							<TextureCoordinate point="0.7171 1.0000 1.0000 1.0000 1.0000 0.0000 1.0000 0.0000 0.8038 0.0000 0.7171 1.0000 0.5636 0.0000 0.7171 1.0000 0.8038 0.0000 0.7171 1.0000 0.5636 0.0000 0.5189 1.0000 0.5217 0.0000 0.5189 1.0000 0.5636 0.0000 0.5189 1.0000 0.5217 0.0000 0.3207 1.0000 0.3121 0.0000 0.3207 1.0000 0.5217 0.0000 0.3207 1.0000 0.3121 0.0000 0.0000 1.0000 0.0000 0.0000 0.0000 1.0000 0.3121 0.0000 " />
						</IndexedFaceSet>
					</Shape>
				</Group>
			</Transform>
		</Transform>
		<Transform DEF="Shape_IndexedFaceSet_095_TRANSFORM"
		           translation="0.000000 0.000000 0.000000"
		           scale="1.000000 1.000000 1.000000"
		           rotation="-0.000000 0.000000 0.000000 0.000000"
		           >
			<Transform DEF="Shape_IndexedFaceSet_095_ifs_TRANSFORM"
			           translation="0.000000 0.000000 0.000000"
			           scale="1.000000 1.000000 1.000000"
			           rotation="0.000000 1.000000 0.000000 0.000000"
			           >
				<Group DEF="group_ME_Shape_IndexedFaceSet_3140">
					<Shape>
						<Appearance>
							<Material USE="MA_Shape_011" />
						</Appearance>
						<IndexedFaceSet solid="false"
						                texCoordIndex="0 1 2 -1 3 4 5 -1 6 7 8 -1 9 10 11 -1 12 13 14 -1 15 16 17 -1 18 19 20 -1 21 22 23 -1 24 25 26 -1 27 28 29 -1 30 31 32 -1 33 34 35 -1 36 37 38 -1 39 40 41 -1 42 43 44 -1 45 46 47 -1 48 49 50 -1 51 52 53 -1 54 55 56 -1 57 58 59 -1 60 61 62 -1 63 64 65 -1 66 67 68 -1 69 70 71 -1 72 73 74 -1 75 76 77 -1 78 79 80 -1 81 82 83 -1 84 85 86 -1 87 88 89 -1 90 91 92 -1 93 94 95 -1 96 97 98 -1 "
						                coordIndex="21 23 26 -1 22 28 24 -1 20 19 17 -1 13 11 9 -1 5 4 2 -1 28 22 27 -1 10 12 16 -1 14 16 12 -1 16 14 18 -1 3 6 8 -1 11 5 9 -1 2 9 5 -1 9 2 7 -1 0 7 2 -1 7 0 8 -1 1 8 0 -1 8 1 3 -1 19 13 17 -1 9 17 13 -1 17 9 15 -1 7 15 9 -1 15 7 16 -1 8 16 7 -1 16 8 10 -1 6 10 8 -1 22 20 27 -1 17 27 20 -1 27 17 25 -1 15 25 17 -1 25 15 26 -1 16 26 15 -1 26 16 21 -1 18 21 16 -1 "
						                >
							<Coordinate DEF="coords_ME_Shape_IndexedFaceSet_3140"
							            point="8.745900 -21.185699 0.000000 8.745900 -21.123501 -1.621700 8.745900 -21.123501 1.621700 8.745900 -21.012501 -2.703400 8.745900 -21.012501 2.703400 8.903200 -20.582800 2.769200 8.903200 -20.582800 -2.769200 9.031600 -20.575199 0.000000 9.031600 -20.514799 -1.575000 9.031600 -20.514799 1.575000 9.041500 -20.387400 -2.825700 9.052400 -20.397200 2.827800 9.136100 -20.253799 -2.864300 9.279400 -20.115200 2.917000 9.441200 -19.994200 -2.969600 9.555800 -20.151400 0.000000 9.555800 -20.092300 -1.542500 9.555800 -20.092300 1.542500 9.560400 -19.937901 -2.997800 9.569100 -19.953899 2.993400 9.806500 -19.821800 3.055900 9.806700 -19.821699 -3.056000 9.858500 -19.813801 3.060400 10.212600 -19.759701 -3.090500 10.212600 -19.759701 3.090500 10.212600 -19.999901 0.000000 10.212600 -19.941299 -1.530900 10.212600 -19.941299 1.530900 10.212600 -19.765600 3.052900 "
							            />
							<TextureCoordinate point="0.0056 0.7233 0.0000 1.0000 0.2523 1.0000 0.9951 0.7586 0.9939 1.0000 1.0000 1.0000 0.9944 0.7231 0.9843 0.5613 0.7496 0.5522 0.9719 0.3637 0.9575 0.2090 0.7548 0.1948 0.9480 0.1072 0.9374 0.0000 0.7624 0.0000 0.9939 1.0000 0.9951 0.7586 0.7477 1.0000 0.0428 0.2015 0.0366 0.2660 0.2504 0.5522 0.0196 0.4741 0.2504 0.5522 0.0366 0.2660 0.2504 0.5522 0.0196 0.4741 0.0150 0.5553 0.0626 0.0000 0.0520 0.1072 0.2452 0.1948 0.9575 0.2090 0.9480 0.1072 0.7548 0.1948 0.7624 0.0000 0.7548 0.1948 0.9480 0.1072 0.7548 0.1948 0.7624 0.0000 0.5000 0.1948 0.5000 0.0000 0.5000 0.1948 0.7624 0.0000 0.5000 0.1948 0.5000 0.0000 0.2452 0.1948 0.2376 0.0000 0.2452 0.1948 0.5000 0.0000 0.2452 0.1948 0.2376 0.0000 0.0626 0.0000 0.9843 0.5613 0.9719 0.3637 0.7496 0.5522 0.7548 0.1948 0.7496 0.5522 0.9719 0.3637 0.7496 0.5522 0.7548 0.1948 0.5000 0.5522 0.5000 0.1948 0.5000 0.5522 0.7548 0.1948 0.5000 0.5522 0.5000 0.1948 0.2504 0.5522 0.2452 0.1948 0.2504 0.5522 0.5000 0.1948 0.2504 0.5522 0.2452 0.1948 0.0428 0.2015 0.0520 0.1072 0.0428 0.2015 0.2452 0.1948 0.9951 0.7586 0.9944 0.7231 0.7477 1.0000 0.7496 0.5522 0.7477 1.0000 0.9944 0.7231 0.7477 1.0000 0.7496 0.5522 0.5000 1.0000 0.5000 0.5522 0.5000 1.0000 0.7496 0.5522 0.5000 1.0000 0.5000 0.5522 0.2523 1.0000 0.2504 0.5522 0.2523 1.0000 0.5000 0.5522 0.2523 1.0000 0.2504 0.5522 0.0056 0.7233 0.0150 0.5553 0.0056 0.7233 0.2504 0.5522 " />
						</IndexedFaceSet>
					</Shape>
				</Group>
			</Transform>
		</Transform>
		<Transform DEF="Shape_IndexedFaceSet_096_TRANSFORM"
		           translation="0.000000 0.000000 0.000000"
		           scale="1.000000 1.000000 1.000000"
		           rotation="-0.000000 0.000000 0.000000 0.000000"
		           >
			<Transform DEF="Shape_IndexedFaceSet_096_ifs_TRANSFORM"
			           translation="0.000000 0.000000 0.000000"
			           scale="1.000000 1.000000 1.000000"
			           rotation="0.000000 1.000000 0.000000 0.000000"
			           >
				<Group DEF="group_ME_Shape_IndexedFaceSet_3141">
					<Shape>
						<Appearance>
							<Material USE="MA_Shape_011" />
						</Appearance>
						<IndexedFaceSet solid="false"
						                texCoordIndex="0 1 2 -1 3 4 5 -1 6 7 8 -1 9 10 11 -1 12 13 14 -1 15 16 17 -1 18 19 20 -1 21 22 23 -1 24 25 26 -1 "
						                coordIndex="4 6 1 -1 8 1 6 -1 1 8 0 -1 9 0 8 -1 0 9 2 -1 10 2 9 -1 2 10 3 -1 7 3 10 -1 3 7 5 -1 "
						                >
							<Coordinate DEF="coords_ME_Shape_IndexedFaceSet_3141"
							            point="10.212600 -20.000000 0.000000 10.212600 -19.941299 -1.530900 10.212600 -19.941299 1.530900 10.212600 -19.765600 3.052900 10.212600 -19.759701 -3.090500 10.212600 -19.759701 3.090500 15.500000 -19.759701 -3.090500 15.500000 -19.759701 3.090500 15.500000 -19.962400 -1.225100 15.500000 -19.962400 0.000000 15.500000 -19.962400 1.225100 "
							            />
							<TextureCoordinate point="0.0000 0.0000 0.0000 1.0000 0.2523 0.0000 0.3018 1.0000 0.2523 0.0000 0.0000 1.0000 0.2523 0.0000 0.3018 1.0000 0.5000 0.0000 0.5000 1.0000 0.5000 0.0000 0.3018 1.0000 0.5000 0.0000 0.5000 1.0000 0.7477 0.0000 0.6982 1.0000 0.7477 0.0000 0.5000 1.0000 0.7477 0.0000 0.6982 1.0000 0.9939 0.0000 1.0000 1.0000 0.9939 0.0000 0.6982 1.0000 0.9939 0.0000 1.0000 1.0000 1.0000 0.0000 " />
						</IndexedFaceSet>
					</Shape>
				</Group>
			</Transform>
		</Transform>
		<Transform DEF="Shape_IndexedFaceSet_097_TRANSFORM"
		           translation="0.000000 0.000000 0.000000"
		           scale="1.000000 1.000000 1.000000"
		           rotation="-0.000000 0.000000 0.000000 0.000000"
		           >
			<Transform DEF="Shape_IndexedFaceSet_097_ifs_TRANSFORM"
			           translation="0.000000 0.000000 0.000000"
			           scale="1.000000 1.000000 1.000000"
			           rotation="0.000000 1.000000 0.000000 0.000000"
			           >
				<Group DEF="group_ME_Shape_IndexedFaceSet_3142">
					<Shape>
						<Appearance>
							<Material USE="MA_Shape_011" />
						</Appearance>
						<IndexedFaceSet solid="false"
						                texCoordIndex="0 1 2 -1 3 4 5 -1 6 7 8 -1 9 10 11 -1 12 13 14 -1 15 16 17 -1 18 19 20 -1 21 22 23 -1 24 25 26 -1 27 28 29 -1 30 31 32 -1 33 34 35 -1 36 37 38 -1 39 40 41 -1 42 43 44 -1 45 46 47 -1 48 49 50 -1 51 52 53 -1 54 55 56 -1 57 58 59 -1 60 61 62 -1 63 64 65 -1 66 67 68 -1 69 70 71 -1 72 73 74 -1 75 76 77 -1 78 79 80 -1 81 82 83 -1 84 85 86 -1 87 88 89 -1 90 91 92 -1 93 94 95 -1 96 97 98 -1 "
						                coordIndex="17 16 7 -1 6 10 9 -1 22 23 28 -1 21 20 16 -1 20 14 16 -1 13 16 14 -1 16 13 7 -1 11 7 13 -1 7 11 5 -1 12 15 18 -1 19 18 15 -1 18 19 22 -1 25 21 26 -1 16 26 21 -1 26 16 24 -1 17 24 16 -1 24 17 27 -1 28 27 17 -1 1 2 9 -1 3 9 2 -1 9 3 6 -1 0 1 8 -1 9 8 1 -1 8 9 18 -1 10 18 9 -1 18 10 12 -1 22 28 18 -1 17 18 28 -1 18 17 8 -1 7 8 17 -1 8 7 0 -1 5 0 7 -1 0 5 4 -1 "
						                >
							<Coordinate DEF="coords_ME_Shape_IndexedFaceSet_3142"
							            point="8.745900 -18.985901 -9.400500 8.745900 -18.210501 -10.826200 8.745900 -17.328400 -12.188500 8.745900 -16.845600 -12.847500 8.745900 -19.549000 -8.164900 8.805100 -19.379801 -8.039500 8.859100 -16.526501 -12.717500 9.031600 -18.438700 -9.129600 9.031600 -17.685801 -10.514300 9.031600 -16.829000 -11.837200 9.033200 -16.239201 -12.635900 9.037100 -19.065001 -7.745400 9.042500 -16.223900 -12.631500 9.057200 -19.037600 -7.719800 9.437200 -18.801901 -7.427600 9.550600 -15.759000 -12.563200 9.555800 -18.059000 -8.941500 9.555800 -17.321501 -10.297700 9.555800 -16.482401 -11.593500 9.556000 -15.756600 -12.563100 9.559700 -18.764099 -7.370700 9.748500 -18.705700 -7.283000 9.869300 -15.617800 -12.556900 10.212600 -15.567100 -12.556300 10.212600 -17.313299 -9.996100 10.212600 -18.657700 -7.203400 10.212600 -17.923300 -8.874300 10.212600 -17.191299 -10.220300 10.212600 -16.358500 -11.506300 "
							            />
							<TextureCoordinate point="0.4518 0.5594 0.6921 0.3742 0.6587 0.2788 0.0230 0.7591 0.0375 0.8312 0.1790 0.6831 0.0515 0.9873 0.0516 1.0000 0.2376 0.8013 0.9859 0.2118 0.9704 0.1971 0.6921 0.3742 0.9704 0.1971 0.9603 0.1876 0.6921 0.3742 0.9085 0.1284 0.6921 0.3742 0.9603 0.1876 0.6921 0.3742 0.9085 0.1284 0.6587 0.2788 0.9040 0.1216 0.6587 0.2788 0.9085 0.1284 0.6587 0.2788 0.9040 0.1216 0.8519 0.0425 0.0383 0.8351 0.0504 0.9518 0.2222 0.7701 0.0504 0.9524 0.2222 0.7701 0.0504 0.9518 0.2222 0.7701 0.0504 0.9524 0.0515 0.9873 1.0000 0.2238 0.9859 0.2118 0.7040 0.4083 0.6921 0.3742 0.7040 0.4083 0.9859 0.2118 0.7040 0.4083 0.6921 0.3742 0.5052 0.5615 0.4518 0.5594 0.5052 0.5615 0.6921 0.3742 0.5052 0.5615 0.4518 0.5594 0.4655 0.5921 0.2376 0.8013 0.4655 0.5921 0.4518 0.5594 0.3581 0.3361 0.1168 0.5577 0.1790 0.6831 0.0000 0.6789 0.1790 0.6831 0.1168 0.5577 0.1790 0.6831 0.0000 0.6789 0.0230 0.7591 0.6107 0.1414 0.3581 0.3361 0.4134 0.4679 0.1790 0.6831 0.4134 0.4679 0.3581 0.3361 0.4134 0.4679 0.1790 0.6831 0.2222 0.7701 0.0375 0.8312 0.2222 0.7701 0.1790 0.6831 0.2222 0.7701 0.0375 0.8312 0.0383 0.8351 0.0515 0.9873 0.2376 0.8013 0.2222 0.7701 0.4518 0.5594 0.2222 0.7701 0.2376 0.8013 0.2222 0.7701 0.4518 0.5594 0.4134 0.4679 0.6587 0.2788 0.4134 0.4679 0.4518 0.5594 0.4134 0.4679 0.6587 0.2788 0.6107 0.1414 0.8519 0.0425 0.6107 0.1414 0.6587 0.2788 0.6107 0.1414 0.8519 0.0425 0.8296 0.0000 " />
						</IndexedFaceSet>
					</Shape>
				</Group>
			</Transform>
		</Transform>
		<Transform DEF="Shape_IndexedFaceSet_098_TRANSFORM"
		           translation="0.000000 0.000000 0.000000"
		           scale="1.000000 1.000000 1.000000"
		           rotation="-0.000000 0.000000 0.000000 0.000000"
		           >
			<Transform DEF="Shape_IndexedFaceSet_098_ifs_TRANSFORM"
			           translation="0.000000 0.000000 0.000000"
			           scale="1.000000 1.000000 1.000000"
			           rotation="0.000000 1.000000 0.000000 0.000000"
			           >
				<Group DEF="group_ME_Shape_IndexedFaceSet_3143">
					<Shape>
						<Appearance>
							<Material USE="MA_Shape_011" />
						</Appearance>
						<IndexedFaceSet solid="false"
						                texCoordIndex="0 1 2 -1 3 4 5 -1 6 7 8 -1 9 10 11 -1 12 13 14 -1 15 16 17 -1 18 19 20 -1 21 22 23 -1 24 25 26 -1 27 28 29 -1 "
						                coordIndex="5 2 0 -1 6 11 8 -1 10 1 8 -1 4 8 1 -1 8 4 6 -1 7 5 9 -1 0 9 5 -1 9 0 10 -1 3 10 0 -1 10 3 1 -1 "
						                >
							<Coordinate DEF="coords_ME_Shape_IndexedFaceSet_3143"
							            point="15.500000 -17.900499 -8.920100 15.500000 -16.675301 -11.042200 15.500000 -18.657700 -7.203400 15.500000 -17.287901 -9.981200 15.500000 -15.567100 -12.556300 15.661700 -18.565001 -6.987900 15.970800 -14.889400 -12.636300 16.000000 -18.371401 -6.537600 16.000000 -15.429000 -11.868400 16.000000 -17.452999 -8.697100 16.000000 -16.258400 -10.766200 16.000000 -14.847400 -12.641300 "
							            />
							<TextureCoordinate point="0.9262 0.0243 0.8909 0.0000 0.6097 0.1987 0.0008 0.9890 0.0000 1.0000 0.1266 0.8474 0.3072 0.6297 0.2620 0.5203 0.1266 0.8474 0.0139 0.8111 0.1266 0.8474 0.2620 0.5203 0.1266 0.8474 0.0139 0.8111 0.0008 0.9890 1.0000 0.0751 0.9262 0.0243 0.6462 0.3162 0.6097 0.1987 0.6462 0.3162 0.9262 0.0243 0.6462 0.3162 0.6097 0.1987 0.3072 0.6297 0.4358 0.3595 0.3072 0.6297 0.6097 0.1987 0.3072 0.6297 0.4358 0.3595 0.2620 0.5203 " />
						</IndexedFaceSet>
					</Shape>
				</Group>
			</Transform>
		</Transform>
		<Transform DEF="Shape_IndexedFaceSet_099_TRANSFORM"
		           translation="0.000000 0.000000 0.000000"
		           scale="1.000000 1.000000 1.000000"
		           rotation="-0.000000 0.000000 0.000000 0.000000"
		           >
			<Transform DEF="Shape_IndexedFaceSet_099_ifs_TRANSFORM"
			           translation="0.000000 0.000000 0.000000"
			           scale="1.000000 1.000000 1.000000"
			           rotation="0.000000 1.000000 0.000000 0.000000"
			           >
				<Group DEF="group_ME_Shape_IndexedFaceSet_3144">
					<Shape>
						<Appearance>
							<Material USE="MA_Shape_011" />
						</Appearance>
						<IndexedFaceSet solid="false"
						                texCoordIndex="0 1 2 -1 3 4 5 -1 6 7 8 -1 9 10 11 -1 12 13 14 -1 15 16 17 -1 18 19 20 -1 21 22 23 -1 24 25 26 -1 "
						                coordIndex="6 0 8 -1 1 8 0 -1 8 1 9 -1 5 7 4 -1 10 4 7 -1 4 10 3 -1 9 3 10 -1 3 9 2 -1 1 2 9 -1 "
						                >
							<Coordinate DEF="coords_ME_Shape_IndexedFaceSet_3144"
							            point="10.212600 -18.657700 -7.203400 10.212600 -17.923300 -8.874300 10.212600 -17.313299 -9.996100 10.212600 -17.191299 -10.220300 10.212600 -16.358500 -11.506300 10.212600 -15.567100 -12.556300 15.500000 -18.657700 -7.203400 15.500000 -15.567100 -12.556300 15.500000 -17.900499 -8.920100 15.500000 -17.287901 -9.981200 15.500000 -16.675301 -11.042200 "
							            />
							<TextureCoordinate point="1.0000 1.0000 1.0000 0.0000 0.6793 1.0000 0.6879 0.0000 0.6793 1.0000 1.0000 0.0000 0.6793 1.0000 0.6879 0.0000 0.4811 1.0000 0.0000 0.0000 0.0000 1.0000 0.1962 0.0000 0.2829 1.0000 0.1962 0.0000 0.0000 1.0000 0.1962 0.0000 0.2829 1.0000 0.4364 0.0000 0.4811 1.0000 0.4364 0.0000 0.2829 1.0000 0.4364 0.0000 0.4811 1.0000 0.4783 0.0000 0.6879 0.0000 0.4783 0.0000 0.4811 1.0000 " />
						</IndexedFaceSet>
					</Shape>
				</Group>
			</Transform>
		</Transform>
		<Transform DEF="Shape_IndexedFaceSet_100_TRANSFORM"
		           translation="0.000000 0.000000 0.000000"
		           scale="1.000000 1.000000 1.000000"
		           rotation="-0.000000 0.000000 0.000000 0.000000"
		           >
			<Transform DEF="Shape_IndexedFaceSet_100_ifs_TRANSFORM"
			           translation="0.000000 0.000000 0.000000"
			           scale="1.000000 1.000000 1.000000"
			           rotation="0.000000 1.000000 0.000000 0.000000"
			           >
				<Group DEF="group_ME_Shape_IndexedFaceSet_3145">
					<Shape>
						<Appearance>
							<Material USE="MA_Shape_011" />
						</Appearance>
						<IndexedFaceSet solid="false"
						                texCoordIndex="0 1 2 -1 3 4 5 -1 6 7 8 -1 9 10 11 -1 12 13 14 -1 15 16 17 -1 18 19 20 -1 21 22 23 -1 24 25 26 -1 27 28 29 -1 30 31 32 -1 33 34 35 -1 36 37 38 -1 39 40 41 -1 42 43 44 -1 45 46 47 -1 48 49 50 -1 51 52 53 -1 54 55 56 -1 57 58 59 -1 60 61 62 -1 63 64 65 -1 66 67 68 -1 69 70 71 -1 72 73 74 -1 75 76 77 -1 78 79 80 -1 81 82 83 -1 84 85 86 -1 87 88 89 -1 90 91 92 -1 93 94 95 -1 96 97 98 -1 99 100 101 -1 102 103 104 -1 105 106 107 -1 108 109 110 -1 111 112 113 -1 114 115 116 -1 117 118 119 -1 "
						                coordIndex="10 9 1 -1 25 22 18 -1 0 1 6 -1 9 6 1 -1 6 9 7 -1 17 15 9 -1 13 9 15 -1 9 13 7 -1 30 29 26 -1 21 23 24 -1 8 14 12 -1 16 12 14 -1 22 17 18 -1 9 18 17 -1 18 9 19 -1 10 19 9 -1 19 10 20 -1 26 25 30 -1 18 30 25 -1 30 18 31 -1 19 31 18 -1 31 19 27 -1 20 27 19 -1 27 20 32 -1 33 32 20 -1 3 4 12 -1 5 12 4 -1 12 5 8 -1 2 3 11 -1 12 11 3 -1 11 12 21 -1 16 21 12 -1 21 16 23 -1 1 2 10 -1 11 10 2 -1 10 11 20 -1 21 20 11 -1 20 21 33 -1 24 33 21 -1 33 24 28 -1 "
						                >
							<Coordinate DEF="coords_ME_Shape_IndexedFaceSet_3145"
							            point="8.745900 -12.847500 -16.845600 8.745900 -12.843300 -16.848801 8.745900 -11.515800 -17.782499 8.745900 -10.120800 -18.611900 8.745900 -8.876400 -19.236500 8.745900 -8.164900 -19.549000 8.786100 -12.784900 -16.705000 8.828700 -12.741400 -16.593800 8.925900 -7.864300 -19.179100 9.031600 -12.473200 -16.363300 9.031600 -11.184000 -17.270100 9.031600 -9.829100 -18.075500 9.031600 -8.620600 -18.682100 9.034300 -12.636500 -16.239500 9.045700 -7.748200 -19.072901 9.046200 -12.630400 -16.218901 9.235200 -7.564400 -18.904800 9.393300 -12.572300 -15.866100 9.555800 -12.216300 -16.026300 9.555800 -10.953600 -16.914400 9.555800 -9.626700 -17.703199 9.555800 -8.443000 -18.297400 9.562000 -12.565900 -15.770600 9.564700 -7.374900 -18.769300 9.681100 -7.308000 -18.721500 9.776800 -12.557700 -15.649000 9.825600 -12.557200 -15.631600 10.212600 -9.993300 -17.309200 10.212600 -7.203400 -18.657700 10.212600 -12.556300 -15.567100 10.212600 -12.124500 -15.905800 10.212600 -10.871300 -16.787300 10.212600 -9.554300 -17.570200 10.212600 -8.379600 -18.159800 "
							            />
							<TextureCoordinate point="0.2947 0.5723 0.0663 0.8000 0.0007 0.6781 0.0513 0.9794 0.0499 0.9489 0.1118 0.8847 0.0000 0.6789 0.0007 0.6781 0.0111 0.7142 0.0663 0.8000 0.0111 0.7142 0.0007 0.6781 0.0111 0.7142 0.0663 0.8000 0.0188 0.7422 0.0488 0.9249 0.0385 0.8363 0.0663 0.8000 0.0374 0.8311 0.0663 0.8000 0.0385 0.8363 0.0663 0.8000 0.0374 0.8311 0.0188 0.7422 0.1281 0.9149 0.0516 1.0000 0.0514 0.9838 0.7804 0.3143 0.9696 0.1958 0.9815 0.2078 0.8829 0.0929 0.9035 0.1196 0.7489 0.2177 0.9360 0.1618 0.7489 0.2177 0.9035 0.1196 0.0499 0.9489 0.0488 0.9249 0.1118 0.8847 0.0663 0.8000 0.1118 0.8847 0.0488 0.9249 0.1118 0.8847 0.0663 0.8000 0.3356 0.6616 0.2947 0.5723 0.3356 0.6616 0.0663 0.8000 0.3356 0.6616 0.2947 0.5723 0.5706 0.4635 0.0514 0.9838 0.0513 0.9794 0.1281 0.9149 0.1118 0.8847 0.1281 0.9149 0.0513 0.9794 0.1281 0.9149 0.1118 0.8847 0.3501 0.6936 0.3356 0.6616 0.3501 0.6936 0.1118 0.8847 0.3501 0.6936 0.3356 0.6616 0.5057 0.5625 0.5706 0.4635 0.5057 0.5625 0.3356 0.6616 0.5057 0.5625 0.5706 0.4635 0.5835 0.4969 0.7916 0.3489 0.5835 0.4969 0.5706 0.4635 0.4831 0.2353 0.7036 0.0785 0.7489 0.2177 0.8296 0.0000 0.7489 0.2177 0.7036 0.0785 0.7489 0.2177 0.8296 0.0000 0.8829 0.0929 0.2359 0.4436 0.4831 0.2353 0.5348 0.3700 0.7489 0.2177 0.5348 0.3700 0.4831 0.2353 0.5348 0.3700 0.7489 0.2177 0.7804 0.3143 0.9360 0.1618 0.7804 0.3143 0.7489 0.2177 0.7804 0.3143 0.9360 0.1618 0.9696 0.1958 0.0007 0.6781 0.2359 0.4436 0.2947 0.5723 0.5348 0.3700 0.2947 0.5723 0.2359 0.4436 0.2947 0.5723 0.5348 0.3700 0.5706 0.4635 0.7804 0.3143 0.5706 0.4635 0.5348 0.3700 0.5706 0.4635 0.7804 0.3143 0.7916 0.3489 0.9815 0.2078 0.7916 0.3489 0.7804 0.3143 0.7916 0.3489 0.9815 0.2078 1.0000 0.2238 " />
						</IndexedFaceSet>
					</Shape>
				</Group>
			</Transform>
		</Transform>
		<Transform DEF="Shape_IndexedFaceSet_101_TRANSFORM"
		           translation="0.000000 0.000000 0.000000"
		           scale="1.000000 1.000000 1.000000"
		           rotation="-0.000000 0.000000 0.000000 0.000000"
		           >
			<Transform DEF="Shape_IndexedFaceSet_101_ifs_TRANSFORM"
			           translation="0.000000 0.000000 0.000000"
			           scale="1.000000 1.000000 1.000000"
			           rotation="0.000000 1.000000 0.000000 0.000000"
			           >
				<Group DEF="group_ME_Shape_IndexedFaceSet_3146">
					<Shape>
						<Appearance>
							<Material USE="MA_Shape_011" />
						</Appearance>
						<IndexedFaceSet solid="false"
						                texCoordIndex="0 1 2 -1 3 4 5 -1 6 7 8 -1 9 10 11 -1 12 13 14 -1 15 16 17 -1 18 19 20 -1 21 22 23 -1 24 25 26 -1 "
						                coordIndex="7 5 8 -1 9 8 5 -1 2 6 4 -1 10 4 6 -1 4 10 1 -1 9 1 10 -1 1 9 3 -1 5 3 9 -1 3 5 0 -1 "
						                >
							<Coordinate DEF="coords_ME_Shape_IndexedFaceSet_3146"
							            point="15.500000 -12.556300 -15.567100 15.500000 -9.981200 -17.287901 15.500000 -7.203400 -18.657700 15.500000 -11.042200 -16.675301 15.500000 -8.920100 -17.900499 15.507400 -12.557600 -15.556400 15.999900 -6.537600 -18.371401 15.999900 -12.641300 -14.847400 16.000000 -11.868400 -15.429000 16.000000 -10.766200 -16.258400 16.000000 -8.697100 -17.452999 "
							            />
							<TextureCoordinate point="0.0000 1.0000 0.0137 0.8139 0.1266 0.8474 0.3072 0.6297 0.1266 0.8474 0.0137 0.8139 0.8909 0.0000 1.0000 0.0751 0.6097 0.1987 0.6462 0.3162 0.6097 0.1987 1.0000 0.0751 0.6097 0.1987 0.6462 0.3162 0.4358 0.3595 0.3072 0.6297 0.4358 0.3595 0.6462 0.3162 0.4358 0.3595 0.3072 0.6297 0.2620 0.5203 0.0137 0.8139 0.2620 0.5203 0.3072 0.6297 0.2620 0.5203 0.0137 0.8139 0.0139 0.8111 " />
						</IndexedFaceSet>
					</Shape>
				</Group>
			</Transform>
		</Transform>
		<Transform DEF="Shape_IndexedFaceSet_102_TRANSFORM"
		           translation="0.000000 0.000000 0.000000"
		           scale="1.000000 1.000000 1.000000"
		           rotation="-0.000000 0.000000 0.000000 0.000000"
		           >
			<Transform DEF="Shape_IndexedFaceSet_102_ifs_TRANSFORM"
			           translation="0.000000 0.000000 0.000000"
			           scale="1.000000 1.000000 1.000000"
			           rotation="0.000000 1.000000 0.000000 0.000000"
			           >
				<Group DEF="group_ME_Shape_IndexedFaceSet_3147">
					<Shape>
						<Appearance>
							<Material USE="MA_Shape_011" />
						</Appearance>
						<IndexedFaceSet solid="false"
						                texCoordIndex="0 1 2 -1 3 4 5 -1 6 7 8 -1 9 10 11 -1 12 13 14 -1 15 16 17 -1 18 19 20 -1 21 22 23 -1 24 25 26 -1 27 28 29 -1 "
						                coordIndex="8 7 2 -1 2 7 1 -1 10 1 7 -1 1 10 0 -1 6 11 5 -1 9 5 11 -1 5 9 4 -1 8 4 9 -1 4 8 3 -1 2 3 8 -1 "
						                >
							<Coordinate DEF="coords_ME_Shape_IndexedFaceSet_3147"
							            point="10.212600 -12.556300 -15.567100 10.212600 -12.124500 -15.905800 10.212600 -10.871300 -16.787300 10.212600 -9.993300 -17.309200 10.212600 -9.554300 -17.570200 10.212600 -8.379600 -18.159800 10.212600 -7.203400 -18.657700 15.500000 -11.042200 -16.675301 15.500000 -9.981200 -17.287901 15.500000 -8.920100 -17.900499 15.500000 -12.556300 -15.567100 15.500000 -7.203400 -18.657700 "
							            />
							<TextureCoordinate point="0.4811 1.0000 0.2829 1.0000 0.3148 0.0000 0.3148 0.0000 0.2829 1.0000 0.0807 0.0000 0.0000 1.0000 0.0807 0.0000 0.2829 1.0000 0.0807 0.0000 0.0000 1.0000 0.0000 0.0000 1.0000 0.0000 1.0000 1.0000 0.7803 0.0000 0.6793 1.0000 0.7803 0.0000 1.0000 1.0000 0.7803 0.0000 0.6793 1.0000 0.5608 0.0000 0.4811 1.0000 0.5608 0.0000 0.6793 1.0000 0.5608 0.0000 0.4811 1.0000 0.4788 0.0000 0.3148 0.0000 0.4788 0.0000 0.4811 1.0000 " />
						</IndexedFaceSet>
					</Shape>
				</Group>
			</Transform>
		</Transform>
		<Transform DEF="Shape_IndexedFaceSet_103_TRANSFORM"
		           translation="0.000000 0.000000 0.000000"
		           scale="1.000000 1.000000 1.000000"
		           rotation="-0.000000 0.000000 0.000000 0.000000"
		           >
			<Transform DEF="Shape_IndexedFaceSet_103_ifs_TRANSFORM"
			           translation="0.000000 0.000000 0.000000"
			           scale="1.000000 1.000000 1.000000"
			           rotation="0.000000 1.000000 0.000000 0.000000"
			           >
				<Group DEF="group_ME_Shape_IndexedFaceSet_3148">
					<Shape>
						<Appearance>
							<Material USE="MA_Shape_011" />
						</Appearance>
						<IndexedFaceSet solid="false"
						                texCoordIndex="0 1 2 -1 3 4 5 -1 6 7 8 -1 9 10 11 -1 12 13 14 -1 15 16 17 -1 18 19 20 -1 21 22 23 -1 24 25 26 -1 27 28 29 -1 30 31 32 -1 33 34 35 -1 36 37 38 -1 39 40 41 -1 42 43 44 -1 45 46 47 -1 48 49 50 -1 51 52 53 -1 54 55 56 -1 57 58 59 -1 60 61 62 -1 63 64 65 -1 66 67 68 -1 69 70 71 -1 72 73 74 -1 75 76 77 -1 "
						                coordIndex="19 21 13 -1 2 0 5 -1 7 5 0 -1 5 7 10 -1 10 7 12 -1 13 12 7 -1 12 13 16 -1 16 13 18 -1 21 18 13 -1 18 21 23 -1 20 22 17 -1 14 17 22 -1 6 9 8 -1 11 8 9 -1 8 11 14 -1 15 14 11 -1 14 15 17 -1 4 3 6 -1 4 6 1 -1 8 1 6 -1 1 8 0 -1 0 8 7 -1 14 7 8 -1 7 14 13 -1 22 13 14 -1 13 22 19 -1 "
						                >
							<Coordinate DEF="coords_ME_Shape_IndexedFaceSet_3148"
							            point="8.745900 -0.811400 -21.170099 8.745900 0.811400 -21.170099 8.745900 -2.703400 -21.012501 8.745900 2.703400 -21.012501 8.745900 2.428700 -21.035299 9.021100 -2.818500 -20.394800 9.021800 2.818800 -20.393900 9.031600 -0.788000 -20.560101 9.031600 0.788000 -20.560101 9.033800 2.823000 -20.383101 9.033900 -2.823000 -20.383301 9.515700 2.991100 -19.948700 9.515700 -2.991100 -19.948700 9.555800 -0.771800 -20.136600 9.555800 0.771800 -20.136600 9.557400 3.000000 -19.931200 9.557400 -3.000000 -19.931200 9.849600 3.062800 -19.809099 9.849600 -3.062800 -19.809099 10.212600 0.000000 -19.985300 10.212600 3.090500 -19.759701 10.212600 -0.766000 -19.985300 10.212600 0.766000 -19.985300 10.212600 -3.090500 -19.759701 "
							            />
							<TextureCoordinate point="0.5000 1.0000 0.3761 1.0000 0.3751 0.5522 0.0626 0.0000 0.3687 0.0000 0.0440 0.1876 0.3725 0.1948 0.0440 0.1876 0.3687 0.0000 0.0440 0.1876 0.3725 0.1948 0.0433 0.1964 0.0433 0.1964 0.3725 0.1948 0.0161 0.5249 0.3751 0.5522 0.0161 0.5249 0.3725 0.1948 0.0161 0.5249 0.3751 0.5522 0.0146 0.5533 0.0146 0.5533 0.3751 0.5522 0.0045 0.7525 0.3761 1.0000 0.0045 0.7525 0.3751 0.5522 0.0045 0.7525 0.3761 1.0000 0.0000 1.0000 1.0000 1.0000 0.6239 1.0000 0.9955 0.7525 0.6249 0.5522 0.9955 0.7525 0.6239 1.0000 0.9560 0.1881 0.9567 0.1963 0.6275 0.1948 0.9839 0.5249 0.6275 0.1948 0.9567 0.1963 0.6275 0.1948 0.9839 0.5249 0.6249 0.5522 0.9854 0.5533 0.6249 0.5522 0.9839 0.5249 0.6249 0.5522 0.9854 0.5533 0.9955 0.7525 0.8929 0.0000 0.9374 0.0000 0.9560 0.1881 0.8929 0.0000 0.9560 0.1881 0.6313 0.0000 0.6275 0.1948 0.6313 0.0000 0.9560 0.1881 0.6313 0.0000 0.6275 0.1948 0.3687 0.0000 0.3687 0.0000 0.6275 0.1948 0.3725 0.1948 0.6249 0.5522 0.3725 0.1948 0.6275 0.1948 0.3725 0.1948 0.6249 0.5522 0.3751 0.5522 0.6239 1.0000 0.3751 0.5522 0.6249 0.5522 0.3751 0.5522 0.6239 1.0000 0.5000 1.0000 " />
						</IndexedFaceSet>
					</Shape>
				</Group>
			</Transform>
		</Transform>
		<Transform DEF="Shape_IndexedFaceSet_104_TRANSFORM"
		           translation="0.000000 0.000000 0.000000"
		           scale="1.000000 1.000000 1.000000"
		           rotation="-0.000000 0.000000 0.000000 0.000000"
		           >
			<Transform DEF="Shape_IndexedFaceSet_104_ifs_TRANSFORM"
			           translation="0.000000 0.000000 0.000000"
			           scale="1.000000 1.000000 1.000000"
			           rotation="0.000000 1.000000 0.000000 0.000000"
			           >
				<Group DEF="group_ME_Shape_IndexedFaceSet_3149">
					<Shape>
						<Appearance>
							<Material USE="MA_Shape_011" />
						</Appearance>
						<IndexedFaceSet solid="false"
						                texCoordIndex="0 1 2 -1 3 4 5 -1 6 7 8 -1 9 10 11 -1 12 13 14 -1 15 16 17 -1 18 19 20 -1 21 22 23 -1 "
						                coordIndex="9 3 6 -1 4 6 3 -1 6 4 5 -1 7 0 8 -1 1 8 0 -1 8 1 9 -1 2 9 1 -1 9 2 3 -1 "
						                >
							<Coordinate DEF="coords_ME_Shape_IndexedFaceSet_3149"
							            point="15.499900 -3.090500 -19.759701 15.499900 -1.225100 -19.962400 15.499900 0.000000 -19.962400 15.499900 1.225100 -19.962400 15.499900 3.090500 -19.759701 15.999900 3.523900 -19.178900 16.000000 2.300000 -19.328300 16.000000 -3.523900 -19.178900 16.000000 -1.194500 -19.463301 16.000000 1.194500 -19.463301 "
							            />
							<TextureCoordinate point="0.6695 0.6370 0.6738 0.0000 0.8263 0.8093 0.9385 0.2587 0.8263 0.8093 0.6738 0.0000 0.8263 0.8093 0.9385 0.2587 1.0000 1.0000 0.0000 1.0000 0.0615 0.2587 0.3305 0.6370 0.3262 0.0000 0.3305 0.6370 0.0615 0.2587 0.3305 0.6370 0.3262 0.0000 0.6695 0.6370 0.5000 0.0000 0.6695 0.6370 0.3262 0.0000 0.6695 0.6370 0.5000 0.0000 0.6738 0.0000 " />
						</IndexedFaceSet>
					</Shape>
				</Group>
			</Transform>
		</Transform>
		<Transform DEF="Shape_IndexedFaceSet_105_TRANSFORM"
		           translation="0.000000 0.000000 0.000000"
		           scale="1.000000 1.000000 1.000000"
		           rotation="-0.000000 0.000000 0.000000 0.000000"
		           >
			<Transform DEF="Shape_IndexedFaceSet_105_ifs_TRANSFORM"
			           translation="0.000000 0.000000 0.000000"
			           scale="1.000000 1.000000 1.000000"
			           rotation="0.000000 1.000000 0.000000 0.000000"
			           >
				<Group DEF="group_ME_Shape_IndexedFaceSet_3150">
					<Shape>
						<Appearance>
							<Material USE="MA_Shape_011" />
						</Appearance>
						<IndexedFaceSet solid="false"
						                texCoordIndex="0 1 2 -1 3 4 5 -1 6 7 8 -1 9 10 11 -1 12 13 14 -1 15 16 17 -1 18 19 20 -1 21 22 23 -1 "
						                coordIndex="8 0 5 -1 1 5 0 -1 5 1 6 -1 2 6 1 -1 6 2 7 -1 3 7 2 -1 7 3 9 -1 4 9 3 -1 "
						                >
							<Coordinate DEF="coords_ME_Shape_IndexedFaceSet_3150"
							            point="10.212600 -3.090500 -19.759701 10.212600 -0.766000 -19.985300 10.212600 0.000000 -19.985300 10.212600 0.766000 -19.985300 10.212600 3.090500 -19.759701 15.499900 -1.225100 -19.962400 15.499900 0.000000 -19.962400 15.499900 1.225100 -19.962400 15.500000 -3.090500 -19.759701 15.500000 3.090500 -19.759701 "
							            />
							<TextureCoordinate point="0.0000 1.0000 0.0000 0.0000 0.3018 1.0000 0.3761 0.0000 0.3018 1.0000 0.0000 0.0000 0.3018 1.0000 0.3761 0.0000 0.5000 1.0000 0.5000 0.0000 0.5000 1.0000 0.3761 0.0000 0.5000 1.0000 0.5000 0.0000 0.6982 1.0000 0.6239 0.0000 0.6982 1.0000 0.5000 0.0000 0.6982 1.0000 0.6239 0.0000 1.0000 1.0000 1.0000 0.0000 1.0000 1.0000 0.6239 0.0000 " />
						</IndexedFaceSet>
					</Shape>
				</Group>
			</Transform>
		</Transform>
		<Transform DEF="Shape_IndexedFaceSet_106_TRANSFORM"
		           translation="0.000000 0.000000 0.000000"
		           scale="1.000000 1.000000 1.000000"
		           rotation="-0.000000 0.000000 0.000000 0.000000"
		           >
			<Transform DEF="Shape_IndexedFaceSet_106_ifs_TRANSFORM"
			           translation="0.000000 0.000000 0.000000"
			           scale="1.000000 1.000000 1.000000"
			           rotation="0.000000 1.000000 0.000000 0.000000"
			           >
				<Group DEF="group_ME_Shape_IndexedFaceSet_3151">
					<Shape>
						<Appearance>
							<Material USE="MA_Shape_011" />
						</Appearance>
						<IndexedFaceSet solid="false"
						                texCoordIndex="0 1 2 -1 3 4 5 -1 6 7 8 -1 9 10 11 -1 12 13 14 -1 15 16 17 -1 18 19 20 -1 21 22 23 -1 24 25 26 -1 27 28 29 -1 30 31 32 -1 33 34 35 -1 36 37 38 -1 39 40 41 -1 42 43 44 -1 45 46 47 -1 48 49 50 -1 51 52 53 -1 54 55 56 -1 57 58 59 -1 60 61 62 -1 63 64 65 -1 66 67 68 -1 69 70 71 -1 72 73 74 -1 75 76 77 -1 78 79 80 -1 81 82 83 -1 84 85 86 -1 87 88 89 -1 90 91 92 -1 93 94 95 -1 96 97 98 -1 99 100 101 -1 102 103 104 -1 "
						                coordIndex="25 28 17 -1 0 1 6 -1 8 6 1 -1 6 8 12 -1 12 8 14 -1 16 14 8 -1 14 16 20 -1 20 16 22 -1 27 22 16 -1 22 27 30 -1 21 29 19 -1 18 19 29 -1 19 18 15 -1 21 23 29 -1 24 29 23 -1 29 24 26 -1 5 7 10 -1 11 10 7 -1 10 11 18 -1 13 18 11 -1 18 13 15 -1 1 2 9 -1 1 9 8 -1 17 8 9 -1 8 17 16 -1 28 16 17 -1 16 28 27 -1 2 3 10 -1 4 10 3 -1 10 4 5 -1 2 10 9 -1 18 9 10 -1 9 18 17 -1 29 17 18 -1 17 29 25 -1 "
						                >
							<Coordinate DEF="coords_ME_Shape_IndexedFaceSet_3151"
							            point="8.745900 8.164900 -19.549000 8.745900 8.666400 -19.332001 8.745900 10.120800 -18.611900 8.745900 11.515800 -17.782499 8.745900 12.847500 -16.845600 8.891500 12.696400 -16.462299 8.926200 7.864000 -19.178801 8.934900 12.673000 -16.385000 9.031600 8.416600 -18.774900 9.031600 9.829100 -18.075500 9.031600 11.184000 -17.270100 9.043300 12.642100 -16.245199 9.045600 7.748200 -19.072901 9.215600 12.592800 -16.022900 9.235200 7.564400 -18.904800 9.259200 12.586400 -15.980400 9.555800 8.243300 -18.388201 9.555800 9.626700 -17.703199 9.555800 10.953600 -16.914400 9.559700 12.564800 -15.762600 9.564700 7.375000 -18.769400 9.614000 12.560900 -15.723200 9.681700 7.307700 -18.721300 9.735400 12.558300 -15.665500 10.117300 12.556300 -15.571000 10.212600 9.993300 -17.309200 10.212600 12.556300 -15.567100 10.212600 8.181300 -18.250000 10.212600 9.554300 -17.570200 10.212600 10.871300 -16.787300 10.212600 7.203400 -18.657700 "
							            />
							<TextureCoordinate point="0.4943 0.5625 0.4165 0.4969 0.4294 0.4635 0.1704 0.0000 0.2592 0.0545 0.1170 0.0930 0.2150 0.1944 0.1170 0.0930 0.2592 0.0545 0.1170 0.0930 0.2150 0.1944 0.0965 0.1196 0.0965 0.1196 0.2150 0.1944 0.0640 0.1618 0.1842 0.2915 0.0640 0.1618 0.2150 0.1944 0.0640 0.1618 0.1842 0.2915 0.0304 0.1958 0.0304 0.1958 0.1842 0.2915 0.0185 0.2079 0.1733 0.3262 0.0185 0.2079 0.1842 0.2915 0.0185 0.2079 0.1733 0.3262 0.0000 0.2238 0.9492 0.9608 0.6499 0.6936 0.9499 0.9509 0.6644 0.6616 0.9499 0.9509 0.6499 0.6936 0.9499 0.9509 0.6644 0.6616 0.9537 0.8962 0.9492 0.9608 0.9488 0.9753 0.6499 0.6936 0.9484 0.9990 0.6499 0.6936 0.9488 0.9753 0.6499 0.6936 0.9484 0.9990 0.9484 1.0000 0.9732 0.7752 0.9691 0.7946 0.7053 0.5723 0.9636 0.8297 0.7053 0.5723 0.9691 0.7946 0.7053 0.5723 0.9636 0.8297 0.6644 0.6616 0.9549 0.8855 0.6644 0.6616 0.9636 0.8297 0.6644 0.6616 0.9549 0.8855 0.9537 0.8962 0.2592 0.0545 0.5169 0.2353 0.4652 0.3700 0.2592 0.0545 0.4652 0.3700 0.2150 0.1944 0.4294 0.4635 0.2150 0.1944 0.4652 0.3700 0.2150 0.1944 0.4294 0.4635 0.1842 0.2915 0.4165 0.4969 0.1842 0.2915 0.4294 0.4635 0.1842 0.2915 0.4165 0.4969 0.1733 0.3262 0.5169 0.2353 0.7641 0.4436 0.7053 0.5723 1.0000 0.6789 0.7053 0.5723 0.7641 0.4436 0.7053 0.5723 1.0000 0.6789 0.9732 0.7752 0.5169 0.2353 0.7053 0.5723 0.4652 0.3700 0.6644 0.6616 0.4652 0.3700 0.7053 0.5723 0.4652 0.3700 0.6644 0.6616 0.4294 0.4635 0.6499 0.6936 0.4294 0.4635 0.6644 0.6616 0.4294 0.4635 0.6499 0.6936 0.4943 0.5625 " />
						</IndexedFaceSet>
					</Shape>
				</Group>
			</Transform>
		</Transform>
		<Transform DEF="Shape_IndexedFaceSet_107_TRANSFORM"
		           translation="0.000000 0.000000 0.000000"
		           scale="1.000000 1.000000 1.000000"
		           rotation="-0.000000 0.000000 0.000000 0.000000"
		           >
			<Transform DEF="Shape_IndexedFaceSet_107_ifs_TRANSFORM"
			           translation="0.000000 0.000000 0.000000"
			           scale="1.000000 1.000000 1.000000"
			           rotation="0.000000 1.000000 0.000000 0.000000"
			           >
				<Group DEF="group_ME_Shape_IndexedFaceSet_3152">
					<Shape>
						<Appearance>
							<Material USE="MA_Shape_011" />
						</Appearance>
						<IndexedFaceSet solid="false"
						                texCoordIndex="0 1 2 -1 3 4 5 -1 6 7 8 -1 9 10 11 -1 12 13 14 -1 15 16 17 -1 18 19 20 -1 21 22 23 -1 24 25 26 -1 "
						                coordIndex="5 6 8 -1 10 1 8 -1 4 8 1 -1 8 4 5 -1 7 2 9 -1 0 9 2 -1 9 0 10 -1 3 10 0 -1 10 3 1 -1 "
						                >
							<Coordinate DEF="coords_ME_Shape_IndexedFaceSet_3152"
							            point="15.500000 8.920100 -17.900499 15.500000 11.042200 -16.675301 15.500000 7.203400 -18.657700 15.500000 9.981200 -17.287901 15.500000 12.556300 -15.567100 15.507400 12.557600 -15.556400 15.999900 12.641300 -14.847400 16.000000 6.537600 -18.371401 16.000000 11.868400 -15.429000 16.000000 8.697100 -17.452999 16.000000 10.766200 -16.258400 "
							            />
							<TextureCoordinate point="0.9863 0.8139 1.0000 1.0000 0.8734 0.8474 0.6928 0.6297 0.7380 0.5203 0.8734 0.8474 0.9861 0.8111 0.8734 0.8474 0.7380 0.5203 0.8734 0.8474 0.9861 0.8111 0.9863 0.8139 0.0000 0.0751 0.1091 0.0000 0.3538 0.3162 0.3903 0.1987 0.3538 0.3162 0.1091 0.0000 0.3538 0.3162 0.3903 0.1987 0.6928 0.6297 0.5642 0.3595 0.6928 0.6297 0.3903 0.1987 0.6928 0.6297 0.5642 0.3595 0.7380 0.5203 " />
						</IndexedFaceSet>
					</Shape>
				</Group>
			</Transform>
		</Transform>
		<Transform DEF="Shape_IndexedFaceSet_108_TRANSFORM"
		           translation="0.000000 0.000000 0.000000"
		           scale="1.000000 1.000000 1.000000"
		           rotation="-0.000000 0.000000 0.000000 0.000000"
		           >
			<Transform DEF="Shape_IndexedFaceSet_108_ifs_TRANSFORM"
			           translation="0.000000 0.000000 0.000000"
			           scale="1.000000 1.000000 1.000000"
			           rotation="0.000000 1.000000 0.000000 0.000000"
			           >
				<Group DEF="group_ME_Shape_IndexedFaceSet_3153">
					<Shape>
						<Appearance>
							<Material USE="MA_Shape_011" />
						</Appearance>
						<IndexedFaceSet solid="false"
						                texCoordIndex="0 1 2 -1 3 4 5 -1 6 7 8 -1 9 10 11 -1 12 13 14 -1 15 16 17 -1 18 19 20 -1 21 22 23 -1 24 25 26 -1 "
						                coordIndex="8 6 0 -1 5 7 4 -1 10 4 7 -1 4 10 3 -1 9 3 10 -1 3 9 2 -1 8 2 9 -1 2 8 1 -1 0 1 8 -1 "
						                >
							<Coordinate DEF="coords_ME_Shape_IndexedFaceSet_3153"
							            point="10.212600 7.203400 -18.657700 10.212600 8.181300 -18.250000 10.212600 9.554300 -17.570200 10.212600 9.993300 -17.309200 10.212600 10.871300 -16.787300 10.212600 12.556300 -15.567100 15.500000 7.203400 -18.657700 15.500000 12.556300 -15.567100 15.500000 8.920100 -17.900499 15.500000 9.981200 -17.287901 15.500000 11.042200 -16.675301 "
							            />
							<TextureCoordinate point="0.3207 1.0000 0.0000 1.0000 0.0000 0.0000 1.0000 0.0000 1.0000 1.0000 0.6852 0.0000 0.7171 1.0000 0.6852 0.0000 1.0000 1.0000 0.6852 0.0000 0.7171 1.0000 0.5212 0.0000 0.5189 1.0000 0.5212 0.0000 0.7171 1.0000 0.5212 0.0000 0.5189 1.0000 0.4392 0.0000 0.3207 1.0000 0.4392 0.0000 0.5189 1.0000 0.4392 0.0000 0.3207 1.0000 0.1827 0.0000 0.0000 0.0000 0.1827 0.0000 0.3207 1.0000 " />
						</IndexedFaceSet>
					</Shape>
				</Group>
			</Transform>
		</Transform>
		<Transform DEF="Shape_IndexedFaceSet_109_TRANSFORM"
		           translation="0.000000 0.000000 0.000000"
		           scale="1.000000 1.000000 1.000000"
		           rotation="-0.000000 0.000000 0.000000 0.000000"
		           >
			<Transform DEF="Shape_IndexedFaceSet_109_ifs_TRANSFORM"
			           translation="0.000000 0.000000 0.000000"
			           scale="1.000000 1.000000 1.000000"
			           rotation="0.000000 1.000000 0.000000 0.000000"
			           >
				<Group DEF="group_ME_Shape_IndexedFaceSet_3154">
					<Shape>
						<Appearance>
							<Material USE="MA_Shape_011" />
						</Appearance>
						<IndexedFaceSet solid="false"
						                texCoordIndex="0 1 2 -1 3 4 5 -1 6 7 8 -1 9 10 11 -1 12 13 14 -1 15 16 17 -1 18 19 20 -1 21 22 23 -1 24 25 26 -1 27 28 29 -1 30 31 32 -1 33 34 35 -1 36 37 38 -1 39 40 41 -1 42 43 44 -1 45 46 47 -1 48 49 50 -1 51 52 53 -1 54 55 56 -1 57 58 59 -1 60 61 62 -1 63 64 65 -1 66 67 68 -1 69 70 71 -1 72 73 74 -1 75 76 77 -1 78 79 80 -1 81 82 83 -1 84 85 86 -1 87 88 89 -1 90 91 92 -1 93 94 95 -1 96 97 98 -1 "
						                coordIndex="13 12 8 -1 6 0 1 -1 22 19 16 -1 15 16 19 -1 14 20 18 -1 21 18 20 -1 4 5 10 -1 7 10 5 -1 10 7 11 -1 12 6 8 -1 1 8 6 -1 8 1 9 -1 2 9 1 -1 9 2 10 -1 3 10 2 -1 10 3 4 -1 15 13 16 -1 8 16 13 -1 16 8 17 -1 9 17 8 -1 17 9 18 -1 10 18 9 -1 18 10 14 -1 11 14 10 -1 28 22 25 -1 16 25 22 -1 25 16 26 -1 17 26 16 -1 26 17 23 -1 18 23 17 -1 23 18 27 -1 21 27 18 -1 27 21 24 -1 "
						                >
							<Coordinate DEF="coords_ME_Shape_IndexedFaceSet_3154"
							            point="8.745900 16.845600 -12.847500 8.745900 17.383101 -12.110300 8.745900 18.210501 -10.826200 8.745900 18.985901 -9.400500 8.745900 19.549000 -8.164900 8.805100 19.379801 -8.039500 8.859900 16.524799 -12.716900 9.023300 19.069500 -7.754100 9.031600 16.882200 -11.761300 9.031600 17.685801 -10.514300 9.031600 18.438700 -9.129600 9.032900 19.062799 -7.746100 9.033200 16.239201 -12.635900 9.042500 16.223900 -12.631500 9.344400 18.844299 -7.485900 9.406700 15.855900 -12.571300 9.555800 16.534500 -11.519100 9.555800 17.321501 -10.297700 9.555800 18.059000 -8.941500 9.563200 15.775400 -12.566400 9.563500 18.769199 -7.375900 9.748900 18.705601 -7.282900 9.869700 15.617700 -12.556900 10.212600 17.313299 -9.996100 10.212600 18.657700 -7.203400 10.212600 16.410200 -11.432500 10.212600 17.191299 -10.220300 10.212600 17.923300 -8.874300 10.212600 15.567100 -12.556300 "
							            />
							<TextureCoordinate point="0.0383 0.1649 0.0375 0.1688 0.1924 0.3303 0.0231 0.2405 0.0000 0.3211 0.1306 0.4561 0.0515 0.0127 0.0498 0.0523 0.2354 0.2429 0.0489 0.0725 0.2354 0.2429 0.0498 0.0523 0.9499 0.8230 0.9694 0.8042 0.6921 0.6258 0.9859 0.7882 0.6921 0.6258 0.9694 0.8042 0.8296 1.0000 0.8519 0.9575 0.6587 0.7212 0.9024 0.8796 0.6587 0.7212 0.8519 0.9575 0.6587 0.7212 0.9024 0.8796 0.9038 0.8779 0.0375 0.1688 0.0231 0.2405 0.1924 0.3303 0.1306 0.4561 0.1924 0.3303 0.0231 0.2405 0.1924 0.3303 0.1306 0.4561 0.4134 0.5321 0.3581 0.6639 0.4134 0.5321 0.1306 0.4561 0.4134 0.5321 0.3581 0.6639 0.6587 0.7212 0.6107 0.8586 0.6587 0.7212 0.3581 0.6639 0.6587 0.7212 0.6107 0.8586 0.8296 1.0000 0.0489 0.0725 0.0383 0.1649 0.2354 0.2429 0.1924 0.3303 0.2354 0.2429 0.0383 0.1649 0.2354 0.2429 0.1924 0.3303 0.4518 0.4406 0.4134 0.5321 0.4518 0.4406 0.1924 0.3303 0.4518 0.4406 0.4134 0.5321 0.6921 0.6258 0.6587 0.7212 0.6921 0.6258 0.4134 0.5321 0.6921 0.6258 0.6587 0.7212 0.9499 0.8230 0.9038 0.8779 0.9499 0.8230 0.6587 0.7212 0.0516 0.0000 0.0515 0.0127 0.2507 0.2117 0.2354 0.2429 0.2507 0.2117 0.0515 0.0127 0.2507 0.2117 0.2354 0.2429 0.4655 0.4079 0.4518 0.4406 0.4655 0.4079 0.2354 0.2429 0.4655 0.4079 0.4518 0.4406 0.5052 0.4385 0.6921 0.6258 0.5052 0.4385 0.4518 0.4406 0.5052 0.4385 0.6921 0.6258 0.7040 0.5917 0.9859 0.7882 0.7040 0.5917 0.6921 0.6258 0.7040 0.5917 0.9859 0.7882 1.0000 0.7762 " />
						</IndexedFaceSet>
					</Shape>
				</Group>
			</Transform>
		</Transform>
		<Transform DEF="Shape_IndexedFaceSet_110_TRANSFORM"
		           translation="0.000000 0.000000 0.000000"
		           scale="1.000000 1.000000 1.000000"
		           rotation="-0.000000 0.000000 0.000000 0.000000"
		           >
			<Transform DEF="Shape_IndexedFaceSet_110_ifs_TRANSFORM"
			           translation="0.000000 0.000000 0.000000"
			           scale="1.000000 1.000000 1.000000"
			           rotation="0.000000 1.000000 0.000000 0.000000"
			           >
				<Group DEF="group_ME_Shape_IndexedFaceSet_3155">
					<Shape>
						<Appearance>
							<Material USE="MA_Shape_011" />
						</Appearance>
						<IndexedFaceSet solid="false"
						                texCoordIndex="0 1 2 -1 3 4 5 -1 6 7 8 -1 9 10 11 -1 12 13 14 -1 15 16 17 -1 18 19 20 -1 21 22 23 -1 24 25 26 -1 27 28 29 -1 "
						                coordIndex="5 11 10 -1 7 6 8 -1 0 8 6 -1 8 0 9 -1 5 10 4 -1 0 1 9 -1 2 9 1 -1 9 2 10 -1 3 10 2 -1 10 3 4 -1 "
						                >
							<Coordinate DEF="coords_ME_Shape_IndexedFaceSet_3155"
							            point="15.499900 15.567100 -12.556300 15.499900 16.675301 -11.042200 15.499900 17.287901 -9.981200 15.499900 17.900499 -8.920100 15.499900 18.657700 -7.203400 15.661700 18.565001 -6.987900 15.970800 14.889400 -12.636300 15.999900 14.847400 -12.641300 16.000000 15.429000 -11.868400 16.000000 16.258400 -10.766200 16.000000 17.452999 -8.697100 16.000000 18.371401 -6.537600 "
							            />
							<TextureCoordinate point="0.9262 0.9757 1.0000 0.9249 0.6462 0.6838 0.0000 0.0000 0.0008 0.0110 0.1266 0.1526 0.0139 0.1889 0.1266 0.1526 0.0008 0.0110 0.1266 0.1526 0.0139 0.1889 0.3072 0.3703 0.9262 0.9757 0.6462 0.6838 0.8909 1.0000 0.0139 0.1889 0.2620 0.4797 0.3072 0.3703 0.4358 0.6405 0.3072 0.3703 0.2620 0.4797 0.3072 0.3703 0.4358 0.6405 0.6462 0.6838 0.6097 0.8013 0.6462 0.6838 0.4358 0.6405 0.6462 0.6838 0.6097 0.8013 0.8909 1.0000 " />
						</IndexedFaceSet>
					</Shape>
				</Group>
			</Transform>
		</Transform>
		<Transform DEF="Shape_IndexedFaceSet_111_TRANSFORM"
		           translation="0.000000 0.000000 0.000000"
		           scale="1.000000 1.000000 1.000000"
		           rotation="-0.000000 0.000000 0.000000 0.000000"
		           >
			<Transform DEF="Shape_IndexedFaceSet_111_ifs_TRANSFORM"
			           translation="0.000000 0.000000 0.000000"
			           scale="1.000000 1.000000 1.000000"
			           rotation="0.000000 1.000000 0.000000 0.000000"
			           >
				<Group DEF="group_ME_Shape_IndexedFaceSet_3156">
					<Shape>
						<Appearance>
							<Material USE="MA_Shape_011" />
						</Appearance>
						<IndexedFaceSet solid="false"
						                texCoordIndex="0 1 2 -1 3 4 5 -1 6 7 8 -1 9 10 11 -1 12 13 14 -1 15 16 17 -1 18 19 20 -1 21 22 23 -1 24 25 26 -1 "
						                coordIndex="6 9 0 -1 0 1 6 -1 2 6 1 -1 6 2 7 -1 3 7 2 -1 7 3 8 -1 4 8 3 -1 8 4 10 -1 5 10 4 -1 "
						                >
							<Coordinate DEF="coords_ME_Shape_IndexedFaceSet_3156"
							            point="10.212600 15.567100 -12.556300 10.212600 16.410200 -11.432500 10.212600 17.191299 -10.220300 10.212600 17.313299 -9.996100 10.212600 17.923300 -8.874300 10.212600 18.657700 -7.203400 15.499900 16.675301 -11.042200 15.499900 17.287901 -9.981200 15.499900 17.900499 -8.920100 15.500000 15.567100 -12.556300 15.500000 18.657700 -7.203400 "
							            />
							<TextureCoordinate point="0.2829 1.0000 0.0000 1.0000 0.0000 0.0000 0.0000 0.0000 0.2099 0.0000 0.2829 1.0000 0.4364 0.0000 0.2829 1.0000 0.2099 0.0000 0.2829 1.0000 0.4364 0.0000 0.4811 1.0000 0.4783 0.0000 0.4811 1.0000 0.4364 0.0000 0.4811 1.0000 0.4783 0.0000 0.6793 1.0000 0.6879 0.0000 0.6793 1.0000 0.4783 0.0000 0.6793 1.0000 0.6879 0.0000 1.0000 1.0000 1.0000 0.0000 1.0000 1.0000 0.6879 0.0000 " />
						</IndexedFaceSet>
					</Shape>
				</Group>
			</Transform>
		</Transform>
		<Transform DEF="Shape_IndexedFaceSet_113_TRANSFORM"
		           translation="0.000000 0.000000 0.000000"
		           scale="1.000000 1.000000 1.000000"
		           rotation="-0.000000 0.000000 0.000000 0.000000"
		           >
			<Transform DEF="Shape_IndexedFaceSet_113_ifs_TRANSFORM"
			           translation="0.000000 0.000000 0.000000"
			           scale="1.000000 1.000000 1.000000"
			           rotation="0.000000 1.000000 0.000000 0.000000"
			           >
				<Group DEF="group_ME_Shape_IndexedFaceSet_3157">
					<Shape>
						<Appearance>
							<Material USE="MA_Shape_011" />
						</Appearance>
						<IndexedFaceSet solid="false"
						                texCoordIndex="0 1 2 -1 3 4 5 -1 6 7 8 -1 9 10 11 -1 12 13 14 -1 15 16 17 -1 18 19 20 -1 21 22 23 -1 24 25 26 -1 27 28 29 -1 30 31 32 -1 33 34 35 -1 36 37 38 -1 39 40 41 -1 42 43 44 -1 45 46 47 -1 48 49 50 -1 51 52 53 -1 54 55 56 -1 57 58 59 -1 60 61 62 -1 63 64 65 -1 66 67 68 -1 69 70 71 -1 72 73 74 -1 75 76 77 -1 78 79 80 -1 81 82 83 -1 84 85 86 -1 87 88 89 -1 90 91 92 -1 "
						                coordIndex="21 22 24 -1 20 19 15 -1 13 11 8 -1 6 3 1 -1 10 12 16 -1 14 16 12 -1 16 14 18 -1 4 5 7 -1 11 6 8 -1 1 8 6 -1 8 1 9 -1 2 9 1 -1 9 2 7 -1 0 7 2 -1 7 0 4 -1 19 13 15 -1 8 15 13 -1 15 8 17 -1 9 17 8 -1 17 9 16 -1 7 16 9 -1 16 7 10 -1 5 10 7 -1 23 20 25 -1 15 25 20 -1 25 15 26 -1 17 26 15 -1 26 17 24 -1 16 24 17 -1 24 16 21 -1 18 21 16 -1 "
						                >
							<Coordinate DEF="coords_ME_Shape_IndexedFaceSet_3157"
							            point="8.745900 21.123501 1.621700 8.745900 21.123501 -1.621700 8.745900 21.185699 0.000000 8.745900 21.012501 -2.703400 8.745900 21.012501 2.703400 8.903200 20.582800 2.769200 8.903200 20.582800 -2.769200 9.031600 20.514799 1.575000 9.031600 20.514799 -1.575000 9.031600 20.575199 0.000000 9.041500 20.387400 2.825700 9.052400 20.397200 -2.827800 9.136100 20.253799 2.864300 9.279400 20.115200 -2.917000 9.441200 19.994200 2.969600 9.555800 20.092300 -1.542500 9.555800 20.092300 1.542500 9.555800 20.151400 0.000000 9.560400 19.937901 2.997800 9.569100 19.953899 -2.993400 9.806500 19.821800 -3.055900 9.806700 19.821699 3.056000 10.212600 19.759701 3.090500 10.212600 19.759701 -3.090500 10.212600 19.941299 1.530900 10.212600 19.941299 -1.530900 10.212600 19.999901 0.000000 "
							            />
							<TextureCoordinate point="0.9944 0.7233 1.0000 1.0000 0.7477 1.0000 0.0056 0.7231 0.0157 0.5613 0.2504 0.5522 0.0281 0.3637 0.0425 0.2090 0.2452 0.1948 0.0520 0.1072 0.0626 0.0000 0.2376 0.0000 0.9572 0.2015 0.9634 0.2660 0.7496 0.5522 0.9804 0.4741 0.7496 0.5522 0.9634 0.2660 0.7496 0.5522 0.9804 0.4741 0.9850 0.5553 0.9374 0.0000 0.9480 0.1072 0.7548 0.1948 0.0425 0.2090 0.0520 0.1072 0.2452 0.1948 0.2376 0.0000 0.2452 0.1948 0.0520 0.1072 0.2452 0.1948 0.2376 0.0000 0.5000 0.1948 0.5000 0.0000 0.5000 0.1948 0.2376 0.0000 0.5000 0.1948 0.5000 0.0000 0.7548 0.1948 0.7624 0.0000 0.7548 0.1948 0.5000 0.0000 0.7548 0.1948 0.7624 0.0000 0.9374 0.0000 0.0157 0.5613 0.0281 0.3637 0.2504 0.5522 0.2452 0.1948 0.2504 0.5522 0.0281 0.3637 0.2504 0.5522 0.2452 0.1948 0.5000 0.5522 0.5000 0.1948 0.5000 0.5522 0.2452 0.1948 0.5000 0.5522 0.5000 0.1948 0.7496 0.5522 0.7548 0.1948 0.7496 0.5522 0.5000 0.1948 0.7496 0.5522 0.7548 0.1948 0.9572 0.2015 0.9480 0.1072 0.9572 0.2015 0.7548 0.1948 0.0000 1.0000 0.0056 0.7231 0.2523 1.0000 0.2504 0.5522 0.2523 1.0000 0.0056 0.7231 0.2523 1.0000 0.2504 0.5522 0.5000 1.0000 0.5000 0.5522 0.5000 1.0000 0.2504 0.5522 0.5000 1.0000 0.5000 0.5522 0.7477 1.0000 0.7496 0.5522 0.7477 1.0000 0.5000 0.5522 0.7477 1.0000 0.7496 0.5522 0.9944 0.7233 0.9850 0.5553 0.9944 0.7233 0.7496 0.5522 " />
						</IndexedFaceSet>
					</Shape>
				</Group>
			</Transform>
		</Transform>
		<Transform DEF="Shape_IndexedFaceSet_114_TRANSFORM"
		           translation="0.000000 0.000000 0.000000"
		           scale="1.000000 1.000000 1.000000"
		           rotation="-0.000000 0.000000 0.000000 0.000000"
		           >
			<Transform DEF="Shape_IndexedFaceSet_114_ifs_TRANSFORM"
			           translation="0.000000 0.000000 0.000000"
			           scale="1.000000 1.000000 1.000000"
			           rotation="0.000000 1.000000 0.000000 0.000000"
			           >
				<Group DEF="group_ME_Shape_IndexedFaceSet_3158">
					<Shape>
						<Appearance>
							<Material USE="MA_Shape_011" />
						</Appearance>
						<IndexedFaceSet solid="false"
						                texCoordIndex="0 1 2 -1 3 4 5 -1 6 7 8 -1 9 10 11 -1 12 13 14 -1 15 16 17 -1 18 19 20 -1 21 22 23 -1 24 25 26 -1 "
						                coordIndex="5 0 3 -1 4 1 10 -1 6 10 1 -1 10 6 8 -1 7 5 9 -1 3 9 5 -1 9 3 10 -1 2 10 3 -1 10 2 4 -1 "
						                >
							<Coordinate DEF="coords_ME_Shape_IndexedFaceSet_3158"
							            point="15.499900 19.759701 -3.090500 15.499900 19.759701 3.090500 15.499900 19.962400 0.000000 15.499900 19.962400 -1.225100 15.499900 19.962400 1.225100 15.816400 19.392099 -3.364800 15.816400 19.392099 3.364800 16.000000 19.178900 -3.523900 16.000000 19.178900 3.523900 16.000000 19.463301 -1.194500 16.000000 19.463301 1.194500 "
							            />
							<TextureCoordinate point="0.0226 0.2721 0.0615 0.7413 0.3262 1.0000 0.6738 1.0000 0.9385 0.7413 0.6695 0.3630 0.9774 0.2721 0.6695 0.3630 0.9385 0.7413 0.6695 0.3630 0.9774 0.2721 1.0000 0.0000 0.0000 0.0000 0.0226 0.2721 0.3305 0.3630 0.3262 1.0000 0.3305 0.3630 0.0226 0.2721 0.3305 0.3630 0.3262 1.0000 0.6695 0.3630 0.5000 1.0000 0.6695 0.3630 0.3262 1.0000 0.6695 0.3630 0.5000 1.0000 0.6738 1.0000 " />
						</IndexedFaceSet>
					</Shape>
				</Group>
			</Transform>
		</Transform>
		<Transform DEF="Shape_IndexedFaceSet_115_TRANSFORM"
		           translation="0.000000 0.000000 0.000000"
		           scale="1.000000 1.000000 1.000000"
		           rotation="-0.000000 0.000000 0.000000 0.000000"
		           >
			<Transform DEF="Shape_IndexedFaceSet_115_ifs_TRANSFORM"
			           translation="0.000000 0.000000 0.000000"
			           scale="1.000000 1.000000 1.000000"
			           rotation="0.000000 1.000000 0.000000 0.000000"
			           >
				<Group DEF="group_ME_Shape_IndexedFaceSet_3159">
					<Shape>
						<Appearance>
							<Material USE="MA_Shape_011" />
						</Appearance>
						<IndexedFaceSet solid="false"
						                texCoordIndex="0 1 2 -1 3 4 5 -1 6 7 8 -1 9 10 11 -1 12 13 14 -1 15 16 17 -1 18 19 20 -1 21 22 23 -1 "
						                coordIndex="8 0 5 -1 3 5 0 -1 5 3 6 -1 4 6 3 -1 6 4 7 -1 2 7 4 -1 7 2 9 -1 1 9 2 -1 "
						                >
							<Coordinate DEF="coords_ME_Shape_IndexedFaceSet_3159"
							            point="10.212600 19.759701 -3.090500 10.212600 19.759701 3.090500 10.212600 19.941299 1.530900 10.212600 19.941299 -1.530900 10.212600 20.000000 0.000000 15.499900 19.962400 -1.225100 15.499900 19.962400 0.000000 15.499900 19.962400 1.225100 15.500000 19.759701 -3.090500 15.500000 19.759701 3.090500 "
							            />
							<TextureCoordinate point="0.0000 1.0000 0.0000 0.0000 0.3018 1.0000 0.2523 0.0000 0.3018 1.0000 0.0000 0.0000 0.3018 1.0000 0.2523 0.0000 0.5000 1.0000 0.5000 0.0000 0.5000 1.0000 0.2523 0.0000 0.5000 1.0000 0.5000 0.0000 0.6982 1.0000 0.7477 0.0000 0.6982 1.0000 0.5000 0.0000 0.6982 1.0000 0.7477 0.0000 1.0000 1.0000 1.0000 0.0000 1.0000 1.0000 0.7477 0.0000 " />
						</IndexedFaceSet>
					</Shape>
				</Group>
			</Transform>
		</Transform>
		<Transform DEF="Shape_IndexedFaceSet_116_TRANSFORM"
		           translation="0.000000 0.000000 0.000000"
		           scale="1.000000 1.000000 1.000000"
		           rotation="-0.000000 0.000000 0.000000 0.000000"
		           >
			<Transform DEF="Shape_IndexedFaceSet_116_ifs_TRANSFORM"
			           translation="0.000000 0.000000 0.000000"
			           scale="1.000000 1.000000 1.000000"
			           rotation="0.000000 1.000000 0.000000 0.000000"
			           >
				<Group DEF="group_ME_Shape_IndexedFaceSet_3160">
					<Shape>
						<Appearance>
							<Material USE="MA_Shape_011" />
						</Appearance>
						<IndexedFaceSet solid="false"
						                texCoordIndex="0 1 2 -1 3 4 5 -1 6 7 8 -1 9 10 11 -1 12 13 14 -1 15 16 17 -1 18 19 20 -1 21 22 23 -1 24 25 26 -1 27 28 29 -1 30 31 32 -1 33 34 35 -1 36 37 38 -1 39 40 41 -1 42 43 44 -1 45 46 47 -1 48 49 50 -1 51 52 53 -1 54 55 56 -1 57 58 59 -1 60 61 62 -1 63 64 65 -1 66 67 68 -1 69 70 71 -1 72 73 74 -1 75 76 77 -1 78 79 80 -1 81 82 83 -1 84 85 86 -1 87 88 89 -1 90 91 92 -1 93 94 95 -1 96 97 98 -1 99 100 101 -1 102 103 104 -1 105 106 107 -1 108 109 110 -1 "
						                coordIndex="18 19 9 -1 23 22 20 -1 6 10 7 -1 24 30 26 -1 12 16 17 -1 21 17 16 -1 17 21 24 -1 22 15 20 -1 14 20 15 -1 20 14 19 -1 13 19 14 -1 19 13 9 -1 11 9 13 -1 9 11 5 -1 31 23 29 -1 20 29 23 -1 29 20 28 -1 19 28 20 -1 28 19 25 -1 18 25 19 -1 25 18 27 -1 26 27 18 -1 1 0 7 -1 4 7 0 -1 7 4 6 -1 2 1 8 -1 7 8 1 -1 8 7 17 -1 10 17 7 -1 17 10 12 -1 24 26 17 -1 18 17 26 -1 17 18 8 -1 9 8 18 -1 8 9 2 -1 5 2 9 -1 2 5 3 -1 "
						                >
							<Coordinate DEF="coords_ME_Shape_IndexedFaceSet_3160"
							            point="8.745900 17.383101 12.110300 8.745900 18.210501 10.826200 8.745900 18.985901 9.400500 8.745900 19.549000 8.164900 8.745900 16.845600 12.847500 8.805100 19.379801 8.039500 8.859100 16.526501 12.717500 9.031600 16.882200 11.761300 9.031600 17.685801 10.514300 9.031600 18.438700 9.129600 9.033200 16.239201 12.635900 9.037100 19.065001 7.745400 9.042500 16.223900 12.631500 9.057200 19.037600 7.719800 9.146400 18.982300 7.651200 9.437200 18.801901 7.427600 9.550600 15.759000 12.563200 9.555800 16.534500 11.519100 9.555800 17.321501 10.297700 9.555800 18.059000 8.941500 9.555800 18.690500 7.532900 9.556000 15.756600 12.563100 9.559700 18.764099 7.370700 9.748500 18.705700 7.283000 9.869300 15.617800 12.556900 10.212600 17.313299 9.996100 10.212600 16.410200 11.432500 10.212600 17.191299 10.220300 10.212600 17.923300 8.874300 10.212600 18.549999 7.476300 10.212600 15.567100 12.556300 10.212600 18.657700 7.203400 "
							            />
							<TextureCoordinate point="0.5482 0.4406 0.3079 0.6258 0.3413 0.7212 0.0141 0.7882 0.0296 0.8029 0.0584 0.7844 0.9770 0.2409 0.9625 0.1688 0.8076 0.3303 0.9485 0.0127 0.9484 0.0000 0.7493 0.2117 0.9617 0.1649 0.9496 0.0482 0.7646 0.2429 0.9496 0.0476 0.7646 0.2429 0.9496 0.0482 0.7646 0.2429 0.9496 0.0476 0.9485 0.0127 0.0296 0.8029 0.0397 0.8124 0.0584 0.7844 0.0793 0.8577 0.0584 0.7844 0.0397 0.8124 0.0584 0.7844 0.0793 0.8577 0.3079 0.6258 0.0915 0.8716 0.3079 0.6258 0.0793 0.8577 0.3079 0.6258 0.0915 0.8716 0.3413 0.7212 0.0960 0.8784 0.3413 0.7212 0.0915 0.8716 0.3413 0.7212 0.0960 0.8784 0.1481 0.9575 0.0000 0.7762 0.0141 0.7882 0.0484 0.7491 0.0584 0.7844 0.0484 0.7491 0.0141 0.7882 0.0484 0.7491 0.0584 0.7844 0.2960 0.5917 0.3079 0.6258 0.2960 0.5917 0.0584 0.7844 0.2960 0.5917 0.3079 0.6258 0.4948 0.4385 0.5482 0.4406 0.4948 0.4385 0.3079 0.6258 0.4948 0.4385 0.5482 0.4406 0.5345 0.4079 0.7493 0.2117 0.5345 0.4079 0.5482 0.4406 0.6419 0.6639 0.8694 0.4561 0.8076 0.3303 1.0000 0.3211 0.8076 0.3303 0.8694 0.4561 0.8076 0.3303 1.0000 0.3211 0.9770 0.2409 0.3893 0.8586 0.6419 0.6639 0.5866 0.5321 0.8076 0.3303 0.5866 0.5321 0.6419 0.6639 0.5866 0.5321 0.8076 0.3303 0.7646 0.2429 0.9625 0.1688 0.7646 0.2429 0.8076 0.3303 0.7646 0.2429 0.9625 0.1688 0.9617 0.1649 0.9485 0.0127 0.7493 0.2117 0.7646 0.2429 0.5482 0.4406 0.7646 0.2429 0.7493 0.2117 0.7646 0.2429 0.5482 0.4406 0.5866 0.5321 0.3413 0.7212 0.5866 0.5321 0.5482 0.4406 0.5866 0.5321 0.3413 0.7212 0.3893 0.8586 0.1481 0.9575 0.3893 0.8586 0.3413 0.7212 0.3893 0.8586 0.1481 0.9575 0.1704 1.0000 " />
						</IndexedFaceSet>
					</Shape>
				</Group>
			</Transform>
		</Transform>
		<Transform DEF="Shape_IndexedFaceSet_117_TRANSFORM"
		           translation="0.000000 0.000000 0.000000"
		           scale="1.000000 1.000000 1.000000"
		           rotation="-0.000000 0.000000 0.000000 0.000000"
		           >
			<Transform DEF="Shape_IndexedFaceSet_117_ifs_TRANSFORM"
			           translation="0.000000 0.000000 0.000000"
			           scale="1.000000 1.000000 1.000000"
			           rotation="0.000000 1.000000 0.000000 0.000000"
			           >
				<Group DEF="group_ME_Shape_IndexedFaceSet_3161">
					<Shape>
						<Appearance>
							<Material USE="MA_Shape_011" />
						</Appearance>
						<IndexedFaceSet solid="false"
						                texCoordIndex="0 1 2 -1 3 4 5 -1 6 7 8 -1 9 10 11 -1 12 13 14 -1 15 16 17 -1 18 19 20 -1 21 22 23 -1 24 25 26 -1 27 28 29 -1 30 31 32 -1 33 34 35 -1 36 37 38 -1 39 40 41 -1 42 43 44 -1 45 46 47 -1 48 49 50 -1 51 52 53 -1 54 55 56 -1 57 58 59 -1 60 61 62 -1 63 64 65 -1 66 67 68 -1 69 70 71 -1 72 73 74 -1 75 76 77 -1 78 79 80 -1 81 82 83 -1 84 85 86 -1 87 88 89 -1 90 91 92 -1 93 94 95 -1 96 97 98 -1 99 100 101 -1 102 103 104 -1 105 106 107 -1 108 109 110 -1 111 112 113 -1 114 115 116 -1 117 118 119 -1 120 121 122 -1 123 124 125 -1 126 127 128 -1 129 130 131 -1 132 133 134 -1 135 136 137 -1 138 139 140 -1 141 142 143 -1 144 145 146 -1 147 148 149 -1 150 151 152 -1 153 154 155 -1 156 157 158 -1 159 160 161 -1 162 163 164 -1 165 166 167 -1 168 169 170 -1 171 172 173 -1 174 175 176 -1 177 178 179 -1 180 181 182 -1 183 184 185 -1 186 187 188 -1 189 190 191 -1 192 193 194 -1 195 196 197 -1 198 199 200 -1 201 202 203 -1 204 205 206 -1 207 208 209 -1 210 211 212 -1 213 214 215 -1 216 217 218 -1 219 220 221 -1 222 223 224 -1 225 226 227 -1 228 229 230 -1 231 232 233 -1 234 235 236 -1 237 238 239 -1 240 241 242 -1 243 244 245 -1 246 247 248 -1 249 250 251 -1 252 253 254 -1 255 256 257 -1 258 259 260 -1 261 262 263 -1 264 265 266 -1 267 268 269 -1 270 271 272 -1 273 274 275 -1 276 277 278 -1 279 280 281 -1 282 283 284 -1 285 286 287 -1 288 289 290 -1 291 292 293 -1 294 295 296 -1 297 298 299 -1 300 301 302 -1 303 304 305 -1 306 307 308 -1 309 310 311 -1 312 313 314 -1 315 316 317 -1 318 319 320 -1 321 322 323 -1 324 325 326 -1 327 328 329 -1 330 331 332 -1 333 334 335 -1 336 337 338 -1 339 340 341 -1 342 343 344 -1 345 346 347 -1 348 349 350 -1 351 352 353 -1 354 355 356 -1 357 358 359 -1 360 361 362 -1 363 364 365 -1 366 367 368 -1 369 370 371 -1 372 373 374 -1 375 376 377 -1 378 379 380 -1 381 382 383 -1 384 385 386 -1 387 388 389 -1 390 391 392 -1 393 394 395 -1 396 397 398 -1 399 400 401 -1 402 403 404 -1 405 406 407 -1 408 409 410 -1 411 412 413 -1 414 415 416 -1 417 418 419 -1 420 421 422 -1 423 424 425 -1 426 427 428 -1 429 430 431 -1 432 433 434 -1 435 436 437 -1 438 439 440 -1 441 442 443 -1 444 445 446 -1 447 448 449 -1 450 451 452 -1 453 454 455 -1 456 457 458 -1 459 460 461 -1 462 463 464 -1 465 466 467 -1 468 469 470 -1 471 472 473 -1 474 475 476 -1 477 478 479 -1 480 481 482 -1 483 484 485 -1 486 487 488 -1 489 490 491 -1 492 493 494 -1 495 496 497 -1 498 499 500 -1 501 502 503 -1 504 505 506 -1 507 508 509 -1 "
						                coordIndex="88 171 128 -1 170 87 129 -1 86 129 87 -1 129 86 83 -1 88 128 85 -1 128 169 78 -1 85 128 84 -1 78 84 128 -1 84 78 80 -1 83 79 129 -1 77 129 79 -1 129 77 168 -1 75 168 77 -1 168 75 125 -1 73 125 75 -1 125 73 166 -1 71 166 73 -1 166 71 124 -1 69 124 71 -1 124 69 164 -1 67 164 69 -1 164 67 122 -1 65 122 67 -1 122 65 162 -1 63 162 65 -1 162 63 121 -1 61 121 63 -1 121 61 160 -1 59 160 61 -1 160 59 118 -1 57 118 59 -1 118 57 158 -1 55 158 57 -1 158 55 117 -1 81 117 55 -1 117 81 156 -1 53 156 81 -1 156 53 114 -1 51 114 53 -1 114 51 154 -1 49 154 51 -1 154 49 112 -1 47 112 49 -1 112 47 152 -1 45 152 47 -1 152 45 110 -1 43 110 45 -1 110 43 150 -1 41 150 43 -1 150 41 108 -1 39 108 41 -1 108 39 148 -1 37 148 39 -1 148 37 106 -1 36 106 37 -1 106 36 146 -1 33 146 36 -1 146 33 104 -1 13 104 33 -1 104 13 144 -1 31 144 13 -1 144 31 102 -1 27 102 31 -1 102 27 142 -1 29 142 27 -1 142 29 101 -1 26 101 29 -1 101 26 140 -1 23 140 26 -1 140 23 99 -1 22 99 23 -1 99 22 138 -1 19 138 22 -1 138 19 97 -1 18 97 19 -1 97 18 136 -1 15 136 18 -1 136 15 93 -1 12 93 15 -1 93 12 134 -1 9 134 12 -1 134 9 89 -1 8 89 9 -1 89 8 132 -1 5 132 8 -1 132 5 91 -1 3 91 5 -1 91 3 130 -1 0 130 3 -1 130 0 94 -1 1 94 0 -1 94 1 131 -1 2 131 1 -1 131 2 90 -1 4 90 2 -1 90 4 133 -1 6 133 4 -1 133 6 92 -1 7 92 6 -1 92 7 135 -1 10 135 7 -1 135 10 95 -1 11 95 10 -1 95 11 137 -1 16 137 11 -1 137 16 96 -1 17 96 16 -1 96 17 139 -1 20 139 17 -1 139 20 98 -1 21 98 20 -1 98 21 141 -1 24 141 21 -1 141 24 100 -1 25 100 24 -1 100 25 143 -1 30 143 25 -1 143 30 103 -1 28 103 30 -1 103 28 145 -1 32 145 28 -1 145 32 105 -1 14 105 32 -1 105 14 147 -1 34 147 14 -1 147 34 107 -1 35 107 34 -1 107 35 149 -1 38 149 35 -1 149 38 109 -1 40 109 38 -1 109 40 151 -1 42 151 40 -1 151 42 111 -1 44 111 42 -1 111 44 153 -1 46 153 44 -1 153 46 113 -1 48 113 46 -1 113 48 155 -1 50 155 48 -1 155 50 115 -1 52 115 50 -1 115 52 157 -1 54 157 52 -1 157 54 116 -1 82 116 54 -1 116 82 159 -1 56 159 82 -1 159 56 119 -1 58 119 56 -1 119 58 161 -1 60 161 58 -1 161 60 120 -1 62 120 60 -1 120 62 163 -1 64 163 62 -1 163 64 123 -1 66 123 64 -1 123 66 165 -1 68 165 66 -1 165 68 126 -1 70 126 68 -1 126 70 167 -1 72 167 70 -1 167 72 127 -1 74 127 72 -1 127 74 169 -1 76 169 74 -1 169 76 78 -1 "
						                >
							<Coordinate DEF="coords_ME_Shape_IndexedFaceSet_3161"
							            point="6.999900 -26.920900 2.065200 6.999900 -26.920900 0.000000 6.999900 -26.920900 -2.065200 6.999900 -26.620399 4.012100 6.999900 -26.620399 -4.012100 6.999900 -26.290800 6.147200 6.999900 -26.290800 -6.147200 6.999900 -25.725599 -7.934700 6.999900 -25.725599 7.934700 6.999900 -25.045601 10.085500 6.999900 -25.045601 -10.085500 6.999900 -24.256599 -11.680400 6.999900 -24.256599 11.680400 6.999900 -9.841000 25.069201 6.999900 -9.841000 -25.069201 7.000000 -23.214100 13.787700 7.000000 -23.214100 -13.787700 7.000000 -22.245899 -15.165700 7.000000 -22.245899 15.165700 7.000000 -20.839500 17.167200 7.000000 -20.839500 -17.167200 7.000000 -19.738400 -18.312700 7.000000 -19.738400 18.312700 7.000000 -17.977100 20.145000 7.000000 -17.977100 -20.145000 7.000000 -16.789801 -21.051300 7.000000 -16.789801 21.051300 7.000000 -13.466000 23.320400 7.000000 -13.466000 -23.320400 7.000000 -14.694000 22.651300 7.000000 -14.694000 -22.651300 7.000000 -11.067100 24.627600 7.000000 -11.067100 -24.627600 7.000000 -7.181100 26.027500 7.000000 -7.181100 -26.027500 7.000000 -5.995500 -26.258699 7.000000 -5.995500 26.258699 7.000000 -3.127100 26.818199 7.000000 -3.127100 -26.818199 7.000000 -2.015200 26.862200 7.000000 -2.015200 -26.862200 7.000000 1.000000 26.981400 7.000000 1.000000 -26.981400 7.000000 2.011000 26.866100 7.000000 2.011000 -26.866100 7.000000 5.103800 26.513201 7.000000 5.103800 -26.513201 7.000000 5.993500 26.270000 7.000000 5.993500 -26.270000 7.000000 9.088100 25.424400 7.000000 9.088100 -25.424400 7.000000 9.843500 25.087200 7.000000 9.843500 -25.087200 7.000000 12.859800 23.740700 7.000000 12.859800 -23.740700 7.000000 16.330500 21.501400 7.000000 16.330500 -21.501400 7.000000 16.806801 21.078501 7.000000 16.806801 -21.078501 7.000000 19.419001 18.758900 7.000000 19.419001 -18.758900 7.000000 19.764601 18.341600 7.000000 19.764601 -18.341600 7.000000 22.053101 15.577400 7.000000 22.053101 -15.577400 7.000000 22.282200 15.193900 7.000000 22.282200 -15.193900 7.000000 24.171101 12.031400 7.000000 24.171101 -12.031400 7.000000 24.303301 11.705500 7.000000 24.303301 -11.705500 7.000000 25.723400 8.203800 7.000000 25.723400 -8.203800 7.000000 25.782499 7.954100 7.000000 25.782499 -7.954100 7.000000 26.673800 4.184100 7.000000 26.673800 -4.184100 7.000000 26.688999 4.023200 7.000000 26.688999 -4.023200 7.000000 26.985100 0.893900 7.000000 26.985100 -0.893900 7.000000 13.474900 23.343800 7.000000 13.474900 -23.343800 7.295000 26.756800 0.498300 7.295000 26.756800 -0.498300 7.585100 26.526699 -0.099900 7.585100 26.526699 0.099900 7.595700 26.518200 0.083400 7.595700 26.518200 -0.083400 7.604700 -25.201500 7.975500 7.604700 -26.123600 -4.035000 7.604700 -26.123600 4.035000 7.604700 -25.201500 -7.975500 7.604700 -23.688700 11.729000 7.604700 -26.433399 0.000000 7.604700 -23.688700 -11.729000 7.604700 -21.620600 -15.207600 7.604700 -21.620600 15.207600 7.604700 -19.045799 -18.329800 7.604700 -19.045799 18.329800 7.604700 -16.024500 -21.022301 7.604700 -16.024500 21.022301 7.604700 -12.627700 23.222099 7.604700 -12.627700 -23.222099 7.604700 -8.934800 24.877501 7.604700 -8.934800 -24.877501 7.604700 -5.032600 25.949900 7.604700 -5.032600 -25.949900 7.604700 -1.012300 26.414000 7.604700 -1.012300 -26.414000 7.604700 3.031500 26.259001 7.604700 3.031500 -26.259001 7.604700 7.004400 25.488501 7.604700 7.004400 -25.488501 7.604700 10.813200 24.120501 7.604700 10.813200 -24.120501 7.604700 14.368400 -22.187201 7.604700 14.368400 22.187201 7.604700 17.586901 19.733900 7.604700 17.586901 -19.733900 7.604700 20.393200 -16.817900 7.604700 20.393200 16.817900 7.604700 22.721500 13.507800 7.604700 22.721500 -13.507800 7.604700 24.517099 9.881100 7.604700 25.738199 6.022700 7.604700 24.517099 -9.881100 7.604700 25.738199 -6.022700 7.604700 26.355900 -2.023200 7.604700 26.355900 2.023200 7.604700 -26.433399 2.027800 7.604700 -26.433399 -2.027800 7.604700 -25.814800 6.035900 7.604700 -25.814800 -6.035900 7.604700 -24.591999 9.902800 7.604700 -24.591999 -9.902800 7.604700 -22.793800 13.538000 7.604700 -22.793800 -13.538000 7.604700 -20.462099 16.856300 7.604700 -20.462099 -16.856300 7.604700 -17.651600 19.780199 7.604700 -17.651600 -19.780199 7.604700 -14.427900 22.241199 7.604700 -14.427900 -22.241199 7.604700 -10.866700 24.181601 7.604700 -10.866700 -24.181601 7.604700 -7.051100 25.556200 7.604700 -7.051100 -25.556200 7.604700 -3.070500 26.332600 7.604700 -3.070500 -26.332600 7.604700 0.981900 26.492901 7.604700 0.981900 -26.492901 7.604700 5.011400 26.033100 7.604700 5.011400 -26.033100 7.604700 8.923600 24.964100 7.604700 8.923600 -24.964100 7.604700 12.626900 23.310801 7.604700 12.626900 -23.310801 7.604700 16.034800 21.112101 7.604700 16.034800 -21.112101 7.604700 19.067400 18.419201 7.604700 19.067400 -18.419201 7.604700 21.653799 15.295300 7.604700 21.653799 -15.295300 7.604700 23.733400 11.813500 7.604700 23.733400 -11.813500 7.604700 25.257601 8.055200 7.604700 25.257601 -8.055200 7.604700 26.190800 4.108400 7.604700 26.190800 -4.108400 7.604700 26.511000 0.065400 7.604700 26.511000 -0.065400 "
							            />
							<TextureCoordinate point="0.4985 0.9913 0.4988 0.9912 0.4625 0.9883 0.5012 0.9912 0.5015 0.9913 0.5375 0.9883 0.5019 0.9915 0.5375 0.9883 0.5015 0.9913 0.5375 0.9883 0.5019 0.9915 0.5092 0.9958 0.4985 0.9913 0.4625 0.9883 0.4981 0.9915 0.4625 0.9883 0.4239 0.9853 0.4254 0.9945 0.4981 0.9915 0.4625 0.9883 0.4908 0.9958 0.4254 0.9945 0.4908 0.9958 0.4625 0.9883 0.4908 0.9958 0.4254 0.9945 0.4834 1.0000 0.5092 0.9958 0.5166 1.0000 0.5375 0.9883 0.5746 0.9945 0.5375 0.9883 0.5166 1.0000 0.5375 0.9883 0.5746 0.9945 0.5761 0.9853 0.5775 0.9942 0.5761 0.9853 0.5746 0.9945 0.5761 0.9853 0.5775 0.9942 0.6116 0.9769 0.6474 0.9777 0.6116 0.9769 0.5775 0.9942 0.6116 0.9769 0.6474 0.9777 0.6493 0.9680 0.6520 0.9766 0.6493 0.9680 0.6474 0.9777 0.6493 0.9680 0.6520 0.9766 0.6831 0.9542 0.7169 0.9503 0.6831 0.9542 0.6520 0.9766 0.6831 0.9542 0.7169 0.9503 0.7189 0.9397 0.7230 0.9478 0.7189 0.9397 0.7169 0.9503 0.7189 0.9397 0.7230 0.9478 0.7503 0.9209 0.7816 0.9128 0.7503 0.9209 0.7230 0.9478 0.7503 0.9209 0.7816 0.9128 0.7834 0.9011 0.7887 0.9085 0.7834 0.9011 0.7816 0.9128 0.7834 0.9011 0.7887 0.9085 0.8117 0.8777 0.8399 0.8661 0.8117 0.8777 0.7887 0.9085 0.8117 0.8777 0.8399 0.8661 0.8413 0.8531 0.8476 0.8596 0.8413 0.8531 0.8399 0.8661 0.8413 0.8531 0.8476 0.8596 0.8657 0.8257 0.8906 0.8112 0.8657 0.8257 0.8476 0.8596 0.8657 0.8257 0.8906 0.8112 0.8912 0.7969 0.8984 0.8023 0.8912 0.7969 0.8906 0.8112 0.8912 0.7969 0.8984 0.8023 0.9112 0.7659 0.9326 0.7494 0.9112 0.7659 0.8984 0.8023 0.9112 0.7659 0.9326 0.7494 0.9320 0.7336 0.9399 0.7380 0.9320 0.7336 0.9326 0.7494 0.9320 0.7336 0.9399 0.7380 0.9470 0.7000 0.9649 0.6820 0.9470 0.7000 0.9399 0.7380 0.9470 0.7000 0.9649 0.6820 0.9626 0.6649 0.9711 0.6680 0.9626 0.6649 0.9649 0.6820 0.9626 0.6649 0.9711 0.6680 0.9723 0.6293 0.9868 0.6106 0.9723 0.6293 0.9711 0.6680 0.9723 0.6293 0.9868 0.6106 0.9824 0.5924 0.9913 0.5941 0.9824 0.5924 0.9868 0.6106 0.9824 0.5924 0.9913 0.5941 0.9866 0.5556 0.9979 0.5367 0.9866 0.5556 0.9913 0.5941 0.9866 0.5556 0.9979 0.5367 0.9909 0.5176 1.0000 0.5180 0.9909 0.5176 0.9979 0.5367 0.9909 0.5176 1.0000 0.5180 0.9895 0.4806 0.9978 0.4620 0.9895 0.4806 1.0000 0.5180 0.9895 0.4806 0.9978 0.4620 0.9880 0.4424 0.9970 0.4414 0.9880 0.4424 0.9978 0.4620 0.9880 0.4424 0.9970 0.4414 0.9809 0.4060 0.9866 0.3882 0.9809 0.4060 0.9970 0.4414 0.9809 0.4060 0.9866 0.3882 0.9736 0.3686 0.9823 0.3662 0.9736 0.3686 0.9866 0.3882 0.9736 0.3686 0.9823 0.3662 0.9610 0.3337 0.9646 0.3168 0.9610 0.3337 0.9823 0.3662 0.9610 0.3337 0.9646 0.3168 0.9481 0.2978 0.9564 0.2941 0.9481 0.2978 0.9646 0.3168 0.9481 0.2978 0.9564 0.2941 0.9303 0.2652 0.9322 0.2496 0.9303 0.2652 0.9564 0.2941 0.9303 0.2652 0.9322 0.2496 0.9122 0.2318 0.9198 0.2268 0.9122 0.2318 0.9322 0.2496 0.9122 0.2318 0.9198 0.2268 0.8896 0.2021 0.8901 0.1879 0.8896 0.2021 0.9198 0.2268 0.8896 0.2021 0.8901 0.1879 0.8666 0.1720 0.8733 0.1659 0.8666 0.1720 0.8901 0.1879 0.8666 0.1720 0.8733 0.1659 0.8397 0.1461 0.8394 0.1332 0.8397 0.1461 0.8733 0.1659 0.8397 0.1461 0.8394 0.1332 0.8124 0.1198 0.8181 0.1128 0.8124 0.1198 0.8394 0.1332 0.8124 0.1198 0.8181 0.1128 0.7818 0.0983 0.7810 0.0867 0.7818 0.0983 0.8181 0.1128 0.7818 0.0983 0.7810 0.0867 0.7509 0.0766 0.7555 0.0688 0.7509 0.0766 0.7810 0.0867 0.7509 0.0766 0.7555 0.0688 0.7174 0.0600 0.7165 0.0494 0.7174 0.0600 0.7555 0.0688 0.7174 0.0600 0.7165 0.0494 0.6835 0.0432 0.6869 0.0348 0.6835 0.0432 0.7165 0.0494 0.6835 0.0432 0.6869 0.0348 0.6478 0.0319 0.6470 0.0222 0.6478 0.0319 0.6869 0.0348 0.6478 0.0319 0.6470 0.0222 0.6119 0.0205 0.6139 0.0117 0.6119 0.0205 0.6470 0.0222 0.6119 0.0205 0.6139 0.0117 0.5748 0.0148 0.5743 0.0056 0.5748 0.0148 0.6139 0.0117 0.5748 0.0148 0.5743 0.0056 0.5376 0.0090 0.5383 0.0000 0.5376 0.0090 0.5743 0.0056 0.5376 0.0090 0.5383 0.0000 0.5000 0.0090 0.5000 0.0000 0.5000 0.0090 0.5383 0.0000 0.5000 0.0090 0.5000 0.0000 0.4624 0.0090 0.4617 0.0000 0.4624 0.0090 0.5000 0.0000 0.4624 0.0090 0.4617 0.0000 0.4252 0.0148 0.4257 0.0056 0.4252 0.0148 0.4617 0.0000 0.4252 0.0148 0.4257 0.0056 0.3881 0.0205 0.3861 0.0117 0.3881 0.0205 0.4257 0.0056 0.3881 0.0205 0.3861 0.0117 0.3522 0.0319 0.3530 0.0222 0.3522 0.0319 0.3861 0.0117 0.3522 0.0319 0.3530 0.0222 0.3165 0.0432 0.3131 0.0348 0.3165 0.0432 0.3530 0.0222 0.3165 0.0432 0.3131 0.0348 0.2826 0.0600 0.2835 0.0494 0.2826 0.0600 0.3131 0.0348 0.2826 0.0600 0.2835 0.0494 0.2491 0.0766 0.2445 0.0688 0.2491 0.0766 0.2835 0.0494 0.2491 0.0766 0.2445 0.0688 0.2182 0.0983 0.2190 0.0867 0.2182 0.0983 0.2445 0.0688 0.2182 0.0983 0.2190 0.0867 0.1876 0.1198 0.1819 0.1128 0.1876 0.1198 0.2190 0.0867 0.1876 0.1198 0.1819 0.1128 0.1603 0.1461 0.1606 0.1332 0.1603 0.1461 0.1819 0.1128 0.1603 0.1461 0.1606 0.1332 0.1334 0.1720 0.1267 0.1659 0.1334 0.1720 0.1606 0.1332 0.1334 0.1720 0.1267 0.1659 0.1104 0.2021 0.1099 0.1879 0.1104 0.2021 0.1267 0.1659 0.1104 0.2021 0.1099 0.1879 0.0878 0.2318 0.0802 0.2268 0.0878 0.2318 0.1099 0.1879 0.0878 0.2318 0.0802 0.2268 0.0697 0.2652 0.0678 0.2496 0.0697 0.2652 0.0802 0.2268 0.0697 0.2652 0.0678 0.2496 0.0519 0.2978 0.0436 0.2941 0.0519 0.2978 0.0678 0.2496 0.0519 0.2978 0.0436 0.2941 0.0390 0.3337 0.0354 0.3168 0.0390 0.3337 0.0436 0.2941 0.0390 0.3337 0.0354 0.3168 0.0264 0.3686 0.0177 0.3662 0.0264 0.3686 0.0354 0.3168 0.0264 0.3686 0.0177 0.3662 0.0191 0.4060 0.0134 0.3882 0.0191 0.4060 0.0177 0.3662 0.0191 0.4060 0.0134 0.3882 0.0120 0.4424 0.0030 0.4414 0.0120 0.4424 0.0134 0.3882 0.0120 0.4424 0.0030 0.4414 0.0105 0.4806 0.0022 0.4620 0.0105 0.4806 0.0030 0.4414 0.0105 0.4806 0.0022 0.4620 0.0091 0.5176 0.0000 0.5180 0.0091 0.5176 0.0022 0.4620 0.0091 0.5176 0.0000 0.5180 0.0134 0.5556 0.0021 0.5367 0.0134 0.5556 0.0000 0.5180 0.0134 0.5556 0.0021 0.5367 0.0176 0.5924 0.0087 0.5941 0.0176 0.5924 0.0021 0.5367 0.0176 0.5924 0.0087 0.5941 0.0277 0.6293 0.0132 0.6106 0.0277 0.6293 0.0087 0.5941 0.0277 0.6293 0.0132 0.6106 0.0374 0.6649 0.0289 0.6680 0.0374 0.6649 0.0132 0.6106 0.0374 0.6649 0.0289 0.6680 0.0530 0.7000 0.0351 0.6820 0.0530 0.7000 0.0289 0.6680 0.0530 0.7000 0.0351 0.6820 0.0680 0.7336 0.0601 0.7380 0.0680 0.7336 0.0351 0.6820 0.0680 0.7336 0.0601 0.7380 0.0888 0.7659 0.0674 0.7494 0.0888 0.7659 0.0601 0.7380 0.0888 0.7659 0.0674 0.7494 0.1088 0.7969 0.1016 0.8023 0.1088 0.7969 0.0674 0.7494 0.1088 0.7969 0.1016 0.8023 0.1343 0.8257 0.1094 0.8112 0.1343 0.8257 0.1016 0.8023 0.1343 0.8257 0.1094 0.8112 0.1587 0.8531 0.1524 0.8596 0.1587 0.8531 0.1094 0.8112 0.1587 0.8531 0.1524 0.8596 0.1883 0.8777 0.1601 0.8661 0.1883 0.8777 0.1524 0.8596 0.1883 0.8777 0.1601 0.8661 0.2166 0.9011 0.2113 0.9085 0.2166 0.9011 0.1601 0.8661 0.2166 0.9011 0.2113 0.9085 0.2497 0.9209 0.2184 0.9128 0.2497 0.9209 0.2113 0.9085 0.2497 0.9209 0.2184 0.9128 0.2811 0.9397 0.2770 0.9478 0.2811 0.9397 0.2184 0.9128 0.2811 0.9397 0.2770 0.9478 0.3169 0.9542 0.2831 0.9503 0.3169 0.9542 0.2770 0.9478 0.3169 0.9542 0.2831 0.9503 0.3507 0.9680 0.3480 0.9766 0.3507 0.9680 0.2831 0.9503 0.3507 0.9680 0.3480 0.9766 0.3884 0.9769 0.3526 0.9777 0.3884 0.9769 0.3480 0.9766 0.3884 0.9769 0.3526 0.9777 0.4239 0.9853 0.4225 0.9942 0.4239 0.9853 0.3526 0.9777 0.4239 0.9853 0.4225 0.9942 0.4254 0.9945 " />
						</IndexedFaceSet>
					</Shape>
				</Group>
			</Transform>
		</Transform>
		<Transform DEF="Shape_IndexedFaceSet_118_TRANSFORM"
		           translation="0.000000 0.000000 0.000000"
		           scale="1.000000 1.000000 1.000000"
		           rotation="-0.000000 0.000000 0.000000 0.000000"
		           >
			<Transform DEF="Shape_IndexedFaceSet_118_ifs_TRANSFORM"
			           translation="0.000000 0.000000 0.000000"
			           scale="1.000000 1.000000 1.000000"
			           rotation="0.000000 1.000000 0.000000 0.000000"
			           >
				<Group DEF="group_ME_Shape_IndexedFaceSet_3162">
					<Shape>
						<Appearance>
							<Material USE="MA_Shape_011" />
						</Appearance>
						<IndexedFaceSet solid="false"
						                texCoordIndex="0 1 2 -1 3 4 5 -1 6 7 8 -1 9 10 11 -1 12 13 14 -1 15 16 17 -1 18 19 20 -1 21 22 23 -1 24 25 26 -1 27 28 29 -1 30 31 32 -1 33 34 35 -1 36 37 38 -1 39 40 41 -1 42 43 44 -1 45 46 47 -1 48 49 50 -1 51 52 53 -1 54 55 56 -1 57 58 59 -1 60 61 62 -1 63 64 65 -1 66 67 68 -1 69 70 71 -1 72 73 74 -1 75 76 77 -1 78 79 80 -1 81 82 83 -1 84 85 86 -1 87 88 89 -1 90 91 92 -1 93 94 95 -1 96 97 98 -1 99 100 101 -1 102 103 104 -1 105 106 107 -1 108 109 110 -1 111 112 113 -1 114 115 116 -1 117 118 119 -1 120 121 122 -1 123 124 125 -1 126 127 128 -1 129 130 131 -1 132 133 134 -1 135 136 137 -1 138 139 140 -1 141 142 143 -1 144 145 146 -1 147 148 149 -1 150 151 152 -1 153 154 155 -1 156 157 158 -1 159 160 161 -1 162 163 164 -1 165 166 167 -1 168 169 170 -1 171 172 173 -1 174 175 176 -1 177 178 179 -1 180 181 182 -1 183 184 185 -1 186 187 188 -1 189 190 191 -1 192 193 194 -1 195 196 197 -1 198 199 200 -1 201 202 203 -1 204 205 206 -1 207 208 209 -1 210 211 212 -1 213 214 215 -1 216 217 218 -1 219 220 221 -1 222 223 224 -1 225 226 227 -1 228 229 230 -1 231 232 233 -1 234 235 236 -1 237 238 239 -1 240 241 242 -1 243 244 245 -1 246 247 248 -1 249 250 251 -1 252 253 254 -1 255 256 257 -1 258 259 260 -1 261 262 263 -1 264 265 266 -1 267 268 269 -1 270 271 272 -1 273 274 275 -1 276 277 278 -1 279 280 281 -1 282 283 284 -1 285 286 287 -1 288 289 290 -1 291 292 293 -1 294 295 296 -1 297 298 299 -1 300 301 302 -1 303 304 305 -1 306 307 308 -1 309 310 311 -1 312 313 314 -1 315 316 317 -1 318 319 320 -1 321 322 323 -1 324 325 326 -1 327 328 329 -1 330 331 332 -1 333 334 335 -1 336 337 338 -1 339 340 341 -1 342 343 344 -1 345 346 347 -1 348 349 350 -1 351 352 353 -1 354 355 356 -1 357 358 359 -1 360 361 362 -1 363 364 365 -1 366 367 368 -1 369 370 371 -1 372 373 374 -1 375 376 377 -1 378 379 380 -1 381 382 383 -1 384 385 386 -1 387 388 389 -1 390 391 392 -1 393 394 395 -1 396 397 398 -1 399 400 401 -1 402 403 404 -1 405 406 407 -1 408 409 410 -1 411 412 413 -1 414 415 416 -1 417 418 419 -1 420 421 422 -1 423 424 425 -1 426 427 428 -1 429 430 431 -1 432 433 434 -1 435 436 437 -1 438 439 440 -1 441 442 443 -1 444 445 446 -1 447 448 449 -1 450 451 452 -1 453 454 455 -1 456 457 458 -1 459 460 461 -1 462 463 464 -1 465 466 467 -1 468 469 470 -1 471 472 473 -1 474 475 476 -1 477 478 479 -1 480 481 482 -1 483 484 485 -1 486 487 488 -1 489 490 491 -1 492 493 494 -1 495 496 497 -1 498 499 500 -1 501 502 503 -1 504 505 506 -1 507 508 509 -1 510 511 512 -1 513 514 515 -1 516 517 518 -1 519 520 521 -1 522 523 524 -1 525 526 527 -1 528 529 530 -1 531 532 533 -1 534 535 536 -1 537 538 539 -1 540 541 542 -1 543 544 545 -1 546 547 548 -1 549 550 551 -1 552 553 554 -1 555 556 557 -1 558 559 560 -1 561 562 563 -1 564 565 566 -1 567 568 569 -1 570 571 572 -1 573 574 575 -1 576 577 578 -1 579 580 581 -1 582 583 584 -1 585 586 587 -1 588 589 590 -1 591 592 593 -1 594 595 596 -1 597 598 599 -1 600 601 602 -1 603 604 605 -1 606 607 608 -1 609 610 611 -1 612 613 614 -1 615 616 617 -1 618 619 620 -1 621 622 623 -1 624 625 626 -1 627 628 629 -1 630 631 632 -1 633 634 635 -1 636 637 638 -1 639 640 641 -1 642 643 644 -1 645 646 647 -1 648 649 650 -1 651 652 653 -1 654 655 656 -1 657 658 659 -1 660 661 662 -1 663 664 665 -1 666 667 668 -1 669 670 671 -1 672 673 674 -1 675 676 677 -1 678 679 680 -1 681 682 683 -1 684 685 686 -1 687 688 689 -1 690 691 692 -1 693 694 695 -1 696 697 698 -1 699 700 701 -1 702 703 704 -1 705 706 707 -1 708 709 710 -1 711 712 713 -1 714 715 716 -1 717 718 719 -1 720 721 722 -1 723 724 725 -1 726 727 728 -1 729 730 731 -1 732 733 734 -1 735 736 737 -1 738 739 740 -1 741 742 743 -1 744 745 746 -1 747 748 749 -1 750 751 752 -1 753 754 755 -1 756 757 758 -1 759 760 761 -1 762 763 764 -1 765 766 767 -1 768 769 770 -1 771 772 773 -1 774 775 776 -1 777 778 779 -1 780 781 782 -1 783 784 785 -1 786 787 788 -1 789 790 791 -1 792 793 794 -1 795 796 797 -1 798 799 800 -1 801 802 803 -1 804 805 806 -1 807 808 809 -1 810 811 812 -1 813 814 815 -1 816 817 818 -1 819 820 821 -1 822 823 824 -1 825 826 827 -1 828 829 830 -1 831 832 833 -1 834 835 836 -1 837 838 839 -1 840 841 842 -1 843 844 845 -1 846 847 848 -1 849 850 851 -1 852 853 854 -1 855 856 857 -1 858 859 860 -1 861 862 863 -1 864 865 866 -1 867 868 869 -1 870 871 872 -1 873 874 875 -1 876 877 878 -1 879 880 881 -1 882 883 884 -1 885 886 887 -1 888 889 890 -1 891 892 893 -1 894 895 896 -1 897 898 899 -1 900 901 902 -1 903 904 905 -1 906 907 908 -1 909 910 911 -1 912 913 914 -1 915 916 917 -1 918 919 920 -1 921 922 923 -1 924 925 926 -1 927 928 929 -1 930 931 932 -1 933 934 935 -1 936 937 938 -1 939 940 941 -1 942 943 944 -1 945 946 947 -1 948 949 950 -1 951 952 953 -1 954 955 956 -1 957 958 959 -1 960 961 962 -1 963 964 965 -1 966 967 968 -1 969 970 971 -1 972 973 974 -1 975 976 977 -1 978 979 980 -1 981 982 983 -1 984 985 986 -1 987 988 989 -1 990 991 992 -1 993 994 995 -1 996 997 998 -1 999 1000 1001 -1 1002 1003 1004 -1 1005 1006 1007 -1 1008 1009 1010 -1 1011 1012 1013 -1 1014 1015 1016 -1 1017 1018 1019 -1 1020 1021 1022 -1 1023 1024 1025 -1 1026 1027 1028 -1 1029 1030 1031 -1 1032 1033 1034 -1 1035 1036 1037 -1 1038 1039 1040 -1 1041 1042 1043 -1 1044 1045 1046 -1 1047 1048 1049 -1 1050 1051 1052 -1 1053 1054 1055 -1 1056 1057 1058 -1 1059 1060 1061 -1 1062 1063 1064 -1 1065 1066 1067 -1 1068 1069 1070 -1 1071 1072 1073 -1 1074 1075 1076 -1 1077 1078 1079 -1 1080 1081 1082 -1 1083 1084 1085 -1 "
						                coordIndex="268 336 363 -1 276 312 349 -1 288 327 356 -1 80 83 362 -1 337 362 83 -1 67 255 361 -1 279 361 255 -1 361 279 331 -1 343 331 279 -1 62 60 122 -1 122 97 62 -1 94 62 97 -1 62 94 64 -1 125 64 94 -1 64 125 153 -1 153 182 64 -1 191 64 182 -1 64 191 65 -1 207 65 191 -1 65 207 67 -1 230 67 207 -1 67 230 255 -1 280 252 58 -1 358 342 300 -1 252 232 58 -1 202 58 232 -1 58 202 59 -1 202 179 59 -1 154 59 179 -1 59 154 60 -1 145 60 154 -1 60 145 122 -1 163 52 133 -1 48 133 52 -1 163 184 52 -1 213 52 184 -1 52 213 236 -1 288 356 264 -1 244 217 44 -1 244 44 273 -1 355 326 293 -1 138 50 170 -1 44 170 50 -1 170 44 194 -1 217 194 44 -1 138 116 50 -1 100 50 116 -1 50 100 46 -1 92 46 100 -1 46 92 48 -1 110 48 92 -1 48 110 133 -1 243 271 353 -1 291 353 271 -1 353 291 320 -1 171 155 31 -1 132 31 155 -1 31 132 33 -1 132 107 33 -1 89 33 107 -1 33 89 36 -1 114 36 89 -1 114 139 36 -1 157 36 139 -1 36 157 38 -1 174 38 157 -1 38 174 39 -1 193 39 174 -1 39 193 223 -1 258 351 287 -1 318 287 351 -1 287 318 340 -1 171 31 183 -1 30 183 31 -1 183 30 215 -1 28 215 30 -1 215 28 235 -1 257 281 351 -1 351 281 316 -1 295 316 281 -1 316 295 314 -1 297 314 295 -1 314 297 313 -1 22 127 26 -1 148 26 127 -1 148 180 26 -1 200 26 180 -1 26 200 233 -1 233 256 26 -1 257 26 256 -1 26 257 27 -1 351 27 257 -1 27 351 28 -1 258 28 351 -1 28 258 235 -1 249 228 17 -1 249 17 277 -1 228 204 17 -1 176 17 204 -1 17 176 18 -1 176 150 18 -1 124 18 150 -1 18 124 21 -1 102 21 124 -1 21 102 22 -1 96 22 102 -1 22 96 127 -1 239 260 346 -1 283 346 260 -1 346 283 309 -1 206 165 4 -1 137 4 165 -1 4 137 5 -1 137 111 5 -1 87 5 111 -1 5 87 0 -1 87 103 0 -1 129 0 103 -1 0 129 1 -1 159 1 129 -1 1 159 9 -1 189 9 159 -1 9 189 209 -1 308 267 305 -1 344 305 267 -1 344 267 11 -1 247 11 267 -1 11 247 219 -1 206 4 219 -1 10 219 4 -1 219 10 11 -1 306 304 269 -1 345 269 304 -1 269 345 241 -1 12 241 345 -1 241 12 221 -1 2 221 12 -1 221 2 205 -1 3 205 2 -1 205 3 167 -1 6 7 105 -1 105 86 6 -1 112 6 86 -1 6 112 3 -1 142 3 112 -1 3 142 167 -1 262 240 13 -1 347 338 286 -1 240 211 13 -1 188 13 211 -1 13 188 8 -1 161 8 188 -1 8 161 7 -1 130 7 161 -1 7 130 105 -1 16 19 152 -1 276 349 254 -1 152 175 16 -1 203 16 175 -1 16 203 227 -1 231 199 24 -1 199 178 24 -1 147 24 178 -1 24 147 23 -1 147 128 23 -1 95 23 128 -1 23 95 20 -1 101 20 95 -1 20 101 19 -1 123 19 101 -1 19 123 152 -1 266 352 282 -1 315 282 352 -1 282 315 296 -1 350 296 315 -1 296 350 299 -1 302 299 350 -1 214 29 185 -1 35 185 29 -1 185 35 172 -1 32 172 35 -1 172 32 156 -1 214 237 29 -1 352 29 237 -1 29 352 25 -1 266 25 352 -1 25 266 24 -1 251 24 266 -1 24 251 231 -1 237 265 352 -1 289 352 265 -1 352 289 317 -1 319 317 289 -1 37 140 117 -1 37 117 34 -1 117 90 34 -1 108 34 90 -1 34 108 32 -1 134 32 108 -1 32 134 156 -1 274 246 40 -1 354 325 294 -1 246 218 40 -1 196 40 218 -1 40 196 43 -1 173 43 196 -1 43 173 37 -1 158 37 173 -1 37 158 140 -1 47 99 91 -1 47 91 51 -1 91 115 51 -1 141 51 115 -1 51 141 45 -1 169 45 141 -1 169 195 45 -1 224 45 195 -1 45 224 245 -1 324 323 292 -1 272 292 323 -1 238 216 53 -1 238 53 259 -1 357 301 290 -1 216 186 53 -1 164 53 186 -1 53 164 49 -1 135 49 164 -1 49 135 47 -1 109 47 135 -1 47 109 99 -1 56 61 146 -1 146 149 56 -1 181 56 149 -1 56 181 55 -1 201 55 181 -1 55 201 234 -1 253 275 359 -1 298 359 275 -1 359 298 330 -1 63 192 177 -1 177 151 63 -1 126 63 151 -1 63 126 75 -1 126 93 75 -1 98 75 93 -1 75 98 61 -1 121 61 98 -1 61 121 146 -1 278 250 68 -1 229 68 250 -1 68 229 208 -1 192 63 208 -1 66 208 63 -1 208 66 68 -1 335 334 284 -1 360 284 334 -1 284 360 263 -1 78 113 88 -1 78 88 77 -1 88 106 77 -1 131 77 106 -1 77 131 76 -1 162 76 131 -1 76 162 190 -1 190 212 76 -1 226 76 212 -1 76 226 70 -1 263 70 226 -1 70 263 68 -1 360 68 263 -1 68 360 278 -1 332 278 360 -1 278 332 307 -1 362 341 270 -1 362 270 80 -1 248 80 270 -1 80 248 222 -1 222 198 80 -1 168 80 198 -1 80 168 79 -1 143 79 168 -1 79 143 78 -1 120 78 143 -1 78 120 113 -1 268 363 242 -1 81 197 220 -1 220 242 81 -1 363 81 242 -1 81 363 82 -1 337 82 363 -1 82 337 84 -1 83 84 337 -1 187 160 71 -1 71 160 72 -1 85 73 104 -1 72 104 73 -1 104 72 136 -1 160 136 72 -1 85 118 73 -1 119 73 118 -1 73 119 74 -1 144 74 119 -1 74 144 81 -1 166 81 144 -1 81 166 197 -1 303 285 333 -1 361 333 285 -1 361 285 67 -1 261 67 285 -1 67 261 69 -1 225 69 261 -1 69 225 71 -1 210 71 225 -1 71 210 187 -1 286 262 347 -1 13 347 262 -1 347 13 310 -1 15 310 13 -1 310 15 349 -1 16 349 15 -1 349 16 254 -1 227 254 16 -1 294 274 354 -1 40 354 274 -1 354 40 322 -1 42 322 40 -1 322 42 323 -1 45 323 42 -1 323 45 272 -1 245 272 45 -1 290 259 357 -1 53 357 259 -1 357 53 329 -1 57 329 53 -1 329 57 359 -1 55 359 57 -1 359 55 253 -1 234 253 55 -1 300 280 358 -1 58 358 280 -1 358 58 328 -1 54 328 58 -1 328 54 356 -1 52 356 54 -1 356 52 264 -1 236 264 52 -1 293 273 355 -1 44 355 273 -1 355 44 321 -1 41 321 44 -1 321 41 353 -1 39 353 41 -1 353 39 243 -1 223 243 39 -1 339 277 348 -1 17 348 277 -1 348 17 311 -1 14 311 17 -1 311 14 346 -1 9 346 14 -1 346 9 239 -1 209 239 9 -1 "
						                >
							<Coordinate DEF="coords_ME_Shape_IndexedFaceSet_3162"
							            point="7.604700 -25.201500 7.975500 7.604700 -24.591999 9.902800 7.604700 -26.433399 -2.027800 7.604700 -26.123600 -4.035000 7.604700 -26.123600 4.035000 7.604700 -25.814800 6.035900 7.604700 -25.814800 -6.035900 7.604700 -25.201500 -7.975500 7.604700 -24.591999 -9.902800 7.604700 -23.688700 11.729000 7.604700 -26.433399 2.027800 7.604700 -26.433399 0.000000 7.604700 -26.433399 0.000000 7.604700 -23.688700 -11.729000 7.604700 -22.793800 13.538000 7.604700 -22.793800 -13.538000 7.604700 -21.620600 -15.207600 7.604700 -21.620600 15.207600 7.604700 -20.462099 16.856300 7.604700 -20.462099 -16.856300 7.604700 -19.045799 -18.329800 7.604700 -19.045799 18.329800 7.604700 -17.651600 19.780199 7.604700 -17.651600 -19.780199 7.604700 -16.024500 -21.022301 7.604700 -14.427900 -22.241199 7.604700 -16.024500 21.022301 7.604700 -14.427900 22.241199 7.604700 -12.627700 23.222099 7.604700 -12.627700 -23.222099 7.604700 -10.866700 24.181601 7.604700 -8.934800 24.877501 7.604700 -8.934800 -24.877501 7.604700 -7.051100 25.556200 7.604700 -7.051100 -25.556200 7.604700 -10.866700 -24.181601 7.604700 -5.032600 25.949900 7.604700 -5.032600 -25.949900 7.604700 -3.070500 26.332600 7.604700 -1.012300 26.414000 7.604700 -1.012300 -26.414000 7.604700 0.981900 26.492901 7.604700 0.981900 -26.492901 7.604700 -3.070500 -26.332600 7.604700 3.031500 26.259001 7.604700 3.031500 -26.259001 7.604700 7.004400 25.488501 7.604700 7.004400 -25.488501 7.604700 8.923600 24.964100 7.604700 8.923600 -24.964100 7.604700 5.011400 26.033100 7.604700 5.011400 -26.033100 7.604700 10.813200 24.120501 7.604700 10.813200 -24.120501 7.604700 12.626900 23.310801 7.604700 14.368400 -22.187201 7.604700 16.034800 -21.112101 7.604700 12.626900 -23.310801 7.604700 14.368400 22.187201 7.604700 16.034800 21.112101 7.604700 17.586901 19.733900 7.604700 17.586901 -19.733900 7.604700 19.067400 18.419201 7.604700 20.393200 -16.817900 7.604700 20.393200 16.817900 7.604700 21.653799 15.295300 7.604700 21.653799 -15.295300 7.604700 22.721500 13.507800 7.604700 22.721500 -13.507800 7.604700 23.733400 11.813500 7.604700 23.733400 -11.813500 7.604700 24.517099 9.881100 7.604700 25.257601 8.055200 7.604700 25.738199 6.022700 7.604700 26.190800 4.108400 7.604700 19.067400 -18.419201 7.604700 24.517099 -9.881100 7.604700 25.257601 -8.055200 7.604700 25.738199 -6.022700 7.604700 26.190800 -4.108400 7.604700 26.355900 -2.023200 7.604700 26.355900 2.023200 7.604700 26.511000 0.065400 7.604700 26.511000 -0.065400 7.607100 26.500000 0.000000 7.928900 24.174900 6.362600 7.928900 -24.174900 -6.362600 7.928900 -24.175100 6.361600 7.928900 24.175100 -6.361600 7.928900 -6.361500 24.175100 7.928900 -6.361500 -24.175100 7.928900 6.361500 -24.175100 7.929300 6.623500 24.102699 7.932100 17.901100 -17.427601 7.932100 17.901400 17.427200 7.932100 -17.426800 -17.901800 7.932100 -17.426800 17.901800 7.932100 17.426800 17.901800 7.932100 17.426800 -17.901800 7.933900 6.616800 -24.079201 7.934700 6.356800 24.144899 7.935800 -17.988600 -17.312300 7.935800 -17.988600 17.312300 7.938400 -23.953199 6.995600 7.938400 23.953199 6.995600 7.938400 -23.953199 -6.995600 7.938400 23.953199 -6.995600 7.938400 -6.995800 23.953100 7.938500 -6.997100 -23.952499 7.943800 7.118200 -23.890699 7.943800 7.118500 23.890499 7.947800 -24.250299 5.694000 7.947800 -24.250299 -5.694000 7.947800 24.250299 -5.694000 7.947900 -5.692600 24.250299 7.947900 5.692600 -24.250299 7.947900 5.691800 24.250299 7.947900 -5.691800 -24.250299 7.948200 24.248199 5.693700 7.948800 24.250299 5.674700 7.949200 24.248100 -5.674300 7.954300 16.949600 -18.213100 7.954300 16.948099 18.213900 7.960400 -18.259199 -16.858000 7.960400 -18.259199 16.858000 7.960400 18.259199 16.858000 7.960400 18.259199 -16.858000 7.960400 -16.857700 18.259300 7.960500 -16.856701 -18.259800 7.968700 -23.656000 7.486400 7.968700 -23.656000 -7.486400 7.975900 23.596001 -7.564200 7.975900 -7.564400 23.595800 7.975900 7.564400 23.595800 7.975900 -7.564400 -23.595800 7.975900 7.564400 -23.595800 7.975900 23.595800 7.564500 7.994500 -24.175100 5.026500 7.994500 5.026400 24.175100 7.994500 -5.026400 24.175100 7.994500 -5.026400 -24.175100 7.994500 5.026400 -24.175100 7.994600 -24.174700 -5.024800 7.995300 24.173000 -5.017100 7.995500 24.172600 5.015300 7.996100 16.423201 18.428301 8.000100 16.410200 -18.412300 8.015900 -16.223900 -18.481100 8.015900 -16.223900 18.481100 8.015900 16.223900 -18.481100 8.016200 -18.481600 16.221701 8.016200 18.481600 -16.221701 8.016200 -18.481600 -16.221399 8.016200 18.481600 16.221399 8.019700 16.220501 18.458200 8.020200 -7.920900 23.260500 8.020200 -7.921000 -23.260401 8.031800 -4.667900 24.069401 8.038600 -4.663500 -24.035400 8.040200 -23.120800 8.039500 8.040200 23.120800 8.039500 8.040200 -23.120800 -8.039500 8.040200 23.120800 -8.039500 8.040400 8.040300 23.119699 8.040500 8.041200 -23.118601 8.067200 -23.953199 4.392300 8.067200 23.953199 4.392300 8.067200 -23.953199 -4.392300 8.067200 23.953199 -4.392300 8.067300 4.392100 -23.953100 8.067400 4.391100 23.952600 8.077200 -8.215800 22.875299 8.084300 -8.201600 -22.842699 8.091600 -4.227400 -23.867399 8.091700 -4.226600 23.867001 8.096900 -18.556299 -15.556300 8.096900 -18.556299 15.556300 8.096900 18.556299 -15.556300 8.096900 -15.556300 -18.556299 8.096900 15.556300 18.556299 8.097000 -15.555300 18.556299 8.097000 15.555300 -18.556299 8.101400 18.527100 15.554300 8.129000 -8.396900 22.552000 8.129000 8.396900 22.552000 8.129000 -8.396900 -22.552000 8.129000 8.396900 -22.552000 8.129100 22.551100 8.397300 8.129100 -22.551100 -8.397300 8.129400 -22.549400 8.398100 8.129400 22.549400 -8.398100 8.134700 18.544800 15.293800 8.141400 18.518299 -15.275000 8.163500 -3.823500 23.595800 8.163500 3.823500 23.595800 8.163500 3.823500 -23.595800 8.163500 -3.823500 -23.595800 8.163800 23.594500 3.821900 8.163900 23.593901 -3.821100 8.200100 -14.888700 -18.481100 8.200100 -14.888700 18.481100 8.200100 14.888700 -18.481100 8.200100 14.888700 18.481100 8.200300 -18.480900 -14.888000 8.200500 -18.480600 14.886400 8.208700 -23.414700 -3.616600 8.208700 -23.414700 3.616600 8.222500 18.449200 14.762000 8.222700 18.448799 -14.760500 8.238900 -21.917900 8.618800 8.238900 21.917900 8.618800 8.238900 -21.917900 -8.618800 8.238900 21.917900 -8.618800 8.238900 8.618800 21.917601 8.238900 -8.618800 -21.917601 8.239000 -8.618900 21.917200 8.239000 8.618900 -21.917200 8.279500 3.348600 23.120899 8.279500 -3.348600 -23.120899 8.279500 -23.120800 3.348500 8.279500 23.120800 3.348500 8.279500 -23.120800 -3.348500 8.279500 23.120800 -3.348500 8.279900 -3.347100 23.119101 8.279900 3.347100 -23.119101 8.309800 21.537201 8.680200 8.309800 21.537201 -8.680200 8.321800 -18.259199 -14.254600 8.321800 -18.259199 14.254600 8.321800 18.259199 -14.254600 8.321800 18.259199 14.254600 8.322100 -14.253200 -18.258499 8.322100 14.253200 18.258499 8.322300 -14.252400 18.258101 8.322300 14.252400 -18.258101 8.365700 -8.694000 21.250299 8.365700 8.694000 21.250299 8.365700 -8.694000 -21.250299 8.365700 8.694000 -21.250299 8.365800 -21.249399 8.694000 8.366200 -21.247700 -8.694000 8.410700 -22.552299 -2.991200 8.410700 22.552299 2.991200 8.410800 -2.991100 22.552000 8.410800 2.991100 22.552000 8.410800 2.991100 -22.552000 8.410800 -2.991100 -22.552000 8.411000 -22.550900 2.990600 8.411000 22.550900 -2.990600 8.456800 -17.902201 13.686300 8.456800 17.902201 -13.686300 8.457000 -13.685800 -17.901800 8.457000 13.685800 17.901800 8.457000 13.685800 -17.901800 8.457000 -17.901501 -13.685500 8.457000 17.901501 13.685500 8.458000 -13.694700 17.888399 8.487000 -13.575500 17.809401 8.503900 -8.618900 20.583300 8.503900 8.618900 -20.583300 8.504000 -20.582800 8.618800 8.504000 20.582800 8.618800 8.504000 -20.582800 -8.618800 8.504000 20.582800 -8.618800 8.504400 8.618300 20.580799 8.504400 -8.618300 -20.580799 8.510800 -13.508800 -17.720800 8.551600 -21.917900 2.769200 8.551600 21.917900 2.769200 8.551600 -21.917900 -2.769200 8.551600 21.917900 -2.769200 8.551800 -2.769000 21.917000 8.551800 2.769000 -21.917000 8.551900 2.768900 21.916401 8.551900 -2.768900 -21.916401 8.599300 13.211800 -17.427999 8.599600 -17.426800 -13.210800 8.599600 -17.426800 13.210800 8.599600 17.426800 -13.210800 8.599600 17.426800 13.210800 8.599900 13.210000 17.425800 8.613200 -13.171800 17.376801 8.613900 -13.169800 -17.374100 8.624500 -20.046801 8.442000 8.624500 20.046801 -8.442000 8.625200 20.043900 8.440700 8.625200 -20.043900 -8.440700 8.647700 -8.396900 19.948700 8.647700 8.396900 19.948700 8.647700 -8.396900 -19.948700 8.647700 8.396900 -19.948700 8.695200 -2.720500 21.248400 8.695200 2.720500 -21.248400 8.695600 2.694000 21.250299 8.695600 -2.694000 -21.250299 8.734600 -12.875000 16.890600 8.740400 -12.858900 -16.869301 8.743000 -12.854600 16.857201 8.743000 12.854700 -16.857100 8.743000 -12.853400 -16.857901 8.743000 12.853400 16.858000 8.745900 8.164900 -19.549000 8.745900 -12.847500 -16.845600 8.745900 19.549000 8.164900 8.745900 -21.123501 -1.621700 8.745900 -21.123501 1.621700 8.745900 -21.012501 -2.703400 8.745900 16.845600 -12.847500 8.745900 -21.012501 2.703400 8.745900 -19.549000 8.164900 8.745900 -18.210501 -10.826200 8.745900 -18.210501 10.826200 8.745900 -16.845600 -12.847500 8.745900 -12.847500 16.845600 8.745900 -12.843100 16.848600 8.745900 -11.515800 -17.782499 8.745900 -11.515800 17.782499 8.745900 -8.876400 -19.236500 8.745900 -8.876400 19.236500 8.745900 -8.164900 -19.549000 8.745900 -2.703400 21.012501 8.745900 0.811400 21.170099 8.745900 0.811400 -21.170099 8.745900 2.428700 -21.035299 8.745900 2.703400 -21.012501 8.745900 -2.703400 -21.012501 8.745900 2.703400 21.012501 8.745900 8.164900 19.549000 8.745900 10.120800 18.611900 8.745900 10.120800 -18.611900 8.745900 12.847500 -16.845600 8.745900 17.383101 12.110300 8.745900 17.383101 -12.110300 8.745900 18.985901 9.400500 8.745900 18.985901 -9.400500 8.745900 19.549000 -8.164900 8.745900 21.012501 2.703400 8.745900 21.185699 0.000000 8.745900 -19.549000 -8.164900 8.745900 -16.845600 12.847500 8.745900 -8.164900 19.549000 8.745900 21.012501 -2.703400 8.745900 12.847500 16.845600 8.745900 16.845600 12.847500 8.745900 -21.185699 0.000000 8.745900 -21.185699 0.000000 8.745900 -18.985901 9.400500 8.745900 -18.985901 -9.400500 8.745900 -17.328400 12.188500 8.745900 -17.328400 -12.188500 8.745900 -12.843300 -16.848801 8.745900 -10.120800 18.611900 8.745900 -10.120800 -18.611900 8.745900 -0.811400 21.170099 8.745900 -0.811400 -21.170099 8.745900 2.429600 21.045900 8.745900 8.666400 19.332001 8.745900 8.666400 -19.332001 8.745900 11.515800 17.782499 8.745900 11.515800 -17.782499 8.745900 18.210501 -10.826200 8.745900 18.210501 10.826200 8.745900 21.123501 -1.621700 8.745900 21.123501 1.621700 "
							            />
							<TextureCoordinate point="0.5523 0.9132 0.5510 0.8961 0.5306 0.8982 0.2507 0.1701 0.2575 0.1811 0.2700 0.1720 0.8765 0.6579 0.8689 0.6535 0.8649 0.6630 0.4618 0.9971 0.4988 1.0000 0.4694 0.8982 0.5000 0.8994 0.4694 0.8982 0.4988 1.0000 0.7549 0.9284 0.7583 0.8374 0.7043 0.8432 0.7493 0.8284 0.7043 0.8432 0.7583 0.8374 0.7043 0.8432 0.7493 0.8284 0.7286 0.8276 0.7425 0.8174 0.7286 0.8276 0.7493 0.8284 0.8476 0.8594 0.8724 0.8314 0.8438 0.8194 0.8438 0.8194 0.8379 0.8284 0.8476 0.8594 0.8289 0.8374 0.8476 0.8594 0.8379 0.8284 0.8476 0.8594 0.8289 0.8374 0.8174 0.8844 0.8182 0.8441 0.8174 0.8844 0.8289 0.8374 0.8174 0.8844 0.8182 0.8441 0.8061 0.8483 0.8061 0.8483 0.7936 0.8492 0.8174 0.8844 0.7886 0.8495 0.8174 0.8844 0.7936 0.8492 0.8174 0.8844 0.7886 0.8495 0.7887 0.9083 0.7786 0.8477 0.7887 0.9083 0.7886 0.8495 0.7887 0.9083 0.7786 0.8477 0.7549 0.9284 0.7690 0.8441 0.7549 0.9284 0.7786 0.8477 0.7549 0.9284 0.7690 0.8441 0.7583 0.8374 0.8289 0.7488 0.8379 0.7578 0.9187 0.7707 0.8356 0.7168 0.8179 0.7419 0.8182 0.7420 0.8379 0.7578 0.8446 0.7685 0.9187 0.7707 0.8488 0.7805 0.9187 0.7707 0.8446 0.7685 0.9187 0.7707 0.8488 0.7805 0.8984 0.8021 0.8488 0.7805 0.8502 0.7931 0.8984 0.8021 0.8484 0.8056 0.8984 0.8021 0.8502 0.7931 0.8984 0.8021 0.8484 0.8056 0.8724 0.8314 0.8478 0.8095 0.8724 0.8314 0.8484 0.8056 0.8724 0.8314 0.8478 0.8095 0.8438 0.8194 0.9363 0.6511 0.9552 0.7035 0.9453 0.6421 0.9711 0.6678 0.9453 0.6421 0.9552 0.7035 0.9363 0.6511 0.9256 0.6579 0.9552 0.7035 0.9137 0.6621 0.9552 0.7035 0.9256 0.6579 0.9552 0.7035 0.9137 0.6621 0.9011 0.6635 0.8765 0.6579 0.8649 0.6630 0.8884 0.6620 0.9256 0.5558 0.9364 0.5625 0.9956 0.5565 0.9256 0.5558 0.9956 0.5565 0.9136 0.5516 0.8972 0.5452 0.8966 0.5503 0.9011 0.5502 0.9563 0.5942 0.9913 0.5939 0.9521 0.5822 0.9956 0.5565 0.9521 0.5822 0.9913 0.5939 0.9521 0.5822 0.9956 0.5565 0.9453 0.5715 0.9364 0.5625 0.9453 0.5715 0.9956 0.5565 0.9563 0.5942 0.9577 0.6068 0.9913 0.5939 0.9557 0.6193 0.9913 0.5939 0.9577 0.6068 0.9913 0.5939 0.9557 0.6193 0.9810 0.6316 0.9549 0.6244 0.9810 0.6316 0.9557 0.6193 0.9810 0.6316 0.9549 0.6244 0.9711 0.6678 0.9509 0.6337 0.9711 0.6678 0.9549 0.6244 0.9711 0.6678 0.9509 0.6337 0.9453 0.6421 0.9256 0.4428 0.9136 0.4470 0.8995 0.4839 0.9010 0.4479 0.8995 0.4839 0.9136 0.4470 0.8995 0.4839 0.9010 0.4479 0.8966 0.4482 0.9317 0.3441 0.9390 0.3497 0.9695 0.3305 0.9453 0.3564 0.9695 0.3305 0.9390 0.3497 0.9695 0.3305 0.9453 0.3564 0.9823 0.3661 0.9453 0.3564 0.9521 0.3671 0.9823 0.3661 0.9563 0.3791 0.9823 0.3661 0.9521 0.3671 0.9823 0.3661 0.9563 0.3791 0.9898 0.4042 0.9577 0.3917 0.9898 0.4042 0.9563 0.3791 0.9577 0.3917 0.9563 0.4043 0.9898 0.4042 0.9543 0.4111 0.9898 0.4042 0.9563 0.4043 0.9898 0.4042 0.9543 0.4111 0.9970 0.4413 0.9504 0.4194 0.9970 0.4413 0.9543 0.4111 0.9970 0.4413 0.9504 0.4194 0.9985 0.4801 0.9453 0.4270 0.9985 0.4801 0.9504 0.4194 0.9985 0.4801 0.9453 0.4270 0.9363 0.4360 0.8885 0.3365 0.8513 0.3081 0.8765 0.3407 0.8631 0.3316 0.8765 0.3407 0.8513 0.3081 0.8765 0.3407 0.8631 0.3316 0.8689 0.3451 0.9317 0.3441 0.9695 0.3305 0.9256 0.3407 0.9564 0.2940 0.9256 0.3407 0.9695 0.3305 0.9256 0.3407 0.9564 0.2940 0.9136 0.3365 0.9383 0.2608 0.9136 0.3365 0.9564 0.2940 0.9136 0.3365 0.9383 0.2608 0.9011 0.3351 0.8361 0.2429 0.8280 0.2505 0.8513 0.3081 0.8513 0.3081 0.8280 0.2505 0.8356 0.2818 0.8188 0.2561 0.8356 0.2818 0.8280 0.2505 0.8356 0.2818 0.8188 0.2561 0.8180 0.2567 0.8181 0.2565 0.8180 0.2567 0.8188 0.2561 0.8180 0.2567 0.8181 0.2565 0.8179 0.2566 0.8733 0.1659 0.8446 0.1809 0.8968 0.1966 0.8488 0.1928 0.8968 0.1966 0.8446 0.1809 0.8488 0.1928 0.8502 0.2055 0.8968 0.1966 0.8488 0.2181 0.8968 0.1966 0.8502 0.2055 0.8968 0.1966 0.8488 0.2181 0.8446 0.2301 0.8446 0.2301 0.8376 0.2406 0.8968 0.1966 0.8361 0.2429 0.8968 0.1966 0.8376 0.2406 0.8968 0.1966 0.8361 0.2429 0.9198 0.2268 0.8513 0.3081 0.9198 0.2268 0.8361 0.2429 0.9198 0.2268 0.8513 0.3081 0.9383 0.2608 0.8885 0.3365 0.9383 0.2608 0.8513 0.3081 0.9383 0.2608 0.8885 0.3365 0.9011 0.3351 0.7583 0.1611 0.7690 0.1544 0.7870 0.0909 0.7583 0.1611 0.7870 0.0909 0.7493 0.1701 0.7690 0.1544 0.7810 0.1502 0.7870 0.0909 0.7936 0.1488 0.7870 0.0909 0.7810 0.1502 0.7870 0.0909 0.7936 0.1488 0.8181 0.1128 0.7936 0.1488 0.8062 0.1502 0.8181 0.1128 0.8182 0.1544 0.8181 0.1128 0.8062 0.1502 0.8181 0.1128 0.8182 0.1544 0.8459 0.1395 0.8267 0.1595 0.8459 0.1395 0.8182 0.1544 0.8459 0.1395 0.8267 0.1595 0.8733 0.1659 0.8379 0.1701 0.8733 0.1659 0.8267 0.1595 0.8733 0.1659 0.8379 0.1701 0.8446 0.1809 0.6641 0.0979 0.6627 0.1105 0.6774 0.1407 0.6593 0.1206 0.6774 0.1407 0.6627 0.1105 0.6774 0.1407 0.6593 0.1206 0.6541 0.1300 0.5683 0.0570 0.5829 0.0468 0.5762 0.0059 0.5949 0.0427 0.5762 0.0059 0.5829 0.0468 0.5762 0.0059 0.5949 0.0427 0.6139 0.0117 0.5949 0.0427 0.6075 0.0412 0.6139 0.0117 0.6201 0.0427 0.6139 0.0117 0.6075 0.0412 0.6139 0.0117 0.6201 0.0427 0.6505 0.0233 0.6201 0.0427 0.6320 0.0468 0.6505 0.0233 0.6413 0.0525 0.6505 0.0233 0.6320 0.0468 0.6505 0.0233 0.6413 0.0525 0.6869 0.0348 0.6517 0.0626 0.6869 0.0348 0.6413 0.0525 0.6869 0.0348 0.6517 0.0626 0.7214 0.0518 0.6585 0.0734 0.7214 0.0518 0.6517 0.0626 0.7214 0.0518 0.6585 0.0734 0.6627 0.0853 0.5510 0.1024 0.5523 0.0853 0.5306 0.1003 0.5000 0.0991 0.5306 0.1003 0.5523 0.0853 0.5000 0.0991 0.5523 0.0853 0.5000 0.0000 0.5564 0.0733 0.5000 0.0000 0.5523 0.0853 0.5000 0.0000 0.5564 0.0733 0.5632 0.0626 0.5683 0.0570 0.5762 0.0059 0.5632 0.0626 0.5383 0.0000 0.5632 0.0626 0.5762 0.0059 0.5632 0.0626 0.5383 0.0000 0.5000 0.0000 0.4490 0.1024 0.4694 0.1003 0.4477 0.0853 0.5000 0.0991 0.4477 0.0853 0.4694 0.1003 0.4477 0.0853 0.5000 0.0991 0.4435 0.0733 0.5000 0.0000 0.4435 0.0733 0.5000 0.0991 0.4435 0.0733 0.5000 0.0000 0.4368 0.0626 0.4617 0.0000 0.4368 0.0626 0.5000 0.0000 0.4368 0.0626 0.4617 0.0000 0.4317 0.0570 0.4238 0.0059 0.4317 0.0570 0.4617 0.0000 0.4317 0.0570 0.4238 0.0059 0.4171 0.0468 0.3861 0.0117 0.3495 0.0233 0.3680 0.0468 0.3680 0.0468 0.3799 0.0427 0.3861 0.0117 0.3925 0.0412 0.3861 0.0117 0.3799 0.0427 0.3861 0.0117 0.3925 0.0412 0.4238 0.0059 0.4052 0.0427 0.4238 0.0059 0.3925 0.0412 0.4238 0.0059 0.4052 0.0427 0.4171 0.0468 0.3373 0.1105 0.3359 0.0979 0.2786 0.0518 0.3226 0.1407 0.3459 0.1300 0.3407 0.1207 0.3359 0.0979 0.3373 0.0853 0.2786 0.0518 0.3415 0.0733 0.2786 0.0518 0.3373 0.0853 0.2786 0.0518 0.3415 0.0733 0.3131 0.0348 0.3483 0.0626 0.3131 0.0348 0.3415 0.0733 0.3131 0.0348 0.3483 0.0626 0.3495 0.0233 0.3587 0.0525 0.3495 0.0233 0.3483 0.0626 0.3495 0.0233 0.3587 0.0525 0.3680 0.0468 0.2130 0.0909 0.1819 0.1128 0.1939 0.1502 0.2507 0.1701 0.2700 0.1720 0.2417 0.1611 0.1939 0.1502 0.2064 0.1488 0.2130 0.0909 0.2190 0.1502 0.2130 0.0909 0.2064 0.1488 0.2130 0.0909 0.2190 0.1502 0.2310 0.1544 0.1554 0.2301 0.1512 0.2181 0.1032 0.1966 0.1512 0.2181 0.1498 0.2054 0.1032 0.1966 0.1512 0.1928 0.1032 0.1966 0.1498 0.2054 0.1032 0.1966 0.1512 0.1928 0.1267 0.1659 0.1512 0.1928 0.1554 0.1809 0.1267 0.1659 0.1621 0.1701 0.1267 0.1659 0.1554 0.1809 0.1267 0.1659 0.1621 0.1701 0.1541 0.1395 0.1733 0.1595 0.1541 0.1395 0.1621 0.1701 0.1541 0.1395 0.1733 0.1595 0.1819 0.1128 0.1818 0.1544 0.1819 0.1128 0.1733 0.1595 0.1819 0.1128 0.1818 0.1544 0.1939 0.1502 0.1656 0.2441 0.1487 0.3081 0.1721 0.2505 0.1644 0.2818 0.1721 0.2505 0.1487 0.3081 0.1721 0.2505 0.1644 0.2818 0.1816 0.2564 0.1820 0.2567 0.1816 0.2564 0.1644 0.2818 0.1816 0.2564 0.1820 0.2567 0.1818 0.2565 0.1821 0.2566 0.1818 0.2565 0.1820 0.2567 0.0863 0.3365 0.0617 0.2608 0.0744 0.3407 0.0436 0.2940 0.0744 0.3407 0.0617 0.2608 0.0744 0.3407 0.0436 0.2940 0.0689 0.3444 0.0305 0.3305 0.0689 0.3444 0.0436 0.2940 0.0689 0.3444 0.0305 0.3305 0.0610 0.3497 0.0863 0.3365 0.0989 0.3351 0.0617 0.2608 0.1487 0.3081 0.0617 0.2608 0.0989 0.3351 0.0617 0.2608 0.1487 0.3081 0.0802 0.2268 0.1656 0.2441 0.0802 0.2268 0.1487 0.3081 0.0802 0.2268 0.1656 0.2441 0.1032 0.1966 0.1621 0.2408 0.1032 0.1966 0.1656 0.2441 0.1032 0.1966 0.1621 0.2408 0.1554 0.2301 0.0989 0.3351 0.1116 0.3365 0.1487 0.3081 0.1235 0.3407 0.1487 0.3081 0.1116 0.3365 0.1487 0.3081 0.1235 0.3407 0.1369 0.3316 0.1311 0.3451 0.1369 0.3316 0.1235 0.3407 0.0102 0.4042 0.0437 0.4043 0.0423 0.3918 0.0102 0.4042 0.0423 0.3918 0.0177 0.3661 0.0423 0.3918 0.0437 0.3791 0.0177 0.3661 0.0479 0.3671 0.0177 0.3661 0.0437 0.3791 0.0177 0.3661 0.0479 0.3671 0.0305 0.3305 0.0547 0.3564 0.0305 0.3305 0.0479 0.3671 0.0305 0.3305 0.0547 0.3564 0.0610 0.3497 0.0864 0.4470 0.0744 0.4428 0.0015 0.4801 0.1005 0.4839 0.1034 0.4482 0.0989 0.4484 0.0744 0.4428 0.0636 0.4360 0.0015 0.4801 0.0547 0.4270 0.0015 0.4801 0.0636 0.4360 0.0015 0.4801 0.0547 0.4270 0.0030 0.4413 0.0496 0.4194 0.0030 0.4413 0.0547 0.4270 0.0030 0.4413 0.0496 0.4194 0.0102 0.4042 0.0464 0.4112 0.0102 0.4042 0.0496 0.4194 0.0102 0.4042 0.0464 0.4112 0.0437 0.4043 0.0190 0.6316 0.0456 0.6242 0.0437 0.6194 0.0190 0.6316 0.0437 0.6194 0.0087 0.5939 0.0437 0.6194 0.0423 0.6068 0.0087 0.5939 0.0437 0.5942 0.0087 0.5939 0.0423 0.6068 0.0087 0.5939 0.0437 0.5942 0.0044 0.5565 0.0479 0.5822 0.0044 0.5565 0.0437 0.5942 0.0479 0.5822 0.0547 0.5715 0.0044 0.5565 0.0637 0.5625 0.0044 0.5565 0.0547 0.5715 0.0044 0.5565 0.0637 0.5625 0.0744 0.5558 0.1034 0.5503 0.1030 0.5451 0.0990 0.5507 0.0864 0.5516 0.0990 0.5507 0.1030 0.5451 0.0989 0.6635 0.0864 0.6621 0.0448 0.7035 0.0989 0.6635 0.0448 0.7035 0.1115 0.6621 0.1351 0.6630 0.1311 0.6535 0.1235 0.6579 0.0864 0.6621 0.0744 0.6579 0.0448 0.7035 0.0637 0.6511 0.0448 0.7035 0.0744 0.6579 0.0448 0.7035 0.0637 0.6511 0.0289 0.6678 0.0547 0.6421 0.0289 0.6678 0.0637 0.6511 0.0289 0.6678 0.0547 0.6421 0.0190 0.6316 0.0491 0.6337 0.0190 0.6316 0.0547 0.6421 0.0190 0.6316 0.0491 0.6337 0.0456 0.6242 0.1016 0.8021 0.1276 0.8314 0.1525 0.8092 0.1525 0.8092 0.1512 0.8057 0.1016 0.8021 0.1498 0.7931 0.1016 0.8021 0.1512 0.8057 0.1016 0.8021 0.1498 0.7931 0.0813 0.7707 0.1512 0.7805 0.0813 0.7707 0.1498 0.7931 0.0813 0.7707 0.1512 0.7805 0.1554 0.7685 0.1621 0.7578 0.1711 0.7488 0.1644 0.7168 0.1819 0.7421 0.1644 0.7168 0.1711 0.7488 0.1644 0.7168 0.1819 0.7421 0.1821 0.7419 0.1826 0.8844 0.2117 0.8490 0.2064 0.8498 0.2064 0.8498 0.1938 0.8483 0.1826 0.8844 0.1818 0.8441 0.1826 0.8844 0.1938 0.8483 0.1826 0.8844 0.1818 0.8441 0.1524 0.8594 0.1818 0.8441 0.1711 0.8374 0.1524 0.8594 0.1621 0.8284 0.1524 0.8594 0.1711 0.8374 0.1524 0.8594 0.1621 0.8284 0.1276 0.8314 0.1563 0.8194 0.1276 0.8314 0.1621 0.8284 0.1276 0.8314 0.1563 0.8194 0.1525 0.8092 0.2507 0.8284 0.2417 0.8374 0.2451 0.9284 0.2310 0.8441 0.2451 0.9284 0.2417 0.8374 0.2451 0.9284 0.2310 0.8441 0.2214 0.8477 0.2117 0.8490 0.1826 0.8844 0.2214 0.8477 0.2113 0.9083 0.2214 0.8477 0.1826 0.8844 0.2214 0.8477 0.2113 0.9083 0.2451 0.9284 0.3459 0.8685 0.3226 0.8579 0.3407 0.8779 0.2957 0.8432 0.3407 0.8779 0.3226 0.8579 0.3407 0.8779 0.2957 0.8432 0.3373 0.8880 0.3863 0.9854 0.3925 0.9573 0.3799 0.9559 0.3863 0.9854 0.3799 0.9559 0.3480 0.9763 0.3799 0.9559 0.3680 0.9517 0.3480 0.9763 0.3572 0.9449 0.3480 0.9763 0.3680 0.9517 0.3480 0.9763 0.3572 0.9449 0.3135 0.9623 0.3483 0.9360 0.3135 0.9623 0.3572 0.9449 0.3135 0.9623 0.3483 0.9360 0.3415 0.9252 0.3415 0.9252 0.3373 0.9132 0.3135 0.9623 0.3362 0.9061 0.3135 0.9623 0.3373 0.9132 0.3135 0.9623 0.3362 0.9061 0.2770 0.9475 0.3373 0.8880 0.2770 0.9475 0.3362 0.9061 0.2770 0.9475 0.3373 0.8880 0.2451 0.9284 0.2957 0.8432 0.2451 0.9284 0.3373 0.8880 0.2451 0.9284 0.2957 0.8432 0.2507 0.8284 0.2714 0.8276 0.2507 0.8284 0.2957 0.8432 0.2507 0.8284 0.2714 0.8276 0.2575 0.8174 0.4694 0.8982 0.4490 0.8961 0.4477 0.9132 0.4694 0.8982 0.4477 0.9132 0.4618 0.9971 0.4436 0.9252 0.4618 0.9971 0.4477 0.9132 0.4618 0.9971 0.4436 0.9252 0.4368 0.9360 0.4368 0.9360 0.4279 0.9449 0.4618 0.9971 0.4171 0.9517 0.4618 0.9971 0.4279 0.9449 0.4618 0.9971 0.4171 0.9517 0.4225 0.9940 0.4053 0.9558 0.4225 0.9940 0.4171 0.9517 0.4225 0.9940 0.4053 0.9558 0.3863 0.9854 0.3929 0.9573 0.3863 0.9854 0.4053 0.9558 0.3863 0.9854 0.3929 0.9573 0.3925 0.9573 0.5523 0.9132 0.5306 0.8982 0.5565 0.9252 0.5382 0.9971 0.5721 0.9449 0.5632 0.9360 0.5632 0.9360 0.5565 0.9252 0.5382 0.9971 0.5306 0.8982 0.5382 0.9971 0.5565 0.9252 0.5382 0.9971 0.5306 0.8982 0.5012 1.0000 0.5000 0.8994 0.5012 1.0000 0.5306 0.8982 0.5012 1.0000 0.5000 0.8994 0.5000 0.9998 0.4988 1.0000 0.5000 0.9998 0.5000 0.8994 0.6585 0.9252 0.6517 0.9360 0.6865 0.9623 0.6865 0.9623 0.6517 0.9360 0.6520 0.9763 0.6201 0.9559 0.6137 0.9854 0.6320 0.9517 0.6520 0.9763 0.6320 0.9517 0.6137 0.9854 0.6320 0.9517 0.6520 0.9763 0.6428 0.9449 0.6517 0.9360 0.6428 0.9449 0.6520 0.9763 0.6201 0.9559 0.6075 0.9573 0.6137 0.9854 0.6071 0.9573 0.6137 0.9854 0.6075 0.9573 0.6137 0.9854 0.6071 0.9573 0.5775 0.9940 0.5947 0.9558 0.5775 0.9940 0.6071 0.9573 0.5775 0.9940 0.5947 0.9558 0.5382 0.9971 0.5829 0.9517 0.5382 0.9971 0.5947 0.9558 0.5382 0.9971 0.5829 0.9517 0.5721 0.9449 0.6541 0.8685 0.6593 0.8779 0.6774 0.8579 0.7043 0.8432 0.6774 0.8579 0.6593 0.8779 0.7043 0.8432 0.6593 0.8779 0.7549 0.9284 0.6627 0.8880 0.7549 0.9284 0.6593 0.8779 0.7549 0.9284 0.6627 0.8880 0.7230 0.9475 0.6638 0.9061 0.7230 0.9475 0.6627 0.8880 0.7230 0.9475 0.6638 0.9061 0.6865 0.9623 0.6627 0.9132 0.6865 0.9623 0.6638 0.9061 0.6865 0.9623 0.6627 0.9132 0.6585 0.9252 0.3407 0.1207 0.3373 0.1105 0.3226 0.1407 0.2786 0.0518 0.3226 0.1407 0.3373 0.1105 0.3226 0.1407 0.2786 0.0518 0.2957 0.1553 0.2445 0.0687 0.2957 0.1553 0.2786 0.0518 0.2957 0.1553 0.2445 0.0687 0.2700 0.1720 0.2130 0.0909 0.2700 0.1720 0.2445 0.0687 0.2700 0.1720 0.2130 0.0909 0.2417 0.1611 0.2310 0.1544 0.2417 0.1611 0.2130 0.0909 0.0989 0.4484 0.0864 0.4470 0.1005 0.4839 0.0015 0.4801 0.1005 0.4839 0.0864 0.4470 0.1005 0.4839 0.0015 0.4801 0.1005 0.5146 0.0000 0.5178 0.1005 0.5146 0.0015 0.4801 0.1005 0.5146 0.0000 0.5178 0.1030 0.5451 0.0044 0.5565 0.1030 0.5451 0.0000 0.5178 0.1030 0.5451 0.0044 0.5565 0.0864 0.5516 0.0744 0.5558 0.0864 0.5516 0.0044 0.5565 0.1235 0.6579 0.1115 0.6621 0.1351 0.6630 0.0448 0.7035 0.1351 0.6630 0.1115 0.6621 0.1351 0.6630 0.0448 0.7035 0.1487 0.6904 0.0601 0.7378 0.1487 0.6904 0.0448 0.7035 0.1487 0.6904 0.0601 0.7378 0.1644 0.7168 0.0813 0.7707 0.1644 0.7168 0.0601 0.7378 0.1644 0.7168 0.0813 0.7707 0.1621 0.7578 0.1554 0.7685 0.1621 0.7578 0.0813 0.7707 0.8182 0.7420 0.8289 0.7488 0.8356 0.7168 0.9187 0.7707 0.8356 0.7168 0.8289 0.7488 0.8356 0.7168 0.9187 0.7707 0.8513 0.6904 0.9399 0.7378 0.8513 0.6904 0.9187 0.7707 0.8513 0.6904 0.9399 0.7378 0.8649 0.6630 0.9552 0.7035 0.8649 0.6630 0.9399 0.7378 0.8649 0.6630 0.9552 0.7035 0.8884 0.6620 0.9011 0.6635 0.8884 0.6620 0.9552 0.7035 0.9011 0.5502 0.9136 0.5516 0.8972 0.5452 0.9956 0.5565 0.8972 0.5452 0.9136 0.5516 0.8972 0.5452 0.9956 0.5565 0.8995 0.5146 1.0000 0.5178 0.8995 0.5146 0.9956 0.5565 0.8995 0.5146 1.0000 0.5178 0.8995 0.4839 0.9985 0.4801 0.8995 0.4839 1.0000 0.5178 0.8995 0.4839 0.9985 0.4801 0.9256 0.4428 0.9363 0.4360 0.9256 0.4428 0.9985 0.4801 0.7425 0.1811 0.7493 0.1701 0.7300 0.1720 0.7870 0.0909 0.7300 0.1720 0.7493 0.1701 0.7300 0.1720 0.7870 0.0909 0.7043 0.1553 0.7555 0.0687 0.7043 0.1553 0.7870 0.0909 0.7043 0.1553 0.7555 0.0687 0.6774 0.1407 0.7214 0.0518 0.6774 0.1407 0.7555 0.0687 0.6774 0.1407 0.7214 0.0518 0.6641 0.0979 0.6627 0.0853 0.6641 0.0979 0.7214 0.0518 " />
						</IndexedFaceSet>
					</Shape>
				</Group>
			</Transform>
		</Transform>
	</Scene>
</X3D>