<?xml version="1.0" encoding="UTF-8"?>
<!DOCTYPE X3D PUBLIC "ISO//Web3D//DTD X3D 3.0//EN" "http://www.web3d.org/specifications/x3d-3.0.dtd">
<X3D version="3.0" profile="Immersive" xmlns:xsd="http://www.w3.org/2001/XMLSchema-instance" xsd:noNamespaceSchemaLocation="http://www.web3d.org/specifications/x3d-3.0.xsd">
	<head>
		<meta name="filename" content="Arm_3.x3d" />
		<meta name="created" content="2026-02-19 19:08:23" />
		<meta name="generator" content="Blender 4.5.3 LTS" />
		<meta name="translator" content="Web3D X3D/VRML2 format v2.5.1" />
	</head>
	<Scene>
		<NavigationInfo headlight="false"
		                visibilityLimit="0.0"
		                type='"EXAMINE", "ANY"'
		                avatarSize="0.25, 1.75, 0.75"
		                />
		<Background DEF="WO_World"
		            groundColor="0.051 0.051 0.051"
		            skyColor="0.051 0.051 0.051"
		            />
		<Transform DEF="LA_Light_006_TRANSFORM"
		           translation="4.076245 5.903862 -1.005454"
		           scale="1.000000 1.000000 1.000000"
		           rotation="-0.333464 0.853055 0.401371 2.040212"
		           >
			<PointLight DEF="LA_LA_Light_006"
			            ambientIntensity="0.0000"
			            color="1.0000 1.0000 1.0000"
			            intensity="0.5714"
			            radius="40.0000" 
			            location="0.0000 0.0000 -0.0000"
			            />
		</Transform>
		<Transform DEF="CA_Camera_TRANSFORM"
		           translation="7.358891 4.958309 6.925791"
		           scale="1.000000 1.000000 1.000000"
		           rotation="-0.468195 0.860207 0.202082 0.930113"
		           >
			<Viewpoint DEF="CA_CA_Camera"
			           centerOfRotation="0 0 0"
			           position="0.00 0.00 -0.00"
			           orientation="0.00 0.45 -0.90 0.00"
			           fieldOfView="0.691"
			           />
		</Transform>
		<Transform DEF="Shape_IndexedFaceSet_TRANSFORM"
		           translation="-0.000000 0.000000 0.000000"
		           scale="0.354945 0.354945 0.354945"
		           rotation="0.000000 0.000000 0.000000 0.000000"
		           >
			<Transform DEF="Shape_IndexedFaceSet_ifs_TRANSFORM"
			           translation="0.000000 0.000000 0.000000"
			           scale="1.000000 1.000000 1.000000"
			           rotation="0.000000 0.000000 0.000000 0.000000"
			           >
				<Group DEF="group_ME_Shape_IndexedFaceSet_011">
					<Shape>
						<Appearance>
							<Material DEF="MA_MA_Scene___Root_005"
							          diffuseColor="0.553 0.529 0.475"
							          specularColor="0.401 0.401 0.401"
							          emissiveColor="0.000 0.000 0.000"
							          ambientIntensity="0.000"
							          shininess="0.500"
							          transparency="0.000"
							          />
						</Appearance>
						<IndexedFaceSet solid="false"
						                texCoordIndex="0 1 2 -1 3 4 5 -1 6 7 8 -1 9 10 11 -1 12 13 14 -1 15 16 17 -1 18 19 20 -1 21 22 23 -1 24 25 26 -1 27 28 29 -1 30 31 32 -1 33 34 35 -1 36 37 38 -1 39 40 41 -1 42 43 44 -1 45 46 47 -1 48 49 50 -1 51 52 53 -1 54 55 56 -1 57 58 59 -1 60 61 62 -1 63 64 65 -1 66 67 68 -1 69 70 71 -1 72 73 74 -1 75 76 77 -1 78 79 80 -1 81 82 83 -1 84 85 86 -1 87 88 89 -1 90 91 92 -1 93 94 95 -1 96 97 98 -1 99 100 101 -1 102 103 104 -1 105 106 107 -1 108 109 110 -1 111 112 113 -1 114 115 116 -1 117 118 119 -1 120 121 122 -1 123 124 125 -1 126 127 128 -1 129 130 131 -1 132 133 134 -1 135 136 137 -1 138 139 140 -1 141 142 143 -1 144 145 146 -1 147 148 149 -1 150 151 152 -1 153 154 155 -1 156 157 158 -1 159 160 161 -1 162 163 164 -1 165 166 167 -1 168 169 170 -1 171 172 173 -1 174 175 176 -1 177 178 179 -1 180 181 182 -1 183 184 185 -1 186 187 188 -1 189 190 191 -1 192 193 194 -1 195 196 197 -1 198 199 200 -1 201 202 203 -1 204 205 206 -1 207 208 209 -1 210 211 212 -1 213 214 215 -1 216 217 218 -1 219 220 221 -1 222 223 224 -1 225 226 227 -1 228 229 230 -1 231 232 233 -1 234 235 236 -1 237 238 239 -1 240 241 242 -1 243 244 245 -1 246 247 248 -1 249 250 251 -1 252 253 254 -1 255 256 257 -1 258 259 260 -1 261 262 263 -1 264 265 266 -1 267 268 269 -1 270 271 272 -1 273 274 275 -1 276 277 278 -1 279 280 281 -1 282 283 284 -1 285 286 287 -1 288 289 290 -1 291 292 293 -1 294 295 296 -1 297 298 299 -1 300 301 302 -1 303 304 305 -1 306 307 308 -1 309 310 311 -1 312 313 314 -1 315 316 317 -1 318 319 320 -1 321 322 323 -1 324 325 326 -1 327 328 329 -1 330 331 332 -1 333 334 335 -1 336 337 338 -1 339 340 341 -1 342 343 344 -1 345 346 347 -1 348 349 350 -1 351 352 353 -1 354 355 356 -1 357 358 359 -1 360 361 362 -1 363 364 365 -1 366 367 368 -1 369 370 371 -1 372 373 374 -1 375 376 377 -1 378 379 380 -1 381 382 383 -1 384 385 386 -1 387 388 389 -1 390 391 392 -1 393 394 395 -1 396 397 398 -1 399 400 401 -1 402 403 404 -1 405 406 407 -1 408 409 410 -1 411 412 413 -1 414 415 416 -1 417 418 419 -1 420 421 422 -1 423 424 425 -1 426 427 428 -1 429 430 431 -1 432 433 434 -1 435 436 437 -1 438 439 440 -1 441 442 443 -1 444 445 446 -1 447 448 449 -1 450 451 452 -1 453 454 455 -1 456 457 458 -1 459 460 461 -1 462 463 464 -1 465 466 467 -1 468 469 470 -1 471 472 473 -1 474 475 476 -1 477 478 479 -1 480 481 482 -1 483 484 485 -1 486 487 488 -1 489 490 491 -1 492 493 494 -1 495 496 497 -1 498 499 500 -1 501 502 503 -1 504 505 506 -1 507 508 509 -1 510 511 512 -1 513 514 515 -1 516 517 518 -1 519 520 521 -1 522 523 524 -1 525 526 527 -1 528 529 530 -1 531 532 533 -1 534 535 536 -1 537 538 539 -1 540 541 542 -1 543 544 545 -1 546 547 548 -1 549 550 551 -1 552 553 554 -1 555 556 557 -1 558 559 560 -1 561 562 563 -1 564 565 566 -1 567 568 569 -1 570 571 572 -1 573 574 575 -1 576 577 578 -1 579 580 581 -1 582 583 584 -1 585 586 587 -1 588 589 590 -1 591 592 593 -1 594 595 596 -1 597 598 599 -1 600 601 602 -1 603 604 605 -1 606 607 608 -1 609 610 611 -1 612 613 614 -1 615 616 617 -1 618 619 620 -1 621 622 623 -1 624 625 626 -1 627 628 629 -1 630 631 632 -1 633 634 635 -1 636 637 638 -1 639 640 641 -1 642 643 644 -1 645 646 647 -1 648 649 650 -1 651 652 653 -1 654 655 656 -1 657 658 659 -1 660 661 662 -1 663 664 665 -1 666 667 668 -1 669 670 671 -1 672 673 674 -1 675 676 677 -1 678 679 680 -1 681 682 683 -1 684 685 686 -1 687 688 689 -1 690 691 692 -1 693 694 695 -1 696 697 698 -1 699 700 701 -1 702 703 704 -1 705 706 707 -1 708 709 710 -1 711 712 713 -1 714 715 716 -1 717 718 719 -1 720 721 722 -1 723 724 725 -1 726 727 728 -1 729 730 731 -1 732 733 734 -1 735 736 737 -1 738 739 740 -1 741 742 743 -1 744 745 746 -1 747 748 749 -1 750 751 752 -1 753 754 755 -1 756 757 758 -1 759 760 761 -1 762 763 764 -1 765 766 767 -1 768 769 770 -1 771 772 773 -1 774 775 776 -1 777 778 779 -1 780 781 782 -1 783 784 785 -1 786 787 788 -1 789 790 791 -1 792 793 794 -1 795 796 797 -1 798 799 800 -1 801 802 803 -1 804 805 806 -1 807 808 809 -1 810 811 812 -1 813 814 815 -1 816 817 818 -1 819 820 821 -1 822 823 824 -1 825 826 827 -1 828 829 830 -1 831 832 833 -1 834 835 836 -1 837 838 839 -1 840 841 842 -1 843 844 845 -1 846 847 848 -1 849 850 851 -1 852 853 854 -1 855 856 857 -1 858 859 860 -1 861 862 863 -1 864 865 866 -1 867 868 869 -1 870 871 872 -1 873 874 875 -1 876 877 878 -1 879 880 881 -1 882 883 884 -1 885 886 887 -1 888 889 890 -1 891 892 893 -1 894 895 896 -1 897 898 899 -1 900 901 902 -1 903 904 905 -1 906 907 908 -1 909 910 911 -1 912 913 914 -1 915 916 917 -1 918 919 920 -1 921 922 923 -1 924 925 926 -1 927 928 929 -1 930 931 932 -1 933 934 935 -1 936 937 938 -1 939 940 941 -1 942 943 944 -1 945 946 947 -1 948 949 950 -1 951 952 953 -1 954 955 956 -1 957 958 959 -1 960 961 962 -1 963 964 965 -1 966 967 968 -1 969 970 971 -1 972 973 974 -1 975 976 977 -1 978 979 980 -1 981 982 983 -1 984 985 986 -1 987 988 989 -1 990 991 992 -1 993 994 995 -1 996 997 998 -1 999 1000 1001 -1 1002 1003 1004 -1 1005 1006 1007 -1 1008 1009 1010 -1 1011 1012 1013 -1 1014 1015 1016 -1 1017 1018 1019 -1 1020 1021 1022 -1 1023 1024 1025 -1 1026 1027 1028 -1 1029 1030 1031 -1 1032 1033 1034 -1 1035 1036 1037 -1 1038 1039 1040 -1 1041 1042 1043 -1 1044 1045 1046 -1 1047 1048 1049 -1 1050 1051 1052 -1 1053 1054 1055 -1 1056 1057 1058 -1 1059 1060 1061 -1 1062 1063 1064 -1 1065 1066 1067 -1 1068 1069 1070 -1 1071 1072 1073 -1 1074 1075 1076 -1 1077 1078 1079 -1 1080 1081 1082 -1 1083 1084 1085 -1 1086 1087 1088 -1 1089 1090 1091 -1 1092 1093 1094 -1 1095 1096 1097 -1 1098 1099 1100 -1 1101 1102 1103 -1 1104 1105 1106 -1 1107 1108 1109 -1 1110 1111 1112 -1 1113 1114 1115 -1 1116 1117 1118 -1 1119 1120 1121 -1 1122 1123 1124 -1 1125 1126 1127 -1 1128 1129 1130 -1 1131 1132 1133 -1 1134 1135 1136 -1 1137 1138 1139 -1 1140 1141 1142 -1 1143 1144 1145 -1 1146 1147 1148 -1 1149 1150 1151 -1 1152 1153 1154 -1 1155 1156 1157 -1 1158 1159 1160 -1 1161 1162 1163 -1 1164 1165 1166 -1 1167 1168 1169 -1 1170 1171 1172 -1 1173 1174 1175 -1 1176 1177 1178 -1 1179 1180 1181 -1 1182 1183 1184 -1 1185 1186 1187 -1 1188 1189 1190 -1 1191 1192 1193 -1 1194 1195 1196 -1 1197 1198 1199 -1 1200 1201 1202 -1 1203 1204 1205 -1 1206 1207 1208 -1 1209 1210 1211 -1 1212 1213 1214 -1 1215 1216 1217 -1 1218 1219 1220 -1 1221 1222 1223 -1 1224 1225 1226 -1 1227 1228 1229 -1 1230 1231 1232 -1 1233 1234 1235 -1 1236 1237 1238 -1 1239 1240 1241 -1 1242 1243 1244 -1 1245 1246 1247 -1 1248 1249 1250 -1 1251 1252 1253 -1 1254 1255 1256 -1 1257 1258 1259 -1 1260 1261 1262 -1 1263 1264 1265 -1 1266 1267 1268 -1 1269 1270 1271 -1 1272 1273 1274 -1 1275 1276 1277 -1 1278 1279 1280 -1 1281 1282 1283 -1 1284 1285 1286 -1 1287 1288 1289 -1 1290 1291 1292 -1 1293 1294 1295 -1 1296 1297 1298 -1 1299 1300 1301 -1 1302 1303 1304 -1 1305 1306 1307 -1 1308 1309 1310 -1 1311 1312 1313 -1 1314 1315 1316 -1 1317 1318 1319 -1 1320 1321 1322 -1 1323 1324 1325 -1 1326 1327 1328 -1 1329 1330 1331 -1 1332 1333 1334 -1 1335 1336 1337 -1 1338 1339 1340 -1 1341 1342 1343 -1 1344 1345 1346 -1 1347 1348 1349 -1 1350 1351 1352 -1 1353 1354 1355 -1 1356 1357 1358 -1 1359 1360 1361 -1 1362 1363 1364 -1 1365 1366 1367 -1 1368 1369 1370 -1 1371 1372 1373 -1 1374 1375 1376 -1 1377 1378 1379 -1 1380 1381 1382 -1 1383 1384 1385 -1 1386 1387 1388 -1 1389 1390 1391 -1 1392 1393 1394 -1 1395 1396 1397 -1 1398 1399 1400 -1 1401 1402 1403 -1 1404 1405 1406 -1 1407 1408 1409 -1 1410 1411 1412 -1 1413 1414 1415 -1 1416 1417 1418 -1 1419 1420 1421 -1 1422 1423 1424 -1 1425 1426 1427 -1 1428 1429 1430 -1 1431 1432 1433 -1 1434 1435 1436 -1 1437 1438 1439 -1 1440 1441 1442 -1 1443 1444 1445 -1 1446 1447 1448 -1 1449 1450 1451 -1 1452 1453 1454 -1 1455 1456 1457 -1 1458 1459 1460 -1 1461 1462 1463 -1 1464 1465 1466 -1 1467 1468 1469 -1 1470 1471 1472 -1 1473 1474 1475 -1 1476 1477 1478 -1 1479 1480 1481 -1 1482 1483 1484 -1 1485 1486 1487 -1 1488 1489 1490 -1 1491 1492 1493 -1 1494 1495 1496 -1 1497 1498 1499 -1 1500 1501 1502 -1 1503 1504 1505 -1 1506 1507 1508 -1 1509 1510 1511 -1 1512 1513 1514 -1 1515 1516 1517 -1 1518 1519 1520 -1 1521 1522 1523 -1 1524 1525 1526 -1 1527 1528 1529 -1 1530 1531 1532 -1 1533 1534 1535 -1 1536 1537 1538 -1 1539 1540 1541 -1 1542 1543 1544 -1 1545 1546 1547 -1 1548 1549 1550 -1 1551 1552 1553 -1 1554 1555 1556 -1 1557 1558 1559 -1 1560 1561 1562 -1 1563 1564 1565 -1 1566 1567 1568 -1 1569 1570 1571 -1 1572 1573 1574 -1 1575 1576 1577 -1 1578 1579 1580 -1 1581 1582 1583 -1 1584 1585 1586 -1 1587 1588 1589 -1 1590 1591 1592 -1 1593 1594 1595 -1 1596 1597 1598 -1 1599 1600 1601 -1 1602 1603 1604 -1 1605 1606 1607 -1 1608 1609 1610 -1 1611 1612 1613 -1 1614 1615 1616 -1 1617 1618 1619 -1 1620 1621 1622 -1 1623 1624 1625 -1 1626 1627 1628 -1 1629 1630 1631 -1 1632 1633 1634 -1 1635 1636 1637 -1 1638 1639 1640 -1 1641 1642 1643 -1 1644 1645 1646 -1 1647 1648 1649 -1 1650 1651 1652 -1 1653 1654 1655 -1 1656 1657 1658 -1 1659 1660 1661 -1 1662 1663 1664 -1 1665 1666 1667 -1 1668 1669 1670 -1 1671 1672 1673 -1 1674 1675 1676 -1 1677 1678 1679 -1 1680 1681 1682 -1 1683 1684 1685 -1 1686 1687 1688 -1 1689 1690 1691 -1 1692 1693 1694 -1 1695 1696 1697 -1 1698 1699 1700 -1 1701 1702 1703 -1 1704 1705 1706 -1 1707 1708 1709 -1 1710 1711 1712 -1 1713 1714 1715 -1 1716 1717 1718 -1 1719 1720 1721 -1 1722 1723 1724 -1 1725 1726 1727 -1 1728 1729 1730 -1 1731 1732 1733 -1 1734 1735 1736 -1 1737 1738 1739 -1 1740 1741 1742 -1 1743 1744 1745 -1 1746 1747 1748 -1 1749 1750 1751 -1 1752 1753 1754 -1 1755 1756 1757 -1 1758 1759 1760 -1 1761 1762 1763 -1 1764 1765 1766 -1 1767 1768 1769 -1 1770 1771 1772 -1 1773 1774 1775 -1 1776 1777 1778 -1 1779 1780 1781 -1 1782 1783 1784 -1 1785 1786 1787 -1 1788 1789 1790 -1 1791 1792 1793 -1 1794 1795 1796 -1 1797 1798 1799 -1 1800 1801 1802 -1 1803 1804 1805 -1 1806 1807 1808 -1 1809 1810 1811 -1 1812 1813 1814 -1 1815 1816 1817 -1 1818 1819 1820 -1 1821 1822 1823 -1 1824 1825 1826 -1 1827 1828 1829 -1 1830 1831 1832 -1 1833 1834 1835 -1 1836 1837 1838 -1 1839 1840 1841 -1 1842 1843 1844 -1 1845 1846 1847 -1 1848 1849 1850 -1 1851 1852 1853 -1 1854 1855 1856 -1 1857 1858 1859 -1 1860 1861 1862 -1 1863 1864 1865 -1 1866 1867 1868 -1 1869 1870 1871 -1 1872 1873 1874 -1 1875 1876 1877 -1 1878 1879 1880 -1 1881 1882 1883 -1 1884 1885 1886 -1 1887 1888 1889 -1 1890 1891 1892 -1 1893 1894 1895 -1 1896 1897 1898 -1 1899 1900 1901 -1 1902 1903 1904 -1 1905 1906 1907 -1 1908 1909 1910 -1 1911 1912 1913 -1 1914 1915 1916 -1 1917 1918 1919 -1 1920 1921 1922 -1 1923 1924 1925 -1 1926 1927 1928 -1 1929 1930 1931 -1 1932 1933 1934 -1 1935 1936 1937 -1 1938 1939 1940 -1 1941 1942 1943 -1 1944 1945 1946 -1 1947 1948 1949 -1 1950 1951 1952 -1 1953 1954 1955 -1 1956 1957 1958 -1 1959 1960 1961 -1 1962 1963 1964 -1 1965 1966 1967 -1 1968 1969 1970 -1 1971 1972 1973 -1 1974 1975 1976 -1 1977 1978 1979 -1 1980 1981 1982 -1 1983 1984 1985 -1 1986 1987 1988 -1 1989 1990 1991 -1 1992 1993 1994 -1 1995 1996 1997 -1 1998 1999 2000 -1 2001 2002 2003 -1 2004 2005 2006 -1 2007 2008 2009 -1 2010 2011 2012 -1 2013 2014 2015 -1 2016 2017 2018 -1 2019 2020 2021 -1 2022 2023 2024 -1 2025 2026 2027 -1 2028 2029 2030 -1 2031 2032 2033 -1 2034 2035 2036 -1 2037 2038 2039 -1 2040 2041 2042 -1 2043 2044 2045 -1 2046 2047 2048 -1 2049 2050 2051 -1 2052 2053 2054 -1 2055 2056 2057 -1 2058 2059 2060 -1 2061 2062 2063 -1 2064 2065 2066 -1 2067 2068 2069 -1 2070 2071 2072 -1 2073 2074 2075 -1 2076 2077 2078 -1 2079 2080 2081 -1 2082 2083 2084 -1 2085 2086 2087 -1 2088 2089 2090 -1 2091 2092 2093 -1 2094 2095 2096 -1 2097 2098 2099 -1 2100 2101 2102 -1 2103 2104 2105 -1 2106 2107 2108 -1 2109 2110 2111 -1 2112 2113 2114 -1 2115 2116 2117 -1 2118 2119 2120 -1 2121 2122 2123 -1 2124 2125 2126 -1 2127 2128 2129 -1 2130 2131 2132 -1 2133 2134 2135 -1 2136 2137 2138 -1 2139 2140 2141 -1 2142 2143 2144 -1 2145 2146 2147 -1 2148 2149 2150 -1 2151 2152 2153 -1 2154 2155 2156 -1 2157 2158 2159 -1 2160 2161 2162 -1 2163 2164 2165 -1 2166 2167 2168 -1 2169 2170 2171 -1 2172 2173 2174 -1 2175 2176 2177 -1 2178 2179 2180 -1 2181 2182 2183 -1 2184 2185 2186 -1 2187 2188 2189 -1 2190 2191 2192 -1 2193 2194 2195 -1 2196 2197 2198 -1 2199 2200 2201 -1 2202 2203 2204 -1 2205 2206 2207 -1 2208 2209 2210 -1 2211 2212 2213 -1 2214 2215 2216 -1 2217 2218 2219 -1 2220 2221 2222 -1 2223 2224 2225 -1 2226 2227 2228 -1 2229 2230 2231 -1 2232 2233 2234 -1 2235 2236 2237 -1 2238 2239 2240 -1 2241 2242 2243 -1 2244 2245 2246 -1 2247 2248 2249 -1 2250 2251 2252 -1 2253 2254 2255 -1 2256 2257 2258 -1 2259 2260 2261 -1 2262 2263 2264 -1 2265 2266 2267 -1 2268 2269 2270 -1 2271 2272 2273 -1 2274 2275 2276 -1 2277 2278 2279 -1 2280 2281 2282 -1 2283 2284 2285 -1 2286 2287 2288 -1 2289 2290 2291 -1 2292 2293 2294 -1 2295 2296 2297 -1 2298 2299 2300 -1 2301 2302 2303 -1 2304 2305 2306 -1 2307 2308 2309 -1 2310 2311 2312 -1 2313 2314 2315 -1 2316 2317 2318 -1 2319 2320 2321 -1 2322 2323 2324 -1 2325 2326 2327 -1 2328 2329 2330 -1 2331 2332 2333 -1 2334 2335 2336 -1 2337 2338 2339 -1 2340 2341 2342 -1 2343 2344 2345 -1 2346 2347 2348 -1 2349 2350 2351 -1 2352 2353 2354 -1 2355 2356 2357 -1 2358 2359 2360 -1 2361 2362 2363 -1 2364 2365 2366 -1 2367 2368 2369 -1 2370 2371 2372 -1 2373 2374 2375 -1 2376 2377 2378 -1 2379 2380 2381 -1 2382 2383 2384 -1 2385 2386 2387 -1 2388 2389 2390 -1 2391 2392 2393 -1 2394 2395 2396 -1 2397 2398 2399 -1 2400 2401 2402 -1 2403 2404 2405 -1 2406 2407 2408 -1 2409 2410 2411 -1 2412 2413 2414 -1 2415 2416 2417 -1 2418 2419 2420 -1 2421 2422 2423 -1 2424 2425 2426 -1 2427 2428 2429 -1 2430 2431 2432 -1 2433 2434 2435 -1 2436 2437 2438 -1 2439 2440 2441 -1 2442 2443 2444 -1 2445 2446 2447 -1 2448 2449 2450 -1 2451 2452 2453 -1 2454 2455 2456 -1 2457 2458 2459 -1 2460 2461 2462 -1 2463 2464 2465 -1 2466 2467 2468 -1 2469 2470 2471 -1 2472 2473 2474 -1 2475 2476 2477 -1 2478 2479 2480 -1 2481 2482 2483 -1 2484 2485 2486 -1 2487 2488 2489 -1 2490 2491 2492 -1 2493 2494 2495 -1 2496 2497 2498 -1 2499 2500 2501 -1 2502 2503 2504 -1 2505 2506 2507 -1 2508 2509 2510 -1 2511 2512 2513 -1 2514 2515 2516 -1 2517 2518 2519 -1 2520 2521 2522 -1 2523 2524 2525 -1 2526 2527 2528 -1 2529 2530 2531 -1 2532 2533 2534 -1 2535 2536 2537 -1 2538 2539 2540 -1 2541 2542 2543 -1 2544 2545 2546 -1 2547 2548 2549 -1 2550 2551 2552 -1 2553 2554 2555 -1 2556 2557 2558 -1 2559 2560 2561 -1 2562 2563 2564 -1 2565 2566 2567 -1 2568 2569 2570 -1 2571 2572 2573 -1 2574 2575 2576 -1 2577 2578 2579 -1 2580 2581 2582 -1 2583 2584 2585 -1 2586 2587 2588 -1 2589 2590 2591 -1 2592 2593 2594 -1 2595 2596 2597 -1 2598 2599 2600 -1 2601 2602 2603 -1 2604 2605 2606 -1 2607 2608 2609 -1 2610 2611 2612 -1 2613 2614 2615 -1 2616 2617 2618 -1 2619 2620 2621 -1 2622 2623 2624 -1 2625 2626 2627 -1 2628 2629 2630 -1 2631 2632 2633 -1 2634 2635 2636 -1 2637 2638 2639 -1 2640 2641 2642 -1 2643 2644 2645 -1 2646 2647 2648 -1 2649 2650 2651 -1 2652 2653 2654 -1 2655 2656 2657 -1 2658 2659 2660 -1 2661 2662 2663 -1 2664 2665 2666 -1 2667 2668 2669 -1 2670 2671 2672 -1 2673 2674 2675 -1 2676 2677 2678 -1 2679 2680 2681 -1 2682 2683 2684 -1 2685 2686 2687 -1 2688 2689 2690 -1 2691 2692 2693 -1 2694 2695 2696 -1 2697 2698 2699 -1 2700 2701 2702 -1 2703 2704 2705 -1 2706 2707 2708 -1 2709 2710 2711 -1 2712 2713 2714 -1 2715 2716 2717 -1 2718 2719 2720 -1 2721 2722 2723 -1 2724 2725 2726 -1 2727 2728 2729 -1 2730 2731 2732 -1 2733 2734 2735 -1 2736 2737 2738 -1 2739 2740 2741 -1 2742 2743 2744 -1 2745 2746 2747 -1 2748 2749 2750 -1 2751 2752 2753 -1 2754 2755 2756 -1 2757 2758 2759 -1 2760 2761 2762 -1 2763 2764 2765 -1 2766 2767 2768 -1 2769 2770 2771 -1 2772 2773 2774 -1 2775 2776 2777 -1 2778 2779 2780 -1 2781 2782 2783 -1 2784 2785 2786 -1 2787 2788 2789 -1 2790 2791 2792 -1 2793 2794 2795 -1 2796 2797 2798 -1 2799 2800 2801 -1 2802 2803 2804 -1 2805 2806 2807 -1 2808 2809 2810 -1 2811 2812 2813 -1 2814 2815 2816 -1 2817 2818 2819 -1 2820 2821 2822 -1 2823 2824 2825 -1 2826 2827 2828 -1 2829 2830 2831 -1 2832 2833 2834 -1 2835 2836 2837 -1 2838 2839 2840 -1 2841 2842 2843 -1 2844 2845 2846 -1 2847 2848 2849 -1 2850 2851 2852 -1 2853 2854 2855 -1 2856 2857 2858 -1 2859 2860 2861 -1 2862 2863 2864 -1 2865 2866 2867 -1 2868 2869 2870 -1 2871 2872 2873 -1 2874 2875 2876 -1 2877 2878 2879 -1 2880 2881 2882 -1 2883 2884 2885 -1 2886 2887 2888 -1 2889 2890 2891 -1 2892 2893 2894 -1 2895 2896 2897 -1 2898 2899 2900 -1 2901 2902 2903 -1 2904 2905 2906 -1 2907 2908 2909 -1 2910 2911 2912 -1 2913 2914 2915 -1 2916 2917 2918 -1 2919 2920 2921 -1 2922 2923 2924 -1 2925 2926 2927 -1 2928 2929 2930 -1 2931 2932 2933 -1 2934 2935 2936 -1 2937 2938 2939 -1 2940 2941 2942 -1 2943 2944 2945 -1 2946 2947 2948 -1 2949 2950 2951 -1 2952 2953 2954 -1 2955 2956 2957 -1 2958 2959 2960 -1 2961 2962 2963 -1 2964 2965 2966 -1 2967 2968 2969 -1 2970 2971 2972 -1 2973 2974 2975 -1 2976 2977 2978 -1 2979 2980 2981 -1 2982 2983 2984 -1 2985 2986 2987 -1 2988 2989 2990 -1 2991 2992 2993 -1 2994 2995 2996 -1 2997 2998 2999 -1 3000 3001 3002 -1 3003 3004 3005 -1 3006 3007 3008 -1 3009 3010 3011 -1 3012 3013 3014 -1 3015 3016 3017 -1 3018 3019 3020 -1 3021 3022 3023 -1 3024 3025 3026 -1 3027 3028 3029 -1 3030 3031 3032 -1 3033 3034 3035 -1 3036 3037 3038 -1 3039 3040 3041 -1 3042 3043 3044 -1 3045 3046 3047 -1 3048 3049 3050 -1 3051 3052 3053 -1 3054 3055 3056 -1 3057 3058 3059 -1 3060 3061 3062 -1 3063 3064 3065 -1 3066 3067 3068 -1 3069 3070 3071 -1 3072 3073 3074 -1 3075 3076 3077 -1 3078 3079 3080 -1 3081 3082 3083 -1 3084 3085 3086 -1 3087 3088 3089 -1 3090 3091 3092 -1 3093 3094 3095 -1 3096 3097 3098 -1 3099 3100 3101 -1 3102 3103 3104 -1 3105 3106 3107 -1 3108 3109 3110 -1 3111 3112 3113 -1 3114 3115 3116 -1 3117 3118 3119 -1 3120 3121 3122 -1 3123 3124 3125 -1 3126 3127 3128 -1 3129 3130 3131 -1 3132 3133 3134 -1 3135 3136 3137 -1 3138 3139 3140 -1 3141 3142 3143 -1 3144 3145 3146 -1 3147 3148 3149 -1 3150 3151 3152 -1 3153 3154 3155 -1 3156 3157 3158 -1 3159 3160 3161 -1 3162 3163 3164 -1 3165 3166 3167 -1 3168 3169 3170 -1 3171 3172 3173 -1 3174 3175 3176 -1 3177 3178 3179 -1 3180 3181 3182 -1 3183 3184 3185 -1 3186 3187 3188 -1 3189 3190 3191 -1 3192 3193 3194 -1 3195 3196 3197 -1 3198 3199 3200 -1 3201 3202 3203 -1 3204 3205 3206 -1 3207 3208 3209 -1 3210 3211 3212 -1 3213 3214 3215 -1 3216 3217 3218 -1 3219 3220 3221 -1 3222 3223 3224 -1 3225 3226 3227 -1 3228 3229 3230 -1 3231 3232 3233 -1 3234 3235 3236 -1 3237 3238 3239 -1 3240 3241 3242 -1 3243 3244 3245 -1 3246 3247 3248 -1 3249 3250 3251 -1 3252 3253 3254 -1 3255 3256 3257 -1 3258 3259 3260 -1 3261 3262 3263 -1 3264 3265 3266 -1 3267 3268 3269 -1 3270 3271 3272 -1 3273 3274 3275 -1 3276 3277 3278 -1 3279 3280 3281 -1 3282 3283 3284 -1 3285 3286 3287 -1 3288 3289 3290 -1 3291 3292 3293 -1 3294 3295 3296 -1 3297 3298 3299 -1 3300 3301 3302 -1 3303 3304 3305 -1 3306 3307 3308 -1 3309 3310 3311 -1 3312 3313 3314 -1 3315 3316 3317 -1 3318 3319 3320 -1 3321 3322 3323 -1 3324 3325 3326 -1 3327 3328 3329 -1 3330 3331 3332 -1 3333 3334 3335 -1 3336 3337 3338 -1 3339 3340 3341 -1 3342 3343 3344 -1 3345 3346 3347 -1 3348 3349 3350 -1 3351 3352 3353 -1 3354 3355 3356 -1 3357 3358 3359 -1 3360 3361 3362 -1 3363 3364 3365 -1 3366 3367 3368 -1 3369 3370 3371 -1 3372 3373 3374 -1 3375 3376 3377 -1 3378 3379 3380 -1 3381 3382 3383 -1 3384 3385 3386 -1 3387 3388 3389 -1 3390 3391 3392 -1 3393 3394 3395 -1 3396 3397 3398 -1 3399 3400 3401 -1 3402 3403 3404 -1 3405 3406 3407 -1 3408 3409 3410 -1 3411 3412 3413 -1 3414 3415 3416 -1 3417 3418 3419 -1 3420 3421 3422 -1 3423 3424 3425 -1 3426 3427 3428 -1 3429 3430 3431 -1 3432 3433 3434 -1 3435 3436 3437 -1 3438 3439 3440 -1 3441 3442 3443 -1 3444 3445 3446 -1 3447 3448 3449 -1 3450 3451 3452 -1 3453 3454 3455 -1 3456 3457 3458 -1 3459 3460 3461 -1 3462 3463 3464 -1 3465 3466 3467 -1 3468 3469 3470 -1 3471 3472 3473 -1 3474 3475 3476 -1 3477 3478 3479 -1 3480 3481 3482 -1 3483 3484 3485 -1 3486 3487 3488 -1 3489 3490 3491 -1 3492 3493 3494 -1 3495 3496 3497 -1 3498 3499 3500 -1 3501 3502 3503 -1 3504 3505 3506 -1 3507 3508 3509 -1 3510 3511 3512 -1 3513 3514 3515 -1 3516 3517 3518 -1 3519 3520 3521 -1 3522 3523 3524 -1 3525 3526 3527 -1 3528 3529 3530 -1 3531 3532 3533 -1 3534 3535 3536 -1 3537 3538 3539 -1 3540 3541 3542 -1 3543 3544 3545 -1 3546 3547 3548 -1 3549 3550 3551 -1 3552 3553 3554 -1 3555 3556 3557 -1 3558 3559 3560 -1 3561 3562 3563 -1 3564 3565 3566 -1 3567 3568 3569 -1 3570 3571 3572 -1 3573 3574 3575 -1 3576 3577 3578 -1 3579 3580 3581 -1 3582 3583 3584 -1 3585 3586 3587 -1 3588 3589 3590 -1 3591 3592 3593 -1 3594 3595 3596 -1 3597 3598 3599 -1 3600 3601 3602 -1 3603 3604 3605 -1 3606 3607 3608 -1 3609 3610 3611 -1 3612 3613 3614 -1 3615 3616 3617 -1 3618 3619 3620 -1 3621 3622 3623 -1 3624 3625 3626 -1 3627 3628 3629 -1 3630 3631 3632 -1 3633 3634 3635 -1 3636 3637 3638 -1 3639 3640 3641 -1 3642 3643 3644 -1 3645 3646 3647 -1 3648 3649 3650 -1 3651 3652 3653 -1 3654 3655 3656 -1 3657 3658 3659 -1 3660 3661 3662 -1 3663 3664 3665 -1 3666 3667 3668 -1 3669 3670 3671 -1 3672 3673 3674 -1 3675 3676 3677 -1 3678 3679 3680 -1 3681 3682 3683 -1 3684 3685 3686 -1 3687 3688 3689 -1 3690 3691 3692 -1 3693 3694 3695 -1 3696 3697 3698 -1 3699 3700 3701 -1 3702 3703 3704 -1 3705 3706 3707 -1 3708 3709 3710 -1 3711 3712 3713 -1 3714 3715 3716 -1 3717 3718 3719 -1 3720 3721 3722 -1 3723 3724 3725 -1 3726 3727 3728 -1 3729 3730 3731 -1 3732 3733 3734 -1 3735 3736 3737 -1 3738 3739 3740 -1 3741 3742 3743 -1 3744 3745 3746 -1 3747 3748 3749 -1 3750 3751 3752 -1 3753 3754 3755 -1 3756 3757 3758 -1 3759 3760 3761 -1 3762 3763 3764 -1 3765 3766 3767 -1 3768 3769 3770 -1 3771 3772 3773 -1 3774 3775 3776 -1 3777 3778 3779 -1 3780 3781 3782 -1 3783 3784 3785 -1 3786 3787 3788 -1 3789 3790 3791 -1 3792 3793 3794 -1 3795 3796 3797 -1 3798 3799 3800 -1 3801 3802 3803 -1 3804 3805 3806 -1 3807 3808 3809 -1 3810 3811 3812 -1 3813 3814 3815 -1 3816 3817 3818 -1 3819 3820 3821 -1 3822 3823 3824 -1 3825 3826 3827 -1 3828 3829 3830 -1 3831 3832 3833 -1 3834 3835 3836 -1 3837 3838 3839 -1 3840 3841 3842 -1 3843 3844 3845 -1 3846 3847 3848 -1 3849 3850 3851 -1 3852 3853 3854 -1 3855 3856 3857 -1 3858 3859 3860 -1 3861 3862 3863 -1 3864 3865 3866 -1 3867 3868 3869 -1 3870 3871 3872 -1 3873 3874 3875 -1 3876 3877 3878 -1 3879 3880 3881 -1 3882 3883 3884 -1 3885 3886 3887 -1 3888 3889 3890 -1 3891 3892 3893 -1 3894 3895 3896 -1 3897 3898 3899 -1 3900 3901 3902 -1 3903 3904 3905 -1 3906 3907 3908 -1 3909 3910 3911 -1 3912 3913 3914 -1 3915 3916 3917 -1 3918 3919 3920 -1 3921 3922 3923 -1 3924 3925 3926 -1 3927 3928 3929 -1 3930 3931 3932 -1 3933 3934 3935 -1 3936 3937 3938 -1 3939 3940 3941 -1 3942 3943 3944 -1 3945 3946 3947 -1 3948 3949 3950 -1 3951 3952 3953 -1 3954 3955 3956 -1 3957 3958 3959 -1 3960 3961 3962 -1 3963 3964 3965 -1 3966 3967 3968 -1 3969 3970 3971 -1 3972 3973 3974 -1 3975 3976 3977 -1 3978 3979 3980 -1 3981 3982 3983 -1 3984 3985 3986 -1 3987 3988 3989 -1 3990 3991 3992 -1 3993 3994 3995 -1 3996 3997 3998 -1 3999 4000 4001 -1 4002 4003 4004 -1 4005 4006 4007 -1 4008 4009 4010 -1 4011 4012 4013 -1 4014 4015 4016 -1 4017 4018 4019 -1 4020 4021 4022 -1 4023 4024 4025 -1 4026 4027 4028 -1 4029 4030 4031 -1 4032 4033 4034 -1 4035 4036 4037 -1 4038 4039 4040 -1 4041 4042 4043 -1 4044 4045 4046 -1 4047 4048 4049 -1 4050 4051 4052 -1 4053 4054 4055 -1 4056 4057 4058 -1 4059 4060 4061 -1 4062 4063 4064 -1 4065 4066 4067 -1 4068 4069 4070 -1 4071 4072 4073 -1 4074 4075 4076 -1 4077 4078 4079 -1 4080 4081 4082 -1 4083 4084 4085 -1 4086 4087 4088 -1 4089 4090 4091 -1 4092 4093 4094 -1 4095 4096 4097 -1 4098 4099 4100 -1 4101 4102 4103 -1 4104 4105 4106 -1 4107 4108 4109 -1 4110 4111 4112 -1 4113 4114 4115 -1 4116 4117 4118 -1 4119 4120 4121 -1 4122 4123 4124 -1 4125 4126 4127 -1 4128 4129 4130 -1 4131 4132 4133 -1 4134 4135 4136 -1 4137 4138 4139 -1 4140 4141 4142 -1 4143 4144 4145 -1 4146 4147 4148 -1 4149 4150 4151 -1 4152 4153 4154 -1 4155 4156 4157 -1 4158 4159 4160 -1 4161 4162 4163 -1 4164 4165 4166 -1 4167 4168 4169 -1 4170 4171 4172 -1 4173 4174 4175 -1 4176 4177 4178 -1 4179 4180 4181 -1 4182 4183 4184 -1 4185 4186 4187 -1 4188 4189 4190 -1 4191 4192 4193 -1 4194 4195 4196 -1 4197 4198 4199 -1 4200 4201 4202 -1 4203 4204 4205 -1 4206 4207 4208 -1 4209 4210 4211 -1 4212 4213 4214 -1 4215 4216 4217 -1 4218 4219 4220 -1 4221 4222 4223 -1 4224 4225 4226 -1 4227 4228 4229 -1 4230 4231 4232 -1 4233 4234 4235 -1 4236 4237 4238 -1 4239 4240 4241 -1 4242 4243 4244 -1 4245 4246 4247 -1 4248 4249 4250 -1 4251 4252 4253 -1 4254 4255 4256 -1 4257 4258 4259 -1 4260 4261 4262 -1 4263 4264 4265 -1 4266 4267 4268 -1 4269 4270 4271 -1 4272 4273 4274 -1 4275 4276 4277 -1 4278 4279 4280 -1 4281 4282 4283 -1 4284 4285 4286 -1 4287 4288 4289 -1 4290 4291 4292 -1 4293 4294 4295 -1 4296 4297 4298 -1 4299 4300 4301 -1 4302 4303 4304 -1 4305 4306 4307 -1 4308 4309 4310 -1 4311 4312 4313 -1 4314 4315 4316 -1 4317 4318 4319 -1 4320 4321 4322 -1 4323 4324 4325 -1 4326 4327 4328 -1 4329 4330 4331 -1 4332 4333 4334 -1 4335 4336 4337 -1 4338 4339 4340 -1 4341 4342 4343 -1 4344 4345 4346 -1 4347 4348 4349 -1 4350 4351 4352 -1 4353 4354 4355 -1 4356 4357 4358 -1 4359 4360 4361 -1 4362 4363 4364 -1 4365 4366 4367 -1 4368 4369 4370 -1 4371 4372 4373 -1 4374 4375 4376 -1 4377 4378 4379 -1 4380 4381 4382 -1 4383 4384 4385 -1 4386 4387 4388 -1 4389 4390 4391 -1 4392 4393 4394 -1 4395 4396 4397 -1 4398 4399 4400 -1 4401 4402 4403 -1 4404 4405 4406 -1 4407 4408 4409 -1 4410 4411 4412 -1 4413 4414 4415 -1 4416 4417 4418 -1 4419 4420 4421 -1 4422 4423 4424 -1 4425 4426 4427 -1 4428 4429 4430 -1 4431 4432 4433 -1 4434 4435 4436 -1 4437 4438 4439 -1 4440 4441 4442 -1 4443 4444 4445 -1 4446 4447 4448 -1 4449 4450 4451 -1 4452 4453 4454 -1 4455 4456 4457 -1 4458 4459 4460 -1 4461 4462 4463 -1 4464 4465 4466 -1 4467 4468 4469 -1 4470 4471 4472 -1 4473 4474 4475 -1 4476 4477 4478 -1 4479 4480 4481 -1 4482 4483 4484 -1 4485 4486 4487 -1 4488 4489 4490 -1 4491 4492 4493 -1 4494 4495 4496 -1 4497 4498 4499 -1 4500 4501 4502 -1 4503 4504 4505 -1 4506 4507 4508 -1 4509 4510 4511 -1 4512 4513 4514 -1 4515 4516 4517 -1 4518 4519 4520 -1 4521 4522 4523 -1 4524 4525 4526 -1 4527 4528 4529 -1 4530 4531 4532 -1 4533 4534 4535 -1 4536 4537 4538 -1 4539 4540 4541 -1 4542 4543 4544 -1 4545 4546 4547 -1 4548 4549 4550 -1 4551 4552 4553 -1 4554 4555 4556 -1 4557 4558 4559 -1 4560 4561 4562 -1 4563 4564 4565 -1 4566 4567 4568 -1 4569 4570 4571 -1 4572 4573 4574 -1 4575 4576 4577 -1 4578 4579 4580 -1 4581 4582 4583 -1 4584 4585 4586 -1 4587 4588 4589 -1 4590 4591 4592 -1 4593 4594 4595 -1 4596 4597 4598 -1 4599 4600 4601 -1 4602 4603 4604 -1 4605 4606 4607 -1 4608 4609 4610 -1 4611 4612 4613 -1 4614 4615 4616 -1 4617 4618 4619 -1 4620 4621 4622 -1 4623 4624 4625 -1 4626 4627 4628 -1 4629 4630 4631 -1 4632 4633 4634 -1 4635 4636 4637 -1 4638 4639 4640 -1 4641 4642 4643 -1 4644 4645 4646 -1 4647 4648 4649 -1 4650 4651 4652 -1 4653 4654 4655 -1 4656 4657 4658 -1 4659 4660 4661 -1 4662 4663 4664 -1 4665 4666 4667 -1 4668 4669 4670 -1 4671 4672 4673 -1 4674 4675 4676 -1 4677 4678 4679 -1 4680 4681 4682 -1 4683 4684 4685 -1 4686 4687 4688 -1 4689 4690 4691 -1 4692 4693 4694 -1 4695 4696 4697 -1 4698 4699 4700 -1 4701 4702 4703 -1 4704 4705 4706 -1 4707 4708 4709 -1 4710 4711 4712 -1 4713 4714 4715 -1 4716 4717 4718 -1 4719 4720 4721 -1 4722 4723 4724 -1 4725 4726 4727 -1 4728 4729 4730 -1 4731 4732 4733 -1 4734 4735 4736 -1 4737 4738 4739 -1 4740 4741 4742 -1 4743 4744 4745 -1 4746 4747 4748 -1 4749 4750 4751 -1 4752 4753 4754 -1 4755 4756 4757 -1 4758 4759 4760 -1 4761 4762 4763 -1 4764 4765 4766 -1 4767 4768 4769 -1 4770 4771 4772 -1 4773 4774 4775 -1 4776 4777 4778 -1 4779 4780 4781 -1 4782 4783 4784 -1 4785 4786 4787 -1 4788 4789 4790 -1 4791 4792 4793 -1 4794 4795 4796 -1 4797 4798 4799 -1 4800 4801 4802 -1 4803 4804 4805 -1 4806 4807 4808 -1 4809 4810 4811 -1 4812 4813 4814 -1 4815 4816 4817 -1 4818 4819 4820 -1 4821 4822 4823 -1 4824 4825 4826 -1 4827 4828 4829 -1 4830 4831 4832 -1 4833 4834 4835 -1 4836 4837 4838 -1 4839 4840 4841 -1 4842 4843 4844 -1 4845 4846 4847 -1 4848 4849 4850 -1 4851 4852 4853 -1 4854 4855 4856 -1 4857 4858 4859 -1 4860 4861 4862 -1 4863 4864 4865 -1 4866 4867 4868 -1 4869 4870 4871 -1 4872 4873 4874 -1 4875 4876 4877 -1 4878 4879 4880 -1 4881 4882 4883 -1 4884 4885 4886 -1 4887 4888 4889 -1 4890 4891 4892 -1 4893 4894 4895 -1 4896 4897 4898 -1 4899 4900 4901 -1 4902 4903 4904 -1 4905 4906 4907 -1 4908 4909 4910 -1 4911 4912 4913 -1 4914 4915 4916 -1 4917 4918 4919 -1 4920 4921 4922 -1 4923 4924 4925 -1 4926 4927 4928 -1 4929 4930 4931 -1 4932 4933 4934 -1 4935 4936 4937 -1 4938 4939 4940 -1 4941 4942 4943 -1 4944 4945 4946 -1 4947 4948 4949 -1 4950 4951 4952 -1 4953 4954 4955 -1 4956 4957 4958 -1 4959 4960 4961 -1 4962 4963 4964 -1 4965 4966 4967 -1 4968 4969 4970 -1 4971 4972 4973 -1 4974 4975 4976 -1 4977 4978 4979 -1 4980 4981 4982 -1 4983 4984 4985 -1 4986 4987 4988 -1 4989 4990 4991 -1 4992 4993 4994 -1 4995 4996 4997 -1 4998 4999 5000 -1 5001 5002 5003 -1 5004 5005 5006 -1 5007 5008 5009 -1 5010 5011 5012 -1 5013 5014 5015 -1 5016 5017 5018 -1 5019 5020 5021 -1 5022 5023 5024 -1 5025 5026 5027 -1 5028 5029 5030 -1 5031 5032 5033 -1 5034 5035 5036 -1 5037 5038 5039 -1 5040 5041 5042 -1 5043 5044 5045 -1 5046 5047 5048 -1 5049 5050 5051 -1 5052 5053 5054 -1 5055 5056 5057 -1 5058 5059 5060 -1 5061 5062 5063 -1 5064 5065 5066 -1 5067 5068 5069 -1 5070 5071 5072 -1 5073 5074 5075 -1 5076 5077 5078 -1 5079 5080 5081 -1 5082 5083 5084 -1 5085 5086 5087 -1 5088 5089 5090 -1 5091 5092 5093 -1 5094 5095 5096 -1 5097 5098 5099 -1 5100 5101 5102 -1 5103 5104 5105 -1 5106 5107 5108 -1 5109 5110 5111 -1 5112 5113 5114 -1 5115 5116 5117 -1 5118 5119 5120 -1 5121 5122 5123 -1 5124 5125 5126 -1 5127 5128 5129 -1 5130 5131 5132 -1 5133 5134 5135 -1 5136 5137 5138 -1 5139 5140 5141 -1 5142 5143 5144 -1 5145 5146 5147 -1 5148 5149 5150 -1 5151 5152 5153 -1 5154 5155 5156 -1 5157 5158 5159 -1 5160 5161 5162 -1 5163 5164 5165 -1 5166 5167 5168 -1 5169 5170 5171 -1 5172 5173 5174 -1 5175 5176 5177 -1 5178 5179 5180 -1 5181 5182 5183 -1 5184 5185 5186 -1 5187 5188 5189 -1 5190 5191 5192 -1 5193 5194 5195 -1 5196 5197 5198 -1 5199 5200 5201 -1 5202 5203 5204 -1 5205 5206 5207 -1 5208 5209 5210 -1 5211 5212 5213 -1 5214 5215 5216 -1 5217 5218 5219 -1 5220 5221 5222 -1 5223 5224 5225 -1 5226 5227 5228 -1 5229 5230 5231 -1 5232 5233 5234 -1 5235 5236 5237 -1 5238 5239 5240 -1 5241 5242 5243 -1 5244 5245 5246 -1 5247 5248 5249 -1 5250 5251 5252 -1 5253 5254 5255 -1 5256 5257 5258 -1 5259 5260 5261 -1 5262 5263 5264 -1 5265 5266 5267 -1 5268 5269 5270 -1 5271 5272 5273 -1 5274 5275 5276 -1 5277 5278 5279 -1 5280 5281 5282 -1 5283 5284 5285 -1 5286 5287 5288 -1 5289 5290 5291 -1 5292 5293 5294 -1 5295 5296 5297 -1 5298 5299 5300 -1 5301 5302 5303 -1 5304 5305 5306 -1 5307 5308 5309 -1 5310 5311 5312 -1 5313 5314 5315 -1 5316 5317 5318 -1 5319 5320 5321 -1 5322 5323 5324 -1 5325 5326 5327 -1 5328 5329 5330 -1 5331 5332 5333 -1 5334 5335 5336 -1 5337 5338 5339 -1 5340 5341 5342 -1 5343 5344 5345 -1 5346 5347 5348 -1 5349 5350 5351 -1 5352 5353 5354 -1 5355 5356 5357 -1 5358 5359 5360 -1 5361 5362 5363 -1 5364 5365 5366 -1 5367 5368 5369 -1 5370 5371 5372 -1 5373 5374 5375 -1 5376 5377 5378 -1 5379 5380 5381 -1 5382 5383 5384 -1 5385 5386 5387 -1 5388 5389 5390 -1 5391 5392 5393 -1 5394 5395 5396 -1 5397 5398 5399 -1 5400 5401 5402 -1 5403 5404 5405 -1 5406 5407 5408 -1 5409 5410 5411 -1 5412 5413 5414 -1 5415 5416 5417 -1 5418 5419 5420 -1 5421 5422 5423 -1 5424 5425 5426 -1 5427 5428 5429 -1 5430 5431 5432 -1 5433 5434 5435 -1 5436 5437 5438 -1 5439 5440 5441 -1 5442 5443 5444 -1 5445 5446 5447 -1 5448 5449 5450 -1 5451 5452 5453 -1 5454 5455 5456 -1 5457 5458 5459 -1 5460 5461 5462 -1 5463 5464 5465 -1 5466 5467 5468 -1 5469 5470 5471 -1 5472 5473 5474 -1 5475 5476 5477 -1 5478 5479 5480 -1 5481 5482 5483 -1 5484 5485 5486 -1 5487 5488 5489 -1 5490 5491 5492 -1 5493 5494 5495 -1 5496 5497 5498 -1 5499 5500 5501 -1 5502 5503 5504 -1 5505 5506 5507 -1 5508 5509 5510 -1 5511 5512 5513 -1 5514 5515 5516 -1 5517 5518 5519 -1 5520 5521 5522 -1 5523 5524 5525 -1 5526 5527 5528 -1 5529 5530 5531 -1 5532 5533 5534 -1 5535 5536 5537 -1 5538 5539 5540 -1 5541 5542 5543 -1 5544 5545 5546 -1 5547 5548 5549 -1 5550 5551 5552 -1 5553 5554 5555 -1 5556 5557 5558 -1 5559 5560 5561 -1 5562 5563 5564 -1 5565 5566 5567 -1 5568 5569 5570 -1 5571 5572 5573 -1 5574 5575 5576 -1 5577 5578 5579 -1 5580 5581 5582 -1 5583 5584 5585 -1 5586 5587 5588 -1 5589 5590 5591 -1 5592 5593 5594 -1 5595 5596 5597 -1 5598 5599 5600 -1 5601 5602 5603 -1 5604 5605 5606 -1 5607 5608 5609 -1 5610 5611 5612 -1 5613 5614 5615 -1 5616 5617 5618 -1 5619 5620 5621 -1 5622 5623 5624 -1 5625 5626 5627 -1 5628 5629 5630 -1 5631 5632 5633 -1 5634 5635 5636 -1 5637 5638 5639 -1 5640 5641 5642 -1 5643 5644 5645 -1 5646 5647 5648 -1 5649 5650 5651 -1 5652 5653 5654 -1 5655 5656 5657 -1 5658 5659 5660 -1 5661 5662 5663 -1 5664 5665 5666 -1 5667 5668 5669 -1 5670 5671 5672 -1 5673 5674 5675 -1 5676 5677 5678 -1 5679 5680 5681 -1 5682 5683 5684 -1 5685 5686 5687 -1 5688 5689 5690 -1 5691 5692 5693 -1 5694 5695 5696 -1 5697 5698 5699 -1 5700 5701 5702 -1 5703 5704 5705 -1 5706 5707 5708 -1 5709 5710 5711 -1 5712 5713 5714 -1 5715 5716 5717 -1 5718 5719 5720 -1 5721 5722 5723 -1 5724 5725 5726 -1 5727 5728 5729 -1 5730 5731 5732 -1 5733 5734 5735 -1 5736 5737 5738 -1 5739 5740 5741 -1 5742 5743 5744 -1 5745 5746 5747 -1 5748 5749 5750 -1 5751 5752 5753 -1 5754 5755 5756 -1 5757 5758 5759 -1 5760 5761 5762 -1 5763 5764 5765 -1 5766 5767 5768 -1 5769 5770 5771 -1 5772 5773 5774 -1 5775 5776 5777 -1 5778 5779 5780 -1 5781 5782 5783 -1 5784 5785 5786 -1 5787 5788 5789 -1 5790 5791 5792 -1 5793 5794 5795 -1 5796 5797 5798 -1 5799 5800 5801 -1 5802 5803 5804 -1 5805 5806 5807 -1 5808 5809 5810 -1 5811 5812 5813 -1 5814 5815 5816 -1 5817 5818 5819 -1 5820 5821 5822 -1 5823 5824 5825 -1 5826 5827 5828 -1 5829 5830 5831 -1 5832 5833 5834 -1 5835 5836 5837 -1 5838 5839 5840 -1 5841 5842 5843 -1 5844 5845 5846 -1 5847 5848 5849 -1 5850 5851 5852 -1 5853 5854 5855 -1 5856 5857 5858 -1 5859 5860 5861 -1 5862 5863 5864 -1 5865 5866 5867 -1 5868 5869 5870 -1 5871 5872 5873 -1 5874 5875 5876 -1 5877 5878 5879 -1 5880 5881 5882 -1 5883 5884 5885 -1 5886 5887 5888 -1 5889 5890 5891 -1 5892 5893 5894 -1 5895 5896 5897 -1 5898 5899 5900 -1 5901 5902 5903 -1 5904 5905 5906 -1 5907 5908 5909 -1 5910 5911 5912 -1 5913 5914 5915 -1 5916 5917 5918 -1 5919 5920 5921 -1 5922 5923 5924 -1 5925 5926 5927 -1 5928 5929 5930 -1 5931 5932 5933 -1 5934 5935 5936 -1 5937 5938 5939 -1 5940 5941 5942 -1 5943 5944 5945 -1 5946 5947 5948 -1 5949 5950 5951 -1 5952 5953 5954 -1 5955 5956 5957 -1 5958 5959 5960 -1 5961 5962 5963 -1 5964 5965 5966 -1 5967 5968 5969 -1 5970 5971 5972 -1 5973 5974 5975 -1 5976 5977 5978 -1 5979 5980 5981 -1 5982 5983 5984 -1 5985 5986 5987 -1 5988 5989 5990 -1 5991 5992 5993 -1 5994 5995 5996 -1 5997 5998 5999 -1 6000 6001 6002 -1 6003 6004 6005 -1 6006 6007 6008 -1 6009 6010 6011 -1 6012 6013 6014 -1 6015 6016 6017 -1 6018 6019 6020 -1 6021 6022 6023 -1 6024 6025 6026 -1 6027 6028 6029 -1 6030 6031 6032 -1 6033 6034 6035 -1 6036 6037 6038 -1 6039 6040 6041 -1 6042 6043 6044 -1 6045 6046 6047 -1 6048 6049 6050 -1 6051 6052 6053 -1 6054 6055 6056 -1 6057 6058 6059 -1 6060 6061 6062 -1 6063 6064 6065 -1 6066 6067 6068 -1 6069 6070 6071 -1 6072 6073 6074 -1 6075 6076 6077 -1 6078 6079 6080 -1 6081 6082 6083 -1 6084 6085 6086 -1 6087 6088 6089 -1 6090 6091 6092 -1 6093 6094 6095 -1 6096 6097 6098 -1 6099 6100 6101 -1 6102 6103 6104 -1 6105 6106 6107 -1 6108 6109 6110 -1 6111 6112 6113 -1 6114 6115 6116 -1 6117 6118 6119 -1 6120 6121 6122 -1 6123 6124 6125 -1 6126 6127 6128 -1 6129 6130 6131 -1 6132 6133 6134 -1 6135 6136 6137 -1 6138 6139 6140 -1 6141 6142 6143 -1 6144 6145 6146 -1 6147 6148 6149 -1 6150 6151 6152 -1 6153 6154 6155 -1 6156 6157 6158 -1 6159 6160 6161 -1 6162 6163 6164 -1 6165 6166 6167 -1 6168 6169 6170 -1 6171 6172 6173 -1 6174 6175 6176 -1 6177 6178 6179 -1 6180 6181 6182 -1 6183 6184 6185 -1 6186 6187 6188 -1 6189 6190 6191 -1 6192 6193 6194 -1 6195 6196 6197 -1 6198 6199 6200 -1 6201 6202 6203 -1 6204 6205 6206 -1 6207 6208 6209 -1 6210 6211 6212 -1 6213 6214 6215 -1 6216 6217 6218 -1 6219 6220 6221 -1 6222 6223 6224 -1 6225 6226 6227 -1 6228 6229 6230 -1 6231 6232 6233 -1 6234 6235 6236 -1 6237 6238 6239 -1 6240 6241 6242 -1 6243 6244 6245 -1 6246 6247 6248 -1 6249 6250 6251 -1 6252 6253 6254 -1 6255 6256 6257 -1 6258 6259 6260 -1 6261 6262 6263 -1 6264 6265 6266 -1 6267 6268 6269 -1 6270 6271 6272 -1 6273 6274 6275 -1 6276 6277 6278 -1 6279 6280 6281 -1 6282 6283 6284 -1 6285 6286 6287 -1 6288 6289 6290 -1 6291 6292 6293 -1 6294 6295 6296 -1 6297 6298 6299 -1 6300 6301 6302 -1 6303 6304 6305 -1 6306 6307 6308 -1 6309 6310 6311 -1 6312 6313 6314 -1 6315 6316 6317 -1 6318 6319 6320 -1 6321 6322 6323 -1 6324 6325 6326 -1 6327 6328 6329 -1 6330 6331 6332 -1 6333 6334 6335 -1 6336 6337 6338 -1 6339 6340 6341 -1 6342 6343 6344 -1 6345 6346 6347 -1 6348 6349 6350 -1 6351 6352 6353 -1 6354 6355 6356 -1 6357 6358 6359 -1 6360 6361 6362 -1 6363 6364 6365 -1 6366 6367 6368 -1 6369 6370 6371 -1 6372 6373 6374 -1 6375 6376 6377 -1 6378 6379 6380 -1 6381 6382 6383 -1 6384 6385 6386 -1 6387 6388 6389 -1 6390 6391 6392 -1 6393 6394 6395 -1 6396 6397 6398 -1 6399 6400 6401 -1 6402 6403 6404 -1 6405 6406 6407 -1 6408 6409 6410 -1 6411 6412 6413 -1 6414 6415 6416 -1 6417 6418 6419 -1 6420 6421 6422 -1 6423 6424 6425 -1 6426 6427 6428 -1 6429 6430 6431 -1 6432 6433 6434 -1 6435 6436 6437 -1 6438 6439 6440 -1 6441 6442 6443 -1 6444 6445 6446 -1 6447 6448 6449 -1 6450 6451 6452 -1 6453 6454 6455 -1 6456 6457 6458 -1 6459 6460 6461 -1 6462 6463 6464 -1 6465 6466 6467 -1 6468 6469 6470 -1 6471 6472 6473 -1 6474 6475 6476 -1 6477 6478 6479 -1 6480 6481 6482 -1 6483 6484 6485 -1 6486 6487 6488 -1 6489 6490 6491 -1 6492 6493 6494 -1 6495 6496 6497 -1 6498 6499 6500 -1 6501 6502 6503 -1 6504 6505 6506 -1 6507 6508 6509 -1 6510 6511 6512 -1 6513 6514 6515 -1 6516 6517 6518 -1 6519 6520 6521 -1 6522 6523 6524 -1 6525 6526 6527 -1 6528 6529 6530 -1 6531 6532 6533 -1 6534 6535 6536 -1 6537 6538 6539 -1 6540 6541 6542 -1 6543 6544 6545 -1 6546 6547 6548 -1 6549 6550 6551 -1 6552 6553 6554 -1 6555 6556 6557 -1 6558 6559 6560 -1 6561 6562 6563 -1 6564 6565 6566 -1 6567 6568 6569 -1 6570 6571 6572 -1 6573 6574 6575 -1 6576 6577 6578 -1 6579 6580 6581 -1 6582 6583 6584 -1 6585 6586 6587 -1 6588 6589 6590 -1 6591 6592 6593 -1 6594 6595 6596 -1 6597 6598 6599 -1 6600 6601 6602 -1 6603 6604 6605 -1 6606 6607 6608 -1 6609 6610 6611 -1 6612 6613 6614 -1 6615 6616 6617 -1 6618 6619 6620 -1 6621 6622 6623 -1 6624 6625 6626 -1 6627 6628 6629 -1 6630 6631 6632 -1 6633 6634 6635 -1 6636 6637 6638 -1 6639 6640 6641 -1 6642 6643 6644 -1 6645 6646 6647 -1 6648 6649 6650 -1 6651 6652 6653 -1 6654 6655 6656 -1 6657 6658 6659 -1 6660 6661 6662 -1 6663 6664 6665 -1 6666 6667 6668 -1 6669 6670 6671 -1 6672 6673 6674 -1 6675 6676 6677 -1 6678 6679 6680 -1 6681 6682 6683 -1 6684 6685 6686 -1 6687 6688 6689 -1 6690 6691 6692 -1 6693 6694 6695 -1 6696 6697 6698 -1 6699 6700 6701 -1 6702 6703 6704 -1 6705 6706 6707 -1 6708 6709 6710 -1 6711 6712 6713 -1 6714 6715 6716 -1 6717 6718 6719 -1 6720 6721 6722 -1 6723 6724 6725 -1 6726 6727 6728 -1 6729 6730 6731 -1 6732 6733 6734 -1 6735 6736 6737 -1 6738 6739 6740 -1 6741 6742 6743 -1 6744 6745 6746 -1 6747 6748 6749 -1 6750 6751 6752 -1 6753 6754 6755 -1 6756 6757 6758 -1 6759 6760 6761 -1 6762 6763 6764 -1 6765 6766 6767 -1 6768 6769 6770 -1 6771 6772 6773 -1 6774 6775 6776 -1 6777 6778 6779 -1 6780 6781 6782 -1 6783 6784 6785 -1 6786 6787 6788 -1 6789 6790 6791 -1 6792 6793 6794 -1 6795 6796 6797 -1 6798 6799 6800 -1 6801 6802 6803 -1 6804 6805 6806 -1 6807 6808 6809 -1 6810 6811 6812 -1 6813 6814 6815 -1 6816 6817 6818 -1 6819 6820 6821 -1 6822 6823 6824 -1 6825 6826 6827 -1 6828 6829 6830 -1 6831 6832 6833 -1 6834 6835 6836 -1 6837 6838 6839 -1 6840 6841 6842 -1 6843 6844 6845 -1 6846 6847 6848 -1 6849 6850 6851 -1 6852 6853 6854 -1 6855 6856 6857 -1 6858 6859 6860 -1 6861 6862 6863 -1 6864 6865 6866 -1 6867 6868 6869 -1 6870 6871 6872 -1 6873 6874 6875 -1 6876 6877 6878 -1 6879 6880 6881 -1 6882 6883 6884 -1 6885 6886 6887 -1 6888 6889 6890 -1 6891 6892 6893 -1 6894 6895 6896 -1 6897 6898 6899 -1 6900 6901 6902 -1 6903 6904 6905 -1 6906 6907 6908 -1 6909 6910 6911 -1 6912 6913 6914 -1 6915 6916 6917 -1 6918 6919 6920 -1 6921 6922 6923 -1 6924 6925 6926 -1 6927 6928 6929 -1 6930 6931 6932 -1 6933 6934 6935 -1 6936 6937 6938 -1 6939 6940 6941 -1 6942 6943 6944 -1 6945 6946 6947 -1 6948 6949 6950 -1 6951 6952 6953 -1 6954 6955 6956 -1 6957 6958 6959 -1 6960 6961 6962 -1 6963 6964 6965 -1 6966 6967 6968 -1 6969 6970 6971 -1 6972 6973 6974 -1 6975 6976 6977 -1 6978 6979 6980 -1 6981 6982 6983 -1 6984 6985 6986 -1 6987 6988 6989 -1 6990 6991 6992 -1 6993 6994 6995 -1 6996 6997 6998 -1 6999 7000 7001 -1 7002 7003 7004 -1 7005 7006 7007 -1 7008 7009 7010 -1 7011 7012 7013 -1 7014 7015 7016 -1 7017 7018 7019 -1 7020 7021 7022 -1 7023 7024 7025 -1 7026 7027 7028 -1 7029 7030 7031 -1 7032 7033 7034 -1 7035 7036 7037 -1 7038 7039 7040 -1 7041 7042 7043 -1 7044 7045 7046 -1 7047 7048 7049 -1 7050 7051 7052 -1 7053 7054 7055 -1 7056 7057 7058 -1 7059 7060 7061 -1 7062 7063 7064 -1 7065 7066 7067 -1 7068 7069 7070 -1 7071 7072 7073 -1 7074 7075 7076 -1 7077 7078 7079 -1 7080 7081 7082 -1 7083 7084 7085 -1 7086 7087 7088 -1 7089 7090 7091 -1 7092 7093 7094 -1 7095 7096 7097 -1 7098 7099 7100 -1 7101 7102 7103 -1 7104 7105 7106 -1 7107 7108 7109 -1 7110 7111 7112 -1 7113 7114 7115 -1 7116 7117 7118 -1 7119 7120 7121 -1 7122 7123 7124 -1 7125 7126 7127 -1 7128 7129 7130 -1 7131 7132 7133 -1 7134 7135 7136 -1 7137 7138 7139 -1 7140 7141 7142 -1 7143 7144 7145 -1 7146 7147 7148 -1 7149 7150 7151 -1 7152 7153 7154 -1 7155 7156 7157 -1 7158 7159 7160 -1 7161 7162 7163 -1 7164 7165 7166 -1 7167 7168 7169 -1 7170 7171 7172 -1 7173 7174 7175 -1 7176 7177 7178 -1 7179 7180 7181 -1 7182 7183 7184 -1 7185 7186 7187 -1 7188 7189 7190 -1 7191 7192 7193 -1 7194 7195 7196 -1 7197 7198 7199 -1 7200 7201 7202 -1 7203 7204 7205 -1 7206 7207 7208 -1 7209 7210 7211 -1 7212 7213 7214 -1 7215 7216 7217 -1 7218 7219 7220 -1 7221 7222 7223 -1 7224 7225 7226 -1 7227 7228 7229 -1 7230 7231 7232 -1 7233 7234 7235 -1 7236 7237 7238 -1 7239 7240 7241 -1 7242 7243 7244 -1 7245 7246 7247 -1 7248 7249 7250 -1 7251 7252 7253 -1 7254 7255 7256 -1 7257 7258 7259 -1 7260 7261 7262 -1 7263 7264 7265 -1 7266 7267 7268 -1 7269 7270 7271 -1 7272 7273 7274 -1 7275 7276 7277 -1 7278 7279 7280 -1 7281 7282 7283 -1 7284 7285 7286 -1 7287 7288 7289 -1 7290 7291 7292 -1 7293 7294 7295 -1 7296 7297 7298 -1 7299 7300 7301 -1 7302 7303 7304 -1 7305 7306 7307 -1 7308 7309 7310 -1 7311 7312 7313 -1 7314 7315 7316 -1 7317 7318 7319 -1 7320 7321 7322 -1 7323 7324 7325 -1 7326 7327 7328 -1 7329 7330 7331 -1 7332 7333 7334 -1 7335 7336 7337 -1 7338 7339 7340 -1 7341 7342 7343 -1 7344 7345 7346 -1 7347 7348 7349 -1 7350 7351 7352 -1 7353 7354 7355 -1 7356 7357 7358 -1 7359 7360 7361 -1 7362 7363 7364 -1 7365 7366 7367 -1 7368 7369 7370 -1 7371 7372 7373 -1 7374 7375 7376 -1 7377 7378 7379 -1 7380 7381 7382 -1 7383 7384 7385 -1 7386 7387 7388 -1 7389 7390 7391 -1 7392 7393 7394 -1 7395 7396 7397 -1 7398 7399 7400 -1 7401 7402 7403 -1 7404 7405 7406 -1 7407 7408 7409 -1 7410 7411 7412 -1 7413 7414 7415 -1 7416 7417 7418 -1 7419 7420 7421 -1 7422 7423 7424 -1 7425 7426 7427 -1 7428 7429 7430 -1 7431 7432 7433 -1 7434 7435 7436 -1 7437 7438 7439 -1 7440 7441 7442 -1 7443 7444 7445 -1 7446 7447 7448 -1 7449 7450 7451 -1 7452 7453 7454 -1 7455 7456 7457 -1 7458 7459 7460 -1 7461 7462 7463 -1 7464 7465 7466 -1 7467 7468 7469 -1 7470 7471 7472 -1 7473 7474 7475 -1 7476 7477 7478 -1 7479 7480 7481 -1 7482 7483 7484 -1 7485 7486 7487 -1 7488 7489 7490 -1 7491 7492 7493 -1 7494 7495 7496 -1 7497 7498 7499 -1 7500 7501 7502 -1 7503 7504 7505 -1 7506 7507 7508 -1 7509 7510 7511 -1 7512 7513 7514 -1 7515 7516 7517 -1 7518 7519 7520 -1 7521 7522 7523 -1 7524 7525 7526 -1 7527 7528 7529 -1 7530 7531 7532 -1 7533 7534 7535 -1 7536 7537 7538 -1 7539 7540 7541 -1 7542 7543 7544 -1 7545 7546 7547 -1 7548 7549 7550 -1 7551 7552 7553 -1 7554 7555 7556 -1 7557 7558 7559 -1 7560 7561 7562 -1 7563 7564 7565 -1 7566 7567 7568 -1 7569 7570 7571 -1 7572 7573 7574 -1 7575 7576 7577 -1 7578 7579 7580 -1 7581 7582 7583 -1 7584 7585 7586 -1 7587 7588 7589 -1 7590 7591 7592 -1 7593 7594 7595 -1 7596 7597 7598 -1 7599 7600 7601 -1 7602 7603 7604 -1 7605 7606 7607 -1 7608 7609 7610 -1 7611 7612 7613 -1 7614 7615 7616 -1 7617 7618 7619 -1 7620 7621 7622 -1 7623 7624 7625 -1 7626 7627 7628 -1 7629 7630 7631 -1 7632 7633 7634 -1 7635 7636 7637 -1 7638 7639 7640 -1 7641 7642 7643 -1 7644 7645 7646 -1 7647 7648 7649 -1 7650 7651 7652 -1 7653 7654 7655 -1 7656 7657 7658 -1 7659 7660 7661 -1 7662 7663 7664 -1 7665 7666 7667 -1 7668 7669 7670 -1 7671 7672 7673 -1 7674 7675 7676 -1 7677 7678 7679 -1 7680 7681 7682 -1 7683 7684 7685 -1 7686 7687 7688 -1 7689 7690 7691 -1 7692 7693 7694 -1 7695 7696 7697 -1 7698 7699 7700 -1 7701 7702 7703 -1 7704 7705 7706 -1 7707 7708 7709 -1 7710 7711 7712 -1 7713 7714 7715 -1 7716 7717 7718 -1 7719 7720 7721 -1 7722 7723 7724 -1 7725 7726 7727 -1 7728 7729 7730 -1 7731 7732 7733 -1 7734 7735 7736 -1 7737 7738 7739 -1 7740 7741 7742 -1 7743 7744 7745 -1 7746 7747 7748 -1 7749 7750 7751 -1 7752 7753 7754 -1 7755 7756 7757 -1 7758 7759 7760 -1 7761 7762 7763 -1 7764 7765 7766 -1 7767 7768 7769 -1 7770 7771 7772 -1 7773 7774 7775 -1 7776 7777 7778 -1 7779 7780 7781 -1 7782 7783 7784 -1 7785 7786 7787 -1 7788 7789 7790 -1 7791 7792 7793 -1 7794 7795 7796 -1 7797 7798 7799 -1 7800 7801 7802 -1 7803 7804 7805 -1 7806 7807 7808 -1 7809 7810 7811 -1 7812 7813 7814 -1 7815 7816 7817 -1 7818 7819 7820 -1 7821 7822 7823 -1 7824 7825 7826 -1 7827 7828 7829 -1 7830 7831 7832 -1 7833 7834 7835 -1 7836 7837 7838 -1 7839 7840 7841 -1 7842 7843 7844 -1 7845 7846 7847 -1 7848 7849 7850 -1 7851 7852 7853 -1 7854 7855 7856 -1 7857 7858 7859 -1 7860 7861 7862 -1 7863 7864 7865 -1 7866 7867 7868 -1 7869 7870 7871 -1 7872 7873 7874 -1 7875 7876 7877 -1 7878 7879 7880 -1 7881 7882 7883 -1 7884 7885 7886 -1 7887 7888 7889 -1 7890 7891 7892 -1 7893 7894 7895 -1 7896 7897 7898 -1 7899 7900 7901 -1 7902 7903 7904 -1 7905 7906 7907 -1 7908 7909 7910 -1 7911 7912 7913 -1 7914 7915 7916 -1 7917 7918 7919 -1 7920 7921 7922 -1 7923 7924 7925 -1 7926 7927 7928 -1 7929 7930 7931 -1 7932 7933 7934 -1 7935 7936 7937 -1 7938 7939 7940 -1 7941 7942 7943 -1 7944 7945 7946 -1 7947 7948 7949 -1 7950 7951 7952 -1 7953 7954 7955 -1 7956 7957 7958 -1 7959 7960 7961 -1 7962 7963 7964 -1 7965 7966 7967 -1 7968 7969 7970 -1 7971 7972 7973 -1 7974 7975 7976 -1 7977 7978 7979 -1 7980 7981 7982 -1 7983 7984 7985 -1 7986 7987 7988 -1 7989 7990 7991 -1 7992 7993 7994 -1 7995 7996 7997 -1 7998 7999 8000 -1 8001 8002 8003 -1 8004 8005 8006 -1 8007 8008 8009 -1 8010 8011 8012 -1 8013 8014 8015 -1 8016 8017 8018 -1 8019 8020 8021 -1 8022 8023 8024 -1 8025 8026 8027 -1 8028 8029 8030 -1 8031 8032 8033 -1 8034 8035 8036 -1 8037 8038 8039 -1 8040 8041 8042 -1 8043 8044 8045 -1 8046 8047 8048 -1 8049 8050 8051 -1 8052 8053 8054 -1 8055 8056 8057 -1 8058 8059 8060 -1 8061 8062 8063 -1 8064 8065 8066 -1 8067 8068 8069 -1 8070 8071 8072 -1 8073 8074 8075 -1 8076 8077 8078 -1 8079 8080 8081 -1 8082 8083 8084 -1 8085 8086 8087 -1 8088 8089 8090 -1 8091 8092 8093 -1 8094 8095 8096 -1 8097 8098 8099 -1 8100 8101 8102 -1 8103 8104 8105 -1 8106 8107 8108 -1 8109 8110 8111 -1 8112 8113 8114 -1 8115 8116 8117 -1 8118 8119 8120 -1 8121 8122 8123 -1 8124 8125 8126 -1 8127 8128 8129 -1 8130 8131 8132 -1 8133 8134 8135 -1 8136 8137 8138 -1 8139 8140 8141 -1 8142 8143 8144 -1 8145 8146 8147 -1 8148 8149 8150 -1 8151 8152 8153 -1 8154 8155 8156 -1 8157 8158 8159 -1 8160 8161 8162 -1 8163 8164 8165 -1 8166 8167 8168 -1 8169 8170 8171 -1 8172 8173 8174 -1 8175 8176 8177 -1 8178 8179 8180 -1 8181 8182 8183 -1 8184 8185 8186 -1 8187 8188 8189 -1 8190 8191 8192 -1 8193 8194 8195 -1 8196 8197 8198 -1 8199 8200 8201 -1 8202 8203 8204 -1 8205 8206 8207 -1 8208 8209 8210 -1 8211 8212 8213 -1 8214 8215 8216 -1 8217 8218 8219 -1 8220 8221 8222 -1 8223 8224 8225 -1 8226 8227 8228 -1 8229 8230 8231 -1 8232 8233 8234 -1 8235 8236 8237 -1 8238 8239 8240 -1 8241 8242 8243 -1 8244 8245 8246 -1 8247 8248 8249 -1 8250 8251 8252 -1 8253 8254 8255 -1 8256 8257 8258 -1 8259 8260 8261 -1 8262 8263 8264 -1 8265 8266 8267 -1 8268 8269 8270 -1 8271 8272 8273 -1 8274 8275 8276 -1 8277 8278 8279 -1 8280 8281 8282 -1 8283 8284 8285 -1 8286 8287 8288 -1 8289 8290 8291 -1 8292 8293 8294 -1 8295 8296 8297 -1 8298 8299 8300 -1 8301 8302 8303 -1 8304 8305 8306 -1 8307 8308 8309 -1 8310 8311 8312 -1 8313 8314 8315 -1 8316 8317 8318 -1 8319 8320 8321 -1 8322 8323 8324 -1 8325 8326 8327 -1 8328 8329 8330 -1 8331 8332 8333 -1 8334 8335 8336 -1 8337 8338 8339 -1 8340 8341 8342 -1 8343 8344 8345 -1 8346 8347 8348 -1 8349 8350 8351 -1 8352 8353 8354 -1 8355 8356 8357 -1 8358 8359 8360 -1 8361 8362 8363 -1 8364 8365 8366 -1 8367 8368 8369 -1 8370 8371 8372 -1 8373 8374 8375 -1 8376 8377 8378 -1 8379 8380 8381 -1 8382 8383 8384 -1 8385 8386 8387 -1 8388 8389 8390 -1 8391 8392 8393 -1 8394 8395 8396 -1 8397 8398 8399 -1 8400 8401 8402 -1 8403 8404 8405 -1 8406 8407 8408 -1 8409 8410 8411 -1 8412 8413 8414 -1 8415 8416 8417 -1 8418 8419 8420 -1 8421 8422 8423 -1 8424 8425 8426 -1 8427 8428 8429 -1 8430 8431 8432 -1 8433 8434 8435 -1 8436 8437 8438 -1 8439 8440 8441 -1 8442 8443 8444 -1 8445 8446 8447 -1 8448 8449 8450 -1 8451 8452 8453 -1 8454 8455 8456 -1 8457 8458 8459 -1 8460 8461 8462 -1 8463 8464 8465 -1 8466 8467 8468 -1 8469 8470 8471 -1 8472 8473 8474 -1 8475 8476 8477 -1 8478 8479 8480 -1 8481 8482 8483 -1 8484 8485 8486 -1 8487 8488 8489 -1 8490 8491 8492 -1 8493 8494 8495 -1 8496 8497 8498 -1 8499 8500 8501 -1 8502 8503 8504 -1 8505 8506 8507 -1 8508 8509 8510 -1 8511 8512 8513 -1 8514 8515 8516 -1 8517 8518 8519 -1 8520 8521 8522 -1 8523 8524 8525 -1 8526 8527 8528 -1 8529 8530 8531 -1 8532 8533 8534 -1 8535 8536 8537 -1 8538 8539 8540 -1 8541 8542 8543 -1 8544 8545 8546 -1 8547 8548 8549 -1 8550 8551 8552 -1 8553 8554 8555 -1 8556 8557 8558 -1 8559 8560 8561 -1 8562 8563 8564 -1 8565 8566 8567 -1 8568 8569 8570 -1 8571 8572 8573 -1 8574 8575 8576 -1 8577 8578 8579 -1 8580 8581 8582 -1 8583 8584 8585 -1 8586 8587 8588 -1 8589 8590 8591 -1 8592 8593 8594 -1 8595 8596 8597 -1 8598 8599 8600 -1 8601 8602 8603 -1 8604 8605 8606 -1 8607 8608 8609 -1 8610 8611 8612 -1 8613 8614 8615 -1 8616 8617 8618 -1 8619 8620 8621 -1 8622 8623 8624 -1 8625 8626 8627 -1 8628 8629 8630 -1 8631 8632 8633 -1 8634 8635 8636 -1 8637 8638 8639 -1 8640 8641 8642 -1 8643 8644 8645 -1 8646 8647 8648 -1 8649 8650 8651 -1 8652 8653 8654 -1 8655 8656 8657 -1 8658 8659 8660 -1 8661 8662 8663 -1 8664 8665 8666 -1 8667 8668 8669 -1 8670 8671 8672 -1 8673 8674 8675 -1 8676 8677 8678 -1 8679 8680 8681 -1 8682 8683 8684 -1 8685 8686 8687 -1 8688 8689 8690 -1 8691 8692 8693 -1 8694 8695 8696 -1 8697 8698 8699 -1 8700 8701 8702 -1 8703 8704 8705 -1 8706 8707 8708 -1 8709 8710 8711 -1 8712 8713 8714 -1 8715 8716 8717 -1 8718 8719 8720 -1 8721 8722 8723 -1 8724 8725 8726 -1 8727 8728 8729 -1 8730 8731 8732 -1 8733 8734 8735 -1 8736 8737 8738 -1 8739 8740 8741 -1 8742 8743 8744 -1 8745 8746 8747 -1 8748 8749 8750 -1 8751 8752 8753 -1 8754 8755 8756 -1 8757 8758 8759 -1 8760 8761 8762 -1 8763 8764 8765 -1 8766 8767 8768 -1 8769 8770 8771 -1 8772 8773 8774 -1 8775 8776 8777 -1 8778 8779 8780 -1 8781 8782 8783 -1 8784 8785 8786 -1 8787 8788 8789 -1 8790 8791 8792 -1 8793 8794 8795 -1 8796 8797 8798 -1 8799 8800 8801 -1 8802 8803 8804 -1 8805 8806 8807 -1 8808 8809 8810 -1 8811 8812 8813 -1 8814 8815 8816 -1 8817 8818 8819 -1 8820 8821 8822 -1 8823 8824 8825 -1 8826 8827 8828 -1 8829 8830 8831 -1 8832 8833 8834 -1 8835 8836 8837 -1 8838 8839 8840 -1 8841 8842 8843 -1 8844 8845 8846 -1 8847 8848 8849 -1 8850 8851 8852 -1 8853 8854 8855 -1 8856 8857 8858 -1 8859 8860 8861 -1 8862 8863 8864 -1 8865 8866 8867 -1 8868 8869 8870 -1 8871 8872 8873 -1 8874 8875 8876 -1 8877 8878 8879 -1 8880 8881 8882 -1 8883 8884 8885 -1 8886 8887 8888 -1 8889 8890 8891 -1 8892 8893 8894 -1 8895 8896 8897 -1 8898 8899 8900 -1 8901 8902 8903 -1 8904 8905 8906 -1 8907 8908 8909 -1 8910 8911 8912 -1 8913 8914 8915 -1 8916 8917 8918 -1 8919 8920 8921 -1 8922 8923 8924 -1 8925 8926 8927 -1 8928 8929 8930 -1 8931 8932 8933 -1 8934 8935 8936 -1 8937 8938 8939 -1 8940 8941 8942 -1 8943 8944 8945 -1 8946 8947 8948 -1 8949 8950 8951 -1 8952 8953 8954 -1 8955 8956 8957 -1 8958 8959 8960 -1 8961 8962 8963 -1 8964 8965 8966 -1 8967 8968 8969 -1 8970 8971 8972 -1 8973 8974 8975 -1 8976 8977 8978 -1 8979 8980 8981 -1 8982 8983 8984 -1 8985 8986 8987 -1 8988 8989 8990 -1 8991 8992 8993 -1 8994 8995 8996 -1 8997 8998 8999 -1 9000 9001 9002 -1 9003 9004 9005 -1 9006 9007 9008 -1 9009 9010 9011 -1 9012 9013 9014 -1 9015 9016 9017 -1 9018 9019 9020 -1 9021 9022 9023 -1 9024 9025 9026 -1 9027 9028 9029 -1 9030 9031 9032 -1 9033 9034 9035 -1 9036 9037 9038 -1 9039 9040 9041 -1 9042 9043 9044 -1 9045 9046 9047 -1 9048 9049 9050 -1 9051 9052 9053 -1 9054 9055 9056 -1 9057 9058 9059 -1 9060 9061 9062 -1 9063 9064 9065 -1 9066 9067 9068 -1 9069 9070 9071 -1 9072 9073 9074 -1 9075 9076 9077 -1 9078 9079 9080 -1 9081 9082 9083 -1 9084 9085 9086 -1 9087 9088 9089 -1 9090 9091 9092 -1 9093 9094 9095 -1 9096 9097 9098 -1 9099 9100 9101 -1 9102 9103 9104 -1 9105 9106 9107 -1 9108 9109 9110 -1 9111 9112 9113 -1 9114 9115 9116 -1 9117 9118 9119 -1 9120 9121 9122 -1 9123 9124 9125 -1 9126 9127 9128 -1 9129 9130 9131 -1 9132 9133 9134 -1 9135 9136 9137 -1 9138 9139 9140 -1 9141 9142 9143 -1 9144 9145 9146 -1 9147 9148 9149 -1 9150 9151 9152 -1 9153 9154 9155 -1 9156 9157 9158 -1 9159 9160 9161 -1 9162 9163 9164 -1 9165 9166 9167 -1 9168 9169 9170 -1 9171 9172 9173 -1 9174 9175 9176 -1 9177 9178 9179 -1 9180 9181 9182 -1 9183 9184 9185 -1 9186 9187 9188 -1 9189 9190 9191 -1 9192 9193 9194 -1 9195 9196 9197 -1 9198 9199 9200 -1 9201 9202 9203 -1 9204 9205 9206 -1 9207 9208 9209 -1 9210 9211 9212 -1 9213 9214 9215 -1 9216 9217 9218 -1 9219 9220 9221 -1 9222 9223 9224 -1 9225 9226 9227 -1 9228 9229 9230 -1 9231 9232 9233 -1 9234 9235 9236 -1 9237 9238 9239 -1 9240 9241 9242 -1 9243 9244 9245 -1 9246 9247 9248 -1 9249 9250 9251 -1 9252 9253 9254 -1 9255 9256 9257 -1 9258 9259 9260 -1 9261 9262 9263 -1 9264 9265 9266 -1 9267 9268 9269 -1 9270 9271 9272 -1 9273 9274 9275 -1 9276 9277 9278 -1 9279 9280 9281 -1 9282 9283 9284 -1 9285 9286 9287 -1 9288 9289 9290 -1 9291 9292 9293 -1 9294 9295 9296 -1 9297 9298 9299 -1 9300 9301 9302 -1 9303 9304 9305 -1 9306 9307 9308 -1 9309 9310 9311 -1 9312 9313 9314 -1 9315 9316 9317 -1 9318 9319 9320 -1 9321 9322 9323 -1 9324 9325 9326 -1 9327 9328 9329 -1 9330 9331 9332 -1 9333 9334 9335 -1 9336 9337 9338 -1 9339 9340 9341 -1 9342 9343 9344 -1 9345 9346 9347 -1 9348 9349 9350 -1 9351 9352 9353 -1 9354 9355 9356 -1 9357 9358 9359 -1 9360 9361 9362 -1 9363 9364 9365 -1 9366 9367 9368 -1 9369 9370 9371 -1 9372 9373 9374 -1 9375 9376 9377 -1 9378 9379 9380 -1 9381 9382 9383 -1 9384 9385 9386 -1 9387 9388 9389 -1 9390 9391 9392 -1 9393 9394 9395 -1 9396 9397 9398 -1 9399 9400 9401 -1 9402 9403 9404 -1 9405 9406 9407 -1 9408 9409 9410 -1 9411 9412 9413 -1 9414 9415 9416 -1 9417 9418 9419 -1 9420 9421 9422 -1 9423 9424 9425 -1 9426 9427 9428 -1 9429 9430 9431 -1 9432 9433 9434 -1 9435 9436 9437 -1 9438 9439 9440 -1 9441 9442 9443 -1 9444 9445 9446 -1 9447 9448 9449 -1 9450 9451 9452 -1 9453 9454 9455 -1 9456 9457 9458 -1 9459 9460 9461 -1 9462 9463 9464 -1 9465 9466 9467 -1 9468 9469 9470 -1 9471 9472 9473 -1 9474 9475 9476 -1 9477 9478 9479 -1 9480 9481 9482 -1 9483 9484 9485 -1 9486 9487 9488 -1 9489 9490 9491 -1 9492 9493 9494 -1 9495 9496 9497 -1 9498 9499 9500 -1 9501 9502 9503 -1 9504 9505 9506 -1 9507 9508 9509 -1 9510 9511 9512 -1 9513 9514 9515 -1 9516 9517 9518 -1 9519 9520 9521 -1 9522 9523 9524 -1 9525 9526 9527 -1 9528 9529 9530 -1 9531 9532 9533 -1 9534 9535 9536 -1 9537 9538 9539 -1 9540 9541 9542 -1 9543 9544 9545 -1 9546 9547 9548 -1 9549 9550 9551 -1 9552 9553 9554 -1 9555 9556 9557 -1 9558 9559 9560 -1 9561 9562 9563 -1 9564 9565 9566 -1 9567 9568 9569 -1 9570 9571 9572 -1 9573 9574 9575 -1 9576 9577 9578 -1 9579 9580 9581 -1 9582 9583 9584 -1 9585 9586 9587 -1 9588 9589 9590 -1 9591 9592 9593 -1 9594 9595 9596 -1 9597 9598 9599 -1 9600 9601 9602 -1 9603 9604 9605 -1 9606 9607 9608 -1 9609 9610 9611 -1 9612 9613 9614 -1 9615 9616 9617 -1 9618 9619 9620 -1 9621 9622 9623 -1 9624 9625 9626 -1 9627 9628 9629 -1 9630 9631 9632 -1 9633 9634 9635 -1 9636 9637 9638 -1 9639 9640 9641 -1 9642 9643 9644 -1 9645 9646 9647 -1 9648 9649 9650 -1 9651 9652 9653 -1 9654 9655 9656 -1 9657 9658 9659 -1 9660 9661 9662 -1 9663 9664 9665 -1 9666 9667 9668 -1 9669 9670 9671 -1 9672 9673 9674 -1 9675 9676 9677 -1 9678 9679 9680 -1 9681 9682 9683 -1 9684 9685 9686 -1 9687 9688 9689 -1 9690 9691 9692 -1 9693 9694 9695 -1 9696 9697 9698 -1 9699 9700 9701 -1 9702 9703 9704 -1 9705 9706 9707 -1 9708 9709 9710 -1 9711 9712 9713 -1 9714 9715 9716 -1 9717 9718 9719 -1 9720 9721 9722 -1 9723 9724 9725 -1 9726 9727 9728 -1 9729 9730 9731 -1 9732 9733 9734 -1 9735 9736 9737 -1 9738 9739 9740 -1 9741 9742 9743 -1 9744 9745 9746 -1 9747 9748 9749 -1 9750 9751 9752 -1 9753 9754 9755 -1 9756 9757 9758 -1 9759 9760 9761 -1 9762 9763 9764 -1 9765 9766 9767 -1 9768 9769 9770 -1 9771 9772 9773 -1 9774 9775 9776 -1 9777 9778 9779 -1 9780 9781 9782 -1 9783 9784 9785 -1 9786 9787 9788 -1 9789 9790 9791 -1 9792 9793 9794 -1 9795 9796 9797 -1 9798 9799 9800 -1 9801 9802 9803 -1 9804 9805 9806 -1 9807 9808 9809 -1 9810 9811 9812 -1 9813 9814 9815 -1 9816 9817 9818 -1 9819 9820 9821 -1 9822 9823 9824 -1 9825 9826 9827 -1 9828 9829 9830 -1 9831 9832 9833 -1 9834 9835 9836 -1 9837 9838 9839 -1 9840 9841 9842 -1 9843 9844 9845 -1 9846 9847 9848 -1 9849 9850 9851 -1 9852 9853 9854 -1 9855 9856 9857 -1 9858 9859 9860 -1 9861 9862 9863 -1 9864 9865 9866 -1 9867 9868 9869 -1 9870 9871 9872 -1 9873 9874 9875 -1 9876 9877 9878 -1 9879 9880 9881 -1 9882 9883 9884 -1 9885 9886 9887 -1 9888 9889 9890 -1 9891 9892 9893 -1 9894 9895 9896 -1 9897 9898 9899 -1 9900 9901 9902 -1 9903 9904 9905 -1 9906 9907 9908 -1 9909 9910 9911 -1 9912 9913 9914 -1 9915 9916 9917 -1 9918 9919 9920 -1 9921 9922 9923 -1 9924 9925 9926 -1 9927 9928 9929 -1 9930 9931 9932 -1 9933 9934 9935 -1 9936 9937 9938 -1 9939 9940 9941 -1 9942 9943 9944 -1 9945 9946 9947 -1 9948 9949 9950 -1 9951 9952 9953 -1 9954 9955 9956 -1 9957 9958 9959 -1 9960 9961 9962 -1 9963 9964 9965 -1 9966 9967 9968 -1 9969 9970 9971 -1 9972 9973 9974 -1 9975 9976 9977 -1 9978 9979 9980 -1 9981 9982 9983 -1 9984 9985 9986 -1 9987 9988 9989 -1 9990 9991 9992 -1 9993 9994 9995 -1 9996 9997 9998 -1 9999 10000 10001 -1 10002 10003 10004 -1 10005 10006 10007 -1 10008 10009 10010 -1 10011 10012 10013 -1 10014 10015 10016 -1 10017 10018 10019 -1 10020 10021 10022 -1 10023 10024 10025 -1 10026 10027 10028 -1 10029 10030 10031 -1 10032 10033 10034 -1 10035 10036 10037 -1 10038 10039 10040 -1 10041 10042 10043 -1 10044 10045 10046 -1 10047 10048 10049 -1 10050 10051 10052 -1 10053 10054 10055 -1 10056 10057 10058 -1 10059 10060 10061 -1 10062 10063 10064 -1 10065 10066 10067 -1 10068 10069 10070 -1 10071 10072 10073 -1 10074 10075 10076 -1 10077 10078 10079 -1 10080 10081 10082 -1 10083 10084 10085 -1 10086 10087 10088 -1 10089 10090 10091 -1 10092 10093 10094 -1 10095 10096 10097 -1 10098 10099 10100 -1 10101 10102 10103 -1 10104 10105 10106 -1 10107 10108 10109 -1 10110 10111 10112 -1 10113 10114 10115 -1 10116 10117 10118 -1 10119 10120 10121 -1 10122 10123 10124 -1 10125 10126 10127 -1 10128 10129 10130 -1 10131 10132 10133 -1 10134 10135 10136 -1 10137 10138 10139 -1 10140 10141 10142 -1 10143 10144 10145 -1 10146 10147 10148 -1 10149 10150 10151 -1 10152 10153 10154 -1 10155 10156 10157 -1 10158 10159 10160 -1 10161 10162 10163 -1 10164 10165 10166 -1 10167 10168 10169 -1 10170 10171 10172 -1 10173 10174 10175 -1 10176 10177 10178 -1 10179 10180 10181 -1 10182 10183 10184 -1 10185 10186 10187 -1 10188 10189 10190 -1 10191 10192 10193 -1 10194 10195 10196 -1 10197 10198 10199 -1 10200 10201 10202 -1 10203 10204 10205 -1 10206 10207 10208 -1 10209 10210 10211 -1 10212 10213 10214 -1 10215 10216 10217 -1 10218 10219 10220 -1 10221 10222 10223 -1 10224 10225 10226 -1 10227 10228 10229 -1 10230 10231 10232 -1 10233 10234 10235 -1 10236 10237 10238 -1 10239 10240 10241 -1 10242 10243 10244 -1 10245 10246 10247 -1 10248 10249 10250 -1 10251 10252 10253 -1 10254 10255 10256 -1 10257 10258 10259 -1 10260 10261 10262 -1 10263 10264 10265 -1 10266 10267 10268 -1 10269 10270 10271 -1 10272 10273 10274 -1 10275 10276 10277 -1 10278 10279 10280 -1 10281 10282 10283 -1 10284 10285 10286 -1 10287 10288 10289 -1 10290 10291 10292 -1 10293 10294 10295 -1 10296 10297 10298 -1 10299 10300 10301 -1 10302 10303 10304 -1 10305 10306 10307 -1 10308 10309 10310 -1 10311 10312 10313 -1 10314 10315 10316 -1 10317 10318 10319 -1 10320 10321 10322 -1 10323 10324 10325 -1 10326 10327 10328 -1 10329 10330 10331 -1 10332 10333 10334 -1 10335 10336 10337 -1 10338 10339 10340 -1 10341 10342 10343 -1 10344 10345 10346 -1 10347 10348 10349 -1 10350 10351 10352 -1 10353 10354 10355 -1 10356 10357 10358 -1 10359 10360 10361 -1 10362 10363 10364 -1 10365 10366 10367 -1 10368 10369 10370 -1 10371 10372 10373 -1 10374 10375 10376 -1 10377 10378 10379 -1 10380 10381 10382 -1 10383 10384 10385 -1 10386 10387 10388 -1 10389 10390 10391 -1 10392 10393 10394 -1 10395 10396 10397 -1 10398 10399 10400 -1 10401 10402 10403 -1 10404 10405 10406 -1 10407 10408 10409 -1 10410 10411 10412 -1 10413 10414 10415 -1 10416 10417 10418 -1 10419 10420 10421 -1 10422 10423 10424 -1 10425 10426 10427 -1 10428 10429 10430 -1 10431 10432 10433 -1 10434 10435 10436 -1 10437 10438 10439 -1 10440 10441 10442 -1 10443 10444 10445 -1 10446 10447 10448 -1 10449 10450 10451 -1 10452 10453 10454 -1 10455 10456 10457 -1 10458 10459 10460 -1 10461 10462 10463 -1 10464 10465 10466 -1 10467 10468 10469 -1 10470 10471 10472 -1 10473 10474 10475 -1 10476 10477 10478 -1 10479 10480 10481 -1 10482 10483 10484 -1 10485 10486 10487 -1 10488 10489 10490 -1 10491 10492 10493 -1 10494 10495 10496 -1 10497 10498 10499 -1 10500 10501 10502 -1 10503 10504 10505 -1 10506 10507 10508 -1 10509 10510 10511 -1 10512 10513 10514 -1 10515 10516 10517 -1 10518 10519 10520 -1 10521 10522 10523 -1 10524 10525 10526 -1 10527 10528 10529 -1 10530 10531 10532 -1 10533 10534 10535 -1 10536 10537 10538 -1 10539 10540 10541 -1 10542 10543 10544 -1 10545 10546 10547 -1 10548 10549 10550 -1 10551 10552 10553 -1 10554 10555 10556 -1 10557 10558 10559 -1 10560 10561 10562 -1 10563 10564 10565 -1 10566 10567 10568 -1 10569 10570 10571 -1 10572 10573 10574 -1 10575 10576 10577 -1 10578 10579 10580 -1 10581 10582 10583 -1 10584 10585 10586 -1 10587 10588 10589 -1 10590 10591 10592 -1 10593 10594 10595 -1 10596 10597 10598 -1 10599 10600 10601 -1 10602 10603 10604 -1 10605 10606 10607 -1 10608 10609 10610 -1 10611 10612 10613 -1 10614 10615 10616 -1 10617 10618 10619 -1 10620 10621 10622 -1 10623 10624 10625 -1 10626 10627 10628 -1 10629 10630 10631 -1 10632 10633 10634 -1 10635 10636 10637 -1 10638 10639 10640 -1 10641 10642 10643 -1 10644 10645 10646 -1 10647 10648 10649 -1 10650 10651 10652 -1 10653 10654 10655 -1 10656 10657 10658 -1 10659 10660 10661 -1 10662 10663 10664 -1 10665 10666 10667 -1 10668 10669 10670 -1 10671 10672 10673 -1 10674 10675 10676 -1 10677 10678 10679 -1 10680 10681 10682 -1 10683 10684 10685 -1 10686 10687 10688 -1 10689 10690 10691 -1 10692 10693 10694 -1 10695 10696 10697 -1 10698 10699 10700 -1 10701 10702 10703 -1 10704 10705 10706 -1 10707 10708 10709 -1 10710 10711 10712 -1 10713 10714 10715 -1 10716 10717 10718 -1 10719 10720 10721 -1 10722 10723 10724 -1 10725 10726 10727 -1 10728 10729 10730 -1 10731 10732 10733 -1 10734 10735 10736 -1 10737 10738 10739 -1 10740 10741 10742 -1 10743 10744 10745 -1 10746 10747 10748 -1 10749 10750 10751 -1 10752 10753 10754 -1 10755 10756 10757 -1 10758 10759 10760 -1 10761 10762 10763 -1 10764 10765 10766 -1 10767 10768 10769 -1 10770 10771 10772 -1 10773 10774 10775 -1 10776 10777 10778 -1 10779 10780 10781 -1 10782 10783 10784 -1 10785 10786 10787 -1 10788 10789 10790 -1 10791 10792 10793 -1 10794 10795 10796 -1 10797 10798 10799 -1 10800 10801 10802 -1 10803 10804 10805 -1 10806 10807 10808 -1 10809 10810 10811 -1 10812 10813 10814 -1 10815 10816 10817 -1 10818 10819 10820 -1 10821 10822 10823 -1 10824 10825 10826 -1 10827 10828 10829 -1 10830 10831 10832 -1 10833 10834 10835 -1 10836 10837 10838 -1 10839 10840 10841 -1 10842 10843 10844 -1 10845 10846 10847 -1 10848 10849 10850 -1 10851 10852 10853 -1 10854 10855 10856 -1 10857 10858 10859 -1 10860 10861 10862 -1 10863 10864 10865 -1 10866 10867 10868 -1 10869 10870 10871 -1 10872 10873 10874 -1 10875 10876 10877 -1 10878 10879 10880 -1 10881 10882 10883 -1 10884 10885 10886 -1 10887 10888 10889 -1 10890 10891 10892 -1 10893 10894 10895 -1 10896 10897 10898 -1 10899 10900 10901 -1 10902 10903 10904 -1 10905 10906 10907 -1 10908 10909 10910 -1 10911 10912 10913 -1 10914 10915 10916 -1 10917 10918 10919 -1 10920 10921 10922 -1 10923 10924 10925 -1 10926 10927 10928 -1 10929 10930 10931 -1 10932 10933 10934 -1 10935 10936 10937 -1 10938 10939 10940 -1 10941 10942 10943 -1 10944 10945 10946 -1 10947 10948 10949 -1 10950 10951 10952 -1 10953 10954 10955 -1 10956 10957 10958 -1 10959 10960 10961 -1 10962 10963 10964 -1 10965 10966 10967 -1 10968 10969 10970 -1 10971 10972 10973 -1 10974 10975 10976 -1 10977 10978 10979 -1 10980 10981 10982 -1 10983 10984 10985 -1 10986 10987 10988 -1 10989 10990 10991 -1 10992 10993 10994 -1 10995 10996 10997 -1 10998 10999 11000 -1 11001 11002 11003 -1 11004 11005 11006 -1 11007 11008 11009 -1 11010 11011 11012 -1 11013 11014 11015 -1 11016 11017 11018 -1 11019 11020 11021 -1 11022 11023 11024 -1 11025 11026 11027 -1 11028 11029 11030 -1 11031 11032 11033 -1 11034 11035 11036 -1 11037 11038 11039 -1 11040 11041 11042 -1 11043 11044 11045 -1 11046 11047 11048 -1 11049 11050 11051 -1 11052 11053 11054 -1 11055 11056 11057 -1 11058 11059 11060 -1 11061 11062 11063 -1 11064 11065 11066 -1 11067 11068 11069 -1 11070 11071 11072 -1 11073 11074 11075 -1 11076 11077 11078 -1 11079 11080 11081 -1 11082 11083 11084 -1 11085 11086 11087 -1 11088 11089 11090 -1 11091 11092 11093 -1 11094 11095 11096 -1 11097 11098 11099 -1 11100 11101 11102 -1 11103 11104 11105 -1 11106 11107 11108 -1 11109 11110 11111 -1 11112 11113 11114 -1 11115 11116 11117 -1 11118 11119 11120 -1 11121 11122 11123 -1 11124 11125 11126 -1 11127 11128 11129 -1 11130 11131 11132 -1 11133 11134 11135 -1 11136 11137 11138 -1 11139 11140 11141 -1 11142 11143 11144 -1 11145 11146 11147 -1 11148 11149 11150 -1 11151 11152 11153 -1 11154 11155 11156 -1 11157 11158 11159 -1 11160 11161 11162 -1 11163 11164 11165 -1 11166 11167 11168 -1 11169 11170 11171 -1 11172 11173 11174 -1 11175 11176 11177 -1 11178 11179 11180 -1 11181 11182 11183 -1 11184 11185 11186 -1 11187 11188 11189 -1 11190 11191 11192 -1 11193 11194 11195 -1 11196 11197 11198 -1 11199 11200 11201 -1 11202 11203 11204 -1 11205 11206 11207 -1 11208 11209 11210 -1 11211 11212 11213 -1 11214 11215 11216 -1 11217 11218 11219 -1 11220 11221 11222 -1 11223 11224 11225 -1 11226 11227 11228 -1 11229 11230 11231 -1 11232 11233 11234 -1 11235 11236 11237 -1 11238 11239 11240 -1 11241 11242 11243 -1 11244 11245 11246 -1 11247 11248 11249 -1 11250 11251 11252 -1 11253 11254 11255 -1 11256 11257 11258 -1 11259 11260 11261 -1 11262 11263 11264 -1 11265 11266 11267 -1 11268 11269 11270 -1 11271 11272 11273 -1 11274 11275 11276 -1 11277 11278 11279 -1 11280 11281 11282 -1 11283 11284 11285 -1 11286 11287 11288 -1 11289 11290 11291 -1 11292 11293 11294 -1 11295 11296 11297 -1 11298 11299 11300 -1 11301 11302 11303 -1 11304 11305 11306 -1 11307 11308 11309 -1 11310 11311 11312 -1 11313 11314 11315 -1 11316 11317 11318 -1 11319 11320 11321 -1 11322 11323 11324 -1 11325 11326 11327 -1 11328 11329 11330 -1 11331 11332 11333 -1 11334 11335 11336 -1 11337 11338 11339 -1 11340 11341 11342 -1 11343 11344 11345 -1 11346 11347 11348 -1 11349 11350 11351 -1 11352 11353 11354 -1 11355 11356 11357 -1 11358 11359 11360 -1 11361 11362 11363 -1 11364 11365 11366 -1 11367 11368 11369 -1 11370 11371 11372 -1 11373 11374 11375 -1 11376 11377 11378 -1 11379 11380 11381 -1 11382 11383 11384 -1 11385 11386 11387 -1 11388 11389 11390 -1 11391 11392 11393 -1 11394 11395 11396 -1 11397 11398 11399 -1 11400 11401 11402 -1 11403 11404 11405 -1 11406 11407 11408 -1 11409 11410 11411 -1 11412 11413 11414 -1 11415 11416 11417 -1 11418 11419 11420 -1 11421 11422 11423 -1 11424 11425 11426 -1 11427 11428 11429 -1 11430 11431 11432 -1 11433 11434 11435 -1 11436 11437 11438 -1 11439 11440 11441 -1 11442 11443 11444 -1 11445 11446 11447 -1 11448 11449 11450 -1 11451 11452 11453 -1 11454 11455 11456 -1 11457 11458 11459 -1 11460 11461 11462 -1 11463 11464 11465 -1 11466 11467 11468 -1 11469 11470 11471 -1 11472 11473 11474 -1 11475 11476 11477 -1 11478 11479 11480 -1 11481 11482 11483 -1 11484 11485 11486 -1 11487 11488 11489 -1 11490 11491 11492 -1 11493 11494 11495 -1 11496 11497 11498 -1 11499 11500 11501 -1 11502 11503 11504 -1 11505 11506 11507 -1 11508 11509 11510 -1 11511 11512 11513 -1 11514 11515 11516 -1 11517 11518 11519 -1 11520 11521 11522 -1 11523 11524 11525 -1 11526 11527 11528 -1 11529 11530 11531 -1 11532 11533 11534 -1 11535 11536 11537 -1 11538 11539 11540 -1 11541 11542 11543 -1 11544 11545 11546 -1 11547 11548 11549 -1 11550 11551 11552 -1 11553 11554 11555 -1 11556 11557 11558 -1 11559 11560 11561 -1 11562 11563 11564 -1 11565 11566 11567 -1 11568 11569 11570 -1 11571 11572 11573 -1 11574 11575 11576 -1 11577 11578 11579 -1 11580 11581 11582 -1 11583 11584 11585 -1 11586 11587 11588 -1 11589 11590 11591 -1 11592 11593 11594 -1 11595 11596 11597 -1 11598 11599 11600 -1 11601 11602 11603 -1 11604 11605 11606 -1 11607 11608 11609 -1 11610 11611 11612 -1 11613 11614 11615 -1 11616 11617 11618 -1 11619 11620 11621 -1 11622 11623 11624 -1 11625 11626 11627 -1 11628 11629 11630 -1 11631 11632 11633 -1 11634 11635 11636 -1 11637 11638 11639 -1 11640 11641 11642 -1 11643 11644 11645 -1 11646 11647 11648 -1 11649 11650 11651 -1 11652 11653 11654 -1 11655 11656 11657 -1 11658 11659 11660 -1 11661 11662 11663 -1 11664 11665 11666 -1 11667 11668 11669 -1 11670 11671 11672 -1 11673 11674 11675 -1 11676 11677 11678 -1 11679 11680 11681 -1 11682 11683 11684 -1 11685 11686 11687 -1 11688 11689 11690 -1 11691 11692 11693 -1 11694 11695 11696 -1 11697 11698 11699 -1 11700 11701 11702 -1 11703 11704 11705 -1 11706 11707 11708 -1 11709 11710 11711 -1 11712 11713 11714 -1 11715 11716 11717 -1 11718 11719 11720 -1 11721 11722 11723 -1 11724 11725 11726 -1 11727 11728 11729 -1 11730 11731 11732 -1 11733 11734 11735 -1 11736 11737 11738 -1 11739 11740 11741 -1 11742 11743 11744 -1 11745 11746 11747 -1 11748 11749 11750 -1 11751 11752 11753 -1 11754 11755 11756 -1 11757 11758 11759 -1 11760 11761 11762 -1 11763 11764 11765 -1 11766 11767 11768 -1 11769 11770 11771 -1 11772 11773 11774 -1 11775 11776 11777 -1 11778 11779 11780 -1 11781 11782 11783 -1 11784 11785 11786 -1 11787 11788 11789 -1 11790 11791 11792 -1 11793 11794 11795 -1 11796 11797 11798 -1 11799 11800 11801 -1 11802 11803 11804 -1 11805 11806 11807 -1 11808 11809 11810 -1 11811 11812 11813 -1 11814 11815 11816 -1 11817 11818 11819 -1 11820 11821 11822 -1 11823 11824 11825 -1 11826 11827 11828 -1 11829 11830 11831 -1 11832 11833 11834 -1 11835 11836 11837 -1 11838 11839 11840 -1 11841 11842 11843 -1 11844 11845 11846 -1 11847 11848 11849 -1 11850 11851 11852 -1 11853 11854 11855 -1 11856 11857 11858 -1 11859 11860 11861 -1 11862 11863 11864 -1 11865 11866 11867 -1 11868 11869 11870 -1 11871 11872 11873 -1 11874 11875 11876 -1 11877 11878 11879 -1 11880 11881 11882 -1 11883 11884 11885 -1 11886 11887 11888 -1 11889 11890 11891 -1 11892 11893 11894 -1 11895 11896 11897 -1 11898 11899 11900 -1 11901 11902 11903 -1 11904 11905 11906 -1 11907 11908 11909 -1 11910 11911 11912 -1 11913 11914 11915 -1 11916 11917 11918 -1 11919 11920 11921 -1 11922 11923 11924 -1 11925 11926 11927 -1 11928 11929 11930 -1 11931 11932 11933 -1 11934 11935 11936 -1 11937 11938 11939 -1 11940 11941 11942 -1 11943 11944 11945 -1 11946 11947 11948 -1 11949 11950 11951 -1 11952 11953 11954 -1 11955 11956 11957 -1 11958 11959 11960 -1 11961 11962 11963 -1 11964 11965 11966 -1 11967 11968 11969 -1 11970 11971 11972 -1 11973 11974 11975 -1 11976 11977 11978 -1 11979 11980 11981 -1 11982 11983 11984 -1 11985 11986 11987 -1 11988 11989 11990 -1 11991 11992 11993 -1 11994 11995 11996 -1 11997 11998 11999 -1 12000 12001 12002 -1 12003 12004 12005 -1 12006 12007 12008 -1 12009 12010 12011 -1 12012 12013 12014 -1 12015 12016 12017 -1 12018 12019 12020 -1 12021 12022 12023 -1 12024 12025 12026 -1 12027 12028 12029 -1 12030 12031 12032 -1 12033 12034 12035 -1 12036 12037 12038 -1 12039 12040 12041 -1 12042 12043 12044 -1 12045 12046 12047 -1 12048 12049 12050 -1 12051 12052 12053 -1 12054 12055 12056 -1 12057 12058 12059 -1 12060 12061 12062 -1 12063 12064 12065 -1 12066 12067 12068 -1 12069 12070 12071 -1 12072 12073 12074 -1 12075 12076 12077 -1 12078 12079 12080 -1 12081 12082 12083 -1 12084 12085 12086 -1 12087 12088 12089 -1 12090 12091 12092 -1 12093 12094 12095 -1 12096 12097 12098 -1 12099 12100 12101 -1 12102 12103 12104 -1 12105 12106 12107 -1 12108 12109 12110 -1 12111 12112 12113 -1 12114 12115 12116 -1 12117 12118 12119 -1 12120 12121 12122 -1 12123 12124 12125 -1 12126 12127 12128 -1 12129 12130 12131 -1 12132 12133 12134 -1 12135 12136 12137 -1 12138 12139 12140 -1 12141 12142 12143 -1 12144 12145 12146 -1 12147 12148 12149 -1 12150 12151 12152 -1 12153 12154 12155 -1 12156 12157 12158 -1 12159 12160 12161 -1 12162 12163 12164 -1 12165 12166 12167 -1 12168 12169 12170 -1 12171 12172 12173 -1 12174 12175 12176 -1 12177 12178 12179 -1 12180 12181 12182 -1 12183 12184 12185 -1 12186 12187 12188 -1 12189 12190 12191 -1 12192 12193 12194 -1 12195 12196 12197 -1 12198 12199 12200 -1 12201 12202 12203 -1 12204 12205 12206 -1 12207 12208 12209 -1 12210 12211 12212 -1 12213 12214 12215 -1 12216 12217 12218 -1 12219 12220 12221 -1 12222 12223 12224 -1 12225 12226 12227 -1 12228 12229 12230 -1 12231 12232 12233 -1 12234 12235 12236 -1 12237 12238 12239 -1 12240 12241 12242 -1 12243 12244 12245 -1 12246 12247 12248 -1 12249 12250 12251 -1 12252 12253 12254 -1 12255 12256 12257 -1 12258 12259 12260 -1 12261 12262 12263 -1 12264 12265 12266 -1 12267 12268 12269 -1 12270 12271 12272 -1 12273 12274 12275 -1 12276 12277 12278 -1 12279 12280 12281 -1 12282 12283 12284 -1 12285 12286 12287 -1 12288 12289 12290 -1 12291 12292 12293 -1 12294 12295 12296 -1 12297 12298 12299 -1 12300 12301 12302 -1 12303 12304 12305 -1 12306 12307 12308 -1 12309 12310 12311 -1 12312 12313 12314 -1 12315 12316 12317 -1 12318 12319 12320 -1 12321 12322 12323 -1 12324 12325 12326 -1 12327 12328 12329 -1 12330 12331 12332 -1 12333 12334 12335 -1 12336 12337 12338 -1 12339 12340 12341 -1 12342 12343 12344 -1 12345 12346 12347 -1 12348 12349 12350 -1 12351 12352 12353 -1 12354 12355 12356 -1 12357 12358 12359 -1 12360 12361 12362 -1 12363 12364 12365 -1 12366 12367 12368 -1 12369 12370 12371 -1 12372 12373 12374 -1 12375 12376 12377 -1 12378 12379 12380 -1 12381 12382 12383 -1 12384 12385 12386 -1 12387 12388 12389 -1 12390 12391 12392 -1 12393 12394 12395 -1 12396 12397 12398 -1 12399 12400 12401 -1 12402 12403 12404 -1 12405 12406 12407 -1 12408 12409 12410 -1 12411 12412 12413 -1 12414 12415 12416 -1 12417 12418 12419 -1 12420 12421 12422 -1 12423 12424 12425 -1 12426 12427 12428 -1 12429 12430 12431 -1 12432 12433 12434 -1 12435 12436 12437 -1 12438 12439 12440 -1 12441 12442 12443 -1 12444 12445 12446 -1 12447 12448 12449 -1 12450 12451 12452 -1 12453 12454 12455 -1 12456 12457 12458 -1 12459 12460 12461 -1 12462 12463 12464 -1 12465 12466 12467 -1 12468 12469 12470 -1 12471 12472 12473 -1 12474 12475 12476 -1 12477 12478 12479 -1 12480 12481 12482 -1 12483 12484 12485 -1 12486 12487 12488 -1 12489 12490 12491 -1 12492 12493 12494 -1 12495 12496 12497 -1 12498 12499 12500 -1 12501 12502 12503 -1 12504 12505 12506 -1 12507 12508 12509 -1 12510 12511 12512 -1 12513 12514 12515 -1 12516 12517 12518 -1 12519 12520 12521 -1 12522 12523 12524 -1 12525 12526 12527 -1 12528 12529 12530 -1 12531 12532 12533 -1 12534 12535 12536 -1 12537 12538 12539 -1 12540 12541 12542 -1 12543 12544 12545 -1 12546 12547 12548 -1 12549 12550 12551 -1 12552 12553 12554 -1 12555 12556 12557 -1 12558 12559 12560 -1 12561 12562 12563 -1 12564 12565 12566 -1 12567 12568 12569 -1 12570 12571 12572 -1 12573 12574 12575 -1 12576 12577 12578 -1 12579 12580 12581 -1 12582 12583 12584 -1 12585 12586 12587 -1 12588 12589 12590 -1 12591 12592 12593 -1 12594 12595 12596 -1 12597 12598 12599 -1 12600 12601 12602 -1 12603 12604 12605 -1 12606 12607 12608 -1 12609 12610 12611 -1 12612 12613 12614 -1 12615 12616 12617 -1 12618 12619 12620 -1 12621 12622 12623 -1 12624 12625 12626 -1 12627 12628 12629 -1 12630 12631 12632 -1 12633 12634 12635 -1 12636 12637 12638 -1 12639 12640 12641 -1 12642 12643 12644 -1 12645 12646 12647 -1 12648 12649 12650 -1 12651 12652 12653 -1 12654 12655 12656 -1 12657 12658 12659 -1 12660 12661 12662 -1 12663 12664 12665 -1 12666 12667 12668 -1 12669 12670 12671 -1 12672 12673 12674 -1 12675 12676 12677 -1 12678 12679 12680 -1 12681 12682 12683 -1 12684 12685 12686 -1 12687 12688 12689 -1 12690 12691 12692 -1 12693 12694 12695 -1 12696 12697 12698 -1 12699 12700 12701 -1 12702 12703 12704 -1 12705 12706 12707 -1 12708 12709 12710 -1 12711 12712 12713 -1 12714 12715 12716 -1 12717 12718 12719 -1 12720 12721 12722 -1 12723 12724 12725 -1 12726 12727 12728 -1 12729 12730 12731 -1 12732 12733 12734 -1 12735 12736 12737 -1 12738 12739 12740 -1 12741 12742 12743 -1 12744 12745 12746 -1 12747 12748 12749 -1 12750 12751 12752 -1 12753 12754 12755 -1 12756 12757 12758 -1 12759 12760 12761 -1 12762 12763 12764 -1 12765 12766 12767 -1 12768 12769 12770 -1 12771 12772 12773 -1 12774 12775 12776 -1 12777 12778 12779 -1 12780 12781 12782 -1 12783 12784 12785 -1 12786 12787 12788 -1 12789 12790 12791 -1 12792 12793 12794 -1 12795 12796 12797 -1 12798 12799 12800 -1 12801 12802 12803 -1 12804 12805 12806 -1 12807 12808 12809 -1 12810 12811 12812 -1 12813 12814 12815 -1 12816 12817 12818 -1 12819 12820 12821 -1 12822 12823 12824 -1 12825 12826 12827 -1 12828 12829 12830 -1 12831 12832 12833 -1 12834 12835 12836 -1 12837 12838 12839 -1 12840 12841 12842 -1 12843 12844 12845 -1 12846 12847 12848 -1 12849 12850 12851 -1 12852 12853 12854 -1 12855 12856 12857 -1 12858 12859 12860 -1 12861 12862 12863 -1 12864 12865 12866 -1 12867 12868 12869 -1 12870 12871 12872 -1 12873 12874 12875 -1 12876 12877 12878 -1 12879 12880 12881 -1 12882 12883 12884 -1 12885 12886 12887 -1 12888 12889 12890 -1 12891 12892 12893 -1 12894 12895 12896 -1 12897 12898 12899 -1 12900 12901 12902 -1 12903 12904 12905 -1 12906 12907 12908 -1 12909 12910 12911 -1 12912 12913 12914 -1 12915 12916 12917 -1 12918 12919 12920 -1 12921 12922 12923 -1 12924 12925 12926 -1 12927 12928 12929 -1 12930 12931 12932 -1 12933 12934 12935 -1 12936 12937 12938 -1 12939 12940 12941 -1 12942 12943 12944 -1 12945 12946 12947 -1 12948 12949 12950 -1 12951 12952 12953 -1 12954 12955 12956 -1 12957 12958 12959 -1 12960 12961 12962 -1 12963 12964 12965 -1 12966 12967 12968 -1 12969 12970 12971 -1 12972 12973 12974 -1 12975 12976 12977 -1 12978 12979 12980 -1 12981 12982 12983 -1 12984 12985 12986 -1 12987 12988 12989 -1 12990 12991 12992 -1 12993 12994 12995 -1 12996 12997 12998 -1 12999 13000 13001 -1 13002 13003 13004 -1 13005 13006 13007 -1 13008 13009 13010 -1 13011 13012 13013 -1 13014 13015 13016 -1 13017 13018 13019 -1 13020 13021 13022 -1 13023 13024 13025 -1 13026 13027 13028 -1 13029 13030 13031 -1 13032 13033 13034 -1 13035 13036 13037 -1 13038 13039 13040 -1 13041 13042 13043 -1 13044 13045 13046 -1 13047 13048 13049 -1 13050 13051 13052 -1 13053 13054 13055 -1 13056 13057 13058 -1 13059 13060 13061 -1 13062 13063 13064 -1 13065 13066 13067 -1 13068 13069 13070 -1 13071 13072 13073 -1 13074 13075 13076 -1 13077 13078 13079 -1 13080 13081 13082 -1 13083 13084 13085 -1 13086 13087 13088 -1 13089 13090 13091 -1 13092 13093 13094 -1 13095 13096 13097 -1 13098 13099 13100 -1 13101 13102 13103 -1 13104 13105 13106 -1 13107 13108 13109 -1 13110 13111 13112 -1 13113 13114 13115 -1 13116 13117 13118 -1 13119 13120 13121 -1 13122 13123 13124 -1 13125 13126 13127 -1 13128 13129 13130 -1 13131 13132 13133 -1 13134 13135 13136 -1 13137 13138 13139 -1 13140 13141 13142 -1 13143 13144 13145 -1 13146 13147 13148 -1 13149 13150 13151 -1 13152 13153 13154 -1 13155 13156 13157 -1 13158 13159 13160 -1 13161 13162 13163 -1 13164 13165 13166 -1 13167 13168 13169 -1 13170 13171 13172 -1 13173 13174 13175 -1 13176 13177 13178 -1 13179 13180 13181 -1 13182 13183 13184 -1 13185 13186 13187 -1 13188 13189 13190 -1 13191 13192 13193 -1 13194 13195 13196 -1 13197 13198 13199 -1 13200 13201 13202 -1 13203 13204 13205 -1 13206 13207 13208 -1 13209 13210 13211 -1 13212 13213 13214 -1 13215 13216 13217 -1 13218 13219 13220 -1 13221 13222 13223 -1 13224 13225 13226 -1 13227 13228 13229 -1 13230 13231 13232 -1 13233 13234 13235 -1 13236 13237 13238 -1 13239 13240 13241 -1 13242 13243 13244 -1 13245 13246 13247 -1 13248 13249 13250 -1 13251 13252 13253 -1 13254 13255 13256 -1 13257 13258 13259 -1 13260 13261 13262 -1 13263 13264 13265 -1 13266 13267 13268 -1 13269 13270 13271 -1 13272 13273 13274 -1 13275 13276 13277 -1 13278 13279 13280 -1 13281 13282 13283 -1 13284 13285 13286 -1 13287 13288 13289 -1 13290 13291 13292 -1 13293 13294 13295 -1 13296 13297 13298 -1 13299 13300 13301 -1 13302 13303 13304 -1 13305 13306 13307 -1 13308 13309 13310 -1 13311 13312 13313 -1 13314 13315 13316 -1 13317 13318 13319 -1 13320 13321 13322 -1 13323 13324 13325 -1 13326 13327 13328 -1 13329 13330 13331 -1 13332 13333 13334 -1 13335 13336 13337 -1 13338 13339 13340 -1 13341 13342 13343 -1 13344 13345 13346 -1 13347 13348 13349 -1 13350 13351 13352 -1 13353 13354 13355 -1 13356 13357 13358 -1 13359 13360 13361 -1 13362 13363 13364 -1 13365 13366 13367 -1 13368 13369 13370 -1 13371 13372 13373 -1 13374 13375 13376 -1 13377 13378 13379 -1 13380 13381 13382 -1 13383 13384 13385 -1 13386 13387 13388 -1 13389 13390 13391 -1 13392 13393 13394 -1 13395 13396 13397 -1 13398 13399 13400 -1 13401 13402 13403 -1 13404 13405 13406 -1 13407 13408 13409 -1 13410 13411 13412 -1 13413 13414 13415 -1 13416 13417 13418 -1 13419 13420 13421 -1 13422 13423 13424 -1 13425 13426 13427 -1 13428 13429 13430 -1 13431 13432 13433 -1 13434 13435 13436 -1 13437 13438 13439 -1 13440 13441 13442 -1 13443 13444 13445 -1 13446 13447 13448 -1 13449 13450 13451 -1 13452 13453 13454 -1 13455 13456 13457 -1 13458 13459 13460 -1 13461 13462 13463 -1 13464 13465 13466 -1 13467 13468 13469 -1 13470 13471 13472 -1 13473 13474 13475 -1 13476 13477 13478 -1 13479 13480 13481 -1 13482 13483 13484 -1 13485 13486 13487 -1 13488 13489 13490 -1 13491 13492 13493 -1 13494 13495 13496 -1 13497 13498 13499 -1 13500 13501 13502 -1 13503 13504 13505 -1 13506 13507 13508 -1 13509 13510 13511 -1 13512 13513 13514 -1 13515 13516 13517 -1 13518 13519 13520 -1 13521 13522 13523 -1 13524 13525 13526 -1 13527 13528 13529 -1 13530 13531 13532 -1 13533 13534 13535 -1 13536 13537 13538 -1 13539 13540 13541 -1 13542 13543 13544 -1 13545 13546 13547 -1 13548 13549 13550 -1 13551 13552 13553 -1 13554 13555 13556 -1 13557 13558 13559 -1 13560 13561 13562 -1 13563 13564 13565 -1 13566 13567 13568 -1 13569 13570 13571 -1 13572 13573 13574 -1 13575 13576 13577 -1 13578 13579 13580 -1 13581 13582 13583 -1 13584 13585 13586 -1 13587 13588 13589 -1 13590 13591 13592 -1 13593 13594 13595 -1 13596 13597 13598 -1 13599 13600 13601 -1 13602 13603 13604 -1 13605 13606 13607 -1 13608 13609 13610 -1 13611 13612 13613 -1 13614 13615 13616 -1 13617 13618 13619 -1 13620 13621 13622 -1 13623 13624 13625 -1 13626 13627 13628 -1 13629 13630 13631 -1 13632 13633 13634 -1 13635 13636 13637 -1 13638 13639 13640 -1 13641 13642 13643 -1 13644 13645 13646 -1 13647 13648 13649 -1 13650 13651 13652 -1 13653 13654 13655 -1 13656 13657 13658 -1 13659 13660 13661 -1 13662 13663 13664 -1 13665 13666 13667 -1 13668 13669 13670 -1 13671 13672 13673 -1 13674 13675 13676 -1 13677 13678 13679 -1 13680 13681 13682 -1 13683 13684 13685 -1 13686 13687 13688 -1 13689 13690 13691 -1 13692 13693 13694 -1 13695 13696 13697 -1 13698 13699 13700 -1 13701 13702 13703 -1 13704 13705 13706 -1 13707 13708 13709 -1 13710 13711 13712 -1 13713 13714 13715 -1 13716 13717 13718 -1 13719 13720 13721 -1 13722 13723 13724 -1 13725 13726 13727 -1 13728 13729 13730 -1 13731 13732 13733 -1 13734 13735 13736 -1 13737 13738 13739 -1 13740 13741 13742 -1 13743 13744 13745 -1 13746 13747 13748 -1 13749 13750 13751 -1 13752 13753 13754 -1 13755 13756 13757 -1 13758 13759 13760 -1 13761 13762 13763 -1 13764 13765 13766 -1 13767 13768 13769 -1 13770 13771 13772 -1 13773 13774 13775 -1 13776 13777 13778 -1 13779 13780 13781 -1 13782 13783 13784 -1 13785 13786 13787 -1 13788 13789 13790 -1 13791 13792 13793 -1 13794 13795 13796 -1 13797 13798 13799 -1 13800 13801 13802 -1 13803 13804 13805 -1 13806 13807 13808 -1 13809 13810 13811 -1 13812 13813 13814 -1 13815 13816 13817 -1 13818 13819 13820 -1 13821 13822 13823 -1 13824 13825 13826 -1 13827 13828 13829 -1 13830 13831 13832 -1 13833 13834 13835 -1 13836 13837 13838 -1 13839 13840 13841 -1 13842 13843 13844 -1 13845 13846 13847 -1 13848 13849 13850 -1 13851 13852 13853 -1 13854 13855 13856 -1 13857 13858 13859 -1 13860 13861 13862 -1 13863 13864 13865 -1 13866 13867 13868 -1 13869 13870 13871 -1 13872 13873 13874 -1 13875 13876 13877 -1 13878 13879 13880 -1 13881 13882 13883 -1 13884 13885 13886 -1 13887 13888 13889 -1 13890 13891 13892 -1 13893 13894 13895 -1 13896 13897 13898 -1 13899 13900 13901 -1 13902 13903 13904 -1 13905 13906 13907 -1 13908 13909 13910 -1 13911 13912 13913 -1 13914 13915 13916 -1 13917 13918 13919 -1 13920 13921 13922 -1 13923 13924 13925 -1 13926 13927 13928 -1 13929 13930 13931 -1 13932 13933 13934 -1 13935 13936 13937 -1 13938 13939 13940 -1 13941 13942 13943 -1 13944 13945 13946 -1 13947 13948 13949 -1 13950 13951 13952 -1 13953 13954 13955 -1 13956 13957 13958 -1 13959 13960 13961 -1 13962 13963 13964 -1 13965 13966 13967 -1 13968 13969 13970 -1 13971 13972 13973 -1 13974 13975 13976 -1 13977 13978 13979 -1 13980 13981 13982 -1 13983 13984 13985 -1 13986 13987 13988 -1 13989 13990 13991 -1 13992 13993 13994 -1 13995 13996 13997 -1 13998 13999 14000 -1 14001 14002 14003 -1 14004 14005 14006 -1 14007 14008 14009 -1 14010 14011 14012 -1 14013 14014 14015 -1 14016 14017 14018 -1 14019 14020 14021 -1 14022 14023 14024 -1 14025 14026 14027 -1 14028 14029 14030 -1 14031 14032 14033 -1 14034 14035 14036 -1 14037 14038 14039 -1 14040 14041 14042 -1 14043 14044 14045 -1 14046 14047 14048 -1 14049 14050 14051 -1 14052 14053 14054 -1 14055 14056 14057 -1 14058 14059 14060 -1 14061 14062 14063 -1 14064 14065 14066 -1 14067 14068 14069 -1 14070 14071 14072 -1 14073 14074 14075 -1 14076 14077 14078 -1 14079 14080 14081 -1 14082 14083 14084 -1 14085 14086 14087 -1 14088 14089 14090 -1 14091 14092 14093 -1 14094 14095 14096 -1 14097 14098 14099 -1 14100 14101 14102 -1 14103 14104 14105 -1 14106 14107 14108 -1 14109 14110 14111 -1 14112 14113 14114 -1 14115 14116 14117 -1 14118 14119 14120 -1 14121 14122 14123 -1 14124 14125 14126 -1 14127 14128 14129 -1 14130 14131 14132 -1 14133 14134 14135 -1 14136 14137 14138 -1 14139 14140 14141 -1 14142 14143 14144 -1 14145 14146 14147 -1 14148 14149 14150 -1 14151 14152 14153 -1 14154 14155 14156 -1 14157 14158 14159 -1 14160 14161 14162 -1 14163 14164 14165 -1 14166 14167 14168 -1 14169 14170 14171 -1 14172 14173 14174 -1 14175 14176 14177 -1 14178 14179 14180 -1 14181 14182 14183 -1 14184 14185 14186 -1 14187 14188 14189 -1 14190 14191 14192 -1 14193 14194 14195 -1 14196 14197 14198 -1 14199 14200 14201 -1 14202 14203 14204 -1 14205 14206 14207 -1 14208 14209 14210 -1 14211 14212 14213 -1 14214 14215 14216 -1 14217 14218 14219 -1 14220 14221 14222 -1 14223 14224 14225 -1 14226 14227 14228 -1 14229 14230 14231 -1 14232 14233 14234 -1 14235 14236 14237 -1 14238 14239 14240 -1 14241 14242 14243 -1 14244 14245 14246 -1 14247 14248 14249 -1 14250 14251 14252 -1 14253 14254 14255 -1 14256 14257 14258 -1 14259 14260 14261 -1 14262 14263 14264 -1 14265 14266 14267 -1 14268 14269 14270 -1 14271 14272 14273 -1 14274 14275 14276 -1 14277 14278 14279 -1 14280 14281 14282 -1 14283 14284 14285 -1 14286 14287 14288 -1 14289 14290 14291 -1 14292 14293 14294 -1 14295 14296 14297 -1 14298 14299 14300 -1 14301 14302 14303 -1 14304 14305 14306 -1 14307 14308 14309 -1 14310 14311 14312 -1 14313 14314 14315 -1 14316 14317 14318 -1 14319 14320 14321 -1 14322 14323 14324 -1 14325 14326 14327 -1 14328 14329 14330 -1 14331 14332 14333 -1 14334 14335 14336 -1 14337 14338 14339 -1 14340 14341 14342 -1 14343 14344 14345 -1 14346 14347 14348 -1 14349 14350 14351 -1 14352 14353 14354 -1 14355 14356 14357 -1 14358 14359 14360 -1 14361 14362 14363 -1 14364 14365 14366 -1 14367 14368 14369 -1 14370 14371 14372 -1 14373 14374 14375 -1 14376 14377 14378 -1 14379 14380 14381 -1 14382 14383 14384 -1 14385 14386 14387 -1 14388 14389 14390 -1 14391 14392 14393 -1 14394 14395 14396 -1 14397 14398 14399 -1 14400 14401 14402 -1 14403 14404 14405 -1 14406 14407 14408 -1 14409 14410 14411 -1 14412 14413 14414 -1 14415 14416 14417 -1 14418 14419 14420 -1 14421 14422 14423 -1 14424 14425 14426 -1 14427 14428 14429 -1 14430 14431 14432 -1 14433 14434 14435 -1 14436 14437 14438 -1 14439 14440 14441 -1 14442 14443 14444 -1 14445 14446 14447 -1 14448 14449 14450 -1 14451 14452 14453 -1 14454 14455 14456 -1 14457 14458 14459 -1 14460 14461 14462 -1 14463 14464 14465 -1 14466 14467 14468 -1 14469 14470 14471 -1 14472 14473 14474 -1 14475 14476 14477 -1 14478 14479 14480 -1 14481 14482 14483 -1 14484 14485 14486 -1 14487 14488 14489 -1 14490 14491 14492 -1 14493 14494 14495 -1 14496 14497 14498 -1 14499 14500 14501 -1 14502 14503 14504 -1 14505 14506 14507 -1 14508 14509 14510 -1 14511 14512 14513 -1 14514 14515 14516 -1 14517 14518 14519 -1 14520 14521 14522 -1 14523 14524 14525 -1 14526 14527 14528 -1 14529 14530 14531 -1 14532 14533 14534 -1 14535 14536 14537 -1 14538 14539 14540 -1 14541 14542 14543 -1 14544 14545 14546 -1 14547 14548 14549 -1 14550 14551 14552 -1 14553 14554 14555 -1 14556 14557 14558 -1 14559 14560 14561 -1 14562 14563 14564 -1 14565 14566 14567 -1 14568 14569 14570 -1 14571 14572 14573 -1 14574 14575 14576 -1 14577 14578 14579 -1 14580 14581 14582 -1 14583 14584 14585 -1 14586 14587 14588 -1 14589 14590 14591 -1 14592 14593 14594 -1 14595 14596 14597 -1 14598 14599 14600 -1 14601 14602 14603 -1 14604 14605 14606 -1 14607 14608 14609 -1 14610 14611 14612 -1 14613 14614 14615 -1 14616 14617 14618 -1 14619 14620 14621 -1 14622 14623 14624 -1 14625 14626 14627 -1 14628 14629 14630 -1 14631 14632 14633 -1 14634 14635 14636 -1 14637 14638 14639 -1 14640 14641 14642 -1 14643 14644 14645 -1 14646 14647 14648 -1 14649 14650 14651 -1 14652 14653 14654 -1 14655 14656 14657 -1 14658 14659 14660 -1 14661 14662 14663 -1 14664 14665 14666 -1 14667 14668 14669 -1 14670 14671 14672 -1 14673 14674 14675 -1 14676 14677 14678 -1 14679 14680 14681 -1 14682 14683 14684 -1 14685 14686 14687 -1 14688 14689 14690 -1 14691 14692 14693 -1 14694 14695 14696 -1 14697 14698 14699 -1 14700 14701 14702 -1 14703 14704 14705 -1 14706 14707 14708 -1 14709 14710 14711 -1 14712 14713 14714 -1 14715 14716 14717 -1 14718 14719 14720 -1 14721 14722 14723 -1 14724 14725 14726 -1 14727 14728 14729 -1 14730 14731 14732 -1 14733 14734 14735 -1 14736 14737 14738 -1 14739 14740 14741 -1 14742 14743 14744 -1 14745 14746 14747 -1 14748 14749 14750 -1 14751 14752 14753 -1 14754 14755 14756 -1 14757 14758 14759 -1 14760 14761 14762 -1 14763 14764 14765 -1 14766 14767 14768 -1 14769 14770 14771 -1 14772 14773 14774 -1 14775 14776 14777 -1 14778 14779 14780 -1 14781 14782 14783 -1 14784 14785 14786 -1 14787 14788 14789 -1 14790 14791 14792 -1 14793 14794 14795 -1 14796 14797 14798 -1 14799 14800 14801 -1 14802 14803 14804 -1 14805 14806 14807 -1 14808 14809 14810 -1 14811 14812 14813 -1 14814 14815 14816 -1 14817 14818 14819 -1 14820 14821 14822 -1 14823 14824 14825 -1 14826 14827 14828 -1 14829 14830 14831 -1 14832 14833 14834 -1 14835 14836 14837 -1 14838 14839 14840 -1 14841 14842 14843 -1 14844 14845 14846 -1 14847 14848 14849 -1 14850 14851 14852 -1 14853 14854 14855 -1 14856 14857 14858 -1 14859 14860 14861 -1 14862 14863 14864 -1 14865 14866 14867 -1 14868 14869 14870 -1 14871 14872 14873 -1 14874 14875 14876 -1 14877 14878 14879 -1 14880 14881 14882 -1 14883 14884 14885 -1 14886 14887 14888 -1 14889 14890 14891 -1 14892 14893 14894 -1 14895 14896 14897 -1 14898 14899 14900 -1 14901 14902 14903 -1 14904 14905 14906 -1 14907 14908 14909 -1 14910 14911 14912 -1 14913 14914 14915 -1 14916 14917 14918 -1 14919 14920 14921 -1 14922 14923 14924 -1 14925 14926 14927 -1 14928 14929 14930 -1 14931 14932 14933 -1 14934 14935 14936 -1 14937 14938 14939 -1 14940 14941 14942 -1 14943 14944 14945 -1 14946 14947 14948 -1 14949 14950 14951 -1 14952 14953 14954 -1 14955 14956 14957 -1 14958 14959 14960 -1 14961 14962 14963 -1 14964 14965 14966 -1 14967 14968 14969 -1 14970 14971 14972 -1 14973 14974 14975 -1 14976 14977 14978 -1 14979 14980 14981 -1 14982 14983 14984 -1 14985 14986 14987 -1 14988 14989 14990 -1 14991 14992 14993 -1 14994 14995 14996 -1 14997 14998 14999 -1 15000 15001 15002 -1 15003 15004 15005 -1 15006 15007 15008 -1 15009 15010 15011 -1 15012 15013 15014 -1 15015 15016 15017 -1 15018 15019 15020 -1 15021 15022 15023 -1 15024 15025 15026 -1 15027 15028 15029 -1 15030 15031 15032 -1 15033 15034 15035 -1 15036 15037 15038 -1 15039 15040 15041 -1 15042 15043 15044 -1 15045 15046 15047 -1 15048 15049 15050 -1 15051 15052 15053 -1 15054 15055 15056 -1 15057 15058 15059 -1 15060 15061 15062 -1 15063 15064 15065 -1 15066 15067 15068 -1 15069 15070 15071 -1 15072 15073 15074 -1 15075 15076 15077 -1 15078 15079 15080 -1 15081 15082 15083 -1 15084 15085 15086 -1 15087 15088 15089 -1 15090 15091 15092 -1 15093 15094 15095 -1 15096 15097 15098 -1 15099 15100 15101 -1 15102 15103 15104 -1 15105 15106 15107 -1 15108 15109 15110 -1 15111 15112 15113 -1 15114 15115 15116 -1 15117 15118 15119 -1 15120 15121 15122 -1 15123 15124 15125 -1 15126 15127 15128 -1 15129 15130 15131 -1 15132 15133 15134 -1 15135 15136 15137 -1 15138 15139 15140 -1 15141 15142 15143 -1 15144 15145 15146 -1 15147 15148 15149 -1 15150 15151 15152 -1 15153 15154 15155 -1 15156 15157 15158 -1 15159 15160 15161 -1 15162 15163 15164 -1 15165 15166 15167 -1 15168 15169 15170 -1 15171 15172 15173 -1 15174 15175 15176 -1 15177 15178 15179 -1 15180 15181 15182 -1 15183 15184 15185 -1 15186 15187 15188 -1 15189 15190 15191 -1 15192 15193 15194 -1 15195 15196 15197 -1 15198 15199 15200 -1 15201 15202 15203 -1 15204 15205 15206 -1 15207 15208 15209 -1 15210 15211 15212 -1 15213 15214 15215 -1 15216 15217 15218 -1 15219 15220 15221 -1 15222 15223 15224 -1 15225 15226 15227 -1 15228 15229 15230 -1 15231 15232 15233 -1 15234 15235 15236 -1 15237 15238 15239 -1 15240 15241 15242 -1 15243 15244 15245 -1 15246 15247 15248 -1 15249 15250 15251 -1 15252 15253 15254 -1 15255 15256 15257 -1 15258 15259 15260 -1 15261 15262 15263 -1 15264 15265 15266 -1 15267 15268 15269 -1 15270 15271 15272 -1 15273 15274 15275 -1 15276 15277 15278 -1 15279 15280 15281 -1 15282 15283 15284 -1 15285 15286 15287 -1 15288 15289 15290 -1 15291 15292 15293 -1 15294 15295 15296 -1 15297 15298 15299 -1 15300 15301 15302 -1 15303 15304 15305 -1 15306 15307 15308 -1 15309 15310 15311 -1 15312 15313 15314 -1 15315 15316 15317 -1 15318 15319 15320 -1 15321 15322 15323 -1 15324 15325 15326 -1 15327 15328 15329 -1 15330 15331 15332 -1 15333 15334 15335 -1 15336 15337 15338 -1 15339 15340 15341 -1 15342 15343 15344 -1 15345 15346 15347 -1 15348 15349 15350 -1 15351 15352 15353 -1 15354 15355 15356 -1 15357 15358 15359 -1 15360 15361 15362 -1 15363 15364 15365 -1 15366 15367 15368 -1 15369 15370 15371 -1 15372 15373 15374 -1 15375 15376 15377 -1 15378 15379 15380 -1 15381 15382 15383 -1 15384 15385 15386 -1 15387 15388 15389 -1 15390 15391 15392 -1 15393 15394 15395 -1 15396 15397 15398 -1 15399 15400 15401 -1 15402 15403 15404 -1 15405 15406 15407 -1 15408 15409 15410 -1 15411 15412 15413 -1 15414 15415 15416 -1 15417 15418 15419 -1 15420 15421 15422 -1 15423 15424 15425 -1 15426 15427 15428 -1 15429 15430 15431 -1 15432 15433 15434 -1 15435 15436 15437 -1 15438 15439 15440 -1 15441 15442 15443 -1 15444 15445 15446 -1 15447 15448 15449 -1 15450 15451 15452 -1 15453 15454 15455 -1 15456 15457 15458 -1 15459 15460 15461 -1 15462 15463 15464 -1 15465 15466 15467 -1 15468 15469 15470 -1 15471 15472 15473 -1 15474 15475 15476 -1 15477 15478 15479 -1 15480 15481 15482 -1 15483 15484 15485 -1 15486 15487 15488 -1 15489 15490 15491 -1 15492 15493 15494 -1 15495 15496 15497 -1 15498 15499 15500 -1 15501 15502 15503 -1 15504 15505 15506 -1 15507 15508 15509 -1 15510 15511 15512 -1 15513 15514 15515 -1 15516 15517 15518 -1 15519 15520 15521 -1 15522 15523 15524 -1 15525 15526 15527 -1 15528 15529 15530 -1 15531 15532 15533 -1 15534 15535 15536 -1 15537 15538 15539 -1 15540 15541 15542 -1 15543 15544 15545 -1 15546 15547 15548 -1 15549 15550 15551 -1 15552 15553 15554 -1 15555 15556 15557 -1 15558 15559 15560 -1 15561 15562 15563 -1 15564 15565 15566 -1 15567 15568 15569 -1 15570 15571 15572 -1 15573 15574 15575 -1 15576 15577 15578 -1 15579 15580 15581 -1 15582 15583 15584 -1 15585 15586 15587 -1 15588 15589 15590 -1 15591 15592 15593 -1 15594 15595 15596 -1 15597 15598 15599 -1 15600 15601 15602 -1 15603 15604 15605 -1 15606 15607 15608 -1 15609 15610 15611 -1 15612 15613 15614 -1 15615 15616 15617 -1 15618 15619 15620 -1 15621 15622 15623 -1 15624 15625 15626 -1 15627 15628 15629 -1 15630 15631 15632 -1 15633 15634 15635 -1 15636 15637 15638 -1 15639 15640 15641 -1 15642 15643 15644 -1 15645 15646 15647 -1 15648 15649 15650 -1 15651 15652 15653 -1 15654 15655 15656 -1 15657 15658 15659 -1 15660 15661 15662 -1 15663 15664 15665 -1 15666 15667 15668 -1 15669 15670 15671 -1 15672 15673 15674 -1 15675 15676 15677 -1 15678 15679 15680 -1 15681 15682 15683 -1 15684 15685 15686 -1 15687 15688 15689 -1 15690 15691 15692 -1 15693 15694 15695 -1 15696 15697 15698 -1 15699 15700 15701 -1 15702 15703 15704 -1 15705 15706 15707 -1 15708 15709 15710 -1 15711 15712 15713 -1 15714 15715 15716 -1 15717 15718 15719 -1 15720 15721 15722 -1 15723 15724 15725 -1 15726 15727 15728 -1 15729 15730 15731 -1 15732 15733 15734 -1 15735 15736 15737 -1 15738 15739 15740 -1 15741 15742 15743 -1 15744 15745 15746 -1 15747 15748 15749 -1 15750 15751 15752 -1 15753 15754 15755 -1 15756 15757 15758 -1 15759 15760 15761 -1 15762 15763 15764 -1 15765 15766 15767 -1 15768 15769 15770 -1 15771 15772 15773 -1 15774 15775 15776 -1 15777 15778 15779 -1 15780 15781 15782 -1 15783 15784 15785 -1 15786 15787 15788 -1 15789 15790 15791 -1 15792 15793 15794 -1 15795 15796 15797 -1 15798 15799 15800 -1 15801 15802 15803 -1 15804 15805 15806 -1 15807 15808 15809 -1 15810 15811 15812 -1 15813 15814 15815 -1 15816 15817 15818 -1 15819 15820 15821 -1 15822 15823 15824 -1 15825 15826 15827 -1 15828 15829 15830 -1 15831 15832 15833 -1 15834 15835 15836 -1 15837 15838 15839 -1 15840 15841 15842 -1 15843 15844 15845 -1 15846 15847 15848 -1 15849 15850 15851 -1 15852 15853 15854 -1 15855 15856 15857 -1 15858 15859 15860 -1 15861 15862 15863 -1 15864 15865 15866 -1 15867 15868 15869 -1 15870 15871 15872 -1 15873 15874 15875 -1 15876 15877 15878 -1 15879 15880 15881 -1 15882 15883 15884 -1 15885 15886 15887 -1 15888 15889 15890 -1 15891 15892 15893 -1 15894 15895 15896 -1 15897 15898 15899 -1 15900 15901 15902 -1 15903 15904 15905 -1 15906 15907 15908 -1 15909 15910 15911 -1 15912 15913 15914 -1 15915 15916 15917 -1 15918 15919 15920 -1 15921 15922 15923 -1 15924 15925 15926 -1 15927 15928 15929 -1 15930 15931 15932 -1 15933 15934 15935 -1 15936 15937 15938 -1 15939 15940 15941 -1 15942 15943 15944 -1 15945 15946 15947 -1 15948 15949 15950 -1 15951 15952 15953 -1 15954 15955 15956 -1 15957 15958 15959 -1 15960 15961 15962 -1 15963 15964 15965 -1 15966 15967 15968 -1 15969 15970 15971 -1 15972 15973 15974 -1 15975 15976 15977 -1 15978 15979 15980 -1 15981 15982 15983 -1 15984 15985 15986 -1 15987 15988 15989 -1 15990 15991 15992 -1 15993 15994 15995 -1 15996 15997 15998 -1 15999 16000 16001 -1 16002 16003 16004 -1 16005 16006 16007 -1 16008 16009 16010 -1 16011 16012 16013 -1 16014 16015 16016 -1 16017 16018 16019 -1 16020 16021 16022 -1 16023 16024 16025 -1 16026 16027 16028 -1 16029 16030 16031 -1 16032 16033 16034 -1 16035 16036 16037 -1 16038 16039 16040 -1 16041 16042 16043 -1 16044 16045 16046 -1 16047 16048 16049 -1 16050 16051 16052 -1 16053 16054 16055 -1 16056 16057 16058 -1 16059 16060 16061 -1 16062 16063 16064 -1 16065 16066 16067 -1 16068 16069 16070 -1 16071 16072 16073 -1 16074 16075 16076 -1 16077 16078 16079 -1 16080 16081 16082 -1 16083 16084 16085 -1 16086 16087 16088 -1 16089 16090 16091 -1 16092 16093 16094 -1 16095 16096 16097 -1 16098 16099 16100 -1 16101 16102 16103 -1 16104 16105 16106 -1 16107 16108 16109 -1 16110 16111 16112 -1 16113 16114 16115 -1 16116 16117 16118 -1 16119 16120 16121 -1 16122 16123 16124 -1 16125 16126 16127 -1 16128 16129 16130 -1 16131 16132 16133 -1 16134 16135 16136 -1 16137 16138 16139 -1 16140 16141 16142 -1 16143 16144 16145 -1 16146 16147 16148 -1 16149 16150 16151 -1 16152 16153 16154 -1 16155 16156 16157 -1 16158 16159 16160 -1 16161 16162 16163 -1 16164 16165 16166 -1 16167 16168 16169 -1 16170 16171 16172 -1 16173 16174 16175 -1 16176 16177 16178 -1 16179 16180 16181 -1 16182 16183 16184 -1 16185 16186 16187 -1 16188 16189 16190 -1 16191 16192 16193 -1 16194 16195 16196 -1 16197 16198 16199 -1 16200 16201 16202 -1 16203 16204 16205 -1 16206 16207 16208 -1 16209 16210 16211 -1 16212 16213 16214 -1 16215 16216 16217 -1 16218 16219 16220 -1 16221 16222 16223 -1 16224 16225 16226 -1 16227 16228 16229 -1 16230 16231 16232 -1 16233 16234 16235 -1 16236 16237 16238 -1 16239 16240 16241 -1 16242 16243 16244 -1 16245 16246 16247 -1 16248 16249 16250 -1 16251 16252 16253 -1 16254 16255 16256 -1 16257 16258 16259 -1 16260 16261 16262 -1 16263 16264 16265 -1 16266 16267 16268 -1 16269 16270 16271 -1 16272 16273 16274 -1 16275 16276 16277 -1 16278 16279 16280 -1 16281 16282 16283 -1 16284 16285 16286 -1 16287 16288 16289 -1 16290 16291 16292 -1 16293 16294 16295 -1 16296 16297 16298 -1 16299 16300 16301 -1 16302 16303 16304 -1 16305 16306 16307 -1 16308 16309 16310 -1 16311 16312 16313 -1 16314 16315 16316 -1 16317 16318 16319 -1 16320 16321 16322 -1 16323 16324 16325 -1 16326 16327 16328 -1 16329 16330 16331 -1 16332 16333 16334 -1 16335 16336 16337 -1 16338 16339 16340 -1 16341 16342 16343 -1 16344 16345 16346 -1 16347 16348 16349 -1 16350 16351 16352 -1 16353 16354 16355 -1 16356 16357 16358 -1 16359 16360 16361 -1 16362 16363 16364 -1 16365 16366 16367 -1 16368 16369 16370 -1 16371 16372 16373 -1 16374 16375 16376 -1 16377 16378 16379 -1 16380 16381 16382 -1 16383 16384 16385 -1 16386 16387 16388 -1 16389 16390 16391 -1 16392 16393 16394 -1 16395 16396 16397 -1 16398 16399 16400 -1 16401 16402 16403 -1 16404 16405 16406 -1 16407 16408 16409 -1 16410 16411 16412 -1 16413 16414 16415 -1 16416 16417 16418 -1 16419 16420 16421 -1 16422 16423 16424 -1 16425 16426 16427 -1 16428 16429 16430 -1 16431 16432 16433 -1 16434 16435 16436 -1 16437 16438 16439 -1 16440 16441 16442 -1 16443 16444 16445 -1 16446 16447 16448 -1 16449 16450 16451 -1 16452 16453 16454 -1 16455 16456 16457 -1 16458 16459 16460 -1 16461 16462 16463 -1 16464 16465 16466 -1 16467 16468 16469 -1 16470 16471 16472 -1 16473 16474 16475 -1 16476 16477 16478 -1 16479 16480 16481 -1 16482 16483 16484 -1 16485 16486 16487 -1 16488 16489 16490 -1 16491 16492 16493 -1 16494 16495 16496 -1 16497 16498 16499 -1 16500 16501 16502 -1 16503 16504 16505 -1 16506 16507 16508 -1 16509 16510 16511 -1 16512 16513 16514 -1 16515 16516 16517 -1 16518 16519 16520 -1 16521 16522 16523 -1 16524 16525 16526 -1 16527 16528 16529 -1 16530 16531 16532 -1 16533 16534 16535 -1 16536 16537 16538 -1 16539 16540 16541 -1 16542 16543 16544 -1 16545 16546 16547 -1 16548 16549 16550 -1 16551 16552 16553 -1 16554 16555 16556 -1 16557 16558 16559 -1 16560 16561 16562 -1 16563 16564 16565 -1 16566 16567 16568 -1 16569 16570 16571 -1 16572 16573 16574 -1 16575 16576 16577 -1 16578 16579 16580 -1 16581 16582 16583 -1 16584 16585 16586 -1 16587 16588 16589 -1 16590 16591 16592 -1 16593 16594 16595 -1 16596 16597 16598 -1 16599 16600 16601 -1 16602 16603 16604 -1 16605 16606 16607 -1 16608 16609 16610 -1 16611 16612 16613 -1 16614 16615 16616 -1 16617 16618 16619 -1 16620 16621 16622 -1 16623 16624 16625 -1 16626 16627 16628 -1 16629 16630 16631 -1 16632 16633 16634 -1 16635 16636 16637 -1 16638 16639 16640 -1 16641 16642 16643 -1 16644 16645 16646 -1 16647 16648 16649 -1 16650 16651 16652 -1 16653 16654 16655 -1 16656 16657 16658 -1 16659 16660 16661 -1 16662 16663 16664 -1 16665 16666 16667 -1 16668 16669 16670 -1 16671 16672 16673 -1 16674 16675 16676 -1 16677 16678 16679 -1 16680 16681 16682 -1 16683 16684 16685 -1 16686 16687 16688 -1 16689 16690 16691 -1 16692 16693 16694 -1 16695 16696 16697 -1 16698 16699 16700 -1 16701 16702 16703 -1 16704 16705 16706 -1 16707 16708 16709 -1 16710 16711 16712 -1 16713 16714 16715 -1 16716 16717 16718 -1 16719 16720 16721 -1 16722 16723 16724 -1 16725 16726 16727 -1 16728 16729 16730 -1 16731 16732 16733 -1 16734 16735 16736 -1 16737 16738 16739 -1 16740 16741 16742 -1 16743 16744 16745 -1 16746 16747 16748 -1 16749 16750 16751 -1 16752 16753 16754 -1 16755 16756 16757 -1 16758 16759 16760 -1 16761 16762 16763 -1 16764 16765 16766 -1 16767 16768 16769 -1 16770 16771 16772 -1 16773 16774 16775 -1 16776 16777 16778 -1 16779 16780 16781 -1 16782 16783 16784 -1 16785 16786 16787 -1 16788 16789 16790 -1 16791 16792 16793 -1 16794 16795 16796 -1 16797 16798 16799 -1 16800 16801 16802 -1 16803 16804 16805 -1 16806 16807 16808 -1 16809 16810 16811 -1 16812 16813 16814 -1 16815 16816 16817 -1 16818 16819 16820 -1 16821 16822 16823 -1 16824 16825 16826 -1 16827 16828 16829 -1 16830 16831 16832 -1 16833 16834 16835 -1 16836 16837 16838 -1 16839 16840 16841 -1 16842 16843 16844 -1 16845 16846 16847 -1 16848 16849 16850 -1 16851 16852 16853 -1 16854 16855 16856 -1 16857 16858 16859 -1 16860 16861 16862 -1 16863 16864 16865 -1 16866 16867 16868 -1 16869 16870 16871 -1 16872 16873 16874 -1 16875 16876 16877 -1 16878 16879 16880 -1 16881 16882 16883 -1 16884 16885 16886 -1 16887 16888 16889 -1 16890 16891 16892 -1 16893 16894 16895 -1 16896 16897 16898 -1 16899 16900 16901 -1 16902 16903 16904 -1 16905 16906 16907 -1 16908 16909 16910 -1 16911 16912 16913 -1 16914 16915 16916 -1 16917 16918 16919 -1 16920 16921 16922 -1 16923 16924 16925 -1 16926 16927 16928 -1 16929 16930 16931 -1 16932 16933 16934 -1 16935 16936 16937 -1 16938 16939 16940 -1 16941 16942 16943 -1 16944 16945 16946 -1 16947 16948 16949 -1 16950 16951 16952 -1 16953 16954 16955 -1 16956 16957 16958 -1 16959 16960 16961 -1 16962 16963 16964 -1 16965 16966 16967 -1 16968 16969 16970 -1 16971 16972 16973 -1 16974 16975 16976 -1 16977 16978 16979 -1 16980 16981 16982 -1 16983 16984 16985 -1 16986 16987 16988 -1 16989 16990 16991 -1 16992 16993 16994 -1 16995 16996 16997 -1 16998 16999 17000 -1 17001 17002 17003 -1 17004 17005 17006 -1 17007 17008 17009 -1 17010 17011 17012 -1 17013 17014 17015 -1 17016 17017 17018 -1 17019 17020 17021 -1 17022 17023 17024 -1 17025 17026 17027 -1 17028 17029 17030 -1 17031 17032 17033 -1 17034 17035 17036 -1 17037 17038 17039 -1 17040 17041 17042 -1 17043 17044 17045 -1 17046 17047 17048 -1 17049 17050 17051 -1 17052 17053 17054 -1 17055 17056 17057 -1 17058 17059 17060 -1 17061 17062 17063 -1 17064 17065 17066 -1 17067 17068 17069 -1 17070 17071 17072 -1 17073 17074 17075 -1 17076 17077 17078 -1 17079 17080 17081 -1 17082 17083 17084 -1 17085 17086 17087 -1 17088 17089 17090 -1 17091 17092 17093 -1 17094 17095 17096 -1 17097 17098 17099 -1 17100 17101 17102 -1 17103 17104 17105 -1 17106 17107 17108 -1 17109 17110 17111 -1 17112 17113 17114 -1 17115 17116 17117 -1 17118 17119 17120 -1 17121 17122 17123 -1 17124 17125 17126 -1 17127 17128 17129 -1 17130 17131 17132 -1 17133 17134 17135 -1 17136 17137 17138 -1 17139 17140 17141 -1 17142 17143 17144 -1 17145 17146 17147 -1 17148 17149 17150 -1 17151 17152 17153 -1 17154 17155 17156 -1 17157 17158 17159 -1 17160 17161 17162 -1 17163 17164 17165 -1 17166 17167 17168 -1 17169 17170 17171 -1 17172 17173 17174 -1 17175 17176 17177 -1 17178 17179 17180 -1 17181 17182 17183 -1 17184 17185 17186 -1 17187 17188 17189 -1 17190 17191 17192 -1 17193 17194 17195 -1 17196 17197 17198 -1 17199 17200 17201 -1 17202 17203 17204 -1 17205 17206 17207 -1 17208 17209 17210 -1 17211 17212 17213 -1 17214 17215 17216 -1 17217 17218 17219 -1 17220 17221 17222 -1 17223 17224 17225 -1 17226 17227 17228 -1 17229 17230 17231 -1 17232 17233 17234 -1 17235 17236 17237 -1 17238 17239 17240 -1 17241 17242 17243 -1 17244 17245 17246 -1 17247 17248 17249 -1 17250 17251 17252 -1 17253 17254 17255 -1 17256 17257 17258 -1 17259 17260 17261 -1 17262 17263 17264 -1 17265 17266 17267 -1 17268 17269 17270 -1 17271 17272 17273 -1 17274 17275 17276 -1 17277 17278 17279 -1 17280 17281 17282 -1 17283 17284 17285 -1 17286 17287 17288 -1 17289 17290 17291 -1 17292 17293 17294 -1 17295 17296 17297 -1 17298 17299 17300 -1 17301 17302 17303 -1 17304 17305 17306 -1 17307 17308 17309 -1 17310 17311 17312 -1 17313 17314 17315 -1 17316 17317 17318 -1 17319 17320 17321 -1 17322 17323 17324 -1 17325 17326 17327 -1 17328 17329 17330 -1 17331 17332 17333 -1 17334 17335 17336 -1 17337 17338 17339 -1 17340 17341 17342 -1 17343 17344 17345 -1 17346 17347 17348 -1 17349 17350 17351 -1 17352 17353 17354 -1 17355 17356 17357 -1 17358 17359 17360 -1 17361 17362 17363 -1 17364 17365 17366 -1 17367 17368 17369 -1 17370 17371 17372 -1 17373 17374 17375 -1 17376 17377 17378 -1 17379 17380 17381 -1 17382 17383 17384 -1 17385 17386 17387 -1 17388 17389 17390 -1 17391 17392 17393 -1 17394 17395 17396 -1 17397 17398 17399 -1 17400 17401 17402 -1 17403 17404 17405 -1 17406 17407 17408 -1 17409 17410 17411 -1 17412 17413 17414 -1 17415 17416 17417 -1 17418 17419 17420 -1 17421 17422 17423 -1 17424 17425 17426 -1 17427 17428 17429 -1 17430 17431 17432 -1 17433 17434 17435 -1 17436 17437 17438 -1 17439 17440 17441 -1 17442 17443 17444 -1 17445 17446 17447 -1 17448 17449 17450 -1 17451 17452 17453 -1 17454 17455 17456 -1 17457 17458 17459 -1 17460 17461 17462 -1 17463 17464 17465 -1 17466 17467 17468 -1 17469 17470 17471 -1 17472 17473 17474 -1 17475 17476 17477 -1 17478 17479 17480 -1 17481 17482 17483 -1 17484 17485 17486 -1 17487 17488 17489 -1 17490 17491 17492 -1 17493 17494 17495 -1 17496 17497 17498 -1 17499 17500 17501 -1 17502 17503 17504 -1 17505 17506 17507 -1 17508 17509 17510 -1 17511 17512 17513 -1 17514 17515 17516 -1 17517 17518 17519 -1 17520 17521 17522 -1 17523 17524 17525 -1 17526 17527 17528 -1 17529 17530 17531 -1 17532 17533 17534 -1 17535 17536 17537 -1 17538 17539 17540 -1 17541 17542 17543 -1 17544 17545 17546 -1 17547 17548 17549 -1 17550 17551 17552 -1 17553 17554 17555 -1 17556 17557 17558 -1 17559 17560 17561 -1 17562 17563 17564 -1 17565 17566 17567 -1 17568 17569 17570 -1 17571 17572 17573 -1 17574 17575 17576 -1 17577 17578 17579 -1 17580 17581 17582 -1 17583 17584 17585 -1 17586 17587 17588 -1 17589 17590 17591 -1 17592 17593 17594 -1 17595 17596 17597 -1 17598 17599 17600 -1 17601 17602 17603 -1 17604 17605 17606 -1 17607 17608 17609 -1 17610 17611 17612 -1 17613 17614 17615 -1 17616 17617 17618 -1 17619 17620 17621 -1 17622 17623 17624 -1 17625 17626 17627 -1 17628 17629 17630 -1 17631 17632 17633 -1 17634 17635 17636 -1 17637 17638 17639 -1 17640 17641 17642 -1 17643 17644 17645 -1 17646 17647 17648 -1 17649 17650 17651 -1 17652 17653 17654 -1 17655 17656 17657 -1 17658 17659 17660 -1 17661 17662 17663 -1 17664 17665 17666 -1 17667 17668 17669 -1 17670 17671 17672 -1 17673 17674 17675 -1 17676 17677 17678 -1 17679 17680 17681 -1 17682 17683 17684 -1 17685 17686 17687 -1 17688 17689 17690 -1 17691 17692 17693 -1 17694 17695 17696 -1 17697 17698 17699 -1 17700 17701 17702 -1 17703 17704 17705 -1 17706 17707 17708 -1 17709 17710 17711 -1 17712 17713 17714 -1 17715 17716 17717 -1 17718 17719 17720 -1 17721 17722 17723 -1 17724 17725 17726 -1 17727 17728 17729 -1 17730 17731 17732 -1 17733 17734 17735 -1 17736 17737 17738 -1 17739 17740 17741 -1 17742 17743 17744 -1 17745 17746 17747 -1 17748 17749 17750 -1 17751 17752 17753 -1 17754 17755 17756 -1 17757 17758 17759 -1 17760 17761 17762 -1 17763 17764 17765 -1 17766 17767 17768 -1 17769 17770 17771 -1 17772 17773 17774 -1 17775 17776 17777 -1 17778 17779 17780 -1 17781 17782 17783 -1 17784 17785 17786 -1 17787 17788 17789 -1 17790 17791 17792 -1 17793 17794 17795 -1 17796 17797 17798 -1 17799 17800 17801 -1 17802 17803 17804 -1 17805 17806 17807 -1 17808 17809 17810 -1 17811 17812 17813 -1 17814 17815 17816 -1 17817 17818 17819 -1 17820 17821 17822 -1 17823 17824 17825 -1 17826 17827 17828 -1 17829 17830 17831 -1 17832 17833 17834 -1 17835 17836 17837 -1 17838 17839 17840 -1 17841 17842 17843 -1 17844 17845 17846 -1 17847 17848 17849 -1 17850 17851 17852 -1 17853 17854 17855 -1 17856 17857 17858 -1 17859 17860 17861 -1 17862 17863 17864 -1 17865 17866 17867 -1 17868 17869 17870 -1 17871 17872 17873 -1 17874 17875 17876 -1 17877 17878 17879 -1 17880 17881 17882 -1 17883 17884 17885 -1 17886 17887 17888 -1 17889 17890 17891 -1 17892 17893 17894 -1 17895 17896 17897 -1 17898 17899 17900 -1 17901 17902 17903 -1 17904 17905 17906 -1 17907 17908 17909 -1 17910 17911 17912 -1 17913 17914 17915 -1 17916 17917 17918 -1 17919 17920 17921 -1 17922 17923 17924 -1 17925 17926 17927 -1 17928 17929 17930 -1 17931 17932 17933 -1 17934 17935 17936 -1 17937 17938 17939 -1 17940 17941 17942 -1 17943 17944 17945 -1 17946 17947 17948 -1 17949 17950 17951 -1 17952 17953 17954 -1 17955 17956 17957 -1 17958 17959 17960 -1 17961 17962 17963 -1 17964 17965 17966 -1 17967 17968 17969 -1 17970 17971 17972 -1 17973 17974 17975 -1 17976 17977 17978 -1 17979 17980 17981 -1 17982 17983 17984 -1 17985 17986 17987 -1 17988 17989 17990 -1 17991 17992 17993 -1 17994 17995 17996 -1 17997 17998 17999 -1 18000 18001 18002 -1 18003 18004 18005 -1 18006 18007 18008 -1 18009 18010 18011 -1 18012 18013 18014 -1 18015 18016 18017 -1 18018 18019 18020 -1 18021 18022 18023 -1 18024 18025 18026 -1 18027 18028 18029 -1 18030 18031 18032 -1 18033 18034 18035 -1 18036 18037 18038 -1 18039 18040 18041 -1 18042 18043 18044 -1 18045 18046 18047 -1 18048 18049 18050 -1 18051 18052 18053 -1 18054 18055 18056 -1 18057 18058 18059 -1 18060 18061 18062 -1 18063 18064 18065 -1 18066 18067 18068 -1 18069 18070 18071 -1 18072 18073 18074 -1 18075 18076 18077 -1 18078 18079 18080 -1 18081 18082 18083 -1 18084 18085 18086 -1 18087 18088 18089 -1 18090 18091 18092 -1 18093 18094 18095 -1 18096 18097 18098 -1 18099 18100 18101 -1 18102 18103 18104 -1 18105 18106 18107 -1 18108 18109 18110 -1 18111 18112 18113 -1 18114 18115 18116 -1 18117 18118 18119 -1 18120 18121 18122 -1 18123 18124 18125 -1 18126 18127 18128 -1 18129 18130 18131 -1 18132 18133 18134 -1 18135 18136 18137 -1 18138 18139 18140 -1 18141 18142 18143 -1 18144 18145 18146 -1 18147 18148 18149 -1 18150 18151 18152 -1 18153 18154 18155 -1 18156 18157 18158 -1 18159 18160 18161 -1 18162 18163 18164 -1 18165 18166 18167 -1 18168 18169 18170 -1 18171 18172 18173 -1 18174 18175 18176 -1 18177 18178 18179 -1 18180 18181 18182 -1 18183 18184 18185 -1 18186 18187 18188 -1 18189 18190 18191 -1 18192 18193 18194 -1 18195 18196 18197 -1 18198 18199 18200 -1 18201 18202 18203 -1 18204 18205 18206 -1 18207 18208 18209 -1 18210 18211 18212 -1 18213 18214 18215 -1 18216 18217 18218 -1 18219 18220 18221 -1 18222 18223 18224 -1 18225 18226 18227 -1 18228 18229 18230 -1 18231 18232 18233 -1 18234 18235 18236 -1 18237 18238 18239 -1 18240 18241 18242 -1 18243 18244 18245 -1 18246 18247 18248 -1 18249 18250 18251 -1 18252 18253 18254 -1 18255 18256 18257 -1 18258 18259 18260 -1 18261 18262 18263 -1 18264 18265 18266 -1 18267 18268 18269 -1 18270 18271 18272 -1 18273 18274 18275 -1 18276 18277 18278 -1 18279 18280 18281 -1 18282 18283 18284 -1 18285 18286 18287 -1 18288 18289 18290 -1 18291 18292 18293 -1 18294 18295 18296 -1 18297 18298 18299 -1 18300 18301 18302 -1 18303 18304 18305 -1 18306 18307 18308 -1 18309 18310 18311 -1 18312 18313 18314 -1 18315 18316 18317 -1 18318 18319 18320 -1 18321 18322 18323 -1 18324 18325 18326 -1 18327 18328 18329 -1 18330 18331 18332 -1 18333 18334 18335 -1 18336 18337 18338 -1 18339 18340 18341 -1 18342 18343 18344 -1 18345 18346 18347 -1 18348 18349 18350 -1 18351 18352 18353 -1 18354 18355 18356 -1 18357 18358 18359 -1 18360 18361 18362 -1 18363 18364 18365 -1 18366 18367 18368 -1 18369 18370 18371 -1 18372 18373 18374 -1 18375 18376 18377 -1 18378 18379 18380 -1 18381 18382 18383 -1 18384 18385 18386 -1 18387 18388 18389 -1 18390 18391 18392 -1 18393 18394 18395 -1 18396 18397 18398 -1 18399 18400 18401 -1 18402 18403 18404 -1 18405 18406 18407 -1 18408 18409 18410 -1 18411 18412 18413 -1 18414 18415 18416 -1 18417 18418 18419 -1 18420 18421 18422 -1 18423 18424 18425 -1 18426 18427 18428 -1 18429 18430 18431 -1 18432 18433 18434 -1 18435 18436 18437 -1 18438 18439 18440 -1 18441 18442 18443 -1 18444 18445 18446 -1 18447 18448 18449 -1 18450 18451 18452 -1 18453 18454 18455 -1 18456 18457 18458 -1 18459 18460 18461 -1 18462 18463 18464 -1 18465 18466 18467 -1 18468 18469 18470 -1 18471 18472 18473 -1 18474 18475 18476 -1 18477 18478 18479 -1 18480 18481 18482 -1 18483 18484 18485 -1 18486 18487 18488 -1 18489 18490 18491 -1 18492 18493 18494 -1 18495 18496 18497 -1 18498 18499 18500 -1 18501 18502 18503 -1 18504 18505 18506 -1 18507 18508 18509 -1 18510 18511 18512 -1 18513 18514 18515 -1 18516 18517 18518 -1 18519 18520 18521 -1 18522 18523 18524 -1 18525 18526 18527 -1 18528 18529 18530 -1 18531 18532 18533 -1 18534 18535 18536 -1 18537 18538 18539 -1 18540 18541 18542 -1 18543 18544 18545 -1 18546 18547 18548 -1 18549 18550 18551 -1 18552 18553 18554 -1 18555 18556 18557 -1 18558 18559 18560 -1 18561 18562 18563 -1 18564 18565 18566 -1 18567 18568 18569 -1 18570 18571 18572 -1 18573 18574 18575 -1 18576 18577 18578 -1 18579 18580 18581 -1 18582 18583 18584 -1 18585 18586 18587 -1 18588 18589 18590 -1 18591 18592 18593 -1 18594 18595 18596 -1 18597 18598 18599 -1 18600 18601 18602 -1 18603 18604 18605 -1 18606 18607 18608 -1 18609 18610 18611 -1 18612 18613 18614 -1 18615 18616 18617 -1 18618 18619 18620 -1 18621 18622 18623 -1 18624 18625 18626 -1 18627 18628 18629 -1 18630 18631 18632 -1 18633 18634 18635 -1 18636 18637 18638 -1 18639 18640 18641 -1 18642 18643 18644 -1 18645 18646 18647 -1 18648 18649 18650 -1 18651 18652 18653 -1 18654 18655 18656 -1 18657 18658 18659 -1 18660 18661 18662 -1 18663 18664 18665 -1 18666 18667 18668 -1 18669 18670 18671 -1 18672 18673 18674 -1 18675 18676 18677 -1 18678 18679 18680 -1 18681 18682 18683 -1 18684 18685 18686 -1 18687 18688 18689 -1 18690 18691 18692 -1 18693 18694 18695 -1 18696 18697 18698 -1 18699 18700 18701 -1 18702 18703 18704 -1 18705 18706 18707 -1 18708 18709 18710 -1 18711 18712 18713 -1 18714 18715 18716 -1 18717 18718 18719 -1 18720 18721 18722 -1 18723 18724 18725 -1 18726 18727 18728 -1 18729 18730 18731 -1 18732 18733 18734 -1 18735 18736 18737 -1 18738 18739 18740 -1 18741 18742 18743 -1 18744 18745 18746 -1 18747 18748 18749 -1 18750 18751 18752 -1 18753 18754 18755 -1 18756 18757 18758 -1 18759 18760 18761 -1 18762 18763 18764 -1 18765 18766 18767 -1 18768 18769 18770 -1 18771 18772 18773 -1 18774 18775 18776 -1 18777 18778 18779 -1 18780 18781 18782 -1 18783 18784 18785 -1 18786 18787 18788 -1 18789 18790 18791 -1 18792 18793 18794 -1 18795 18796 18797 -1 18798 18799 18800 -1 18801 18802 18803 -1 18804 18805 18806 -1 18807 18808 18809 -1 18810 18811 18812 -1 18813 18814 18815 -1 18816 18817 18818 -1 18819 18820 18821 -1 18822 18823 18824 -1 18825 18826 18827 -1 18828 18829 18830 -1 18831 18832 18833 -1 18834 18835 18836 -1 18837 18838 18839 -1 18840 18841 18842 -1 18843 18844 18845 -1 18846 18847 18848 -1 18849 18850 18851 -1 18852 18853 18854 -1 18855 18856 18857 -1 18858 18859 18860 -1 18861 18862 18863 -1 18864 18865 18866 -1 18867 18868 18869 -1 18870 18871 18872 -1 18873 18874 18875 -1 18876 18877 18878 -1 18879 18880 18881 -1 18882 18883 18884 -1 18885 18886 18887 -1 18888 18889 18890 -1 18891 18892 18893 -1 18894 18895 18896 -1 18897 18898 18899 -1 18900 18901 18902 -1 18903 18904 18905 -1 18906 18907 18908 -1 18909 18910 18911 -1 18912 18913 18914 -1 18915 18916 18917 -1 18918 18919 18920 -1 18921 18922 18923 -1 18924 18925 18926 -1 18927 18928 18929 -1 18930 18931 18932 -1 18933 18934 18935 -1 18936 18937 18938 -1 18939 18940 18941 -1 18942 18943 18944 -1 18945 18946 18947 -1 18948 18949 18950 -1 18951 18952 18953 -1 18954 18955 18956 -1 18957 18958 18959 -1 18960 18961 18962 -1 18963 18964 18965 -1 18966 18967 18968 -1 18969 18970 18971 -1 18972 18973 18974 -1 18975 18976 18977 -1 18978 18979 18980 -1 18981 18982 18983 -1 18984 18985 18986 -1 18987 18988 18989 -1 18990 18991 18992 -1 18993 18994 18995 -1 18996 18997 18998 -1 18999 19000 19001 -1 19002 19003 19004 -1 19005 19006 19007 -1 19008 19009 19010 -1 19011 19012 19013 -1 19014 19015 19016 -1 19017 19018 19019 -1 19020 19021 19022 -1 19023 19024 19025 -1 19026 19027 19028 -1 19029 19030 19031 -1 19032 19033 19034 -1 19035 19036 19037 -1 19038 19039 19040 -1 19041 19042 19043 -1 19044 19045 19046 -1 19047 19048 19049 -1 19050 19051 19052 -1 19053 19054 19055 -1 19056 19057 19058 -1 19059 19060 19061 -1 19062 19063 19064 -1 19065 19066 19067 -1 19068 19069 19070 -1 19071 19072 19073 -1 19074 19075 19076 -1 19077 19078 19079 -1 19080 19081 19082 -1 19083 19084 19085 -1 19086 19087 19088 -1 19089 19090 19091 -1 19092 19093 19094 -1 19095 19096 19097 -1 19098 19099 19100 -1 19101 19102 19103 -1 19104 19105 19106 -1 19107 19108 19109 -1 19110 19111 19112 -1 19113 19114 19115 -1 19116 19117 19118 -1 19119 19120 19121 -1 19122 19123 19124 -1 19125 19126 19127 -1 19128 19129 19130 -1 19131 19132 19133 -1 19134 19135 19136 -1 19137 19138 19139 -1 19140 19141 19142 -1 19143 19144 19145 -1 19146 19147 19148 -1 19149 19150 19151 -1 19152 19153 19154 -1 19155 19156 19157 -1 19158 19159 19160 -1 19161 19162 19163 -1 19164 19165 19166 -1 19167 19168 19169 -1 19170 19171 19172 -1 19173 19174 19175 -1 19176 19177 19178 -1 19179 19180 19181 -1 19182 19183 19184 -1 19185 19186 19187 -1 19188 19189 19190 -1 19191 19192 19193 -1 19194 19195 19196 -1 19197 19198 19199 -1 19200 19201 19202 -1 19203 19204 19205 -1 19206 19207 19208 -1 19209 19210 19211 -1 19212 19213 19214 -1 19215 19216 19217 -1 19218 19219 19220 -1 19221 19222 19223 -1 19224 19225 19226 -1 19227 19228 19229 -1 19230 19231 19232 -1 19233 19234 19235 -1 19236 19237 19238 -1 19239 19240 19241 -1 19242 19243 19244 -1 19245 19246 19247 -1 19248 19249 19250 -1 19251 19252 19253 -1 19254 19255 19256 -1 19257 19258 19259 -1 19260 19261 19262 -1 19263 19264 19265 -1 19266 19267 19268 -1 19269 19270 19271 -1 19272 19273 19274 -1 19275 19276 19277 -1 19278 19279 19280 -1 19281 19282 19283 -1 19284 19285 19286 -1 19287 19288 19289 -1 19290 19291 19292 -1 19293 19294 19295 -1 19296 19297 19298 -1 19299 19300 19301 -1 19302 19303 19304 -1 19305 19306 19307 -1 19308 19309 19310 -1 19311 19312 19313 -1 19314 19315 19316 -1 19317 19318 19319 -1 19320 19321 19322 -1 19323 19324 19325 -1 19326 19327 19328 -1 19329 19330 19331 -1 19332 19333 19334 -1 19335 19336 19337 -1 19338 19339 19340 -1 19341 19342 19343 -1 19344 19345 19346 -1 19347 19348 19349 -1 19350 19351 19352 -1 19353 19354 19355 -1 19356 19357 19358 -1 19359 19360 19361 -1 19362 19363 19364 -1 19365 19366 19367 -1 19368 19369 19370 -1 19371 19372 19373 -1 19374 19375 19376 -1 19377 19378 19379 -1 19380 19381 19382 -1 19383 19384 19385 -1 19386 19387 19388 -1 19389 19390 19391 -1 19392 19393 19394 -1 19395 19396 19397 -1 19398 19399 19400 -1 19401 19402 19403 -1 19404 19405 19406 -1 19407 19408 19409 -1 19410 19411 19412 -1 19413 19414 19415 -1 19416 19417 19418 -1 19419 19420 19421 -1 19422 19423 19424 -1 19425 19426 19427 -1 19428 19429 19430 -1 19431 19432 19433 -1 19434 19435 19436 -1 19437 19438 19439 -1 19440 19441 19442 -1 19443 19444 19445 -1 19446 19447 19448 -1 19449 19450 19451 -1 19452 19453 19454 -1 19455 19456 19457 -1 19458 19459 19460 -1 19461 19462 19463 -1 19464 19465 19466 -1 19467 19468 19469 -1 19470 19471 19472 -1 19473 19474 19475 -1 19476 19477 19478 -1 19479 19480 19481 -1 19482 19483 19484 -1 19485 19486 19487 -1 19488 19489 19490 -1 19491 19492 19493 -1 19494 19495 19496 -1 19497 19498 19499 -1 19500 19501 19502 -1 19503 19504 19505 -1 19506 19507 19508 -1 19509 19510 19511 -1 19512 19513 19514 -1 19515 19516 19517 -1 19518 19519 19520 -1 19521 19522 19523 -1 19524 19525 19526 -1 19527 19528 19529 -1 19530 19531 19532 -1 19533 19534 19535 -1 19536 19537 19538 -1 19539 19540 19541 -1 19542 19543 19544 -1 19545 19546 19547 -1 19548 19549 19550 -1 19551 19552 19553 -1 19554 19555 19556 -1 19557 19558 19559 -1 19560 19561 19562 -1 19563 19564 19565 -1 19566 19567 19568 -1 19569 19570 19571 -1 19572 19573 19574 -1 19575 19576 19577 -1 19578 19579 19580 -1 19581 19582 19583 -1 19584 19585 19586 -1 19587 19588 19589 -1 19590 19591 19592 -1 19593 19594 19595 -1 19596 19597 19598 -1 19599 19600 19601 -1 19602 19603 19604 -1 19605 19606 19607 -1 19608 19609 19610 -1 19611 19612 19613 -1 19614 19615 19616 -1 19617 19618 19619 -1 19620 19621 19622 -1 19623 19624 19625 -1 19626 19627 19628 -1 19629 19630 19631 -1 19632 19633 19634 -1 19635 19636 19637 -1 19638 19639 19640 -1 19641 19642 19643 -1 19644 19645 19646 -1 19647 19648 19649 -1 19650 19651 19652 -1 19653 19654 19655 -1 19656 19657 19658 -1 19659 19660 19661 -1 19662 19663 19664 -1 19665 19666 19667 -1 19668 19669 19670 -1 19671 19672 19673 -1 19674 19675 19676 -1 19677 19678 19679 -1 19680 19681 19682 -1 19683 19684 19685 -1 19686 19687 19688 -1 19689 19690 19691 -1 19692 19693 19694 -1 19695 19696 19697 -1 19698 19699 19700 -1 19701 19702 19703 -1 19704 19705 19706 -1 19707 19708 19709 -1 19710 19711 19712 -1 19713 19714 19715 -1 19716 19717 19718 -1 19719 19720 19721 -1 19722 19723 19724 -1 19725 19726 19727 -1 19728 19729 19730 -1 19731 19732 19733 -1 19734 19735 19736 -1 19737 19738 19739 -1 19740 19741 19742 -1 19743 19744 19745 -1 19746 19747 19748 -1 19749 19750 19751 -1 19752 19753 19754 -1 19755 19756 19757 -1 19758 19759 19760 -1 19761 19762 19763 -1 19764 19765 19766 -1 19767 19768 19769 -1 19770 19771 19772 -1 19773 19774 19775 -1 19776 19777 19778 -1 19779 19780 19781 -1 19782 19783 19784 -1 19785 19786 19787 -1 19788 19789 19790 -1 19791 19792 19793 -1 19794 19795 19796 -1 19797 19798 19799 -1 19800 19801 19802 -1 19803 19804 19805 -1 19806 19807 19808 -1 19809 19810 19811 -1 19812 19813 19814 -1 19815 19816 19817 -1 19818 19819 19820 -1 19821 19822 19823 -1 19824 19825 19826 -1 19827 19828 19829 -1 19830 19831 19832 -1 19833 19834 19835 -1 19836 19837 19838 -1 19839 19840 19841 -1 19842 19843 19844 -1 19845 19846 19847 -1 19848 19849 19850 -1 19851 19852 19853 -1 19854 19855 19856 -1 19857 19858 19859 -1 19860 19861 19862 -1 19863 19864 19865 -1 19866 19867 19868 -1 19869 19870 19871 -1 19872 19873 19874 -1 19875 19876 19877 -1 19878 19879 19880 -1 19881 19882 19883 -1 19884 19885 19886 -1 19887 19888 19889 -1 19890 19891 19892 -1 19893 19894 19895 -1 19896 19897 19898 -1 19899 19900 19901 -1 19902 19903 19904 -1 19905 19906 19907 -1 19908 19909 19910 -1 19911 19912 19913 -1 19914 19915 19916 -1 19917 19918 19919 -1 19920 19921 19922 -1 19923 19924 19925 -1 19926 19927 19928 -1 19929 19930 19931 -1 19932 19933 19934 -1 19935 19936 19937 -1 19938 19939 19940 -1 19941 19942 19943 -1 19944 19945 19946 -1 19947 19948 19949 -1 19950 19951 19952 -1 19953 19954 19955 -1 19956 19957 19958 -1 19959 19960 19961 -1 19962 19963 19964 -1 19965 19966 19967 -1 19968 19969 19970 -1 19971 19972 19973 -1 19974 19975 19976 -1 19977 19978 19979 -1 19980 19981 19982 -1 19983 19984 19985 -1 19986 19987 19988 -1 19989 19990 19991 -1 19992 19993 19994 -1 19995 19996 19997 -1 19998 19999 20000 -1 20001 20002 20003 -1 20004 20005 20006 -1 20007 20008 20009 -1 20010 20011 20012 -1 20013 20014 20015 -1 20016 20017 20018 -1 20019 20020 20021 -1 20022 20023 20024 -1 20025 20026 20027 -1 20028 20029 20030 -1 20031 20032 20033 -1 20034 20035 20036 -1 20037 20038 20039 -1 20040 20041 20042 -1 20043 20044 20045 -1 20046 20047 20048 -1 20049 20050 20051 -1 20052 20053 20054 -1 20055 20056 20057 -1 20058 20059 20060 -1 20061 20062 20063 -1 20064 20065 20066 -1 20067 20068 20069 -1 20070 20071 20072 -1 20073 20074 20075 -1 20076 20077 20078 -1 20079 20080 20081 -1 20082 20083 20084 -1 20085 20086 20087 -1 20088 20089 20090 -1 20091 20092 20093 -1 20094 20095 20096 -1 20097 20098 20099 -1 20100 20101 20102 -1 20103 20104 20105 -1 20106 20107 20108 -1 20109 20110 20111 -1 20112 20113 20114 -1 20115 20116 20117 -1 20118 20119 20120 -1 20121 20122 20123 -1 20124 20125 20126 -1 20127 20128 20129 -1 20130 20131 20132 -1 20133 20134 20135 -1 20136 20137 20138 -1 20139 20140 20141 -1 20142 20143 20144 -1 20145 20146 20147 -1 20148 20149 20150 -1 20151 20152 20153 -1 20154 20155 20156 -1 20157 20158 20159 -1 20160 20161 20162 -1 20163 20164 20165 -1 20166 20167 20168 -1 20169 20170 20171 -1 20172 20173 20174 -1 20175 20176 20177 -1 20178 20179 20180 -1 20181 20182 20183 -1 20184 20185 20186 -1 20187 20188 20189 -1 20190 20191 20192 -1 20193 20194 20195 -1 20196 20197 20198 -1 20199 20200 20201 -1 20202 20203 20204 -1 20205 20206 20207 -1 20208 20209 20210 -1 20211 20212 20213 -1 20214 20215 20216 -1 20217 20218 20219 -1 20220 20221 20222 -1 20223 20224 20225 -1 20226 20227 20228 -1 20229 20230 20231 -1 20232 20233 20234 -1 20235 20236 20237 -1 20238 20239 20240 -1 20241 20242 20243 -1 20244 20245 20246 -1 20247 20248 20249 -1 20250 20251 20252 -1 20253 20254 20255 -1 20256 20257 20258 -1 20259 20260 20261 -1 20262 20263 20264 -1 20265 20266 20267 -1 20268 20269 20270 -1 20271 20272 20273 -1 20274 20275 20276 -1 20277 20278 20279 -1 20280 20281 20282 -1 20283 20284 20285 -1 20286 20287 20288 -1 20289 20290 20291 -1 20292 20293 20294 -1 20295 20296 20297 -1 20298 20299 20300 -1 20301 20302 20303 -1 20304 20305 20306 -1 20307 20308 20309 -1 20310 20311 20312 -1 20313 20314 20315 -1 20316 20317 20318 -1 20319 20320 20321 -1 20322 20323 20324 -1 20325 20326 20327 -1 20328 20329 20330 -1 20331 20332 20333 -1 20334 20335 20336 -1 20337 20338 20339 -1 20340 20341 20342 -1 20343 20344 20345 -1 20346 20347 20348 -1 20349 20350 20351 -1 20352 20353 20354 -1 20355 20356 20357 -1 20358 20359 20360 -1 20361 20362 20363 -1 20364 20365 20366 -1 20367 20368 20369 -1 20370 20371 20372 -1 20373 20374 20375 -1 20376 20377 20378 -1 20379 20380 20381 -1 20382 20383 20384 -1 20385 20386 20387 -1 20388 20389 20390 -1 20391 20392 20393 -1 20394 20395 20396 -1 20397 20398 20399 -1 20400 20401 20402 -1 20403 20404 20405 -1 20406 20407 20408 -1 20409 20410 20411 -1 20412 20413 20414 -1 20415 20416 20417 -1 20418 20419 20420 -1 20421 20422 20423 -1 20424 20425 20426 -1 20427 20428 20429 -1 20430 20431 20432 -1 20433 20434 20435 -1 20436 20437 20438 -1 20439 20440 20441 -1 20442 20443 20444 -1 20445 20446 20447 -1 20448 20449 20450 -1 20451 20452 20453 -1 20454 20455 20456 -1 20457 20458 20459 -1 20460 20461 20462 -1 20463 20464 20465 -1 20466 20467 20468 -1 20469 20470 20471 -1 20472 20473 20474 -1 20475 20476 20477 -1 20478 20479 20480 -1 20481 20482 20483 -1 20484 20485 20486 -1 20487 20488 20489 -1 20490 20491 20492 -1 20493 20494 20495 -1 20496 20497 20498 -1 20499 20500 20501 -1 20502 20503 20504 -1 20505 20506 20507 -1 20508 20509 20510 -1 20511 20512 20513 -1 20514 20515 20516 -1 20517 20518 20519 -1 20520 20521 20522 -1 20523 20524 20525 -1 20526 20527 20528 -1 20529 20530 20531 -1 20532 20533 20534 -1 20535 20536 20537 -1 20538 20539 20540 -1 20541 20542 20543 -1 20544 20545 20546 -1 20547 20548 20549 -1 20550 20551 20552 -1 20553 20554 20555 -1 20556 20557 20558 -1 20559 20560 20561 -1 20562 20563 20564 -1 20565 20566 20567 -1 20568 20569 20570 -1 20571 20572 20573 -1 20574 20575 20576 -1 20577 20578 20579 -1 20580 20581 20582 -1 20583 20584 20585 -1 20586 20587 20588 -1 20589 20590 20591 -1 20592 20593 20594 -1 20595 20596 20597 -1 20598 20599 20600 -1 20601 20602 20603 -1 20604 20605 20606 -1 20607 20608 20609 -1 20610 20611 20612 -1 20613 20614 20615 -1 20616 20617 20618 -1 20619 20620 20621 -1 20622 20623 20624 -1 20625 20626 20627 -1 20628 20629 20630 -1 20631 20632 20633 -1 20634 20635 20636 -1 20637 20638 20639 -1 20640 20641 20642 -1 20643 20644 20645 -1 20646 20647 20648 -1 20649 20650 20651 -1 20652 20653 20654 -1 20655 20656 20657 -1 20658 20659 20660 -1 20661 20662 20663 -1 20664 20665 20666 -1 20667 20668 20669 -1 20670 20671 20672 -1 20673 20674 20675 -1 20676 20677 20678 -1 20679 20680 20681 -1 20682 20683 20684 -1 20685 20686 20687 -1 20688 20689 20690 -1 20691 20692 20693 -1 20694 20695 20696 -1 20697 20698 20699 -1 20700 20701 20702 -1 20703 20704 20705 -1 20706 20707 20708 -1 20709 20710 20711 -1 20712 20713 20714 -1 20715 20716 20717 -1 20718 20719 20720 -1 20721 20722 20723 -1 20724 20725 20726 -1 20727 20728 20729 -1 20730 20731 20732 -1 20733 20734 20735 -1 20736 20737 20738 -1 20739 20740 20741 -1 20742 20743 20744 -1 20745 20746 20747 -1 20748 20749 20750 -1 20751 20752 20753 -1 20754 20755 20756 -1 20757 20758 20759 -1 20760 20761 20762 -1 20763 20764 20765 -1 20766 20767 20768 -1 20769 20770 20771 -1 20772 20773 20774 -1 20775 20776 20777 -1 20778 20779 20780 -1 20781 20782 20783 -1 20784 20785 20786 -1 20787 20788 20789 -1 20790 20791 20792 -1 20793 20794 20795 -1 20796 20797 20798 -1 20799 20800 20801 -1 20802 20803 20804 -1 20805 20806 20807 -1 20808 20809 20810 -1 20811 20812 20813 -1 20814 20815 20816 -1 20817 20818 20819 -1 20820 20821 20822 -1 20823 20824 20825 -1 20826 20827 20828 -1 20829 20830 20831 -1 20832 20833 20834 -1 20835 20836 20837 -1 20838 20839 20840 -1 20841 20842 20843 -1 20844 20845 20846 -1 20847 20848 20849 -1 20850 20851 20852 -1 20853 20854 20855 -1 20856 20857 20858 -1 20859 20860 20861 -1 20862 20863 20864 -1 20865 20866 20867 -1 20868 20869 20870 -1 20871 20872 20873 -1 20874 20875 20876 -1 20877 20878 20879 -1 20880 20881 20882 -1 20883 20884 20885 -1 20886 20887 20888 -1 20889 20890 20891 -1 20892 20893 20894 -1 20895 20896 20897 -1 20898 20899 20900 -1 20901 20902 20903 -1 20904 20905 20906 -1 20907 20908 20909 -1 20910 20911 20912 -1 20913 20914 20915 -1 20916 20917 20918 -1 20919 20920 20921 -1 20922 20923 20924 -1 20925 20926 20927 -1 20928 20929 20930 -1 20931 20932 20933 -1 20934 20935 20936 -1 20937 20938 20939 -1 20940 20941 20942 -1 20943 20944 20945 -1 20946 20947 20948 -1 20949 20950 20951 -1 20952 20953 20954 -1 20955 20956 20957 -1 20958 20959 20960 -1 20961 20962 20963 -1 20964 20965 20966 -1 20967 20968 20969 -1 20970 20971 20972 -1 20973 20974 20975 -1 20976 20977 20978 -1 20979 20980 20981 -1 20982 20983 20984 -1 20985 20986 20987 -1 20988 20989 20990 -1 20991 20992 20993 -1 20994 20995 20996 -1 20997 20998 20999 -1 21000 21001 21002 -1 21003 21004 21005 -1 21006 21007 21008 -1 21009 21010 21011 -1 21012 21013 21014 -1 21015 21016 21017 -1 21018 21019 21020 -1 21021 21022 21023 -1 21024 21025 21026 -1 21027 21028 21029 -1 21030 21031 21032 -1 21033 21034 21035 -1 21036 21037 21038 -1 21039 21040 21041 -1 21042 21043 21044 -1 21045 21046 21047 -1 21048 21049 21050 -1 21051 21052 21053 -1 21054 21055 21056 -1 21057 21058 21059 -1 21060 21061 21062 -1 21063 21064 21065 -1 21066 21067 21068 -1 21069 21070 21071 -1 21072 21073 21074 -1 21075 21076 21077 -1 21078 21079 21080 -1 21081 21082 21083 -1 21084 21085 21086 -1 21087 21088 21089 -1 21090 21091 21092 -1 21093 21094 21095 -1 21096 21097 21098 -1 21099 21100 21101 -1 21102 21103 21104 -1 21105 21106 21107 -1 21108 21109 21110 -1 21111 21112 21113 -1 21114 21115 21116 -1 21117 21118 21119 -1 21120 21121 21122 -1 21123 21124 21125 -1 21126 21127 21128 -1 21129 21130 21131 -1 21132 21133 21134 -1 21135 21136 21137 -1 21138 21139 21140 -1 21141 21142 21143 -1 21144 21145 21146 -1 21147 21148 21149 -1 21150 21151 21152 -1 21153 21154 21155 -1 21156 21157 21158 -1 21159 21160 21161 -1 21162 21163 21164 -1 21165 21166 21167 -1 21168 21169 21170 -1 21171 21172 21173 -1 21174 21175 21176 -1 21177 21178 21179 -1 21180 21181 21182 -1 21183 21184 21185 -1 21186 21187 21188 -1 21189 21190 21191 -1 21192 21193 21194 -1 21195 21196 21197 -1 21198 21199 21200 -1 21201 21202 21203 -1 21204 21205 21206 -1 21207 21208 21209 -1 21210 21211 21212 -1 21213 21214 21215 -1 21216 21217 21218 -1 21219 21220 21221 -1 21222 21223 21224 -1 21225 21226 21227 -1 21228 21229 21230 -1 21231 21232 21233 -1 21234 21235 21236 -1 21237 21238 21239 -1 21240 21241 21242 -1 21243 21244 21245 -1 21246 21247 21248 -1 21249 21250 21251 -1 21252 21253 21254 -1 21255 21256 21257 -1 21258 21259 21260 -1 21261 21262 21263 -1 21264 21265 21266 -1 21267 21268 21269 -1 21270 21271 21272 -1 21273 21274 21275 -1 21276 21277 21278 -1 21279 21280 21281 -1 21282 21283 21284 -1 21285 21286 21287 -1 21288 21289 21290 -1 21291 21292 21293 -1 21294 21295 21296 -1 21297 21298 21299 -1 21300 21301 21302 -1 21303 21304 21305 -1 21306 21307 21308 -1 21309 21310 21311 -1 21312 21313 21314 -1 21315 21316 21317 -1 21318 21319 21320 -1 21321 21322 21323 -1 21324 21325 21326 -1 21327 21328 21329 -1 21330 21331 21332 -1 21333 21334 21335 -1 21336 21337 21338 -1 21339 21340 21341 -1 21342 21343 21344 -1 21345 21346 21347 -1 21348 21349 21350 -1 21351 21352 21353 -1 21354 21355 21356 -1 21357 21358 21359 -1 21360 21361 21362 -1 21363 21364 21365 -1 21366 21367 21368 -1 21369 21370 21371 -1 21372 21373 21374 -1 21375 21376 21377 -1 21378 21379 21380 -1 21381 21382 21383 -1 21384 21385 21386 -1 21387 21388 21389 -1 21390 21391 21392 -1 21393 21394 21395 -1 21396 21397 21398 -1 21399 21400 21401 -1 21402 21403 21404 -1 21405 21406 21407 -1 21408 21409 21410 -1 21411 21412 21413 -1 21414 21415 21416 -1 21417 21418 21419 -1 21420 21421 21422 -1 21423 21424 21425 -1 21426 21427 21428 -1 21429 21430 21431 -1 21432 21433 21434 -1 21435 21436 21437 -1 21438 21439 21440 -1 21441 21442 21443 -1 21444 21445 21446 -1 21447 21448 21449 -1 21450 21451 21452 -1 21453 21454 21455 -1 21456 21457 21458 -1 21459 21460 21461 -1 21462 21463 21464 -1 21465 21466 21467 -1 21468 21469 21470 -1 21471 21472 21473 -1 21474 21475 21476 -1 21477 21478 21479 -1 21480 21481 21482 -1 21483 21484 21485 -1 21486 21487 21488 -1 21489 21490 21491 -1 21492 21493 21494 -1 21495 21496 21497 -1 21498 21499 21500 -1 21501 21502 21503 -1 21504 21505 21506 -1 21507 21508 21509 -1 21510 21511 21512 -1 21513 21514 21515 -1 21516 21517 21518 -1 21519 21520 21521 -1 21522 21523 21524 -1 21525 21526 21527 -1 21528 21529 21530 -1 21531 21532 21533 -1 21534 21535 21536 -1 21537 21538 21539 -1 21540 21541 21542 -1 21543 21544 21545 -1 21546 21547 21548 -1 21549 21550 21551 -1 21552 21553 21554 -1 21555 21556 21557 -1 21558 21559 21560 -1 21561 21562 21563 -1 21564 21565 21566 -1 21567 21568 21569 -1 21570 21571 21572 -1 21573 21574 21575 -1 21576 21577 21578 -1 21579 21580 21581 -1 21582 21583 21584 -1 21585 21586 21587 -1 21588 21589 21590 -1 21591 21592 21593 -1 21594 21595 21596 -1 21597 21598 21599 -1 21600 21601 21602 -1 21603 21604 21605 -1 21606 21607 21608 -1 21609 21610 21611 -1 21612 21613 21614 -1 21615 21616 21617 -1 21618 21619 21620 -1 21621 21622 21623 -1 21624 21625 21626 -1 21627 21628 21629 -1 21630 21631 21632 -1 21633 21634 21635 -1 21636 21637 21638 -1 21639 21640 21641 -1 21642 21643 21644 -1 21645 21646 21647 -1 21648 21649 21650 -1 21651 21652 21653 -1 21654 21655 21656 -1 21657 21658 21659 -1 21660 21661 21662 -1 21663 21664 21665 -1 21666 21667 21668 -1 21669 21670 21671 -1 21672 21673 21674 -1 21675 21676 21677 -1 21678 21679 21680 -1 21681 21682 21683 -1 21684 21685 21686 -1 21687 21688 21689 -1 21690 21691 21692 -1 21693 21694 21695 -1 21696 21697 21698 -1 21699 21700 21701 -1 21702 21703 21704 -1 21705 21706 21707 -1 21708 21709 21710 -1 21711 21712 21713 -1 21714 21715 21716 -1 21717 21718 21719 -1 21720 21721 21722 -1 21723 21724 21725 -1 21726 21727 21728 -1 21729 21730 21731 -1 21732 21733 21734 -1 21735 21736 21737 -1 21738 21739 21740 -1 21741 21742 21743 -1 21744 21745 21746 -1 21747 21748 21749 -1 21750 21751 21752 -1 21753 21754 21755 -1 21756 21757 21758 -1 21759 21760 21761 -1 21762 21763 21764 -1 21765 21766 21767 -1 21768 21769 21770 -1 21771 21772 21773 -1 21774 21775 21776 -1 21777 21778 21779 -1 21780 21781 21782 -1 21783 21784 21785 -1 21786 21787 21788 -1 21789 21790 21791 -1 21792 21793 21794 -1 21795 21796 21797 -1 21798 21799 21800 -1 21801 21802 21803 -1 21804 21805 21806 -1 21807 21808 21809 -1 21810 21811 21812 -1 21813 21814 21815 -1 21816 21817 21818 -1 21819 21820 21821 -1 21822 21823 21824 -1 21825 21826 21827 -1 21828 21829 21830 -1 21831 21832 21833 -1 21834 21835 21836 -1 21837 21838 21839 -1 21840 21841 21842 -1 21843 21844 21845 -1 21846 21847 21848 -1 21849 21850 21851 -1 21852 21853 21854 -1 21855 21856 21857 -1 21858 21859 21860 -1 21861 21862 21863 -1 21864 21865 21866 -1 21867 21868 21869 -1 21870 21871 21872 -1 21873 21874 21875 -1 21876 21877 21878 -1 21879 21880 21881 -1 21882 21883 21884 -1 21885 21886 21887 -1 21888 21889 21890 -1 21891 21892 21893 -1 21894 21895 21896 -1 21897 21898 21899 -1 21900 21901 21902 -1 21903 21904 21905 -1 21906 21907 21908 -1 21909 21910 21911 -1 21912 21913 21914 -1 21915 21916 21917 -1 21918 21919 21920 -1 21921 21922 21923 -1 21924 21925 21926 -1 21927 21928 21929 -1 21930 21931 21932 -1 21933 21934 21935 -1 21936 21937 21938 -1 21939 21940 21941 -1 21942 21943 21944 -1 21945 21946 21947 -1 21948 21949 21950 -1 21951 21952 21953 -1 21954 21955 21956 -1 21957 21958 21959 -1 21960 21961 21962 -1 21963 21964 21965 -1 21966 21967 21968 -1 21969 21970 21971 -1 21972 21973 21974 -1 21975 21976 21977 -1 21978 21979 21980 -1 21981 21982 21983 -1 21984 21985 21986 -1 21987 21988 21989 -1 21990 21991 21992 -1 21993 21994 21995 -1 21996 21997 21998 -1 21999 22000 22001 -1 22002 22003 22004 -1 22005 22006 22007 -1 22008 22009 22010 -1 22011 22012 22013 -1 22014 22015 22016 -1 22017 22018 22019 -1 22020 22021 22022 -1 22023 22024 22025 -1 22026 22027 22028 -1 22029 22030 22031 -1 22032 22033 22034 -1 22035 22036 22037 -1 22038 22039 22040 -1 22041 22042 22043 -1 22044 22045 22046 -1 22047 22048 22049 -1 22050 22051 22052 -1 22053 22054 22055 -1 22056 22057 22058 -1 22059 22060 22061 -1 22062 22063 22064 -1 22065 22066 22067 -1 22068 22069 22070 -1 22071 22072 22073 -1 22074 22075 22076 -1 22077 22078 22079 -1 22080 22081 22082 -1 22083 22084 22085 -1 22086 22087 22088 -1 22089 22090 22091 -1 22092 22093 22094 -1 22095 22096 22097 -1 22098 22099 22100 -1 22101 22102 22103 -1 22104 22105 22106 -1 22107 22108 22109 -1 22110 22111 22112 -1 22113 22114 22115 -1 22116 22117 22118 -1 22119 22120 22121 -1 22122 22123 22124 -1 22125 22126 22127 -1 22128 22129 22130 -1 22131 22132 22133 -1 22134 22135 22136 -1 22137 22138 22139 -1 22140 22141 22142 -1 22143 22144 22145 -1 22146 22147 22148 -1 22149 22150 22151 -1 22152 22153 22154 -1 22155 22156 22157 -1 22158 22159 22160 -1 22161 22162 22163 -1 22164 22165 22166 -1 22167 22168 22169 -1 22170 22171 22172 -1 22173 22174 22175 -1 22176 22177 22178 -1 22179 22180 22181 -1 22182 22183 22184 -1 22185 22186 22187 -1 22188 22189 22190 -1 22191 22192 22193 -1 22194 22195 22196 -1 22197 22198 22199 -1 22200 22201 22202 -1 22203 22204 22205 -1 22206 22207 22208 -1 22209 22210 22211 -1 22212 22213 22214 -1 22215 22216 22217 -1 22218 22219 22220 -1 22221 22222 22223 -1 22224 22225 22226 -1 22227 22228 22229 -1 22230 22231 22232 -1 22233 22234 22235 -1 22236 22237 22238 -1 22239 22240 22241 -1 22242 22243 22244 -1 22245 22246 22247 -1 22248 22249 22250 -1 22251 22252 22253 -1 22254 22255 22256 -1 22257 22258 22259 -1 22260 22261 22262 -1 22263 22264 22265 -1 22266 22267 22268 -1 22269 22270 22271 -1 22272 22273 22274 -1 22275 22276 22277 -1 22278 22279 22280 -1 22281 22282 22283 -1 22284 22285 22286 -1 22287 22288 22289 -1 22290 22291 22292 -1 22293 22294 22295 -1 22296 22297 22298 -1 22299 22300 22301 -1 22302 22303 22304 -1 22305 22306 22307 -1 22308 22309 22310 -1 22311 22312 22313 -1 22314 22315 22316 -1 22317 22318 22319 -1 22320 22321 22322 -1 22323 22324 22325 -1 22326 22327 22328 -1 22329 22330 22331 -1 22332 22333 22334 -1 22335 22336 22337 -1 22338 22339 22340 -1 22341 22342 22343 -1 22344 22345 22346 -1 22347 22348 22349 -1 22350 22351 22352 -1 22353 22354 22355 -1 22356 22357 22358 -1 22359 22360 22361 -1 22362 22363 22364 -1 22365 22366 22367 -1 22368 22369 22370 -1 22371 22372 22373 -1 22374 22375 22376 -1 22377 22378 22379 -1 22380 22381 22382 -1 22383 22384 22385 -1 22386 22387 22388 -1 22389 22390 22391 -1 22392 22393 22394 -1 22395 22396 22397 -1 22398 22399 22400 -1 22401 22402 22403 -1 22404 22405 22406 -1 22407 22408 22409 -1 22410 22411 22412 -1 22413 22414 22415 -1 22416 22417 22418 -1 22419 22420 22421 -1 22422 22423 22424 -1 22425 22426 22427 -1 22428 22429 22430 -1 22431 22432 22433 -1 22434 22435 22436 -1 22437 22438 22439 -1 22440 22441 22442 -1 22443 22444 22445 -1 22446 22447 22448 -1 22449 22450 22451 -1 22452 22453 22454 -1 22455 22456 22457 -1 22458 22459 22460 -1 22461 22462 22463 -1 22464 22465 22466 -1 22467 22468 22469 -1 22470 22471 22472 -1 22473 22474 22475 -1 22476 22477 22478 -1 22479 22480 22481 -1 22482 22483 22484 -1 22485 22486 22487 -1 22488 22489 22490 -1 22491 22492 22493 -1 22494 22495 22496 -1 22497 22498 22499 -1 22500 22501 22502 -1 22503 22504 22505 -1 22506 22507 22508 -1 22509 22510 22511 -1 22512 22513 22514 -1 22515 22516 22517 -1 22518 22519 22520 -1 22521 22522 22523 -1 22524 22525 22526 -1 22527 22528 22529 -1 22530 22531 22532 -1 22533 22534 22535 -1 22536 22537 22538 -1 22539 22540 22541 -1 22542 22543 22544 -1 22545 22546 22547 -1 22548 22549 22550 -1 22551 22552 22553 -1 22554 22555 22556 -1 22557 22558 22559 -1 22560 22561 22562 -1 22563 22564 22565 -1 22566 22567 22568 -1 22569 22570 22571 -1 22572 22573 22574 -1 22575 22576 22577 -1 22578 22579 22580 -1 22581 22582 22583 -1 22584 22585 22586 -1 22587 22588 22589 -1 22590 22591 22592 -1 22593 22594 22595 -1 22596 22597 22598 -1 22599 22600 22601 -1 22602 22603 22604 -1 22605 22606 22607 -1 22608 22609 22610 -1 22611 22612 22613 -1 22614 22615 22616 -1 22617 22618 22619 -1 22620 22621 22622 -1 22623 22624 22625 -1 22626 22627 22628 -1 22629 22630 22631 -1 22632 22633 22634 -1 22635 22636 22637 -1 22638 22639 22640 -1 22641 22642 22643 -1 22644 22645 22646 -1 22647 22648 22649 -1 22650 22651 22652 -1 22653 22654 22655 -1 22656 22657 22658 -1 22659 22660 22661 -1 22662 22663 22664 -1 22665 22666 22667 -1 22668 22669 22670 -1 22671 22672 22673 -1 22674 22675 22676 -1 22677 22678 22679 -1 22680 22681 22682 -1 22683 22684 22685 -1 22686 22687 22688 -1 22689 22690 22691 -1 22692 22693 22694 -1 22695 22696 22697 -1 22698 22699 22700 -1 22701 22702 22703 -1 22704 22705 22706 -1 22707 22708 22709 -1 22710 22711 22712 -1 22713 22714 22715 -1 22716 22717 22718 -1 22719 22720 22721 -1 22722 22723 22724 -1 22725 22726 22727 -1 22728 22729 22730 -1 22731 22732 22733 -1 22734 22735 22736 -1 22737 22738 22739 -1 22740 22741 22742 -1 22743 22744 22745 -1 22746 22747 22748 -1 22749 22750 22751 -1 22752 22753 22754 -1 22755 22756 22757 -1 22758 22759 22760 -1 22761 22762 22763 -1 22764 22765 22766 -1 22767 22768 22769 -1 22770 22771 22772 -1 22773 22774 22775 -1 22776 22777 22778 -1 22779 22780 22781 -1 22782 22783 22784 -1 22785 22786 22787 -1 22788 22789 22790 -1 22791 22792 22793 -1 22794 22795 22796 -1 22797 22798 22799 -1 22800 22801 22802 -1 22803 22804 22805 -1 22806 22807 22808 -1 22809 22810 22811 -1 22812 22813 22814 -1 22815 22816 22817 -1 22818 22819 22820 -1 22821 22822 22823 -1 22824 22825 22826 -1 22827 22828 22829 -1 22830 22831 22832 -1 22833 22834 22835 -1 22836 22837 22838 -1 22839 22840 22841 -1 22842 22843 22844 -1 22845 22846 22847 -1 22848 22849 22850 -1 22851 22852 22853 -1 22854 22855 22856 -1 22857 22858 22859 -1 22860 22861 22862 -1 22863 22864 22865 -1 22866 22867 22868 -1 22869 22870 22871 -1 22872 22873 22874 -1 22875 22876 22877 -1 22878 22879 22880 -1 22881 22882 22883 -1 22884 22885 22886 -1 22887 22888 22889 -1 22890 22891 22892 -1 22893 22894 22895 -1 22896 22897 22898 -1 22899 22900 22901 -1 22902 22903 22904 -1 22905 22906 22907 -1 22908 22909 22910 -1 22911 22912 22913 -1 22914 22915 22916 -1 22917 22918 22919 -1 22920 22921 22922 -1 22923 22924 22925 -1 22926 22927 22928 -1 22929 22930 22931 -1 22932 22933 22934 -1 22935 22936 22937 -1 22938 22939 22940 -1 22941 22942 22943 -1 22944 22945 22946 -1 22947 22948 22949 -1 22950 22951 22952 -1 22953 22954 22955 -1 22956 22957 22958 -1 22959 22960 22961 -1 22962 22963 22964 -1 22965 22966 22967 -1 22968 22969 22970 -1 22971 22972 22973 -1 22974 22975 22976 -1 22977 22978 22979 -1 22980 22981 22982 -1 22983 22984 22985 -1 22986 22987 22988 -1 22989 22990 22991 -1 22992 22993 22994 -1 22995 22996 22997 -1 22998 22999 23000 -1 23001 23002 23003 -1 23004 23005 23006 -1 23007 23008 23009 -1 23010 23011 23012 -1 23013 23014 23015 -1 23016 23017 23018 -1 23019 23020 23021 -1 23022 23023 23024 -1 23025 23026 23027 -1 23028 23029 23030 -1 23031 23032 23033 -1 23034 23035 23036 -1 23037 23038 23039 -1 23040 23041 23042 -1 23043 23044 23045 -1 23046 23047 23048 -1 23049 23050 23051 -1 23052 23053 23054 -1 23055 23056 23057 -1 23058 23059 23060 -1 23061 23062 23063 -1 23064 23065 23066 -1 23067 23068 23069 -1 23070 23071 23072 -1 23073 23074 23075 -1 23076 23077 23078 -1 23079 23080 23081 -1 23082 23083 23084 -1 23085 23086 23087 -1 23088 23089 23090 -1 23091 23092 23093 -1 23094 23095 23096 -1 23097 23098 23099 -1 23100 23101 23102 -1 23103 23104 23105 -1 23106 23107 23108 -1 23109 23110 23111 -1 23112 23113 23114 -1 23115 23116 23117 -1 23118 23119 23120 -1 23121 23122 23123 -1 23124 23125 23126 -1 23127 23128 23129 -1 23130 23131 23132 -1 23133 23134 23135 -1 23136 23137 23138 -1 23139 23140 23141 -1 23142 23143 23144 -1 23145 23146 23147 -1 23148 23149 23150 -1 23151 23152 23153 -1 23154 23155 23156 -1 23157 23158 23159 -1 23160 23161 23162 -1 23163 23164 23165 -1 23166 23167 23168 -1 23169 23170 23171 -1 23172 23173 23174 -1 23175 23176 23177 -1 23178 23179 23180 -1 23181 23182 23183 -1 23184 23185 23186 -1 23187 23188 23189 -1 23190 23191 23192 -1 23193 23194 23195 -1 23196 23197 23198 -1 23199 23200 23201 -1 23202 23203 23204 -1 23205 23206 23207 -1 23208 23209 23210 -1 23211 23212 23213 -1 23214 23215 23216 -1 23217 23218 23219 -1 23220 23221 23222 -1 23223 23224 23225 -1 23226 23227 23228 -1 23229 23230 23231 -1 23232 23233 23234 -1 23235 23236 23237 -1 23238 23239 23240 -1 23241 23242 23243 -1 23244 23245 23246 -1 23247 23248 23249 -1 23250 23251 23252 -1 23253 23254 23255 -1 23256 23257 23258 -1 23259 23260 23261 -1 23262 23263 23264 -1 23265 23266 23267 -1 23268 23269 23270 -1 23271 23272 23273 -1 23274 23275 23276 -1 23277 23278 23279 -1 23280 23281 23282 -1 23283 23284 23285 -1 23286 23287 23288 -1 23289 23290 23291 -1 23292 23293 23294 -1 23295 23296 23297 -1 23298 23299 23300 -1 23301 23302 23303 -1 23304 23305 23306 -1 23307 23308 23309 -1 23310 23311 23312 -1 23313 23314 23315 -1 23316 23317 23318 -1 23319 23320 23321 -1 23322 23323 23324 -1 23325 23326 23327 -1 23328 23329 23330 -1 23331 23332 23333 -1 23334 23335 23336 -1 23337 23338 23339 -1 23340 23341 23342 -1 23343 23344 23345 -1 23346 23347 23348 -1 23349 23350 23351 -1 23352 23353 23354 -1 23355 23356 23357 -1 23358 23359 23360 -1 23361 23362 23363 -1 23364 23365 23366 -1 23367 23368 23369 -1 23370 23371 23372 -1 23373 23374 23375 -1 23376 23377 23378 -1 23379 23380 23381 -1 23382 23383 23384 -1 23385 23386 23387 -1 23388 23389 23390 -1 23391 23392 23393 -1 23394 23395 23396 -1 23397 23398 23399 -1 23400 23401 23402 -1 23403 23404 23405 -1 23406 23407 23408 -1 23409 23410 23411 -1 23412 23413 23414 -1 23415 23416 23417 -1 23418 23419 23420 -1 23421 23422 23423 -1 23424 23425 23426 -1 23427 23428 23429 -1 23430 23431 23432 -1 23433 23434 23435 -1 23436 23437 23438 -1 23439 23440 23441 -1 23442 23443 23444 -1 23445 23446 23447 -1 23448 23449 23450 -1 23451 23452 23453 -1 23454 23455 23456 -1 23457 23458 23459 -1 23460 23461 23462 -1 23463 23464 23465 -1 23466 23467 23468 -1 23469 23470 23471 -1 23472 23473 23474 -1 23475 23476 23477 -1 23478 23479 23480 -1 23481 23482 23483 -1 23484 23485 23486 -1 23487 23488 23489 -1 23490 23491 23492 -1 23493 23494 23495 -1 23496 23497 23498 -1 23499 23500 23501 -1 23502 23503 23504 -1 23505 23506 23507 -1 23508 23509 23510 -1 23511 23512 23513 -1 23514 23515 23516 -1 23517 23518 23519 -1 23520 23521 23522 -1 23523 23524 23525 -1 23526 23527 23528 -1 23529 23530 23531 -1 23532 23533 23534 -1 23535 23536 23537 -1 23538 23539 23540 -1 23541 23542 23543 -1 23544 23545 23546 -1 23547 23548 23549 -1 23550 23551 23552 -1 23553 23554 23555 -1 23556 23557 23558 -1 23559 23560 23561 -1 23562 23563 23564 -1 23565 23566 23567 -1 23568 23569 23570 -1 23571 23572 23573 -1 23574 23575 23576 -1 23577 23578 23579 -1 23580 23581 23582 -1 23583 23584 23585 -1 23586 23587 23588 -1 23589 23590 23591 -1 23592 23593 23594 -1 23595 23596 23597 -1 23598 23599 23600 -1 23601 23602 23603 -1 23604 23605 23606 -1 23607 23608 23609 -1 23610 23611 23612 -1 23613 23614 23615 -1 23616 23617 23618 -1 23619 23620 23621 -1 23622 23623 23624 -1 23625 23626 23627 -1 23628 23629 23630 -1 23631 23632 23633 -1 23634 23635 23636 -1 23637 23638 23639 -1 23640 23641 23642 -1 23643 23644 23645 -1 23646 23647 23648 -1 23649 23650 23651 -1 23652 23653 23654 -1 23655 23656 23657 -1 23658 23659 23660 -1 23661 23662 23663 -1 23664 23665 23666 -1 23667 23668 23669 -1 23670 23671 23672 -1 23673 23674 23675 -1 23676 23677 23678 -1 23679 23680 23681 -1 23682 23683 23684 -1 23685 23686 23687 -1 23688 23689 23690 -1 23691 23692 23693 -1 23694 23695 23696 -1 23697 23698 23699 -1 23700 23701 23702 -1 23703 23704 23705 -1 23706 23707 23708 -1 23709 23710 23711 -1 23712 23713 23714 -1 23715 23716 23717 -1 23718 23719 23720 -1 23721 23722 23723 -1 23724 23725 23726 -1 23727 23728 23729 -1 23730 23731 23732 -1 23733 23734 23735 -1 23736 23737 23738 -1 23739 23740 23741 -1 23742 23743 23744 -1 23745 23746 23747 -1 23748 23749 23750 -1 23751 23752 23753 -1 23754 23755 23756 -1 23757 23758 23759 -1 23760 23761 23762 -1 23763 23764 23765 -1 23766 23767 23768 -1 23769 23770 23771 -1 23772 23773 23774 -1 23775 23776 23777 -1 23778 23779 23780 -1 23781 23782 23783 -1 23784 23785 23786 -1 23787 23788 23789 -1 23790 23791 23792 -1 23793 23794 23795 -1 23796 23797 23798 -1 23799 23800 23801 -1 23802 23803 23804 -1 23805 23806 23807 -1 23808 23809 23810 -1 23811 23812 23813 -1 23814 23815 23816 -1 23817 23818 23819 -1 23820 23821 23822 -1 23823 23824 23825 -1 23826 23827 23828 -1 23829 23830 23831 -1 23832 23833 23834 -1 23835 23836 23837 -1 23838 23839 23840 -1 23841 23842 23843 -1 23844 23845 23846 -1 23847 23848 23849 -1 23850 23851 23852 -1 23853 23854 23855 -1 23856 23857 23858 -1 23859 23860 23861 -1 23862 23863 23864 -1 23865 23866 23867 -1 23868 23869 23870 -1 23871 23872 23873 -1 23874 23875 23876 -1 23877 23878 23879 -1 23880 23881 23882 -1 23883 23884 23885 -1 23886 23887 23888 -1 23889 23890 23891 -1 23892 23893 23894 -1 23895 23896 23897 -1 23898 23899 23900 -1 23901 23902 23903 -1 23904 23905 23906 -1 23907 23908 23909 -1 23910 23911 23912 -1 23913 23914 23915 -1 23916 23917 23918 -1 23919 23920 23921 -1 23922 23923 23924 -1 23925 23926 23927 -1 23928 23929 23930 -1 23931 23932 23933 -1 23934 23935 23936 -1 23937 23938 23939 -1 23940 23941 23942 -1 23943 23944 23945 -1 23946 23947 23948 -1 23949 23950 23951 -1 23952 23953 23954 -1 23955 23956 23957 -1 23958 23959 23960 -1 23961 23962 23963 -1 23964 23965 23966 -1 23967 23968 23969 -1 23970 23971 23972 -1 23973 23974 23975 -1 23976 23977 23978 -1 23979 23980 23981 -1 23982 23983 23984 -1 23985 23986 23987 -1 23988 23989 23990 -1 23991 23992 23993 -1 23994 23995 23996 -1 23997 23998 23999 -1 24000 24001 24002 -1 24003 24004 24005 -1 24006 24007 24008 -1 24009 24010 24011 -1 24012 24013 24014 -1 24015 24016 24017 -1 24018 24019 24020 -1 24021 24022 24023 -1 24024 24025 24026 -1 24027 24028 24029 -1 24030 24031 24032 -1 24033 24034 24035 -1 24036 24037 24038 -1 24039 24040 24041 -1 24042 24043 24044 -1 24045 24046 24047 -1 24048 24049 24050 -1 24051 24052 24053 -1 24054 24055 24056 -1 24057 24058 24059 -1 24060 24061 24062 -1 24063 24064 24065 -1 24066 24067 24068 -1 24069 24070 24071 -1 24072 24073 24074 -1 24075 24076 24077 -1 24078 24079 24080 -1 24081 24082 24083 -1 24084 24085 24086 -1 24087 24088 24089 -1 24090 24091 24092 -1 24093 24094 24095 -1 24096 24097 24098 -1 24099 24100 24101 -1 24102 24103 24104 -1 24105 24106 24107 -1 24108 24109 24110 -1 24111 24112 24113 -1 24114 24115 24116 -1 24117 24118 24119 -1 24120 24121 24122 -1 24123 24124 24125 -1 24126 24127 24128 -1 24129 24130 24131 -1 24132 24133 24134 -1 24135 24136 24137 -1 24138 24139 24140 -1 24141 24142 24143 -1 24144 24145 24146 -1 24147 24148 24149 -1 24150 24151 24152 -1 24153 24154 24155 -1 24156 24157 24158 -1 24159 24160 24161 -1 24162 24163 24164 -1 24165 24166 24167 -1 24168 24169 24170 -1 24171 24172 24173 -1 24174 24175 24176 -1 24177 24178 24179 -1 24180 24181 24182 -1 24183 24184 24185 -1 24186 24187 24188 -1 24189 24190 24191 -1 24192 24193 24194 -1 24195 24196 24197 -1 24198 24199 24200 -1 24201 24202 24203 -1 24204 24205 24206 -1 24207 24208 24209 -1 24210 24211 24212 -1 24213 24214 24215 -1 24216 24217 24218 -1 24219 24220 24221 -1 24222 24223 24224 -1 24225 24226 24227 -1 24228 24229 24230 -1 24231 24232 24233 -1 24234 24235 24236 -1 24237 24238 24239 -1 24240 24241 24242 -1 24243 24244 24245 -1 24246 24247 24248 -1 24249 24250 24251 -1 24252 24253 24254 -1 24255 24256 24257 -1 24258 24259 24260 -1 24261 24262 24263 -1 24264 24265 24266 -1 24267 24268 24269 -1 24270 24271 24272 -1 24273 24274 24275 -1 24276 24277 24278 -1 24279 24280 24281 -1 24282 24283 24284 -1 24285 24286 24287 -1 24288 24289 24290 -1 24291 24292 24293 -1 24294 24295 24296 -1 24297 24298 24299 -1 24300 24301 24302 -1 24303 24304 24305 -1 24306 24307 24308 -1 24309 24310 24311 -1 24312 24313 24314 -1 24315 24316 24317 -1 24318 24319 24320 -1 24321 24322 24323 -1 24324 24325 24326 -1 24327 24328 24329 -1 24330 24331 24332 -1 24333 24334 24335 -1 24336 24337 24338 -1 24339 24340 24341 -1 24342 24343 24344 -1 24345 24346 24347 -1 24348 24349 24350 -1 24351 24352 24353 -1 24354 24355 24356 -1 24357 24358 24359 -1 24360 24361 24362 -1 24363 24364 24365 -1 24366 24367 24368 -1 24369 24370 24371 -1 24372 24373 24374 -1 24375 24376 24377 -1 24378 24379 24380 -1 24381 24382 24383 -1 24384 24385 24386 -1 24387 24388 24389 -1 24390 24391 24392 -1 24393 24394 24395 -1 24396 24397 24398 -1 24399 24400 24401 -1 24402 24403 24404 -1 24405 24406 24407 -1 24408 24409 24410 -1 24411 24412 24413 -1 24414 24415 24416 -1 24417 24418 24419 -1 24420 24421 24422 -1 24423 24424 24425 -1 24426 24427 24428 -1 24429 24430 24431 -1 24432 24433 24434 -1 24435 24436 24437 -1 24438 24439 24440 -1 24441 24442 24443 -1 24444 24445 24446 -1 24447 24448 24449 -1 24450 24451 24452 -1 24453 24454 24455 -1 24456 24457 24458 -1 24459 24460 24461 -1 24462 24463 24464 -1 24465 24466 24467 -1 24468 24469 24470 -1 24471 24472 24473 -1 24474 24475 24476 -1 24477 24478 24479 -1 24480 24481 24482 -1 24483 24484 24485 -1 24486 24487 24488 -1 24489 24490 24491 -1 24492 24493 24494 -1 24495 24496 24497 -1 24498 24499 24500 -1 24501 24502 24503 -1 24504 24505 24506 -1 24507 24508 24509 -1 24510 24511 24512 -1 24513 24514 24515 -1 24516 24517 24518 -1 24519 24520 24521 -1 24522 24523 24524 -1 24525 24526 24527 -1 24528 24529 24530 -1 24531 24532 24533 -1 24534 24535 24536 -1 24537 24538 24539 -1 24540 24541 24542 -1 24543 24544 24545 -1 24546 24547 24548 -1 24549 24550 24551 -1 24552 24553 24554 -1 24555 24556 24557 -1 24558 24559 24560 -1 24561 24562 24563 -1 24564 24565 24566 -1 24567 24568 24569 -1 24570 24571 24572 -1 24573 24574 24575 -1 24576 24577 24578 -1 24579 24580 24581 -1 24582 24583 24584 -1 24585 24586 24587 -1 24588 24589 24590 -1 24591 24592 24593 -1 24594 24595 24596 -1 24597 24598 24599 -1 24600 24601 24602 -1 24603 24604 24605 -1 24606 24607 24608 -1 24609 24610 24611 -1 24612 24613 24614 -1 24615 24616 24617 -1 24618 24619 24620 -1 24621 24622 24623 -1 24624 24625 24626 -1 24627 24628 24629 -1 24630 24631 24632 -1 24633 24634 24635 -1 24636 24637 24638 -1 24639 24640 24641 -1 24642 24643 24644 -1 24645 24646 24647 -1 24648 24649 24650 -1 24651 24652 24653 -1 24654 24655 24656 -1 24657 24658 24659 -1 24660 24661 24662 -1 24663 24664 24665 -1 24666 24667 24668 -1 24669 24670 24671 -1 24672 24673 24674 -1 24675 24676 24677 -1 24678 24679 24680 -1 24681 24682 24683 -1 24684 24685 24686 -1 24687 24688 24689 -1 24690 24691 24692 -1 24693 24694 24695 -1 24696 24697 24698 -1 24699 24700 24701 -1 24702 24703 24704 -1 24705 24706 24707 -1 24708 24709 24710 -1 24711 24712 24713 -1 24714 24715 24716 -1 24717 24718 24719 -1 24720 24721 24722 -1 24723 24724 24725 -1 24726 24727 24728 -1 24729 24730 24731 -1 24732 24733 24734 -1 24735 24736 24737 -1 24738 24739 24740 -1 24741 24742 24743 -1 24744 24745 24746 -1 24747 24748 24749 -1 24750 24751 24752 -1 24753 24754 24755 -1 24756 24757 24758 -1 24759 24760 24761 -1 24762 24763 24764 -1 24765 24766 24767 -1 24768 24769 24770 -1 24771 24772 24773 -1 24774 24775 24776 -1 24777 24778 24779 -1 24780 24781 24782 -1 24783 24784 24785 -1 24786 24787 24788 -1 24789 24790 24791 -1 24792 24793 24794 -1 24795 24796 24797 -1 24798 24799 24800 -1 24801 24802 24803 -1 24804 24805 24806 -1 24807 24808 24809 -1 24810 24811 24812 -1 24813 24814 24815 -1 24816 24817 24818 -1 24819 24820 24821 -1 24822 24823 24824 -1 24825 24826 24827 -1 24828 24829 24830 -1 24831 24832 24833 -1 24834 24835 24836 -1 24837 24838 24839 -1 24840 24841 24842 -1 24843 24844 24845 -1 24846 24847 24848 -1 24849 24850 24851 -1 24852 24853 24854 -1 24855 24856 24857 -1 24858 24859 24860 -1 24861 24862 24863 -1 24864 24865 24866 -1 24867 24868 24869 -1 24870 24871 24872 -1 24873 24874 24875 -1 24876 24877 24878 -1 24879 24880 24881 -1 24882 24883 24884 -1 24885 24886 24887 -1 24888 24889 24890 -1 24891 24892 24893 -1 24894 24895 24896 -1 24897 24898 24899 -1 24900 24901 24902 -1 24903 24904 24905 -1 24906 24907 24908 -1 24909 24910 24911 -1 24912 24913 24914 -1 24915 24916 24917 -1 24918 24919 24920 -1 24921 24922 24923 -1 24924 24925 24926 -1 24927 24928 24929 -1 24930 24931 24932 -1 24933 24934 24935 -1 24936 24937 24938 -1 24939 24940 24941 -1 24942 24943 24944 -1 24945 24946 24947 -1 24948 24949 24950 -1 24951 24952 24953 -1 24954 24955 24956 -1 24957 24958 24959 -1 24960 24961 24962 -1 24963 24964 24965 -1 24966 24967 24968 -1 24969 24970 24971 -1 24972 24973 24974 -1 24975 24976 24977 -1 24978 24979 24980 -1 24981 24982 24983 -1 24984 24985 24986 -1 24987 24988 24989 -1 24990 24991 24992 -1 24993 24994 24995 -1 24996 24997 24998 -1 24999 25000 25001 -1 25002 25003 25004 -1 25005 25006 25007 -1 25008 25009 25010 -1 25011 25012 25013 -1 25014 25015 25016 -1 25017 25018 25019 -1 25020 25021 25022 -1 25023 25024 25025 -1 25026 25027 25028 -1 25029 25030 25031 -1 25032 25033 25034 -1 25035 25036 25037 -1 25038 25039 25040 -1 25041 25042 25043 -1 25044 25045 25046 -1 25047 25048 25049 -1 25050 25051 25052 -1 25053 25054 25055 -1 25056 25057 25058 -1 25059 25060 25061 -1 25062 25063 25064 -1 25065 25066 25067 -1 25068 25069 25070 -1 25071 25072 25073 -1 25074 25075 25076 -1 25077 25078 25079 -1 25080 25081 25082 -1 25083 25084 25085 -1 25086 25087 25088 -1 25089 25090 25091 -1 25092 25093 25094 -1 25095 25096 25097 -1 25098 25099 25100 -1 25101 25102 25103 -1 25104 25105 25106 -1 25107 25108 25109 -1 25110 25111 25112 -1 25113 25114 25115 -1 25116 25117 25118 -1 25119 25120 25121 -1 25122 25123 25124 -1 25125 25126 25127 -1 25128 25129 25130 -1 25131 25132 25133 -1 25134 25135 25136 -1 25137 25138 25139 -1 25140 25141 25142 -1 25143 25144 25145 -1 25146 25147 25148 -1 25149 25150 25151 -1 25152 25153 25154 -1 25155 25156 25157 -1 25158 25159 25160 -1 25161 25162 25163 -1 25164 25165 25166 -1 25167 25168 25169 -1 25170 25171 25172 -1 25173 25174 25175 -1 25176 25177 25178 -1 25179 25180 25181 -1 25182 25183 25184 -1 25185 25186 25187 -1 25188 25189 25190 -1 25191 25192 25193 -1 25194 25195 25196 -1 25197 25198 25199 -1 25200 25201 25202 -1 25203 25204 25205 -1 25206 25207 25208 -1 25209 25210 25211 -1 25212 25213 25214 -1 25215 25216 25217 -1 25218 25219 25220 -1 25221 25222 25223 -1 25224 25225 25226 -1 25227 25228 25229 -1 25230 25231 25232 -1 25233 25234 25235 -1 25236 25237 25238 -1 25239 25240 25241 -1 25242 25243 25244 -1 25245 25246 25247 -1 25248 25249 25250 -1 25251 25252 25253 -1 25254 25255 25256 -1 25257 25258 25259 -1 25260 25261 25262 -1 25263 25264 25265 -1 25266 25267 25268 -1 25269 25270 25271 -1 25272 25273 25274 -1 25275 25276 25277 -1 25278 25279 25280 -1 25281 25282 25283 -1 25284 25285 25286 -1 25287 25288 25289 -1 25290 25291 25292 -1 25293 25294 25295 -1 25296 25297 25298 -1 25299 25300 25301 -1 25302 25303 25304 -1 25305 25306 25307 -1 25308 25309 25310 -1 25311 25312 25313 -1 25314 25315 25316 -1 25317 25318 25319 -1 25320 25321 25322 -1 25323 25324 25325 -1 25326 25327 25328 -1 25329 25330 25331 -1 25332 25333 25334 -1 25335 25336 25337 -1 25338 25339 25340 -1 25341 25342 25343 -1 25344 25345 25346 -1 25347 25348 25349 -1 25350 25351 25352 -1 25353 25354 25355 -1 25356 25357 25358 -1 25359 25360 25361 -1 25362 25363 25364 -1 25365 25366 25367 -1 25368 25369 25370 -1 25371 25372 25373 -1 25374 25375 25376 -1 25377 25378 25379 -1 25380 25381 25382 -1 25383 25384 25385 -1 25386 25387 25388 -1 25389 25390 25391 -1 25392 25393 25394 -1 25395 25396 25397 -1 25398 25399 25400 -1 25401 25402 25403 -1 25404 25405 25406 -1 25407 25408 25409 -1 25410 25411 25412 -1 25413 25414 25415 -1 25416 25417 25418 -1 25419 25420 25421 -1 25422 25423 25424 -1 25425 25426 25427 -1 25428 25429 25430 -1 25431 25432 25433 -1 25434 25435 25436 -1 25437 25438 25439 -1 25440 25441 25442 -1 25443 25444 25445 -1 25446 25447 25448 -1 25449 25450 25451 -1 25452 25453 25454 -1 25455 25456 25457 -1 25458 25459 25460 -1 25461 25462 25463 -1 25464 25465 25466 -1 25467 25468 25469 -1 25470 25471 25472 -1 25473 25474 25475 -1 25476 25477 25478 -1 25479 25480 25481 -1 25482 25483 25484 -1 25485 25486 25487 -1 25488 25489 25490 -1 25491 25492 25493 -1 25494 25495 25496 -1 25497 25498 25499 -1 25500 25501 25502 -1 25503 25504 25505 -1 25506 25507 25508 -1 25509 25510 25511 -1 25512 25513 25514 -1 25515 25516 25517 -1 25518 25519 25520 -1 25521 25522 25523 -1 25524 25525 25526 -1 25527 25528 25529 -1 25530 25531 25532 -1 25533 25534 25535 -1 25536 25537 25538 -1 25539 25540 25541 -1 25542 25543 25544 -1 25545 25546 25547 -1 25548 25549 25550 -1 25551 25552 25553 -1 25554 25555 25556 -1 25557 25558 25559 -1 25560 25561 25562 -1 25563 25564 25565 -1 25566 25567 25568 -1 25569 25570 25571 -1 25572 25573 25574 -1 25575 25576 25577 -1 25578 25579 25580 -1 25581 25582 25583 -1 25584 25585 25586 -1 25587 25588 25589 -1 25590 25591 25592 -1 25593 25594 25595 -1 25596 25597 25598 -1 25599 25600 25601 -1 25602 25603 25604 -1 25605 25606 25607 -1 25608 25609 25610 -1 25611 25612 25613 -1 25614 25615 25616 -1 25617 25618 25619 -1 25620 25621 25622 -1 25623 25624 25625 -1 25626 25627 25628 -1 25629 25630 25631 -1 25632 25633 25634 -1 25635 25636 25637 -1 25638 25639 25640 -1 25641 25642 25643 -1 25644 25645 25646 -1 25647 25648 25649 -1 25650 25651 25652 -1 25653 25654 25655 -1 25656 25657 25658 -1 25659 25660 25661 -1 25662 25663 25664 -1 25665 25666 25667 -1 25668 25669 25670 -1 25671 25672 25673 -1 25674 25675 25676 -1 25677 25678 25679 -1 25680 25681 25682 -1 25683 25684 25685 -1 25686 25687 25688 -1 25689 25690 25691 -1 25692 25693 25694 -1 25695 25696 25697 -1 25698 25699 25700 -1 25701 25702 25703 -1 25704 25705 25706 -1 25707 25708 25709 -1 25710 25711 25712 -1 25713 25714 25715 -1 25716 25717 25718 -1 25719 25720 25721 -1 25722 25723 25724 -1 25725 25726 25727 -1 25728 25729 25730 -1 25731 25732 25733 -1 25734 25735 25736 -1 25737 25738 25739 -1 25740 25741 25742 -1 25743 25744 25745 -1 25746 25747 25748 -1 25749 25750 25751 -1 25752 25753 25754 -1 25755 25756 25757 -1 25758 25759 25760 -1 25761 25762 25763 -1 25764 25765 25766 -1 25767 25768 25769 -1 25770 25771 25772 -1 25773 25774 25775 -1 25776 25777 25778 -1 25779 25780 25781 -1 25782 25783 25784 -1 25785 25786 25787 -1 25788 25789 25790 -1 25791 25792 25793 -1 25794 25795 25796 -1 25797 25798 25799 -1 25800 25801 25802 -1 25803 25804 25805 -1 25806 25807 25808 -1 25809 25810 25811 -1 25812 25813 25814 -1 25815 25816 25817 -1 25818 25819 25820 -1 25821 25822 25823 -1 25824 25825 25826 -1 25827 25828 25829 -1 25830 25831 25832 -1 25833 25834 25835 -1 25836 25837 25838 -1 25839 25840 25841 -1 25842 25843 25844 -1 25845 25846 25847 -1 25848 25849 25850 -1 25851 25852 25853 -1 25854 25855 25856 -1 25857 25858 25859 -1 25860 25861 25862 -1 25863 25864 25865 -1 25866 25867 25868 -1 25869 25870 25871 -1 25872 25873 25874 -1 25875 25876 25877 -1 25878 25879 25880 -1 25881 25882 25883 -1 25884 25885 25886 -1 25887 25888 25889 -1 25890 25891 25892 -1 25893 25894 25895 -1 25896 25897 25898 -1 25899 25900 25901 -1 25902 25903 25904 -1 25905 25906 25907 -1 25908 25909 25910 -1 25911 25912 25913 -1 25914 25915 25916 -1 25917 25918 25919 -1 25920 25921 25922 -1 25923 25924 25925 -1 25926 25927 25928 -1 25929 25930 25931 -1 25932 25933 25934 -1 25935 25936 25937 -1 25938 25939 25940 -1 25941 25942 25943 -1 25944 25945 25946 -1 25947 25948 25949 -1 25950 25951 25952 -1 25953 25954 25955 -1 25956 25957 25958 -1 25959 25960 25961 -1 25962 25963 25964 -1 25965 25966 25967 -1 25968 25969 25970 -1 25971 25972 25973 -1 25974 25975 25976 -1 25977 25978 25979 -1 25980 25981 25982 -1 25983 25984 25985 -1 25986 25987 25988 -1 25989 25990 25991 -1 25992 25993 25994 -1 25995 25996 25997 -1 25998 25999 26000 -1 26001 26002 26003 -1 26004 26005 26006 -1 26007 26008 26009 -1 26010 26011 26012 -1 26013 26014 26015 -1 26016 26017 26018 -1 26019 26020 26021 -1 26022 26023 26024 -1 26025 26026 26027 -1 26028 26029 26030 -1 26031 26032 26033 -1 26034 26035 26036 -1 26037 26038 26039 -1 26040 26041 26042 -1 26043 26044 26045 -1 26046 26047 26048 -1 26049 26050 26051 -1 26052 26053 26054 -1 26055 26056 26057 -1 26058 26059 26060 -1 26061 26062 26063 -1 26064 26065 26066 -1 26067 26068 26069 -1 26070 26071 26072 -1 26073 26074 26075 -1 26076 26077 26078 -1 26079 26080 26081 -1 26082 26083 26084 -1 26085 26086 26087 -1 26088 26089 26090 -1 26091 26092 26093 -1 26094 26095 26096 -1 26097 26098 26099 -1 26100 26101 26102 -1 26103 26104 26105 -1 26106 26107 26108 -1 26109 26110 26111 -1 26112 26113 26114 -1 26115 26116 26117 -1 26118 26119 26120 -1 26121 26122 26123 -1 26124 26125 26126 -1 26127 26128 26129 -1 26130 26131 26132 -1 26133 26134 26135 -1 26136 26137 26138 -1 26139 26140 26141 -1 26142 26143 26144 -1 26145 26146 26147 -1 26148 26149 26150 -1 26151 26152 26153 -1 26154 26155 26156 -1 26157 26158 26159 -1 26160 26161 26162 -1 26163 26164 26165 -1 26166 26167 26168 -1 26169 26170 26171 -1 26172 26173 26174 -1 26175 26176 26177 -1 26178 26179 26180 -1 26181 26182 26183 -1 26184 26185 26186 -1 26187 26188 26189 -1 26190 26191 26192 -1 26193 26194 26195 -1 26196 26197 26198 -1 26199 26200 26201 -1 26202 26203 26204 -1 26205 26206 26207 -1 26208 26209 26210 -1 26211 26212 26213 -1 26214 26215 26216 -1 26217 26218 26219 -1 26220 26221 26222 -1 26223 26224 26225 -1 26226 26227 26228 -1 26229 26230 26231 -1 26232 26233 26234 -1 26235 26236 26237 -1 26238 26239 26240 -1 26241 26242 26243 -1 26244 26245 26246 -1 26247 26248 26249 -1 26250 26251 26252 -1 26253 26254 26255 -1 26256 26257 26258 -1 26259 26260 26261 -1 26262 26263 26264 -1 26265 26266 26267 -1 26268 26269 26270 -1 26271 26272 26273 -1 26274 26275 26276 -1 26277 26278 26279 -1 26280 26281 26282 -1 26283 26284 26285 -1 26286 26287 26288 -1 26289 26290 26291 -1 26292 26293 26294 -1 26295 26296 26297 -1 26298 26299 26300 -1 26301 26302 26303 -1 26304 26305 26306 -1 26307 26308 26309 -1 26310 26311 26312 -1 26313 26314 26315 -1 26316 26317 26318 -1 26319 26320 26321 -1 26322 26323 26324 -1 26325 26326 26327 -1 26328 26329 26330 -1 26331 26332 26333 -1 26334 26335 26336 -1 26337 26338 26339 -1 26340 26341 26342 -1 26343 26344 26345 -1 26346 26347 26348 -1 26349 26350 26351 -1 26352 26353 26354 -1 26355 26356 26357 -1 26358 26359 26360 -1 26361 26362 26363 -1 26364 26365 26366 -1 26367 26368 26369 -1 26370 26371 26372 -1 26373 26374 26375 -1 26376 26377 26378 -1 26379 26380 26381 -1 26382 26383 26384 -1 26385 26386 26387 -1 26388 26389 26390 -1 26391 26392 26393 -1 26394 26395 26396 -1 26397 26398 26399 -1 26400 26401 26402 -1 26403 26404 26405 -1 26406 26407 26408 -1 26409 26410 26411 -1 26412 26413 26414 -1 26415 26416 26417 -1 26418 26419 26420 -1 26421 26422 26423 -1 26424 26425 26426 -1 26427 26428 26429 -1 26430 26431 26432 -1 26433 26434 26435 -1 26436 26437 26438 -1 26439 26440 26441 -1 26442 26443 26444 -1 26445 26446 26447 -1 26448 26449 26450 -1 26451 26452 26453 -1 26454 26455 26456 -1 26457 26458 26459 -1 26460 26461 26462 -1 26463 26464 26465 -1 26466 26467 26468 -1 26469 26470 26471 -1 26472 26473 26474 -1 26475 26476 26477 -1 26478 26479 26480 -1 26481 26482 26483 -1 26484 26485 26486 -1 26487 26488 26489 -1 26490 26491 26492 -1 26493 26494 26495 -1 26496 26497 26498 -1 26499 26500 26501 -1 26502 26503 26504 -1 26505 26506 26507 -1 26508 26509 26510 -1 26511 26512 26513 -1 26514 26515 26516 -1 26517 26518 26519 -1 26520 26521 26522 -1 26523 26524 26525 -1 26526 26527 26528 -1 26529 26530 26531 -1 26532 26533 26534 -1 26535 26536 26537 -1 26538 26539 26540 -1 26541 26542 26543 -1 26544 26545 26546 -1 26547 26548 26549 -1 26550 26551 26552 -1 26553 26554 26555 -1 26556 26557 26558 -1 26559 26560 26561 -1 26562 26563 26564 -1 26565 26566 26567 -1 26568 26569 26570 -1 26571 26572 26573 -1 26574 26575 26576 -1 26577 26578 26579 -1 26580 26581 26582 -1 26583 26584 26585 -1 26586 26587 26588 -1 26589 26590 26591 -1 26592 26593 26594 -1 26595 26596 26597 -1 26598 26599 26600 -1 26601 26602 26603 -1 26604 26605 26606 -1 26607 26608 26609 -1 26610 26611 26612 -1 26613 26614 26615 -1 26616 26617 26618 -1 26619 26620 26621 -1 26622 26623 26624 -1 26625 26626 26627 -1 26628 26629 26630 -1 26631 26632 26633 -1 26634 26635 26636 -1 26637 26638 26639 -1 26640 26641 26642 -1 26643 26644 26645 -1 26646 26647 26648 -1 26649 26650 26651 -1 26652 26653 26654 -1 26655 26656 26657 -1 26658 26659 26660 -1 26661 26662 26663 -1 26664 26665 26666 -1 26667 26668 26669 -1 26670 26671 26672 -1 26673 26674 26675 -1 26676 26677 26678 -1 26679 26680 26681 -1 26682 26683 26684 -1 26685 26686 26687 -1 26688 26689 26690 -1 26691 26692 26693 -1 26694 26695 26696 -1 26697 26698 26699 -1 26700 26701 26702 -1 26703 26704 26705 -1 26706 26707 26708 -1 26709 26710 26711 -1 26712 26713 26714 -1 26715 26716 26717 -1 26718 26719 26720 -1 26721 26722 26723 -1 26724 26725 26726 -1 26727 26728 26729 -1 26730 26731 26732 -1 26733 26734 26735 -1 26736 26737 26738 -1 26739 26740 26741 -1 26742 26743 26744 -1 26745 26746 26747 -1 26748 26749 26750 -1 26751 26752 26753 -1 26754 26755 26756 -1 26757 26758 26759 -1 26760 26761 26762 -1 26763 26764 26765 -1 26766 26767 26768 -1 26769 26770 26771 -1 26772 26773 26774 -1 26775 26776 26777 -1 26778 26779 26780 -1 26781 26782 26783 -1 26784 26785 26786 -1 26787 26788 26789 -1 26790 26791 26792 -1 26793 26794 26795 -1 26796 26797 26798 -1 26799 26800 26801 -1 26802 26803 26804 -1 26805 26806 26807 -1 26808 26809 26810 -1 26811 26812 26813 -1 26814 26815 26816 -1 26817 26818 26819 -1 26820 26821 26822 -1 26823 26824 26825 -1 26826 26827 26828 -1 26829 26830 26831 -1 26832 26833 26834 -1 26835 26836 26837 -1 26838 26839 26840 -1 26841 26842 26843 -1 26844 26845 26846 -1 26847 26848 26849 -1 26850 26851 26852 -1 26853 26854 26855 -1 26856 26857 26858 -1 26859 26860 26861 -1 26862 26863 26864 -1 26865 26866 26867 -1 26868 26869 26870 -1 26871 26872 26873 -1 26874 26875 26876 -1 26877 26878 26879 -1 26880 26881 26882 -1 26883 26884 26885 -1 26886 26887 26888 -1 26889 26890 26891 -1 26892 26893 26894 -1 26895 26896 26897 -1 26898 26899 26900 -1 26901 26902 26903 -1 26904 26905 26906 -1 26907 26908 26909 -1 26910 26911 26912 -1 26913 26914 26915 -1 26916 26917 26918 -1 26919 26920 26921 -1 26922 26923 26924 -1 26925 26926 26927 -1 26928 26929 26930 -1 26931 26932 26933 -1 26934 26935 26936 -1 26937 26938 26939 -1 26940 26941 26942 -1 26943 26944 26945 -1 26946 26947 26948 -1 26949 26950 26951 -1 26952 26953 26954 -1 26955 26956 26957 -1 26958 26959 26960 -1 26961 26962 26963 -1 26964 26965 26966 -1 26967 26968 26969 -1 26970 26971 26972 -1 26973 26974 26975 -1 26976 26977 26978 -1 26979 26980 26981 -1 26982 26983 26984 -1 26985 26986 26987 -1 26988 26989 26990 -1 26991 26992 26993 -1 26994 26995 26996 -1 26997 26998 26999 -1 27000 27001 27002 -1 27003 27004 27005 -1 27006 27007 27008 -1 27009 27010 27011 -1 27012 27013 27014 -1 27015 27016 27017 -1 27018 27019 27020 -1 27021 27022 27023 -1 27024 27025 27026 -1 27027 27028 27029 -1 27030 27031 27032 -1 27033 27034 27035 -1 27036 27037 27038 -1 "
						                coordIndex="3 0 2 -1 3 4 0 -1 3 2 5 -1 6 7 8 -1 9 4 3 -1 9 3 5 -1 12 11 6 -1 13 4 9 -1 17 11 12 -1 15 13 10 -1 18 14 15 -1 18 19 14 -1 18 15 16 -1 20 18 16 -1 24 26 27 -1 24 23 22 -1 31 26 24 -1 31 24 25 -1 31 32 26 -1 33 32 31 -1 38 32 33 -1 43 40 35 -1 41 38 34 -1 41 39 38 -1 44 41 42 -1 45 40 43 -1 44 39 41 -1 44 46 39 -1 47 46 44 -1 48 45 43 -1 47 42 49 -1 50 49 52 -1 53 54 55 -1 53 55 56 -1 57 11 17 -1 53 56 58 -1 59 45 51 -1 57 60 61 -1 57 61 11 -1 62 63 54 -1 64 17 65 -1 66 59 51 -1 62 54 53 -1 68 59 66 -1 67 58 69 -1 71 72 63 -1 70 60 64 -1 73 59 68 -1 74 65 75 -1 71 63 67 -1 74 76 60 -1 77 73 68 -1 74 70 65 -1 78 72 71 -1 78 71 69 -1 82 30 72 -1 80 74 75 -1 80 76 74 -1 82 72 78 -1 83 76 80 -1 52 84 46 -1 85 82 79 -1 87 76 83 -1 88 37 28 -1 88 28 30 -1 90 52 49 -1 88 85 37 -1 92 73 86 -1 90 93 52 -1 87 83 81 -1 94 95 96 -1 97 87 89 -1 97 91 87 -1 97 89 98 -1 101 92 86 -1 94 100 95 -1 102 93 90 -1 103 96 104 -1 103 94 96 -1 103 99 94 -1 106 102 90 -1 105 91 97 -1 103 107 99 -1 108 104 109 -1 110 105 98 -1 111 102 106 -1 110 91 105 -1 108 103 104 -1 110 98 112 -1 113 111 106 -1 117 92 101 -1 118 112 119 -1 115 108 109 -1 121 120 115 -1 122 111 116 -1 121 109 123 -1 95 92 117 -1 118 110 112 -1 124 114 118 -1 125 122 116 -1 121 126 120 -1 127 121 123 -1 128 122 125 -1 129 95 117 -1 130 124 119 -1 130 114 124 -1 130 119 131 -1 127 126 121 -1 130 55 114 -1 132 126 127 -1 133 122 128 -1 132 127 123 -1 134 133 128 -1 135 126 132 -1 96 95 129 -1 135 137 126 -1 138 136 2 -1 138 140 137 -1 7 133 139 -1 1 140 138 -1 0 140 1 -1 8 7 139 -1 141 142 143 -1 144 149 150 -1 143 148 141 -1 150 145 144 -1 149 151 152 -1 99 149 100 -1 120 154 107 -1 126 156 155 -1 126 155 120 -1 137 157 156 -1 4 159 158 -1 4 158 140 -1 14 159 4 -1 23 161 19 -1 27 164 163 -1 32 164 26 -1 32 165 164 -1 39 166 165 -1 46 166 39 -1 46 142 166 -1 170 171 168 -1 170 168 167 -1 172 173 174 -1 175 176 171 -1 175 177 176 -1 175 178 177 -1 175 171 170 -1 179 180 178 -1 179 178 175 -1 181 182 180 -1 181 183 182 -1 184 185 183 -1 184 186 185 -1 184 183 181 -1 187 188 186 -1 187 186 184 -1 192 191 193 -1 194 195 196 -1 197 195 194 -1 201 169 195 -1 201 195 197 -1 204 202 190 -1 207 192 198 -1 208 206 207 -1 208 205 204 -1 210 169 201 -1 210 167 169 -1 211 207 198 -1 211 209 207 -1 212 199 173 -1 212 211 198 -1 214 212 173 -1 214 211 212 -1 214 213 211 -1 215 210 201 -1 215 201 203 -1 215 203 205 -1 216 215 205 -1 220 214 173 -1 220 219 213 -1 221 215 216 -1 221 210 215 -1 222 221 216 -1 223 220 173 -1 224 216 217 -1 224 222 216 -1 225 218 219 -1 226 167 225 -1 226 225 219 -1 227 219 220 -1 227 226 219 -1 228 172 229 -1 228 227 223 -1 231 232 188 -1 234 230 187 -1 234 231 230 -1 235 234 187 -1 236 232 233 -1 238 235 187 -1 239 238 187 -1 240 237 236 -1 241 234 235 -1 241 231 234 -1 243 239 187 -1 244 243 187 -1 245 238 239 -1 246 236 233 -1 246 241 242 -1 247 245 239 -1 247 239 243 -1 248 244 187 -1 248 249 250 -1 251 242 245 -1 251 246 242 -1 252 253 237 -1 255 254 244 -1 259 257 254 -1 259 254 255 -1 260 261 262 -1 260 253 252 -1 264 255 258 -1 264 259 255 -1 266 250 267 -1 266 267 268 -1 266 258 250 -1 266 264 258 -1 269 246 251 -1 269 265 246 -1 270 252 240 -1 270 240 265 -1 270 265 269 -1 274 271 273 -1 276 257 259 -1 276 273 257 -1 277 259 264 -1 277 266 268 -1 277 276 259 -1 278 260 252 -1 278 270 272 -1 279 275 276 -1 280 276 277 -1 280 279 276 -1 280 277 268 -1 282 281 274 -1 282 274 275 -1 283 275 279 -1 283 282 275 -1 285 283 279 -1 285 279 280 -1 286 284 281 -1 288 286 282 -1 288 289 286 -1 290 288 283 -1 291 285 287 -1 291 290 285 -1 292 287 268 -1 292 291 287 -1 294 284 286 -1 294 289 261 -1 294 261 260 -1 294 286 289 -1 295 288 290 -1 295 289 288 -1 295 296 289 -1 297 290 291 -1 297 295 290 -1 297 298 296 -1 297 296 295 -1 299 297 291 -1 299 300 298 -1 299 298 297 -1 301 291 292 -1 301 292 293 -1 301 293 302 -1 301 299 291 -1 309 310 311 -1 309 312 310 -1 317 318 319 -1 321 322 323 -1 324 325 326 -1 321 327 322 -1 324 328 325 -1 329 330 331 -1 329 333 330 -1 329 334 333 -1 329 331 335 -1 329 335 334 -1 339 342 343 -1 351 352 353 -1 351 354 352 -1 349 328 324 -1 355 324 326 -1 355 333 334 -1 355 334 356 -1 357 358 359 -1 360 361 362 -1 357 363 358 -1 366 367 368 -1 369 332 370 -1 371 348 372 -1 371 346 348 -1 369 314 332 -1 373 344 339 -1 378 321 323 -1 377 360 362 -1 378 323 379 -1 380 353 381 -1 382 376 373 -1 386 387 388 -1 389 377 350 -1 389 350 349 -1 392 393 364 -1 394 365 356 -1 394 395 389 -1 394 356 395 -1 397 346 371 -1 396 384 382 -1 399 320 327 -1 401 360 377 -1 401 392 360 -1 400 359 354 -1 402 384 396 -1 402 385 403 -1 402 396 385 -1 407 401 377 -1 407 377 389 -1 407 395 409 -1 410 392 401 -1 410 407 409 -1 410 409 412 -1 413 309 311 -1 413 404 313 -1 413 311 414 -1 413 415 404 -1 416 369 370 -1 413 313 309 -1 419 411 420 -1 421 393 410 -1 421 422 393 -1 421 412 423 -1 424 422 421 -1 419 408 411 -1 424 421 423 -1 425 315 314 -1 426 427 422 -1 426 423 430 -1 428 371 375 -1 431 427 426 -1 432 388 433 -1 434 435 436 -1 431 437 427 -1 431 430 439 -1 440 437 431 -1 440 431 439 -1 438 379 442 -1 432 386 388 -1 441 440 439 -1 441 439 443 -1 444 441 443 -1 445 366 408 -1 446 447 437 -1 446 443 448 -1 449 448 450 -1 445 390 366 -1 452 327 321 -1 449 447 446 -1 449 446 448 -1 452 399 327 -1 455 447 449 -1 456 449 450 -1 458 445 408 -1 458 408 419 -1 460 397 371 -1 459 400 354 -1 461 447 455 -1 462 405 386 -1 463 455 456 -1 464 428 429 -1 462 432 453 -1 462 386 432 -1 465 456 457 -1 464 429 467 -1 468 452 321 -1 468 321 378 -1 475 469 461 -1 474 418 477 -1 474 477 479 -1 481 473 475 -1 482 438 442 -1 480 369 416 -1 484 465 466 -1 485 453 454 -1 486 475 478 -1 489 486 478 -1 490 419 471 -1 489 478 484 -1 491 470 453 -1 492 466 493 -1 494 378 438 -1 492 489 466 -1 495 496 447 -1 497 380 383 -1 497 459 351 -1 497 383 500 -1 498 471 472 -1 495 447 473 -1 501 485 488 -1 503 473 481 -1 503 502 495 -1 507 503 481 -1 508 464 467 -1 508 467 509 -1 514 464 508 -1 515 503 507 -1 514 476 464 -1 515 513 503 -1 517 416 451 -1 518 486 489 -1 518 489 492 -1 516 499 519 -1 517 511 416 -1 521 515 507 -1 520 488 337 -1 521 507 518 -1 522 438 482 -1 522 494 438 -1 524 498 516 -1 525 505 479 -1 525 479 526 -1 527 521 523 -1 525 526 528 -1 531 504 506 -1 533 516 519 -1 534 520 337 -1 533 519 536 -1 537 474 505 -1 538 391 390 -1 539 523 532 -1 537 451 474 -1 540 532 493 -1 543 514 508 -1 547 537 505 -1 546 524 516 -1 549 543 182 -1 550 522 482 -1 551 534 336 -1 554 541 528 -1 553 347 346 -1 554 528 555 -1 554 555 556 -1 558 548 515 -1 559 406 405 -1 558 521 527 -1 563 550 504 -1 563 504 531 -1 565 534 551 -1 565 545 534 -1 568 505 525 -1 566 535 552 -1 568 547 505 -1 572 398 425 -1 570 540 561 -1 573 558 527 -1 569 533 536 -1 575 346 397 -1 574 556 363 -1 578 533 569 -1 578 546 533 -1 579 566 552 -1 580 568 541 -1 583 405 462 -1 584 527 539 -1 584 539 542 -1 584 573 527 -1 583 559 405 -1 585 567 458 -1 586 573 584 -1 585 490 510 -1 587 462 470 -1 587 583 462 -1 590 591 391 -1 590 391 538 -1 588 566 579 -1 595 531 553 -1 596 569 581 -1 594 564 576 -1 597 425 480 -1 596 578 569 -1 598 586 593 -1 600 470 491 -1 600 491 512 -1 601 397 460 -1 600 587 470 -1 605 596 581 -1 606 599 582 -1 604 577 572 -1 607 554 574 -1 606 582 594 -1 608 593 542 -1 608 570 571 -1 608 542 570 -1 610 406 559 -1 614 553 575 -1 614 595 553 -1 616 594 602 -1 616 606 594 -1 615 597 480 -1 617 608 571 -1 619 560 567 -1 619 609 560 -1 620 598 612 -1 621 601 460 -1 621 460 476 -1 622 612 608 -1 622 608 617 -1 629 617 571 -1 628 615 517 -1 632 574 592 -1 635 559 583 -1 634 617 629 -1 635 610 559 -1 638 618 357 -1 639 631 620 -1 638 357 400 -1 639 620 636 -1 640 571 641 -1 644 623 512 -1 642 619 567 -1 645 622 634 -1 644 512 530 -1 646 624 633 -1 645 636 622 -1 649 476 514 -1 647 640 641 -1 647 634 629 -1 651 639 636 -1 652 633 452 -1 652 452 468 -1 653 645 634 -1 653 634 647 -1 654 517 537 -1 655 646 633 -1 658 585 603 -1 659 653 647 -1 660 644 530 -1 658 642 585 -1 661 659 648 -1 660 530 545 -1 664 657 653 -1 663 643 628 -1 665 655 652 -1 667 661 648 -1 666 650 587 -1 668 664 659 -1 670 546 578 -1 676 658 603 -1 677 671 667 -1 678 592 618 -1 676 603 627 -1 681 549 182 -1 682 673 679 -1 681 514 549 -1 683 662 621 -1 686 663 675 -1 690 676 627 -1 690 627 637 -1 693 497 500 -1 693 669 459 -1 693 459 497 -1 695 589 588 -1 692 494 522 -1 696 568 580 -1 697 680 698 -1 696 547 568 -1 697 689 680 -1 699 672 692 -1 701 649 681 -1 701 683 649 -1 704 686 675 -1 704 675 696 -1 705 706 589 -1 707 688 565 -1 707 565 577 -1 708 687 596 -1 710 692 703 -1 711 696 580 -1 711 704 696 -1 713 702 644 -1 713 644 660 -1 714 698 715 -1 714 697 698 -1 717 703 550 -1 716 638 669 -1 717 550 563 -1 720 701 681 -1 720 681 183 -1 722 707 577 -1 721 616 625 -1 724 708 624 -1 725 700 709 -1 726 719 711 -1 725 705 700 -1 726 711 580 -1 727 712 670 -1 728 725 709 -1 726 580 607 -1 728 709 721 -1 730 724 646 -1 733 669 693 -1 735 721 731 -1 736 626 643 -1 737 718 715 -1 736 722 604 -1 740 591 590 -1 736 604 626 -1 741 732 726 -1 742 731 625 -1 741 632 656 -1 743 729 688 -1 746 591 740 -1 747 742 631 -1 747 631 639 -1 749 717 734 -1 750 611 610 -1 751 742 747 -1 752 687 708 -1 752 727 687 -1 755 741 656 -1 756 734 595 -1 757 639 651 -1 760 590 609 -1 760 740 590 -1 761 663 686 -1 762 763 611 -1 765 651 657 -1 766 747 757 -1 766 757 765 -1 770 743 707 -1 770 707 722 -1 771 657 664 -1 774 760 768 -1 772 610 635 -1 776 708 724 -1 778 771 777 -1 779 656 678 -1 780 753 699 -1 781 668 671 -1 782 761 686 -1 781 777 668 -1 784 777 781 -1 785 762 772 -1 786 776 724 -1 787 773 783 -1 788 677 682 -1 789 722 736 -1 788 781 671 -1 788 671 677 -1 791 784 781 -1 793 755 779 -1 793 767 755 -1 795 774 768 -1 796 788 794 -1 796 791 788 -1 798 794 682 -1 798 682 685 -1 799 789 736 -1 803 796 794 -1 803 794 798 -1 805 793 779 -1 805 779 797 -1 806 783 630 -1 807 642 658 -1 808 798 804 -1 809 782 686 -1 810 808 804 -1 807 795 790 -1 811 689 697 -1 812 775 801 -1 807 790 642 -1 811 804 689 -1 812 792 775 -1 813 795 807 -1 815 812 801 -1 816 705 725 -1 820 811 714 -1 820 714 718 -1 821 809 719 -1 819 806 662 -1 822 716 733 -1 824 804 811 -1 825 658 676 -1 826 816 725 -1 828 805 797 -1 830 813 807 -1 831 728 735 -1 832 814 782 -1 833 806 819 -1 834 825 676 -1 834 676 690 -1 839 719 732 -1 839 821 719 -1 839 732 748 -1 840 749 773 -1 841 820 836 -1 841 824 820 -1 844 831 735 -1 845 846 591 -1 848 841 836 -1 849 852 853 -1 854 836 737 -1 845 591 746 -1 856 849 853 -1 855 694 857 -1 859 835 829 -1 860 856 853 -1 861 853 862 -1 861 860 853 -1 863 828 822 -1 864 683 701 -1 863 822 855 -1 866 850 856 -1 865 744 751 -1 863 855 857 -1 867 782 809 -1 868 833 819 -1 869 866 856 -1 870 773 787 -1 870 840 773 -1 875 871 826 -1 873 748 767 -1 876 877 850 -1 878 800 817 -1 879 847 762 -1 880 737 739 -1 876 850 866 -1 883 867 821 -1 884 865 751 -1 884 751 754 -1 887 764 774 -1 888 886 862 -1 887 882 764 -1 889 854 880 -1 889 848 854 -1 890 785 792 -1 892 876 881 -1 894 888 862 -1 895 834 690 -1 896 862 897 -1 893 713 729 -1 898 834 895 -1 899 873 767 -1 901 881 885 -1 900 754 766 -1 901 892 881 -1 902 701 720 -1 902 183 185 -1 903 842 893 -1 902 720 183 -1 904 885 886 -1 905 889 880 -1 904 901 885 -1 906 880 739 -1 907 886 888 -1 907 904 886 -1 909 870 787 -1 910 844 865 -1 911 912 846 -1 911 846 845 -1 914 892 901 -1 914 877 892 -1 915 812 827 -1 911 845 882 -1 917 888 894 -1 916 864 902 -1 919 914 901 -1 918 920 763 -1 921 900 766 -1 918 847 879 -1 925 821 839 -1 927 895 922 -1 928 884 900 -1 929 894 896 -1 928 913 884 -1 929 917 894 -1 930 921 769 -1 931 893 908 -1 931 903 893 -1 933 817 840 -1 935 877 914 -1 933 878 817 -1 935 936 877 -1 930 769 778 -1 938 907 917 -1 937 774 795 -1 939 924 195 -1 940 915 827 -1 937 887 774 -1 942 930 778 -1 941 911 882 -1 942 778 784 -1 944 917 929 -1 945 909 787 -1 945 787 818 -1 948 928 900 -1 949 947 919 -1 950 937 813 -1 952 948 921 -1 952 921 930 -1 953 929 932 -1 954 925 873 -1 956 946 890 -1 957 942 784 -1 958 938 944 -1 958 926 938 -1 956 890 915 -1 961 951 897 -1 962 953 932 -1 964 908 943 -1 965 958 944 -1 966 940 827 -1 966 827 835 -1 970 930 942 -1 972 954 899 -1 973 922 969 -1 973 927 922 -1 974 796 803 -1 975 962 951 -1 976 945 818 -1 975 951 961 -1 977 770 789 -1 974 963 796 -1 979 975 961 -1 979 961 967 -1 980 942 957 -1 981 813 830 -1 980 970 942 -1 981 950 813 -1 985 978 962 -1 987 956 915 -1 988 959 870 -1 989 985 975 -1 990 957 963 -1 992 984 968 -1 995 963 974 -1 997 989 984 -1 996 752 776 -1 998 973 969 -1 1002 997 984 -1 1003 810 824 -1 1004 991 977 -1 1003 999 810 -1 1004 977 1000 -1 1002 992 994 -1 1005 981 830 -1 1007 974 986 -1 1010 1002 994 -1 1011 983 950 -1 1007 995 974 -1 1011 950 981 -1 1012 833 868 -1 1015 1010 994 -1 1013 899 934 -1 1016 776 786 -1 1017 799 814 -1 1018 986 999 -1 1019 1008 1009 -1 1020 1019 1009 -1 1021 859 903 -1 1022 1020 1009 -1 1024 837 871 -1 1027 1000 1017 -1 1027 1004 1000 -1 1028 1006 966 -1 1029 999 1003 -1 1028 966 982 -1 1029 1018 999 -1 1030 981 1005 -1 1032 1022 1009 -1 1034 863 857 -1 1037 934 960 -1 1039 903 931 -1 1040 871 875 -1 1039 1021 903 -1 1040 1024 871 -1 1041 1023 1016 -1 1042 982 1021 -1 1043 936 1026 -1 1042 1028 982 -1 1044 843 898 -1 1043 1026 1038 -1 1043 1045 936 -1 1044 898 927 -1 1046 814 832 -1 1047 949 958 -1 1046 1027 1017 -1 1048 875 891 -1 1049 945 976 -1 1046 1017 814 -1 1050 1030 1005 -1 1053 1054 838 -1 1056 916 185 -1 1056 185 186 -1 1057 960 993 -1 1057 1037 960 -1 1059 958 965 -1 1061 1003 1014 -1 1061 1029 1003 -1 1062 1046 832 -1 1064 1039 931 -1 1066 1048 891 -1 1065 1038 1047 -1 1067 1046 1062 -1 1068 1065 1047 -1 1071 1049 976 -1 1072 1059 965 -1 1069 1053 1024 -1 1073 1042 1021 -1 1074 1061 1014 -1 1072 965 971 -1 1073 1021 1039 -1 1075 1067 1062 -1 1076 1069 1040 -1 1075 1062 867 -1 1078 1059 1072 -1 1079 1063 823 -1 1078 1068 1059 -1 1082 1052 889 -1 1082 889 905 -1 1083 1057 993 -1 1079 823 858 -1 1083 993 1034 -1 1085 910 913 -1 1087 1063 1079 -1 1089 973 998 -1 1090 1078 1072 -1 1088 1064 964 -1 1092 1073 1039 -1 1092 1039 1064 -1 1093 1084 978 -1 1094 1077 1060 -1 1095 991 1004 -1 1096 1031 1052 -1 1094 1060 1089 -1 1097 913 928 -1 1095 1088 991 -1 1098 1079 858 -1 1099 1090 1084 -1 1099 1084 1093 -1 1101 1099 1093 -1 1102 1087 1098 -1 1104 1056 186 -1 1104 1012 1056 -1 1107 928 948 -1 1106 918 946 -1 1112 1103 1085 -1 1115 1101 1093 -1 1115 1105 1109 -1 1116 1052 1082 -1 1115 1093 1105 -1 1116 1096 1052 -1 1117 1075 1100 -1 1118 1115 1109 -1 1123 1094 1089 -1 1124 1095 1027 -1 1123 1089 1108 -1 1125 1116 1082 -1 1124 1027 1051 -1 1126 1098 878 -1 1127 925 954 -1 1128 948 952 -1 1127 1117 1100 -1 1126 878 933 -1 1126 1102 1098 -1 1130 1106 946 -1 1130 946 956 -1 1131 1109 1121 -1 1132 1102 1126 -1 1134 1113 939 -1 1134 939 195 -1 1136 1129 1010 -1 1136 1010 1015 -1 1137 912 1114 -1 1138 1106 1130 -1 1139 911 941 -1 1138 1110 1106 -1 1140 1129 1136 -1 1142 1015 1019 -1 1146 1140 1136 -1 1147 1117 1127 -1 1146 1136 1142 -1 1148 1139 941 -1 1149 970 980 -1 1150 1138 1130 -1 1148 941 955 -1 1151 1142 1019 -1 1151 1019 1020 -1 1155 1108 1120 -1 1156 1128 1135 -1 1157 1151 1020 -1 1156 1145 1128 -1 1160 1149 980 -1 1162 954 972 -1 1162 1127 954 -1 1160 980 990 -1 1164 1157 1022 -1 1165 1137 1114 -1 1166 1153 1095 -1 1167 1147 1162 -1 1165 1114 1139 -1 1169 990 995 -1 1169 1160 990 -1 1170 1168 1164 -1 1171 1139 1148 -1 1171 1165 1139 -1 1174 1120 1144 -1 1175 1032 1055 -1 1173 1156 1135 -1 1176 1141 1172 -1 1176 1150 1141 -1 1180 1173 1149 -1 1181 1051 1067 -1 1181 1067 1086 -1 1181 1158 1051 -1 1182 1180 1160 -1 1182 1160 1169 -1 1184 1124 1158 -1 1184 1166 1124 -1 1185 1055 1058 -1 1188 1007 1018 -1 1187 959 988 -1 1188 1178 1007 -1 1186 1175 1185 -1 1189 1167 1162 -1 1190 1178 1188 -1 1197 1174 1144 -1 1199 1193 1177 -1 1200 1176 1192 -1 1201 1194 1029 -1 1202 1181 1086 -1 1196 1195 1068 -1 1199 1177 983 -1 1199 983 1011 -1 1205 1194 1201 -1 1205 1198 1188 -1 1208 1209 1045 -1 1210 1187 988 -1 1211 1061 1074 -1 1213 1186 1185 -1 1212 1184 1158 -1 1213 1185 1203 -1 1210 988 1025 -1 1214 1187 1210 -1 1215 1192 1028 -1 1215 1028 1042 -1 1218 1054 1053 -1 1216 1196 1078 -1 1220 1213 1203 -1 1221 1205 1201 -1 1222 1199 1011 -1 1219 1200 1192 -1 1223 1203 1080 -1 1226 1207 1102 -1 1229 1090 1099 -1 1230 1197 1183 -1 1230 1183 1207 -1 1231 1086 1117 -1 1232 1179 1195 -1 1233 1210 1025 -1 1228 1053 1069 -1 1231 1202 1086 -1 1235 1069 1076 -1 1237 1215 1227 -1 1240 1214 1210 -1 1239 1110 1138 -1 1241 1099 1101 -1 1240 1210 1233 -1 1235 1228 1069 -1 1242 1243 912 -1 1244 1201 1211 -1 1242 912 1137 -1 1244 1211 1224 -1 1241 1229 1099 -1 1242 1137 1165 -1 1247 1181 1202 -1 1247 1212 1181 -1 1248 1220 1223 -1 1250 1206 1037 -1 1251 1199 1222 -1 1250 1037 1057 -1 1252 1225 1206 -1 1253 1096 1116 -1 1252 1206 1250 -1 1254 1230 1207 -1 1254 1207 1226 -1 1253 1224 1096 -1 1257 1231 1147 -1 1257 1147 1167 -1 1256 1235 1076 -1 1258 1247 1202 -1 1259 1248 1238 -1 1260 1102 1132 -1 1258 1202 1231 -1 1261 1251 1222 -1 1261 1222 1236 -1 1264 1224 1253 -1 1264 1244 1224 -1 1262 1138 1150 -1 1265 1249 1229 -1 1268 1262 1150 -1 1267 1218 1228 -1 1269 1243 1242 -1 1270 1255 1115 -1 1268 1150 1176 -1 1270 1115 1118 -1 1273 1242 1165 -1 1274 1253 1116 -1 1275 1049 1071 -1 1272 1227 1073 -1 1276 1103 1112 -1 1277 1259 1238 -1 1280 1240 1233 -1 1279 1263 435 -1 1282 1083 1035 -1 1282 1035 1284 -1 1285 1165 1171 -1 1287 1257 1167 -1 1288 1118 1131 -1 1290 1291 1111 -1 1292 1236 1050 -1 1289 1125 1143 -1 1296 1131 1140 -1 1299 1092 1122 -1 1302 1269 1242 -1 1302 1242 1273 -1 1302 1273 1285 -1 1303 1270 1288 -1 1304 1272 1299 -1 1303 1300 1270 -1 1301 1119 1133 -1 1304 1278 1272 -1 1305 1193 1217 -1 1306 1296 1140 -1 1305 1285 1171 -1 1307 1231 1257 -1 1307 1258 1231 -1 1310 1286 1253 -1 1310 1253 1274 -1 1311 1077 1094 -1 1313 1239 1262 -1 1315 1143 1152 -1 1317 1167 1204 -1 1318 1236 1292 -1 1319 1303 1288 -1 1317 1287 1167 -1 1318 1261 1236 -1 1320 1260 1298 -1 1321 1200 1219 -1 1322 1154 1161 -1 1323 1276 1295 -1 1323 1312 1276 -1 1325 186 188 -1 1325 1071 1104 -1 1325 1275 1071 -1 1327 1275 1325 -1 1328 1296 1306 -1 1327 1280 1275 -1 1329 1257 1287 -1 1330 1295 1301 -1 1331 1298 1191 -1 1329 1307 1257 -1 1332 1322 1161 -1 1333 1292 1311 -1 1334 1304 1299 -1 1333 1318 1292 -1 1335 1152 169 -1 1336 1306 1314 -1 1338 1314 1322 -1 1337 1315 1335 -1 1339 1305 1217 -1 1338 1322 1332 -1 1340 1304 1334 -1 1338 1336 1314 -1 1341 1308 1305 -1 1341 1305 1339 -1 1345 1333 1311 -1 1346 1321 1219 -1 1346 1219 1237 -1 1347 1330 1301 -1 1345 1094 1123 -1 1347 1301 1324 -1 1349 1298 1331 -1 1350 1268 1309 -1 1348 1344 1170 -1 1350 1326 1268 -1 1352 1338 1332 -1 1349 1320 1298 -1 1353 1342 1156 -1 1355 1356 1243 -1 1353 1156 1173 -1 1355 1243 1269 -1 1358 1153 1166 -1 1360 1339 1217 -1 1366 1339 1360 -1 1372 1180 1182 -1 1369 1309 1321 -1 1373 1331 1364 -1 1375 1208 1232 -1 1374 1343 1225 -1 1376 1360 1261 -1 1379 1345 1123 -1 1378 1358 1166 -1 1379 1123 1155 -1 1381 1317 1343 -1 1382 1364 1214 -1 1381 1357 1317 -1 1382 1214 1240 -1 1384 1355 1269 -1 1385 1369 1321 -1 1387 1372 1182 -1 1384 1269 1302 -1 1387 1182 1190 -1 1389 1378 1184 -1 1389 1184 1212 -1 1393 1384 1302 -1 1393 1302 1308 -1 1394 1395 1209 -1 1397 1378 1389 -1 1398 1370 1348 -1 1396 1365 1372 -1 1396 1353 1365 -1 1398 1354 1371 -1 1398 1348 1354 -1 1400 1245 1267 -1 1400 1383 1245 -1 1403 1345 1379 -1 1404 1381 1343 -1 1402 1386 1234 -1 1406 1267 1271 -1 1404 1343 1374 -1 1407 1385 1346 -1 1408 1394 1375 -1 1409 1364 1382 -1 1409 1373 1364 -1 1408 1375 1386 -1 1410 1374 1252 -1 1411 1371 1388 -1 1410 1252 1297 -1 1414 1382 1240 -1 1414 1240 1280 -1 1415 1386 1402 -1 1416 1401 1304 -1 1419 1248 1259 -1 1417 1341 1366 -1 1418 1190 1198 -1 1421 1403 1379 -1 1420 1397 1389 -1 1423 1174 1197 -1 1422 1391 1383 -1 1425 1422 1406 -1 1423 1421 1399 -1 1428 1419 1259 -1 1429 1376 1261 -1 1430 1294 1312 -1 1434 1387 1418 -1 1435 1424 1265 -1 1436 1420 1247 -1 1434 1372 1387 -1 1436 1247 1258 -1 1437 1418 1198 -1 1438 1421 1423 -1 1437 1198 1205 -1 1439 1426 1420 -1 1439 1420 1436 -1 1440 1415 1402 -1 1442 1340 1363 -1 1443 1406 1430 -1 1445 1429 1318 -1 1444 1430 1312 -1 1445 1318 1333 -1 1446 1435 1266 -1 1448 1431 1401 -1 1447 1376 1429 -1 1449 1438 1423 -1 1449 1197 1230 -1 1451 1440 1424 -1 1452 1436 1258 -1 1453 1277 1293 -1 1454 1205 1221 -1 1455 1280 1327 -1 1452 1439 1436 -1 1454 1437 1205 -1 1455 1327 188 -1 1459 1435 1446 -1 1461 1410 1413 -1 1459 1451 1435 -1 1461 1413 1462 -1 1466 1419 1428 -1 1464 1414 1455 -1 1465 1442 1363 -1 1467 1447 1445 -1 1468 1446 1281 -1 1469 1437 1454 -1 1469 1450 1418 -1 1470 1438 1449 -1 1469 1418 1437 -1 1468 1281 1300 -1 1471 1291 1290 -1 1474 1446 1468 -1 1472 1445 1333 -1 1474 1459 1446 -1 1475 1453 1293 -1 1475 1293 434 -1 1477 1465 1380 -1 1478 1463 1473 -1 1478 1444 1463 -1 1479 1230 1254 -1 1480 1221 1244 -1 1481 1468 1300 -1 1481 1300 1303 -1 1483 1460 1390 -1 1483 1390 1405 -1 1484 1466 1428 -1 1485 1307 1329 -1 1486 1392 1391 -1 1486 1391 1422 -1 1487 1468 1481 -1 1485 1452 1307 -1 1488 1457 1452 -1 1489 1254 1283 -1 1490 1469 1454 -1 1491 1449 1479 -1 1494 1481 1303 -1 1494 1303 1319 -1 1498 1453 1475 -1 1499 1486 1422 -1 1498 1475 1476 -1 1499 1422 1425 -1 1502 1368 1403 -1 1503 1491 1489 -1 1504 1477 1397 -1 1504 1397 1426 -1 1505 1502 1421 -1 1507 1494 1319 -1 1506 1330 1347 -1 1510 1507 1328 -1 1512 1480 1495 -1 1513 1442 1465 -1 1515 1472 1502 -1 1516 1264 1286 -1 1517 1329 1357 -1 1516 1495 1264 -1 1518 1489 1283 -1 1517 1488 1485 -1 1519 1336 1338 -1 1522 1492 1471 -1 1524 1506 1347 -1 1522 1500 1509 -1 1525 1506 1524 -1 1530 1338 1352 -1 1531 1505 1438 -1 1527 1392 1486 -1 1532 1465 1477 -1 1527 1486 1499 -1 1530 1519 1338 -1 1533 1508 1443 -1 1534 1519 1530 -1 1535 1352 1359 -1 1537 1511 1447 -1 1538 1512 1495 -1 1537 1447 1467 -1 1536 1509 1326 -1 1540 1525 1524 -1 1542 1530 1535 -1 1542 1534 1530 -1 1544 1286 1310 -1 1541 1426 1439 -1 1544 1516 1286 -1 1546 1535 1359 -1 1545 1543 1518 -1 1548 1520 1517 -1 1545 1518 1320 -1 1546 1359 1370 -1 1550 1527 1499 -1 1553 1370 1398 -1 1555 1355 1384 -1 1555 1521 1355 -1 1554 1529 1509 -1 1558 1395 1394 -1 1559 1531 1470 -1 1557 1524 1361 -1 1559 1551 1531 -1 1561 1536 1350 -1 1562 1538 1516 -1 1563 1384 1393 -1 1563 1555 1384 -1 1564 1310 1316 -1 1561 1350 1369 -1 1565 1546 1553 -1 1566 1467 1496 -1 1567 1541 1439 -1 1568 1547 1478 -1 1566 1537 1467 -1 1569 1398 1411 -1 1567 1439 1457 -1 1568 1478 1493 -1 1570 1381 1404 -1 1571 1524 1557 -1 1572 1543 1545 -1 1573 1394 1408 -1 1574 1572 1545 -1 1571 1540 1524 -1 1570 1548 1381 -1 1573 1558 1394 -1 1577 1554 1561 -1 1580 1560 1533 -1 1579 1561 1369 -1 1584 1562 1516 -1 1584 1516 1544 -1 1587 1565 1553 -1 1587 1553 1569 -1 1590 1591 1395 -1 1588 1504 1541 -1 1592 1470 1491 -1 1592 1559 1470 -1 1593 1404 1427 -1 1595 1572 1574 -1 1596 1385 1407 -1 1597 1569 1411 -1 1599 1557 1576 -1 1599 1571 1557 -1 1596 1579 1385 -1 1598 1515 1539 -1 1600 1570 1593 -1 1601 1521 1555 -1 1602 1415 1440 -1 1602 1440 1451 -1 1604 1373 1409 -1 1607 1547 1568 -1 1602 1582 1415 -1 1608 1555 1563 -1 1609 1584 1544 -1 1610 1587 1569 -1 1610 1569 1597 -1 1609 1544 1564 -1 1608 1601 1555 -1 1611 1592 1503 -1 1613 1599 1589 -1 1612 1577 1561 -1 1614 1558 1573 -1 1618 1588 1541 -1 1617 1573 1582 -1 1615 1434 1450 -1 1620 1597 1432 -1 1622 1568 1581 -1 1622 1607 1568 -1 1625 1602 1451 -1 1625 1451 1459 -1 1627 1356 1578 -1 1627 1628 1356 -1 1631 1597 1620 -1 1631 1610 1597 -1 1632 1351 168 -1 1634 1620 1456 -1 1635 1605 1492 -1 1632 1594 1337 -1 1635 1492 1522 -1 1636 1582 1602 -1 1633 1409 1433 -1 1637 1595 1574 -1 1638 1550 1560 -1 1639 1427 1461 -1 1638 1630 1550 -1 1640 1563 1586 -1 1641 1593 1639 -1 1642 1589 1615 -1 1641 1600 1593 -1 1643 1616 1539 -1 1644 1581 1624 -1 1645 1625 1459 -1 1643 1551 1583 -1 1644 1622 1581 -1 1646 1567 1585 -1 1646 1618 1567 -1 1647 1564 1594 -1 1647 1609 1564 -1 1649 1623 1611 -1 1650 1642 1615 -1 1653 1407 1431 -1 1654 1543 1572 -1 1655 1540 1571 -1 1653 1596 1407 -1 1654 1611 1503 -1 1655 1624 1540 -1 1658 1580 1607 -1 1659 1520 1552 -1 1659 1621 1520 -1 1658 1560 1580 -1 1661 1634 1466 -1 1662 1629 1635 -1 1664 1656 1634 -1 1665 1469 1490 -1 1669 1625 1645 -1 1665 1450 1469 -1 1669 1657 1625 -1 1670 1474 1487 -1 1668 1578 1601 -1 1671 1662 1635 -1 1674 1655 1571 -1 1675 1668 1601 -1 1676 1653 1431 -1 1674 1571 1599 -1 1670 1487 1501 -1 1677 1644 1624 -1 1677 1624 1655 -1 1679 1433 1464 -1 1680 1661 1484 -1 1681 1653 1676 -1 1685 1490 1512 -1 1681 1626 1596 -1 1688 1649 1654 -1 1686 1585 1621 -1 1687 1661 1680 -1 1689 1572 1595 -1 1691 1665 1685 -1 1690 1639 1461 -1 1692 1628 1627 -1 1693 1690 1462 -1 1694 1655 1674 -1 1697 1678 1652 -1 1698 1672 1619 -1 1699 1607 1622 -1 1703 1681 1676 -1 1704 1501 1514 -1 1704 1514 1523 -1 1707 1691 1685 -1 1704 1695 1501 -1 1709 1583 1623 -1 1708 1648 1667 -1 1710 1699 1622 -1 1710 1622 1644 -1 1711 1700 1613 -1 1712 1676 1448 -1 1713 1697 1670 -1 1714 1651 1666 -1 1711 1613 1642 -1 1715 1704 1523 -1 1716 1685 1512 -1 1717 1689 1595 -1 1716 1512 1538 -1 1718 1686 1621 -1 1719 1483 1511 -1 1720 1674 1700 -1 1720 1694 1674 -1 1722 1606 1629 -1 1722 1723 1606 -1 1719 1666 1483 -1 1724 1707 1685 -1 1725 1464 1497 -1 1725 1679 1464 -1 1727 1689 1717 -1 1728 1695 1704 -1 1727 1688 1689 -1 1728 1713 1695 -1 1731 1692 1668 -1 1729 1577 1612 -1 1732 1696 1575 -1 1731 1668 1675 -1 1730 1724 1716 -1 1733 1591 1590 -1 1732 1575 1600 -1 1735 1706 1672 -1 1736 1644 1677 -1 1734 1667 1705 -1 1737 1731 1675 -1 1737 1675 1706 -1 1738 1700 1711 -1 1739 1676 1712 -1 1739 1703 1676 -1 1741 1721 1534 -1 1743 1659 1696 -1 1746 1612 1626 -1 1745 1511 1537 -1 1744 1663 1691 -1 1747 1725 237 -1 1747 237 253 -1 1749 1591 1733 -1 1749 1750 1591 -1 1754 1672 1698 -1 1754 1735 1672 -1 1752 1712 1482 -1 1756 1677 1694 -1 1757 1732 1600 -1 1761 1722 1629 -1 1759 1692 1731 -1 1766 1691 1707 -1 1766 1744 1691 -1 1768 1666 1719 -1 1764 1758 1614 -1 1771 1755 1715 -1 1770 1761 1662 -1 1773 1756 1694 -1 1774 1752 1513 -1 1773 1694 1720 -1 1775 1741 1542 -1 1772 1688 1727 -1 1774 1513 1532 -1 1776 1754 1698 -1 1777 1707 1724 -1 1779 1769 1584 -1 1782 1745 1537 -1 1783 1729 1746 -1 1786 1769 1779 -1 1787 1696 1732 -1 1788 1762 1778 -1 1791 1641 1693 -1 1793 1759 1731 -1 1794 1721 1741 -1 1795 1770 1671 -1 1795 1671 1708 -1 1793 1731 1737 -1 1794 1771 1721 -1 1798 1724 1742 -1 1799 1628 1759 -1 1800 1775 1542 -1 1803 1774 1532 -1 1802 1766 1777 -1 1803 1532 1556 -1 1804 1737 1765 -1 1805 1753 1763 -1 1804 1793 1737 -1 1805 1792 1738 -1 1806 1785 1764 -1 1808 1636 1657 -1 1811 1626 1681 -1 1812 1788 1778 -1 1813 1566 1598 -1 1809 1528 1603 -1 1814 1787 1732 -1 1809 1603 1630 -1 1814 1732 1757 -1 1815 1794 1741 -1 1816 1774 1803 -1 1816 1797 1774 -1 1818 1549 1565 -1 1819 1754 1776 -1 1818 1565 1587 -1 1818 1800 1549 -1 1820 1777 1798 -1 1821 1795 1708 -1 1820 1802 1777 -1 1822 1778 1660 -1 1823 1763 1784 -1 1824 1806 1808 -1 1825 1681 1703 -1 1828 1776 1714 -1 1828 1714 1768 -1 1830 1798 1742 -1 1833 1765 1790 -1 1833 1804 1765 -1 1834 1801 1745 -1 1835 1816 1803 -1 1837 1813 1598 -1 1838 1809 1630 -1 1839 1462 1840 -1 1842 1808 1829 -1 1842 1824 1808 -1 1841 1826 1793 -1 1845 1838 1630 -1 1846 1818 1587 -1 1844 1776 1828 -1 1845 1638 1658 -1 1846 1587 1610 -1 1848 1807 1751 -1 1847 1814 1757 -1 1850 1778 1822 -1 1851 1811 1825 -1 1849 1647 1673 -1 1850 1812 1778 -1 1855 1816 1835 -1 1853 1749 1781 -1 1856 1800 1818 -1 1857 1790 1819 -1 1858 1823 1784 -1 1859 1825 1703 -1 1860 1798 1830 -1 1861 1829 1836 -1 1865 1835 1588 -1 1864 1841 1804 -1 1869 1767 1783 -1 1869 1843 1767 -1 1870 1747 253 -1 1870 1702 1747 -1 1871 1817 1849 -1 1872 1873 1810 -1 1875 1751 1788 -1 1877 1865 1618 -1 1877 1618 1646 -1 1878 1802 1820 -1 1880 1866 1837 -1 1881 1868 1781 -1 1882 1883 1628 -1 1885 1830 1852 -1 1886 1818 1846 -1 1882 1628 1799 -1 1887 1852 1786 -1 1889 1844 1828 -1 1890 1863 1631 -1 1892 1859 1739 -1 1894 1867 1683 -1 1895 1697 1713 -1 1895 1874 1697 -1 1896 1879 1877 -1 1897 253 263 -1 1897 1822 1870 -1 1898 1809 1838 -1 1897 1870 253 -1 1899 1780 1797 -1 1901 1862 1643 -1 1899 1892 1780 -1 1901 1643 1684 -1 1905 1783 1831 -1 1906 1875 1788 -1 1907 1796 1827 -1 1907 1887 1796 -1 1903 1750 1853 -1 1910 1885 1852 -1 1912 1862 1901 -1 1912 1913 1914 -1 1912 1837 1862 -1 1909 1785 1806 -1 1915 1889 1854 -1 1916 1846 1863 -1 1915 1917 1918 -1 1920 1646 1686 -1 1915 1854 1891 -1 1921 1893 1857 -1 1922 1683 1699 -1 1920 1877 1646 -1 1924 1799 1826 -1 1926 1891 1834 -1 1927 1723 1722 -1 1926 1866 1880 -1 1929 1909 1824 -1 1931 1882 1924 -1 1932 1903 1853 -1 1932 1853 1868 -1 1934 1826 1841 -1 1934 1924 1826 -1 1935 1867 1894 -1 1937 1713 1728 -1 1938 1831 1851 -1 1939 1921 1876 -1 1940 1892 1899 -1 1941 1860 1885 -1 1942 1812 1850 -1 1942 1906 1812 -1 1947 1887 1907 -1 1947 1910 1887 -1 1946 1880 1912 -1 1946 1928 1926 -1 1944 1868 1881 -1 1948 1916 1863 -1 1948 1863 1890 -1 1951 1920 1686 -1 1952 1928 1917 -1 1952 1891 1928 -1 1952 1917 1915 -1 1953 1709 1740 -1 1953 1954 1955 -1 1956 1907 1943 -1 1957 1925 1656 -1 1953 1936 1709 -1 1956 1947 1907 -1 1961 1889 1915 -1 1961 1918 1962 -1 1958 1842 1861 -1 1961 1908 1889 -1 1961 1915 1918 -1 1959 1941 1885 -1 1958 1929 1824 -1 1964 1722 1761 -1 1963 1934 1841 -1 1963 1841 1864 -1 1966 1931 1924 -1 1965 1923 1895 -1 1967 1930 1710 -1 1968 1728 1755 -1 1967 1710 1736 -1 1970 1924 1934 -1 1970 1966 1924 -1 1971 176 177 -1 1969 1933 1816 -1 1972 1936 1953 -1 1972 1955 1913 -1 1975 1942 1897 -1 1976 1761 1770 -1 1975 1897 263 -1 1975 1977 1942 -1 1974 1944 1881 -1 1978 1963 1893 -1 1973 1894 1922 -1 1976 1964 1761 -1 1979 1939 1908 -1 1980 1959 1910 -1 1982 1958 1861 -1 1983 1953 1740 -1 1984 1967 1736 -1 1985 1938 1851 -1 1986 1890 1925 -1 1983 1954 1953 -1 1986 1948 1890 -1 1983 1740 1772 -1 1987 1934 1963 -1 1988 1990 1978 -1 1988 1981 1990 -1 1996 1987 1978 -1 1997 1956 1943 -1 1996 1978 1990 -1 1994 1957 1664 -1 1999 1983 1772 -1 2002 1937 1968 -1 1999 1772 1807 -1 2002 1965 1937 -1 2001 1980 1910 -1 2003 1931 1966 -1 2003 1995 1931 -1 2005 1756 1773 -1 2006 1904 1903 -1 2007 2000 1999 -1 2007 2008 2000 -1 2007 1807 1848 -1 2005 1984 1756 -1 2010 1770 1795 -1 2010 1976 1770 -1 2012 1883 1995 -1 2012 2013 1883 -1 2011 1974 1909 -1 2014 1971 177 -1 2016 1969 1855 -1 2017 1990 2018 -1 2017 1970 1987 -1 2017 1996 1990 -1 2021 1989 1992 -1 2022 1872 1898 -1 2023 1995 2003 -1 2024 1884 1911 -1 2025 1993 1930 -1 2026 1942 1977 -1 2026 1875 1906 -1 2025 1930 1967 -1 2027 1771 1794 -1 2029 2018 2030 -1 2031 1947 1956 -1 2035 2030 2036 -1 2038 1861 1900 -1 2035 2012 2023 -1 2032 1873 2022 -1 2039 262 2040 -1 2039 2040 1977 -1 2039 1977 1975 -1 2039 1975 263 -1 2042 2043 2013 -1 2042 2036 2044 -1 2042 2013 2035 -1 2046 2016 1879 -1 2048 2005 1792 -1 2045 2006 1903 -1 2049 2050 2043 -1 2051 1994 1687 -1 2051 1687 1701 -1 2049 2047 2044 -1 2051 1682 2053 -1 2055 2049 2052 -1 2055 851 2050 -1 2055 2057 852 -1 2055 852 851 -1 2059 1898 1919 -1 2059 2022 1898 -1 2060 2010 1821 -1 2061 1991 2027 -1 2062 2048 1792 -1 2063 1969 2016 -1 2064 2034 1958 -1 2064 1958 1982 -1 2066 2067 1723 -1 2068 2059 1919 -1 2069 2027 1794 -1 2070 1787 1814 -1 2069 2061 2027 -1 2071 1923 1965 -1 2072 1956 1997 -1 2072 2031 1956 -1 2073 2037 2070 -1 2074 1944 1974 -1 2075 2032 2022 -1 2076 2010 2060 -1 2075 2059 2068 -1 2076 2041 1976 -1 2075 2022 2059 -1 2077 2054 1940 -1 2078 2061 2069 -1 2079 2075 2068 -1 2080 2063 2016 -1 2081 1815 1832 -1 2080 2016 2046 -1 2082 1805 1823 -1 2082 1823 1858 -1 2081 2069 1815 -1 2084 1994 2051 -1 2084 2051 2053 -1 2084 2065 1994 -1 2087 1896 1945 -1 2087 2046 1896 -1 2087 2080 2046 -1 2088 1935 1950 -1 2089 2073 2070 -1 2090 2064 1982 -1 2088 2068 1935 -1 2091 2079 2068 -1 2092 2074 1974 -1 2093 1843 1869 -1 2094 2072 2014 -1 2097 1950 1973 -1 2095 2066 1998 -1 2097 2091 2088 -1 2097 2088 1950 -1 2098 2076 2060 -1 2100 2028 2041 -1 2100 2095 2028 -1 2101 2082 1858 -1 2102 2038 2071 -1 2102 2090 2038 -1 2103 2085 2005 -1 2105 2070 1814 -1 2103 2048 2062 -1 2103 2005 2048 -1 2109 2103 2062 -1 2110 2080 2087 -1 2112 2087 1945 -1 2112 1945 1989 -1 2113 2034 2064 -1 2114 1973 1993 -1 2115 2067 2066 -1 2114 2097 1973 -1 2116 2101 1858 -1 2116 1878 1902 -1 2119 2070 2105 -1 2120 2096 1856 -1 2121 2097 2114 -1 2121 2107 2097 -1 2122 2100 2041 -1 2122 2041 2076 -1 2124 2071 2086 -1 2124 2102 2071 -1 2125 2004 2063 -1 2126 2062 2082 -1 2126 2109 2062 -1 2128 2083 2093 -1 2128 2118 2083 -1 2130 2116 1902 -1 2132 1886 1916 -1 2132 2120 1886 -1 2133 2114 2123 -1 2135 2126 2101 -1 2137 1847 1888 -1 2139 2086 2108 -1 2142 1941 1959 -1 2142 2130 1902 -1 2143 2129 2078 -1 2142 1902 1941 -1 2145 2140 2132 -1 2145 1916 1948 -1 2148 2095 2100 -1 2148 2144 2095 -1 2149 2108 2117 -1 2150 2123 2136 -1 343 2125 2063 -1 2149 2139 2108 -1 332 316 2090 -1 2151 2116 2130 -1 343 2063 2080 -1 332 2090 2102 -1 2151 2135 2101 -1 2152 2134 1938 -1 2151 2101 2116 -1 2154 2140 2145 -1 2156 2119 2105 -1 2153 2136 2056 -1 2156 2137 2138 -1 2156 2138 2157 -1 2158 2143 2078 -1 2156 2105 2137 -1 2159 2142 1959 -1 2160 2141 2112 -1 2159 1959 1980 -1 2158 2078 2099 -1 2164 2130 2142 -1 2165 2067 2115 -1 2163 1948 1986 -1 370 332 2102 -1 370 2102 2124 -1 2166 2021 2073 -1 2167 2147 2032 -1 2168 2158 2111 -1 2166 2160 2131 -1 2169 2148 2100 -1 2170 1986 2015 -1 2169 2100 2122 -1 2170 2163 1986 -1 2171 2093 2134 -1 2171 2128 2093 -1 2174 1980 2001 -1 2173 2129 2143 -1 2175 2145 2163 -1 340 2080 2110 -1 2176 2085 2103 -1 417 2124 2139 -1 2177 2118 2128 -1 2182 2079 2091 -1 2181 2127 2140 -1 2180 1938 1985 -1 2183 2153 2176 -1 2183 2162 2153 -1 2185 2160 2166 -1 2186 2164 2142 -1 2186 2142 2159 -1 418 2139 2149 -1 418 417 2139 -1 2188 2165 2115 -1 2189 2190 1904 -1 368 2147 2167 -1 368 2033 2147 -1 2189 1904 2006 -1 2192 2171 2152 -1 2193 2103 2109 -1 2195 2144 2148 -1 477 2149 2155 -1 2198 2185 2166 -1 2199 2091 2107 -1 2198 2166 2179 -1 2199 2182 2091 -1 477 418 2149 -1 2200 2178 2170 -1 2201 2024 2054 -1 2200 2170 2194 -1 322 2183 2176 -1 2202 2140 2154 -1 2201 2180 2024 -1 2204 2187 2146 -1 2203 2193 2109 -1 2206 2159 2174 -1 2206 2186 2159 -1 2207 2179 2089 -1 411 368 2167 -1 2207 2089 2119 -1 2208 2165 2188 -1 2205 2189 2006 -1 2210 2128 2171 -1 2210 2177 2128 -1 323 2193 2203 -1 2213 2199 2107 -1 2214 2180 2201 -1 2215 2053 2216 -1 2215 2065 2084 -1 2213 2107 2121 -1 2214 2152 2180 -1 2215 2194 2065 -1 420 2172 2182 -1 2217 2202 2154 -1 2219 2188 2195 -1 2221 2161 2177 -1 479 477 2155 -1 2222 2168 2181 -1 2222 2197 2168 -1 374 2141 2160 -1 312 2179 2207 -1 2224 2213 2121 -1 379 2203 2220 -1 379 323 2203 -1 472 420 2182 -1 388 387 2190 -1 2229 2212 2227 -1 2229 2219 2195 -1 2229 2195 2212 -1 2232 2214 2201 -1 2233 2222 2181 -1 2234 2119 2156 -1 2234 2207 2119 -1 2235 2217 2154 -1 2234 2156 2157 -1 375 372 2174 -1 375 2196 2211 -1 385 374 2160 -1 499 2199 2213 -1 2236 2227 2187 -1 2237 2201 2218 -1 2238 2074 2092 -1 2237 2218 2228 -1 442 379 2231 -1 2238 2223 2074 -1 2239 2067 2191 -1 2239 364 2067 -1 433 388 2189 -1 2240 2133 2150 -1 2240 2224 2133 -1 433 2189 2205 -1 2241 2177 2210 -1 528 2184 2197 -1 528 526 2184 -1 2241 2221 2177 -1 2243 2094 178 -1 2243 2230 2072 -1 2243 2072 2094 -1 358 2233 2202 -1 310 312 2207 -1 310 2234 2157 -1 519 499 2213 -1 454 433 2205 -1 483 442 2231 -1 483 2231 2244 -1 2245 2237 2228 -1 2245 2228 306 -1 2245 304 2246 -1 345 338 2104 -1 2247 2249 2250 -1 326 2227 2236 -1 326 2236 330 -1 487 2223 2238 -1 2251 2239 2208 -1 487 454 2209 -1 555 528 2197 -1 467 429 2211 -1 2252 2242 2214 -1 353 352 2178 -1 2254 2251 2219 -1 2254 2219 2229 -1 307 2106 2125 -1 307 306 2106 -1 488 487 2238 -1 333 326 330 -1 313 2198 312 -1 354 2235 352 -1 313 404 403 -1 354 359 2235 -1 318 2240 319 -1 2256 2237 2245 -1 2256 2253 2252 -1 2256 2252 2237 -1 2256 2246 2253 -1 305 2245 306 -1 556 2222 2233 -1 2257 2242 2253 -1 315 2113 316 -1 2257 2249 2247 -1 2257 2253 2249 -1 347 506 2248 -1 342 307 343 -1 509 2243 180 -1 331 2241 2247 -1 381 2226 2216 -1 327 2183 322 -1 381 2216 383 -1 327 320 2183 -1 328 2254 2229 -1 348 2206 372 -1 363 2233 358 -1 363 556 2233 -1 2258 2259 2260 -1 2264 2258 2260 -1 2264 2263 2258 -1 2265 2266 2267 -1 2265 2267 293 -1 2265 293 268 -1 2264 2266 2265 -1 2263 2264 2265 -1 2268 2261 2263 -1 2268 2263 2265 -1 2269 2262 2261 -1 2269 2261 2268 -1 2270 2262 2269 -1 2271 2258 2262 -1 2272 2258 2271 -1 2273 2274 2275 -1 2276 2273 2277 -1 2282 173 200 -1 2282 2283 2284 -1 2282 2284 2279 -1 2290 2291 2292 -1 2298 2296 2295 -1 2300 2301 2294 -1 2302 2303 2299 -1 2304 2301 2300 -1 2305 2306 2307 -1 2308 2309 2303 -1 2305 2307 2310 -1 2311 2312 2301 -1 2313 2314 2309 -1 2317 2318 2315 -1 2320 2312 2311 -1 2321 2306 2316 -1 2317 2315 2313 -1 2322 2319 2317 -1 2322 2323 2319 -1 2328 2306 2321 -1 2329 2312 2320 -1 2329 2330 2312 -1 2325 2324 2322 -1 2331 2327 2325 -1 2332 2291 2306 -1 2331 2333 2327 -1 2331 2334 2333 -1 2331 2335 2334 -1 2331 2336 2335 -1 2337 2338 2336 -1 2337 2336 2331 -1 2289 2330 2329 -1 2289 2288 2330 -1 2287 2297 2288 -1 2339 2053 2340 -1 2348 2349 2350 -1 2354 2341 2343 -1 2354 2343 2357 -1 2355 2356 2358 -1 2359 2360 2361 -1 2359 2361 2363 -1 2364 2355 2358 -1 2364 2358 2367 -1 2369 2346 2373 -1 2374 2355 2364 -1 2378 2359 2363 -1 2379 2367 2380 -1 2378 2363 2381 -1 2378 2381 2382 -1 2383 2357 2384 -1 2385 2380 2386 -1 2387 2388 2345 -1 2385 2379 2380 -1 2387 2389 2388 -1 2391 2354 2383 -1 2392 2353 2395 -1 2392 2348 2353 -1 2392 2376 2377 -1 2392 2349 2348 -1 2392 2377 2393 -1 2396 2383 2384 -1 2397 2379 2385 -1 2398 2373 2368 -1 2399 2347 2362 -1 2398 2369 2373 -1 2400 2401 2402 -1 2400 2389 2387 -1 2403 2385 2386 -1 2404 2345 2344 -1 2404 2400 2387 -1 2404 2387 2345 -1 2403 2386 2371 -1 2405 2391 2383 -1 2405 2383 2396 -1 2406 2403 2371 -1 2406 2371 2370 -1 2409 2399 2362 -1 2411 2403 2406 -1 2412 2411 2406 -1 2413 2410 2382 -1 2413 2382 2414 -1 2415 2362 2374 -1 2416 2398 2368 -1 2416 2368 2365 -1 2420 2396 2360 -1 2421 2409 2415 -1 2422 2344 2369 -1 2422 2407 2404 -1 2423 2412 2406 -1 2425 2390 2397 -1 2425 2419 2390 -1 2426 2408 2407 -1 2426 2407 2422 -1 2428 2376 2392 -1 2429 2420 2359 -1 2428 2423 2376 -1 2429 2359 2378 -1 2430 2396 2420 -1 2431 2415 2419 -1 2432 2423 2428 -1 2433 2369 2398 -1 2434 2428 2392 -1 2437 2432 2428 -1 2436 2414 2438 -1 2437 2428 2434 -1 2441 2435 2425 -1 2443 2397 2411 -1 2443 2411 2412 -1 2442 2426 2422 -1 2443 2425 2397 -1 2445 2443 2412 -1 2445 2412 2427 -1 2446 2434 2392 -1 2446 2395 2437 -1 2446 2437 2434 -1 2449 694 500 -1 2449 2418 2421 -1 2451 2398 2416 -1 2453 2449 2421 -1 2454 2441 2425 -1 2454 2443 2445 -1 2452 2433 2451 -1 2454 2425 2443 -1 2456 2444 2429 -1 2456 2378 2410 -1 2458 2421 2431 -1 2462 2456 2410 -1 2458 2453 2421 -1 2462 2410 2413 -1 2465 2427 2432 -1 2466 2444 2456 -1 2467 2461 2463 -1 2467 2459 2461 -1 2470 2458 2431 -1 2472 2442 2452 -1 2470 2431 2435 -1 2471 2463 2469 -1 2473 2395 2474 -1 2473 2437 2395 -1 2475 2430 2444 -1 2473 2432 2437 -1 2478 2470 2435 -1 2480 2455 2457 -1 2482 2471 2479 -1 2481 2416 2417 -1 2483 2465 2473 -1 2486 2487 2448 -1 2486 2448 2447 -1 2488 2476 2477 -1 2486 2447 2450 -1 2492 434 436 -1 2493 2481 2417 -1 2494 2489 2449 -1 2492 436 2460 -1 2494 2449 2453 -1 2493 2417 2424 -1 2496 2485 2260 -1 2499 2490 2481 -1 2500 2455 2480 -1 2498 2464 2476 -1 2504 2484 2485 -1 2505 2413 2436 -1 2505 2462 2413 -1 2509 2470 2478 -1 2509 2507 2470 -1 2511 2450 2472 -1 2514 2512 2480 -1 2515 2492 2460 -1 2514 2480 2483 -1 2517 2499 2493 -1 2517 2493 2506 -1 2519 2505 2439 -1 2520 2487 2486 -1 2521 2482 2516 -1 2520 2486 2511 -1 2523 2506 2440 -1 2524 2491 2474 -1 2524 2483 2491 -1 2524 2514 2483 -1 2523 2440 2475 -1 2526 2517 2523 -1 2525 2515 2460 -1 2528 2498 2510 -1 2529 2495 2466 -1 2530 2494 2503 -1 2532 2527 2497 -1 2533 2499 2517 -1 2534 2485 2496 -1 2532 2497 2500 -1 2533 2513 2499 -1 2536 2530 2503 -1 2535 2521 2516 -1 2536 2503 2507 -1 2538 2508 2504 -1 2541 2533 2517 -1 2541 2517 2526 -1 2543 2510 2488 -1 2545 2520 2511 -1 2545 2274 2520 -1 2543 2488 2508 -1 2545 2537 2539 -1 2546 2545 2539 -1 2548 2540 2518 -1 2548 2518 2530 -1 2550 2544 2509 -1 2551 2523 2475 -1 2552 2538 2534 -1 2551 2475 2495 -1 2554 2525 2459 -1 2555 2530 2536 -1 2556 2539 2549 -1 2557 2528 2510 -1 2557 2510 2543 -1 2558 2531 2468 -1 2560 2533 2541 -1 2560 2549 2533 -1 2562 2536 2544 -1 2561 2547 2501 -1 2564 2524 2474 -1 2565 2552 2547 -1 2567 2544 2550 -1 2567 2562 2544 -1 2569 2550 2527 -1 2568 2535 2528 -1 2570 2556 2549 -1 2570 2549 2560 -1 2569 2527 2532 -1 2572 2459 2467 -1 2573 2563 2551 -1 2573 2551 2566 -1 2574 2541 2526 -1 2576 1035 2540 -1 2574 2526 2563 -1 2576 2540 2548 -1 2576 1284 1035 -1 2577 2574 2563 -1 2578 2561 2542 -1 2579 2576 2548 -1 2580 2529 2531 -1 2579 2548 2555 -1 2580 2566 2529 -1 2581 2565 2561 -1 2582 2550 2569 -1 2583 2580 2531 -1 2584 2538 2552 -1 2590 2553 2559 -1 2592 2559 2564 -1 2593 2580 2583 -1 2592 2590 2559 -1 2593 2589 2580 -1 2594 2275 2274 -1 2595 2260 2259 -1 2596 2588 2555 -1 2595 2542 2260 -1 2596 2555 2562 -1 2597 2575 2584 -1 2601 2584 2552 -1 2603 2577 2589 -1 2604 2585 2590 -1 2605 2604 2590 -1 2607 434 2492 -1 2606 2603 2589 -1 2608 2558 2439 -1 2608 2583 2558 -1 2611 2564 2474 -1 2615 2605 2592 -1 2613 2608 2439 -1 2615 2592 2602 -1 2616 2600 2598 -1 2617 2582 2585 -1 2618 2601 2581 -1 2621 2607 2515 -1 2617 2567 2582 -1 2620 2275 2600 -1 2622 2585 2604 -1 2624 2584 2601 -1 2625 2613 2439 -1 2624 2601 2618 -1 2624 2597 2584 -1 2626 2471 2482 -1 2627 1284 2576 -1 2625 2606 2593 -1 2628 2625 2439 -1 2626 2572 2467 -1 2629 2628 2439 -1 2629 2439 2275 -1 2626 2467 2471 -1 2630 2602 2610 -1 2631 2609 2597 -1 2631 2597 2624 -1 2630 2615 2602 -1 2632 2611 2612 -1 2634 2627 2576 -1 2636 2595 2614 -1 2637 2579 2588 -1 2636 2542 2595 -1 2642 2515 2525 -1 2644 2638 2636 -1 2645 2639 2634 -1 2646 2638 2644 -1 2647 2637 2588 -1 2648 2644 2614 -1 2649 2648 2259 -1 2651 2642 2525 -1 2652 2618 2581 -1 2653 2637 2647 -1 2652 2638 2646 -1 2654 2643 2605 -1 2654 2605 2615 -1 2655 2651 2554 -1 2657 2652 2646 -1 2658 2615 2630 -1 2659 2633 2521 -1 2658 2654 2615 -1 2661 2646 2644 -1 2661 2644 2648 -1 2662 1413 2639 -1 2663 2646 2661 -1 2663 2657 2646 -1 2664 2652 2657 -1 2667 2661 2648 -1 2667 2648 2649 -1 2666 2599 2617 -1 2670 2640 2635 -1 2670 2635 2664 -1 2671 2521 2535 -1 2675 2672 2645 -1 2675 2645 2653 -1 2680 2674 2657 -1 2679 2666 2669 -1 2681 2680 2668 -1 2685 2622 2641 -1 2685 2669 2622 -1 2686 2626 2633 -1 2686 2572 2626 -1 2686 2655 2572 -1 2687 2259 2688 -1 2685 2682 2669 -1 2687 2667 2649 -1 2687 2649 2259 -1 2689 2656 2660 -1 2690 2668 2667 -1 2690 2667 2687 -1 2691 2641 2643 -1 2692 2686 2633 -1 2691 2685 2641 -1 2694 2691 2643 -1 2693 2674 2680 -1 2694 2643 2654 -1 2696 2682 2685 -1 2696 2685 2691 -1 2698 2691 2694 -1 2700 2689 2660 -1 2702 2679 2682 -1 2703 2654 2658 -1 2703 2694 2654 -1 2705 434 2607 -1 2705 1476 434 -1 2706 1462 1413 -1 2707 2681 2668 -1 2708 2703 2658 -1 2710 2698 2694 -1 2711 2706 2662 -1 2711 2662 2672 -1 2712 2705 2607 -1 2713 2665 2673 -1 2714 2681 2707 -1 2713 2708 2665 -1 2715 2672 2675 -1 2717 2695 2714 -1 2718 2673 2677 -1 2719 2703 2708 -1 2722 2621 2642 -1 2723 2702 2682 -1 2724 2716 2659 -1 2725 2723 2696 -1 2725 2696 2698 -1 2731 2684 2689 -1 2731 2727 2684 -1 2733 2729 2718 -1 2734 2698 2710 -1 2735 2670 2676 -1 2735 2676 2697 -1 2734 2725 2698 -1 2736 2728 2683 -1 2737 1840 1462 -1 2736 2683 2701 -1 2741 2710 2719 -1 2741 2734 2710 -1 2742 2730 2655 -1 2742 2655 2686 -1 2743 1840 2737 -1 2744 2719 2721 -1 2745 1476 2705 -1 2748 2689 2700 -1 2749 1476 2745 -1 2751 2700 2702 -1 2752 2735 2697 -1 2755 2721 2729 -1 2757 2715 2727 -1 2759 2740 2746 -1 2761 2733 2678 -1 2761 2729 2733 -1 2762 2758 2756 -1 2761 2755 2729 -1 2763 2727 2731 -1 2763 2757 2727 -1 2766 2746 2757 -1 2765 2747 2692 -1 2768 2702 2723 -1 2768 2751 2702 -1 2770 2766 2757 -1 2771 2768 2723 -1 2773 2767 2732 -1 2773 2735 2752 -1 2774 2763 2731 -1 2774 2731 2748 -1 2773 2732 2735 -1 2775 2762 2760 -1 2776 2774 2751 -1 2777 2769 2726 -1 2778 2725 2734 -1 2777 2726 2730 -1 2778 2771 2725 -1 2781 2772 2724 -1 2780 2774 2776 -1 2781 2724 2728 -1 2782 2780 2776 -1 2785 2778 2734 -1 2784 2783 2752 -1 2785 2734 2741 -1 2786 2728 2736 -1 2787 2730 2742 -1 2788 2138 2743 -1 2790 2747 2765 -1 2790 2787 2747 -1 2793 2779 2777 -1 2793 2777 2787 -1 2795 2744 2755 -1 2797 1476 2749 -1 2798 2768 2771 -1 2799 2738 2739 -1 2800 2688 2801 -1 2800 2784 2754 -1 2802 2794 2753 -1 2804 2797 2749 -1 2803 2755 2761 -1 2805 2739 2750 -1 2805 2799 2739 -1 2807 2771 2778 -1 2807 2798 2771 -1 2808 2804 2758 -1 2811 2802 2759 -1 2812 2796 2810 -1 2813 2766 2770 -1 2816 2807 2778 -1 2817 2762 2775 -1 2819 2817 2775 -1 2819 2775 2779 -1 2821 2798 2807 -1 2821 2809 2798 -1 2822 2814 2772 -1 2822 2772 2781 -1 2824 2816 2785 -1 2825 2820 2767 -1 2825 2767 2773 -1 2826 2814 2822 -1 2827 311 2157 -1 2826 2815 2814 -1 2828 2678 2829 -1 2828 2823 2761 -1 2830 2822 2781 -1 2830 2781 2786 -1 2831 2788 2794 -1 2831 2827 2818 -1 2833 2824 2789 -1 2834 2786 2792 -1 2837 2821 2807 -1 2839 2831 2794 -1 2840 2819 2779 -1 2840 2779 2793 -1 2839 2836 2831 -1 2843 2800 2801 -1 2844 2795 2803 -1 2844 2833 2795 -1 2846 2840 2793 -1 2848 2792 2799 -1 2849 2836 2839 -1 2850 2838 2834 -1 2850 2834 2848 -1 2851 2847 2804 -1 2856 2839 2802 -1 2856 2802 2811 -1 2859 311 2827 -1 2859 2827 2836 -1 2361 2833 2844 -1 2361 2853 2833 -1 2861 2812 2815 -1 2863 2805 2820 -1 2864 2849 2839 -1 2864 2839 2856 -1 2865 2854 2863 -1 2866 2856 2862 -1 2867 2863 2820 -1 2868 2836 2849 -1 2868 2859 2836 -1 2869 2863 2867 -1 2869 2870 2871 -1 2869 2865 2863 -1 2869 2867 2870 -1 2873 2844 2803 -1 2873 2803 2823 -1 2874 2852 2806 -1 2875 2819 2840 -1 2875 2840 2846 -1 2879 2868 2849 -1 2880 2874 2806 -1 2880 2806 2809 -1 2881 1682 2832 -1 2882 2801 2870 -1 2363 2361 2844 -1 2882 2843 2801 -1 2884 2813 2845 -1 2883 2835 2838 -1 2885 2832 2847 -1 2886 2845 2852 -1 2888 2885 2847 -1 2888 2847 2851 -1 2891 2876 2858 -1 2892 2866 2862 -1 2342 2880 2809 -1 2895 2864 2866 -1 2894 2851 2857 -1 2896 2857 2860 -1 2896 2894 2857 -1 2898 2861 2872 -1 2899 2381 2877 -1 2900 2828 2829 -1 2900 2899 2828 -1 2898 2893 2861 -1 2901 311 2859 -1 2902 2855 2865 -1 2901 2903 2904 -1 2902 2869 2871 -1 2902 2865 2869 -1 2901 2868 2903 -1 2902 2890 2855 -1 2901 414 311 -1 2343 2342 2821 -1 2343 2821 2837 -1 2350 2878 2883 -1 2357 2343 2837 -1 2906 2896 2860 -1 2906 2860 2875 -1 2414 2899 2900 -1 2907 2906 2875 -1 2908 2886 2852 -1 2908 2897 2886 -1 2346 2897 2908 -1 2351 2883 2887 -1 2352 2871 2353 -1 2388 2895 2866 -1 2352 2890 2902 -1 2388 2892 2897 -1 2909 2874 2880 -1 2358 2885 2888 -1 2909 2908 2874 -1 2367 2888 2894 -1 2384 2842 2853 -1 2372 2907 2876 -1 2910 2911 2903 -1 2372 2876 2891 -1 2910 2868 2879 -1 2345 2897 2346 -1 2377 2891 2893 -1 2377 2372 2891 -1 2373 2346 2908 -1 2393 2377 2893 -1 2393 2893 2898 -1 2360 2853 2361 -1 2386 2906 2907 -1 2438 2414 2900 -1 2366 2909 2880 -1 2371 2386 2907 -1 2366 2880 2342 -1 2371 2907 2372 -1 2912 2911 2910 -1 2912 2910 2889 -1 2912 2913 2911 -1 2912 2889 2895 -1 2349 2394 2905 -1 2349 2905 2350 -1 2339 2216 2053 -1 2389 2402 2913 -1 2389 2913 2912 -1 2341 2366 2342 -1 2339 2340 2356 -1 4634 4793 4732 -1 4634 4614 4793 -1 4771 4655 4729 -1 4569 4571 4796 -1 4771 4679 4655 -1 4580 4623 4551 -1 4564 4748 4679 -1 4564 4679 4771 -1 4578 4571 4569 -1 4746 4556 4880 -1 4744 4627 4748 -1 4583 4497 4554 -1 4630 4880 4881 -1 4799 4822 4878 -1 4592 4497 4583 -1 4592 4778 4497 -1 4739 4940 4672 -1 4628 4627 4744 -1 4739 4672 4788 -1 4636 4630 4881 -1 4758 4778 4592 -1 4758 4636 4552 -1 4518 4914 4510 -1 4537 4518 4510 -1 4826 4761 4727 -1 4625 4623 4580 -1 4537 4510 4529 -1 4625 4830 4623 -1 4503 4768 4914 -1 4505 4499 4565 -1 4598 4739 4788 -1 4598 4788 4753 -1 4609 4826 4727 -1 4642 4826 4609 -1 4512 4768 4503 -1 4512 4669 4768 -1 4930 4642 4609 -1 4755 4537 4529 -1 4594 4800 4649 -1 4755 4529 4661 -1 4925 4642 4930 -1 4515 4800 4594 -1 4724 4598 4753 -1 4724 4753 4784 -1 4767 4925 4930 -1 4586 4515 4594 -1 4572 4755 4661 -1 4575 4830 4625 -1 4539 4515 4586 -1 4691 4669 4512 -1 4691 4680 4669 -1 4575 4719 4830 -1 4790 4680 4691 -1 4790 4531 4680 -1 4663 4811 4719 -1 4663 4719 4575 -1 4656 4925 4767 -1 4614 4724 4784 -1 4614 4784 4793 -1 4705 4539 4586 -1 4795 4572 4567 -1 4729 4531 4790 -1 4551 4539 4705 -1 4729 4655 4531 -1 4887 4796 4811 -1 4612 4656 4742 -1 4887 4811 4663 -1 4612 4742 4521 -1 4563 4795 4524 -1 2917 2915 2914 -1 60 2918 61 -1 60 2921 2922 -1 60 2922 2919 -1 60 2919 2918 -1 76 2923 2924 -1 76 2921 60 -1 91 2926 2923 -1 114 2925 91 -1 55 2929 2930 -1 54 2931 55 -1 63 2932 54 -1 72 2934 2933 -1 30 2935 2934 -1 2937 2935 2936 -1 29 2936 30 -1 2914 2918 2917 -1 2936 2939 2937 -1 4704 4600 4629 -1 4928 4658 4600 -1 4928 4894 4899 -1 4928 4600 4704 -1 4928 4899 4658 -1 4584 4721 4885 -1 4584 4928 4721 -1 4809 4902 4832 -1 4809 4890 4902 -1 4809 4933 4890 -1 4809 4631 4933 -1 4696 4947 4894 -1 4696 4698 4947 -1 2941 2940 4696 -1 4899 4901 4809 -1 4653 4696 4894 -1 4653 4928 4584 -1 4706 4584 4557 -1 4723 4653 4584 -1 4891 4900 4899 -1 4891 4871 4900 -1 4693 4711 4710 -1 4658 4832 4711 -1 4658 4711 4693 -1 4588 4658 4666 -1 4894 4896 4749 -1 4894 4821 4641 -1 4600 4585 4671 -1 84 143 46 -1 144 145 146 -1 147 141 148 -1 149 152 150 -1 99 153 151 -1 99 151 149 -1 107 154 153 -1 107 153 99 -1 120 155 154 -1 137 156 126 -1 140 158 157 -1 140 157 137 -1 14 160 159 -1 19 161 160 -1 19 160 14 -1 23 162 161 -1 163 162 23 -1 27 163 23 -1 26 164 27 -1 32 165 4597 -1 39 165 32 -1 39 166 4558 -1 46 142 4707 -1 143 142 46 -1 167 168 169 -1 181 180 179 -1 189 190 191 -1 192 189 191 -1 194 196 190 -1 198 192 193 -1 199 193 200 -1 199 200 173 -1 199 198 193 -1 202 197 194 -1 202 194 190 -1 203 201 197 -1 203 197 202 -1 204 190 189 -1 204 203 202 -1 205 203 204 -1 206 204 189 -1 207 206 189 -1 207 189 192 -1 208 204 206 -1 209 208 207 -1 212 198 199 -1 213 209 211 -1 217 205 208 -1 217 216 205 -1 217 208 209 -1 218 209 213 -1 218 217 209 -1 219 218 213 -1 220 213 214 -1 221 167 210 -1 222 167 221 -1 223 173 172 -1 224 167 222 -1 224 217 218 -1 225 224 218 -1 225 167 224 -1 227 220 223 -1 227 167 226 -1 228 229 167 -1 228 223 172 -1 228 167 227 -1 230 188 187 -1 231 188 230 -1 233 232 231 -1 236 237 232 -1 241 233 231 -1 242 235 238 -1 242 241 235 -1 245 242 238 -1 246 233 241 -1 248 187 249 -1 252 237 240 -1 254 247 243 -1 254 243 244 -1 255 244 248 -1 256 245 247 -1 256 251 245 -1 257 247 254 -1 257 256 247 -1 258 248 250 -1 258 255 248 -1 260 263 253 -1 260 262 263 -1 265 240 236 -1 265 236 246 -1 271 251 256 -1 271 269 251 -1 272 270 269 -1 273 256 257 -1 273 271 256 -1 274 269 271 -1 274 272 269 -1 275 274 273 -1 276 275 273 -1 277 264 266 -1 278 252 270 -1 281 278 272 -1 281 272 274 -1 284 278 281 -1 284 260 278 -1 286 281 282 -1 287 285 280 -1 287 280 268 -1 288 282 283 -1 290 283 285 -1 292 268 293 -1 294 260 284 -1 301 302 300 -1 301 4577 302 -1 301 300 299 -1 303 304 305 -1 303 306 307 -1 303 308 304 -1 309 313 312 -1 314 315 316 -1 317 319 320 -1 314 316 332 -1 336 337 338 -1 339 340 341 -1 339 344 342 -1 336 338 345 -1 339 343 340 -1 346 347 348 -1 349 350 328 -1 355 326 333 -1 360 364 361 -1 365 349 324 -1 365 355 356 -1 365 324 355 -1 373 339 341 -1 373 341 374 -1 371 372 375 -1 373 376 344 -1 377 362 350 -1 380 351 353 -1 382 373 374 -1 380 381 383 -1 382 384 376 -1 382 374 385 -1 390 391 367 -1 392 364 360 -1 392 393 4730 -1 390 367 366 -1 394 349 365 -1 394 389 349 -1 396 382 385 -1 398 345 315 -1 398 336 345 -1 400 357 359 -1 402 403 404 -1 399 317 320 -1 405 406 387 -1 402 404 384 -1 407 389 395 -1 408 366 368 -1 410 393 392 -1 408 368 411 -1 410 401 407 -1 405 387 386 -1 413 414 415 -1 416 370 417 -1 416 417 418 -1 421 410 412 -1 421 422 4772 -1 425 398 315 -1 428 375 429 -1 426 422 424 -1 426 424 423 -1 431 426 430 -1 431 437 4745 -1 438 378 379 -1 441 437 440 -1 444 437 441 -1 446 437 444 -1 446 444 443 -1 451 416 418 -1 453 433 454 -1 453 432 433 -1 456 450 457 -1 456 455 449 -1 459 354 351 -1 460 371 428 -1 463 461 455 -1 465 457 466 -1 465 463 456 -1 469 447 461 -1 470 462 453 -1 471 420 472 -1 471 419 420 -1 473 447 469 -1 474 451 418 -1 475 461 463 -1 475 473 469 -1 476 460 428 -1 478 463 465 -1 476 428 464 -1 480 314 369 -1 478 475 463 -1 482 442 483 -1 480 425 314 -1 484 478 465 -1 486 481 475 -1 485 454 487 -1 485 487 488 -1 489 484 466 -1 490 458 419 -1 491 453 485 -1 494 468 378 -1 498 472 499 -1 497 351 380 -1 501 491 485 -1 498 490 471 -1 502 496 495 -1 504 482 483 -1 505 474 479 -1 504 483 506 -1 503 495 473 -1 507 481 486 -1 510 490 498 -1 511 480 416 -1 512 491 501 -1 513 502 503 -1 516 498 499 -1 518 507 486 -1 520 501 488 -1 523 492 493 -1 523 518 492 -1 523 521 518 -1 524 510 498 -1 529 496 502 -1 530 501 520 -1 530 512 501 -1 531 506 347 -1 532 523 493 -1 534 530 520 -1 535 496 529 -1 534 337 336 -1 537 517 451 -1 539 527 523 -1 541 525 528 -1 542 539 532 -1 542 532 540 -1 543 180 182 -1 544 529 502 -1 544 502 513 -1 545 530 534 -1 543 509 180 -1 543 508 509 -1 546 516 533 -1 544 535 529 -1 548 513 515 -1 549 514 543 -1 548 544 513 -1 550 482 504 -1 551 336 398 -1 552 535 544 -1 553 531 347 -1 552 544 548 -1 557 552 548 -1 558 515 521 -1 560 538 390 -1 561 493 562 -1 560 390 445 -1 561 540 493 -1 564 548 558 -1 564 557 548 -1 566 496 535 -1 567 560 445 -1 567 445 458 -1 569 536 318 -1 570 562 571 -1 568 525 541 -1 570 561 562 -1 570 542 540 -1 573 564 558 -1 572 551 398 -1 574 554 556 -1 576 564 573 -1 575 553 346 -1 577 551 572 -1 577 565 551 -1 579 552 557 -1 581 569 318 -1 581 318 317 -1 582 557 564 -1 582 579 557 -1 585 458 490 -1 586 576 573 -1 588 589 496 -1 588 496 566 -1 592 363 357 -1 593 586 584 -1 593 584 542 -1 592 574 363 -1 594 582 564 -1 595 563 531 -1 597 572 425 -1 599 588 579 -1 601 575 397 -1 599 579 582 -1 602 576 586 -1 603 585 510 -1 602 594 576 -1 604 572 597 -1 605 317 399 -1 607 580 541 -1 605 581 317 -1 607 541 554 -1 609 538 560 -1 610 611 406 -1 609 590 538 -1 612 593 608 -1 612 598 593 -1 613 586 598 -1 613 602 586 -1 615 480 511 -1 615 511 517 -1 618 592 357 -1 620 613 598 -1 623 600 512 -1 624 596 605 -1 625 602 613 -1 625 616 602 -1 626 604 597 -1 626 597 615 -1 627 603 510 -1 627 510 524 -1 628 626 615 -1 630 614 575 -1 630 575 601 -1 631 613 620 -1 631 625 613 -1 632 607 574 -1 633 399 452 -1 633 605 399 -1 634 622 617 -1 633 624 605 -1 636 612 622 -1 637 524 546 -1 636 620 612 -1 637 627 524 -1 640 629 571 -1 642 567 585 -1 643 626 628 -1 647 641 648 -1 647 629 640 -1 649 621 476 -1 650 583 587 -1 650 635 583 -1 651 636 645 -1 654 628 517 -1 654 537 547 -1 655 633 652 -1 656 632 592 -1 657 651 645 -1 657 645 653 -1 659 647 648 -1 662 630 601 -1 663 628 654 -1 662 601 621 -1 664 653 659 -1 666 587 600 -1 666 600 623 -1 665 652 468 -1 665 468 494 -1 668 659 661 -1 669 400 459 -1 669 638 400 -1 670 637 546 -1 671 661 667 -1 672 655 665 -1 671 668 661 -1 673 648 674 -1 675 654 547 -1 673 667 648 -1 675 663 654 -1 677 667 673 -1 678 656 592 -1 679 673 674 -1 679 674 680 -1 681 182 183 -1 681 649 514 -1 683 621 649 -1 684 666 623 -1 682 677 673 -1 685 682 679 -1 685 679 680 -1 687 670 578 -1 688 545 565 -1 687 578 596 -1 689 685 680 -1 688 660 545 -1 691 678 618 -1 691 618 638 -1 692 665 494 -1 693 500 694 -1 692 672 665 -1 696 675 547 -1 700 588 599 -1 702 623 644 -1 703 692 522 -1 700 695 588 -1 702 684 623 -1 703 522 550 -1 705 589 695 -1 705 695 700 -1 709 599 606 -1 708 596 624 -1 710 699 692 -1 712 637 670 -1 709 700 599 -1 712 690 637 -1 716 691 638 -1 718 714 715 -1 717 710 703 -1 719 704 711 -1 721 709 606 -1 721 606 616 -1 723 710 717 -1 722 577 604 -1 724 624 646 -1 726 607 632 -1 729 713 660 -1 727 670 687 -1 730 646 655 -1 731 721 625 -1 729 660 688 -1 730 655 672 -1 732 719 726 -1 733 693 694 -1 733 716 669 -1 734 563 595 -1 734 717 563 -1 735 728 721 -1 737 715 738 -1 737 738 739 -1 741 726 632 -1 742 625 631 -1 744 731 742 -1 744 735 731 -1 743 688 707 -1 745 736 643 -1 745 643 663 -1 748 732 741 -1 749 723 717 -1 751 744 742 -1 753 730 672 -1 753 672 699 -1 754 751 747 -1 756 749 734 -1 756 595 614 -1 757 747 639 -1 755 748 741 -1 758 739 759 -1 758 759 196 -1 758 196 195 -1 761 745 663 -1 762 611 750 -1 762 763 4573 -1 764 740 760 -1 765 757 651 -1 764 746 740 -1 766 754 747 -1 767 748 755 -1 768 760 609 -1 769 766 765 -1 771 765 657 -1 768 609 619 -1 772 762 750 -1 773 749 756 -1 774 764 760 -1 772 750 610 -1 775 772 635 -1 775 635 650 -1 776 752 708 -1 777 771 664 -1 777 664 668 -1 778 765 771 -1 778 769 765 -1 779 755 656 -1 783 614 630 -1 783 773 756 -1 783 756 614 -1 785 772 775 -1 786 724 730 -1 784 778 777 -1 789 770 722 -1 790 619 642 -1 791 781 788 -1 792 785 775 -1 790 768 619 -1 794 788 682 -1 797 779 678 -1 797 678 691 -1 795 768 790 -1 799 736 745 -1 800 699 710 -1 800 710 723 -1 800 780 699 -1 801 775 650 -1 802 786 730 -1 801 650 666 -1 802 730 753 -1 804 685 689 -1 806 630 662 -1 804 798 685 -1 808 803 798 -1 809 704 719 -1 809 686 704 -1 811 697 714 -1 814 799 745 -1 814 761 782 -1 814 745 761 -1 816 706 705 -1 815 801 666 -1 817 800 723 -1 818 787 783 -1 815 666 684 -1 818 783 806 -1 819 662 683 -1 822 691 716 -1 823 802 753 -1 824 810 804 -1 823 753 780 -1 824 811 820 -1 822 797 691 -1 827 812 815 -1 828 797 822 -1 826 725 728 -1 825 807 658 -1 829 815 684 -1 829 684 702 -1 830 807 825 -1 831 826 728 -1 833 818 806 -1 835 827 815 -1 835 815 829 -1 836 820 718 -1 836 718 737 -1 837 838 706 -1 840 723 749 -1 837 706 816 -1 840 817 723 -1 842 702 713 -1 843 830 825 -1 842 829 702 -1 843 825 834 -1 844 735 744 -1 847 763 762 -1 849 850 851 -1 849 851 852 -1 855 822 733 -1 855 733 694 -1 854 848 836 -1 858 823 780 -1 856 850 849 -1 858 780 800 -1 859 829 842 -1 864 819 683 -1 865 844 744 -1 867 809 821 -1 869 856 860 -1 868 819 864 -1 867 832 782 -1 871 837 816 -1 872 869 860 -1 872 860 861 -1 871 816 826 -1 873 839 748 -1 874 861 862 -1 875 826 831 -1 874 872 861 -1 878 858 800 -1 876 866 869 -1 880 854 737 -1 879 762 785 -1 881 876 869 -1 881 869 872 -1 882 746 764 -1 885 872 874 -1 882 845 746 -1 885 881 872 -1 886 874 862 -1 886 885 874 -1 890 879 785 -1 891 875 831 -1 892 877 876 -1 891 831 844 -1 893 842 713 -1 895 690 712 -1 896 894 862 -1 900 884 754 -1 898 843 834 -1 902 864 701 -1 903 859 842 -1 906 739 758 -1 908 893 729 -1 908 729 743 -1 910 891 844 -1 913 865 884 -1 913 910 865 -1 915 792 812 -1 915 890 792 -1 916 902 185 -1 916 868 864 -1 917 907 888 -1 918 763 847 -1 918 920 4756 -1 921 766 769 -1 919 901 904 -1 922 712 727 -1 922 895 712 -1 923 905 880 -1 923 880 906 -1 924 758 195 -1 925 839 873 -1 924 906 758 -1 926 919 904 -1 926 904 907 -1 925 883 821 -1 927 898 895 -1 932 929 896 -1 932 896 897 -1 934 767 793 -1 935 936 4540 -1 935 914 919 -1 937 795 813 -1 934 899 767 -1 938 926 907 -1 939 906 924 -1 939 923 906 -1 941 882 887 -1 943 908 743 -1 944 938 917 -1 943 743 770 -1 946 918 879 -1 947 935 919 -1 949 919 926 -1 948 900 921 -1 946 879 890 -1 951 932 897 -1 953 944 929 -1 954 873 899 -1 955 941 887 -1 955 887 937 -1 959 840 870 -1 958 949 926 -1 960 793 805 -1 957 784 791 -1 959 933 840 -1 960 934 793 -1 963 791 796 -1 963 957 791 -1 962 932 951 -1 964 931 908 -1 967 897 968 -1 969 727 752 -1 967 961 897 -1 969 922 727 -1 970 952 930 -1 971 953 962 -1 971 944 953 -1 971 965 944 -1 976 818 833 -1 978 971 962 -1 977 943 770 -1 982 966 835 -1 982 835 859 -1 983 937 950 -1 983 955 937 -1 984 979 967 -1 984 967 968 -1 986 803 808 -1 985 962 975 -1 988 870 909 -1 986 974 803 -1 987 915 940 -1 989 979 984 -1 991 964 943 -1 991 943 977 -1 990 980 957 -1 989 975 979 -1 993 960 805 -1 994 992 968 -1 995 990 963 -1 993 805 828 -1 996 969 752 -1 993 828 863 -1 999 808 810 -1 998 969 996 -1 1000 789 799 -1 999 986 808 -1 1001 994 968 -1 1002 984 992 -1 1000 977 789 -1 1005 830 843 -1 1006 940 966 -1 1008 968 1009 -1 1006 987 940 -1 1008 1001 968 -1 1013 972 899 -1 1014 1003 824 -1 1015 994 1001 -1 1012 976 833 -1 1014 824 841 -1 1015 1001 1008 -1 1018 1007 986 -1 1019 1015 1008 -1 1017 1000 799 -1 1016 996 776 -1 1021 982 859 -1 1023 998 996 -1 1023 996 1016 -1 1024 838 837 -1 1025 909 945 -1 1026 936 935 -1 1025 988 909 -1 1026 935 947 -1 1030 1011 981 -1 1031 1014 841 -1 1032 1009 1033 -1 1034 993 863 -1 1031 841 848 -1 1034 857 1035 -1 1036 786 802 -1 1036 1016 786 -1 1037 1013 934 -1 1038 947 949 -1 1038 1026 947 -1 1041 1016 1036 -1 1043 1045 4516 -1 1044 1005 843 -1 1048 1040 875 -1 1049 1025 945 -1 1050 1005 1044 -1 1051 1027 1046 -1 1052 1031 848 -1 1047 1038 949 -1 1052 848 889 -1 1055 1032 1033 -1 1056 868 916 -1 1058 1055 1033 -1 1056 1012 868 -1 1060 1044 927 -1 1053 838 1024 -1 1060 927 973 -1 1062 832 867 -1 1063 1041 1036 -1 1059 1047 958 -1 1063 802 823 -1 1065 1043 1038 -1 1063 1036 802 -1 1064 931 964 -1 1067 1051 1046 -1 1066 891 910 -1 1068 1047 1059 -1 1069 1024 1040 -1 1070 1041 1063 -1 1071 976 1012 -1 1074 1014 1031 -1 1076 1040 1048 -1 1075 867 883 -1 1077 1050 1044 -1 1077 1044 1060 -1 1080 1033 1081 -1 1080 1058 1033 -1 1083 1034 1035 -1 1084 1072 971 -1 1086 1067 1075 -1 1084 971 978 -1 1087 1070 1063 -1 1088 964 991 -1 1085 1066 910 -1 1089 1060 973 -1 1091 905 923 -1 1090 1072 1084 -1 1091 1082 905 -1 1096 1074 1031 -1 1098 1087 1079 -1 1093 978 985 -1 1098 858 878 -1 1095 1004 1027 -1 1100 883 925 -1 1097 1085 913 -1 1100 1075 883 -1 1103 1066 1085 -1 1104 1071 1012 -1 1103 1048 1066 -1 1103 1076 1048 -1 1105 985 989 -1 1106 920 918 -1 1105 1093 985 -1 1108 1089 998 -1 1107 1097 928 -1 1108 998 1023 -1 1109 1105 989 -1 1110 1111 920 -1 1110 920 1106 -1 1113 923 939 -1 1109 989 997 -1 1113 1091 923 -1 1114 912 911 -1 1117 1086 1075 -1 1119 1097 1107 -1 1119 1085 1097 -1 1120 1108 1023 -1 1121 1109 997 -1 1122 1092 1064 -1 1122 1064 1088 -1 1119 1112 1085 -1 1125 1082 1091 -1 1121 997 1002 -1 1128 1107 948 -1 1127 1100 925 -1 1129 1121 1002 -1 1129 1002 1010 -1 1131 1118 1109 -1 1133 1119 1107 -1 1131 1121 1129 -1 1134 195 169 -1 1135 1128 952 -1 1135 952 970 -1 1139 1114 911 -1 1140 1131 1129 -1 1141 956 987 -1 1143 1091 1113 -1 1142 1136 1015 -1 1143 1125 1091 -1 1141 1130 956 -1 1144 1023 1041 -1 1144 1120 1023 -1 1144 1041 1070 -1 1145 1133 1107 -1 1145 1107 1128 -1 1150 1130 1141 -1 1149 1135 970 -1 1152 1134 169 -1 1153 1122 1088 -1 1154 1146 1142 -1 1153 1088 1095 -1 1154 1142 1151 -1 1152 1113 1134 -1 1152 1143 1113 -1 1155 1123 1108 -1 1158 1124 1051 -1 1157 1020 1022 -1 1159 1126 933 -1 1159 933 959 -1 1159 1132 1126 -1 1161 1154 1151 -1 1161 1151 1157 -1 1162 1147 1127 -1 1163 1132 1159 -1 1164 1022 1032 -1 1166 1095 1124 -1 1168 1157 1164 -1 1168 1161 1157 -1 1172 1141 987 -1 1173 1135 1149 -1 1172 987 1006 -1 1175 1164 1032 -1 1174 1155 1120 -1 1177 1148 955 -1 1178 995 1007 -1 1177 955 983 -1 1178 1169 995 -1 1179 1043 1065 -1 1180 1149 1160 -1 1179 1045 1043 -1 1183 1144 1070 -1 1182 1169 1178 -1 1185 1175 1055 -1 1186 1170 1164 -1 1187 1159 959 -1 1186 1164 1175 -1 1189 1162 972 -1 1189 972 1013 -1 1187 1163 1159 -1 1191 1163 1187 -1 1190 1182 1178 -1 1192 1006 1028 -1 1193 1171 1148 -1 1192 1172 1006 -1 1194 1018 1029 -1 1195 1179 1065 -1 1193 1148 1177 -1 1194 1188 1018 -1 1195 1065 1068 -1 1196 1068 1078 -1 1197 1144 1183 -1 1192 1176 1172 -1 1198 1190 1188 -1 1201 1029 1061 -1 1203 1058 1080 -1 1204 1167 1189 -1 1203 1185 1058 -1 1205 1188 1194 -1 1206 1189 1013 -1 1207 1087 1102 -1 1206 1204 1189 -1 1207 1070 1087 -1 1207 1183 1070 -1 1206 1013 1037 -1 1208 1045 1179 -1 1211 1201 1061 -1 1212 1158 1181 -1 1214 1191 1187 -1 1216 1078 1090 -1 1217 1193 1199 -1 1219 1192 1215 -1 1223 1220 1203 -1 1224 1074 1096 -1 1222 1011 1030 -1 1225 1204 1206 -1 1224 1211 1074 -1 1227 1215 1042 -1 1228 1218 1053 -1 1229 1216 1090 -1 1227 1042 1073 -1 1232 1208 1179 -1 1231 1117 1147 -1 1234 1195 1196 -1 1233 1025 1049 -1 1234 1232 1195 -1 1236 1030 1050 -1 1237 1219 1215 -1 1236 1222 1030 -1 1238 1080 1081 -1 1238 1223 1080 -1 1239 1111 1110 -1 1244 1221 1201 -1 1245 1246 1054 -1 1248 1223 1238 -1 1249 1196 1216 -1 1245 1054 1218 -1 1249 1234 1196 -1 1249 1216 1229 -1 1251 1217 1199 -1 1255 1241 1101 -1 1255 1101 1115 -1 1256 1076 1103 -1 1260 1226 1102 -1 1260 1132 1163 -1 1262 1239 1138 -1 1263 1238 1081 -1 1263 1081 435 -1 1266 1265 1229 -1 1267 1245 1218 -1 1266 1229 1241 -1 1271 1228 1235 -1 1272 1073 1092 -1 1271 1267 1228 -1 1274 1116 1125 -1 1276 1256 1103 -1 1275 1233 1049 -1 1278 1237 1227 -1 1277 1238 1263 -1 1278 1227 1272 -1 1279 435 434 -1 1281 1241 1255 -1 1280 1233 1275 -1 1282 1057 1083 -1 1283 1254 1226 -1 1282 1250 1057 -1 1281 1266 1241 -1 1283 1226 1260 -1 1286 1264 1253 -1 1285 1273 1165 -1 1289 1274 1125 -1 1288 1270 1118 -1 1290 1111 1239 -1 1292 1050 1077 -1 1293 1277 1263 -1 1293 1279 434 -1 1294 1256 1276 -1 1293 1263 1279 -1 1294 1271 1235 -1 1294 1235 1256 -1 1295 1276 1112 -1 1297 1252 1250 -1 1297 1250 1282 -1 1297 1282 1284 -1 1296 1288 1131 -1 1298 1163 1191 -1 1295 1112 1119 -1 1298 1260 1163 -1 1300 1255 1270 -1 1300 1281 1255 -1 1301 1295 1119 -1 1299 1272 1092 -1 1305 1171 1193 -1 1306 1140 1146 -1 1308 1285 1305 -1 1309 1176 1200 -1 1308 1302 1285 -1 1309 1268 1176 -1 1312 1294 1276 -1 1313 1290 1239 -1 1314 1146 1154 -1 1311 1292 1077 -1 1314 1306 1146 -1 1315 1289 1143 -1 1316 1274 1289 -1 1316 1310 1274 -1 1319 1288 1296 -1 1320 1283 1260 -1 1324 1301 1133 -1 1321 1309 1200 -1 1322 1314 1154 -1 1325 1104 186 -1 1326 1313 1262 -1 1324 1133 1145 -1 1326 1262 1268 -1 1327 1325 188 -1 1328 1319 1296 -1 1330 1323 1295 -1 1332 1161 1168 -1 1334 1122 1153 -1 1335 169 168 -1 1334 1299 1122 -1 1336 1328 1306 -1 1335 1315 1152 -1 1337 1289 1315 -1 1337 1316 1289 -1 1342 1324 1145 -1 1342 1145 1156 -1 1343 1317 1204 -1 1344 1168 1170 -1 1343 1204 1225 -1 1344 1332 1168 -1 1345 1311 1094 -1 1348 1170 1186 -1 1347 1324 1342 -1 1351 1335 168 -1 1351 1337 1335 -1 1354 1348 1186 -1 1357 1287 1317 -1 1357 1329 1287 -1 1358 1334 1153 -1 1354 1186 1213 -1 1359 1332 1344 -1 1359 1352 1332 -1 1359 1344 1348 -1 1361 1342 1353 -1 1361 1347 1342 -1 1362 1209 1208 -1 1360 1217 1251 -1 1360 1251 1261 -1 1363 1340 1334 -1 1363 1334 1358 -1 1364 1191 1214 -1 1364 1331 1191 -1 1365 1173 1180 -1 1366 1341 1339 -1 1367 1237 1278 -1 1365 1353 1173 -1 1367 1346 1237 -1 1368 1333 1345 -1 1369 1350 1309 -1 1370 1359 1348 -1 1371 1213 1220 -1 1372 1365 1180 -1 1374 1225 1252 -1 1373 1349 1331 -1 1371 1354 1213 -1 1377 1361 1353 -1 1375 1362 1208 -1 1378 1166 1184 -1 1380 1363 1358 -1 1380 1358 1378 -1 1383 1246 1245 -1 1386 1375 1232 -1 1386 1232 1234 -1 1388 1220 1248 -1 1385 1321 1346 -1 1388 1371 1220 -1 1390 1360 1376 -1 1391 1392 1246 -1 1390 1366 1360 -1 1391 1246 1383 -1 1394 1362 1375 -1 1396 1377 1353 -1 1394 1209 1362 -1 1397 1380 1378 -1 1399 1155 1174 -1 1401 1367 1278 -1 1399 1379 1155 -1 1402 1234 1249 -1 1401 1278 1304 -1 1403 1368 1345 -1 1405 1390 1376 -1 1407 1346 1367 -1 1406 1400 1267 -1 1412 1396 1372 -1 1410 1284 1413 -1 1411 1398 1371 -1 1410 1297 1284 -1 1415 1408 1386 -1 1416 1304 1340 -1 1417 1308 1341 -1 1417 1393 1308 -1 1418 1387 1190 -1 1419 1388 1248 -1 1420 1389 1212 -1 1421 1379 1399 -1 1422 1383 1400 -1 1423 1399 1174 -1 1422 1400 1406 -1 1424 1249 1265 -1 1420 1212 1247 -1 1426 1397 1420 -1 1427 1374 1410 -1 1424 1402 1249 -1 1427 1404 1374 -1 1429 1261 1318 -1 1430 1406 1271 -1 1428 1259 1277 -1 1430 1271 1294 -1 1431 1407 1367 -1 1431 1367 1401 -1 1432 1411 1388 -1 1433 1409 1382 -1 1433 1382 1414 -1 1434 1412 1372 -1 1435 1265 1266 -1 1440 1402 1424 -1 1441 1417 1366 -1 1443 1425 1406 -1 1444 1443 1430 -1 1442 1416 1340 -1 1447 1429 1445 -1 1446 1266 1281 -1 1448 1401 1416 -1 1447 1405 1376 -1 1450 1434 1418 -1 1451 1424 1435 -1 1453 1428 1277 -1 1449 1423 1197 -1 1452 1258 1307 -1 1455 188 232 -1 1456 1388 1419 -1 1456 1432 1388 -1 1455 1414 1280 -1 1457 1439 1452 -1 1458 1443 1444 -1 1460 1366 1390 -1 1460 1441 1366 -1 1463 1444 1312 -1 1461 1427 1410 -1 1464 1433 1414 -1 1465 1363 1380 -1 1466 1456 1419 -1 1463 1312 1323 -1 1472 1467 1445 -1 1472 1333 1368 -1 1473 1463 1323 -1 1473 1323 1330 -1 1475 434 1476 -1 1477 1380 1397 -1 1478 1458 1444 -1 1480 1454 1221 -1 1479 1449 1230 -1 1482 1416 1442 -1 1482 1448 1416 -1 1484 1428 1453 -1 1488 1452 1485 -1 1487 1474 1468 -1 1489 1479 1254 -1 1492 1291 1471 -1 1493 1478 1473 -1 1491 1479 1489 -1 1491 1470 1449 -1 1495 1480 1244 -1 1496 1467 1472 -1 1497 1455 232 -1 1495 1244 1264 -1 1497 1464 1455 -1 1498 1484 1453 -1 1500 1471 1290 -1 1501 1481 1494 -1 1502 1472 1368 -1 1500 1290 1313 -1 1501 1487 1481 -1 1502 1403 1421 -1 1505 1421 1438 -1 1506 1473 1330 -1 1507 1319 1328 -1 1508 1499 1425 -1 1509 1313 1326 -1 1508 1425 1443 -1 1509 1500 1313 -1 1510 1328 1336 -1 1511 1483 1405 -1 1511 1405 1447 -1 1512 1454 1480 -1 1513 1482 1442 -1 1514 1501 1494 -1 1512 1490 1454 -1 1515 1496 1472 -1 1514 1494 1507 -1 1515 1502 1505 -1 1518 1283 1320 -1 1517 1485 1329 -1 1519 1510 1336 -1 1520 1488 1517 -1 1521 1356 1355 -1 1523 1514 1507 -1 1524 1347 1361 -1 1523 1507 1510 -1 1526 1523 1510 -1 1522 1471 1500 -1 1526 1510 1519 -1 1525 1493 1473 -1 1525 1473 1506 -1 1527 1528 1392 -1 1529 1522 1509 -1 1532 1513 1465 -1 1531 1438 1470 -1 1533 1443 1458 -1 1534 1526 1519 -1 1536 1326 1350 -1 1539 1505 1531 -1 1539 1515 1505 -1 1538 1495 1516 -1 1535 1530 1352 -1 1541 1504 1426 -1 1543 1503 1489 -1 1543 1489 1518 -1 1545 1320 1349 -1 1547 1533 1458 -1 1548 1517 1357 -1 1547 1458 1478 -1 1549 1535 1546 -1 1548 1357 1381 -1 1549 1542 1535 -1 1551 1539 1531 -1 1552 1520 1548 -1 1550 1499 1508 -1 1553 1546 1370 -1 1554 1509 1536 -1 1556 1477 1504 -1 1557 1361 1377 -1 1556 1532 1477 -1 1560 1508 1533 -1 1561 1554 1536 -1 1560 1550 1508 -1 1565 1549 1546 -1 1564 1544 1310 -1 1566 1496 1515 -1 1569 1553 1398 -1 1574 1349 1373 -1 1573 1408 1415 -1 1575 1548 1570 -1 1576 1557 1377 -1 1575 1552 1548 -1 1574 1545 1349 -1 1578 1356 1521 -1 1576 1377 1396 -1 1579 1369 1385 -1 1580 1533 1547 -1 1581 1493 1525 -1 1581 1568 1493 -1 1582 1573 1415 -1 1583 1551 1559 -1 1585 1567 1457 -1 1585 1457 1488 -1 1586 1393 1417 -1 1588 1556 1504 -1 1589 1576 1396 -1 1586 1563 1393 -1 1589 1396 1412 -1 1590 1395 1558 -1 1590 1591 4500 -1 1593 1570 1404 -1 1592 1491 1503 -1 1594 1564 1316 -1 1594 1316 1337 -1 1597 1411 1432 -1 1598 1566 1515 -1 1599 1576 1589 -1 1600 1575 1570 -1 1601 1578 1521 -1 1603 1528 1527 -1 1604 1574 1373 -1 1605 1606 1291 -1 1607 1580 1547 -1 1605 1291 1492 -1 1612 1579 1596 -1 1614 1590 1558 -1 1612 1561 1579 -1 1615 1412 1434 -1 1616 1598 1539 -1 1617 1614 1573 -1 1618 1541 1567 -1 1619 1417 1441 -1 1615 1589 1412 -1 1620 1432 1456 -1 1621 1488 1520 -1 1621 1585 1488 -1 1619 1586 1417 -1 1623 1559 1592 -1 1624 1581 1525 -1 1623 1592 1611 -1 1626 1612 1596 -1 1623 1583 1559 -1 1624 1525 1540 -1 1627 1628 4555 -1 1629 1606 1605 -1 1630 1603 1527 -1 1630 1527 1550 -1 1632 168 171 -1 1633 1604 1409 -1 1634 1456 1466 -1 1632 1337 1351 -1 1635 1629 1605 -1 1636 1617 1582 -1 1639 1593 1427 -1 1637 1574 1604 -1 1640 1586 1619 -1 1642 1613 1589 -1 1640 1608 1563 -1 1643 1539 1551 -1 1645 1459 1474 -1 1648 1635 1522 -1 1648 1522 1529 -1 1651 1441 1460 -1 1652 1645 1474 -1 1650 1615 1450 -1 1651 1619 1441 -1 1656 1620 1634 -1 1656 1631 1620 -1 1657 1602 1625 -1 1654 1649 1611 -1 1654 1503 1543 -1 1657 1636 1602 -1 1660 1637 1604 -1 1658 1638 1560 -1 1660 1604 1633 -1 1661 1466 1484 -1 1663 1642 1650 -1 1665 1650 1450 -1 1666 1460 1483 -1 1664 1634 1661 -1 1667 1648 1529 -1 1666 1651 1460 -1 1668 1627 1578 -1 1667 1529 1554 -1 1670 1652 1474 -1 1671 1635 1648 -1 1672 1640 1619 -1 1673 1647 1594 -1 1673 1632 171 -1 1673 1594 1632 -1 1675 1601 1608 -1 1676 1431 1448 -1 1678 1669 1645 -1 1678 1645 1652 -1 1679 1633 1433 -1 1681 1596 1653 -1 1680 1476 1682 -1 1683 1658 1607 -1 1684 1643 1583 -1 1680 1498 1476 -1 1680 1484 1498 -1 1686 1646 1585 -1 1687 1664 1661 -1 1685 1665 1490 -1 1690 1461 1462 -1 1689 1688 1654 -1 1691 1663 1650 -1 1689 1654 1572 -1 1691 1650 1665 -1 1692 1627 1668 -1 1693 1641 1639 -1 1693 1639 1690 -1 1694 1677 1655 -1 1695 1670 1501 -1 1696 1659 1552 -1 1696 1552 1575 -1 1698 1619 1651 -1 1699 1683 1607 -1 1697 1652 1670 -1 1700 1674 1599 -1 1701 1680 1682 -1 1702 1633 1679 -1 1700 1599 1613 -1 1702 1660 1633 -1 1701 1687 1680 -1 1705 1667 1554 -1 1706 1675 1608 -1 1705 1554 1577 -1 1706 1608 1640 -1 1706 1640 1672 -1 1708 1671 1648 -1 1709 1623 1649 -1 1709 1684 1583 -1 1712 1448 1482 -1 1713 1670 1695 -1 1714 1698 1651 -1 1717 1595 1637 -1 1718 1621 1659 -1 1721 1526 1534 -1 1722 1723 4513 -1 1724 1685 1716 -1 1725 1497 232 -1 1725 232 237 -1 1725 1702 1679 -1 1721 1715 1523 -1 1726 1642 1663 -1 1721 1523 1526 -1 1726 1711 1642 -1 1729 1705 1577 -1 1730 1538 1562 -1 1730 1716 1538 -1 1734 1708 1667 -1 1736 1710 1644 -1 1738 1720 1700 -1 1740 1709 1649 -1 1741 1534 1542 -1 1742 1724 1730 -1 1744 1726 1663 -1 1743 1718 1659 -1 1745 1719 1511 -1 1747 1702 1725 -1 1746 1729 1612 -1 1748 1562 1584 -1 1748 1730 1562 -1 1749 1750 4736 -1 1748 1742 1730 -1 1751 1727 1717 -1 1752 1482 1513 -1 1753 1711 1726 -1 1753 1738 1711 -1 1755 1704 1715 -1 1755 1728 1704 -1 1756 1736 1677 -1 1757 1600 1641 -1 1758 1590 1614 -1 1759 1628 1692 -1 1760 1742 1748 -1 1758 1733 1590 -1 1762 1751 1717 -1 1761 1629 1662 -1 1763 1726 1744 -1 1763 1753 1726 -1 1762 1717 1637 -1 1764 1614 1617 -1 1765 1706 1735 -1 1765 1737 1706 -1 1767 1705 1729 -1 1767 1734 1705 -1 1769 1748 1584 -1 1770 1662 1671 -1 1768 1714 1666 -1 1771 1715 1721 -1 1772 1740 1649 -1 1772 1649 1688 -1 1776 1698 1714 -1 1777 1766 1707 -1 1778 1637 1660 -1 1780 1712 1752 -1 1780 1739 1712 -1 1778 1762 1637 -1 1781 1749 1733 -1 1780 1752 1774 -1 1782 1537 1566 -1 1779 1584 1609 -1 1783 1767 1729 -1 1784 1763 1744 -1 1781 1733 1758 -1 1784 1744 1766 -1 1785 1758 1764 -1 1785 1781 1758 -1 1788 1751 1762 -1 1789 1617 1636 -1 1786 1748 1769 -1 1786 1760 1748 -1 1790 1765 1735 -1 1787 1743 1696 -1 1790 1735 1754 -1 1792 1720 1738 -1 1789 1764 1617 -1 1792 1773 1720 -1 1791 1757 1641 -1 1796 1786 1779 -1 1797 1780 1774 -1 1798 1777 1724 -1 1799 1759 1793 -1 1800 1542 1549 -1 1801 1719 1745 -1 1802 1784 1766 -1 1801 1768 1719 -1 1806 1764 1789 -1 1807 1727 1751 -1 1805 1738 1753 -1 1809 1810 1528 -1 1807 1772 1727 -1 1808 1789 1636 -1 1811 1746 1626 -1 1808 1806 1789 -1 1815 1741 1775 -1 1813 1782 1566 -1 1817 1779 1609 -1 1819 1790 1754 -1 1817 1609 1647 -1 1822 1660 1702 -1 1821 1708 1734 -1 1826 1799 1793 -1 1823 1805 1763 -1 1827 1779 1817 -1 1825 1811 1681 -1 1827 1796 1779 -1 1829 1657 1669 -1 1829 1808 1657 -1 1831 1783 1746 -1 1832 1775 1800 -1 1832 1815 1775 -1 1831 1746 1811 -1 1830 1742 1760 -1 1834 1745 1782 -1 1835 1803 1556 -1 1836 1829 1669 -1 1837 1598 1616 -1 1835 1556 1588 -1 1836 1669 1678 -1 1839 1791 1693 -1 1839 1693 1462 -1 1841 1793 1804 -1 1843 1821 1734 -1 1844 1819 1776 -1 1843 1734 1767 -1 1847 1757 1791 -1 1845 1630 1638 -1 1849 171 176 -1 1849 1673 171 -1 1849 1817 1647 -1 1852 1760 1786 -1 1851 1831 1811 -1 1853 1750 1749 -1 1854 1828 1768 -1 1852 1830 1760 -1 1854 1768 1801 -1 1856 1832 1800 -1 1857 1833 1790 -1 1861 1842 1829 -1 1862 1837 1616 -1 1860 1820 1798 -1 1859 1703 1739 -1 1863 1846 1610 -1 1862 1616 1643 -1 1864 1804 1833 -1 1864 1833 1857 -1 1863 1610 1631 -1 1866 1834 1782 -1 1867 1845 1658 -1 1865 1588 1618 -1 1866 1813 1837 -1 1868 1853 1781 -1 1867 1658 1683 -1 1866 1782 1813 -1 1870 1822 1702 -1 1871 1849 176 -1 1871 1827 1817 -1 1874 1678 1697 -1 1875 1848 1751 -1 1872 1810 1809 -1 1874 1836 1678 -1 1876 1819 1844 -1 1876 1857 1819 -1 1878 1784 1802 -1 1879 1835 1865 -1 1878 1858 1784 -1 1879 1855 1835 -1 1879 1865 1877 -1 1884 1851 1825 -1 1885 1860 1830 -1 1881 1781 1785 -1 1884 1825 1859 -1 1886 1856 1818 -1 1887 1786 1796 -1 1888 1791 1839 -1 1888 1847 1791 -1 1889 1828 1854 -1 1888 1839 1840 -1 1891 1801 1834 -1 1891 1854 1801 -1 1890 1631 1656 -1 1893 1864 1857 -1 1892 1739 1780 -1 1897 1850 1822 -1 1900 1836 1874 -1 1898 1872 1809 -1 1900 1861 1836 -1 1902 1820 1860 -1 1902 1878 1820 -1 1903 1904 1750 -1 1905 1869 1783 -1 1906 1788 1812 -1 1908 1844 1889 -1 1908 1876 1844 -1 1909 1806 1824 -1 1911 1859 1892 -1 1909 1881 1785 -1 1910 1852 1887 -1 1911 1884 1859 -1 1912 1880 1837 -1 1919 1898 1838 -1 1916 1886 1846 -1 1919 1838 1845 -1 1921 1857 1876 -1 1923 1874 1895 -1 1923 1900 1874 -1 1924 1882 1799 -1 1922 1894 1683 -1 1925 1890 1656 -1 1926 1834 1866 -1 1926 1928 1891 -1 1930 1922 1699 -1 1931 1883 1882 -1 1933 1899 1797 -1 1930 1699 1710 -1 1935 1845 1867 -1 1933 1797 1816 -1 1936 1684 1709 -1 1936 1901 1684 -1 1935 1919 1845 -1 1938 1905 1831 -1 1939 1876 1908 -1 1941 1902 1860 -1 1943 1907 1827 -1 1937 1895 1713 -1 1940 1911 1892 -1 1944 1932 1868 -1 1942 1850 1897 -1 1943 1827 1871 -1 1945 1877 1920 -1 1946 1914 1928 -1 1946 1912 1914 -1 1945 1896 1877 -1 1946 1926 1880 -1 1949 1912 1901 -1 1950 1935 1894 -1 1951 1945 1920 -1 1949 1913 1912 -1 1951 1686 1718 -1 1952 1915 1891 -1 1957 1656 1664 -1 1958 1824 1842 -1 1959 1885 1910 -1 1960 1940 1899 -1 1960 1899 1933 -1 1963 1864 1893 -1 1965 1895 1937 -1 1964 1927 1722 -1 1968 1937 1728 -1 1969 1960 1933 -1 1971 1871 176 -1 1969 1816 1855 -1 1972 1949 1901 -1 1972 1913 1949 -1 1971 1943 1871 -1 1972 1953 1955 -1 1972 1901 1936 -1 1973 1950 1894 -1 1974 1881 1909 -1 1979 1961 1962 -1 1979 1962 1981 -1 1979 1981 1939 -1 1979 1908 1961 -1 1985 1851 1884 -1 1987 1963 1978 -1 1984 1736 1756 -1 1987 1970 1934 -1 1988 1921 1939 -1 1989 1945 1951 -1 1991 1755 1771 -1 1988 1939 1981 -1 1988 1978 1893 -1 1992 1951 1718 -1 1988 1893 1921 -1 1991 1968 1755 -1 1992 1989 1951 -1 1993 1973 1922 -1 1992 1718 1743 -1 1993 1922 1930 -1 1994 1664 1687 -1 1995 1883 1931 -1 1998 1723 1927 -1 1997 1943 1971 -1 1999 2000 1954 -1 2001 1910 1947 -1 1999 1954 1983 -1 2004 1960 1969 -1 2005 1773 1792 -1 2007 1999 1807 -1 2009 2003 1966 -1 2009 1966 1970 -1 2010 1795 1821 -1 2011 1909 1929 -1 2012 2013 4797 -1 2014 1997 1971 -1 2015 1986 1925 -1 2016 1855 1879 -1 2017 2009 1970 -1 2015 1925 1957 -1 2017 2018 2009 -1 2017 1987 1996 -1 2019 2002 1968 -1 2020 1848 1875 -1 2019 1968 1991 -1 2020 2007 1848 -1 2020 2008 2007 -1 2022 1873 1872 -1 2023 2012 1995 -1 2025 1967 1984 -1 2024 1985 1884 -1 2026 1977 2008 -1 2026 1906 1942 -1 2026 2020 1875 -1 2026 2008 2020 -1 2028 1998 1927 -1 2029 2023 2003 -1 2027 1991 1771 -1 2028 1927 1964 -1 2029 2009 2018 -1 2031 2001 1947 -1 2029 2003 2009 -1 2032 2033 1873 -1 2034 1929 1958 -1 2037 1743 1787 -1 2034 2011 1929 -1 2035 2013 2012 -1 2037 2021 1992 -1 2035 2023 2029 -1 2037 1992 1743 -1 2035 2029 2030 -1 2039 263 262 -1 2038 1900 1923 -1 2041 1964 1976 -1 2041 2028 1964 -1 2038 1982 1861 -1 2045 1903 1932 -1 2042 2035 2036 -1 2047 2042 2044 -1 2047 2043 2042 -1 2049 2043 2047 -1 2049 2050 4720 -1 2049 2044 2052 -1 2046 1879 1896 -1 2051 1701 1682 -1 2054 2024 1911 -1 2056 2025 1984 -1 2055 2052 2057 -1 2055 2050 2049 -1 2058 2045 1932 -1 2054 1911 1940 -1 2058 1932 1944 -1 2061 2019 1991 -1 2062 1792 1805 -1 2063 2004 1969 -1 2065 2015 1957 -1 2065 1957 1994 -1 2066 1723 1998 -1 2068 1919 1935 -1 2069 1794 1815 -1 2070 2037 1787 -1 2071 2038 1923 -1 2072 1997 2014 -1 2073 2021 2037 -1 2074 2058 1944 -1 2076 1976 2010 -1 2077 1940 1960 -1 2082 2062 1805 -1 2083 1821 1843 -1 2083 2060 1821 -1 2085 1984 2005 -1 2085 2056 1984 -1 2086 2071 1965 -1 2090 1982 2038 -1 2092 1974 2011 -1 2093 2083 1843 -1 2091 2068 2088 -1 2094 177 178 -1 2095 1998 2028 -1 2096 2081 1832 -1 2094 2014 177 -1 2096 1832 1856 -1 2099 2078 2069 -1 2099 2069 2081 -1 2104 2092 2011 -1 2105 1814 1847 -1 2104 2011 2034 -1 2106 1960 2004 -1 2107 2091 2097 -1 2106 2077 1960 -1 2108 2086 1965 -1 2108 1965 2002 -1 2111 2081 2096 -1 2111 2099 2081 -1 2112 2110 2087 -1 2113 2104 2034 -1 2117 2002 2019 -1 2118 2098 2060 -1 2117 2108 2002 -1 2116 1858 1878 -1 2118 2060 2083 -1 2119 2089 2070 -1 2120 1856 1886 -1 2122 2076 2098 -1 2123 2114 1993 -1 2123 1993 2025 -1 2125 2106 2004 -1 2126 2082 2101 -1 2127 2096 2120 -1 2127 2111 2096 -1 2129 2019 2061 -1 2129 2061 2078 -1 2129 2117 2019 -1 2131 2112 1989 -1 2131 1989 2021 -1 2133 2121 2114 -1 2134 1905 1938 -1 2134 2093 1869 -1 2132 2127 2120 -1 2134 1869 1905 -1 316 2064 2090 -1 2136 2123 2025 -1 316 2113 2064 -1 2136 2025 2056 -1 2137 2105 1847 -1 2137 1840 2138 -1 2139 2124 2086 -1 2137 1888 1840 -1 2140 2127 2132 -1 2141 2110 2112 -1 2144 2066 2095 -1 2144 2115 2066 -1 2146 2122 2098 -1 2147 2033 2032 -1 2145 2132 1916 -1 2150 2133 2123 -1 2153 2056 2085 -1 2155 2117 2129 -1 2155 2149 2117 -1 2160 2112 2131 -1 2158 2099 2111 -1 2161 2146 2098 -1 2162 2150 2136 -1 2163 2145 1948 -1 2162 2136 2153 -1 2161 2098 2118 -1 2164 2151 2130 -1 2166 2131 2021 -1 2168 2111 2127 -1 2167 2032 2075 -1 2169 2122 2146 -1 2171 2134 2152 -1 2172 2167 2075 -1 2173 2155 2129 -1 2172 2075 2079 -1 2174 2159 1980 -1 2175 2154 2145 -1 340 343 2080 -1 417 370 2124 -1 2177 2161 2118 -1 2176 2153 2085 -1 2178 2163 2170 -1 2179 2166 2073 -1 2179 2073 2089 -1 2178 2175 2163 -1 2180 1985 2024 -1 2181 2168 2127 -1 2180 2152 1938 -1 2182 2172 2079 -1 2184 2143 2158 -1 2184 2173 2143 -1 2187 2169 2146 -1 368 367 2033 -1 2188 2115 2144 -1 2191 2067 2165 -1 2193 2176 2103 -1 2194 2015 2065 -1 2194 2170 2015 -1 2195 2188 2144 -1 2196 2174 2001 -1 2197 2158 2168 -1 341 2110 2141 -1 2197 2184 2158 -1 341 340 2110 -1 322 2176 2193 -1 2202 2181 2140 -1 2203 2109 2126 -1 2204 2146 2161 -1 2205 2006 2045 -1 2208 2191 2165 -1 411 2167 2172 -1 2209 2058 2074 -1 2209 2205 2045 -1 2211 2001 2031 -1 2211 2196 2001 -1 323 322 2193 -1 2212 2169 2187 -1 2212 2195 2148 -1 2212 2148 2169 -1 2209 2045 2058 -1 2214 2192 2152 -1 2215 2084 2053 -1 2218 2201 2054 -1 420 411 2172 -1 2219 2208 2188 -1 2220 2126 2135 -1 479 2155 2173 -1 2220 2203 2126 -1 2221 2204 2161 -1 372 2206 2174 -1 374 341 2141 -1 2223 2209 2074 -1 2224 2121 2133 -1 312 2198 2179 -1 2225 2171 2192 -1 2225 2210 2171 -1 2226 2194 2215 -1 2227 2212 2187 -1 2226 2215 2216 -1 2226 2200 2194 -1 2228 2054 2077 -1 472 2182 2199 -1 2228 2218 2054 -1 2228 2077 2106 -1 2230 2211 2031 -1 388 2190 2189 -1 526 479 2173 -1 2230 2031 2072 -1 2231 379 2220 -1 526 2173 2184 -1 2231 2135 2151 -1 2231 2220 2135 -1 2233 2181 2202 -1 375 2174 2196 -1 385 2160 2185 -1 2235 2154 2175 -1 499 472 2199 -1 2236 2187 2204 -1 2237 2232 2201 -1 2239 2191 2208 -1 2239 364 4791 -1 429 375 2211 -1 2242 2192 2214 -1 2242 2225 2192 -1 2243 178 180 -1 352 2235 2175 -1 352 2175 2178 -1 325 2229 2227 -1 358 2202 2217 -1 2244 2231 2151 -1 310 2157 311 -1 2244 2151 2164 -1 310 2207 2234 -1 519 2213 2224 -1 454 2205 2209 -1 306 2228 2106 -1 403 2185 2198 -1 338 2238 2092 -1 403 385 2185 -1 338 2092 2104 -1 330 2204 2221 -1 330 2236 2204 -1 319 2240 2150 -1 345 2104 2113 -1 319 2150 2162 -1 2247 2241 2210 -1 2247 2210 2225 -1 2248 2164 2186 -1 2248 2244 2164 -1 326 325 2227 -1 2248 483 2244 -1 487 2209 2223 -1 2251 2208 2219 -1 536 2224 2240 -1 536 519 2224 -1 2252 2232 2237 -1 555 2197 2222 -1 467 2211 2230 -1 2252 2253 2242 -1 2252 2214 2232 -1 361 364 2239 -1 361 2239 2251 -1 506 483 2248 -1 353 2178 2200 -1 359 358 2217 -1 359 2217 2235 -1 307 2125 343 -1 320 319 2162 -1 320 2162 2183 -1 2255 2248 2186 -1 2255 2186 2206 -1 313 403 2198 -1 556 555 2222 -1 2256 2245 2246 -1 305 304 2245 -1 318 536 2240 -1 2257 2247 2225 -1 2257 2225 2242 -1 347 2248 2255 -1 315 345 2113 -1 342 344 308 -1 509 2230 2243 -1 509 467 2230 -1 331 330 2221 -1 331 2221 2241 -1 331 2247 2250 -1 381 353 2200 -1 331 2250 335 -1 381 2200 2226 -1 328 2229 325 -1 337 2238 338 -1 337 488 2238 -1 362 2251 2254 -1 348 2255 2206 -1 362 361 2251 -1 350 2254 328 -1 350 362 2254 -1 303 307 342 -1 348 347 2255 -1 303 305 306 -1 303 342 308 -1 2261 2262 2258 -1 2263 2261 2258 -1 4562 293 268 -1 2268 2263 4562 -1 2271 2262 2270 -1 2278 2273 2276 -1 2279 2274 2273 -1 2279 2273 2278 -1 2280 2273 2281 -1 2282 200 2283 -1 2282 2278 2276 -1 2282 2279 2278 -1 2285 2277 2273 -1 2285 2273 2280 -1 2286 2276 2277 -1 2286 2282 2276 -1 2286 2277 2285 -1 2287 2288 2289 -1 2293 2294 2290 -1 2295 2296 2297 -1 2295 2297 2287 -1 2298 2299 2296 -1 2300 2294 2293 -1 2300 2301 4835 -1 2302 2299 2298 -1 2304 2301 4841 -1 2308 2303 2302 -1 2311 2301 2304 -1 2311 2312 4828 -1 2313 2315 2314 -1 2316 2306 2305 -1 2313 2309 2308 -1 2317 2319 2318 -1 2320 2312 4560 -1 2317 2315 4849 -1 2322 2319 4851 -1 2322 2323 4733 -1 2322 2324 2323 -1 2325 2326 2324 -1 2325 2327 2326 -1 2329 2330 4776 -1 2325 2324 4856 -1 2331 2327 4938 -1 2331 2333 4860 -1 2337 2336 4867 -1 2332 2306 2328 -1 2289 2330 4863 -1 2289 2288 4865 -1 2292 2291 2332 -1 2287 4837 2288 -1 2290 2294 2291 -1 2341 2342 2343 -1 2344 2345 2346 -1 2347 2216 2339 -1 2348 2351 2352 -1 2348 2350 2351 -1 2348 2352 2353 -1 2355 2339 2356 -1 2355 2347 2339 -1 2362 2347 2355 -1 2365 2366 2341 -1 2365 2368 2366 -1 2369 2344 2346 -1 2370 2371 2372 -1 2374 2362 2355 -1 2375 2341 2354 -1 2375 2365 2341 -1 2376 2370 2372 -1 2376 2372 2377 -1 2379 2364 2367 -1 2383 2354 2357 -1 2390 2374 2364 -1 2390 2364 2379 -1 2391 2375 2354 -1 2392 2393 2394 -1 2392 2394 2349 -1 2396 2384 2360 -1 2397 2390 2379 -1 2399 383 2216 -1 2399 500 383 -1 2400 2402 2389 -1 2399 2216 2347 -1 2407 2408 2401 -1 2407 2401 2400 -1 2407 2400 2404 -1 2410 2378 2382 -1 2411 2385 2403 -1 2411 2397 2385 -1 2415 2409 2362 -1 2417 2416 2365 -1 2417 2365 2375 -1 2418 2399 2409 -1 2418 500 2399 -1 2419 2374 2390 -1 2420 2360 2359 -1 2419 2415 2374 -1 2422 2404 2344 -1 2421 2418 2409 -1 2423 2370 2376 -1 2423 2406 2370 -1 2424 2417 2375 -1 2424 2375 2391 -1 2427 2412 2423 -1 2431 2421 2415 -1 2430 2405 2396 -1 2433 2422 2369 -1 2432 2427 2423 -1 2435 2431 2419 -1 2435 2419 2425 -1 2436 2413 2414 -1 2436 2438 2439 -1 2440 2424 2391 -1 2440 2391 2405 -1 2442 2422 2433 -1 2444 2430 2420 -1 2444 2420 2429 -1 2447 2448 2408 -1 2447 2408 2426 -1 2446 2392 2395 -1 2449 500 2418 -1 2450 2426 2442 -1 2450 2447 2426 -1 2451 2433 2398 -1 2452 2442 2433 -1 2455 2454 2445 -1 2456 2429 2378 -1 2457 2445 2427 -1 2457 2455 2445 -1 2459 2460 2461 -1 2463 2461 2464 -1 2465 2457 2427 -1 2468 2456 2462 -1 2468 2466 2456 -1 2469 2463 2464 -1 2471 2467 2463 -1 2472 2450 2442 -1 2473 2465 2432 -1 2476 2464 2477 -1 2475 2405 2430 -1 2475 2440 2405 -1 2478 2435 2441 -1 2479 2469 2464 -1 2479 2471 2469 -1 2480 2457 2465 -1 2481 2451 2416 -1 2483 2480 2465 -1 2484 2477 2485 -1 2489 694 2449 -1 2489 857 694 -1 2488 2477 2484 -1 2490 2451 2481 -1 2490 2452 2451 -1 2491 2473 2474 -1 2491 2483 2473 -1 2495 2475 2444 -1 2495 2444 2466 -1 2497 2441 2454 -1 2497 2454 2455 -1 2497 2478 2441 -1 2498 2479 2464 -1 2499 2481 2493 -1 2500 2497 2455 -1 2501 2496 2260 -1 2502 2472 2452 -1 2502 2452 2490 -1 2503 2494 2453 -1 2503 2453 2458 -1 2505 2436 2439 -1 2506 2424 2440 -1 2507 2458 2470 -1 2508 2488 2484 -1 2507 2503 2458 -1 2508 2484 2504 -1 2506 2493 2424 -1 2510 2498 2476 -1 2510 2476 2488 -1 2511 2486 2450 -1 2512 2500 2480 -1 2513 2490 2499 -1 2513 2502 2490 -1 2516 2482 2479 -1 2516 2479 2498 -1 2518 857 2489 -1 2519 2468 2462 -1 2519 2462 2505 -1 2520 2274 2487 -1 2518 2489 2494 -1 2522 2501 2260 -1 2523 2517 2506 -1 2525 2460 2459 -1 2527 2509 2478 -1 2527 2478 2497 -1 2530 2518 2494 -1 2528 2516 2498 -1 2531 2529 2466 -1 2531 2466 2468 -1 2534 2504 2485 -1 2535 2516 2528 -1 2537 2472 2502 -1 2537 2511 2472 -1 2539 2537 2502 -1 2538 2504 2534 -1 2539 2502 2513 -1 2540 1035 857 -1 2542 2522 2260 -1 2540 857 2518 -1 2544 2536 2507 -1 2545 2511 2537 -1 2544 2507 2509 -1 2546 2274 2545 -1 2547 2496 2501 -1 2547 2534 2496 -1 2549 2539 2513 -1 2549 2513 2533 -1 2550 2509 2527 -1 2552 2534 2547 -1 2553 2532 2500 -1 2553 2500 2512 -1 2556 2274 2546 -1 2556 2546 2539 -1 2555 2548 2530 -1 2558 2468 2519 -1 2559 2553 2512 -1 2559 2512 2514 -1 2558 2519 2439 -1 2561 2522 2542 -1 2562 2555 2536 -1 2563 2526 2523 -1 2561 2501 2522 -1 2564 2514 2524 -1 2564 2559 2514 -1 2565 2547 2561 -1 2563 2523 2551 -1 2566 2495 2529 -1 2568 2528 2557 -1 2566 2551 2495 -1 2570 2274 2556 -1 2571 2569 2532 -1 2572 2554 2459 -1 2571 2532 2553 -1 2575 2508 2538 -1 2575 2543 2508 -1 2577 2563 2573 -1 2581 2561 2578 -1 2580 2573 2566 -1 2582 2567 2550 -1 2584 2575 2538 -1 2583 2531 2558 -1 2585 2569 2571 -1 2586 2560 2541 -1 2585 2582 2569 -1 2586 2541 2574 -1 2587 2557 2543 -1 2588 2579 2555 -1 2587 2543 2575 -1 2589 2577 2573 -1 2589 2573 2580 -1 2590 2571 2553 -1 2591 2557 2587 -1 2590 2585 2571 -1 2591 2568 2557 -1 2594 2274 2570 -1 2594 2570 2560 -1 2594 2560 2586 -1 2598 2574 2577 -1 2598 2586 2574 -1 2599 2596 2562 -1 2599 2562 2567 -1 2597 2587 2575 -1 2600 2275 2594 -1 2601 2565 2581 -1 2600 2594 2586 -1 2600 2586 2598 -1 2602 2592 2564 -1 2601 2552 2565 -1 2603 2598 2577 -1 2605 2590 2592 -1 2606 2589 2593 -1 2607 2492 2515 -1 2609 2591 2587 -1 2610 2602 2564 -1 2609 2587 2597 -1 2611 2474 2612 -1 2613 2583 2608 -1 2613 2593 2583 -1 2611 2610 2564 -1 2614 2595 2259 -1 2616 2598 2603 -1 2619 2616 2603 -1 2617 2599 2567 -1 2619 2603 2606 -1 2620 2600 2616 -1 2620 2616 2619 -1 2623 2620 2619 -1 2623 2275 2620 -1 2622 2617 2585 -1 2625 2593 2613 -1 2628 2619 2606 -1 2628 2606 2625 -1 2629 4874 2275 -1 2629 2275 2623 -1 2629 2623 2619 -1 2629 2619 2628 -1 2632 2610 2611 -1 2632 2630 2610 -1 2633 2482 2521 -1 2633 2626 2482 -1 2634 2576 2579 -1 2635 2624 2618 -1 2636 2578 2542 -1 2637 2634 2579 -1 2638 2581 2578 -1 2638 2578 2636 -1 2639 1413 1284 -1 2640 2631 2624 -1 2639 1284 2627 -1 2640 2624 2635 -1 2639 2627 2634 -1 2641 2622 2604 -1 2642 2621 2515 -1 2643 2641 2604 -1 2643 2604 2605 -1 2644 2636 2614 -1 2645 2634 2637 -1 2648 2614 2259 -1 2647 2588 2596 -1 2650 2647 2596 -1 2650 2596 2599 -1 2651 2525 2554 -1 2652 2581 2638 -1 2653 2645 2637 -1 2655 2554 2572 -1 2656 2647 2650 -1 2656 2653 2647 -1 2660 2656 2650 -1 2664 2635 2618 -1 2664 2618 2652 -1 2665 2658 2630 -1 2665 2630 2632 -1 2666 2650 2599 -1 2668 2663 2661 -1 2668 2661 2667 -1 2669 2666 2617 -1 2669 2617 2622 -1 2671 2659 2521 -1 2672 2662 2639 -1 2672 2639 2645 -1 2673 2632 2612 -1 2674 2664 2657 -1 2673 2665 2632 -1 2674 2670 2664 -1 2676 2670 2674 -1 2677 2612 2678 -1 2677 2673 2612 -1 2679 2650 2666 -1 2680 2663 2668 -1 2680 2657 2663 -1 2679 2660 2650 -1 2682 2679 2669 -1 2683 2671 2535 -1 2684 2675 2653 -1 2684 2653 2656 -1 2683 2535 2568 -1 2689 2684 2656 -1 2690 2687 2688 -1 2692 2633 2659 -1 2693 2676 2674 -1 2695 2680 2681 -1 2695 2693 2680 -1 2697 2676 2693 -1 2698 2696 2691 -1 2699 2693 2695 -1 2700 2660 2679 -1 2699 2697 2693 -1 2701 2568 2591 -1 2701 2683 2568 -1 2702 2700 2679 -1 2704 2701 2591 -1 2704 2591 2609 -1 2706 1413 2662 -1 2707 2668 2690 -1 2708 2658 2665 -1 2707 2690 2688 -1 2709 2609 2631 -1 2710 2694 2703 -1 2709 2704 2609 -1 2712 2607 2621 -1 2714 2695 2681 -1 2714 2707 2688 -1 2715 2711 2672 -1 2716 2692 2659 -1 2717 2714 2688 -1 2718 2713 2673 -1 2717 2699 2695 -1 2718 2677 2678 -1 2720 2631 2640 -1 2720 2709 2631 -1 2719 2710 2703 -1 2721 2708 2713 -1 2721 2719 2708 -1 2722 2712 2621 -1 2723 2682 2696 -1 2724 2659 2671 -1 2726 2722 2642 -1 2726 2642 2651 -1 2727 2715 2675 -1 2728 2724 2671 -1 2727 2675 2684 -1 2728 2671 2683 -1 2729 2721 2713 -1 2729 2713 2718 -1 2730 2651 2655 -1 2730 2726 2651 -1 2732 2640 2670 -1 2733 2718 2678 -1 2732 2720 2640 -1 2735 2732 2670 -1 2737 2706 2711 -1 2737 1462 2706 -1 2738 2701 2704 -1 2738 2736 2701 -1 2739 2738 2704 -1 2740 2737 2711 -1 2739 2704 2709 -1 2743 2138 1840 -1 2743 2737 2740 -1 2745 2705 2712 -1 2744 2741 2719 -1 2746 2711 2715 -1 2746 2740 2711 -1 2747 2686 2692 -1 2748 2731 2689 -1 2747 2742 2686 -1 2750 2739 2709 -1 2750 2709 2720 -1 2751 2748 2700 -1 2752 2697 2699 -1 2753 2743 2740 -1 2754 2752 2699 -1 2755 2744 2721 -1 2756 2745 2712 -1 2756 2749 2745 -1 2756 2712 2722 -1 2757 2746 2715 -1 2758 2749 2756 -1 2759 2753 2740 -1 2760 2756 2722 -1 2762 2756 2760 -1 2764 2754 2699 -1 2764 2717 2688 -1 2764 2699 2717 -1 2765 2692 2716 -1 2766 2759 2746 -1 2767 2720 2732 -1 2767 2750 2720 -1 2769 2722 2726 -1 2769 2760 2722 -1 2770 2757 2763 -1 2771 2723 2725 -1 2772 2765 2716 -1 2772 2716 2724 -1 2774 2748 2751 -1 2775 2760 2769 -1 2776 2751 2768 -1 2779 2775 2769 -1 2779 2769 2777 -1 2780 2763 2774 -1 2780 2770 2763 -1 2783 2773 2752 -1 2784 2752 2754 -1 2786 2781 2728 -1 2787 2742 2747 -1 2788 2743 2753 -1 2787 2777 2730 -1 2789 2741 2744 -1 2789 2785 2741 -1 2791 2776 2768 -1 2792 2736 2738 -1 2791 2782 2776 -1 2792 2786 2736 -1 2793 2787 2790 -1 2794 2788 2753 -1 2795 2789 2744 -1 2796 2793 2790 -1 2797 1682 1476 -1 2798 2791 2768 -1 2799 2792 2738 -1 2800 2764 2688 -1 2800 2754 2764 -1 2802 2753 2759 -1 2803 2795 2755 -1 2804 2749 2758 -1 2806 2782 2791 -1 2808 2758 2762 -1 2809 2806 2791 -1 2809 2791 2798 -1 2810 2790 2765 -1 2810 2796 2790 -1 2811 2759 2766 -1 2814 2765 2772 -1 2814 2810 2765 -1 2813 2811 2766 -1 2815 2812 2810 -1 2815 2810 2814 -1 2816 2778 2785 -1 2817 2808 2762 -1 2818 2138 2788 -1 2818 2157 2138 -1 2820 2805 2750 -1 2820 2750 2767 -1 2823 2803 2761 -1 2824 2785 2789 -1 2827 2157 2818 -1 2828 2761 2678 -1 2831 2818 2788 -1 2832 2797 2804 -1 2833 2789 2795 -1 2832 1682 2797 -1 2834 2830 2786 -1 2835 2826 2822 -1 2836 2827 2831 -1 2835 2822 2830 -1 2837 2807 2816 -1 2838 2830 2834 -1 2838 2835 2830 -1 2839 2794 2802 -1 2841 2825 2773 -1 2841 2773 2783 -1 2842 2837 2816 -1 2843 2784 2800 -1 2842 2816 2824 -1 2843 2841 2783 -1 2843 2783 2784 -1 2845 2813 2770 -1 2845 2780 2782 -1 2846 2793 2796 -1 2847 2832 2804 -1 2845 2770 2780 -1 2848 2799 2805 -1 2848 2834 2792 -1 2851 2804 2808 -1 2852 2782 2806 -1 2852 2845 2782 -1 2853 2842 2824 -1 2854 2848 2805 -1 2855 2850 2848 -1 2853 2824 2833 -1 2855 2848 2854 -1 2857 2851 2808 -1 2857 2808 2817 -1 2858 2846 2796 -1 2858 2796 2812 -1 2860 2817 2819 -1 2860 2857 2817 -1 2861 2858 2812 -1 2862 2856 2811 -1 2862 2811 2813 -1 2863 2854 2805 -1 2866 2864 2856 -1 2865 2855 2854 -1 2867 2825 2841 -1 2867 2820 2825 -1 2872 2815 2826 -1 2872 2861 2815 -1 2875 2860 2819 -1 2876 2875 2846 -1 2876 2846 2858 -1 2877 2873 2823 -1 2877 2823 2828 -1 2878 2872 2826 -1 2878 2826 2835 -1 2881 2053 1682 -1 2882 2867 2841 -1 2882 2841 2843 -1 2882 2870 2867 -1 2883 2878 2835 -1 2363 2844 2873 -1 2885 2881 2832 -1 2884 2862 2813 -1 2887 2883 2838 -1 2886 2884 2845 -1 2887 2838 2850 -1 2381 2873 2877 -1 2381 2363 2873 -1 2889 2849 2864 -1 2889 2879 2849 -1 2890 2887 2850 -1 2890 2850 2855 -1 2892 2862 2884 -1 2893 2891 2858 -1 2342 2809 2821 -1 2893 2858 2861 -1 2894 2888 2851 -1 2895 2889 2864 -1 2897 2884 2886 -1 2897 2892 2884 -1 2899 2877 2828 -1 2901 2904 414 -1 2901 2859 2868 -1 2905 2872 2878 -1 2905 2898 2872 -1 2340 2881 2885 -1 2340 2053 2881 -1 2357 2837 2842 -1 2350 2905 2878 -1 2382 2381 2899 -1 2414 2382 2899 -1 2907 2875 2876 -1 2908 2852 2874 -1 2356 2340 2885 -1 2351 2350 2883 -1 2388 2866 2892 -1 2352 2351 2887 -1 2352 2887 2890 -1 2352 2902 2871 -1 2358 2356 2885 -1 2367 2358 2888 -1 2384 2357 2842 -1 2910 2903 2868 -1 2380 2894 2896 -1 2910 2879 2889 -1 2345 2388 2897 -1 2380 2367 2894 -1 2373 2908 2909 -1 2360 2384 2853 -1 2438 2829 2439 -1 2386 2380 2896 -1 2438 2900 2829 -1 2386 2896 2906 -1 2394 2393 2898 -1 2394 2898 2905 -1 2368 2909 2366 -1 2368 2373 2909 -1 2389 2895 2388 -1 2389 2912 2895 -1 4563 4524 4611 -1 4569 4796 4887 -1 4787 4732 4556 -1 4787 4634 4732 -1 4580 4551 4705 -1 4564 4679 4773 -1 4578 4554 4571 -1 4822 4611 4878 -1 4822 4563 4611 -1 4746 4787 4556 -1 4940 4612 4521 -1 4744 4748 4564 -1 4940 4521 4672 -1 4583 4554 4578 -1 4799 4878 4591 -1 4630 4746 4880 -1 4628 4761 4627 -1 4592 4778 4498 -1 4739 4941 4672 -1 4739 4673 4788 -1 4636 4881 4552 -1 4758 4552 4778 -1 4783 4591 4619 -1 4783 4799 4591 -1 4758 4778 4593 -1 4735 4619 4932 -1 4735 4783 4619 -1 4727 4761 4628 -1 4499 4932 4565 -1 4499 4735 4932 -1 4826 4762 4727 -1 4625 4623 4581 -1 4537 4511 4529 -1 4505 4565 4649 -1 4503 4914 4518 -1 4625 4830 4624 -1 4503 4768 4915 -1 4598 4740 4788 -1 4598 4789 4753 -1 4609 4826 4728 -1 4642 4827 4609 -1 4512 4768 4504 -1 4512 4669 4769 -1 4800 4505 4649 -1 4930 4642 4610 -1 4755 4538 4529 -1 4594 4800 4650 -1 4755 4530 4661 -1 4925 4643 4930 -1 4515 4801 4594 -1 4724 4599 4753 -1 4724 4754 4784 -1 4767 4925 4931 -1 4572 4661 4567 -1 4586 4515 4595 -1 4572 4757 4661 -1 4575 4830 4626 -1 4539 4517 4586 -1 4691 4669 4514 -1 4691 4680 4670 -1 4575 4719 4831 -1 4790 4680 4692 -1 4790 4531 4681 -1 4656 4767 4742 -1 4663 4719 4576 -1 4656 4926 4767 -1 4614 4725 4784 -1 4614 4785 4794 -1 4705 4539 4587 -1 4795 4567 4524 -1 4729 4531 4792 -1 4551 4541 4705 -1 4729 4655 4532 -1 4887 4798 4811 -1 4888 4811 4663 -1 4612 4743 4521 -1 2914 2915 2916 -1 2918 2919 2920 -1 2918 2920 2917 -1 76 2924 2921 -1 91 2925 2926 -1 91 2923 76 -1 114 2927 2928 -1 114 2928 2925 -1 55 2930 2927 -1 55 2927 114 -1 2931 2929 55 -1 54 2932 2931 -1 63 2933 2932 -1 72 2933 63 -1 30 2934 72 -1 2936 2935 30 -1 2937 4903 2936 -1 2938 2937 2939 -1 4639 4676 2917 -1 4701 2939 2937 -1 4810 4631 4933 -1 4901 4824 4809 -1 4696 2940 4698 -1 2941 2940 4697 -1 4557 4584 4596 -1 4899 4809 4832 -1 4653 4894 4928 -1 2942 4711 2943 -1 4723 4654 4584 -1 4710 4711 2942 -1 4723 4584 4706 -1 4658 4899 4832 -1 4659 4711 4693 -1 4666 4658 4718 -1 4749 4897 4891 -1 4749 4898 4897 -1 4585 4658 4588 -1 4671 4585 4637 -1 4894 4641 4896 -1 4895 4821 4641 -1 4894 4891 4899 -1 4894 4749 4891 -1 4600 4658 4585 -1 4601 4585 4671 -1 0 1 2 -1 3 4533 5 -1 9 5 10 -1 11 7 6 -1 12 11 4747 -1 13 9 10 -1 13 14 4 -1 15 14 13 -1 15 10 16 -1 20 16 21 -1 20 19 18 -1 22 23 19 -1 22 19 20 -1 22 20 21 -1 24 21 25 -1 24 27 23 -1 28 29 30 -1 24 22 21 -1 33 25 34 -1 35 36 28 -1 33 31 25 -1 35 28 37 -1 38 39 32 -1 40 36 35 -1 38 33 34 -1 41 34 42 -1 45 4519 43 -1 48 45 4566 -1 47 44 42 -1 50 47 49 -1 51 45 48 -1 50 52 46 -1 50 46 47 -1 59 4759 51 -1 57 61 4605 -1 62 53 58 -1 66 59 4620 -1 64 57 17 -1 67 62 58 -1 67 63 62 -1 64 60 57 -1 67 4582 69 -1 70 64 65 -1 73 4683 68 -1 71 67 69 -1 77 73 4879 -1 78 69 79 -1 74 60 70 -1 80 75 81 -1 82 78 79 -1 85 79 37 -1 86 73 77 -1 83 80 81 -1 85 30 82 -1 88 30 85 -1 87 81 89 -1 90 52 4927 -1 87 91 76 -1 92 4646 86 -1 90 93 4602 -1 97 4579 98 -1 94 99 100 -1 101 92 4525 -1 105 97 98 -1 106 102 4657 -1 111 4644 106 -1 110 4570 112 -1 108 107 103 -1 113 111 4613 -1 110 114 91 -1 115 107 108 -1 116 111 113 -1 118 114 110 -1 115 120 107 -1 122 4774 116 -1 95 4651 117 -1 121 115 109 -1 125 122 4741 -1 124 118 119 -1 129 95 4662 -1 130 4664 131 -1 130 131 56 -1 130 56 55 -1 133 4632 128 -1 134 133 4726 -1 135 123 136 -1 135 132 123 -1 138 135 136 -1 138 4682 2 -1 139 133 134 -1 138 137 135 -1 7 4737 139 -1 1 138 2 -1 8 7 4635 -1 0 4 140 -1 174 173 2282 -1 2944 2282 2286 -1 2944 174 2282 -1 2310 2281 2945 -1 2310 2280 2281 -1 2307 2286 2285 -1 2307 2285 2280 -1 2307 2280 2310 -1 2307 2944 2286 -1 2270 2338 2271 -1 2269 2338 2270 -1 2268 2338 2269 -1 2947 2338 2268 -1 2947 2268 267 -1 2952 2953 2954 -1 2952 2955 2956 -1 229 2952 2956 -1 2957 2959 2949 -1 2960 2958 2961 -1 2960 2961 2953 -1 2960 2953 2952 -1 2960 2957 2958 -1 2962 2960 2952 -1 2963 2949 2959 -1 2952 2964 2962 -1 2956 170 167 -1 175 170 2956 -1 2955 175 2956 -1 2954 175 2955 -1 2953 175 2954 -1 2961 179 175 -1 2961 175 2953 -1 2958 179 2961 -1 2951 179 2958 -1 2950 179 2951 -1 2948 187 184 -1 2948 179 2950 -1 2272 2946 2966 -1 2259 2966 2688 -1 4916 2968 4495 -1 4589 2970 2969 -1 4781 2971 2970 -1 4493 2972 2971 -1 4493 2971 4781 -1 4869 4945 4918 -1 4869 4750 4945 -1 4861 4803 4869 -1 4859 4861 4869 -1 4734 4858 4574 -1 4779 4853 4734 -1 4779 4734 4574 -1 4786 4779 4574 -1 4844 4918 4922 -1 4844 4922 4942 -1 4844 4942 4923 -1 4825 4840 4844 -1 4819 4838 4825 -1 4866 4825 4844 -1 4866 4819 4825 -1 4777 4844 4845 -1 4777 4866 4844 -1 4764 4777 4845 -1 4829 4777 4764 -1 4836 4829 4764 -1 4909 4714 4708 -1 4542 4909 4708 -1 4910 4542 4544 -1 4910 4909 4542 -1 4543 4912 4547 -1 4907 4709 4716 -1 4907 4543 4709 -1 4548 4921 4494 -1 4913 4921 4548 -1 2975 2976 2977 -1 2978 2979 2980 -1 2978 2981 2979 -1 2982 2983 2984 -1 2985 2986 2987 -1 2982 2988 2983 -1 2985 2989 2986 -1 2985 2987 2990 -1 2991 2992 2993 -1 2994 2995 2996 -1 2994 2997 2995 -1 2991 2993 2998 -1 2999 3000 3001 -1 2999 3002 3000 -1 2999 3003 3002 -1 3004 2977 3005 -1 3006 3007 3008 -1 3009 3010 3011 -1 3012 2991 2998 -1 3009 2996 3010 -1 3013 3014 2981 -1 3006 3015 3007 -1 3012 2998 3016 -1 3013 2981 2978 -1 3017 3018 3019 -1 3020 2991 3012 -1 3020 3021 2992 -1 3020 2992 2991 -1 3022 3023 3014 -1 3022 415 3024 -1 3017 3008 3018 -1 3022 3024 3023 -1 3025 3003 2999 -1 3026 3027 3028 -1 3026 3028 2975 -1 3025 3029 3003 -1 3030 3031 3032 -1 3030 3032 3033 -1 3034 2988 2982 -1 3035 2997 2994 -1 3036 3037 2989 -1 3036 2989 2985 -1 3034 3038 2988 -1 3034 3039 3038 -1 3035 3040 2997 -1 3041 2984 3042 -1 3041 3043 409 -1 3044 450 448 -1 3041 3042 3043 -1 3045 3033 3046 -1 3047 2994 2996 -1 3048 3020 3012 -1 3049 2999 3001 -1 3050 2975 2977 -1 3050 2977 3004 -1 3047 2996 3009 -1 3051 2984 3041 -1 3049 3025 2999 -1 3051 2982 2984 -1 3052 3036 2985 -1 3053 3031 3030 -1 3054 3008 3017 -1 3054 3006 3008 -1 3052 2985 2990 -1 3053 3011 3031 -1 3055 3056 3015 -1 3055 3015 3006 -1 3057 3030 3033 -1 3058 450 3044 -1 3057 3033 3045 -1 3059 415 3022 -1 3059 3022 3014 -1 3060 3027 3026 -1 3058 3061 450 -1 3059 3014 3013 -1 3062 3025 3049 -1 3060 3063 3027 -1 3064 3035 2994 -1 3064 2994 3047 -1 3065 3040 3035 -1 3066 3036 3052 -1 3065 3067 3040 -1 3068 3021 3020 -1 3069 3039 3034 -1 3065 3035 3064 -1 3070 3026 2975 -1 3068 759 3021 -1 3071 3046 3072 -1 3073 3029 3025 -1 3071 335 2250 -1 3073 3074 3029 -1 3070 2975 3050 -1 3073 3025 3062 -1 3071 3072 335 -1 3075 3034 2982 -1 3076 448 443 -1 3076 3044 448 -1 3075 2982 3051 -1 3075 3069 3034 -1 3077 3078 3037 -1 3079 3011 3053 -1 3080 3056 3055 -1 3079 3009 3011 -1 3080 3081 3056 -1 3077 3036 3066 -1 3082 3053 3030 -1 3077 3037 3036 -1 3083 3084 3039 -1 3082 3030 3057 -1 3085 3068 3020 -1 3083 3039 3069 -1 3085 759 3068 -1 3085 3020 3048 -1 3086 3065 3064 -1 3087 3058 3044 -1 3087 3044 3076 -1 3088 3067 3065 -1 3089 3063 3060 -1 3090 3061 3058 -1 3088 3091 3067 -1 3090 3092 3061 -1 3089 3093 3063 -1 3094 3009 3079 -1 3095 3055 3006 -1 3095 3006 3054 -1 3094 3047 3009 -1 3096 3073 3062 -1 3097 3078 3077 -1 3098 3026 3070 -1 3099 3053 3082 -1 3097 3100 3078 -1 3099 3079 3053 -1 3098 3089 3060 -1 3098 3060 3026 -1 3101 3046 3071 -1 3102 3083 3069 -1 3101 3071 2250 -1 3103 3104 3074 -1 3102 3069 3075 -1 3101 3045 3046 -1 3105 3055 3095 -1 3103 3074 3073 -1 3105 3080 3055 -1 3106 3097 3077 -1 3107 3081 3080 -1 3108 2980 3091 -1 3107 759 3109 -1 3108 3091 3088 -1 3107 3109 3081 -1 3106 3077 3066 -1 3110 3088 3065 -1 3110 3065 3086 -1 3111 3083 3102 -1 3112 3113 3092 -1 3114 3115 3093 -1 3112 3092 3090 -1 3116 3057 3045 -1 3116 3045 3101 -1 3117 3101 2250 -1 3117 2250 2249 -1 3118 3100 3097 -1 3114 3093 3089 -1 3118 3119 3100 -1 3120 3064 3047 -1 3120 3047 3094 -1 3121 3104 3103 -1 3122 3089 3098 -1 3121 3016 3104 -1 3123 3094 3079 -1 3123 3079 3099 -1 3124 3125 3113 -1 3124 3113 3112 -1 3126 3108 3088 -1 3126 3088 3110 -1 3127 3090 3058 -1 3128 3084 3083 -1 3129 3086 3064 -1 3127 3058 3087 -1 3128 3130 3084 -1 3129 3064 3120 -1 3131 3103 3073 -1 3131 3121 3103 -1 3131 3073 3096 -1 3132 2978 2980 -1 3133 3019 3115 -1 3134 3118 3097 -1 3132 2980 3108 -1 3133 3115 3114 -1 3134 3097 3106 -1 3135 3082 3057 -1 3136 3107 3080 -1 3136 3080 3105 -1 3135 3057 3116 -1 3136 759 3107 -1 3137 3090 3127 -1 3137 3112 3090 -1 3138 3101 3117 -1 3139 3114 3089 -1 3140 3001 3119 -1 3138 3116 3101 -1 3138 3117 2249 -1 3139 3089 3122 -1 3140 3119 3118 -1 3141 3120 3094 -1 3141 3094 3123 -1 3142 3121 3131 -1 3143 3013 2978 -1 3144 3130 3128 -1 3143 2978 3132 -1 3145 3125 3124 -1 3145 2990 3146 -1 3147 3099 3082 -1 3145 3146 3125 -1 3147 3082 3135 -1 3148 3135 3116 -1 3149 3118 3134 -1 3144 3005 3130 -1 3148 3116 3138 -1 3150 3083 3111 -1 3149 3140 3118 -1 3151 641 571 -1 3152 3124 3112 -1 3152 3145 3124 -1 3150 3128 3083 -1 3153 3120 3141 -1 3150 3144 3128 -1 3152 3112 3137 -1 3154 648 641 -1 3153 3129 3120 -1 3155 3133 3114 -1 3156 3012 3016 -1 3155 3114 3139 -1 3157 3108 3126 -1 3158 3019 3133 -1 3156 3016 3121 -1 3157 3143 3132 -1 3159 2990 3145 -1 3157 3132 3108 -1 3158 3133 3155 -1 3160 3151 571 -1 3161 3129 3153 -1 3158 3017 3019 -1 3160 571 562 -1 3161 3086 3129 -1 3161 3110 3086 -1 3162 674 648 -1 3163 3148 3138 -1 3163 3138 2249 -1 3163 2249 2253 -1 3164 3049 3001 -1 3165 3143 3157 -1 3162 648 3154 -1 3166 3144 3150 -1 3164 3001 3140 -1 3167 3147 3135 -1 3168 3162 3154 -1 3167 3135 3148 -1 3169 3164 3140 -1 3169 3140 3149 -1 3170 3048 3012 -1 3171 3059 3013 -1 3171 3013 3143 -1 3171 415 3059 -1 3170 3012 3156 -1 3172 3151 3160 -1 3173 3099 3147 -1 3174 3145 3152 -1 3172 641 3151 -1 3173 3147 3167 -1 3175 3004 3005 -1 3175 3005 3144 -1 3173 3123 3099 -1 3175 3144 3166 -1 3176 3172 3160 -1 3177 409 395 -1 3178 3156 3121 -1 3178 3121 3142 -1 3179 3161 3153 -1 3178 3170 3156 -1 3177 3041 409 -1 3177 3051 3041 -1 3180 3110 3161 -1 3181 674 3162 -1 3181 3162 3168 -1 3182 3017 3158 -1 3180 3126 3110 -1 3182 3054 3017 -1 3183 3167 3148 -1 3184 3145 3174 -1 3185 562 493 -1 3183 3148 3163 -1 3184 3159 3145 -1 3186 3158 3155 -1 3187 3170 3178 -1 3188 3173 3167 -1 3189 3049 3164 -1 3190 3181 3168 -1 3189 3062 3049 -1 3191 3123 3173 -1 3192 3051 3177 -1 3192 3075 3051 -1 3191 3141 3123 -1 3193 3164 3169 -1 3193 3189 3164 -1 3194 3143 3165 -1 3194 415 3171 -1 3195 3048 3170 -1 3196 641 3172 -1 3194 3171 3143 -1 3195 3170 3187 -1 3195 759 3085 -1 3195 3085 3048 -1 3197 3157 3126 -1 3198 2990 3159 -1 3199 562 3185 -1 3197 3126 3180 -1 3200 3004 3175 -1 3201 3196 3172 -1 3202 2253 2246 -1 3202 3163 2253 -1 3202 3183 3163 -1 3200 3050 3004 -1 3198 3052 2990 -1 3203 3095 3054 -1 3198 3066 3052 -1 3201 3172 3176 -1 3203 3054 3182 -1 3204 3188 3167 -1 3205 3199 3185 -1 3204 3167 3183 -1 3205 493 466 -1 3206 3062 3189 -1 3205 3185 493 -1 3207 3161 3179 -1 3207 3180 3161 -1 3206 3096 3062 -1 3208 3175 3166 -1 3209 3189 3193 -1 3210 3181 3190 -1 3210 674 3181 -1 3211 3141 3191 -1 3209 3206 3189 -1 3212 698 680 -1 3211 3153 3141 -1 3213 3182 3158 -1 3213 3158 3186 -1 3213 3203 3182 -1 3214 759 3195 -1 3214 3195 3187 -1 3215 3210 3190 -1 3216 3191 3173 -1 3216 3173 3188 -1 3217 439 430 -1 3217 443 439 -1 3218 3202 2246 -1 3219 3075 3192 -1 3217 3087 3076 -1 3220 641 3196 -1 3217 3076 443 -1 3218 3183 3202 -1 3219 3102 3075 -1 3218 3204 3183 -1 3220 3168 3154 -1 3221 3197 3180 -1 3221 3180 3207 -1 3220 3154 641 -1 3222 3188 3204 -1 3223 3066 3198 -1 3222 3204 3218 -1 3222 3216 3188 -1 3223 3106 3066 -1 3224 3165 3157 -1 3225 3220 3196 -1 3226 3050 3200 -1 3224 3157 3197 -1 3226 3070 3050 -1 3225 3196 3201 -1 3227 395 356 -1 3227 3177 395 -1 3227 3192 3177 -1 3228 3223 3198 -1 3228 3198 3159 -1 3229 3211 3191 -1 3228 3159 3184 -1 3229 3191 3216 -1 3230 3199 3205 -1 3231 680 674 -1 3232 3206 3209 -1 3233 3179 3153 -1 3233 3153 3211 -1 3231 3210 3215 -1 3231 674 3210 -1 3233 3211 3229 -1 3234 3200 3175 -1 3235 3096 3206 -1 3231 3212 680 -1 3234 3226 3200 -1 3235 3206 3232 -1 3236 3194 3165 -1 3234 3175 3208 -1 3235 3131 3096 -1 3236 3165 3224 -1 3237 3231 3215 -1 3238 3203 3213 -1 3239 3087 3217 -1 3240 3218 2246 -1 3241 3095 3203 -1 3240 3222 3218 -1 3242 3168 3220 -1 3239 3127 3087 -1 3241 3105 3095 -1 3243 430 423 -1 3244 3216 3222 -1 3245 3111 3102 -1 3243 3239 3217 -1 3242 3220 3225 -1 3244 3229 3216 -1 3245 3102 3219 -1 3243 3217 430 -1 3242 3190 3168 -1 3246 3197 3221 -1 3247 715 698 -1 3246 3224 3197 -1 3248 3223 3228 -1 3246 3236 3224 -1 3247 698 3212 -1 3249 3223 3248 -1 3250 3233 3229 -1 3251 3229 3244 -1 3252 3122 3098 -1 3253 3242 3225 -1 3251 3250 3229 -1 3249 3106 3223 -1 3254 562 3199 -1 3249 3134 3106 -1 3252 3070 3226 -1 3252 3098 3070 -1 3255 3235 3232 -1 3254 3199 3230 -1 3256 3179 3233 -1 3257 3245 3219 -1 3258 3142 3131 -1 3257 3219 3192 -1 3256 3207 3179 -1 3257 3192 3227 -1 3257 3227 356 -1 3258 3131 3235 -1 3259 3231 3237 -1 3259 3247 3212 -1 3259 3212 3231 -1 3260 3236 3246 -1 3261 3222 3240 -1 3261 3244 3222 -1 3262 3127 3239 -1 3263 415 3194 -1 3263 3236 3260 -1 3264 715 3247 -1 3263 3194 3236 -1 3265 3259 3237 -1 3266 3226 3234 -1 3262 3137 3127 -1 3267 2246 304 -1 3268 3243 423 -1 3267 3261 3240 -1 3268 3239 3243 -1 3267 3240 2246 -1 3269 3105 3241 -1 3269 3136 3105 -1 3270 3215 3190 -1 3271 3152 3137 -1 3272 3241 3203 -1 3272 3203 3238 -1 3271 3137 3262 -1 3270 3242 3253 -1 3273 3207 3256 -1 3273 3221 3207 -1 3270 3190 3242 -1 3274 3251 3244 -1 3275 3245 3257 -1 3275 3257 356 -1 3274 3244 3261 -1 3276 3160 562 -1 3277 3233 3250 -1 3278 3134 3249 -1 3277 3256 3233 -1 3276 562 3254 -1 3279 3122 3252 -1 3280 3250 3251 -1 3281 3178 3142 -1 3280 3251 3274 -1 3282 3279 3252 -1 3280 3277 3250 -1 3281 3142 3258 -1 2986 3254 3230 -1 3283 3261 3267 -1 3284 3278 3249 -1 2986 3276 3254 -1 3283 3274 3261 -1 3285 415 3263 -1 3285 3263 3260 -1 3002 3270 3253 -1 3284 3249 3248 -1 3286 3247 3259 -1 3286 3264 3247 -1 3282 3252 3226 -1 3007 3281 3258 -1 3287 3256 3277 -1 3282 3226 3266 -1 3007 3235 3255 -1 3007 3258 3235 -1 3288 738 715 -1 3287 3273 3256 -1 3023 3241 3272 -1 3289 304 308 -1 3023 3269 3241 -1 3288 715 3264 -1 3289 3267 304 -1 3290 3152 3271 -1 3289 3283 3267 -1 3291 759 3136 -1 3291 415 759 -1 3291 3136 3269 -1 3292 3274 3283 -1 3290 3174 3152 -1 2983 3239 3268 -1 3293 3246 3221 -1 2989 3276 2986 -1 3294 3237 3215 -1 3295 3150 3111 -1 2983 3262 3239 -1 3294 3215 3270 -1 3293 3221 3273 -1 3295 3111 3245 -1 3296 3169 3149 -1 3295 3245 3275 -1 3297 3259 3265 -1 3298 3280 3274 -1 3296 3149 3134 -1 3297 3286 3259 -1 3298 3274 3292 -1 3299 3139 3122 -1 3296 3134 3278 -1 3300 3277 3280 -1 3300 3287 3277 -1 3061 457 450 -1 3299 3122 3279 -1 3003 3270 3002 -1 3301 3289 308 -1 2988 3262 2983 -1 3003 3294 3270 -1 3301 3283 3289 -1 2988 3271 3262 -1 3301 3292 3283 -1 3302 3260 3246 -1 3303 466 457 -1 3302 3246 3293 -1 2976 3278 3284 -1 2976 3296 3278 -1 3303 457 3061 -1 3015 3281 3007 -1 3304 3273 3287 -1 3304 3293 3273 -1 2995 3279 3282 -1 3305 3160 3276 -1 3306 3187 3178 -1 3306 3178 3281 -1 3305 3276 2989 -1 3307 3287 3300 -1 3305 3176 3160 -1 3308 3169 3296 -1 3307 3304 3287 -1 3309 3166 3150 -1 3310 3286 3297 -1 3310 3264 3286 -1 3310 3288 3264 -1 3311 3280 3298 -1 3309 3150 3295 -1 3311 3300 3280 -1 3312 739 738 -1 3312 738 3288 -1 3313 3298 3292 -1 3314 3295 3275 -1 3313 3311 3298 -1 3315 3265 3237 -1 3024 3269 3023 -1 3315 3237 3294 -1 3024 3291 3269 -1 3024 415 3291 -1 3316 3184 3174 -1 3317 3302 3293 -1 3315 3294 3003 -1 3317 3293 3304 -1 3316 3174 3290 -1 3038 3290 3271 -1 3318 308 344 -1 3319 3155 3139 -1 3318 3301 308 -1 3318 3292 3301 -1 3320 3310 3297 -1 3318 3313 3292 -1 3319 3139 3299 -1 3038 3271 2988 -1 3321 466 3303 -1 3028 3296 2976 -1 3322 3307 3300 -1 2997 3299 3279 -1 3322 3300 3311 -1 3323 3260 3302 -1 3323 3285 3260 -1 3324 3187 3306 -1 3029 3315 3003 -1 3324 3214 3187 -1 3323 3302 3317 -1 3323 415 3285 -1 2997 3279 2995 -1 2997 3319 3299 -1 3325 3176 3305 -1 3326 3311 3313 -1 3326 3322 3311 -1 3327 3309 3295 -1 3328 3184 3316 -1 3329 3304 3307 -1 3327 3295 3314 -1 3329 3317 3304 -1 3325 3201 3176 -1 3328 3228 3184 -1 3056 3281 3015 -1 3330 3323 3317 -1 3330 415 3323 -1 3056 3324 3306 -1 3056 3306 3281 -1 3331 3166 3309 -1 3332 3318 344 -1 3333 3193 3169 -1 3332 3313 3318 -1 3037 3305 2989 -1 3331 3309 3327 -1 3333 3169 3308 -1 3332 3326 3313 -1 3331 3208 3166 -1 3037 3325 3305 -1 3334 3330 3317 -1 3335 466 3321 -1 3334 3317 3329 -1 3027 3296 3028 -1 3335 3205 466 -1 3027 3308 3296 -1 3040 3319 2997 -1 3336 3322 3326 -1 3092 3321 3303 -1 3337 3155 3319 -1 3092 3303 3061 -1 3337 3186 3155 -1 3338 3312 3288 -1 3339 3322 3336 -1 3337 3319 3040 -1 3339 3307 3322 -1 3039 3316 3290 -1 3339 3329 3307 -1 3338 3288 3310 -1 3340 3326 3332 -1 3039 3290 3038 -1 3341 356 334 -1 3341 3314 3275 -1 3342 759 739 -1 3340 3336 3326 -1 3341 3275 356 -1 3081 3324 3056 -1 3342 739 3312 -1 3343 3334 3329 -1 3344 3214 3324 -1 3344 759 3214 -1 3344 3324 3081 -1 3345 3297 3265 -1 3343 3329 3339 -1 3345 3265 3315 -1 3345 3315 3029 -1 3346 415 3330 -1 3346 3330 3334 -1 3113 3321 3092 -1 3113 3335 3321 -1 3347 3339 3336 -1 3084 3316 3039 -1 3347 3343 3339 -1 3348 3208 3331 -1 3084 3328 3316 -1 2993 3338 3310 -1 3348 3234 3208 -1 2993 3310 3320 -1 3349 3193 3333 -1 3350 3343 3347 -1 3349 3209 3193 -1 3351 3336 3340 -1 3352 3331 3327 -1 3353 3225 3201 -1 3351 3347 3336 -1 3352 3348 3331 -1 3354 3186 3337 -1 3355 344 376 -1 3355 3340 3332 -1 3354 3213 3186 -1 3063 3308 3027 -1 3353 3201 3325 -1 3355 3332 344 -1 3063 3333 3308 -1 3074 3345 3029 -1 3356 415 3346 -1 3356 3346 3334 -1 3356 3343 3350 -1 3356 3334 3343 -1 3078 3325 3037 -1 3067 3337 3040 -1 3357 3350 3347 -1 3357 3347 3351 -1 3358 3228 3328 -1 3358 3328 3084 -1 3078 3353 3325 -1 3359 415 3356 -1 3359 3356 3350 -1 3360 3338 2993 -1 3358 3248 3228 -1 3360 3312 3338 -1 3360 3342 3312 -1 3361 376 384 -1 3361 3355 376 -1 3109 759 3344 -1 3361 3351 3340 -1 3361 3340 3355 -1 3362 3266 3234 -1 3109 3344 3081 -1 3363 3232 3209 -1 3364 415 3359 -1 3363 3209 3349 -1 3364 3350 3357 -1 3364 3359 3350 -1 3362 3234 3348 -1 3365 3230 3205 -1 3366 384 404 -1 3366 3361 384 -1 3366 3357 3351 -1 3365 3205 3335 -1 3366 3351 3361 -1 3093 3349 3333 -1 3125 3335 3113 -1 3367 404 415 -1 3093 3333 3063 -1 3367 415 3364 -1 3032 3348 3352 -1 3367 3366 404 -1 3367 3364 3357 -1 3032 3362 3348 -1 3367 3357 3366 -1 2979 3213 3354 -1 3125 3365 3335 -1 2992 3360 2993 -1 2979 3238 3213 -1 2979 3272 3238 -1 3368 3225 3353 -1 3369 3327 3314 -1 3368 3253 3225 -1 3369 3314 3341 -1 3370 3248 3358 -1 3370 3284 3248 -1 3130 3358 3084 -1 3010 3282 3266 -1 3100 3368 3353 -1 3100 3353 3078 -1 3010 3266 3362 -1 3371 3320 3297 -1 3371 3297 3345 -1 3115 3363 3349 -1 3091 2979 3354 -1 3115 3349 3093 -1 3091 3354 3337 -1 2987 3230 3365 -1 3091 3337 3067 -1 3018 3232 3363 -1 3018 3255 3232 -1 3018 3363 3115 -1 2987 2986 3230 -1 3042 423 412 -1 3104 3371 3345 -1 3031 3362 3032 -1 3372 3327 3369 -1 3104 3345 3074 -1 3372 3352 3327 -1 3042 3268 423 -1 2980 2979 3091 -1 3146 3365 3125 -1 3146 2987 3365 -1 3373 759 3342 -1 3005 3358 3130 -1 3072 334 335 -1 3373 3360 2992 -1 3072 3369 3341 -1 3005 3370 3358 -1 3072 3341 334 -1 3373 3342 3360 -1 2998 2993 3320 -1 2981 3272 2979 -1 2981 3023 3272 -1 2977 2976 3284 -1 2998 3320 3371 -1 2977 3284 3370 -1 3119 3368 3100 -1 2977 3370 3005 -1 3008 3255 3018 -1 2996 3282 3010 -1 3021 759 3373 -1 2996 2995 3282 -1 3021 3373 2992 -1 3008 3007 3255 -1 3019 3018 3115 -1 3000 3253 3368 -1 3000 3002 3253 -1 3011 3010 3362 -1 3011 3362 3031 -1 3000 3368 3119 -1 2984 2983 3268 -1 3016 3371 3104 -1 2984 3268 3042 -1 3016 2998 3371 -1 3014 3023 2981 -1 3046 3372 3369 -1 3043 3042 412 -1 3046 3369 3072 -1 3043 412 409 -1 2990 2987 3146 -1 2975 3028 2976 -1 3033 3032 3352 -1 3001 3000 3119 -1 3033 3352 3372 -1 3033 3372 3046 -1 2283 200 193 -1 2283 193 191 -1 2283 191 190 -1 2284 2283 190 -1 2279 2284 190 -1 2904 2279 190 -1 2913 2903 2911 -1 2913 2904 2903 -1 2402 2904 2913 -1 2401 2904 2402 -1 2408 2904 2401 -1 2448 2904 2408 -1 2487 2904 2448 -1 2274 2279 2904 -1 2274 2904 2487 -1 196 759 415 -1 196 415 414 -1 196 414 2904 -1 190 196 2904 -1 3374 3375 3376 -1 3377 3378 3379 -1 3380 3381 3382 -1 3377 3383 3384 -1 3377 3385 3383 -1 3377 3379 3385 -1 3380 3386 3381 -1 3387 3388 435 -1 3389 3390 3391 -1 3389 3392 3390 -1 3389 3374 3392 -1 3393 3394 3395 -1 3393 1918 3394 -1 3396 3397 3386 -1 3398 2044 2036 -1 3398 2036 3399 -1 3398 3399 3400 -1 3401 3402 3403 -1 3404 3396 3386 -1 3401 3405 3402 -1 3404 3386 3380 -1 3406 3377 3384 -1 3407 3375 3374 -1 3407 3408 3375 -1 3409 3378 3377 -1 3410 3374 3389 -1 3410 3407 3374 -1 3411 3377 3406 -1 3411 3409 3377 -1 3412 3413 3405 -1 3412 3405 3401 -1 3414 3396 3404 -1 3415 1962 1918 -1 3415 1918 3393 -1 3416 3388 3387 -1 3416 3417 3388 -1 3418 3407 3410 -1 3419 3395 3397 -1 3419 3397 3396 -1 3419 3396 3414 -1 3420 3421 3378 -1 3422 3382 3408 -1 3420 3423 3421 -1 3420 3378 3409 -1 3422 3407 3418 -1 3424 3417 3416 -1 3422 3408 3407 -1 3425 3426 2040 -1 3424 3427 3417 -1 3428 3420 3409 -1 3428 3409 3411 -1 3429 3423 3420 -1 3430 3382 3422 -1 3430 3380 3382 -1 3431 3393 3395 -1 3432 3384 3413 -1 3431 3395 3419 -1 3432 3413 3412 -1 3431 3415 3393 -1 3433 4806 2040 -1 3434 3423 3429 -1 3435 3419 3414 -1 3434 3400 3423 -1 3435 3431 3419 -1 3434 3398 3400 -1 3436 3422 3418 -1 3437 3429 3420 -1 3437 3420 3428 -1 3436 3430 3422 -1 3438 3427 3424 -1 3439 3425 2040 -1 3440 3426 3425 -1 3438 3441 3427 -1 3442 3434 3429 -1 3442 3429 3437 -1 3440 3443 3426 -1 3444 3384 3432 -1 3445 3433 2040 -1 3444 3406 3384 -1 3446 3380 3430 -1 3446 3404 3380 -1 3447 2008 4806 -1 3447 4806 3433 -1 3448 3441 3438 -1 3449 3391 3443 -1 3448 3450 3441 -1 3449 3443 3440 -1 3451 3398 3434 -1 3451 2052 2044 -1 3452 3446 3430 -1 3451 2044 3398 -1 3453 3434 3442 -1 3452 3430 3436 -1 3453 2057 2052 -1 3454 3445 2040 -1 3453 3451 3434 -1 3453 2052 3451 -1 3455 2000 2008 -1 3456 3431 3435 -1 3457 3458 3450 -1 3459 1962 3415 -1 3455 2008 3447 -1 3459 3415 3431 -1 3459 3431 3456 -1 3460 3447 3433 -1 3460 3433 3445 -1 3460 3455 3447 -1 3457 3450 3448 -1 3461 3440 3425 -1 3461 3425 3439 -1 3462 3406 3444 -1 3462 3411 3406 -1 3463 3404 3446 -1 3463 3414 3404 -1 3464 3411 3462 -1 3464 3428 3411 -1 3465 3446 3452 -1 3466 3454 2040 -1 3467 3440 3461 -1 3468 3469 3458 -1 3470 3455 3460 -1 3468 3458 3457 -1 3467 3449 3440 -1 3471 3437 3428 -1 3472 3460 3445 -1 3471 3428 3464 -1 3472 3445 3454 -1 3473 3389 3391 -1 3473 3391 3449 -1 3474 2000 3455 -1 3475 3476 3469 -1 3475 3469 3468 -1 3477 1981 1962 -1 3478 3460 3472 -1 3477 1962 3459 -1 3478 3470 3460 -1 3479 3442 3437 -1 3480 3477 3459 -1 3479 3437 3471 -1 3480 3459 3456 -1 3481 3453 3442 -1 3482 3446 3465 -1 3481 3442 3479 -1 3482 3463 3446 -1 3483 3466 2040 -1 3484 3387 435 -1 3485 3410 3389 -1 3485 3389 3473 -1 3486 1954 2000 -1 3485 3418 3410 -1 3486 2000 3474 -1 3487 3414 3463 -1 3488 3476 3475 -1 3488 3489 3476 -1 3490 3474 3455 -1 3490 3455 3470 -1 3487 3435 3414 -1 3487 3463 3482 -1 3490 3486 3474 -1 3491 3477 3480 -1 3492 3454 3466 -1 3491 1981 3477 -1 3493 3489 3488 -1 3493 3403 3489 -1 3492 3472 3454 -1 3494 3449 3467 -1 3495 3416 3387 -1 3494 3473 3449 -1 3495 3387 3484 -1 3496 3418 3485 -1 3497 3478 3472 -1 3497 3472 3492 -1 3496 3436 3418 -1 3498 3490 3470 -1 3498 3470 3478 -1 3499 2057 3453 -1 3499 3453 3481 -1 3500 3490 3498 -1 3501 3473 3494 -1 3501 3485 3473 -1 3500 3486 3490 -1 3502 3416 3495 -1 3503 3435 3487 -1 3503 3456 3435 -1 3504 3487 3482 -1 3502 3424 3416 -1 3505 3492 3466 -1 3505 3466 3483 -1 3506 3401 3403 -1 3507 3505 3483 -1 3506 3403 3493 -1 3508 853 852 -1 3508 3499 853 -1 3509 3439 2040 -1 3508 852 2057 -1 3508 2057 3499 -1 3510 3509 2040 -1 3507 3483 2040 -1 3511 1955 1954 -1 3512 1990 1981 -1 3511 1954 3486 -1 3513 3438 3424 -1 3514 3497 3492 -1 3512 1981 3491 -1 3513 3424 3502 -1 3515 3496 3485 -1 3516 3412 3401 -1 3514 3492 3505 -1 3516 3401 3506 -1 3515 3485 3501 -1 3517 3500 3498 -1 3518 3436 3496 -1 3519 3448 3438 -1 3519 3438 3513 -1 3520 3503 3487 -1 3521 3432 3412 -1 3520 3487 3504 -1 3521 3412 3516 -1 3522 3480 3456 -1 3523 3507 2040 -1 3522 3456 3503 -1 3524 3448 3519 -1 3524 3457 3448 -1 3525 3461 3439 -1 3526 3478 3497 -1 3526 3498 3478 -1 3527 3511 3486 -1 3527 3486 3500 -1 3525 3439 3509 -1 3528 3484 435 -1 3529 3436 3518 -1 3530 3514 3505 -1 3530 3505 3507 -1 3529 3452 3436 -1 3531 3444 3432 -1 3531 3432 3521 -1 3532 3467 3461 -1 3532 3461 3525 -1 3533 3527 3500 -1 3534 3468 3457 -1 3533 3500 3517 -1 3534 3457 3524 -1 3535 3517 3498 -1 3536 3509 3510 -1 3535 3498 3526 -1 3536 3525 3509 -1 3537 3484 3528 -1 3538 3496 3515 -1 3539 3526 3497 -1 3538 3518 3496 -1 3537 3495 3484 -1 3539 3497 3514 -1 3538 3529 3518 -1 3540 3491 3480 -1 3541 3475 3468 -1 3540 3480 3522 -1 3542 3514 3530 -1 3542 3539 3514 -1 3541 3468 3534 -1 3543 3511 3527 -1 3544 3522 3503 -1 3544 3503 3520 -1 3543 1955 3511 -1 3545 3495 3537 -1 3545 3502 3495 -1 3546 3532 3525 -1 3546 3525 3536 -1 3547 3465 3452 -1 3548 3444 3531 -1 3549 3530 3507 -1 3548 3462 3444 -1 3547 3452 3529 -1 3549 3542 3530 -1 3549 3507 3523 -1 3550 3475 3541 -1 3551 3526 3539 -1 3551 3535 3526 -1 3550 3488 3475 -1 3552 3533 3517 -1 3553 3529 3538 -1 3553 3547 3529 -1 3554 3462 3548 -1 3555 3494 3467 -1 3552 3517 3535 -1 3554 3464 3462 -1 3555 3467 3532 -1 3555 3532 3546 -1 3556 3502 3545 -1 3557 3522 3544 -1 3558 3542 3549 -1 3556 3513 3502 -1 3557 3540 3522 -1 3559 3543 3527 -1 3559 3527 3533 -1 3560 3528 435 -1 3561 3482 3465 -1 3562 3551 3539 -1 3561 3465 3547 -1 3563 3488 3550 -1 3562 3539 3542 -1 3563 3493 3488 -1 3562 3542 3558 -1 3564 1913 1955 -1 3565 3471 3464 -1 3566 3547 3553 -1 3564 1955 3543 -1 3565 3464 3554 -1 3567 3555 3546 -1 3568 3513 3556 -1 3569 3512 3491 -1 3569 3540 3557 -1 3570 3523 2040 -1 3569 3491 3540 -1 3568 3519 3513 -1 3571 3471 3565 -1 3571 3565 862 -1 3572 3501 3494 -1 3571 3479 3471 -1 3573 3535 3551 -1 3572 3494 3555 -1 3573 3552 3535 -1 3572 3555 3567 -1 3574 3537 3528 -1 3574 3528 3560 -1 3575 3543 3559 -1 3576 3572 3567 -1 3575 3564 3543 -1 3577 3571 862 -1 3577 3479 3571 -1 3578 1990 3512 -1 3577 3481 3479 -1 3578 3512 3569 -1 3579 3551 3562 -1 3580 3561 3547 -1 3581 3534 3524 -1 3579 3573 3551 -1 3581 3519 3568 -1 3581 3524 3519 -1 3580 3547 3566 -1 3582 3533 3552 -1 3583 3569 3557 -1 3582 3559 3533 -1 3582 3552 3573 -1 3584 3493 3563 -1 3584 3506 3493 -1 3585 3537 3574 -1 3586 3515 3501 -1 3587 3562 3558 -1 3585 3545 3537 -1 3588 1914 1913 -1 3586 3501 3572 -1 3588 1913 3564 -1 3589 3482 3561 -1 3588 3564 3575 -1 3590 3560 435 -1 3590 3574 3560 -1 3591 3570 2040 -1 3589 3561 3580 -1 3589 3504 3482 -1 3388 2040 435 -1 3592 3506 3584 -1 3592 3516 3506 -1 3593 3534 3581 -1 3388 3510 2040 -1 3593 3541 3534 -1 3388 3536 3510 -1 3594 1990 3578 -1 3594 2018 1990 -1 3595 3582 3573 -1 3596 3545 3585 -1 3597 3572 3576 -1 3596 3556 3545 -1 3598 3523 3570 -1 3599 862 853 -1 3599 853 3499 -1 3599 3577 862 -1 3598 3549 3523 -1 3599 3481 3577 -1 3597 3586 3572 -1 3599 3499 3481 -1 3600 3569 3583 -1 3598 3570 3591 -1 3601 3574 3590 -1 3600 3578 3569 -1 3602 3579 3562 -1 3602 3562 3587 -1 3603 3568 3556 -1 3603 3556 3596 -1 3604 3504 3589 -1 3605 3573 3579 -1 3604 3520 3504 -1 3605 3595 3573 -1 3606 3553 3538 -1 3607 3541 3593 -1 3608 3575 3559 -1 3606 3515 3586 -1 3608 3559 3582 -1 3609 3596 3585 -1 3608 3582 3595 -1 3609 3585 3574 -1 3606 3538 3515 -1 3609 3574 3601 -1 3610 3521 3516 -1 3611 3589 3580 -1 3612 3558 3549 -1 3610 3516 3592 -1 3612 3549 3598 -1 3613 3575 3608 -1 3614 3550 3541 -1 3613 3588 3575 -1 3614 3541 3607 -1 3417 3536 3388 -1 3615 1081 1033 -1 3615 435 1081 -1 3615 3590 435 -1 3417 3546 3536 -1 3615 3601 3590 -1 3616 3608 3595 -1 3615 3609 3601 -1 3617 3605 3579 -1 3618 3594 3578 -1 3617 3579 3602 -1 3619 3581 3568 -1 3618 3578 3600 -1 3620 3606 3586 -1 3619 3568 3603 -1 3620 3586 3597 -1 3621 3612 3598 -1 3622 3531 3521 -1 3622 3521 3610 -1 3622 3610 897 -1 3623 3609 3615 -1 3427 3567 3546 -1 3623 3615 1033 -1 3427 3546 3417 -1 3623 3596 3609 -1 3623 3603 3596 -1 3624 3606 3620 -1 3621 3598 3591 -1 3625 3563 3550 -1 3626 3605 3617 -1 3625 3584 3563 -1 3626 3595 3605 -1 3626 3616 3595 -1 3625 3550 3614 -1 3624 3553 3606 -1 3627 2030 2018 -1 3628 3603 3623 -1 3628 3623 1033 -1 3627 2018 3594 -1 3627 3594 3618 -1 3629 3593 3581 -1 3629 3581 3619 -1 3630 3589 3611 -1 3631 3531 3622 -1 3630 3604 3589 -1 3632 3612 3621 -1 3631 3548 3531 -1 3633 3608 3616 -1 3631 3622 897 -1 3634 3619 3603 -1 3635 3520 3604 -1 3633 3613 3608 -1 3634 3628 1033 -1 3634 3603 3628 -1 3635 3544 3520 -1 3636 3558 3612 -1 3637 3584 3625 -1 3637 3592 3584 -1 3636 3612 3632 -1 3638 3624 3620 -1 3636 3587 3558 -1 3639 3566 3553 -1 3640 1914 3588 -1 3641 3607 3593 -1 3639 3553 3624 -1 3640 3613 3633 -1 3641 3593 3629 -1 3642 897 862 -1 3640 3588 3613 -1 3642 3548 3631 -1 3642 3554 3548 -1 3642 862 3565 -1 3642 3565 3554 -1 3643 3557 3544 -1 3642 3631 897 -1 3644 3626 3617 -1 3645 3641 1009 -1 3645 3607 3641 -1 3643 3544 3635 -1 3646 3616 3626 -1 3645 3614 3607 -1 3646 3633 3616 -1 3647 3592 3637 -1 3647 3637 968 -1 3648 1033 1009 -1 3648 3641 3629 -1 3441 3576 3567 -1 3648 1009 3641 -1 3649 3587 3636 -1 3648 3629 3619 -1 3441 3567 3427 -1 3648 3634 1033 -1 3649 3602 3587 -1 3648 3619 3634 -1 3650 1009 968 -1 3650 3625 3614 -1 3650 3637 3625 -1 3650 3614 3645 -1 3650 3645 1009 -1 3650 968 3637 -1 3651 3639 3624 -1 3652 3640 3633 -1 3653 968 897 -1 3653 3647 968 -1 3651 3624 3638 -1 3653 3592 3647 -1 3376 3636 3632 -1 3653 897 3610 -1 3653 3610 3592 -1 3654 3604 3630 -1 3654 3635 3604 -1 3376 3649 3636 -1 3655 3566 3639 -1 3655 3639 3651 -1 3656 3591 2040 -1 3655 3580 3566 -1 3450 3597 3576 -1 3450 3576 3441 -1 3657 3633 3646 -1 3657 3652 3633 -1 3385 3643 3635 -1 3658 3626 3644 -1 3385 3635 3654 -1 3658 3646 3626 -1 3659 4883 1914 -1 3660 3655 3651 -1 3659 1914 3640 -1 3661 3643 3385 -1 3661 3557 3643 -1 3662 3602 3649 -1 3662 3617 3602 -1 3661 3583 3557 -1 3458 3597 3450 -1 3458 3620 3597 -1 3375 3649 3376 -1 3375 3662 3649 -1 3663 3655 3660 -1 3663 3611 3580 -1 3664 3657 3646 -1 3664 3646 3658 -1 3663 3580 3655 -1 3426 3656 2040 -1 3665 3600 3583 -1 3665 3583 3661 -1 3402 3663 3660 -1 3666 3652 3657 -1 3667 1917 4883 -1 3667 3652 3666 -1 3667 3640 3652 -1 3667 4883 3659 -1 3667 3659 3640 -1 3668 3621 3591 -1 3379 3661 3385 -1 3668 3591 3656 -1 3469 3638 3620 -1 3469 3620 3458 -1 3669 3611 3663 -1 3669 3663 3402 -1 3408 3662 3375 -1 3669 3630 3611 -1 3670 3600 3665 -1 3390 3621 3668 -1 3670 3618 3600 -1 3390 3632 3621 -1 3378 3670 3665 -1 3671 3644 3617 -1 3378 3661 3379 -1 3378 3665 3661 -1 3671 3662 3408 -1 3671 3617 3662 -1 3405 3669 3402 -1 3397 3657 3664 -1 3397 3666 3657 -1 3672 3618 3670 -1 3672 3627 3618 -1 3443 3656 3426 -1 3476 3638 3469 -1 3443 3668 3656 -1 3476 3651 3638 -1 3673 1917 3667 -1 3673 3667 3666 -1 3674 3630 3669 -1 3674 3654 3630 -1 3381 3644 3671 -1 3399 2036 2030 -1 3381 3664 3658 -1 3381 3658 3644 -1 3399 3627 3672 -1 3399 2030 3627 -1 3391 3668 3443 -1 3421 3670 3378 -1 3391 3390 3668 -1 3489 3651 3476 -1 3489 3660 3651 -1 3413 3669 3405 -1 3382 3381 3671 -1 3413 3674 3669 -1 3382 3671 3408 -1 3423 3672 3670 -1 3392 3376 3632 -1 3392 3632 3390 -1 3423 3670 3421 -1 3383 3674 3413 -1 3395 3673 3666 -1 3383 3654 3674 -1 3383 3385 3654 -1 3395 3666 3397 -1 3400 3399 3672 -1 3400 3672 3423 -1 3386 3664 3381 -1 3386 3397 3664 -1 3403 3402 3660 -1 3394 1918 1917 -1 3403 3660 3489 -1 3394 3673 3395 -1 3394 1917 3673 -1 3384 3383 3413 -1 3374 3376 3392 -1 261 2460 436 -1 262 261 436 -1 2040 436 435 -1 2040 262 436 -1 302 4577 2267 -1 300 302 2267 -1 298 300 2267 -1 296 298 2267 -1 289 296 2267 -1 261 2266 2264 -1 261 2267 2266 -1 261 289 2267 -1 2460 2264 2260 -1 2460 2464 2461 -1 2460 2477 2464 -1 2460 2485 2477 -1 2460 2260 2485 -1 2460 261 2264 -1 3675 3676 3677 -1 3678 3679 3680 -1 3675 3681 3676 -1 3678 3680 3682 -1 3675 3683 3681 -1 3684 3685 3686 -1 3684 3687 3685 -1 3688 3682 3689 -1 3688 3678 3682 -1 3690 3691 3692 -1 3693 3686 3683 -1 3693 3684 3686 -1 3694 3692 3695 -1 3696 3697 3698 -1 3694 3690 3692 -1 3699 3695 3700 -1 3701 3698 3702 -1 3701 3696 3698 -1 3699 3694 3695 -1 3703 3691 3690 -1 3703 3690 3694 -1 3704 3702 3705 -1 3704 3701 3702 -1 3703 3706 3691 -1 3707 3675 3677 -1 3708 3694 3699 -1 3707 3683 3675 -1 3708 3703 3694 -1 3709 3700 3710 -1 3707 3693 3683 -1 3709 3699 3700 -1 3711 3704 3705 -1 3711 3705 3687 -1 3712 3699 3709 -1 3713 3696 3701 -1 3712 3708 3699 -1 3714 3712 3709 -1 3713 3697 3696 -1 3715 3701 3704 -1 3715 3713 3701 -1 3716 3710 3679 -1 3716 3709 3710 -1 3717 3706 3703 -1 3717 3703 3708 -1 3718 3715 3704 -1 3717 3719 3706 -1 3718 3704 3711 -1 3720 3718 3711 -1 3721 3679 3678 -1 3721 3716 3679 -1 3722 3711 3687 -1 3723 3717 3708 -1 3722 3687 3684 -1 3724 3725 4877 -1 3726 3716 3721 -1 3727 3722 3684 -1 3727 3684 3693 -1 4660 3724 4877 -1 3726 3714 3709 -1 3726 3709 3716 -1 3728 3697 3713 -1 3729 3708 3712 -1 3729 3723 3708 -1 3730 3726 3721 -1 3731 3728 3713 -1 3732 3729 3712 -1 3731 3713 3715 -1 3733 3718 3720 -1 3733 3715 3718 -1 3732 3712 3714 -1 3733 3731 3715 -1 3734 3689 3735 -1 3736 3711 3722 -1 3734 3688 3689 -1 3736 3720 3711 -1 3734 3678 3688 -1 3736 3722 3727 -1 3734 3721 3678 -1 3737 3730 3721 -1 3737 3734 3735 -1 3737 3721 3734 -1 3738 3714 3726 -1 3739 3733 3720 -1 3738 3732 3714 -1 3740 3693 3707 -1 3740 3727 3693 -1 3741 3726 3730 -1 3740 3677 3742 -1 3741 3738 3726 -1 3740 3707 3677 -1 3743 3727 3740 -1 3744 3737 3735 -1 3744 3741 3730 -1 3743 3736 3727 -1 3745 3720 3736 -1 3744 3730 3737 -1 3745 3739 3720 -1 3746 3743 3740 -1 3746 3740 3742 -1 3746 3742 3747 -1 3748 3745 3736 -1 3749 3719 3717 -1 3748 3736 3743 -1 3750 3697 3728 -1 3751 3749 3717 -1 3751 3717 3723 -1 3750 3752 3697 -1 3753 3728 3731 -1 3754 3719 3749 -1 3754 3749 3751 -1 3754 3755 3719 -1 3753 3750 3728 -1 3756 3754 3751 -1 3757 3731 3733 -1 3758 3723 3729 -1 3758 3751 3723 -1 3757 3753 3731 -1 3759 3733 3739 -1 3759 3757 3733 -1 3760 3729 3732 -1 3761 3743 3746 -1 3760 3758 3729 -1 3761 3748 3743 -1 3761 3746 3747 -1 3762 3750 3753 -1 3763 3756 3751 -1 3763 3751 3758 -1 3762 3752 3750 -1 3764 3758 3760 -1 3764 3763 3758 -1 3765 3762 3753 -1 3766 3732 3738 -1 3765 3753 3757 -1 3767 3759 3739 -1 3767 3739 3745 -1 3766 3760 3732 -1 3768 3755 3754 -1 3769 3757 3759 -1 3769 3765 3757 -1 3770 3768 3754 -1 3771 3745 3748 -1 3770 3754 3756 -1 3771 3767 3745 -1 3772 3766 3738 -1 3772 3738 3741 -1 3773 3752 3762 -1 3774 3764 3760 -1 3775 3762 3765 -1 3774 3760 3766 -1 3775 3773 3762 -1 3776 3759 3767 -1 3777 3766 3772 -1 3777 3774 3766 -1 3776 3769 3759 -1 3778 3770 3756 -1 3779 3775 3765 -1 3778 3756 3763 -1 3779 3765 3769 -1 3779 3769 3776 -1 3780 3779 3776 -1 3781 3763 3764 -1 3781 3778 3763 -1 3782 3771 3748 -1 3782 3747 3783 -1 3782 3748 3761 -1 3784 3772 3741 -1 3782 3761 3747 -1 3784 3744 3735 -1 3784 3741 3744 -1 3784 3735 3785 -1 3786 3776 3767 -1 3786 3767 3771 -1 3787 3755 3768 -1 3788 3786 3771 -1 3788 3771 3782 -1 3787 3789 3755 -1 3790 3787 3768 -1 3791 3776 3786 -1 3790 3768 3770 -1 3791 3780 3776 -1 3792 3791 3786 -1 3793 3785 3794 -1 3793 3772 3784 -1 3792 3786 3788 -1 3793 3777 3772 -1 3793 3784 3785 -1 3795 3770 3778 -1 3796 3797 3752 -1 3796 3752 3773 -1 3795 3790 3770 -1 3798 3795 3778 -1 3799 3796 3773 -1 3798 3778 3781 -1 3799 3773 3775 -1 3800 3764 3774 -1 3800 3781 3764 -1 3801 3782 3783 -1 3801 3783 3802 -1 3801 3788 3782 -1 3803 3774 3777 -1 3803 3800 3774 -1 3804 3799 3775 -1 3804 3775 3779 -1 3805 3781 3800 -1 3805 3798 3781 -1 3806 3804 3779 -1 3806 3779 3780 -1 3807 3803 3777 -1 3807 3793 3794 -1 3808 3792 3788 -1 3807 3777 3793 -1 3808 3788 3801 -1 3808 3801 3802 -1 3809 3800 3803 -1 3809 3805 3800 -1 3810 3797 3796 -1 3811 3789 3787 -1 3812 3810 3796 -1 3812 3796 3799 -1 3813 3780 3791 -1 3814 3811 3787 -1 3813 3806 3780 -1 3814 3787 3790 -1 3814 3790 3795 -1 3815 3789 3811 -1 3816 3799 3804 -1 3816 3812 3799 -1 3815 3817 3789 -1 3818 3791 3792 -1 3815 3811 3814 -1 3818 3813 3791 -1 3819 3815 3814 -1 3820 3804 3806 -1 3821 3814 3795 -1 3820 3816 3804 -1 3822 3797 3810 -1 3822 3810 3812 -1 3823 3819 3814 -1 3822 3824 3797 -1 3823 3814 3821 -1 3825 3821 3795 -1 3826 3822 3812 -1 3825 3823 3821 -1 3826 3812 3816 -1 3825 3795 3798 -1 3827 3792 3808 -1 3827 3808 3802 -1 3827 3818 3792 -1 3828 3823 3825 -1 3827 3802 3829 -1 3830 3807 3794 -1 3831 3816 3820 -1 3830 3794 3832 -1 3831 3826 3816 -1 3830 3809 3803 -1 3830 3803 3807 -1 3833 3817 3815 -1 3834 3806 3813 -1 3834 3820 3806 -1 3835 3831 3820 -1 3836 3815 3819 -1 3836 3833 3815 -1 3835 3820 3834 -1 3837 3813 3818 -1 3837 3834 3813 -1 3838 3798 3805 -1 3838 3825 3798 -1 3839 3818 3827 -1 3839 3837 3818 -1 3839 3829 3840 -1 3839 3827 3829 -1 3838 3805 3809 -1 3841 3825 3838 -1 3842 3835 3834 -1 3842 3834 3837 -1 3841 3828 3825 -1 3843 3836 3819 -1 3844 3837 3839 -1 3843 3819 3823 -1 3844 3842 3837 -1 3845 3824 3822 -1 3846 3838 3809 -1 3847 3822 3826 -1 3848 3838 3846 -1 3848 3841 3838 -1 3847 3845 3822 -1 3849 3823 3828 -1 3849 3843 3823 -1 3850 3826 3831 -1 3850 3831 3835 -1 3851 3817 3833 -1 3850 3847 3826 -1 3851 3852 3817 -1 3853 3833 3836 -1 3854 3850 3835 -1 3855 3839 3840 -1 3853 3851 3833 -1 3855 3844 3839 -1 3856 3832 3857 -1 3856 3830 3832 -1 3856 3846 3809 -1 3858 3824 3845 -1 3856 3809 3830 -1 3859 3858 3845 -1 3860 3836 3843 -1 3860 3853 3836 -1 3859 3845 3847 -1 3861 3856 3857 -1 3859 3847 3850 -1 3861 3848 3846 -1 3861 3846 3856 -1 3862 3859 3850 -1 3863 3843 3849 -1 3862 3850 3854 -1 3863 3860 3843 -1 3864 3828 3841 -1 3865 3835 3842 -1 3864 3849 3828 -1 3865 3842 3844 -1 3865 3854 3835 -1 3866 3867 3868 -1 3869 3862 3854 -1 3870 3841 3848 -1 3870 3864 3841 -1 3871 3865 3844 -1 3872 3866 3868 -1 3873 3874 3867 -1 3875 3863 3849 -1 3875 3849 3864 -1 3873 3866 3872 -1 3876 3824 3858 -1 3873 3867 3866 -1 3877 3861 3857 -1 3876 3878 3824 -1 3877 3848 3861 -1 3879 3858 3859 -1 3880 3873 3872 -1 3877 3870 3848 -1 3881 3872 3868 -1 3882 3864 3870 -1 3882 3875 3864 -1 3879 3876 3858 -1 3883 3871 3844 -1 3884 3872 3881 -1 3883 3840 3885 -1 3886 3852 3851 -1 3886 3851 3853 -1 3883 3855 3840 -1 3884 3880 3872 -1 3883 3844 3855 -1 3887 3869 3854 -1 3886 3888 3852 -1 3889 3884 3881 -1 3887 3854 3865 -1 3889 3881 3868 -1 3890 3886 3853 -1 3891 3871 3883 -1 3890 3853 3860 -1 3891 3887 3865 -1 3892 3884 3889 -1 3891 3865 3871 -1 3893 3868 3894 -1 3895 3859 3862 -1 3893 3889 3868 -1 3895 3879 3859 -1 3896 3889 3893 -1 3897 3888 3886 -1 3898 3897 3886 -1 3896 3892 3889 -1 3899 3862 3869 -1 3900 3896 3893 -1 3898 3886 3890 -1 3899 3895 3862 -1 3900 3893 3894 -1 3901 3898 3890 -1 3902 3891 3883 -1 3903 3896 3900 -1 3901 3890 3860 -1 3902 3883 3885 -1 3904 3894 3905 -1 3901 3860 3863 -1 3902 3885 3906 -1 3907 3869 3887 -1 3904 3900 3894 -1 3908 3898 3901 -1 3907 3899 3869 -1 3909 3900 3904 -1 3909 3904 3905 -1 3909 3903 3900 -1 3910 3882 3870 -1 3911 3887 3891 -1 3910 3857 3912 -1 3910 3870 3877 -1 3911 3907 3887 -1 3913 3874 3873 -1 3910 3877 3857 -1 3911 3891 3902 -1 3914 3901 3863 -1 3915 3878 3876 -1 3915 3876 3879 -1 3914 3863 3875 -1 3916 3873 3880 -1 3917 3915 3879 -1 3918 3901 3914 -1 3918 3908 3901 -1 3916 3913 3873 -1 3919 3888 3897 -1 3920 3874 3913 -1 3921 3879 3895 -1 3922 3913 3916 -1 3923 3897 3898 -1 3921 3895 3899 -1 3922 3920 3913 -1 3921 3917 3879 -1 3923 3919 3897 -1 3924 3902 3906 -1 3925 3898 3908 -1 3924 3911 3902 -1 3925 3923 3898 -1 3926 3921 3899 -1 3927 3880 3884 -1 3927 3916 3880 -1 3925 3908 3918 -1 3928 3922 3916 -1 3928 3916 3927 -1 3929 3914 3875 -1 3930 3878 3915 -1 3931 3927 3884 -1 3929 3875 3882 -1 3932 3925 3918 -1 3933 3915 3917 -1 3931 3884 3892 -1 3934 3928 3927 -1 3933 3930 3915 -1 3935 3918 3914 -1 3933 3917 3921 -1 3934 3927 3931 -1 3935 3914 3929 -1 3936 3882 3910 -1 3937 3931 3892 -1 3938 3933 3921 -1 3939 3899 3907 -1 3937 3892 3896 -1 3936 3929 3882 -1 3939 3907 3911 -1 3939 3926 3899 -1 3940 3934 3931 -1 3941 3935 3929 -1 3940 3931 3937 -1 3941 3929 3936 -1 3942 3888 3919 -1 3943 3878 3930 -1 3944 3940 3937 -1 3942 3919 3923 -1 3944 3937 3896 -1 3944 3896 3903 -1 3942 3945 3888 -1 3946 3921 3926 -1 3947 3940 3944 -1 3946 3938 3921 -1 3948 3923 3925 -1 3949 3905 3950 -1 3948 3942 3923 -1 3949 3909 3905 -1 3949 3944 3903 -1 3951 3932 3918 -1 3951 3918 3935 -1 3952 3939 3911 -1 3949 3903 3909 -1 3953 3949 3950 -1 3951 3935 3941 -1 3953 3950 3954 -1 3953 3944 3949 -1 3955 3930 3933 -1 3953 3947 3944 -1 3956 3910 3912 -1 3955 3943 3930 -1 3957 3958 3874 -1 3956 3936 3910 -1 3957 3874 3920 -1 3956 3912 3959 -1 3957 3920 3922 -1 3960 3933 3938 -1 3961 3925 3932 -1 3960 3955 3933 -1 3961 3948 3925 -1 3962 3956 3959 -1 3963 3938 3946 -1 3962 3941 3936 -1 3962 3936 3956 -1 3963 3960 3938 -1 3964 3924 3906 -1 3965 3957 3922 -1 3966 3951 3941 -1 3964 3906 3967 -1 3965 3922 3928 -1 3964 3911 3924 -1 3964 3952 3911 -1 3968 3958 3957 -1 3969 3946 3926 -1 3969 3926 3939 -1 3970 3932 3951 -1 3971 3968 3957 -1 3970 3961 3932 -1 3971 3957 3965 -1 3972 3959 3973 -1 3972 3962 3959 -1 3972 3941 3962 -1 3974 3868 3878 -1 3975 3971 3965 -1 3972 3966 3941 -1 3974 3878 3943 -1 3975 3965 3928 -1 3976 3951 3966 -1 3975 3928 3934 -1 3977 3974 3943 -1 3976 3970 3951 -1 3977 3868 3974 -1 3978 3976 3966 -1 3977 3943 3955 -1 3979 3975 3934 -1 3978 3966 3972 -1 3979 3934 3940 -1 3980 3945 3942 -1 3981 3969 3939 -1 3982 3971 3975 -1 3981 3939 3952 -1 3983 3977 3955 -1 3980 3984 3945 -1 3983 3868 3977 -1 3985 3982 3975 -1 3983 3955 3960 -1 3985 3975 3979 -1 3986 3942 3948 -1 3986 3980 3942 -1 3987 3946 3969 -1 3988 3940 3947 -1 3988 3979 3940 -1 3987 3963 3946 -1 3989 3947 3953 -1 3990 3868 3983 -1 3991 3986 3948 -1 3990 3983 3960 -1 3989 3988 3947 -1 3991 3948 3961 -1 3990 3960 3963 -1 3992 3985 3979 -1 3993 3987 3969 -1 3992 3979 3988 -1 3994 3972 3973 -1 3993 3969 3981 -1 3995 3992 3988 -1 3994 3978 3972 -1 3996 3981 3952 -1 3995 3988 3989 -1 3996 3964 3967 -1 3997 3995 3989 -1 3998 3984 3980 -1 3996 3967 3999 -1 3997 3989 3953 -1 3996 3952 3964 -1 3997 3953 3954 -1 4000 3961 3970 -1 4001 3993 3981 -1 4002 3954 4003 -1 4002 3997 3954 -1 4001 3996 3999 -1 4002 3995 3997 -1 4000 3991 3961 -1 4001 3981 3996 -1 4004 3963 3987 -1 4005 4006 3958 -1 4004 3894 3868 -1 4007 3980 3986 -1 4004 3868 3990 -1 4007 3998 3980 -1 4004 3990 3963 -1 4008 4004 3987 -1 4005 3958 3968 -1 4008 3894 4004 -1 4009 3986 3991 -1 4008 3987 3993 -1 4010 4008 3993 -1 4009 4007 3986 -1 4010 3993 4001 -1 4011 3968 3971 -1 4010 4001 3999 -1 4010 3894 4008 -1 4010 3999 4012 -1 4011 4005 3968 -1 4010 4012 3894 -1 4013 3991 4000 -1 4013 4009 3991 -1 4014 4005 4011 -1 4014 4006 4005 -1 4015 3970 3976 -1 4015 4000 3970 -1 4016 4014 4011 -1 4017 4011 3971 -1 4018 4019 3984 -1 4018 3984 3998 -1 4017 4016 4011 -1 4017 3971 3982 -1 4020 4015 3976 -1 4020 3976 3978 -1 4021 3982 3985 -1 4021 4017 3982 -1 4022 4018 3998 -1 4022 3998 4007 -1 4023 4013 4000 -1 4024 4016 4017 -1 4024 4017 4021 -1 4023 4000 4015 -1 4025 4024 4021 -1 4026 4007 4009 -1 4027 3985 3992 -1 4027 4021 3985 -1 4026 4022 4007 -1 4028 4023 4015 -1 4029 3992 3995 -1 4028 4015 4020 -1 4029 4027 3992 -1 4030 4009 4013 -1 4031 4025 4021 -1 4031 4021 4027 -1 4030 4026 4009 -1 4032 4020 3978 -1 4033 4027 4029 -1 4032 3973 4034 -1 4033 4031 4027 -1 4032 3994 3973 -1 4032 3978 3994 -1 4035 4002 4003 -1 4036 4020 4032 -1 4035 3995 4002 -1 4036 4028 4020 -1 4035 4029 3995 -1 4036 4032 4034 -1 4037 4003 4038 -1 4039 4013 4023 -1 4037 4035 4003 -1 4037 4033 4029 -1 4039 4030 4013 -1 4037 4029 4035 -1 4040 4041 4006 -1 4040 4006 4014 -1 4042 4023 4028 -1 4040 4014 4016 -1 4042 4039 4023 -1 4043 4019 4018 -1 4044 4016 4024 -1 4044 4040 4016 -1 4043 4045 4019 -1 4046 4018 4022 -1 4047 4040 4044 -1 4047 4041 4040 -1 4046 4043 4018 -1 4048 4024 4025 -1 4048 4044 4024 -1 4049 4022 4026 -1 4050 4047 4044 -1 4049 4046 4022 -1 4051 4025 4031 -1 4052 4028 4036 -1 4052 4042 4028 -1 4051 4048 4025 -1 4052 4036 4034 -1 4052 4034 4053 -1 4054 4043 4046 -1 4054 4045 4043 -1 4055 4044 4048 -1 4055 4050 4044 -1 4056 4026 4030 -1 4057 4048 4051 -1 4056 4049 4026 -1 4057 4055 4048 -1 4058 4051 4031 -1 4058 4031 4033 -1 4059 4054 4046 -1 4060 4033 4037 -1 4060 4058 4033 -1 4061 4046 4049 -1 4061 4059 4046 -1 4062 4051 4058 -1 4062 4057 4051 -1 4063 4062 4058 -1 4064 4049 4056 -1 4064 4061 4049 -1 4063 4058 4060 -1 4065 4037 4038 -1 4066 4030 4039 -1 4065 4060 4037 -1 4066 4056 4030 -1 4067 4063 4060 -1 4067 4060 4065 -1 4068 4045 4054 -1 4067 4065 4038 -1 4067 4038 4695 -1 4069 4070 4041 -1 4068 4071 4045 -1 4072 4039 4042 -1 4069 4041 4047 -1 4072 4066 4039 -1 4073 4068 4054 -1 4073 4054 4059 -1 4074 4069 4047 -1 4074 4047 4050 -1 4075 4064 4056 -1 4075 4056 4066 -1 4076 4074 4050 -1 4076 4050 4055 -1 4076 4055 4057 -1 4077 4059 4061 -1 4078 4076 4057 -1 4077 4073 4059 -1 4079 4066 4072 -1 4079 4075 4066 -1 4080 4070 4069 -1 4081 4074 4076 -1 4082 4061 4064 -1 4082 4077 4061 -1 4081 4080 4069 -1 4081 4069 4074 -1 4083 4042 4052 -1 4083 4053 4084 -1 4083 4072 4042 -1 4083 4052 4053 -1 4085 4081 4076 -1 4086 4076 4078 -1 4087 4079 4072 -1 4086 4085 4076 -1 4087 4083 4084 -1 4087 4072 4083 -1 4088 4078 4057 -1 4089 4064 4075 -1 4088 4057 4062 -1 4089 4082 4064 -1 4090 4088 4062 -1 4091 4089 4075 -1 4091 4075 4079 -1 4090 4062 4063 -1 4092 4078 4088 -1 4092 4608 4086 -1 4092 4086 4078 -1 4093 4071 4068 -1 4094 4067 4695 -1 4093 4095 4071 -1 4094 4090 4063 -1 4094 4063 4067 -1 4096 4695 4608 -1 4096 4094 4695 -1 4096 4608 4092 -1 4096 4088 4090 -1 4097 4093 4068 -1 4096 4092 4088 -1 4096 4090 4094 -1 4097 4068 4073 -1 4098 3725 4070 -1 4098 4070 4080 -1 4098 4080 4081 -1 4098 4081 4085 -1 4099 4095 4093 -1 4098 4085 4086 -1 4100 4086 4608 -1 4099 4093 4097 -1 4100 4098 4086 -1 4101 4099 4097 -1 4102 3725 4098 -1 4103 4608 4882 -1 4104 4097 4073 -1 4103 4100 4608 -1 4103 4098 4100 -1 4103 4102 4098 -1 4104 4073 4077 -1 4105 4877 3725 -1 4105 3725 4102 -1 4105 4102 4103 -1 4106 4091 4079 -1 4107 4882 4877 -1 4107 4877 4105 -1 4107 4103 4882 -1 4106 4084 4108 -1 4107 4105 4103 -1 4109 4110 3724 -1 4106 4087 4084 -1 4109 3724 4660 -1 4106 4079 4087 -1 4111 4112 4110 -1 4113 4101 4097 -1 4113 4097 4104 -1 4111 4110 4109 -1 4111 4109 4660 -1 4114 4660 4870 -1 4114 4111 4660 -1 4115 4104 4077 -1 4116 4112 4111 -1 4115 4077 4082 -1 4116 4111 4114 -1 4117 4104 4115 -1 4117 4113 4104 -1 4118 4116 4114 -1 4119 4114 4870 -1 4119 4118 4114 -1 4120 4095 4099 -1 4121 4122 4112 -1 4123 4099 4101 -1 4121 4112 4116 -1 4121 4116 4118 -1 4123 4120 4099 -1 4124 4123 4101 -1 4125 4118 4119 -1 4125 4121 4118 -1 4124 4101 4113 -1 4126 4119 4870 -1 4126 4125 4119 -1 4127 4115 4082 -1 4128 4126 4870 -1 4127 4082 4089 -1 4129 4130 4122 -1 4131 4113 4117 -1 4131 4124 4113 -1 4129 4122 4121 -1 4132 4115 4127 -1 4132 4117 4115 -1 4133 4129 4121 -1 4134 4089 4091 -1 4133 4121 4125 -1 4134 4127 4089 -1 4135 4132 4127 -1 4136 4130 4129 -1 4135 4127 4134 -1 4136 4129 4133 -1 4137 4120 4123 -1 4137 4095 4120 -1 4138 4136 4133 -1 4137 4139 4095 -1 4140 4123 4124 -1 4141 4133 4125 -1 4141 4125 4126 -1 4140 4137 4123 -1 4142 4134 4091 -1 4142 4106 4108 -1 4143 4870 4648 -1 4142 4108 4144 -1 4143 4128 4870 -1 4142 4091 4106 -1 4145 4141 4126 -1 4146 4131 4117 -1 4146 4117 4132 -1 4146 4132 4135 -1 4145 4126 4128 -1 4147 4133 4141 -1 4148 4124 4131 -1 4147 4138 4133 -1 4148 4140 4124 -1 4149 4141 4145 -1 4149 4147 4141 -1 4150 4134 4142 -1 4150 4135 4134 -1 4150 4142 4144 -1 4151 4130 4136 -1 4152 4146 4135 -1 4151 4153 4130 -1 4154 4136 4138 -1 4155 4131 4146 -1 4155 4148 4131 -1 4154 4151 4136 -1 4156 4144 4157 -1 4156 4150 4144 -1 4156 4135 4150 -1 4158 4145 4128 -1 4156 4152 4135 -1 4158 4128 4143 -1 4159 4146 4152 -1 4160 4143 4648 -1 4159 4155 4146 -1 4160 4648 4892 -1 4160 4158 4143 -1 4161 4145 4158 -1 4162 4152 4156 -1 4161 4149 4145 -1 4162 4159 4152 -1 4163 4139 4137 -1 4164 4138 4147 -1 4164 4154 4138 -1 4165 4161 4158 -1 4166 4137 4140 -1 4165 4158 4160 -1 4166 4163 4137 -1 4165 4160 4892 -1 4167 4164 4147 -1 4167 4147 4149 -1 4168 4139 4163 -1 4168 4169 4139 -1 4170 4149 4161 -1 4171 4140 4148 -1 4170 4167 4149 -1 4171 4166 4140 -1 4172 4170 4161 -1 4173 4168 4163 -1 4172 4161 4165 -1 4173 4163 4166 -1 4174 4892 4694 -1 4174 4165 4892 -1 4175 4148 4155 -1 4174 4172 4165 -1 4176 4153 4151 -1 4175 4171 4148 -1 4177 4156 4157 -1 4177 4162 4156 -1 4178 4173 4166 -1 4176 4179 4153 -1 4180 4151 4154 -1 4180 4154 4164 -1 4178 4166 4171 -1 4181 4171 4175 -1 4180 4176 4151 -1 4181 4178 4171 -1 4182 4179 4176 -1 4182 4176 4180 -1 4183 4182 4180 -1 4184 4169 4168 -1 4185 4164 4167 -1 4186 4184 4168 -1 4185 4180 4164 -1 4186 4168 4173 -1 4187 4185 4167 -1 4188 4155 4159 -1 4188 4175 4155 -1 4189 4183 4180 -1 4189 4185 4187 -1 4189 4180 4185 -1 4190 4188 4159 -1 4190 4159 4162 -1 4191 4173 4178 -1 4192 4189 4187 -1 4193 4179 4182 -1 4191 4186 4173 -1 4193 4194 4179 -1 4195 4178 4181 -1 4196 4182 4183 -1 4196 4193 4182 -1 4195 4191 4178 -1 4197 4181 4175 -1 4198 4183 4189 -1 4197 4175 4188 -1 4198 4196 4183 -1 4199 4188 4190 -1 4200 4187 4167 -1 4199 4197 4188 -1 4200 4167 4170 -1 4201 4177 4157 -1 4201 4162 4177 -1 4201 4190 4162 -1 4201 4157 4202 -1 4203 4189 4192 -1 4204 4169 4184 -1 4203 4198 4189 -1 4204 4205 4169 -1 4206 4170 4172 -1 4207 4184 4186 -1 4206 4200 4170 -1 4207 4204 4184 -1 4208 4187 4200 -1 4208 4192 4187 -1 4209 4195 4181 -1 4208 4200 4206 -1 4209 4181 4197 -1 4209 4197 4199 -1 4210 4208 4206 -1 4211 4199 4190 -1 4211 4190 4201 -1 4212 4694 4213 -1 4211 4201 4202 -1 4212 4174 4694 -1 4212 4172 4174 -1 4212 4206 4172 -1 4214 4186 4191 -1 4215 4192 4208 -1 4214 4207 4186 -1 4215 4203 4192 -1 4216 4210 4206 -1 4216 4212 4213 -1 4217 4209 4199 -1 4216 4206 4212 -1 4218 4208 4210 -1 4219 4214 4191 -1 4218 4215 4208 -1 4220 4216 4213 -1 4219 4191 4195 -1 4221 4199 4211 -1 4220 4210 4216 -1 4221 4211 4202 -1 4220 4218 4210 -1 4221 4217 4199 -1 4222 4195 4209 -1 4222 4219 4195 -1 4223 4194 4193 -1 4223 4193 4196 -1 4224 4205 4204 -1 4225 4223 4196 -1 4225 4196 4198 -1 4226 4194 4223 -1 4226 4223 4225 -1 4227 4209 4217 -1 4227 4222 4209 -1 4226 4228 4194 -1 4229 4226 4225 -1 4230 4204 4207 -1 4231 4225 4198 -1 4230 4224 4204 -1 4232 4205 4224 -1 4232 4233 4205 -1 4234 4231 4198 -1 4232 4224 4230 -1 4234 4198 4203 -1 4235 4214 4219 -1 4236 4225 4231 -1 4236 4229 4225 -1 4235 4207 4214 -1 4236 4231 4234 -1 4235 4230 4207 -1 4237 4236 4234 -1 4238 4232 4230 -1 4239 4226 4229 -1 4239 4228 4226 -1 4240 4235 4219 -1 4239 4241 4228 -1 4242 4229 4236 -1 4242 4239 4229 -1 4243 4202 4244 -1 4243 4221 4202 -1 4243 4217 4221 -1 4245 4236 4237 -1 4243 4227 4217 -1 4245 4242 4236 -1 4246 4203 4215 -1 4247 4230 4235 -1 4247 4238 4230 -1 4246 4234 4203 -1 4248 4233 4232 -1 4248 4232 4238 -1 4249 4245 4237 -1 4250 4215 4218 -1 4251 4235 4240 -1 4251 4247 4235 -1 4250 4246 4215 -1 4252 4237 4234 -1 4253 4238 4247 -1 4253 4248 4238 -1 4252 4234 4246 -1 4254 4253 4247 -1 4252 4246 4250 -1 4255 4252 4250 -1 4254 4247 4251 -1 4256 4250 4218 -1 4256 4220 4213 -1 4256 4218 4220 -1 4256 4213 4257 -1 4258 4259 4233 -1 4258 4233 4248 -1 4256 4255 4250 -1 4258 4248 4253 -1 4260 4249 4237 -1 4261 4219 4222 -1 4260 4237 4252 -1 4260 4252 4255 -1 4261 4222 4227 -1 4261 4240 4219 -1 4262 4260 4255 -1 4263 4253 4254 -1 4264 4256 4257 -1 4264 4255 4256 -1 4263 4258 4253 -1 4265 4254 4251 -1 4266 4262 4255 -1 4266 4264 4257 -1 4266 4255 4264 -1 4267 4239 4242 -1 4268 4261 4227 -1 4267 4241 4239 -1 4268 4227 4243 -1 4269 4240 4261 -1 4270 4267 4242 -1 4270 4242 4245 -1 4269 4261 4268 -1 4269 4251 4240 -1 4271 4263 4254 -1 4272 4241 4267 -1 4271 4254 4265 -1 4273 4269 4268 -1 4272 4274 4241 -1 4275 4267 4270 -1 4275 4272 4267 -1 4276 4271 4265 -1 4277 4270 4245 -1 4277 4245 4249 -1 4278 4273 4268 -1 4278 4268 4243 -1 4278 4243 4244 -1 4279 4249 4260 -1 4278 4244 4280 -1 4281 4265 4251 -1 4281 4269 4273 -1 4279 4277 4249 -1 4281 4251 4269 -1 4282 4270 4277 -1 4283 4281 4273 -1 4282 4275 4270 -1 4284 4282 4277 -1 4285 4273 4278 -1 4285 4278 4280 -1 4284 4277 4279 -1 4286 4276 4265 -1 4287 4274 4272 -1 4286 4265 4281 -1 4287 4288 4274 -1 4289 4275 4282 -1 4286 4281 4283 -1 4289 4287 4272 -1 4290 4286 4283 -1 4289 4272 4275 -1 4291 4283 4273 -1 4291 4273 4285 -1 4291 4285 4280 -1 4291 4290 4283 -1 4292 4289 4282 -1 4291 4280 4293 -1 4294 4259 4258 -1 4295 4279 4260 -1 4295 4260 4262 -1 4296 4292 4282 -1 4297 4258 4263 -1 4296 4282 4284 -1 4297 4294 4258 -1 4298 4295 4262 -1 4298 4262 4266 -1 4299 4284 4279 -1 4299 4279 4295 -1 4300 4290 4291 -1 4300 4291 4293 -1 4301 4263 4271 -1 4302 4295 4298 -1 4302 4299 4295 -1 4301 4297 4263 -1 4303 4298 4266 -1 4304 4271 4276 -1 4303 4257 4305 -1 4303 4302 4298 -1 4303 4266 4257 -1 4306 4296 4284 -1 4304 4301 4271 -1 4307 4259 4294 -1 4306 4284 4299 -1 4307 4294 4297 -1 4308 4303 4305 -1 4308 4302 4303 -1 4309 4297 4301 -1 4310 4299 4302 -1 4310 4306 4299 -1 4309 4307 4297 -1 4311 4308 4305 -1 4312 4259 4307 -1 4311 4302 4308 -1 4311 4310 4302 -1 4312 4313 4259 -1 4314 4288 4287 -1 4312 4307 4309 -1 4315 4312 4309 -1 4314 4316 4288 -1 4317 4301 4304 -1 4318 4287 4289 -1 4317 4309 4301 -1 4318 4314 4287 -1 4319 4315 4309 -1 4320 4316 4314 -1 4319 4309 4317 -1 4321 4317 4304 -1 4322 4320 4314 -1 4322 4314 4318 -1 4323 4319 4317 -1 4324 4289 4292 -1 4323 4317 4321 -1 4325 4276 4286 -1 4324 4318 4289 -1 4325 4304 4276 -1 4326 4324 4292 -1 4327 4286 4290 -1 4326 4292 4296 -1 4327 4325 4286 -1 4328 4322 4318 -1 4329 4330 4313 -1 4328 4318 4324 -1 4329 4313 4312 -1 4331 4324 4326 -1 4331 4328 4324 -1 4332 4304 4325 -1 4333 4316 4320 -1 4333 4320 4322 -1 4332 4321 4304 -1 4332 4325 4327 -1 4333 4334 4316 -1 4335 4333 4322 -1 4335 4322 4328 -1 4336 4312 4315 -1 4337 4335 4328 -1 4336 4329 4312 -1 4338 4321 4332 -1 4337 4328 4331 -1 4339 4296 4306 -1 4338 4323 4321 -1 4340 4332 4327 -1 4339 4326 4296 -1 4341 4293 4342 -1 4341 4300 4293 -1 4343 4337 4331 -1 4341 4290 4300 -1 4341 4327 4290 -1 4344 4338 4332 -1 4345 4306 4310 -1 4344 4332 4340 -1 4345 4339 4306 -1 4346 4336 4315 -1 4347 4331 4326 -1 4347 4326 4339 -1 4346 4315 4319 -1 4348 4339 4345 -1 4348 4347 4339 -1 4349 4346 4319 -1 4350 4305 4351 -1 4350 4311 4305 -1 4350 4310 4311 -1 4349 4319 4323 -1 4350 4345 4310 -1 4352 4340 4327 -1 4352 4341 4342 -1 4353 4331 4347 -1 4353 4343 4331 -1 4352 4327 4341 -1 4354 4340 4352 -1 4353 4347 4348 -1 4354 4344 4340 -1 4354 4352 4342 -1 4355 4350 4351 -1 4354 4342 4356 -1 4357 4323 4338 -1 4355 4348 4345 -1 4355 4345 4350 -1 4357 4349 4323 -1 4358 4353 4348 -1 4359 4338 4344 -1 4358 4348 4355 -1 4359 4344 4354 -1 4360 4358 4355 -1 4360 4355 4351 -1 4359 4357 4338 -1 4361 4333 4335 -1 4361 4334 4333 -1 4362 4330 4329 -1 4363 4329 4336 -1 4363 4362 4329 -1 4364 4361 4335 -1 4365 4336 4346 -1 4366 4364 4335 -1 4365 4363 4336 -1 4366 4335 4337 -1 4367 4346 4349 -1 4367 4365 4346 -1 4368 4369 4334 -1 4368 4334 4361 -1 4370 4361 4364 -1 4371 4359 4354 -1 4371 4354 4356 -1 4370 4368 4361 -1 4372 4362 4363 -1 4372 4330 4362 -1 4373 4366 4337 -1 4373 4337 4343 -1 4374 4363 4365 -1 4374 4372 4363 -1 4375 4370 4364 -1 4375 4364 4366 -1 4376 4375 4366 -1 4377 4365 4367 -1 4376 4366 4373 -1 4377 4374 4365 -1 3692 4369 4368 -1 3692 4368 4370 -1 3685 4377 4367 -1 3692 3691 4369 -1 3695 4370 4375 -1 3695 3692 4370 -1 4378 4349 4357 -1 4378 4367 4349 -1 4379 4373 4343 -1 4380 4378 4357 -1 4380 4357 4359 -1 4379 4343 4353 -1 4381 4353 4358 -1 3698 4330 4372 -1 4381 4379 4353 -1 3698 3697 4330 -1 3700 4375 4376 -1 3698 4372 4374 -1 3700 3695 4375 -1 3702 3698 4374 -1 3710 3700 4376 -1 3686 4367 4378 -1 3686 4378 4380 -1 3686 3685 4367 -1 4382 4376 4373 -1 3681 4359 4371 -1 3681 4356 3676 -1 4382 4373 4379 -1 3681 4371 4356 -1 3681 4380 4359 -1 3680 4379 4381 -1 3680 4382 4379 -1 4383 4358 4360 -1 3705 3702 4374 -1 4383 4351 3689 -1 3705 4374 4377 -1 4383 4381 4358 -1 4383 4360 4351 -1 3683 3686 4380 -1 3679 4376 4382 -1 3679 4382 3680 -1 3683 4380 3681 -1 3679 3710 4376 -1 3687 4377 3685 -1 3682 3680 4381 -1 3687 3705 4377 -1 3682 4383 3689 -1 3682 4381 4383 -1 4384 4807 4385 -1 4847 4501 4386 -1 4387 4528 4833 -1 4387 4388 4528 -1 4389 4387 4833 -1 4390 4391 4850 -1 4389 4833 4864 -1 4390 4850 4889 -1 4392 4855 4384 -1 4392 4862 4855 -1 4393 4862 4392 -1 4394 4847 4386 -1 4393 4751 4862 -1 4502 4395 4396 -1 4502 4396 4397 -1 4502 4397 4398 -1 4399 4389 4864 -1 4502 4398 4400 -1 4399 4864 4854 -1 4502 4400 4508 -1 4401 4399 4854 -1 4401 4854 4561 -1 4402 4751 4393 -1 4402 4820 4751 -1 4403 4820 4402 -1 4403 4834 4820 -1 4404 4401 4561 -1 4404 4561 4621 -1 4848 4405 4406 -1 4848 4406 4407 -1 4848 4407 4408 -1 4848 4408 4409 -1 4848 4409 4410 -1 4848 4410 4395 -1 4411 4404 4621 -1 4411 4621 4842 -1 4848 4395 4502 -1 4412 4834 4403 -1 4868 4405 4848 -1 4412 4535 4834 -1 4413 4411 4842 -1 4413 4535 4412 -1 4868 4414 4415 -1 4868 4415 4416 -1 4413 4842 4535 -1 4868 4416 4405 -1 4417 4390 4889 -1 4939 4414 4868 -1 4418 4889 4843 -1 4418 4843 4839 -1 4939 4419 4420 -1 4939 4420 4421 -1 4939 4421 4414 -1 4418 4417 4889 -1 4422 4847 4394 -1 4857 4419 4939 -1 4857 4423 4419 -1 4424 4423 4857 -1 4425 4839 4712 -1 4426 4501 4506 -1 4425 4418 4839 -1 4852 4424 4857 -1 4427 4425 4712 -1 4427 4712 4528 -1 4428 4424 4852 -1 4429 4428 4852 -1 4429 4852 4850 -1 4386 4501 4426 -1 4385 4807 4808 -1 4385 4808 4847 -1 4385 4847 4422 -1 4388 4427 4528 -1 4391 4429 4850 -1 4384 4855 4807 -1 4665 4823 4949 -1 4665 4559 4823 -1 4489 4884 4872 -1 4489 4559 4665 -1 4489 4872 4476 -1 4489 4469 4559 -1 4489 4476 4471 -1 4489 4471 4469 -1 4473 4470 4468 -1 4473 4802 4470 -1 4622 4763 4884 -1 4818 4722 4477 -1 4622 4893 4763 -1 4622 4482 4893 -1 4622 4483 4482 -1 4622 4473 4468 -1 4622 4948 4483 -1 4622 4468 4490 -1 4622 4568 4948 -1 4622 4884 4489 -1 4622 4490 4568 -1 4476 4770 4722 -1 4476 4872 4770 -1 4485 4489 4487 -1 4476 4722 4818 -1 4479 4478 4622 -1 4484 4489 4485 -1 4568 4873 4948 -1 4713 4622 4489 -1 4713 4489 4484 -1 4474 4476 4475 -1 4717 4479 4622 -1 4536 4717 4622 -1 4480 4622 4713 -1 4480 4536 4622 -1 4481 4480 4713 -1 4490 4486 4568 -1 4471 4474 4472 -1 4471 4476 4474 -1 4469 4471 4488 -1 4464 4467 4466 -1 4559 4464 4462 -1 4559 4469 4467 -1 4559 4467 4464 -1 4468 4782 4490 -1 4468 4463 4782 -1 4468 4465 4463 -1 4392 3967 3906 -1 4429 4108 4084 -1 4429 4084 4428 -1 4392 3906 4393 -1 4384 3999 3967 -1 4384 4012 3999 -1 4384 3967 4392 -1 4876 4213 4694 -1 4391 4144 4108 -1 4391 4108 4429 -1 4385 3894 4012 -1 4385 4012 4384 -1 4390 4157 4144 -1 4390 4144 4391 -1 4460 4213 4876 -1 4422 3905 3894 -1 4460 4876 4509 -1 4422 3894 4385 -1 4461 4213 4460 -1 4461 4257 4213 -1 4417 4202 4157 -1 4397 4257 4461 -1 4394 3950 3905 -1 4417 4157 4390 -1 4394 3905 4422 -1 4418 4244 4202 -1 4418 4202 4417 -1 4396 4305 4257 -1 4396 4257 4397 -1 4386 3954 3950 -1 4386 3950 4394 -1 4395 4305 4396 -1 4426 4003 3954 -1 4426 3954 4386 -1 4410 4351 4305 -1 4410 4305 4395 -1 4425 4280 4244 -1 4875 4038 4003 -1 4425 4244 4418 -1 4875 4003 4426 -1 4409 4351 4410 -1 4427 4293 4280 -1 4507 4875 4426 -1 4408 3689 4351 -1 4427 4280 4425 -1 4408 4351 4409 -1 4695 4038 4875 -1 4407 3689 4408 -1 4388 4293 4427 -1 4388 4342 4293 -1 4406 3735 3689 -1 4406 3689 4407 -1 4387 4342 4388 -1 4387 4356 4342 -1 4405 3785 3735 -1 4405 3735 4406 -1 4389 4356 4387 -1 4389 3676 4356 -1 4399 3676 4389 -1 4416 3794 3785 -1 4399 3677 3676 -1 4416 3785 4405 -1 4401 3677 4399 -1 4401 3742 3677 -1 4415 3832 3794 -1 4415 3794 4416 -1 4404 3742 4401 -1 4929 3857 3832 -1 4404 3747 3742 -1 4929 3832 4415 -1 4421 3912 3857 -1 4421 3857 4929 -1 4411 3747 4404 -1 4411 3783 3747 -1 4420 3912 4421 -1 4413 3783 4411 -1 4413 3802 3783 -1 4419 3959 3912 -1 4419 3912 4420 -1 4412 3802 4413 -1 4412 3829 3802 -1 4403 3829 4412 -1 4403 3840 3829 -1 4423 3973 3959 -1 4423 4034 3973 -1 4402 3885 3840 -1 4423 3959 4419 -1 4402 3840 4403 -1 4424 4053 4034 -1 4424 4034 4423 -1 4393 3906 3885 -1 4428 4084 4053 -1 4393 3885 4402 -1 4428 4053 4424 -1 4430 4431 4432 -1 4805 4432 4804 -1 4433 4432 4805 -1 4434 4433 4435 -1 4434 4430 4432 -1 4434 4432 4433 -1 4698 4688 4640 -1 2940 4688 4698 -1 4687 4697 4638 -1 4687 2941 4697 -1 4685 4674 4522 -1 4456 4522 4603 -1 4456 4685 4522 -1 4457 4604 4766 -1 4645 4457 4766 -1 4775 4457 4645 -1 4458 4752 4606 -1 4458 4738 4752 -1 4458 4457 4633 -1 4458 4633 4738 -1 4633 4457 4775 -1 4523 4459 4607 -1 4689 4523 4677 -1 4689 4459 4523 -1 4686 4638 4675 -1 4686 4687 4638 -1 4640 4690 4678 -1 4688 4690 4640 -1 4668 4702 4436 -1 4668 4436 4437 -1 4438 4667 4439 -1 4699 4667 4438 -1 4439 4710 2942 -1 4667 4710 4439 -1 4711 4668 4437 -1 4711 4437 2943 -1 4526 4617 4440 -1 4526 4440 4816 -1 4703 4526 4816 -1 4652 4615 4441 -1 4647 4652 4441 -1 4684 4647 4441 -1 4936 4760 4684 -1 4936 4520 4760 -1 4936 4684 4441 -1 4886 4520 4936 -1 4618 4886 4936 -1 4527 4700 4813 -1 4934 4527 4813 -1 4616 4527 4934 -1 4935 4814 4812 -1 4905 4812 4904 -1 4815 4935 4812 -1 4815 4812 4905 -1 4937 4815 4817 -1 4937 4935 4815 -1 4944 2944 2286 -1 2272 2337 2946 -1 2271 2338 2337 -1 2271 2337 2272 -1 267 2268 4562 -1 268 267 4562 -1 2947 4946 2268 -1 2947 2268 4715 -1 2948 249 187 -1 2949 249 2948 -1 2950 2949 2948 -1 2951 2949 2950 -1 2952 2954 2955 -1 229 2956 167 -1 229 4549 2956 -1 2957 2951 2958 -1 2957 2949 2951 -1 4917 2959 2949 -1 2962 4590 2952 -1 2963 4546 2959 -1 4550 2964 2962 -1 2948 181 179 -1 2948 184 181 -1 2965 2275 4874 -1 2281 2965 2945 -1 2281 2273 2275 -1 2281 2275 2965 -1 2259 2272 2966 -1 2258 2272 2259 -1 4495 2967 4491 -1 4495 2968 2967 -1 4916 2969 2968 -1 4916 2968 4496 -1 4589 2969 4916 -1 4781 2970 4589 -1 4918 4908 2973 -1 4945 4908 4918 -1 4750 4534 4945 -1 4920 2974 4906 -1 4574 4859 4869 -1 4786 4780 4574 -1 4844 4923 4924 -1 4844 4553 4786 -1 4844 4869 4918 -1 4844 4574 4869 -1 4844 4786 4574 -1 4943 4920 4906 -1 4845 4924 4920 -1 4845 4844 4924 -1 4845 4920 4943 -1 4764 4777 4846 -1 4836 4829 4765 -1 4542 4909 4714 -1 4492 4911 4545 -1 4919 4911 4492 -1 4907 4543 4716 -1 4907 4912 4543 -1 "
						                >
							<Coordinate DEF="coords_ME_Shape_IndexedFaceSet_011"
							            point="32.499390 -28.057722 81.029175 32.499390 -32.851234 79.234985 39.499390 -27.441391 79.222290 32.499390 -21.965828 82.861206 11.999390 -18.612860 89.381714 39.499390 -21.483316 81.014038 39.499390 74.796036 -41.606323 32.499390 78.534996 -38.447754 39.499390 77.660698 -35.777832 32.499390 -17.487474 83.905396 39.499390 -13.542892 82.687866 32.499390 69.636124 -53.226196 39.499390 69.337585 -50.392212 32.499390 -16.500759 84.102173 11.999390 -17.562592 89.591187 32.499390 -13.847063 84.572632 39.499390 -10.594477 83.110962 39.499390 65.422997 -55.492554 32.499390 -10.832427 85.005249 11.999390 -1.081345 91.267456 32.499390 -1.012764 85.676880 39.499390 0.000000 83.773804 32.499390 0.000000 85.682983 11.999390 0.000000 91.273804 32.499390 16.620073 84.078979 39.499390 17.117327 82.032349 11.999390 18.054899 89.494751 11.999390 17.689596 89.566528 32.499390 -69.636124 -53.226196 11.999390 -76.500000 -53.226196 11.999390 -65.235443 -66.805054 32.499390 17.501781 83.902466 11.999390 35.909554 84.019165 32.499390 33.739075 78.866577 39.499390 34.551643 76.434448 39.499390 -72.817390 -45.073975 32.499390 -75.597527 -44.100464 39.499390 -61.741390 -59.647095 32.499390 35.327671 78.178833 11.999390 51.168484 75.832397 32.499390 -80.510941 -33.955078 32.499390 48.075745 71.174805 39.499390 49.166039 68.111328 39.499390 -80.448555 -28.667603 32.499390 50.270302 69.668701 32.499390 -85.591316 -16.303223 11.999390 65.235443 64.352661 32.499390 61.292465 60.388916 39.499390 -83.914185 -14.769043 39.499390 61.741390 57.194702 32.499390 63.128094 58.506836 39.499390 -84.409760 -11.225830 32.499390 69.636124 50.773804 32.499390 -16.963621 -86.463623 11.999390 -18.054899 -91.947021 11.999390 0.000000 -93.726196 39.499390 0.000000 -86.226196 32.499390 66.892395 -56.711304 39.499390 -17.117327 -84.484863 32.499390 -86.840233 2.232666 11.999390 64.878807 -67.157959 11.999390 76.500000 -53.226196 32.499390 -17.501781 -86.354736 11.999390 -35.909554 -86.471436 32.499390 60.957382 -63.172852 39.499390 58.420895 -62.967529 39.499390 -85.000000 -1.226196 32.499390 -33.739098 -81.319092 39.499390 -84.625465 6.744385 39.499390 -34.551643 -78.886841 32.499390 59.733021 -64.354248 32.499390 -35.327671 -80.631104 11.999390 -51.168484 -78.284790 32.499390 -84.530579 18.967163 32.499390 54.839581 -68.648804 39.499390 53.634945 -67.167725 11.999390 50.313141 -78.846069 39.499390 -83.258614 15.891113 32.499390 -48.075745 -73.627197 39.499390 -49.166039 -70.563721 32.499390 47.272102 -74.154541 39.499390 43.847782 -74.043579 32.499390 -50.270302 -72.121094 32.499390 44.832600 -75.679077 11.999390 76.500000 50.773804 32.499390 -61.292465 -62.841309 39.499390 -81.313927 23.533569 32.499390 39.200390 -78.792480 32.499390 -63.128094 -60.959229 39.499390 38.339294 -77.088501 39.499390 72.817390 42.621582 11.999390 34.964603 -86.863403 32.499390 -78.534996 35.995361 32.499390 75.597527 41.648071 32.499390 -66.892395 54.258911 32.499390 -69.636124 50.773804 39.499390 -65.422997 53.040161 32.499390 32.851265 -81.687256 39.499390 27.441391 -81.674805 11.999390 -65.010178 64.575928 11.999390 -76.500000 50.773804 39.499390 -77.660698 33.325439 32.499390 80.510941 31.502686 32.499390 -61.080814 60.598755 39.499390 -58.420895 60.515137 32.499390 28.057722 -83.481567 39.499390 80.448555 26.215210 11.999390 -64.878807 64.705566 32.499390 -59.733021 61.901855 39.499390 -53.634945 64.715332 32.499390 21.965828 -85.313599 32.499390 85.591316 13.850830 39.499390 21.483316 -83.466553 39.499390 83.914185 12.316650 11.999390 17.562592 -92.043579 32.499390 -54.839581 66.196411 39.499390 84.409760 8.773438 39.499390 -74.796036 39.153931 32.499390 16.501070 -86.554443 39.499390 13.542892 -85.140381 11.999390 -50.628376 76.188354 32.499390 -47.568279 71.509277 32.499390 86.840233 -4.685059 39.499390 -43.847782 71.591187 32.499390 13.847063 -87.025024 39.499390 85.000000 -1.226196 11.999390 -50.313141 76.393677 32.499390 -47.272099 71.702148 39.499390 84.625465 -9.196777 39.499390 -69.337585 47.939819 32.499390 10.832427 -87.457520 39.499390 10.594477 -85.563354 32.499390 -44.832600 73.226685 32.499390 84.530579 -21.419556 39.499390 83.258614 -18.343506 32.499390 -39.200390 76.340088 39.499390 -38.339294 74.636108 11.999390 -35.315647 84.266724 32.499390 -33.181065 79.099487 39.499390 81.313927 -25.985962 11.999390 -34.964603 84.411011 1.499390 80.670334 44.034668 1.499390 70.016640 59.221436 8.499390 76.500000 50.773804 8.499390 -85.207100 34.773804 1.499390 -83.483749 38.607422 1.499390 -87.836494 27.773804 1.499390 87.836494 27.773804 8.499390 85.207100 34.773804 8.499390 -76.500000 50.773804 1.499390 -81.728233 42.095215 1.499390 -72.915535 55.691040 1.499390 -77.590172 49.132690 1.499390 -65.683769 63.903564 1.499390 -59.703472 69.426147 1.499390 -50.843430 76.047363 1.499390 -45.480042 79.320679 1.499390 -35.448959 84.211548 1.499390 -29.512352 86.439575 1.499390 -17.687757 89.567017 1.499390 -12.326017 90.448853 1.499390 0.000000 91.273804 1.499390 4.948202 91.141479 1.499390 11.652033 90.536987 1.499390 23.494394 88.240356 1.499390 41.253460 81.565063 1.499390 57.437569 71.280151 118.999390 48.000000 31.331421 93.999390 52.480480 23.467896 93.999390 46.284351 33.727417 118.999390 54.444389 18.769043 93.999390 56.401730 12.295776 147.499390 43.274303 37.391602 133.999390 37.788887 42.773804 147.499390 37.788887 42.773804 118.999390 57.563889 5.873047 93.999390 57.609570 5.492188 93.999390 57.959461 0.941895 93.999390 58.000000 -1.226196 118.999390 57.782703 -6.242065 93.999390 57.282871 -10.318604 118.999390 55.511147 -18.034302 93.999390 56.289852 -15.206665 93.999390 54.285992 -21.647583 118.999390 52.286415 -26.328613 93.999390 51.682343 -27.549927 93.999390 48.943951 -32.346802 118.999390 48.000000 -33.783813 93.999390 45.168312 -37.610596 130.129517 27.596817 49.787720 128.166504 27.596817 49.787720 130.129517 27.574942 49.799561 130.686646 27.596817 49.787720 132.091187 27.265116 49.965698 118.999390 37.201588 43.271484 93.999390 37.201588 43.271484 93.999390 25.378876 50.926636 118.999390 37.788887 42.773804 132.091187 27.596817 49.787720 132.365723 27.596817 49.787720 133.999390 26.668791 50.278931 118.999390 43.274303 37.391602 128.166504 37.201588 43.271484 128.166504 37.788887 42.773804 128.999390 37.201588 43.271484 128.999390 37.788887 42.773804 130.129517 37.201588 43.271484 130.686646 37.201588 43.271484 130.129517 37.788887 42.773804 130.686646 37.788887 42.773804 118.999390 46.284351 33.727417 132.091187 37.201588 43.271484 132.365723 37.201588 43.271484 132.091187 37.788887 42.773804 132.365723 37.788887 42.773804 128.166504 43.274303 37.391602 128.999390 43.274303 37.391602 130.129517 43.274303 37.391602 130.686646 43.274303 37.391602 132.091187 43.274303 37.391602 132.365723 43.274303 37.391602 128.166504 46.284351 33.727417 128.999390 46.284351 33.727417 133.999390 43.274303 37.391602 130.129517 46.284351 33.727417 130.686646 46.284351 33.727417 132.091187 46.284351 33.727417 132.365723 46.284351 33.727417 133.999390 46.284351 33.727417 147.499390 48.000000 31.331421 118.999390 45.168312 -37.610596 118.999390 43.274303 -39.843994 93.999390 41.527569 -41.716431 118.999390 41.527569 -41.716431 128.166504 45.168312 -37.610596 128.999390 45.168312 -37.610596 118.999390 37.788887 -45.226196 93.999390 36.838333 -46.025024 130.129517 45.168312 -37.610596 130.686646 45.168312 -37.610596 118.999390 36.838333 -46.025024 128.166504 43.274303 -39.843994 128.999390 43.274303 -39.843994 132.091187 45.168312 -37.610596 132.365723 45.168312 -37.610596 130.129517 43.274303 -39.843994 128.166504 41.527569 -41.716431 130.686646 43.274303 -39.843994 133.999390 45.168312 -37.610596 147.499390 48.000000 -33.783813 147.499390 43.274303 -39.843994 128.999390 41.527569 -41.716431 118.999390 33.819839 -48.345337 93.999390 33.819839 -48.345337 132.091187 43.274303 -39.843994 132.365723 43.274303 -39.843994 130.129517 41.527569 -41.716431 130.686646 41.527569 -41.716431 133.999390 43.274303 -39.843994 132.091187 41.527569 -41.716431 118.999390 31.249165 -50.088135 128.166504 27.596817 -52.240112 93.999390 25.378876 -53.379028 93.999390 31.249165 -50.088135 132.365723 41.527569 -41.716431 128.166504 37.788887 -45.226196 133.999390 41.527569 -41.716431 147.499390 37.788887 -45.226196 133.999390 37.788887 -45.226196 128.999390 37.788887 -45.226196 128.166504 36.838333 -46.025024 130.129517 37.788887 -45.226196 128.999390 36.838333 -46.025024 130.686646 37.788887 -45.226196 130.129517 36.838333 -46.025024 130.686646 36.838333 -46.025024 132.091187 37.788887 -45.226196 132.365723 37.788887 -45.226196 128.166504 33.819839 -48.345337 132.091187 36.838333 -46.025024 132.365723 36.838333 -46.025024 128.999390 33.819839 -48.345337 130.129517 33.819839 -48.345337 130.686646 33.819839 -48.345337 128.166504 31.249165 -50.088135 132.091187 33.819839 -48.345337 128.999390 31.249165 -50.088135 132.365723 33.819839 -48.345337 130.129517 31.249165 -50.088135 128.999390 27.622454 -52.226196 130.686646 31.249165 -50.088135 132.091187 31.249165 -50.088135 132.365723 31.249165 -50.088135 133.999390 26.668791 -52.731323 128.166504 27.622454 -52.226196 130.129517 27.622454 -52.226196 130.129517 27.574942 -52.251953 130.686646 27.622454 -52.226196 130.686646 27.516623 -52.283447 132.091187 27.622454 -52.226196 132.091187 27.265116 -52.418091 132.365723 27.622454 -52.226196 132.365723 27.197861 -52.453857 76.167236 -25.927261 52.394531 75.289551 -25.167002 52.840210 75.289551 -25.960688 52.463623 75.289551 -27.141397 51.876587 76.167236 -27.106451 51.808228 76.747314 -25.905176 52.348877 83.166504 -31.759794 48.434204 83.166504 -33.738091 47.111938 93.999390 -31.249165 47.635742 82.057617 -33.793617 47.191528 82.057617 -31.812065 48.515869 71.353394 -59.516098 6.229370 70.715576 -59.571472 6.236328 70.715576 -60.037071 -1.226196 71.353394 56.140362 -22.345215 70.715576 56.192596 -22.364868 71.353394 56.870392 -20.292114 72.386475 56.784702 -20.263428 73.718384 56.674217 -20.226440 73.219116 58.054348 -15.644653 73.718384 58.011955 -15.634033 68.256348 -18.601681 56.082642 68.256348 -20.905125 55.283203 68.918823 -20.885015 55.228760 73.219116 56.715630 -20.240234 67.510132 -18.621836 56.144775 70.715576 -20.830473 55.081421 69.387573 -21.720581 54.868652 70.715576 -21.678629 54.760254 71.353394 -59.981262 -1.226196 69.387573 -20.870785 55.190308 69.387573 -18.571089 55.988403 70.742188 -20.829603 55.078857 69.387573 -59.409382 8.204590 68.918823 -59.449890 8.211060 68.918823 -59.727451 6.255859 77.769409 -27.042654 51.683350 77.769409 -32.014194 48.831909 78.672119 -31.971649 48.765381 76.747314 -27.083355 51.763062 76.747314 -32.062378 48.907349 77.769409 -26.287361 52.062744 69.387573 -59.686756 6.250732 78.672119 57.591339 -15.529663 77.769409 57.667980 -15.548584 78.672119 57.678066 -15.175781 67.510132 -17.644468 56.452881 66.771851 -17.663363 56.514648 82.057617 -59.003632 -3.429932 81.011108 -59.018318 -4.960327 82.057617 -58.926941 -4.954468 81.011108 -59.095131 -3.433350 68.918823 -18.583788 56.027588 68.918701 -17.608255 56.334595 80.446533 -59.185726 -1.226196 79.352417 -59.240143 -3.438721 80.446533 -59.144489 -3.435181 65.690796 -15.443796 57.245361 65.690796 -17.691032 56.605103 66.579102 -17.668297 56.530762 79.352417 -59.281448 -1.226196 39.499390 -16.028957 59.460815 68.256348 -17.625372 56.390503 65.690796 54.042709 -28.370483 39.499390 56.090374 -29.399048 65.690796 56.604061 -22.519653 72.386475 -59.426426 6.218140 72.386475 -59.890888 -1.226196 79.352417 57.620216 -15.161743 79.352417 58.548355 -10.520264 78.672119 -27.006714 51.613037 79.352417 -31.939581 48.715332 80.446533 58.453815 -10.505249 79.352417 -26.685205 51.709473 66.579102 -15.423949 57.170166 74.391846 56.618347 -20.207642 74.391846 57.954769 -15.619873 83.166504 -58.906685 -3.426270 83.166504 -58.830120 -4.948364 79.352417 -26.979628 51.560059 93.999390 -57.959461 -3.394287 80.446533 -26.832317 51.527832 80.446533 -31.888008 48.634644 65.690796 -58.781963 12.990356 39.499390 -61.009193 13.529053 65.690796 -59.728813 8.255249 66.771851 -15.419641 57.153931 65.690796 53.889259 -28.673950 39.499390 54.091545 -33.068726 65.690796 -13.869116 57.638672 39.499390 -12.188294 60.347168 67.510132 -15.403147 57.091431 67.814819 -14.799532 57.219727 80.446533 -26.936064 51.474854 79.352417 57.533577 -15.515259 70.715576 -59.294636 8.186401 72.386475 56.055779 -22.313354 81.011108 -59.136330 -1.226196 66.579102 -13.851292 57.563110 81.011108 -26.913584 51.430908 81.011108 -31.861397 48.593018 82.057739 -26.871899 51.349365 65.690796 -58.693577 13.350952 39.499390 -59.512722 18.725586 66.771851 -13.847423 57.546631 66.579102 53.973259 -28.335693 67.510132 -13.832438 57.482666 65.690796 -11.743342 58.099365 66.579102 56.531319 -22.492310 66.464844 -9.350631 58.453979 83.166504 -26.827759 51.262939 93.999390 -25.378876 50.926636 83.166504 -26.779289 51.287720 73.219116 -59.354137 6.209106 73.219116 -59.818039 -1.226196 73.718384 -59.774357 -1.226196 66.771851 53.958183 -28.328125 66.771851 56.515530 -22.486328 65.690796 -9.361215 58.521606 39.499390 -7.904588 61.042236 66.292358 -8.296767 58.625488 65.690796 -7.616019 58.769043 71.353394 -59.239517 8.177612 65.690796 -5.796760 58.972046 39.499390 -6.016398 61.252930 80.446533 57.527176 -15.139282 81.011108 58.405033 -10.497559 65.759277 -2.838608 59.175903 65.690796 -2.838969 59.183838 66.579102 -58.706421 12.972046 66.579102 -59.652054 8.243042 93.999390 -37.201588 -45.723877 83.166504 -26.779289 -53.740112 93.999390 -25.378876 -53.379028 39.499390 0.000000 61.541992 75.289551 56.543888 -20.182739 65.719116 -1.825402 59.219238 65.690796 -1.825547 59.222900 65.690796 0.000000 59.250488 75.289551 57.878548 -15.600952 65.792847 3.465538 59.139893 65.690796 3.466179 59.151123 66.579102 53.820007 -28.638672 65.690796 4.470234 59.085083 39.499390 14.755222 59.782959 65.860840 4.468973 59.067993 65.690796 9.987206 58.420166 66.578979 9.974184 58.342407 73.718384 -59.310795 6.203735 73.219116 55.987591 -22.287720 66.771851 -58.690022 12.968140 66.771851 -59.635391 8.240479 65.690796 10.945420 58.251709 66.579102 10.931355 58.175293 66.771729 10.927981 58.156982 66.771851 53.804974 -28.630981 82.057617 -59.044769 -1.226196 80.446533 57.440678 -15.492188 65.690796 14.216560 57.555786 66.579102 -58.618149 13.332275 66.579102 14.198290 57.480225 81.011108 57.479168 -15.127686 66.771851 14.194324 57.463867 68.230469 15.966417 56.874268 82.057617 58.314602 -10.483154 73.718384 55.946709 -22.272339 65.690796 16.025675 57.088501 66.771851 -58.601776 13.328125 67.510132 53.900467 -28.299072 67.510132 56.455078 -22.463623 65.690796 16.861691 56.852295 74.391846 -59.252331 6.196411 66.579102 16.005079 57.013550 81.011108 57.392738 -15.480347 74.391846 -59.715435 -1.226196 66.771851 16.000610 56.997314 75.289551 -59.636898 -1.226196 72.386475 -59.150261 8.163452 66.579102 16.840023 56.777710 76.167236 56.471085 -20.158325 76.167236 57.804028 -15.582397 67.510132 15.983495 56.935059 67.510132 -58.627243 12.953003 66.771851 16.835318 56.761475 67.510132 -59.571602 8.230347 68.256348 -59.507130 8.220093 67.510132 16.817310 56.699463 67.510132 53.747421 -28.601685 67.510132 -58.539089 13.312622 68.256348 16.799109 56.636719 68.560303 16.791681 56.610718 74.391846 55.891556 -22.251587 65.690796 21.090555 55.453735 39.499390 28.172829 54.864136 83.166504 -58.947754 -1.226196 68.256348 53.842133 -28.269775 68.256348 56.393978 -22.440552 93.999390 -58.000000 -1.226196 68.256348 -58.563793 12.937622 65.690796 21.357130 55.353882 66.579102 21.063450 55.380981 76.747314 56.422966 -20.142090 75.289551 -59.174404 6.186646 76.747314 57.754772 -15.570190 66.771851 21.057568 55.365112 82.057617 57.390171 -15.106201 83.166504 58.218788 -10.468018 68.256348 53.689251 -28.572021 73.219116 -59.078308 8.151978 68.256348 -58.475735 13.296875 66.579102 21.329683 55.281128 82.057617 57.303879 -15.458252 66.771851 21.323725 55.265381 68.918823 53.790340 -28.243774 73.718384 -59.035168 8.145142 67.510132 21.035044 55.304565 68.918823 56.339729 -22.420166 68.918823 -58.507458 12.923950 67.510132 21.300917 55.204956 75.289551 55.818050 -22.223877 68.256348 21.012278 55.243408 68.918823 53.637604 -28.545776 76.167236 -59.098213 6.177124 76.167236 -59.560112 -1.226196 68.256348 21.277863 55.143921 76.747314 -59.509365 -1.226196 65.690796 24.078266 54.250488 68.918823 -58.419487 13.282837 77.769409 56.338177 -20.113770 68.918823 20.992065 55.189087 69.387573 53.753689 -28.225342 69.387573 -58.467594 12.914307 65.690796 24.357515 54.128540 69.387573 56.301342 -22.405762 74.391846 -58.976974 8.135986 65.690796 52.116852 -31.906250 68.918823 21.257395 55.089600 69.387573 20.977762 55.150635 76.747314 -59.047855 6.170776 69.387573 21.242910 55.051270 83.166504 57.295872 -15.083374 66.579102 24.047321 54.179199 69.387573 -58.379681 13.272949 69.387573 53.601059 -28.527100 75.289551 -58.899410 8.123657 66.771851 24.040606 54.163696 83.166504 57.209721 -15.434814 76.167236 55.746181 -22.196899 70.715576 -58.354664 12.886963 66.579102 24.326212 54.057373 78.672119 56.263302 -20.088623 77.769409 -58.959122 6.159668 77.769409 -59.419933 -1.226196 78.672119 -59.340965 -1.226196 66.771851 24.319418 54.041870 67.510132 24.014891 54.104492 65.690796 -57.340118 17.997192 66.579102 52.049873 -31.866821 70.715576 20.937244 55.041748 70.815308 20.934065 55.033325 76.747314 55.698681 -22.179077 67.510132 24.293404 53.982788 70.715576 -58.266922 13.244995 65.690796 26.069813 53.343018 66.771851 52.035336 -31.858276 76.167236 -58.823574 8.111572 70.715576 53.649864 -28.173218 70.715576 21.201881 54.942627 71.000854 21.192686 54.919189 71.353394 -58.300423 12.873901 68.256348 23.988899 54.044678 78.672119 -58.880764 6.149780 79.352417 56.206871 -20.069702 68.256348 24.267113 53.923096 71.353394 -58.212761 13.231567 70.715576 53.497532 -28.474365 66.579102 26.036310 53.272827 76.747314 -58.773453 8.103638 71.353394 53.599995 -28.148193 66.771851 26.029037 53.257568 66.579102 -57.266430 17.972534 68.918823 23.965824 53.991455 67.510132 51.979675 -31.825439 68.918823 24.243769 53.869995 66.771851 -57.250435 17.967163 65.690796 27.478802 52.647217 39.499390 39.390789 47.643066 65.690796 51.033928 -33.675659 39.499390 48.869255 -40.616943 79.352417 -58.821709 6.142456 69.387573 23.949493 53.953857 67.510132 26.001196 53.199341 77.769409 55.614979 -22.147583 71.353394 53.447800 -28.449097 72.386475 -58.212582 12.852661 69.387573 24.227249 53.832397 66.579102 27.443489 52.578003 67.510132 -57.189198 17.946655 80.446533 56.116116 -20.039307 68.256348 25.973055 53.140503 68.256348 51.923420 -31.792358 72.386475 -58.125050 13.209717 72.386475 53.519234 -28.107544 66.771851 27.435823 52.562988 77.769409 -58.685131 8.089600 70.715576 23.903236 53.847290 66.579102 50.968346 -33.633911 65.690796 -56.604061 20.067261 39.499390 -56.090374 26.946655 70.715576 24.180456 53.726074 68.918823 25.948071 53.088135 78.672119 55.541069 -22.119751 73.219116 -58.141769 12.835571 67.510132 27.406477 52.505371 71.353394 23.881018 53.796021 80.446533 -58.726730 6.130493 66.771851 50.954109 -33.624878 69.387573 25.930389 53.051147 81.011108 56.069279 -20.023560 71.353394 24.157978 53.675049 68.256348 -57.127300 17.925903 72.386475 53.367271 -28.408081 68.256348 27.376816 52.447266 73.219116 -58.054348 13.192261 68.918823 51.873474 -31.762939 73.718384 -58.099316 12.825317 72.386475 23.845036 53.713135 79.352417 55.485359 -22.098755 68.918823 27.350481 52.395630 78.672119 -58.607136 8.077271 73.219116 53.454136 -28.074951 72.386475 24.121580 53.592285 66.579102 -56.531319 20.039917 70.715576 25.880306 52.946289 69.387573 51.838127 -31.742188 81.011108 -58.677719 6.124390 69.387573 27.331844 52.359131 73.219116 23.816031 53.646362 73.400513 23.809706 53.631714 67.510132 50.899605 -33.590210 73.718384 -58.011955 13.181641 68.918823 -57.072350 17.907471 71.353394 25.856249 52.895996 73.219116 53.302353 -28.375000 73.219116 24.092237 53.525635 73.718384 24.074669 53.485596 82.057617 55.982468 -19.994507 66.771851 -56.515530 20.033936 70.715576 27.279055 52.255615 73.718384 53.415100 -28.055298 72.386475 25.817291 52.814453 74.391846 -58.042042 12.811401 73.718384 53.263432 -28.355103 79.352417 -58.548355 8.067871 71.353394 27.253696 52.205933 68.256348 50.844517 -33.555176 73.219116 25.785887 52.748657 69.387573 -57.033463 17.894409 73.718384 25.767057 52.709229 80.446533 55.395767 -22.065063 74.391846 -57.954769 13.167480 72.386475 27.212633 52.125366 74.391846 53.362446 -28.028809 67.510132 -56.455078 20.011230 74.391846 25.741657 52.656128 73.219116 27.179533 52.060547 82.057617 -58.586864 6.113037 70.715576 51.738007 -31.683228 73.718384 27.159685 52.021606 74.391846 53.210926 -28.328369 75.289551 25.707804 52.585205 76.167236 25.640324 52.532349 75.289551 -57.965706 12.792969 68.918823 50.795609 -33.524170 74.391846 27.132912 51.969116 80.446533 -58.453815 8.052856 76.167236 25.674704 52.515991 76.233032 25.672222 52.510742 83.166504 55.890484 -19.963623 75.289551 27.097229 51.899170 81.011108 55.349537 -22.047729 68.256348 -56.393978 19.988159 76.167236 27.062340 51.830688 75.289551 -57.878548 13.148560 71.353394 51.689911 -31.654907 70.715576 -56.923306 17.857544 76.747314 27.039280 51.785522 69.387573 50.760998 -33.502075 81.011108 -58.405033 8.045166 75.289551 53.292267 -27.993652 83.166504 -58.490601 6.100952 93.999390 -57.282871 7.866211 65.690796 37.952766 45.859009 76.167236 -57.891075 12.774902 77.769409 26.998646 51.705811 78.726929 26.555046 51.836182 75.289551 53.140945 -28.292725 66.579102 37.903992 45.798462 82.057617 55.263840 -22.015503 68.918823 -56.339729 19.967773 76.167236 53.223648 -27.959106 76.167236 -57.804028 13.130005 65.690796 38.790150 45.171631 39.499390 48.925564 38.094604 71.353394 -56.870392 17.839722 72.386475 51.612030 -31.609009 66.771851 37.893406 45.785400 76.167236 53.072525 -28.257935 76.747314 -57.841747 12.762939 70.715576 50.662956 -33.439819 69.387573 -56.301342 19.953369 78.672119 26.962765 51.635498 78.863770 26.586481 51.807007 82.057617 -58.314602 8.030762 76.747314 53.178299 -27.936401 79.352417 26.935722 51.582520 76.747314 -57.754772 13.117798 83.166504 55.173035 -21.981323 67.510132 37.852875 45.735107 72.386475 -56.784702 17.811035 76.747314 53.027302 -28.234863 73.219116 51.549248 -31.572021 66.579102 38.740299 45.111938 77.769409 -57.754822 12.741943 71.353394 50.615860 -33.409790 66.771851 38.729477 45.098999 70.715576 -56.192596 19.912476 73.718384 51.511608 -31.549927 68.256348 37.811905 45.684204 77.769409 -57.667980 13.096191 83.166504 -58.218788 8.015625 77.769409 53.098385 -27.896240 67.510132 38.688053 45.049438 73.219116 -56.715630 17.787842 80.446533 26.892229 51.497192 80.941162 26.866570 51.461792 81.010986 26.869820 51.453247 65.690796 47.097069 -39.164307 78.672119 -57.678066 12.723389 68.918823 37.775532 45.639160 71.353394 -56.140362 19.892822 68.256348 38.646179 44.999390 73.718384 -56.674217 17.774048 65.690796 47.085209 -39.178955 69.387573 37.749794 45.607178 78.672119 -57.591339 13.077271 77.769409 52.947617 -28.194336 65.690796 -54.042709 25.918091 68.918823 38.609005 44.954956 72.386475 50.539597 -33.361328 74.391846 51.460827 -31.520020 69.387573 38.582699 44.923462 79.352417 -57.620216 12.709351 78.672119 53.027817 -27.860718 70.715576 37.676884 45.516724 83.166504 26.784101 51.285278 83.166504 26.779289 51.287720 66.579102 47.036545 -39.115479 74.391846 -56.618347 17.755249 65.690796 -53.889259 26.221558 39.499390 -54.091545 30.616333 66.579102 47.024700 -39.130249 71.353394 37.641861 45.473267 70.715576 38.508179 44.834351 79.352417 -57.533577 13.062866 66.771851 47.023403 -39.104858 71.353394 38.472382 44.791504 72.386475 -56.055779 19.860962 72.386475 37.585144 45.402954 66.579102 -53.973259 25.883301 78.672119 52.877247 -28.158447 66.771851 47.011566 -39.119629 66.771851 -53.958183 25.875732 73.219116 50.478123 -33.322266 73.219116 37.539425 45.346191 72.386475 38.414413 44.722168 80.446533 -57.527176 12.686890 75.289551 51.393150 -31.480225 73.718384 37.512012 45.312256 75.289551 -56.543888 17.730347 79.352417 52.974632 -27.834106 73.219116 38.367687 44.666260 66.579102 -53.820007 26.186279 73.718384 50.441261 -33.298828 79.352417 52.824211 -28.131470 74.391846 37.475037 45.266357 73.219116 -55.987591 19.835327 67.510132 46.973106 -39.064453 73.718384 38.339672 44.632812 66.771851 -53.804974 26.178589 80.446533 -57.440678 13.039795 75.289551 37.425751 45.205200 67.510132 46.961281 -39.079102 74.391846 38.301876 44.587524 81.011108 -57.479168 12.675293 76.167236 37.377563 45.145386 73.718384 -55.946709 19.819946 76.167236 51.326977 -31.441284 67.510132 -53.900467 25.846680 74.391846 50.391537 -33.267212 75.289551 38.251503 44.527344 76.747314 37.345715 45.105835 81.011108 -57.392738 13.027954 80.446533 52.889091 -27.791138 68.256348 46.922268 -39.023438 76.167236 38.202251 44.468384 76.167236 -56.471085 17.705933 76.747314 38.169701 44.429443 77.769409 37.289593 45.036255 67.510132 -53.747421 26.149292 68.256348 46.910454 -39.038086 74.391846 -55.891556 19.799194 68.256348 -53.842133 25.817383 65.690796 47.139462 36.659180 76.747314 51.283245 -31.415527 80.446533 52.738918 -28.088013 81.011108 52.844952 -27.768921 78.672119 37.240032 44.974731 76.747314 -56.422966 17.689697 82.057617 -57.390171 12.653809 75.289551 50.325264 -33.225098 77.769409 38.112343 44.360840 68.918823 46.877132 -38.987061 66.579102 47.078884 36.610474 68.256348 -53.689251 26.119629 82.057617 -57.303879 13.005859 68.918823 -53.790340 25.791382 68.918823 46.865330 -39.001709 66.771851 47.065731 36.599854 75.289551 -55.818050 19.771484 81.011108 52.694904 -28.065552 69.387573 46.845192 -38.961304 68.918823 -53.637604 26.093384 79.352417 37.202682 44.928467 65.690796 48.260765 35.220093 39.499390 56.129715 26.868164 77.769409 -56.338177 17.661377 77.769409 51.206177 -31.370117 78.672119 38.061691 44.300293 69.387573 -53.753689 25.772949 69.387573 46.833397 -38.975952 67.510132 47.015388 36.559448 65.690796 44.402428 -42.285400 39.499390 46.084824 -43.841064 65.690796 -52.116852 29.453857 79.352417 38.023514 44.254639 65.690796 -9.123674 -61.010742 39.499390 -14.755222 -62.235352 39.499390 0.000000 -63.994385 65.690796 0.000000 -61.702881 66.423950 -9.113926 -60.946777 80.446533 37.142612 44.853882 83.166504 -57.295872 12.630981 65.690796 -14.216560 -60.008179 93.999390 -56.289852 12.754272 76.167236 50.260468 -33.183838 69.387573 -53.601059 26.074707 66.579102 -14.198290 -59.932617 66.771851 -14.194324 -59.916260 68.256104 -16.033611 -59.305786 83.166504 -57.209721 12.982422 82.057617 52.763134 -27.727783 68.256348 46.964504 36.518555 65.690796 -16.093756 -59.522217 76.167236 -55.746181 19.744507 82.057617 52.613316 -28.024048 66.579102 -16.073072 -59.447266 78.672119 51.138123 -31.330078 66.579102 48.198742 35.173218 66.771851 -16.068583 -59.431030 78.672119 -56.263302 17.636230 67.510132 -16.051395 -59.368774 66.771851 48.185280 35.163086 65.690796 -20.943407 -57.960693 39.499390 -28.172829 -57.316528 76.747314 50.217644 -33.156616 66.579102 -52.049873 29.414429 81.011108 37.111614 44.815430 66.579102 -20.916492 -57.887817 66.579102 44.345364 -42.232544 76.747314 -55.698681 19.726685 68.918823 46.919327 36.482300 66.771851 -20.910650 -57.871948 67.510132 -20.888285 -57.811401 66.771851 44.332977 -42.221069 68.256348 -20.865677 -57.750122 80.446533 37.962120 44.181152 66.771851 -52.035336 29.405884 67.510132 48.133739 35.124146 65.690796 -23.911608 -56.774902 70.715576 -53.649864 25.720825 68.918823 -20.845606 -57.695801 70.715576 46.754711 -38.888428 69.387573 -20.831402 -57.657227 70.715576 -20.791122 -57.547974 70.715576 46.742939 -38.903076 79.352417 -56.206871 17.617310 69.387573 46.887360 36.456543 66.579102 -23.880880 -56.703613 83.166504 52.676437 -27.684326 70.715576 -53.497532 26.021973 66.771851 -23.874208 -56.688110 81.011108 37.930435 44.143311 82.057617 37.054153 44.744141 67.510132 -23.848673 -56.628784 71.353394 -53.599995 25.695801 79.352417 51.086834 -31.299805 68.256348 48.081642 35.084717 65.690796 43.300858 -43.445435 39.499390 39.320827 -50.151733 68.918823 48.035393 35.049805 65.690796 -25.885420 -55.883057 67.510132 -51.979675 29.373047 83.166504 52.526867 -27.979980 68.256348 -23.822861 -56.568726 65.690796 -51.033928 31.223267 66.579102 -25.852154 -55.812866 39.499390 -48.869255 38.164551 70.715576 46.796799 36.383789 71.353394 46.711250 -38.853516 82.057617 37.871708 44.072998 83.166504 36.993271 44.668579 77.769409 -55.614979 19.695190 66.771851 -25.844933 -55.797607 71.353394 46.699490 -38.868042 69.387573 48.002663 35.025146 68.918823 -23.799946 -56.515503 71.353394 46.753296 36.348755 71.353394 -53.447800 25.996704 69.387573 -23.783728 -56.477905 77.769409 50.142178 -33.108643 80.446533 -56.116116 17.586914 65.690796 -27.473866 -55.102173 39.499390 -39.390789 -50.095459 67.510132 44.285557 -42.177246 67.510132 -25.817287 -55.739258 83.166504 37.809483 43.998535 68.256348 -51.923420 29.339966 66.579102 43.245213 -43.391235 72.386475 46.682854 36.292236 72.386475 -53.519234 25.655151 68.256348 -25.789347 -55.680176 80.446533 51.004345 -31.251343 66.579102 -50.968346 31.181519 66.579102 -27.438559 -55.032837 70.715576 47.909946 34.955078 66.771851 -27.430895 -55.017822 68.256348 44.237629 -42.132935 70.715576 -23.737791 -56.371216 71.353394 47.865414 34.921509 68.918823 -25.764540 -55.627808 78.672119 -55.541069 19.667358 66.771851 43.233131 -43.379395 66.771851 -50.954109 31.172485 73.219116 46.626068 36.246582 67.510132 -27.401552 -54.960327 78.672119 50.075539 -33.066284 81.011108 -56.069279 17.571167 71.353394 -23.715725 -56.319946 69.387573 -25.746983 -55.590820 73.718384 46.592022 36.219238 72.386475 -53.367271 25.955688 68.256348 -27.371897 -54.902222 68.918823 -51.873474 29.310547 72.386475 -23.679993 -56.236938 73.219116 -23.651150 -56.169922 72.386475 46.640869 -38.796753 72.386475 47.793293 34.867065 68.918823 -27.345568 -54.850586 79.352417 -55.485359 19.646362 72.386475 46.629128 -38.811401 74.391846 46.546093 36.182251 70.715576 -25.697254 -55.485718 81.011108 50.961777 -31.226196 73.219116 -53.454136 25.622559 69.387573 -27.326935 -54.813965 71.353394 -25.673367 -55.435303 73.219116 47.735157 34.823120 68.918823 44.195076 -42.093628 69.387573 -51.838127 29.289795 67.510132 43.186886 -43.334351 72.386475 -25.634686 -55.353638 70.715576 -27.274153 -54.710449 75.289551 46.484879 36.133057 67.510132 -50.899605 31.137817 79.352417 50.025314 -33.034302 71.353394 -27.248800 -54.660767 73.718384 47.700302 34.796753 73.219116 -53.302353 25.922607 73.219116 -25.603502 -55.287842 82.057617 -55.982468 17.542114 73.718384 -25.584806 -55.248291 74.391846 47.653278 34.761230 73.219116 46.584137 -38.751099 72.386475 -27.207745 -54.580322 73.219116 46.572407 -38.765625 76.167236 46.425026 36.084961 73.718384 -53.415100 25.602905 74.391846 -25.559586 -55.195068 73.219116 -27.174648 -54.515381 76.747314 46.385468 36.053223 73.718384 -53.263432 25.902710 69.387573 44.164963 -42.065796 68.256348 -50.844517 31.102783 75.289551 47.590607 34.713989 75.289551 -25.525970 -55.124146 75.895264 -25.503284 -55.076172 73.718384 -27.154806 -54.476440 68.256348 43.140148 -43.288696 82.057617 50.882870 -31.179810 80.446533 -55.395767 19.612671 77.769409 46.315762 35.997192 74.391846 -27.128036 -54.423950 73.718384 46.550121 -38.723633 74.391846 -53.362446 25.576416 76.167236 47.529331 34.667725 75.289551 -27.092360 -54.354004 76.167236 -27.057476 -54.285645 70.715576 -51.738007 29.230835 76.747314 -27.034422 -54.240356 73.718384 46.538399 -38.738159 65.690796 54.080616 25.842529 80.446533 49.944538 -32.983032 65.690796 -37.952766 -48.311401 74.391846 -53.210926 25.875977 68.918823 -50.795609 31.071777 76.747314 47.488834 34.637085 68.918823 43.098648 -43.248291 78.672119 46.254208 35.947754 77.769409 -26.993795 -54.160767 78.672119 -26.541962 -54.300415 83.166504 -55.890484 17.511230 93.999390 -54.285992 19.195190 74.391846 46.504230 -38.686646 81.011108 -55.349537 19.595337 66.579102 -37.903992 -48.250854 71.353394 -51.689911 29.202515 66.579102 54.011116 25.807739 74.391846 46.492523 -38.701172 69.387573 -50.760998 31.049683 65.690796 -38.790150 -47.624023 70.715576 44.079659 -41.986938 39.499390 -48.925564 -40.546997 75.289551 -53.292267 25.541260 66.771851 -37.893406 -48.237793 66.771851 53.996029 25.800171 81.011108 49.902855 -32.956421 69.387573 43.069283 -43.219604 75.289551 -53.140945 25.840332 79.352417 46.207817 35.910400 65.690796 54.721485 24.522339 39.499390 60.686993 14.802734 78.672119 -26.957920 -54.090332 83.166504 50.799267 -31.130615 82.057617 -55.263840 19.563110 79.352417 -26.930882 -54.037354 67.510132 -37.852875 -48.187500 71.353394 44.038685 -41.948975 77.769409 47.417469 34.583252 76.167236 -53.223648 25.506714 75.289551 46.443073 -38.637451 72.386475 -51.612030 29.156616 66.579102 -38.740299 -47.564331 67.510132 53.938271 25.771240 76.167236 -53.072525 25.805542 66.771851 -38.729477 -47.551392 66.579102 54.651161 24.489258 75.289551 46.431377 -38.651978 82.057617 49.825588 -32.907349 68.256348 -37.811905 -48.136597 70.715576 -50.662956 30.987427 78.672119 47.354450 34.535645 76.747314 -53.178299 25.484009 66.771851 54.635895 24.482056 70.715576 42.986095 -43.138550 67.510132 -38.688053 -47.501831 76.167236 46.383274 -38.589233 80.446533 -26.887398 -53.952026 80.913086 -26.865154 -53.917725 80.446533 46.133205 35.850464 83.166504 -55.173035 19.528931 68.918823 -37.775532 -48.091553 68.256348 53.879894 25.742065 76.747314 -53.027302 25.782471 76.167236 46.371597 -38.603760 73.219116 -51.549248 29.119629 72.386475 43.972332 -41.887695 68.256348 -38.646179 -47.451782 81.011108 46.094704 35.819458 71.353394 -50.615860 30.957397 69.387573 -37.749794 -48.059570 71.353394 42.946136 -43.099609 73.718384 -51.511608 29.097534 79.352417 47.306953 34.499756 68.918823 53.828068 25.716187 76.747314 46.343754 -38.557373 68.918823 -38.609005 -47.407349 77.769409 -53.098385 25.443848 69.387573 -38.582699 -47.375854 76.747314 46.332085 -38.571899 67.510132 54.577454 24.454590 83.166504 49.743721 -32.855347 70.715576 -37.676884 -47.969116 65.690796 -47.097069 36.711914 69.387573 53.791389 25.697754 73.219116 43.918842 -41.838135 71.353394 -37.641861 -47.925659 65.690796 -47.085209 36.726562 39.499390 -46.084824 41.388672 68.256348 54.518387 24.426758 82.057617 46.023335 35.762207 65.690796 38.411385 -47.937988 70.715576 -38.508179 -47.286743 80.446533 47.230568 34.442017 77.769409 -52.947617 25.741943 71.353394 -38.472382 -47.243896 68.918823 54.465942 24.402100 73.718384 43.886772 -41.808472 72.386475 -37.585144 -47.855347 72.386475 -50.539597 30.908936 72.386475 42.881432 -43.036499 74.391846 -51.460827 29.067627 81.011108 47.191151 34.412231 77.769409 46.274109 -38.501343 78.672119 -53.027817 25.408325 70.715576 53.687492 25.645752 73.219116 -37.539425 -47.798584 66.579102 -47.036545 36.663086 72.386475 -38.414413 -47.174561 77.769409 46.262459 -38.515747 69.387573 54.428833 24.384644 83.166504 45.947712 35.701416 71.353394 53.637589 25.620850 73.718384 -37.512012 -47.764648 65.690796 37.885361 -48.365601 66.579102 -47.024700 36.677856 66.579102 38.362022 -47.878052 73.219116 -38.367687 -47.118652 66.771851 -47.023403 36.652466 74.391846 -37.475037 -47.718750 82.057617 47.118084 34.357056 74.391846 43.843510 -41.768555 70.715576 54.323704 24.335205 73.718384 -38.339672 -47.085205 78.672119 -52.877247 25.706055 66.771851 38.351307 -47.864990 72.386475 53.556770 25.580322 66.771851 -47.011566 36.667236 75.289551 -37.425751 -47.657593 83.166504 47.040665 34.298584 73.219116 -50.478123 30.869873 74.391846 -38.301876 -47.039917 73.219116 42.829269 -42.985596 71.353394 54.273209 24.311401 76.167236 -37.377563 -47.597778 75.289551 -51.393150 29.027832 78.672119 46.212608 -38.451782 73.219116 53.491627 25.547729 75.289551 -38.251503 -46.979736 79.352417 -52.974632 25.381714 78.672119 46.200974 -38.466187 76.747314 -37.345715 -47.558228 66.579102 37.836674 -48.305054 73.718384 -50.441261 30.846436 79.352417 -52.824211 25.679077 76.167236 -38.202251 -46.920776 73.718384 53.452564 25.528198 76.747314 -38.169701 -46.881836 66.771851 37.826107 -48.291870 67.510132 -46.973106 36.612061 72.386475 54.191433 24.272949 73.718384 42.797997 -42.955200 77.769409 -37.289593 -47.488647 67.510132 -46.961281 36.626709 67.510132 38.310284 -47.815063 74.391846 53.399872 25.501831 65.690796 -47.139462 -39.111572 73.219116 54.125515 24.241943 76.167236 -51.326977 28.988892 73.718384 54.085991 24.223389 75.289551 43.785851 -41.715210 74.391846 -50.391537 30.814819 78.672119 -37.240032 -47.427124 77.769409 -38.112343 -46.813232 79.352417 46.166260 -38.414429 75.289551 53.329643 25.466675 80.446533 -52.889091 25.338745 74.391846 54.032677 24.198242 79.352417 46.154636 -38.428833 68.256348 -46.922268 36.571045 67.510132 37.785645 -48.241577 76.167236 53.260979 25.432251 66.579102 -47.078884 -39.062866 66.771851 -47.065731 -39.052246 74.391846 42.755806 -42.914062 75.289551 53.961617 24.164795 68.256348 38.268822 -47.764648 68.256348 -46.910454 36.585693 76.747314 53.215595 25.409546 76.747314 -51.283245 28.963135 79.352417 -37.202682 -47.380859 80.446533 -52.738918 25.635620 76.167236 53.892136 24.132080 81.011108 -52.844952 25.316528 76.167236 43.729473 -41.663086 65.690796 -48.260765 -37.672485 39.499390 -56.129715 -29.320557 80.446533 46.091717 -38.354370 77.769409 53.135628 25.369507 75.289551 -50.325264 30.772705 78.672119 -38.061691 -46.752686 80.446533 46.080109 -38.368774 68.918823 -46.877132 36.534668 67.510132 -47.015388 -39.011841 68.256348 37.744751 -48.190674 65.690796 58.471519 14.217651 68.918823 -46.865330 36.549316 79.352417 -38.023514 -46.707031 76.747314 53.846214 24.110474 68.918823 38.232010 -47.719849 80.446533 -37.142612 -47.306274 78.672119 53.065010 25.334229 81.011108 -52.694904 25.613159 76.747314 43.692211 -41.628662 69.387573 -46.845192 36.508911 66.579102 58.396378 14.197754 68.256348 -46.964504 -38.970947 75.289551 42.699577 -42.859131 77.769409 -51.206177 28.917725 66.579102 -48.198742 -37.625610 81.011108 46.053249 -38.323364 66.771851 -48.185280 -37.615479 66.771851 58.380066 14.193481 69.387573 38.205959 -47.688232 69.387573 -46.833397 36.523560 81.011108 -37.111614 -47.267822 65.690796 -44.402428 39.833008 81.011108 46.041653 -38.337769 68.918823 -46.919327 -38.934692 65.690796 35.263996 -50.357422 39.499390 35.924644 -52.697144 77.769409 53.765297 24.072388 65.690796 58.810230 12.872925 39.499390 62.268417 6.678345 76.167236 -50.260468 30.731445 80.446533 -37.962120 -46.633545 67.510132 -48.133739 -37.576538 82.057617 -52.763134 25.275391 68.918823 37.708443 -48.145508 82.057617 -52.613316 25.571655 79.352417 53.011784 25.307617 76.167236 42.644600 -42.805542 69.387573 -46.887360 -38.908936 67.510132 58.317619 14.177002 78.672119 -51.138123 28.877686 76.747314 -50.217644 30.704224 81.011108 -37.930435 -46.595703 77.769409 43.626553 -41.567871 69.387573 37.682751 -48.113525 66.579102 -44.345364 39.780151 82.057617 -37.054153 -47.196533 78.672119 53.693844 24.038818 68.256348 -48.081642 -37.537109 68.918823 -48.035393 -37.502197 66.579102 58.734653 12.854858 66.771851 -44.332977 39.768677 65.690796 34.613159 -50.818115 70.715576 -46.796799 -38.836182 66.771851 58.718246 12.850952 70.715576 -46.754711 36.436035 66.579102 35.218681 -50.294312 80.446533 52.926189 25.264771 82.057617 45.981941 -38.265991 68.256348 58.254505 14.160278 82.057617 -37.871708 -46.525391 70.715576 -46.742939 36.450684 83.166504 -36.993271 -47.120972 82.057617 45.970367 -38.280396 69.387573 -48.002663 -37.477539 83.166504 -52.676437 25.231934 76.747314 42.608261 -42.770142 93.999390 -51.682343 25.097534 66.771851 35.208843 -50.280640 79.352417 53.639988 24.013428 79.352417 -51.086834 28.847412 71.353394 -46.753296 -38.801147 81.011108 52.882015 25.242554 65.690796 -43.300858 40.993042 39.499390 -39.320827 47.699341 70.715576 38.132168 -47.598511 83.166504 -37.809483 -46.450928 67.510132 58.655437 12.835815 68.918823 58.198467 14.145508 72.386475 -46.682854 -38.744629 83.166504 -52.526867 25.527588 78.672119 43.568573 -41.514282 71.353394 -46.711250 36.401123 70.715576 -47.909946 -37.407471 69.387573 58.158813 14.135010 66.579102 34.568676 -50.754395 71.353394 -47.865414 -37.373901 71.353394 -46.699490 36.415649 67.510132 35.171181 -50.228149 73.219116 -46.626068 -38.698975 77.769409 -50.142178 30.656250 66.771851 34.559021 -50.740601 67.510132 -44.285557 39.724854 80.446533 53.553379 23.972778 71.353394 38.096722 -47.555420 68.256348 58.591957 12.820679 66.579102 -43.245213 40.938843 73.718384 -46.592022 -38.671631 82.057617 52.800140 25.201660 81.011108 53.508682 23.951660 80.446533 -51.004345 28.798950 70.715576 37.609966 -48.022949 72.386475 -47.793293 -37.319458 77.769409 42.544231 -42.707764 68.256348 -44.237629 39.680542 74.391846 -46.546093 -38.634644 68.918823 58.535595 12.807129 70.715576 58.046482 14.105347 83.166504 45.906391 -38.205078 66.771851 -43.233131 40.927002 83.166504 45.894833 -38.219482 73.219116 -47.735157 -37.275513 78.672119 -50.075539 30.613892 69.387573 58.495712 12.797607 79.352417 43.524876 -41.473877 75.289551 -46.484879 -38.585449 71.353394 37.575005 -47.979492 72.386475 -46.640869 36.344360 83.166504 52.713383 25.158203 73.718384 -47.700302 -37.249146 82.057617 53.425835 23.912720 74.391846 -47.653278 -37.213623 68.256348 35.133118 -50.175049 72.386475 -46.629128 36.359009 67.510132 34.522057 -50.687622 71.353394 57.992523 14.091064 81.011108 -50.961777 28.773804 76.167236 -46.425026 -38.537354 72.386475 38.039322 -47.485596 68.918823 -44.195076 39.641235 70.715576 58.382729 12.770508 76.747314 -46.385468 -38.505615 78.672119 42.487690 -42.652588 67.510132 -43.186886 40.881958 83.166504 53.338051 23.871460 75.289551 -47.590607 -37.166382 72.386475 57.905148 14.067993 77.769409 -46.315762 -38.449585 65.690796 32.583549 -52.174561 39.499390 28.094368 -57.355957 79.352417 -50.025314 30.581909 73.219116 -46.584137 36.298706 76.167236 -47.529331 -37.120117 68.918823 35.099319 -50.128052 71.353394 58.328457 12.757446 65.690796 -54.080616 -28.294922 73.219116 -46.572407 36.313232 80.446533 43.454594 -41.408936 73.219116 57.834709 14.049438 68.256348 34.484692 -50.634033 69.387573 -44.164963 39.613403 72.386475 37.518391 -47.909058 68.256348 -43.140148 40.836304 76.747314 -47.488834 -37.089478 78.672119 -46.254208 -38.400146 73.718384 57.792477 14.038208 79.352417 42.445076 -42.611084 82.057617 -50.882870 28.727417 66.579102 -54.011116 -28.260132 69.387573 35.075405 -50.094727 72.386475 58.240574 12.736450 73.718384 -46.550121 36.271240 73.219116 37.993050 -47.429321 73.718384 -46.538399 36.285767 80.446533 -49.944538 30.530640 81.011108 43.418327 -41.375366 65.690796 59.995216 6.389771 66.579102 32.541676 -52.109131 68.918823 -43.098648 40.795898 66.771851 -53.996029 -28.252563 74.391846 57.735508 14.023193 79.352417 -46.207817 -38.362793 74.391846 -46.504230 36.234253 68.918823 34.451523 -50.586548 65.690796 60.069496 5.779907 39.499390 62.642872 2.737183 66.771851 32.532589 -52.094971 65.690796 -54.721485 -26.974731 39.499390 -60.686993 -17.255127 73.219116 58.169731 12.719360 74.391846 -46.492523 36.248779 77.769409 -47.417469 -37.035645 73.718384 37.965305 -47.395508 66.579102 59.918114 6.380005 70.715576 -44.079659 39.534546 67.510132 -53.938271 -28.223633 73.219116 37.472755 -47.852295 81.011108 -49.902855 30.504028 69.387573 34.428047 -50.552856 66.771851 59.901379 6.377930 69.387573 -43.069283 40.767212 66.579102 -54.651161 -26.941650 80.446533 42.376541 -42.544189 83.166504 -50.799267 28.678223 78.672119 -47.354450 -36.988037 73.718384 58.127254 12.709229 93.999390 -48.943951 29.894409 82.057617 43.351105 -41.313232 66.771851 -54.635895 -26.934448 71.353394 -44.038685 39.496582 67.510132 32.497787 -52.040527 75.289551 57.659576 14.003174 80.446533 -46.133205 -38.302856 75.289551 -46.443073 36.185059 73.718384 37.445393 -47.818237 66.579102 59.992302 5.770874 74.391846 37.927879 -47.350098 68.256348 -53.879894 -28.194458 66.771851 59.975544 5.768921 75.289551 -46.431377 36.199585 82.057617 -49.825588 30.454956 81.011108 -46.094704 -38.271851 70.715576 35.007660 -50.000366 67.510132 59.837303 6.369751 70.715576 -42.986095 40.686157 79.352417 -47.306953 -36.952148 81.011108 42.341175 -42.509766 74.391846 58.069954 12.695435 68.918823 -53.828068 -28.168579 76.167236 -46.383274 36.136841 76.167236 57.585339 13.983521 74.391846 37.408478 -47.772339 76.167236 -46.371597 36.151367 67.510132 -54.577454 -26.906982 68.256348 32.462616 -51.985474 72.386475 -43.972332 39.435303 67.510132 59.911392 5.761475 68.256348 59.772545 6.361572 71.353394 34.975117 -49.954956 69.387573 -53.791389 -28.150146 70.715576 34.361549 -50.457642 71.353394 -42.946136 40.647217 75.289551 37.877998 -47.289429 75.289551 57.993584 12.677124 68.256348 -54.518387 -26.879150 76.747314 -46.343754 36.104980 82.057617 -46.023335 -38.214600 76.747314 57.536270 13.970581 83.166504 43.279873 -41.247314 80.446533 -47.230568 -36.894409 76.747314 -46.332085 36.119507 68.256348 59.846550 5.753906 68.918823 -54.465942 -26.854492 68.918823 32.431389 -51.936646 83.166504 -49.743721 30.402954 93.999390 -45.168312 35.158203 68.918823 59.715046 6.354248 82.057617 42.275616 -42.445801 73.219116 -43.918842 39.385742 81.011108 -47.191151 -36.864624 71.353394 34.329609 -50.411865 70.715576 -53.687492 -28.098145 76.167236 57.918915 12.659302 75.289551 37.359280 -47.711060 65.690796 -38.411385 45.485596 72.386475 34.922421 -49.881592 69.387573 59.674358 6.349121 69.387573 -54.428833 -26.837036 83.166504 -45.947712 -38.153809 93.999390 -46.284351 -36.179810 73.718384 -43.886772 39.356079 68.918823 59.788982 5.747192 76.167236 37.829231 -47.230103 77.769409 57.449806 13.947754 71.353394 -53.637589 -28.073242 72.386475 -42.881432 40.584106 69.387573 32.409294 -51.902100 82.057617 -47.118084 -36.809448 77.769409 -46.274109 36.048950 65.690796 60.355999 2.592529 70.715576 -54.323704 -26.787598 77.769409 -46.262459 36.063354 76.747314 37.796997 -47.190918 76.747314 57.869564 12.647461 76.167236 37.311180 -47.651245 65.690796 -37.885361 45.913208 69.387573 59.748241 5.742432 72.386475 -53.556770 -28.032715 78.672119 57.373455 13.927612 72.386475 34.277885 -50.337769 83.166504 42.206154 -42.378052 83.166504 -47.040665 -36.750977 66.579102 60.278435 2.587646 66.579102 -38.362022 45.425659 71.353394 -54.273209 -26.763794 73.219116 34.879940 -49.822388 76.747314 37.279385 -47.611694 74.391846 -43.843510 39.316162 73.718384 34.854469 -49.786865 70.715576 59.559101 6.334473 73.219116 -53.491627 -28.000122 66.771851 60.261600 2.586548 66.771851 -38.351307 45.412598 73.718384 -53.452564 -27.980591 70.715576 32.346695 -51.804321 77.769409 57.782597 12.626587 73.219116 -42.829269 40.533203 72.386475 -54.191433 -26.725342 73.219116 34.236191 -50.278076 79.352417 57.315910 13.912354 78.672119 -46.212608 35.999390 77.769409 37.740196 -47.121826 74.391846 -53.399872 -27.954224 78.672119 -46.200974 36.013794 65.690796 27.523594 -55.076782 66.579102 -37.836674 45.852661 73.219116 -54.125515 -26.694336 71.353394 59.503735 6.327393 70.715576 59.632843 5.729004 73.718384 -54.085991 -26.675781 65.690796 60.434551 1.030884 39.499390 62.768131 -1.226196 66.771851 -37.826107 45.839478 75.289551 -53.329643 -27.919067 74.391846 34.820110 -49.739014 73.718384 -42.797997 40.502808 67.510132 60.197140 2.582520 74.391846 -54.032677 -26.650635 76.167236 -53.260979 -27.884644 67.510132 -38.310284 45.362671 71.353394 32.316628 -51.757202 78.672119 57.705803 12.608154 73.718384 34.211189 -50.242188 71.353394 59.577408 5.722534 75.289551 -43.785851 39.262817 75.289551 -53.961617 -26.617188 77.769409 37.223366 -47.541992 80.446533 57.223362 13.887939 78.672119 37.690041 -47.060791 76.747314 -53.215595 -27.861938 68.256348 60.131989 2.578369 79.352417 -46.166260 35.962036 76.167236 -53.892136 -26.584473 66.579102 60.356884 1.028076 74.391846 34.177464 -50.193848 79.352417 -46.154636 35.976440 77.769409 -53.135628 -27.821899 67.510132 -37.785645 45.789185 66.579102 27.488222 -55.007568 74.391846 -42.755806 40.461670 72.386475 59.414082 6.316040 65.690796 -58.471519 -16.670044 75.289551 34.774319 -49.675171 66.771851 60.340027 1.027466 68.256348 -38.268822 45.312256 79.352417 57.647926 12.594360 66.771851 27.480545 -54.992554 81.011108 57.175606 13.875366 76.747314 -53.846214 -26.562866 72.386475 32.267937 -51.681152 76.167236 -43.729473 39.210693 68.918823 60.074146 2.574707 78.672119 -53.065010 -27.786621 80.446533 -46.091717 35.901978 72.386475 59.487644 5.712036 78.672119 37.173893 -47.480347 66.579102 -58.396378 -16.650146 79.352417 37.652237 -47.014771 80.446533 -46.080109 35.916382 73.219116 59.341808 6.306885 68.256348 -37.744751 45.738281 65.690796 26.326258 -55.672119 68.918823 -38.232010 45.267456 67.510132 60.275482 1.025024 69.387573 60.033215 2.572144 66.771851 -58.380066 -16.645874 75.289551 34.132515 -50.129517 80.446533 57.554844 12.572021 76.747314 -43.692211 39.176270 67.510132 27.451149 -54.935059 77.769409 -53.765297 -26.524780 75.289551 -42.699577 40.406738 73.718384 59.298477 6.301392 65.690796 -58.810230 -15.325317 39.499390 -62.268417 -9.130737 76.167236 34.729542 -49.612793 81.011108 -46.053249 35.870972 82.057617 57.087082 13.851929 79.352417 37.136608 -47.433960 69.387573 -38.205959 45.235840 79.352417 -53.011784 -27.760010 73.219116 32.228683 -51.619751 73.219116 59.415283 5.703613 81.011108 -46.041653 35.885376 66.579102 26.292425 -55.602173 67.510132 -58.317619 -16.629395 65.690796 60.476685 -1.226196 80.446533 37.591438 -46.940918 65.690796 -35.263996 47.905029 39.499390 -35.924644 50.244751 68.256348 60.210247 1.022583 66.771851 26.285080 -55.586914 81.011108 57.506809 12.560425 78.672119 -53.693844 -26.491211 76.747314 34.699951 -49.571655 68.918823 -37.708443 45.693115 73.718384 59.371895 5.698486 66.579102 -58.734653 -15.307251 74.391846 59.240025 6.293945 73.718384 32.205151 -51.582886 66.771851 -58.718246 -15.303345 76.167236 -42.644600 40.353149 68.256348 27.421440 -54.876831 80.446533 -52.926189 -27.717163 77.769409 -43.626553 39.115479 68.918823 60.152332 1.020386 76.167236 34.088570 -50.066528 70.715576 59.917263 2.564819 68.256348 -58.254505 -16.612671 69.387573 -37.682751 45.661133 65.690796 24.898046 -56.339844 39.499390 24.339300 -59.083252 65.690796 -34.613159 48.365723 66.579102 60.398968 -1.226196 79.352417 -53.639988 -26.465820 83.166504 56.993282 13.827148 81.011108 37.560066 -46.902710 81.011108 -52.882015 -27.694946 66.579102 -35.218681 47.841919 67.510132 -58.655437 -15.288208 80.446533 37.076645 -47.359375 66.771851 60.382095 -1.226196 82.057617 -45.981941 35.813599 67.510132 26.256966 -55.528809 82.057617 -45.970367 35.828003 74.391846 59.313370 5.691650 74.391846 32.173405 -51.533325 69.387573 60.111343 1.018921 68.918823 -58.198467 -16.597900 76.747314 -42.608261 40.317749 82.057617 57.417770 12.539185 66.771851 -35.208843 47.828247 76.747314 34.059525 -50.024902 75.289551 59.162113 6.284058 68.918823 27.395063 -54.825317 69.387573 -58.158813 -16.587402 70.715576 -38.132168 45.146118 77.769409 34.647804 -49.498901 71.353394 59.861565 2.561279 80.446533 -53.553379 -26.425171 68.256348 -58.591957 -15.273071 67.510132 60.317509 -1.226196 78.672119 -43.568573 39.061890 81.011108 37.045704 -47.320923 82.057617 -52.800140 -27.654053 66.579102 -34.568676 48.302002 75.289551 59.235363 5.682617 81.011108 -53.508682 -26.404053 76.167236 59.085938 6.274414 69.387573 27.376396 -54.788696 67.510132 -35.171181 47.775757 66.579102 24.866051 -56.269043 68.918823 -58.535595 -15.259521 70.715576 -58.046482 -16.557739 66.771851 -34.559021 48.288208 68.256348 26.228548 -55.470093 83.166504 57.323429 12.516479 72.386475 59.771374 2.555542 66.771851 24.859104 -56.253662 71.353394 -38.096722 45.103027 70.715576 59.995243 1.014526 69.387573 -58.495712 -15.250000 82.057617 37.501911 -46.832031 83.166504 -52.713383 -27.610596 70.715576 -37.609966 45.570557 93.999390 -52.480480 -25.920288 68.256348 60.252228 -1.226196 75.289551 32.131092 -51.467163 76.747314 59.035595 6.267944 77.769409 -42.544231 40.255371 82.057617 -53.425835 -26.365112 77.769409 34.008339 -49.951538 78.672119 34.601757 -49.434814 83.166504 -45.906391 35.752686 76.167236 59.159096 5.673706 65.690796 23.450756 -56.971069 83.166504 -45.894833 35.767090 71.353394 59.939472 1.012451 71.353394 -57.992523 -16.543457 79.352417 -43.524876 39.021484 70.715576 -58.382729 -15.222900 68.918823 26.203318 -55.417847 68.918823 60.194271 -1.226196 73.219116 59.698666 2.550903 83.166504 -53.338051 -26.323853 82.057617 36.988342 -47.249512 71.353394 -37.575005 45.527100 72.386475 -57.905148 -16.520386 68.256348 -35.133118 47.722656 67.510132 24.832514 -56.194824 76.747314 59.108688 5.667847 67.510132 -34.522057 48.235229 76.167236 32.089722 -51.402466 69.387573 60.153255 -1.226196 73.718384 59.655071 2.548218 72.386475 -38.039322 45.033203 71.353394 -58.328457 -15.209839 69.387573 26.185463 -55.380981 73.219116 -57.834709 -16.501831 77.769409 58.946877 6.256714 79.352417 34.567055 -49.386475 78.672119 -42.487690 40.200195 70.715576 27.323521 -54.685303 72.386475 59.849163 1.009033 73.718384 -57.792477 -16.490601 65.690796 -32.583549 49.722168 39.499390 -28.094368 54.903564 77.769409 59.019859 5.657471 83.166504 37.440292 -46.757080 74.391846 59.596268 2.544434 78.672119 33.963142 -49.886841 72.386475 -58.240574 -15.188843 68.918823 -35.099319 47.675659 78.672119 58.868534 6.246826 66.579102 23.420620 -56.899414 80.446533 -43.454594 38.956543 65.690796 -59.995216 -8.842163 68.256348 -34.484692 48.181641 68.256348 24.805637 -56.135254 70.715576 60.037071 -1.226196 66.771851 23.414078 -56.883911 73.219116 59.776360 1.006348 72.386475 -37.518391 45.456665 76.747314 32.062378 -51.359741 74.391846 -57.735508 -16.475586 78.672119 58.941422 5.648315 79.352417 -42.445076 40.158691 75.289551 59.517887 2.539551 71.353394 27.298120 -54.635620 69.387573 -35.075405 47.642334 83.166504 36.927567 -47.173950 79.352417 58.809490 6.239258 65.690796 -60.069496 -8.232300 39.499390 -62.642872 -5.189575 79.352417 33.929077 -49.838013 73.219116 -37.993050 44.976929 73.718384 59.732712 1.004761 68.918823 24.781776 -56.082520 73.219116 -58.169731 -15.171753 71.353394 59.981262 -1.226196 81.011108 -43.418327 38.922974 66.579102 -59.918114 -8.832397 65.690796 21.837368 -57.622681 79.352417 58.882305 5.641357 66.579102 -32.541676 49.656738 80.446533 34.511238 -49.308716 74.391846 59.673828 1.002563 66.771851 -59.901379 -8.830322 67.510132 23.389032 -56.824341 76.167236 59.441257 2.534668 68.918823 -34.451523 48.134155 70.715576 26.134888 -55.276367 80.446533 58.714531 6.227295 66.771851 -32.532589 49.642578 73.718384 -58.127254 -15.161621 77.769409 32.014194 -51.284302 72.386475 59.890888 -1.226196 73.718384 -37.965305 44.943115 75.289551 -57.659576 -16.455566 69.387573 24.764891 -56.045166 76.747314 59.390606 2.531494 81.011108 34.482437 -49.268555 81.011108 58.665531 6.221069 73.219116 -37.472755 45.399902 66.579102 -59.992302 -8.223267 72.386475 27.256990 -54.555176 69.387573 -34.428047 48.100464 75.289551 59.595348 0.999634 66.771851 -59.975544 -8.221313 80.446533 58.787228 5.630371 80.446533 -42.376541 40.091797 80.446533 33.874294 -49.759521 67.510132 -59.837303 -8.822144 68.256348 23.363720 -56.764160 82.057617 -43.351105 38.860840 73.219116 59.818039 -1.226196 66.579102 21.809305 -57.550171 74.391846 -58.069954 -15.147827 67.510132 -32.497787 49.588135 81.011108 58.738167 5.624634 73.718384 -37.445393 45.365845 77.769409 59.301357 2.525879 65.690796 20.983002 -57.946045 76.167236 -57.585339 -16.435913 71.353394 26.110594 -55.226074 76.167236 59.518616 0.996704 74.391846 -37.927879 44.897705 66.771851 21.803213 -57.534424 73.718384 59.774357 -1.226196 67.510132 -59.911392 -8.213867 78.672119 31.971649 -51.217773 68.256348 -59.772545 -8.813965 65.690796 60.007679 -8.743408 39.499390 62.281353 -9.028198 70.715576 -35.007660 47.547974 81.011108 33.846024 -49.718994 73.219116 27.223835 -54.490234 81.011108 -42.341175 40.057373 75.289551 -57.993584 -15.129517 74.391846 -37.408478 45.319946 82.057617 58.574699 6.209473 76.747314 -57.536270 -16.422974 68.918823 23.341246 -56.710815 76.747314 59.467903 0.994873 68.256348 -32.462616 49.533081 82.057617 34.429047 -49.194214 74.391846 59.715435 -1.226196 68.256348 -59.846550 -8.206299 71.353394 -34.975117 47.502563 66.579102 20.956038 -57.873169 82.057617 58.647221 5.614014 70.715576 24.717058 -55.939209 68.918823 -59.715046 -8.806641 78.672119 59.222546 2.520874 70.715576 -34.361549 48.005249 76.167236 -57.918915 -15.111694 67.510132 21.779892 -57.474243 72.386475 26.071253 -55.144775 75.289551 -37.877998 44.837036 69.387573 -59.674358 -8.801514 73.718384 27.203957 -54.451416 66.579102 59.930561 -8.733765 83.166504 -43.279873 38.794922 93.999390 -41.527569 39.264038 66.771851 20.950184 -57.857300 68.918823 -59.788982 -8.199585 68.918823 -32.431389 49.484253 69.387573 23.325340 -56.672974 66.771851 59.913822 -8.731567 77.769409 -57.449806 -16.400146 82.057617 -42.275616 39.993408 79.352417 31.939581 -51.167725 83.166504 58.478455 6.197266 82.057617 33.793617 -49.643921 71.353394 -34.329609 47.959473 79.352417 59.163147 2.517090 65.690796 -60.355999 -5.044922 71.353394 24.694082 -55.888428 75.289551 -37.359280 45.258667 76.747314 -57.869564 -15.099854 68.256348 21.756319 -57.413330 75.289551 59.636898 -1.226196 72.386475 -34.922421 47.429199 77.769409 59.378536 0.991455 69.387573 -59.748241 -8.194824 74.391846 27.177139 -54.398926 78.672119 -57.373455 -16.380005 67.510132 20.927774 -57.796753 76.167236 -37.829231 44.777710 73.219116 26.039539 -55.079102 67.510132 59.849735 -8.723633 66.579102 -60.278435 -5.040039 69.387573 -32.409294 49.449707 83.166504 34.372475 -49.115356 83.166504 58.550858 5.602783 65.690796 59.728813 -10.707642 39.499390 61.009193 -15.981445 70.715576 -59.559101 -8.786865 80.446533 31.888008 -51.087036 68.918823 21.735392 -57.359253 76.747314 -37.796997 44.738525 76.167236 59.560112 -1.226196 76.167236 -37.311180 45.198853 73.718384 26.020525 -55.039795 66.771851 -60.261600 -5.038940 65.690796 18.670979 -58.748535 39.499390 16.028957 -61.913208 72.386475 -34.277885 47.885376 78.672119 59.299622 0.988525 77.769409 -57.782597 -15.078979 80.446533 59.067616 2.510986 83.166504 -42.206154 39.925659 70.715576 23.280289 -56.565918 79.352417 -57.315910 -16.364746 72.386475 24.656876 -55.806030 73.219116 -34.879940 47.369995 68.256348 20.905125 -57.735596 68.256348 59.784962 -8.715454 71.353394 -59.503735 -8.779785 76.747314 -37.279385 45.159302 83.166504 33.738091 -49.564331 66.579102 59.652054 -10.695435 73.718384 -34.854469 47.334473 70.715576 -59.632843 -8.181396 75.289551 27.141397 -54.328979 76.747314 59.509365 -1.226196 65.690796 -60.434551 -3.483276 39.499390 -62.768131 -1.226196 70.715576 -32.346695 49.351929 81.011108 31.861397 -51.045410 81.011108 59.018318 2.507935 69.387573 21.720581 -57.321045 67.510132 -60.197140 -5.034912 79.352417 59.240143 0.986328 73.219116 -34.236191 47.825684 74.391846 25.994875 -54.986816 75.289551 25.167002 -55.292603 74.391846 24.584621 -55.646118 71.353394 23.258648 -56.514404 78.672119 -57.705803 -15.060547 72.386475 22.848885 -56.587158 71.353882 21.658947 -57.160400 66.771851 59.635391 -10.692871 77.769409 -37.740196 44.669434 68.918823 20.885015 -57.681152 68.918823 59.727451 -8.708252 71.353394 -59.577408 -8.174927 66.579102 18.646984 -58.674683 80.446533 -57.223362 -16.340332 73.219116 24.626883 -55.739624 65.690796 -27.523594 52.624390 73.127319 23.568737 -56.214111 68.256348 -60.131989 -5.030762 69.387573 59.686756 -8.703125 65.690796 17.691032 -59.057495 66.579102 -60.356884 -3.480469 74.391846 -34.820110 47.286621 66.771851 18.641775 -58.658569 67.510132 59.571602 -10.682739 76.167236 27.106451 -54.260620 72.386475 -59.414082 -8.768433 71.353394 -32.316628 49.304810 69.387573 20.870785 -57.642700 73.718384 -34.211189 47.789795 77.769409 59.419933 -1.226196 82.057617 31.812065 -50.968262 82.057617 58.926941 2.502075 66.771851 -60.340027 -3.479858 77.769409 -37.223366 45.089600 73.718384 24.608900 -55.699829 80.446533 59.144489 0.982788 79.352417 -57.647926 -15.046753 75.289551 25.960688 -54.916016 68.256348 59.507130 -10.672485 78.672119 -37.690041 44.608398 72.386475 23.223604 -56.431152 76.747314 27.083355 -54.215454 77.769409 26.287361 -54.515137 76.747314 25.905176 -54.801270 81.011108 59.095131 0.980957 81.011108 -57.175606 -16.327759 68.918823 -60.074146 -5.027100 78.672119 59.340965 -1.226196 74.391846 -34.177464 47.741455 70.715576 21.678629 -57.212646 70.742188 20.829603 -57.531250 67.510132 18.621836 -58.597168 66.579102 -27.488222 52.555176 72.386475 -59.487644 -8.164429 66.579102 17.668297 -58.983154 70.715576 59.571472 -8.688721 73.219116 -59.341808 -8.759277 75.289551 -34.774319 47.222778 66.771851 17.663363 -58.967041 83.166504 58.830120 2.495972 76.167236 25.927261 -54.846924 68.918823 59.449890 -10.663452 67.510132 -60.275482 -3.477417 83.166504 31.759794 -50.886597 66.771851 -27.480545 52.540161 82.057739 26.871899 -53.801758 68.256348 18.601681 -58.535034 70.715576 20.830473 -57.533813 79.352417 59.281448 -1.226196 69.387573 18.571089 -58.440796 69.387573 -60.033215 -5.024536 77.769409 27.042654 -54.135742 71.353394 59.516098 -8.681763 72.386475 -32.267937 49.228760 80.446533 -57.554844 -15.024414 67.510132 17.644468 -58.905273 68.918823 18.583788 -58.479980 78.672119 -37.173893 45.027954 68.918701 17.608255 -58.786987 73.718384 -59.298477 -8.753784 79.352417 -37.652237 44.562378 69.387573 59.409382 -10.656982 82.057617 -57.087082 -16.304321 65.690796 15.443796 -59.697754 68.256348 17.625372 -58.842896 82.057617 59.003632 0.977539 65.690796 -26.326258 53.219727 78.672119 27.006714 -54.065430 79.352417 26.685205 -54.161865 80.446533 59.185726 -1.226196 73.219116 -59.415283 -8.156006 66.579102 15.423949 -59.622559 75.289551 -34.132515 47.677124 72.386475 59.426426 -8.670532 65.690796 -60.476685 -1.226196 79.352417 26.979628 -54.012451 80.446533 26.832317 -53.980225 66.771851 15.419641 -59.606323 67.510132 -27.451149 52.482666 68.256348 -60.210247 -3.474976 65.690796 13.869116 -60.091064 39.499390 12.188294 -62.799561 83.166504 58.906685 0.973877 81.011108 -57.506809 -15.012817 76.167236 -34.729542 47.160400 67.510132 15.403147 -59.543823 67.814819 14.799532 -59.672119 73.718384 -59.371895 -8.150879 80.446533 26.936064 -53.927246 79.352417 -37.136608 44.981567 65.690796 58.781963 -15.442749 66.579102 13.851292 -60.015503 73.219116 -32.228683 49.167358 70.715576 59.294636 -10.638794 81.011108 26.913584 -53.883301 74.391846 -59.240025 -8.746338 66.579102 -26.292425 53.149780 66.771851 13.847423 -59.999023 67.510132 13.832438 -59.935059 81.011108 59.136330 -1.226196 65.690796 58.693577 -15.803345 39.499390 59.512722 -21.177979 68.918823 -60.152332 -3.472778 65.690796 11.743342 -60.551758 66.464844 9.350631 -60.906372 80.446533 -37.591438 44.488525 70.715576 -59.917263 -5.017212 83.166504 26.827759 -53.715332 83.166504 26.779289 -53.740112 66.771851 -26.285080 53.134521 65.690796 9.361215 -60.973999 39.499390 7.904588 -63.494629 66.292358 8.296767 -61.077881 66.579102 -60.398968 -1.226196 76.747314 -34.699951 47.119263 65.690796 7.616019 -61.221436 73.219116 59.354137 -8.661499 65.690796 5.796760 -61.424438 39.499390 6.016398 -63.705322 83.166504 -56.993282 -16.279541 65.872314 4.616893 -61.508301 93.999390 -56.401730 -14.748169 73.718384 -32.205151 49.130493 65.690796 4.087400 -61.564575 71.353394 59.239517 -10.630005 65.832764 4.086407 -61.549927 66.771851 -60.382095 -1.226196 66.579102 58.706421 -15.424438 68.256348 -27.421440 52.424438 74.391846 -59.313370 -8.144043 73.718384 59.310795 -8.656128 76.167236 -34.088570 47.614136 69.387573 -60.111343 -3.471313 82.057617 -57.417770 -14.991577 65.690796 -24.898046 53.887451 39.499390 -24.339300 56.630859 66.771851 58.690022 -15.420532 75.289551 -59.162113 -8.736450 81.011108 -37.560066 44.450317 71.353394 -59.861565 -5.013672 82.057617 59.044769 -1.226196 80.446533 -37.076645 44.906982 67.510132 -60.317509 -1.226196 66.579102 58.618149 -15.784668 67.510132 -26.256966 53.076416 74.391846 -32.173405 49.080933 75.289551 -59.235363 -8.135010 66.771851 58.601776 -15.780518 76.747314 -34.059525 47.572510 76.167236 -59.085938 -8.726807 74.391846 59.252331 -8.648804 68.918823 -27.395063 52.372925 83.166504 -57.323429 -14.968872 72.386475 59.150261 -10.615845 72.386475 -59.771374 -5.007935 77.769409 -34.647804 47.046509 67.510132 58.627243 -15.405396 81.011108 -37.045704 44.868530 70.715576 -59.995243 -3.466919 67.510132 58.539089 -15.765015 68.256348 -60.252228 -1.226196 69.387573 -27.376396 52.336304 83.166504 58.947754 -1.226196 66.579102 -24.866051 53.816650 76.747314 -59.035595 -8.720337 68.256348 58.563793 -15.390015 68.256348 -26.228548 53.017700 76.167236 -59.159096 -8.126099 66.771851 -24.859104 53.801270 75.289551 59.174404 -8.639038 71.353394 -59.939472 -3.464844 73.219116 59.078308 -10.604370 68.918823 -60.194271 -1.226196 82.057617 -37.501911 44.379639 75.289551 -32.131092 49.014771 68.256348 58.475735 -15.749268 73.219116 -59.698666 -5.003296 73.718384 59.035168 -10.597534 77.769409 -34.008339 47.499146 76.747314 -59.108688 -8.120239 78.672119 -34.601757 46.982422 69.387573 -60.153255 -1.226196 68.918823 58.507458 -15.376343 65.690796 -23.450756 54.518677 76.167236 59.098213 -8.629517 73.718384 -59.655071 -5.000610 68.918823 -26.203318 52.965454 82.057617 -36.988342 44.797119 77.769409 -58.946877 -8.709106 68.918823 58.419487 -15.735229 67.510132 -24.832514 53.742432 69.387573 58.467594 -15.366699 72.386475 -59.849163 -3.461426 76.167236 -32.089722 48.950073 74.391846 58.976974 -10.588379 77.769409 -59.019859 -8.109863 69.387573 -26.185463 52.928589 74.391846 -59.596268 -4.996826 76.747314 59.047855 -8.623169 79.352417 -34.567055 46.934082 78.672119 -58.868534 -8.699219 69.387573 58.379681 -15.725342 70.715576 -27.323521 52.232910 75.289551 58.899410 -10.576050 70.715576 58.354664 -15.339355 83.166504 -37.440292 44.304688 93.999390 -36.838333 43.572632 73.219116 -59.776360 -3.458740 78.672119 -58.941422 -8.100708 78.672119 -33.963142 47.434448 77.769409 58.959122 -8.612061 75.289551 -59.517887 -4.991943 66.579102 -23.420620 54.447021 79.352417 -58.809490 -8.691650 68.256348 -24.805637 53.682861 65.690796 57.340118 -20.449585 66.771851 -23.414078 54.431519 73.718384 -59.732712 -3.457153 70.715576 58.266922 -15.697388 76.167236 58.823574 -10.563965 71.353394 -27.298120 52.183228 71.353394 58.300423 -15.326294 79.352417 -58.882305 -8.093750 74.391846 -59.673828 -3.454956 83.166504 -36.927567 44.721558 93.999390 -33.819839 45.892944 76.167236 -59.441257 -4.987061 78.672119 58.880764 -8.602173 79.352417 -33.929077 47.385620 68.918823 -24.781776 53.630127 71.353394 58.212761 -15.683960 80.446533 -58.714531 -8.679688 76.747314 58.773453 -10.556030 65.690796 -21.837368 55.170288 80.446533 -34.511238 46.856323 66.579102 57.266430 -20.424927 76.747314 -59.390606 -4.983887 67.510132 -23.389032 54.371948 81.011108 -58.665531 -8.673462 70.715576 -26.134888 52.823975 66.771851 57.250435 -20.419556 75.289551 -59.595348 -3.452026 79.352417 58.821709 -8.594849 80.446533 -58.787228 -8.082764 72.386475 58.212582 -15.305054 69.387573 -24.764891 53.592773 81.011108 -58.738167 -8.077026 81.011108 -34.482437 46.816162 72.386475 -27.256990 52.102783 77.769409 -59.301357 -4.978271 67.510132 57.189198 -20.399048 72.386475 58.125050 -15.662109 76.167236 -59.518616 -3.449097 80.446533 -33.874294 47.307129 77.769409 58.685131 -10.541992 68.256348 -23.363720 54.311768 66.579102 -21.809305 55.097778 65.690796 -60.007679 6.291016 39.499390 -62.281353 6.575806 65.690796 -20.983002 55.493652 71.353394 -26.110594 52.773682 73.219116 58.141769 -15.287964 82.057617 -58.574699 -8.661865 66.771851 -21.803213 55.082031 80.446533 58.726730 -8.582886 76.747314 -59.467903 -3.447266 81.011108 -33.846024 47.266602 68.256348 57.127300 -20.378296 82.057617 -58.647221 -8.066406 73.219116 -27.223835 52.037842 78.672119 -59.222546 -4.973267 73.718384 58.099316 -15.277710 68.918823 -23.341246 54.258423 66.579102 -59.930561 6.281372 78.672119 58.607136 -10.529663 82.057617 -34.429047 46.741821 66.579102 -20.956038 55.420776 66.771851 -59.913822 6.279175 70.715576 -24.717058 53.486816 81.011108 58.677719 -8.576782 67.510132 -21.779892 55.021851 68.918823 57.072350 -20.359863 72.386475 -26.071253 52.692383 83.166504 -58.478455 -8.649658 93.999390 -57.609570 -7.944580 79.352417 -59.163147 -4.969482 73.718384 -27.203957 51.999023 66.771851 -20.950184 55.404907 74.391846 58.042042 -15.263794 69.387573 -23.325340 54.220581 77.769409 -59.378536 -3.443848 67.510132 -59.849735 6.271240 69.387573 57.033463 -20.346802 71.353394 -24.694082 53.436035 83.166504 -58.550858 -8.055176 68.256348 -21.756319 54.960938 74.391846 -27.177139 51.946533 67.510132 -20.927774 55.344360 82.057617 58.586864 -8.565430 75.289551 57.965706 -15.245361 73.219116 -26.039539 52.626709 78.672119 -59.299622 -3.440918 83.166504 -34.372475 46.662964 80.446533 -59.067616 -4.963379 68.918823 -21.735392 54.906860 73.718384 -26.020525 52.587402 68.256348 -59.784962 6.263062 65.690796 -18.670979 56.296143 70.715576 56.923306 -20.309937 70.715576 -23.280289 54.113525 72.386475 -24.656876 53.353638 83.166504 58.490601 -8.553345 76.167236 57.891075 -15.227295 74.391846 -25.994875 52.534424 74.391846 -24.584621 53.193726 71.353394 -23.258648 54.062012 76.747314 57.841747 -15.215332 72.386475 -22.848885 54.134766 71.353882 -21.658947 54.708008 66.579102 -18.646984 56.222290 73.219116 -24.626883 53.287231 73.127319 -23.568737 53.761719 66.771851 -18.641775 56.206177 77.769409 57.754822 -15.194336 73.718384 -24.608900 53.247437 72.386475 -23.223604 53.978760 146.363037 0.000000 -54.726196 146.363037 -22.399776 -54.726196 139.896606 -22.399776 -54.726196 145.658325 5.245056 -54.726196 146.187134 2.617821 -54.726196 143.523804 10.566096 -54.726196 139.896606 16.042822 -54.726196 151.289795 27.158693 -45.226196 137.785522 20.970749 -53.821045 136.001587 23.996115 -53.227539 162.695801 18.041904 -45.226196 167.878784 12.233193 -45.226196 170.447388 8.070431 -45.226196 171.963013 4.010129 -45.226196 172.464111 0.000000 -45.226196 146.363037 0.000000 52.273804 139.896606 -22.399776 52.273804 146.363037 -22.399776 52.273804 144.067505 9.492068 52.273804 145.792480 4.718401 52.273804 142.257080 12.733426 52.273804 139.896606 16.042822 52.273804 171.932495 4.130842 42.773804 172.464111 0.000000 42.773804 155.030884 24.467052 42.773804 137.110352 22.207361 51.126099 138.685303 19.105564 51.726440 170.323608 8.316539 42.773804 166.168335 14.383979 42.773804 276.203613 -32.500000 3.866577 276.159912 52.000000 4.229004 275.348022 -32.500000 8.773804 259.016602 -32.500000 33.885620 252.603760 52.000000 37.912231 251.755005 -32.500000 38.336670 259.428467 -32.500000 33.570679 260.972900 52.000000 32.318726 276.499390 -32.500000 -1.226196 276.499390 52.000000 -1.226196 276.405029 52.000000 1.653076 276.405029 -32.500000 -4.105469 276.203613 52.000000 -6.318970 265.705444 -32.500000 27.641724 267.296265 52.000000 25.702881 276.159912 -32.500000 -6.681396 275.348022 52.000000 -11.226196 266.044312 -32.500000 27.247314 237.723633 -32.500000 42.462524 242.499390 52.000000 41.622437 232.499390 52.000000 42.773804 275.086182 -32.500000 -12.288208 274.432617 52.000000 -14.553101 232.499390 -32.500000 42.773804 270.926147 -32.500000 20.207031 272.062256 52.000000 18.029419 272.062256 -32.500000 -20.481812 271.637817 52.000000 -21.330566 270.926147 52.000000 -22.659424 237.954590 -32.500000 42.434326 267.296265 -32.500000 -28.155273 266.044312 52.000000 -29.699707 265.705444 52.000000 -30.094116 271.637817 -32.500000 18.878174 243.092163 -32.500000 41.479736 260.972900 -32.500000 -34.771118 259.428467 52.000000 -36.023071 259.016602 52.000000 -36.338013 252.603760 -32.500000 -40.364624 251.755005 52.000000 -40.789062 251.298828 52.000000 -41.007935 243.561401 -32.500000 41.360596 274.432617 -32.500000 12.100708 275.086182 52.000000 9.835815 242.499390 -32.500000 -44.074829 251.298828 -32.500000 38.555542 243.561401 52.000000 -43.812988 243.092163 52.000000 -43.932129 237.954590 52.000000 -44.886719 237.723633 52.000000 -44.914917 232.499390 -32.500000 -45.226196 232.499390 52.000000 -45.226196 128.166504 -57.553005 -8.413086 128.166504 -56.401737 -14.748169 139.604736 -33.819839 45.892944 138.339355 -36.838333 43.572632 139.604736 -36.838333 43.572632 136.522583 -31.249165 47.635742 134.151001 -31.249165 47.635742 136.522583 -33.457825 46.150757 128.166504 -57.609558 -7.944702 140.888428 -54.899673 -19.935181 139.896606 -54.899673 -19.935181 139.896606 -52.480484 -25.920288 140.888428 -52.480484 -25.920288 141.401367 -52.480484 -25.920288 141.401367 -54.898911 -19.934937 139.896606 -33.819839 45.892944 128.999390 -57.553005 -8.413086 128.999390 -56.401737 -14.748169 139.896606 -36.838333 43.572632 129.700928 -56.401737 -14.748169 143.848267 -36.838333 43.572632 141.401367 -36.838333 43.572632 141.401367 -41.527569 39.264038 128.999390 -57.609558 -7.944702 143.848267 -41.527569 39.264038 129.700928 -57.553005 -8.413086 139.604736 -33.457825 46.150757 138.339355 -33.819839 45.892944 131.063843 -56.401737 -14.748169 138.339355 -33.457825 46.150757 137.009155 -31.249165 47.635742 136.522583 -56.401737 -14.748169 134.151001 -56.401737 -14.748169 136.522583 -54.899673 -19.935181 137.009155 -33.457825 46.150757 129.700928 -57.609558 -7.944702 139.896606 -33.457825 46.150757 137.009155 -56.401737 -14.748169 137.009155 -54.899673 -19.935181 144.267334 -36.838333 43.572632 131.063843 -57.553005 -8.413086 131.462036 -56.401737 -14.748169 144.267334 -41.527569 39.264038 146.217407 -41.527569 39.264038 140.888428 -33.819839 45.892944 140.888428 -36.838333 43.572632 131.462036 -57.553005 -8.413086 133.870361 -56.401737 -14.748169 133.870361 -27.622461 49.773804 133.870361 -31.249165 47.635742 131.462036 -27.622461 49.773804 131.063843 -57.609558 -7.944702 140.888428 -33.457825 46.150757 138.339355 -56.401737 -14.748169 138.339355 -54.899673 -19.935181 139.604736 -54.899673 -19.935181 139.778320 -57.552059 -8.412964 141.401367 -33.819839 45.892944 131.462036 -57.609558 -7.944702 138.339355 -31.249165 47.635742 128.166504 -57.959476 -3.393921 133.870361 -27.396601 49.895508 133.870361 -26.718584 50.253174 131.462036 -27.396618 49.895508 133.870361 -57.553005 -8.413086 134.151001 -27.622461 49.773804 141.401367 -33.457825 46.150757 134.151001 -57.553005 -8.413086 134.151001 -27.396601 49.895508 134.151001 -26.607674 50.310547 128.999390 -57.959476 -3.393921 146.217407 -36.838333 43.572632 133.870361 -57.609558 -7.944702 134.151001 -57.609558 -7.944702 146.363037 -36.838333 43.572632 146.363037 -41.527569 39.264038 129.700928 -57.959476 -3.393921 139.604736 -31.249165 47.635742 139.896606 -31.249165 47.635742 128.166504 -58.000000 -1.226196 131.063843 -57.959476 -3.393921 143.848267 -33.819839 45.892944 128.999390 -58.000000 -1.226196 136.522583 -27.622461 49.773804 136.522583 -57.553005 -8.413086 140.888428 -31.249165 47.635742 131.462036 -57.959476 -3.393921 136.522583 -27.396601 49.895508 136.522583 -57.609558 -7.944702 137.009155 -57.553005 -8.413086 144.267334 -33.819839 45.892944 143.848267 -33.457825 46.150757 129.700928 -58.000000 -1.226196 137.009155 -57.609558 -7.944702 137.009155 -27.622461 49.773804 138.339355 -57.553005 -8.413086 131.063843 -58.000000 -1.226196 148.289795 -36.838333 43.572632 138.339355 -57.609558 -7.944702 148.289795 -41.527569 39.264038 163.186035 -33.457825 46.150757 141.401367 -31.249165 47.635742 131.462036 -58.000000 -1.226196 137.009155 -27.396601 49.895508 133.870361 -57.959476 -3.393921 144.267334 -33.457825 46.150757 134.151001 -57.959476 -3.393921 139.604736 -57.553005 -8.413086 136.522583 -26.607656 50.310547 136.873657 -25.131048 51.046387 128.166504 -57.832317 3.180908 137.009155 -26.607656 50.310547 138.339355 -27.622461 49.773804 138.339355 -27.396601 49.895508 128.999390 -57.832317 3.180908 133.870361 -58.000000 -1.226196 134.151001 -58.000000 -1.226196 146.217407 -33.819839 45.892944 136.522583 -57.959476 -3.393921 129.700928 -57.832317 3.180908 131.063843 -27.596817 -52.240112 128.166504 -27.596817 -52.240112 131.063843 -27.463953 -52.311768 146.363037 -33.819839 45.892944 131.462036 -27.463917 -52.311768 133.905029 -26.705244 -52.712402 137.009155 -57.959476 -3.393921 146.217407 -33.457825 46.150757 131.462036 -27.596817 -52.240112 146.363037 -33.457825 46.150757 133.870361 -27.463917 -52.311768 131.063843 -57.832317 3.180908 133.870361 -27.596817 -52.240112 138.339355 -26.607656 50.310547 138.339355 -57.959476 -3.393921 139.604736 -57.831329 3.180908 143.848267 -31.249165 47.635742 136.522583 -25.378876 -53.379028 136.522583 -25.366070 -53.385132 131.462036 -57.832317 3.180908 134.151001 -27.463917 -52.311768 136.522583 -58.000000 -1.226196 139.604736 -27.622461 49.773804 134.151001 -27.596817 -52.240112 137.009155 -58.000000 -1.226196 137.009155 -25.366087 -53.385254 138.339355 -23.980673 -54.036377 137.009155 -25.378876 50.926636 137.009155 -25.036512 51.091797 137.009155 -25.378876 -53.379028 128.166504 -57.282860 7.866333 139.604736 -27.396601 49.895508 138.339355 -58.000000 -1.226196 128.166504 -33.457825 -48.603149 139.896606 -27.622461 49.773804 128.999390 -57.282860 7.866333 144.267334 -31.249165 47.635742 139.604736 -23.980696 -54.036499 133.870361 -57.832317 3.180908 136.522583 -26.705223 -52.712402 139.896606 -27.396601 49.895508 134.151001 -57.832317 3.180908 139.896606 -23.980696 -54.036499 139.604736 -26.607656 50.310547 129.700928 -57.282860 7.866333 138.339355 -25.366087 -53.385254 148.289795 -33.819839 45.892944 140.888428 -27.622461 49.773804 131.063843 -57.282860 7.866333 138.339355 -25.378876 -53.379028 131.462036 -57.282860 7.866333 137.009155 -26.705223 -52.712402 138.339355 -25.378876 50.926636 136.522583 -57.832317 3.180908 139.896606 -26.607656 50.310547 137.009155 -57.832317 3.180908 128.999390 -33.457825 -48.603149 136.522583 -27.463917 -52.311768 140.888428 -27.396601 49.895508 128.166504 -56.289860 12.754272 148.289795 -33.457825 46.150757 138.339355 -25.036528 51.091797 136.522583 -27.596817 -52.240112 140.888428 -23.980696 -54.036499 141.401367 -27.622461 49.773804 138.339355 -57.832317 3.180908 129.700928 -33.457825 -48.603149 141.401367 -27.396601 49.895508 133.870361 -57.282860 7.866333 137.009155 -27.463917 -52.311768 146.217407 -31.249165 47.635742 128.999390 -56.289860 12.754272 146.363037 -31.249165 47.635742 134.151001 -57.282860 7.866333 140.888428 -26.607656 50.310547 139.604736 -25.366087 -53.385254 137.009155 -27.596817 -52.240112 129.700928 -56.289860 12.754272 139.604736 -25.378876 50.926636 139.604736 -25.378876 -53.379028 139.896606 -25.378876 50.926636 128.166504 -55.746887 14.782715 141.401367 -26.607656 50.310547 141.401367 -23.980696 -54.036499 138.339355 -26.705223 -52.712402 131.063843 -56.289860 12.754272 139.604736 -25.036528 51.091797 139.896606 -25.036528 51.091797 139.896606 -25.366087 -53.385254 128.999390 -55.746887 14.782715 140.888428 -25.378876 50.926636 131.462036 -56.289860 12.754272 143.848267 -27.622461 49.773804 139.896606 -25.378876 -53.379028 136.522583 -57.282860 7.866333 131.063843 -33.457825 -48.603149 129.700928 -55.746887 14.782715 140.888428 -25.036528 51.091797 138.339355 -27.463917 -52.311768 148.289795 -31.249165 47.635742 137.009155 -57.282860 7.866333 141.401367 -25.378876 50.926636 140.888428 -25.366087 -53.385254 131.063843 -55.746887 14.782715 143.848267 -27.396601 49.895508 138.339355 -57.282860 7.866333 140.888428 -25.378876 -53.379028 144.267334 -27.622461 49.773804 131.462036 -55.746887 14.782715 138.339355 -27.596817 -52.240112 133.870361 -56.289860 12.754272 141.401367 -25.036528 51.091797 134.151001 -56.289860 12.754272 131.462036 -33.457825 -48.603149 144.267334 -27.396601 49.895508 143.848267 -26.607656 50.310547 139.604736 -26.705223 -52.712402 128.166504 -54.285988 19.195190 144.267334 -26.607656 50.310547 141.401367 -25.366087 -53.385254 128.999390 -54.285988 19.195190 146.217407 -27.622461 49.773804 141.401367 -25.378876 -53.379028 133.870361 -55.746887 14.782715 146.363037 -27.622461 49.773804 139.896606 -26.705223 -52.712402 134.151001 -55.746887 14.782715 143.848267 -25.378876 50.926636 139.604736 -27.463917 -52.311768 129.700928 -54.285988 19.195190 146.217407 -27.396601 49.895508 136.522583 -56.289860 12.754272 139.604736 -27.596817 -52.240112 137.009155 -56.289860 12.754272 146.363037 -27.396601 49.895508 143.848267 -25.036528 51.091797 143.848267 -23.980696 -54.036499 131.063843 -54.285988 19.195190 139.896606 -27.463917 -52.311768 144.267334 -25.378876 50.926636 131.462036 -54.285988 19.195190 144.267334 -25.036528 51.091797 140.888428 -26.705223 -52.712402 138.339355 -56.289860 12.754272 146.217407 -26.607656 50.310547 136.522583 -55.746887 14.782715 137.009155 -55.746887 14.782715 146.363037 -26.607656 50.310547 128.166504 -37.201588 -45.723877 148.289795 -27.622461 49.773804 139.896606 -27.596817 -52.240112 139.604736 -56.289860 12.754272 139.896606 -56.289860 12.754272 140.888428 -55.746014 14.782471 148.289795 -27.396601 49.895508 144.267334 -23.980696 -54.036499 138.339355 -55.746887 14.782715 146.217407 -25.378876 50.926636 133.870361 -54.285988 19.195190 141.401367 -26.705223 -52.712402 146.363037 -25.378876 50.926636 146.217407 -25.036528 51.091797 128.999390 -37.201588 -45.723877 134.151001 -54.285988 19.195190 146.363037 -25.036528 51.091797 140.888428 -27.463917 -52.311768 148.289795 -26.607656 50.310547 133.870361 -33.457825 -48.603149 128.166504 -51.682343 25.097534 148.289795 -25.378876 50.926636 148.289795 -25.036528 51.091797 139.604736 -55.746887 14.782715 140.888428 -27.596817 -52.240112 139.896606 -55.746887 14.782715 134.151001 -33.457825 -48.603149 128.999390 -51.682343 25.097534 141.401367 -27.463917 -52.311768 143.848267 -25.366087 -53.385254 129.700928 -51.682343 25.097534 143.848267 -25.378876 -53.379028 128.166504 -50.735748 26.878662 141.401367 -27.596817 -52.240112 136.522583 -54.285988 19.195190 129.700928 -37.201588 -45.723877 137.009155 -54.285988 19.195190 144.267334 -25.366087 -53.385254 128.999390 -50.735748 26.878662 144.267334 -25.378876 -53.379028 131.063843 -51.682343 25.097534 146.217407 -23.980696 -54.036499 146.363037 -23.980696 -54.036499 131.462036 -51.682343 25.097534 131.063843 -37.201588 -45.723877 143.848267 -26.705223 -52.712402 129.700928 -50.735748 26.878662 138.339355 -54.285988 19.195190 131.462036 -37.201588 -45.723877 131.063843 -50.735748 26.878662 144.267334 -26.705223 -52.712402 139.604736 -54.285988 19.195190 136.522583 -33.457825 -48.603149 131.462036 -50.735748 26.878662 146.217407 -25.366087 -53.385254 128.166504 -48.943951 29.894409 146.217407 -25.378876 -53.379028 143.848267 -27.463917 -52.311768 139.896606 -54.285988 19.195190 133.870361 -51.682343 25.097534 146.363037 -25.366087 -53.385254 146.363037 -25.378876 -53.379028 134.151001 -51.682343 25.097534 143.848267 -27.596817 -52.240112 137.009155 -33.457825 -48.603149 128.999390 -48.943951 29.894409 140.888428 -54.285988 19.195190 144.267334 -27.463917 -52.311768 129.700928 -48.943951 29.894409 144.267334 -27.596817 -52.240112 141.401367 -54.285988 19.195190 143.848267 -50.735001 26.878296 133.870361 -50.735748 26.878662 146.217407 -26.705223 -52.712402 146.363037 -26.705223 -52.712402 134.151001 -50.735748 26.878662 138.339355 -33.457825 -48.603149 131.063843 -48.943951 29.894409 136.522583 -51.682343 25.097534 133.870361 -37.201588 -45.723877 148.289795 -25.366087 -53.385254 163.186035 -33.457825 -48.603149 131.462036 -48.943951 29.894409 148.289795 -25.378876 -53.379028 137.009155 -51.682343 25.097534 134.151001 -37.201588 -45.723877 146.217407 -27.463917 -52.311768 138.339355 -51.682343 25.097534 146.363037 -27.463917 -52.311768 136.522583 -50.735748 26.878662 146.217407 -27.596817 -52.240112 137.009155 -50.735748 26.878662 146.363037 -27.596817 -52.240112 133.870361 -48.943951 29.894409 139.604736 -33.457825 -48.603149 134.151001 -48.943951 29.894409 139.604736 -51.682343 25.097534 139.896606 -33.457825 -48.603149 128.166504 -42.500000 -40.694580 128.166504 -45.168312 35.158203 148.289795 -26.705223 -52.712402 139.896606 -51.682343 25.097534 140.888428 -33.457825 -48.603149 138.339355 -50.735748 26.878662 128.999390 -45.168312 35.158203 128.999390 -42.500000 -40.694580 140.888428 -51.682343 25.097534 148.289795 -27.463917 -52.311768 129.700928 -45.168312 35.158203 136.522583 -37.201588 -45.723877 148.289795 -27.596817 -52.240112 141.401367 -51.682343 25.097534 139.604736 -50.735748 26.878662 141.401367 -33.457825 -48.603149 139.896606 -50.735748 26.878662 129.700928 -42.500000 -40.694580 136.522583 -48.943951 29.894409 137.009155 -37.201588 -45.723877 137.009155 -48.943951 29.894409 131.063843 -42.500000 -40.694580 131.063843 -45.168312 35.158203 138.339355 -37.201588 -45.723877 140.888428 -50.735748 26.878662 131.462036 -42.500000 -40.694580 131.462036 -45.168312 35.158203 143.848267 -33.457825 -48.603149 141.401367 -50.735748 26.878662 138.339355 -48.943951 29.894409 144.267334 -33.457825 -48.603149 139.604736 -37.201588 -45.723877 128.166504 -42.500000 38.242188 139.896606 -37.201588 -45.723877 140.888428 -37.201588 -45.723877 128.999390 -42.500000 38.242188 139.604736 -48.943951 29.894409 133.870361 -42.500000 -40.694580 128.166504 -41.527569 39.264038 139.896606 -48.943951 29.894409 128.166504 -46.284351 -36.179810 129.700928 -42.500000 38.242188 134.151001 -42.500000 -40.694580 133.870361 -45.168312 35.158203 128.166504 -46.471359 -35.930786 141.401367 -37.201588 -45.723877 134.151001 -45.168312 35.158203 146.217407 -33.457825 -48.603149 128.999390 -41.527569 39.264038 146.363037 -33.457825 -48.603149 140.888428 -48.943951 29.894409 128.999390 -46.284351 -36.179810 131.063843 -42.500000 38.242188 128.999390 -46.471359 -35.930786 129.700928 -41.527569 39.264038 129.700928 -46.284351 -36.179810 141.401367 -48.943951 29.894409 129.700928 -46.471359 -35.930786 131.462036 -42.500000 38.242188 148.289795 -33.457825 -48.603149 136.522583 -42.500000 -40.694580 131.063843 -41.527569 39.264038 143.848267 -37.201588 -45.723877 136.522583 -45.168312 35.158203 131.063843 -46.284351 -36.179810 131.462036 -41.527569 39.264038 137.009155 -45.168312 35.158203 137.009155 -42.500000 -40.694580 144.267334 -37.201588 -45.723877 133.870361 -42.500000 38.242188 131.063843 -46.471359 -35.930786 134.151001 -42.500000 38.242188 131.462036 -46.284351 -36.179810 138.339355 -45.168312 35.158203 131.462036 -46.471359 -35.930786 133.870361 -41.527569 39.264038 138.339355 -42.500000 -40.694580 134.151001 -41.527569 39.264038 146.217407 -37.201588 -45.723877 146.363037 -37.201588 -45.723877 139.604736 -45.168312 35.158203 139.604736 -42.500000 -40.694580 133.870361 -46.284351 -36.179810 128.166504 -36.838333 43.572632 139.896606 -45.168312 35.158203 134.151001 -46.284351 -36.179810 136.522583 -42.500000 38.242188 139.896606 -42.500000 -40.694580 133.870361 -46.471359 -35.930786 128.999390 -36.838333 43.572632 140.888428 -45.168312 35.158203 134.151001 -46.471359 -35.930786 128.166504 -49.999680 -30.620605 137.009155 -42.500000 38.242188 140.888428 -42.500000 -40.694580 148.289795 -37.201588 -45.723877 148.289795 -42.500000 -40.694580 129.700928 -36.838333 43.572632 141.401367 -45.168312 35.158203 128.999390 -49.999680 -30.620605 141.401367 -42.500000 -40.694580 136.522583 -41.527569 39.264038 138.339355 -42.500000 38.242188 129.700928 -49.999680 -30.620605 137.009155 -41.527569 39.264038 136.522583 -46.284351 -36.179810 131.063843 -36.838333 43.572632 136.522583 -46.471359 -35.930786 131.462036 -36.838333 43.572632 137.009155 -46.284351 -36.179810 137.009155 -46.471359 -35.930786 139.604736 -42.500000 38.242188 131.063843 -49.999680 -30.620605 128.166504 -33.819839 45.892944 131.462036 -49.999680 -30.620605 143.848267 -42.500000 -40.694580 138.339355 -41.527569 39.264038 138.339355 -46.284351 -36.179810 143.848267 -45.168312 35.158203 139.896606 -42.500000 38.242188 144.267334 -42.500000 -40.694580 138.339355 -46.471359 -35.930786 128.166504 -33.457825 46.150757 144.267334 -45.168312 35.158203 148.289795 -42.500000 38.242188 139.604736 -46.284351 -36.179810 128.999390 -33.819839 45.892944 128.166504 -52.480484 -25.920288 140.888428 -42.500000 38.242188 139.896606 -46.284351 -36.179810 139.604736 -46.471359 -35.930786 128.999390 -33.457825 46.150757 139.604736 -41.527569 39.264038 139.896606 -46.471359 -35.930786 129.700928 -33.819839 45.892944 133.870361 -49.999680 -30.620605 146.217407 -42.500000 -40.694580 139.896606 -41.527569 39.264038 146.363037 -42.500000 -40.694580 141.401367 -42.500000 38.242188 133.870361 -36.838333 43.572632 134.151001 -49.999680 -30.620605 128.999390 -52.480484 -25.920288 140.888428 -46.284351 -36.179810 129.700928 -33.457825 46.150757 140.888428 -46.471359 -35.930786 129.700928 -52.480484 -25.920288 134.151001 -36.838333 43.572632 140.888428 -41.527569 39.264038 141.401367 -46.284351 -36.179810 141.401367 -46.471359 -35.930786 131.063843 -33.819839 45.892944 131.063843 -52.480484 -25.920288 136.522583 -49.999680 -30.620605 128.166504 -31.249165 47.635742 131.462036 -52.480484 -25.920288 137.009155 -49.999680 -30.620605 131.462036 -33.819839 45.892944 143.848267 -46.284351 -36.179810 131.063843 -33.457825 46.150757 143.848267 -46.471359 -35.930786 131.462036 -33.457825 46.150757 144.267334 -46.284351 -36.179810 128.999390 -31.249165 47.635742 144.267334 -46.471359 -35.930786 146.217407 -46.471157 -35.930664 144.267334 -49.999092 -30.620239 138.339355 -49.999680 -30.620605 143.848267 -42.500000 38.242188 136.522583 -36.838333 43.572632 133.870361 -52.480484 -25.920288 134.151001 -52.480484 -25.920288 144.267334 -42.500000 38.242188 139.604736 -49.999680 -30.620605 129.700928 -31.249165 47.635742 137.009155 -36.838333 43.572632 128.166504 -54.899673 -19.935181 146.217407 -46.284351 -36.179810 139.896606 -49.999680 -30.620605 133.870361 -33.819839 45.892944 128.999390 -54.899673 -19.935181 134.151001 -33.819839 45.892944 140.888428 -49.999680 -30.620605 129.700928 -54.899673 -19.935181 131.063843 -31.249165 47.635742 141.401367 -49.999680 -30.620605 136.522583 -52.480484 -25.920288 133.870361 -33.457825 46.150757 137.009155 -52.480484 -25.920288 131.063843 -54.899673 -19.935181 131.462036 -31.249165 47.635742 131.462036 -54.899673 -19.935181 134.151001 -33.457825 46.150757 138.339355 -52.480484 -25.920288 146.217407 -42.500000 38.242188 146.363037 -42.500000 38.242188 128.166504 -27.622461 49.773804 143.848267 -49.999680 -30.620605 128.999390 -27.622454 49.773804 128.166504 -27.596817 49.787720 139.604736 -52.480484 -25.920288 133.870361 -54.899673 -19.935181 134.151001 -54.899673 -19.935181 136.522583 -33.819839 45.892944 137.009155 -33.819839 45.892944 129.700928 -27.622461 49.773804 129.701050 -27.604111 49.783813 131.063843 -27.622461 49.773804 131.239990 -27.435669 49.874634 8.499390 85.207100 -37.226196 1.499390 83.483749 -41.059814 1.499390 87.836494 -30.226196 1.499390 81.728233 -44.547607 8.499390 76.500000 -53.226196 1.499390 72.915535 -58.143433 1.499390 77.590172 -51.585083 1.499390 59.703472 -71.878540 1.499390 65.683769 -66.355957 1.499390 45.480042 -81.773193 1.499390 50.843430 -78.499756 1.499390 29.512352 -88.891846 1.499390 35.448959 -86.664062 1.499390 12.326017 -92.901245 1.499390 17.687757 -92.019287 1.499390 -4.948202 -93.593750 1.499390 0.000000 -93.726196 1.499390 -11.652033 -92.989380 1.499390 -23.494394 -90.692749 1.499390 -41.253460 -84.017456 1.499390 -57.437569 -73.732544 1.499390 -70.016640 -61.673828 8.499390 -76.500000 -53.226196 1.499390 -80.670334 -46.487061 1.499390 -87.836494 -30.226196 8.499390 -85.207100 -37.226196 1.499390 93.000000 -30.226196 1.499390 93.000000 27.773804 1.499390 -93.000000 27.773804 1.499390 -93.000000 -30.226196 147.499390 52.000000 42.773804 172.464111 -32.500000 42.773804 172.464111 -32.500000 -45.226196 147.499390 52.000000 -45.226196 135.326904 48.000000 -21.374634 147.499390 48.000000 -25.226196 142.338013 48.000000 -13.341919 145.305298 48.000000 -7.630981 147.499390 48.000000 22.773804 145.136963 48.000000 5.626587 142.898682 48.000000 10.026611 139.520142 48.000000 14.565796 131.235107 48.000000 22.506348 188.836304 48.000000 -6.660645 146.386475 48.000000 -2.976562 191.242310 48.000000 -16.518555 188.790283 48.000000 3.824585 146.290283 48.000000 1.309814 191.177368 48.000000 13.889771 195.621216 48.000000 -25.226196 195.621216 48.000000 22.773804 164.115479 -32.500000 45.812500 164.115479 -32.500000 -48.264893 195.621216 52.000000 -25.226196 191.177368 52.000000 -16.342163 188.790283 52.000000 -6.276978 188.836304 52.000000 4.208252 191.242310 52.000000 14.066162 195.621216 52.000000 22.773804 147.499390 52.000000 -25.226196 147.499390 52.000000 22.773804 73.127319 -1.825449 53.761597 73.127319 3.465541 53.761597 72.386353 -1.825449 54.134766 80.446411 -9.350631 51.527588 79.352417 -8.296765 51.709473 79.352417 -9.350631 51.709473 80.446411 -8.296765 51.527588 67.814941 -8.296765 57.219604 67.510132 -2.838593 57.482788 67.510132 -8.296765 57.482788 70.741943 10.927981 55.078491 70.741943 15.966775 55.078491 69.387573 10.927981 55.988525 67.814941 -2.838593 57.219604 71.353394 15.966775 54.708130 69.387573 9.974184 55.988525 80.446411 21.192982 51.527588 81.010986 23.809704 51.453003 80.446411 23.809704 51.527588 76.167236 -13.832350 52.532349 75.289551 -9.350631 52.840088 75.289551 -13.832350 52.840088 76.167236 -9.350631 52.532349 79.352417 21.192982 51.709473 76.167236 16.791578 52.532349 75.289551 16.791578 52.840088 75.289551 15.966775 52.840088 75.289551 20.934101 52.840088 76.167236 20.934101 52.532349 72.386353 -2.838593 54.134766 71.353394 -2.838593 54.708130 79.352417 4.468972 51.709473 78.726929 9.974184 51.836060 78.726929 4.468972 51.836060 75.289551 -14.799910 52.840088 74.391846 -13.832350 53.193604 74.391846 -14.799910 53.193604 80.446411 20.934101 51.527588 81.010986 -9.350631 51.453003 81.010986 -8.296765 51.453003 79.352417 9.974184 51.709473 79.352417 20.934101 51.709473 78.726929 3.465541 51.836060 77.769409 4.468972 52.062500 77.769409 3.465541 52.062500 81.010986 21.192982 51.453003 82.057617 23.809704 51.349365 82.057617 -8.296765 51.349365 81.010986 -2.838593 51.453003 82.057617 -2.838593 51.349365 76.747314 16.791578 52.348755 73.718384 -1.825449 53.485596 74.391846 3.465541 53.193604 73.718384 3.465541 53.485596 76.747314 20.934101 52.348755 73.127319 -17.608280 53.761597 73.718384 -14.799910 53.485596 73.127319 -14.799910 53.761597 72.386353 -17.608280 54.134766 68.230591 -8.296765 56.874146 76.747314 -13.832350 52.348755 71.353394 10.927981 54.708130 72.386353 15.966775 54.134766 68.230591 -2.838593 56.874146 68.918701 -2.838593 56.334595 76.747314 -9.350631 52.348755 67.510132 -9.350631 57.482788 66.771851 -8.296765 58.157104 66.771851 -9.350631 58.157104 66.292358 4.468972 58.625488 72.386353 -18.571098 54.134766 71.353394 -18.571098 54.708130 76.167236 -14.799910 52.532349 81.010986 20.934101 51.453003 76.167236 15.966775 52.532349 73.127319 -2.838593 53.761597 67.814941 -9.350631 57.219604 70.741943 9.974184 55.078491 73.718384 -17.608280 53.485596 79.352417 3.465541 51.709473 80.446411 4.468972 51.527588 80.446411 9.974184 51.527588 73.127319 -18.571098 53.761597 66.771851 4.468972 58.157104 82.057617 -9.350631 51.349365 74.391846 -1.825449 53.193604 66.771851 9.974184 58.157104 76.747314 15.966775 52.348755 75.289551 3.465541 52.840088 76.747314 -14.799910 52.348755 77.769409 -13.832350 52.062500 71.353394 9.974184 54.708130 77.769409 -9.350631 52.062500 82.057617 21.192982 51.349365 68.918701 -8.296765 56.334595 73.718384 -2.838593 53.485596 71.353394 -20.829561 54.708130 70.741943 -18.571098 55.078491 77.769409 16.791578 52.062500 77.769409 20.934101 52.062500 68.230591 -9.350631 56.874146 66.292358 3.465541 58.625488 72.386353 10.927981 54.134766 73.127319 15.966775 53.761597 74.391846 -17.608280 53.193604 81.010986 4.468972 51.453003 81.010986 9.974184 51.453003 73.718384 -18.571098 53.485596 69.387573 -8.296765 55.988525 69.387573 -2.838593 55.988525 82.057617 20.934101 51.349365 77.769409 -14.799910 52.062500 66.771851 3.465541 58.157104 78.726929 -13.832350 51.836060 75.289551 -1.825449 52.840088 67.510132 4.468972 57.482788 78.726929 -9.350631 51.836060 67.510132 9.974184 57.482788 76.167236 3.465541 52.532349 75.289551 -17.608280 52.840088 80.446411 3.465541 51.527588 77.769409 15.966775 52.062500 73.127319 10.927981 53.761597 74.391846 -2.838593 53.193604 74.391846 -18.571098 53.193604 73.718384 15.966775 53.485596 72.386353 -20.829561 54.134766 68.918701 -9.350631 56.334595 78.726929 16.791578 51.836060 78.726929 20.934101 51.836060 81.010986 3.465541 51.453003 72.386353 9.974184 54.134766 82.057617 4.468972 51.349365 79.352417 -13.832350 51.709473 82.057617 9.974184 51.349365 78.726929 -14.799910 51.836060 69.387573 -9.350631 55.988525 67.814941 4.468972 57.219604 67.814941 9.974184 57.219604 76.167236 -1.825449 52.532349 76.747314 3.465541 52.348755 73.127319 -20.829561 53.761597 72.386353 -21.658457 54.134766 73.718384 10.927981 53.485596 74.391846 15.966775 53.193604 76.167236 -17.608280 52.532349 79.352417 16.791578 51.709473 75.289551 -2.838593 52.840088 75.289551 -18.571098 52.840088 68.230591 4.468972 56.874146 68.230591 9.974184 56.874146 79.352417 -14.799910 51.709473 67.510132 3.465541 57.482788 70.741943 -8.296765 55.078491 76.747314 -17.608280 52.348755 70.741943 -2.838593 55.078491 78.726929 15.966775 51.836060 80.446411 -13.832350 51.527588 76.747314 -1.825449 52.348755 73.127319 9.974184 53.761597 73.718384 -20.829561 53.485596 82.057617 3.465541 51.349365 67.814941 3.465541 57.219604 73.127319 -21.658457 53.761597 76.167236 -2.838593 52.532349 74.391846 10.927981 53.193604 76.167236 -18.571098 52.532349 79.352417 15.966775 51.709473 81.010986 -13.832350 51.453003 71.353394 -8.296765 54.708130 68.918701 4.468972 56.334595 68.918701 9.974184 56.334595 74.391846 -20.829561 53.193604 73.718384 -21.658457 53.485596 73.718384 9.974184 53.485596 70.741943 -9.350631 55.078491 71.353394 21.192982 54.708130 68.230591 3.465541 56.874146 76.747314 -18.571098 52.348755 73.718384 23.809704 53.485596 76.747314 -2.838593 52.348755 80.446411 16.791578 51.527588 80.446411 -14.799910 51.527588 77.769409 -1.825449 52.062500 69.387573 4.468972 55.988525 71.353394 20.934101 54.708130 77.769409 -17.608280 52.062500 74.391846 24.074642 53.193604 73.127319 -22.848816 53.761597 75.289551 10.927981 52.840088 81.010986 -14.799910 51.453003 71.353394 -9.350631 54.708130 74.391846 -21.658457 53.193604 74.391846 23.809704 53.193604 74.391846 9.974184 53.193604 81.010986 16.791578 51.453003 82.057617 -13.832350 51.349365 72.386353 21.192982 54.134766 75.289551 -20.829561 52.840088 68.918701 3.465541 56.334595 72.386353 -8.296765 54.134766 72.386353 20.934101 54.134766 67.814941 -13.832350 57.219604 80.446411 15.966775 51.527588 77.769409 -18.571098 52.062500 78.726929 -17.608280 51.836060 75.289551 24.074642 52.840088 78.726929 -1.825449 51.836060 73.718384 -22.848816 53.485596 69.387573 3.465541 55.988525 68.918701 16.791578 56.334595 77.769409 -2.838593 52.062500 81.010986 15.966775 51.453003 75.289551 -21.658457 52.840088 76.167236 10.927981 52.532349 75.289551 23.809704 52.840088 76.167236 -20.829561 52.532349 68.230591 -13.832350 56.874146 75.289551 9.974184 52.840088 82.057617 -14.799910 51.349365 82.057617 16.791578 51.349365 73.127319 21.192982 53.761597 79.352417 -17.608280 51.709473 70.741943 4.468972 55.078491 69.387573 16.791578 55.988525 73.127319 -8.296765 53.761597 73.127319 20.934101 53.761597 73.718384 -23.568762 53.485596 79.352417 -1.825449 51.709473 74.391846 -22.848816 53.193604 68.918701 15.966775 56.334595 76.747314 10.927981 52.348755 78.726929 -18.571098 51.836060 72.386353 -9.350631 54.134766 76.167236 9.974184 52.532349 76.167236 24.074642 52.532349 76.747314 -20.829561 52.348755 77.769409 25.640324 52.062500 78.726929 -2.838593 51.836060 82.057617 15.966775 51.349365 76.167236 23.809704 52.532349 76.167236 -21.658457 52.532349 66.292358 -1.825449 58.625488 74.391846 -23.568762 53.193604 68.918701 -13.832350 56.334595 73.718384 21.192982 53.485596 79.352417 -18.571098 51.709473 75.289551 -22.848816 52.840088 71.353394 4.468972 54.708130 80.446411 -17.608280 51.527588 73.718384 20.934101 53.485596 73.718384 -8.296765 53.485596 68.230591 -14.799910 56.874146 70.741943 3.465541 55.078491 76.747314 -21.658457 52.348755 69.387573 15.966775 55.988525 76.747314 24.074642 52.348755 76.747314 9.974184 52.348755 77.769409 -20.829561 52.062500 73.127319 -9.350631 53.761597 77.769409 10.927981 52.062500 81.010986 -17.608280 51.453003 76.747314 23.809704 52.348755 79.352417 -2.838593 51.709473 66.771851 -1.825449 58.157104 75.289551 -23.568762 52.840088 80.446411 -1.825449 51.527588 74.391846 21.192982 53.193604 66.292358 -2.838593 58.625488 76.167236 -22.848816 52.532349 69.387573 -13.832350 55.988525 80.446411 -18.571098 51.527588 78.726929 25.640324 51.836060 71.353394 3.465541 54.708130 72.386353 4.468972 54.134766 77.769409 -21.658457 52.062500 76.747314 -22.848816 52.348755 74.391846 -8.296765 53.193604 74.391846 20.934101 53.193604 70.741943 16.791578 55.078491 77.769409 9.974184 52.062500 78.726929 -20.829561 51.836060 68.918701 -14.799910 56.334595 78.726929 10.927981 51.836060 77.769409 24.074642 52.062500 81.010986 -18.571098 51.453003 76.167236 -23.568762 52.532349 67.510132 -1.825449 57.482788 82.057617 -17.608280 51.349365 79.352417 25.640324 51.709473 77.769409 23.809704 52.062500 73.718384 -9.350631 53.485596 75.289551 -24.584629 52.840088 66.771851 -2.838593 58.157104 81.010986 -1.825449 51.453003 75.289551 21.192982 52.840088 67.814941 -1.825449 57.219604 80.446411 -2.838593 51.527588 79.352417 -20.829561 51.709473 76.747314 -23.568762 52.348755 69.387573 -14.799910 55.988525 71.353394 16.791578 54.708130 78.726929 -21.658457 51.836060 73.127319 4.468972 53.761597 75.289551 -8.296765 52.840088 77.769409 -22.848816 52.062500 79.352417 10.927981 51.709473 74.391846 -9.350631 53.193604 76.167236 -24.584629 52.532349 72.386353 3.465541 54.134766 82.057617 -18.571098 51.349365 78.726929 24.074642 51.836060 79.352417 -21.658457 51.709473 80.446411 25.640324 51.527588 76.167236 -25.167002 52.532349 68.230591 -1.825449 56.874146 82.057617 -1.825449 51.349365 76.747314 -24.584629 52.348755 80.446411 -20.829561 51.527588 76.167236 21.192982 52.532349 70.741943 -13.832350 55.078491 73.718384 4.468972 53.485596 78.726929 23.809704 51.836060 77.769409 -23.568762 52.062500 76.167236 -8.296765 52.532349 78.726929 -22.848816 51.836060 76.747314 -25.167002 52.348755 81.010986 -20.829561 51.453003 67.510132 10.927981 57.482788 80.446411 -21.658457 51.527588 72.386353 16.791578 54.134766 80.446411 10.927981 51.527588 79.352417 -22.848816 51.709473 74.391846 4.468972 53.193604 71.353394 -13.832350 54.708130 79.352417 24.074642 51.709473 78.726929 -23.568762 51.836060 81.010986 25.640324 51.453003 77.769409 -24.584629 52.062500 70.741943 -14.799910 55.078491 76.747314 21.192982 52.348755 68.918701 -1.825449 56.334595 81.010986 -21.658457 51.453003 77.769409 -25.167002 52.062500 76.747314 -8.296765 52.348755 79.352417 23.809704 51.709473 67.814941 10.927981 57.219604 79.352417 -23.568762 51.709473 82.057617 -20.829561 51.349365 81.010986 10.927981 51.453003 73.127319 16.791578 53.761597 78.726929 -24.584629 51.836060 71.353394 -14.799910 54.708130 69.387573 -1.825449 55.988525 80.446411 -22.848816 51.527588 82.057617 -21.658457 51.349365 72.386353 -13.832350 54.134766 78.726929 -25.167002 51.836060 75.289551 4.468972 52.840088 81.010986 -22.848816 51.453003 68.230591 10.927981 56.874146 79.352417 -24.584629 51.709473 77.769409 -8.296765 52.062500 80.446411 24.074642 51.527588 80.446411 -23.568762 51.527588 79.352417 -25.167002 51.709473 69.387573 -17.608280 55.988525 82.057617 25.640324 51.349365 81.010986 -23.568762 51.453003 82.057617 10.927981 51.349365 77.769409 21.192982 52.062500 82.057617 -22.848816 51.349365 80.446411 -24.584629 51.527588 73.127319 -13.832350 53.761597 76.167236 4.468972 52.532349 81.010986 -24.584629 51.453003 80.446411 -25.167002 51.527588 72.386353 -14.799910 54.134766 73.718384 16.791578 53.485596 78.726929 -8.296765 51.836060 79.352417 -26.287361 51.709473 82.057617 -23.568762 51.349365 81.010986 -25.167002 51.453003 70.741943 -1.825449 55.078491 82.057617 -24.584629 51.349365 81.010986 24.074642 51.453003 80.446411 -26.287361 51.527588 73.718384 -13.832350 53.485596 76.747314 4.468972 52.348755 82.057617 -25.167002 51.349365 68.918701 10.927981 56.334595 81.010986 -26.287361 51.453003 82.057617 -26.287361 51.349365 74.391846 16.791578 53.193604 70.741943 -17.608280 55.078491 71.353394 -1.825449 54.708130 78.726929 21.192982 51.836060 71.353394 -17.608280 54.708130 82.057617 24.074642 51.349365 78.672119 14.799910 -54.300415 78.672119 17.608280 -54.300415 79.352417 17.608280 -54.161865 69.387573 4.616893 -58.440918 68.918701 8.296765 -58.786987 69.387573 8.296765 -58.440918 75.895264 17.608280 -55.076172 75.895264 18.571098 -55.076172 76.747314 17.608280 -54.801147 70.715332 4.616893 -57.547607 70.715332 4.086407 -57.547607 70.715332 8.296765 -57.547607 75.289551 18.571098 -55.292480 82.057617 -9.113926 -53.801758 82.057617 0.000000 -53.801758 79.352417 13.832350 -54.161865 80.446411 14.799910 -53.979980 80.446411 13.832350 -53.979980 79.352417 14.799910 -54.161865 72.386353 20.829561 -56.587158 72.386353 21.658457 -56.587158 73.219116 20.829561 -56.169922 74.391846 18.571098 -55.645996 74.391846 20.829561 -55.645996 66.464966 8.296765 -60.906494 67.510132 9.350631 -59.935181 67.510132 8.296765 -59.935181 73.219116 0.000000 -56.169922 73.219116 4.086407 -56.169922 74.391846 0.000000 -55.645996 75.289551 17.608280 -55.292480 72.386353 4.086407 -56.587158 69.387573 4.086407 -58.440918 77.769409 14.799910 -54.514893 77.769409 17.608280 -54.514893 68.918701 4.616893 -58.786987 78.672119 13.832350 -54.300415 68.918701 4.086407 -58.786987 72.386353 0.000000 -56.587158 71.353394 4.086407 -57.160522 74.391846 17.608280 -55.645996 71.353394 20.829561 -57.160522 80.913086 -9.113926 -53.917480 80.913086 0.000000 -53.917480 77.769409 13.832350 -54.514893 73.219116 18.571098 -56.169922 68.256348 4.616893 -59.305664 68.256348 8.296765 -59.305664 76.747314 14.799910 -54.801147 67.814941 8.296765 -59.671997 80.446411 -9.113926 -53.979980 82.057617 9.350631 -53.801758 82.057617 13.832350 -53.801758 80.446411 0.000000 -53.979980 68.256348 4.086407 -59.305664 67.814941 4.616893 -59.671997 75.895264 14.799910 -55.076172 72.386353 18.571098 -56.587158 71.353394 0.000000 -57.160522 82.057617 25.905176 -53.801758 67.510132 4.616893 -59.935181 73.219116 17.608280 -56.169922 76.747314 13.832350 -54.801147 67.814941 4.086407 -59.671997 79.352417 -9.113926 -54.161865 82.057617 8.296765 -53.801758 80.913086 9.350631 -53.917480 79.352417 0.000000 -54.161865 67.510132 4.086407 -59.935181 80.913086 13.832350 -53.917480 70.715332 0.000000 -57.547607 82.057617 25.167002 -53.801758 75.289551 14.799910 -55.292480 80.913086 25.905176 -53.917480 78.672119 -9.113926 -54.300415 80.446411 9.350631 -53.979980 78.672119 0.000000 -54.300415 66.464966 4.616893 -60.906494 75.895264 13.832350 -55.076172 66.464966 4.086407 -60.906494 82.057617 24.584629 -53.801758 80.446411 25.905176 -53.979980 72.386353 17.608280 -56.587158 77.769409 -9.113926 -54.514893 77.769409 0.000000 -54.514893 71.353394 18.571098 -57.160522 80.913086 25.167002 -53.917480 80.913086 8.296765 -53.917480 69.387573 0.000000 -58.440918 74.391846 14.799910 -55.645996 68.918701 0.000000 -58.786987 75.289551 13.832350 -55.292480 82.057617 23.568762 -53.801758 80.446411 8.296765 -53.979980 76.747314 -9.113926 -54.801147 76.747314 0.000000 -54.801147 80.446411 25.167002 -53.979980 68.256348 0.000000 -59.305664 80.913086 24.584629 -53.917480 79.352417 9.350631 -54.161865 79.352417 25.905176 -54.161865 75.895264 -9.113926 -55.076172 75.895264 0.000000 -55.076172 70.715332 18.571098 -57.547607 80.446411 24.584629 -53.979980 67.814941 0.000000 -59.671997 71.353394 17.608280 -57.160522 67.510132 0.000000 -59.935181 74.391846 13.832350 -55.645996 82.057617 22.848816 -53.801758 82.057617 -16.033998 -53.801758 78.672119 9.350631 -54.300415 78.672119 25.905176 -54.300415 73.219116 14.799910 -56.169922 75.289551 -9.113926 -55.292480 75.289551 0.000000 -55.292480 79.352417 25.167002 -54.161865 70.715332 17.608280 -57.547607 80.913086 23.568762 -53.917480 74.391846 -9.113926 -55.645996 79.352417 8.296765 -54.161865 80.913086 -16.033998 -53.917480 77.769409 9.350631 -54.514893 80.446411 23.568762 -53.979980 79.352417 24.584629 -54.161865 66.464966 0.000000 -60.906494 78.672119 25.167002 -54.300415 78.672119 8.296765 -54.300415 80.446411 -16.033998 -53.979980 72.386353 14.799910 -56.587158 73.219116 13.832350 -56.169922 80.913086 22.848816 -53.917480 73.219116 -9.113926 -56.169922 82.057617 21.658457 -53.801758 65.833496 0.000000 -61.550659 82.057617 4.616893 -53.801758 82.057617 4.086407 -53.801758 77.769409 25.905176 -54.514893 69.387573 17.608280 -58.440918 79.352417 -16.033998 -54.161865 80.446411 22.848816 -53.979980 77.769409 8.296765 -54.514893 72.386353 -9.113926 -56.587158 78.672119 24.584629 -54.300415 76.747314 9.350631 -54.801147 78.672119 -16.033998 -54.300415 72.386353 13.832350 -56.587158 71.353394 -9.113926 -57.160522 71.353394 14.799910 -57.160522 82.057617 20.829561 -53.801758 77.769409 -16.033998 -54.514893 80.913086 4.616893 -53.917480 79.352417 23.568762 -54.161865 77.769409 25.167002 -54.514893 82.057617 -20.791061 -53.801758 75.895264 9.350631 -55.076172 80.913086 21.658457 -53.917480 70.715332 -9.113926 -57.547607 80.446411 4.616893 -53.979980 77.769409 24.584629 -54.514893 76.747314 -16.033998 -54.801147 78.672119 23.568762 -54.300415 80.913086 4.086407 -53.917480 80.913086 -20.791061 -53.917480 76.747314 8.296765 -54.801147 79.352417 22.848816 -54.161865 70.715332 14.799910 -57.547607 75.895264 -16.033998 -55.076172 80.446411 21.658457 -53.979980 76.747314 25.167002 -54.801147 71.353394 13.832350 -57.160522 80.446411 -20.791061 -53.979980 80.446411 4.086407 -53.979980 75.289551 9.350631 -55.292480 69.387573 -9.113926 -58.440918 80.913086 20.829561 -53.917480 75.289551 -16.033998 -55.292480 78.672119 22.848816 -54.300415 77.769409 23.568762 -54.514893 75.895264 8.296765 -55.076172 68.918701 -9.113926 -58.786987 79.352417 4.616893 -54.161865 79.352417 -20.791061 -54.161865 70.715332 13.832350 -57.547607 80.446411 20.829561 -53.979980 76.747314 24.584629 -54.801147 82.057617 -23.651169 -53.801758 74.391846 9.350631 -55.645996 79.352417 21.658457 -54.161865 74.391846 -16.033998 -55.645996 75.895264 25.167002 -55.076172 68.256348 -9.113926 -59.305664 75.289551 8.296765 -55.292480 79.352417 4.086407 -54.161865 78.672119 -20.791061 -54.300415 69.387573 14.799910 -58.440918 82.057617 18.571098 -53.801758 67.814941 -9.113926 -59.671997 78.672119 4.616893 -54.300415 77.769409 22.848816 -54.514893 80.913086 -23.651169 -53.917480 75.895264 24.584629 -55.076172 78.672119 4.086407 -54.300415 67.510132 -9.113926 -59.935181 68.918701 14.799910 -58.786987 78.672119 21.658457 -54.300415 74.391846 8.296765 -55.645996 77.769409 -20.791061 -54.514893 76.747314 23.568762 -54.801147 69.387573 13.832350 -58.440918 73.219116 -16.033998 -56.169922 80.446411 -23.651169 -53.979980 77.769409 4.616893 -54.514893 79.352417 20.829561 -54.161865 75.289551 24.584629 -55.292480 73.219116 9.350631 -56.169922 82.057617 -25.503286 -53.801758 82.057617 17.608280 -53.801758 72.386353 -16.033998 -56.587158 76.747314 -20.791061 -54.801147 68.256348 14.799910 -59.305664 76.747314 22.848816 -54.801147 79.352417 -23.651169 -54.161865 77.769409 4.086407 -54.514893 80.913086 18.571098 -53.917480 66.464966 -9.113926 -60.906494 68.918701 13.832350 -58.786987 80.913086 -25.503286 -53.917480 78.672119 20.829561 -54.300415 78.672119 -23.651169 -54.300415 72.386353 9.350631 -56.587158 77.769409 21.658457 -54.514893 76.747314 4.616893 -54.801147 75.895264 -20.791061 -55.076172 75.895264 23.568762 -55.076172 80.446411 -25.503286 -53.979980 71.353394 -16.033998 -57.160522 73.219116 8.296765 -56.169922 80.446411 18.571098 -53.979980 75.289551 23.568762 -55.292480 75.289551 -20.791061 -55.292480 80.913086 -26.779289 -53.917480 75.895264 22.848816 -55.076172 77.769409 20.829561 -54.514893 68.256348 13.832350 -59.305664 77.769409 -23.651169 -54.514893 76.747314 4.086407 -54.801147 80.913086 17.608280 -53.917480 70.715332 -16.033998 -57.547607 79.352417 -25.503286 -54.161865 75.895264 4.616893 -55.076172 74.391846 -20.791061 -55.645996 76.747314 21.658457 -54.801147 67.814941 13.832350 -59.671997 78.672119 -25.503286 -54.300415 76.747314 -23.651169 -54.801147 72.386353 8.296765 -56.587158 69.387573 -16.033998 -58.440918 80.446411 17.608280 -53.979980 75.289551 22.848816 -55.292480 77.769409 -25.503286 -54.514893 71.353394 9.350631 -57.160522 79.352417 18.571098 -54.161865 73.219116 -20.791061 -56.169922 75.895264 4.086407 -55.076172 75.289551 4.616893 -55.292480 74.391846 23.568762 -55.645996 75.895264 -23.651169 -55.076172 68.918701 -16.033998 -58.786987 70.715332 9.350631 -57.547607 76.747314 20.829561 -54.801147 75.289551 -23.651169 -55.292480 75.895264 21.658457 -55.076172 72.386353 -20.791061 -56.587158 76.747314 -25.503286 -54.801147 78.672119 18.571098 -54.300415 74.391846 -23.651169 -55.645996 75.289551 4.086407 -55.292480 74.391846 22.848816 -55.645996 71.353394 -20.791061 -57.160522 71.353394 8.296765 -57.160522 74.391846 4.616893 -55.645996 82.057617 14.799910 -53.801758 75.289551 21.658457 -55.292480 75.895264 20.829561 -55.076172 73.219116 23.568762 -56.169922 74.391846 4.086407 -55.645996 69.387573 9.350631 -58.440918 77.769409 18.571098 -54.514893 73.219116 4.616893 -56.169922 75.289551 20.829561 -55.292480 68.918701 9.350631 -58.786987 74.391846 21.658457 -55.645996 73.219116 22.848816 -56.169922 80.913086 14.799910 -53.917480 72.386353 4.616893 -56.587158 68.256348 9.350631 -59.305664 76.747314 18.571098 -54.801147 67.814941 9.350631 -59.671997 73.219116 21.658457 -56.169922 71.353394 4.616893 -57.160522 318.764404 -46.471161 33.520752 320.210815 -42.500000 29.688354 316.408325 -42.500000 38.877441 218.189941 -49.999092 -93.118774 218.189941 -50.735001 -93.118774 214.611450 -49.999092 -92.489624 320.208130 -46.471161 29.696045 214.611450 -46.471161 -92.489624 318.764404 -49.999092 33.520752 316.409790 -50.735001 38.874146 318.764404 -54.898911 33.520752 318.764404 -50.735001 33.520752 316.409790 -54.898911 38.874146 218.189941 -46.471161 -93.118774 218.192383 -42.500000 -93.119141 230.175781 -57.831329 -94.197144 230.175781 -60.500000 -94.197144 218.189941 -57.831329 -93.118774 316.409790 -49.999092 38.874146 230.175781 -57.552059 -94.197144 218.189941 -57.552059 -93.118774 312.171387 -57.831329 46.746460 309.907349 -60.500000 50.319946 316.409790 -57.831329 38.874146 230.175781 -55.746014 -94.197144 218.189941 -55.746014 -93.118774 312.171387 -57.552059 46.746460 316.409790 -57.552059 38.874146 232.499390 -57.831329 -94.226196 312.171387 -55.746014 46.746460 316.409790 -55.746014 38.874146 232.499390 -60.500000 -94.226196 316.409790 -46.471161 38.874146 232.499390 -57.552059 -94.226196 230.175781 -54.898911 -94.197144 218.189941 -54.898911 -93.118774 312.171387 -54.898911 46.746460 232.499390 -55.746014 -94.226196 309.907349 -57.831329 50.319946 232.499390 -54.898911 -94.226196 309.907349 -57.552059 50.319946 230.175781 -50.735001 -94.197144 237.088135 -57.831329 -94.112915 309.907349 -55.746014 50.319946 248.730957 -60.500000 -92.798828 309.907349 -54.898911 50.319946 230.175781 -49.999092 -94.197144 312.171387 -50.735001 46.746460 237.088135 -57.552059 -94.112915 139.499390 -60.500000 -1.226196 141.235962 -60.500000 16.661743 232.499390 -50.735001 -94.226196 312.171387 -49.999092 46.746460 307.334961 -57.831329 53.988281 237.088135 -55.746014 -94.112915 232.499390 -49.999092 -94.226196 307.334961 -57.552059 53.988281 237.088135 -54.898911 -94.112915 307.334961 -55.746014 53.988281 230.175781 -46.471161 -94.197144 237.091187 -42.500000 -94.112793 309.907349 -50.735001 50.319946 232.499390 -46.471161 -94.226196 237.088135 -50.735001 -94.112915 307.334961 -54.898911 53.988281 312.171387 -46.471161 46.746460 237.088135 -49.999092 -94.112915 312.170410 -42.500000 46.748047 309.907349 -49.999092 50.319946 237.088135 -46.471161 -94.112915 307.334961 -50.735001 53.988281 309.907349 -46.471161 50.319946 307.335571 -42.500000 53.987549 307.334961 -49.999092 53.988281 248.492554 -57.831329 -92.840698 301.743652 -57.831329 60.856323 248.492554 -57.552059 -92.840698 297.677734 -60.500000 65.112183 301.743652 -57.552059 60.856323 249.680786 -57.831329 -92.625366 249.680786 -60.500000 -92.625366 249.680786 -57.552059 -92.625366 301.743652 -55.746014 60.856323 248.492554 -55.746014 -92.840698 301.743652 -54.898911 60.856323 248.492554 -54.898911 -92.840698 307.334961 -46.471161 53.988281 297.677734 -57.831329 65.112183 249.680786 -55.746014 -92.625366 249.680786 -54.898911 -92.625366 297.677734 -57.552059 65.112183 248.492554 -50.735001 -92.840698 301.743652 -50.735001 60.856323 255.612793 -57.831329 -91.308228 297.677734 -55.746014 65.112183 255.612793 -57.552059 -91.308228 301.743652 -49.999092 60.856323 248.492554 -49.999092 -92.840698 295.693481 -57.831329 67.005005 249.680786 -50.735001 -92.625366 295.693481 -57.552059 67.005005 297.677734 -54.898911 65.112183 249.680786 -49.999092 -92.625366 255.612793 -55.746014 -91.308228 295.693481 -55.746014 67.005005 295.693481 -54.898911 67.005005 255.612793 -54.898911 -91.308228 301.743652 -46.471161 60.856323 301.744019 -42.500000 60.855835 248.492554 -46.471161 -92.840698 248.512085 -42.500000 -92.837280 297.677734 -50.735001 65.112183 259.325317 -57.831329 -90.273193 297.677734 -49.999092 65.112183 266.802979 -60.500000 -87.668457 259.325317 -57.552059 -90.273193 295.693481 -50.735001 67.005005 295.693481 -49.999092 67.005005 249.680786 -46.471161 -92.625366 255.605225 -42.500000 -91.310181 259.325317 -55.746014 -90.273193 288.978882 -57.831329 72.659302 284.144043 -60.500000 76.116089 259.325317 -54.898911 -90.273193 288.978882 -57.552059 72.659302 255.612793 -50.735001 -91.308228 297.677734 -46.471161 65.112183 295.693359 -42.500000 67.005127 255.612793 -49.999092 -91.308228 288.978882 -55.746014 72.659302 259.325317 -50.735001 -90.273193 288.978882 -54.898911 72.659302 255.612793 -46.471161 -91.308228 295.693481 -46.471161 67.005005 259.325317 -49.999092 -90.273193 284.144043 -57.831329 76.116089 266.802979 -57.831329 -87.668457 284.144043 -57.552059 76.116089 288.978882 -50.735001 72.659302 266.802979 -57.552059 -87.668457 267.246338 -57.831329 -87.491211 284.144043 -55.746014 76.116089 267.246338 -60.500000 -87.491211 288.978882 -49.999092 72.659302 267.246338 -57.552059 -87.491211 284.144043 -54.898911 76.116089 266.802979 -55.746014 -87.668457 280.319214 -57.831329 78.537476 267.246338 -55.746014 -87.491211 268.646362 -60.500000 84.461548 266.802979 -54.898911 -87.668457 280.319214 -57.552059 78.537476 288.978882 -46.471161 72.659302 267.246338 -54.898911 -87.491211 288.978760 -42.500000 72.659424 259.325317 -46.471161 -90.273193 280.319214 -55.746014 78.537476 259.288330 -42.500000 -90.284302 272.010742 -57.831329 -85.415649 284.144043 -50.735001 76.116089 280.319214 -54.898911 78.537476 272.010742 -57.552059 -85.415649 284.144043 -49.999092 76.116089 266.802979 -50.735001 -87.668457 284.144043 -46.471161 76.116089 280.319336 -42.500000 78.537476 267.246338 -50.735001 -87.491211 280.319214 -50.735001 78.537476 272.010742 -55.746014 -85.415649 280.319214 -49.999092 78.537476 272.669922 -57.831329 82.650757 266.802979 -49.999092 -87.668457 272.669922 -57.552059 82.650757 267.246338 -49.999092 -87.491211 272.010742 -54.898911 -85.415649 272.669922 -55.746014 82.650757 275.834473 -57.831329 -83.512695 283.643066 -60.500000 -78.900635 275.834473 -57.552059 -83.512695 272.669922 -54.898911 82.650757 280.319214 -46.471161 78.537476 266.802979 -46.471161 -87.668457 272.022705 -42.500000 -85.410034 268.646362 -57.831329 84.461548 268.646362 -57.552059 84.461548 275.834473 -55.746014 -83.512695 267.246338 -46.471161 -87.491211 268.646362 -55.746014 84.461548 275.834473 -54.898911 -83.512695 272.010742 -50.735001 -85.415649 272.669922 -50.735001 82.650757 215.317993 -57.831329 90.172974 215.317993 -60.500000 90.172974 232.499390 -60.500000 91.773804 268.646362 -54.898911 84.461548 272.010742 -49.999092 -85.415649 272.669922 -49.999092 82.650757 215.317993 -57.552059 90.172974 214.819092 -57.831329 90.077759 197.752441 -60.500000 85.038696 275.834473 -50.735001 -83.512695 263.095581 -57.831329 86.596802 272.010742 -46.471161 -85.415649 250.387329 -60.500000 90.037231 263.095581 -57.552059 86.596802 214.819092 -57.552059 90.077759 215.317993 -55.746014 90.172974 275.834473 -49.999092 -83.512695 272.669922 -46.471161 82.650757 214.819092 -55.746014 90.077759 272.669922 -42.500000 82.650757 283.643066 -57.831329 -78.900635 268.646362 -50.735001 84.461548 284.045532 -60.500000 -78.634155 215.317993 -54.898911 90.172974 283.643066 -57.552059 -78.900635 268.646362 -49.999092 84.461548 214.819092 -54.898911 90.077759 215.317993 -50.735001 90.172974 232.499390 -42.500000 91.773804 263.095581 -55.746014 86.596802 214.819092 -50.735001 90.077759 284.045532 -57.831329 -78.634155 284.045532 -57.552059 -78.634155 263.095581 -54.898911 86.596802 215.317993 -49.999092 90.172974 283.643066 -55.746014 -78.900635 268.646362 -46.471161 84.461548 214.819092 -49.999092 90.077759 215.317993 -46.471161 90.172974 214.819092 -42.500000 90.077759 263.095581 -42.500000 86.596802 263.095581 -50.735001 86.596802 284.045532 -55.746014 -78.634155 214.819092 -46.471161 90.077759 275.834473 -46.471161 -83.512695 263.095581 -49.999092 86.596802 275.853394 -42.500000 -83.502808 197.752441 -57.831329 85.038696 283.643066 -54.898911 -78.900635 254.858398 -57.831329 89.046021 197.752441 -57.552059 85.038696 254.858398 -57.552059 89.046021 284.045532 -54.898911 -78.634155 287.308594 -57.831329 -76.359009 197.165161 -57.831329 84.799927 254.858398 -55.746014 89.046021 197.165161 -57.552059 84.799927 287.308594 -57.552059 -76.359009 263.095581 -46.471161 86.596802 287.308594 -55.746014 -76.359009 254.858398 -54.898911 89.046021 197.752441 -55.746014 85.038696 197.165161 -55.746014 84.799927 283.643066 -50.735001 -78.900635 250.387329 -57.831329 90.037231 197.752441 -54.898911 85.038696 287.308594 -54.898911 -76.359009 250.387329 -57.552059 90.037231 197.165161 -54.898911 84.799927 284.045532 -50.735001 -78.634155 283.643066 -49.999092 -78.900635 197.752441 -50.735001 85.038696 250.387329 -55.746014 90.037231 254.858398 -50.735001 89.046021 197.165161 -50.735001 84.799927 284.045532 -49.999092 -78.634155 291.565674 -57.831329 -73.060547 247.653320 -57.831329 90.530884 197.752441 -49.999092 85.038696 298.494995 -60.500000 -66.751587 250.387329 -54.898911 90.037231 197.165161 -49.999092 84.799927 291.565674 -57.552059 -73.060547 197.752441 -46.471161 85.038696 197.165161 -42.500000 84.799927 287.308594 -50.735001 -76.359009 254.858398 -49.999092 89.046021 197.165161 -46.471161 84.799927 181.736938 -42.500000 76.697998 247.653320 -57.552059 90.530884 283.643066 -46.471161 -78.900635 181.736938 -57.831329 76.697998 180.953247 -60.500000 76.181763 287.305664 -42.500000 -76.361206 247.653320 -55.746014 90.530884 291.565674 -55.746014 -73.060547 284.045532 -46.471161 -78.634155 247.653320 -54.898911 90.530884 254.858398 -46.471161 89.046021 181.736938 -57.552059 76.697998 287.308594 -49.999092 -76.359009 254.858398 -42.500000 89.046021 180.953247 -57.831329 76.181763 250.387329 -50.735001 90.037231 291.565674 -54.898911 -73.060547 180.953247 -57.552059 76.181763 287.308594 -46.471161 -76.359009 291.560913 -42.500000 -73.064453 243.554199 -57.831329 91.114380 181.736938 -55.746014 76.697998 291.565674 -50.735001 -73.060547 243.554199 -57.552059 91.114380 291.565674 -49.999092 -73.060547 181.736938 -54.898911 76.697998 298.494995 -57.831329 -66.751587 250.387329 -49.999092 90.037231 180.953247 -55.746014 76.181763 243.554199 -55.746014 91.114380 298.837769 -60.500000 -66.404541 180.953247 -54.898911 76.181763 298.494995 -57.552059 -66.751587 247.653320 -50.735001 90.530884 181.736938 -50.735001 76.697998 181.736938 -49.999092 76.697998 243.554199 -54.898911 91.114380 298.494995 -55.746014 -66.751587 180.953247 -50.735001 76.181763 247.653320 -49.999092 90.530884 291.565674 -46.471161 -73.060547 180.953247 -49.999092 76.181763 250.387329 -46.471161 90.037231 181.736938 -46.471161 76.697998 300.473145 -57.831329 -64.697266 247.653320 -42.500000 90.530884 298.494995 -54.898911 -66.751587 247.653320 -46.471161 90.530884 180.953247 -46.471161 76.181763 166.835938 -42.500000 64.632080 243.554199 -50.735001 91.114380 166.835938 -57.831329 64.632080 166.161011 -60.500000 63.952148 300.473145 -57.552059 -64.697266 243.554199 -49.999092 91.114380 300.473145 -55.746014 -64.697266 243.554199 -46.471161 91.114380 166.835938 -57.552059 64.632080 243.554199 -42.500000 91.114380 300.473145 -54.898911 -64.697266 166.161011 -57.831329 63.952148 298.494995 -50.735001 -66.751587 166.161011 -57.552059 63.952148 166.835938 -55.746014 64.632080 303.998413 -57.831329 -60.697998 309.567261 -60.500000 -53.279419 298.494995 -49.999092 -66.751587 166.835938 -54.898911 64.632080 303.998413 -57.552059 -60.697998 300.473145 -50.735001 -64.697266 166.161011 -55.746014 63.952148 166.161011 -54.898911 63.952148 303.998413 -55.746014 -60.697998 166.835938 -50.735001 64.632080 300.473145 -49.999092 -64.697266 166.835938 -49.999092 64.632080 303.998413 -54.898911 -60.697998 166.161011 -50.735001 63.952148 298.494995 -46.471161 -66.751587 166.161011 -49.999092 63.952148 300.473877 -42.500000 -64.696533 166.835938 -46.471161 64.632080 300.473145 -46.471161 -64.697266 166.161011 -46.471161 63.952148 156.248413 -42.500000 52.016479 303.998413 -50.735001 -60.697998 156.248413 -57.831329 52.016479 155.157104 -60.500000 50.418457 303.998413 -49.999092 -60.697998 309.567261 -57.831329 -53.279419 156.248413 -57.552059 52.016479 309.841675 -60.500000 -52.870850 309.567261 -57.552059 -53.279419 155.157104 -57.831329 50.418457 156.248413 -55.746014 52.016479 309.567261 -55.746014 -53.279419 155.157104 -57.552059 50.418457 156.248413 -54.898911 52.016479 303.998413 -46.471161 -60.697998 304.000488 -42.500000 -60.695435 311.124878 -57.831329 -50.895386 155.157104 -55.746014 50.418457 309.567261 -54.898911 -53.279419 155.157104 -54.898911 50.418457 156.248413 -50.735001 52.016479 311.124878 -57.552059 -50.895386 156.248413 -49.999092 52.016479 311.124878 -55.746014 -50.895386 155.157104 -50.735001 50.418457 155.157104 -49.999092 50.418457 311.124878 -54.898911 -50.895386 156.248413 -46.471161 52.016479 309.567261 -50.735001 -53.279419 155.157104 -46.471161 50.418457 313.822632 -57.831329 -46.343140 148.289795 -57.831329 38.242188 146.811646 -60.500000 34.920776 317.992798 -60.500000 -37.830444 309.567261 -49.999092 -53.279419 313.822632 -57.552059 -46.343140 148.289795 -57.552059 38.242188 311.124878 -50.735001 -50.895386 148.289795 -55.746014 38.242188 313.822632 -55.746014 -46.343140 148.289795 -54.898911 38.242188 311.124878 -49.999092 -50.895386 146.811646 -57.831329 34.920776 146.811646 -57.552059 34.920776 313.822632 -54.898911 -46.343140 309.567261 -46.471161 -53.279419 311.124756 -42.500000 -50.895508 146.811646 -55.746014 34.920776 146.811646 -54.898911 34.920776 311.124878 -46.471161 -50.895386 148.289795 -50.735001 38.242188 313.822632 -50.735001 -46.343140 148.289795 -49.999092 38.242188 313.822632 -49.999092 -46.343140 146.811646 -50.735001 34.920776 317.992798 -57.831329 -37.830444 148.289795 -46.471161 38.242188 318.187134 -60.500000 -37.373169 146.811646 -49.999092 34.920776 317.992798 -57.552059 -37.830444 143.847656 -55.746014 26.878418 318.187134 -57.831329 -37.373169 143.847656 -54.898911 26.878418 318.187134 -57.552059 -37.373169 141.235962 -57.831329 16.661743 141.235962 -57.552059 16.661743 317.992798 -55.746014 -37.830444 140.887573 -57.831329 14.782593 313.822632 -46.471161 -46.343140 140.887573 -57.552059 14.782593 313.820068 -42.500000 -46.347778 139.777466 -57.831329 -8.413086 141.019897 -60.500000 -17.974731 141.019897 -57.831329 -17.974731 141.100220 -60.500000 -18.407593 318.187134 -55.746014 -37.373169 141.019897 -57.552059 -17.974731 317.992798 -54.898911 -37.830444 141.400635 -57.831329 -19.935059 318.187134 -54.898911 -37.373169 141.400635 -57.552059 -19.935059 141.400635 -55.746014 -19.935059 319.641602 -57.831329 -33.710449 144.266846 -57.831329 -30.620483 145.892822 -60.500000 -35.112793 319.641602 -57.552059 -33.710449 319.641602 -55.746014 -33.710449 144.266846 -57.552059 -30.620483 144.266846 -55.746014 -30.620483 317.992798 -50.735001 -37.830444 144.266846 -54.898911 -30.620483 145.892822 -57.831329 -35.112793 146.234375 -60.500000 -35.973145 319.641602 -54.898911 -33.710449 318.187134 -50.735001 -37.373169 145.892822 -57.552059 -35.112793 317.992798 -49.999092 -37.830444 318.187134 -49.999092 -37.373169 146.234375 -57.831329 -35.973145 321.324951 -57.831329 -28.776611 146.234375 -57.552059 -35.973145 323.393677 -60.500000 -20.904175 321.324951 -57.552059 -28.776611 145.892822 -55.746014 -35.112793 317.992798 -46.471161 -37.830444 144.266846 -50.735001 -30.620483 319.642334 -42.500000 -33.708740 145.892822 -54.898911 -35.112793 319.641602 -50.735001 -33.710449 146.234375 -55.746014 -35.973145 321.324951 -55.746014 -28.776611 146.234375 -54.898911 -35.973145 318.187134 -46.471161 -37.373169 148.289795 -57.831329 -40.694580 319.641602 -49.999092 -33.710449 154.576782 -60.500000 -51.990967 148.289795 -57.552059 -40.694580 321.324951 -54.898911 -28.776611 319.641602 -46.471161 -33.710449 321.330566 -42.500000 -28.758301 145.892822 -50.735001 -35.112793 321.324951 -50.735001 -28.776611 145.892822 -49.999092 -35.112793 146.234375 -50.735001 -35.973145 321.324951 -49.999092 -28.776611 323.393677 -57.831329 -20.904175 148.289795 -55.746014 -40.694580 146.234375 -49.999092 -35.973145 323.393677 -57.552059 -20.904175 148.289795 -54.898911 -40.694580 323.762817 -57.831329 -19.114136 323.762817 -60.500000 -19.114136 148.289795 -50.735001 -40.694580 323.393677 -55.746014 -20.904175 148.289795 -49.999092 -40.694580 323.762817 -57.552059 -19.114136 148.289795 -46.471161 -40.694580 323.393677 -54.898911 -20.904175 154.576782 -57.831329 -51.990967 321.324951 -46.471161 -28.776611 323.762817 -55.746014 -19.114136 155.091431 -60.500000 -52.772339 154.576782 -57.552059 -51.990967 323.762817 -54.898911 -19.114136 155.091431 -57.831329 -52.772339 155.091431 -57.552059 -52.772339 324.424072 -57.831329 -15.327881 154.576782 -55.746014 -51.990967 324.424072 -57.552059 -15.327881 154.576782 -54.898911 -51.990967 323.393677 -50.735001 -20.904175 155.091431 -55.746014 -52.772339 323.393677 -49.999092 -20.904175 324.424072 -55.746014 -15.327881 155.091431 -54.898911 -52.772339 157.410645 -57.831329 -56.095947 166.649902 -60.500000 -66.898438 324.424072 -54.898911 -15.327881 157.410645 -57.552059 -56.095947 323.762817 -50.735001 -19.114136 157.410645 -55.746014 -56.095947 323.762817 -49.999092 -19.114136 154.576782 -50.735001 -51.990967 323.393677 -46.471161 -20.904175 324.422119 -42.500000 -15.340698 157.410645 -54.898911 -56.095947 325.072021 -57.831329 -10.131714 325.481079 -60.500000 -3.073853 154.576782 -49.999092 -51.990967 325.072021 -57.552059 -10.131714 155.091431 -50.735001 -52.772339 324.424072 -50.735001 -15.327881 155.091431 -49.999092 -52.772339 323.762817 -46.471161 -19.114136 154.576782 -46.471161 -51.990967 157.410645 -42.500000 -56.095947 325.072021 -55.746014 -10.131714 157.410645 -50.735001 -56.095947 155.091431 -46.471161 -52.772339 324.424072 -49.999092 -15.327881 157.410645 -49.999092 -56.095947 325.072021 -54.898911 -10.131714 157.410645 -46.471161 -56.095947 324.424072 -46.471161 -15.327881 325.072021 -50.735001 -10.131714 166.649902 -57.831329 -66.898438 325.481079 -57.831329 -3.073853 166.649902 -57.552059 -66.898438 167.321045 -57.831329 -67.564575 325.072021 -49.999092 -10.131714 167.321045 -60.500000 -67.564575 167.321045 -57.552059 -67.564575 325.481079 -57.552059 -3.073853 166.649902 -55.746014 -66.898438 325.499390 -57.831329 -1.226196 325.499390 -60.500000 -1.226196 166.649902 -54.898911 -66.898438 325.481079 -55.746014 -3.073853 167.321045 -55.746014 -67.564575 167.321045 -54.898911 -67.564575 325.499390 -57.552059 -1.226196 170.024170 -57.831329 -70.116333 325.481079 -54.898911 -3.073853 180.063965 -60.500000 -78.034546 170.024170 -57.552059 -70.116333 325.072021 -46.471161 -10.131714 325.064941 -42.500000 -10.205444 170.024170 -55.746014 -70.116333 166.649902 -50.735001 -66.898438 325.499390 -55.746014 -1.226196 325.465698 -57.831329 1.275757 170.024170 -54.898911 -70.116333 166.649902 -49.999092 -66.898438 325.499390 -54.898911 -1.226196 167.321045 -50.735001 -67.564575 325.465698 -57.552059 1.275757 325.465698 -55.746014 1.275757 167.321045 -49.999092 -67.564575 166.649902 -46.471161 -66.898438 170.024414 -42.500000 -70.116577 325.385498 -57.831329 3.375977 323.988281 -60.500000 15.470459 170.024170 -50.735001 -70.116333 325.481079 -50.735001 -3.073853 170.024170 -49.999092 -70.116333 325.385498 -57.552059 3.375977 167.321045 -46.471161 -67.564575 325.465698 -54.898911 1.275757 170.024170 -46.471161 -70.116333 180.063965 -57.831329 -78.034546 325.481079 -49.999092 -3.073853 325.499390 -50.735001 -1.226196 180.063965 -57.552059 -78.034546 325.385498 -55.746014 3.375977 180.854736 -57.831329 -78.568481 325.499390 -49.999092 -1.226196 180.854736 -60.500000 -78.568481 180.854736 -57.552059 -78.568481 325.385498 -54.898911 3.375977 180.063965 -55.746014 -78.034546 325.481079 -46.471161 -3.073853 180.063965 -54.898911 -78.034546 325.465576 -42.500000 1.279419 325.465698 -50.735001 1.275757 180.854736 -55.746014 -78.568481 325.465698 -49.999092 1.275757 180.854736 -54.898911 -78.568481 325.499390 -46.471161 -1.226196 325.385498 -50.735001 3.375977 184.072998 -57.831329 -80.623169 195.467041 -60.500000 -86.535034 184.072998 -57.552059 -80.623169 325.385498 -49.999092 3.375977 325.465698 -46.471161 1.275757 184.072998 -55.746014 -80.623169 325.383545 -42.500000 3.414551 324.516357 -57.831329 12.260254 180.063965 -50.735001 -78.034546 184.072998 -54.898911 -80.623169 324.516357 -57.552059 12.260254 180.063965 -49.999092 -78.034546 180.854736 -50.735001 -78.568481 325.385498 -46.471161 3.375977 324.516357 -55.746014 12.260254 180.854736 -49.999092 -78.568481 180.063965 -46.471161 -78.034546 324.516357 -54.898911 12.260254 184.072632 -42.500000 -80.622925 184.072998 -50.735001 -80.623169 323.988281 -57.831329 15.470459 180.854736 -46.471161 -78.568481 323.988281 -57.552059 15.470459 184.072998 -49.999092 -80.623169 184.072998 -46.471161 -80.623169 323.898560 -57.831329 15.955200 323.898560 -60.500000 15.955200 195.467041 -57.831329 -86.535034 323.898560 -57.552059 15.955200 196.352417 -60.500000 -86.913940 323.988281 -55.746014 15.470459 195.467041 -57.552059 -86.535034 323.898560 -55.746014 15.955200 196.352417 -57.831329 -86.913940 323.988281 -54.898911 15.470459 196.352417 -57.552059 -86.913940 323.898560 -54.898911 15.955200 195.467041 -55.746014 -86.535034 324.516357 -50.735001 12.260254 195.467041 -54.898911 -86.535034 324.516357 -49.999092 12.260254 196.352417 -55.746014 -86.913940 322.507812 -57.831329 22.172363 318.764404 -60.500000 33.520752 196.352417 -54.898911 -86.913940 323.988281 -50.735001 15.470459 199.698486 -57.831329 -88.249756 212.361328 -60.500000 -92.019653 199.698486 -57.552059 -88.249756 322.507812 -57.552059 22.172363 199.698486 -55.746014 -88.249756 323.898560 -50.735001 15.955200 195.467041 -50.735001 -86.535034 323.988281 -49.999092 15.470459 324.516357 -46.471161 12.260254 324.508667 -42.500000 12.312500 199.698486 -54.898911 -88.249756 323.898560 -49.999092 15.955200 195.467041 -49.999092 -86.535034 322.507812 -55.746014 22.172363 196.352417 -50.735001 -86.913940 196.352417 -49.999092 -86.913940 322.507812 -54.898911 22.172363 195.467041 -46.471161 -86.535034 199.696899 -42.500000 -88.249146 323.988281 -46.471161 15.470459 199.698486 -50.735001 -88.249756 323.898560 -46.471161 15.955200 196.352417 -46.471161 -86.913940 322.510986 -42.500000 22.159912 322.507812 -50.735001 22.172363 199.698486 -49.999092 -88.249756 322.507812 -49.999092 22.172363 199.698486 -46.471161 -88.249756 212.361328 -57.831329 -92.019653 320.208130 -57.831329 29.696045 320.208130 -57.552059 29.696045 212.361328 -57.552059 -92.019653 320.208130 -55.746014 29.696045 212.361328 -55.746014 -92.019653 320.208130 -54.898911 29.696045 214.611450 -57.831329 -92.489624 214.611450 -60.500000 -92.489624 214.611450 -57.552059 -92.489624 322.507812 -46.471161 22.172363 318.764404 -57.831329 33.520752 212.361328 -54.898911 -92.019653 318.764404 -57.552059 33.520752 214.611450 -55.746014 -92.489624 214.611450 -54.898911 -92.489624 318.764404 -55.746014 33.520752 320.208130 -50.735001 29.696045 212.361328 -50.735001 -92.019653 320.208130 -49.999092 29.696045 212.361328 -49.999092 -92.019653 214.611450 -50.735001 -92.489624 212.361328 -46.471161 -92.019653 248.457153 -32.500000 80.225220 239.334351 -32.500000 81.491821 188.988159 -32.500000 69.454590 313.520142 -32.500000 16.791504 315.017578 -32.500000 7.703857 313.206665 -32.500000 18.147217 309.553223 -32.500000 -32.076050 308.405396 -32.500000 -34.801147 256.724854 -32.500000 78.159790 257.127930 -32.500000 78.035522 203.825806 -32.500000 76.663696 190.315063 -32.500000 -72.706787 179.246460 -32.500000 -64.890381 175.957397 -32.500000 -61.988037 170.983887 -32.500000 -56.947388 307.765503 -32.500000 33.759766 169.573242 -32.500000 -55.349243 307.161133 -32.500000 35.031494 272.222656 -32.500000 71.650879 272.638184 -32.500000 71.422852 298.372925 -32.500000 49.268188 240.601318 -32.500000 -83.829834 227.480713 -32.500000 -84.074341 222.960083 -32.500000 -83.676147 211.151245 -32.500000 -81.433838 206.842773 -32.500000 -80.161255 194.196655 -32.500000 -74.859741 297.496216 -32.500000 50.391724 285.993286 -32.500000 62.235596 287.085815 -32.500000 61.298340 260.208496 -32.500000 -79.464355 257.127930 -32.500000 -80.488037 244.182007 -32.500000 -83.399902 313.786743 -32.500000 -18.000122 314.168701 -32.500000 -16.028809 276.202393 -32.500000 -71.788574 273.746948 -32.500000 -73.251465 265.512817 -32.500000 -77.378174 221.422852 -32.500000 81.031372 288.243286 -32.500000 -62.721069 290.352051 -32.500000 -60.741455 315.499390 -32.500000 -1.226196 175.032837 -32.500000 58.661987 315.479980 -32.500000 0.570435 300.266235 -32.500000 -49.149658 301.913940 -32.500000 -46.730225 32.499390 93.000000 -53.226196 8.499390 93.000000 -53.226196 8.499390 93.000000 -37.226196 8.499390 93.000000 34.773804 32.499390 93.000000 50.773804 8.499390 93.000000 50.773804 8.499390 -93.000000 -53.226196 8.499390 -93.000000 -37.226196 8.499390 -93.000000 50.773804 8.499390 -93.000000 34.773804 32.499390 -93.000000 -53.226196 32.499390 -93.000000 50.773804 -1327.556030 406.000000 -1630.295898 -1327.249512 375.412872 -1624.237061 -1327.000610 374.799988 -1625.226196 -1327.234131 375.412872 -1624.233276 -1329.762939 376.638641 -1623.909790 -1326.775391 375.412872 -1624.231323 -1326.778442 376.025757 -1623.198364 -1326.389771 375.412872 -1624.409302 -1326.550171 376.025757 -1623.236572 -1326.223999 375.412872 -1624.564941 -1328.012329 375.412872 -1625.356079 -1327.000610 374.799988 -1625.226196 -1326.778442 376.025757 -1623.198364 -1547.000610 374.799988 -1625.226196 32.499390 93.000000 50.773804 32.499390 93.000000 50.773804 32.499390 93.000000 -53.226196 32.499390 93.000000 -53.226196 169.573242 -32.500000 -55.349243 170.983887 -32.500000 -56.947388 212.361328 -60.500000 -92.019653 318.764404 -60.500000 33.520752 196.352417 -60.500000 -86.913940 323.898560 -60.500000 15.955200 195.467041 -60.500000 -86.535034 180.854736 -60.500000 -78.568481 323.988281 -60.500000 15.470459 180.063965 -60.500000 -78.034546 325.499390 -60.500000 -1.226196 166.649902 -60.500000 -66.898438 155.091431 -60.500000 -52.772339 323.762817 -60.500000 -19.114136 154.576782 -60.500000 -51.990967 146.234375 -60.500000 -35.973145 145.892822 -60.500000 -35.112793 141.019897 -60.500000 -17.974731 318.187134 -60.500000 -37.373169 317.992798 -60.500000 -37.830444 298.837769 -60.500000 -66.404541 298.494995 -60.500000 -66.751587 197.752441 -60.500000 85.038696 215.317993 -60.500000 90.172974 283.643066 -60.500000 -78.900635 267.246338 -60.500000 -87.491211 284.144043 -60.500000 76.116089 266.802979 -60.500000 -87.668457 167.321045 -60.500000 -67.564575 249.680786 -60.500000 -92.625366 297.677734 -60.500000 65.112183 195.621216 48.000000 -25.226196 195.621216 48.000000 -25.226196 195.621216 48.000000 22.773804 195.621216 48.000000 22.773804 191.242310 48.000000 -16.518555 191.242310 48.000000 -16.518555 39.499390 35.924644 -52.697144 39.499390 35.924644 -52.697144 39.499390 -60.686993 -17.255127 39.499390 -60.686993 -17.255127 172.464111 -32.500000 42.773804 172.464111 -32.500000 -45.226196 39.499390 -39.320827 47.699341 39.499390 -39.320827 47.699341 39.499390 -56.129715 -29.320557 164.115479 -32.500000 45.812500 164.115479 -32.500000 45.812500 164.115479 -32.500000 -48.264893 164.115479 -32.500000 -48.264893 39.499390 -65.422997 53.040161 39.499390 -65.422997 53.040161 39.499390 -35.924644 50.244751 39.499390 -35.924644 50.244751 39.499390 -35.924644 50.244751 39.499390 -39.390789 -50.095459 39.499390 -39.390789 -50.095459 39.499390 -39.390789 -50.095459 39.499390 -46.084824 41.388672 32.499390 -80.510941 -33.955078 32.499390 -80.510941 -33.955078 39.499390 60.686993 14.802734 11.999390 76.500000 50.773804 11.999390 76.500000 -53.226196 39.499390 -81.313927 23.533569 39.499390 -81.313927 23.533569 11.999390 -76.500000 -53.226196 11.999390 -76.500000 50.773804 276.203613 -32.500000 3.866577 39.499390 -69.337585 47.939819 39.499390 -69.337585 47.939819 39.499390 -27.441391 79.222290 39.499390 -27.441391 79.222290 39.499390 -27.441391 79.222290 237.723633 52.000000 -44.914917 259.428467 -32.500000 33.570679 309.567261 -60.500000 -53.279419 39.499390 -48.869255 38.164551 39.499390 -48.869255 38.164551 39.499390 -28.172829 -57.316528 39.499390 -28.172829 -57.316528 39.499390 -28.172829 -57.316528 147.499390 48.000000 -33.783813 147.499390 48.000000 31.331421 147.499390 48.000000 -25.226196 147.499390 48.000000 -25.226196 147.499390 48.000000 -25.226196 147.499390 48.000000 22.773804 147.499390 48.000000 22.773804 147.499390 48.000000 22.773804 147.499390 48.000000 22.773804 39.499390 -14.755222 -62.235352 39.499390 46.084824 -43.841064 274.432617 52.000000 -14.553101 39.499390 28.094368 -57.355957 39.499390 28.094368 -57.355957 39.499390 56.090374 -29.399048 1.499390 41.253460 81.565063 1.499390 41.253460 81.565063 214.611450 -60.500000 -92.489624 270.926147 -32.500000 20.207031 270.926147 -32.500000 20.207031 151.289795 27.158693 -45.226196 39.499390 -61.009193 13.529053 39.499390 -7.904588 61.042236 39.499390 -80.448555 -28.667603 39.499390 -80.448555 -28.667603 39.499390 -77.660698 33.325439 268.646362 -60.500000 84.461548 39.499390 27.441391 -81.674805 39.499390 27.441391 -81.674805 39.499390 24.339300 -59.083252 39.499390 -56.090374 26.946655 39.499390 -56.090374 26.946655 259.016602 52.000000 -36.338013 39.499390 10.594477 -85.563354 39.499390 10.594477 -85.563354 133.999390 26.668791 -52.731323 39.499390 38.339294 -77.088501 39.499390 38.339294 -77.088501 39.499390 -17.117327 -84.484863 39.499390 -17.117327 -84.484863 39.499390 -17.117327 -84.484863 39.499390 43.847782 -74.043579 1.499390 11.652033 90.536987 1.499390 -59.703472 69.426147 39.499390 -49.166039 -70.563721 39.499390 -49.166039 -70.563721 1.499390 -65.683769 63.903564 188.790283 48.000000 3.824585 188.790283 48.000000 3.824585 39.499390 -85.000000 -1.226196 39.499390 53.634945 -67.167725 39.499390 53.634945 -67.167725 39.499390 -61.741390 -59.647095 39.499390 -61.741390 -59.647095 1.499390 23.494394 88.240356 1.499390 23.494394 88.240356 39.499390 85.000000 -1.226196 39.499390 85.000000 -1.226196 1.499390 -35.448959 84.211548 1.499390 -35.448959 84.211548 32.499390 69.636124 50.773804 32.499390 69.636124 50.773804 32.499390 69.636124 50.773804 32.499390 69.636124 -53.226196 32.499390 69.636124 -53.226196 32.499390 69.636124 -53.226196 143.848267 -50.735001 26.878296 39.499390 28.172829 54.864136 39.499390 28.172829 54.864136 39.499390 -83.258614 15.891113 39.499390 80.448555 26.215210 39.499390 80.448555 26.215210 39.499390 83.258614 -18.343506 32.499390 -69.636124 50.773804 32.499390 -69.636124 50.773804 32.499390 -69.636124 -53.226196 32.499390 -69.636124 -53.226196 39.499390 -84.409760 -11.225830 39.499390 -84.409760 -11.225830 266.044312 -32.500000 27.247314 323.393677 -60.500000 -20.904175 39.499390 0.000000 -63.994385 39.499390 0.000000 -63.994385 39.499390 0.000000 -86.226196 39.499390 0.000000 -86.226196 39.499390 0.000000 83.773804 39.499390 0.000000 61.541992 1.499390 -29.512352 86.439575 39.499390 69.337585 -50.392212 1.499390 -23.494394 -90.692749 32.499390 86.840233 -4.685059 32.499390 86.840233 -4.685059 39.499390 81.313927 -25.985962 39.499390 81.313927 -25.985962 39.499390 65.422997 -55.492554 1.499390 -50.843430 76.047363 8.499390 85.207100 34.773804 8.499390 85.207100 -37.226196 8.499390 85.207100 -37.226196 1.499390 72.915535 -58.143433 39.499390 49.166039 68.111328 39.499390 49.166039 68.111328 32.499390 80.510941 31.502686 32.499390 80.510941 31.502686 32.499390 -84.530579 18.967163 32.499390 -84.530579 18.967163 144.267334 -49.999092 -30.620239 39.499390 -72.817390 -45.073975 39.499390 -72.817390 -45.073975 32.499390 -78.534996 35.995361 32.499390 -78.534996 35.995361 1.499390 80.670334 44.034668 1.499390 80.670334 44.034668 39.499390 -21.483316 81.014038 39.499390 72.817390 42.621582 39.499390 72.817390 42.621582 1.499390 -81.728233 42.095215 1.499390 -81.728233 42.095215 139.778320 -57.552059 -8.412964 39.499390 -74.796036 39.153931 39.499390 -74.796036 39.153931 39.499390 13.542892 -85.140381 39.499390 13.542892 -85.140381 248.730957 -60.500000 -92.798828 1.499390 -72.915535 55.691040 8.499390 -85.207100 34.773804 8.499390 -85.207100 -37.226196 39.499390 -43.847782 71.591187 39.499390 -43.847782 71.591187 1.499390 -45.480042 79.320679 39.499390 62.268417 6.678345 39.499390 62.268417 6.678345 8.499390 76.500000 50.773804 8.499390 76.500000 50.773804 8.499390 76.500000 -53.226196 8.499390 76.500000 -53.226196 8.499390 76.500000 -53.226196 39.499390 -13.542892 82.687866 39.499390 -38.339294 74.636108 39.499390 -38.339294 74.636108 39.499390 -38.339294 74.636108 32.499390 -86.840233 2.232666 32.499390 -86.840233 2.232666 8.499390 93.000000 50.773804 8.499390 93.000000 50.773804 8.499390 93.000000 34.773804 8.499390 93.000000 -37.226196 8.499390 93.000000 -53.226196 8.499390 93.000000 -53.226196 39.499390 -28.094368 54.903564 39.499390 -28.094368 54.903564 1.499390 -83.483749 38.607422 148.289795 -42.500000 -40.694580 148.289795 -42.500000 38.242188 1.499390 87.836494 27.773804 1.499390 87.836494 27.773804 1.499390 87.836494 -30.226196 8.499390 -76.500000 50.773804 8.499390 -76.500000 50.773804 8.499390 -76.500000 -53.226196 8.499390 -76.500000 -53.226196 8.499390 -76.500000 -53.226196 1.499390 -17.687757 89.567017 39.499390 -34.551643 -78.886841 1.499390 57.437569 71.280151 1.499390 57.437569 71.280151 147.499390 43.274303 -39.843994 147.499390 43.274303 37.391602 1.499390 -87.836494 27.773804 1.499390 -87.836494 -30.226196 276.499390 -32.500000 -1.226196 284.045532 -60.500000 -78.634155 147.499390 37.788887 -45.226196 147.499390 37.788887 -45.226196 147.499390 37.788887 42.773804 309.841675 -60.500000 -52.870850 1.499390 -77.590172 49.132690 39.499390 7.904588 -63.494629 39.499390 7.904588 -63.494629 1.499390 0.000000 91.273804 139.499390 -60.500000 -1.226196 1.499390 70.016640 59.221436 39.499390 84.625465 -9.196777 39.499390 84.625465 -9.196777 39.499390 84.625465 -9.196777 39.499390 14.755222 59.782959 39.499390 14.755222 59.782959 39.499390 -16.028957 59.460815 39.499390 -16.028957 59.460815 -1522.000610 374.799988 -1625.226196 39.499390 59.512722 -21.177979 265.705444 52.000000 -30.094116 265.705444 52.000000 -30.094116 39.499390 -62.268417 -9.130737 39.499390 -62.268417 -9.130737 32.499390 84.530579 -21.419556 32.499390 84.530579 -21.419556 39.499390 84.409760 8.773438 39.499390 84.409760 8.773438 39.499390 84.409760 8.773438 39.499390 56.129715 26.868164 39.499390 56.129715 26.868164 39.499390 -6.016398 61.252930 39.499390 -6.016398 61.252930 39.499390 74.796036 -41.606323 39.499390 74.796036 -41.606323 39.499390 -10.594477 83.110962 1.499390 59.703472 -71.878540 237.954590 52.000000 -44.886719 251.298828 -32.500000 38.555542 32.499390 78.534996 -38.447754 39.499390 62.768131 -1.226196 39.499390 62.768131 -1.226196 39.499390 -54.091545 30.616333 39.499390 -54.091545 30.616333 39.499390 -54.091545 30.616333 39.499390 58.420895 -62.967529 32.499390 -85.591316 -16.303223 32.499390 -85.591316 -16.303223 39.499390 17.117327 82.032349 39.499390 17.117327 82.032349 166.161011 -60.500000 63.952148 252.603760 52.000000 37.912231 252.603760 52.000000 37.912231 32.499390 75.597527 41.648071 39.499390 48.925564 38.094604 39.499390 -53.634945 64.715332 39.499390 -53.634945 64.715332 141.235962 -60.500000 16.661743 39.499390 -12.188294 60.347168 39.499390 -12.188294 60.347168 39.499390 -12.188294 60.347168 32.499390 85.591316 13.850830 32.499390 85.591316 13.850830 272.062256 52.000000 18.029419 272.062256 52.000000 18.029419 39.499390 39.320827 -50.151733 270.926147 52.000000 -22.659424 270.926147 52.000000 -22.659424 191.177368 48.000000 13.889771 309.907349 -60.500000 50.319946 39.499390 -62.642872 -5.189575 39.499390 62.281353 -9.028198 39.499390 62.281353 -9.028198 271.637817 52.000000 -21.330566 39.499390 77.660698 -35.777832 39.499390 62.642872 2.737183 39.499390 62.642872 2.737183 39.499390 -24.339300 56.630859 39.499390 -24.339300 56.630859 39.499390 -24.339300 56.630859 39.499390 61.009193 -15.981445 39.499390 61.009193 -15.981445 39.499390 -59.512722 18.725586 39.499390 16.028957 -61.913208 39.499390 16.028957 -61.913208 39.499390 16.028957 -61.913208 39.499390 -62.768131 -1.226196 39.499390 -48.925564 -40.546997 39.499390 -48.925564 -40.546997 325.481079 -60.500000 -3.073853 243.561401 52.000000 -43.812988 1.499390 93.000000 -30.226196 1.499390 93.000000 27.773804 82.057739 26.871899 -53.801758 237.954590 -32.500000 42.434326 237.723633 -32.500000 42.462524 1.499390 -11.652033 -92.989380 1.499390 -11.652033 -92.989380 39.499390 12.188294 -62.799561 8.499390 -93.000000 34.773804 8.499390 -93.000000 50.773804 8.499390 -93.000000 50.773804 8.499390 -93.000000 -37.226196 8.499390 -93.000000 -53.226196 8.499390 -93.000000 -53.226196 141.100220 -60.500000 -18.407593 276.159912 52.000000 4.229004 251.755005 -32.500000 38.336670 1.499390 77.590172 -51.585083 39.499390 -62.281353 6.575806 230.175781 -60.500000 -94.197144 1.499390 -4.948202 -93.593750 276.499390 52.000000 -1.226196 39.499390 34.551643 76.434448 39.499390 34.551643 76.434448 267.296265 52.000000 25.702881 267.296265 52.000000 25.702881 39.499390 6.016398 -63.705322 39.499390 6.016398 -63.705322 1.499390 -80.670334 -46.487061 275.348022 -32.500000 8.773804 259.016602 -32.500000 33.885620 260.972900 52.000000 32.318726 260.972900 52.000000 32.318726 276.405029 52.000000 1.653076 276.405029 52.000000 1.653076 276.405029 -32.500000 -4.105469 276.203613 52.000000 -6.318970 265.705444 -32.500000 27.641724 265.705444 -32.500000 27.641724 276.159912 -32.500000 -6.681396 275.348022 52.000000 -11.226196 242.499390 52.000000 41.622437 242.499390 52.000000 41.622437 232.499390 -32.500000 42.773804 232.499390 -32.500000 -45.226196 272.062256 -32.500000 -20.481812 272.062256 -32.500000 -20.481812 267.296265 -32.500000 -28.155273 267.296265 -32.500000 -28.155273 266.044312 52.000000 -29.699707 271.637817 -32.500000 18.878174 243.092163 -32.500000 41.479736 260.972900 -32.500000 -34.771118 260.972900 -32.500000 -34.771118 259.428467 52.000000 -36.023071 251.755005 52.000000 -40.789062 251.298828 52.000000 -41.007935 251.298828 52.000000 -41.007935 243.561401 -32.500000 41.360596 274.432617 -32.500000 12.100708 274.432617 -32.500000 12.100708 275.086182 52.000000 9.835815 275.086182 52.000000 9.835815 242.499390 -32.500000 -44.074829 242.499390 -32.500000 -44.074829 243.092163 52.000000 -43.932129 141.401367 -54.898911 -19.934937 1.499390 29.512352 -88.891846 146.811646 -60.500000 34.920776 250.387329 -60.500000 90.037231 163.186035 -33.457825 46.150757 163.186035 -33.457825 46.150757 163.186035 -33.457825 -48.603149 139.604736 -57.831329 3.180908 39.499390 -84.625465 6.744385 39.499390 -84.625465 6.744385 39.499390 54.091545 -33.068726 39.499390 48.869255 -40.616943 140.888428 -55.746014 14.782471 73.127319 23.568737 -56.214111 155.157104 -60.500000 50.418457 1.499390 4.948202 91.141479 32.499390 -75.597527 -44.100464 39.499390 21.483316 -83.466553 39.499390 21.483316 -83.466553 275.086182 -32.500000 -12.288208 1.499390 -57.437569 -73.732544 1.499390 35.448959 -86.664062 146.217407 -46.471157 -35.930664 180.953247 -60.500000 76.181763 1.499390 81.728233 -44.547607 1.499390 81.728233 -44.547607 1.499390 65.683769 -66.355957 1.499390 45.480042 -81.773193 1.499390 50.843430 -78.499756 1.499390 12.326017 -92.901245 1.499390 17.687757 -92.019287 1.499390 0.000000 -93.726196 1.499390 -70.016640 -61.673828 1.499390 -70.016640 -61.673828 1.499390 -93.000000 27.773804 1.499390 -93.000000 -30.226196 147.499390 52.000000 42.773804 147.499390 52.000000 42.773804 147.499390 52.000000 -45.226196 147.499390 52.000000 -45.226196 147.499390 52.000000 -25.226196 147.499390 52.000000 -25.226196 147.499390 52.000000 22.773804 147.499390 52.000000 22.773804 39.499390 -58.420895 60.515137 39.499390 -58.420895 60.515137 188.836304 48.000000 -6.660645 188.836304 48.000000 -6.660645 195.621216 52.000000 -25.226196 195.621216 52.000000 -25.226196 195.621216 52.000000 22.773804 195.621216 52.000000 22.773804 191.177368 52.000000 -16.342163 188.836304 52.000000 4.208252 191.242310 52.000000 14.066162 39.499390 61.741390 57.194702 39.499390 61.741390 57.194702 39.499390 61.741390 57.194702 1.499390 -12.326017 90.448853 260.208496 -32.500000 -79.464355 39.499390 39.390789 47.643066 39.499390 39.390789 47.643066 39.499390 -83.914185 -14.769043 1.499390 -41.253460 -84.017456 32.499390 -93.000000 50.773804 32.499390 -93.000000 50.773804 32.499390 -93.000000 -53.226196 32.499390 -93.000000 -53.226196 252.603760 -32.500000 -40.364624 252.603760 -32.500000 -40.364624 39.499390 83.914185 12.316650 39.499390 83.914185 12.316650 188.790283 52.000000 -6.276978 232.499390 52.000000 42.773804 232.499390 52.000000 42.773804 232.499390 52.000000 -45.226196 232.499390 52.000000 -45.226196 1.499390 83.483749 -41.059814 232.499390 -60.500000 91.773804 232.499390 -60.500000 -94.226196 "
							            />
							<TextureCoordinate point="0.0957 0.3819 0.0957 0.3492 0.1173 0.3525 0.0957 0.3819 0.0324 0.3999 0.0957 0.3492 0.0957 0.3819 0.1173 0.3525 0.1173 0.3845 0.1173 0.9021 0.0957 0.9222 0.1173 0.9175 0.0957 0.4060 0.0324 0.3999 0.0957 0.3819 0.0957 0.4060 0.0957 0.3819 0.1173 0.3845 0.1173 0.8728 0.0957 0.8744 0.1173 0.9021 0.0957 0.4113 0.0324 0.3999 0.0957 0.4060 0.1173 0.8517 0.0957 0.8744 0.1173 0.8728 0.0957 0.4256 0.0957 0.4113 0.1173 0.4272 0.0957 0.4418 0.0324 0.4056 0.0957 0.4256 0.0957 0.4418 0.0324 0.4942 0.0324 0.4056 0.0957 0.4418 0.0957 0.4256 0.1173 0.4430 0.0957 0.4946 0.0957 0.4418 0.1173 0.4430 0.0957 0.5894 0.0324 0.5971 0.0324 0.5951 0.0957 0.5894 0.0324 0.5000 0.0957 0.5000 0.0957 0.5941 0.0324 0.5971 0.0957 0.5894 0.0957 0.5941 0.0957 0.5894 0.1173 0.5920 0.0957 0.5941 0.0324 0.6931 0.0324 0.5971 0.0957 0.6814 0.0324 0.6931 0.0957 0.5941 0.0957 0.6899 0.0324 0.6931 0.0957 0.6814 0.1173 0.0675 0.0957 0.0671 0.1173 0.1085 0.0957 0.7585 0.0957 0.6899 0.1173 0.6858 0.0957 0.7585 0.0324 0.7751 0.0957 0.6899 0.0957 0.7703 0.0957 0.7585 0.1173 0.7643 0.0957 0.0398 0.0957 0.0671 0.1173 0.0675 0.0957 0.7703 0.0324 0.7751 0.0957 0.7585 0.0957 0.7703 0.0324 0.8507 0.0324 0.7751 0.0957 0.8295 0.0324 0.8507 0.0957 0.7703 0.1173 0.0488 0.0957 0.0398 0.1173 0.0675 0.0957 0.8295 0.1173 0.7643 0.1173 0.8319 0.0957 0.8394 0.1173 0.8319 0.0957 0.8744 0.0957 0.4088 0.0324 0.4029 0.0324 0.5000 0.0957 0.4088 0.0324 0.5000 0.1173 0.5000 0.0957 0.8596 0.0957 0.8744 0.1173 0.8517 0.0957 0.4088 0.1173 0.5000 0.1173 0.4080 0.0957 0.0331 0.0957 0.0398 0.1173 0.0462 0.0957 0.8596 0.0324 0.8488 0.0324 0.9113 0.0957 0.8596 0.0324 0.9113 0.0957 0.8744 0.0957 0.4059 0.0324 0.3069 0.0324 0.4029 0.0957 0.8277 0.1173 0.8517 0.1173 0.8141 0.1173 0.0430 0.0957 0.0331 0.1173 0.0462 0.0957 0.4059 0.0324 0.4029 0.0957 0.4088 0.1173 0.0450 0.0957 0.0331 0.1173 0.0430 0.0957 0.3186 0.1173 0.4080 0.1173 0.3142 0.0957 0.3101 0.0324 0.2249 0.0324 0.3069 0.0957 0.8211 0.0324 0.8488 0.0957 0.8277 0.0957 0.0455 0.0957 0.0331 0.1173 0.0450 0.0957 0.7948 0.1173 0.8141 0.1173 0.7884 0.0957 0.3101 0.0324 0.3069 0.0957 0.3186 0.0957 0.7948 0.0324 0.7705 0.0324 0.8488 0.1173 0.0524 0.0957 0.0455 0.1173 0.0450 0.0957 0.7948 0.0957 0.8211 0.1173 0.8141 0.0957 0.2415 0.0324 0.2249 0.0957 0.3101 0.0957 0.2415 0.0957 0.3101 0.1173 0.3142 0.0957 0.2297 0.0324 0.1493 0.0324 0.2249 0.0957 0.7542 0.0957 0.7948 0.1173 0.7884 0.0957 0.7542 0.0324 0.7705 0.0957 0.7948 0.0957 0.2297 0.0324 0.2249 0.0957 0.2415 0.0957 0.7410 0.0324 0.7705 0.0957 0.7542 0.0957 0.8744 0.0324 0.9113 0.0324 0.8507 0.0957 0.1705 0.0957 0.2297 0.1173 0.2357 0.0957 0.7108 0.0324 0.7705 0.0957 0.7410 0.0957 0.1606 0.1173 0.1681 0.0957 0.1256 0.0957 0.1606 0.0957 0.1256 0.0324 0.1493 0.1173 0.8915 0.0957 0.8744 0.1173 0.8319 0.0957 0.1606 0.0957 0.1705 0.1173 0.1681 0.0957 0.0778 0.0957 0.0455 0.1173 0.0628 0.1173 0.8915 0.0957 0.9064 0.0957 0.8744 0.0957 0.7108 0.0957 0.7410 0.1173 0.7357 0.0957 0.1404 0.0957 0.1256 0.1173 0.1483 0.0957 0.6766 0.0957 0.7108 0.1173 0.7061 0.0957 0.6766 0.0324 0.6880 0.0957 0.7108 0.0957 0.6766 0.1173 0.7061 0.1173 0.6475 0.1173 0.0825 0.0957 0.0778 0.1173 0.0628 0.0957 0.1404 0.0324 0.0887 0.0957 0.1256 0.0957 0.9329 0.0957 0.9064 0.1173 0.8915 0.0957 0.1716 0.1173 0.1483 0.1173 0.1859 0.0957 0.1716 0.0957 0.1404 0.1173 0.1483 0.0957 0.1716 0.0324 0.1505 0.0957 0.1404 0.1173 0.9325 0.0957 0.9329 0.1173 0.8915 0.0957 0.6508 0.0324 0.6880 0.0957 0.6766 0.0957 0.1716 0.0324 0.1512 0.0324 0.1505 0.0957 0.1789 0.1173 0.1859 0.1173 0.2116 0.0957 0.6181 0.0957 0.6508 0.1173 0.6475 0.0957 0.9602 0.0957 0.9329 0.1173 0.9325 0.0957 0.6181 0.0324 0.6880 0.0957 0.6508 0.0957 0.1789 0.0957 0.1716 0.1173 0.1859 0.0957 0.6181 0.1173 0.6475 0.1173 0.6155 0.1173 0.9512 0.0957 0.9602 0.1173 0.9325 0.1173 0.0979 0.0957 0.0778 0.1173 0.0825 0.0957 0.5887 0.1173 0.6155 0.1173 0.5728 0.0957 0.2052 0.0957 0.1789 0.1173 0.2116 0.0957 0.2443 0.0324 0.2278 0.0957 0.2052 0.0957 0.9669 0.0957 0.9602 0.1173 0.9538 0.0957 0.2443 0.1173 0.2116 0.1173 0.2643 0.0957 0.1256 0.0957 0.0778 0.1173 0.0979 0.0957 0.5887 0.0957 0.6181 0.1173 0.6155 0.0957 0.5744 0.0324 0.5944 0.0957 0.5887 0.1173 0.9570 0.0957 0.9669 0.1173 0.9538 0.0957 0.2443 0.0324 0.2295 0.0324 0.2278 0.0957 0.2458 0.0957 0.2443 0.1173 0.2643 0.1173 0.9550 0.0957 0.9669 0.1173 0.9570 0.1173 0.1272 0.0957 0.1256 0.1173 0.0979 0.0957 0.5582 0.0957 0.5744 0.1173 0.5728 0.0957 0.5582 0.0324 0.5944 0.0957 0.5744 0.0957 0.5582 0.1173 0.5728 0.1173 0.5570 0.0957 0.2458 0.0324 0.2295 0.0957 0.2443 0.0957 0.5582 0.0324 0.5000 0.0324 0.5944 0.0957 0.2590 0.0324 0.2295 0.0957 0.2458 0.0957 0.9545 0.0957 0.9669 0.1173 0.9550 0.0957 0.2590 0.0957 0.2458 0.1173 0.2643 0.1173 0.9476 0.0957 0.9545 0.1173 0.9550 0.0957 0.2892 0.0324 0.2295 0.0957 0.2590 0.1173 0.1483 0.0957 0.1256 0.1173 0.1272 0.0957 0.2892 0.0324 0.3101 0.0324 0.2295 0.0957 0.3216 0.1173 0.2939 0.1173 0.3525 0.0957 0.3216 0.0324 0.3120 0.0324 0.3101 0.0957 0.9222 0.0957 0.9545 0.1173 0.9372 0.0957 0.3234 0.0324 0.3120 0.0957 0.3216 0.0957 0.3492 0.0324 0.3120 0.0957 0.3234 0.1173 0.9175 0.0957 0.9222 0.1173 0.9372 0.0000 0.9337 0.0000 0.8764 0.0216 0.9113 0.0216 0.0419 0.0216 0.0887 0.0000 0.0606 0.0216 0.9113 0.0216 0.9581 0.0000 0.9337 0.0000 0.0606 0.0000 0.0512 0.0216 0.0419 0.0216 0.0887 0.0000 0.1080 0.0000 0.0828 0.0324 0.1505 0.0216 0.0887 0.0324 0.0887 0.0324 0.2278 0.0000 0.1790 0.0324 0.1512 0.0324 0.2295 0.0000 0.2555 0.0000 0.2266 0.0324 0.2295 0.0000 0.2266 0.0324 0.2278 0.0324 0.3101 0.0000 0.3094 0.0000 0.2555 0.0324 0.3999 0.0000 0.4049 0.0000 0.3413 0.0324 0.3999 0.0000 0.3413 0.0324 0.3120 0.0324 0.4056 0.0000 0.4049 0.0324 0.3999 0.0324 0.5000 0.0000 0.5000 0.0324 0.4942 0.0324 0.5951 0.0000 0.6263 0.0000 0.5626 0.0324 0.6931 0.0000 0.6263 0.0324 0.5971 0.0324 0.6931 0.0000 0.7218 0.0000 0.6263 0.0324 0.7751 0.0000 0.8088 0.0000 0.7218 0.0324 0.8507 0.0000 0.8088 0.0324 0.7751 0.0324 0.8507 0.0000 0.8764 0.0000 0.8088 0.3627 0.7927 0.2855 0.8032 0.2855 0.7822 0.3627 0.7927 0.2855 0.7822 0.3627 0.7581 0.4506 0.7327 0.4090 0.7032 0.4506 0.7032 0.3627 0.8095 0.2855 0.8097 0.2855 0.8032 0.3627 0.8095 0.2855 0.8116 0.2855 0.8097 0.3627 0.8095 0.2855 0.8118 0.2855 0.8116 0.3627 0.8095 0.2855 0.8032 0.3627 0.7927 0.3627 0.8107 0.2855 0.8080 0.2855 0.8118 0.3627 0.8107 0.2855 0.8118 0.3627 0.8095 0.3627 0.7984 0.2855 0.8026 0.2855 0.8080 0.3627 0.7984 0.2855 0.7919 0.2855 0.8026 0.3627 0.7811 0.2855 0.7779 0.2855 0.7919 0.3627 0.7811 0.2855 0.7631 0.2855 0.7779 0.3627 0.7811 0.2855 0.7919 0.3627 0.7984 0.3627 0.7581 0.2855 0.7428 0.2855 0.7631 0.3627 0.7581 0.2855 0.7631 0.3627 0.7811 0.3987 0.6484 0.3970 0.6483 0.4031 0.6466 0.3627 0.7000 0.2855 0.7000 0.2855 0.6364 0.3627 0.7032 0.2855 0.7000 0.3627 0.7000 0.3627 0.7327 0.2855 0.7488 0.2855 0.7000 0.3627 0.7327 0.2855 0.7000 0.3627 0.7032 0.3935 0.7000 0.3909 0.7000 0.3909 0.6484 0.3987 0.7000 0.3987 0.6484 0.4031 0.6484 0.3970 0.7032 0.3970 0.7000 0.3987 0.7000 0.3970 0.7032 0.3935 0.7032 0.3935 0.7000 0.3627 0.7488 0.2855 0.7488 0.3627 0.7327 0.3627 0.7488 0.3627 0.7581 0.2855 0.7488 0.4031 0.7000 0.3987 0.7000 0.4031 0.6484 0.4031 0.7000 0.3987 0.7032 0.3987 0.7000 0.4039 0.7000 0.4039 0.6484 0.4090 0.7032 0.4039 0.7000 0.4031 0.7000 0.4031 0.6484 0.4039 0.7032 0.4039 0.7000 0.4090 0.7032 0.4039 0.7032 0.4031 0.7000 0.4039 0.7000 0.4039 0.7032 0.4031 0.7032 0.4031 0.7000 0.3909 0.7327 0.3627 0.7488 0.3627 0.7327 0.3909 0.7327 0.3627 0.7327 0.3909 0.7032 0.3909 0.7327 0.3909 0.7032 0.3935 0.7032 0.3935 0.7327 0.3909 0.7327 0.3935 0.7032 0.4039 0.7327 0.4039 0.7032 0.4090 0.7032 0.4039 0.7327 0.4031 0.7327 0.4031 0.7032 0.3909 0.7488 0.3909 0.7327 0.3935 0.7327 0.3909 0.7488 0.3627 0.7488 0.3909 0.7327 0.3935 0.7488 0.3909 0.7488 0.3935 0.7327 0.4090 0.7327 0.4039 0.7327 0.4090 0.7032 0.3970 0.7488 0.3935 0.7327 0.3970 0.7327 0.3970 0.7488 0.3935 0.7488 0.3935 0.7327 0.3987 0.7488 0.3987 0.7327 0.4031 0.7327 0.4031 0.7488 0.3627 0.7581 0.3987 0.7488 0.4031 0.7488 0.3987 0.7488 0.4031 0.7327 0.4039 0.7488 0.4031 0.7327 0.4039 0.7327 0.4039 0.7488 0.4031 0.7488 0.4031 0.7327 0.4090 0.7488 0.4506 0.7327 0.4506 0.7581 0.4090 0.7488 0.4039 0.7488 0.4090 0.7327 0.3627 0.7327 0.2855 0.7233 0.2855 0.7428 0.3909 0.7428 0.3627 0.7428 0.3627 0.7581 0.3909 0.7428 0.3627 0.7327 0.3627 0.7428 0.3935 0.7428 0.3909 0.7428 0.3627 0.7581 0.3627 0.7032 0.2855 0.7233 0.3627 0.7233 0.3970 0.7428 0.3935 0.7428 0.3627 0.7581 0.3987 0.7428 0.3970 0.7428 0.3627 0.7581 0.3627 0.6981 0.2855 0.6981 0.3627 0.7032 0.3909 0.7327 0.3909 0.7428 0.3935 0.7428 0.3909 0.7327 0.3627 0.7327 0.3909 0.7428 0.4031 0.7428 0.3987 0.7428 0.3627 0.7581 0.4039 0.7428 0.4031 0.7428 0.3627 0.7581 0.3970 0.7327 0.3970 0.7428 0.3987 0.7428 0.3909 0.7233 0.3627 0.7032 0.3627 0.7233 0.3909 0.7233 0.3909 0.7327 0.3935 0.7327 0.3987 0.7327 0.3970 0.7327 0.3987 0.7428 0.3987 0.7327 0.3987 0.7428 0.4031 0.7428 0.4090 0.7428 0.4039 0.7428 0.3627 0.7581 0.4090 0.7428 0.4506 0.7581 0.4506 0.7327 0.3935 0.7233 0.3935 0.7327 0.3970 0.7327 0.3935 0.7233 0.3909 0.7233 0.3935 0.7327 0.3627 0.6818 0.2855 0.6818 0.2855 0.6981 0.4039 0.7327 0.4031 0.7327 0.4039 0.7428 0.4031 0.7233 0.3987 0.7233 0.4031 0.7327 0.4031 0.7233 0.4031 0.7327 0.4039 0.7327 0.3627 0.6680 0.3909 0.6484 0.2855 0.6364 0.3627 0.6680 0.2855 0.6818 0.3627 0.6818 0.4039 0.7233 0.4039 0.7327 0.4090 0.7327 0.4039 0.7233 0.4031 0.7233 0.4039 0.7327 0.4090 0.7233 0.4506 0.7327 0.4506 0.7032 0.4090 0.7233 0.4506 0.7032 0.4090 0.7032 0.4090 0.7233 0.4090 0.7327 0.4506 0.7327 0.4090 0.7233 0.4039 0.7233 0.4090 0.7327 0.3935 0.7032 0.3909 0.7233 0.3935 0.7233 0.3935 0.7032 0.3909 0.7032 0.3909 0.7233 0.3909 0.6981 0.3627 0.6818 0.3627 0.6981 0.3909 0.6981 0.3627 0.6981 0.3909 0.7032 0.3909 0.6981 0.3909 0.7032 0.3935 0.7032 0.3970 0.6981 0.3970 0.7032 0.3987 0.7032 0.4031 0.7032 0.3987 0.7233 0.4031 0.7233 0.4031 0.7032 0.3987 0.7032 0.3987 0.7233 0.4039 0.7032 0.4031 0.7233 0.4039 0.7233 0.4039 0.7032 0.4090 0.7233 0.4090 0.7032 0.4039 0.7032 0.4031 0.7032 0.4031 0.7233 0.3909 0.6818 0.3627 0.6680 0.3627 0.6818 0.3909 0.6818 0.3909 0.6981 0.3935 0.6981 0.4031 0.6981 0.3987 0.6981 0.4031 0.7032 0.4039 0.6981 0.4031 0.7032 0.4039 0.7032 0.4039 0.6981 0.4031 0.6981 0.4031 0.7032 0.4039 0.6981 0.4039 0.7032 0.4090 0.7032 0.3970 0.6818 0.3935 0.6818 0.3970 0.6981 0.3970 0.6818 0.3970 0.6981 0.3987 0.6981 0.3987 0.6818 0.3987 0.6981 0.4031 0.6981 0.3987 0.6818 0.3970 0.6818 0.3987 0.6981 0.4031 0.6818 0.3987 0.6818 0.4031 0.6981 0.4031 0.6818 0.4031 0.6981 0.4039 0.6981 0.3935 0.6680 0.3909 0.6680 0.3935 0.6818 0.3970 0.6680 0.3935 0.6680 0.3970 0.6818 0.3970 0.6680 0.3935 0.6485 0.3935 0.6680 0.3987 0.6680 0.3970 0.6680 0.3987 0.6818 0.4031 0.6680 0.4031 0.6818 0.4039 0.6818 0.4031 0.6680 0.3987 0.6680 0.4031 0.6818 0.4039 0.6680 0.4039 0.6818 0.4090 0.7032 0.4039 0.6680 0.4031 0.6680 0.4039 0.6818 0.3909 0.6485 0.3909 0.6680 0.3935 0.6680 0.3909 0.6485 0.3935 0.6485 0.3909 0.6484 0.3909 0.6485 0.3909 0.6484 0.3627 0.6680 0.3909 0.6485 0.3935 0.6680 0.3935 0.6485 0.3970 0.6485 0.3970 0.6680 0.3987 0.6680 0.3970 0.6485 0.3935 0.6485 0.3970 0.6680 0.3970 0.6485 0.3970 0.6483 0.3935 0.6485 0.3987 0.6485 0.3987 0.6680 0.4031 0.6680 0.3987 0.6485 0.3970 0.6485 0.3987 0.6680 0.3987 0.6485 0.3987 0.6479 0.3970 0.6483 0.3987 0.6485 0.3970 0.6483 0.3970 0.6485 0.4031 0.6485 0.3987 0.6485 0.4031 0.6680 0.4031 0.6485 0.4031 0.6466 0.3987 0.6479 0.4031 0.6485 0.3987 0.6479 0.3987 0.6485 0.4039 0.6485 0.4031 0.6680 0.4039 0.6680 0.4039 0.6485 0.4039 0.6680 0.4090 0.6434 0.4039 0.6485 0.4090 0.6434 0.4039 0.6462 0.4039 0.6485 0.4031 0.6485 0.4031 0.6680 0.2521 0.3292 0.2521 0.3186 0.2855 0.3320 0.2521 0.3292 0.2486 0.3183 0.2521 0.3186 0.2156 0.8018 0.2136 0.8021 0.2156 0.8058 0.2229 0.8047 0.2214 0.8121 0.2229 0.8119 0.2060 0.4000 0.2060 0.3876 0.2081 0.3877 0.2229 0.8047 0.2214 0.8049 0.2214 0.8121 0.2060 0.4000 0.2037 0.3999 0.2060 0.3876 0.2136 0.3880 0.2095 0.3832 0.2136 0.3834 0.2136 0.3880 0.2095 0.3878 0.2095 0.3832 0.2136 0.3880 0.2095 0.4002 0.2095 0.3878 0.2136 0.3880 0.2136 0.3834 0.2137 0.3880 0.2136 0.3880 0.2137 0.3880 0.2095 0.4002 0.2354 0.3546 0.2322 0.3544 0.2322 0.3276 0.2486 0.1828 0.2454 0.1827 0.2486 0.1832 0.2486 0.1828 0.2454 0.1823 0.2454 0.1827 0.2037 0.4051 0.2037 0.3999 0.2060 0.4000 0.2081 0.4001 0.2060 0.4000 0.2081 0.3877 0.2081 0.4001 0.2095 0.3878 0.2095 0.4002 0.2081 0.4001 0.2095 0.4002 0.2081 0.4053 0.2437 0.1818 0.2403 0.1815 0.2437 0.1820 0.1981 0.4170 0.1981 0.4049 0.2009 0.4050 0.2437 0.1818 0.2403 0.1813 0.2403 0.1815 0.1981 0.7906 0.1173 0.8016 0.1981 0.8043 0.2188 0.1805 0.2156 0.1775 0.2188 0.1780 0.2403 0.8098 0.2382 0.8101 0.2403 0.8148 0.2403 0.8098 0.2382 0.8096 0.2382 0.8101 0.2188 0.1805 0.2156 0.1800 0.2156 0.1775 0.2382 0.3548 0.2354 0.3587 0.2354 0.3546 0.2250 0.8044 0.2229 0.8047 0.2229 0.8119 0.2009 0.4171 0.1981 0.4170 0.2009 0.4050 0.2250 0.8044 0.2229 0.8119 0.2250 0.8116 0.2521 0.1833 0.2486 0.1832 0.2521 0.1837 0.2403 0.3549 0.2403 0.3565 0.2382 0.3548 0.1981 0.1840 0.1173 0.1720 0.1981 0.1789 0.2015 0.4171 0.2009 0.4171 0.2015 0.4050 0.2015 0.4171 0.2015 0.4050 0.2037 0.4051 0.1981 0.4254 0.1173 0.4345 0.1173 0.4138 0.2037 0.4172 0.2060 0.4052 0.2081 0.4053 0.2037 0.4172 0.2047 0.4204 0.2015 0.4171 0.2037 0.4172 0.2081 0.4053 0.2047 0.4204 0.2403 0.8093 0.2382 0.8096 0.2403 0.8098 0.2437 0.3552 0.2437 0.3557 0.2403 0.3549 0.2188 0.8014 0.2188 0.8053 0.2214 0.8049 0.2009 0.4255 0.1981 0.4170 0.2009 0.4171 0.2009 0.4255 0.1981 0.4254 0.1981 0.4170 0.2454 0.1821 0.2437 0.1820 0.2454 0.1823 0.2454 0.3553 0.2437 0.3557 0.2437 0.3552 0.2454 0.3553 0.2437 0.3286 0.2454 0.3287 0.2454 0.3553 0.2437 0.3552 0.2437 0.3286 0.2015 0.4256 0.2009 0.4255 0.2009 0.4171 0.2015 0.4256 0.2009 0.4171 0.2015 0.4171 0.2015 0.4256 0.2047 0.4204 0.2037 0.4256 0.1981 0.4369 0.1981 0.4254 0.2009 0.4255 0.1981 0.4369 0.2015 0.4256 0.2037 0.4256 0.1981 0.4369 0.2037 0.4256 0.2005 0.4497 0.2521 0.3558 0.2521 0.3292 0.2855 0.3320 0.2521 0.3558 0.2486 0.3555 0.2486 0.3290 0.2521 0.3558 0.2855 0.3320 0.2855 0.3636 0.2521 0.3558 0.2521 0.3560 0.2486 0.3555 0.2214 0.1809 0.2188 0.1805 0.2188 0.1780 0.2521 0.3558 0.2486 0.3290 0.2521 0.3292 0.2015 0.7901 0.2009 0.8039 0.2015 0.8038 0.1981 0.4497 0.1173 0.4345 0.1981 0.4369 0.1981 0.4497 0.1173 0.4575 0.1173 0.4345 0.1981 0.4497 0.2005 0.4497 0.2000 0.4554 0.1981 0.4591 0.1173 0.4575 0.1981 0.4497 0.2015 0.7901 0.2009 0.7902 0.2009 0.8039 0.1981 0.4591 0.1981 0.4497 0.2000 0.4554 0.2156 0.1815 0.2136 0.1797 0.2156 0.1800 0.1981 0.4688 0.1173 0.4677 0.1173 0.4575 0.1981 0.4688 0.2000 0.4554 0.1983 0.4847 0.2437 0.8093 0.2403 0.8098 0.2437 0.8143 0.1981 0.4847 0.1173 0.4677 0.1981 0.4688 0.2009 0.1844 0.1981 0.1789 0.2009 0.1793 0.2855 0.3000 0.2521 0.3560 0.2855 0.3636 0.1981 0.4847 0.1173 0.5000 0.1173 0.4677 0.1981 0.4847 0.1983 0.4847 0.1982 0.4902 0.1981 0.4902 0.1173 0.5000 0.1981 0.4847 0.1981 0.4902 0.1981 0.4847 0.1982 0.4902 0.2277 0.8040 0.2250 0.8116 0.2277 0.8112 0.2009 0.1844 0.1981 0.1840 0.1981 0.1789 0.1981 0.5000 0.1981 0.4902 0.1982 0.4902 0.1981 0.5000 0.1982 0.4902 0.1984 0.5186 0.1981 0.5186 0.1981 0.5000 0.1984 0.5186 0.2009 0.7894 0.1981 0.7906 0.2009 0.7902 0.1981 0.5240 0.1173 0.5793 0.1173 0.5000 0.1981 0.5240 0.1984 0.5186 0.1986 0.5240 0.1981 0.5537 0.1986 0.5240 0.2009 0.5536 0.2009 0.7894 0.1981 0.7897 0.1981 0.7906 0.2214 0.8010 0.2214 0.8049 0.2229 0.8047 0.1981 0.5537 0.1173 0.5793 0.1981 0.5240 0.1981 0.5537 0.1981 0.5240 0.1986 0.5240 0.2214 0.8010 0.2188 0.8014 0.2214 0.8049 0.1981 0.5588 0.1173 0.5793 0.1981 0.5537 0.2009 0.5588 0.1981 0.5537 0.2009 0.5536 0.2015 0.7893 0.2009 0.7894 0.2009 0.7902 0.2015 0.7893 0.2009 0.7902 0.2015 0.7901 0.2437 0.8088 0.2403 0.8093 0.2403 0.8098 0.2486 0.1826 0.2454 0.1821 0.2454 0.1823 0.1981 0.5764 0.1173 0.5793 0.1981 0.5588 0.2009 0.1848 0.1981 0.1844 0.1981 0.1840 0.2009 0.5763 0.1981 0.5588 0.2009 0.5588 0.2454 0.8090 0.2437 0.8093 0.2454 0.8140 0.2009 0.1848 0.2009 0.1844 0.2015 0.1845 0.2009 0.1848 0.1981 0.1840 0.2009 0.1844 0.2015 0.5763 0.2009 0.5588 0.2015 0.5588 0.2454 0.8090 0.2454 0.8140 0.2486 0.8135 0.2229 0.8008 0.2214 0.8010 0.2229 0.8047 0.2229 0.8008 0.2229 0.8047 0.2250 0.8044 0.2009 0.5860 0.1981 0.5862 0.1981 0.5764 0.2250 0.1814 0.2229 0.1786 0.2250 0.1789 0.2250 0.1814 0.2250 0.1789 0.2277 0.1794 0.2009 0.5905 0.1981 0.5907 0.2009 0.5860 0.2305 0.8036 0.2277 0.8040 0.2277 0.8112 0.2188 0.1820 0.2188 0.1805 0.2214 0.1809 0.2037 0.5859 0.2015 0.5763 0.2060 0.5858 0.2037 0.1848 0.2015 0.1845 0.2015 0.1794 0.2015 0.5905 0.2009 0.5860 0.2015 0.5860 0.2037 0.5904 0.2015 0.5905 0.2015 0.5860 0.2037 0.7890 0.2015 0.7901 0.2037 0.7898 0.2037 0.5904 0.2015 0.5860 0.2037 0.5859 0.2037 0.1853 0.2015 0.1849 0.2015 0.1845 0.2060 0.5903 0.2060 0.5858 0.2070 0.5903 0.2250 0.8005 0.2250 0.8044 0.2277 0.8040 0.2060 0.5903 0.2037 0.5904 0.2060 0.5858 0.1981 0.6134 0.1173 0.6515 0.1173 0.5793 0.2521 0.1831 0.2521 0.1833 0.2855 0.1884 0.2521 0.1831 0.2486 0.1826 0.2486 0.1828 0.2521 0.1831 0.2855 0.1884 0.2855 0.1882 0.2060 0.7895 0.2037 0.7898 0.2037 0.8035 0.1981 0.6134 0.1173 0.5793 0.1981 0.5907 0.2060 0.1851 0.2037 0.1848 0.2060 0.1801 0.2009 0.6132 0.1981 0.5907 0.2009 0.5905 0.2009 0.6132 0.1981 0.6148 0.1981 0.6134 0.2015 0.6132 0.2009 0.6132 0.2009 0.5905 0.2486 0.8085 0.2454 0.8090 0.2486 0.8135 0.2486 0.8085 0.2486 0.8135 0.2521 0.8130 0.2486 0.8081 0.2454 0.8090 0.2486 0.8085 0.2015 0.6146 0.2009 0.6132 0.2015 0.6132 0.2486 0.8081 0.2454 0.8086 0.2454 0.8090 0.2015 0.6146 0.2009 0.6147 0.2009 0.6132 0.2229 0.1826 0.2214 0.1809 0.2229 0.1811 0.2037 0.6131 0.2015 0.5905 0.2037 0.5904 0.2037 0.6131 0.2037 0.5904 0.2060 0.5903 0.2081 0.7892 0.2060 0.8032 0.2081 0.8029 0.2229 0.1826 0.2214 0.1824 0.2214 0.1809 0.2037 0.6145 0.2015 0.6146 0.2015 0.6132 0.2081 0.1854 0.2060 0.1801 0.2081 0.1804 0.2037 0.6145 0.2015 0.6132 0.2037 0.6131 0.2277 0.8001 0.2277 0.8040 0.2305 0.8036 0.2277 0.8001 0.2250 0.8005 0.2277 0.8040 0.2081 0.7884 0.2060 0.7895 0.2081 0.7892 0.2305 0.1823 0.2277 0.1819 0.2277 0.1794 0.2305 0.1823 0.2277 0.1794 0.2305 0.1798 0.2060 0.6144 0.2037 0.6145 0.2060 0.6130 0.2305 0.1823 0.2305 0.1798 0.2322 0.1801 0.2354 0.8029 0.2322 0.8033 0.2322 0.8105 0.2095 0.7890 0.2081 0.7892 0.2081 0.8029 0.2095 0.1857 0.2081 0.1854 0.2081 0.1804 0.2095 0.7890 0.2081 0.8029 0.2095 0.8027 0.2250 0.1829 0.2250 0.1814 0.2277 0.1819 0.1981 0.7802 0.1173 0.7908 0.1981 0.7897 0.2081 0.6143 0.2060 0.6130 0.2081 0.6129 0.2250 0.1829 0.2229 0.1811 0.2250 0.1814 0.2095 0.6128 0.2081 0.6129 0.2070 0.5903 0.2521 0.8080 0.2486 0.8081 0.2486 0.8085 0.2277 0.1833 0.2250 0.1829 0.2277 0.1819 0.2095 0.7882 0.2081 0.7884 0.2081 0.7892 0.2521 0.8076 0.2521 0.8080 0.2855 0.8026 0.2305 0.7997 0.2277 0.8001 0.2305 0.8036 0.2136 0.1863 0.2095 0.1857 0.2095 0.1806 0.2354 0.1830 0.2322 0.1825 0.2322 0.1801 0.2382 0.8025 0.2354 0.8100 0.2382 0.8096 0.2354 0.1830 0.2322 0.1801 0.2354 0.1805 0.2354 0.1830 0.2354 0.1805 0.2382 0.1810 0.2037 0.6291 0.2015 0.6293 0.2015 0.6146 0.1981 0.1917 0.1173 0.1800 0.1981 0.1844 0.2037 0.6291 0.2037 0.6145 0.2060 0.6144 0.2322 0.7995 0.2305 0.7997 0.2322 0.8033 0.2322 0.7995 0.2322 0.8033 0.2354 0.8029 0.2136 0.1867 0.2095 0.1857 0.2136 0.1863 0.2136 0.1867 0.2095 0.1861 0.2095 0.1857 0.2305 0.1837 0.2277 0.1819 0.2305 0.1823 0.1981 0.6402 0.1981 0.6310 0.2009 0.6308 0.2305 0.1837 0.2277 0.1833 0.2277 0.1819 0.2156 0.1866 0.2136 0.1812 0.2156 0.1815 0.2136 0.6140 0.2095 0.6128 0.2136 0.6126 0.2060 0.6290 0.2037 0.6291 0.2060 0.6144 0.2136 0.7884 0.2095 0.7890 0.2095 0.8027 0.2403 0.8022 0.2382 0.8096 0.2403 0.8093 0.2382 0.1834 0.2382 0.1810 0.2403 0.1813 0.2136 0.7876 0.2095 0.7890 0.2136 0.7884 0.2136 0.7876 0.2095 0.7882 0.2095 0.7890 0.2009 0.6400 0.1981 0.6402 0.2009 0.6308 0.2322 0.1840 0.2305 0.1837 0.2322 0.1825 0.2009 0.1921 0.1981 0.1844 0.2009 0.1848 0.2081 0.6288 0.2060 0.6144 0.2081 0.6143 0.2081 0.6288 0.2081 0.6143 0.2095 0.6142 0.2081 0.6288 0.2060 0.6290 0.2060 0.6144 0.2009 0.1921 0.1981 0.1917 0.1981 0.1844 0.2037 0.7795 0.2015 0.7798 0.2015 0.7893 0.2081 0.6303 0.2060 0.6290 0.2081 0.6288 0.2037 0.7795 0.2037 0.7890 0.2060 0.7887 0.2015 0.1922 0.2009 0.1848 0.2015 0.1849 0.2015 0.1922 0.2009 0.1921 0.2009 0.1848 0.1981 0.7744 0.1173 0.7627 0.1173 0.7908 0.1981 0.7744 0.1173 0.7908 0.1981 0.7802 0.1981 0.6477 0.1981 0.6402 0.2009 0.6400 0.2354 0.7990 0.2354 0.8029 0.2382 0.8025 0.2156 0.7874 0.2136 0.7884 0.2156 0.7882 0.2037 0.6398 0.2037 0.6306 0.2060 0.6305 0.2188 0.1870 0.2156 0.1815 0.2188 0.1820 0.2156 0.7874 0.2136 0.7876 0.2136 0.7884 0.2095 0.6303 0.2081 0.6303 0.2095 0.6288 0.2037 0.1925 0.2015 0.1849 0.2037 0.1853 0.2037 0.1925 0.2037 0.1853 0.2060 0.1856 0.2437 0.8017 0.2403 0.8093 0.2437 0.8088 0.2037 0.1925 0.2015 0.1922 0.2015 0.1849 0.2188 0.7877 0.2156 0.7874 0.2156 0.7882 0.2015 0.6475 0.2009 0.6475 0.2015 0.6399 0.2188 0.1875 0.2156 0.1870 0.2156 0.1866 0.2354 0.1845 0.2354 0.1830 0.2382 0.1834 0.2015 0.6475 0.2015 0.6399 0.2037 0.6398 0.2136 0.6285 0.2095 0.6288 0.2095 0.6142 0.2136 0.6285 0.2136 0.6140 0.2145 0.6139 0.2136 0.6285 0.2095 0.6142 0.2136 0.6140 0.1981 0.1957 0.1173 0.1800 0.1981 0.1917 0.2382 0.7986 0.2382 0.8025 0.2403 0.8022 0.2382 0.7986 0.2354 0.7990 0.2382 0.8025 0.2037 0.6473 0.2037 0.6398 0.2060 0.6396 0.2037 0.6473 0.2015 0.6475 0.2037 0.6398 0.2214 0.1874 0.2188 0.1870 0.2188 0.1820 0.2156 0.6284 0.2136 0.6285 0.2145 0.6139 0.2015 0.7739 0.2009 0.7798 0.2015 0.7798 0.2015 0.7739 0.2009 0.7740 0.2009 0.7798 0.2095 0.6394 0.2095 0.6303 0.2136 0.6300 0.2454 0.8014 0.2437 0.8017 0.2437 0.8088 0.2454 0.8014 0.2437 0.8088 0.2454 0.8086 0.2156 0.6299 0.2136 0.6300 0.2136 0.6285 0.2156 0.6299 0.2136 0.6285 0.2156 0.6284 0.2188 0.6282 0.2156 0.6284 0.2145 0.6139 0.2229 0.1876 0.2214 0.1874 0.2229 0.1826 0.2382 0.1849 0.2382 0.1834 0.2403 0.1838 0.2009 0.1961 0.1981 0.1917 0.2009 0.1921 0.2188 0.6297 0.2156 0.6284 0.2188 0.6282 0.2009 0.1961 0.1981 0.1957 0.1981 0.1917 0.2454 0.1845 0.2437 0.1843 0.2437 0.1818 0.2095 0.6469 0.2081 0.6470 0.2095 0.6394 0.2454 0.1845 0.2437 0.1818 0.2454 0.1821 0.2095 0.6469 0.2095 0.6394 0.2136 0.6391 0.2214 0.6280 0.2145 0.6139 0.2219 0.6280 0.2081 0.1932 0.2060 0.1929 0.2060 0.1856 0.2037 0.7737 0.2015 0.7739 0.2015 0.7798 0.2156 0.6390 0.2156 0.6299 0.2188 0.6297 0.2081 0.1932 0.2060 0.1856 0.2081 0.1859 0.2214 0.7866 0.2188 0.7869 0.2214 0.7874 0.2156 0.6390 0.2136 0.6391 0.2156 0.6299 0.2486 0.8010 0.2454 0.8086 0.2486 0.8081 0.2214 0.6295 0.2214 0.6280 0.2219 0.6280 0.2214 0.6295 0.2188 0.6297 0.2188 0.6282 0.2136 0.6467 0.2095 0.6469 0.2136 0.6391 0.2229 0.7872 0.2214 0.7874 0.2214 0.8010 0.2229 0.7872 0.2214 0.8010 0.2229 0.8008 0.2188 0.6388 0.2156 0.6390 0.2188 0.6297 0.2188 0.6388 0.2188 0.6297 0.2214 0.6295 0.2250 0.1879 0.2229 0.1826 0.2250 0.1829 0.2229 0.7864 0.2214 0.7866 0.2214 0.7874 0.2060 0.7734 0.2037 0.7795 0.2060 0.7792 0.2214 0.6386 0.2188 0.6388 0.2214 0.6295 0.2095 0.1934 0.2081 0.1932 0.2081 0.1859 0.2060 0.7734 0.2037 0.7737 0.2037 0.7795 0.2229 0.6385 0.2214 0.6386 0.2229 0.6294 0.2095 0.1934 0.2081 0.1859 0.2095 0.1861 0.2188 0.6463 0.2156 0.6465 0.2188 0.6388 0.2250 0.1884 0.2229 0.1881 0.2229 0.1876 0.2250 0.7869 0.2229 0.7864 0.2229 0.7872 0.2250 0.6384 0.2229 0.6385 0.2229 0.6294 0.2037 0.1965 0.2015 0.1962 0.2015 0.1922 0.2214 0.6461 0.2188 0.6463 0.2214 0.6386 0.2136 0.7782 0.2095 0.7882 0.2136 0.7876 0.2081 0.7731 0.2060 0.7734 0.2060 0.7792 0.2250 0.6459 0.2229 0.6460 0.2250 0.6384 0.2437 0.1857 0.2403 0.1838 0.2437 0.1843 0.2081 0.7731 0.2060 0.7792 0.2081 0.7789 0.2521 0.8005 0.2521 0.8076 0.2855 0.8026 0.2277 0.6457 0.2277 0.6382 0.2305 0.6380 0.2521 0.8005 0.2486 0.8081 0.2521 0.8076 0.2454 0.7976 0.2437 0.7978 0.2454 0.8014 0.2277 0.1888 0.2250 0.1884 0.2277 0.1884 0.2095 0.7729 0.2081 0.7731 0.2081 0.7789 0.2095 0.7729 0.2081 0.7789 0.2095 0.7787 0.2521 0.1855 0.2521 0.1831 0.2855 0.1882 0.2521 0.1855 0.2486 0.1850 0.2486 0.1826 0.2521 0.1855 0.2486 0.1826 0.2521 0.1831 0.1981 0.7040 0.1173 0.7118 0.1981 0.6477 0.2277 0.7865 0.2250 0.8005 0.2277 0.8001 0.2305 0.1888 0.2305 0.1837 0.2322 0.1840 0.2354 0.6452 0.2307 0.6380 0.2384 0.6428 0.2305 0.1888 0.2277 0.1833 0.2305 0.1837 0.2354 0.6452 0.2322 0.6454 0.2307 0.6380 0.2277 0.7857 0.2250 0.7861 0.2277 0.7865 0.2486 0.7971 0.2486 0.8010 0.2521 0.8005 0.2486 0.7971 0.2454 0.7976 0.2486 0.8010 0.2305 0.1892 0.2277 0.1888 0.2277 0.1884 0.2305 0.1892 0.2277 0.1884 0.2305 0.1888 0.1981 0.7085 0.1173 0.7630 0.1173 0.7118 0.2156 0.1942 0.2136 0.1940 0.2136 0.1867 0.2156 0.1942 0.2136 0.1867 0.2156 0.1870 0.2188 0.7775 0.2156 0.7779 0.2156 0.7874 0.2305 0.7853 0.2277 0.7865 0.2305 0.7861 0.2322 0.1890 0.2305 0.1888 0.2322 0.1840 0.2322 0.1890 0.2305 0.1892 0.2305 0.1888 0.2095 0.1973 0.2081 0.1971 0.2081 0.1932 0.2095 0.1973 0.2081 0.1932 0.2095 0.1934 0.2382 0.6450 0.2384 0.6428 0.2388 0.6429 0.2382 0.6450 0.2354 0.6452 0.2384 0.6428 0.2322 0.7859 0.2305 0.7861 0.2305 0.7997 0.2486 0.1865 0.2454 0.1845 0.2486 0.1850 0.2322 0.7859 0.2305 0.7997 0.2322 0.7995 0.2521 0.7966 0.2486 0.7971 0.2521 0.8005 0.2521 0.7966 0.2521 0.8005 0.2855 0.7919 0.2188 0.1947 0.2156 0.1942 0.2156 0.1870 0.2037 0.7035 0.2037 0.6473 0.2060 0.6472 0.2214 0.7771 0.2188 0.7775 0.2188 0.7869 0.2009 0.7083 0.2009 0.7038 0.2015 0.7037 0.2354 0.1895 0.2322 0.1895 0.2322 0.1890 0.2009 0.7083 0.1981 0.7085 0.2009 0.7038 0.2354 0.1895 0.2322 0.1890 0.2322 0.1840 0.2156 0.7721 0.2136 0.7724 0.2136 0.7782 0.2015 0.7082 0.2009 0.7083 0.2015 0.7037 0.2354 0.1895 0.2322 0.1840 0.2354 0.1845 0.2015 0.7082 0.2015 0.7037 0.2037 0.7035 0.2229 0.7769 0.2214 0.7771 0.2214 0.7866 0.2521 0.1870 0.2486 0.1850 0.2521 0.1855 0.2037 0.7080 0.2037 0.7035 0.2060 0.7033 0.2214 0.1951 0.2214 0.1879 0.2229 0.1881 0.2437 0.6446 0.2403 0.6448 0.2388 0.6429 0.2214 0.1951 0.2188 0.1947 0.2188 0.1875 0.1981 0.7532 0.1173 0.7627 0.1981 0.7744 0.2214 0.1951 0.2188 0.1875 0.2214 0.1879 0.2382 0.1899 0.2354 0.1900 0.2354 0.1895 0.2081 0.7031 0.2060 0.7033 0.2060 0.6472 0.2382 0.1899 0.2382 0.1849 0.2403 0.1852 0.2156 0.1982 0.2136 0.1979 0.2136 0.1940 0.1981 0.7531 0.1173 0.7627 0.1981 0.7532 0.2095 0.7030 0.2081 0.7031 0.2081 0.6470 0.2095 0.7030 0.2081 0.6470 0.2095 0.6469 0.2354 0.7847 0.2322 0.7859 0.2354 0.7855 0.1981 0.2094 0.1173 0.1984 0.1981 0.1957 0.2081 0.7076 0.2081 0.7031 0.2095 0.7030 0.2188 0.7717 0.2156 0.7779 0.2188 0.7775 0.2188 0.7717 0.2156 0.7721 0.2156 0.7779 0.2403 0.1902 0.2382 0.1899 0.2403 0.1852 0.2382 0.7851 0.2354 0.7855 0.2354 0.7990 0.2136 0.7026 0.2095 0.6469 0.2136 0.6467 0.2009 0.7529 0.1981 0.7744 0.2009 0.7740 0.2009 0.7529 0.1981 0.7532 0.1981 0.7744 0.2250 0.1956 0.2250 0.1884 0.2277 0.1888 0.1981 0.2103 0.1173 0.2092 0.1173 0.1984 0.2156 0.7024 0.2136 0.6467 0.2156 0.6465 0.2136 0.7070 0.2095 0.7030 0.2136 0.7026 0.2136 0.7070 0.2136 0.7026 0.2156 0.7024 0.2188 0.1986 0.2156 0.1982 0.2156 0.1942 0.2188 0.1986 0.2156 0.1942 0.2188 0.1947 0.2188 0.7021 0.2156 0.6465 0.2188 0.6463 0.2015 0.7528 0.2009 0.7529 0.2015 0.7528 0.2009 0.2098 0.1981 0.1957 0.2009 0.1961 0.2214 0.7714 0.2188 0.7775 0.2214 0.7771 0.2188 0.7065 0.2188 0.7021 0.2214 0.7018 0.2437 0.1907 0.2403 0.1852 0.2437 0.1857 0.2277 0.7763 0.2250 0.7767 0.2277 0.7857 0.2229 0.7017 0.2214 0.6461 0.2229 0.6460 0.2277 0.1960 0.2250 0.1956 0.2277 0.1888 0.2229 0.7017 0.2214 0.7018 0.2214 0.6461 0.2214 0.7063 0.2214 0.7018 0.2229 0.7017 0.2009 0.2106 0.1981 0.2103 0.2009 0.2098 0.2229 0.7712 0.2214 0.7714 0.2214 0.7771 0.2403 0.7840 0.2382 0.7843 0.2403 0.7848 0.2250 0.7015 0.2250 0.6459 0.2277 0.6457 0.2214 0.1990 0.2188 0.1947 0.2214 0.1951 0.2250 0.7015 0.2229 0.7017 0.2229 0.6460 0.2250 0.7015 0.2229 0.6460 0.2250 0.6459 0.2229 0.7061 0.2214 0.7063 0.2229 0.7017 0.2437 0.1912 0.2403 0.1902 0.2437 0.1907 0.2437 0.1912 0.2403 0.1907 0.2403 0.1902 0.2037 0.7525 0.2015 0.7528 0.2015 0.7528 0.2250 0.7059 0.2250 0.7015 0.2277 0.7012 0.2250 0.7059 0.2229 0.7061 0.2250 0.7015 0.2305 0.7010 0.2277 0.7012 0.2277 0.6457 0.2305 0.7010 0.2277 0.6457 0.2305 0.6455 0.2229 0.1992 0.2214 0.1990 0.2214 0.1951 0.2277 0.7057 0.2250 0.7059 0.2277 0.7012 0.2277 0.7057 0.2277 0.7012 0.2305 0.7010 0.2454 0.1914 0.2437 0.1912 0.2437 0.1907 0.2454 0.1914 0.2437 0.1907 0.2454 0.1910 0.2437 0.7843 0.2403 0.7848 0.2403 0.7983 0.2060 0.7523 0.2037 0.7737 0.2060 0.7734 0.2305 0.7054 0.2305 0.7010 0.2322 0.7008 0.2305 0.1964 0.2277 0.1960 0.2277 0.1888 0.2322 0.7052 0.2305 0.7054 0.2322 0.7008 0.2060 0.7523 0.2037 0.7525 0.2037 0.7525 0.2354 0.7005 0.2322 0.6454 0.2354 0.6452 0.2037 0.2110 0.2015 0.2099 0.2037 0.2102 0.2060 0.7523 0.2037 0.7525 0.2037 0.7737 0.2354 0.7005 0.2322 0.7008 0.2322 0.6454 0.2037 0.2110 0.2015 0.2107 0.2015 0.2099 0.2060 0.7522 0.2037 0.7525 0.2060 0.7523 0.2060 0.2105 0.2037 0.2110 0.2037 0.2102 0.1981 0.7534 0.1981 0.7085 0.2009 0.7083 0.2382 0.7002 0.2354 0.7005 0.2382 0.6450 0.2382 0.7002 0.2382 0.6450 0.2403 0.6448 0.2322 0.1967 0.2305 0.1964 0.2322 0.1895 0.2454 0.7841 0.2437 0.7843 0.2437 0.7978 0.2486 0.1915 0.2486 0.1865 0.2521 0.1870 0.2354 0.7049 0.2322 0.7008 0.2354 0.7005 0.2081 0.7520 0.2060 0.7734 0.2081 0.7731 0.2009 0.7531 0.1981 0.7534 0.2009 0.7083 0.2486 0.1919 0.2454 0.1914 0.2454 0.1910 0.2081 0.7520 0.2060 0.7522 0.2060 0.7523 0.2015 0.7530 0.2015 0.7082 0.2037 0.7080 0.2277 0.1999 0.2250 0.1995 0.2277 0.1960 0.2454 0.7833 0.2437 0.7843 0.2454 0.7841 0.2095 0.7519 0.2081 0.7520 0.2081 0.7731 0.2095 0.7519 0.2081 0.7731 0.2095 0.7729 0.2354 0.1971 0.2322 0.1895 0.2354 0.1900 0.2354 0.1971 0.2322 0.1967 0.2322 0.1895 0.2354 0.1971 0.2354 0.1900 0.2382 0.1904 0.2354 0.7753 0.2354 0.7847 0.2382 0.7843 0.2382 0.7046 0.2382 0.7002 0.2403 0.7000 0.2382 0.7046 0.2354 0.7049 0.2382 0.7002 0.2037 0.7528 0.2015 0.7530 0.2037 0.7080 0.1981 0.7387 0.1173 0.7478 0.1173 0.7627 0.2403 0.7044 0.2382 0.7046 0.2403 0.7000 0.1981 0.4509 0.1981 0.5000 0.2004 0.4510 0.2437 0.6997 0.2403 0.7000 0.2437 0.6446 0.1981 0.7387 0.1173 0.7627 0.1981 0.7531 0.1981 0.4236 0.1981 0.4509 0.2004 0.4510 0.2521 0.1920 0.2855 0.1920 0.2855 0.1974 0.2095 0.2118 0.2081 0.2116 0.2081 0.2108 0.2009 0.4237 0.1981 0.4236 0.2004 0.4510 0.2015 0.4237 0.2004 0.4510 0.2060 0.4138 0.2015 0.4237 0.2009 0.4237 0.2004 0.4510 0.2521 0.1924 0.2486 0.1919 0.2486 0.1915 0.2486 0.7837 0.2454 0.7976 0.2486 0.7971 0.2521 0.1924 0.2486 0.1915 0.2521 0.1920 0.1981 0.4135 0.1173 0.4207 0.1981 0.4236 0.2060 0.7525 0.2060 0.7078 0.2081 0.7076 0.2521 0.1924 0.2521 0.1920 0.2855 0.1974 0.2305 0.2003 0.2277 0.1960 0.2305 0.1964 0.2486 0.7829 0.2454 0.7833 0.2454 0.7841 0.2009 0.4136 0.1981 0.4135 0.1981 0.4236 0.2382 0.7749 0.2382 0.7843 0.2403 0.7840 0.2382 0.7749 0.2354 0.7753 0.2382 0.7843 0.2015 0.7591 0.2009 0.7591 0.2009 0.7531 0.2382 0.1975 0.2382 0.1904 0.2403 0.1907 0.1981 0.3874 0.1173 0.3485 0.1173 0.4207 0.2322 0.7700 0.2305 0.7760 0.2322 0.7757 0.2009 0.2202 0.1981 0.2198 0.1981 0.2103 0.2454 0.6995 0.2437 0.6446 0.2454 0.6445 0.1981 0.3874 0.1173 0.4207 0.1981 0.4135 0.2322 0.2005 0.2305 0.2003 0.2322 0.1967 0.2081 0.7523 0.2060 0.7525 0.2081 0.7076 0.2081 0.7523 0.2081 0.7076 0.2095 0.7074 0.2015 0.7383 0.2009 0.7528 0.2015 0.7528 0.2060 0.3878 0.2037 0.3877 0.2060 0.4138 0.2015 0.7383 0.2009 0.7384 0.2009 0.7528 0.2437 0.7041 0.2437 0.6997 0.2454 0.6995 0.2437 0.7041 0.2403 0.7044 0.2437 0.6997 0.2015 0.2202 0.2009 0.2106 0.2015 0.2107 0.1981 0.3714 0.1981 0.3874 0.2009 0.3875 0.2081 0.3879 0.2060 0.3878 0.2060 0.4138 0.2136 0.7514 0.2095 0.7519 0.2095 0.7729 0.2095 0.3880 0.2060 0.4138 0.2136 0.3882 0.2136 0.2116 0.2095 0.1973 0.2136 0.1979 0.2136 0.7513 0.2095 0.7519 0.2136 0.7514 0.2403 0.1978 0.2382 0.1975 0.2403 0.1907 0.2009 0.3716 0.2009 0.3875 0.2015 0.3876 0.2095 0.7521 0.2095 0.7074 0.2136 0.7070 0.2009 0.3716 0.1981 0.3714 0.2009 0.3875 0.2521 0.7832 0.2486 0.7971 0.2521 0.7966 0.2521 0.7832 0.2855 0.7919 0.2855 0.7779 0.2136 0.2124 0.2095 0.2110 0.2136 0.2116 0.2521 0.7832 0.2521 0.7966 0.2855 0.7919 0.2015 0.3716 0.2015 0.3876 0.2037 0.3877 0.2454 0.7039 0.2437 0.7041 0.2454 0.6995 0.2015 0.3716 0.2009 0.3716 0.2015 0.3876 0.2486 0.6992 0.2454 0.6995 0.2454 0.6445 0.2037 0.3718 0.2037 0.3877 0.2060 0.3878 0.2037 0.3718 0.2015 0.3716 0.2037 0.3877 0.2403 0.7747 0.2382 0.7749 0.2403 0.7840 0.2060 0.7585 0.2037 0.7528 0.2060 0.7525 0.1981 0.7328 0.1173 0.7114 0.1173 0.7478 0.1981 0.7328 0.1173 0.7478 0.1981 0.7387 0.1981 0.3608 0.1981 0.3714 0.2009 0.3716 0.1981 0.3608 0.1173 0.3485 0.1981 0.3714 0.2037 0.2205 0.2037 0.2110 0.2060 0.2113 0.1981 0.7328 0.1981 0.7387 0.2009 0.7384 0.2060 0.3719 0.2060 0.3878 0.2081 0.3879 0.2521 0.7824 0.2486 0.7837 0.2521 0.7832 0.2009 0.3610 0.1981 0.3608 0.2009 0.3716 0.1981 0.2256 0.1173 0.2373 0.1173 0.2092 0.2136 0.7516 0.2095 0.7521 0.2136 0.7070 0.1981 0.2256 0.1981 0.2198 0.2009 0.2202 0.2354 0.2010 0.2322 0.1967 0.2354 0.1971 0.2156 0.7511 0.2136 0.7514 0.2156 0.7511 0.2095 0.7581 0.2081 0.7523 0.2095 0.7521 0.2081 0.3720 0.2081 0.3879 0.2095 0.3880 0.2095 0.7581 0.2081 0.7583 0.2081 0.7523 0.2081 0.3720 0.2060 0.3719 0.2081 0.3879 0.2156 0.7514 0.2136 0.7516 0.2156 0.7068 0.2156 0.2126 0.2136 0.2116 0.2156 0.2118 0.2156 0.2126 0.2136 0.2124 0.2136 0.2116 0.2354 0.7696 0.2322 0.7757 0.2354 0.7753 0.1981 0.3523 0.1173 0.3485 0.1981 0.3608 0.2354 0.7696 0.2322 0.7700 0.2322 0.7757 0.1981 0.3523 0.1173 0.2882 0.1173 0.3485 0.2156 0.7514 0.2156 0.7068 0.2188 0.7065 0.2037 0.3612 0.2037 0.3718 0.2060 0.3719 0.2037 0.7381 0.2015 0.7528 0.2037 0.7525 0.2521 0.7033 0.2521 0.6989 0.2855 0.7000 0.2060 0.2208 0.2037 0.2205 0.2060 0.2113 0.2037 0.7381 0.2015 0.7383 0.2015 0.7528 0.2188 0.7510 0.2156 0.7514 0.2188 0.7065 0.2009 0.7325 0.1981 0.7328 0.2009 0.7384 0.2188 0.7510 0.2188 0.7065 0.2214 0.7063 0.2060 0.3613 0.2060 0.3719 0.2081 0.3720 0.2437 0.7742 0.2403 0.7747 0.2403 0.7840 0.2437 0.7742 0.2403 0.7840 0.2437 0.7835 0.2136 0.7576 0.2095 0.7581 0.2095 0.7521 0.2015 0.3525 0.2009 0.3525 0.2009 0.3610 0.2060 0.7378 0.2037 0.7381 0.2060 0.7522 0.2156 0.7573 0.2136 0.7576 0.2136 0.7516 0.2156 0.7573 0.2136 0.7516 0.2156 0.7514 0.2081 0.3615 0.2081 0.3720 0.2095 0.3721 0.2382 0.2014 0.2354 0.2010 0.2382 0.1975 0.2015 0.2261 0.2009 0.2260 0.2015 0.2202 0.2214 0.7507 0.2188 0.7510 0.2214 0.7063 0.2037 0.3527 0.2037 0.3612 0.2060 0.3613 0.2037 0.3527 0.2015 0.3610 0.2037 0.3612 0.2015 0.2261 0.2015 0.2202 0.2037 0.2205 0.2156 0.3725 0.2136 0.3724 0.2136 0.3882 0.2095 0.3616 0.2081 0.3615 0.2095 0.3721 0.2188 0.2131 0.2156 0.2118 0.2188 0.2123 0.2060 0.3528 0.2037 0.3527 0.2060 0.3613 0.2081 0.2211 0.2060 0.2208 0.2060 0.2113 0.2081 0.2211 0.2060 0.2113 0.2081 0.2116 0.2188 0.7570 0.2156 0.7514 0.2188 0.7510 0.2403 0.2017 0.2382 0.2014 0.2403 0.1978 0.2188 0.7507 0.2156 0.7511 0.2188 0.7508 0.2188 0.7507 0.2156 0.7511 0.2156 0.7511 0.2250 0.7502 0.2250 0.7059 0.2277 0.7057 0.2136 0.3618 0.2095 0.3616 0.2136 0.3724 0.2454 0.7740 0.2437 0.7742 0.2437 0.7835 0.2136 0.3618 0.2136 0.3724 0.2156 0.3725 0.2214 0.2126 0.2188 0.1986 0.2214 0.1990 0.2250 0.7502 0.2229 0.7505 0.2250 0.7059 0.2156 0.3620 0.2136 0.3618 0.2156 0.3725 0.2156 0.3620 0.2156 0.3725 0.2188 0.3727 0.2214 0.7566 0.2188 0.7510 0.2214 0.7507 0.2081 0.7376 0.2060 0.7522 0.2081 0.7520 0.2214 0.7566 0.2188 0.7570 0.2188 0.7510 0.2081 0.7376 0.2060 0.7378 0.2060 0.7522 0.2136 0.3534 0.2095 0.3531 0.2095 0.3616 0.2037 0.2263 0.2015 0.2261 0.2037 0.2205 0.2403 0.7690 0.2382 0.7692 0.2382 0.7749 0.2156 0.3535 0.2136 0.3534 0.2136 0.3618 0.2229 0.7565 0.2214 0.7507 0.2229 0.7505 0.2214 0.3623 0.2188 0.3622 0.2214 0.3728 0.2250 0.7562 0.2229 0.7505 0.2250 0.7502 0.2188 0.3537 0.2156 0.3535 0.2188 0.3622 0.2214 0.7505 0.2188 0.7717 0.2214 0.7714 0.2214 0.7504 0.2188 0.7507 0.2188 0.7508 0.2214 0.3539 0.2188 0.3537 0.2188 0.3622 0.2322 0.7494 0.2322 0.7052 0.2354 0.7049 0.2229 0.2136 0.2214 0.2134 0.2214 0.2126 0.2322 0.7494 0.2305 0.7496 0.2322 0.7052 0.2229 0.2136 0.2214 0.2126 0.2229 0.2128 0.2214 0.3539 0.2214 0.3623 0.2229 0.3624 0.2095 0.7374 0.2081 0.7376 0.2081 0.7520 0.2277 0.7559 0.2250 0.7502 0.2277 0.7499 0.2229 0.3540 0.2214 0.3539 0.2229 0.3624 0.2060 0.7319 0.2037 0.7322 0.2060 0.7378 0.2277 0.7559 0.2250 0.7562 0.2250 0.7502 0.2060 0.7319 0.2060 0.7378 0.2081 0.7376 0.2486 0.7736 0.2454 0.7833 0.2486 0.7829 0.2250 0.3542 0.2229 0.3540 0.2229 0.3624 0.2437 0.2022 0.2403 0.1978 0.2437 0.1983 0.2229 0.7503 0.2214 0.7714 0.2229 0.7712 0.2250 0.2131 0.2229 0.1992 0.2250 0.1995 0.2305 0.7555 0.2277 0.7499 0.2305 0.7496 0.2277 0.3543 0.2277 0.3628 0.2296 0.3629 0.2305 0.3545 0.2277 0.3543 0.2296 0.3629 0.2136 0.2218 0.2095 0.2118 0.2136 0.2124 0.2322 0.3547 0.2305 0.3545 0.2296 0.3629 0.1981 0.7908 0.1981 0.7595 0.2009 0.7591 0.2250 0.2139 0.2229 0.2128 0.2250 0.2131 0.2250 0.2139 0.2229 0.2136 0.2229 0.2128 0.2081 0.2269 0.2060 0.2266 0.2081 0.2211 0.2322 0.7553 0.2305 0.7496 0.2322 0.7494 0.2081 0.2269 0.2081 0.2211 0.2095 0.2213 0.2322 0.7553 0.2305 0.7555 0.2305 0.7496 0.2081 0.7317 0.2081 0.7376 0.2095 0.7374 0.2354 0.3549 0.2322 0.3547 0.2296 0.3629 0.2521 0.1995 0.2521 0.1924 0.2855 0.1974 0.2454 0.2024 0.2437 0.1983 0.2454 0.1986 0.2156 0.2221 0.2136 0.2124 0.2156 0.2126 0.2009 0.7904 0.2009 0.7591 0.2015 0.7591 0.2156 0.2221 0.2136 0.2218 0.2136 0.2124 0.2009 0.7904 0.1981 0.7908 0.2009 0.7591 0.2250 0.7500 0.2229 0.7502 0.2229 0.7503 0.2095 0.2271 0.2095 0.2213 0.2136 0.2218 0.1981 0.2915 0.1173 0.2882 0.1981 0.2960 0.2095 0.2271 0.2081 0.2269 0.2095 0.2213 0.2136 0.7370 0.2095 0.7518 0.2136 0.7513 0.1981 0.2915 0.1981 0.2960 0.2009 0.2962 0.1981 0.2915 0.1173 0.2370 0.1173 0.2882 0.2136 0.7370 0.2136 0.7513 0.2156 0.7511 0.2277 0.2135 0.2250 0.1995 0.2277 0.1999 0.2015 0.2963 0.2015 0.3525 0.2037 0.3527 0.2277 0.2135 0.2250 0.2139 0.2250 0.2131 0.2015 0.7903 0.2015 0.7591 0.2037 0.7588 0.2454 0.7683 0.2437 0.7742 0.2454 0.7740 0.2277 0.2135 0.2250 0.2131 0.2250 0.1995 0.2095 0.7316 0.2081 0.7317 0.2095 0.7374 0.1981 0.7942 0.1173 0.8263 0.1173 0.8018 0.2521 0.7731 0.2521 0.7824 0.2855 0.7779 0.2521 0.7731 0.2855 0.7779 0.2855 0.7631 0.2486 0.2029 0.2454 0.1986 0.2486 0.1990 0.2486 0.2029 0.2454 0.2024 0.2454 0.1986 0.2037 0.2965 0.2037 0.3527 0.2060 0.3528 0.2354 0.7549 0.2322 0.7494 0.2354 0.7490 0.2354 0.7549 0.2322 0.7553 0.2322 0.7494 0.2305 0.2139 0.2277 0.2135 0.2277 0.1999 0.2188 0.2225 0.2156 0.2221 0.2156 0.2126 0.2037 0.7900 0.2015 0.7903 0.2037 0.7588 0.2009 0.2917 0.2009 0.2962 0.2015 0.2963 0.2305 0.2147 0.2277 0.2135 0.2305 0.2139 0.2015 0.2918 0.2009 0.2917 0.2015 0.2963 0.2486 0.7679 0.2454 0.7683 0.2454 0.7740 0.2060 0.2967 0.2037 0.2965 0.2060 0.3528 0.2009 0.7938 0.1981 0.7942 0.1981 0.7908 0.2136 0.2276 0.2095 0.2271 0.2136 0.2218 0.2382 0.7546 0.2354 0.7549 0.2354 0.7490 0.2060 0.2967 0.2060 0.3528 0.2081 0.3530 0.2136 0.2276 0.2136 0.2218 0.2156 0.2221 0.2322 0.2141 0.2305 0.2147 0.2305 0.2139 0.2015 0.7937 0.2009 0.7938 0.2009 0.7904 0.2322 0.2141 0.2305 0.2139 0.2305 0.2003 0.2037 0.2920 0.2037 0.2965 0.2060 0.2967 0.2305 0.7494 0.2277 0.7497 0.2277 0.7706 0.2037 0.2920 0.2015 0.2918 0.2037 0.2965 0.2437 0.7480 0.2403 0.7484 0.2437 0.7041 0.2437 0.7480 0.2437 0.7041 0.2454 0.7039 0.2521 0.2034 0.2486 0.2029 0.2486 0.1990 0.2305 0.7494 0.2277 0.7706 0.2305 0.7702 0.2521 0.2034 0.2486 0.1990 0.2521 0.1995 0.2060 0.7897 0.2060 0.7585 0.2081 0.7583 0.2305 0.7493 0.2277 0.7497 0.2305 0.7494 0.2188 0.7364 0.2188 0.7507 0.2214 0.7504 0.2060 0.2922 0.2037 0.2920 0.2060 0.2967 0.2214 0.2229 0.2188 0.2225 0.2188 0.2131 0.2156 0.2279 0.2136 0.2276 0.2156 0.2221 0.2156 0.2279 0.2156 0.2221 0.2188 0.2225 0.2095 0.2970 0.2081 0.2969 0.2095 0.3531 0.2156 0.7309 0.2136 0.7311 0.2156 0.7368 0.2229 0.2231 0.2214 0.2134 0.2229 0.2136 0.2403 0.7543 0.2382 0.7487 0.2403 0.7484 0.2156 0.7309 0.2156 0.7368 0.2188 0.7364 0.2081 0.7894 0.2081 0.7583 0.2095 0.7581 0.2229 0.2231 0.2214 0.2229 0.2214 0.2134 0.2322 0.7492 0.2305 0.7494 0.2305 0.7702 0.2081 0.2924 0.2060 0.2922 0.2081 0.2969 0.2081 0.2924 0.2081 0.2969 0.2095 0.2970 0.2095 0.2926 0.2081 0.2924 0.2095 0.2970 0.2322 0.7491 0.2305 0.7493 0.2322 0.7492 0.2521 0.7674 0.2521 0.7731 0.2855 0.7631 0.2521 0.7674 0.2486 0.7736 0.2521 0.7731 0.2095 0.7892 0.2095 0.7581 0.2136 0.7576 0.1981 0.2468 0.1981 0.2256 0.2009 0.2260 0.2060 0.7931 0.2037 0.7934 0.2060 0.7897 0.2136 0.2930 0.2095 0.2926 0.2095 0.2970 0.2136 0.2930 0.2136 0.2974 0.2156 0.2976 0.2437 0.7539 0.2403 0.7484 0.2437 0.7480 0.2136 0.2930 0.2095 0.2970 0.2136 0.2974 0.2437 0.7539 0.2403 0.7543 0.2403 0.7484 0.2354 0.2153 0.2322 0.2141 0.2354 0.2145 0.2156 0.2932 0.2136 0.2930 0.2156 0.2976 0.2188 0.7305 0.2156 0.7309 0.2188 0.7364 0.2250 0.2233 0.2229 0.2231 0.2250 0.2139 0.2188 0.7305 0.2188 0.7364 0.2214 0.7361 0.2454 0.7537 0.2437 0.7539 0.2437 0.7480 0.2250 0.2233 0.2250 0.2139 0.2277 0.2143 0.2354 0.7488 0.2322 0.7492 0.2322 0.7700 0.2382 0.2149 0.2354 0.2010 0.2382 0.2014 0.2136 0.7886 0.2136 0.7576 0.2156 0.7573 0.2382 0.2149 0.2354 0.2153 0.2354 0.2145 0.2354 0.7488 0.2322 0.7700 0.2354 0.7696 0.2354 0.7488 0.2322 0.7491 0.2322 0.7492 0.2009 0.2471 0.1981 0.2468 0.2009 0.2260 0.2009 0.2471 0.2009 0.2260 0.2015 0.2261 0.2188 0.2935 0.2156 0.2976 0.2188 0.2979 0.2354 0.7487 0.2322 0.7491 0.2354 0.7488 0.2521 0.7470 0.2486 0.7474 0.2521 0.7033 0.2521 0.7470 0.2521 0.7033 0.2855 0.7000 0.2229 0.2983 0.2214 0.2982 0.2229 0.3540 0.2229 0.2983 0.2229 0.3540 0.2250 0.3542 0.1981 0.7037 0.1173 0.7114 0.1981 0.7065 0.2009 0.2472 0.1981 0.2468 0.2009 0.2471 0.2009 0.7062 0.1981 0.7328 0.2009 0.7325 0.2009 0.2472 0.1981 0.2469 0.1981 0.2468 0.2214 0.2937 0.2214 0.2982 0.2229 0.2983 0.2250 0.2985 0.2250 0.3542 0.2277 0.3543 0.2229 0.2939 0.2214 0.2937 0.2229 0.2983 0.2382 0.2157 0.2354 0.2153 0.2382 0.2149 0.2229 0.2939 0.2229 0.2983 0.2250 0.2985 0.2015 0.7062 0.2009 0.7062 0.2009 0.7325 0.2188 0.7879 0.2188 0.7570 0.2214 0.7566 0.2015 0.2472 0.2009 0.2472 0.2009 0.2471 0.2015 0.7062 0.2009 0.7325 0.2015 0.7324 0.2277 0.2988 0.2250 0.2985 0.2277 0.3543 0.2277 0.2988 0.2277 0.3543 0.2305 0.3545 0.2214 0.7303 0.2214 0.7361 0.2229 0.7360 0.2156 0.7918 0.2136 0.7886 0.2156 0.7884 0.2305 0.2990 0.2277 0.2988 0.2305 0.3545 0.2156 0.7918 0.2136 0.7921 0.2136 0.7886 0.2214 0.7876 0.2188 0.7879 0.2214 0.7566 0.2403 0.2152 0.2382 0.2014 0.2403 0.2017 0.2403 0.2152 0.2382 0.2149 0.2382 0.2014 0.2214 0.7876 0.2214 0.7566 0.2229 0.7565 0.2322 0.2992 0.2305 0.2990 0.2322 0.3547 0.2009 0.7034 0.1981 0.7037 0.1981 0.7065 0.2229 0.2288 0.2214 0.2286 0.2229 0.2231 0.2403 0.2160 0.2382 0.2157 0.2403 0.2152 0.2009 0.7034 0.1981 0.7065 0.2009 0.7062 0.2229 0.7874 0.2229 0.7565 0.2250 0.7562 0.2229 0.7874 0.2214 0.7876 0.2229 0.7565 0.2322 0.2948 0.2305 0.2946 0.2322 0.2992 0.2015 0.7034 0.2009 0.7062 0.2015 0.7062 0.2015 0.7034 0.2009 0.7034 0.2009 0.7062 0.2229 0.7301 0.2229 0.7360 0.2250 0.7357 0.2354 0.2995 0.2354 0.3549 0.2382 0.3551 0.2188 0.7914 0.2156 0.7918 0.2156 0.7884 0.2037 0.2475 0.2015 0.2472 0.2037 0.2475 0.2037 0.2475 0.2015 0.2472 0.2015 0.2472 0.2214 0.7910 0.2188 0.7914 0.2188 0.7879 0.2305 0.2240 0.2277 0.2143 0.2305 0.2147 0.2305 0.2240 0.2305 0.2147 0.2322 0.2149 0.2305 0.2240 0.2277 0.2237 0.2277 0.2143 0.2229 0.7908 0.2214 0.7910 0.2214 0.7876 0.2229 0.7908 0.2214 0.7876 0.2229 0.7874 0.2250 0.2291 0.2250 0.2233 0.2277 0.2237 0.2250 0.2291 0.2229 0.2288 0.2250 0.2233 0.2382 0.2998 0.2382 0.3551 0.2403 0.3552 0.2277 0.7867 0.2277 0.7559 0.2305 0.7555 0.2403 0.7482 0.2382 0.7692 0.2403 0.7690 0.2277 0.7867 0.2250 0.7871 0.2277 0.7559 0.2354 0.2951 0.2354 0.2995 0.2382 0.2998 0.2437 0.2157 0.2403 0.2160 0.2403 0.2152 0.2250 0.7905 0.2250 0.7871 0.2277 0.7867 0.2250 0.7299 0.2229 0.7301 0.2250 0.7357 0.2060 0.7057 0.2037 0.7031 0.2037 0.7060 0.2060 0.2478 0.2037 0.2475 0.2060 0.2477 0.2322 0.7861 0.2305 0.7863 0.2322 0.7553 0.2322 0.2243 0.2305 0.2240 0.2322 0.2149 0.2015 0.2470 0.2009 0.2469 0.2015 0.2918 0.2060 0.7057 0.2037 0.7060 0.2037 0.7322 0.2060 0.7057 0.2037 0.7322 0.2060 0.7319 0.2305 0.7897 0.2305 0.7863 0.2322 0.7861 0.2305 0.7897 0.2277 0.7901 0.2277 0.7867 0.1981 0.2405 0.1173 0.1982 0.1173 0.2370 0.2437 0.7478 0.2403 0.7482 0.2403 0.7690 0.2354 0.7857 0.2354 0.7549 0.2382 0.7546 0.2382 0.2954 0.2354 0.2951 0.2382 0.2998 0.2277 0.2294 0.2250 0.2291 0.2277 0.2237 0.2382 0.2954 0.2382 0.2998 0.2403 0.3000 0.2437 0.7478 0.2403 0.7690 0.2437 0.7685 0.2437 0.7477 0.2403 0.7482 0.2437 0.7478 0.2081 0.2480 0.2060 0.2477 0.2081 0.2269 0.2081 0.2480 0.2081 0.2269 0.2095 0.2271 0.1981 0.8144 0.1173 0.8263 0.1981 0.7942 0.2037 0.2472 0.2015 0.2470 0.2037 0.2920 0.2403 0.2956 0.2382 0.2954 0.2403 0.3000 0.2322 0.7895 0.2305 0.7897 0.2322 0.7861 0.2081 0.7055 0.2060 0.7057 0.2060 0.7319 0.2081 0.2480 0.2060 0.2478 0.2060 0.2477 0.2437 0.3003 0.2403 0.3000 0.2437 0.3554 0.2322 0.7349 0.2305 0.7351 0.2322 0.7491 0.2060 0.2475 0.2060 0.2922 0.2081 0.2924 0.2277 0.7296 0.2250 0.7299 0.2277 0.7354 0.2277 0.7296 0.2277 0.7354 0.2305 0.7351 0.2354 0.2247 0.2322 0.2149 0.2354 0.2153 0.2009 0.2409 0.1981 0.2466 0.2009 0.2469 0.2454 0.7476 0.2437 0.7478 0.2437 0.7685 0.2009 0.8140 0.1981 0.7942 0.2009 0.7938 0.2354 0.2247 0.2322 0.2243 0.2322 0.2149 0.2015 0.8139 0.2009 0.7938 0.2015 0.7937 0.2095 0.2482 0.2081 0.2480 0.2095 0.2481 0.2454 0.7475 0.2437 0.7477 0.2437 0.7478 0.1981 0.2613 0.1981 0.2469 0.2009 0.2472 0.2081 0.2477 0.2081 0.2924 0.2095 0.2926 0.2454 0.7475 0.2437 0.7478 0.2454 0.7476 0.2015 0.8139 0.2009 0.8140 0.2009 0.7938 0.1981 0.6896 0.1173 0.6931 0.1173 0.7114 0.2354 0.7891 0.2322 0.7861 0.2354 0.7857 0.1981 0.6896 0.1173 0.7114 0.1981 0.7037 0.2354 0.7891 0.2354 0.7857 0.2382 0.7853 0.2081 0.2477 0.2060 0.2475 0.2081 0.2924 0.1981 0.6896 0.1981 0.7037 0.2009 0.7034 0.2305 0.2298 0.2305 0.2240 0.2322 0.2243 0.2305 0.2298 0.2277 0.2294 0.2305 0.2240 0.2437 0.2959 0.2403 0.2956 0.2437 0.3003 0.2486 0.2163 0.2454 0.2159 0.2454 0.2024 0.2081 0.7027 0.2060 0.7057 0.2081 0.7055 0.2486 0.2163 0.2454 0.2024 0.2486 0.2029 0.2486 0.2171 0.2454 0.2167 0.2454 0.2159 0.2403 0.7850 0.2403 0.7543 0.2437 0.7539 0.2486 0.2171 0.2454 0.2159 0.2486 0.2163 0.2305 0.7293 0.2277 0.7296 0.2305 0.7351 0.2305 0.7293 0.2305 0.7351 0.2322 0.7349 0.2403 0.7850 0.2382 0.7853 0.2403 0.7543 0.2382 0.2251 0.2354 0.2247 0.2382 0.2157 0.2382 0.2251 0.2382 0.2157 0.2403 0.2160 0.2037 0.8135 0.2015 0.8139 0.2015 0.7937 0.2322 0.2300 0.2305 0.2298 0.2322 0.2243 0.2454 0.2961 0.2437 0.2959 0.2454 0.3005 0.2354 0.7346 0.2322 0.7491 0.2354 0.7487 0.2322 0.2300 0.2322 0.2243 0.2354 0.2247 0.2095 0.7026 0.2081 0.7027 0.2081 0.7055 0.2095 0.7026 0.2081 0.7055 0.2095 0.7054 0.2382 0.7887 0.2382 0.7853 0.2403 0.7850 0.2382 0.7887 0.2354 0.7891 0.2382 0.7853 0.2009 0.2616 0.2009 0.2472 0.2015 0.2472 0.2060 0.2415 0.2037 0.2412 0.2060 0.2475 0.2015 0.2617 0.2009 0.2616 0.2015 0.2472 0.2009 0.8158 0.1981 0.8144 0.2009 0.8140 0.1981 0.6861 0.1173 0.6931 0.1981 0.6896 0.2136 0.2484 0.2095 0.2479 0.2136 0.2930 0.2015 0.2617 0.2015 0.2472 0.2037 0.2475 0.2136 0.2484 0.2136 0.2930 0.2156 0.2932 0.2009 0.6893 0.1981 0.6896 0.2009 0.7034 0.2437 0.7845 0.2403 0.7850 0.2437 0.7539 0.2486 0.7472 0.2454 0.7683 0.2486 0.7679 0.2136 0.2486 0.2095 0.2481 0.2136 0.2276 0.2060 0.8132 0.2037 0.7934 0.2060 0.7931 0.2486 0.2964 0.2454 0.2961 0.2454 0.3005 0.2486 0.7472 0.2454 0.7475 0.2454 0.7476 0.2521 0.3011 0.2486 0.3008 0.2521 0.3560 0.2521 0.2168 0.2521 0.2034 0.2855 0.2081 0.2521 0.2168 0.2855 0.2081 0.2855 0.2221 0.2015 0.6893 0.2009 0.7034 0.2015 0.7034 0.2403 0.2253 0.2382 0.2251 0.2403 0.2160 0.2156 0.2486 0.2156 0.2932 0.2188 0.2935 0.1981 0.2672 0.1173 0.2886 0.1173 0.2522 0.2136 0.7050 0.2095 0.7054 0.2095 0.7316 0.2454 0.7843 0.2454 0.7537 0.2486 0.7533 0.2188 0.2490 0.2188 0.2935 0.2214 0.2937 0.2156 0.2489 0.2156 0.2279 0.2188 0.2283 0.2009 0.6859 0.1981 0.6861 0.1981 0.6896 0.2009 0.6859 0.1981 0.6896 0.2009 0.6893 0.2009 0.6859 0.2009 0.6893 0.2015 0.6893 0.2156 0.2427 0.2136 0.2484 0.2156 0.2486 0.2156 0.2489 0.2136 0.2486 0.2156 0.2489 0.2156 0.2427 0.2136 0.2424 0.2136 0.2484 0.2095 0.8127 0.2081 0.7928 0.2095 0.7926 0.2156 0.2489 0.2136 0.2487 0.2136 0.2486 0.2037 0.6891 0.2037 0.7031 0.2060 0.7029 0.2214 0.2493 0.2188 0.2490 0.2214 0.2937 0.2037 0.6891 0.2015 0.6893 0.2015 0.7034 0.2354 0.2304 0.2354 0.2247 0.2382 0.2251 0.2354 0.2304 0.2322 0.2300 0.2354 0.2247 0.2437 0.7879 0.2403 0.7884 0.2403 0.7850 0.2437 0.7879 0.2403 0.7850 0.2437 0.7845 0.2156 0.7048 0.2136 0.7311 0.2156 0.7309 0.2009 0.2675 0.1981 0.2613 0.2009 0.2616 0.2486 0.7839 0.2486 0.7533 0.2521 0.7529 0.2437 0.2258 0.2403 0.2160 0.2437 0.2165 0.2136 0.7022 0.2095 0.7054 0.2136 0.7050 0.2188 0.2430 0.2156 0.2427 0.2156 0.2486 0.2437 0.2258 0.2403 0.2253 0.2403 0.2160 0.2136 0.7022 0.2095 0.7026 0.2095 0.7054 0.2354 0.7287 0.2354 0.7346 0.2382 0.7342 0.2060 0.2622 0.2060 0.2478 0.2081 0.2480 0.2250 0.2498 0.2250 0.2941 0.2277 0.2943 0.2081 0.8147 0.2060 0.8132 0.2081 0.8129 0.2081 0.8147 0.2060 0.8150 0.2060 0.8132 0.2521 0.7468 0.2855 0.7631 0.2855 0.7428 0.2521 0.7468 0.2486 0.7679 0.2521 0.7674 0.2521 0.7468 0.2486 0.7472 0.2486 0.7679 0.2521 0.7467 0.2486 0.7472 0.2521 0.7468 0.2214 0.2434 0.2188 0.2490 0.2214 0.2493 0.2521 0.7467 0.2486 0.7472 0.2486 0.7472 0.2382 0.2308 0.2382 0.2251 0.2403 0.2253 0.2095 0.8145 0.2081 0.8129 0.2095 0.8127 0.2403 0.7340 0.2382 0.7342 0.2403 0.7481 0.2382 0.2308 0.2354 0.2304 0.2382 0.2251 0.2277 0.2501 0.2250 0.2498 0.2277 0.2943 0.2156 0.7020 0.2136 0.7050 0.2156 0.7048 0.2188 0.2492 0.2156 0.2489 0.2156 0.2489 0.2156 0.7020 0.2136 0.7022 0.2136 0.7050 0.2521 0.7834 0.2521 0.7529 0.2855 0.7488 0.2229 0.2435 0.2214 0.2493 0.2229 0.2495 0.2250 0.2438 0.2229 0.2495 0.2250 0.2498 0.2486 0.7872 0.2486 0.7839 0.2521 0.7834 0.2060 0.6889 0.2037 0.6891 0.2060 0.7029 0.2250 0.2438 0.2250 0.2498 0.2277 0.2501 0.2188 0.2493 0.2156 0.2489 0.2188 0.2492 0.2250 0.2438 0.2229 0.2435 0.2229 0.2495 0.2037 0.6856 0.2015 0.6858 0.2037 0.6891 0.2037 0.6856 0.2037 0.6891 0.2060 0.6889 0.2188 0.7045 0.2156 0.7020 0.2156 0.7048 0.2081 0.2624 0.2060 0.2622 0.2081 0.2480 0.2081 0.2624 0.2081 0.2480 0.2095 0.2482 0.2136 0.8139 0.2095 0.8145 0.2095 0.8127 0.2188 0.7045 0.2156 0.7309 0.2188 0.7305 0.2136 0.8139 0.2095 0.8127 0.2136 0.8121 0.2382 0.7284 0.2382 0.7342 0.2403 0.7340 0.2037 0.2678 0.2015 0.2617 0.2037 0.2619 0.2322 0.2506 0.2305 0.2504 0.2322 0.2948 0.2037 0.2678 0.2015 0.2676 0.2015 0.2617 0.2277 0.2441 0.2250 0.2438 0.2277 0.2501 0.2382 0.7284 0.2354 0.7287 0.2382 0.7342 0.2188 0.8113 0.2156 0.8118 0.2156 0.7918 0.1981 0.6752 0.1173 0.6510 0.1173 0.6931 0.2188 0.8113 0.2156 0.7918 0.2188 0.7914 0.1981 0.6752 0.1173 0.6931 0.1981 0.6861 0.2214 0.2495 0.2214 0.2286 0.2229 0.2288 0.2081 0.6887 0.2060 0.6889 0.2060 0.7029 0.2060 0.6854 0.2060 0.6889 0.2081 0.6887 0.2229 0.8107 0.2214 0.7910 0.2229 0.7908 0.2060 0.2681 0.2037 0.2619 0.2060 0.2622 0.2403 0.7282 0.2403 0.7340 0.2437 0.7336 0.2009 0.2096 0.1981 0.2405 0.2009 0.2409 0.2486 0.2264 0.2454 0.2260 0.2454 0.2167 0.2095 0.6886 0.2081 0.6887 0.2095 0.7026 0.2214 0.7043 0.2188 0.7045 0.2188 0.7305 0.2229 0.2497 0.2214 0.2495 0.2229 0.2288 0.2214 0.7043 0.2188 0.7305 0.2214 0.7303 0.2437 0.2315 0.2437 0.2258 0.2454 0.2260 0.2454 0.7334 0.2437 0.7336 0.2437 0.7477 0.2437 0.2315 0.2403 0.2310 0.2437 0.2258 0.2454 0.7334 0.2437 0.7477 0.2454 0.7475 0.2009 0.6750 0.1981 0.6752 0.1981 0.6861 0.2081 0.2683 0.2060 0.2681 0.2060 0.2622 0.2250 0.8104 0.2229 0.8107 0.2229 0.7908 0.2009 0.6750 0.1981 0.6861 0.2009 0.6859 0.2250 0.8104 0.2229 0.7908 0.2250 0.7905 0.2250 0.2500 0.2229 0.2497 0.2250 0.2291 0.2250 0.2500 0.2250 0.2291 0.2277 0.2294 0.2015 0.6749 0.2009 0.6750 0.2009 0.6859 0.2015 0.6749 0.2009 0.6859 0.2015 0.6858 0.1981 0.2058 0.1173 0.1737 0.1173 0.1982 0.2250 0.2500 0.2229 0.2497 0.2250 0.2500 0.2354 0.2451 0.2322 0.2447 0.2322 0.2506 0.2214 0.8127 0.2214 0.8109 0.2229 0.8107 0.2214 0.8127 0.2188 0.8113 0.2214 0.8109 0.2354 0.2451 0.2354 0.2510 0.2382 0.2513 0.2354 0.2451 0.2322 0.2506 0.2354 0.2510 0.2009 0.8221 0.1981 0.8162 0.2009 0.8158 0.2009 0.8221 0.1981 0.8226 0.1981 0.8162 0.2214 0.7015 0.2188 0.7045 0.2214 0.7043 0.2454 0.2317 0.2437 0.2315 0.2454 0.2260 0.2037 0.2100 0.2015 0.2097 0.2015 0.2409 0.2015 0.8221 0.2009 0.8158 0.2015 0.8157 0.2454 0.2317 0.2454 0.2260 0.2486 0.2264 0.2095 0.2684 0.2081 0.2683 0.2081 0.2624 0.2009 0.2062 0.1981 0.2058 0.2009 0.2096 0.2437 0.7278 0.2437 0.7336 0.2454 0.7334 0.2437 0.7278 0.2403 0.7282 0.2437 0.7336 0.2009 0.2062 0.2009 0.2096 0.2015 0.2097 0.2521 0.2269 0.2486 0.2264 0.2486 0.2171 0.2382 0.2454 0.2382 0.2513 0.2403 0.2516 0.2521 0.2269 0.2486 0.2171 0.2521 0.2176 0.2486 0.7331 0.2454 0.7334 0.2454 0.7475 0.2486 0.7331 0.2454 0.7475 0.2486 0.7472 0.2015 0.2063 0.2015 0.2097 0.2037 0.2100 0.2156 0.2632 0.2136 0.2630 0.2156 0.2489 0.2437 0.2520 0.2437 0.2959 0.2454 0.2961 0.2037 0.6747 0.2037 0.6856 0.2060 0.6854 0.2277 0.8100 0.2250 0.7905 0.2277 0.7901 0.2229 0.7013 0.2214 0.7015 0.2214 0.7043 0.2277 0.2503 0.2250 0.2500 0.2250 0.2500 0.2250 0.7039 0.2229 0.7301 0.2250 0.7299 0.2009 0.8225 0.1981 0.8230 0.1981 0.8226 0.2015 0.8224 0.2009 0.8225 0.2015 0.8221 0.2250 0.7039 0.2229 0.7013 0.2229 0.7041 0.2454 0.2522 0.2437 0.2520 0.2454 0.2961 0.2136 0.6882 0.2095 0.6886 0.2095 0.7026 0.2037 0.8217 0.2037 0.8154 0.2060 0.8150 0.2250 0.8122 0.2250 0.8104 0.2277 0.8100 0.2081 0.2106 0.2060 0.2103 0.2060 0.2415 0.2305 0.2506 0.2277 0.2503 0.2305 0.2298 0.2250 0.8122 0.2229 0.8107 0.2250 0.8104 0.2305 0.2506 0.2305 0.2298 0.2322 0.2300 0.2305 0.8096 0.2277 0.8100 0.2277 0.7901 0.2250 0.7011 0.2229 0.7013 0.2250 0.7039 0.2305 0.8096 0.2277 0.7901 0.2305 0.7897 0.2305 0.2507 0.2277 0.2504 0.2277 0.2503 0.2305 0.2507 0.2277 0.2503 0.2305 0.2506 0.2037 0.2066 0.2015 0.2063 0.2037 0.2100 0.2188 0.2636 0.2188 0.2493 0.2214 0.2496 0.2037 0.8221 0.2015 0.8221 0.2037 0.8217 0.2156 0.6880 0.2136 0.6882 0.2136 0.7022 0.2060 0.8214 0.2037 0.8217 0.2060 0.8150 0.2156 0.6880 0.2136 0.7022 0.2156 0.7020 0.2095 0.2108 0.2081 0.2106 0.2081 0.2417 0.2156 0.2691 0.2136 0.2689 0.2136 0.2630 0.2136 0.6847 0.2095 0.6886 0.2136 0.6882 0.2277 0.7036 0.2250 0.7011 0.2250 0.7039 0.2277 0.7036 0.2250 0.7299 0.2277 0.7296 0.2060 0.2069 0.2037 0.2066 0.2060 0.2103 0.2322 0.2508 0.2305 0.2506 0.2322 0.2300 0.2486 0.2526 0.2486 0.2964 0.2521 0.2967 0.2322 0.8093 0.2305 0.7897 0.2322 0.7895 0.2521 0.7327 0.2486 0.7472 0.2521 0.7467 0.2322 0.2508 0.2305 0.2507 0.2305 0.2506 0.2322 0.8093 0.2305 0.8096 0.2305 0.7897 0.2521 0.7327 0.2521 0.7467 0.2855 0.7428 0.2081 0.2072 0.2081 0.2106 0.2095 0.2108 0.2521 0.2326 0.2521 0.2269 0.2855 0.2369 0.2081 0.2072 0.2060 0.2069 0.2081 0.2106 0.2521 0.2326 0.2855 0.2369 0.2855 0.2572 0.2454 0.2463 0.2437 0.2520 0.2454 0.2522 0.2486 0.7273 0.2486 0.7331 0.2521 0.7327 0.2214 0.2639 0.2188 0.2636 0.2214 0.2496 0.2156 0.6846 0.2136 0.6847 0.2156 0.6880 0.2136 0.2114 0.2095 0.2108 0.2095 0.2419 0.2305 0.8114 0.2305 0.8096 0.2322 0.8093 0.2305 0.8114 0.2277 0.8118 0.2277 0.8100 0.2277 0.7009 0.2250 0.7011 0.2277 0.7036 0.2305 0.8114 0.2277 0.8100 0.2305 0.8096 0.2136 0.2114 0.2095 0.2419 0.2136 0.2424 0.1981 0.2935 0.1173 0.2886 0.1981 0.2672 0.2095 0.2074 0.2095 0.2108 0.2136 0.2114 0.2188 0.6878 0.2156 0.6880 0.2156 0.7020 0.2095 0.2074 0.2081 0.2072 0.2095 0.2108 0.2521 0.2530 0.2486 0.2526 0.2521 0.2967 0.2521 0.2530 0.2521 0.2967 0.2855 0.3000 0.2229 0.2640 0.2214 0.2639 0.2229 0.2498 0.2081 0.8214 0.2081 0.8210 0.2095 0.8208 0.2081 0.8214 0.2060 0.8214 0.2081 0.8210 0.2305 0.7034 0.2277 0.7296 0.2305 0.7293 0.2354 0.8089 0.2322 0.7895 0.2354 0.7891 0.2156 0.2116 0.2136 0.2114 0.2136 0.2424 0.2156 0.2116 0.2136 0.2424 0.2156 0.2427 0.2095 0.6742 0.2081 0.6744 0.2081 0.6852 0.2095 0.6742 0.2081 0.6852 0.2095 0.6851 0.2486 0.2467 0.2454 0.2463 0.2454 0.2522 0.2354 0.2512 0.2354 0.2304 0.2382 0.2308 0.1981 0.8245 0.1173 0.8368 0.1981 0.8230 0.1981 0.8245 0.1981 0.8230 0.2009 0.8225 0.2136 0.2079 0.2136 0.2114 0.2156 0.2116 0.2354 0.2512 0.2322 0.2508 0.2354 0.2304 0.2354 0.2513 0.2322 0.2509 0.2322 0.2508 0.2322 0.7032 0.2305 0.7293 0.2322 0.7291 0.2322 0.8111 0.2305 0.8114 0.2322 0.8093 0.2305 0.7006 0.2277 0.7036 0.2305 0.7034 0.2188 0.2121 0.2156 0.2116 0.2156 0.2427 0.2188 0.2121 0.2156 0.2427 0.2188 0.2430 0.2521 0.2471 0.2486 0.2526 0.2521 0.2530 0.2009 0.8241 0.1981 0.8245 0.2009 0.8225 0.2521 0.2471 0.2521 0.2530 0.2855 0.2512 0.2009 0.8241 0.2009 0.8225 0.2015 0.8224 0.2214 0.6875 0.2188 0.7017 0.2214 0.7015 0.2322 0.7004 0.2305 0.7006 0.2322 0.7032 0.2250 0.2643 0.2229 0.2640 0.2250 0.2500 0.2250 0.2643 0.2250 0.2500 0.2277 0.2504 0.2229 0.6874 0.2214 0.6875 0.2229 0.7013 0.2214 0.2124 0.2188 0.2121 0.2188 0.2430 0.2136 0.8202 0.2095 0.8145 0.2136 0.8139 0.2229 0.2126 0.2214 0.2124 0.2214 0.2434 0.2354 0.8107 0.2354 0.8089 0.2382 0.8085 0.2214 0.2697 0.2188 0.2636 0.2214 0.2639 0.2214 0.6841 0.2188 0.6878 0.2214 0.6875 0.2403 0.8082 0.2382 0.7887 0.2403 0.7884 0.2382 0.2515 0.2382 0.2308 0.2403 0.2310 0.2403 0.8082 0.2382 0.8085 0.2382 0.7887 0.2354 0.7029 0.2322 0.7032 0.2322 0.7291 0.2382 0.2515 0.2354 0.2513 0.2354 0.2512 0.2250 0.2129 0.2229 0.2435 0.2250 0.2438 0.2009 0.2966 0.1981 0.2963 0.1981 0.2935 0.2156 0.8199 0.2136 0.8202 0.2136 0.8139 0.2009 0.2966 0.2009 0.2938 0.2015 0.2938 0.2136 0.8206 0.2136 0.8202 0.2156 0.8199 0.2277 0.2133 0.2250 0.2438 0.2277 0.2441 0.2250 0.6872 0.2229 0.6874 0.2250 0.7011 0.1981 0.8249 0.1173 0.8368 0.1981 0.8245 0.2229 0.2699 0.2214 0.2639 0.2229 0.2640 0.1981 0.8249 0.1981 0.8245 0.2009 0.8241 0.2277 0.2133 0.2250 0.2129 0.2250 0.2438 0.2037 0.8236 0.2015 0.8240 0.2037 0.8221 0.2250 0.2095 0.2250 0.2129 0.2277 0.2133 0.2305 0.2137 0.2277 0.2441 0.2305 0.2445 0.2156 0.6737 0.2136 0.6739 0.2136 0.6847 0.2382 0.8102 0.2354 0.8107 0.2382 0.8085 0.2156 0.6737 0.2136 0.6847 0.2156 0.6846 0.2037 0.2940 0.2015 0.2938 0.2015 0.2676 0.2156 0.8203 0.2136 0.8206 0.2156 0.8199 0.2277 0.2099 0.2277 0.2133 0.2305 0.2137 0.2277 0.2099 0.2250 0.2095 0.2277 0.2133 0.2437 0.8077 0.2403 0.7884 0.2437 0.7879 0.2277 0.2646 0.2277 0.2504 0.2305 0.2507 0.2437 0.8077 0.2403 0.8082 0.2403 0.7884 0.2322 0.2139 0.2305 0.2137 0.2305 0.2445 0.2382 0.7026 0.2354 0.7001 0.2354 0.7029 0.2403 0.2518 0.2382 0.2516 0.2382 0.2515 0.2382 0.7026 0.2354 0.7029 0.2354 0.7287 0.2322 0.2139 0.2305 0.2445 0.2322 0.2447 0.2009 0.8245 0.1981 0.8249 0.2009 0.8241 0.2354 0.2143 0.2322 0.2447 0.2354 0.2451 0.2009 0.6478 0.1981 0.6752 0.2009 0.6750 0.2009 0.6478 0.1981 0.6480 0.1981 0.6752 0.2037 0.2969 0.2015 0.2966 0.2015 0.2938 0.1981 0.1856 0.1173 0.1737 0.1981 0.2058 0.2277 0.6870 0.2250 0.6872 0.2277 0.7009 0.2188 0.8194 0.2156 0.8199 0.2156 0.8136 0.2277 0.6870 0.2250 0.6837 0.2250 0.6872 0.2060 0.2943 0.2037 0.2940 0.2037 0.2678 0.2403 0.8099 0.2382 0.8102 0.2403 0.8082 0.2015 0.6477 0.2009 0.6750 0.2015 0.6749 0.2015 0.6477 0.2009 0.6478 0.2009 0.6750 0.2454 0.8074 0.2437 0.7879 0.2454 0.7877 0.2060 0.2943 0.2037 0.2678 0.2060 0.2681 0.2322 0.2105 0.2322 0.2139 0.2354 0.2143 0.2188 0.6735 0.2156 0.6846 0.2188 0.6843 0.2305 0.2649 0.2277 0.2646 0.2305 0.2507 0.2081 0.8230 0.2060 0.8233 0.2081 0.8214 0.2188 0.6735 0.2156 0.6737 0.2156 0.6846 0.2382 0.2147 0.2354 0.2451 0.2382 0.2454 0.2305 0.2649 0.2305 0.2507 0.2322 0.2509 0.2081 0.8230 0.2081 0.8214 0.2095 0.8212 0.2437 0.2522 0.2437 0.2315 0.2454 0.2317 0.2188 0.8198 0.2156 0.8199 0.2188 0.8194 0.2382 0.6999 0.2354 0.7001 0.2382 0.7026 0.2009 0.1860 0.1981 0.2058 0.2009 0.2062 0.2403 0.7024 0.2382 0.6999 0.2382 0.7026 0.2188 0.8198 0.2156 0.8203 0.2156 0.8199 0.2437 0.2522 0.2403 0.2518 0.2437 0.2315 0.2009 0.1860 0.1981 0.1856 0.1981 0.2058 0.2060 0.2971 0.2037 0.2969 0.2060 0.2943 0.2037 0.8241 0.2015 0.8244 0.2037 0.8236 0.2081 0.2945 0.2060 0.2943 0.2060 0.2681 0.2437 0.8094 0.2403 0.8099 0.2403 0.8082 0.2437 0.8094 0.2403 0.8082 0.2437 0.8077 0.2354 0.2109 0.2322 0.2105 0.2354 0.2143 0.2354 0.2109 0.2354 0.2143 0.2382 0.2147 0.1981 0.1838 0.1173 0.1652 0.1173 0.1737 0.2277 0.2704 0.2250 0.2643 0.2277 0.2646 0.2305 0.6867 0.2277 0.7009 0.2305 0.7006 0.2305 0.6867 0.2277 0.6870 0.2277 0.7009 0.2454 0.2524 0.2454 0.2317 0.2486 0.2321 0.2403 0.6997 0.2382 0.6999 0.2403 0.7024 0.2095 0.2946 0.2081 0.2683 0.2095 0.2684 0.2403 0.2150 0.2382 0.2147 0.2382 0.2454 0.2214 0.8194 0.2188 0.8194 0.2214 0.8190 0.2214 0.8194 0.2188 0.8198 0.2188 0.8194 0.2095 0.2946 0.2081 0.2945 0.2081 0.2683 0.2214 0.6733 0.2214 0.6841 0.2229 0.6839 0.2454 0.2525 0.2437 0.2522 0.2454 0.2524 0.2009 0.6414 0.1981 0.6480 0.2009 0.6478 0.2037 0.1865 0.2015 0.2063 0.2037 0.2066 0.2037 0.1865 0.2037 0.2066 0.2060 0.2069 0.2437 0.7021 0.2403 0.7282 0.2437 0.7278 0.2060 0.8237 0.2060 0.8233 0.2081 0.8230 0.2037 0.1865 0.2015 0.1861 0.2015 0.2063 0.2015 0.6413 0.2009 0.6478 0.2015 0.6477 0.2454 0.8092 0.2437 0.8094 0.2437 0.8077 0.2382 0.2113 0.2354 0.2109 0.2382 0.2147 0.2382 0.2113 0.2382 0.2147 0.2403 0.2150 0.2454 0.8092 0.2437 0.8077 0.2454 0.8074 0.2015 0.6413 0.2009 0.6414 0.2009 0.6478 0.2322 0.6866 0.2305 0.6867 0.2322 0.7004 0.2229 0.8192 0.2214 0.8194 0.2229 0.8188 0.2081 0.2973 0.2060 0.2971 0.2060 0.2943 0.2009 0.1842 0.1981 0.1856 0.2009 0.1860 0.2305 0.2707 0.2277 0.2704 0.2277 0.2646 0.2015 0.1843 0.2009 0.1860 0.2015 0.1861 0.2250 0.8185 0.2250 0.8122 0.2277 0.8118 0.2437 0.2155 0.2403 0.2150 0.2403 0.2457 0.2081 0.8234 0.2081 0.8230 0.2095 0.8228 0.2081 0.8234 0.2060 0.8237 0.2081 0.8230 0.2060 0.1868 0.2037 0.1865 0.2060 0.2069 0.2060 0.1868 0.2060 0.2069 0.2081 0.2072 0.1981 0.6339 0.1173 0.6510 0.1981 0.6415 0.1981 0.6339 0.1173 0.6309 0.1173 0.6510 0.2403 0.2116 0.2403 0.2150 0.2437 0.2155 0.2403 0.2116 0.2382 0.2113 0.2403 0.2150 0.2521 0.8064 0.2521 0.7868 0.2855 0.7822 0.2454 0.2157 0.2437 0.2155 0.2437 0.2461 0.2009 0.3107 0.1981 0.3104 0.1981 0.2963 0.2521 0.8064 0.2486 0.8069 0.2486 0.7872 0.2009 0.3107 0.1981 0.2963 0.2009 0.2966 0.2037 0.1846 0.2015 0.1861 0.2037 0.1865 0.2454 0.7019 0.2437 0.7278 0.2454 0.7276 0.2437 0.6993 0.2403 0.6997 0.2403 0.7024 0.2015 0.8246 0.2009 0.8245 0.2015 0.8244 0.2486 0.2528 0.2486 0.2321 0.2521 0.2326 0.2015 0.8246 0.2009 0.8247 0.2009 0.8245 0.2037 0.6412 0.2015 0.6477 0.2037 0.6476 0.2486 0.2528 0.2454 0.2524 0.2486 0.2528 0.2250 0.8189 0.2229 0.8188 0.2250 0.8185 0.2486 0.2528 0.2454 0.2525 0.2454 0.2524 0.2250 0.6730 0.2229 0.6731 0.2229 0.6839 0.2095 0.8232 0.2095 0.8228 0.2136 0.8221 0.2081 0.1871 0.2060 0.1868 0.2081 0.2072 0.2250 0.6730 0.2250 0.6837 0.2277 0.6835 0.2095 0.8232 0.2081 0.8234 0.2095 0.8228 0.2322 0.2709 0.2305 0.2649 0.2322 0.2651 0.2322 0.2709 0.2305 0.2707 0.2305 0.2649 0.2486 0.8087 0.2454 0.8074 0.2486 0.8069 0.2486 0.8087 0.2454 0.8092 0.2454 0.8074 0.2322 0.6831 0.2305 0.6833 0.2322 0.6866 0.2277 0.8181 0.2250 0.8189 0.2250 0.8185 0.2136 0.2950 0.2095 0.2684 0.2136 0.2689 0.2354 0.6863 0.2354 0.7001 0.2382 0.6999 0.2156 0.8218 0.2156 0.8203 0.2188 0.8198 0.2136 0.2950 0.2095 0.2946 0.2095 0.2684 0.2354 0.6863 0.2322 0.6866 0.2322 0.7004 0.2156 0.8218 0.2136 0.8221 0.2156 0.8203 0.2037 0.8243 0.2037 0.8241 0.2060 0.8237 0.2382 0.2658 0.2382 0.2516 0.2403 0.2519 0.2382 0.2658 0.2354 0.2654 0.2382 0.2516 0.2037 0.8243 0.2015 0.8244 0.2037 0.8241 0.2486 0.2161 0.2454 0.2157 0.2454 0.2463 0.2009 0.3141 0.1981 0.3139 0.2009 0.3107 0.2454 0.2123 0.2437 0.2121 0.2454 0.2157 0.2305 0.8177 0.2305 0.8114 0.2322 0.8111 0.2081 0.1853 0.2060 0.1868 0.2081 0.1871 0.2305 0.8177 0.2277 0.8118 0.2305 0.8114 0.2081 0.1853 0.2060 0.1850 0.2060 0.1868 0.2136 0.1879 0.2095 0.2074 0.2136 0.2079 0.2009 0.6337 0.1981 0.6415 0.2009 0.6414 0.2015 0.3142 0.2009 0.3141 0.2009 0.3107 0.2188 0.8214 0.2156 0.8218 0.2188 0.8198 0.2015 0.6337 0.2009 0.6337 0.2009 0.6414 0.2156 0.2952 0.2136 0.2950 0.2136 0.2689 0.2188 0.8214 0.2188 0.8198 0.2214 0.8194 0.2136 0.1879 0.2136 0.2079 0.2156 0.2082 0.2136 0.8226 0.2095 0.8232 0.2136 0.8221 0.2136 0.8226 0.2136 0.8221 0.2156 0.8218 0.2486 0.7016 0.2454 0.7276 0.2486 0.7273 0.2521 0.2166 0.2486 0.2161 0.2486 0.2467 0.2136 0.2978 0.2136 0.2950 0.2156 0.2952 0.2322 0.8174 0.2322 0.8111 0.2354 0.8107 0.2136 0.2978 0.2095 0.2974 0.2095 0.2946 0.2354 0.6828 0.2322 0.6831 0.2354 0.6863 0.2354 0.2713 0.2322 0.2651 0.2354 0.2654 0.2486 0.2128 0.2486 0.2161 0.2521 0.2166 0.2382 0.6860 0.2382 0.6999 0.2403 0.6997 0.2305 0.8181 0.2305 0.8177 0.2322 0.8174 0.2521 0.2532 0.2486 0.2528 0.2521 0.2326 0.1981 0.6261 0.1173 0.6309 0.1981 0.6339 0.2521 0.2533 0.2521 0.2532 0.2855 0.2572 0.2156 0.8223 0.2156 0.8218 0.2188 0.8214 0.2136 0.1861 0.2095 0.1855 0.2095 0.1873 0.2081 0.6409 0.2060 0.6410 0.2060 0.6474 0.2081 0.8236 0.2060 0.8237 0.2081 0.8234 0.2156 0.2980 0.2136 0.2978 0.2156 0.2952 0.2188 0.1887 0.2156 0.2082 0.2188 0.2086 0.2188 0.1887 0.2188 0.2086 0.2214 0.2090 0.2322 0.8178 0.2305 0.8181 0.2322 0.8174 0.2188 0.1887 0.2156 0.1882 0.2156 0.2082 0.2305 0.6725 0.2277 0.6835 0.2305 0.6833 0.2037 0.3144 0.2015 0.3107 0.2037 0.3109 0.2095 0.8234 0.2081 0.8236 0.2081 0.8234 0.2095 0.8234 0.2081 0.8234 0.2095 0.8232 0.2229 0.8207 0.2214 0.8210 0.2229 0.8192 0.2188 0.2955 0.2156 0.2952 0.2156 0.2691 0.2156 0.1864 0.2136 0.1861 0.2136 0.1879 0.2095 0.6408 0.2081 0.6473 0.2095 0.6472 0.2229 0.8207 0.2229 0.8192 0.2250 0.8189 0.2214 0.1891 0.2188 0.1887 0.2214 0.2090 0.2354 0.8169 0.2322 0.8174 0.2354 0.8107 0.2403 0.6858 0.2382 0.6860 0.2403 0.6997 0.2354 0.8169 0.2354 0.8107 0.2382 0.8102 0.2382 0.2716 0.2354 0.2713 0.2354 0.2654 0.2136 0.6469 0.2095 0.6742 0.2136 0.6739 0.2188 0.8218 0.2188 0.8214 0.2214 0.8210 0.2188 0.8218 0.2156 0.8223 0.2188 0.8214 0.1981 0.3248 0.1173 0.3069 0.1981 0.3139 0.1981 0.3248 0.1173 0.3490 0.1173 0.3069 0.2136 0.6469 0.2095 0.6472 0.2095 0.6742 0.2354 0.8173 0.2322 0.8178 0.2322 0.8174 0.2521 0.7013 0.2486 0.7273 0.2521 0.7269 0.2521 0.7013 0.2486 0.7016 0.2486 0.7273 0.2382 0.6826 0.2382 0.6860 0.2403 0.6858 0.2188 0.1869 0.2156 0.1882 0.2188 0.1887 0.2382 0.6826 0.2354 0.6828 0.2382 0.6860 0.2188 0.1869 0.2156 0.1864 0.2156 0.1882 0.2009 0.6259 0.1981 0.6261 0.2009 0.6337 0.2081 0.3113 0.2060 0.2971 0.2081 0.2973 0.2437 0.2664 0.2403 0.2660 0.2437 0.2523 0.2009 0.6259 0.2009 0.6337 0.2015 0.6337 0.2382 0.8165 0.2354 0.8173 0.2354 0.8169 0.1981 0.1774 0.1173 0.1652 0.1981 0.1838 0.2437 0.2664 0.2437 0.2523 0.2454 0.2525 0.2060 0.6334 0.2037 0.6335 0.2060 0.6410 0.2136 0.8228 0.2095 0.8232 0.2136 0.8226 0.2060 0.3146 0.2037 0.3109 0.2060 0.3111 0.2015 0.6259 0.2009 0.6259 0.2015 0.6337 0.2015 0.6259 0.2015 0.6337 0.2037 0.6335 0.2214 0.8214 0.2214 0.8210 0.2229 0.8207 0.2188 0.2983 0.2156 0.2952 0.2188 0.2955 0.2188 0.2983 0.2156 0.2980 0.2156 0.2952 0.2250 0.1896 0.2229 0.1893 0.2250 0.2095 0.2403 0.2718 0.2382 0.2658 0.2403 0.2660 0.2095 0.3114 0.2081 0.2973 0.2095 0.2974 0.2156 0.6468 0.2136 0.6739 0.2156 0.6737 0.2277 0.8200 0.2277 0.8185 0.2305 0.8181 0.2521 0.6985 0.2521 0.7013 0.2855 0.6981 0.2521 0.6985 0.2855 0.6981 0.2855 0.6818 0.1981 0.1770 0.1173 0.1652 0.1981 0.1774 0.1981 0.1770 0.1173 0.1632 0.1173 0.1652 0.2081 0.6332 0.2060 0.6410 0.2081 0.6409 0.2081 0.6332 0.2060 0.6334 0.2060 0.6410 0.2214 0.2957 0.2188 0.2955 0.2188 0.2695 0.2156 0.8225 0.2136 0.8226 0.2156 0.8223 0.2454 0.2666 0.2437 0.2664 0.2454 0.2525 0.2009 0.3250 0.1981 0.3248 0.1981 0.3139 0.1981 0.6174 0.1981 0.6261 0.2009 0.6259 0.2305 0.8196 0.2305 0.8181 0.2322 0.8178 0.2305 0.8196 0.2277 0.8200 0.2305 0.8181 0.2136 0.6405 0.2095 0.6472 0.2136 0.6469 0.2015 0.1779 0.2009 0.1779 0.2009 0.1842 0.2229 0.1875 0.2214 0.1873 0.2214 0.1891 0.2015 0.3251 0.2009 0.3250 0.2009 0.3141 0.2188 0.8220 0.2156 0.8225 0.2156 0.8223 0.2229 0.2959 0.2214 0.2957 0.2214 0.2697 0.2188 0.8220 0.2156 0.8223 0.2188 0.8218 0.2277 0.1900 0.2250 0.1896 0.2277 0.2099 0.2354 0.6721 0.2354 0.6828 0.2382 0.6826 0.2229 0.2959 0.2214 0.2697 0.2229 0.2699 0.2095 0.6331 0.2081 0.6332 0.2081 0.6409 0.2322 0.8193 0.2322 0.8178 0.2354 0.8173 0.2454 0.8154 0.2437 0.8157 0.2437 0.8094 0.2188 0.6465 0.2156 0.6468 0.2156 0.6737 0.2095 0.3149 0.2081 0.3113 0.2095 0.3114 0.2437 0.8161 0.2437 0.8157 0.2454 0.8154 0.2437 0.2722 0.2403 0.2660 0.2437 0.2664 0.2437 0.6821 0.2437 0.6855 0.2454 0.6854 0.2486 0.2669 0.2486 0.2528 0.2521 0.2533 0.2009 0.6173 0.1981 0.6174 0.2009 0.6259 0.2250 0.1878 0.2229 0.1893 0.2250 0.1896 0.2037 0.3253 0.2015 0.3251 0.2015 0.3142 0.2037 0.3253 0.2015 0.3142 0.2037 0.3144 0.2009 0.6173 0.2009 0.6259 0.2015 0.6259 0.2250 0.1878 0.2229 0.1875 0.2229 0.1893 0.2354 0.8188 0.2354 0.8173 0.2382 0.8169 0.1981 0.6128 0.1173 0.6309 0.1981 0.6174 0.2305 0.1904 0.2277 0.1900 0.2277 0.2099 0.2250 0.2961 0.2229 0.2959 0.2229 0.2699 0.2305 0.8200 0.2305 0.8196 0.2322 0.8193 0.2250 0.2961 0.2229 0.2699 0.2250 0.2701 0.2015 0.6172 0.2015 0.6259 0.2037 0.6257 0.2229 0.8214 0.2229 0.8211 0.2250 0.8208 0.2015 0.6172 0.2009 0.6173 0.2015 0.6259 0.2229 0.8214 0.2214 0.8216 0.2214 0.8214 0.2037 0.1779 0.2015 0.1776 0.2015 0.1779 0.2060 0.1786 0.2037 0.1846 0.2060 0.1850 0.2136 0.3118 0.2095 0.2974 0.2136 0.2978 0.2454 0.6820 0.2437 0.6821 0.2454 0.6854 0.2214 0.6464 0.2188 0.6735 0.2214 0.6733 0.1981 0.8226 0.1173 0.8375 0.1981 0.8251 0.2454 0.2724 0.2437 0.2722 0.2437 0.2664 0.1981 0.8226 0.1981 0.8251 0.2009 0.8247 0.2454 0.2724 0.2437 0.2664 0.2454 0.2666 0.2277 0.1882 0.2250 0.1878 0.2250 0.1896 0.2250 0.2989 0.2229 0.2959 0.2250 0.2961 0.2250 0.2989 0.2229 0.2987 0.2229 0.2959 0.2322 0.1907 0.2305 0.2103 0.2322 0.2105 0.2081 0.6255 0.2081 0.6332 0.2095 0.6331 0.2322 0.1907 0.2322 0.2105 0.2354 0.2109 0.2322 0.1907 0.2305 0.1904 0.2305 0.2103 0.2322 0.8197 0.2322 0.8193 0.2354 0.8188 0.2060 0.3255 0.2037 0.3253 0.2037 0.3144 0.2322 0.8197 0.2305 0.8200 0.2322 0.8193 0.2486 0.6851 0.2454 0.6854 0.2454 0.6992 0.2250 0.8211 0.2250 0.8208 0.2277 0.8204 0.2060 0.1782 0.2037 0.1779 0.2060 0.1786 0.2156 0.3120 0.2136 0.2978 0.2156 0.2980 0.2136 0.6329 0.2095 0.6331 0.2095 0.6408 0.2136 0.6329 0.2095 0.6408 0.2136 0.6405 0.2382 0.8184 0.2354 0.8188 0.2382 0.8169 0.2037 0.6171 0.2037 0.6257 0.2060 0.6256 0.2037 0.6171 0.2015 0.6172 0.2037 0.6257 0.2188 0.6402 0.2156 0.6404 0.2156 0.6468 0.2277 0.2964 0.2250 0.2989 0.2250 0.2961 0.2229 0.6463 0.2214 0.6464 0.2214 0.6733 0.2009 0.8222 0.1981 0.8226 0.2009 0.8247 0.2521 0.2673 0.2855 0.2572 0.2855 0.2767 0.2081 0.1786 0.2060 0.1786 0.2081 0.1790 0.2081 0.1786 0.2060 0.1782 0.2060 0.1786 0.2015 0.6126 0.2009 0.6127 0.2009 0.6173 0.2015 0.8221 0.2009 0.8222 0.2009 0.8247 0.2354 0.1911 0.2322 0.1907 0.2354 0.2109 0.2095 0.6254 0.2095 0.6331 0.2136 0.6329 0.2015 0.8221 0.2015 0.8246 0.2037 0.8243 0.2354 0.1911 0.2354 0.2109 0.2382 0.2113 0.2403 0.6717 0.2382 0.6719 0.2403 0.6824 0.2486 0.2727 0.2454 0.2724 0.2454 0.2666 0.2486 0.6817 0.2454 0.6854 0.2486 0.6851 0.2156 0.3154 0.2136 0.3118 0.2156 0.3120 0.2521 0.8144 0.2486 0.8087 0.2521 0.8082 0.2486 0.6817 0.2454 0.6820 0.2454 0.6854 0.2277 0.2991 0.2250 0.2989 0.2277 0.2964 0.1981 0.1755 0.1981 0.1770 0.2009 0.1775 0.2322 0.1889 0.2305 0.1904 0.2322 0.1907 0.2060 0.6170 0.2060 0.6256 0.2081 0.6255 0.2277 0.8206 0.2250 0.8211 0.2277 0.8204 0.2188 0.3122 0.2156 0.3120 0.2156 0.2980 0.2354 0.8192 0.2354 0.8188 0.2382 0.8184 0.2095 0.1788 0.2081 0.1790 0.2095 0.1792 0.2305 0.2966 0.2277 0.2964 0.2277 0.2704 0.2037 0.6125 0.2015 0.6126 0.2015 0.6172 0.2095 0.3258 0.2081 0.3148 0.2095 0.3149 0.2095 0.3258 0.2081 0.3256 0.2081 0.3148 0.2521 0.6848 0.2521 0.6985 0.2855 0.6818 0.2521 0.6848 0.2486 0.6989 0.2521 0.6985 0.2521 0.8148 0.2486 0.8149 0.2521 0.8144 0.1981 0.8211 0.1173 0.8280 0.1173 0.8348 0.2437 0.6714 0.2403 0.6824 0.2437 0.6821 0.2322 0.2968 0.2305 0.2966 0.2305 0.2707 0.2322 0.2968 0.2305 0.2707 0.2322 0.2709 0.2305 0.8202 0.2305 0.8200 0.2322 0.8197 0.2229 0.6399 0.2214 0.6400 0.2229 0.6463 0.2015 0.1760 0.2009 0.1759 0.2009 0.1775 0.1981 0.6004 0.1173 0.5862 0.1173 0.6309 0.2382 0.8188 0.2382 0.8184 0.2403 0.8181 0.2354 0.1893 0.2322 0.1907 0.2354 0.1911 0.1981 0.6004 0.1173 0.6309 0.1981 0.6128 0.2437 0.8176 0.2403 0.8181 0.2437 0.8161 0.2136 0.6252 0.2095 0.6254 0.2136 0.6329 0.2403 0.1918 0.2382 0.1915 0.2403 0.2116 0.2214 0.3125 0.2188 0.3122 0.2188 0.2983 0.2060 0.8214 0.2037 0.8218 0.2060 0.8239 0.2156 0.1801 0.2136 0.1861 0.2156 0.1864 0.2156 0.1801 0.2136 0.1798 0.2136 0.1861 0.2322 0.2996 0.2305 0.2994 0.2322 0.2968 0.2521 0.6814 0.2855 0.6818 0.2855 0.6680 0.2521 0.6814 0.2486 0.6851 0.2521 0.6848 0.2009 0.8207 0.1981 0.8226 0.2009 0.8222 0.2521 0.6814 0.2521 0.6848 0.2855 0.6818 0.2229 0.3126 0.2214 0.2985 0.2229 0.2987 0.2277 0.6459 0.2250 0.6461 0.2250 0.6730 0.2229 0.3126 0.2214 0.3125 0.2214 0.2985 0.2277 0.6459 0.2250 0.6730 0.2277 0.6727 0.2136 0.3261 0.2095 0.3149 0.2136 0.3153 0.2454 0.6713 0.2437 0.6714 0.2437 0.6821 0.2454 0.8173 0.2454 0.8158 0.2486 0.8153 0.2454 0.8173 0.2437 0.8176 0.2454 0.8158 0.1981 0.1751 0.1173 0.1632 0.1981 0.1755 0.2403 0.8185 0.2382 0.8188 0.2403 0.8181 0.2250 0.6398 0.2250 0.6461 0.2277 0.6459 0.2250 0.6398 0.2277 0.6353 0.2250 0.6322 0.2250 0.6398 0.2229 0.6463 0.2250 0.6461 0.2037 0.1764 0.2015 0.1776 0.2037 0.1779 0.2156 0.6250 0.2136 0.6252 0.2156 0.6328 0.2382 0.1898 0.2354 0.1911 0.2382 0.1915 0.2156 0.6250 0.2188 0.6228 0.2156 0.6164 0.2354 0.2971 0.2322 0.2709 0.2354 0.2713 0.2156 0.6250 0.2156 0.6328 0.2188 0.6326 0.2081 0.6123 0.2060 0.6124 0.2060 0.6170 0.2081 0.8211 0.2060 0.8239 0.2081 0.8236 0.2354 0.2971 0.2322 0.2968 0.2322 0.2709 0.2009 0.6003 0.1981 0.6128 0.2009 0.6127 0.2214 0.6324 0.2188 0.6326 0.2188 0.6402 0.1981 0.3520 0.1173 0.3490 0.1981 0.3248 0.2214 0.6324 0.2214 0.6400 0.2229 0.6399 0.2060 0.1767 0.2037 0.1764 0.2060 0.1782 0.1981 0.5951 0.1981 0.6004 0.2009 0.6003 0.2009 0.1755 0.1981 0.1751 0.1981 0.1755 0.2009 0.1755 0.1981 0.1755 0.2009 0.1759 0.2015 0.6002 0.2009 0.6127 0.2015 0.6126 0.2015 0.6002 0.2009 0.6003 0.2009 0.6127 0.2037 0.8203 0.2037 0.8218 0.2060 0.8214 0.2188 0.1806 0.2156 0.1864 0.2188 0.1869 0.2156 0.3263 0.2136 0.3153 0.2156 0.3154 0.2095 0.6122 0.2081 0.6123 0.2081 0.6169 0.2229 0.3161 0.2214 0.3125 0.2229 0.3126 0.2354 0.8195 0.2354 0.8192 0.2382 0.8188 0.2486 0.6710 0.2454 0.6820 0.2486 0.6817 0.2486 0.6710 0.2454 0.6713 0.2454 0.6820 0.2437 0.8180 0.2437 0.8176 0.2454 0.8173 0.2437 0.8180 0.2403 0.8185 0.2437 0.8176 0.2229 0.6323 0.2229 0.6399 0.2250 0.6398 0.2229 0.6323 0.2211 0.6267 0.2214 0.6324 0.2015 0.1756 0.2009 0.1759 0.2015 0.1760 0.2403 0.1901 0.2382 0.1898 0.2382 0.1915 0.2403 0.1901 0.2382 0.1915 0.2403 0.1918 0.2382 0.2974 0.2354 0.2971 0.2354 0.2713 0.2188 0.6249 0.2211 0.6267 0.2188 0.6228 0.2188 0.6249 0.2188 0.6326 0.2211 0.6267 0.2188 0.6249 0.2188 0.6228 0.2156 0.6250 0.2322 0.6456 0.2305 0.6725 0.2322 0.6724 0.2322 0.6456 0.2354 0.6413 0.2322 0.6393 0.2454 0.8177 0.2454 0.8173 0.2486 0.8168 0.2454 0.1926 0.2437 0.1923 0.2437 0.2121 0.2322 0.6456 0.2305 0.6457 0.2305 0.6725 0.2454 0.8177 0.2437 0.8180 0.2454 0.8173 0.2136 0.6166 0.2136 0.6252 0.2156 0.6250 0.2136 0.6166 0.2156 0.6164 0.2137 0.6120 0.2081 0.1770 0.2081 0.1786 0.2095 0.1788 0.2136 0.6166 0.2095 0.6168 0.2136 0.6252 0.2136 0.6166 0.2156 0.6250 0.2156 0.6164 0.2382 0.8190 0.2354 0.8195 0.2382 0.8188 0.2081 0.1770 0.2060 0.1767 0.2060 0.1782 0.2009 0.3522 0.1981 0.3248 0.2009 0.3250 0.2037 0.6001 0.2015 0.6002 0.2015 0.6126 0.2037 0.6001 0.2015 0.6126 0.2037 0.6125 0.2009 0.5950 0.1981 0.5951 0.2009 0.6003 0.2188 0.1802 0.2156 0.1797 0.2156 0.1801 0.2136 0.8203 0.2095 0.8209 0.2095 0.8234 0.2214 0.1810 0.2188 0.1869 0.2214 0.1873 0.2136 0.8203 0.2095 0.8234 0.2136 0.8228 0.2015 0.5950 0.2009 0.6003 0.2015 0.6002 0.2015 0.5950 0.2009 0.5950 0.2009 0.6003 0.2521 0.8163 0.2855 0.8097 0.2855 0.8116 0.2277 0.3130 0.2250 0.3128 0.2250 0.2989 0.2305 0.6394 0.2305 0.6457 0.2322 0.6456 0.2305 0.6394 0.2322 0.6393 0.2277 0.6353 0.2521 0.6708 0.2486 0.6710 0.2521 0.6814 0.2015 0.3523 0.2009 0.3250 0.2015 0.3251 0.2521 0.6708 0.2521 0.6814 0.2855 0.6680 0.2521 0.6708 0.2486 0.6445 0.2486 0.6710 0.2037 0.1759 0.2015 0.1756 0.2015 0.1760 0.2060 0.6000 0.2037 0.6001 0.2060 0.6124 0.2081 0.8196 0.2060 0.8214 0.2081 0.8211 0.2015 0.3523 0.2009 0.3522 0.2009 0.3250 0.2136 0.6120 0.2095 0.6122 0.2095 0.6168 0.2403 0.8187 0.2382 0.8190 0.2403 0.8185 0.2095 0.1772 0.2081 0.1770 0.2095 0.1788 0.2354 0.6454 0.2322 0.6456 0.2322 0.6724 0.2156 0.8200 0.2136 0.8203 0.2136 0.8228 0.2188 0.3265 0.2156 0.3263 0.2156 0.3154 0.2437 0.1906 0.2403 0.1918 0.2437 0.1923 0.2354 0.6454 0.2354 0.6413 0.2322 0.6456 0.2437 0.1906 0.2403 0.1901 0.2403 0.1918 0.2354 0.6454 0.2322 0.6724 0.2354 0.6721 0.2037 0.5949 0.2015 0.6002 0.2037 0.6001 0.2081 0.5999 0.2081 0.5947 0.2060 0.6000 0.2081 0.5999 0.2095 0.5998 0.2081 0.5947 0.2060 0.5948 0.2037 0.5949 0.2060 0.6000 0.2486 0.8172 0.2454 0.8177 0.2486 0.8168 0.2060 0.5948 0.2060 0.6000 0.2081 0.5947 0.2486 0.1931 0.2454 0.1926 0.2454 0.2123 0.2382 0.6452 0.2354 0.6454 0.2354 0.6721 0.2214 0.1806 0.2188 0.1806 0.2214 0.1810 0.2382 0.6452 0.2354 0.6721 0.2382 0.6719 0.2214 0.1806 0.2188 0.1802 0.2188 0.1806 0.2437 0.8182 0.2403 0.8187 0.2403 0.8185 0.2009 0.5829 0.1981 0.5951 0.2009 0.5950 0.2009 0.5829 0.1981 0.5830 0.1981 0.5951 0.2188 0.8195 0.2156 0.8225 0.2188 0.8220 0.1981 0.1749 0.1173 0.1625 0.1981 0.1751 0.2403 0.6451 0.2403 0.6435 0.2382 0.6452 0.2403 0.6451 0.2437 0.6443 0.2403 0.6435 0.2403 0.6451 0.2382 0.6719 0.2403 0.6717 0.2188 0.8195 0.2156 0.8200 0.2156 0.8225 0.2037 0.3524 0.2015 0.3251 0.2037 0.3253 0.2037 0.3524 0.2015 0.3523 0.2015 0.3251 0.1981 0.5746 0.1173 0.5862 0.1981 0.5830 0.1981 0.5746 0.1173 0.5655 0.1173 0.5862 0.2060 0.1763 0.2037 0.1759 0.2037 0.1764 0.2521 0.8167 0.2521 0.8163 0.2855 0.8116 0.2305 0.3133 0.2277 0.3130 0.2277 0.2991 0.2037 0.5828 0.2081 0.5947 0.2047 0.5796 0.2037 0.5828 0.2015 0.5950 0.2037 0.5949 0.2037 0.5828 0.2060 0.5948 0.2081 0.5947 0.2403 0.3003 0.2382 0.3001 0.2403 0.2976 0.1981 0.8160 0.1981 0.8211 0.2009 0.8207 0.2009 0.5745 0.1981 0.5830 0.2009 0.5829 0.2214 0.3267 0.2188 0.3157 0.2214 0.3159 0.2136 0.8188 0.2095 0.8194 0.2095 0.8209 0.2454 0.6447 0.2486 0.6710 0.2486 0.6445 0.2454 0.6447 0.2437 0.6714 0.2454 0.6713 0.2136 0.8188 0.2095 0.8209 0.2136 0.8203 0.2250 0.1815 0.2229 0.1875 0.2250 0.1878 0.2015 0.5744 0.2047 0.5796 0.2037 0.5744 0.2454 0.8179 0.2437 0.8180 0.2454 0.8177 0.1981 0.5631 0.2037 0.5744 0.2005 0.5503 0.2136 0.1779 0.2095 0.1788 0.2136 0.1794 0.1981 0.5631 0.1981 0.5746 0.2009 0.5745 0.1981 0.8156 0.1173 0.8280 0.1981 0.8160 0.2521 0.6442 0.2855 0.6364 0.2521 0.6440 0.2521 0.6442 0.2521 0.6440 0.2486 0.6445 0.2521 0.6442 0.2486 0.6445 0.2521 0.6708 0.2521 0.6442 0.2521 0.6708 0.2855 0.6680 0.1981 0.5503 0.1173 0.5425 0.1173 0.5655 0.1981 0.5503 0.2005 0.5503 0.2000 0.5446 0.1981 0.5503 0.1173 0.5655 0.1981 0.5631 0.2322 0.3134 0.2305 0.3133 0.2305 0.2994 0.2214 0.8191 0.2188 0.8195 0.2214 0.8216 0.2009 0.1753 0.1981 0.1749 0.1981 0.1751 0.1981 0.5312 0.1173 0.5323 0.1173 0.5425 0.2521 0.1936 0.2486 0.1931 0.2486 0.2128 0.2521 0.1936 0.2486 0.2128 0.2521 0.2132 0.1981 0.5312 0.1981 0.5409 0.2000 0.5446 0.2521 0.1936 0.2855 0.2178 0.2855 0.1968 0.1981 0.5220 0.1981 0.5312 0.1987 0.5248 0.1981 0.5220 0.1173 0.5000 0.1173 0.5323 0.1981 0.5220 0.1986 0.5220 0.1981 0.5000 0.1981 0.5220 0.1981 0.5000 0.1173 0.5000 0.2009 0.8156 0.2009 0.8207 0.2015 0.8206 0.2009 0.8156 0.1981 0.8160 0.2009 0.8207 0.2060 0.3526 0.2037 0.3524 0.2060 0.3255 0.2250 0.1811 0.2229 0.1812 0.2250 0.1815 0.2229 0.8189 0.2214 0.8191 0.2214 0.8216 0.2305 0.3167 0.2277 0.3130 0.2305 0.3133 0.2095 0.1768 0.2081 0.1766 0.2081 0.1770 0.2095 0.1768 0.2081 0.1770 0.2095 0.1772 0.1981 0.3661 0.1173 0.3691 0.1173 0.3490 0.2015 0.8155 0.2009 0.8156 0.2015 0.8206 0.2277 0.1819 0.2250 0.1815 0.2250 0.1878 0.2454 0.2981 0.2437 0.2722 0.2454 0.2724 0.2277 0.1819 0.2250 0.1811 0.2250 0.1815 0.2156 0.1782 0.2156 0.1797 0.2188 0.1802 0.2486 0.8174 0.2454 0.8177 0.2486 0.8172 0.2486 0.8174 0.2454 0.8179 0.2454 0.8177 0.2437 0.3007 0.2437 0.2979 0.2454 0.2981 0.2037 0.1757 0.2015 0.1756 0.2037 0.1759 0.2009 0.8152 0.1981 0.8156 0.1981 0.8160 0.2037 0.3588 0.2037 0.3524 0.2060 0.3526 0.2009 0.8152 0.2009 0.8156 0.2015 0.8155 0.2037 0.3588 0.2015 0.3587 0.2015 0.3523 0.2009 0.8152 0.1981 0.8160 0.2009 0.8156 0.2250 0.3270 0.2229 0.3269 0.2229 0.3161 0.2277 0.1815 0.2250 0.1811 0.2277 0.1819 0.2015 0.8151 0.2009 0.8152 0.2015 0.8155 0.2322 0.3169 0.2305 0.3167 0.2305 0.3133 0.2305 0.1823 0.2277 0.1882 0.2305 0.1886 0.2322 0.3169 0.2305 0.3133 0.2322 0.3134 0.2250 0.8186 0.2229 0.8214 0.2250 0.8211 0.2250 0.8186 0.2250 0.8211 0.2277 0.8206 0.2305 0.1823 0.2277 0.1819 0.2277 0.1882 0.2521 0.1918 0.2486 0.1931 0.2521 0.1936 0.2521 0.1918 0.2521 0.1936 0.2855 0.1968 0.2521 0.1918 0.2486 0.1913 0.2486 0.1931 0.2354 0.3137 0.2322 0.2996 0.2354 0.2999 0.2354 0.3137 0.2322 0.3134 0.2322 0.2996 0.2354 0.3137 0.2322 0.3169 0.2322 0.3134 0.2037 0.8152 0.2037 0.8203 0.2060 0.8199 0.2454 0.3008 0.2437 0.3007 0.2454 0.2981 0.2136 0.1774 0.2095 0.1768 0.2095 0.1772 0.2037 0.8152 0.2015 0.8155 0.2037 0.8203 0.2037 0.8147 0.2015 0.8151 0.2015 0.8155 0.2060 0.1761 0.2037 0.1757 0.2037 0.1759 0.2095 0.3528 0.2081 0.3256 0.2095 0.3258 0.2521 0.8169 0.2486 0.8174 0.2521 0.8167 0.2060 0.8149 0.2060 0.8199 0.2081 0.8196 0.2009 0.3663 0.1981 0.3661 0.1981 0.3585 0.2060 0.8149 0.2037 0.8147 0.2037 0.8152 0.2060 0.8149 0.2037 0.8152 0.2060 0.8199 0.2060 0.3590 0.2037 0.3588 0.2060 0.3526 0.2015 0.3663 0.2009 0.3586 0.2015 0.3587 0.2015 0.3663 0.2009 0.3663 0.2009 0.3586 0.2277 0.8181 0.2250 0.8186 0.2277 0.8206 0.2156 0.1777 0.2136 0.1779 0.2156 0.1782 0.2156 0.1777 0.2136 0.1774 0.2136 0.1779 0.2214 0.8176 0.2188 0.8180 0.2188 0.8195 0.2486 0.2984 0.2454 0.2981 0.2454 0.2724 0.2214 0.8176 0.2214 0.8191 0.2229 0.8189 0.2214 0.8176 0.2188 0.8195 0.2214 0.8191 0.2229 0.8174 0.2214 0.8176 0.2229 0.8189 0.2354 0.3172 0.2322 0.3169 0.2354 0.3137 0.2382 0.3140 0.2354 0.3137 0.2354 0.2999 0.2382 0.3140 0.2354 0.2999 0.2382 0.3001 0.2095 0.1766 0.2081 0.1766 0.2095 0.1768 0.2081 0.8146 0.2081 0.8196 0.2095 0.8194 0.1981 0.3739 0.1173 0.3691 0.1981 0.3661 0.2081 0.8146 0.2060 0.8149 0.2081 0.8196 0.2305 0.8177 0.2277 0.8181 0.2277 0.8206 0.2305 0.8177 0.2305 0.8202 0.2322 0.8199 0.2486 0.3011 0.2454 0.2981 0.2486 0.2984 0.2354 0.1831 0.2322 0.1826 0.2322 0.1889 0.2081 0.8141 0.2060 0.8149 0.2081 0.8146 0.2081 0.8141 0.2060 0.8144 0.2060 0.8149 0.2037 0.3665 0.2015 0.3663 0.2015 0.3587 0.2037 0.3665 0.2015 0.3587 0.2037 0.3588 0.2188 0.1782 0.2156 0.1782 0.2188 0.1786 0.2188 0.1782 0.2156 0.1777 0.2156 0.1782 0.2305 0.3275 0.2277 0.3165 0.2305 0.3167 0.2250 0.8171 0.2229 0.8189 0.2250 0.8186 0.2250 0.8171 0.2229 0.8174 0.2229 0.8189 0.2095 0.3592 0.2081 0.3527 0.2095 0.3528 0.2095 0.3592 0.2081 0.3591 0.2081 0.3527 0.2322 0.8175 0.2305 0.8177 0.2322 0.8199 0.2382 0.1835 0.2354 0.1893 0.2382 0.1898 0.2382 0.1835 0.2354 0.1831 0.2354 0.1893 0.2095 0.8139 0.2081 0.8146 0.2095 0.8143 0.2277 0.8167 0.2250 0.8171 0.2277 0.8181 0.2521 0.2987 0.2486 0.2727 0.2521 0.2731 0.2214 0.1786 0.2188 0.1786 0.2214 0.1790 0.2354 0.8170 0.2354 0.8195 0.2382 0.8190 0.2354 0.8170 0.2322 0.8175 0.2322 0.8199 0.2277 0.1800 0.2250 0.1796 0.2277 0.1815 0.2354 0.8170 0.2322 0.8199 0.2354 0.8195 0.2403 0.1838 0.2382 0.1831 0.2382 0.1835 0.2403 0.1838 0.2382 0.1898 0.2403 0.1901 0.2015 0.3741 0.2009 0.3663 0.2015 0.3663 0.2015 0.3741 0.2009 0.3741 0.2009 0.3663 0.2229 0.1789 0.2214 0.1790 0.2229 0.1793 0.2136 0.8133 0.2095 0.8143 0.2136 0.8137 0.2322 0.3276 0.2305 0.3275 0.2305 0.3167 0.2229 0.1789 0.2214 0.1786 0.2214 0.1790 0.2156 0.1775 0.2136 0.1772 0.2136 0.1774 0.2305 0.8163 0.2305 0.8177 0.2322 0.8175 0.2322 0.3276 0.2305 0.3167 0.2322 0.3169 0.2156 0.1775 0.2136 0.1774 0.2156 0.1777 0.2305 0.8163 0.2277 0.8167 0.2277 0.8181 0.2156 0.3532 0.2136 0.3531 0.2156 0.3263 0.2305 0.8163 0.2277 0.8181 0.2305 0.8177 0.2403 0.1834 0.2382 0.1831 0.2403 0.1838 0.2521 0.3015 0.2486 0.3011 0.2486 0.2984 0.2156 0.8134 0.2136 0.8137 0.2156 0.8185 0.2521 0.3015 0.2521 0.2987 0.2855 0.3019 0.2521 0.3015 0.2855 0.3019 0.2855 0.3182 0.2305 0.1804 0.2277 0.1800 0.2277 0.1815 0.2521 0.3015 0.2486 0.2984 0.2521 0.2987 0.2382 0.8166 0.2354 0.8170 0.2382 0.8190 0.2403 0.3176 0.2382 0.3174 0.2382 0.3140 0.2382 0.8166 0.2382 0.8190 0.2403 0.8187 0.2305 0.1804 0.2277 0.1815 0.2305 0.1819 0.2322 0.8160 0.2322 0.8175 0.2354 0.8170 0.1981 0.3826 0.1173 0.3691 0.1981 0.3739 0.2437 0.1843 0.2403 0.1901 0.2437 0.1906 0.2188 0.1780 0.2156 0.1775 0.2156 0.1777 0.2188 0.1780 0.2156 0.1777 0.2188 0.1782 0.2437 0.3145 0.2403 0.3003 0.2437 0.3007 0.2009 0.8079 0.1981 0.8083 0.1981 0.8156 0.2322 0.1807 0.2305 0.1804 0.2322 0.1822 0.2437 0.3145 0.2403 0.3176 0.2403 0.3142 0.2037 0.3743 0.2015 0.3741 0.2015 0.3663 0.2454 0.1846 0.2437 0.1906 0.2454 0.1908 0.2037 0.3743 0.2015 0.3663 0.2037 0.3665 0.2454 0.1846 0.2437 0.1843 0.2437 0.1906 0.2136 0.3595 0.2095 0.3528 0.2136 0.3531 0.2136 0.3595 0.2095 0.3592 0.2095 0.3528 0.2403 0.8162 0.2403 0.8187 0.2437 0.8182 0.2277 0.1796 0.2250 0.1796 0.2277 0.1800 0.2437 0.1839 0.2403 0.1838 0.2437 0.1843 0.2354 0.3279 0.2322 0.3169 0.2354 0.3172 0.2188 0.8130 0.2188 0.8180 0.2214 0.8176 0.2214 0.1784 0.2188 0.1782 0.2214 0.1786 0.2095 0.3669 0.2081 0.3591 0.2095 0.3592 0.2037 0.8075 0.2015 0.8151 0.2037 0.8147 0.2354 0.1812 0.2354 0.1827 0.2382 0.1831 0.2188 0.3535 0.2156 0.3263 0.2188 0.3265 0.2188 0.8125 0.2156 0.8134 0.2188 0.8130 0.2188 0.8125 0.2156 0.8130 0.2156 0.8134 0.2437 0.3179 0.2403 0.3176 0.2437 0.3145 0.2354 0.8155 0.2322 0.8160 0.2354 0.8170 0.2354 0.8155 0.2354 0.8170 0.2382 0.8166 0.2229 0.1786 0.2214 0.1786 0.2229 0.1789 0.2229 0.1786 0.2214 0.1784 0.2214 0.1786 0.2009 0.3827 0.1981 0.3826 0.1981 0.3739 0.1981 0.1774 0.1173 0.1652 0.1173 0.1625 0.1981 0.8043 0.1981 0.8083 0.2009 0.8079 0.1981 0.8043 0.1173 0.8200 0.1981 0.8083 0.1981 0.1774 0.1173 0.1625 0.1981 0.1749 0.2156 0.3596 0.2136 0.3595 0.2156 0.3532 0.2214 0.8126 0.2214 0.8176 0.2229 0.8174 0.2015 0.3828 0.2009 0.3741 0.2015 0.3741 0.2250 0.1789 0.2229 0.1789 0.2250 0.1792 0.2454 0.3180 0.2437 0.3179 0.2437 0.3145 0.2060 0.8071 0.2037 0.8147 0.2060 0.8144 0.2454 0.3180 0.2437 0.3145 0.2454 0.3146 0.2060 0.8071 0.2037 0.8075 0.2037 0.8147 0.2250 0.1789 0.2229 0.1786 0.2229 0.1789 0.2486 0.1847 0.2454 0.1842 0.2454 0.1846 0.2214 0.3536 0.2214 0.3267 0.2229 0.3269 0.2486 0.1847 0.2454 0.1846 0.2486 0.1851 0.2214 0.8121 0.2188 0.8125 0.2188 0.8130 0.2382 0.1816 0.2382 0.1831 0.2403 0.1834 0.2214 0.3536 0.2188 0.3535 0.2214 0.3267 0.2081 0.3745 0.2060 0.3744 0.2060 0.3666 0.2229 0.8124 0.2214 0.8126 0.2229 0.8174 0.2382 0.8151 0.2382 0.8166 0.2403 0.8162 0.2382 0.8151 0.2354 0.8155 0.2382 0.8166 0.2486 0.3149 0.2454 0.3146 0.2454 0.3008 0.2009 0.8039 0.1981 0.8043 0.2009 0.8079 0.2486 0.3149 0.2454 0.3008 0.2486 0.3011 0.2009 0.3873 0.1981 0.3826 0.2009 0.3827 0.2009 0.1778 0.1981 0.1774 0.1981 0.1749 0.2136 0.3671 0.2095 0.3592 0.2136 0.3595 0.2136 0.3671 0.2095 0.3669 0.2095 0.3592 0.2229 0.8119 0.2214 0.8126 0.2229 0.8124 0.2081 0.8068 0.2060 0.8071 0.2060 0.8144 0.2188 0.3598 0.2188 0.3535 0.2214 0.3536 0.2521 0.1856 0.2855 0.1968 0.2855 0.1903 0.2521 0.1856 0.2486 0.1913 0.2521 0.1918 0.2081 0.8068 0.2060 0.8144 0.2081 0.8141 0.2188 0.3598 0.2156 0.3532 0.2188 0.3535 0.2521 0.1856 0.2486 0.1851 0.2486 0.1913 0.2015 0.8038 0.2015 0.8078 0.2037 0.8075 0.2403 0.1819 0.2382 0.1816 0.2403 0.1834 0.2015 0.3874 0.2009 0.3827 0.2015 0.3828 0.2095 0.3746 0.2081 0.3668 0.2095 0.3669 0.2277 0.1794 0.2250 0.1789 0.2250 0.1792 0.2354 0.1808 0.2322 0.1807 0.2354 0.1812 0.2354 0.1808 0.2322 0.1803 0.2322 0.1807 0.2403 0.3283 0.2382 0.3174 0.2403 0.3176 0.2486 0.3183 0.2454 0.3146 0.2486 0.3149 0.2095 0.8066 0.2081 0.8068 0.2081 0.8141 0.2250 0.8116 0.2229 0.8124 0.2250 0.8121 0.2250 0.8116 0.2229 0.8119 0.2229 0.8124 0.2037 0.8035 0.2015 0.8038 0.2037 0.8075 0.1981 0.1789 0.1173 0.1720 0.1173 0.1652 0.2037 0.3875 0.2037 0.3829 0.2060 0.3830 0.2037 0.3875 0.2015 0.3874 0.2015 0.3828 0.2037 0.3875 0.2015 0.3828 0.2037 0.3829 0.2214 0.3600 0.2188 0.3598 0.2214 0.3536 0.2382 0.1812 0.2354 0.1808 0.2354 0.1812 0.2521 0.3152 0.2486 0.3011 0.2521 0.3015 0.2521 0.3152 0.2486 0.3149 0.2486 0.3011 0.2437 0.1824 0.2403 0.1819 0.2403 0.1834 0.2521 0.3152 0.2521 0.3015 0.2855 0.3182 0.2437 0.8143 0.2403 0.8148 0.2403 0.8162 0.2437 0.8143 0.2437 0.8157 0.2454 0.8155 0.2437 0.3286 0.2403 0.3283 0.2403 0.3176 0.2060 0.8032 0.2060 0.8071 0.2081 0.8068 0.2081 0.3831 0.2060 0.3830 0.2060 0.3744 0.2229 0.3601 0.2214 0.3536 0.2229 0.3537 0.2060 0.1786 0.2037 0.1757 0.2060 0.1761 0.2229 0.3601 0.2229 0.3537 0.2250 0.3539 0.2277 0.8112 0.2250 0.8116 0.2277 0.8116 0.2060 0.1786 0.2037 0.1782 0.2037 0.1757 0.1981 0.3996 0.1173 0.3691 0.1981 0.3872 0.1981 0.3996 0.1173 0.4138 0.1173 0.3691 0.2009 0.1793 0.1981 0.1789 0.1981 0.1774 0.2136 0.8060 0.2095 0.8139 0.2136 0.8133 0.2136 0.8060 0.2095 0.8066 0.2095 0.8139 0.2009 0.1793 0.1981 0.1774 0.2009 0.1778 0.2136 0.3748 0.2095 0.3669 0.2136 0.3671 0.2322 0.1801 0.2305 0.1800 0.2322 0.1803 0.2322 0.1801 0.2305 0.1798 0.2305 0.1800 0.2136 0.3748 0.2095 0.3746 0.2095 0.3669 0.2521 0.8145 0.2521 0.8169 0.2855 0.8118 0.2521 0.8145 0.2486 0.8150 0.2486 0.8174 0.2521 0.8145 0.2486 0.8174 0.2521 0.8169 0.2403 0.1815 0.2382 0.1812 0.2382 0.1816 0.2521 0.3186 0.2486 0.3183 0.2486 0.3149 0.2521 0.3186 0.2521 0.3152 0.2855 0.3182 0.2081 0.8029 0.2060 0.8032 0.2081 0.8068 0.2015 0.1794 0.2009 0.1793 0.2009 0.1778 0.2305 0.8108 0.2277 0.8112 0.2277 0.8116 0.2305 0.8108 0.2277 0.8116 0.2305 0.8112 0.2250 0.3602 0.2229 0.3601 0.2250 0.3539 0.2250 0.3602 0.2250 0.3539 0.2277 0.3541 0.2250 0.3602 0.2277 0.3647 0.2250 0.3678 0.2095 0.1791 0.2081 0.1789 0.2081 0.1764 0.2156 0.3750 0.2188 0.3772 0.2156 0.3836 0.2081 0.3877 0.2060 0.3830 0.2081 0.3831 0.2081 0.3877 0.2081 0.3831 0.2095 0.3832 0.2037 0.1797 0.2037 0.1782 0.2060 0.1786 0.2009 0.3997 0.1981 0.3996 0.2009 0.3873 0.2037 0.1797 0.2015 0.1794 0.2015 0.1779 0.2354 0.1805 0.2322 0.1801 0.2322 0.1803 0.2486 0.8135 0.2454 0.8140 0.2454 0.8155 0.2214 0.3676 0.2188 0.3674 0.2188 0.3598 0.2486 0.1832 0.2454 0.1827 0.2454 0.1842 0.2015 0.3998 0.2009 0.3997 0.2015 0.3874 0.2015 0.3998 0.2015 0.3874 0.2037 0.3875 0.2305 0.3543 0.2277 0.3273 0.2305 0.3275 0.2305 0.3543 0.2277 0.3541 0.2277 0.3273 0.2060 0.1801 0.2037 0.1797 0.2060 0.1786 0.2095 0.3878 0.2081 0.3877 0.2095 0.3832 0.2486 0.3290 0.2454 0.3180 0.2486 0.3183 0.2454 0.1823 0.2437 0.1824 0.2454 0.1827 0.2486 0.3290 0.2486 0.3555 0.2454 0.3287 0.2454 0.1823 0.2437 0.1820 0.2437 0.1824 0.2136 0.8021 0.2136 0.8060 0.2156 0.8058 0.2229 0.3677 0.2229 0.3601 0.2250 0.3602 0.2229 0.3677 0.2211 0.3733 0.2214 0.3676 0.2229 0.3677 0.2214 0.3676 0.2229 0.3601 0.2229 0.3677 0.2250 0.3678 0.2211 0.3733 0.2277 0.3604 0.2250 0.3602 0.2277 0.3541 0.2382 0.1810 0.2354 0.1808 0.2382 0.1812 0.2188 0.3751 0.2188 0.3674 0.2211 0.3733 0.2136 0.1797 0.2095 0.1766 0.2136 0.1772 0.2188 0.3751 0.2188 0.3772 0.2156 0.3750 0.2188 0.3751 0.2211 0.3733 0.2188 0.3772 0.2354 0.8100 0.2322 0.8105 0.2322 0.8110 0.2322 0.3544 0.2305 0.3543 0.2322 0.3276 0.2521 0.8130 0.2521 0.8145 0.2855 0.8080 0.2136 0.3834 0.2136 0.3748 0.2156 0.3750 0.2521 0.1837 0.2521 0.1852 0.2855 0.1903 0.2214 0.8049 0.2188 0.8125 0.2214 0.8121 0.2521 0.1837 0.2855 0.1903 0.2855 0.1884 0.2214 0.8049 0.2188 0.8053 0.2188 0.8125 0.2037 0.3999 0.2015 0.3998 0.2037 0.3875 0.2382 0.8101 0.2382 0.8151 0.2403 0.8148 0.2403 0.1813 0.2382 0.1812 0.2403 0.1815 0.2403 0.1813 0.2382 0.1810 0.2382 0.1812 0.4471 0.5000 0.4471 0.3796 0.4272 0.3796 0.4272 0.5863 0.4471 0.5000 0.4272 0.3796 0.4272 0.5863 0.4383 0.5568 0.4471 0.5000 0.4623 0.6460 0.4206 0.6127 0.4151 0.6290 0.4623 0.6460 0.4151 0.6290 0.4090 0.6434 0.4623 0.6460 0.4090 0.6434 0.4090 0.7032 0.4272 0.5863 0.4206 0.6127 0.4623 0.6460 0.4383 0.5568 0.4272 0.5863 0.4623 0.6460 0.4975 0.5970 0.4449 0.5282 0.4383 0.5568 0.4975 0.5970 0.4383 0.5568 0.4623 0.6460 0.5135 0.5658 0.4466 0.5141 0.4449 0.5282 0.5135 0.5658 0.4449 0.5282 0.4975 0.5970 0.5214 0.5434 0.4466 0.5141 0.5135 0.5658 0.5261 0.5216 0.4471 0.5000 0.4466 0.5141 0.5277 0.5000 0.4471 0.5000 0.5261 0.5216 0.4471 0.5000 0.4272 0.3796 0.4471 0.3796 0.4400 0.5510 0.4471 0.5000 0.4453 0.5254 0.4739 0.6315 0.4090 0.7032 0.4090 0.6434 0.4739 0.6315 0.4186 0.6194 0.4234 0.6027 0.4739 0.6315 0.4234 0.6027 0.4272 0.5863 0.7948 0.3253 0.7750 0.7796 0.7724 0.3253 0.8485 0.3253 0.8488 0.7796 0.8488 0.3253 0.8155 0.3253 0.8204 0.7796 0.8008 0.7796 0.8477 0.3253 0.8452 0.7796 0.8479 0.7796 0.8165 0.3253 0.8204 0.7796 0.8155 0.3253 0.7291 0.3253 0.7438 0.7796 0.7130 0.7796 0.8444 0.3253 0.8424 0.7796 0.8452 0.7796 0.7291 0.3253 0.7130 0.7796 0.7130 0.3253 0.8316 0.3253 0.8351 0.7796 0.8204 0.7796 0.8351 0.3253 0.8338 0.7796 0.8424 0.7796 0.8204 0.3253 0.8165 0.7796 0.8316 0.7796 0.8338 0.3253 0.8351 0.7796 0.8316 0.3253 0.7457 0.3253 0.7438 0.7796 0.7298 0.3253 0.8204 0.3253 0.8316 0.7796 0.8351 0.3253 0.8008 0.3253 0.8155 0.7796 0.8204 0.3253 0.8008 0.3253 0.7961 0.7796 0.8155 0.7796 0.7471 0.3253 0.7438 0.7796 0.7457 0.3253 0.8424 0.3253 0.8351 0.7796 0.8338 0.3253 0.8424 0.3253 0.8444 0.7796 0.8351 0.7796 0.7750 0.3253 0.7948 0.7796 0.8008 0.3253 0.7438 0.3253 0.7710 0.7796 0.7750 0.3253 0.7710 0.3253 0.7750 0.7796 0.7438 0.7796 0.7438 0.3253 0.7471 0.7796 0.7710 0.7796 0.7438 0.3253 0.7457 0.7796 0.7471 0.7796 0.7438 0.3253 0.7298 0.7796 0.7457 0.7796 0.7438 0.3253 0.7291 0.7796 0.7298 0.7796 0.7130 0.3253 0.7130 0.7796 0.7291 0.7796 0.7130 0.3253 0.7291 0.7796 0.7438 0.3253 0.8452 0.3253 0.8444 0.7796 0.8424 0.3253 0.8452 0.3253 0.8477 0.7796 0.8444 0.7796 0.8479 0.3253 0.8485 0.7796 0.8477 0.7796 0.3909 0.1906 0.2855 0.1968 0.3909 0.1968 0.4302 0.2048 0.4272 0.2048 0.4272 0.2178 0.4272 0.3182 0.4263 0.3182 0.4263 0.3019 0.4272 0.3182 0.4263 0.3019 0.4272 0.3019 0.3935 0.1906 0.3935 0.1968 0.3957 0.1968 0.4393 0.3019 0.4318 0.3019 0.4318 0.2767 0.4393 0.3019 0.4318 0.2767 0.4393 0.2767 0.3957 0.1906 0.3935 0.1906 0.3957 0.1968 0.3957 0.1906 0.3957 0.1968 0.3999 0.1968 0.4182 0.3320 0.4167 0.3201 0.4182 0.3201 0.3957 0.1903 0.3935 0.1906 0.3957 0.1906 0.4406 0.3019 0.4393 0.3019 0.4393 0.2767 0.3999 0.1906 0.3999 0.1968 0.4011 0.1968 0.4406 0.3019 0.4393 0.2767 0.4406 0.2767 0.4406 0.3019 0.4406 0.2767 0.4467 0.2767 0.4302 0.3182 0.4272 0.3019 0.4302 0.3019 0.4011 0.1906 0.4011 0.1968 0.4086 0.1968 0.4086 0.3515 0.4086 0.3320 0.4094 0.3320 0.4011 0.1906 0.3999 0.1906 0.4011 0.1968 0.4086 0.3515 0.4011 0.3515 0.4086 0.3320 0.4302 0.3201 0.4272 0.3182 0.4302 0.3182 0.4223 0.1968 0.4318 0.2048 0.4268 0.1906 0.4223 0.1968 0.4302 0.2048 0.4318 0.2048 0.4223 0.1968 0.4182 0.1968 0.4182 0.2048 0.4223 0.1968 0.4272 0.2048 0.4302 0.2048 0.4223 0.1968 0.4182 0.2048 0.4223 0.2048 0.4318 0.3182 0.4302 0.3182 0.4302 0.3019 0.4011 0.1903 0.3999 0.1906 0.4011 0.1906 0.4223 0.3320 0.4182 0.3201 0.4223 0.3201 0.3909 0.1884 0.3909 0.1903 0.3935 0.1903 0.4223 0.3320 0.4182 0.3320 0.4182 0.3201 0.4086 0.3527 0.4086 0.3564 0.4011 0.3527 0.4086 0.3527 0.4011 0.3515 0.4086 0.3515 0.4086 0.1906 0.4011 0.1906 0.4086 0.1968 0.4094 0.3515 0.4094 0.3320 0.4167 0.3320 0.4094 0.3515 0.4086 0.3527 0.4086 0.3515 0.4094 0.3515 0.4086 0.3515 0.4094 0.3320 0.4086 0.1906 0.4086 0.1968 0.4094 0.1968 0.4318 0.3201 0.4302 0.3201 0.4302 0.3182 0.4318 0.3201 0.4302 0.3182 0.4318 0.3182 0.4094 0.1906 0.4086 0.1906 0.4094 0.1968 0.4094 0.1906 0.4094 0.1968 0.4167 0.1968 0.3935 0.1884 0.3909 0.1884 0.3935 0.1903 0.4086 0.1903 0.4086 0.1906 0.4094 0.1906 0.4094 0.1903 0.4086 0.1903 0.4094 0.1906 0.4471 0.3019 0.4467 0.3019 0.4467 0.2767 0.4471 0.3019 0.4467 0.2767 0.4471 0.2767 0.3957 0.1884 0.3935 0.1903 0.3957 0.1903 0.4263 0.3320 0.4223 0.3320 0.4223 0.3201 0.4263 0.3320 0.4223 0.3201 0.4263 0.3201 0.4393 0.3182 0.4318 0.3182 0.4318 0.3019 0.3935 0.1882 0.3935 0.1884 0.3957 0.1884 0.4167 0.3515 0.4167 0.3320 0.4182 0.3320 0.4167 0.3515 0.4094 0.3527 0.4094 0.3515 0.4167 0.1906 0.4094 0.1903 0.4094 0.1906 0.4011 0.1884 0.3999 0.1903 0.4011 0.1903 0.4011 0.1884 0.3999 0.1884 0.3999 0.1903 0.4167 0.3527 0.4094 0.3569 0.4094 0.3527 0.4167 0.3527 0.4094 0.3527 0.4167 0.3515 0.4182 0.1906 0.4182 0.1968 0.4223 0.1968 0.4406 0.3182 0.4393 0.3182 0.4393 0.3019 0.4182 0.1906 0.4167 0.1906 0.4182 0.1968 0.4406 0.3182 0.4393 0.3019 0.4406 0.3019 0.4393 0.3201 0.4318 0.3182 0.4393 0.3182 0.3957 0.1882 0.3957 0.1884 0.3999 0.1884 0.4182 0.1903 0.4167 0.1906 0.4182 0.1906 0.4182 0.3515 0.4182 0.3320 0.4223 0.3320 0.4223 0.1906 0.4182 0.1906 0.4223 0.1968 0.4223 0.1903 0.4182 0.1903 0.4182 0.1906 0.4531 0.3019 0.4471 0.2767 0.4531 0.2767 0.4223 0.1903 0.4182 0.1906 0.4223 0.1906 0.4011 0.1882 0.3999 0.1882 0.4011 0.1884 0.4086 0.1884 0.4011 0.1903 0.4086 0.1903 0.4086 0.1884 0.4086 0.1903 0.4094 0.1903 0.4182 0.3527 0.4167 0.3527 0.4167 0.3515 0.4086 0.1884 0.4011 0.1884 0.4011 0.1903 0.4094 0.1884 0.4086 0.1884 0.4094 0.1903 0.4094 0.1884 0.4094 0.1903 0.4167 0.1903 0.4263 0.1906 0.4223 0.1906 0.4223 0.1968 0.4263 0.1906 0.4268 0.1906 0.4223 0.1903 0.4263 0.1906 0.4223 0.1903 0.4223 0.1906 0.3909 0.1891 0.2855 0.1920 0.2855 0.1882 0.3909 0.1891 0.3909 0.1882 0.3935 0.1882 0.4223 0.3515 0.4223 0.3320 0.4263 0.3320 0.3935 0.1891 0.3909 0.1891 0.3935 0.1882 0.4086 0.1882 0.4011 0.1882 0.4011 0.1884 0.4086 0.1882 0.4086 0.1884 0.4094 0.1884 0.4223 0.3527 0.4182 0.3515 0.4223 0.3515 0.4086 0.1882 0.4011 0.1884 0.4086 0.1884 0.4467 0.3182 0.4406 0.3201 0.4406 0.3182 0.4467 0.3182 0.4406 0.3019 0.4467 0.3019 0.3957 0.1891 0.3935 0.1882 0.3957 0.1882 0.4471 0.3182 0.4467 0.3182 0.4467 0.3019 0.3957 0.1891 0.3935 0.1891 0.3935 0.1882 0.4471 0.3182 0.4467 0.3019 0.4471 0.3019 0.4182 0.1884 0.4167 0.1903 0.4182 0.1903 0.4467 0.3201 0.4406 0.3201 0.4467 0.3182 0.4011 0.3516 0.3999 0.3523 0.4011 0.3523 0.4011 0.3516 0.3999 0.3516 0.3999 0.3523 0.3999 0.1891 0.3957 0.1891 0.3957 0.1882 0.4223 0.3569 0.4182 0.3527 0.4223 0.3527 0.3999 0.1891 0.3957 0.1882 0.3999 0.1882 0.4086 0.3516 0.4011 0.3523 0.4086 0.3523 0.4223 0.1884 0.4268 0.1906 0.4263 0.1891 0.4223 0.1884 0.4223 0.1903 0.4268 0.1906 0.4393 0.3320 0.4393 0.3201 0.4406 0.3201 0.4223 0.1884 0.4182 0.1903 0.4223 0.1903 0.4011 0.1891 0.3999 0.1891 0.3999 0.1882 0.4167 0.1882 0.4094 0.1882 0.4167 0.1884 0.4094 0.3516 0.4086 0.3516 0.4094 0.3523 0.4263 0.3515 0.4263 0.3320 0.4272 0.3320 0.4182 0.1882 0.4182 0.1884 0.4223 0.1884 0.4182 0.3636 0.4182 0.3654 0.4178 0.3649 0.4182 0.3636 0.4178 0.3649 0.4167 0.3569 0.4182 0.3636 0.4167 0.3636 0.4167 0.3636 0.4182 0.3636 0.4167 0.3569 0.4182 0.3569 0.3909 0.3201 0.2855 0.3000 0.2855 0.3636 0.4272 0.3515 0.4263 0.3515 0.4272 0.3320 0.3935 0.1920 0.3909 0.1920 0.3909 0.1891 0.3909 0.3201 0.2855 0.3636 0.3909 0.3516 0.3935 0.1920 0.3909 0.1891 0.3935 0.1891 0.4272 0.3515 0.4272 0.3320 0.4302 0.3320 0.4263 0.3711 0.4223 0.3711 0.4272 0.3796 0.4272 0.3527 0.4263 0.3527 0.4263 0.3515 0.4094 0.1891 0.4094 0.1882 0.4167 0.1882 0.4167 0.3564 0.4087 0.3564 0.4167 0.3636 0.4223 0.3636 0.4182 0.3636 0.4223 0.3711 0.4531 0.3182 0.4471 0.3019 0.4531 0.3019 0.4531 0.3182 0.4471 0.3182 0.4471 0.3019 0.4011 0.1920 0.3999 0.1891 0.4011 0.1891 0.4011 0.1920 0.3999 0.1920 0.3999 0.1891 0.4223 0.3636 0.4182 0.3569 0.4223 0.3569 0.4182 0.1891 0.4167 0.1891 0.4167 0.1882 0.3935 0.3201 0.3909 0.3201 0.3909 0.3516 0.4182 0.1891 0.4167 0.1882 0.4182 0.1882 0.4302 0.3527 0.4272 0.3527 0.4272 0.3515 0.4302 0.3527 0.4272 0.3515 0.4302 0.3515 0.4531 0.3201 0.4531 0.3182 0.4990 0.3201 0.4223 0.3654 0.4182 0.3654 0.4182 0.3636 0.4167 0.3516 0.4094 0.3516 0.4167 0.3523 0.4223 0.3654 0.4182 0.3636 0.4223 0.3636 0.4318 0.3515 0.4302 0.3515 0.4318 0.3320 0.4223 0.1891 0.4223 0.1882 0.4263 0.1891 0.4223 0.1891 0.4182 0.1882 0.4223 0.1882 0.4223 0.1891 0.4182 0.1891 0.4182 0.1882 0.4318 0.3515 0.4318 0.3320 0.4393 0.3320 0.4318 0.3527 0.4302 0.3527 0.4318 0.3515 0.3957 0.3201 0.3935 0.3201 0.3909 0.3516 0.4182 0.3523 0.4167 0.3564 0.4182 0.3564 0.4467 0.3320 0.4406 0.3320 0.4467 0.3201 0.3935 0.1974 0.3935 0.1920 0.3957 0.1920 0.4094 0.1920 0.4086 0.1920 0.4086 0.1891 0.4302 0.3569 0.4272 0.3527 0.4302 0.3527 0.4263 0.3636 0.4223 0.3711 0.4263 0.3711 0.4094 0.1920 0.4086 0.1891 0.4094 0.1891 0.4302 0.3569 0.4272 0.3569 0.4272 0.3527 0.3957 0.1974 0.3935 0.1974 0.3957 0.1920 0.4182 0.3516 0.4167 0.3516 0.4167 0.3523 0.3957 0.1974 0.3957 0.1920 0.3999 0.1920 0.4263 0.3636 0.4223 0.3636 0.4223 0.3636 0.4318 0.3569 0.4302 0.3569 0.4302 0.3527 0.4318 0.3569 0.4302 0.3527 0.4318 0.3527 0.4223 0.3564 0.4182 0.3564 0.4182 0.3636 0.4263 0.3654 0.4223 0.3654 0.4223 0.3636 0.4263 0.3654 0.4272 0.3796 0.4223 0.3654 0.4223 0.3564 0.4182 0.3636 0.4223 0.3636 0.4263 0.3654 0.4263 0.3636 0.4272 0.3636 0.4272 0.3654 0.4263 0.3654 0.4272 0.3636 0.3935 0.2003 0.3909 0.2003 0.3909 0.1974 0.3935 0.2003 0.3909 0.1974 0.3935 0.1974 0.4011 0.1974 0.3999 0.1974 0.4011 0.1920 0.4393 0.3515 0.4318 0.3515 0.4393 0.3320 0.4272 0.3636 0.4263 0.3636 0.4263 0.3636 0.4393 0.3515 0.4393 0.3320 0.4406 0.3320 0.3999 0.3201 0.3957 0.3201 0.3999 0.3516 0.3957 0.2003 0.3935 0.1974 0.3957 0.1974 0.4302 0.3654 0.4272 0.3636 0.4302 0.3636 0.4223 0.3523 0.4182 0.3523 0.4182 0.3564 0.4223 0.3523 0.4182 0.3564 0.4223 0.3564 0.4531 0.3320 0.4471 0.3320 0.4471 0.3201 0.4318 0.3636 0.4302 0.3569 0.4318 0.3569 0.4318 0.3636 0.4302 0.3636 0.4302 0.3569 0.3999 0.2003 0.3957 0.1974 0.3999 0.1974 0.4302 0.3636 0.4272 0.3636 0.4272 0.3711 0.4223 0.1920 0.4223 0.1891 0.4263 0.1891 0.4302 0.3636 0.4272 0.3636 0.4272 0.3636 0.4011 0.2003 0.3999 0.1974 0.4011 0.1974 0.4011 0.2003 0.3999 0.2003 0.3999 0.1974 0.4086 0.1974 0.4011 0.1974 0.4086 0.1920 0.4223 0.3516 0.4182 0.3516 0.4182 0.3523 0.4318 0.3654 0.4302 0.3654 0.4302 0.3636 0.4318 0.3654 0.4302 0.3636 0.4318 0.3636 0.4086 0.1974 0.4086 0.1920 0.4094 0.1920 0.4011 0.3201 0.3999 0.3516 0.4011 0.3516 0.4406 0.3527 0.4393 0.3527 0.4393 0.3515 0.4406 0.3527 0.4393 0.3515 0.4406 0.3515 0.4393 0.3569 0.4318 0.3569 0.4318 0.3527 0.3909 0.2081 0.2855 0.2081 0.3909 0.2003 0.4393 0.3569 0.4318 0.3527 0.4393 0.3527 0.3909 0.2081 0.3909 0.2003 0.3935 0.2003 0.3909 0.2081 0.2855 0.2221 0.2855 0.2081 0.4406 0.3569 0.4393 0.3569 0.4393 0.3527 0.4318 0.3636 0.4302 0.3636 0.4318 0.3711 0.3935 0.2081 0.3909 0.2081 0.3935 0.2003 0.4467 0.3515 0.4467 0.3320 0.4471 0.3320 0.3935 0.2081 0.3935 0.2003 0.3957 0.2003 0.4467 0.3515 0.4406 0.3515 0.4467 0.3320 0.4318 0.3636 0.4302 0.3636 0.4302 0.3636 0.4086 0.2003 0.4011 0.1974 0.4086 0.1974 0.4471 0.3515 0.4467 0.3515 0.4471 0.3320 0.4272 0.3564 0.4263 0.3636 0.4272 0.3636 0.4167 0.1974 0.4167 0.1920 0.4182 0.1920 0.4182 0.1974 0.4182 0.1920 0.4223 0.1920 0.4471 0.3527 0.4467 0.3515 0.4471 0.3515 0.4182 0.1974 0.4167 0.1974 0.4182 0.1920 0.4471 0.3527 0.4467 0.3527 0.4467 0.3515 0.4393 0.3654 0.4471 0.3796 0.4272 0.3796 0.4393 0.3711 0.4272 0.3796 0.4471 0.3796 0.3999 0.2081 0.3957 0.2081 0.3957 0.2003 0.4393 0.3711 0.4318 0.3711 0.4272 0.3796 0.3999 0.2081 0.3957 0.2003 0.3999 0.2003 0.4272 0.3523 0.4263 0.3564 0.4272 0.3564 0.4302 0.3564 0.4272 0.3564 0.4272 0.3636 0.4467 0.3569 0.4406 0.3569 0.4467 0.3527 0.4167 0.2003 0.4094 0.2003 0.4167 0.1974 0.4182 0.2003 0.4167 0.2003 0.4167 0.1974 0.3909 0.3000 0.2855 0.3000 0.3909 0.3201 0.4471 0.3569 0.4467 0.3569 0.4467 0.3527 0.4531 0.3515 0.4531 0.3320 0.4990 0.3201 0.4531 0.3515 0.4471 0.3515 0.4531 0.3320 0.4272 0.1974 0.4223 0.1920 0.4263 0.1891 0.4223 0.2003 0.4182 0.2003 0.4182 0.1974 0.4531 0.3527 0.4531 0.3515 0.4990 0.3201 0.4223 0.2003 0.4182 0.1974 0.4223 0.1974 0.4467 0.3636 0.4406 0.3654 0.4406 0.3636 0.4086 0.2081 0.4086 0.2003 0.4094 0.2003 0.4318 0.3564 0.4302 0.3564 0.4318 0.3636 0.3935 0.3000 0.3909 0.3000 0.3935 0.3201 0.4086 0.2081 0.4011 0.2003 0.4086 0.2003 0.4467 0.3654 0.4471 0.3796 0.4406 0.3654 0.4094 0.2081 0.4094 0.2003 0.4167 0.2003 0.4302 0.3523 0.4272 0.3564 0.4302 0.3564 0.4531 0.3569 0.4531 0.3527 0.4990 0.3201 0.4302 0.3523 0.4302 0.3564 0.4318 0.3564 0.4302 0.3523 0.4272 0.3523 0.4272 0.3564 0.4086 0.3201 0.4086 0.3516 0.4094 0.3516 0.3909 0.2221 0.2855 0.2221 0.3909 0.2081 0.4531 0.3569 0.4471 0.3569 0.4471 0.3527 0.4531 0.3636 0.4531 0.3569 0.4990 0.3201 0.4086 0.3201 0.4011 0.3201 0.4011 0.3516 0.4531 0.3654 0.4531 0.3636 0.4990 0.3201 0.4531 0.3654 0.4990 0.3201 0.4471 0.3796 0.4086 0.3201 0.4011 0.3516 0.4086 0.3516 0.4263 0.2003 0.4223 0.1974 0.4263 0.1974 0.4302 0.3516 0.4272 0.3516 0.4272 0.3523 0.4302 0.3516 0.4272 0.3523 0.4302 0.3523 0.4263 0.2003 0.4223 0.2003 0.4223 0.1974 0.4272 0.2003 0.4272 0.1974 0.4302 0.2003 0.3935 0.2221 0.3909 0.2221 0.3909 0.2081 0.4393 0.3636 0.4393 0.3711 0.4406 0.3711 0.3957 0.2221 0.3935 0.2081 0.3957 0.2081 0.4393 0.3636 0.4318 0.3711 0.4393 0.3711 0.3957 0.3000 0.3935 0.3201 0.3957 0.3201 0.4406 0.3636 0.4393 0.3636 0.4393 0.3636 0.3935 0.2272 0.3909 0.2272 0.3935 0.2221 0.4406 0.3636 0.4393 0.3636 0.4406 0.3636 0.3999 0.2221 0.3957 0.2221 0.3957 0.2081 0.4467 0.3711 0.4406 0.3636 0.4406 0.3711 0.4471 0.3711 0.4467 0.3711 0.4471 0.3796 0.3999 0.3000 0.3957 0.3000 0.3957 0.3201 0.4393 0.3564 0.4318 0.3564 0.4318 0.3636 0.3957 0.2272 0.3957 0.2221 0.3999 0.2221 0.4393 0.3564 0.4393 0.3636 0.4406 0.3636 0.4223 0.2081 0.4182 0.2081 0.4182 0.2003 0.4223 0.2081 0.4182 0.2003 0.4223 0.2003 0.4011 0.3000 0.3999 0.3000 0.3999 0.3201 0.4406 0.3564 0.4393 0.3564 0.4406 0.3636 0.4263 0.2081 0.4223 0.2003 0.4263 0.2003 0.4167 0.3201 0.4094 0.3201 0.4167 0.3516 0.4263 0.2081 0.4223 0.2081 0.4223 0.2003 0.4467 0.3636 0.4406 0.3636 0.4406 0.3636 0.4467 0.3636 0.4406 0.3636 0.4467 0.3711 0.3909 0.2369 0.2855 0.2369 0.3909 0.2272 0.4467 0.3636 0.4406 0.3636 0.4467 0.3636 0.4467 0.3636 0.4406 0.3564 0.4406 0.3636 0.4393 0.3523 0.4393 0.3564 0.4406 0.3564 0.4471 0.3636 0.4467 0.3636 0.4467 0.3711 0.4471 0.3636 0.4467 0.3711 0.4471 0.3711 0.4086 0.2221 0.4011 0.2081 0.4086 0.2081 0.4393 0.3516 0.4318 0.3516 0.4318 0.3523 0.4393 0.3516 0.4318 0.3523 0.4393 0.3523 0.4182 0.3201 0.4167 0.3516 0.4182 0.3516 0.3957 0.2369 0.3935 0.2369 0.3935 0.2272 0.3957 0.2369 0.3935 0.2272 0.3957 0.2272 0.4467 0.3564 0.4406 0.3523 0.4406 0.3564 0.4086 0.2272 0.4086 0.2221 0.4094 0.2221 0.4471 0.3564 0.4467 0.3564 0.4471 0.3636 0.4167 0.2221 0.4094 0.2081 0.4167 0.2081 0.4167 0.2221 0.4094 0.2221 0.4094 0.2081 0.4086 0.3000 0.4086 0.3201 0.4094 0.3201 0.4086 0.3000 0.4011 0.3201 0.4086 0.3201 0.4086 0.3000 0.4011 0.3000 0.4011 0.3201 0.4531 0.3636 0.4471 0.3796 0.4990 0.3201 0.4167 0.2221 0.4094 0.2272 0.4094 0.2221 0.4531 0.3636 0.4471 0.3636 0.4471 0.3711 0.4531 0.3636 0.4471 0.3711 0.4471 0.3796 0.4011 0.2369 0.3999 0.2272 0.4011 0.2272 0.4531 0.3636 0.4471 0.3636 0.4471 0.3636 0.4531 0.3636 0.4471 0.3636 0.4531 0.3636 0.4182 0.2221 0.4167 0.2081 0.4182 0.2081 0.4094 0.3000 0.4086 0.3000 0.4094 0.3201 0.4182 0.2221 0.4167 0.2221 0.4167 0.2081 0.4223 0.2221 0.4182 0.2221 0.4182 0.2081 0.4467 0.3523 0.4406 0.3523 0.4467 0.3564 0.4223 0.2221 0.4182 0.2081 0.4223 0.2081 0.4167 0.2272 0.4094 0.2272 0.4167 0.2221 0.4167 0.2272 0.4167 0.2221 0.4182 0.2221 0.4182 0.2272 0.4182 0.2221 0.4223 0.2221 0.4086 0.2369 0.4011 0.2369 0.4011 0.2272 0.4094 0.2369 0.4086 0.2272 0.4094 0.2272 0.4263 0.2221 0.4223 0.2081 0.4263 0.2081 0.4263 0.2221 0.4223 0.2221 0.4223 0.2081 0.3909 0.2715 0.2855 0.3000 0.3909 0.3000 0.3909 0.2715 0.2855 0.2512 0.2855 0.3000 0.3909 0.2572 0.2855 0.2572 0.2855 0.2369 0.4531 0.3564 0.4471 0.3564 0.4471 0.3636 0.4272 0.2221 0.4263 0.2221 0.4263 0.2081 0.4223 0.2272 0.4182 0.2272 0.4223 0.2221 0.3935 0.2572 0.3909 0.2572 0.3909 0.2369 0.3935 0.2572 0.3909 0.2369 0.3935 0.2369 0.3935 0.2715 0.3909 0.2715 0.3909 0.3000 0.4302 0.2221 0.4272 0.2081 0.4302 0.2081 0.4531 0.3523 0.4471 0.3564 0.4531 0.3564 0.4302 0.2221 0.4272 0.2221 0.4272 0.2081 0.3957 0.2572 0.3935 0.2369 0.3957 0.2369 0.4531 0.3516 0.4471 0.3523 0.4531 0.3523 0.4318 0.2221 0.4302 0.2081 0.4318 0.2081 0.4263 0.2272 0.4263 0.2221 0.4272 0.2221 0.3957 0.2715 0.3935 0.3000 0.3957 0.3000 0.4167 0.2369 0.4094 0.2369 0.4094 0.2272 0.4182 0.3000 0.4167 0.3000 0.4167 0.3201 0.4182 0.2369 0.4167 0.2369 0.4167 0.2272 0.4182 0.2369 0.4167 0.2272 0.4182 0.2272 0.4011 0.2572 0.3999 0.2369 0.4011 0.2369 0.4011 0.2572 0.3999 0.2572 0.3999 0.2369 0.4318 0.2272 0.4302 0.2272 0.4318 0.2221 0.4223 0.2369 0.4182 0.2272 0.4223 0.2272 0.4406 0.3201 0.4393 0.3516 0.4406 0.3516 0.4406 0.3201 0.4406 0.3516 0.4467 0.3516 0.4223 0.2369 0.4182 0.2369 0.4182 0.2272 0.4263 0.3000 0.4223 0.3000 0.4223 0.3201 0.3909 0.2715 0.2855 0.2767 0.2855 0.2572 0.4263 0.3000 0.4223 0.3201 0.4263 0.3201 0.4263 0.2369 0.4223 0.2272 0.4263 0.2272 0.4263 0.2369 0.4223 0.2369 0.4223 0.2272 0.4086 0.2715 0.4011 0.2715 0.4011 0.3000 0.4086 0.2715 0.4011 0.3000 0.4086 0.3000 0.3909 0.2767 0.2855 0.2767 0.3909 0.2715 0.4272 0.2369 0.4263 0.2272 0.4272 0.2272 0.3909 0.2512 0.2855 0.2512 0.3909 0.2715 0.4086 0.2572 0.4011 0.2369 0.4086 0.2369 0.3909 0.2502 0.2855 0.2512 0.3909 0.2512 0.4094 0.2572 0.4086 0.2369 0.4094 0.2369 0.4467 0.3201 0.4406 0.3201 0.4467 0.3516 0.4302 0.2369 0.4272 0.2272 0.4302 0.2272 0.3999 0.2715 0.3957 0.2572 0.3999 0.2572 0.3957 0.2767 0.3935 0.2715 0.3957 0.2715 0.4318 0.2369 0.4318 0.2272 0.4393 0.2272 0.4318 0.2369 0.4302 0.2272 0.4318 0.2272 0.3957 0.2502 0.3935 0.2502 0.3935 0.2512 0.4318 0.2369 0.4302 0.2369 0.4302 0.2272 0.4011 0.2715 0.3999 0.2572 0.4011 0.2572 0.4011 0.2715 0.3999 0.2715 0.3999 0.2572 0.3999 0.2767 0.3957 0.2715 0.3999 0.2715 0.4167 0.2715 0.4094 0.2715 0.4094 0.3000 0.4167 0.2572 0.4094 0.2369 0.4167 0.2369 0.4167 0.2572 0.4094 0.2572 0.4094 0.2369 0.4011 0.2767 0.3999 0.2767 0.3999 0.2715 0.4182 0.2572 0.4167 0.2572 0.4167 0.2369 0.4406 0.3000 0.4393 0.3000 0.4393 0.3201 0.4406 0.3000 0.4406 0.3201 0.4467 0.3201 0.4086 0.2715 0.4011 0.2715 0.4011 0.2572 0.4086 0.2715 0.4011 0.2572 0.4086 0.2572 0.4406 0.3000 0.4393 0.3201 0.4406 0.3201 0.3999 0.2502 0.3957 0.2502 0.3957 0.2512 0.4094 0.2715 0.4086 0.2715 0.4094 0.2572 0.4011 0.2512 0.3999 0.2512 0.3999 0.2715 0.4223 0.2572 0.4182 0.2369 0.4223 0.2369 0.4011 0.2512 0.3999 0.2715 0.4011 0.2715 0.4223 0.2572 0.4182 0.2572 0.4182 0.2369 0.4223 0.2715 0.4182 0.2715 0.4182 0.3000 0.4086 0.2767 0.4086 0.2715 0.4094 0.2715 0.4223 0.2715 0.4182 0.3000 0.4223 0.3000 0.4094 0.2767 0.4086 0.2767 0.4094 0.2715 0.4263 0.2572 0.4223 0.2572 0.4223 0.2369 0.4471 0.3000 0.4467 0.3000 0.4467 0.3201 0.4263 0.2572 0.4223 0.2369 0.4263 0.2369 0.4263 0.2715 0.4223 0.3000 0.4263 0.3000 0.4086 0.2512 0.4011 0.2715 0.4086 0.2715 0.3909 0.3019 0.2855 0.3019 0.3909 0.2767 0.4094 0.2512 0.4094 0.2715 0.4167 0.2715 0.4094 0.2512 0.4086 0.2512 0.4094 0.2715 0.4086 0.2502 0.4011 0.2502 0.4011 0.2512 0.4086 0.2502 0.4011 0.2512 0.4086 0.2512 0.4302 0.2572 0.4272 0.2369 0.4302 0.2369 0.3909 0.2312 0.2855 0.2512 0.3909 0.2502 0.4182 0.2715 0.4167 0.2572 0.4182 0.2572 0.4302 0.2715 0.4272 0.3000 0.4302 0.3000 0.4531 0.3000 0.4990 0.3201 0.4531 0.2715 0.4531 0.3000 0.4471 0.3000 0.4471 0.3201 0.3957 0.3019 0.3935 0.3019 0.3935 0.2767 0.3935 0.2312 0.3909 0.2312 0.3909 0.2502 0.4318 0.2572 0.4302 0.2369 0.4318 0.2369 0.4318 0.2715 0.4302 0.3000 0.4318 0.3000 0.4318 0.2715 0.4302 0.2715 0.4302 0.3000 0.4223 0.2715 0.4182 0.2572 0.4223 0.2572 0.4223 0.2715 0.4182 0.2715 0.4182 0.2572 0.3957 0.2312 0.3935 0.2312 0.3935 0.2502 0.3999 0.3019 0.3957 0.3019 0.3957 0.2767 0.4167 0.2502 0.4094 0.2502 0.4167 0.2512 0.4011 0.3019 0.3999 0.2767 0.4011 0.2767 0.4263 0.2715 0.4223 0.2715 0.4223 0.2572 0.3999 0.2312 0.3957 0.2502 0.3999 0.2502 0.4011 0.2312 0.3999 0.2312 0.3999 0.2502 0.4011 0.2312 0.3999 0.2502 0.4011 0.2502 0.4223 0.2767 0.4182 0.2715 0.4223 0.2715 0.4223 0.2767 0.4182 0.2767 0.4182 0.2715 0.4223 0.2512 0.4182 0.2512 0.4182 0.2715 0.4223 0.2512 0.4182 0.2715 0.4223 0.2715 0.4272 0.2715 0.4263 0.2715 0.4263 0.2572 0.4406 0.2715 0.4393 0.2715 0.4393 0.3000 0.4406 0.2715 0.4393 0.3000 0.4406 0.3000 0.4223 0.2502 0.4182 0.2512 0.4223 0.2512 0.3909 0.3201 0.2855 0.3320 0.2855 0.3182 0.4223 0.2502 0.4182 0.2502 0.4182 0.2512 0.4406 0.2572 0.4393 0.2272 0.4531 0.2715 0.4406 0.2572 0.4393 0.2572 0.4318 0.2369 0.4263 0.2512 0.4223 0.2512 0.4223 0.2715 0.4263 0.2512 0.4223 0.2715 0.4263 0.2715 0.3935 0.3182 0.3909 0.3019 0.3935 0.3019 0.3935 0.3182 0.3909 0.3201 0.3909 0.3182 0.4302 0.2715 0.4272 0.2715 0.4272 0.2572 0.4272 0.2512 0.4263 0.2715 0.4272 0.2715 0.4263 0.2767 0.4223 0.2767 0.4223 0.2715 0.3957 0.3182 0.3935 0.3182 0.3935 0.3019 0.4086 0.2312 0.4011 0.2312 0.4011 0.2502 0.4086 0.2312 0.4011 0.2502 0.4086 0.2502 0.3957 0.3182 0.3935 0.3201 0.3935 0.3182 0.4471 0.2715 0.4531 0.3000 0.4531 0.2715 0.4318 0.2715 0.4302 0.2572 0.4318 0.2572 0.4318 0.2715 0.4302 0.2715 0.4302 0.2572 0.4094 0.2312 0.4086 0.2312 0.4086 0.2502 0.4302 0.2512 0.4272 0.2715 0.4302 0.2715 0.3957 0.3201 0.3935 0.3201 0.3957 0.3182 0.4302 0.2502 0.4272 0.2502 0.4272 0.2512 0.4302 0.2502 0.4272 0.2512 0.4302 0.2512 0.3957 0.2178 0.3935 0.2178 0.3935 0.2312 0.3999 0.3182 0.3957 0.3182 0.3957 0.3019 0.3999 0.3182 0.3957 0.3019 0.3999 0.3019 0.3909 0.3320 0.2855 0.3320 0.3909 0.3201 0.3909 0.3320 0.3909 0.3201 0.3935 0.3201 0.4318 0.2767 0.4302 0.2715 0.4318 0.2715 0.4318 0.2767 0.4302 0.2767 0.4302 0.2715 0.4182 0.2312 0.4167 0.2502 0.4182 0.2502 0.4393 0.2512 0.4318 0.2715 0.4393 0.2715 0.3999 0.3201 0.3957 0.3201 0.3957 0.3182 0.3999 0.3201 0.3957 0.3182 0.3999 0.3182 0.4393 0.2502 0.4318 0.2512 0.4393 0.2512 0.4011 0.3201 0.3999 0.3182 0.4011 0.3182 0.4406 0.2512 0.4393 0.2512 0.4393 0.2715 0.3935 0.3320 0.3935 0.3201 0.3957 0.3201 0.3935 0.3320 0.3909 0.3320 0.3935 0.3201 0.4406 0.2502 0.4393 0.2512 0.4406 0.2512 0.4406 0.2502 0.4467 0.2502 0.4406 0.2312 0.4406 0.2502 0.4393 0.2502 0.4393 0.2512 0.4406 0.2502 0.4406 0.2512 0.4467 0.2502 0.4393 0.2715 0.4318 0.2715 0.4318 0.2572 0.4393 0.2715 0.4318 0.2572 0.4393 0.2572 0.4167 0.3019 0.4094 0.3019 0.4167 0.2767 0.4086 0.2178 0.4011 0.2312 0.4086 0.2312 0.4086 0.2178 0.4086 0.2312 0.4094 0.2312 0.3957 0.3320 0.3935 0.3320 0.3957 0.3201 0.4182 0.3019 0.4167 0.3019 0.4167 0.2767 0.4182 0.3019 0.4167 0.2767 0.4182 0.2767 0.3909 0.2048 0.2855 0.2178 0.3909 0.2178 0.4467 0.2512 0.4531 0.2715 0.4467 0.2502 0.4393 0.2767 0.4318 0.2767 0.4318 0.2715 0.4467 0.2512 0.4471 0.2715 0.4531 0.2715 0.4086 0.3182 0.4011 0.3019 0.4086 0.3019 0.4272 0.2312 0.4263 0.2502 0.4272 0.2502 0.3935 0.2048 0.3909 0.2178 0.3935 0.2178 0.4094 0.3182 0.4086 0.3019 0.4094 0.3019 0.3957 0.2048 0.3935 0.2048 0.3935 0.2178 0.3957 0.2048 0.3935 0.2178 0.3957 0.2178 0.4167 0.2178 0.4094 0.2178 0.4167 0.2312 0.4086 0.3201 0.4011 0.3201 0.4011 0.3182 0.4223 0.3019 0.4182 0.3019 0.4182 0.2767 0.4011 0.3320 0.3999 0.3201 0.4011 0.3201 0.3999 0.2048 0.3957 0.2178 0.3999 0.2178 0.4011 0.2048 0.3999 0.2178 0.4011 0.2178 0.4011 0.2048 0.3999 0.2048 0.3999 0.2178 0.4223 0.2178 0.4182 0.2312 0.4223 0.2312 0.4467 0.2715 0.4406 0.2767 0.4406 0.2715 0.4471 0.2715 0.4406 0.2572 0.4531 0.2715 0.4471 0.2715 0.4467 0.2715 0.4406 0.2572 0.4223 0.2178 0.4182 0.2178 0.4182 0.2312 0.3909 0.3515 0.2855 0.3320 0.3909 0.3320 0.4393 0.2312 0.4318 0.2502 0.4393 0.2502 0.3909 0.3515 0.3935 0.3515 0.3909 0.3516 0.4393 0.2312 0.4406 0.2502 0.4406 0.2312 0.4393 0.2312 0.4393 0.2502 0.4406 0.2502 0.3909 0.3515 0.3935 0.3320 0.3935 0.3515 0.4393 0.2312 0.4318 0.2312 0.4318 0.2502 0.3909 0.3515 0.2855 0.3636 0.2855 0.3320 0.4263 0.3019 0.4223 0.3019 0.4223 0.2767 0.4263 0.3019 0.4223 0.2767 0.4263 0.2767 0.4272 0.2178 0.4263 0.2312 0.4272 0.2312 0.4272 0.3019 0.4263 0.3019 0.4263 0.2767 0.4086 0.2048 0.4011 0.2048 0.4011 0.2178 0.4086 0.2048 0.4011 0.2178 0.4086 0.2178 0.4471 0.2767 0.4467 0.2715 0.4471 0.2715 0.4094 0.2048 0.4086 0.2048 0.4086 0.2178 0.4167 0.3182 0.4094 0.3182 0.4094 0.3019 0.4167 0.3182 0.4094 0.3201 0.4094 0.3182 0.4167 0.3201 0.4094 0.3201 0.4167 0.3182 0.4302 0.2178 0.4272 0.2312 0.4302 0.2312 0.4318 0.2178 0.4406 0.2312 0.4318 0.2048 0.4086 0.3320 0.4011 0.3320 0.4011 0.3201 0.4318 0.2178 0.4318 0.2312 0.4393 0.2312 0.4086 0.3320 0.4086 0.3201 0.4094 0.3201 0.4182 0.3182 0.4167 0.3019 0.4182 0.3019 0.3957 0.1968 0.3935 0.2048 0.3957 0.2048 0.4182 0.3182 0.4167 0.3182 0.4167 0.3019 0.3999 0.1968 0.3957 0.2048 0.3999 0.2048 0.4302 0.3019 0.4272 0.2767 0.4302 0.2767 0.4167 0.2048 0.4094 0.2048 0.4094 0.2178 0.3957 0.3515 0.3957 0.3516 0.3935 0.3515 0.4167 0.2048 0.4094 0.2178 0.4167 0.2178 0.3957 0.3515 0.3935 0.3320 0.3957 0.3320 0.4094 0.3320 0.4094 0.3201 0.4167 0.3201 0.4182 0.2048 0.4167 0.2178 0.4182 0.2178 0.4182 0.2048 0.4167 0.2048 0.4167 0.2178 0.4182 0.3201 0.4167 0.3201 0.4167 0.3182 0.4223 0.2048 0.4182 0.2048 0.4182 0.2178 0.4223 0.2048 0.4182 0.2178 0.4223 0.2178 0.4318 0.3019 0.4302 0.2767 0.4318 0.2767 0.4086 0.1968 0.4086 0.2048 0.4094 0.2048 0.4531 0.2767 0.4471 0.2767 0.4471 0.2715 0.4223 0.3182 0.4182 0.3182 0.4182 0.3019 0.4094 0.1968 0.4086 0.1968 0.4094 0.2048 0.4223 0.3182 0.4182 0.3019 0.4223 0.3019 0.4094 0.1968 0.4094 0.2048 0.4167 0.2048 0.3999 0.3515 0.3957 0.3516 0.3957 0.3515 0.3999 0.3515 0.3957 0.3515 0.3999 0.3320 0.3999 0.3515 0.4004 0.3525 0.3957 0.3516 0.3999 0.3515 0.3999 0.3320 0.4011 0.3320 0.4272 0.2048 0.4263 0.2048 0.4263 0.2178 0.4272 0.2048 0.4263 0.2178 0.4272 0.2178 0.3909 0.1906 0.2855 0.1903 0.2855 0.1968 0.4011 0.3515 0.4011 0.3527 0.4004 0.3525 0.4011 0.3515 0.4004 0.3525 0.3999 0.3515 0.4263 0.3182 0.4223 0.3182 0.4223 0.3019 0.3909 0.1906 0.3909 0.1968 0.3935 0.1968 0.1173 0.9372 0.1173 0.8280 0.1173 0.8200 0.1173 0.9372 0.1173 0.9476 0.1173 0.8280 0.1173 0.4345 0.1173 0.3845 0.1173 0.4138 0.1173 0.6475 0.1173 0.6309 0.1173 0.5862 0.1173 0.4345 0.1173 0.4272 0.1173 0.3845 0.1173 0.4080 0.1173 0.5000 0.1173 0.4207 0.1173 0.4575 0.1173 0.4430 0.1173 0.4272 0.1173 0.4575 0.1173 0.4272 0.1173 0.4345 0.1173 0.7061 0.1173 0.6309 0.1173 0.6475 0.1173 0.9021 0.1173 0.8016 0.1173 0.7908 0.1173 0.4677 0.1173 0.5000 0.1173 0.4430 0.1173 0.7357 0.1173 0.6931 0.1173 0.6510 0.1173 0.8728 0.1173 0.7908 0.1173 0.7627 0.1173 0.1625 0.1173 0.1652 0.1173 0.0450 0.1173 0.7884 0.1173 0.6931 0.1173 0.7357 0.1173 0.7884 0.1173 0.7114 0.1173 0.6931 0.1173 0.9538 0.1173 0.9512 0.1173 0.8348 0.1173 0.5000 0.1173 0.5000 0.1173 0.4677 0.1173 0.9538 0.1173 0.8348 0.1173 0.8368 0.1173 0.8517 0.1173 0.8728 0.1173 0.7627 0.1173 0.8141 0.1173 0.7114 0.1173 0.7884 0.1173 0.8141 0.1173 0.8517 0.1173 0.7478 0.1173 0.2522 0.1173 0.1859 0.1173 0.1483 0.1173 0.2373 0.1173 0.2522 0.1173 0.1483 0.1173 0.6858 0.1173 0.5920 0.1173 0.5793 0.1173 0.5000 0.1173 0.5000 0.1173 0.4080 0.1173 0.2373 0.1173 0.1483 0.1173 0.1272 0.1173 0.5000 0.1173 0.5323 0.1173 0.5000 0.1173 0.2886 0.1173 0.2116 0.1173 0.1859 0.1173 0.1982 0.1173 0.1737 0.1173 0.0675 0.1173 0.9570 0.1173 0.9538 0.1173 0.8368 0.1173 0.9570 0.1173 0.8368 0.1173 0.8375 0.1173 0.6515 0.1173 0.6858 0.1173 0.5793 0.1173 0.7643 0.1173 0.6858 0.1173 0.6515 0.1173 0.3069 0.1173 0.2116 0.1173 0.2886 0.1173 0.3069 0.1173 0.2643 0.1173 0.2116 0.1173 0.7118 0.1173 0.7643 0.1173 0.6515 0.1173 0.2092 0.1173 0.2373 0.1173 0.1272 0.1173 0.1681 0.1173 0.2370 0.1173 0.1085 0.1173 0.2092 0.1173 0.1272 0.1173 0.0979 0.1173 0.8319 0.1173 0.7643 0.1173 0.7118 0.1173 0.2882 0.1173 0.2370 0.1173 0.1681 0.1173 0.9550 0.1173 0.9570 0.1173 0.8375 0.1173 0.9550 0.1173 0.8375 0.1173 0.8348 0.1173 0.7630 0.1173 0.8319 0.1173 0.7118 0.1173 0.2357 0.1173 0.2882 0.1173 0.1681 0.1173 0.1984 0.1173 0.2092 0.1173 0.0979 0.1173 0.5570 0.1173 0.5323 0.1173 0.5000 0.1173 0.3485 0.1173 0.2882 0.1173 0.2357 0.1173 0.3490 0.1173 0.2643 0.1173 0.3069 0.1173 0.3490 0.1173 0.2939 0.1173 0.2643 0.1173 0.5570 0.1173 0.5425 0.1173 0.5323 0.1173 0.3691 0.1173 0.2939 0.1173 0.3490 0.1173 0.3691 0.1173 0.3525 0.1173 0.2939 0.1173 0.5728 0.1173 0.5655 0.1173 0.5425 0.1173 0.5728 0.1173 0.5425 0.1173 0.5570 0.1173 0.8915 0.1173 0.8319 0.1173 0.7630 0.1173 0.9476 0.1173 0.9550 0.1173 0.8348 0.1173 0.9476 0.1173 0.8348 0.1173 0.8280 0.1173 0.3142 0.1173 0.3485 0.1173 0.2357 0.1173 0.1800 0.1173 0.1984 0.1173 0.0825 0.1173 0.4138 0.1173 0.3525 0.1173 0.3691 0.1173 0.4207 0.1173 0.3485 0.1173 0.3142 0.1173 0.4138 0.1173 0.3845 0.1173 0.3525 0.1173 0.6155 0.1173 0.5862 0.1173 0.5655 0.1173 0.9325 0.1173 0.8915 0.1173 0.8018 0.1173 0.6155 0.1173 0.5655 0.1173 0.5728 0.1173 0.9325 0.1173 0.8018 0.1173 0.8263 0.1173 0.1720 0.1173 0.1800 0.1173 0.0628 0.0000 0.9394 0.0000 0.9488 0.0216 0.9581 0.0324 0.8488 0.0216 0.9113 0.0324 0.9113 0.0324 0.8488 0.0000 0.8210 0.0000 0.8531 0.0324 0.8488 0.0000 0.8531 0.0000 0.8920 0.0324 0.8488 0.0000 0.8920 0.0216 0.9113 0.0324 0.7705 0.0000 0.7445 0.0000 0.7734 0.0324 0.7705 0.0000 0.8210 0.0324 0.8488 0.0324 0.6880 0.0000 0.6906 0.0000 0.7445 0.0324 0.5944 0.0000 0.6587 0.0324 0.6880 0.0324 0.5000 0.0000 0.4734 0.0000 0.5000 0.0324 0.4029 0.0000 0.4374 0.0324 0.5000 0.0324 0.3069 0.0000 0.3737 0.0324 0.4029 0.0324 0.2249 0.0000 0.1912 0.0000 0.2782 0.0324 0.1493 0.0000 0.1236 0.0000 0.1912 0.0000 0.0663 0.0000 0.1236 0.0216 0.0887 0.0324 0.0887 0.0216 0.0887 0.0324 0.1493 0.0216 0.9581 0.0216 0.9113 0.0000 0.9394 0.0216 0.0887 0.0216 0.0419 0.0000 0.0663 0.0000 0.4049 0.0000 0.3094 0.0000 0.3413 0.0000 0.4337 0.0000 0.0606 0.0000 0.3094 0.0000 0.4337 0.0000 0.9394 0.0000 0.5663 0.0000 0.4337 0.0000 0.3094 0.0000 0.4049 0.0000 0.4337 0.0000 0.5663 0.0000 0.0606 0.0000 0.5626 0.0000 0.5000 0.0000 0.5266 0.0000 0.5626 0.0000 0.4337 0.0000 0.5000 0.0000 0.4374 0.0000 0.1236 0.0000 0.0663 0.0000 0.4374 0.0000 0.1912 0.0000 0.1236 0.0000 0.4374 0.0000 0.2782 0.0000 0.1912 0.0000 0.4374 0.0000 0.3737 0.0000 0.2782 0.0000 0.9722 0.0000 0.9488 0.0000 0.9394 0.0000 0.9722 0.0000 0.9722 0.0000 0.9488 0.0000 1.0000 0.0000 1.0000 0.0000 0.9722 0.0000 0.5663 0.0000 0.5000 0.0000 0.4374 0.0000 0.9337 0.0000 0.9722 0.0000 0.9394 0.0000 0.9337 0.0000 0.4337 0.0000 0.5626 0.0000 0.8088 0.0000 0.5626 0.0000 0.7218 0.0000 0.8764 0.0000 0.9337 0.0000 0.5626 0.0000 0.6906 0.0000 0.5951 0.0000 0.5663 0.0000 0.6906 0.0000 0.6587 0.0000 0.5951 0.0000 0.0512 0.0000 0.0278 0.0000 0.0278 0.0000 0.0606 0.0000 0.0663 0.0000 0.0278 0.0000 0.0606 0.0000 0.0278 0.0000 0.0512 0.0000 0.1469 0.0000 0.0606 0.0000 0.1080 0.0000 0.9394 0.0000 0.8531 0.0000 0.8210 0.0000 0.9394 0.0000 0.9172 0.0000 0.8920 0.0000 0.3094 0.0000 0.1790 0.0000 0.2555 0.0324 0.9113 0.0216 0.9113 0.0324 0.8507 0.0216 0.0419 0.0000 0.0512 0.0000 0.0278 0.0000 0.9722 0.0000 0.9337 0.0216 0.9581 0.0216 0.0887 0.0000 0.0828 0.0000 0.0606 0.0324 0.1505 0.0000 0.1469 0.0000 0.1080 0.0324 0.1505 0.0000 0.1080 0.0216 0.0887 0.0324 0.1512 0.0000 0.1790 0.0000 0.1469 0.0324 0.1512 0.0000 0.1469 0.0324 0.1505 0.0324 0.2278 0.0000 0.2266 0.0000 0.1790 0.0324 0.3101 0.0000 0.2555 0.0324 0.2295 0.0324 0.3120 0.0000 0.3413 0.0000 0.3094 0.0324 0.3120 0.0000 0.3094 0.0324 0.3101 0.0324 0.4056 0.0000 0.4337 0.0000 0.4049 0.0324 0.4942 0.0000 0.5000 0.0000 0.4337 0.0324 0.4942 0.0000 0.4337 0.0324 0.4056 0.0324 0.5000 0.0000 0.5266 0.0000 0.5000 0.0000 0.5626 0.0000 0.5266 0.0324 0.5000 0.0324 0.5951 0.0000 0.5626 0.0324 0.5000 0.0324 0.5971 0.0000 0.6263 0.0324 0.5951 0.0324 0.6931 0.0000 0.7218 0.0000 0.6263 0.0324 0.7751 0.0000 0.7218 0.0324 0.6931 0.0324 0.7751 0.0000 0.8088 0.0000 0.7218 0.0324 0.8507 0.0000 0.8764 0.0000 0.8088 0.0216 0.9113 0.0000 0.8764 0.0324 0.8507 0.3627 0.7581 0.2855 0.7822 0.2855 0.7488 0.3627 0.7984 0.2855 0.8080 0.3627 0.8107 0.3970 0.6484 0.3909 0.6484 0.3970 0.6483 0.3987 0.6484 0.3970 0.6484 0.3970 0.6483 0.3627 0.7000 0.2855 0.6364 0.3909 0.6484 0.4031 0.6484 0.3987 0.6484 0.4031 0.6466 0.4039 0.6484 0.4031 0.6466 0.4090 0.6434 0.4039 0.6484 0.4090 0.6434 0.4090 0.7032 0.4039 0.6484 0.4031 0.6484 0.4031 0.6466 0.3909 0.7000 0.3627 0.7032 0.3627 0.7000 0.3909 0.7000 0.3627 0.7000 0.3909 0.6484 0.3909 0.7032 0.3627 0.7327 0.3627 0.7032 0.3909 0.7032 0.3627 0.7032 0.3909 0.7000 0.3935 0.7000 0.3909 0.6484 0.3970 0.6484 0.3935 0.7000 0.3909 0.7032 0.3909 0.7000 0.3935 0.7032 0.3909 0.7032 0.3935 0.7000 0.3970 0.7000 0.3935 0.7000 0.3970 0.6484 0.3987 0.7000 0.3970 0.7000 0.3970 0.6484 0.3987 0.7000 0.3970 0.6484 0.3987 0.6484 0.3970 0.7032 0.3935 0.7000 0.3970 0.7000 0.3987 0.7032 0.3970 0.7032 0.3987 0.7000 0.4039 0.7000 0.4031 0.6484 0.4039 0.6484 0.4031 0.7032 0.3987 0.7032 0.4031 0.7000 0.3970 0.7327 0.3935 0.7032 0.3970 0.7032 0.3970 0.7327 0.3935 0.7327 0.3935 0.7032 0.3970 0.7327 0.3970 0.7032 0.3987 0.7032 0.3987 0.7327 0.3987 0.7032 0.4031 0.7032 0.3987 0.7327 0.3970 0.7327 0.3987 0.7032 0.4031 0.7327 0.3987 0.7327 0.4031 0.7032 0.4039 0.7327 0.4031 0.7032 0.4039 0.7032 0.3909 0.7488 0.3627 0.7581 0.3627 0.7488 0.3935 0.7488 0.3627 0.7581 0.3909 0.7488 0.4090 0.7327 0.4090 0.7032 0.4506 0.7327 0.3970 0.7488 0.3627 0.7581 0.3935 0.7488 0.3970 0.7488 0.3970 0.7327 0.3987 0.7327 0.3987 0.7488 0.3970 0.7488 0.3987 0.7327 0.3987 0.7488 0.3627 0.7581 0.3970 0.7488 0.4039 0.7488 0.4039 0.7327 0.4090 0.7327 0.4039 0.7488 0.3627 0.7581 0.4031 0.7488 0.4090 0.7488 0.4506 0.7581 0.3627 0.7581 0.4090 0.7488 0.4090 0.7327 0.4506 0.7327 0.4090 0.7488 0.3627 0.7581 0.4039 0.7488 0.3627 0.7428 0.2855 0.7428 0.3627 0.7581 0.3627 0.7327 0.2855 0.7428 0.3627 0.7428 0.3627 0.7233 0.2855 0.7233 0.3627 0.7327 0.3627 0.7032 0.2855 0.6981 0.2855 0.7233 0.3909 0.7327 0.3627 0.7233 0.3627 0.7327 0.3935 0.7327 0.3935 0.7428 0.3970 0.7428 0.3935 0.7327 0.3909 0.7327 0.3935 0.7428 0.3970 0.7327 0.3935 0.7327 0.3970 0.7428 0.3909 0.7233 0.3627 0.7233 0.3909 0.7327 0.4090 0.7428 0.3627 0.7581 0.4506 0.7581 0.3627 0.6818 0.2855 0.6981 0.3627 0.6981 0.4031 0.7327 0.3987 0.7327 0.4031 0.7428 0.4031 0.7327 0.4031 0.7428 0.4039 0.7428 0.4039 0.7327 0.4039 0.7428 0.4090 0.7428 0.3970 0.7233 0.3970 0.7327 0.3987 0.7327 0.3970 0.7233 0.3935 0.7233 0.3970 0.7327 0.3987 0.7233 0.3987 0.7327 0.4031 0.7327 0.3987 0.7233 0.3970 0.7233 0.3987 0.7327 0.4090 0.7327 0.4090 0.7428 0.4506 0.7327 0.4090 0.7327 0.4039 0.7327 0.4090 0.7428 0.3627 0.6680 0.2855 0.6680 0.2855 0.6818 0.3627 0.6680 0.2855 0.6364 0.2855 0.6680 0.3909 0.7032 0.3627 0.6981 0.3627 0.7032 0.3909 0.7032 0.3627 0.7032 0.3909 0.7233 0.3970 0.7032 0.3935 0.7233 0.3970 0.7233 0.3970 0.7032 0.3935 0.7032 0.3935 0.7233 0.3935 0.6981 0.3909 0.6981 0.3935 0.7032 0.3987 0.7032 0.3970 0.7233 0.3987 0.7233 0.3987 0.7032 0.3970 0.7032 0.3970 0.7233 0.3970 0.6981 0.3935 0.7032 0.3970 0.7032 0.3970 0.6981 0.3935 0.6981 0.3935 0.7032 0.3987 0.6981 0.3970 0.6981 0.3987 0.7032 0.4031 0.7032 0.3987 0.6981 0.3987 0.7032 0.4039 0.7032 0.4039 0.7233 0.4090 0.7233 0.3909 0.6818 0.3627 0.6818 0.3909 0.6981 0.3935 0.6818 0.3909 0.6818 0.3935 0.6981 0.3935 0.6818 0.3935 0.6981 0.3970 0.6981 0.3909 0.6680 0.3909 0.6818 0.3935 0.6818 0.3909 0.6680 0.3627 0.6680 0.3909 0.6818 0.3935 0.6680 0.3935 0.6818 0.3970 0.6818 0.4039 0.6818 0.4031 0.6818 0.4039 0.6981 0.4039 0.6818 0.4039 0.6981 0.4090 0.7032 0.3970 0.6680 0.3970 0.6818 0.3987 0.6818 0.3987 0.6680 0.3987 0.6818 0.4031 0.6818 0.4039 0.6680 0.4090 0.7032 0.4090 0.6434 0.3909 0.6485 0.3627 0.6680 0.3909 0.6680 0.4039 0.6485 0.4039 0.6462 0.4031 0.6466 0.4039 0.6485 0.4090 0.6434 0.4039 0.6462 0.4039 0.6485 0.4031 0.6466 0.4031 0.6485 0.2305 0.3606 0.2277 0.3647 0.2277 0.3604 0.2305 0.3606 0.2277 0.3541 0.2305 0.3543 0.2305 0.3606 0.2322 0.3607 0.2277 0.3647 0.2521 0.3292 0.2486 0.3290 0.2486 0.3183 0.2156 0.1800 0.2136 0.1797 0.2136 0.1772 0.2156 0.8018 0.2156 0.8058 0.2188 0.8053 0.2156 0.1800 0.2136 0.1772 0.2156 0.1775 0.2095 0.1806 0.2081 0.1804 0.2081 0.1789 0.2354 0.3546 0.2354 0.3279 0.2382 0.3281 0.2354 0.3546 0.2354 0.3587 0.2322 0.3544 0.2095 0.1806 0.2081 0.1789 0.2095 0.1791 0.2354 0.3546 0.2322 0.3276 0.2354 0.3279 0.2382 0.8096 0.2354 0.8100 0.2382 0.8101 0.2037 0.4051 0.2015 0.4050 0.2037 0.3999 0.2081 0.4001 0.2081 0.3877 0.2095 0.3878 0.1981 0.4170 0.1173 0.4138 0.1981 0.4049 0.2060 0.4052 0.2037 0.4051 0.2060 0.4000 0.2060 0.4052 0.2081 0.4001 0.2081 0.4053 0.2060 0.4052 0.2060 0.4000 0.2081 0.4001 0.2382 0.3548 0.2354 0.3546 0.2382 0.3281 0.2382 0.3548 0.2382 0.3281 0.2403 0.3283 0.2403 0.8098 0.2403 0.8148 0.2437 0.8143 0.2382 0.3548 0.2403 0.3565 0.2354 0.3587 0.2009 0.4171 0.2009 0.4050 0.2015 0.4050 0.2521 0.1833 0.2486 0.1828 0.2486 0.1832 0.2403 0.3549 0.2382 0.3548 0.2403 0.3283 0.2521 0.1833 0.2521 0.1837 0.2855 0.1884 0.2403 0.3549 0.2437 0.3557 0.2403 0.3565 0.2403 0.3549 0.2403 0.3283 0.2437 0.3286 0.1981 0.7897 0.1173 0.7908 0.1173 0.8016 0.1981 0.4254 0.1173 0.4138 0.1981 0.4170 0.1981 0.4254 0.1173 0.4345 0.1173 0.4138 0.1981 0.7897 0.1173 0.8016 0.1981 0.7906 0.2037 0.4172 0.2037 0.4051 0.2060 0.4052 0.2037 0.4172 0.2015 0.4171 0.2037 0.4051 0.2437 0.3552 0.2403 0.3549 0.2437 0.3286 0.2136 0.1812 0.2095 0.1791 0.2136 0.1797 0.2136 0.1812 0.2095 0.1806 0.2095 0.1791 0.2454 0.1821 0.2437 0.1818 0.2437 0.1820 0.2454 0.3553 0.2454 0.3287 0.2486 0.3555 0.2188 0.8014 0.2156 0.8018 0.2188 0.8053 0.1981 0.1844 0.1173 0.1800 0.1173 0.1720 0.2454 0.3553 0.2486 0.3555 0.2437 0.3557 0.2015 0.4256 0.2015 0.4171 0.2047 0.4204 0.2009 0.7902 0.1981 0.7906 0.1981 0.8043 0.1981 0.4369 0.1173 0.4345 0.1981 0.4254 0.2009 0.7902 0.1981 0.8043 0.2009 0.8039 0.1981 0.4369 0.2009 0.4255 0.2015 0.4256 0.1981 0.1844 0.1173 0.1720 0.1981 0.1840 0.2521 0.3558 0.2855 0.3636 0.2521 0.3560 0.2214 0.1809 0.2188 0.1780 0.2214 0.1784 0.2214 0.1809 0.2214 0.1784 0.2229 0.1786 0.1981 0.4497 0.1981 0.4369 0.2005 0.4497 0.1981 0.4497 0.1173 0.4575 0.1173 0.4345 0.2156 0.1815 0.2136 0.1812 0.2136 0.1797 0.2437 0.8093 0.2437 0.8143 0.2454 0.8140 0.1981 0.4688 0.1173 0.4575 0.1981 0.4591 0.1981 0.4688 0.1981 0.4591 0.2000 0.4554 0.1981 0.4847 0.1981 0.4688 0.1983 0.4847 0.1981 0.4847 0.1173 0.5000 0.1173 0.4677 0.2277 0.8040 0.2250 0.8044 0.2250 0.8116 0.1981 0.5000 0.1173 0.5000 0.1981 0.4902 0.1981 0.5186 0.1173 0.5000 0.1981 0.5000 0.1981 0.5240 0.1173 0.5000 0.1981 0.5186 0.1981 0.5240 0.1981 0.5186 0.1984 0.5186 0.2229 0.1811 0.2214 0.1809 0.2229 0.1786 0.2015 0.1845 0.2009 0.1793 0.2015 0.1794 0.2015 0.1845 0.2009 0.1844 0.2009 0.1793 0.2009 0.5588 0.2009 0.5536 0.2015 0.5588 0.2009 0.5588 0.1981 0.5588 0.1981 0.5537 0.2486 0.1826 0.2454 0.1823 0.2486 0.1828 0.2437 0.8088 0.2403 0.8098 0.2437 0.8093 0.2009 0.5763 0.1981 0.5764 0.1981 0.5588 0.2015 0.5763 0.2015 0.5588 0.2060 0.5858 0.2015 0.5763 0.2009 0.5763 0.2009 0.5588 0.1981 0.5862 0.1173 0.5793 0.1981 0.5764 0.2015 0.1849 0.2009 0.1848 0.2015 0.1845 0.2037 0.7898 0.2015 0.8038 0.2037 0.8035 0.2037 0.7898 0.2015 0.7901 0.2015 0.8038 0.1981 0.5907 0.1173 0.5793 0.1981 0.5862 0.2250 0.1814 0.2229 0.1811 0.2229 0.1786 0.2009 0.5860 0.1981 0.5764 0.2009 0.5763 0.2009 0.5860 0.1981 0.5907 0.1981 0.5862 0.2454 0.8086 0.2437 0.8088 0.2437 0.8093 0.2015 0.5860 0.2009 0.5763 0.2015 0.5763 0.2454 0.8086 0.2437 0.8093 0.2454 0.8090 0.2188 0.1820 0.2156 0.1800 0.2188 0.1805 0.2015 0.5860 0.2009 0.5860 0.2009 0.5763 0.2305 0.8036 0.2277 0.8112 0.2305 0.8108 0.2188 0.1820 0.2156 0.1815 0.2156 0.1800 0.2037 0.5859 0.2015 0.5860 0.2015 0.5763 0.2015 0.5905 0.2009 0.5905 0.2009 0.5860 0.2037 0.1848 0.2015 0.1794 0.2037 0.1797 0.2037 0.1848 0.2037 0.1797 0.2060 0.1801 0.2037 0.5904 0.2037 0.5859 0.2060 0.5858 0.2037 0.7890 0.2015 0.7893 0.2015 0.7901 0.2037 0.1853 0.2015 0.1845 0.2037 0.1848 0.2250 0.8005 0.2229 0.8008 0.2250 0.8044 0.2060 0.7895 0.2037 0.8035 0.2060 0.8032 0.2521 0.1831 0.2486 0.1828 0.2521 0.1833 0.2060 0.1851 0.2037 0.1853 0.2037 0.1848 0.2060 0.7895 0.2037 0.7890 0.2037 0.7898 0.1981 0.6148 0.1173 0.6515 0.1981 0.6134 0.2322 0.8033 0.2305 0.8036 0.2305 0.8108 0.2277 0.1819 0.2250 0.1814 0.2277 0.1794 0.2322 0.8033 0.2305 0.8108 0.2322 0.8105 0.2009 0.6132 0.1981 0.6134 0.1981 0.5907 0.2015 0.6132 0.2009 0.5905 0.2015 0.5905 0.2060 0.7887 0.2037 0.7890 0.2060 0.7895 0.2214 0.1824 0.2188 0.1820 0.2214 0.1809 0.2060 0.1856 0.2037 0.1853 0.2060 0.1851 0.2009 0.6147 0.1981 0.6148 0.2009 0.6132 0.2081 0.7892 0.2060 0.7895 0.2060 0.8032 0.2037 0.6131 0.2015 0.6132 0.2015 0.5905 0.2081 0.1854 0.2060 0.1851 0.2060 0.1801 0.2060 0.6130 0.2060 0.5903 0.2070 0.5903 0.2060 0.6130 0.2037 0.6131 0.2060 0.5903 0.2060 0.6130 0.2037 0.6145 0.2037 0.6131 0.2081 0.7884 0.2060 0.7887 0.2060 0.7895 0.1981 0.6295 0.1173 0.6515 0.1981 0.6148 0.2081 0.1859 0.2060 0.1851 0.2081 0.1854 0.2081 0.1859 0.2060 0.1856 0.2060 0.1851 0.2354 0.8029 0.2322 0.8105 0.2354 0.8100 0.2081 0.6129 0.2060 0.6130 0.2070 0.5903 0.2095 0.1857 0.2081 0.1859 0.2081 0.1854 0.1981 0.6310 0.1173 0.6515 0.1981 0.6295 0.2095 0.1857 0.2081 0.1804 0.2095 0.1806 0.2250 0.1829 0.2229 0.1826 0.2229 0.1811 0.2081 0.6143 0.2060 0.6144 0.2060 0.6130 0.2322 0.1825 0.2305 0.1823 0.2322 0.1801 0.2095 0.6142 0.2081 0.6143 0.2081 0.6129 0.2095 0.6142 0.2081 0.6129 0.2095 0.6128 0.2521 0.8080 0.2855 0.8080 0.2855 0.8026 0.2009 0.6293 0.1981 0.6295 0.1981 0.6148 0.2009 0.6293 0.1981 0.6148 0.2009 0.6147 0.2095 0.1861 0.2081 0.1859 0.2095 0.1857 0.2521 0.8080 0.2521 0.8130 0.2855 0.8080 0.2521 0.8080 0.2486 0.8085 0.2521 0.8130 0.2095 0.7882 0.2081 0.7892 0.2095 0.7890 0.2009 0.6293 0.1981 0.6310 0.1981 0.6295 0.2015 0.6293 0.2009 0.6147 0.2015 0.6146 0.2521 0.8076 0.2486 0.8081 0.2521 0.8080 0.2015 0.6293 0.2009 0.6293 0.2009 0.6147 0.2305 0.7997 0.2305 0.8036 0.2322 0.8033 0.2136 0.1863 0.2095 0.1806 0.2136 0.1812 0.2009 0.6308 0.1981 0.6310 0.2009 0.6293 0.2382 0.8025 0.2354 0.8029 0.2354 0.8100 0.2009 0.6308 0.2009 0.6293 0.2015 0.6293 0.2015 0.6307 0.2009 0.6308 0.2015 0.6293 0.2037 0.6291 0.2015 0.6146 0.2037 0.6145 0.2009 0.7798 0.1981 0.7802 0.1981 0.7897 0.2136 0.6126 0.2070 0.5903 0.2139 0.6125 0.2009 0.7798 0.1981 0.7897 0.2009 0.7894 0.2136 0.6126 0.2095 0.6128 0.2070 0.5903 0.2037 0.6306 0.2015 0.6293 0.2037 0.6291 0.2037 0.6306 0.2015 0.6307 0.2015 0.6293 0.1981 0.6402 0.1173 0.6515 0.1981 0.6310 0.2015 0.7798 0.2009 0.7798 0.2009 0.7894 0.2015 0.7798 0.2009 0.7894 0.2015 0.7893 0.2136 0.7884 0.2095 0.8027 0.2136 0.8021 0.2136 0.6140 0.2139 0.6125 0.2145 0.6139 0.2305 0.1837 0.2305 0.1823 0.2322 0.1825 0.2136 0.6140 0.2136 0.6126 0.2139 0.6125 0.2136 0.6140 0.2095 0.6142 0.2095 0.6128 0.2060 0.6290 0.2037 0.6306 0.2037 0.6291 0.2156 0.1866 0.2136 0.1863 0.2136 0.1812 0.2382 0.1834 0.2354 0.1830 0.2382 0.1810 0.2060 0.6305 0.2037 0.6306 0.2060 0.6290 0.2403 0.8022 0.2382 0.8025 0.2382 0.8096 0.2156 0.1870 0.2136 0.1863 0.2156 0.1866 0.2156 0.1870 0.2136 0.1867 0.2136 0.1863 0.2009 0.6400 0.2009 0.6308 0.2015 0.6307 0.2156 0.7882 0.2136 0.7884 0.2136 0.8021 0.2156 0.7882 0.2136 0.8021 0.2156 0.8018 0.2015 0.6399 0.2015 0.6307 0.2037 0.6306 0.2015 0.6399 0.2009 0.6400 0.2015 0.6307 0.2037 0.7795 0.2015 0.7893 0.2037 0.7890 0.2081 0.6303 0.2060 0.6305 0.2060 0.6290 0.1981 0.6477 0.1173 0.7118 0.1173 0.6515 0.1981 0.6477 0.1173 0.6515 0.1981 0.6402 0.2403 0.1838 0.2403 0.1813 0.2437 0.1818 0.2095 0.6288 0.2081 0.6303 0.2081 0.6288 0.2095 0.6288 0.2081 0.6288 0.2095 0.6142 0.2403 0.1838 0.2382 0.1834 0.2403 0.1813 0.2037 0.6398 0.2015 0.6399 0.2037 0.6306 0.2354 0.7990 0.2322 0.7995 0.2354 0.8029 0.2188 0.1870 0.2156 0.1866 0.2156 0.1815 0.2009 0.6475 0.1981 0.6477 0.2009 0.6400 0.2437 0.8017 0.2403 0.8022 0.2403 0.8093 0.2009 0.6475 0.2009 0.6400 0.2015 0.6399 0.2060 0.6396 0.2060 0.6305 0.2081 0.6303 0.2060 0.7792 0.2037 0.7795 0.2060 0.7887 0.2060 0.6396 0.2037 0.6398 0.2060 0.6305 0.2188 0.1875 0.2156 0.1866 0.2188 0.1870 0.2188 0.7877 0.2156 0.8018 0.2188 0.8014 0.2354 0.1845 0.2322 0.1840 0.2322 0.1825 0.2188 0.7877 0.2156 0.7882 0.2156 0.8018 0.2354 0.1845 0.2322 0.1825 0.2354 0.1830 0.2009 0.7740 0.1981 0.7802 0.2009 0.7798 0.1981 0.1957 0.1173 0.1984 0.1173 0.1800 0.2009 0.7740 0.1981 0.7744 0.1981 0.7802 0.2136 0.6300 0.2095 0.6288 0.2136 0.6285 0.2136 0.6300 0.2095 0.6303 0.2095 0.6288 0.2081 0.6395 0.2081 0.6303 0.2095 0.6303 0.2081 0.6395 0.2060 0.6396 0.2081 0.6303 0.2214 0.1874 0.2188 0.1820 0.2214 0.1824 0.2214 0.1874 0.2214 0.1824 0.2229 0.1826 0.2437 0.1843 0.2403 0.1838 0.2437 0.1818 0.2095 0.6394 0.2081 0.6395 0.2095 0.6303 0.2060 0.1929 0.2037 0.1925 0.2060 0.1856 0.2188 0.7869 0.2156 0.7874 0.2188 0.7877 0.2060 0.6472 0.2060 0.6396 0.2081 0.6395 0.2060 0.6472 0.2037 0.6473 0.2060 0.6396 0.2214 0.1879 0.2188 0.1875 0.2188 0.1870 0.2214 0.1879 0.2188 0.1870 0.2214 0.1874 0.2081 0.7789 0.2060 0.7792 0.2060 0.7887 0.2081 0.7789 0.2060 0.7887 0.2081 0.7884 0.2229 0.1876 0.2214 0.1879 0.2214 0.1874 0.2403 0.7983 0.2382 0.7986 0.2403 0.8022 0.2403 0.7983 0.2403 0.8022 0.2437 0.8017 0.2081 0.6470 0.2081 0.6395 0.2095 0.6394 0.2081 0.6470 0.2060 0.6472 0.2081 0.6395 0.2382 0.1849 0.2354 0.1845 0.2382 0.1834 0.2214 0.7874 0.2188 0.8014 0.2214 0.8010 0.2214 0.7874 0.2188 0.7877 0.2188 0.8014 0.2188 0.6297 0.2156 0.6299 0.2156 0.6284 0.2214 0.7874 0.2188 0.7869 0.2188 0.7877 0.2136 0.6391 0.2136 0.6300 0.2156 0.6299 0.2095 0.7787 0.2081 0.7884 0.2095 0.7882 0.2136 0.6391 0.2095 0.6394 0.2136 0.6300 0.2095 0.7787 0.2081 0.7789 0.2081 0.7884 0.2214 0.6280 0.2188 0.6282 0.2145 0.6139 0.2037 0.7737 0.2015 0.7798 0.2037 0.7795 0.2229 0.1881 0.2214 0.1879 0.2229 0.1876 0.2214 0.6295 0.2219 0.6280 0.2229 0.6294 0.2214 0.6295 0.2188 0.6282 0.2214 0.6280 0.2486 0.8010 0.2454 0.8014 0.2454 0.8086 0.2015 0.1962 0.2009 0.1921 0.2015 0.1922 0.2015 0.1962 0.2009 0.1961 0.2009 0.1921 0.2136 0.6467 0.2136 0.6391 0.2156 0.6390 0.2250 0.1879 0.2229 0.1876 0.2229 0.1826 0.2250 0.1879 0.2250 0.1829 0.2277 0.1833 0.2229 0.7864 0.2214 0.7874 0.2229 0.7872 0.2403 0.1852 0.2382 0.1849 0.2403 0.1838 0.2156 0.6465 0.2136 0.6467 0.2156 0.6390 0.2156 0.6465 0.2156 0.6390 0.2188 0.6388 0.2214 0.6386 0.2214 0.6295 0.2229 0.6294 0.2437 0.7978 0.2403 0.7983 0.2437 0.8017 0.2250 0.1884 0.2229 0.1876 0.2250 0.1879 0.2437 0.7978 0.2437 0.8017 0.2454 0.8014 0.2188 0.6463 0.2188 0.6388 0.2214 0.6386 0.2037 0.1965 0.2015 0.1922 0.2037 0.1925 0.2037 0.1965 0.2037 0.1925 0.2060 0.1929 0.2250 0.7869 0.2229 0.7872 0.2229 0.8008 0.2250 0.7869 0.2229 0.8008 0.2250 0.8005 0.2214 0.6461 0.2214 0.6386 0.2229 0.6385 0.2486 0.1850 0.2454 0.1821 0.2486 0.1826 0.2486 0.1850 0.2454 0.1845 0.2454 0.1821 0.2136 0.7782 0.2095 0.7787 0.2095 0.7882 0.2229 0.6460 0.2229 0.6385 0.2250 0.6384 0.2250 0.7861 0.2229 0.7864 0.2250 0.7869 0.2229 0.6460 0.2214 0.6461 0.2229 0.6385 0.2277 0.6382 0.2229 0.6294 0.2305 0.6379 0.2277 0.1884 0.2250 0.1879 0.2277 0.1833 0.2277 0.6382 0.2250 0.6384 0.2229 0.6294 0.2277 0.1884 0.2250 0.1884 0.2250 0.1879 0.2250 0.6459 0.2250 0.6384 0.2277 0.6382 0.2437 0.1857 0.2403 0.1852 0.2403 0.1838 0.2305 0.6380 0.2277 0.6382 0.2305 0.6379 0.2305 0.6380 0.2305 0.6379 0.2307 0.6380 0.2521 0.8005 0.2855 0.8026 0.2855 0.7919 0.2521 0.8005 0.2486 0.8010 0.2486 0.8081 0.2454 0.7976 0.2454 0.8014 0.2486 0.8010 0.2060 0.1968 0.2037 0.1965 0.2060 0.1929 0.2277 0.6457 0.2250 0.6459 0.2277 0.6382 0.2305 0.6455 0.2277 0.6457 0.2305 0.6380 0.2305 0.6455 0.2305 0.6380 0.2307 0.6380 0.2156 0.7779 0.2136 0.7782 0.2136 0.7876 0.2136 0.1940 0.2095 0.1861 0.2136 0.1867 0.2156 0.7779 0.2136 0.7876 0.2156 0.7874 0.2322 0.6454 0.2305 0.6455 0.2307 0.6380 0.2136 0.1940 0.2095 0.1934 0.2095 0.1861 0.2454 0.1860 0.2437 0.1857 0.2437 0.1843 0.2454 0.1860 0.2437 0.1843 0.2454 0.1845 0.2277 0.7865 0.2250 0.7869 0.2250 0.8005 0.2521 0.1855 0.2855 0.1882 0.2855 0.1920 0.2277 0.7865 0.2250 0.7861 0.2250 0.7869 0.2305 0.1888 0.2277 0.1884 0.2277 0.1833 0.2009 0.7038 0.1981 0.6477 0.2009 0.6475 0.2081 0.1971 0.2060 0.1929 0.2081 0.1932 0.2305 0.7861 0.2277 0.7865 0.2277 0.8001 0.2009 0.7038 0.1981 0.7040 0.1981 0.6477 0.2081 0.1971 0.2060 0.1968 0.2060 0.1929 0.2305 0.7861 0.2277 0.8001 0.2305 0.7997 0.1981 0.7085 0.1173 0.7118 0.1981 0.7040 0.1981 0.7085 0.1981 0.7040 0.2009 0.7038 0.2015 0.7037 0.2009 0.6475 0.2015 0.6475 0.2188 0.7775 0.2156 0.7874 0.2188 0.7869 0.2305 0.7853 0.2277 0.7857 0.2277 0.7865 0.2136 0.7724 0.2095 0.7787 0.2136 0.7782 0.2015 0.7037 0.2009 0.7038 0.2009 0.6475 0.2136 0.7724 0.2095 0.7729 0.2095 0.7787 0.2486 0.1865 0.2454 0.1860 0.2454 0.1845 0.2403 0.6448 0.2382 0.6450 0.2388 0.6429 0.2322 0.7859 0.2305 0.7853 0.2305 0.7861 0.2322 0.1895 0.2305 0.1892 0.2322 0.1890 0.2037 0.7035 0.2015 0.7037 0.2015 0.6475 0.2037 0.7035 0.2015 0.6475 0.2037 0.6473 0.2322 0.7851 0.2305 0.7853 0.2322 0.7859 0.2188 0.1947 0.2156 0.1870 0.2188 0.1875 0.2214 0.7771 0.2188 0.7869 0.2214 0.7866 0.2354 0.1895 0.2354 0.1845 0.2382 0.1849 0.2136 0.1979 0.2095 0.1973 0.2095 0.1934 0.2156 0.7721 0.2136 0.7782 0.2156 0.7779 0.2229 0.7769 0.2214 0.7866 0.2229 0.7864 0.2060 0.7033 0.2037 0.7035 0.2060 0.6472 0.2136 0.1979 0.2095 0.1934 0.2136 0.1940 0.2229 0.7769 0.2229 0.7864 0.2250 0.7861 0.2354 0.1900 0.2322 0.1895 0.2354 0.1895 0.2521 0.1870 0.2521 0.1855 0.2855 0.1920 0.2521 0.1870 0.2486 0.1865 0.2486 0.1850 0.2354 0.7855 0.2322 0.7995 0.2354 0.7990 0.2354 0.7855 0.2322 0.7859 0.2322 0.7995 0.2037 0.7080 0.2015 0.7082 0.2037 0.7035 0.2437 0.6446 0.2388 0.6429 0.2452 0.6444 0.2437 0.6446 0.2452 0.6444 0.2454 0.6445 0.2382 0.1899 0.2354 0.1895 0.2382 0.1849 0.2081 0.7031 0.2060 0.6472 0.2081 0.6470 0.2060 0.7078 0.2060 0.7033 0.2081 0.7031 0.2060 0.7078 0.2037 0.7080 0.2060 0.7033 0.2156 0.1982 0.2136 0.1940 0.2156 0.1942 0.2229 0.1953 0.2214 0.1951 0.2229 0.1881 0.2229 0.1953 0.2229 0.1881 0.2250 0.1884 0.2382 0.1904 0.2354 0.1900 0.2382 0.1899 0.2354 0.7847 0.2322 0.7851 0.2322 0.7859 0.2081 0.7076 0.2060 0.7078 0.2081 0.7031 0.2250 0.7767 0.2229 0.7769 0.2250 0.7861 0.2250 0.7767 0.2250 0.7861 0.2277 0.7857 0.2095 0.7074 0.2081 0.7076 0.2095 0.7030 0.2382 0.7851 0.2354 0.7847 0.2354 0.7855 0.2382 0.7851 0.2354 0.7990 0.2382 0.7986 0.2136 0.7026 0.2095 0.7030 0.2095 0.6469 0.2403 0.1902 0.2382 0.1904 0.2382 0.1899 0.2521 0.6440 0.2454 0.6445 0.2521 0.6440 0.2521 0.6440 0.2521 0.6440 0.2855 0.6364 0.2521 0.6440 0.2855 0.6364 0.2855 0.7000 0.2250 0.1956 0.2229 0.1953 0.2250 0.1884 0.1981 0.2103 0.1173 0.1984 0.1981 0.2094 0.1981 0.2103 0.1173 0.2092 0.1173 0.1984 0.2009 0.7528 0.1981 0.7532 0.2009 0.7529 0.2156 0.7024 0.2136 0.7026 0.2136 0.6467 0.2009 0.7528 0.1981 0.7531 0.1981 0.7532 0.2136 0.7070 0.2095 0.7074 0.2095 0.7030 0.2403 0.1907 0.2382 0.1904 0.2403 0.1902 0.2015 0.7528 0.2009 0.7529 0.2009 0.7740 0.2156 0.7068 0.2136 0.7070 0.2156 0.7024 0.2188 0.7021 0.2156 0.7024 0.2156 0.6465 0.2015 0.7528 0.2009 0.7740 0.2015 0.7739 0.2009 0.2098 0.1981 0.2103 0.1981 0.2094 0.2382 0.7843 0.2354 0.7847 0.2382 0.7851 0.2015 0.7528 0.2009 0.7528 0.2009 0.7529 0.2009 0.2098 0.1981 0.2094 0.1981 0.1957 0.2015 0.2099 0.2009 0.2098 0.2009 0.1961 0.2015 0.2099 0.2009 0.1961 0.2015 0.1962 0.2214 0.7714 0.2188 0.7717 0.2188 0.7775 0.2214 0.7018 0.2188 0.7021 0.2188 0.6463 0.2214 0.7018 0.2188 0.6463 0.2214 0.6461 0.2188 0.7065 0.2156 0.7024 0.2188 0.7021 0.2188 0.7065 0.2156 0.7068 0.2156 0.7024 0.2437 0.1907 0.2403 0.1902 0.2403 0.1852 0.2403 0.7848 0.2382 0.7986 0.2403 0.7983 0.2403 0.7848 0.2382 0.7843 0.2382 0.7851 0.2403 0.7848 0.2382 0.7851 0.2382 0.7986 0.2009 0.2106 0.2009 0.2098 0.2015 0.2099 0.2229 0.7712 0.2214 0.7771 0.2229 0.7769 0.2214 0.7063 0.2188 0.7065 0.2214 0.7018 0.2214 0.1990 0.2188 0.1986 0.2188 0.1947 0.2037 0.7525 0.2015 0.7739 0.2037 0.7737 0.2229 0.7061 0.2229 0.7017 0.2250 0.7015 0.2015 0.2107 0.2009 0.2106 0.2015 0.2099 0.2037 0.7525 0.2015 0.7528 0.2015 0.7739 0.2277 0.7012 0.2250 0.7015 0.2277 0.6457 0.2454 0.1910 0.2437 0.1907 0.2437 0.1857 0.2454 0.1910 0.2437 0.1857 0.2454 0.1860 0.2037 0.7525 0.2015 0.7528 0.2037 0.7525 0.2229 0.1992 0.2214 0.1951 0.2229 0.1953 0.2305 0.7760 0.2277 0.7857 0.2305 0.7853 0.2305 0.7760 0.2305 0.7853 0.2322 0.7851 0.2305 0.7760 0.2277 0.7763 0.2277 0.7857 0.2037 0.2102 0.2015 0.2099 0.2015 0.1962 0.2250 0.7709 0.2229 0.7712 0.2229 0.7769 0.2037 0.2102 0.2015 0.1962 0.2037 0.1965 0.2250 0.7709 0.2229 0.7769 0.2250 0.7767 0.2322 0.7008 0.2305 0.6455 0.2322 0.6454 0.2437 0.7843 0.2403 0.7983 0.2437 0.7978 0.2322 0.7008 0.2305 0.7010 0.2305 0.6455 0.2305 0.7054 0.2277 0.7057 0.2305 0.7010 0.2305 0.1964 0.2305 0.1892 0.2322 0.1895 0.2305 0.1964 0.2277 0.1888 0.2305 0.1892 0.2354 0.7005 0.2354 0.6452 0.2382 0.6450 0.2250 0.1995 0.2229 0.1992 0.2229 0.1953 0.2250 0.1995 0.2250 0.1956 0.2277 0.1960 0.2250 0.1995 0.2229 0.1953 0.2250 0.1956 0.1981 0.7534 0.1173 0.7630 0.1981 0.7085 0.2060 0.2105 0.2037 0.2102 0.2037 0.1965 0.2322 0.7757 0.2305 0.7760 0.2322 0.7851 0.2437 0.7835 0.2403 0.7840 0.2403 0.7848 0.2060 0.2105 0.2037 0.1965 0.2060 0.1968 0.2437 0.7835 0.2403 0.7848 0.2437 0.7843 0.2454 0.7841 0.2437 0.7978 0.2454 0.7976 0.2486 0.1915 0.2454 0.1860 0.2486 0.1865 0.2277 0.7706 0.2250 0.7709 0.2250 0.7767 0.2354 0.7049 0.2322 0.7052 0.2322 0.7008 0.2277 0.7706 0.2250 0.7767 0.2277 0.7763 0.2354 0.7049 0.2354 0.7005 0.2382 0.7002 0.2486 0.1915 0.2454 0.1910 0.2454 0.1860 0.2060 0.2113 0.2037 0.2110 0.2060 0.2105 0.2486 0.1919 0.2454 0.1910 0.2486 0.1915 0.2009 0.7531 0.2009 0.7083 0.2015 0.7082 0.2081 0.7520 0.2060 0.7523 0.2060 0.7734 0.2081 0.2108 0.2060 0.2105 0.2060 0.1968 0.2081 0.2108 0.2060 0.1968 0.2081 0.1971 0.2081 0.7520 0.2060 0.7523 0.2081 0.7520 0.2015 0.7530 0.2009 0.7531 0.2015 0.7082 0.2454 0.7833 0.2437 0.7835 0.2437 0.7843 0.2081 0.2116 0.2060 0.2113 0.2060 0.2105 0.2081 0.2116 0.2060 0.2105 0.2081 0.2108 0.2403 0.7000 0.2382 0.7002 0.2403 0.6448 0.2403 0.7000 0.2403 0.6448 0.2437 0.6446 0.1981 0.7595 0.1173 0.8018 0.1173 0.7630 0.2354 0.7753 0.2322 0.7851 0.2354 0.7847 0.1981 0.7595 0.1173 0.7630 0.1981 0.7534 0.2354 0.7753 0.2322 0.7757 0.2322 0.7851 0.2095 0.2110 0.2081 0.1971 0.2095 0.1973 0.2095 0.7518 0.2081 0.7520 0.2081 0.7520 0.2095 0.2110 0.2081 0.2108 0.2081 0.1971 0.2095 0.7518 0.2081 0.7520 0.2095 0.7519 0.2037 0.7528 0.2037 0.7080 0.2060 0.7078 0.1981 0.2198 0.1173 0.2092 0.1981 0.2103 0.1981 0.4509 0.1173 0.4207 0.1173 0.5000 0.1981 0.4509 0.1173 0.5000 0.1981 0.5000 0.2521 0.1920 0.2486 0.1915 0.2521 0.1870 0.2521 0.1920 0.2521 0.1870 0.2855 0.1920 0.2437 0.6997 0.2403 0.7044 0.2403 0.7000 0.2305 0.7702 0.2277 0.7706 0.2277 0.7763 0.1981 0.4236 0.1173 0.4207 0.1981 0.4509 0.2305 0.7702 0.2277 0.7763 0.2305 0.7760 0.2095 0.2118 0.2081 0.2108 0.2095 0.2110 0.2486 0.7837 0.2454 0.7841 0.2454 0.7976 0.2060 0.7525 0.2037 0.7528 0.2060 0.7078 0.2305 0.2003 0.2305 0.1964 0.2322 0.1967 0.2009 0.4136 0.1981 0.4236 0.2009 0.4237 0.2486 0.7829 0.2454 0.7841 0.2486 0.7837 0.2305 0.2003 0.2277 0.1999 0.2277 0.1960 0.2009 0.7591 0.1981 0.7595 0.1981 0.7534 0.2015 0.4136 0.2009 0.4136 0.2009 0.4237 0.2015 0.4136 0.2009 0.4237 0.2015 0.4237 0.2009 0.7591 0.1981 0.7534 0.2009 0.7531 0.2382 0.1975 0.2354 0.1971 0.2382 0.1904 0.2037 0.4137 0.2015 0.4237 0.2060 0.4138 0.2015 0.7591 0.2009 0.7531 0.2015 0.7530 0.2037 0.4137 0.2015 0.4136 0.2015 0.4237 0.2322 0.7700 0.2305 0.7702 0.2305 0.7760 0.1981 0.3874 0.1981 0.4135 0.2009 0.4136 0.2454 0.6995 0.2437 0.6997 0.2437 0.6446 0.2009 0.2202 0.1981 0.2103 0.2009 0.2106 0.2009 0.3875 0.1981 0.3874 0.2009 0.4136 0.2009 0.3875 0.2009 0.4136 0.2015 0.4136 0.2009 0.7384 0.1981 0.7531 0.2009 0.7528 0.2015 0.3876 0.2015 0.4136 0.2037 0.4137 0.2009 0.7384 0.1981 0.7387 0.1981 0.7531 0.2015 0.3876 0.2009 0.3875 0.2015 0.4136 0.2037 0.3877 0.2037 0.4137 0.2060 0.4138 0.2037 0.3877 0.2015 0.3876 0.2037 0.4137 0.2015 0.2202 0.2009 0.2202 0.2009 0.2106 0.2037 0.7588 0.2015 0.7591 0.2015 0.7530 0.1981 0.3714 0.1173 0.3485 0.1981 0.3874 0.2037 0.7588 0.2015 0.7530 0.2037 0.7528 0.2136 0.2116 0.2095 0.2110 0.2095 0.1973 0.2136 0.7514 0.2095 0.7729 0.2136 0.7724 0.2095 0.3880 0.2081 0.3879 0.2060 0.4138 0.2095 0.7521 0.2081 0.7523 0.2095 0.7074 0.2136 0.7513 0.2095 0.7518 0.2095 0.7519 0.2521 0.7832 0.2486 0.7837 0.2486 0.7971 0.2136 0.2124 0.2095 0.2118 0.2095 0.2110 0.2486 0.6992 0.2454 0.6445 0.2521 0.6440 0.2156 0.2118 0.2136 0.2116 0.2136 0.1979 0.2156 0.2118 0.2136 0.1979 0.2156 0.1982 0.2060 0.7585 0.2037 0.7588 0.2037 0.7528 0.2081 0.7583 0.2060 0.7525 0.2081 0.7523 0.2081 0.7583 0.2060 0.7585 0.2060 0.7525 0.2037 0.2205 0.2015 0.2107 0.2037 0.2110 0.2037 0.2205 0.2015 0.2202 0.2015 0.2107 0.2521 0.7824 0.2521 0.7832 0.2855 0.7779 0.2521 0.7824 0.2486 0.7829 0.2486 0.7837 0.2060 0.3719 0.2037 0.3718 0.2060 0.3878 0.1981 0.2256 0.1173 0.2092 0.1981 0.2198 0.1981 0.2256 0.1173 0.2373 0.1173 0.2092 0.2136 0.7516 0.2136 0.7070 0.2156 0.7068 0.2009 0.3610 0.2009 0.3716 0.2015 0.3716 0.2156 0.7511 0.2136 0.7724 0.2156 0.7721 0.2156 0.7511 0.2136 0.7514 0.2136 0.7724 0.2486 0.7036 0.2454 0.7039 0.2454 0.6995 0.2486 0.7036 0.2454 0.6995 0.2486 0.6992 0.2521 0.6989 0.2521 0.6440 0.2855 0.7000 0.2354 0.2010 0.2354 0.1971 0.2382 0.1975 0.2521 0.6989 0.2486 0.6992 0.2521 0.6440 0.2015 0.3610 0.2009 0.3610 0.2015 0.3716 0.2015 0.3610 0.2015 0.3716 0.2037 0.3718 0.2354 0.2010 0.2322 0.2005 0.2322 0.1967 0.2156 0.7511 0.2136 0.7513 0.2136 0.7514 0.2095 0.3721 0.2081 0.3720 0.2095 0.3880 0.2095 0.3721 0.2095 0.3880 0.2136 0.3882 0.2437 0.1983 0.2403 0.1907 0.2437 0.1912 0.1981 0.3523 0.1173 0.2882 0.1173 0.3485 0.1981 0.3523 0.1981 0.3608 0.2009 0.3610 0.2037 0.7381 0.2037 0.7525 0.2060 0.7522 0.2437 0.1983 0.2403 0.1978 0.2403 0.1907 0.2037 0.3612 0.2015 0.3610 0.2037 0.3718 0.2521 0.7033 0.2486 0.6992 0.2521 0.6989 0.2521 0.7033 0.2486 0.7036 0.2486 0.6992 0.2009 0.7325 0.2009 0.7384 0.2015 0.7383 0.2188 0.2123 0.2156 0.2118 0.2156 0.1982 0.2060 0.3613 0.2037 0.3612 0.2060 0.3719 0.2188 0.2123 0.2156 0.1982 0.2188 0.1986 0.2009 0.2260 0.1981 0.2256 0.2009 0.2202 0.2009 0.3525 0.1981 0.3523 0.2009 0.3610 0.2015 0.3525 0.2009 0.3610 0.2015 0.3610 0.2136 0.7576 0.2095 0.7521 0.2136 0.7516 0.2009 0.2260 0.2009 0.2202 0.2015 0.2202 0.2136 0.3724 0.2095 0.3721 0.2136 0.3882 0.2081 0.3615 0.2060 0.3613 0.2081 0.3720 0.2382 0.2014 0.2382 0.1975 0.2403 0.1978 0.2015 0.7324 0.2009 0.7325 0.2015 0.7383 0.2015 0.7324 0.2015 0.7383 0.2037 0.7381 0.2382 0.7692 0.2354 0.7753 0.2382 0.7749 0.2037 0.3527 0.2015 0.3525 0.2015 0.3610 0.2454 0.1986 0.2437 0.1912 0.2454 0.1914 0.2214 0.7507 0.2214 0.7063 0.2229 0.7061 0.2382 0.7692 0.2354 0.7696 0.2354 0.7753 0.2454 0.1986 0.2437 0.1983 0.2437 0.1912 0.2229 0.7505 0.2229 0.7061 0.2250 0.7059 0.2229 0.7505 0.2214 0.7507 0.2229 0.7061 0.2095 0.3616 0.2095 0.3721 0.2136 0.3724 0.2188 0.2131 0.2156 0.2126 0.2156 0.2118 0.2188 0.3727 0.2136 0.3882 0.2214 0.3728 0.2188 0.7508 0.2156 0.7721 0.2188 0.7717 0.2188 0.3727 0.2156 0.3725 0.2136 0.3882 0.2188 0.7508 0.2156 0.7511 0.2156 0.7721 0.2188 0.7570 0.2156 0.7573 0.2156 0.7514 0.2081 0.3530 0.2081 0.3615 0.2095 0.3616 0.2081 0.3530 0.2060 0.3613 0.2081 0.3615 0.2081 0.3530 0.2060 0.3528 0.2060 0.3613 0.2454 0.7740 0.2437 0.7835 0.2454 0.7833 0.2095 0.3531 0.2081 0.3530 0.2095 0.3616 0.2214 0.2126 0.2188 0.2123 0.2188 0.1986 0.2095 0.2213 0.2081 0.2211 0.2081 0.2116 0.2095 0.2213 0.2081 0.2116 0.2095 0.2118 0.2037 0.7322 0.2037 0.7381 0.2060 0.7378 0.2037 0.7322 0.2015 0.7324 0.2037 0.7381 0.2188 0.3622 0.2156 0.3620 0.2188 0.3727 0.2188 0.3622 0.2188 0.3727 0.2214 0.3728 0.2277 0.7499 0.2277 0.7057 0.2305 0.7054 0.2136 0.3534 0.2095 0.3616 0.2136 0.3618 0.2403 0.7690 0.2382 0.7749 0.2403 0.7747 0.2277 0.7499 0.2250 0.7502 0.2277 0.7057 0.2037 0.2263 0.2037 0.2205 0.2060 0.2208 0.2156 0.3535 0.2156 0.3620 0.2188 0.3622 0.2214 0.2134 0.2188 0.2131 0.2188 0.2123 0.2214 0.2134 0.2188 0.2123 0.2214 0.2126 0.2229 0.7565 0.2214 0.7566 0.2214 0.7507 0.2156 0.3535 0.2136 0.3618 0.2156 0.3620 0.2486 0.1990 0.2454 0.1986 0.2454 0.1914 0.2229 0.3624 0.2214 0.3623 0.2214 0.3728 0.2250 0.7562 0.2229 0.7565 0.2229 0.7505 0.2486 0.1990 0.2454 0.1914 0.2486 0.1919 0.2214 0.7505 0.2188 0.7508 0.2188 0.7717 0.2486 0.1990 0.2486 0.1919 0.2521 0.1924 0.2305 0.7496 0.2305 0.7054 0.2322 0.7052 0.2214 0.7504 0.2188 0.7508 0.2214 0.7505 0.2229 0.2128 0.2214 0.1990 0.2229 0.1992 0.2305 0.7496 0.2277 0.7499 0.2305 0.7054 0.2250 0.3626 0.2229 0.3624 0.2214 0.3728 0.2214 0.3539 0.2188 0.3622 0.2214 0.3623 0.2229 0.2128 0.2214 0.2126 0.2214 0.1990 0.2095 0.7374 0.2081 0.7520 0.2095 0.7518 0.2060 0.2266 0.2060 0.2208 0.2081 0.2211 0.2277 0.3628 0.2214 0.3728 0.2296 0.3629 0.2060 0.2266 0.2037 0.2263 0.2060 0.2208 0.2277 0.3628 0.2250 0.3626 0.2214 0.3728 0.2437 0.2022 0.2403 0.2017 0.2403 0.1978 0.2354 0.7490 0.2322 0.7494 0.2354 0.7049 0.2250 0.3542 0.2229 0.3624 0.2250 0.3626 0.2486 0.7736 0.2454 0.7740 0.2454 0.7833 0.2354 0.7490 0.2354 0.7049 0.2382 0.7046 0.2250 0.3542 0.2250 0.3626 0.2277 0.3628 0.2305 0.7555 0.2277 0.7559 0.2277 0.7499 0.2277 0.3543 0.2250 0.3542 0.2277 0.3628 0.2250 0.2131 0.2229 0.2128 0.2229 0.1992 0.2229 0.7503 0.2214 0.7505 0.2214 0.7714 0.2136 0.2218 0.2095 0.2213 0.2095 0.2118 0.2229 0.7502 0.2214 0.7504 0.2214 0.7505 0.2229 0.7502 0.2214 0.7505 0.2229 0.7503 0.1981 0.7908 0.1173 0.8018 0.1981 0.7595 0.2437 0.7685 0.2403 0.7747 0.2437 0.7742 0.1981 0.2960 0.1173 0.2882 0.1981 0.3523 0.2437 0.7685 0.2403 0.7690 0.2403 0.7747 0.1981 0.2960 0.1981 0.3523 0.2009 0.3525 0.2081 0.7317 0.2060 0.7319 0.2081 0.7376 0.2382 0.7487 0.2354 0.7490 0.2382 0.7046 0.2354 0.3549 0.2296 0.3629 0.2382 0.3573 0.2521 0.1995 0.2486 0.1990 0.2521 0.1924 0.2382 0.7487 0.2382 0.7046 0.2403 0.7044 0.2521 0.1995 0.2855 0.1974 0.2855 0.2081 0.2250 0.7500 0.2229 0.7712 0.2250 0.7709 0.2250 0.7500 0.2229 0.7503 0.2229 0.7712 0.2454 0.2024 0.2437 0.2022 0.2437 0.1983 0.2009 0.2962 0.2009 0.3525 0.2015 0.3525 0.2009 0.2962 0.1981 0.2960 0.2009 0.3525 0.2250 0.7500 0.2229 0.7503 0.2250 0.7500 0.1981 0.2915 0.1173 0.2370 0.1173 0.2882 0.2136 0.7370 0.2095 0.7374 0.2095 0.7518 0.2015 0.7903 0.2009 0.7904 0.2015 0.7591 0.2454 0.7683 0.2437 0.7685 0.2437 0.7742 0.2095 0.7316 0.2095 0.7374 0.2136 0.7370 0.2277 0.2143 0.2250 0.2139 0.2277 0.2135 0.2403 0.7484 0.2382 0.7487 0.2403 0.7044 0.2015 0.2963 0.2009 0.2962 0.2015 0.3525 0.2403 0.7484 0.2403 0.7044 0.2437 0.7041 0.2382 0.3551 0.2354 0.3549 0.2382 0.3573 0.2521 0.7731 0.2486 0.7829 0.2521 0.7824 0.2403 0.3552 0.2382 0.3551 0.2382 0.3573 0.2521 0.7731 0.2486 0.7736 0.2486 0.7829 0.2156 0.7368 0.2136 0.7370 0.2156 0.7511 0.1981 0.7942 0.1173 0.8018 0.1981 0.7908 0.2156 0.7368 0.2156 0.7511 0.2188 0.7507 0.2305 0.2139 0.2277 0.1999 0.2305 0.2003 0.2277 0.7497 0.2250 0.7500 0.2250 0.7500 0.2037 0.2965 0.2015 0.2963 0.2037 0.3527 0.2277 0.7497 0.2250 0.7709 0.2277 0.7706 0.2009 0.2917 0.1981 0.2915 0.2009 0.2962 0.2277 0.7497 0.2250 0.7500 0.2250 0.7709 0.2188 0.2225 0.2156 0.2126 0.2188 0.2131 0.2305 0.2147 0.2277 0.2143 0.2277 0.2135 0.2037 0.7900 0.2037 0.7588 0.2060 0.7585 0.2015 0.2918 0.2015 0.2963 0.2037 0.2965 0.2009 0.7938 0.1981 0.7908 0.2009 0.7904 0.2277 0.7496 0.2250 0.7500 0.2277 0.7497 0.2486 0.7679 0.2454 0.7740 0.2486 0.7736 0.2382 0.7546 0.2354 0.7490 0.2382 0.7487 0.2015 0.7937 0.2009 0.7904 0.2015 0.7903 0.2322 0.2141 0.2305 0.2003 0.2322 0.2005 0.2136 0.7311 0.2095 0.7316 0.2136 0.7370 0.2136 0.7311 0.2136 0.7370 0.2156 0.7368 0.2437 0.3554 0.2382 0.3573 0.2451 0.3556 0.2437 0.3554 0.2403 0.3552 0.2382 0.3573 0.2521 0.2034 0.2521 0.1995 0.2855 0.2081 0.2081 0.2969 0.2060 0.2967 0.2081 0.3530 0.2322 0.2149 0.2305 0.2147 0.2322 0.2141 0.2081 0.2969 0.2081 0.3530 0.2095 0.3531 0.2305 0.7493 0.2277 0.7496 0.2277 0.7497 0.2214 0.2229 0.2188 0.2131 0.2214 0.2134 0.2060 0.7897 0.2037 0.7900 0.2060 0.7585 0.2188 0.7364 0.2156 0.7368 0.2188 0.7507 0.2454 0.7478 0.2454 0.7039 0.2486 0.7036 0.2060 0.2922 0.2060 0.2967 0.2081 0.2969 0.2454 0.7478 0.2437 0.7480 0.2454 0.7039 0.2403 0.7543 0.2382 0.7546 0.2382 0.7487 0.2322 0.7492 0.2305 0.7493 0.2305 0.7494 0.2095 0.2970 0.2095 0.3531 0.2136 0.3534 0.2322 0.7492 0.2305 0.7702 0.2322 0.7700 0.2229 0.2231 0.2229 0.2136 0.2250 0.2139 0.2354 0.2145 0.2322 0.2005 0.2354 0.2010 0.2081 0.7894 0.2060 0.7897 0.2081 0.7583 0.2354 0.2145 0.2322 0.2141 0.2322 0.2005 0.2037 0.7934 0.2037 0.7900 0.2060 0.7897 0.2521 0.7674 0.2486 0.7679 0.2486 0.7736 0.2037 0.7934 0.2015 0.7903 0.2037 0.7900 0.2037 0.7934 0.2015 0.7937 0.2015 0.7903 0.2136 0.2974 0.2136 0.3534 0.2156 0.3535 0.1981 0.2468 0.1173 0.2373 0.1981 0.2256 0.2136 0.2974 0.2095 0.2970 0.2136 0.3534 0.2214 0.7361 0.2188 0.7364 0.2214 0.7504 0.2095 0.7892 0.2081 0.7894 0.2095 0.7581 0.2214 0.7361 0.2214 0.7504 0.2229 0.7502 0.2156 0.2976 0.2136 0.2974 0.2156 0.3535 0.1981 0.2469 0.1173 0.2522 0.1173 0.2373 0.1981 0.2469 0.1173 0.2373 0.1981 0.2468 0.2486 0.7474 0.2486 0.7036 0.2521 0.7033 0.2156 0.2976 0.2156 0.3535 0.2188 0.3537 0.2486 0.7474 0.2454 0.7478 0.2486 0.7036 0.1981 0.7065 0.1173 0.7114 0.1981 0.7328 0.2354 0.2153 0.2322 0.2149 0.2322 0.2141 0.2081 0.7928 0.2081 0.7894 0.2095 0.7892 0.2081 0.7928 0.2060 0.7897 0.2081 0.7894 0.2229 0.7360 0.2214 0.7361 0.2229 0.7502 0.2188 0.2979 0.2156 0.2976 0.2188 0.3537 0.2188 0.2283 0.2156 0.2279 0.2188 0.2225 0.2188 0.2283 0.2188 0.2225 0.2214 0.2229 0.2081 0.7928 0.2060 0.7931 0.2060 0.7897 0.2454 0.7537 0.2437 0.7480 0.2454 0.7478 0.2188 0.2979 0.2188 0.3537 0.2214 0.3539 0.2136 0.7886 0.2095 0.7892 0.2136 0.7576 0.2382 0.2149 0.2354 0.2145 0.2354 0.2010 0.2214 0.2982 0.2188 0.2979 0.2214 0.3539 0.2214 0.2982 0.2214 0.3539 0.2229 0.3540 0.2188 0.2935 0.2156 0.2932 0.2156 0.2976 0.2095 0.7926 0.2081 0.7928 0.2095 0.7892 0.2188 0.2935 0.2188 0.2979 0.2214 0.2982 0.2521 0.7470 0.2855 0.7000 0.2855 0.7488 0.2156 0.7884 0.2136 0.7886 0.2156 0.7573 0.2156 0.7884 0.2156 0.7573 0.2188 0.7570 0.2009 0.7062 0.1981 0.7065 0.1981 0.7328 0.2214 0.2937 0.2188 0.2935 0.2214 0.2982 0.2015 0.2472 0.2015 0.2261 0.2037 0.2263 0.2486 0.7533 0.2454 0.7478 0.2486 0.7474 0.2250 0.2985 0.2229 0.2983 0.2250 0.3542 0.2486 0.7533 0.2454 0.7537 0.2454 0.7478 0.2015 0.2472 0.2009 0.2471 0.2015 0.2261 0.2250 0.7357 0.2229 0.7502 0.2250 0.7500 0.2250 0.7357 0.2229 0.7360 0.2229 0.7502 0.2250 0.7357 0.2250 0.7500 0.2277 0.7496 0.2136 0.7921 0.2095 0.7926 0.2095 0.7892 0.2136 0.7921 0.2095 0.7892 0.2136 0.7886 0.2015 0.2472 0.2009 0.2471 0.2015 0.2472 0.2188 0.7879 0.2156 0.7884 0.2188 0.7570 0.2521 0.7529 0.2521 0.7470 0.2855 0.7488 0.2214 0.2286 0.2188 0.2283 0.2214 0.2229 0.2250 0.2941 0.2229 0.2939 0.2250 0.2985 0.2214 0.2286 0.2214 0.2229 0.2229 0.2231 0.2250 0.2941 0.2250 0.2985 0.2277 0.2988 0.2521 0.7529 0.2486 0.7474 0.2521 0.7470 0.2521 0.7529 0.2486 0.7533 0.2486 0.7474 0.2214 0.7303 0.2188 0.7305 0.2214 0.7361 0.2277 0.2237 0.2250 0.2233 0.2277 0.2143 0.2305 0.2990 0.2305 0.3545 0.2322 0.3547 0.2382 0.7485 0.2354 0.7488 0.2354 0.7696 0.2382 0.7485 0.2354 0.7696 0.2382 0.7692 0.2382 0.7485 0.2354 0.7487 0.2354 0.7488 0.2277 0.2943 0.2250 0.2941 0.2277 0.2988 0.2277 0.2943 0.2277 0.2988 0.2305 0.2990 0.2403 0.2152 0.2382 0.2157 0.2382 0.2149 0.2382 0.7484 0.2354 0.7487 0.2382 0.7485 0.2322 0.2992 0.2322 0.3547 0.2354 0.3549 0.2229 0.2288 0.2229 0.2231 0.2250 0.2233 0.2305 0.2946 0.2305 0.2990 0.2322 0.2992 0.2305 0.2946 0.2277 0.2943 0.2305 0.2990 0.2037 0.2475 0.2015 0.2472 0.2037 0.2263 0.2188 0.7914 0.2156 0.7884 0.2188 0.7879 0.2037 0.2475 0.2037 0.2263 0.2060 0.2266 0.2354 0.2995 0.2322 0.2992 0.2354 0.3549 0.2229 0.7301 0.2214 0.7303 0.2229 0.7360 0.2037 0.7060 0.2015 0.7062 0.2015 0.7324 0.2250 0.7871 0.2250 0.7562 0.2277 0.7559 0.2037 0.7060 0.2015 0.7324 0.2037 0.7322 0.2250 0.7871 0.2229 0.7874 0.2250 0.7562 0.1981 0.2466 0.1981 0.2915 0.2009 0.2917 0.2214 0.7910 0.2188 0.7879 0.2214 0.7876 0.1981 0.2466 0.1173 0.2370 0.1981 0.2915 0.2277 0.7354 0.2250 0.7357 0.2277 0.7496 0.2229 0.7908 0.2229 0.7874 0.2250 0.7871 0.2382 0.2998 0.2354 0.2995 0.2382 0.3551 0.2354 0.2951 0.2322 0.2948 0.2322 0.2992 0.2403 0.7482 0.2382 0.7485 0.2382 0.7692 0.2354 0.2951 0.2322 0.2992 0.2354 0.2995 0.2437 0.2157 0.2403 0.2152 0.2403 0.2017 0.2437 0.2157 0.2403 0.2017 0.2437 0.2022 0.2403 0.7482 0.2382 0.7484 0.2382 0.7485 0.2403 0.7481 0.2382 0.7484 0.2403 0.7482 0.2250 0.7905 0.2229 0.7908 0.2250 0.7871 0.2060 0.2477 0.2060 0.2266 0.2081 0.2269 0.2037 0.7031 0.2015 0.7034 0.2015 0.7062 0.2060 0.2477 0.2037 0.2475 0.2060 0.2266 0.2305 0.7863 0.2305 0.7555 0.2322 0.7553 0.2009 0.2469 0.1981 0.2466 0.2009 0.2917 0.2037 0.7031 0.2015 0.7062 0.2037 0.7060 0.2305 0.7863 0.2277 0.7867 0.2305 0.7555 0.2009 0.2469 0.2009 0.2917 0.2015 0.2918 0.2015 0.2470 0.2015 0.2918 0.2037 0.2920 0.2250 0.7299 0.2250 0.7357 0.2277 0.7354 0.2060 0.2477 0.2037 0.2475 0.2037 0.2475 0.2277 0.7901 0.2250 0.7905 0.2277 0.7867 0.2322 0.7861 0.2322 0.7553 0.2354 0.7549 0.2403 0.3000 0.2403 0.3552 0.2437 0.3554 0.2437 0.2165 0.2403 0.2160 0.2437 0.2157 0.2403 0.3000 0.2382 0.2998 0.2403 0.3552 0.2305 0.7897 0.2277 0.7867 0.2305 0.7863 0.2454 0.2159 0.2437 0.2157 0.2437 0.2022 0.2305 0.7351 0.2305 0.7493 0.2322 0.7491 0.2454 0.2159 0.2437 0.2165 0.2437 0.2157 0.2305 0.7351 0.2277 0.7496 0.2305 0.7493 0.2305 0.7351 0.2277 0.7354 0.2277 0.7496 0.2454 0.2159 0.2437 0.2022 0.2454 0.2024 0.1981 0.2405 0.1173 0.2370 0.1981 0.2466 0.2354 0.7857 0.2322 0.7861 0.2354 0.7549 0.2277 0.2294 0.2277 0.2237 0.2305 0.2240 0.2437 0.7477 0.2403 0.7481 0.2403 0.7482 0.2037 0.2472 0.2037 0.2920 0.2060 0.2922 0.2060 0.7029 0.2037 0.7031 0.2060 0.7057 0.2081 0.2480 0.2060 0.2477 0.2081 0.2480 0.2437 0.3003 0.2403 0.2956 0.2403 0.3000 0.2382 0.7853 0.2382 0.7546 0.2403 0.7543 0.2081 0.7055 0.2060 0.7319 0.2081 0.7317 0.2454 0.2167 0.2437 0.2165 0.2454 0.2159 0.2382 0.7853 0.2354 0.7857 0.2382 0.7546 0.2095 0.2481 0.2081 0.2480 0.2095 0.2271 0.2009 0.8140 0.1981 0.8144 0.1981 0.7942 0.2060 0.2475 0.2037 0.2472 0.2060 0.2922 0.2095 0.2481 0.2095 0.2271 0.2136 0.2276 0.2009 0.2409 0.1981 0.2405 0.1981 0.2466 0.2354 0.2247 0.2354 0.2153 0.2382 0.2157 0.2015 0.2409 0.2009 0.2469 0.2015 0.2470 0.2454 0.7476 0.2437 0.7685 0.2454 0.7683 0.2015 0.2409 0.2009 0.2409 0.2009 0.2469 0.2095 0.7054 0.2081 0.7317 0.2095 0.7316 0.2095 0.2482 0.2081 0.2480 0.2081 0.2480 0.2095 0.7054 0.2081 0.7055 0.2081 0.7317 0.2454 0.3005 0.2437 0.3554 0.2451 0.3556 0.2454 0.3005 0.2437 0.3003 0.2437 0.3554 0.1981 0.2613 0.1173 0.2522 0.1981 0.2469 0.2354 0.7891 0.2322 0.7895 0.2322 0.7861 0.1981 0.8162 0.1173 0.8348 0.1173 0.8263 0.2437 0.2959 0.2437 0.3003 0.2454 0.3005 0.2037 0.2412 0.2015 0.2470 0.2037 0.2472 0.1981 0.8162 0.1173 0.8263 0.1981 0.8144 0.2037 0.2412 0.2015 0.2409 0.2015 0.2470 0.2037 0.2412 0.2037 0.2472 0.2060 0.2475 0.2081 0.7027 0.2060 0.7029 0.2060 0.7057 0.2095 0.2479 0.2081 0.2477 0.2095 0.2926 0.2095 0.2479 0.2095 0.2926 0.2136 0.2930 0.2037 0.8135 0.2015 0.7937 0.2037 0.7934 0.2354 0.7346 0.2322 0.7349 0.2322 0.7491 0.2354 0.7346 0.2354 0.7487 0.2382 0.7484 0.2009 0.2616 0.1981 0.2613 0.2009 0.2472 0.2486 0.3008 0.2454 0.3005 0.2451 0.3556 0.2486 0.3008 0.2451 0.3556 0.2521 0.3560 0.2081 0.2417 0.2060 0.2415 0.2060 0.2475 0.2009 0.8158 0.1981 0.8162 0.1981 0.8144 0.2081 0.2417 0.2060 0.2475 0.2081 0.2477 0.2015 0.8157 0.2009 0.8140 0.2015 0.8139 0.2136 0.2486 0.2136 0.2276 0.2156 0.2279 0.2015 0.8157 0.2009 0.8158 0.2009 0.8140 0.2437 0.7845 0.2437 0.7539 0.2454 0.7537 0.2060 0.8132 0.2037 0.8135 0.2037 0.7934 0.2486 0.7472 0.2454 0.7476 0.2454 0.7683 0.2136 0.2487 0.2095 0.2482 0.2095 0.2481 0.2486 0.2964 0.2454 0.3005 0.2486 0.3008 0.2136 0.2487 0.2095 0.2481 0.2136 0.2486 0.2521 0.3011 0.2521 0.3560 0.2855 0.3000 0.2095 0.2419 0.2081 0.2477 0.2095 0.2479 0.2486 0.7472 0.2454 0.7476 0.2486 0.7472 0.2521 0.2168 0.2486 0.2029 0.2521 0.2034 0.2322 0.7291 0.2305 0.7293 0.2322 0.7349 0.2521 0.2168 0.2486 0.2163 0.2486 0.2029 0.2095 0.2419 0.2081 0.2417 0.2081 0.2477 0.2322 0.7291 0.2322 0.7349 0.2354 0.7346 0.2403 0.7884 0.2382 0.7887 0.2403 0.7850 0.2015 0.6893 0.2009 0.6893 0.2009 0.7034 0.2454 0.7843 0.2437 0.7845 0.2454 0.7537 0.2156 0.2486 0.2136 0.2484 0.2156 0.2932 0.1981 0.2672 0.1173 0.2522 0.1981 0.2613 0.2136 0.7050 0.2095 0.7316 0.2136 0.7311 0.2521 0.2967 0.2486 0.2964 0.2486 0.3008 0.2521 0.2967 0.2521 0.3011 0.2855 0.3000 0.2037 0.8154 0.2037 0.8135 0.2060 0.8132 0.2521 0.2967 0.2486 0.3008 0.2521 0.3011 0.2037 0.8154 0.2015 0.8157 0.2015 0.8139 0.2037 0.8154 0.2015 0.8139 0.2037 0.8135 0.2081 0.8129 0.2060 0.8132 0.2060 0.7931 0.2521 0.2176 0.2486 0.2171 0.2486 0.2163 0.2521 0.2176 0.2486 0.2163 0.2521 0.2168 0.2521 0.2176 0.2521 0.2168 0.2855 0.2221 0.2188 0.2490 0.2156 0.2486 0.2188 0.2935 0.2382 0.7342 0.2382 0.7484 0.2403 0.7481 0.2081 0.8129 0.2060 0.7931 0.2081 0.7928 0.2382 0.7342 0.2354 0.7346 0.2382 0.7484 0.2136 0.2424 0.2095 0.2479 0.2136 0.2484 0.2136 0.2424 0.2095 0.2419 0.2095 0.2479 0.2095 0.8127 0.2081 0.8129 0.2081 0.7928 0.2156 0.2489 0.2136 0.2486 0.2156 0.2279 0.2037 0.6891 0.2015 0.7034 0.2037 0.7031 0.2214 0.2493 0.2214 0.2937 0.2229 0.2939 0.2015 0.6858 0.2015 0.6893 0.2037 0.6891 0.2037 0.2619 0.2037 0.2475 0.2060 0.2478 0.2015 0.6858 0.2009 0.6859 0.2015 0.6893 0.2037 0.2619 0.2015 0.2617 0.2037 0.2475 0.2060 0.8150 0.2037 0.8154 0.2060 0.8132 0.2009 0.2675 0.1981 0.2672 0.1981 0.2613 0.2229 0.2495 0.2229 0.2939 0.2250 0.2941 0.2156 0.7048 0.2136 0.7050 0.2136 0.7311 0.2229 0.2495 0.2214 0.2493 0.2229 0.2939 0.2486 0.7839 0.2454 0.7843 0.2486 0.7533 0.2454 0.7877 0.2437 0.7845 0.2454 0.7843 0.2454 0.7877 0.2437 0.7879 0.2437 0.7845 0.2188 0.2430 0.2156 0.2486 0.2188 0.2490 0.2354 0.7287 0.2322 0.7291 0.2354 0.7346 0.2136 0.8121 0.2095 0.8127 0.2095 0.7926 0.2060 0.2622 0.2037 0.2619 0.2060 0.2478 0.2250 0.2498 0.2229 0.2495 0.2250 0.2941 0.2521 0.7468 0.2521 0.7674 0.2855 0.7631 0.2015 0.2676 0.2009 0.2675 0.2009 0.2616 0.2136 0.8121 0.2095 0.7926 0.2136 0.7921 0.2015 0.2676 0.2009 0.2616 0.2015 0.2617 0.2521 0.7467 0.2521 0.7468 0.2855 0.7428 0.2214 0.2434 0.2188 0.2430 0.2188 0.2490 0.2095 0.8145 0.2081 0.8147 0.2081 0.8129 0.2277 0.2501 0.2277 0.2943 0.2305 0.2946 0.2188 0.2492 0.2188 0.2283 0.2214 0.2286 0.2521 0.7834 0.2855 0.7488 0.2855 0.7822 0.2188 0.2492 0.2156 0.2489 0.2188 0.2283 0.2229 0.2435 0.2214 0.2434 0.2214 0.2493 0.2521 0.7834 0.2486 0.7839 0.2521 0.7529 0.2486 0.7872 0.2454 0.7843 0.2486 0.7839 0.2486 0.7872 0.2454 0.7877 0.2454 0.7843 0.2156 0.8118 0.2136 0.8121 0.2136 0.7921 0.2156 0.8118 0.2136 0.7921 0.2156 0.7918 0.2454 0.2260 0.2437 0.2258 0.2437 0.2165 0.2305 0.2504 0.2305 0.2946 0.2322 0.2948 0.2454 0.2260 0.2437 0.2165 0.2454 0.2167 0.2305 0.2504 0.2277 0.2501 0.2305 0.2946 0.2188 0.7045 0.2156 0.7048 0.2156 0.7309 0.2322 0.2506 0.2322 0.2948 0.2354 0.2951 0.2136 0.8139 0.2136 0.8121 0.2156 0.8118 0.2521 0.7868 0.2521 0.7834 0.2855 0.7822 0.2521 0.7868 0.2486 0.7872 0.2521 0.7834 0.2354 0.2510 0.2322 0.2506 0.2354 0.2951 0.2403 0.2310 0.2403 0.2253 0.2437 0.2258 0.2403 0.2310 0.2382 0.2308 0.2403 0.2253 0.2214 0.2495 0.2188 0.2492 0.2214 0.2286 0.2354 0.2510 0.2354 0.2951 0.2382 0.2954 0.2305 0.2445 0.2277 0.2501 0.2305 0.2504 0.2305 0.2445 0.2277 0.2441 0.2277 0.2501 0.2305 0.2445 0.2305 0.2504 0.2322 0.2506 0.2156 0.8136 0.2156 0.8118 0.2188 0.8113 0.2156 0.8136 0.2136 0.8139 0.2156 0.8118 0.1981 0.2092 0.1173 0.1982 0.1981 0.2405 0.2081 0.6887 0.2060 0.7029 0.2081 0.7027 0.2081 0.6887 0.2081 0.7027 0.2095 0.7026 0.2214 0.2496 0.2188 0.2493 0.2188 0.2492 0.2214 0.2496 0.2188 0.2492 0.2214 0.2495 0.2437 0.7336 0.2403 0.7481 0.2437 0.7477 0.2437 0.7336 0.2403 0.7340 0.2403 0.7481 0.2214 0.8109 0.2188 0.7914 0.2214 0.7910 0.2060 0.6854 0.2037 0.6856 0.2060 0.6889 0.2095 0.2626 0.2095 0.2482 0.2136 0.2487 0.2214 0.8109 0.2188 0.8113 0.2188 0.7914 0.2095 0.2626 0.2081 0.2624 0.2095 0.2482 0.2188 0.7017 0.2156 0.7020 0.2188 0.7045 0.2060 0.2681 0.2037 0.2678 0.2037 0.2619 0.2322 0.2447 0.2305 0.2445 0.2322 0.2506 0.2382 0.2513 0.2382 0.2954 0.2403 0.2956 0.2229 0.8107 0.2214 0.8109 0.2214 0.7910 0.2486 0.2264 0.2454 0.2167 0.2486 0.2171 0.2403 0.7282 0.2382 0.7284 0.2403 0.7340 0.2382 0.2513 0.2354 0.2510 0.2382 0.2954 0.2188 0.8131 0.2156 0.8136 0.2188 0.8113 0.2009 0.2096 0.1981 0.2092 0.1981 0.2405 0.2229 0.2497 0.2229 0.2288 0.2250 0.2291 0.2229 0.2498 0.2214 0.2496 0.2214 0.2495 0.2229 0.2498 0.2214 0.2495 0.2229 0.2497 0.1981 0.8226 0.1173 0.8348 0.1981 0.8162 0.2015 0.2097 0.2009 0.2096 0.2009 0.2409 0.2015 0.2097 0.2009 0.2409 0.2015 0.2409 0.2403 0.2516 0.2403 0.2956 0.2437 0.2959 0.2081 0.2683 0.2060 0.2622 0.2081 0.2624 0.2403 0.2516 0.2382 0.2513 0.2403 0.2956 0.2081 0.6852 0.2081 0.6887 0.2095 0.6886 0.1981 0.8230 0.1173 0.8368 0.1173 0.8348 0.2081 0.6852 0.2060 0.6854 0.2081 0.6887 0.1981 0.8230 0.1173 0.8348 0.1981 0.8226 0.1981 0.2058 0.1981 0.2092 0.2009 0.2096 0.2214 0.8127 0.2188 0.8131 0.2188 0.8113 0.1981 0.2058 0.1173 0.1982 0.1981 0.2092 0.2250 0.2500 0.2229 0.2498 0.2229 0.2497 0.2229 0.7041 0.2214 0.7303 0.2229 0.7301 0.2136 0.2630 0.2095 0.2626 0.2136 0.2487 0.2229 0.7041 0.2214 0.7043 0.2214 0.7303 0.2037 0.2100 0.2015 0.2409 0.2037 0.2412 0.2136 0.2630 0.2136 0.2487 0.2156 0.2489 0.2214 0.7015 0.2188 0.7017 0.2188 0.7045 0.2095 0.6851 0.2081 0.6852 0.2095 0.6886 0.2095 0.2684 0.2081 0.2624 0.2095 0.2626 0.2015 0.8221 0.2009 0.8221 0.2009 0.8158 0.2229 0.8125 0.2214 0.8127 0.2229 0.8107 0.2521 0.2269 0.2855 0.2221 0.2855 0.2369 0.2382 0.2454 0.2354 0.2451 0.2382 0.2513 0.2521 0.2269 0.2521 0.2176 0.2855 0.2221 0.2015 0.2063 0.2009 0.2062 0.2015 0.2097 0.2156 0.2632 0.2156 0.2489 0.2188 0.2493 0.2037 0.6747 0.2015 0.6858 0.2037 0.6856 0.2037 0.6747 0.2015 0.6749 0.2015 0.6858 0.2277 0.8100 0.2250 0.8104 0.2250 0.7905 0.2437 0.2520 0.2403 0.2516 0.2437 0.2959 0.2277 0.2503 0.2250 0.2500 0.2277 0.2294 0.2229 0.7013 0.2214 0.7043 0.2229 0.7041 0.2009 0.8225 0.1981 0.8226 0.2009 0.8221 0.2250 0.7039 0.2229 0.7041 0.2229 0.7301 0.2009 0.8225 0.2009 0.8221 0.2015 0.8221 0.2060 0.2103 0.2037 0.2412 0.2060 0.2415 0.2277 0.2503 0.2277 0.2294 0.2305 0.2298 0.2277 0.2504 0.2250 0.2500 0.2277 0.2503 0.2486 0.2321 0.2486 0.2264 0.2521 0.2269 0.2060 0.2103 0.2037 0.2100 0.2037 0.2412 0.2486 0.2321 0.2454 0.2317 0.2486 0.2264 0.2136 0.6882 0.2095 0.7026 0.2136 0.7022 0.2037 0.8217 0.2015 0.8221 0.2015 0.8157 0.2454 0.2522 0.2454 0.2961 0.2486 0.2964 0.2037 0.8217 0.2015 0.8157 0.2037 0.8154 0.2136 0.2689 0.2095 0.2684 0.2095 0.2626 0.2136 0.2689 0.2095 0.2626 0.2136 0.2630 0.2403 0.2457 0.2382 0.2454 0.2403 0.2516 0.2454 0.7276 0.2437 0.7278 0.2454 0.7334 0.2454 0.7276 0.2454 0.7334 0.2486 0.7331 0.2250 0.8122 0.2229 0.8125 0.2229 0.8107 0.2081 0.2106 0.2060 0.2415 0.2081 0.2417 0.2037 0.2066 0.2037 0.2100 0.2060 0.2103 0.2060 0.6745 0.2037 0.6747 0.2060 0.6854 0.2037 0.8221 0.2015 0.8224 0.2015 0.8221 0.2060 0.8214 0.2037 0.8221 0.2037 0.8217 0.2188 0.2636 0.2156 0.2632 0.2188 0.2493 0.2136 0.6847 0.2136 0.6882 0.2156 0.6880 0.2095 0.2108 0.2081 0.2417 0.2095 0.2419 0.2156 0.2691 0.2136 0.2630 0.2156 0.2632 0.2136 0.6847 0.2095 0.6851 0.2095 0.6886 0.2277 0.8118 0.2250 0.8122 0.2277 0.8100 0.2060 0.2069 0.2060 0.2103 0.2081 0.2106 0.2486 0.2526 0.2454 0.2522 0.2486 0.2964 0.2277 0.7036 0.2250 0.7039 0.2250 0.7299 0.2322 0.2508 0.2322 0.2300 0.2354 0.2304 0.2521 0.7327 0.2855 0.7428 0.2855 0.7233 0.2437 0.2461 0.2403 0.2516 0.2437 0.2520 0.2437 0.2461 0.2403 0.2457 0.2403 0.2516 0.2521 0.7327 0.2486 0.7331 0.2486 0.7472 0.2322 0.2509 0.2305 0.2507 0.2322 0.2508 0.2060 0.8218 0.2037 0.8221 0.2060 0.8214 0.2081 0.6744 0.2060 0.6854 0.2081 0.6852 0.2081 0.6744 0.2060 0.6745 0.2060 0.6854 0.2081 0.8210 0.2060 0.8214 0.2060 0.8150 0.2521 0.2326 0.2486 0.2321 0.2521 0.2269 0.2486 0.7273 0.2454 0.7276 0.2486 0.7331 0.2214 0.2639 0.2214 0.2496 0.2229 0.2498 0.2454 0.2463 0.2437 0.2461 0.2437 0.2520 0.2081 0.8210 0.2060 0.8150 0.2081 0.8147 0.2188 0.6878 0.2156 0.6846 0.2156 0.6880 0.2188 0.6878 0.2156 0.7020 0.2188 0.7017 0.2095 0.8208 0.2081 0.8210 0.2081 0.8147 0.2095 0.8208 0.2081 0.8147 0.2095 0.8145 0.2521 0.2530 0.2855 0.3000 0.2855 0.2512 0.2229 0.2640 0.2229 0.2498 0.2250 0.2500 0.2081 0.8214 0.2060 0.8218 0.2060 0.8214 0.2354 0.8089 0.2322 0.8093 0.2322 0.7895 0.2305 0.7034 0.2277 0.7036 0.2277 0.7296 0.2188 0.2695 0.2156 0.2632 0.2188 0.2636 0.2188 0.2695 0.2156 0.2691 0.2156 0.2632 0.2486 0.2467 0.2454 0.2522 0.2486 0.2526 0.2354 0.2513 0.2322 0.2508 0.2354 0.2512 0.2136 0.2079 0.2095 0.2074 0.2136 0.2114 0.2322 0.7032 0.2305 0.7034 0.2305 0.7293 0.1981 0.2963 0.1173 0.2886 0.1981 0.2935 0.2095 0.8212 0.2081 0.8214 0.2095 0.8208 0.2305 0.7006 0.2305 0.7034 0.2322 0.7032 0.2305 0.7006 0.2277 0.7009 0.2277 0.7036 0.2382 0.8085 0.2354 0.8089 0.2354 0.7891 0.2188 0.6843 0.2156 0.6846 0.2188 0.6878 0.2521 0.7269 0.2521 0.7327 0.2855 0.7233 0.2382 0.8085 0.2354 0.7891 0.2382 0.7887 0.2521 0.7269 0.2486 0.7273 0.2521 0.7327 0.2521 0.2471 0.2486 0.2467 0.2486 0.2526 0.2009 0.2938 0.1981 0.2935 0.1981 0.2672 0.2156 0.2082 0.2156 0.2116 0.2188 0.2121 0.2214 0.6875 0.2188 0.6878 0.2188 0.7017 0.2009 0.2938 0.1981 0.2672 0.2009 0.2675 0.2156 0.2082 0.2136 0.2079 0.2156 0.2116 0.2214 0.6875 0.2214 0.7015 0.2229 0.7013 0.2229 0.6874 0.2229 0.7013 0.2250 0.7011 0.2136 0.8202 0.2095 0.8208 0.2095 0.8145 0.2214 0.2124 0.2188 0.2430 0.2214 0.2434 0.2015 0.8240 0.2009 0.8241 0.2015 0.8224 0.2015 0.2938 0.2009 0.2675 0.2015 0.2676 0.2015 0.8240 0.2015 0.8224 0.2037 0.8221 0.2015 0.2938 0.2009 0.2938 0.2009 0.2675 0.2229 0.2126 0.2214 0.2434 0.2229 0.2435 0.2136 0.6739 0.2095 0.6742 0.2095 0.6851 0.2136 0.6739 0.2095 0.6851 0.2136 0.6847 0.2354 0.8107 0.2322 0.8093 0.2354 0.8089 0.2214 0.2697 0.2188 0.2695 0.2188 0.2636 0.2188 0.2086 0.2156 0.2082 0.2188 0.2121 0.2354 0.8107 0.2322 0.8111 0.2322 0.8093 0.2214 0.6841 0.2188 0.6843 0.2188 0.6878 0.2188 0.2086 0.2188 0.2121 0.2214 0.2124 0.2214 0.6841 0.2214 0.6875 0.2229 0.6874 0.2354 0.7029 0.2322 0.7291 0.2354 0.7287 0.2382 0.2515 0.2354 0.2512 0.2382 0.2308 0.2250 0.2129 0.2229 0.2126 0.2229 0.2435 0.2382 0.2516 0.2354 0.2513 0.2382 0.2515 0.1981 0.6480 0.1173 0.6510 0.1981 0.6752 0.2214 0.2090 0.2188 0.2086 0.2214 0.2124 0.2156 0.8199 0.2136 0.8139 0.2156 0.8136 0.2214 0.2090 0.2214 0.2124 0.2229 0.2126 0.2229 0.2092 0.2214 0.2090 0.2229 0.2126 0.2009 0.2966 0.1981 0.2935 0.2009 0.2938 0.2229 0.2092 0.2229 0.2126 0.2250 0.2129 0.2136 0.8206 0.2095 0.8212 0.2095 0.8208 0.2136 0.8206 0.2095 0.8208 0.2136 0.8202 0.1981 0.8249 0.1173 0.8375 0.1173 0.8368 0.2015 0.2966 0.2009 0.2966 0.2015 0.2938 0.2229 0.2699 0.2214 0.2697 0.2214 0.2639 0.2250 0.6872 0.2250 0.7011 0.2277 0.7009 0.2037 0.8236 0.2037 0.8221 0.2060 0.8218 0.2250 0.2095 0.2229 0.2092 0.2250 0.2129 0.2037 0.2940 0.2015 0.2676 0.2037 0.2678 0.2229 0.6839 0.2229 0.6874 0.2250 0.6872 0.2229 0.6839 0.2214 0.6841 0.2229 0.6874 0.2382 0.8102 0.2382 0.8085 0.2403 0.8082 0.2305 0.2137 0.2277 0.2133 0.2277 0.2441 0.2277 0.2646 0.2250 0.2643 0.2277 0.2504 0.2354 0.7001 0.2322 0.7004 0.2322 0.7032 0.2354 0.7001 0.2322 0.7032 0.2354 0.7029 0.2382 0.7026 0.2354 0.7287 0.2382 0.7284 0.2060 0.8233 0.2037 0.8236 0.2060 0.8218 0.2403 0.2518 0.2382 0.2515 0.2403 0.2310 0.2060 0.8233 0.2060 0.8218 0.2081 0.8214 0.2305 0.2103 0.2305 0.2137 0.2322 0.2139 0.2403 0.2518 0.2403 0.2310 0.2437 0.2315 0.2305 0.2103 0.2277 0.2099 0.2305 0.2137 0.2250 0.6837 0.2229 0.6839 0.2250 0.6872 0.2403 0.2519 0.2382 0.2516 0.2403 0.2518 0.2009 0.8245 0.2009 0.8241 0.2015 0.8240 0.2354 0.2143 0.2322 0.2139 0.2322 0.2447 0.2037 0.2969 0.2015 0.2938 0.2037 0.2940 0.2250 0.2701 0.2229 0.2640 0.2250 0.2643 0.2188 0.8194 0.2156 0.8136 0.2188 0.8131 0.2250 0.2701 0.2229 0.2699 0.2229 0.2640 0.2015 0.8244 0.2015 0.8240 0.2037 0.8236 0.2060 0.2943 0.2037 0.2969 0.2037 0.2940 0.2015 0.8244 0.2009 0.8245 0.2015 0.8240 0.2322 0.2105 0.2305 0.2103 0.2322 0.2139 0.2454 0.8074 0.2437 0.8077 0.2437 0.7879 0.2188 0.6735 0.2188 0.6843 0.2214 0.6841 0.2382 0.2147 0.2354 0.2143 0.2354 0.2451 0.2403 0.7024 0.2382 0.7284 0.2403 0.7282 0.2009 0.1860 0.2009 0.2062 0.2015 0.2063 0.2437 0.2523 0.2403 0.2518 0.2437 0.2522 0.2214 0.8190 0.2188 0.8194 0.2188 0.8131 0.2437 0.2523 0.2403 0.2519 0.2403 0.2518 0.2403 0.7024 0.2382 0.7026 0.2382 0.7284 0.1981 0.6415 0.1173 0.6510 0.1981 0.6480 0.2214 0.8190 0.2188 0.8131 0.2214 0.8127 0.2081 0.2945 0.2060 0.2681 0.2081 0.2683 0.2037 0.8241 0.2037 0.8236 0.2060 0.8233 0.2095 0.8228 0.2095 0.8212 0.2136 0.8206 0.2095 0.8228 0.2081 0.8230 0.2095 0.8212 0.2015 0.1861 0.2009 0.1860 0.2015 0.2063 0.2277 0.6835 0.2250 0.6837 0.2277 0.6870 0.2322 0.2651 0.2305 0.2649 0.2322 0.2509 0.2322 0.2651 0.2322 0.2509 0.2354 0.2513 0.2037 0.6476 0.2015 0.6749 0.2037 0.6747 0.2277 0.2704 0.2250 0.2701 0.2250 0.2643 0.2229 0.8188 0.2214 0.8190 0.2214 0.8127 0.2037 0.6476 0.2015 0.6477 0.2015 0.6749 0.2229 0.8188 0.2214 0.8127 0.2229 0.8125 0.1981 0.1838 0.1173 0.1737 0.1981 0.1856 0.1981 0.1838 0.1173 0.1652 0.1173 0.1737 0.2454 0.2524 0.2437 0.2522 0.2454 0.2317 0.2305 0.6867 0.2305 0.7006 0.2322 0.7004 0.2486 0.8069 0.2454 0.8074 0.2454 0.7877 0.2486 0.8069 0.2454 0.7877 0.2486 0.7872 0.2403 0.2150 0.2382 0.2454 0.2403 0.2457 0.2214 0.6733 0.2188 0.6735 0.2214 0.6841 0.2214 0.8194 0.2214 0.8190 0.2229 0.8188 0.2454 0.2525 0.2437 0.2523 0.2437 0.2522 0.2009 0.6414 0.1981 0.6415 0.1981 0.6480 0.1981 0.8251 0.1173 0.8375 0.1981 0.8249 0.2437 0.7021 0.2403 0.7024 0.2403 0.7282 0.1981 0.3104 0.1173 0.3069 0.1173 0.2886 0.2060 0.8237 0.2037 0.8241 0.2060 0.8233 0.1981 0.3104 0.1173 0.2886 0.1981 0.2963 0.2081 0.2973 0.2081 0.2945 0.2095 0.2946 0.2009 0.1842 0.1981 0.1838 0.1981 0.1856 0.2081 0.2973 0.2060 0.2943 0.2081 0.2945 0.2250 0.8185 0.2229 0.8125 0.2250 0.8122 0.2229 0.6731 0.2214 0.6733 0.2229 0.6839 0.2015 0.1843 0.2009 0.1842 0.2009 0.1860 0.2305 0.2707 0.2277 0.2646 0.2305 0.2649 0.2060 0.6474 0.2037 0.6747 0.2060 0.6745 0.2250 0.8185 0.2229 0.8188 0.2229 0.8125 0.2437 0.2155 0.2403 0.2457 0.2437 0.2461 0.2354 0.2654 0.2354 0.2513 0.2382 0.2516 0.2354 0.2654 0.2322 0.2651 0.2354 0.2513 0.2060 0.6474 0.2037 0.6476 0.2037 0.6747 0.2305 0.6833 0.2277 0.6870 0.2305 0.6867 0.2136 0.8221 0.2095 0.8228 0.2136 0.8206 0.2305 0.6833 0.2305 0.6867 0.2322 0.6866 0.2095 0.2974 0.2081 0.2973 0.2095 0.2946 0.2305 0.6833 0.2277 0.6835 0.2277 0.6870 0.2136 0.8221 0.2136 0.8206 0.2156 0.8203 0.1981 0.6339 0.1173 0.6309 0.1173 0.6510 0.1981 0.3139 0.1173 0.3069 0.1981 0.3104 0.2009 0.8247 0.1981 0.8251 0.1981 0.8249 0.2009 0.8247 0.1981 0.8249 0.2009 0.8245 0.2521 0.8064 0.2855 0.7822 0.2855 0.8032 0.2454 0.7019 0.2437 0.7021 0.2437 0.7278 0.2454 0.2157 0.2437 0.2461 0.2454 0.2463 0.2521 0.8064 0.2486 0.7872 0.2521 0.7868 0.2009 0.3107 0.1981 0.3139 0.1981 0.3104 0.2037 0.1846 0.2015 0.1843 0.2015 0.1861 0.2486 0.2528 0.2454 0.2524 0.2486 0.2321 0.2437 0.6993 0.2403 0.7024 0.2437 0.7021 0.2037 0.6412 0.2037 0.6476 0.2060 0.6474 0.2250 0.8189 0.2229 0.8192 0.2229 0.8188 0.2037 0.6412 0.2015 0.6413 0.2015 0.6477 0.2250 0.6730 0.2229 0.6839 0.2250 0.6837 0.2081 0.1871 0.2081 0.2072 0.2095 0.2074 0.2015 0.3107 0.2009 0.3107 0.2009 0.2966 0.2015 0.3107 0.2009 0.2966 0.2015 0.2966 0.2081 0.6473 0.2060 0.6745 0.2081 0.6744 0.2095 0.1873 0.2081 0.1871 0.2095 0.2074 0.2277 0.8181 0.2250 0.8185 0.2277 0.8118 0.2081 0.6473 0.2060 0.6474 0.2060 0.6745 0.2437 0.2121 0.2437 0.2155 0.2454 0.2157 0.2437 0.2121 0.2403 0.2116 0.2437 0.2155 0.2060 0.1850 0.2037 0.1865 0.2060 0.1868 0.2354 0.6863 0.2322 0.6831 0.2322 0.6866 0.2354 0.6863 0.2322 0.7004 0.2354 0.7001 0.2060 0.1850 0.2037 0.1846 0.2037 0.1865 0.2454 0.6992 0.2437 0.6993 0.2437 0.7021 0.2037 0.8243 0.2015 0.8246 0.2015 0.8244 0.2454 0.6992 0.2437 0.7021 0.2454 0.7019 0.2486 0.2161 0.2454 0.2463 0.2486 0.2467 0.2277 0.8185 0.2250 0.8189 0.2277 0.8181 0.2305 0.8177 0.2277 0.8181 0.2277 0.8118 0.2095 0.6472 0.2081 0.6744 0.2095 0.6742 0.2454 0.2123 0.2454 0.2157 0.2486 0.2161 0.2037 0.3109 0.2015 0.3107 0.2015 0.2966 0.2095 0.6472 0.2081 0.6473 0.2081 0.6744 0.2009 0.6337 0.1981 0.6339 0.1981 0.6415 0.2037 0.3109 0.2015 0.2966 0.2037 0.2969 0.2136 0.1879 0.2095 0.1873 0.2095 0.2074 0.2015 0.3142 0.2009 0.3107 0.2015 0.3107 0.2060 0.6410 0.2037 0.6412 0.2060 0.6474 0.2521 0.8082 0.2486 0.8087 0.2486 0.8069 0.2521 0.8082 0.2521 0.8064 0.2855 0.8032 0.2521 0.8082 0.2486 0.8069 0.2521 0.8064 0.2015 0.6337 0.2009 0.6414 0.2015 0.6413 0.2156 0.2952 0.2136 0.2689 0.2156 0.2691 0.2095 0.1855 0.2081 0.1853 0.2081 0.1871 0.2095 0.1855 0.2081 0.1871 0.2095 0.1873 0.2486 0.7016 0.2454 0.7019 0.2454 0.7276 0.2136 0.2978 0.2095 0.2946 0.2136 0.2950 0.2521 0.2166 0.2855 0.2512 0.2855 0.2178 0.2060 0.8239 0.2037 0.8243 0.2060 0.8237 0.2277 0.6727 0.2250 0.6730 0.2277 0.6835 0.2521 0.2166 0.2521 0.2471 0.2855 0.2512 0.2521 0.2166 0.2486 0.2467 0.2521 0.2471 0.2354 0.2713 0.2322 0.2709 0.2322 0.2651 0.2486 0.2128 0.2454 0.2123 0.2486 0.2161 0.2322 0.8174 0.2305 0.8177 0.2322 0.8111 0.2521 0.2532 0.2521 0.2326 0.2855 0.2572 0.2382 0.6860 0.2354 0.6828 0.2354 0.6863 0.2305 0.8181 0.2277 0.8185 0.2277 0.8181 0.2382 0.6860 0.2354 0.6863 0.2382 0.6999 0.2305 0.8181 0.2277 0.8181 0.2305 0.8177 0.1981 0.6261 0.1981 0.6339 0.2009 0.6337 0.2521 0.2533 0.2486 0.2528 0.2486 0.2528 0.2521 0.2533 0.2486 0.2528 0.2521 0.2532 0.2156 0.8223 0.2136 0.8226 0.2156 0.8218 0.2156 0.1882 0.2136 0.1879 0.2156 0.2082 0.2403 0.2660 0.2382 0.2658 0.2403 0.2519 0.2403 0.2660 0.2403 0.2519 0.2437 0.2523 0.2081 0.6409 0.2060 0.6474 0.2081 0.6473 0.2081 0.8236 0.2060 0.8239 0.2060 0.8237 0.2136 0.1861 0.2095 0.1873 0.2136 0.1879 0.2214 0.8210 0.2188 0.8214 0.2214 0.8194 0.2521 0.2132 0.2521 0.2166 0.2855 0.2178 0.2486 0.6989 0.2454 0.7019 0.2486 0.7016 0.2214 0.8210 0.2214 0.8194 0.2229 0.8192 0.2486 0.6989 0.2454 0.6992 0.2454 0.7019 0.2521 0.2132 0.2486 0.2128 0.2521 0.2166 0.2060 0.3111 0.2037 0.3109 0.2037 0.2969 0.2037 0.6335 0.2015 0.6337 0.2015 0.6413 0.2060 0.3111 0.2037 0.2969 0.2060 0.2971 0.2037 0.6335 0.2015 0.6413 0.2037 0.6412 0.2037 0.6335 0.2037 0.6412 0.2060 0.6410 0.2037 0.3144 0.2015 0.3142 0.2015 0.3107 0.2305 0.6725 0.2305 0.6833 0.2322 0.6831 0.2305 0.6725 0.2277 0.6727 0.2277 0.6835 0.2188 0.2955 0.2156 0.2691 0.2188 0.2695 0.2156 0.1864 0.2136 0.1879 0.2156 0.1882 0.2095 0.6408 0.2081 0.6409 0.2081 0.6473 0.2403 0.6858 0.2403 0.6997 0.2437 0.6993 0.2382 0.2716 0.2354 0.2654 0.2382 0.2658 0.2229 0.1893 0.2229 0.2092 0.2250 0.2095 0.1981 0.3248 0.1173 0.3490 0.1173 0.3069 0.2354 0.8173 0.2322 0.8174 0.2354 0.8169 0.2521 0.7013 0.2521 0.7269 0.2855 0.7233 0.2521 0.7013 0.2855 0.7233 0.2855 0.6981 0.2521 0.7013 0.2486 0.6989 0.2486 0.7016 0.2229 0.1893 0.2214 0.1891 0.2214 0.2090 0.2250 0.8204 0.2250 0.8189 0.2277 0.8185 0.2229 0.1893 0.2214 0.2090 0.2229 0.2092 0.2250 0.8204 0.2229 0.8207 0.2250 0.8189 0.2081 0.3113 0.2060 0.3111 0.2060 0.2971 0.2382 0.8165 0.2382 0.8102 0.2403 0.8099 0.2382 0.8165 0.2354 0.8169 0.2382 0.8102 0.2060 0.3146 0.2037 0.3144 0.2037 0.3109 0.2136 0.8228 0.2095 0.8234 0.2095 0.8232 0.2214 0.8214 0.2188 0.8218 0.2214 0.8210 0.2322 0.6724 0.2305 0.6725 0.2322 0.6831 0.2250 0.1896 0.2250 0.2095 0.2277 0.2099 0.2382 0.8169 0.2354 0.8173 0.2382 0.8165 0.2277 0.8200 0.2250 0.8204 0.2277 0.8185 0.2403 0.2718 0.2382 0.2716 0.2382 0.2658 0.2156 0.6468 0.2136 0.6469 0.2136 0.6739 0.2521 0.6985 0.2486 0.6989 0.2521 0.7013 0.2095 0.3114 0.2081 0.3113 0.2081 0.2973 0.2403 0.8162 0.2403 0.8099 0.2437 0.8094 0.2403 0.8162 0.2382 0.8165 0.2403 0.8099 0.1981 0.1770 0.1173 0.1632 0.1173 0.1652 0.2403 0.8162 0.2382 0.8169 0.2382 0.8165 0.2403 0.6824 0.2382 0.6826 0.2403 0.6858 0.2214 0.2957 0.2188 0.2695 0.2214 0.2697 0.2229 0.8211 0.2229 0.8207 0.2250 0.8204 0.2229 0.8211 0.2214 0.8214 0.2229 0.8207 0.2214 0.1873 0.2188 0.1887 0.2214 0.1891 0.2214 0.1873 0.2188 0.1869 0.2188 0.1887 0.2156 0.8225 0.2136 0.8228 0.2136 0.8226 0.2454 0.2666 0.2454 0.2525 0.2486 0.2528 0.2009 0.1779 0.1981 0.1838 0.2009 0.1842 0.1981 0.6174 0.1173 0.6309 0.1981 0.6261 0.2403 0.8166 0.2382 0.8169 0.2403 0.8162 0.2009 0.1779 0.1981 0.1774 0.1981 0.1838 0.2437 0.6855 0.2403 0.6824 0.2403 0.6858 0.2009 0.3250 0.1981 0.3139 0.2009 0.3141 0.2250 0.8208 0.2250 0.8204 0.2277 0.8200 0.2250 0.8208 0.2229 0.8211 0.2250 0.8204 0.2437 0.6855 0.2403 0.6858 0.2437 0.6993 0.2015 0.1779 0.2009 0.1842 0.2015 0.1843 0.2037 0.6257 0.2037 0.6335 0.2060 0.6334 0.2037 0.6257 0.2015 0.6259 0.2037 0.6335 0.2081 0.3148 0.2060 0.3111 0.2081 0.3113 0.2081 0.3148 0.2060 0.3146 0.2060 0.3111 0.2437 0.8157 0.2403 0.8162 0.2437 0.8094 0.2015 0.3251 0.2009 0.3141 0.2015 0.3142 0.2136 0.6405 0.2095 0.6408 0.2095 0.6472 0.2229 0.1875 0.2214 0.1891 0.2229 0.1893 0.2354 0.6721 0.2322 0.6724 0.2322 0.6831 0.2354 0.6721 0.2322 0.6831 0.2354 0.6828 0.2095 0.6331 0.2081 0.6409 0.2095 0.6408 0.2322 0.8193 0.2305 0.8196 0.2322 0.8178 0.2454 0.6854 0.2437 0.6993 0.2454 0.6992 0.2214 0.2985 0.2188 0.2955 0.2214 0.2957 0.2214 0.2985 0.2188 0.2983 0.2188 0.2955 0.2454 0.6854 0.2437 0.6855 0.2437 0.6993 0.2009 0.1775 0.1981 0.1770 0.1981 0.1774 0.2214 0.2985 0.2214 0.2957 0.2229 0.2959 0.2188 0.6465 0.2156 0.6737 0.2188 0.6735 0.2454 0.8154 0.2437 0.8094 0.2454 0.8092 0.2095 0.3149 0.2081 0.3148 0.2081 0.3113 0.2277 0.8204 0.2250 0.8208 0.2277 0.8200 0.2009 0.1775 0.1981 0.1774 0.2009 0.1779 0.2277 0.8204 0.2277 0.8200 0.2305 0.8196 0.2015 0.1776 0.2009 0.1779 0.2015 0.1779 0.2015 0.1776 0.2009 0.1775 0.2009 0.1779 0.2437 0.6821 0.2403 0.6824 0.2437 0.6855 0.2037 0.1783 0.2015 0.1843 0.2037 0.1846 0.2437 0.8161 0.2403 0.8162 0.2437 0.8157 0.2437 0.8161 0.2403 0.8166 0.2403 0.8162 0.2060 0.6256 0.2037 0.6257 0.2060 0.6334 0.2437 0.2722 0.2403 0.2718 0.2403 0.2660 0.2060 0.6256 0.2060 0.6334 0.2081 0.6332 0.2214 0.8216 0.2188 0.8218 0.2214 0.8214 0.2037 0.1783 0.2015 0.1779 0.2015 0.1843 0.2214 0.8216 0.2188 0.8220 0.2188 0.8218 0.2486 0.2669 0.2454 0.2666 0.2486 0.2528 0.2454 0.8158 0.2437 0.8161 0.2454 0.8154 0.2229 0.2987 0.2214 0.2985 0.2229 0.2959 0.2354 0.8188 0.2322 0.8193 0.2354 0.8173 0.1981 0.6128 0.1981 0.6174 0.2009 0.6173 0.2305 0.1904 0.2277 0.2099 0.2305 0.2103 0.2156 0.6404 0.2136 0.6469 0.2156 0.6468 0.2305 0.8200 0.2277 0.8204 0.2305 0.8196 0.2156 0.6404 0.2136 0.6405 0.2136 0.6469 0.2037 0.1779 0.2015 0.1779 0.2037 0.1783 0.2382 0.6719 0.2382 0.6826 0.2403 0.6824 0.2229 0.8214 0.2214 0.8214 0.2229 0.8211 0.1981 0.8226 0.1173 0.8348 0.1173 0.8375 0.2382 0.6719 0.2354 0.6721 0.2382 0.6826 0.2060 0.1786 0.2037 0.1783 0.2037 0.1846 0.2136 0.3118 0.2095 0.3114 0.2095 0.2974 0.2060 0.1786 0.2037 0.1779 0.2037 0.1783 0.2277 0.1882 0.2250 0.1896 0.2277 0.1900 0.2214 0.6464 0.2188 0.6465 0.2188 0.6735 0.2486 0.8149 0.2454 0.8154 0.2454 0.8092 0.2081 0.6255 0.2060 0.6256 0.2081 0.6332 0.2486 0.8149 0.2454 0.8092 0.2486 0.8087 0.2486 0.6851 0.2454 0.6992 0.2486 0.6989 0.2060 0.3255 0.2037 0.3144 0.2060 0.3146 0.2009 0.6127 0.1981 0.6128 0.2009 0.6173 0.2250 0.8211 0.2229 0.8214 0.2250 0.8208 0.2486 0.8153 0.2454 0.8154 0.2486 0.8149 0.2156 0.3120 0.2136 0.3118 0.2136 0.2978 0.2486 0.8153 0.2454 0.8158 0.2454 0.8154 0.2081 0.1790 0.2060 0.1850 0.2081 0.1853 0.2081 0.1790 0.2060 0.1786 0.2060 0.1850 0.2136 0.3153 0.2095 0.3149 0.2095 0.3114 0.2305 0.1886 0.2277 0.1900 0.2305 0.1904 0.2305 0.1886 0.2277 0.1882 0.2277 0.1900 0.2136 0.3153 0.2095 0.3114 0.2136 0.3118 0.2382 0.8184 0.2382 0.8169 0.2403 0.8166 0.2188 0.6402 0.2156 0.6468 0.2188 0.6465 0.2277 0.2964 0.2250 0.2961 0.2250 0.2701 0.2095 0.1792 0.2081 0.1790 0.2081 0.1853 0.2229 0.6463 0.2214 0.6733 0.2229 0.6731 0.2277 0.2964 0.2250 0.2701 0.2277 0.2704 0.2095 0.1792 0.2081 0.1853 0.2095 0.1855 0.2521 0.2673 0.2486 0.2669 0.2521 0.2533 0.2521 0.2673 0.2521 0.2533 0.2855 0.2572 0.2015 0.6126 0.2009 0.6173 0.2015 0.6172 0.2081 0.3256 0.2060 0.3255 0.2060 0.3146 0.2095 0.6254 0.2081 0.6255 0.2095 0.6331 0.2081 0.3256 0.2060 0.3146 0.2081 0.3148 0.2486 0.2727 0.2454 0.2666 0.2486 0.2669 0.2015 0.8221 0.2009 0.8247 0.2015 0.8246 0.2521 0.8144 0.2855 0.8032 0.2855 0.8097 0.2521 0.8144 0.2521 0.8082 0.2855 0.8032 0.2521 0.8144 0.2486 0.8149 0.2486 0.8087 0.2403 0.8181 0.2403 0.8166 0.2437 0.8161 0.2156 0.3154 0.2136 0.3153 0.2136 0.3118 0.1981 0.1755 0.1173 0.1632 0.1981 0.1770 0.2156 0.6328 0.2136 0.6329 0.2136 0.6405 0.2403 0.8181 0.2382 0.8184 0.2403 0.8166 0.2156 0.6328 0.2136 0.6405 0.2156 0.6404 0.2322 0.1889 0.2305 0.1886 0.2305 0.1904 0.2060 0.6170 0.2037 0.6171 0.2060 0.6256 0.2095 0.1788 0.2081 0.1786 0.2081 0.1790 0.2250 0.6461 0.2229 0.6463 0.2229 0.6731 0.2354 0.8192 0.2322 0.8197 0.2354 0.8188 0.2188 0.3122 0.2156 0.2980 0.2188 0.2983 0.2382 0.1915 0.2354 0.1911 0.2382 0.2113 0.2250 0.6461 0.2229 0.6731 0.2250 0.6730 0.2037 0.6125 0.2015 0.6172 0.2037 0.6171 0.2037 0.6125 0.2037 0.6171 0.2060 0.6170 0.2382 0.1915 0.2382 0.2113 0.2403 0.2116 0.2214 0.6400 0.2188 0.6402 0.2188 0.6465 0.2037 0.8218 0.2015 0.8221 0.2037 0.8243 0.2305 0.2966 0.2277 0.2704 0.2305 0.2707 0.2214 0.6400 0.2214 0.6464 0.2229 0.6463 0.2009 0.1759 0.1981 0.1755 0.2009 0.1775 0.2037 0.8218 0.2037 0.8243 0.2060 0.8239 0.2214 0.6400 0.2188 0.6465 0.2214 0.6464 0.2521 0.6848 0.2486 0.6851 0.2486 0.6989 0.2521 0.8148 0.2521 0.8144 0.2855 0.8097 0.2521 0.8148 0.2486 0.8153 0.2486 0.8149 0.2136 0.1798 0.2095 0.1855 0.2136 0.1861 0.2437 0.6714 0.2403 0.6717 0.2403 0.6824 0.1981 0.8211 0.1173 0.8348 0.1981 0.8226 0.2136 0.1798 0.2095 0.1792 0.2095 0.1855 0.2081 0.6169 0.2081 0.6255 0.2095 0.6254 0.2081 0.6169 0.2060 0.6170 0.2081 0.6255 0.2305 0.8202 0.2277 0.8204 0.2305 0.8200 0.2305 0.2994 0.2277 0.2964 0.2305 0.2966 0.2305 0.8202 0.2277 0.8206 0.2277 0.8204 0.2305 0.2994 0.2277 0.2991 0.2277 0.2964 0.2305 0.2994 0.2305 0.2966 0.2322 0.2968 0.2188 0.3157 0.2156 0.3154 0.2156 0.3120 0.2382 0.8188 0.2354 0.8192 0.2382 0.8184 0.2015 0.1760 0.2009 0.1775 0.2015 0.1776 0.2188 0.3157 0.2156 0.3120 0.2188 0.3122 0.2354 0.1893 0.2322 0.1889 0.2322 0.1907 0.2437 0.8176 0.2437 0.8161 0.2454 0.8158 0.2521 0.2731 0.2486 0.2669 0.2521 0.2673 0.2521 0.2731 0.2486 0.2727 0.2486 0.2669 0.2136 0.6252 0.2136 0.6329 0.2156 0.6328 0.2521 0.2731 0.2521 0.2673 0.2855 0.2767 0.2188 0.6326 0.2156 0.6404 0.2188 0.6402 0.2188 0.6326 0.2156 0.6328 0.2156 0.6404 0.2403 0.1918 0.2403 0.2116 0.2437 0.2121 0.2060 0.6124 0.2037 0.6125 0.2060 0.6170 0.2214 0.3125 0.2188 0.2983 0.2214 0.2985 0.2521 0.6814 0.2486 0.6817 0.2486 0.6851 0.2136 0.1794 0.2095 0.1792 0.2136 0.1798 0.2009 0.8207 0.1981 0.8211 0.1981 0.8226 0.2136 0.1794 0.2095 0.1788 0.2095 0.1792 0.2322 0.8199 0.2322 0.8197 0.2354 0.8192 0.2322 0.8199 0.2305 0.8202 0.2322 0.8197 0.1981 0.1751 0.1173 0.1625 0.1173 0.1632 0.2136 0.3261 0.2095 0.3258 0.2095 0.3149 0.2454 0.6713 0.2437 0.6821 0.2454 0.6820 0.2095 0.6168 0.2095 0.6254 0.2136 0.6252 0.2095 0.6168 0.2081 0.6169 0.2095 0.6254 0.2037 0.1764 0.2037 0.1779 0.2060 0.1782 0.2214 0.3159 0.2188 0.3122 0.2214 0.3125 0.2037 0.1764 0.2015 0.1760 0.2015 0.1776 0.2403 0.8185 0.2403 0.8181 0.2437 0.8176 0.2214 0.3159 0.2188 0.3157 0.2188 0.3122 0.2250 0.6398 0.2229 0.6399 0.2229 0.6463 0.2015 0.8206 0.2009 0.8207 0.2009 0.8222 0.2382 0.1898 0.2354 0.1893 0.2354 0.1911 0.2015 0.8206 0.2009 0.8222 0.2015 0.8221 0.2081 0.6123 0.2060 0.6170 0.2081 0.6169 0.2156 0.1797 0.2136 0.1798 0.2156 0.1801 0.2156 0.1797 0.2136 0.1794 0.2136 0.1798 0.2009 0.6003 0.1981 0.6004 0.1981 0.6128 0.2081 0.8211 0.2060 0.8214 0.2060 0.8239 0.2437 0.1923 0.2403 0.1918 0.2437 0.2121 0.2214 0.6324 0.2188 0.6402 0.2214 0.6400 0.2214 0.6324 0.2211 0.6267 0.2188 0.6326 0.2095 0.8209 0.2081 0.8211 0.2081 0.8236 0.1981 0.5951 0.1173 0.5862 0.1981 0.6004 0.2250 0.3128 0.2229 0.3126 0.2229 0.2987 0.2095 0.8209 0.2081 0.8236 0.2095 0.8234 0.2037 0.8203 0.2015 0.8221 0.2037 0.8218 0.2250 0.3128 0.2229 0.2987 0.2250 0.2989 0.2305 0.6457 0.2277 0.6727 0.2305 0.6725 0.2305 0.6457 0.2277 0.6459 0.2277 0.6727 0.2037 0.8203 0.2015 0.8206 0.2015 0.8221 0.2156 0.3263 0.2136 0.3261 0.2136 0.3153 0.2095 0.6122 0.2081 0.6169 0.2095 0.6168 0.2354 0.8195 0.2322 0.8199 0.2354 0.8192 0.2486 0.8168 0.2454 0.8173 0.2486 0.8153 0.2188 0.1806 0.2156 0.1801 0.2156 0.1864 0.2229 0.3161 0.2214 0.3159 0.2214 0.3125 0.2015 0.1756 0.2009 0.1755 0.2009 0.1759 0.2486 0.6710 0.2486 0.6817 0.2521 0.6814 0.2486 0.8168 0.2486 0.8153 0.2521 0.8148 0.2354 0.2999 0.2322 0.2968 0.2354 0.2971 0.2229 0.6323 0.2250 0.6322 0.2211 0.6267 0.2229 0.6323 0.2250 0.6398 0.2250 0.6322 0.2354 0.2999 0.2322 0.2996 0.2322 0.2968 0.2229 0.6323 0.2214 0.6324 0.2229 0.6399 0.2277 0.6396 0.2250 0.6398 0.2277 0.6459 0.2060 0.8199 0.2037 0.8203 0.2060 0.8214 0.2382 0.2974 0.2354 0.2999 0.2354 0.2971 0.2277 0.6396 0.2277 0.6353 0.2250 0.6398 0.2382 0.2974 0.2354 0.2713 0.2382 0.2716 0.2188 0.6249 0.2156 0.6250 0.2188 0.6326 0.2454 0.1926 0.2437 0.2121 0.2454 0.2123 0.2081 0.1770 0.2060 0.1782 0.2081 0.1786 0.2382 0.8190 0.2382 0.8188 0.2403 0.8185 0.2250 0.3163 0.2229 0.3161 0.2229 0.3126 0.2250 0.3163 0.2229 0.3126 0.2250 0.3128 0.2037 0.6001 0.2037 0.6125 0.2060 0.6124 0.2188 0.1802 0.2156 0.1801 0.2188 0.1806 0.2009 0.3522 0.1981 0.3520 0.1981 0.3248 0.2214 0.1810 0.2188 0.1806 0.2188 0.1869 0.2277 0.3130 0.2250 0.3163 0.2250 0.3128 0.2521 0.8163 0.2521 0.8148 0.2855 0.8097 0.2277 0.3130 0.2250 0.2989 0.2277 0.2991 0.2305 0.6394 0.2277 0.6396 0.2277 0.6459 0.2305 0.6394 0.2277 0.6353 0.2277 0.6396 0.2521 0.8163 0.2486 0.8168 0.2521 0.8148 0.2305 0.6394 0.2322 0.6456 0.2322 0.6393 0.2305 0.6394 0.2277 0.6459 0.2305 0.6457 0.2081 0.8196 0.2060 0.8199 0.2060 0.8214 0.2037 0.1759 0.2015 0.1760 0.2037 0.1764 0.2136 0.6120 0.2136 0.6166 0.2137 0.6120 0.2136 0.6120 0.2137 0.6120 0.2095 0.5998 0.2136 0.6120 0.2095 0.5998 0.2095 0.6122 0.2136 0.6120 0.2095 0.6168 0.2136 0.6166 0.2188 0.3265 0.2156 0.3154 0.2188 0.3157 0.2037 0.5949 0.2037 0.6001 0.2060 0.6000 0.2156 0.8200 0.2136 0.8228 0.2156 0.8225 0.2037 0.5949 0.2015 0.5950 0.2015 0.6002 0.2081 0.5999 0.2081 0.6123 0.2095 0.6122 0.2382 0.3001 0.2354 0.2999 0.2382 0.2974 0.2229 0.1812 0.2214 0.1873 0.2229 0.1875 0.2081 0.5999 0.2095 0.6122 0.2095 0.5998 0.2081 0.5999 0.2060 0.6000 0.2060 0.6124 0.2403 0.2976 0.2382 0.2974 0.2382 0.2716 0.2081 0.5999 0.2060 0.6124 0.2081 0.6123 0.2229 0.1812 0.2214 0.1810 0.2214 0.1873 0.2403 0.2976 0.2382 0.3001 0.2382 0.2974 0.2095 0.8194 0.2081 0.8196 0.2081 0.8211 0.2403 0.2976 0.2382 0.2716 0.2403 0.2718 0.2095 0.8194 0.2081 0.8211 0.2095 0.8209 0.2486 0.1931 0.2454 0.2123 0.2486 0.2128 0.1981 0.5830 0.1173 0.5862 0.1981 0.5951 0.1981 0.3585 0.1173 0.3490 0.1981 0.3520 0.2486 0.8172 0.2486 0.8168 0.2521 0.8163 0.2382 0.6452 0.2403 0.6435 0.2354 0.6413 0.2437 0.8182 0.2403 0.8185 0.2437 0.8180 0.2382 0.6452 0.2354 0.6413 0.2354 0.6454 0.2277 0.3165 0.2250 0.3163 0.2277 0.3130 0.2188 0.8195 0.2188 0.8220 0.2214 0.8216 0.2403 0.6451 0.2382 0.6452 0.2382 0.6719 0.2015 0.5829 0.2009 0.5829 0.2009 0.5950 0.2015 0.5829 0.2009 0.5950 0.2015 0.5950 0.2037 0.3524 0.2037 0.3253 0.2060 0.3255 0.2060 0.1763 0.2037 0.1764 0.2060 0.1767 0.1981 0.5746 0.1173 0.5655 0.1173 0.5862 0.2521 0.8167 0.2486 0.8172 0.2521 0.8163 0.2454 0.1908 0.2437 0.1906 0.2437 0.1923 0.2305 0.3133 0.2277 0.2991 0.2305 0.2994 0.2037 0.5828 0.2015 0.5829 0.2015 0.5950 0.2454 0.1908 0.2437 0.1923 0.2454 0.1926 0.2037 0.5828 0.2047 0.5796 0.2015 0.5829 0.2037 0.5828 0.2037 0.5949 0.2060 0.5948 0.2229 0.1808 0.2214 0.1806 0.2214 0.1810 0.2437 0.6448 0.2403 0.6717 0.2437 0.6714 0.2229 0.1808 0.2214 0.1810 0.2229 0.1812 0.2437 0.6448 0.2403 0.6451 0.2403 0.6717 0.2437 0.6448 0.2437 0.6443 0.2403 0.6451 0.1981 0.8160 0.1173 0.8280 0.1981 0.8211 0.2009 0.5745 0.1981 0.5746 0.1981 0.5830 0.2136 0.8188 0.2136 0.8203 0.2156 0.8200 0.2214 0.3267 0.2188 0.3265 0.2188 0.3157 0.2454 0.6447 0.2486 0.6445 0.2437 0.6443 0.2454 0.6447 0.2454 0.6713 0.2486 0.6710 0.2454 0.6447 0.2437 0.6448 0.2437 0.6714 0.2454 0.6447 0.2437 0.6443 0.2437 0.6448 0.2009 0.3586 0.1981 0.3585 0.1981 0.3520 0.2015 0.5744 0.2009 0.5745 0.2009 0.5829 0.2250 0.1815 0.2229 0.1812 0.2229 0.1875 0.2009 0.3586 0.1981 0.3520 0.2009 0.3522 0.2015 0.5744 0.2015 0.5829 0.2047 0.5796 0.2454 0.8179 0.2437 0.8182 0.2437 0.8180 0.2015 0.5744 0.2009 0.5829 0.2015 0.5829 0.1981 0.8156 0.1173 0.8200 0.1173 0.8280 0.2081 0.1766 0.2060 0.1767 0.2081 0.1770 0.2437 0.2979 0.2403 0.2718 0.2437 0.2722 0.2081 0.1766 0.2060 0.1763 0.2060 0.1767 0.1981 0.5631 0.1173 0.5655 0.1981 0.5746 0.2437 0.2979 0.2403 0.3003 0.2403 0.2976 0.1981 0.5631 0.2009 0.5745 0.2015 0.5744 0.2437 0.2979 0.2403 0.2976 0.2403 0.2718 0.1981 0.5631 0.2015 0.5744 0.2037 0.5744 0.2521 0.6442 0.2855 0.6680 0.2855 0.6364 0.2136 0.1779 0.2136 0.1794 0.2156 0.1797 0.2015 0.3587 0.2009 0.3522 0.2015 0.3523 0.2015 0.3587 0.2009 0.3586 0.2009 0.3522 0.2136 0.1779 0.2095 0.1772 0.2095 0.1788 0.2009 0.1753 0.1981 0.1751 0.2009 0.1755 0.1981 0.5503 0.1981 0.5631 0.2005 0.5503 0.1981 0.5409 0.1981 0.5503 0.2000 0.5446 0.1981 0.5409 0.1173 0.5425 0.1981 0.5503 0.1981 0.5312 0.1173 0.5425 0.1981 0.5409 0.1981 0.5312 0.1173 0.5323 0.1173 0.5425 0.1981 0.5312 0.2000 0.5446 0.1987 0.5248 0.2322 0.3134 0.2305 0.2994 0.2322 0.2996 0.2521 0.1936 0.2521 0.2132 0.2855 0.2178 0.2229 0.3269 0.2214 0.3267 0.2214 0.3159 0.2156 0.8185 0.2136 0.8188 0.2156 0.8200 0.1981 0.5220 0.1987 0.5248 0.1986 0.5220 0.1981 0.5220 0.1173 0.5323 0.1981 0.5312 0.2015 0.1754 0.2009 0.1753 0.2009 0.1755 0.2229 0.3269 0.2214 0.3159 0.2229 0.3161 0.2015 0.1754 0.2009 0.1755 0.2015 0.1756 0.2250 0.1811 0.2229 0.1808 0.2229 0.1812 0.2229 0.8189 0.2214 0.8216 0.2229 0.8214 0.2305 0.3167 0.2277 0.3165 0.2277 0.3130 0.2486 0.1913 0.2454 0.1908 0.2454 0.1926 0.2486 0.1913 0.2454 0.1926 0.2486 0.1931 0.1981 0.3661 0.1173 0.3490 0.1981 0.3585 0.2015 0.8155 0.2015 0.8206 0.2037 0.8203 0.2277 0.1819 0.2250 0.1878 0.2277 0.1882 0.2454 0.2981 0.2437 0.2979 0.2437 0.2722 0.2156 0.1782 0.2136 0.1779 0.2156 0.1797 0.2486 0.8174 0.2486 0.8172 0.2521 0.8167 0.2437 0.3007 0.2403 0.3003 0.2437 0.2979 0.2037 0.1757 0.2015 0.1754 0.2015 0.1756 0.2037 0.3588 0.2015 0.3523 0.2037 0.3524 0.2250 0.3270 0.2229 0.3161 0.2250 0.3163 0.2250 0.8186 0.2229 0.8189 0.2229 0.8214 0.2081 0.3527 0.2060 0.3255 0.2081 0.3256 0.2081 0.3527 0.2060 0.3526 0.2060 0.3255 0.2188 0.8180 0.2156 0.8200 0.2188 0.8195 0.2188 0.8180 0.2156 0.8185 0.2156 0.8200 0.2188 0.1786 0.2156 0.1782 0.2188 0.1802 0.2136 0.1774 0.2095 0.1772 0.2136 0.1779 0.2060 0.1761 0.2037 0.1759 0.2060 0.1763 0.2095 0.3528 0.2081 0.3527 0.2081 0.3256 0.2037 0.8147 0.2015 0.8155 0.2037 0.8152 0.2521 0.8169 0.2855 0.8116 0.2855 0.8118 0.2009 0.3663 0.1981 0.3585 0.2009 0.3586 0.2322 0.1826 0.2305 0.1823 0.2305 0.1886 0.2521 0.8169 0.2521 0.8167 0.2855 0.8116 0.2322 0.1826 0.2305 0.1886 0.2322 0.1889 0.2305 0.1819 0.2277 0.1815 0.2277 0.1819 0.2305 0.1819 0.2277 0.1819 0.2305 0.1823 0.2081 0.1764 0.2060 0.1761 0.2060 0.1763 0.2486 0.2984 0.2454 0.2724 0.2486 0.2727 0.2081 0.1764 0.2060 0.1763 0.2081 0.1766 0.2277 0.3273 0.2250 0.3163 0.2277 0.3165 0.2060 0.8144 0.2037 0.8147 0.2060 0.8149 0.2277 0.3273 0.2250 0.3270 0.2250 0.3163 0.2214 0.1790 0.2188 0.1786 0.2188 0.1802 0.2214 0.1790 0.2188 0.1802 0.2214 0.1806 0.2322 0.1822 0.2305 0.1823 0.2322 0.1826 0.2322 0.1822 0.2305 0.1819 0.2305 0.1823 0.2382 0.3140 0.2354 0.3172 0.2354 0.3137 0.2095 0.1766 0.2081 0.1764 0.2081 0.1766 0.2229 0.1793 0.2214 0.1806 0.2229 0.1808 0.2081 0.3591 0.2060 0.3590 0.2060 0.3526 0.2229 0.1793 0.2214 0.1790 0.2214 0.1806 0.2305 0.8177 0.2277 0.8206 0.2305 0.8202 0.2081 0.3591 0.2060 0.3526 0.2081 0.3527 0.2486 0.3011 0.2454 0.3008 0.2454 0.2981 0.2354 0.1831 0.2322 0.1889 0.2354 0.1893 0.2037 0.3665 0.2037 0.3588 0.2060 0.3590 0.2095 0.8143 0.2081 0.8146 0.2095 0.8194 0.2095 0.8143 0.2095 0.8194 0.2136 0.8188 0.2305 0.3275 0.2277 0.3273 0.2277 0.3165 0.2250 0.8171 0.2250 0.8186 0.2277 0.8181 0.2354 0.1827 0.2322 0.1826 0.2354 0.1831 0.2354 0.1827 0.2322 0.1822 0.2322 0.1826 0.2250 0.1796 0.2229 0.1808 0.2250 0.1811 0.2250 0.1796 0.2250 0.1811 0.2277 0.1815 0.2250 0.1796 0.2229 0.1793 0.2229 0.1808 0.2403 0.3142 0.2382 0.3140 0.2382 0.3001 0.2403 0.3142 0.2382 0.3001 0.2403 0.3003 0.2095 0.8139 0.2081 0.8141 0.2081 0.8146 0.2136 0.3531 0.2136 0.3261 0.2156 0.3263 0.2136 0.3531 0.2095 0.3528 0.2095 0.3258 0.2382 0.1835 0.2354 0.1827 0.2354 0.1831 0.2136 0.3531 0.2095 0.3258 0.2136 0.3261 0.2136 0.1772 0.2095 0.1768 0.2136 0.1774 0.2136 0.8137 0.2095 0.8143 0.2136 0.8188 0.2136 0.1772 0.2095 0.1766 0.2095 0.1768 0.2136 0.8137 0.2136 0.8188 0.2156 0.8185 0.2521 0.2987 0.2486 0.2984 0.2486 0.2727 0.2521 0.2987 0.2855 0.2767 0.2855 0.3019 0.2214 0.1786 0.2188 0.1782 0.2188 0.1786 0.2521 0.2987 0.2521 0.2731 0.2855 0.2767 0.2382 0.1831 0.2354 0.1827 0.2382 0.1835 0.2382 0.3174 0.2354 0.3172 0.2382 0.3140 0.2009 0.3741 0.1981 0.3661 0.2009 0.3663 0.2009 0.3741 0.1981 0.3739 0.1981 0.3661 0.2060 0.3666 0.2037 0.3665 0.2060 0.3590 0.1981 0.8083 0.1173 0.8200 0.1981 0.8156 0.2403 0.1838 0.2382 0.1835 0.2382 0.1898 0.2136 0.8133 0.2095 0.8139 0.2095 0.8143 0.2156 0.8134 0.2156 0.8185 0.2188 0.8180 0.2250 0.1792 0.2229 0.1793 0.2250 0.1796 0.2250 0.1792 0.2229 0.1789 0.2229 0.1793 0.2403 0.3176 0.2382 0.3140 0.2403 0.3142 0.2305 0.1804 0.2305 0.1819 0.2322 0.1822 0.2081 0.3668 0.2060 0.3666 0.2060 0.3590 0.2156 0.8130 0.2136 0.8133 0.2136 0.8137 0.2437 0.1843 0.2403 0.1838 0.2403 0.1901 0.2156 0.8130 0.2136 0.8137 0.2156 0.8134 0.2081 0.3668 0.2060 0.3590 0.2081 0.3591 0.2322 0.8160 0.2305 0.8163 0.2322 0.8175 0.2437 0.3145 0.2403 0.3142 0.2403 0.3003 0.2322 0.1807 0.2322 0.1822 0.2354 0.1827 0.2009 0.8079 0.1981 0.8156 0.2009 0.8152 0.2037 0.3743 0.2037 0.3665 0.2060 0.3666 0.2136 0.3595 0.2136 0.3531 0.2156 0.3532 0.2015 0.8078 0.2009 0.8079 0.2009 0.8152 0.2277 0.1796 0.2250 0.1792 0.2250 0.1796 0.2015 0.8078 0.2009 0.8152 0.2015 0.8151 0.2403 0.8162 0.2382 0.8166 0.2403 0.8187 0.2437 0.1839 0.2403 0.1834 0.2403 0.1838 0.2354 0.3279 0.2322 0.3276 0.2322 0.3169 0.2214 0.1784 0.2188 0.1780 0.2188 0.1782 0.2095 0.3669 0.2081 0.3668 0.2081 0.3591 0.2188 0.8130 0.2156 0.8134 0.2188 0.8180 0.2454 0.1842 0.2437 0.1843 0.2454 0.1846 0.2454 0.3146 0.2437 0.3145 0.2437 0.3007 0.2454 0.3146 0.2437 0.3007 0.2454 0.3008 0.2454 0.1842 0.2437 0.1839 0.2437 0.1843 0.2188 0.3535 0.2188 0.3265 0.2214 0.3267 0.2354 0.1812 0.2322 0.1807 0.2354 0.1827 0.2188 0.3535 0.2156 0.3532 0.2156 0.3263 0.2037 0.8075 0.2015 0.8078 0.2015 0.8151 0.2305 0.1800 0.2277 0.1800 0.2305 0.1804 0.2305 0.1800 0.2277 0.1796 0.2277 0.1800 0.2060 0.3744 0.2037 0.3743 0.2060 0.3666 0.1981 0.8043 0.1173 0.8016 0.1173 0.8200 0.2009 0.3827 0.1981 0.3739 0.2009 0.3741 0.1981 0.3872 0.1173 0.3691 0.1981 0.3826 0.2214 0.8126 0.2188 0.8130 0.2214 0.8176 0.2486 0.1851 0.2454 0.1908 0.2486 0.1913 0.2486 0.1851 0.2454 0.1846 0.2454 0.1908 0.2015 0.3828 0.2009 0.3827 0.2009 0.3741 0.2437 0.8157 0.2403 0.8162 0.2437 0.8182 0.2322 0.1803 0.2305 0.1804 0.2322 0.1807 0.2382 0.3281 0.2354 0.3172 0.2382 0.3174 0.2322 0.1803 0.2305 0.1800 0.2305 0.1804 0.2382 0.3281 0.2354 0.3279 0.2354 0.3172 0.2214 0.8121 0.2188 0.8130 0.2214 0.8126 0.2382 0.1816 0.2354 0.1812 0.2382 0.1831 0.2229 0.8124 0.2229 0.8174 0.2250 0.8171 0.2081 0.3745 0.2060 0.3666 0.2081 0.3668 0.2009 0.1778 0.1981 0.1749 0.2009 0.1753 0.2009 0.3873 0.1981 0.3872 0.1981 0.3826 0.2009 0.8039 0.2009 0.8079 0.2015 0.8078 0.2015 0.1779 0.2015 0.1754 0.2037 0.1757 0.2015 0.1779 0.2009 0.1778 0.2009 0.1753 0.2454 0.8155 0.2437 0.8182 0.2454 0.8179 0.2454 0.8155 0.2437 0.8157 0.2437 0.8182 0.2229 0.8119 0.2214 0.8121 0.2214 0.8126 0.2037 0.3829 0.2037 0.3743 0.2060 0.3744 0.2037 0.3829 0.2015 0.3828 0.2015 0.3741 0.2037 0.3829 0.2015 0.3741 0.2037 0.3743 0.2015 0.1779 0.2009 0.1753 0.2015 0.1754 0.2188 0.3598 0.2156 0.3596 0.2156 0.3532 0.2521 0.1856 0.2521 0.1918 0.2855 0.1968 0.2229 0.3537 0.2214 0.3536 0.2229 0.3269 0.2015 0.8038 0.2009 0.8039 0.2015 0.8078 0.2015 0.3874 0.2009 0.3873 0.2009 0.3827 0.2250 0.8121 0.2250 0.8171 0.2277 0.8167 0.2277 0.1794 0.2250 0.1792 0.2277 0.1796 0.2250 0.8121 0.2229 0.8124 0.2250 0.8171 0.2095 0.3746 0.2081 0.3745 0.2081 0.3668 0.2403 0.8148 0.2382 0.8151 0.2403 0.8162 0.2403 0.3283 0.2382 0.3281 0.2382 0.3174 0.2037 0.1782 0.2015 0.1779 0.2037 0.1757 0.2095 0.8066 0.2081 0.8141 0.2095 0.8139 0.2486 0.3183 0.2454 0.3180 0.2454 0.3146 0.2156 0.3672 0.2136 0.3595 0.2156 0.3596 0.2156 0.3672 0.2136 0.3671 0.2136 0.3595 0.2521 0.1852 0.2486 0.1851 0.2521 0.1856 0.2060 0.3830 0.2037 0.3829 0.2060 0.3744 0.2521 0.1852 0.2521 0.1856 0.2855 0.1903 0.2521 0.1852 0.2486 0.1847 0.2486 0.1851 0.2250 0.3539 0.2229 0.3269 0.2250 0.3270 0.2037 0.8035 0.2037 0.8075 0.2060 0.8071 0.2250 0.3539 0.2229 0.3537 0.2229 0.3269 0.2250 0.3539 0.2250 0.3270 0.2277 0.3273 0.2486 0.8150 0.2454 0.8155 0.2454 0.8179 0.1981 0.1789 0.1173 0.1652 0.1981 0.1774 0.2305 0.1798 0.2277 0.1794 0.2277 0.1796 0.2486 0.8150 0.2454 0.8179 0.2486 0.8174 0.2277 0.8116 0.2250 0.8116 0.2250 0.8121 0.2305 0.1798 0.2277 0.1796 0.2305 0.1800 0.2277 0.8116 0.2277 0.8167 0.2305 0.8163 0.2277 0.8116 0.2250 0.8121 0.2277 0.8167 0.2382 0.1812 0.2354 0.1812 0.2382 0.1816 0.2437 0.8143 0.2403 0.8162 0.2437 0.8157 0.2437 0.3286 0.2403 0.3176 0.2437 0.3179 0.2437 0.1824 0.2403 0.1834 0.2437 0.1839 0.2060 0.8032 0.2037 0.8035 0.2060 0.8071 0.2081 0.3831 0.2060 0.3744 0.2081 0.3745 0.2229 0.3601 0.2214 0.3600 0.2214 0.3536 0.1981 0.3996 0.1981 0.3872 0.2009 0.3873 0.1981 0.3996 0.1173 0.4138 0.1173 0.3691 0.2454 0.8140 0.2437 0.8143 0.2454 0.8155 0.2188 0.3674 0.2156 0.3596 0.2188 0.3598 0.2188 0.3674 0.2156 0.3672 0.2156 0.3596 0.2521 0.8145 0.2855 0.8118 0.2855 0.8080 0.2454 0.1827 0.2437 0.1824 0.2437 0.1839 0.2454 0.1827 0.2437 0.1839 0.2454 0.1842 0.2060 0.3876 0.2037 0.3875 0.2060 0.3830 0.2403 0.1815 0.2382 0.1816 0.2403 0.1819 0.2305 0.8112 0.2277 0.8116 0.2305 0.8163 0.2521 0.3186 0.2855 0.3182 0.2855 0.3320 0.2305 0.8112 0.2305 0.8163 0.2322 0.8160 0.2521 0.3186 0.2486 0.3149 0.2521 0.3152 0.2081 0.8029 0.2081 0.8068 0.2095 0.8066 0.2015 0.1794 0.2009 0.1778 0.2015 0.1779 0.2277 0.3541 0.2250 0.3539 0.2277 0.3273 0.2454 0.3287 0.2437 0.3179 0.2454 0.3180 0.2081 0.1789 0.2060 0.1786 0.2060 0.1761 0.2454 0.3287 0.2437 0.3286 0.2437 0.3179 0.2081 0.1789 0.2060 0.1761 0.2081 0.1764 0.2095 0.3832 0.2081 0.3745 0.2095 0.3746 0.2095 0.3832 0.2081 0.3831 0.2081 0.3745 0.2156 0.8058 0.2136 0.8060 0.2136 0.8133 0.2095 0.1791 0.2081 0.1764 0.2095 0.1766 0.2156 0.8058 0.2136 0.8133 0.2156 0.8130 0.2156 0.3750 0.2136 0.3748 0.2136 0.3671 0.2156 0.3750 0.2136 0.3671 0.2156 0.3672 0.2322 0.8110 0.2322 0.8160 0.2354 0.8155 0.2322 0.8110 0.2305 0.8112 0.2322 0.8160 0.2081 0.3877 0.2060 0.3876 0.2060 0.3830 0.2322 0.8110 0.2305 0.8108 0.2305 0.8112 0.2037 0.1797 0.2015 0.1779 0.2037 0.1782 0.2009 0.3997 0.2009 0.3873 0.2015 0.3874 0.2095 0.8027 0.2095 0.8066 0.2136 0.8060 0.2095 0.8027 0.2081 0.8029 0.2095 0.8066 0.2214 0.3676 0.2214 0.3600 0.2229 0.3601 0.2354 0.1805 0.2322 0.1803 0.2354 0.1808 0.2486 0.8135 0.2454 0.8155 0.2486 0.8150 0.2214 0.3676 0.2211 0.3733 0.2188 0.3674 0.2214 0.3676 0.2188 0.3598 0.2214 0.3600 0.1981 0.4049 0.1173 0.4138 0.1981 0.3996 0.1981 0.4049 0.1981 0.3996 0.2009 0.3997 0.2322 0.8105 0.2305 0.8108 0.2322 0.8110 0.2486 0.1832 0.2454 0.1842 0.2486 0.1847 0.2437 0.1820 0.2403 0.1815 0.2403 0.1819 0.2437 0.1820 0.2403 0.1819 0.2437 0.1824 0.2305 0.3543 0.2305 0.3275 0.2322 0.3276 0.2188 0.8053 0.2156 0.8058 0.2156 0.8130 0.2188 0.8053 0.2156 0.8130 0.2188 0.8125 0.2354 0.8105 0.2322 0.8110 0.2354 0.8155 0.2354 0.8105 0.2354 0.8155 0.2382 0.8151 0.2486 0.3290 0.2454 0.3287 0.2454 0.3180 0.2382 0.1810 0.2354 0.1805 0.2354 0.1808 0.2229 0.3677 0.2250 0.3602 0.2250 0.3678 0.2277 0.3604 0.2277 0.3647 0.2250 0.3602 0.2136 0.8021 0.2095 0.8027 0.2136 0.8060 0.2188 0.3751 0.2156 0.3750 0.2156 0.3672 0.2188 0.3751 0.2156 0.3672 0.2188 0.3674 0.2354 0.8100 0.2322 0.8110 0.2354 0.8105 0.2136 0.1797 0.2095 0.1791 0.2095 0.1766 0.2322 0.3544 0.2354 0.3587 0.2322 0.3607 0.2521 0.8130 0.2486 0.8150 0.2521 0.8145 0.2521 0.8130 0.2486 0.8135 0.2486 0.8150 0.2136 0.3834 0.2095 0.3832 0.2095 0.3746 0.2136 0.3834 0.2095 0.3746 0.2136 0.3748 0.2136 0.3834 0.2156 0.3750 0.2156 0.3836 0.2521 0.1837 0.2486 0.1832 0.2486 0.1847 0.2136 0.3834 0.2156 0.3836 0.2137 0.3880 0.2521 0.1837 0.2486 0.1847 0.2521 0.1852 0.2037 0.3999 0.2037 0.3875 0.2060 0.3876 0.2081 0.1804 0.2060 0.1786 0.2081 0.1789 0.2081 0.1804 0.2060 0.1801 0.2060 0.1786 0.2009 0.4050 0.2009 0.3997 0.2015 0.3998 0.2382 0.8101 0.2354 0.8105 0.2382 0.8151 0.2009 0.4050 0.1981 0.4049 0.2009 0.3997 0.2015 0.4050 0.2015 0.3998 0.2037 0.3999 0.2015 0.4050 0.2009 0.4050 0.2015 0.3998 0.2305 0.3606 0.2305 0.3543 0.2322 0.3544 0.2382 0.8101 0.2354 0.8100 0.2354 0.8105 0.2305 0.3606 0.2277 0.3604 0.2277 0.3541 0.2305 0.3606 0.2322 0.3544 0.2322 0.3607 0.4449 0.5282 0.4466 0.5141 0.4471 0.5000 0.4383 0.5568 0.4449 0.5282 0.4471 0.5000 0.4623 0.6460 0.4090 0.6434 0.4090 0.7032 0.4975 0.5970 0.4383 0.5568 0.4623 0.6460 0.5261 0.5216 0.4466 0.5141 0.5214 0.5434 0.4344 0.5685 0.4471 0.5000 0.4400 0.5510 0.4272 0.5863 0.4272 0.3796 0.4471 0.5000 0.4272 0.5863 0.4471 0.5000 0.4344 0.5685 0.5260 0.5222 0.4471 0.5000 0.5277 0.5000 0.4739 0.6315 0.4090 0.6434 0.4186 0.6194 0.4739 0.6315 0.4344 0.5685 0.4400 0.5510 0.4739 0.6315 0.4272 0.5863 0.4344 0.5685 0.5211 0.5447 0.4453 0.5254 0.4471 0.5000 0.5211 0.5447 0.4471 0.5000 0.5260 0.5222 0.5082 0.5773 0.4400 0.5510 0.4453 0.5254 0.5082 0.5773 0.4739 0.6315 0.4400 0.5510 0.5082 0.5773 0.4453 0.5254 0.5211 0.5447 0.8479 0.3253 0.8477 0.7796 0.8452 0.3253 0.7961 0.3253 0.8008 0.7796 0.7948 0.3253 0.8488 0.3253 0.8488 0.7796 0.8485 0.7796 0.8488 0.3253 0.8485 0.7796 0.8479 0.3253 0.8485 0.3253 0.8479 0.7796 0.8488 0.7796 0.8155 0.3253 0.8008 0.7796 0.7961 0.3253 0.8155 0.3253 0.8204 0.7796 0.8008 0.7796 0.8477 0.3253 0.8479 0.7796 0.8485 0.3253 0.8165 0.3253 0.8204 0.7796 0.8155 0.3253 0.8444 0.3253 0.8452 0.7796 0.8477 0.3253 0.8316 0.3253 0.8204 0.7796 0.8165 0.3253 0.8316 0.3253 0.8351 0.7796 0.8204 0.7796 0.8351 0.3253 0.8316 0.7796 0.8338 0.7796 0.7298 0.3253 0.7438 0.7796 0.7291 0.3253 0.8351 0.3253 0.8424 0.7796 0.8444 0.3253 0.8204 0.3253 0.8155 0.7796 0.8165 0.7796 0.8338 0.3253 0.8351 0.7796 0.8316 0.3253 0.8204 0.3253 0.8316 0.7796 0.8351 0.3253 0.8008 0.3253 0.8155 0.7796 0.8204 0.3253 0.8008 0.3253 0.7961 0.7796 0.8155 0.7796 0.8008 0.3253 0.7948 0.7796 0.7961 0.7796 0.7750 0.3253 0.7724 0.7796 0.7948 0.7796 0.7750 0.3253 0.7710 0.7796 0.7724 0.7796 0.8424 0.3253 0.8444 0.7796 0.8351 0.7796 0.7750 0.3253 0.7948 0.7796 0.8008 0.3253 0.7438 0.3253 0.7710 0.7796 0.7750 0.3253 0.7438 0.3253 0.7471 0.7796 0.7710 0.7796 0.7130 0.3253 0.7291 0.7796 0.7438 0.3253 0.7710 0.3253 0.7438 0.7796 0.7471 0.3253 0.8452 0.3253 0.8444 0.7796 0.8424 0.3253 0.8452 0.3253 0.8477 0.7796 0.8444 0.7796 0.7724 0.3253 0.7750 0.7796 0.7710 0.3253 0.8479 0.3253 0.8485 0.7796 0.8477 0.7796 0.7948 0.3253 0.8008 0.7796 0.7750 0.7796 0.4263 0.3182 0.4223 0.3019 0.4263 0.3019 0.4167 0.3320 0.4094 0.3320 0.4167 0.3201 0.3909 0.1903 0.2855 0.1903 0.3909 0.1906 0.4302 0.2048 0.4302 0.2178 0.4318 0.2178 0.4302 0.2048 0.4272 0.2178 0.4302 0.2178 0.4302 0.2048 0.4318 0.2178 0.4318 0.2048 0.3935 0.1906 0.3909 0.1906 0.3935 0.1968 0.3935 0.1906 0.3909 0.1903 0.3909 0.1906 0.3935 0.1903 0.3909 0.1903 0.3935 0.1906 0.4263 0.3201 0.4223 0.3182 0.4263 0.3182 0.4263 0.3201 0.4223 0.3201 0.4223 0.3182 0.4182 0.3320 0.4167 0.3320 0.4167 0.3201 0.4167 0.1968 0.4094 0.1968 0.4167 0.2048 0.3957 0.1903 0.3935 0.1903 0.3935 0.1906 0.4272 0.3201 0.4263 0.3182 0.4272 0.3182 0.4272 0.3201 0.4263 0.3201 0.4263 0.3182 0.4182 0.1968 0.4167 0.1968 0.4167 0.2048 0.4182 0.1968 0.4167 0.2048 0.4182 0.2048 0.3999 0.1906 0.3957 0.1906 0.3999 0.1968 0.4302 0.3182 0.4272 0.3182 0.4272 0.3019 0.3999 0.1903 0.3957 0.1903 0.3957 0.1906 0.3999 0.1903 0.3957 0.1906 0.3999 0.1906 0.4302 0.3201 0.4272 0.3201 0.4272 0.3182 0.4223 0.1968 0.4223 0.2048 0.4263 0.2048 0.4223 0.1968 0.4263 0.2048 0.4272 0.2048 0.4318 0.3182 0.4302 0.3019 0.4318 0.3019 0.4011 0.1903 0.3999 0.1903 0.3999 0.1906 0.3909 0.1884 0.2855 0.1884 0.2855 0.1903 0.3909 0.1884 0.2855 0.1882 0.2855 0.1884 0.4086 0.3527 0.4011 0.3527 0.4011 0.3515 0.3909 0.1884 0.2855 0.1903 0.3909 0.1903 0.4094 0.3527 0.4094 0.3569 0.4086 0.3564 0.4094 0.3527 0.4086 0.3564 0.4086 0.3527 0.4094 0.3527 0.4086 0.3527 0.4094 0.3515 0.4467 0.3019 0.4406 0.3019 0.4467 0.2767 0.4086 0.1903 0.4011 0.1906 0.4086 0.1906 0.4086 0.1903 0.4011 0.1903 0.4011 0.1906 0.3957 0.1884 0.3935 0.1884 0.3935 0.1903 0.4272 0.3320 0.4263 0.3320 0.4263 0.3201 0.4272 0.3320 0.4263 0.3201 0.4272 0.3201 0.3909 0.1882 0.3909 0.1884 0.3935 0.1884 0.3909 0.1882 0.2855 0.1882 0.3909 0.1884 0.3999 0.1884 0.3957 0.1903 0.3999 0.1903 0.4393 0.3182 0.4318 0.3019 0.4393 0.3019 0.3999 0.1884 0.3957 0.1884 0.3957 0.1903 0.4167 0.3515 0.4094 0.3515 0.4167 0.3320 0.3935 0.1882 0.3909 0.1882 0.3935 0.1884 0.4167 0.1906 0.4167 0.1968 0.4182 0.1968 0.4167 0.1906 0.4094 0.1906 0.4167 0.1968 0.4302 0.3320 0.4272 0.3320 0.4272 0.3201 0.4302 0.3320 0.4272 0.3201 0.4302 0.3201 0.4167 0.1903 0.4094 0.1903 0.4167 0.1906 0.3957 0.1882 0.3935 0.1882 0.3957 0.1884 0.4393 0.3201 0.4318 0.3201 0.4318 0.3182 0.4182 0.3515 0.4167 0.3515 0.4182 0.3320 0.4182 0.1903 0.4167 0.1903 0.4167 0.1906 0.3999 0.1882 0.3957 0.1882 0.3999 0.1884 0.3999 0.1882 0.3999 0.1884 0.4011 0.1884 0.4531 0.3019 0.4471 0.3019 0.4471 0.2767 0.4531 0.3019 0.4531 0.2767 0.4990 0.3201 0.4318 0.3320 0.4302 0.3320 0.4302 0.3201 0.4318 0.3320 0.4302 0.3201 0.4318 0.3201 0.4182 0.3527 0.4167 0.3515 0.4182 0.3515 0.4406 0.3201 0.4393 0.3201 0.4393 0.3182 0.4406 0.3201 0.4393 0.3182 0.4406 0.3182 0.4167 0.3569 0.4178 0.3649 0.4094 0.3569 0.4167 0.3569 0.4094 0.3569 0.4167 0.3527 0.4263 0.1906 0.4223 0.1968 0.4268 0.1906 0.3909 0.1891 0.2855 0.1882 0.3909 0.1882 0.4182 0.3569 0.4167 0.3527 0.4182 0.3527 0.4182 0.3569 0.4167 0.3569 0.4167 0.3527 0.4223 0.3515 0.4182 0.3515 0.4223 0.3320 0.4223 0.3527 0.4182 0.3527 0.4182 0.3515 0.4094 0.1882 0.4086 0.1882 0.4094 0.1884 0.4467 0.3182 0.4406 0.3182 0.4406 0.3019 0.4167 0.1884 0.4094 0.1884 0.4167 0.1903 0.4167 0.1884 0.4094 0.1882 0.4094 0.1884 0.3999 0.3516 0.3909 0.3516 0.3999 0.3523 0.4011 0.3523 0.3999 0.3523 0.4087 0.3564 0.4182 0.1884 0.4167 0.1884 0.4167 0.1903 0.4471 0.3201 0.4467 0.3182 0.4471 0.3182 0.4471 0.3201 0.4467 0.3201 0.4467 0.3182 0.4086 0.3523 0.4011 0.3523 0.4087 0.3564 0.4086 0.3516 0.4011 0.3516 0.4011 0.3523 0.4223 0.3569 0.4182 0.3569 0.4182 0.3527 0.4223 0.1884 0.4182 0.1884 0.4182 0.1903 0.4167 0.3636 0.4087 0.3564 0.4167 0.3636 0.4393 0.3320 0.4318 0.3201 0.4393 0.3201 0.4393 0.3320 0.4318 0.3320 0.4318 0.3201 0.4011 0.1891 0.3999 0.1882 0.4011 0.1882 0.4094 0.3523 0.4086 0.3523 0.4087 0.3564 0.4094 0.3523 0.4086 0.3516 0.4086 0.3523 0.4167 0.1882 0.4167 0.1884 0.4182 0.1884 0.4263 0.3515 0.4223 0.3515 0.4263 0.3320 0.4182 0.1882 0.4167 0.1882 0.4182 0.1884 0.4182 0.3636 0.4167 0.3636 0.4223 0.3711 0.3909 0.1920 0.2855 0.1920 0.3909 0.1891 0.3909 0.1920 0.2855 0.1974 0.2855 0.1920 0.4182 0.3636 0.4167 0.3636 0.4182 0.3636 0.4263 0.3527 0.4223 0.3515 0.4263 0.3515 0.4263 0.3527 0.4223 0.3527 0.4223 0.3515 0.4223 0.1882 0.4223 0.1884 0.4263 0.1891 0.4223 0.1882 0.4182 0.1882 0.4223 0.1884 0.4406 0.3320 0.4393 0.3320 0.4406 0.3201 0.4406 0.3320 0.4406 0.3201 0.4467 0.3201 0.4086 0.1891 0.4011 0.1882 0.4086 0.1882 0.4086 0.1891 0.4086 0.1882 0.4094 0.1882 0.4086 0.1891 0.4011 0.1891 0.4011 0.1882 0.4167 0.3564 0.4094 0.3523 0.4087 0.3564 0.4272 0.3527 0.4263 0.3515 0.4272 0.3515 0.4094 0.1891 0.4086 0.1891 0.4094 0.1882 0.4272 0.3711 0.4263 0.3711 0.4272 0.3796 0.4263 0.3569 0.4223 0.3569 0.4223 0.3527 0.4263 0.3569 0.4223 0.3527 0.4263 0.3527 0.3957 0.1920 0.3935 0.1920 0.3935 0.1891 0.3957 0.1920 0.3935 0.1891 0.3957 0.1891 0.4531 0.3182 0.4531 0.3019 0.4990 0.3201 0.4302 0.3515 0.4302 0.3320 0.4318 0.3320 0.3999 0.1920 0.3957 0.1891 0.3999 0.1891 0.4223 0.3636 0.4182 0.3636 0.4182 0.3636 0.3999 0.1920 0.3957 0.1920 0.3957 0.1891 0.4223 0.3636 0.4182 0.3636 0.4223 0.3636 0.4302 0.3515 0.4272 0.3515 0.4302 0.3320 0.4182 0.3564 0.4167 0.3564 0.4167 0.3636 0.4182 0.3564 0.4167 0.3636 0.4182 0.3636 0.4223 0.3636 0.4182 0.3636 0.4182 0.3569 0.4167 0.1891 0.4094 0.1891 0.4167 0.1882 0.4272 0.3569 0.4263 0.3527 0.4272 0.3527 0.4272 0.3569 0.4263 0.3569 0.4263 0.3527 0.4167 0.3523 0.4094 0.3516 0.4094 0.3523 0.4167 0.3523 0.4094 0.3523 0.4167 0.3564 0.3909 0.1974 0.2855 0.1974 0.3909 0.1920 0.4531 0.3201 0.4471 0.3201 0.4471 0.3182 0.4531 0.3201 0.4471 0.3182 0.4531 0.3182 0.4223 0.3654 0.4272 0.3796 0.4182 0.3654 0.3909 0.1974 0.3909 0.1920 0.3935 0.1920 0.4302 0.3711 0.4272 0.3711 0.4272 0.3796 0.4318 0.3515 0.4302 0.3527 0.4302 0.3515 0.3957 0.3201 0.3909 0.3516 0.3999 0.3516 0.4086 0.1920 0.4011 0.1920 0.4011 0.1891 0.4086 0.1920 0.4011 0.1891 0.4086 0.1891 0.3935 0.1974 0.3909 0.1974 0.3935 0.1920 0.4182 0.3523 0.4167 0.3523 0.4167 0.3564 0.4471 0.3320 0.4467 0.3320 0.4467 0.3201 0.4471 0.3320 0.4467 0.3201 0.4471 0.3201 0.4263 0.3636 0.4223 0.3636 0.4223 0.3711 0.4182 0.3516 0.4167 0.3523 0.4182 0.3523 0.4263 0.3636 0.4223 0.3569 0.4263 0.3569 0.4263 0.3636 0.4223 0.3636 0.4223 0.3569 0.4272 0.3636 0.4263 0.3636 0.4263 0.3569 0.4263 0.3636 0.4223 0.3636 0.4263 0.3636 0.4272 0.3636 0.4263 0.3569 0.4272 0.3569 0.3909 0.2003 0.2855 0.2081 0.2855 0.1974 0.4318 0.3711 0.4302 0.3711 0.4272 0.3796 0.3909 0.2003 0.2855 0.1974 0.3909 0.1974 0.3999 0.1974 0.3957 0.1974 0.3999 0.1920 0.4263 0.3654 0.4223 0.3636 0.4263 0.3636 0.3999 0.1974 0.3999 0.1920 0.4011 0.1920 0.4272 0.3654 0.4272 0.3796 0.4263 0.3654 0.4272 0.3636 0.4263 0.3711 0.4272 0.3711 0.4272 0.3636 0.4263 0.3636 0.4263 0.3711 0.4302 0.3636 0.4272 0.3636 0.4272 0.3569 0.4302 0.3636 0.4272 0.3569 0.4302 0.3569 0.4011 0.1974 0.4011 0.1920 0.4086 0.1920 0.4272 0.3636 0.4263 0.3636 0.4272 0.3636 0.4167 0.1920 0.4094 0.1920 0.4094 0.1891 0.4167 0.1920 0.4094 0.1891 0.4167 0.1891 0.4302 0.3654 0.4272 0.3796 0.4272 0.3654 0.4302 0.3654 0.4272 0.3654 0.4272 0.3636 0.3957 0.2003 0.3935 0.2003 0.3935 0.1974 0.4531 0.3320 0.4471 0.3201 0.4531 0.3201 0.4182 0.1920 0.4167 0.1920 0.4167 0.1891 0.4182 0.1920 0.4167 0.1891 0.4182 0.1891 0.4531 0.3320 0.4531 0.3201 0.4990 0.3201 0.4302 0.3636 0.4302 0.3711 0.4318 0.3711 0.3999 0.2003 0.3957 0.2003 0.3957 0.1974 0.4393 0.3527 0.4318 0.3527 0.4318 0.3515 0.4302 0.3636 0.4272 0.3711 0.4302 0.3711 0.4223 0.1920 0.4182 0.1891 0.4223 0.1891 0.4223 0.1920 0.4182 0.1920 0.4182 0.1891 0.4302 0.3636 0.4272 0.3636 0.4302 0.3636 0.4393 0.3527 0.4318 0.3515 0.4393 0.3515 0.4406 0.3515 0.4406 0.3320 0.4467 0.3320 0.4223 0.3516 0.4182 0.3523 0.4223 0.3523 0.4406 0.3515 0.4393 0.3515 0.4406 0.3320 0.4318 0.3654 0.4272 0.3796 0.4302 0.3654 0.4094 0.1974 0.4086 0.1974 0.4094 0.1920 0.4011 0.3201 0.3999 0.3201 0.3999 0.3516 0.4094 0.1974 0.4094 0.1920 0.4167 0.1920 0.4263 0.3564 0.4223 0.3636 0.4263 0.3636 0.4263 0.3564 0.4223 0.3564 0.4223 0.3636 0.4406 0.3569 0.4393 0.3527 0.4406 0.3527 0.4318 0.3636 0.4302 0.3636 0.4318 0.3636 0.4467 0.3515 0.4406 0.3527 0.4406 0.3515 0.4086 0.2003 0.4011 0.2003 0.4011 0.1974 0.4272 0.3564 0.4263 0.3564 0.4263 0.3636 0.4471 0.3515 0.4471 0.3320 0.4531 0.3320 0.4094 0.2003 0.4086 0.1974 0.4094 0.1974 0.4393 0.3636 0.4318 0.3636 0.4318 0.3569 0.4094 0.2003 0.4086 0.2003 0.4086 0.1974 0.4393 0.3636 0.4318 0.3569 0.4393 0.3569 0.4263 0.3523 0.4223 0.3523 0.4223 0.3564 0.3957 0.2081 0.3935 0.2081 0.3957 0.2003 0.4263 0.3523 0.4223 0.3564 0.4263 0.3564 0.4467 0.3527 0.4406 0.3569 0.4406 0.3527 0.4467 0.3527 0.4406 0.3527 0.4467 0.3515 0.4167 0.1974 0.4094 0.1974 0.4167 0.1920 0.4263 0.3516 0.4223 0.3523 0.4263 0.3523 0.4167 0.1974 0.4094 0.2003 0.4094 0.1974 0.4263 0.3516 0.4223 0.3516 0.4223 0.3523 0.4393 0.3654 0.4272 0.3796 0.4318 0.3654 0.4393 0.3654 0.4318 0.3654 0.4318 0.3636 0.4393 0.3654 0.4318 0.3636 0.4393 0.3636 0.4406 0.3636 0.4393 0.3569 0.4406 0.3569 0.4406 0.3636 0.4393 0.3636 0.4393 0.3569 0.4011 0.2081 0.3999 0.2081 0.3999 0.2003 0.4011 0.2081 0.3999 0.2003 0.4011 0.2003 0.4272 0.3523 0.4263 0.3523 0.4263 0.3564 0.4406 0.3654 0.4471 0.3796 0.4393 0.3654 0.4302 0.3564 0.4302 0.3636 0.4318 0.3636 0.4406 0.3654 0.4393 0.3654 0.4393 0.3636 0.4406 0.3654 0.4393 0.3636 0.4406 0.3636 0.4223 0.1974 0.4182 0.1974 0.4223 0.1920 0.4302 0.3564 0.4272 0.3636 0.4302 0.3636 0.4467 0.3569 0.4406 0.3636 0.4406 0.3569 0.4182 0.2003 0.4167 0.1974 0.4182 0.1974 0.4471 0.3569 0.4467 0.3527 0.4471 0.3527 0.3909 0.3000 0.3909 0.3201 0.3935 0.3201 0.4272 0.3516 0.4263 0.3516 0.4263 0.3523 0.4263 0.1974 0.4223 0.1974 0.4223 0.1920 0.4272 0.3516 0.4263 0.3523 0.4272 0.3523 0.4272 0.1974 0.4263 0.1891 0.4302 0.2003 0.4531 0.3527 0.4471 0.3515 0.4531 0.3515 0.4531 0.3527 0.4471 0.3527 0.4471 0.3515 0.4272 0.1974 0.4263 0.1974 0.4223 0.1920 0.4406 0.3711 0.4393 0.3711 0.4471 0.3796 0.4467 0.3636 0.4406 0.3636 0.4467 0.3569 0.4471 0.3636 0.4467 0.3636 0.4467 0.3569 0.4086 0.2081 0.4011 0.2081 0.4011 0.2003 0.4471 0.3636 0.4467 0.3569 0.4471 0.3569 0.4467 0.3654 0.4406 0.3654 0.4467 0.3636 0.4467 0.3654 0.4467 0.3636 0.4471 0.3636 0.4471 0.3654 0.4467 0.3654 0.4471 0.3636 0.4471 0.3654 0.4471 0.3796 0.4467 0.3654 0.4094 0.2081 0.4086 0.2081 0.4094 0.2003 0.4531 0.3569 0.4471 0.3527 0.4531 0.3527 0.4531 0.3636 0.4471 0.3636 0.4471 0.3569 0.4531 0.3636 0.4471 0.3569 0.4531 0.3569 0.4531 0.3654 0.4990 0.3201 0.4471 0.3796 0.4531 0.3654 0.4471 0.3796 0.4471 0.3654 0.4531 0.3654 0.4471 0.3654 0.4471 0.3636 0.4531 0.3654 0.4471 0.3636 0.4531 0.3636 0.4272 0.2003 0.4263 0.1974 0.4272 0.1974 0.4272 0.2003 0.4263 0.2003 0.4263 0.1974 0.4094 0.3201 0.4094 0.3516 0.4167 0.3516 0.4094 0.3201 0.4086 0.3201 0.4094 0.3516 0.3935 0.2221 0.3909 0.2081 0.3935 0.2081 0.4318 0.3523 0.4302 0.3523 0.4318 0.3564 0.4393 0.3636 0.4318 0.3636 0.4318 0.3711 0.3957 0.2221 0.3935 0.2221 0.3935 0.2081 0.4393 0.3636 0.4318 0.3636 0.4318 0.3636 0.4393 0.3636 0.4318 0.3636 0.4393 0.3636 0.3909 0.2272 0.2855 0.2369 0.2855 0.2221 0.4318 0.3516 0.4302 0.3516 0.4302 0.3523 0.3909 0.2272 0.2855 0.2221 0.3909 0.2221 0.4318 0.3516 0.4302 0.3523 0.4318 0.3523 0.3909 0.2272 0.3909 0.2221 0.3935 0.2221 0.4167 0.2081 0.4094 0.2081 0.4167 0.2003 0.3957 0.3000 0.3935 0.3000 0.3935 0.3201 0.4182 0.2081 0.4167 0.2081 0.4167 0.2003 0.4182 0.2081 0.4167 0.2003 0.4182 0.2003 0.4406 0.3636 0.4393 0.3636 0.4406 0.3711 0.3935 0.2272 0.3935 0.2221 0.3957 0.2221 0.4467 0.3711 0.4406 0.3711 0.4471 0.3796 0.3999 0.2221 0.3957 0.2081 0.3999 0.2081 0.4011 0.2221 0.3999 0.2221 0.3999 0.2081 0.4011 0.2221 0.3999 0.2081 0.4011 0.2081 0.3999 0.3000 0.3957 0.3201 0.3999 0.3201 0.4393 0.3564 0.4318 0.3636 0.4393 0.3636 0.3957 0.2272 0.3935 0.2272 0.3957 0.2221 0.4011 0.3000 0.3999 0.3201 0.4011 0.3201 0.3999 0.2272 0.3999 0.2221 0.4011 0.2221 0.3999 0.2272 0.3957 0.2272 0.3999 0.2221 0.4011 0.2272 0.3999 0.2272 0.4011 0.2221 0.4393 0.3523 0.4318 0.3523 0.4318 0.3564 0.4393 0.3523 0.4318 0.3564 0.4393 0.3564 0.4272 0.2081 0.4263 0.2081 0.4263 0.2003 0.4272 0.2081 0.4263 0.2003 0.4272 0.2003 0.4086 0.2221 0.4011 0.2221 0.4011 0.2081 0.4471 0.3636 0.4467 0.3636 0.4467 0.3636 0.4471 0.3636 0.4467 0.3636 0.4471 0.3636 0.4094 0.2221 0.4086 0.2221 0.4086 0.2081 0.4094 0.2221 0.4086 0.2081 0.4094 0.2081 0.4182 0.3201 0.4167 0.3201 0.4167 0.3516 0.3935 0.2369 0.3909 0.2369 0.3909 0.2272 0.3935 0.2369 0.3909 0.2272 0.3935 0.2272 0.4302 0.2081 0.4272 0.2003 0.4302 0.2003 0.4406 0.3523 0.4393 0.3523 0.4406 0.3564 0.4302 0.2081 0.4272 0.2081 0.4272 0.2003 0.4406 0.3523 0.4393 0.3516 0.4393 0.3523 0.4406 0.3516 0.4393 0.3516 0.4406 0.3523 0.4318 0.2081 0.4302 0.2003 0.4393 0.2272 0.4318 0.2081 0.4302 0.2081 0.4302 0.2003 0.4086 0.2272 0.4011 0.2221 0.4086 0.2221 0.4467 0.3564 0.4467 0.3636 0.4471 0.3636 0.4467 0.3564 0.4406 0.3564 0.4467 0.3636 0.4086 0.2272 0.4011 0.2272 0.4011 0.2221 0.4094 0.2272 0.4086 0.2272 0.4094 0.2221 0.4223 0.3201 0.4182 0.3201 0.4182 0.3516 0.3999 0.2369 0.3957 0.2369 0.3957 0.2272 0.3999 0.2369 0.3957 0.2272 0.3999 0.2272 0.4223 0.3201 0.4182 0.3516 0.4223 0.3516 0.4011 0.2369 0.3999 0.2369 0.3999 0.2272 0.4531 0.3636 0.4531 0.3636 0.4990 0.3201 0.4094 0.3000 0.4094 0.3201 0.4167 0.3201 0.4467 0.3523 0.4406 0.3516 0.4406 0.3523 0.4471 0.3523 0.4467 0.3564 0.4471 0.3564 0.4471 0.3523 0.4467 0.3523 0.4467 0.3564 0.4467 0.3516 0.4406 0.3516 0.4467 0.3523 0.4182 0.2272 0.4167 0.2272 0.4182 0.2221 0.4471 0.3516 0.4467 0.3523 0.4471 0.3523 0.4086 0.2369 0.4011 0.2272 0.4086 0.2272 0.4471 0.3516 0.4467 0.3516 0.4467 0.3523 0.4263 0.3201 0.4223 0.3516 0.4263 0.3516 0.4263 0.3201 0.4223 0.3201 0.4223 0.3516 0.4094 0.2369 0.4086 0.2369 0.4086 0.2272 0.4272 0.3201 0.4263 0.3201 0.4263 0.3516 0.4272 0.3201 0.4263 0.3516 0.4272 0.3516 0.3909 0.2572 0.2855 0.2369 0.3909 0.2369 0.4531 0.3564 0.4471 0.3636 0.4531 0.3636 0.4272 0.2221 0.4263 0.2081 0.4272 0.2081 0.4531 0.3564 0.4531 0.3636 0.4990 0.3201 0.4302 0.3201 0.4272 0.3516 0.4302 0.3516 0.4223 0.2272 0.4223 0.2221 0.4263 0.2221 0.4302 0.3201 0.4272 0.3201 0.4272 0.3516 0.3935 0.2715 0.3909 0.3000 0.3935 0.3000 0.4531 0.3523 0.4471 0.3523 0.4471 0.3564 0.4531 0.3523 0.4531 0.3564 0.4990 0.3201 0.3957 0.2572 0.3935 0.2572 0.3935 0.2369 0.4167 0.3000 0.4094 0.3000 0.4167 0.3201 0.4531 0.3516 0.4531 0.3523 0.4990 0.3201 0.4318 0.2221 0.4302 0.2221 0.4302 0.2081 0.4531 0.3516 0.4471 0.3516 0.4471 0.3523 0.4318 0.2221 0.4318 0.2081 0.4393 0.2272 0.4318 0.3201 0.4302 0.3516 0.4318 0.3516 0.4318 0.3201 0.4302 0.3201 0.4302 0.3516 0.4263 0.2272 0.4223 0.2272 0.4263 0.2221 0.4272 0.2272 0.4272 0.2221 0.4302 0.2221 0.4272 0.2272 0.4263 0.2272 0.4272 0.2221 0.3957 0.2715 0.3935 0.2715 0.3935 0.3000 0.4167 0.2369 0.4094 0.2272 0.4167 0.2272 0.4182 0.3000 0.4167 0.3201 0.4182 0.3201 0.3999 0.2715 0.3957 0.2715 0.3957 0.3000 0.3999 0.2715 0.3957 0.3000 0.3999 0.3000 0.3999 0.2572 0.3957 0.2572 0.3957 0.2369 0.4223 0.3000 0.4182 0.3000 0.4182 0.3201 0.3999 0.2572 0.3957 0.2369 0.3999 0.2369 0.4223 0.3000 0.4182 0.3201 0.4223 0.3201 0.4302 0.2272 0.4272 0.2272 0.4302 0.2221 0.4302 0.2272 0.4302 0.2221 0.4318 0.2221 0.4011 0.2715 0.3999 0.3000 0.4011 0.3000 0.4011 0.2715 0.3999 0.2715 0.3999 0.3000 0.4393 0.3201 0.4318 0.3516 0.4393 0.3516 0.4318 0.2272 0.4318 0.2221 0.4393 0.2272 0.4393 0.3201 0.4318 0.3201 0.4318 0.3516 0.4406 0.3201 0.4393 0.3201 0.4393 0.3516 0.3909 0.2715 0.3909 0.2572 0.3935 0.2572 0.3909 0.2715 0.2855 0.2572 0.3909 0.2572 0.4272 0.3000 0.4263 0.3201 0.4272 0.3201 0.4272 0.3000 0.4263 0.3000 0.4263 0.3201 0.4302 0.3000 0.4272 0.3000 0.4272 0.3201 0.3935 0.2715 0.3909 0.2715 0.3935 0.2572 0.4302 0.3000 0.4272 0.3201 0.4302 0.3201 0.3909 0.2767 0.2855 0.3019 0.2855 0.2767 0.3909 0.2767 0.3909 0.2715 0.3935 0.2715 0.3909 0.2512 0.3909 0.2715 0.3935 0.2715 0.4272 0.2369 0.4263 0.2369 0.4263 0.2272 0.3957 0.2715 0.3935 0.2572 0.3957 0.2572 0.3957 0.2715 0.3935 0.2715 0.3935 0.2572 0.4094 0.2715 0.4086 0.3000 0.4094 0.3000 0.4086 0.2572 0.4011 0.2572 0.4011 0.2369 0.4094 0.2715 0.4086 0.2715 0.4086 0.3000 0.4318 0.3000 0.4302 0.3000 0.4302 0.3201 0.4318 0.3000 0.4302 0.3201 0.4318 0.3201 0.4094 0.2572 0.4086 0.2572 0.4086 0.2369 0.4467 0.3201 0.4467 0.3516 0.4471 0.3516 0.3935 0.2767 0.3909 0.2767 0.3935 0.2715 0.4471 0.3201 0.4467 0.3201 0.4471 0.3516 0.4302 0.2369 0.4272 0.2369 0.4272 0.2272 0.3935 0.2512 0.3909 0.2512 0.3935 0.2715 0.3935 0.2512 0.3909 0.2502 0.3909 0.2512 0.3935 0.2512 0.3935 0.2715 0.3957 0.2715 0.3999 0.2715 0.3957 0.2715 0.3957 0.2572 0.3935 0.2502 0.3909 0.2502 0.3935 0.2512 0.3957 0.2767 0.3935 0.2767 0.3935 0.2715 0.3957 0.2512 0.3935 0.2512 0.3957 0.2715 0.3957 0.2502 0.3935 0.2512 0.3957 0.2512 0.4531 0.3201 0.4471 0.3201 0.4471 0.3516 0.4531 0.3201 0.4531 0.3516 0.4990 0.3201 0.4531 0.3201 0.4471 0.3516 0.4531 0.3516 0.4167 0.2715 0.4094 0.3000 0.4167 0.3000 0.3999 0.2767 0.3957 0.2767 0.3957 0.2715 0.4393 0.3000 0.4318 0.3201 0.4393 0.3201 0.4393 0.3000 0.4318 0.3000 0.4318 0.3201 0.3999 0.2512 0.3957 0.2715 0.3999 0.2715 0.3999 0.2512 0.3957 0.2512 0.3957 0.2715 0.4011 0.2767 0.3999 0.2715 0.4011 0.2715 0.4182 0.2572 0.4167 0.2369 0.4182 0.2369 0.4182 0.2715 0.4167 0.2715 0.4167 0.3000 0.4182 0.2715 0.4167 0.3000 0.4182 0.3000 0.4086 0.2715 0.4086 0.2572 0.4094 0.2572 0.3999 0.2502 0.3957 0.2512 0.3999 0.2512 0.4094 0.2715 0.4094 0.2572 0.4167 0.2572 0.4011 0.2502 0.3999 0.2502 0.3999 0.2512 0.4011 0.2502 0.3999 0.2512 0.4011 0.2512 0.4086 0.2767 0.4011 0.2715 0.4086 0.2715 0.4086 0.2767 0.4011 0.2767 0.4011 0.2715 0.4467 0.3000 0.4406 0.3000 0.4467 0.3201 0.4471 0.3000 0.4467 0.3201 0.4471 0.3201 0.4263 0.2715 0.4223 0.2715 0.4223 0.3000 0.4086 0.2512 0.4086 0.2715 0.4094 0.2715 0.3909 0.3019 0.3909 0.2767 0.3935 0.2767 0.4086 0.2512 0.4011 0.2512 0.4011 0.2715 0.4272 0.2572 0.4263 0.2369 0.4272 0.2369 0.4272 0.2572 0.4263 0.2572 0.4263 0.2369 0.4167 0.2715 0.4094 0.2715 0.4167 0.2572 0.4272 0.2715 0.4263 0.3000 0.4272 0.3000 0.4167 0.2715 0.4094 0.2767 0.4094 0.2715 0.4272 0.2715 0.4263 0.2715 0.4263 0.3000 0.4086 0.2502 0.4086 0.2512 0.4094 0.2512 0.3935 0.3019 0.3909 0.3019 0.3935 0.2767 0.4302 0.2572 0.4272 0.2572 0.4272 0.2369 0.4094 0.2502 0.4086 0.2502 0.4094 0.2512 0.3909 0.2312 0.2855 0.2178 0.2855 0.2512 0.4182 0.2715 0.4167 0.2715 0.4167 0.2572 0.4302 0.2715 0.4272 0.2715 0.4272 0.3000 0.4531 0.3000 0.4531 0.3201 0.4990 0.3201 0.4531 0.3000 0.4471 0.3201 0.4531 0.3201 0.3957 0.3019 0.3935 0.2767 0.3957 0.2767 0.4318 0.2572 0.4302 0.2572 0.4302 0.2369 0.3935 0.2312 0.3909 0.2502 0.3935 0.2502 0.4167 0.2767 0.4094 0.2767 0.4167 0.2715 0.3957 0.2312 0.3935 0.2502 0.3957 0.2502 0.4182 0.2767 0.4167 0.2767 0.4167 0.2715 0.4182 0.2767 0.4167 0.2715 0.4182 0.2715 0.4167 0.2512 0.4094 0.2512 0.4167 0.2715 0.4167 0.2512 0.4094 0.2502 0.4094 0.2512 0.3999 0.3019 0.3957 0.2767 0.3999 0.2767 0.4182 0.2512 0.4167 0.2715 0.4182 0.2715 0.4182 0.2512 0.4167 0.2512 0.4167 0.2715 0.4011 0.3019 0.3999 0.3019 0.3999 0.2767 0.4182 0.2502 0.4167 0.2502 0.4167 0.2512 0.4182 0.2502 0.4167 0.2512 0.4182 0.2512 0.4263 0.2715 0.4223 0.2572 0.4263 0.2572 0.3999 0.2312 0.3957 0.2312 0.3957 0.2502 0.3909 0.3182 0.2855 0.3019 0.3909 0.3019 0.3909 0.3182 0.2855 0.3182 0.2855 0.3019 0.4393 0.2715 0.4318 0.2715 0.4318 0.3000 0.4393 0.2715 0.4318 0.3000 0.4393 0.3000 0.4393 0.2572 0.4318 0.2572 0.4318 0.2369 0.4272 0.2715 0.4263 0.2572 0.4272 0.2572 0.3909 0.3201 0.2855 0.3182 0.3909 0.3182 0.4406 0.2572 0.4318 0.2369 0.4393 0.2272 0.3935 0.3182 0.3909 0.3182 0.3909 0.3019 0.3909 0.2178 0.3909 0.2312 0.3935 0.2312 0.4302 0.2715 0.4272 0.2572 0.4302 0.2572 0.3909 0.2178 0.2855 0.2178 0.3909 0.2312 0.4272 0.2512 0.4263 0.2512 0.4263 0.2715 0.4263 0.2502 0.4223 0.2502 0.4223 0.2512 0.3935 0.3201 0.3909 0.3201 0.3935 0.3182 0.4263 0.2502 0.4223 0.2512 0.4263 0.2512 0.4263 0.2767 0.4223 0.2715 0.4263 0.2715 0.4272 0.2502 0.4263 0.2512 0.4272 0.2512 0.4272 0.2502 0.4263 0.2502 0.4263 0.2512 0.3957 0.3182 0.3935 0.3019 0.3957 0.3019 0.4467 0.2715 0.4406 0.2715 0.4406 0.3000 0.4467 0.2715 0.4406 0.3000 0.4467 0.3000 0.4272 0.2767 0.4263 0.2767 0.4263 0.2715 0.4471 0.2715 0.4471 0.3000 0.4531 0.3000 0.4272 0.2767 0.4263 0.2715 0.4272 0.2715 0.4471 0.2715 0.4467 0.2715 0.4467 0.3000 0.4471 0.2715 0.4467 0.3000 0.4471 0.3000 0.4086 0.3019 0.4011 0.3019 0.4011 0.2767 0.4086 0.3019 0.4086 0.2767 0.4094 0.2767 0.4094 0.2312 0.4086 0.2502 0.4094 0.2502 0.3935 0.2178 0.3909 0.2178 0.3935 0.2312 0.4086 0.3019 0.4011 0.2767 0.4086 0.2767 0.4302 0.2512 0.4302 0.2715 0.4318 0.2715 0.4302 0.2512 0.4272 0.2512 0.4272 0.2715 0.3957 0.2178 0.3935 0.2312 0.3957 0.2312 0.4094 0.3019 0.4094 0.2767 0.4167 0.2767 0.4094 0.3019 0.4086 0.3019 0.4094 0.2767 0.4302 0.2767 0.4272 0.2767 0.4272 0.2715 0.4318 0.2512 0.4302 0.2512 0.4318 0.2715 0.4318 0.2502 0.4302 0.2502 0.4302 0.2512 0.4302 0.2767 0.4272 0.2715 0.4302 0.2715 0.4318 0.2502 0.4302 0.2512 0.4318 0.2512 0.3999 0.2178 0.3957 0.2178 0.3957 0.2312 0.3999 0.2178 0.3957 0.2312 0.3999 0.2312 0.4167 0.2312 0.4094 0.2312 0.4094 0.2502 0.4167 0.2312 0.4094 0.2502 0.4167 0.2502 0.4011 0.2178 0.3999 0.2312 0.4011 0.2312 0.4011 0.2178 0.3999 0.2178 0.3999 0.2312 0.4182 0.2312 0.4167 0.2312 0.4167 0.2502 0.4011 0.3182 0.3999 0.3182 0.3999 0.3019 0.4011 0.3182 0.3999 0.3019 0.4011 0.3019 0.4393 0.2512 0.4318 0.2512 0.4318 0.2715 0.4011 0.3201 0.3999 0.3201 0.3999 0.3182 0.4393 0.2502 0.4318 0.2502 0.4318 0.2512 0.4406 0.2512 0.4406 0.2715 0.4467 0.2715 0.4406 0.2512 0.4393 0.2715 0.4406 0.2715 0.4223 0.2312 0.4182 0.2502 0.4223 0.2502 0.4223 0.2312 0.4182 0.2312 0.4182 0.2502 0.4086 0.2178 0.4011 0.2178 0.4011 0.2312 0.4094 0.2178 0.4086 0.2178 0.4094 0.2312 0.4094 0.2178 0.4094 0.2312 0.4167 0.2312 0.4406 0.2715 0.4393 0.2715 0.4393 0.2572 0.4406 0.2715 0.4393 0.2572 0.4406 0.2572 0.4263 0.2312 0.4223 0.2312 0.4223 0.2502 0.4263 0.2312 0.4223 0.2502 0.4263 0.2502 0.3909 0.2048 0.2855 0.1968 0.2855 0.2178 0.4467 0.2512 0.4406 0.2512 0.4467 0.2715 0.4467 0.2512 0.4467 0.2715 0.4471 0.2715 0.4467 0.2512 0.4467 0.2502 0.4406 0.2512 0.4272 0.2312 0.4263 0.2312 0.4263 0.2502 0.4393 0.2767 0.4318 0.2715 0.4393 0.2715 0.3935 0.2048 0.3909 0.2048 0.3909 0.2178 0.4086 0.3182 0.4011 0.3182 0.4011 0.3019 0.4302 0.2312 0.4272 0.2312 0.4272 0.2502 0.4094 0.3182 0.4086 0.3182 0.4086 0.3019 0.4302 0.2312 0.4272 0.2502 0.4302 0.2502 0.4406 0.2767 0.4393 0.2715 0.4406 0.2715 0.4406 0.2767 0.4393 0.2767 0.4393 0.2715 0.3999 0.3320 0.3957 0.3201 0.3999 0.3201 0.3999 0.3320 0.3957 0.3320 0.3957 0.3201 0.4318 0.2312 0.4302 0.2312 0.4302 0.2502 0.4318 0.2312 0.4302 0.2502 0.4318 0.2502 0.4086 0.3201 0.4011 0.3182 0.4086 0.3182 0.4182 0.2178 0.4167 0.2178 0.4167 0.2312 0.4223 0.3019 0.4182 0.2767 0.4223 0.2767 0.4182 0.2178 0.4167 0.2312 0.4182 0.2312 0.3999 0.2048 0.3957 0.2048 0.3957 0.2178 0.4011 0.3320 0.3999 0.3320 0.3999 0.3201 0.4094 0.3201 0.4086 0.3182 0.4094 0.3182 0.4094 0.3201 0.4086 0.3201 0.4086 0.3182 0.4467 0.2715 0.4406 0.2715 0.4406 0.2572 0.3909 0.3515 0.3909 0.3516 0.2855 0.3636 0.3909 0.3515 0.3909 0.3320 0.3935 0.3320 0.4263 0.2178 0.4223 0.2312 0.4263 0.2312 0.4263 0.2178 0.4223 0.2178 0.4223 0.2312 0.3909 0.1968 0.3909 0.2048 0.3935 0.2048 0.3909 0.1968 0.2855 0.1968 0.3909 0.2048 0.4272 0.3019 0.4263 0.2767 0.4272 0.2767 0.4272 0.2178 0.4263 0.2178 0.4263 0.2312 0.4467 0.2767 0.4406 0.2767 0.4467 0.2715 0.4471 0.2767 0.4467 0.2767 0.4467 0.2715 0.4094 0.2048 0.4086 0.2178 0.4094 0.2178 0.4167 0.3182 0.4094 0.3019 0.4167 0.3019 0.3935 0.1968 0.3909 0.1968 0.3935 0.2048 0.4302 0.2178 0.4272 0.2178 0.4272 0.2312 0.4086 0.3320 0.4011 0.3201 0.4086 0.3201 0.4318 0.2178 0.4302 0.2178 0.4302 0.2312 0.4318 0.2178 0.4302 0.2312 0.4318 0.2312 0.4318 0.2178 0.4393 0.2312 0.4406 0.2312 0.3957 0.1968 0.3935 0.1968 0.3935 0.2048 0.3999 0.1968 0.3957 0.1968 0.3957 0.2048 0.4302 0.3019 0.4272 0.3019 0.4272 0.2767 0.3957 0.3515 0.3935 0.3515 0.3935 0.3320 0.4011 0.1968 0.3999 0.2048 0.4011 0.2048 0.3957 0.3515 0.3957 0.3320 0.3999 0.3320 0.4094 0.3320 0.4086 0.3320 0.4094 0.3201 0.4011 0.1968 0.3999 0.1968 0.3999 0.2048 0.4182 0.3201 0.4167 0.3182 0.4182 0.3182 0.4318 0.3019 0.4302 0.3019 0.4302 0.2767 0.4531 0.2767 0.4531 0.2715 0.4990 0.3201 0.4086 0.1968 0.4011 0.1968 0.4011 0.2048 0.4531 0.2767 0.4471 0.2715 0.4531 0.2715 0.4086 0.1968 0.4011 0.2048 0.4086 0.2048 0.4263 0.2048 0.4223 0.2048 0.4223 0.2178 0.4263 0.2048 0.4223 0.2178 0.4263 0.2178 0.4223 0.3201 0.4182 0.3182 0.4223 0.3182 0.4223 0.3201 0.4182 0.3201 0.4182 0.3182 0.4011 0.3515 0.4011 0.3320 0.4086 0.3320 0.4011 0.3515 0.3999 0.3515 0.4011 0.3320 0.1173 0.1720 0.1173 0.0628 0.1173 0.0524 0.1173 0.6475 0.1173 0.5862 0.1173 0.6155 0.1173 0.9175 0.1173 0.8200 0.1173 0.8016 0.1173 0.9175 0.1173 0.9372 0.1173 0.8200 0.1173 0.4080 0.1173 0.4207 0.1173 0.3142 0.1173 0.4575 0.1173 0.4272 0.1173 0.4345 0.1173 0.7061 0.1173 0.6510 0.1173 0.6309 0.1173 0.1652 0.1173 0.0524 0.1173 0.0450 0.1173 0.1652 0.1173 0.1720 0.1173 0.0524 0.1173 0.9021 0.1173 0.9175 0.1173 0.8016 0.1173 0.9512 0.1173 0.9325 0.1173 0.8263 0.1173 0.4677 0.1173 0.4430 0.1173 0.4575 0.1173 0.9512 0.1173 0.8263 0.1173 0.8348 0.1173 0.7357 0.1173 0.6510 0.1173 0.7061 0.1173 0.1625 0.1173 0.0450 0.1173 0.0430 0.1173 0.8728 0.1173 0.9021 0.1173 0.7908 0.1173 0.5000 0.1173 0.5920 0.1173 0.5000 0.1173 0.7884 0.1173 0.7114 0.1173 0.6931 0.1173 0.9538 0.1173 0.9512 0.1173 0.8348 0.1173 0.9538 0.1173 0.8348 0.1173 0.8368 0.1173 0.8517 0.1173 0.7627 0.1173 0.7478 0.1173 0.8141 0.1173 0.7478 0.1173 0.7114 0.1173 0.1632 0.1173 0.0430 0.1173 0.0462 0.1173 0.1632 0.1173 0.1625 0.1173 0.0430 0.1173 0.8141 0.1173 0.7114 0.1173 0.7884 0.1173 0.1652 0.1173 0.0462 0.1173 0.0488 0.1173 0.1652 0.1173 0.1632 0.1173 0.0462 0.1173 0.5793 0.1173 0.5920 0.1173 0.5000 0.1173 0.1737 0.1173 0.0488 0.1173 0.0675 0.1173 0.1737 0.1173 0.1652 0.1173 0.0488 0.1173 0.6858 0.1173 0.5920 0.1173 0.5793 0.1173 0.5000 0.1173 0.5000 0.1173 0.4080 0.1173 0.2373 0.1173 0.1483 0.1173 0.1272 0.1173 0.1982 0.1173 0.0675 0.1173 0.1085 0.1173 0.2886 0.1173 0.1859 0.1173 0.2522 0.1173 0.5000 0.1173 0.5323 0.1173 0.5000 0.1173 0.2886 0.1173 0.2116 0.1173 0.1859 0.1173 0.9570 0.1173 0.9538 0.1173 0.8368 0.1173 0.9570 0.1173 0.8368 0.1173 0.8375 0.1173 0.6515 0.1173 0.6858 0.1173 0.5793 0.1173 0.7643 0.1173 0.6858 0.1173 0.6515 0.1173 0.3069 0.1173 0.2116 0.1173 0.2886 0.1173 0.3069 0.1173 0.2643 0.1173 0.2116 0.1173 0.2370 0.1173 0.1982 0.1173 0.1085 0.1173 0.7118 0.1173 0.7643 0.1173 0.6515 0.1173 0.2092 0.1173 0.2373 0.1173 0.1272 0.1173 0.1681 0.1173 0.2370 0.1173 0.1085 0.1173 0.2092 0.1173 0.1272 0.1173 0.0979 0.1173 0.8319 0.1173 0.7643 0.1173 0.7118 0.1173 0.2882 0.1173 0.2370 0.1173 0.1681 0.1173 0.9550 0.1173 0.9570 0.1173 0.8375 0.1173 0.9550 0.1173 0.8375 0.1173 0.8348 0.1173 0.7630 0.1173 0.8319 0.1173 0.7118 0.1173 0.1984 0.1173 0.0979 0.1173 0.0825 0.1173 0.2357 0.1173 0.2882 0.1173 0.1681 0.1173 0.1984 0.1173 0.2092 0.1173 0.0979 0.1173 0.5570 0.1173 0.5323 0.1173 0.5000 0.1173 0.3485 0.1173 0.2882 0.1173 0.2357 0.1173 0.3490 0.1173 0.2643 0.1173 0.3069 0.1173 0.3490 0.1173 0.2939 0.1173 0.2643 0.1173 0.5570 0.1173 0.5425 0.1173 0.5323 0.1173 0.3691 0.1173 0.2939 0.1173 0.3490 0.1173 0.3691 0.1173 0.3525 0.1173 0.2939 0.1173 0.8915 0.1173 0.7630 0.1173 0.8018 0.1173 0.5728 0.1173 0.5425 0.1173 0.5570 0.1173 0.8915 0.1173 0.8319 0.1173 0.7630 0.1173 0.9476 0.1173 0.9550 0.1173 0.8348 0.1173 0.9476 0.1173 0.8348 0.1173 0.8280 0.1173 0.3142 0.1173 0.3485 0.1173 0.2357 0.1173 0.1800 0.1173 0.0825 0.1173 0.0628 0.1173 0.4138 0.1173 0.3525 0.1173 0.3691 0.1173 0.4207 0.1173 0.3485 0.1173 0.3142 0.1173 0.4138 0.1173 0.3845 0.1173 0.3525 0.1173 0.6155 0.1173 0.5862 0.1173 0.5655 0.1173 0.6155 0.1173 0.5655 0.1173 0.5728 0.1173 0.9325 0.1173 0.8018 0.1173 0.8263 0.0216 0.9581 0.0000 0.9488 0.0000 0.9722 0.0216 0.9113 0.0000 0.8920 0.0000 0.9172 0.0216 0.9113 0.0000 0.9172 0.0000 0.9394 0.0324 0.7705 0.0000 0.7734 0.0000 0.8210 0.0324 0.6880 0.0000 0.6587 0.0000 0.6906 0.0324 0.6880 0.0000 0.7445 0.0324 0.7705 0.0324 0.5944 0.0000 0.5663 0.0000 0.5951 0.0324 0.5944 0.0000 0.5951 0.0000 0.6587 0.0324 0.5000 0.0000 0.5000 0.0000 0.5663 0.0324 0.5000 0.0000 0.5663 0.0324 0.5944 0.0000 0.4374 0.0000 0.4734 0.0324 0.5000 0.0324 0.4029 0.0000 0.3737 0.0000 0.4374 0.0324 0.3069 0.0000 0.2782 0.0000 0.3737 0.0324 0.2249 0.0000 0.2782 0.0324 0.3069 0.0324 0.1493 0.0000 0.1912 0.0324 0.2249 0.0216 0.0887 0.0000 0.1236 0.0324 0.1493 0.0000 0.0663 0.0000 0.1236 0.0216 0.0887 0.0000 0.0278 0.0000 0.0663 0.0216 0.0419 0.0216 0.9581 0.0216 0.9113 0.0000 0.9394 0.0216 0.0887 0.0216 0.0419 0.0000 0.0663 0.0000 0.4374 0.0000 0.3737 0.0000 0.2782 0.0000 0.5000 0.0000 0.4734 0.0000 0.4374 0.0000 0.9722 0.0000 1.0000 0.0000 0.9722 0.0000 1.0000 0.0000 1.0000 0.0000 0.9722 0.0000 0.7218 0.0000 0.5626 0.0000 0.6263 0.0000 0.5663 0.0000 0.4374 0.0000 0.0663 0.0000 0.9337 0.0000 0.9394 0.0000 0.4337 0.0000 0.0000 0.0000 0.0278 0.0000 0.0000 0.0000 0.8764 0.0000 0.9337 0.0000 0.5626 0.0000 0.0278 0.0000 0.0278 0.0000 0.0000 0.0000 0.8764 0.0000 0.5626 0.0000 0.8088 0.0000 0.0606 0.0000 0.5663 0.0000 0.0663 0.0000 0.0606 0.0000 0.0278 0.0000 0.0512 0.0000 0.1080 0.0000 0.0606 0.0000 0.0828 0.0000 0.8210 0.0000 0.7445 0.0000 0.6906 0.0000 0.8210 0.0000 0.7734 0.0000 0.7445 0.0000 0.1790 0.0000 0.0606 0.0000 0.1469 0.0000 0.2555 0.0000 0.1790 0.0000 0.2266 0.0000 0.9394 0.0000 0.8920 0.0000 0.8531 0.0000 0.9394 0.0000 0.9172 0.0000 0.8920 0.0000 0.9394 0.0000 0.6906 0.0000 0.5663 0.0000 0.9394 0.0000 0.8210 0.0000 0.6906 0.0000 0.3094 0.0000 0.0606 0.0000 0.1790 0.0000 0.3094 0.0000 0.1790 0.0000 0.2555 0.0957 0.3492 0.0957 0.3234 0.1173 0.3525 0.0957 0.3819 0.1173 0.3525 0.1173 0.3845 0.0957 0.4060 0.1173 0.3845 0.1173 0.4272 0.0957 0.8744 0.0957 0.9222 0.1173 0.9021 0.1173 0.8728 0.0957 0.8744 0.1173 0.9021 0.0957 0.4113 0.0957 0.4060 0.1173 0.4272 0.0957 0.4113 0.0324 0.4056 0.0324 0.3999 0.0957 0.4256 0.0324 0.4056 0.0957 0.4113 0.0957 0.4256 0.1173 0.4272 0.1173 0.4430 0.0957 0.4946 0.1173 0.4430 0.1173 0.5000 0.0957 0.4946 0.0324 0.4942 0.0957 0.4418 0.0957 0.5000 0.0324 0.5000 0.0324 0.4942 0.0957 0.5000 0.0324 0.4942 0.0957 0.4946 0.0957 0.5000 0.0957 0.4946 0.1173 0.5000 0.0957 0.5894 0.1173 0.5000 0.1173 0.5920 0.0957 0.5894 0.0324 0.5951 0.0324 0.5000 0.0957 0.1256 0.0324 0.0887 0.0324 0.1493 0.0957 0.5894 0.0957 0.5000 0.1173 0.5000 0.0957 0.6814 0.1173 0.5920 0.1173 0.6858 0.1173 0.1085 0.0957 0.0936 0.0957 0.1256 0.0957 0.6814 0.0957 0.5941 0.1173 0.5920 0.1173 0.1085 0.0957 0.1256 0.1173 0.1681 0.0957 0.6899 0.0324 0.7751 0.0324 0.6931 0.0957 0.0671 0.0957 0.0936 0.1173 0.1085 0.0957 0.6899 0.0957 0.6814 0.1173 0.6858 0.0957 0.7585 0.1173 0.6858 0.1173 0.7643 0.0957 0.0398 0.0957 0.0671 0.1173 0.0675 0.1173 0.0488 0.0957 0.0398 0.1173 0.0675 0.0957 0.8295 0.0957 0.7703 0.1173 0.7643 0.0957 0.8394 0.0957 0.8295 0.1173 0.8319 0.1173 0.0462 0.0957 0.0398 0.1173 0.0488 0.0957 0.8394 0.0957 0.8744 0.0324 0.8507 0.0957 0.8394 0.0324 0.8507 0.0957 0.8295 0.0957 0.0331 0.0957 0.0398 0.1173 0.0462 0.0957 0.8596 0.0324 0.9113 0.0957 0.8744 0.0957 0.4059 0.0957 0.4088 0.1173 0.4080 0.1173 0.0430 0.0957 0.0331 0.1173 0.0462 0.0957 0.8277 0.0957 0.8596 0.1173 0.8517 0.0957 0.3186 0.0957 0.4059 0.1173 0.4080 0.0957 0.3186 0.0324 0.3069 0.0957 0.4059 0.0957 0.8277 0.0324 0.8488 0.0957 0.8596 0.0957 0.3186 0.1173 0.4080 0.1173 0.3142 0.0957 0.8211 0.0957 0.8277 0.1173 0.8141 0.0957 0.0455 0.0957 0.0331 0.1173 0.0450 0.0957 0.3101 0.0957 0.3186 0.1173 0.3142 0.1173 0.0524 0.0957 0.0455 0.1173 0.0450 0.0957 0.2415 0.1173 0.3142 0.1173 0.2357 0.0957 0.7948 0.0324 0.8488 0.0957 0.8211 0.0957 0.7542 0.1173 0.7884 0.1173 0.7357 0.0957 0.2297 0.0957 0.2415 0.1173 0.2357 0.0957 0.1705 0.1173 0.2357 0.1173 0.1681 0.1173 0.0628 0.0957 0.0455 0.1173 0.0524 0.0957 0.7410 0.0957 0.7542 0.1173 0.7357 0.0957 0.1705 0.0324 0.1493 0.0957 0.2297 0.0957 0.1606 0.0324 0.1493 0.0957 0.1705 0.0957 0.7108 0.1173 0.7357 0.1173 0.7061 0.1173 0.8915 0.0957 0.8744 0.1173 0.8319 0.0957 0.7108 0.0324 0.6880 0.0324 0.7705 0.0957 0.0778 0.0957 0.0455 0.1173 0.0628 0.1173 0.8915 0.0957 0.9064 0.0957 0.8744 0.0957 0.6766 0.1173 0.7061 0.1173 0.6475 0.0957 0.1404 0.0324 0.1505 0.0324 0.0887 0.1173 0.0825 0.0957 0.0778 0.1173 0.0628 0.0957 0.6508 0.0957 0.6766 0.1173 0.6475 0.1173 0.9325 0.0957 0.9329 0.1173 0.8915 0.0957 0.9602 0.0957 0.9329 0.1173 0.9325 0.0957 0.6181 0.1173 0.6475 0.1173 0.6155 0.0957 0.1789 0.0324 0.1512 0.0957 0.1716 0.1173 0.9512 0.0957 0.9602 0.1173 0.9325 0.0957 0.6181 0.0324 0.5944 0.0324 0.6880 0.0957 0.2052 0.0324 0.1512 0.0957 0.1789 0.1173 0.9538 0.0957 0.9602 0.1173 0.9512 0.0957 0.5887 0.0324 0.5944 0.0957 0.6181 0.0957 0.2052 0.0324 0.2278 0.0324 0.1512 0.0957 0.9669 0.0957 0.9602 0.1173 0.9538 0.0957 0.1256 0.0957 0.0778 0.1173 0.0979 0.0957 0.2443 0.0957 0.2052 0.1173 0.2116 0.1173 0.9570 0.0957 0.9669 0.1173 0.9538 0.0957 0.5744 0.0957 0.5887 0.1173 0.5728 0.1173 0.1272 0.0957 0.1256 0.1173 0.0979 0.0957 0.5582 0.1173 0.5728 0.1173 0.5570 0.0957 0.5582 0.1173 0.5570 0.1173 0.5000 0.0957 0.5582 0.1173 0.5000 0.0324 0.5000 0.0957 0.9545 0.0957 0.9669 0.1173 0.9550 0.1173 0.9476 0.0957 0.9545 0.1173 0.9550 0.0957 0.2892 0.1173 0.2643 0.1173 0.2939 0.0957 0.2892 0.0957 0.2590 0.1173 0.2643 0.0957 0.3216 0.0957 0.2892 0.1173 0.2939 0.0957 0.3216 0.1173 0.2939 0.1173 0.3525 0.1173 0.9372 0.0957 0.9545 0.1173 0.9476 0.0957 0.3216 0.0324 0.3101 0.0957 0.2892 0.0957 0.9222 0.0957 0.9545 0.1173 0.9372 0.0957 0.3234 0.0957 0.3216 0.1173 0.3525 0.1173 0.9175 0.0957 0.9222 0.1173 0.9372 0.0957 0.3492 0.0324 0.3999 0.0324 0.3120 0.4506 0.7032 0.4090 0.7032 0.4739 0.6315 0.4506 0.7796 0.4739 0.6315 0.5082 0.5773 0.4506 0.7796 0.4506 0.7032 0.4739 0.6315 0.7130 0.3253 0.5277 0.5000 0.5277 0.3253 0.7130 0.3253 0.5260 0.5222 0.5277 0.5000 0.7130 0.7796 0.5082 0.5773 0.5211 0.5447 0.7130 0.7796 0.5211 0.5447 0.5260 0.5222 0.7130 0.7796 0.5260 0.5222 0.7130 0.3253 0.7130 0.7796 0.4506 0.7796 0.5082 0.5773 0.5214 0.5434 0.7130 0.7796 0.5261 0.5216 0.5135 0.5658 0.7130 0.7796 0.5214 0.5434 0.4975 0.5970 0.7130 0.7796 0.5135 0.5658 0.4506 0.7796 0.7130 0.7796 0.4975 0.5970 0.4506 0.7796 0.4975 0.5970 0.4506 0.7032 0.4506 0.7581 0.4433 0.7581 0.4364 0.7581 0.4506 0.7581 0.4260 0.7581 0.4004 0.7581 0.4506 0.7581 0.4506 0.7581 0.4004 0.7581 0.5782 0.7581 0.5856 0.7581 0.4506 0.7581 0.5781 0.7581 0.4472 0.7581 0.4469 0.7581 0.5781 0.7581 0.4469 0.7581 0.4433 0.7581 0.5781 0.7581 0.4433 0.7581 0.4506 0.7581 0.5781 0.7581 0.5782 0.7581 0.4472 0.7581 0.5854 0.7581 0.5781 0.7581 0.4506 0.7581 0.5991 0.7581 0.4506 0.7581 0.5856 0.7581 0.4506 0.7581 0.5991 0.7581 0.5854 0.7581 0.4004 0.7581 0.3627 0.7927 0.3627 0.7581 0.3627 0.8095 0.3627 0.7927 0.4004 0.7581 0.4260 0.7581 0.3627 0.8095 0.4004 0.7581 0.4364 0.7581 0.3627 0.8095 0.4260 0.7581 0.4433 0.7581 0.3627 0.8095 0.4364 0.7581 0.4469 0.7581 0.3627 0.8107 0.3627 0.8095 0.4469 0.7581 0.3627 0.8095 0.4433 0.7581 0.4472 0.7581 0.3627 0.8107 0.4469 0.7581 0.4438 0.7581 0.3627 0.8107 0.4472 0.7581 0.4347 0.7581 0.3627 0.8107 0.4438 0.7581 0.4130 0.7581 0.3627 0.7581 0.3627 0.7811 0.4130 0.7581 0.3627 0.8107 0.4347 0.7581 0.5277 0.5000 0.5277 0.3253 0.5019 0.3253 0.4471 0.3796 0.5019 0.3253 0.4990 0.3201 0.5782 0.7581 0.5854 0.7796 0.5856 0.7581 0.5781 0.7581 0.5782 0.7796 0.5781 0.7796 0.5854 0.7581 0.5856 0.7796 0.5782 0.7796 0.5991 0.7581 0.5991 0.7796 0.5856 0.7796 0.5991 0.7581 0.5856 0.7796 0.5854 0.7581 0.7457 0.7796 0.7130 0.7796 0.5991 0.7796 0.7457 0.7796 0.7298 0.7796 0.7130 0.7796 0.7710 0.7796 0.7471 0.7796 0.7457 0.7796 0.7724 0.7796 0.7710 0.7796 0.7457 0.7796 0.8155 0.7796 0.7961 0.7796 0.7948 0.7796 0.8316 0.7796 0.8165 0.7796 0.8155 0.7796 0.8316 0.7796 0.8155 0.7796 0.7948 0.7796 0.8338 0.7796 0.8316 0.7796 0.7948 0.7796 0.8452 0.7796 0.5991 0.7796 0.5854 0.7796 0.8452 0.7796 0.5854 0.7796 0.5781 0.7796 0.8452 0.7796 0.5781 0.7796 0.5782 0.7796 0.8488 0.7796 0.8479 0.7796 0.8452 0.7796 0.8477 0.7796 0.8485 0.7796 0.8488 0.7796 0.8444 0.7796 0.8488 0.7796 0.8452 0.7796 0.8444 0.7796 0.8477 0.7796 0.8488 0.7796 0.8351 0.7796 0.8452 0.7796 0.7438 0.7796 0.8351 0.7796 0.8444 0.7796 0.8452 0.7796 0.7750 0.7796 0.8351 0.7796 0.7438 0.7796 0.8204 0.7796 0.8351 0.7796 0.7750 0.7796 0.8008 0.7796 0.8204 0.7796 0.7750 0.7796 0.4506 0.7796 0.4506 0.7032 0.4506 0.7327 0.4506 0.7581 0.4506 0.7796 0.4506 0.7327 0.4506 0.7796 0.4506 0.7581 0.4506 0.7581 0.4506 0.7796 0.4506 0.7796 0.4506 0.7581 0.4506 0.7581 0.4506 0.7796 0.4506 0.7581 0.4506 0.7796 0.4506 0.7327 0.4506 0.7032 0.4506 0.7796 0.4506 0.7581 0.4506 0.7327 0.4506 0.7581 0.5991 0.7796 0.5991 0.7581 0.4506 0.7796 0.5991 0.7796 0.4506 0.7581 0.2211 0.4902 0.2211 0.5186 0.2188 0.4902 0.2437 0.4497 0.2403 0.4554 0.2403 0.4497 0.2437 0.4497 0.2437 0.4554 0.2403 0.4554 0.2047 0.4554 0.2037 0.4847 0.2037 0.4554 0.2137 0.5588 0.2137 0.5858 0.2095 0.5588 0.2047 0.4554 0.2047 0.4847 0.2037 0.4847 0.2137 0.5588 0.2156 0.5858 0.2137 0.5858 0.2137 0.5588 0.2095 0.5588 0.2095 0.5536 0.2437 0.6139 0.2454 0.6280 0.2437 0.6280 0.2305 0.4256 0.2277 0.4497 0.2277 0.4256 0.2305 0.4256 0.2305 0.4497 0.2277 0.4497 0.2437 0.6139 0.2437 0.6280 0.2403 0.6139 0.2305 0.5903 0.2277 0.5903 0.2277 0.5858 0.2305 0.5903 0.2277 0.6125 0.2277 0.5903 0.2305 0.5903 0.2305 0.6125 0.2277 0.6125 0.2188 0.4847 0.2188 0.4902 0.2156 0.4847 0.2403 0.5240 0.2384 0.5536 0.2384 0.5240 0.2277 0.4204 0.2250 0.4256 0.2250 0.4204 0.2437 0.6125 0.2437 0.6139 0.2403 0.6139 0.2277 0.4204 0.2277 0.4256 0.2250 0.4256 0.2454 0.4497 0.2454 0.4554 0.2437 0.4554 0.2403 0.5240 0.2403 0.5536 0.2384 0.5536 0.2437 0.6125 0.2403 0.6139 0.2403 0.6125 0.2454 0.4497 0.2437 0.4554 0.2437 0.4497 0.2384 0.5186 0.2354 0.5240 0.2354 0.5186 0.2454 0.6139 0.2437 0.6139 0.2437 0.6125 0.2454 0.6139 0.2486 0.6280 0.2454 0.6280 0.2454 0.6139 0.2454 0.6280 0.2437 0.6139 0.2486 0.4554 0.2454 0.4847 0.2454 0.4554 0.2486 0.4554 0.2521 0.3560 0.2486 0.4847 0.2384 0.5186 0.2384 0.5240 0.2354 0.5240 0.2486 0.4554 0.2486 0.4847 0.2454 0.4847 0.2322 0.5903 0.2305 0.6125 0.2305 0.5903 0.2229 0.4902 0.2250 0.5186 0.2229 0.5186 0.2229 0.4902 0.2229 0.5186 0.2211 0.4902 0.2322 0.5903 0.2322 0.6125 0.2305 0.6125 0.2211 0.4053 0.2229 0.4204 0.2211 0.4204 0.2211 0.4053 0.2211 0.4204 0.2188 0.4053 0.2060 0.4554 0.2047 0.4847 0.2047 0.4554 0.2322 0.4256 0.2305 0.4497 0.2305 0.4256 0.2156 0.5588 0.2188 0.5858 0.2156 0.5858 0.2156 0.5588 0.2156 0.5858 0.2137 0.5588 0.2060 0.4554 0.2060 0.4847 0.2047 0.4847 0.2060 0.4554 0.2081 0.4847 0.2060 0.4847 0.2322 0.4256 0.2322 0.4497 0.2305 0.4497 0.2037 0.4497 0.2037 0.4554 0.2015 0.4554 0.2037 0.4497 0.2015 0.4497 0.2037 0.4256 0.2000 0.5240 0.2009 0.5536 0.1986 0.5240 0.2037 0.4497 0.2015 0.4554 0.2015 0.4497 0.2188 0.4002 0.2188 0.4053 0.2156 0.4002 0.2305 0.4204 0.2305 0.4256 0.2277 0.4256 0.2454 0.6125 0.2454 0.6139 0.2437 0.6125 0.2305 0.5858 0.2305 0.5903 0.2277 0.5858 0.2211 0.4847 0.2211 0.4902 0.2188 0.4902 0.2211 0.4847 0.2188 0.4902 0.2188 0.4847 0.2305 0.4204 0.2277 0.4256 0.2277 0.4204 0.2047 0.4497 0.2037 0.4554 0.2037 0.4497 0.2305 0.5858 0.2322 0.5903 0.2305 0.5903 0.2047 0.4497 0.2047 0.4554 0.2037 0.4554 0.2137 0.5536 0.2156 0.5588 0.2137 0.5588 0.2229 0.4053 0.2229 0.4204 0.2211 0.4053 0.2403 0.5186 0.2384 0.5240 0.2384 0.5186 0.2403 0.5186 0.2403 0.5240 0.2384 0.5240 0.2137 0.5536 0.2137 0.5588 0.2095 0.5536 0.2229 0.4053 0.2250 0.4204 0.2229 0.4204 0.2437 0.5240 0.2437 0.5536 0.2403 0.5536 0.2437 0.5240 0.2403 0.5536 0.2403 0.5240 0.2211 0.4002 0.2211 0.4053 0.2188 0.4053 0.2015 0.5240 0.2009 0.5536 0.2000 0.5240 0.2211 0.4002 0.2188 0.4053 0.2188 0.4002 0.2486 0.4497 0.2521 0.3560 0.2486 0.4554 0.2486 0.4497 0.2486 0.4554 0.2454 0.4554 0.2250 0.4902 0.2250 0.5186 0.2229 0.4902 0.2015 0.5240 0.2015 0.5536 0.2009 0.5536 0.2486 0.4497 0.2454 0.4554 0.2454 0.4497 0.2322 0.5858 0.2322 0.5903 0.2305 0.5858 0.2250 0.4902 0.2277 0.5186 0.2250 0.5186 0.2322 0.4204 0.2322 0.4256 0.2305 0.4256 0.2322 0.4204 0.2305 0.4256 0.2305 0.4204 0.2354 0.4256 0.2322 0.4497 0.2322 0.4256 0.2156 0.5536 0.2156 0.5588 0.2137 0.5536 0.2354 0.4256 0.2354 0.4497 0.2322 0.4497 0.2486 0.6139 0.2486 0.6280 0.2454 0.6139 0.2081 0.4554 0.2081 0.4847 0.2060 0.4554 0.2354 0.4256 0.2322 0.4256 0.2322 0.4204 0.2229 0.4847 0.2229 0.4902 0.2211 0.4902 0.2486 0.6139 0.2521 0.6440 0.2486 0.6280 0.2156 0.3880 0.2156 0.4002 0.2137 0.4002 0.2354 0.5903 0.2322 0.6125 0.2322 0.5903 0.2156 0.3880 0.2137 0.3880 0.2156 0.3836 0.2354 0.5903 0.2354 0.6125 0.2322 0.6125 0.2229 0.4847 0.2211 0.4902 0.2211 0.4847 0.2354 0.5903 0.2322 0.5903 0.2322 0.5858 0.2156 0.3880 0.2137 0.4002 0.2137 0.3880 0.2060 0.4497 0.2060 0.4554 0.2047 0.4554 0.2000 0.5186 0.1986 0.5240 0.1984 0.5186 0.2000 0.5186 0.2000 0.5240 0.1986 0.5240 0.2060 0.4497 0.2047 0.4554 0.2047 0.4497 0.2060 0.4497 0.2081 0.4554 0.2060 0.4554 0.2188 0.5588 0.2211 0.5858 0.2188 0.5858 0.2250 0.4053 0.2250 0.4204 0.2229 0.4053 0.2454 0.5240 0.2437 0.5536 0.2437 0.5240 0.2250 0.4053 0.2277 0.4204 0.2250 0.4204 0.2454 0.5240 0.2454 0.5536 0.2437 0.5536 0.2188 0.5588 0.2156 0.5588 0.2156 0.5536 0.2229 0.4002 0.2229 0.4053 0.2211 0.4053 0.2188 0.5588 0.2188 0.5858 0.2156 0.5588 0.2095 0.4554 0.2095 0.4847 0.2081 0.4847 0.2229 0.4002 0.2211 0.4053 0.2211 0.4002 0.2486 0.6125 0.2486 0.6139 0.2454 0.6139 0.2095 0.4554 0.2081 0.4847 0.2081 0.4554 0.2486 0.6125 0.2521 0.6440 0.2486 0.6139 0.2486 0.6125 0.2454 0.6139 0.2454 0.6125 0.2354 0.4204 0.2354 0.4256 0.2322 0.4204 0.2015 0.5186 0.2015 0.5240 0.2000 0.5240 0.2015 0.5186 0.2000 0.5240 0.2000 0.5186 0.2384 0.4256 0.2354 0.4497 0.2354 0.4256 0.2277 0.4902 0.2277 0.5186 0.2250 0.4902 0.2037 0.5240 0.2015 0.5536 0.2015 0.5240 0.2384 0.4256 0.2384 0.4497 0.2354 0.4497 0.2037 0.5240 0.2037 0.5536 0.2015 0.5536 0.2277 0.4902 0.2305 0.5186 0.2277 0.5186 0.2277 0.4053 0.2277 0.4204 0.2250 0.4053 0.2437 0.5186 0.2437 0.5240 0.2403 0.5240 0.2437 0.5186 0.2403 0.5240 0.2403 0.5186 0.2277 0.4053 0.2305 0.4204 0.2277 0.4204 0.2354 0.5858 0.2354 0.5903 0.2322 0.5858 0.2211 0.5588 0.2211 0.5858 0.2188 0.5588 0.2250 0.4847 0.2229 0.4902 0.2229 0.4847 0.2250 0.4002 0.2229 0.4053 0.2229 0.4002 0.2211 0.5588 0.2229 0.5858 0.2211 0.5858 0.2250 0.4002 0.2250 0.4053 0.2229 0.4053 0.2250 0.4847 0.2277 0.4902 0.2250 0.4902 0.2250 0.4847 0.2250 0.4902 0.2229 0.4902 0.2188 0.3880 0.2156 0.4002 0.2156 0.3880 0.2081 0.4497 0.2095 0.4554 0.2081 0.4554 0.2188 0.3880 0.2156 0.3880 0.2156 0.3836 0.2384 0.5903 0.2384 0.6125 0.2354 0.6125 0.2081 0.4497 0.2081 0.4554 0.2060 0.4497 0.2188 0.3880 0.2188 0.4002 0.2156 0.4002 0.2454 0.5186 0.2437 0.5240 0.2437 0.5186 0.2384 0.5903 0.2354 0.6125 0.2354 0.5903 0.2454 0.5186 0.2454 0.5240 0.2437 0.5240 0.2188 0.5536 0.2211 0.5588 0.2188 0.5588 0.2486 0.5240 0.2454 0.5536 0.2454 0.5240 0.2403 0.4256 0.2403 0.4497 0.2384 0.4497 0.2486 0.5240 0.2521 0.6440 0.2486 0.5536 0.2403 0.4256 0.2384 0.4497 0.2384 0.4256 0.2486 0.5240 0.2486 0.5536 0.2454 0.5536 0.2188 0.5536 0.2188 0.5588 0.2156 0.5536 0.2384 0.4204 0.2384 0.4256 0.2354 0.4256 0.2384 0.4204 0.2354 0.4256 0.2354 0.4204 0.2095 0.4497 0.2095 0.4554 0.2081 0.4497 0.2047 0.5240 0.2047 0.5536 0.2037 0.5536 0.2305 0.4902 0.2322 0.5186 0.2305 0.5186 0.2047 0.5240 0.2037 0.5536 0.2037 0.5240 0.2211 0.3880 0.2211 0.4002 0.2188 0.4002 0.2211 0.3880 0.2188 0.4002 0.2188 0.3880 0.2188 0.3836 0.2188 0.3880 0.2156 0.3836 0.2188 0.3836 0.2156 0.3836 0.2188 0.3772 0.2229 0.5588 0.2229 0.5858 0.2211 0.5588 0.2305 0.4902 0.2305 0.5186 0.2277 0.4902 0.2229 0.5588 0.2250 0.5858 0.2229 0.5858 0.2305 0.4053 0.2322 0.4204 0.2305 0.4204 0.2305 0.4053 0.2305 0.4204 0.2277 0.4053 0.2403 0.5903 0.2384 0.6125 0.2384 0.5903 0.2277 0.4847 0.2277 0.4902 0.2250 0.4847 0.2403 0.5903 0.2403 0.6125 0.2384 0.6125 0.2277 0.4002 0.2277 0.4053 0.2250 0.4053 0.2277 0.4002 0.2250 0.4053 0.2250 0.4002 0.2060 0.5240 0.2060 0.5536 0.2047 0.5536 0.2060 0.5240 0.2047 0.5536 0.2047 0.5240 0.2403 0.4204 0.2403 0.4256 0.2384 0.4256 0.2403 0.4204 0.2384 0.4256 0.2384 0.4204 0.2037 0.5186 0.2037 0.5240 0.2015 0.5240 0.2137 0.4554 0.2095 0.4847 0.2095 0.4554 0.2322 0.4053 0.2354 0.4204 0.2322 0.4204 0.2037 0.5186 0.2015 0.5240 0.2015 0.5186 0.2137 0.4554 0.2137 0.4847 0.2095 0.4847 0.2322 0.4053 0.2322 0.4204 0.2305 0.4053 0.2384 0.5858 0.2384 0.5903 0.2354 0.5903 0.2384 0.5858 0.2403 0.5903 0.2384 0.5903 0.2384 0.5858 0.2354 0.5903 0.2354 0.5858 0.2437 0.4256 0.2437 0.4497 0.2403 0.4497 0.2322 0.4902 0.2354 0.5186 0.2322 0.5186 0.2211 0.5536 0.2229 0.5588 0.2211 0.5588 0.2437 0.4256 0.2403 0.4497 0.2403 0.4256 0.2322 0.4902 0.2322 0.5186 0.2305 0.4902 0.2211 0.5536 0.2211 0.5588 0.2188 0.5536 0.2229 0.3880 0.2229 0.4002 0.2211 0.4002 0.2486 0.5186 0.2486 0.5240 0.2454 0.5240 0.2486 0.5186 0.2454 0.5240 0.2454 0.5186 0.2229 0.3880 0.2211 0.4002 0.2211 0.3880 0.2486 0.5186 0.2521 0.6440 0.2486 0.5240 0.2047 0.5186 0.2037 0.5240 0.2037 0.5186 0.2047 0.5186 0.2047 0.5240 0.2037 0.5240 0.2211 0.3836 0.2188 0.3880 0.2188 0.3836 0.2305 0.4847 0.2305 0.4902 0.2277 0.4902 0.2250 0.5588 0.2277 0.5858 0.2250 0.5858 0.2211 0.3836 0.2211 0.3880 0.2188 0.3880 0.2211 0.3836 0.2188 0.3836 0.2188 0.3772 0.2305 0.4847 0.2277 0.4902 0.2277 0.4847 0.2250 0.5588 0.2250 0.5858 0.2229 0.5588 0.2305 0.4002 0.2305 0.4053 0.2277 0.4053 0.2305 0.4002 0.2277 0.4053 0.2277 0.4002 0.2403 0.5858 0.2403 0.5903 0.2384 0.5858 0.2454 0.4256 0.2454 0.4497 0.2437 0.4497 0.2156 0.4554 0.2137 0.4847 0.2137 0.4554 0.2454 0.4256 0.2437 0.4497 0.2437 0.4256 0.2081 0.5240 0.2060 0.5536 0.2060 0.5240 0.2081 0.5240 0.2095 0.5536 0.2081 0.5536 0.2250 0.3880 0.2250 0.4002 0.2229 0.4002 0.2081 0.5240 0.2081 0.5536 0.2060 0.5536 0.2250 0.3880 0.2229 0.4002 0.2229 0.3880 0.2229 0.3836 0.2229 0.3880 0.2211 0.3880 0.2229 0.5536 0.2229 0.5588 0.2211 0.5536 0.2156 0.4554 0.2156 0.4847 0.2137 0.4847 0.2229 0.3836 0.2211 0.3880 0.2211 0.3836 0.2137 0.4497 0.2095 0.4554 0.2095 0.4497 0.2229 0.5536 0.2250 0.5588 0.2229 0.5588 0.2156 0.6139 0.2219 0.6280 0.2145 0.6139 0.2060 0.5186 0.2060 0.5240 0.2047 0.5240 0.2060 0.5186 0.2081 0.5240 0.2060 0.5240 0.2137 0.4497 0.2137 0.4554 0.2095 0.4554 0.2322 0.4002 0.2305 0.4053 0.2305 0.4002 0.2137 0.4497 0.2156 0.4554 0.2137 0.4554 0.2060 0.5186 0.2047 0.5240 0.2047 0.5186 0.2229 0.6280 0.2229 0.6294 0.2219 0.6280 0.2322 0.4002 0.2322 0.4053 0.2305 0.4053 0.2322 0.4847 0.2322 0.4902 0.2305 0.4902 0.2437 0.5903 0.2437 0.6125 0.2403 0.6125 0.2322 0.4847 0.2305 0.4902 0.2305 0.4847 0.2437 0.4204 0.2403 0.4256 0.2403 0.4204 0.2354 0.4902 0.2354 0.5186 0.2322 0.4902 0.2437 0.5903 0.2403 0.6125 0.2403 0.5903 0.2437 0.4204 0.2454 0.4256 0.2437 0.4256 0.2095 0.5240 0.2095 0.5536 0.2081 0.5240 0.2437 0.4204 0.2437 0.4256 0.2403 0.4256 0.2354 0.4902 0.2322 0.4902 0.2322 0.4847 0.2156 0.6125 0.2156 0.6139 0.2145 0.6139 0.2354 0.4053 0.2322 0.4053 0.2322 0.4002 0.2354 0.4902 0.2384 0.5186 0.2354 0.5186 0.2156 0.6125 0.2145 0.6139 0.2139 0.6125 0.2354 0.4053 0.2354 0.4204 0.2322 0.4053 0.2354 0.4053 0.2384 0.4204 0.2354 0.4204 0.2250 0.6294 0.2305 0.6379 0.2229 0.6294 0.2211 0.3772 0.2229 0.3836 0.2211 0.3836 0.2211 0.3772 0.2211 0.3836 0.2188 0.3772 0.2211 0.3772 0.2188 0.3772 0.2211 0.3733 0.2277 0.5588 0.2305 0.5858 0.2277 0.5858 0.2454 0.4204 0.2454 0.4256 0.2437 0.4204 0.2250 0.6294 0.2229 0.6294 0.2229 0.6280 0.2156 0.4497 0.2156 0.4554 0.2137 0.4497 0.2277 0.5588 0.2277 0.5858 0.2250 0.5588 0.2250 0.3836 0.2250 0.3880 0.2229 0.3880 0.2250 0.6280 0.2250 0.6294 0.2229 0.6280 0.2250 0.3836 0.2229 0.3880 0.2229 0.3836 0.2250 0.5536 0.2277 0.5588 0.2250 0.5588 0.2250 0.5536 0.2250 0.5588 0.2229 0.5536 0.2454 0.5903 0.2454 0.6125 0.2437 0.6125 0.2486 0.4256 0.2486 0.4497 0.2454 0.4497 0.2486 0.4256 0.2454 0.4497 0.2454 0.4256 0.2486 0.4256 0.2521 0.3560 0.2486 0.4497 0.2454 0.5903 0.2437 0.6125 0.2437 0.5903 0.2188 0.6139 0.2156 0.6139 0.2156 0.6125 0.2277 0.3880 0.2250 0.4002 0.2250 0.3880 0.2081 0.5186 0.2081 0.5240 0.2060 0.5186 0.2188 0.6139 0.2219 0.6280 0.2156 0.6139 0.2277 0.3880 0.2250 0.3880 0.2250 0.3836 0.2188 0.4554 0.2188 0.4847 0.2156 0.4847 0.2188 0.4554 0.2156 0.4847 0.2156 0.4554 0.2277 0.3880 0.2277 0.4002 0.2250 0.4002 0.2188 0.4554 0.2156 0.4554 0.2156 0.4497 0.2188 0.6125 0.2188 0.6139 0.2156 0.6125 0.2047 0.4256 0.2037 0.4256 0.2047 0.4204 0.2437 0.5858 0.2437 0.5903 0.2403 0.5903 0.2437 0.5858 0.2403 0.5903 0.2403 0.5858 0.2354 0.4002 0.2354 0.4053 0.2322 0.4002 0.2437 0.5858 0.2454 0.5903 0.2437 0.5903 0.2047 0.4256 0.2037 0.4497 0.2037 0.4256 0.2047 0.4256 0.2047 0.4497 0.2037 0.4497 0.2384 0.4053 0.2384 0.4204 0.2354 0.4053 0.2277 0.6294 0.2305 0.6379 0.2250 0.6294 0.2277 0.6294 0.2250 0.6294 0.2250 0.6280 0.2384 0.4902 0.2384 0.5186 0.2354 0.4902 0.2384 0.4053 0.2403 0.4204 0.2384 0.4204 0.2384 0.4902 0.2403 0.5186 0.2384 0.5186 0.2229 0.3772 0.2250 0.3836 0.2229 0.3836 0.2095 0.5186 0.2081 0.5240 0.2081 0.5186 0.2081 0.5903 0.2139 0.6125 0.2070 0.5903 0.2229 0.3772 0.2229 0.3836 0.2211 0.3772 0.2095 0.5186 0.2095 0.5240 0.2081 0.5240 0.2354 0.4847 0.2354 0.4902 0.2322 0.4847 0.2454 0.5858 0.2454 0.5903 0.2437 0.5858 0.2277 0.3836 0.2277 0.3880 0.2250 0.3836 0.2305 0.5588 0.2305 0.5858 0.2277 0.5588 0.2277 0.6280 0.2277 0.6294 0.2250 0.6280 0.2305 0.5588 0.2322 0.5858 0.2305 0.5858 0.2305 0.3880 0.2277 0.4002 0.2277 0.3880 0.2060 0.4256 0.2047 0.4497 0.2047 0.4256 0.2060 0.4256 0.2060 0.4497 0.2047 0.4497 0.2305 0.3880 0.2305 0.4002 0.2277 0.4002 0.2277 0.5536 0.2277 0.5588 0.2250 0.5536 0.2277 0.5536 0.2305 0.5588 0.2277 0.5588 0.2486 0.4204 0.2454 0.4256 0.2454 0.4204 0.2486 0.4204 0.2521 0.3560 0.2486 0.4256 0.2486 0.5903 0.2454 0.6125 0.2454 0.5903 0.2211 0.6139 0.2219 0.6280 0.2188 0.6139 0.2486 0.4204 0.2486 0.4256 0.2454 0.4256 0.2486 0.5903 0.2454 0.5903 0.2454 0.5858 0.2486 0.5903 0.2521 0.6440 0.2486 0.6125 0.2486 0.5903 0.2486 0.6125 0.2454 0.6125 0.2403 0.4053 0.2437 0.4204 0.2403 0.4204 0.2137 0.5240 0.2095 0.5536 0.2095 0.5240 0.2095 0.5903 0.2139 0.6125 0.2081 0.5903 0.2403 0.4053 0.2403 0.4204 0.2384 0.4053 0.2211 0.4554 0.2188 0.4847 0.2188 0.4554 0.2211 0.6125 0.2211 0.6139 0.2188 0.6139 0.2229 0.3733 0.2211 0.3733 0.2250 0.3678 0.2229 0.3733 0.2211 0.3772 0.2211 0.3733 0.2229 0.3733 0.2229 0.3772 0.2211 0.3772 0.2211 0.4554 0.2211 0.4847 0.2188 0.4847 0.2137 0.5240 0.2137 0.5536 0.2095 0.5536 0.2403 0.4902 0.2437 0.5186 0.2403 0.5186 0.2137 0.5240 0.2156 0.5536 0.2137 0.5536 0.2211 0.6125 0.2188 0.6139 0.2188 0.6125 0.2403 0.4902 0.2403 0.5186 0.2384 0.4902 0.2250 0.3772 0.2277 0.3836 0.2250 0.3836 0.2081 0.5858 0.2095 0.5903 0.2081 0.5903 0.2250 0.3772 0.2250 0.3836 0.2229 0.3772 0.2081 0.5858 0.2070 0.5903 0.2060 0.5858 0.2322 0.5588 0.2322 0.5858 0.2305 0.5588 0.2081 0.5858 0.2081 0.5903 0.2070 0.5903 0.2384 0.4002 0.2354 0.4053 0.2354 0.4002 0.2384 0.4002 0.2384 0.4053 0.2354 0.4053 0.2322 0.5588 0.2354 0.5858 0.2322 0.5858 0.2188 0.4497 0.2188 0.4554 0.2156 0.4497 0.2305 0.5536 0.2305 0.5588 0.2277 0.5536 0.2305 0.6294 0.2277 0.6294 0.2277 0.6280 0.2305 0.6294 0.2305 0.6379 0.2277 0.6294 0.2322 0.3880 0.2305 0.4002 0.2305 0.3880 0.2305 0.5536 0.2322 0.5588 0.2305 0.5588 0.2354 0.6379 0.2384 0.6428 0.2307 0.6380 0.2322 0.3880 0.2322 0.4002 0.2305 0.4002 0.2384 0.4847 0.2384 0.4902 0.2354 0.4902 0.2384 0.4847 0.2354 0.4902 0.2354 0.4847 0.2384 0.4847 0.2403 0.4902 0.2384 0.4902 0.2486 0.5858 0.2521 0.6440 0.2486 0.5903 0.2486 0.5858 0.2486 0.5903 0.2454 0.5858 0.2305 0.6280 0.2305 0.6294 0.2277 0.6280 0.2305 0.3836 0.2305 0.3880 0.2277 0.3880 0.2305 0.3836 0.2277 0.3880 0.2277 0.3836 0.2000 0.4902 0.1982 0.4902 0.1983 0.4847 0.2000 0.4902 0.1984 0.5186 0.1982 0.4902 0.2250 0.3733 0.2229 0.3733 0.2250 0.3678 0.2081 0.4256 0.2060 0.4497 0.2060 0.4256 0.2000 0.4902 0.2015 0.5186 0.2000 0.5186 0.2229 0.6139 0.2219 0.6280 0.2211 0.6139 0.2000 0.4902 0.2000 0.5186 0.1984 0.5186 0.2250 0.3733 0.2229 0.3772 0.2229 0.3733 0.2081 0.4256 0.2081 0.4497 0.2060 0.4497 0.2250 0.3733 0.2250 0.3772 0.2229 0.3772 0.2229 0.6139 0.2250 0.6280 0.2229 0.6280 0.2403 0.4002 0.2403 0.4053 0.2384 0.4053 0.2403 0.4002 0.2384 0.4053 0.2384 0.4002 0.2229 0.6139 0.2229 0.6280 0.2219 0.6280 0.2277 0.3772 0.2277 0.3836 0.2250 0.3772 0.2156 0.5240 0.2156 0.5536 0.2137 0.5240 0.2277 0.3772 0.2250 0.3772 0.2250 0.3733 0.2277 0.3772 0.2305 0.3836 0.2277 0.3836 0.2156 0.5240 0.2188 0.5536 0.2156 0.5536 0.2437 0.4053 0.2454 0.4204 0.2437 0.4204 0.2229 0.6125 0.2229 0.6139 0.2211 0.6139 0.2229 0.4554 0.2211 0.4847 0.2211 0.4554 0.2437 0.4053 0.2437 0.4204 0.2403 0.4053 0.2229 0.4554 0.2229 0.4847 0.2211 0.4847 0.2229 0.6125 0.2211 0.6139 0.2211 0.6125 0.2060 0.4204 0.2047 0.4204 0.2081 0.4053 0.2060 0.4204 0.2047 0.4256 0.2047 0.4204 0.2060 0.4204 0.2060 0.4256 0.2047 0.4256 0.2137 0.5186 0.2156 0.5240 0.2137 0.5240 0.2137 0.5186 0.2137 0.5240 0.2095 0.5240 0.2322 0.3836 0.2322 0.3880 0.2305 0.3880 0.2137 0.5186 0.2095 0.5240 0.2095 0.5186 0.2322 0.3836 0.2305 0.3880 0.2305 0.3836 0.2095 0.5858 0.2095 0.5903 0.2081 0.5858 0.2322 0.6294 0.2307 0.6380 0.2305 0.6379 0.2322 0.5536 0.2322 0.5588 0.2305 0.5536 0.2354 0.3880 0.2354 0.4002 0.2322 0.4002 0.2354 0.3880 0.2322 0.4002 0.2322 0.3880 0.2322 0.6294 0.2305 0.6294 0.2305 0.6280 0.2322 0.6294 0.2305 0.6379 0.2305 0.6294 0.2354 0.3880 0.2322 0.3880 0.2322 0.3836 0.2211 0.4497 0.2211 0.4554 0.2188 0.4554 0.2354 0.5588 0.2354 0.5858 0.2322 0.5588 0.2322 0.6294 0.2354 0.6379 0.2307 0.6380 0.2211 0.4497 0.2229 0.4554 0.2211 0.4554 0.2354 0.5588 0.2322 0.5588 0.2322 0.5536 0.2454 0.4053 0.2486 0.4204 0.2454 0.4204 0.2211 0.4497 0.2188 0.4554 0.2188 0.4497 0.2354 0.5588 0.2384 0.5858 0.2354 0.5858 0.2454 0.4053 0.2454 0.4204 0.2437 0.4053 0.2322 0.6280 0.2322 0.6294 0.2305 0.6280 0.2403 0.4847 0.2403 0.4902 0.2384 0.4847 0.2015 0.4902 0.2015 0.5186 0.2000 0.4902 0.2277 0.3733 0.2250 0.3733 0.2250 0.3678 0.2437 0.4902 0.2437 0.5186 0.2403 0.4902 0.2277 0.3733 0.2277 0.3772 0.2250 0.3733 0.2250 0.6139 0.2250 0.6280 0.2229 0.6139 0.2015 0.4902 0.2037 0.5186 0.2015 0.5186 0.2437 0.4902 0.2454 0.5186 0.2437 0.5186 0.2000 0.4847 0.1983 0.4847 0.2000 0.4554 0.2305 0.3772 0.2305 0.3836 0.2277 0.3772 0.2095 0.4256 0.2095 0.4497 0.2081 0.4497 0.2000 0.4847 0.2015 0.4902 0.2000 0.4902 0.2250 0.6139 0.2229 0.6139 0.2229 0.6125 0.2305 0.3772 0.2322 0.3836 0.2305 0.3836 0.2095 0.4256 0.2081 0.4497 0.2081 0.4256 0.2000 0.4847 0.2000 0.4902 0.1983 0.4847 0.2250 0.6139 0.2277 0.6280 0.2250 0.6280 0.2437 0.4002 0.2403 0.4053 0.2403 0.4002 0.2384 0.6379 0.2388 0.6429 0.2384 0.6428 0.2437 0.4002 0.2437 0.4053 0.2403 0.4053 0.2156 0.5186 0.2156 0.5240 0.2137 0.5186 0.2437 0.4002 0.2454 0.4053 0.2437 0.4053 0.2384 0.6379 0.2384 0.6428 0.2354 0.6379 0.2188 0.5240 0.2156 0.5240 0.2156 0.5186 0.2354 0.3836 0.2354 0.3880 0.2322 0.3836 0.2322 0.3772 0.2322 0.3836 0.2305 0.3772 0.2250 0.4554 0.2277 0.4847 0.2250 0.4847 0.2250 0.6125 0.2250 0.6139 0.2229 0.6125 0.2322 0.3772 0.2354 0.3836 0.2322 0.3836 0.2188 0.5240 0.2188 0.5536 0.2156 0.5240 0.2137 0.5903 0.2139 0.6125 0.2095 0.5903 0.2188 0.5240 0.2211 0.5536 0.2188 0.5536 0.2250 0.4554 0.2229 0.4847 0.2229 0.4554 0.2250 0.4554 0.2250 0.4847 0.2229 0.4847 0.2354 0.5536 0.2354 0.5588 0.2322 0.5536 0.2137 0.5903 0.2095 0.5903 0.2095 0.5858 0.2384 0.3880 0.2354 0.4002 0.2354 0.3880 0.2081 0.4204 0.2095 0.4256 0.2081 0.4256 0.2384 0.5588 0.2403 0.5858 0.2384 0.5858 0.2081 0.4204 0.2081 0.4256 0.2060 0.4256 0.2384 0.3880 0.2384 0.4002 0.2354 0.4002 0.2081 0.4204 0.2060 0.4256 0.2060 0.4204 0.2081 0.4204 0.2060 0.4204 0.2081 0.4053 0.2384 0.5588 0.2384 0.5858 0.2354 0.5588 0.2354 0.6294 0.2322 0.6294 0.2322 0.6280 0.2354 0.6294 0.2384 0.6379 0.2354 0.6379 0.2354 0.6294 0.2354 0.6379 0.2322 0.6294 0.2454 0.4002 0.2454 0.4053 0.2437 0.4002 0.2305 0.3733 0.2277 0.3772 0.2277 0.3733 0.2305 0.3733 0.2305 0.3772 0.2277 0.3772 0.2037 0.4902 0.2037 0.5186 0.2015 0.4902 0.2486 0.4053 0.2521 0.3560 0.2486 0.4204 0.2486 0.4053 0.2454 0.4053 0.2454 0.4002 0.2403 0.6379 0.2388 0.6429 0.2384 0.6379 0.2486 0.4053 0.2486 0.4204 0.2454 0.4053 0.2354 0.6280 0.2354 0.6294 0.2322 0.6280 0.2229 0.4497 0.2229 0.4554 0.2211 0.4497 0.2037 0.4902 0.2047 0.5186 0.2037 0.5186 0.2277 0.3678 0.2250 0.3678 0.2277 0.3647 0.2015 0.4847 0.2000 0.4847 0.2000 0.4554 0.2277 0.3678 0.2305 0.3733 0.2277 0.3733 0.2015 0.4847 0.2015 0.4902 0.2000 0.4847 0.2277 0.3678 0.2277 0.3733 0.2250 0.3678 0.2454 0.4902 0.2454 0.5186 0.2437 0.4902 0.2454 0.4902 0.2486 0.5186 0.2454 0.5186 0.2277 0.6139 0.2305 0.6280 0.2277 0.6280 0.2047 0.4902 0.2060 0.5186 0.2047 0.5186 0.2437 0.4847 0.2437 0.4902 0.2403 0.4902 0.2437 0.4847 0.2403 0.4902 0.2403 0.4847 0.2047 0.4902 0.2047 0.5186 0.2037 0.4902 0.2277 0.6139 0.2250 0.6139 0.2250 0.6125 0.2403 0.3880 0.2384 0.4002 0.2384 0.3880 0.2403 0.3880 0.2403 0.4002 0.2384 0.4002 0.2277 0.6139 0.2277 0.6280 0.2250 0.6139 0.2322 0.3733 0.2322 0.3772 0.2305 0.3772 0.2095 0.4204 0.2095 0.4256 0.2081 0.4204 0.2095 0.4204 0.2081 0.4204 0.2081 0.4053 0.2322 0.3733 0.2305 0.3772 0.2305 0.3733 0.2156 0.5903 0.2156 0.6125 0.2139 0.6125 0.2384 0.3836 0.2354 0.3880 0.2354 0.3836 0.2211 0.5240 0.2211 0.5536 0.2188 0.5240 0.2384 0.3836 0.2384 0.3880 0.2354 0.3880 0.2156 0.5903 0.2139 0.6125 0.2137 0.5903 0.2277 0.4554 0.2277 0.4847 0.2250 0.4554 0.2354 0.3772 0.2354 0.3836 0.2322 0.3772 0.2403 0.5588 0.2437 0.5858 0.2403 0.5858 0.2354 0.3772 0.2322 0.3772 0.2322 0.3733 0.2250 0.4497 0.2277 0.4554 0.2250 0.4554 0.2354 0.3772 0.2384 0.3836 0.2354 0.3836 0.2403 0.5588 0.2403 0.5858 0.2384 0.5588 0.2137 0.5858 0.2137 0.5903 0.2095 0.5858 0.2305 0.3678 0.2305 0.3733 0.2277 0.3678 0.2188 0.5186 0.2211 0.5240 0.2188 0.5240 0.2137 0.5858 0.2156 0.5903 0.2137 0.5903 0.2305 0.3678 0.2322 0.3733 0.2305 0.3733 0.2486 0.4002 0.2521 0.3560 0.2486 0.4053 0.2486 0.4002 0.2486 0.4053 0.2454 0.4002 0.2277 0.6125 0.2277 0.6139 0.2250 0.6125 0.2188 0.5186 0.2188 0.5240 0.2156 0.5186 0.2384 0.6294 0.2384 0.6379 0.2354 0.6294 0.2384 0.6294 0.2403 0.6379 0.2384 0.6379 0.2250 0.4497 0.2250 0.4554 0.2229 0.4554 0.2384 0.5536 0.2403 0.5588 0.2384 0.5588 0.2403 0.3836 0.2384 0.3880 0.2384 0.3836 0.2250 0.4497 0.2229 0.4554 0.2229 0.4497 0.2384 0.5536 0.2354 0.5588 0.2354 0.5536 0.2384 0.5536 0.2384 0.5588 0.2354 0.5588 0.2437 0.6379 0.2452 0.6444 0.2388 0.6429 0.2403 0.3836 0.2403 0.3880 0.2384 0.3880 0.2454 0.4847 0.2437 0.4902 0.2437 0.4847 0.2305 0.3647 0.2277 0.3647 0.2322 0.3607 0.2454 0.4847 0.2454 0.4902 0.2437 0.4902 0.2437 0.6379 0.2388 0.6429 0.2403 0.6379 0.2305 0.3647 0.2277 0.3678 0.2277 0.3647 0.2060 0.4902 0.2060 0.5186 0.2047 0.4902 0.2305 0.3647 0.2305 0.3678 0.2277 0.3678 0.2486 0.4902 0.2521 0.6440 0.2486 0.5186 0.2486 0.4902 0.2521 0.3560 0.2521 0.6440 0.2486 0.4902 0.2486 0.5186 0.2454 0.4902 0.2322 0.3678 0.2322 0.3733 0.2305 0.3678 0.2060 0.4902 0.2081 0.5186 0.2060 0.5186 0.2037 0.4847 0.2015 0.4902 0.2015 0.4847 0.2437 0.3880 0.2437 0.4002 0.2403 0.4002 0.2156 0.5858 0.2156 0.5903 0.2137 0.5858 0.2305 0.6139 0.2322 0.6280 0.2305 0.6280 0.2137 0.4256 0.2137 0.4497 0.2095 0.4497 0.2037 0.4847 0.2037 0.4902 0.2015 0.4902 0.2305 0.6139 0.2305 0.6280 0.2277 0.6139 0.2437 0.3880 0.2403 0.4002 0.2403 0.3880 0.2137 0.4256 0.2095 0.4497 0.2095 0.4256 0.2229 0.5240 0.2250 0.5536 0.2229 0.5536 0.2137 0.4256 0.2095 0.4256 0.2095 0.4204 0.2384 0.6280 0.2354 0.6294 0.2354 0.6280 0.2354 0.3733 0.2354 0.3772 0.2322 0.3733 0.2229 0.5240 0.2229 0.5536 0.2211 0.5536 0.2384 0.6280 0.2384 0.6294 0.2354 0.6294 0.2354 0.3733 0.2322 0.3733 0.2322 0.3678 0.2305 0.4554 0.2305 0.4847 0.2277 0.4847 0.2229 0.5240 0.2211 0.5536 0.2211 0.5240 0.2384 0.3772 0.2384 0.3836 0.2354 0.3772 0.2384 0.3772 0.2403 0.3836 0.2384 0.3836 0.2015 0.5536 0.2015 0.5588 0.2009 0.5536 0.2305 0.4554 0.2277 0.4847 0.2277 0.4554 0.2305 0.6125 0.2277 0.6139 0.2277 0.6125 0.2322 0.3647 0.2305 0.3647 0.2322 0.3607 0.2047 0.4847 0.2037 0.4902 0.2037 0.4847 0.2305 0.6125 0.2305 0.6139 0.2277 0.6139 0.2322 0.3647 0.2305 0.3678 0.2305 0.3647 0.2047 0.4847 0.2047 0.4902 0.2037 0.4902 0.2322 0.3647 0.2322 0.3678 0.2305 0.3678 0.2454 0.3880 0.2454 0.4002 0.2437 0.4002 0.2037 0.5588 0.2060 0.5858 0.2015 0.5588 0.2454 0.3880 0.2437 0.4002 0.2437 0.3880 0.2211 0.5186 0.2211 0.5240 0.2188 0.5186 0.2211 0.5186 0.2229 0.5240 0.2211 0.5240 0.2037 0.5588 0.2015 0.5588 0.2015 0.5536 0.2403 0.5536 0.2403 0.5588 0.2384 0.5536 0.2437 0.3836 0.2403 0.3880 0.2403 0.3836 0.2437 0.3836 0.2437 0.3880 0.2403 0.3880 0.2277 0.4497 0.2277 0.4554 0.2250 0.4497 0.2188 0.5903 0.2156 0.6125 0.2156 0.5903 0.2437 0.5588 0.2454 0.5858 0.2437 0.5858 0.2437 0.5588 0.2437 0.5858 0.2403 0.5588 0.2188 0.5903 0.2156 0.5903 0.2156 0.5858 0.2403 0.3772 0.2403 0.3836 0.2384 0.3772 0.2188 0.5903 0.2188 0.6125 0.2156 0.6125 0.2250 0.5240 0.2250 0.5536 0.2229 0.5240 0.2403 0.3772 0.2437 0.3836 0.2403 0.3836 0.2156 0.4256 0.2156 0.4497 0.2137 0.4497 0.2403 0.6294 0.2384 0.6294 0.2384 0.6280 0.2403 0.6294 0.2403 0.6379 0.2384 0.6294 0.2403 0.6294 0.2437 0.6379 0.2403 0.6379 0.2384 0.3733 0.2354 0.3772 0.2354 0.3733 0.2156 0.4256 0.2137 0.4497 0.2137 0.4256 0.2384 0.3733 0.2384 0.3772 0.2354 0.3772 0.2454 0.6379 0.2454 0.6445 0.2452 0.6444 0.2454 0.6379 0.2452 0.6444 0.2437 0.6379 0.2354 0.3678 0.2354 0.3733 0.2322 0.3678 0.2137 0.4204 0.2137 0.4256 0.2095 0.4204 0.2354 0.3678 0.2384 0.3733 0.2354 0.3733 0.2322 0.6139 0.2354 0.6280 0.2322 0.6280 0.2486 0.4847 0.2454 0.4902 0.2454 0.4847 0.2322 0.6139 0.2322 0.6280 0.2305 0.6139 0.2486 0.4847 0.2486 0.4902 0.2454 0.4902 0.2486 0.4847 0.2521 0.3560 0.2486 0.4902 0.2081 0.4902 0.2095 0.5186 0.2081 0.5186 0.2454 0.3836 0.2454 0.3880 0.2437 0.3880 0.2322 0.6139 0.2305 0.6139 0.2305 0.6125 0.2454 0.3836 0.2437 0.3880 0.2437 0.3836 0.2081 0.4902 0.2081 0.5186 0.2060 0.4902 0.2060 0.4847 0.2060 0.4902 0.2047 0.4902 0.2354 0.3647 0.2322 0.3607 0.2354 0.3587 0.2322 0.4554 0.2322 0.4847 0.2305 0.4847 0.2354 0.3647 0.2322 0.3647 0.2322 0.3607 0.2354 0.3647 0.2322 0.3678 0.2322 0.3647 0.2403 0.6280 0.2403 0.6294 0.2384 0.6280 0.2354 0.3647 0.2354 0.3678 0.2322 0.3678 0.2322 0.4554 0.2305 0.4847 0.2305 0.4554 0.2060 0.4847 0.2047 0.4902 0.2047 0.4847 0.2047 0.5588 0.2060 0.5858 0.2037 0.5588 0.2229 0.5186 0.2229 0.5240 0.2211 0.5186 0.2403 0.3733 0.2403 0.3772 0.2384 0.3772 0.2305 0.4497 0.2305 0.4554 0.2277 0.4554 0.2403 0.3733 0.2384 0.3772 0.2384 0.3733 0.2486 0.3880 0.2454 0.4002 0.2454 0.3880 0.2486 0.3880 0.2486 0.4002 0.2454 0.4002 0.2454 0.5588 0.2454 0.5858 0.2437 0.5588 0.2322 0.6125 0.2322 0.6139 0.2305 0.6125 0.2454 0.5588 0.2486 0.5858 0.2454 0.5858 0.2486 0.3880 0.2454 0.3880 0.2454 0.3836 0.2486 0.3880 0.2521 0.3560 0.2486 0.4002 0.2305 0.4497 0.2277 0.4554 0.2277 0.4497 0.2305 0.4497 0.2322 0.4554 0.2305 0.4554 0.2211 0.5903 0.2188 0.6125 0.2188 0.5903 0.2384 0.3678 0.2384 0.3733 0.2354 0.3678 0.2384 0.3678 0.2403 0.3733 0.2384 0.3733 0.2156 0.4204 0.2156 0.4256 0.2137 0.4256 0.2095 0.4902 0.2095 0.5186 0.2081 0.4902 0.2437 0.3772 0.2437 0.3836 0.2403 0.3772 0.2156 0.4204 0.2137 0.4256 0.2137 0.4204 0.2437 0.3772 0.2454 0.3836 0.2437 0.3836 0.2211 0.5903 0.2211 0.6125 0.2188 0.6125 0.2095 0.4902 0.2137 0.5186 0.2095 0.5186 0.2437 0.5536 0.2403 0.5588 0.2403 0.5536 0.2486 0.3836 0.2486 0.3880 0.2454 0.3836 0.2486 0.3836 0.2521 0.3560 0.2486 0.3880 0.2437 0.5536 0.2454 0.5588 0.2437 0.5588 0.2437 0.5536 0.2437 0.5588 0.2403 0.5588 0.2188 0.4256 0.2156 0.4497 0.2156 0.4256 0.2384 0.3647 0.2354 0.3647 0.2354 0.3587 0.2277 0.5240 0.2277 0.5536 0.2250 0.5536 0.2384 0.3647 0.2354 0.3678 0.2354 0.3647 0.2188 0.5858 0.2188 0.5903 0.2156 0.5858 0.2188 0.4256 0.2156 0.4256 0.2156 0.4204 0.2277 0.5240 0.2250 0.5536 0.2250 0.5240 0.2384 0.3647 0.2384 0.3678 0.2354 0.3678 0.2188 0.4256 0.2188 0.4497 0.2156 0.4497 0.2188 0.5858 0.2211 0.5903 0.2188 0.5903 0.2454 0.3772 0.2486 0.3836 0.2454 0.3836 0.2060 0.5588 0.2060 0.5858 0.2047 0.5588 0.2454 0.3772 0.2454 0.3836 0.2437 0.3772 0.2250 0.5186 0.2229 0.5240 0.2229 0.5186 0.2060 0.5588 0.2081 0.5858 0.2060 0.5858 0.2250 0.5186 0.2250 0.5240 0.2229 0.5240 0.2322 0.4497 0.2322 0.4554 0.2305 0.4497 0.2403 0.3678 0.2403 0.3733 0.2384 0.3678 0.2037 0.5536 0.2047 0.5588 0.2037 0.5588 0.2354 0.4554 0.2322 0.4847 0.2322 0.4554 0.2037 0.5536 0.2037 0.5588 0.2015 0.5536 0.2354 0.4554 0.2354 0.4847 0.2322 0.4847 0.2437 0.6294 0.2454 0.6379 0.2437 0.6379 0.2437 0.3733 0.2403 0.3733 0.2403 0.3678 0.2354 0.4554 0.2322 0.4554 0.2322 0.4497 0.2437 0.3733 0.2403 0.3772 0.2403 0.3733 0.2081 0.4847 0.2081 0.4902 0.2060 0.4902 0.2437 0.3733 0.2437 0.3772 0.2403 0.3772 0.2437 0.6294 0.2437 0.6379 0.2403 0.6294 0.2403 0.3647 0.2384 0.3678 0.2384 0.3647 0.2081 0.4847 0.2060 0.4902 0.2060 0.4847 0.2095 0.4053 0.2081 0.4053 0.2095 0.4002 0.2095 0.4053 0.2137 0.4204 0.2095 0.4204 0.2486 0.6379 0.2521 0.6440 0.2454 0.6445 0.2403 0.3647 0.2403 0.3678 0.2384 0.3678 0.2095 0.4053 0.2095 0.4204 0.2081 0.4053 0.2454 0.5536 0.2454 0.5588 0.2437 0.5536 0.2486 0.6379 0.2454 0.6445 0.2454 0.6379 0.2454 0.3733 0.2454 0.3772 0.2437 0.3772 0.2486 0.5588 0.2486 0.5858 0.2454 0.5588 0.2486 0.5588 0.2521 0.6440 0.2486 0.5858 0.2486 0.5588 0.2454 0.5588 0.2454 0.5536 0.2354 0.6139 0.2384 0.6280 0.2354 0.6280 0.2454 0.3733 0.2437 0.3772 0.2437 0.3733 0.2354 0.6139 0.2354 0.6280 0.2322 0.6139 0.2354 0.6139 0.2322 0.6139 0.2322 0.6125 0.2486 0.3772 0.2521 0.3560 0.2486 0.3836 0.2486 0.3772 0.2486 0.3836 0.2454 0.3772 0.2047 0.5536 0.2047 0.5588 0.2037 0.5536 0.2047 0.5536 0.2060 0.5588 0.2047 0.5588 0.2437 0.3678 0.2437 0.3733 0.2403 0.3678 0.2095 0.4847 0.2081 0.4902 0.2081 0.4847 0.2437 0.3678 0.2454 0.3733 0.2437 0.3733 0.2211 0.4256 0.2188 0.4497 0.2188 0.4256 0.2095 0.4847 0.2095 0.4902 0.2081 0.4902 0.2437 0.6280 0.2437 0.6294 0.2403 0.6294 0.2211 0.4256 0.2211 0.4497 0.2188 0.4497 0.2437 0.6280 0.2403 0.6294 0.2403 0.6280 0.2305 0.5240 0.2277 0.5536 0.2277 0.5240 0.2454 0.3678 0.2454 0.3733 0.2437 0.3678 0.2305 0.5240 0.2305 0.5536 0.2277 0.5536 0.2437 0.3647 0.2403 0.3678 0.2403 0.3647 0.2188 0.4204 0.2188 0.4256 0.2156 0.4204 0.2229 0.5903 0.2229 0.6125 0.2211 0.6125 0.2437 0.3647 0.2437 0.3678 0.2403 0.3678 0.2188 0.4204 0.2211 0.4256 0.2188 0.4256 0.2384 0.4554 0.2354 0.4847 0.2354 0.4554 0.2403 0.3587 0.2354 0.3587 0.2403 0.3565 0.2403 0.3587 0.2403 0.3647 0.2384 0.3647 0.2384 0.4554 0.2384 0.4847 0.2354 0.4847 0.2277 0.5186 0.2250 0.5240 0.2250 0.5186 0.2229 0.5903 0.2211 0.6125 0.2211 0.5903 0.2403 0.3587 0.2384 0.3647 0.2354 0.3587 0.2277 0.5186 0.2277 0.5240 0.2250 0.5240 0.2354 0.6125 0.2354 0.6139 0.2322 0.6125 0.2486 0.3733 0.2521 0.3560 0.2486 0.3772 0.2486 0.3733 0.2486 0.3772 0.2454 0.3772 0.2486 0.3733 0.2454 0.3733 0.2454 0.3678 0.2486 0.3733 0.2454 0.3772 0.2454 0.3733 0.2211 0.5858 0.2211 0.5903 0.2188 0.5858 0.2354 0.4497 0.2354 0.4554 0.2322 0.4497 0.2454 0.3647 0.2454 0.3678 0.2437 0.3678 0.2454 0.3647 0.2437 0.3678 0.2437 0.3647 0.2137 0.4902 0.2137 0.5186 0.2095 0.4902 0.2137 0.4902 0.2095 0.4902 0.2095 0.4847 0.2211 0.5858 0.2229 0.5903 0.2211 0.5903 0.2486 0.3678 0.2521 0.3560 0.2486 0.3733 0.2486 0.3678 0.2486 0.3733 0.2454 0.3678 0.2454 0.6294 0.2437 0.6294 0.2437 0.6280 0.2137 0.4902 0.2156 0.5186 0.2137 0.5186 0.2454 0.6294 0.2454 0.6379 0.2437 0.6294 0.2454 0.6294 0.2486 0.6379 0.2454 0.6379 0.2437 0.3587 0.2403 0.3565 0.2437 0.3557 0.2437 0.3587 0.2403 0.3587 0.2403 0.3565 0.2486 0.5536 0.2521 0.6440 0.2486 0.5588 0.2437 0.3587 0.2437 0.3647 0.2403 0.3647 0.2437 0.3587 0.2403 0.3647 0.2403 0.3587 0.2229 0.4256 0.2229 0.4497 0.2211 0.4497 0.2486 0.5536 0.2486 0.5588 0.2454 0.5536 0.2322 0.5240 0.2322 0.5536 0.2305 0.5536 0.2486 0.3647 0.2521 0.3560 0.2486 0.3678 0.2322 0.5240 0.2305 0.5536 0.2305 0.5240 0.2486 0.3647 0.2454 0.3678 0.2454 0.3647 0.2486 0.3647 0.2486 0.3678 0.2454 0.3678 0.2229 0.4256 0.2211 0.4497 0.2211 0.4256 0.2081 0.5588 0.2095 0.5858 0.2081 0.5858 0.2454 0.3587 0.2437 0.3557 0.2486 0.3555 0.2454 0.3587 0.2437 0.3587 0.2437 0.3557 0.2454 0.3587 0.2454 0.3647 0.2437 0.3647 0.2081 0.5588 0.2081 0.5858 0.2060 0.5588 0.2454 0.3587 0.2437 0.3647 0.2437 0.3587 0.2305 0.5186 0.2305 0.5240 0.2277 0.5240 0.2060 0.5536 0.2060 0.5588 0.2047 0.5536 0.2486 0.3587 0.2486 0.3555 0.2521 0.3560 0.2305 0.5186 0.2277 0.5240 0.2277 0.5186 0.2486 0.3587 0.2521 0.3560 0.2486 0.3647 0.2211 0.4204 0.2211 0.4256 0.2188 0.4204 0.2486 0.3587 0.2454 0.3587 0.2486 0.3555 0.2486 0.3587 0.2486 0.3647 0.2454 0.3647 0.2211 0.4204 0.2229 0.4256 0.2211 0.4256 0.2486 0.3587 0.2454 0.3647 0.2454 0.3587 0.2403 0.4554 0.2384 0.4847 0.2384 0.4554 0.2060 0.5536 0.2081 0.5588 0.2060 0.5588 0.2454 0.6280 0.2454 0.6294 0.2437 0.6280 0.2403 0.4554 0.2403 0.4847 0.2384 0.4847 0.2403 0.4554 0.2437 0.4847 0.2403 0.4847 0.2250 0.5903 0.2229 0.6125 0.2229 0.5903 0.2137 0.4053 0.2156 0.4204 0.2137 0.4204 0.2250 0.5903 0.2250 0.6125 0.2229 0.6125 0.2137 0.4053 0.2137 0.4204 0.2095 0.4053 0.2156 0.4902 0.2156 0.5186 0.2137 0.4902 0.2156 0.4902 0.2188 0.5186 0.2156 0.5186 0.2137 0.4847 0.2137 0.4902 0.2095 0.4847 0.2250 0.4256 0.2250 0.4497 0.2229 0.4497 0.2229 0.5858 0.2250 0.5903 0.2229 0.5903 0.2229 0.5858 0.2229 0.5903 0.2211 0.5858 0.2250 0.4256 0.2229 0.4497 0.2229 0.4256 0.2384 0.6139 0.2403 0.6280 0.2384 0.6280 0.2384 0.6139 0.2384 0.6280 0.2354 0.6139 0.2322 0.5186 0.2322 0.5240 0.2305 0.5240 0.2384 0.4497 0.2403 0.4554 0.2384 0.4554 0.2322 0.5186 0.2305 0.5240 0.2305 0.5186 0.2384 0.4497 0.2384 0.4554 0.2354 0.4554 0.2095 0.5588 0.2095 0.5858 0.2081 0.5588 0.2384 0.4497 0.2354 0.4554 0.2354 0.4497 0.2354 0.5240 0.2322 0.5536 0.2322 0.5240 0.2354 0.5240 0.2354 0.5536 0.2322 0.5536 0.2354 0.5240 0.2322 0.5240 0.2322 0.5186 0.2095 0.5588 0.2137 0.5858 0.2095 0.5858 0.2015 0.4554 0.2000 0.4554 0.2005 0.4497 0.2384 0.6125 0.2384 0.6139 0.2354 0.6139 0.2229 0.4204 0.2229 0.4256 0.2211 0.4204 0.2156 0.4053 0.2156 0.4204 0.2137 0.4053 0.2384 0.6125 0.2354 0.6139 0.2354 0.6125 0.2156 0.4053 0.2188 0.4204 0.2156 0.4204 0.2015 0.4554 0.2015 0.4847 0.2000 0.4554 0.2403 0.4497 0.2403 0.4554 0.2384 0.4497 0.2081 0.5536 0.2081 0.5588 0.2060 0.5536 0.2081 0.5536 0.2095 0.5588 0.2081 0.5588 0.2486 0.6294 0.2521 0.6440 0.2486 0.6379 0.2156 0.4847 0.2137 0.4902 0.2137 0.4847 0.2137 0.4002 0.2095 0.4002 0.2137 0.3880 0.2486 0.6294 0.2454 0.6294 0.2454 0.6280 0.2137 0.4002 0.2137 0.4053 0.2095 0.4053 0.2156 0.4847 0.2156 0.4902 0.2137 0.4902 0.2137 0.4002 0.2095 0.4053 0.2095 0.4002 0.2486 0.6294 0.2486 0.6379 0.2454 0.6294 0.2403 0.6139 0.2437 0.6280 0.2403 0.6280 0.2437 0.4554 0.2437 0.4847 0.2403 0.4554 0.2437 0.4554 0.2454 0.4847 0.2437 0.4847 0.2188 0.4902 0.2211 0.5186 0.2188 0.5186 0.2403 0.6139 0.2403 0.6280 0.2384 0.6139 0.2188 0.4902 0.2188 0.5186 0.2156 0.4902 0.2250 0.5858 0.2250 0.5903 0.2229 0.5858 0.2188 0.4902 0.2156 0.4902 0.2156 0.4847 0.2384 0.5240 0.2354 0.5536 0.2354 0.5240 0.2277 0.4256 0.2250 0.4497 0.2250 0.4256 0.2486 0.6280 0.2521 0.6440 0.2486 0.6294 0.2277 0.4256 0.2277 0.4497 0.2250 0.4497 0.2486 0.6280 0.2486 0.6294 0.2454 0.6280 0.2384 0.5240 0.2384 0.5536 0.2354 0.5536 0.2354 0.5186 0.2354 0.5240 0.2322 0.5186 0.2277 0.5903 0.2250 0.6125 0.2250 0.5903 0.2277 0.5903 0.2277 0.6125 0.2250 0.6125 0.2250 0.4204 0.2250 0.4256 0.2229 0.4256 0.2250 0.4204 0.2229 0.4256 0.2229 0.4204 0.2277 0.5903 0.2250 0.5903 0.2250 0.5858 0.2037 0.4554 0.2037 0.4847 0.2015 0.4847 0.2403 0.6125 0.2384 0.6139 0.2384 0.6125 0.2037 0.4554 0.2015 0.4847 0.2015 0.4554 0.2403 0.6125 0.2403 0.6139 0.2384 0.6139 0.2454 0.4554 0.2454 0.4847 0.2437 0.4554 0.2156 0.4002 0.2156 0.4053 0.2137 0.4053 0.2015 0.4497 0.2015 0.4554 0.2005 0.4497 0.2156 0.4002 0.2137 0.4053 0.2137 0.4002 0.2015 0.4497 0.2005 0.4497 0.2037 0.4256 0.2095 0.5536 0.2095 0.5588 0.2081 0.5536 0.2211 0.4902 0.2229 0.5186 0.2211 0.5186 0.2188 0.4053 0.2211 0.4204 0.2188 0.4204 0.2277 0.5858 0.2277 0.5903 0.2250 0.5858 0.2188 0.4053 0.2188 0.4204 0.2156 0.4053 0.2188 0.4053 0.2156 0.4053 0.2156 0.4002 0.4186 0.6194 0.4090 0.6434 0.4031 0.6466 0.4186 0.6194 0.4031 0.6466 0.3970 0.6483 0.4186 0.6194 0.3970 0.6483 0.3909 0.6484 0.4234 0.6027 0.4186 0.6194 0.3909 0.6484 0.4272 0.5863 0.4234 0.6027 0.3909 0.6484 0.3909 0.3516 0.4272 0.5863 0.3909 0.6484 0.4004 0.3525 0.3935 0.3515 0.3957 0.3516 0.4004 0.3525 0.3909 0.3516 0.3935 0.3515 0.4011 0.3527 0.3909 0.3516 0.4004 0.3525 0.4086 0.3564 0.3909 0.3516 0.4011 0.3527 0.4094 0.3569 0.3909 0.3516 0.4086 0.3564 0.4178 0.3649 0.3909 0.3516 0.4094 0.3569 0.4182 0.3654 0.3909 0.3516 0.4178 0.3649 0.4272 0.3796 0.4272 0.5863 0.3909 0.3516 0.4272 0.3796 0.3909 0.3516 0.4182 0.3654 0.2855 0.6364 0.2521 0.6440 0.2521 0.3560 0.2855 0.6364 0.2521 0.3560 0.2855 0.3636 0.2855 0.6364 0.2855 0.3636 0.3909 0.3516 0.3909 0.6484 0.2855 0.6364 0.3909 0.3516 0.2382 0.5796 0.2382 0.5947 0.2403 0.5947 0.2095 0.5248 0.2081 0.5446 0.2095 0.5446 0.2296 0.5947 0.2296 0.5998 0.2322 0.5947 0.2095 0.5248 0.2136 0.5248 0.2136 0.5220 0.2095 0.5248 0.2136 0.5446 0.2136 0.5248 0.2095 0.5248 0.2095 0.5446 0.2136 0.5446 0.2296 0.5947 0.2277 0.5998 0.2296 0.5998 0.2486 0.4510 0.2486 0.5000 0.2521 0.3560 0.2403 0.5744 0.2437 0.5796 0.2437 0.5744 0.2403 0.5744 0.2403 0.5796 0.2437 0.5796 0.2403 0.5744 0.2382 0.5796 0.2403 0.5796 0.2188 0.6120 0.2188 0.6164 0.2214 0.6120 0.2188 0.6120 0.2156 0.6164 0.2188 0.6164 0.2250 0.5998 0.2250 0.6120 0.2277 0.5998 0.2005 0.5446 0.2000 0.5446 0.2005 0.5503 0.2005 0.5446 0.2005 0.5503 0.2037 0.5503 0.2005 0.5446 0.2037 0.5503 0.2037 0.5446 0.2214 0.5000 0.2214 0.5220 0.2250 0.5000 0.2277 0.5947 0.2250 0.5998 0.2277 0.5998 0.2214 0.5000 0.2188 0.5220 0.2214 0.5220 0.2277 0.5947 0.2277 0.5998 0.2296 0.5947 0.2095 0.5220 0.2095 0.5248 0.2136 0.5220 0.2354 0.5796 0.2382 0.5947 0.2382 0.5796 0.2354 0.5796 0.2354 0.5947 0.2382 0.5947 0.2081 0.5248 0.2081 0.5446 0.2095 0.5248 0.2382 0.5744 0.2382 0.5796 0.2403 0.5744 0.2382 0.5744 0.2354 0.5796 0.2382 0.5796 0.2081 0.5220 0.2095 0.5248 0.2095 0.5220 0.2081 0.5220 0.2081 0.5248 0.2095 0.5248 0.2188 0.5000 0.2156 0.5220 0.2188 0.5220 0.2188 0.5000 0.2188 0.5220 0.2214 0.5000 0.2250 0.5947 0.2250 0.5998 0.2277 0.5947 0.2156 0.6120 0.2137 0.6120 0.2156 0.6164 0.2156 0.6120 0.2156 0.6164 0.2188 0.6120 0.2451 0.4510 0.2486 0.5000 0.2486 0.4510 0.2451 0.4510 0.2451 0.5000 0.2486 0.5000 0.2354 0.5744 0.2354 0.5796 0.2382 0.5744 0.2214 0.5998 0.2214 0.6120 0.2250 0.6120 0.2214 0.5998 0.2250 0.6120 0.2250 0.5998 0.2214 0.5998 0.2250 0.5998 0.2250 0.5947 0.2060 0.5248 0.2060 0.5446 0.2081 0.5446 0.2322 0.5796 0.2322 0.5947 0.2354 0.5947 0.2060 0.5248 0.2047 0.5446 0.2060 0.5446 0.2060 0.5248 0.2081 0.5446 0.2081 0.5248 0.2322 0.5796 0.2354 0.5796 0.2354 0.5744 0.2437 0.4510 0.2451 0.5000 0.2451 0.4510 0.2322 0.5796 0.2354 0.5947 0.2354 0.5796 0.2486 0.5503 0.2486 0.5744 0.2521 0.6440 0.2437 0.4510 0.2437 0.5000 0.2451 0.5000 0.2060 0.5220 0.2060 0.5248 0.2081 0.5248 0.2060 0.5220 0.2081 0.5248 0.2081 0.5220 0.2047 0.5248 0.2047 0.5446 0.2060 0.5248 0.2296 0.5796 0.2322 0.5947 0.2322 0.5796 0.2296 0.5796 0.2296 0.5947 0.2322 0.5947 0.2188 0.5998 0.2188 0.6120 0.2214 0.6120 0.2156 0.5000 0.2136 0.5220 0.2156 0.5220 0.2188 0.5998 0.2214 0.6120 0.2214 0.5998 0.2156 0.5000 0.2156 0.5220 0.2188 0.5000 0.2188 0.5998 0.2156 0.6120 0.2188 0.6120 0.2486 0.6393 0.2486 0.6445 0.2521 0.6440 0.2037 0.5248 0.2047 0.5446 0.2047 0.5248 0.2214 0.5947 0.2214 0.5998 0.2250 0.5947 0.2037 0.5248 0.2037 0.5446 0.2047 0.5446 0.2214 0.5947 0.2188 0.5998 0.2214 0.5998 0.2037 0.5248 0.2005 0.5446 0.2037 0.5446 0.2322 0.5744 0.2322 0.5796 0.2354 0.5744 0.2047 0.5220 0.2047 0.5248 0.2060 0.5248 0.2047 0.5220 0.2060 0.5248 0.2060 0.5220 0.2322 0.5744 0.2296 0.5796 0.2322 0.5796 0.2403 0.4510 0.2437 0.5000 0.2437 0.4510 0.2486 0.5446 0.2486 0.5503 0.2521 0.6440 0.2451 0.5503 0.2486 0.5744 0.2486 0.5503 0.2403 0.4510 0.2403 0.5000 0.2437 0.5000 0.2037 0.5220 0.2037 0.5248 0.2047 0.5248 0.2037 0.5220 0.2047 0.5248 0.2047 0.5220 0.2451 0.5503 0.2451 0.5744 0.2486 0.5744 0.2136 0.5000 0.2136 0.5220 0.2156 0.5000 0.2486 0.6353 0.2486 0.6393 0.2521 0.6440 0.2136 0.5000 0.2095 0.5220 0.2136 0.5220 0.2277 0.5796 0.2296 0.5947 0.2296 0.5796 0.2277 0.5796 0.2277 0.5947 0.2296 0.5947 0.2451 0.6393 0.2437 0.6443 0.2486 0.6445 0.2451 0.6393 0.2486 0.6445 0.2486 0.6393 0.2382 0.4510 0.2403 0.5000 0.2403 0.4510 0.2437 0.5503 0.2437 0.5744 0.2451 0.5744 0.2382 0.4510 0.2382 0.5000 0.2403 0.5000 0.2437 0.5503 0.2451 0.5744 0.2451 0.5503 0.2005 0.5248 0.2005 0.5446 0.2037 0.5248 0.2005 0.5248 0.1987 0.5248 0.2000 0.5446 0.2296 0.5744 0.2277 0.5796 0.2296 0.5796 0.2005 0.5248 0.2000 0.5446 0.2005 0.5446 0.2005 0.5220 0.2037 0.5248 0.2037 0.5220 0.2296 0.5744 0.2296 0.5796 0.2322 0.5744 0.2005 0.5220 0.1986 0.5220 0.1987 0.5248 0.2486 0.6322 0.2486 0.6353 0.2521 0.6440 0.2005 0.5220 0.2005 0.5248 0.2037 0.5248 0.2005 0.5220 0.1987 0.5248 0.2005 0.5248 0.2437 0.6393 0.2403 0.6435 0.2437 0.6443 0.2188 0.5947 0.2188 0.5998 0.2214 0.5947 0.2354 0.4510 0.2354 0.5000 0.2382 0.5000 0.2156 0.5998 0.2137 0.6120 0.2156 0.6120 0.2437 0.6393 0.2437 0.6443 0.2451 0.6393 0.2156 0.5998 0.2156 0.6120 0.2188 0.5998 0.2156 0.5998 0.2188 0.5998 0.2188 0.5947 0.2451 0.6353 0.2451 0.6393 0.2486 0.6393 0.2451 0.6353 0.2486 0.6393 0.2486 0.6353 0.2451 0.6353 0.2437 0.6393 0.2451 0.6393 0.2354 0.4510 0.2382 0.5000 0.2382 0.4510 0.2451 0.5446 0.2451 0.5503 0.2486 0.5503 0.2451 0.5446 0.2486 0.5503 0.2486 0.5446 0.2095 0.5000 0.2095 0.5220 0.2136 0.5000 0.2095 0.5000 0.2081 0.5220 0.2095 0.5220 0.2250 0.5796 0.2277 0.5947 0.2277 0.5796 0.2250 0.5796 0.2250 0.5947 0.2277 0.5947 0.2081 0.5000 0.2081 0.5220 0.2095 0.5000 0.2081 0.5000 0.2060 0.5220 0.2081 0.5220 0.2277 0.5744 0.2277 0.5796 0.2296 0.5744 0.2486 0.6267 0.2486 0.6322 0.2521 0.6440 0.2437 0.5446 0.2451 0.5503 0.2451 0.5446 0.2322 0.4510 0.2322 0.5000 0.2354 0.5000 0.2437 0.6353 0.2437 0.6393 0.2451 0.6353 0.2322 0.4510 0.2354 0.5000 0.2354 0.4510 0.2437 0.5446 0.2437 0.5503 0.2451 0.5503 0.2060 0.5000 0.2047 0.5220 0.2060 0.5220 0.2451 0.6322 0.2451 0.6353 0.2486 0.6353 0.2060 0.5000 0.2060 0.5220 0.2081 0.5000 0.2451 0.6322 0.2486 0.6353 0.2486 0.6322 0.2403 0.5503 0.2403 0.5744 0.2437 0.5744 0.2403 0.5503 0.2437 0.5744 0.2437 0.5503 0.2403 0.6393 0.2403 0.6435 0.2437 0.6393 0.2296 0.4510 0.2296 0.5000 0.2322 0.5000 0.2296 0.4510 0.2322 0.5000 0.2322 0.4510 0.2136 0.5998 0.2095 0.5998 0.2137 0.6120 0.2437 0.6322 0.2451 0.6353 0.2451 0.6322 0.2136 0.5998 0.2137 0.6120 0.2156 0.5998 0.2437 0.6322 0.2437 0.6353 0.2451 0.6353 0.2047 0.5000 0.2037 0.5220 0.2047 0.5220 0.2156 0.5947 0.2136 0.5998 0.2156 0.5998 0.2047 0.5000 0.2047 0.5220 0.2060 0.5000 0.2156 0.5947 0.2156 0.5998 0.2188 0.5947 0.2037 0.5000 0.2005 0.5220 0.2037 0.5220 0.2250 0.5744 0.2277 0.5796 0.2277 0.5744 0.2037 0.5000 0.2037 0.5220 0.2047 0.5000 0.2250 0.5744 0.2250 0.5796 0.2277 0.5796 0.2486 0.6228 0.2486 0.6267 0.2521 0.6440 0.2486 0.4138 0.2486 0.4510 0.2521 0.3560 0.2382 0.5503 0.2382 0.5744 0.2403 0.5744 0.2382 0.5503 0.2403 0.5744 0.2403 0.5503 0.2382 0.6393 0.2354 0.6413 0.2403 0.6435 0.2382 0.5503 0.2354 0.5744 0.2382 0.5744 0.2382 0.6393 0.2403 0.6435 0.2403 0.6393 0.2214 0.5796 0.2250 0.5947 0.2250 0.5796 0.2277 0.4510 0.2296 0.5000 0.2296 0.4510 0.2277 0.4510 0.2277 0.5000 0.2296 0.5000 0.2403 0.6353 0.2403 0.6393 0.2437 0.6393 0.2403 0.6353 0.2437 0.6393 0.2437 0.6353 0.2214 0.5796 0.2214 0.5947 0.2250 0.5947 0.2214 0.5796 0.2250 0.5796 0.2250 0.5744 0.2403 0.6353 0.2382 0.6393 0.2403 0.6393 0.2136 0.5947 0.2136 0.5998 0.2156 0.5947 0.2451 0.6267 0.2486 0.6322 0.2486 0.6267 0.2136 0.5947 0.2095 0.5998 0.2136 0.5998 0.2250 0.4510 0.2277 0.5000 0.2277 0.4510 0.2250 0.4510 0.2250 0.5000 0.2277 0.5000 0.2451 0.6267 0.2451 0.6322 0.2486 0.6322 0.2403 0.5446 0.2437 0.5503 0.2437 0.5446 0.2451 0.4138 0.2451 0.4510 0.2486 0.4510 0.2403 0.5446 0.2403 0.5503 0.2437 0.5503 0.2451 0.4138 0.2486 0.4510 0.2486 0.4138 0.2354 0.5503 0.2354 0.5744 0.2382 0.5503 0.2437 0.6267 0.2437 0.6322 0.2451 0.6322 0.2437 0.6267 0.2451 0.6322 0.2451 0.6267 0.2354 0.5503 0.2322 0.5744 0.2354 0.5744 0.2403 0.6322 0.2403 0.6353 0.2437 0.6353 0.2403 0.6322 0.2437 0.6353 0.2437 0.6322 0.2005 0.5000 0.1986 0.5220 0.2005 0.5220 0.2005 0.5000 0.2005 0.5220 0.2037 0.5000 0.2382 0.6353 0.2403 0.6353 0.2403 0.6322 0.2382 0.5446 0.2403 0.5503 0.2403 0.5446 0.2382 0.5446 0.2382 0.5503 0.2403 0.5503 0.2382 0.6353 0.2382 0.6393 0.2403 0.6353 0.2437 0.4138 0.2451 0.4510 0.2451 0.4138 0.2188 0.5796 0.2214 0.5947 0.2214 0.5796 0.2188 0.5796 0.2188 0.5947 0.2214 0.5947 0.2214 0.5744 0.2214 0.5796 0.2250 0.5744 0.2437 0.4138 0.2437 0.4510 0.2451 0.4510 0.2451 0.6228 0.2451 0.6267 0.2486 0.6267 0.2451 0.6228 0.2486 0.6267 0.2486 0.6228 0.2214 0.4510 0.2214 0.5000 0.2250 0.5000 0.2486 0.6164 0.2451 0.6228 0.2486 0.6228 0.2214 0.4510 0.2250 0.5000 0.2250 0.4510 0.1986 0.5000 0.2004 0.4510 0.1981 0.5000 0.1986 0.5000 0.2005 0.5000 0.2004 0.4510 0.2486 0.5248 0.2486 0.5446 0.2521 0.6440 0.1986 0.5000 0.1981 0.5000 0.1986 0.5220 0.1986 0.5000 0.1986 0.5220 0.2005 0.5000 0.2486 0.5220 0.2486 0.5248 0.2521 0.6440 0.2486 0.6164 0.2486 0.6228 0.2521 0.6440 0.2354 0.6393 0.2322 0.6393 0.2354 0.6413 0.2095 0.5947 0.2081 0.5947 0.2095 0.5998 0.2354 0.6393 0.2354 0.6413 0.2382 0.6393 0.2403 0.4138 0.2403 0.4510 0.2437 0.4510 0.2437 0.6228 0.2437 0.6267 0.2451 0.6267 0.2095 0.5947 0.2095 0.5998 0.2136 0.5947 0.2403 0.4138 0.2437 0.4510 0.2437 0.4138 0.2354 0.5446 0.2354 0.5503 0.2382 0.5503 0.2188 0.4510 0.2188 0.5000 0.2214 0.5000 0.2437 0.6228 0.2451 0.6267 0.2451 0.6228 0.2188 0.4510 0.2214 0.5000 0.2214 0.4510 0.2354 0.5446 0.2382 0.5503 0.2382 0.5446 0.2382 0.6322 0.2382 0.6353 0.2403 0.6322 0.2322 0.5503 0.2322 0.5744 0.2354 0.5503 0.2382 0.4138 0.2382 0.4510 0.2403 0.4510 0.2382 0.4138 0.2403 0.4510 0.2403 0.4138 0.2188 0.5744 0.2188 0.5796 0.2214 0.5796 0.2156 0.4510 0.2156 0.5000 0.2188 0.5000 0.2188 0.5744 0.2214 0.5796 0.2214 0.5744 0.2156 0.4510 0.2188 0.5000 0.2188 0.4510 0.2156 0.5796 0.2156 0.5947 0.2188 0.5947 0.2486 0.6120 0.2486 0.6164 0.2521 0.6440 0.2156 0.5796 0.2188 0.5947 0.2188 0.5796 0.2354 0.4138 0.2382 0.4510 0.2382 0.4138 0.2354 0.4138 0.2354 0.4510 0.2382 0.4510 0.2451 0.5248 0.2451 0.5446 0.2486 0.5446 0.2403 0.6267 0.2437 0.6322 0.2437 0.6267 0.2403 0.6267 0.2403 0.6322 0.2437 0.6322 0.2354 0.6353 0.2354 0.6393 0.2382 0.6393 0.2354 0.6353 0.2382 0.6393 0.2382 0.6353 0.2451 0.5248 0.2486 0.5446 0.2486 0.5248 0.2486 0.3882 0.2486 0.4138 0.2521 0.3560 0.2296 0.5503 0.2322 0.5744 0.2322 0.5503 0.2451 0.6164 0.2437 0.6228 0.2451 0.6228 0.2451 0.6164 0.2451 0.6228 0.2486 0.6164 0.2296 0.5503 0.2296 0.5744 0.2322 0.5744 0.2136 0.4510 0.2136 0.5000 0.2156 0.5000 0.2136 0.4510 0.2156 0.5000 0.2156 0.4510 0.2437 0.5248 0.2437 0.5446 0.2451 0.5446 0.2437 0.5248 0.2451 0.5446 0.2451 0.5248 0.2354 0.6322 0.2354 0.6353 0.2382 0.6353 0.2322 0.4138 0.2322 0.4510 0.2354 0.4510 0.2354 0.6322 0.2382 0.6353 0.2382 0.6322 0.2322 0.4138 0.2354 0.4510 0.2354 0.4138 0.2382 0.6267 0.2382 0.6322 0.2403 0.6322 0.2451 0.5220 0.2486 0.5248 0.2486 0.5220 0.2382 0.6267 0.2403 0.6322 0.2403 0.6267 0.2451 0.5220 0.2451 0.5248 0.2486 0.5248 0.2451 0.3882 0.2486 0.4138 0.2486 0.3882 0.2322 0.5446 0.2354 0.5503 0.2354 0.5446 0.2403 0.6228 0.2403 0.6267 0.2437 0.6267 0.2322 0.5446 0.2322 0.5503 0.2354 0.5503 0.2451 0.3882 0.2451 0.4138 0.2486 0.4138 0.2403 0.6228 0.2437 0.6267 0.2437 0.6228 0.2322 0.5446 0.2296 0.5503 0.2322 0.5503 0.2136 0.5796 0.2136 0.5947 0.2156 0.5947 0.2296 0.4138 0.2296 0.4510 0.2322 0.4510 0.2136 0.5796 0.2156 0.5947 0.2156 0.5796 0.2437 0.6164 0.2437 0.6228 0.2451 0.6164 0.2437 0.6164 0.2403 0.6228 0.2437 0.6228 0.2296 0.4138 0.2322 0.4510 0.2322 0.4138 0.2322 0.6353 0.2354 0.6393 0.2354 0.6353 0.2156 0.5744 0.2156 0.5796 0.2188 0.5796 0.2156 0.5744 0.2188 0.5796 0.2188 0.5744 0.2322 0.6353 0.2322 0.6393 0.2354 0.6393 0.2437 0.3882 0.2451 0.4138 0.2451 0.3882 0.2437 0.3882 0.2437 0.4138 0.2451 0.4138 0.2437 0.5220 0.2437 0.5248 0.2451 0.5248 0.2437 0.5220 0.2451 0.5248 0.2451 0.5220 0.2277 0.5503 0.2277 0.5744 0.2296 0.5744 0.2095 0.4510 0.2136 0.5000 0.2136 0.4510 0.2451 0.6120 0.2451 0.6164 0.2486 0.6164 0.2095 0.4510 0.2095 0.5000 0.2136 0.5000 0.2277 0.5503 0.2296 0.5744 0.2296 0.5503 0.2451 0.6120 0.2437 0.6164 0.2451 0.6164 0.2451 0.6120 0.2486 0.6164 0.2486 0.6120 0.2277 0.4138 0.2296 0.4510 0.2296 0.4138 0.2382 0.6228 0.2403 0.6267 0.2403 0.6228 0.2382 0.6228 0.2382 0.6267 0.2403 0.6267 0.2277 0.4138 0.2277 0.4510 0.2296 0.4510 0.2354 0.6267 0.2354 0.6322 0.2382 0.6322 0.2296 0.5446 0.2296 0.5503 0.2322 0.5446 0.2296 0.5446 0.2277 0.5503 0.2296 0.5503 0.2081 0.4510 0.2095 0.5000 0.2095 0.4510 0.2403 0.5248 0.2403 0.5446 0.2437 0.5446 0.2354 0.6267 0.2382 0.6322 0.2382 0.6267 0.2081 0.4510 0.2081 0.5000 0.2095 0.5000 0.2403 0.5248 0.2437 0.5446 0.2437 0.5248 0.2403 0.5248 0.2437 0.5248 0.2437 0.5220 0.2403 0.3882 0.2437 0.4138 0.2437 0.3882 0.2136 0.5744 0.2156 0.5796 0.2156 0.5744 0.2437 0.6120 0.2437 0.6164 0.2451 0.6120 0.2403 0.3882 0.2403 0.4138 0.2437 0.4138 0.2136 0.5744 0.2136 0.5796 0.2156 0.5796 0.2322 0.6322 0.2322 0.6353 0.2354 0.6353 0.2322 0.6322 0.2354 0.6353 0.2354 0.6322 0.2486 0.3728 0.2486 0.3882 0.2521 0.3560 0.2250 0.5503 0.2250 0.5744 0.2277 0.5744 0.2403 0.6164 0.2382 0.6228 0.2403 0.6228 0.2250 0.5503 0.2277 0.5744 0.2277 0.5503 0.2250 0.4138 0.2277 0.4510 0.2277 0.4138 0.2403 0.6164 0.2403 0.6228 0.2437 0.6164 0.2250 0.4138 0.2250 0.4510 0.2277 0.4510 0.2403 0.6164 0.2437 0.6164 0.2437 0.6120 0.2296 0.6353 0.2277 0.6353 0.2322 0.6393 0.2060 0.4510 0.2060 0.5000 0.2081 0.5000 0.2277 0.5446 0.2277 0.5503 0.2296 0.5446 0.2296 0.6353 0.2322 0.6393 0.2322 0.6353 0.2060 0.4510 0.2081 0.5000 0.2081 0.4510 0.2403 0.5220 0.2403 0.5248 0.2437 0.5220 0.2382 0.3882 0.2403 0.4138 0.2403 0.3882 0.2095 0.5796 0.2095 0.5947 0.2136 0.5947 0.2095 0.5796 0.2136 0.5796 0.2136 0.5744 0.2486 0.5998 0.2486 0.6120 0.2521 0.6440 0.2095 0.5796 0.2136 0.5947 0.2136 0.5796 0.2382 0.3882 0.2382 0.4138 0.2403 0.4138 0.2047 0.4510 0.2060 0.5000 0.2060 0.4510 0.2047 0.4510 0.2060 0.4510 0.2060 0.4138 0.2382 0.5248 0.2382 0.5446 0.2403 0.5446 0.2047 0.4510 0.2047 0.5000 0.2060 0.5000 0.2354 0.6228 0.2382 0.6267 0.2382 0.6228 0.2382 0.5248 0.2403 0.5446 0.2403 0.5248 0.2354 0.6228 0.2354 0.6267 0.2382 0.6267 0.2382 0.5248 0.2403 0.5248 0.2403 0.5220 0.2451 0.3728 0.2451 0.3882 0.2486 0.3882 0.2451 0.3728 0.2486 0.3882 0.2486 0.3728 0.2296 0.6322 0.2322 0.6353 0.2322 0.6322 0.2382 0.5220 0.2382 0.5248 0.2403 0.5220 0.2296 0.6322 0.2296 0.6353 0.2322 0.6353 0.2037 0.4510 0.2047 0.4510 0.2060 0.4138 0.2037 0.4510 0.2047 0.5000 0.2047 0.4510 0.2081 0.5796 0.2081 0.5947 0.2095 0.5947 0.2037 0.4510 0.2037 0.5000 0.2047 0.5000 0.2081 0.5796 0.2095 0.5947 0.2095 0.5796 0.2382 0.6164 0.2382 0.6228 0.2403 0.6164 0.2250 0.5446 0.2250 0.5503 0.2277 0.5503 0.2354 0.3882 0.2322 0.4138 0.2354 0.4138 0.2382 0.6164 0.2354 0.6228 0.2382 0.6228 0.2354 0.3882 0.2382 0.4138 0.2382 0.3882 0.2354 0.3882 0.2354 0.4138 0.2382 0.4138 0.2250 0.5446 0.2277 0.5503 0.2277 0.5446 0.2322 0.6267 0.2354 0.6322 0.2354 0.6267 0.2095 0.5744 0.2095 0.5796 0.2136 0.5744 0.2322 0.6267 0.2322 0.6322 0.2354 0.6322 0.2322 0.6267 0.2354 0.6267 0.2354 0.6228 0.2214 0.4138 0.2250 0.4510 0.2250 0.4138 0.2214 0.4138 0.2214 0.4510 0.2250 0.4510 0.2437 0.3728 0.2451 0.3882 0.2451 0.3728 0.2354 0.5248 0.2354 0.5446 0.2382 0.5446 0.2403 0.6120 0.2403 0.6164 0.2437 0.6120 0.2437 0.3728 0.2437 0.3882 0.2451 0.3882 0.2277 0.6322 0.2250 0.6322 0.2277 0.6353 0.2354 0.5248 0.2382 0.5446 0.2382 0.5248 0.2277 0.6322 0.2277 0.6353 0.2296 0.6353 0.2214 0.5503 0.2250 0.5744 0.2250 0.5503 0.2277 0.6322 0.2296 0.6353 0.2296 0.6322 0.2486 0.3629 0.2486 0.3728 0.2521 0.3560 0.2486 0.3629 0.2451 0.3728 0.2486 0.3728 0.2486 0.5947 0.2486 0.5998 0.2521 0.6440 0.2214 0.5503 0.2250 0.5503 0.2250 0.5446 0.2214 0.5503 0.2214 0.5744 0.2250 0.5744 0.2486 0.5000 0.2521 0.6440 0.2521 0.3560 0.2188 0.4138 0.2214 0.4510 0.2214 0.4138 0.2188 0.4138 0.2188 0.4510 0.2214 0.4510 0.2322 0.3882 0.2322 0.4138 0.2354 0.3882 0.2486 0.5000 0.2486 0.5220 0.2521 0.6440 0.2322 0.3882 0.2296 0.4138 0.2322 0.4138 0.2486 0.5000 0.2451 0.5220 0.2486 0.5220 0.2060 0.5796 0.2081 0.5947 0.2081 0.5796 0.2060 0.5796 0.2047 0.5796 0.2081 0.5947 0.2322 0.6228 0.2322 0.6267 0.2354 0.6228 0.2403 0.3728 0.2437 0.3882 0.2437 0.3728 0.2354 0.5220 0.2382 0.5248 0.2382 0.5220 0.2403 0.3728 0.2403 0.3882 0.2437 0.3882 0.2451 0.5998 0.2486 0.6120 0.2486 0.5998 0.2005 0.4510 0.2060 0.4138 0.2004 0.4510 0.2005 0.4510 0.2004 0.4510 0.2005 0.5000 0.2005 0.4510 0.2037 0.4510 0.2060 0.4138 0.2451 0.5998 0.2451 0.6120 0.2486 0.6120 0.2005 0.4510 0.2037 0.5000 0.2037 0.4510 0.2354 0.5220 0.2354 0.5248 0.2382 0.5248 0.2005 0.4510 0.2005 0.5000 0.2037 0.5000 0.2081 0.5744 0.2095 0.5796 0.2095 0.5744 0.2451 0.5998 0.2486 0.5998 0.2486 0.5947 0.2451 0.3629 0.2451 0.3728 0.2486 0.3629 0.2081 0.5744 0.2081 0.5796 0.2095 0.5796 0.2382 0.6120 0.2382 0.6164 0.2403 0.6164 0.2382 0.6120 0.2403 0.6164 0.2403 0.6120 0.2382 0.3728 0.2382 0.3882 0.2403 0.3882 0.2382 0.3728 0.2403 0.3882 0.2403 0.3728 0.2188 0.5503 0.2214 0.5744 0.2214 0.5503 0.2354 0.6164 0.2354 0.6228 0.2382 0.6164 0.2188 0.5503 0.2188 0.5744 0.2214 0.5744 0.2354 0.6164 0.2322 0.6228 0.2354 0.6228 0.2322 0.5248 0.2296 0.5446 0.2322 0.5446 0.2296 0.3882 0.2296 0.4138 0.2322 0.3882 0.2296 0.6267 0.2296 0.6322 0.2322 0.6322 0.2322 0.5248 0.2354 0.5446 0.2354 0.5248 0.2296 0.6267 0.2322 0.6322 0.2322 0.6267 0.2437 0.3629 0.2403 0.3728 0.2437 0.3728 0.2296 0.6267 0.2322 0.6267 0.2322 0.6228 0.2437 0.3629 0.2437 0.3728 0.2451 0.3728 0.2322 0.5248 0.2322 0.5446 0.2354 0.5446 0.2437 0.3629 0.2451 0.3728 0.2451 0.3629 0.2156 0.4138 0.2156 0.4510 0.2188 0.4510 0.2214 0.5446 0.2214 0.5503 0.2250 0.5446 0.2437 0.5998 0.2437 0.6120 0.2451 0.6120 0.2156 0.4138 0.2188 0.4510 0.2188 0.4138 0.2437 0.5998 0.2451 0.6120 0.2451 0.5998 0.2277 0.6267 0.2296 0.6322 0.2296 0.6267 0.2277 0.3882 0.2277 0.4138 0.2296 0.4138 0.2277 0.6267 0.2277 0.6322 0.2296 0.6322 0.2277 0.3882 0.2296 0.4138 0.2296 0.3882 0.2451 0.5000 0.2451 0.5220 0.2486 0.5000 0.2451 0.3560 0.2451 0.3556 0.2382 0.3573 0.2451 0.3560 0.2521 0.3560 0.2451 0.3556 0.2451 0.3560 0.2486 0.3629 0.2521 0.3560 0.2451 0.5000 0.2437 0.5220 0.2451 0.5220 0.2451 0.3560 0.2451 0.3629 0.2486 0.3629 0.2296 0.6228 0.2296 0.6267 0.2322 0.6228 0.2451 0.3560 0.2437 0.3629 0.2451 0.3629 0.2354 0.6120 0.2354 0.6164 0.2382 0.6164 0.2060 0.5744 0.2060 0.5796 0.2081 0.5796 0.2354 0.6120 0.2382 0.6164 0.2382 0.6120 0.2354 0.3728 0.2354 0.3882 0.2382 0.3882 0.2060 0.5744 0.2081 0.5796 0.2081 0.5744 0.2322 0.5220 0.2322 0.5248 0.2354 0.5248 0.2354 0.3728 0.2382 0.3882 0.2382 0.3728 0.2322 0.5220 0.2354 0.5248 0.2354 0.5220 0.2451 0.5947 0.2437 0.5998 0.2451 0.5998 0.2136 0.4138 0.2136 0.4510 0.2156 0.4510 0.2136 0.4138 0.2156 0.4510 0.2156 0.4138 0.2136 0.4138 0.2156 0.4138 0.2136 0.3882 0.2403 0.3629 0.2437 0.3629 0.2451 0.3560 0.2437 0.5000 0.2403 0.5220 0.2437 0.5220 0.2403 0.3629 0.2451 0.3560 0.2382 0.3573 0.2437 0.5000 0.2437 0.5220 0.2451 0.5000 0.2403 0.3629 0.2403 0.3728 0.2437 0.3629 0.2403 0.3629 0.2382 0.3728 0.2403 0.3728 0.2296 0.5248 0.2322 0.5248 0.2322 0.5220 0.2451 0.5947 0.2451 0.5998 0.2486 0.5947 0.2250 0.3882 0.2250 0.4138 0.2277 0.4138 0.2322 0.6164 0.2354 0.6164 0.2354 0.6120 0.2250 0.3882 0.2214 0.4138 0.2250 0.4138 0.2322 0.6164 0.2322 0.6228 0.2354 0.6164 0.2322 0.6164 0.2296 0.6228 0.2322 0.6228 0.2250 0.3882 0.2277 0.4138 0.2277 0.3882 0.2296 0.5248 0.2296 0.5446 0.2322 0.5248 0.2047 0.5744 0.2037 0.5744 0.2047 0.5796 0.2382 0.3629 0.2382 0.3728 0.2403 0.3629 0.2382 0.3629 0.2403 0.3629 0.2382 0.3573 0.2047 0.5744 0.2047 0.5796 0.2060 0.5796 0.2047 0.5744 0.2060 0.5796 0.2060 0.5744 0.2322 0.3728 0.2322 0.3882 0.2354 0.3882 0.2322 0.3728 0.2354 0.3882 0.2354 0.3728 0.2188 0.5446 0.2214 0.5503 0.2214 0.5446 0.2095 0.4138 0.2136 0.4510 0.2136 0.4138 0.2188 0.5446 0.2188 0.5503 0.2214 0.5503 0.2437 0.5947 0.2437 0.5998 0.2451 0.5947 0.2095 0.4138 0.2095 0.4510 0.2136 0.4510 0.2277 0.6228 0.2296 0.6267 0.2296 0.6228 0.2095 0.4138 0.2136 0.4138 0.2136 0.3882 0.2354 0.3629 0.2354 0.3728 0.2382 0.3728 0.2156 0.5503 0.2188 0.5744 0.2188 0.5503 0.2277 0.6228 0.2277 0.6267 0.2296 0.6267 0.2354 0.3629 0.2382 0.3629 0.2382 0.3573 0.2354 0.3629 0.2382 0.3728 0.2382 0.3629 0.2156 0.5503 0.2156 0.5744 0.2188 0.5744 0.2403 0.5998 0.2437 0.6120 0.2437 0.5998 0.2214 0.3882 0.2214 0.4138 0.2250 0.3882 0.2214 0.3882 0.2188 0.4138 0.2214 0.4138 0.2403 0.5998 0.2437 0.5998 0.2437 0.5947 0.2296 0.5220 0.2296 0.5248 0.2322 0.5220 0.2403 0.5998 0.2403 0.6120 0.2437 0.6120 0.2277 0.5248 0.2277 0.5446 0.2296 0.5446 0.2250 0.6267 0.2250 0.6322 0.2277 0.6322 0.2296 0.3728 0.2296 0.3882 0.2322 0.3882 0.2277 0.5248 0.2296 0.5446 0.2296 0.5248 0.2250 0.6267 0.2277 0.6267 0.2277 0.6228 0.2296 0.3728 0.2322 0.3882 0.2322 0.3728 0.2081 0.4138 0.2136 0.3882 0.2060 0.4138 0.2250 0.6267 0.2277 0.6322 0.2277 0.6267 0.2081 0.4138 0.2095 0.4510 0.2095 0.4138 0.2081 0.4138 0.2081 0.4510 0.2095 0.4510 0.2081 0.4138 0.2060 0.4138 0.2060 0.4510 0.2081 0.4138 0.2060 0.4510 0.2081 0.4510 0.2136 0.5503 0.2136 0.5744 0.2156 0.5744 0.2081 0.4138 0.2095 0.4138 0.2136 0.3882 0.2322 0.6120 0.2322 0.6164 0.2354 0.6120 0.2277 0.3728 0.2296 0.3728 0.2296 0.3629 0.2277 0.3728 0.2296 0.3882 0.2296 0.3728 0.2136 0.5503 0.2156 0.5744 0.2156 0.5503 0.2296 0.6164 0.2296 0.6228 0.2322 0.6164 0.2277 0.3728 0.2277 0.3882 0.2296 0.3882 0.2296 0.6164 0.2277 0.6228 0.2296 0.6228 0.2188 0.3882 0.2188 0.4138 0.2214 0.3882 0.2188 0.3882 0.2214 0.3882 0.2214 0.3728 0.2322 0.3629 0.2382 0.3573 0.2296 0.3629 0.2322 0.3629 0.2296 0.3728 0.2322 0.3728 0.2403 0.5000 0.2382 0.5220 0.2403 0.5220 0.2322 0.3629 0.2296 0.3629 0.2296 0.3728 0.2382 0.5998 0.2403 0.6120 0.2403 0.5998 0.2322 0.3629 0.2322 0.3728 0.2354 0.3728 0.2403 0.5000 0.2403 0.5220 0.2437 0.5000 0.2322 0.3629 0.2354 0.3629 0.2382 0.3573 0.2382 0.5998 0.2382 0.6120 0.2403 0.6120 0.2322 0.3629 0.2354 0.3728 0.2354 0.3629 0.2250 0.3728 0.2296 0.3629 0.2214 0.3728 0.2250 0.3728 0.2250 0.3882 0.2277 0.3882 0.2250 0.3728 0.2214 0.3882 0.2250 0.3882 0.2250 0.3728 0.2277 0.3882 0.2277 0.3728 0.2250 0.3728 0.2277 0.3728 0.2296 0.3629 0.2250 0.3728 0.2214 0.3728 0.2214 0.3882 0.2277 0.5220 0.2277 0.5248 0.2296 0.5248 0.2250 0.6228 0.2250 0.6267 0.2277 0.6228 0.2156 0.3882 0.2214 0.3728 0.2136 0.3882 0.2156 0.3882 0.2188 0.3882 0.2214 0.3728 0.2277 0.5220 0.2296 0.5248 0.2296 0.5220 0.2156 0.3882 0.2188 0.4138 0.2188 0.3882 0.2403 0.5947 0.2403 0.5998 0.2437 0.5947 0.2156 0.3882 0.2136 0.3882 0.2156 0.4138 0.2156 0.3882 0.2156 0.4138 0.2188 0.4138 0.2156 0.5446 0.2188 0.5503 0.2188 0.5446 0.2156 0.5446 0.2156 0.5503 0.2188 0.5503 0.2403 0.5947 0.2382 0.5998 0.2403 0.5998 0.2250 0.5248 0.2277 0.5446 0.2277 0.5248 0.2250 0.5248 0.2277 0.5248 0.2277 0.5220 0.2486 0.5796 0.2486 0.5947 0.2521 0.6440 0.2250 0.5248 0.2250 0.5446 0.2277 0.5446 0.2382 0.5000 0.2354 0.5220 0.2382 0.5220 0.2382 0.5000 0.2382 0.5220 0.2403 0.5000 0.2277 0.6164 0.2277 0.6228 0.2296 0.6164 0.2277 0.6164 0.2250 0.6228 0.2277 0.6228 0.2136 0.5446 0.2136 0.5503 0.2156 0.5503 0.2296 0.6120 0.2322 0.6164 0.2322 0.6120 0.2136 0.5446 0.2156 0.5503 0.2156 0.5446 0.2296 0.6120 0.2296 0.6164 0.2322 0.6164 0.2214 0.6267 0.2211 0.6267 0.2250 0.6322 0.2250 0.5220 0.2250 0.5248 0.2277 0.5220 0.2214 0.6267 0.2250 0.6322 0.2250 0.6267 0.2095 0.5503 0.2136 0.5503 0.2136 0.5446 0.2095 0.5503 0.2136 0.5744 0.2136 0.5503 0.2354 0.5998 0.2382 0.6120 0.2382 0.5998 0.2354 0.5998 0.2354 0.6120 0.2382 0.6120 0.2095 0.5503 0.2095 0.5744 0.2136 0.5744 0.2354 0.5000 0.2354 0.5220 0.2382 0.5000 0.2354 0.5000 0.2322 0.5220 0.2354 0.5220 0.2382 0.5947 0.2382 0.5998 0.2403 0.5947 0.2382 0.5947 0.2354 0.5998 0.2382 0.5998 0.2214 0.5248 0.2250 0.5248 0.2250 0.5220 0.2214 0.5248 0.2214 0.5446 0.2250 0.5446 0.2277 0.6120 0.2277 0.6164 0.2296 0.6164 0.2277 0.6120 0.2296 0.6164 0.2296 0.6120 0.2214 0.5248 0.2250 0.5446 0.2250 0.5248 0.2486 0.5744 0.2486 0.5796 0.2521 0.6440 0.2081 0.5503 0.2081 0.5744 0.2095 0.5744 0.2081 0.5503 0.2095 0.5744 0.2095 0.5503 0.2214 0.5220 0.2214 0.5248 0.2250 0.5220 0.2250 0.6164 0.2250 0.6228 0.2277 0.6164 0.2214 0.6228 0.2188 0.6228 0.2211 0.6267 0.2214 0.6228 0.2250 0.6228 0.2250 0.6164 0.2214 0.6228 0.2250 0.6267 0.2250 0.6228 0.2214 0.6228 0.2211 0.6267 0.2214 0.6267 0.2214 0.6228 0.2214 0.6267 0.2250 0.6267 0.2451 0.5796 0.2451 0.5947 0.2486 0.5947 0.2095 0.5446 0.2095 0.5503 0.2136 0.5446 0.2451 0.5796 0.2486 0.5947 0.2486 0.5796 0.2322 0.5000 0.2296 0.5220 0.2322 0.5220 0.2322 0.5000 0.2322 0.5220 0.2354 0.5000 0.2188 0.5248 0.2214 0.5446 0.2214 0.5248 0.2188 0.5248 0.2214 0.5248 0.2214 0.5220 0.2354 0.5947 0.2354 0.5998 0.2382 0.5947 0.2188 0.5248 0.2188 0.5446 0.2214 0.5446 0.2060 0.5503 0.2081 0.5744 0.2081 0.5503 0.2437 0.5796 0.2451 0.5947 0.2451 0.5796 0.2060 0.5503 0.2060 0.5744 0.2081 0.5744 0.2437 0.5796 0.2437 0.5947 0.2451 0.5947 0.2081 0.5446 0.2060 0.5503 0.2081 0.5503 0.2322 0.5998 0.2322 0.6120 0.2354 0.6120 0.2081 0.5446 0.2095 0.5503 0.2095 0.5446 0.2081 0.5446 0.2081 0.5503 0.2095 0.5503 0.2322 0.5998 0.2354 0.5998 0.2354 0.5947 0.2322 0.5998 0.2354 0.6120 0.2354 0.5998 0.2188 0.5220 0.2188 0.5248 0.2214 0.5220 0.2250 0.6120 0.2277 0.6164 0.2277 0.6120 0.2250 0.6120 0.2250 0.6164 0.2277 0.6164 0.2047 0.5503 0.2060 0.5744 0.2060 0.5503 0.2047 0.5503 0.2047 0.5744 0.2060 0.5744 0.2451 0.5744 0.2486 0.5796 0.2486 0.5744 0.2296 0.5000 0.2296 0.5220 0.2322 0.5000 0.2451 0.5744 0.2451 0.5796 0.2486 0.5796 0.2296 0.5000 0.2277 0.5220 0.2296 0.5220 0.2214 0.6164 0.2188 0.6228 0.2214 0.6228 0.2214 0.6164 0.2214 0.6228 0.2250 0.6164 0.2156 0.5248 0.2188 0.5446 0.2188 0.5248 0.2156 0.5248 0.2156 0.5446 0.2188 0.5446 0.2296 0.5998 0.2322 0.6120 0.2322 0.5998 0.2037 0.5503 0.2005 0.5503 0.2037 0.5744 0.2296 0.5998 0.2277 0.6120 0.2296 0.6120 0.2296 0.5998 0.2296 0.6120 0.2322 0.6120 0.2037 0.5503 0.2047 0.5744 0.2047 0.5503 0.2037 0.5503 0.2037 0.5744 0.2047 0.5744 0.2437 0.5744 0.2451 0.5796 0.2451 0.5744 0.2060 0.5446 0.2060 0.5503 0.2081 0.5446 0.2437 0.5744 0.2437 0.5796 0.2451 0.5796 0.2277 0.5000 0.2277 0.5220 0.2296 0.5000 0.2277 0.5000 0.2250 0.5220 0.2277 0.5220 0.2156 0.5220 0.2188 0.5248 0.2188 0.5220 0.2322 0.5947 0.2296 0.5998 0.2322 0.5998 0.2156 0.5220 0.2156 0.5248 0.2188 0.5248 0.2322 0.5947 0.2322 0.5998 0.2354 0.5947 0.2047 0.5446 0.2047 0.5503 0.2060 0.5503 0.2403 0.5796 0.2403 0.5947 0.2437 0.5947 0.2403 0.5796 0.2437 0.5947 0.2437 0.5796 0.2047 0.5446 0.2060 0.5503 0.2060 0.5446 0.2136 0.5248 0.2156 0.5248 0.2156 0.5220 0.2214 0.6120 0.2214 0.6164 0.2250 0.6164 0.2136 0.5248 0.2156 0.5446 0.2156 0.5248 0.2136 0.5248 0.2136 0.5446 0.2156 0.5446 0.2214 0.6120 0.2250 0.6164 0.2250 0.6120 0.2037 0.5446 0.2037 0.5503 0.2047 0.5503 0.2037 0.5446 0.2047 0.5503 0.2047 0.5446 0.2277 0.5998 0.2277 0.6120 0.2296 0.5998 0.2277 0.5998 0.2250 0.6120 0.2277 0.6120 0.2250 0.5000 0.2214 0.5220 0.2250 0.5220 0.2188 0.6164 0.2156 0.6164 0.2188 0.6228 0.2250 0.5000 0.2250 0.5220 0.2277 0.5000 0.2188 0.6164 0.2214 0.6164 0.2214 0.6120 0.2188 0.6164 0.2188 0.6228 0.2214 0.6164 0.2136 0.5220 0.2136 0.5248 0.2156 0.5220 0.2382 0.5796 0.2403 0.5947 0.2403 0.5796 0.3909 0.6484 0.3909 0.3516 0.2855 0.3636 0.2855 0.6364 0.3909 0.6484 0.2855 0.3636 0.2521 0.6440 0.2855 0.3636 0.2521 0.3560 0.2521 0.6440 0.2855 0.6364 0.2855 0.3636 0.4039 0.6462 0.4090 0.6434 0.4151 0.6290 0.4031 0.6466 0.4039 0.6462 0.4151 0.6290 0.3987 0.6479 0.4031 0.6466 0.4151 0.6290 0.3970 0.6483 0.3987 0.6479 0.4151 0.6290 0.3935 0.6485 0.3970 0.6483 0.4151 0.6290 0.3909 0.6484 0.4206 0.6127 0.4272 0.5863 0.3909 0.6484 0.4151 0.6290 0.4206 0.6127 0.3909 0.6484 0.3935 0.6485 0.4151 0.6290 0.3909 0.3516 0.4272 0.5863 0.4272 0.3796 0.3909 0.3516 0.4087 0.3564 0.3999 0.3523 0.3909 0.3516 0.4167 0.3636 0.4087 0.3564 0.3909 0.3516 0.4223 0.3711 0.4167 0.3636 0.3909 0.3516 0.4272 0.3796 0.4223 0.3711 0.3909 0.3516 0.3909 0.6484 0.4272 0.5863 0.9792 0.2502 0.9837 0.2715 0.9719 0.2715 0.6688 0.2312 0.6688 0.2272 0.6578 0.2312 0.9792 0.2502 0.9837 0.2502 0.9837 0.2715 0.6688 0.2312 0.6578 0.2312 0.6578 0.2502 0.9792 0.2502 0.9792 0.2312 0.9837 0.2502 0.9719 0.2272 0.9792 0.2048 0.9792 0.2272 0.9719 0.2272 0.9719 0.2048 0.9792 0.2048 0.6688 0.2502 0.6578 0.2502 0.6688 0.2715 0.6688 0.2502 0.6688 0.2312 0.6578 0.2502 0.7058 0.1891 0.7058 0.1747 0.6688 0.1891 0.9719 0.2312 0.9792 0.2272 0.9792 0.2312 0.9719 0.2312 0.9719 0.2272 0.9792 0.2272 0.7058 0.1906 0.6688 0.1891 0.6688 0.1906 0.9589 0.1891 0.9519 0.1747 0.9719 0.1891 0.7058 0.1906 0.7058 0.1891 0.6688 0.1891 0.7058 0.2003 0.6688 0.1906 0.6688 0.2003 0.9589 0.1906 0.9719 0.1891 0.9719 0.1906 0.9589 0.1906 0.9589 0.1891 0.9719 0.1891 0.7058 0.2003 0.7058 0.1906 0.6688 0.1906 0.7130 0.1891 0.7058 0.1747 0.7058 0.1891 0.7130 0.1891 0.7058 0.1891 0.7058 0.1906 0.9589 0.2003 0.9719 0.1906 0.9719 0.2003 0.9589 0.2003 0.9589 0.1906 0.9719 0.1906 0.7130 0.1891 0.7130 0.1747 0.7058 0.1747 0.9719 0.2502 0.9792 0.2502 0.9719 0.2715 0.7130 0.1906 0.7058 0.1906 0.7058 0.2003 0.9719 0.2502 0.9792 0.2312 0.9792 0.2502 0.7130 0.1906 0.7130 0.1891 0.7058 0.1906 0.7058 0.2048 0.6688 0.2003 0.6688 0.2048 0.9719 0.2502 0.9719 0.2312 0.9792 0.2312 0.7058 0.2048 0.7058 0.2003 0.6688 0.2003 0.9589 0.2048 0.9589 0.2003 0.9719 0.2003 0.9589 0.2048 0.9719 0.2003 0.9719 0.2048 0.7130 0.2003 0.7058 0.2003 0.7058 0.2048 0.9519 0.1891 0.9589 0.1891 0.9589 0.1906 0.7130 0.2003 0.7130 0.1906 0.7058 0.2003 0.7130 0.2048 0.7130 0.2003 0.7058 0.2048 0.9519 0.1891 0.9519 0.1747 0.9589 0.1891 0.9519 0.1906 0.9589 0.1906 0.9589 0.2003 0.9519 0.1906 0.9519 0.1891 0.9589 0.1906 0.7058 0.2272 0.6688 0.2048 0.6688 0.2272 0.7058 0.2272 0.7058 0.2048 0.6688 0.2048 0.7271 0.1891 0.7130 0.1747 0.7130 0.1891 0.7271 0.1891 0.7130 0.1891 0.7130 0.1906 0.9519 0.2003 0.9519 0.1906 0.9589 0.2003 0.7271 0.1891 0.7631 0.1747 0.7130 0.1747 0.9519 0.2003 0.9589 0.2003 0.9589 0.2048 0.9519 0.2048 0.9519 0.2003 0.9589 0.2048 0.7058 0.2312 0.6688 0.2272 0.6688 0.2312 0.7058 0.2312 0.7058 0.2272 0.6688 0.2272 0.9589 0.2272 0.9589 0.2048 0.9719 0.2048 0.7271 0.1906 0.7271 0.1891 0.7130 0.1906 0.9589 0.2272 0.9719 0.2048 0.9719 0.2272 0.4259 0.1747 0.4313 0.1747 0.4263 0.1891 0.7130 0.2272 0.7058 0.2272 0.7058 0.2312 0.9589 0.2312 0.9589 0.2272 0.9719 0.2272 0.9589 0.2312 0.9719 0.2272 0.9719 0.2312 0.4268 0.1906 0.4259 0.1747 0.4263 0.1891 0.7130 0.2272 0.7130 0.2048 0.7058 0.2048 0.7130 0.2272 0.7058 0.2048 0.7058 0.2272 0.9439 0.1891 0.9519 0.1747 0.9519 0.1891 0.7271 0.2003 0.7130 0.1906 0.7130 0.2003 0.7271 0.2003 0.7271 0.1906 0.7130 0.1906 0.7130 0.2312 0.7130 0.2272 0.7058 0.2312 0.9439 0.1906 0.9439 0.1891 0.9519 0.1891 0.7271 0.2048 0.7271 0.2003 0.7130 0.2003 0.9439 0.1906 0.9519 0.1891 0.9519 0.1906 0.9439 0.2003 0.9519 0.2003 0.9519 0.2048 0.9439 0.2003 0.9519 0.1906 0.9519 0.2003 0.7271 0.2048 0.7130 0.2003 0.7130 0.2048 0.9439 0.2003 0.9439 0.1906 0.9519 0.1906 0.7058 0.2502 0.6688 0.2715 0.7271 0.2715 0.9519 0.2272 0.9589 0.2048 0.9589 0.2272 0.7058 0.2502 0.6688 0.2502 0.6688 0.2715 0.9519 0.2272 0.9519 0.2048 0.9589 0.2048 0.7058 0.2502 0.6688 0.2312 0.6688 0.2502 0.9519 0.2272 0.9589 0.2272 0.9589 0.2312 0.7058 0.2502 0.7058 0.2312 0.6688 0.2312 0.7130 0.2502 0.7130 0.2312 0.7058 0.2312 0.7130 0.2502 0.7058 0.2502 0.7271 0.2715 0.7130 0.2502 0.7058 0.2312 0.7058 0.2502 0.7271 0.2272 0.7130 0.2048 0.7130 0.2272 0.9439 0.2048 0.9439 0.2003 0.9519 0.2048 0.7271 0.2272 0.7271 0.2048 0.7130 0.2048 0.9589 0.2502 0.9719 0.2312 0.9719 0.2502 0.9589 0.2502 0.9589 0.2312 0.9719 0.2312 0.7271 0.2312 0.7130 0.2272 0.7130 0.2312 0.9589 0.2502 0.9719 0.2715 0.9589 0.2715 0.7271 0.2312 0.7271 0.2272 0.7130 0.2272 0.9589 0.2502 0.9719 0.2502 0.9719 0.2715 0.9519 0.2312 0.9589 0.2312 0.9589 0.2502 0.7271 0.2502 0.7130 0.2502 0.7271 0.2715 0.7271 0.2502 0.7271 0.2312 0.7130 0.2312 0.9519 0.2312 0.9519 0.2272 0.9589 0.2312 0.9439 0.2272 0.9519 0.2048 0.9519 0.2272 0.7271 0.2502 0.7130 0.2312 0.7130 0.2502 0.9439 0.2272 0.9439 0.2048 0.9519 0.2048 0.9519 0.2502 0.9519 0.2312 0.9589 0.2502 0.9519 0.2502 0.9589 0.2502 0.9589 0.2715 0.9519 0.2502 0.9589 0.2715 0.9439 0.2715 0.9439 0.2312 0.9439 0.2272 0.9519 0.2272 0.7623 0.1891 0.7631 0.1747 0.7271 0.1891 0.9439 0.2312 0.9519 0.2272 0.9519 0.2312 0.9267 0.1891 0.9519 0.1747 0.9439 0.1891 0.7623 0.1906 0.7623 0.1891 0.7271 0.1891 0.7623 0.1906 0.7271 0.1891 0.7271 0.1906 0.9267 0.1891 0.9141 0.1747 0.9519 0.1747 0.9267 0.1906 0.9439 0.1891 0.9439 0.1906 0.7660 0.1891 0.7631 0.1747 0.7623 0.1891 0.7660 0.1891 0.7623 0.1891 0.7623 0.1906 0.7660 0.1891 0.7660 0.1747 0.7631 0.1747 0.9267 0.1906 0.9267 0.1891 0.9439 0.1891 0.7660 0.1906 0.7660 0.1891 0.7623 0.1906 0.9267 0.2003 0.9439 0.1906 0.9439 0.2003 0.7623 0.2003 0.7271 0.1906 0.7271 0.2003 0.7623 0.2003 0.7623 0.1906 0.7271 0.1906 0.9267 0.2003 0.9267 0.1906 0.9439 0.1906 0.9267 0.2048 0.9439 0.2003 0.9439 0.2048 0.9267 0.2048 0.9267 0.2003 0.9439 0.2003 0.7623 0.2048 0.7271 0.2003 0.7271 0.2048 0.9439 0.2502 0.9519 0.2312 0.9519 0.2502 0.7623 0.2048 0.7623 0.2003 0.7271 0.2003 0.9439 0.2502 0.9439 0.2312 0.9519 0.2312 0.9439 0.2502 0.9519 0.2502 0.9439 0.2715 0.9141 0.1891 0.9267 0.1891 0.9267 0.1906 0.7660 0.2003 0.7660 0.1906 0.7623 0.1906 0.7660 0.2003 0.7623 0.1906 0.7623 0.2003 0.9141 0.1891 0.9141 0.1747 0.9267 0.1891 0.7660 0.2048 0.7623 0.2003 0.7623 0.2048 0.7660 0.2048 0.7660 0.2003 0.7623 0.2003 0.9141 0.1906 0.9141 0.1891 0.9267 0.1906 0.7623 0.2272 0.7271 0.2048 0.7271 0.2272 0.9141 0.1906 0.9267 0.1906 0.9267 0.2003 0.9267 0.2272 0.9267 0.2048 0.9439 0.2048 0.9267 0.2272 0.9439 0.2048 0.9439 0.2272 0.7623 0.2272 0.7623 0.2048 0.7271 0.2048 0.7843 0.1891 0.7660 0.1747 0.7660 0.1891 0.9141 0.2003 0.9267 0.2003 0.9267 0.2048 0.9141 0.2003 0.9141 0.1906 0.9267 0.2003 0.7843 0.1906 0.7843 0.1891 0.7660 0.1891 0.9267 0.2312 0.9439 0.2272 0.9439 0.2312 0.7843 0.1906 0.7660 0.1891 0.7660 0.1906 0.9267 0.2312 0.9267 0.2272 0.9439 0.2272 0.7623 0.2312 0.7623 0.2272 0.7271 0.2272 0.7623 0.2312 0.7271 0.2272 0.7271 0.2312 0.9080 0.1891 0.9141 0.1747 0.9141 0.1891 0.7660 0.2272 0.7660 0.2048 0.7623 0.2048 0.9080 0.1906 0.9141 0.1891 0.9141 0.1906 0.7660 0.2272 0.7623 0.2048 0.7623 0.2272 0.9080 0.1906 0.9080 0.1891 0.9141 0.1891 0.9141 0.2048 0.9267 0.2048 0.9267 0.2272 0.7660 0.2312 0.7623 0.2272 0.7623 0.2312 0.7660 0.2312 0.7660 0.2272 0.7623 0.2272 0.9141 0.2048 0.9141 0.2003 0.9267 0.2048 0.7843 0.2003 0.7843 0.1906 0.7660 0.1906 0.9080 0.2003 0.9080 0.1906 0.9141 0.1906 0.7843 0.2003 0.7660 0.1906 0.7660 0.2003 0.9080 0.2003 0.9141 0.1906 0.9141 0.2003 0.9080 0.2003 0.9141 0.2003 0.9141 0.2048 0.9080 0.2048 0.9080 0.2003 0.9141 0.2048 0.7843 0.2048 0.7660 0.2003 0.7660 0.2048 0.7843 0.2048 0.7843 0.2003 0.7660 0.2003 0.9267 0.2502 0.9267 0.2312 0.9439 0.2312 0.9267 0.2502 0.9439 0.2715 0.9267 0.2715 0.9267 0.2502 0.9439 0.2312 0.9439 0.2502 0.7623 0.2502 0.7623 0.2312 0.7271 0.2312 0.9267 0.2502 0.9439 0.2502 0.9439 0.2715 0.7623 0.2502 0.7271 0.2502 0.7271 0.2715 0.7623 0.2502 0.7271 0.2312 0.7271 0.2502 0.7623 0.2502 0.7271 0.2715 0.7624 0.2715 0.9141 0.2272 0.9141 0.2048 0.9267 0.2272 0.9141 0.2272 0.9267 0.2272 0.9267 0.2312 0.7958 0.1891 0.7660 0.1747 0.7843 0.1891 0.9141 0.2312 0.9141 0.2272 0.9267 0.2312 0.9141 0.2312 0.9267 0.2312 0.9267 0.2502 0.7958 0.1891 0.8188 0.1747 0.7660 0.1747 0.7958 0.1906 0.7958 0.1891 0.7843 0.1891 0.9080 0.2272 0.9141 0.2048 0.9141 0.2272 0.7958 0.1906 0.7843 0.1891 0.7843 0.1906 0.9080 0.2272 0.9080 0.2048 0.9141 0.2048 0.9080 0.2312 0.9080 0.2272 0.9141 0.2272 0.7660 0.2502 0.7624 0.2715 0.7843 0.2715 0.7660 0.2502 0.7623 0.2312 0.7623 0.2502 0.9080 0.2312 0.9141 0.2272 0.9141 0.2312 0.7660 0.2502 0.7660 0.2312 0.7623 0.2312 0.7660 0.2502 0.7623 0.2502 0.7624 0.2715 0.7958 0.2003 0.7843 0.1906 0.7843 0.2003 0.8873 0.1891 0.8724 0.1747 0.9141 0.1747 0.8873 0.1891 0.9141 0.1747 0.9080 0.1891 0.7958 0.2003 0.7958 0.1906 0.7843 0.1906 0.7958 0.2048 0.7958 0.2003 0.7843 0.2003 0.8873 0.1906 0.8873 0.1891 0.9080 0.1891 0.7958 0.2048 0.7843 0.2003 0.7843 0.2048 0.8873 0.1906 0.9080 0.1891 0.9080 0.1906 0.7843 0.2272 0.7660 0.2048 0.7660 0.2272 0.7843 0.2272 0.7843 0.2048 0.7660 0.2048 0.9141 0.2502 0.9267 0.2502 0.9267 0.2715 0.9141 0.2502 0.9267 0.2715 0.9080 0.2715 0.9141 0.2502 0.9141 0.2312 0.9267 0.2502 0.7843 0.2312 0.7660 0.2272 0.7660 0.2312 0.7843 0.2312 0.7843 0.2272 0.7660 0.2272 0.8873 0.2003 0.8873 0.1906 0.9080 0.1906 0.8873 0.2003 0.9080 0.1906 0.9080 0.2003 0.7958 0.2272 0.7843 0.2048 0.7843 0.2272 0.7958 0.2272 0.7958 0.2048 0.7843 0.2048 0.8873 0.2048 0.8873 0.2003 0.9080 0.2003 0.8873 0.2048 0.9080 0.2003 0.9080 0.2048 0.7843 0.2502 0.7843 0.2312 0.7660 0.2312 0.7843 0.2502 0.7660 0.2502 0.7843 0.2715 0.9080 0.2502 0.9080 0.2312 0.9141 0.2312 0.7843 0.2502 0.7660 0.2312 0.7660 0.2502 0.9080 0.2502 0.9141 0.2312 0.9141 0.2502 0.9080 0.2502 0.9141 0.2502 0.9080 0.2715 0.7958 0.2312 0.7843 0.2272 0.7843 0.2312 0.7958 0.2312 0.7958 0.2272 0.7843 0.2272 0.8724 0.1891 0.8724 0.1747 0.8873 0.1891 0.8188 0.1891 0.8188 0.1747 0.7958 0.1891 0.8724 0.1906 0.8724 0.1891 0.8873 0.1891 0.8724 0.1906 0.8873 0.1891 0.8873 0.1906 0.8873 0.2272 0.9080 0.2048 0.9080 0.2272 0.8188 0.1906 0.8188 0.1891 0.7958 0.1891 0.8873 0.2272 0.8873 0.2048 0.9080 0.2048 0.8188 0.1906 0.7958 0.1891 0.7958 0.1906 0.8188 0.1906 0.7958 0.1906 0.7958 0.2003 0.8202 0.1891 0.8188 0.1747 0.8188 0.1891 0.8724 0.2003 0.8873 0.1906 0.8873 0.2003 0.8724 0.2003 0.8724 0.1906 0.8873 0.1906 0.8202 0.1891 0.8202 0.1747 0.8188 0.1747 0.8873 0.2312 0.9080 0.2272 0.9080 0.2312 0.8202 0.1891 0.8188 0.1891 0.8188 0.1906 0.8873 0.2312 0.8873 0.2272 0.9080 0.2272 0.8202 0.1906 0.8202 0.1891 0.8188 0.1906 0.8724 0.2048 0.8873 0.2003 0.8873 0.2048 0.8188 0.2003 0.8188 0.1906 0.7958 0.2003 0.8724 0.2048 0.8724 0.2003 0.8873 0.2003 0.8606 0.1891 0.8724 0.1747 0.8724 0.1891 0.8606 0.1891 0.8724 0.1891 0.8724 0.1906 0.8202 0.2003 0.8202 0.1906 0.8188 0.1906 0.8606 0.1891 0.8245 0.1747 0.8724 0.1747 0.8202 0.2003 0.8188 0.1906 0.8188 0.2003 0.8188 0.2048 0.8188 0.2003 0.7958 0.2003 0.8606 0.1906 0.8606 0.1891 0.8724 0.1906 0.8188 0.2048 0.8202 0.2003 0.8188 0.2003 0.8606 0.1906 0.8724 0.1906 0.8724 0.2003 0.8188 0.2048 0.7958 0.2003 0.7958 0.2048 0.8873 0.2502 0.9080 0.2312 0.9080 0.2502 0.8873 0.2502 0.9080 0.2502 0.9080 0.2715 0.8873 0.2502 0.8873 0.2312 0.9080 0.2312 0.8202 0.2048 0.8202 0.2003 0.8188 0.2048 0.8873 0.2502 0.9080 0.2715 0.8873 0.2715 0.7958 0.2502 0.7843 0.2502 0.7843 0.2715 0.8606 0.2003 0.8724 0.2003 0.8724 0.2048 0.7958 0.2502 0.7843 0.2715 0.7956 0.2715 0.8606 0.2003 0.8606 0.1906 0.8724 0.2003 0.7958 0.2502 0.7958 0.2312 0.7843 0.2312 0.7958 0.2502 0.7843 0.2312 0.7843 0.2502 0.8349 0.1891 0.8202 0.1747 0.8202 0.1891 0.8724 0.2272 0.8873 0.2048 0.8873 0.2272 0.8724 0.2272 0.8724 0.2048 0.8873 0.2048 0.8606 0.2048 0.8606 0.2003 0.8724 0.2048 0.8349 0.1906 0.8202 0.1891 0.8202 0.1906 0.8349 0.1906 0.8349 0.1891 0.8202 0.1891 0.8606 0.2048 0.8724 0.2048 0.8724 0.2272 0.8724 0.2312 0.8873 0.2272 0.8873 0.2312 0.8724 0.2312 0.8724 0.2272 0.8873 0.2272 0.8188 0.2272 0.7958 0.2048 0.7958 0.2272 0.8188 0.2272 0.8188 0.2048 0.7958 0.2048 0.8724 0.2502 0.8873 0.2312 0.8873 0.2502 0.8724 0.2502 0.8724 0.2312 0.8873 0.2312 0.8724 0.2502 0.8873 0.2715 0.8606 0.2715 0.8724 0.2502 0.8873 0.2502 0.8873 0.2715 0.8188 0.2272 0.7958 0.2272 0.7958 0.2312 0.8202 0.2272 0.8188 0.2048 0.8188 0.2272 0.8606 0.2272 0.8606 0.2048 0.8724 0.2272 0.8606 0.2272 0.8724 0.2272 0.8724 0.2312 0.8202 0.2272 0.8202 0.2048 0.8188 0.2048 0.8349 0.2003 0.8349 0.1906 0.8202 0.1906 0.8606 0.2312 0.8724 0.2312 0.8724 0.2502 0.8349 0.2003 0.8202 0.1906 0.8202 0.2003 0.8606 0.2312 0.8606 0.2272 0.8724 0.2312 0.8369 0.1891 0.8245 0.1747 0.8606 0.1891 0.8188 0.2312 0.8188 0.2272 0.7958 0.2312 0.8369 0.1906 0.8606 0.1891 0.8606 0.1906 0.8202 0.2312 0.8188 0.2272 0.8188 0.2312 0.8202 0.2312 0.8202 0.2272 0.8188 0.2272 0.8369 0.1906 0.8369 0.1891 0.8606 0.1891 0.8349 0.2048 0.8202 0.2003 0.8202 0.2048 0.8349 0.2048 0.8349 0.2003 0.8202 0.2003 0.8369 0.2003 0.8606 0.1906 0.8606 0.2003 0.8369 0.2003 0.8606 0.2003 0.8606 0.2048 0.8467 0.1891 0.8202 0.1747 0.8349 0.1891 0.8369 0.2003 0.8369 0.1906 0.8606 0.1906 0.8467 0.1891 0.8708 0.1747 0.8202 0.1747 0.8467 0.1906 0.8349 0.1891 0.8349 0.1906 0.8369 0.2048 0.8369 0.2003 0.8606 0.2048 0.8606 0.2502 0.8724 0.2502 0.8606 0.2715 0.8467 0.1906 0.8467 0.1891 0.8349 0.1891 0.8606 0.2502 0.8606 0.2312 0.8724 0.2502 0.8188 0.2502 0.7956 0.2715 0.8349 0.2715 0.8188 0.2502 0.7958 0.2502 0.7956 0.2715 0.8188 0.2502 0.8188 0.2312 0.7958 0.2312 0.8245 0.1891 0.8245 0.1747 0.8369 0.1891 0.8188 0.2502 0.7958 0.2312 0.7958 0.2502 0.8245 0.1906 0.8245 0.1891 0.8369 0.1891 0.8467 0.2003 0.8349 0.1906 0.8349 0.2003 0.8467 0.2003 0.8467 0.1906 0.8349 0.1906 0.8245 0.1906 0.8369 0.1891 0.8369 0.1906 0.8202 0.2502 0.8188 0.2502 0.8349 0.2715 0.8245 0.1906 0.8369 0.1906 0.8369 0.2003 0.8202 0.2502 0.8202 0.2312 0.8188 0.2312 0.8202 0.2502 0.8188 0.2312 0.8188 0.2502 0.8245 0.2003 0.8245 0.1906 0.8369 0.2003 0.8467 0.2048 0.8349 0.2003 0.8349 0.2048 0.8245 0.2003 0.8369 0.2003 0.8369 0.2048 0.8467 0.2048 0.8467 0.2003 0.8349 0.2003 0.8349 0.2272 0.8202 0.2048 0.8202 0.2272 0.8369 0.2272 0.8606 0.2048 0.8606 0.2272 0.8349 0.2272 0.8349 0.2048 0.8202 0.2048 0.8369 0.2272 0.8606 0.2272 0.8606 0.2312 0.8369 0.2272 0.8369 0.2048 0.8606 0.2048 0.6599 0.1891 0.6599 0.1747 0.7130 0.1747 0.8245 0.2048 0.8245 0.2003 0.8369 0.2048 0.8349 0.2312 0.8202 0.2272 0.8202 0.2312 0.8349 0.2312 0.8349 0.2272 0.8202 0.2272 0.8369 0.2312 0.8369 0.2272 0.8606 0.2312 0.6599 0.1906 0.6599 0.1891 0.7130 0.1747 0.6584 0.1891 0.6057 0.1747 0.6599 0.1747 0.8467 0.2272 0.8467 0.2048 0.8349 0.2048 0.8467 0.2272 0.8349 0.2048 0.8349 0.2272 0.6584 0.1891 0.6599 0.1891 0.6599 0.1906 0.8074 0.1891 0.8245 0.1747 0.8245 0.1891 0.6584 0.1891 0.6599 0.1747 0.6599 0.1891 0.8349 0.2502 0.8202 0.2502 0.8349 0.2715 0.8074 0.1891 0.7682 0.1747 0.8245 0.1747 0.8349 0.2502 0.8202 0.2312 0.8202 0.2502 0.8074 0.1906 0.8245 0.1891 0.8245 0.1906 0.6584 0.1906 0.6584 0.1891 0.6599 0.1906 0.8349 0.2502 0.8349 0.2312 0.8202 0.2312 0.6599 0.2003 0.6599 0.1906 0.7130 0.1747 0.8467 0.2312 0.8349 0.2272 0.8349 0.2312 0.8467 0.2312 0.8467 0.2272 0.8349 0.2272 0.8074 0.1906 0.8074 0.1891 0.8245 0.1891 0.8369 0.2502 0.8369 0.2312 0.8606 0.2312 0.6584 0.2003 0.6599 0.1906 0.6599 0.2003 0.8369 0.2502 0.8606 0.2715 0.8369 0.2715 0.8708 0.1891 0.8708 0.1747 0.8467 0.1891 0.8708 0.1891 0.8467 0.1891 0.8467 0.1906 0.8369 0.2502 0.8606 0.2502 0.8606 0.2715 0.6584 0.2003 0.6584 0.1906 0.6599 0.1906 0.8369 0.2502 0.8606 0.2312 0.8606 0.2502 0.8245 0.2272 0.8245 0.2048 0.8369 0.2048 0.8708 0.1891 0.8721 0.1747 0.8708 0.1747 0.6599 0.2048 0.6584 0.2003 0.6599 0.2003 0.8245 0.2272 0.8369 0.2048 0.8369 0.2272 0.6599 0.2048 0.6599 0.2003 0.7130 0.1747 0.8708 0.1906 0.8708 0.1891 0.8467 0.1906 0.8245 0.2312 0.8369 0.2312 0.8369 0.2502 0.8708 0.1906 0.8467 0.1906 0.8467 0.2003 0.8245 0.2312 0.8245 0.2272 0.8369 0.2272 0.6584 0.2048 0.6584 0.2003 0.6599 0.2048 0.8245 0.2312 0.8369 0.2272 0.8369 0.2312 0.6599 0.2272 0.7130 0.1747 0.7130 0.2715 0.8074 0.2003 0.8245 0.1906 0.8245 0.2003 0.6599 0.2272 0.6599 0.2048 0.7130 0.1747 0.8074 0.2003 0.8074 0.1906 0.8245 0.1906 0.6584 0.2272 0.6599 0.2048 0.6599 0.2272 0.8721 0.1891 0.8721 0.1747 0.8708 0.1891 0.8721 0.1906 0.8721 0.1891 0.8708 0.1891 0.6584 0.2272 0.6584 0.2048 0.6599 0.2048 0.8074 0.2048 0.8245 0.2003 0.8245 0.2048 0.6599 0.2312 0.6584 0.2272 0.6599 0.2272 0.8721 0.1906 0.8708 0.1891 0.8708 0.1906 0.8074 0.2048 0.8074 0.2003 0.8245 0.2003 0.6599 0.2312 0.6599 0.2272 0.7130 0.2715 0.8708 0.2003 0.8721 0.1906 0.8708 0.1906 0.8245 0.2502 0.8245 0.2312 0.8369 0.2502 0.6584 0.2312 0.6584 0.2272 0.6599 0.2312 0.8708 0.2003 0.8708 0.1906 0.8467 0.2003 0.8245 0.2502 0.8369 0.2502 0.8369 0.2715 0.6599 0.2502 0.7130 0.2715 0.6584 0.2715 0.8708 0.2003 0.8467 0.2003 0.8467 0.2048 0.8245 0.2502 0.8369 0.2715 0.8074 0.2715 0.8074 0.2272 0.8245 0.2048 0.8245 0.2272 0.6599 0.2502 0.6599 0.2312 0.7130 0.2715 0.8721 0.2003 0.8721 0.1906 0.8708 0.2003 0.8074 0.2272 0.8074 0.2048 0.8245 0.2048 0.6584 0.2502 0.6599 0.2312 0.6599 0.2502 0.6584 0.2502 0.6599 0.2502 0.6584 0.2715 0.6584 0.2502 0.6584 0.2312 0.6599 0.2312 0.8467 0.2502 0.8467 0.2312 0.8349 0.2312 0.8074 0.2312 0.8245 0.2272 0.8245 0.2312 0.8467 0.2502 0.8349 0.2715 0.8468 0.2715 0.8467 0.2502 0.8349 0.2312 0.8349 0.2502 0.8074 0.2312 0.8074 0.2272 0.8245 0.2272 0.6057 0.1891 0.6057 0.1747 0.6584 0.1891 0.8467 0.2502 0.8349 0.2502 0.8349 0.2715 0.8074 0.2312 0.8245 0.2312 0.8245 0.2502 0.8708 0.2048 0.8708 0.2003 0.8467 0.2048 0.7820 0.1891 0.7682 0.1747 0.8074 0.1891 0.7820 0.1891 0.8074 0.1891 0.8074 0.1906 0.8708 0.2048 0.8467 0.2048 0.8467 0.2272 0.6057 0.1906 0.6584 0.1891 0.6584 0.1906 0.7820 0.1906 0.7820 0.1891 0.8074 0.1906 0.8721 0.2048 0.8708 0.2003 0.8708 0.2048 0.8721 0.2048 0.8721 0.2003 0.8708 0.2003 0.6057 0.1906 0.6057 0.1891 0.6584 0.1891 0.8821 0.1891 0.8721 0.1747 0.8721 0.1891 0.6039 0.1891 0.6057 0.1747 0.6057 0.1891 0.7820 0.2003 0.8074 0.1906 0.8074 0.2003 0.6039 0.1906 0.6057 0.1891 0.6057 0.1906 0.8821 0.1906 0.8721 0.1891 0.8721 0.1906 0.7820 0.2003 0.8074 0.2003 0.8074 0.2048 0.6039 0.1906 0.6039 0.1891 0.6057 0.1891 0.7820 0.2003 0.7820 0.1906 0.8074 0.1906 0.8821 0.1906 0.8821 0.1891 0.8721 0.1891 0.8074 0.2502 0.8245 0.2502 0.8074 0.2715 0.8821 0.2003 0.8721 0.1906 0.8721 0.2003 0.8074 0.2502 0.8074 0.2312 0.8245 0.2502 0.8821 0.2003 0.8821 0.1906 0.8721 0.1906 0.7820 0.2048 0.7820 0.2003 0.8074 0.2048 0.6057 0.2003 0.6584 0.1906 0.6584 0.2003 0.6057 0.2003 0.6057 0.1906 0.6584 0.1906 0.8821 0.2003 0.8721 0.2003 0.8721 0.2048 0.6039 0.2003 0.6039 0.1906 0.6057 0.1906 0.6039 0.2003 0.6057 0.1906 0.6057 0.2003 0.8708 0.2272 0.8708 0.2048 0.8467 0.2272 0.7682 0.1891 0.7682 0.1747 0.7820 0.1891 0.6057 0.2048 0.6057 0.2003 0.6584 0.2003 0.8708 0.2272 0.8467 0.2272 0.8467 0.2312 0.8821 0.2048 0.8821 0.2003 0.8721 0.2048 0.7682 0.1906 0.7820 0.1891 0.7820 0.1906 0.6057 0.2048 0.6584 0.2003 0.6584 0.2048 0.6039 0.2048 0.6039 0.2003 0.6057 0.2003 0.7682 0.1906 0.7682 0.1891 0.7820 0.1891 0.8721 0.2272 0.8721 0.2048 0.8708 0.2048 0.7682 0.1906 0.7820 0.1906 0.7820 0.2003 0.6039 0.2048 0.6057 0.2003 0.6057 0.2048 0.8721 0.2272 0.8708 0.2048 0.8708 0.2272 0.8708 0.2312 0.8467 0.2312 0.8467 0.2502 0.6057 0.2272 0.6057 0.2048 0.6584 0.2048 0.7682 0.2003 0.7682 0.1906 0.7820 0.2003 0.7820 0.2272 0.8074 0.2048 0.8074 0.2272 0.6057 0.2272 0.6584 0.2048 0.6584 0.2272 0.8708 0.2312 0.8708 0.2272 0.8467 0.2312 0.7820 0.2272 0.8074 0.2272 0.8074 0.2312 0.7820 0.2272 0.7820 0.2048 0.8074 0.2048 0.6039 0.2272 0.6039 0.2048 0.6057 0.2048 0.8721 0.2312 0.8721 0.2272 0.8708 0.2272 0.6039 0.2272 0.6057 0.2048 0.6057 0.2272 0.8721 0.2312 0.8708 0.2272 0.8708 0.2312 0.8953 0.1891 0.8721 0.1747 0.8821 0.1891 0.7597 0.1891 0.7682 0.1747 0.7682 0.1891 0.6057 0.2312 0.6039 0.2272 0.6057 0.2272 0.8953 0.1891 0.8821 0.1891 0.8821 0.1906 0.6057 0.2312 0.6057 0.2272 0.6584 0.2272 0.6057 0.2312 0.6584 0.2272 0.6584 0.2312 0.8953 0.1891 0.9167 0.1747 0.8721 0.1747 0.7682 0.2048 0.7820 0.2003 0.7820 0.2048 0.6039 0.2312 0.6039 0.2272 0.6057 0.2312 0.7682 0.2048 0.7682 0.2003 0.7820 0.2003 0.8953 0.1906 0.8821 0.1906 0.8821 0.2003 0.6057 0.2502 0.6584 0.2715 0.6039 0.2715 0.8953 0.1906 0.8953 0.1891 0.8821 0.1906 0.6057 0.2502 0.6584 0.2502 0.6584 0.2715 0.6057 0.2502 0.6057 0.2312 0.6584 0.2312 0.8821 0.2272 0.8821 0.2048 0.8721 0.2048 0.8821 0.2272 0.8721 0.2048 0.8721 0.2272 0.7820 0.2312 0.7820 0.2272 0.8074 0.2312 0.6057 0.2502 0.6584 0.2312 0.6584 0.2502 0.6039 0.2502 0.6057 0.2502 0.6039 0.2715 0.8821 0.2272 0.8721 0.2272 0.8721 0.2312 0.6039 0.2502 0.6039 0.2715 0.5563 0.2715 0.6039 0.2502 0.6057 0.2312 0.6057 0.2502 0.7597 0.1906 0.7682 0.1891 0.7682 0.1906 0.6039 0.2502 0.6039 0.2312 0.6057 0.2312 0.8708 0.2502 0.8467 0.2502 0.8468 0.2715 0.7597 0.1906 0.7597 0.1891 0.7682 0.1891 0.5563 0.1891 0.5539 0.1747 0.6057 0.1747 0.8708 0.2502 0.8708 0.2312 0.8467 0.2502 0.5563 0.1891 0.6057 0.1747 0.6039 0.1891 0.8708 0.2502 0.8468 0.2715 0.8821 0.2715 0.5563 0.1891 0.6039 0.1891 0.6039 0.1906 0.7597 0.2003 0.7682 0.1906 0.7682 0.2003 0.8953 0.2003 0.8821 0.2003 0.8821 0.2048 0.7597 0.2003 0.7597 0.1906 0.7682 0.1906 0.8953 0.2003 0.8953 0.1906 0.8821 0.2003 0.8721 0.2502 0.8708 0.2502 0.8821 0.2715 0.7597 0.2048 0.7682 0.2003 0.7682 0.2048 0.8721 0.2502 0.8721 0.2312 0.8708 0.2312 0.8721 0.2502 0.8708 0.2312 0.8708 0.2502 0.7597 0.2048 0.7597 0.2003 0.7682 0.2003 0.7820 0.2502 0.8074 0.2502 0.8074 0.2715 0.5563 0.1906 0.5563 0.1891 0.6039 0.1906 0.8821 0.2312 0.8821 0.2272 0.8721 0.2312 0.7820 0.2502 0.8074 0.2715 0.7820 0.2715 0.5563 0.1906 0.6039 0.1906 0.6039 0.2003 0.7820 0.2502 0.8074 0.2312 0.8074 0.2502 0.7820 0.2502 0.7820 0.2312 0.8074 0.2312 0.5539 0.1891 0.5539 0.1747 0.5563 0.1891 0.7682 0.2272 0.7682 0.2048 0.7820 0.2048 0.7682 0.2272 0.7820 0.2048 0.7820 0.2272 0.8953 0.2048 0.8821 0.2048 0.8821 0.2272 0.5539 0.1906 0.5539 0.1891 0.5563 0.1891 0.8953 0.2048 0.8953 0.2003 0.8821 0.2048 0.5539 0.1906 0.5563 0.1891 0.5563 0.1906 0.8821 0.2502 0.8821 0.2715 0.8953 0.2715 0.8821 0.2502 0.8721 0.2502 0.8821 0.2715 0.8821 0.2502 0.8721 0.2312 0.8721 0.2502 0.7471 0.1891 0.7130 0.1747 0.7682 0.1747 0.5563 0.2003 0.5539 0.1906 0.5563 0.1906 0.8821 0.2502 0.8821 0.2312 0.8721 0.2312 0.7471 0.1891 0.7682 0.1747 0.7597 0.1891 0.5563 0.2003 0.5563 0.1906 0.6039 0.2003 0.8953 0.2272 0.8821 0.2272 0.8821 0.2312 0.5563 0.2003 0.6039 0.2003 0.6039 0.2048 0.7471 0.1906 0.7471 0.1891 0.7597 0.1891 0.8953 0.2272 0.8953 0.2048 0.8821 0.2272 0.7471 0.1906 0.7130 0.1747 0.7471 0.1891 0.8953 0.2312 0.8953 0.2272 0.8821 0.2312 0.7471 0.1906 0.7597 0.1891 0.7597 0.1906 0.5563 0.2048 0.5563 0.2003 0.6039 0.2048 0.8953 0.2312 0.8821 0.2312 0.8821 0.2502 0.5563 0.2048 0.6039 0.2048 0.6039 0.2272 0.9167 0.1891 0.9167 0.1747 0.8953 0.1891 0.7682 0.2312 0.7682 0.2272 0.7820 0.2272 0.5539 0.2003 0.5539 0.1906 0.5563 0.2003 0.7682 0.2312 0.7820 0.2272 0.7820 0.2312 0.7471 0.2003 0.7471 0.1906 0.7597 0.1906 0.9167 0.1891 0.9177 0.1747 0.9167 0.1747 0.7471 0.2003 0.7130 0.1747 0.7471 0.1906 0.5539 0.2048 0.5539 0.2003 0.5563 0.2003 0.7471 0.2003 0.7597 0.1906 0.7597 0.2003 0.5539 0.2048 0.5563 0.2003 0.5563 0.2048 0.9167 0.1906 0.8953 0.1891 0.8953 0.1906 0.9167 0.1906 0.9167 0.1891 0.8953 0.1891 0.7597 0.2272 0.7682 0.2048 0.7682 0.2272 0.5563 0.2272 0.6039 0.2272 0.6039 0.2312 0.5563 0.2272 0.5563 0.2048 0.6039 0.2272 0.7597 0.2272 0.7597 0.2048 0.7682 0.2048 0.5563 0.2312 0.6039 0.2312 0.6039 0.2502 0.7471 0.2048 0.7130 0.1747 0.7471 0.2003 0.9167 0.2003 0.9167 0.1906 0.8953 0.1906 0.7471 0.2048 0.7471 0.2003 0.7597 0.2003 0.5563 0.2312 0.5563 0.2272 0.6039 0.2312 0.9167 0.2003 0.8953 0.1906 0.8953 0.2003 0.7471 0.2048 0.7597 0.2003 0.7597 0.2048 0.5539 0.2272 0.5539 0.2048 0.5563 0.2048 0.7597 0.2312 0.7597 0.2272 0.7682 0.2272 0.5539 0.2272 0.5563 0.2048 0.5563 0.2272 0.8953 0.2502 0.8821 0.2502 0.8953 0.2715 0.7597 0.2312 0.7682 0.2272 0.7682 0.2312 0.5539 0.2312 0.5539 0.2272 0.5563 0.2272 0.8953 0.2502 0.8953 0.2312 0.8821 0.2502 0.7682 0.2502 0.7682 0.2312 0.7820 0.2312 0.5539 0.2312 0.5563 0.2272 0.5563 0.2312 0.7682 0.2502 0.7820 0.2502 0.7820 0.2715 0.5563 0.2502 0.5539 0.2312 0.5563 0.2312 0.9228 0.1891 0.9177 0.1747 0.9167 0.1891 0.7682 0.2502 0.7820 0.2715 0.7597 0.2715 0.5563 0.2502 0.5563 0.2312 0.6039 0.2502 0.7682 0.2502 0.7820 0.2312 0.7820 0.2502 0.5563 0.2502 0.6039 0.2502 0.5563 0.2715 0.9167 0.2048 0.8953 0.2003 0.8953 0.2048 0.7597 0.2502 0.7597 0.2312 0.7682 0.2312 0.5539 0.2502 0.5563 0.2715 0.5103 0.2715 0.5539 0.2502 0.5563 0.2502 0.5563 0.2715 0.7597 0.2502 0.7682 0.2502 0.7597 0.2715 0.5539 0.2502 0.5539 0.2312 0.5563 0.2502 0.9167 0.2048 0.9167 0.2003 0.8953 0.2003 0.7597 0.2502 0.7682 0.2312 0.7682 0.2502 0.7471 0.2272 0.7597 0.2048 0.7597 0.2272 0.5103 0.1891 0.5082 0.1747 0.5539 0.1747 0.7471 0.2272 0.7130 0.2715 0.7130 0.1747 0.9228 0.1906 0.9167 0.1891 0.9167 0.1906 0.7471 0.2272 0.7130 0.1747 0.7471 0.2048 0.9228 0.1906 0.9228 0.1891 0.9167 0.1891 0.7471 0.2272 0.7471 0.2048 0.7597 0.2048 0.7471 0.2312 0.7471 0.2272 0.7597 0.2272 0.5103 0.1891 0.5539 0.1747 0.5539 0.1891 0.7471 0.2312 0.7130 0.2715 0.7471 0.2272 0.9228 0.2003 0.9167 0.1906 0.9167 0.2003 0.7471 0.2312 0.7597 0.2272 0.7597 0.2312 0.7471 0.2502 0.7471 0.2312 0.7597 0.2312 0.9228 0.2003 0.9228 0.1906 0.9167 0.1906 0.7471 0.2502 0.7597 0.2312 0.7597 0.2502 0.5103 0.1906 0.5539 0.1891 0.5539 0.1906 0.7471 0.2502 0.7597 0.2502 0.7597 0.2715 0.7471 0.2502 0.7130 0.2715 0.7471 0.2312 0.7471 0.2502 0.7597 0.2715 0.7471 0.2715 0.5103 0.1906 0.5103 0.1891 0.5539 0.1891 0.7471 0.2502 0.7471 0.2715 0.7130 0.2715 0.9228 0.2048 0.9167 0.2003 0.9167 0.2048 0.9228 0.2048 0.9228 0.2003 0.9167 0.2003 0.5082 0.1891 0.5103 0.1891 0.5103 0.1906 0.5082 0.1891 0.5082 0.1747 0.5103 0.1891 0.9167 0.2272 0.8953 0.2048 0.8953 0.2272 0.9167 0.2272 0.9167 0.2048 0.8953 0.2048 0.5082 0.1906 0.5082 0.1891 0.5103 0.1906 0.5103 0.2003 0.5103 0.1906 0.5539 0.1906 0.9336 0.1891 0.9508 0.1747 0.9177 0.1747 0.9336 0.1891 0.9177 0.1747 0.9228 0.1891 0.5103 0.2003 0.5082 0.1906 0.5103 0.1906 0.5103 0.2003 0.5539 0.1906 0.5539 0.2003 0.9167 0.2312 0.9167 0.2272 0.8953 0.2272 0.9167 0.2312 0.8953 0.2272 0.8953 0.2312 0.5103 0.2048 0.5539 0.2003 0.5539 0.2048 0.5103 0.2048 0.5103 0.2003 0.5539 0.2003 0.9336 0.1906 0.9336 0.1891 0.9228 0.1891 0.9336 0.1906 0.9228 0.1891 0.9228 0.1906 0.9228 0.2272 0.9228 0.2048 0.9167 0.2048 0.5082 0.2003 0.5082 0.1906 0.5103 0.2003 0.5082 0.2003 0.5103 0.2003 0.5103 0.2048 0.9228 0.2272 0.9167 0.2048 0.9167 0.2272 0.5082 0.2048 0.5082 0.2003 0.5103 0.2048 0.9336 0.2003 0.9228 0.1906 0.9228 0.2003 0.5103 0.2272 0.5539 0.2048 0.5539 0.2272 0.5103 0.2272 0.5103 0.2048 0.5539 0.2048 0.9336 0.2003 0.9336 0.1906 0.9228 0.1906 0.9228 0.2312 0.9228 0.2272 0.9167 0.2272 0.5103 0.2312 0.5539 0.2272 0.5539 0.2312 0.9228 0.2312 0.9167 0.2272 0.9167 0.2312 0.5103 0.2312 0.5103 0.2272 0.5539 0.2272 0.9336 0.2048 0.9228 0.2003 0.9228 0.2048 0.5082 0.2272 0.5082 0.2048 0.5103 0.2048 0.5082 0.2272 0.5103 0.2048 0.5103 0.2272 0.9336 0.2048 0.9336 0.2003 0.9228 0.2003 0.9167 0.2502 0.9167 0.2312 0.8953 0.2312 0.5082 0.2312 0.5103 0.2272 0.5103 0.2312 0.9167 0.2502 0.8953 0.2715 0.9228 0.2715 0.5082 0.2312 0.5082 0.2272 0.5103 0.2272 0.9167 0.2502 0.8953 0.2502 0.8953 0.2715 0.9167 0.2502 0.8953 0.2312 0.8953 0.2502 0.5103 0.2502 0.5539 0.2502 0.5103 0.2715 0.9228 0.2502 0.9167 0.2312 0.9167 0.2502 0.5103 0.2502 0.5539 0.2312 0.5539 0.2502 0.9228 0.2502 0.9228 0.2312 0.9167 0.2312 0.5103 0.2502 0.5103 0.2312 0.5539 0.2312 0.9228 0.2502 0.9167 0.2502 0.9228 0.2715 0.5082 0.2502 0.5103 0.2715 0.4776 0.2715 0.9336 0.2272 0.9228 0.2048 0.9228 0.2272 0.5082 0.2502 0.5103 0.2502 0.5103 0.2715 0.5082 0.2502 0.5082 0.2312 0.5103 0.2312 0.9336 0.2272 0.9336 0.2048 0.9228 0.2048 0.5082 0.2502 0.5103 0.2312 0.5103 0.2502 0.4776 0.1891 0.4743 0.1747 0.5082 0.1747 0.4776 0.1891 0.5082 0.1747 0.5082 0.1891 0.9336 0.2312 0.9228 0.2272 0.9228 0.2312 0.4776 0.1891 0.5082 0.1891 0.5082 0.1906 0.9336 0.2312 0.9336 0.2272 0.9228 0.2272 0.9508 0.1891 0.9508 0.1747 0.9336 0.1891 0.4776 0.1906 0.5082 0.1906 0.5082 0.2003 0.4776 0.1906 0.4776 0.1891 0.5082 0.1906 0.9508 0.1891 0.9517 0.1747 0.9508 0.1747 0.9508 0.1906 0.9336 0.1891 0.9336 0.1906 0.4743 0.1891 0.4776 0.1891 0.4776 0.1906 0.4743 0.1891 0.4743 0.1747 0.4776 0.1891 0.9508 0.1906 0.9508 0.1891 0.9336 0.1891 0.4776 0.2003 0.5082 0.2003 0.5082 0.2048 0.4776 0.2003 0.4776 0.1906 0.5082 0.2003 0.9508 0.2003 0.9336 0.1906 0.9336 0.2003 0.4743 0.1906 0.4743 0.1891 0.4776 0.1906 0.9508 0.2003 0.9508 0.1906 0.9336 0.1906 0.4776 0.2048 0.5082 0.2048 0.5082 0.2272 0.9336 0.2502 0.9228 0.2312 0.9228 0.2502 0.9336 0.2502 0.9336 0.2312 0.9228 0.2312 0.4776 0.2048 0.4776 0.2003 0.5082 0.2048 0.9336 0.2502 0.9228 0.2502 0.9228 0.2715 0.9336 0.2502 0.9228 0.2715 0.9336 0.2715 0.9556 0.1891 0.9508 0.1891 0.9508 0.1906 0.9556 0.1891 0.9517 0.1747 0.9508 0.1891 0.4743 0.2003 0.4776 0.1906 0.4776 0.2003 0.4743 0.2003 0.4743 0.1906 0.4776 0.1906 0.9508 0.2048 0.9336 0.2003 0.9336 0.2048 0.4743 0.2048 0.4776 0.2003 0.4776 0.2048 0.9508 0.2048 0.9508 0.2003 0.9336 0.2003 0.4743 0.2048 0.4743 0.2003 0.4776 0.2003 0.4776 0.2272 0.4776 0.2048 0.5082 0.2272 0.4776 0.2272 0.5082 0.2272 0.5082 0.2312 0.9556 0.1906 0.9556 0.1891 0.9508 0.1906 0.4776 0.2312 0.5082 0.2312 0.5082 0.2502 0.4776 0.2312 0.4776 0.2272 0.5082 0.2312 0.9556 0.2003 0.9508 0.1906 0.9508 0.2003 0.9556 0.2003 0.9556 0.1906 0.9508 0.1906 0.4743 0.2272 0.4776 0.2048 0.4776 0.2272 0.4743 0.2272 0.4743 0.2048 0.4776 0.2048 0.4743 0.2312 0.4743 0.2272 0.4776 0.2272 0.9556 0.2048 0.9508 0.2003 0.9508 0.2048 0.9556 0.2048 0.9556 0.2003 0.9508 0.2003 0.4743 0.2312 0.4776 0.2272 0.4776 0.2312 0.4776 0.2502 0.5082 0.2502 0.4776 0.2715 0.9508 0.2272 0.9336 0.2048 0.9336 0.2272 0.4776 0.2502 0.4776 0.2312 0.5082 0.2502 0.9508 0.2272 0.9508 0.2048 0.9336 0.2048 0.4743 0.2502 0.4743 0.2312 0.4776 0.2312 0.4743 0.2502 0.4776 0.2312 0.4776 0.2502 0.9640 0.1891 0.9517 0.1747 0.9556 0.1891 0.4743 0.2502 0.4776 0.2502 0.4776 0.2715 0.4743 0.2502 0.4776 0.2715 0.4531 0.2715 0.4531 0.1891 0.4485 0.1747 0.4743 0.1747 0.9640 0.1891 0.9768 0.1747 0.9517 0.1747 0.9508 0.2312 0.9336 0.2272 0.9336 0.2312 0.4531 0.1891 0.4743 0.1747 0.4743 0.1891 0.9508 0.2312 0.9508 0.2272 0.9336 0.2272 0.9640 0.1906 0.9640 0.1891 0.9556 0.1891 0.9640 0.1906 0.9556 0.1891 0.9556 0.1906 0.4531 0.1906 0.4531 0.1891 0.4743 0.1891 0.4531 0.1906 0.4743 0.1891 0.4743 0.1906 0.9556 0.2272 0.9556 0.2048 0.9508 0.2048 0.9556 0.2272 0.9508 0.2048 0.9508 0.2272 0.4531 0.2003 0.4531 0.1906 0.4743 0.1906 0.4531 0.2003 0.4743 0.1906 0.4743 0.2003 0.4531 0.2003 0.4743 0.2003 0.4743 0.2048 0.9640 0.2003 0.9556 0.1906 0.9556 0.2003 0.4531 0.2048 0.4531 0.2003 0.4743 0.2048 0.9640 0.2003 0.9640 0.1906 0.9556 0.1906 0.9556 0.2312 0.9508 0.2272 0.9508 0.2312 0.9556 0.2312 0.9556 0.2272 0.9508 0.2272 0.4485 0.1891 0.4485 0.1747 0.4531 0.1891 0.4485 0.1906 0.4531 0.1906 0.4531 0.2003 0.9640 0.2048 0.9556 0.2003 0.9556 0.2048 0.9640 0.2048 0.9640 0.2003 0.9556 0.2003 0.4485 0.1906 0.4485 0.1891 0.4531 0.1891 0.4485 0.1906 0.4531 0.1891 0.4531 0.1906 0.9508 0.2502 0.9336 0.2312 0.9336 0.2502 0.9508 0.2502 0.9336 0.2715 0.9556 0.2715 0.9508 0.2502 0.9508 0.2312 0.9336 0.2312 0.9508 0.2502 0.9336 0.2502 0.9336 0.2715 0.4485 0.2003 0.4485 0.1906 0.4531 0.2003 0.4485 0.2048 0.4531 0.2003 0.4531 0.2048 0.9556 0.2502 0.9556 0.2312 0.9508 0.2312 0.4485 0.2048 0.4485 0.2003 0.4531 0.2003 0.9556 0.2502 0.9508 0.2502 0.9556 0.2715 0.9556 0.2502 0.9508 0.2312 0.9508 0.2502 0.4531 0.2272 0.4531 0.2048 0.4743 0.2048 0.9640 0.2272 0.9556 0.2048 0.9556 0.2272 0.4531 0.2272 0.4743 0.2048 0.4743 0.2272 0.9640 0.2272 0.9640 0.2048 0.9556 0.2048 0.4531 0.2312 0.4531 0.2272 0.4743 0.2272 0.9640 0.2312 0.9640 0.2272 0.9556 0.2272 0.9640 0.2312 0.9556 0.2272 0.9556 0.2312 0.4531 0.2312 0.4743 0.2272 0.4743 0.2312 0.4485 0.2272 0.4531 0.2048 0.4531 0.2272 0.4485 0.2272 0.4393 0.2272 0.4485 0.2048 0.4485 0.2272 0.4485 0.2048 0.4531 0.2048 0.9768 0.1891 0.9768 0.1747 0.9640 0.1891 0.4531 0.2502 0.4743 0.2502 0.4531 0.2715 0.9768 0.1891 0.9774 0.1747 0.9768 0.1747 0.4531 0.2502 0.4531 0.2312 0.4743 0.2312 0.4531 0.2502 0.4743 0.2312 0.4743 0.2502 0.4485 0.2312 0.4531 0.2715 0.4393 0.2272 0.4485 0.2312 0.4531 0.2502 0.4531 0.2715 0.4485 0.2312 0.4393 0.2272 0.4485 0.2272 0.4485 0.2312 0.4531 0.2272 0.4531 0.2312 0.9768 0.1906 0.9768 0.1891 0.9640 0.1891 0.4485 0.2312 0.4485 0.2272 0.4531 0.2272 0.4485 0.2312 0.4531 0.2312 0.4531 0.2502 0.9768 0.1906 0.9640 0.1891 0.9640 0.1906 0.4393 0.2003 0.4313 0.1747 0.4485 0.1747 0.4393 0.2003 0.4485 0.1747 0.4485 0.1891 0.4393 0.2003 0.4485 0.1891 0.4485 0.1906 0.4393 0.2003 0.4485 0.1906 0.4485 0.2003 0.9774 0.1891 0.9774 0.1747 0.9768 0.1891 0.4393 0.2003 0.4485 0.2003 0.4485 0.2048 0.4393 0.2048 0.4485 0.2048 0.4393 0.2272 0.9774 0.1891 0.9768 0.1891 0.9768 0.1906 0.4393 0.2048 0.4393 0.2003 0.4485 0.2048 0.9774 0.1906 0.9774 0.1891 0.9768 0.1906 0.4313 0.1891 0.4313 0.1747 0.4393 0.2003 0.4313 0.1906 0.4393 0.2272 0.4302 0.2003 0.9768 0.2003 0.9768 0.1906 0.9640 0.1906 0.4313 0.1906 0.4393 0.2048 0.4393 0.2272 0.4313 0.1906 0.4393 0.2003 0.4393 0.2048 0.4313 0.1906 0.4313 0.1891 0.4393 0.2003 0.9768 0.2003 0.9640 0.1906 0.9640 0.2003 0.4302 0.1891 0.4263 0.1891 0.4313 0.1747 0.4302 0.1891 0.4313 0.1747 0.4313 0.1891 0.4302 0.1891 0.4313 0.1891 0.4313 0.1906 0.9640 0.2502 0.9640 0.2312 0.9556 0.2312 0.4302 0.1906 0.4302 0.2003 0.4263 0.1891 0.4302 0.1906 0.4263 0.1891 0.4302 0.1891 0.4302 0.1906 0.4313 0.1906 0.4302 0.2003 0.9640 0.2502 0.9556 0.2715 0.9640 0.2715 0.4302 0.1906 0.4302 0.1891 0.4313 0.1906 0.4268 0.1891 0.4306 0.1747 0.4259 0.1747 0.9640 0.2502 0.9556 0.2502 0.9556 0.2715 0.4268 0.1891 0.4259 0.1747 0.4268 0.1906 0.9640 0.2502 0.9556 0.2312 0.9556 0.2502 0.4306 0.1891 0.4309 0.1747 0.4306 0.1747 0.9774 0.2003 0.9774 0.1906 0.9768 0.1906 0.9774 0.2003 0.9768 0.1906 0.9768 0.2003 0.4306 0.1891 0.4306 0.1747 0.4268 0.1891 0.4306 0.1891 0.4268 0.1891 0.4268 0.1906 0.4306 0.1906 0.4268 0.1906 0.4318 0.2048 0.4306 0.1906 0.4306 0.1891 0.4268 0.1906 0.9768 0.2048 0.9768 0.2003 0.9640 0.2003 0.4318 0.1891 0.4309 0.1747 0.4306 0.1891 0.9768 0.2048 0.9640 0.2003 0.9640 0.2048 0.4318 0.1891 0.4306 0.1891 0.4306 0.1906 0.9774 0.2048 0.9768 0.2003 0.9768 0.2048 0.9774 0.2048 0.9774 0.2003 0.9768 0.2003 0.4318 0.1906 0.4318 0.1891 0.4306 0.1906 0.4318 0.2003 0.4306 0.1906 0.4318 0.2048 0.4318 0.2003 0.4318 0.1906 0.4306 0.1906 0.9819 0.1891 0.9774 0.1747 0.9774 0.1891 0.4406 0.1891 0.4457 0.1747 0.4309 0.1747 0.9819 0.1906 0.9774 0.1891 0.9774 0.1906 0.4406 0.1891 0.4309 0.1747 0.4318 0.1891 0.4406 0.1891 0.4318 0.1891 0.4318 0.1906 0.9819 0.1906 0.9819 0.1891 0.9774 0.1891 0.9819 0.2003 0.9819 0.1906 0.9774 0.1906 0.4406 0.1906 0.4318 0.1906 0.4318 0.2003 0.4406 0.1906 0.4406 0.1891 0.4318 0.1906 0.9819 0.2003 0.9774 0.1906 0.9774 0.2003 0.4406 0.2003 0.4318 0.2003 0.4318 0.2048 0.4406 0.2003 0.4406 0.1906 0.4318 0.2003 0.9768 0.2272 0.9768 0.2048 0.9640 0.2048 0.4406 0.2048 0.4406 0.2003 0.4318 0.2048 0.9768 0.2272 0.9640 0.2048 0.9640 0.2272 0.4457 0.1891 0.4467 0.1747 0.4457 0.1747 0.9819 0.2048 0.9774 0.2003 0.9774 0.2048 0.9819 0.2048 0.9819 0.2003 0.9774 0.2003 0.4457 0.1891 0.4457 0.1747 0.4406 0.1891 0.9774 0.2272 0.9768 0.2048 0.9768 0.2272 0.9774 0.2272 0.9774 0.2048 0.9768 0.2048 0.4457 0.1906 0.4457 0.1891 0.4406 0.1891 0.9768 0.2312 0.9640 0.2272 0.9640 0.2312 0.4457 0.1906 0.4406 0.1891 0.4406 0.1906 0.9768 0.2312 0.9768 0.2272 0.9640 0.2272 0.9774 0.2312 0.9774 0.2272 0.9768 0.2272 0.4467 0.1891 0.4467 0.1747 0.4457 0.1891 0.9774 0.2312 0.9768 0.2272 0.9768 0.2312 0.4467 0.1891 0.4457 0.1891 0.4457 0.1906 0.9871 0.1891 0.9819 0.1891 0.9819 0.1906 0.9871 0.1891 0.9774 0.1747 0.9819 0.1891 0.4467 0.1906 0.4467 0.1891 0.4457 0.1906 0.9871 0.1891 0.9935 0.1747 0.9774 0.1747 0.9871 0.1906 0.9819 0.1906 0.9819 0.2003 0.4457 0.2003 0.4457 0.1906 0.4406 0.1906 0.4457 0.2003 0.4406 0.1906 0.4406 0.2003 0.9871 0.1906 0.9871 0.1891 0.9819 0.1906 0.9768 0.2502 0.9768 0.2312 0.9640 0.2312 0.9768 0.2502 0.9640 0.2502 0.9640 0.2715 0.4406 0.2272 0.4318 0.2048 0.4406 0.2312 0.9768 0.2502 0.9640 0.2715 0.9819 0.2715 0.4406 0.2272 0.4406 0.2048 0.4318 0.2048 0.9768 0.2502 0.9640 0.2312 0.9640 0.2502 0.4457 0.2048 0.4457 0.2003 0.4406 0.2003 0.9819 0.2272 0.9819 0.2048 0.9774 0.2048 0.9819 0.2272 0.9774 0.2048 0.9774 0.2272 0.9819 0.2272 0.9774 0.2272 0.9774 0.2312 0.4457 0.2048 0.4406 0.2003 0.4406 0.2048 0.4467 0.2003 0.4457 0.1906 0.4457 0.2003 0.9871 0.2003 0.9819 0.2003 0.9819 0.2048 0.4467 0.2003 0.4467 0.1906 0.4457 0.1906 0.9871 0.2003 0.9871 0.1906 0.9819 0.2003 0.4467 0.2048 0.4457 0.2003 0.4457 0.2048 0.4467 0.2048 0.4467 0.2003 0.4457 0.2003 0.9774 0.2502 0.9768 0.2312 0.9768 0.2502 0.9774 0.2502 0.9774 0.2312 0.9768 0.2312 0.9774 0.2502 0.9768 0.2502 0.9819 0.2715 0.4531 0.1891 0.4467 0.1747 0.4467 0.1891 0.9819 0.2312 0.9819 0.2272 0.9774 0.2312 0.4531 0.1891 0.4725 0.1747 0.4467 0.1747 0.4531 0.1906 0.4467 0.1891 0.4467 0.1906 0.9871 0.2048 0.9819 0.2048 0.9819 0.2272 0.9871 0.2048 0.9871 0.2003 0.9819 0.2048 0.4531 0.1906 0.4531 0.1891 0.4467 0.1891 0.9819 0.2502 0.9819 0.2715 0.9871 0.2715 0.9819 0.2502 0.9774 0.2502 0.9819 0.2715 0.9819 0.2502 0.9774 0.2312 0.9774 0.2502 0.4457 0.2272 0.4457 0.2048 0.4406 0.2048 0.9819 0.2502 0.9819 0.2312 0.9774 0.2312 0.4457 0.2272 0.4406 0.2048 0.4406 0.2272 0.9871 0.2272 0.9819 0.2272 0.9819 0.2312 0.4457 0.2312 0.4406 0.2272 0.4406 0.2312 0.9871 0.2272 0.9871 0.2048 0.9819 0.2272 0.4457 0.2312 0.4406 0.2312 0.4467 0.2502 0.4457 0.2312 0.4457 0.2272 0.4406 0.2272 0.4467 0.2272 0.4457 0.2048 0.4457 0.2272 0.9871 0.2312 0.9819 0.2312 0.9819 0.2502 0.4467 0.2272 0.4467 0.2048 0.4457 0.2048 0.9871 0.2312 0.9871 0.2272 0.9819 0.2312 0.9935 0.1891 0.9935 0.1747 0.9871 0.1891 0.4531 0.2003 0.4467 0.1906 0.4467 0.2003 0.4531 0.2003 0.4531 0.1906 0.4467 0.1906 0.4467 0.2312 0.4467 0.2272 0.4457 0.2272 0.9935 0.1906 0.9871 0.1891 0.9871 0.1906 0.4467 0.2312 0.4457 0.2272 0.4457 0.2312 0.9935 0.1906 0.9935 0.1891 0.9871 0.1891 0.4467 0.2312 0.4457 0.2312 0.4467 0.2502 0.4531 0.2048 0.4531 0.2003 0.4467 0.2003 0.4531 0.2048 0.4467 0.2003 0.4467 0.2048 0.9946 0.1891 0.9935 0.1747 0.9935 0.1891 0.9946 0.1891 0.9946 0.1747 0.9935 0.1747 0.4531 0.2272 0.4467 0.2048 0.4467 0.2272 0.9935 0.2003 0.9871 0.1906 0.9871 0.2003 0.4531 0.2272 0.4531 0.2048 0.4467 0.2048 0.9935 0.2003 0.9935 0.1906 0.9871 0.1906 0.4531 0.2312 0.4531 0.2272 0.4467 0.2272 0.9946 0.1906 0.9946 0.1891 0.9935 0.1891 0.4531 0.2312 0.4467 0.2272 0.4467 0.2312 0.9946 0.1906 0.9935 0.1891 0.9935 0.1906 0.4531 0.2502 0.4467 0.2502 0.4531 0.2715 0.4531 0.2502 0.4467 0.2312 0.4467 0.2502 0.9935 0.2048 0.9871 0.2003 0.9871 0.2048 0.4531 0.2502 0.4531 0.2312 0.4467 0.2312 0.4725 0.1891 0.4725 0.1747 0.4531 0.1891 0.9935 0.2048 0.9935 0.2003 0.9871 0.2003 0.9871 0.2502 0.9819 0.2502 0.9871 0.2715 0.9871 0.2502 0.9871 0.2312 0.9819 0.2502 0.9946 0.2003 0.9946 0.1906 0.9935 0.1906 0.4725 0.1891 0.4740 0.1747 0.4725 0.1747 0.4725 0.1906 0.4531 0.1891 0.4531 0.1906 0.4725 0.1906 0.4531 0.1906 0.4531 0.2003 0.9946 0.2003 0.9935 0.1906 0.9935 0.2003 0.9946 0.2048 0.9935 0.2003 0.9935 0.2048 0.4725 0.1906 0.4725 0.1891 0.4531 0.1891 0.9946 0.2048 0.9946 0.2003 0.9935 0.2003 0.4740 0.1891 0.4740 0.1747 0.4725 0.1891 0.4740 0.1891 0.4725 0.1891 0.4725 0.1906 0.4740 0.1906 0.4740 0.1891 0.4725 0.1906 0.9967 0.1891 0.9946 0.1747 0.9946 0.1891 0.4725 0.2003 0.4531 0.2003 0.4531 0.2048 0.9967 0.1906 0.9967 0.1891 0.9946 0.1891 0.4725 0.2003 0.4725 0.1906 0.4531 0.2003 0.9967 0.1906 0.9946 0.1891 0.9946 0.1906 0.4725 0.2048 0.4725 0.2003 0.4531 0.2048 0.9935 0.2272 0.9871 0.2048 0.9871 0.2272 0.9935 0.2272 0.9935 0.2048 0.9871 0.2048 0.4740 0.2003 0.4740 0.1906 0.4725 0.1906 0.4740 0.2003 0.4725 0.2003 0.4725 0.2048 0.4740 0.2003 0.4725 0.1906 0.4725 0.2003 0.9935 0.2312 0.9935 0.2272 0.9871 0.2272 0.9935 0.2312 0.9871 0.2272 0.9871 0.2312 0.9967 0.2003 0.9946 0.1906 0.9946 0.2003 0.4740 0.2048 0.4740 0.2003 0.4725 0.2048 0.4812 0.1891 0.4740 0.1747 0.4740 0.1891 0.9967 0.2003 0.9967 0.1906 0.9946 0.1906 0.4812 0.1891 0.5097 0.1747 0.4740 0.1747 0.9967 0.2048 0.9946 0.2003 0.9946 0.2048 0.4812 0.1906 0.4740 0.1891 0.4740 0.1906 0.4812 0.1906 0.4812 0.1891 0.4740 0.1891 0.9967 0.2048 0.9967 0.2003 0.9946 0.2003 0.9946 0.2272 0.9946 0.2048 0.9935 0.2048 0.4812 0.2003 0.4740 0.1906 0.4740 0.2003 0.9946 0.2272 0.9935 0.2048 0.9935 0.2272 0.4812 0.2003 0.4812 0.1906 0.4740 0.1906 0.9946 0.2312 0.9935 0.2272 0.9935 0.2312 0.4725 0.2272 0.4725 0.2048 0.4531 0.2048 0.9946 0.2312 0.9946 0.2272 0.9935 0.2272 0.4725 0.2272 0.4531 0.2048 0.4531 0.2272 0.9935 0.2502 0.9871 0.2502 0.9871 0.2715 0.9935 0.2502 0.9871 0.2312 0.9871 0.2502 0.9935 0.2502 0.9935 0.2312 0.9871 0.2312 0.9935 0.2502 0.9871 0.2715 0.9967 0.2715 0.4812 0.2048 0.4740 0.2003 0.4740 0.2048 0.9987 0.1891 0.9946 0.1747 0.9967 0.1891 0.4812 0.2048 0.4812 0.2003 0.4740 0.2003 0.9987 0.1891 0.9999 0.1747 0.9946 0.1747 0.4725 0.2312 0.4531 0.2272 0.4531 0.2312 0.9987 0.1906 0.9967 0.1891 0.9967 0.1906 0.4725 0.2312 0.4725 0.2272 0.4531 0.2272 0.9987 0.1906 0.9987 0.1891 0.9967 0.1891 0.4740 0.2272 0.4725 0.2048 0.4725 0.2272 0.4740 0.2272 0.4740 0.2048 0.4725 0.2048 0.9967 0.2272 0.9967 0.2048 0.9946 0.2048 0.4740 0.2272 0.4725 0.2272 0.4725 0.2312 0.9967 0.2272 0.9946 0.2048 0.9946 0.2272 0.9967 0.2272 0.9946 0.2272 0.9946 0.2312 0.4740 0.2312 0.4740 0.2272 0.4725 0.2312 0.9946 0.2502 0.9946 0.2312 0.9935 0.2312 0.9946 0.2502 0.9935 0.2312 0.9935 0.2502 0.4725 0.2502 0.4531 0.2715 0.4812 0.2715 0.9946 0.2502 0.9935 0.2502 0.9967 0.2715 0.4725 0.2502 0.4531 0.2502 0.4531 0.2715 0.4725 0.2502 0.4531 0.2312 0.4531 0.2502 0.4725 0.2502 0.4725 0.2312 0.4531 0.2312 0.9987 0.2003 0.9967 0.1906 0.9967 0.2003 0.4812 0.2272 0.4740 0.2048 0.4740 0.2272 0.9987 0.2003 0.9987 0.1906 0.9967 0.1906 0.4812 0.2272 0.4812 0.2048 0.4740 0.2048 0.4740 0.2502 0.4740 0.2312 0.4725 0.2312 0.4740 0.2502 0.4725 0.2502 0.4812 0.2715 0.9967 0.2312 0.9967 0.2272 0.9946 0.2312 0.4740 0.2502 0.4725 0.2312 0.4725 0.2502 0.4812 0.2312 0.4740 0.2272 0.4740 0.2312 0.9987 0.2048 0.9987 0.2003 0.9967 0.2003 0.4812 0.2312 0.4812 0.2272 0.4740 0.2272 0.4812 0.2502 0.4740 0.2502 0.4812 0.2715 0.9987 0.2048 0.9967 0.2003 0.9967 0.2048 0.9967 0.2502 0.9946 0.2312 0.9946 0.2502 0.4812 0.2502 0.4740 0.2312 0.4740 0.2502 0.9967 0.2502 0.9946 0.2502 0.9967 0.2715 0.4812 0.2502 0.4812 0.2312 0.4740 0.2312 0.9967 0.2502 0.9967 0.2312 0.9946 0.2312 0.9987 0.2272 0.9967 0.2048 0.9967 0.2272 0.9987 0.2272 0.9987 0.2048 0.9967 0.2048 0.5097 0.1891 0.5097 0.1747 0.4812 0.1891 0.5097 0.1891 0.4812 0.1891 0.4812 0.1906 0.9999 0.1891 0.9999 0.1747 0.9987 0.1891 0.5097 0.1906 0.5097 0.1891 0.4812 0.1906 0.5097 0.1906 0.4812 0.1906 0.4812 0.2003 0.5118 0.1891 0.5097 0.1747 0.5097 0.1891 0.5118 0.1891 0.5097 0.1891 0.5097 0.1906 0.9987 0.2312 0.9967 0.2272 0.9967 0.2312 0.9987 0.2312 0.9987 0.2272 0.9967 0.2272 0.5118 0.1891 0.5118 0.1747 0.5097 0.1747 0.5118 0.1906 0.5118 0.1891 0.5097 0.1906 0.9999 0.1906 0.9987 0.1891 0.9987 0.1906 0.5097 0.2003 0.5097 0.1906 0.4812 0.2003 0.9999 0.1906 0.9999 0.1891 0.9987 0.1891 1.0000 0.1891 0.9999 0.1747 0.9999 0.1891 1.0000 0.1891 1.0000 0.1747 0.9999 0.1747 0.5097 0.2048 0.5097 0.2003 0.4812 0.2003 1.0000 0.1891 0.9999 0.1891 0.9999 0.1906 0.5097 0.2048 0.4812 0.2003 0.4812 0.2048 0.9999 0.2003 0.9987 0.2003 0.9987 0.2048 0.5118 0.2003 0.5097 0.1906 0.5097 0.2003 0.5118 0.2003 0.5118 0.1906 0.5097 0.1906 0.9999 0.2003 0.9987 0.1906 0.9987 0.2003 0.5118 0.2003 0.5097 0.2003 0.5097 0.2048 0.9999 0.2003 0.9999 0.1906 0.9987 0.1906 0.5118 0.2048 0.5118 0.2003 0.5097 0.2048 1.0000 0.1906 1.0000 0.1891 0.9999 0.1906 0.5201 0.1891 0.5118 0.1891 0.5118 0.1906 0.5201 0.1891 0.5118 0.1747 0.5118 0.1891 0.9999 0.2048 0.9999 0.2003 0.9987 0.2048 0.5201 0.1891 0.5511 0.1747 0.5118 0.1747 0.5201 0.1906 0.5118 0.1906 0.5118 0.2003 0.5201 0.1906 0.5201 0.1891 0.5118 0.1906 0.9987 0.2502 0.9967 0.2715 0.9987 0.2715 0.9987 0.2502 0.9967 0.2502 0.9967 0.2715 0.9987 0.2502 0.9967 0.2312 0.9967 0.2502 0.5201 0.2003 0.5118 0.2003 0.5118 0.2048 0.9987 0.2502 0.9987 0.2312 0.9967 0.2312 0.5201 0.2003 0.5201 0.1906 0.5118 0.2003 0.5097 0.2272 0.4812 0.2048 0.4812 0.2272 1.0000 0.2003 0.9999 0.1906 0.9999 0.2003 1.0000 0.2003 1.0000 0.1906 0.9999 0.1906 0.5097 0.2272 0.5097 0.2048 0.4812 0.2048 0.9999 0.1891 1.0000 0.1747 1.0000 0.1891 0.9999 0.1891 1.0000 0.1891 1.0000 0.1906 0.5201 0.2048 0.5201 0.2003 0.5118 0.2048 0.5097 0.2312 0.4812 0.2272 0.4812 0.2312 1.0000 0.2048 0.9999 0.2003 0.9999 0.2048 1.0000 0.2048 1.0000 0.2003 0.9999 0.2003 0.5097 0.2312 0.5097 0.2272 0.4812 0.2272 0.5118 0.2272 0.5118 0.2048 0.5097 0.2048 0.9999 0.1906 1.0000 0.1906 1.0000 0.2003 0.9999 0.1906 0.9999 0.1891 1.0000 0.1906 0.5118 0.2272 0.5097 0.2048 0.5097 0.2272 0.9999 0.2003 0.9999 0.1906 1.0000 0.2003 0.5118 0.2272 0.5097 0.2272 0.5097 0.2312 0.5118 0.2312 0.5118 0.2272 0.5097 0.2312 0.9999 0.2003 1.0000 0.2003 1.0000 0.2048 0.5097 0.2502 0.5097 0.2312 0.4812 0.2312 0.5097 0.2502 0.4812 0.2502 0.4812 0.2715 0.5097 0.2502 0.4812 0.2312 0.4812 0.2502 0.5097 0.2502 0.4812 0.2715 0.5201 0.2715 0.9996 0.1891 0.9953 0.1747 1.0000 0.1747 0.9996 0.1891 1.0000 0.1747 0.9999 0.1891 0.5097 0.2502 0.5118 0.2312 0.5097 0.2312 0.9996 0.1891 0.9999 0.1891 0.9999 0.1906 0.5201 0.2272 0.5201 0.2048 0.5118 0.2048 0.9999 0.2272 0.9987 0.2048 0.9987 0.2272 0.5201 0.2272 0.5118 0.2048 0.5118 0.2272 0.5201 0.2272 0.5118 0.2272 0.5118 0.2312 0.9999 0.2272 0.9987 0.2272 0.9987 0.2312 0.9999 0.2272 0.9999 0.2048 0.9987 0.2048 0.5201 0.2312 0.5201 0.2272 0.5118 0.2312 0.9996 0.1906 0.9999 0.1906 0.9999 0.2003 0.5118 0.2502 0.5097 0.2502 0.5201 0.2715 0.5118 0.2502 0.5118 0.2312 0.5097 0.2502 0.9996 0.1906 0.9996 0.1891 0.9999 0.1906 0.9999 0.2048 0.9999 0.2003 1.0000 0.2048 0.5201 0.2502 0.5201 0.2312 0.5118 0.2312 0.5201 0.2502 0.5118 0.2502 0.5201 0.2715 0.5201 0.2502 0.5118 0.2312 0.5118 0.2502 0.5511 0.1891 0.5201 0.1891 0.5201 0.1906 0.9999 0.2312 0.9999 0.2272 0.9987 0.2312 0.5511 0.1891 0.5511 0.1747 0.5201 0.1891 0.9999 0.2312 0.9987 0.2312 0.9987 0.2502 1.0000 0.2272 0.9999 0.2048 0.9999 0.2272 0.5511 0.1906 0.5511 0.1891 0.5201 0.1906 0.5511 0.1906 0.5201 0.1906 0.5201 0.2003 1.0000 0.2272 0.9999 0.2272 0.9999 0.2312 1.0000 0.2272 1.0000 0.2048 0.9999 0.2048 0.9996 0.2003 0.9996 0.1906 0.9999 0.2003 0.5536 0.1891 0.5511 0.1747 0.5511 0.1891 0.9996 0.2003 0.9999 0.2003 0.9999 0.2048 1.0000 0.2312 1.0000 0.2272 0.9999 0.2312 0.5536 0.1891 0.5536 0.1747 0.5511 0.1747 0.5536 0.1906 0.5511 0.1891 0.5511 0.1906 0.5536 0.1906 0.5536 0.1891 0.5511 0.1891 0.9996 0.2048 0.9996 0.2003 0.9999 0.2048 0.5511 0.2003 0.5511 0.1906 0.5201 0.2003 0.5511 0.2003 0.5201 0.2003 0.5201 0.2048 0.9999 0.2502 1.0000 0.2312 0.9999 0.2312 0.9999 0.2502 0.9999 0.2312 0.9987 0.2502 0.9999 0.2502 0.9987 0.2502 0.9987 0.2715 0.5511 0.2048 0.5201 0.2048 0.5201 0.2272 0.9999 0.2502 0.9987 0.2715 0.9999 0.2715 0.9999 0.2272 0.9999 0.2048 1.0000 0.2048 0.9999 0.2272 1.0000 0.2272 1.0000 0.2312 0.5511 0.2048 0.5511 0.2003 0.5201 0.2048 0.9999 0.2272 1.0000 0.2048 1.0000 0.2272 0.5536 0.2003 0.5511 0.1906 0.5511 0.2003 0.9999 0.2312 0.9999 0.2272 1.0000 0.2312 0.5536 0.2003 0.5536 0.1906 0.5511 0.1906 0.5536 0.2048 0.5536 0.2003 0.5511 0.2003 1.0000 0.2502 1.0000 0.2312 0.9999 0.2502 1.0000 0.2502 0.9999 0.2502 0.9999 0.2715 0.5536 0.2048 0.5511 0.2003 0.5511 0.2048 0.9996 0.2272 0.9996 0.2048 0.9999 0.2048 0.5635 0.1891 0.5536 0.1747 0.5536 0.1891 0.9996 0.2272 0.9999 0.2048 0.9999 0.2272 0.5635 0.1891 0.5987 0.1747 0.5536 0.1747 0.5635 0.1906 0.5536 0.1906 0.5536 0.2003 0.9996 0.2272 0.9999 0.2272 0.9999 0.2312 0.5635 0.1906 0.5635 0.1891 0.5536 0.1891 0.9996 0.2312 0.9996 0.2272 0.9999 0.2312 0.5635 0.1906 0.5536 0.1891 0.5536 0.1906 0.9999 0.2502 0.9999 0.2312 1.0000 0.2312 0.9999 0.2502 1.0000 0.2312 1.0000 0.2502 0.9999 0.2502 1.0000 0.2502 0.9999 0.2715 0.9999 0.2502 0.9996 0.2312 0.9999 0.2312 0.5635 0.2003 0.5635 0.1906 0.5536 0.2003 0.9999 0.2502 0.9999 0.2715 0.9996 0.2715 0.9970 0.1891 0.9953 0.1747 0.9996 0.1891 0.5511 0.2272 0.5511 0.2048 0.5201 0.2272 0.5511 0.2272 0.5201 0.2272 0.5201 0.2312 0.5635 0.2048 0.5635 0.2003 0.5536 0.2003 0.9970 0.1906 0.9996 0.1891 0.9996 0.1906 0.5635 0.2048 0.5536 0.2003 0.5536 0.2048 0.9970 0.1906 0.9970 0.1891 0.9996 0.1891 0.5511 0.2312 0.5511 0.2272 0.5201 0.2312 0.5511 0.2312 0.5201 0.2312 0.5201 0.2502 0.5536 0.2272 0.5536 0.2048 0.5511 0.2048 0.5536 0.2272 0.5511 0.2048 0.5511 0.2272 0.9996 0.2502 0.9996 0.2312 0.9999 0.2502 0.9996 0.2502 0.9999 0.2502 0.9996 0.2715 0.9970 0.2003 0.9996 0.1906 0.9996 0.2003 0.5536 0.2312 0.5511 0.2272 0.5511 0.2312 0.5536 0.2312 0.5536 0.2272 0.5511 0.2272 0.9970 0.2003 0.9970 0.1906 0.9996 0.1906 0.5511 0.2502 0.5511 0.2312 0.5201 0.2502 0.9970 0.2048 0.9996 0.2003 0.9996 0.2048 0.5511 0.2502 0.5201 0.2715 0.5635 0.2715 0.5511 0.2502 0.5536 0.2312 0.5511 0.2312 0.5511 0.2502 0.5201 0.2502 0.5201 0.2715 0.5635 0.2272 0.5635 0.2048 0.5536 0.2048 0.9970 0.2048 0.9970 0.2003 0.9996 0.2003 0.9953 0.1891 0.9953 0.1747 0.9970 0.1891 0.5635 0.2272 0.5536 0.2048 0.5536 0.2272 0.9953 0.1891 0.9970 0.1891 0.9970 0.1906 0.5536 0.2502 0.5511 0.2502 0.5635 0.2715 0.5536 0.2502 0.5536 0.2312 0.5511 0.2502 0.9953 0.1906 0.9970 0.1906 0.9970 0.2003 0.5635 0.2312 0.5536 0.2272 0.5536 0.2312 0.5635 0.2312 0.5635 0.2272 0.5536 0.2272 0.9953 0.1906 0.9953 0.1891 0.9970 0.1906 0.5635 0.2502 0.5536 0.2502 0.5635 0.2715 0.9951 0.1891 0.9953 0.1747 0.9953 0.1891 0.5635 0.2502 0.5536 0.2312 0.5536 0.2502 0.5635 0.2502 0.5635 0.2312 0.5536 0.2312 0.9951 0.1891 0.9951 0.1747 0.9953 0.1747 0.5987 0.1891 0.5987 0.1747 0.5635 0.1891 0.9951 0.1891 0.9953 0.1891 0.9953 0.1906 0.9951 0.1906 0.9951 0.1891 0.9953 0.1906 0.5987 0.1891 0.6014 0.1747 0.5987 0.1747 0.9953 0.2003 0.9970 0.2003 0.9970 0.2048 0.5987 0.1906 0.5635 0.1891 0.5635 0.1906 0.9953 0.2003 0.9953 0.1906 0.9970 0.2003 0.5987 0.1906 0.5987 0.1891 0.5635 0.1891 0.9951 0.2003 0.9951 0.1906 0.9953 0.1906 0.6014 0.1891 0.6014 0.1747 0.5987 0.1891 0.9951 0.2003 0.9953 0.1906 0.9953 0.2003 0.9953 0.2048 0.9953 0.2003 0.9970 0.2048 0.6014 0.1906 0.6014 0.1891 0.5987 0.1891 0.6014 0.1906 0.5987 0.1891 0.5987 0.1906 0.9951 0.2048 0.9951 0.2003 0.9953 0.2003 0.5987 0.2003 0.5635 0.1906 0.5635 0.2003 0.9951 0.2048 0.9953 0.2003 0.9953 0.2048 0.9970 0.2272 0.9996 0.2048 0.9996 0.2272 0.5987 0.2003 0.5987 0.1906 0.5635 0.1906 0.9970 0.2272 0.9970 0.2048 0.9996 0.2048 0.5987 0.2048 0.5987 0.2003 0.5635 0.2003 0.9970 0.2312 0.9996 0.2272 0.9996 0.2312 0.5987 0.2048 0.5635 0.2003 0.5635 0.2048 0.9970 0.2312 0.9970 0.2272 0.9996 0.2272 0.6014 0.2003 0.6014 0.1906 0.5987 0.1906 0.9908 0.1891 0.9792 0.1747 0.9951 0.1747 0.6014 0.2003 0.5987 0.1906 0.5987 0.2003 0.9908 0.1891 0.9951 0.1747 0.9951 0.1891 0.6014 0.2048 0.5987 0.2003 0.5987 0.2048 0.6014 0.2048 0.6014 0.2003 0.5987 0.2003 0.9953 0.2272 0.9970 0.2048 0.9970 0.2272 0.6117 0.1891 0.6014 0.1747 0.6014 0.1891 0.6117 0.1891 0.6014 0.1891 0.6014 0.1906 0.9953 0.2272 0.9953 0.2048 0.9970 0.2048 0.9953 0.2272 0.9970 0.2272 0.9970 0.2312 0.6117 0.1891 0.6508 0.1747 0.6014 0.1747 0.6117 0.1906 0.6117 0.1891 0.6014 0.1906 0.6117 0.1906 0.6014 0.1906 0.6014 0.2003 0.9908 0.1906 0.9951 0.1891 0.9951 0.1906 0.6117 0.2003 0.6117 0.1906 0.6014 0.2003 0.9908 0.1906 0.9908 0.1891 0.9951 0.1891 0.9951 0.2272 0.9953 0.2048 0.9953 0.2272 0.6117 0.2003 0.6014 0.2003 0.6014 0.2048 0.5987 0.2272 0.5635 0.2048 0.5635 0.2272 0.9951 0.2272 0.9951 0.2048 0.9953 0.2048 0.9953 0.2312 0.9953 0.2272 0.9970 0.2312 0.5987 0.2272 0.5987 0.2048 0.5635 0.2048 0.9970 0.2502 0.9996 0.2715 0.9969 0.2715 0.9970 0.2502 0.9996 0.2502 0.9996 0.2715 0.6117 0.2048 0.6117 0.2003 0.6014 0.2048 0.9970 0.2502 0.9996 0.2312 0.9996 0.2502 0.9970 0.2502 0.9970 0.2312 0.9996 0.2312 0.9951 0.2312 0.9951 0.2272 0.9953 0.2272 0.5987 0.2312 0.5635 0.2272 0.5635 0.2312 0.9951 0.2312 0.9953 0.2272 0.9953 0.2312 0.5987 0.2312 0.5987 0.2272 0.5635 0.2272 0.9908 0.2003 0.9908 0.1906 0.9951 0.1906 0.6014 0.2272 0.6014 0.2048 0.5987 0.2048 0.6014 0.2272 0.5987 0.2048 0.5987 0.2272 0.9908 0.2003 0.9951 0.1906 0.9951 0.2003 0.6014 0.2312 0.5987 0.2272 0.5987 0.2312 0.6014 0.2312 0.6014 0.2272 0.5987 0.2272 0.9908 0.2048 0.9908 0.2003 0.9951 0.2003 0.5987 0.2502 0.5635 0.2715 0.6117 0.2715 0.5987 0.2502 0.5635 0.2502 0.5635 0.2715 0.5987 0.2502 0.5635 0.2312 0.5635 0.2502 0.9908 0.2048 0.9951 0.2003 0.9951 0.2048 0.5987 0.2502 0.5987 0.2312 0.5635 0.2312 0.9953 0.2502 0.9953 0.2312 0.9970 0.2312 0.9953 0.2502 0.9970 0.2502 0.9969 0.2715 0.6117 0.2272 0.6014 0.2048 0.6014 0.2272 0.6117 0.2272 0.6117 0.2048 0.6014 0.2048 0.9953 0.2502 0.9970 0.2312 0.9970 0.2502 0.9951 0.2502 0.9953 0.2312 0.9953 0.2502 0.6117 0.2272 0.6014 0.2272 0.6014 0.2312 0.9951 0.2502 0.9951 0.2312 0.9953 0.2312 0.9951 0.2502 0.9953 0.2502 0.9969 0.2715 0.6014 0.2502 0.5987 0.2502 0.6117 0.2715 0.9951 0.2502 0.9969 0.2715 0.9908 0.2715 0.9908 0.2272 0.9951 0.2048 0.9951 0.2272 0.6014 0.2502 0.6014 0.2312 0.5987 0.2312 0.6014 0.2502 0.5987 0.2312 0.5987 0.2502 0.9908 0.2272 0.9908 0.2048 0.9951 0.2048 0.6117 0.2312 0.6117 0.2272 0.6014 0.2312 0.9908 0.2312 0.9951 0.2272 0.9951 0.2312 0.6117 0.2312 0.6014 0.2312 0.6014 0.2502 0.9908 0.2312 0.9951 0.2312 0.9951 0.2502 0.6117 0.2502 0.6117 0.2312 0.6014 0.2502 0.6117 0.2502 0.6014 0.2502 0.6117 0.2715 0.9908 0.2312 0.9908 0.2272 0.9951 0.2272 0.6508 0.1891 0.6117 0.1891 0.6117 0.1906 0.6508 0.1891 0.6508 0.1747 0.6117 0.1891 0.9837 0.1891 0.9792 0.1747 0.9908 0.1891 0.9837 0.1906 0.9908 0.1891 0.9908 0.1906 0.9837 0.1906 0.9837 0.1891 0.9908 0.1891 0.6508 0.1906 0.6508 0.1891 0.6117 0.1906 0.9837 0.2003 0.9908 0.1906 0.9908 0.2003 0.6508 0.2003 0.6508 0.1906 0.6117 0.1906 0.9837 0.2003 0.9837 0.1906 0.9908 0.1906 0.6508 0.2003 0.6117 0.1906 0.6117 0.2003 0.9837 0.2048 0.9908 0.2003 0.9908 0.2048 0.9837 0.2048 0.9837 0.2003 0.9908 0.2003 0.6578 0.1891 0.6578 0.1747 0.6508 0.1747 0.6578 0.1891 0.6508 0.1747 0.6508 0.1891 0.6578 0.1906 0.6508 0.1891 0.6508 0.1906 0.9908 0.2502 0.9908 0.2312 0.9951 0.2502 0.9908 0.2502 0.9951 0.2502 0.9908 0.2715 0.6578 0.1906 0.6578 0.1891 0.6508 0.1891 0.9792 0.1891 0.9837 0.1891 0.9837 0.1906 0.9792 0.1891 0.9792 0.1747 0.9837 0.1891 0.6508 0.2048 0.6508 0.2003 0.6117 0.2003 0.6508 0.2048 0.6117 0.2003 0.6117 0.2048 0.9792 0.1906 0.9837 0.1906 0.9837 0.2003 0.9792 0.1906 0.9792 0.1891 0.9837 0.1906 0.6578 0.2003 0.6578 0.1906 0.6508 0.1906 0.6578 0.2003 0.6508 0.1906 0.6508 0.2003 0.6578 0.2048 0.6578 0.2003 0.6508 0.2003 0.9792 0.2003 0.9837 0.2003 0.9837 0.2048 0.6578 0.2048 0.6508 0.2003 0.6508 0.2048 0.9792 0.2003 0.9792 0.1906 0.9837 0.2003 0.6688 0.1891 0.6578 0.1747 0.6578 0.1891 0.6688 0.1891 0.6578 0.1891 0.6578 0.1906 0.9792 0.2048 0.9792 0.2003 0.9837 0.2048 0.6688 0.1891 0.7058 0.1747 0.6578 0.1747 0.6688 0.1906 0.6578 0.1906 0.6578 0.2003 0.6688 0.1906 0.6688 0.1891 0.6578 0.1906 0.9837 0.2272 0.9908 0.2048 0.9908 0.2272 0.9837 0.2272 0.9837 0.2048 0.9908 0.2048 0.6508 0.2272 0.6508 0.2048 0.6117 0.2048 0.9837 0.2312 0.9837 0.2272 0.9908 0.2272 0.9837 0.2312 0.9908 0.2272 0.9908 0.2312 0.6508 0.2272 0.6117 0.2048 0.6117 0.2272 0.6508 0.2312 0.6117 0.2272 0.6117 0.2312 0.9719 0.1891 0.9792 0.1747 0.9792 0.1891 0.6508 0.2312 0.6508 0.2272 0.6117 0.2272 0.9719 0.1891 0.9519 0.1747 0.9792 0.1747 0.6688 0.2003 0.6578 0.2003 0.6578 0.2048 0.9719 0.1891 0.9792 0.1891 0.9792 0.1906 0.6688 0.2003 0.6688 0.1906 0.6578 0.2003 0.9719 0.1906 0.9719 0.1891 0.9792 0.1906 0.6688 0.2048 0.6688 0.2003 0.6578 0.2048 0.9792 0.2272 0.9837 0.2048 0.9837 0.2272 0.9792 0.2272 0.9837 0.2272 0.9837 0.2312 0.9792 0.2272 0.9792 0.2048 0.9837 0.2048 0.6578 0.2272 0.6578 0.2048 0.6508 0.2048 0.9837 0.2502 0.9908 0.2312 0.9908 0.2502 0.9837 0.2502 0.9908 0.2715 0.9837 0.2715 0.6578 0.2272 0.6508 0.2048 0.6508 0.2272 0.9837 0.2502 0.9908 0.2502 0.9908 0.2715 0.9837 0.2502 0.9837 0.2312 0.9908 0.2312 0.6578 0.2312 0.6508 0.2272 0.6508 0.2312 0.6578 0.2312 0.6578 0.2272 0.6508 0.2272 0.6508 0.2502 0.6117 0.2312 0.6117 0.2502 0.9719 0.2003 0.9719 0.1906 0.9792 0.1906 0.6508 0.2502 0.6117 0.2715 0.6688 0.2715 0.9719 0.2003 0.9792 0.1906 0.9792 0.2003 0.6508 0.2502 0.6508 0.2312 0.6117 0.2312 0.6508 0.2502 0.6117 0.2502 0.6117 0.2715 0.9792 0.2312 0.9792 0.2272 0.9837 0.2312 0.6688 0.2272 0.6578 0.2048 0.6578 0.2272 0.6688 0.2272 0.6578 0.2272 0.6578 0.2312 0.9792 0.2312 0.9837 0.2312 0.9837 0.2502 0.6688 0.2272 0.6688 0.2048 0.6578 0.2048 0.9719 0.2048 0.9792 0.2003 0.9792 0.2048 0.6578 0.2502 0.6578 0.2312 0.6508 0.2312 0.9719 0.2048 0.9719 0.2003 0.9792 0.2003 0.6578 0.2502 0.6508 0.2502 0.6688 0.2715 0.6578 0.2502 0.6508 0.2312 0.6508 0.2502 0.7622 0.3253 0.7298 0.3253 0.7341 0.3253 0.7130 0.3253 0.5277 0.3253 0.5787 0.3253 0.9630 0.3253 0.8479 0.3253 0.8452 0.3253 0.9630 0.3253 0.9676 0.3253 0.8479 0.3253 0.9621 0.3253 0.9630 0.3253 0.8452 0.3253 0.9508 0.3253 0.9472 0.3253 0.8351 0.3253 0.9621 0.3253 0.8452 0.3253 0.8424 0.3253 0.9508 0.3253 0.8351 0.3253 0.8444 0.3253 0.7877 0.3253 0.7457 0.3253 0.7622 0.3253 0.7877 0.3253 0.7471 0.3253 0.7457 0.3253 0.7890 0.3253 0.7471 0.3253 0.7877 0.3253 0.6245 0.3253 0.7130 0.3253 0.5787 0.3253 0.7890 0.3253 0.7710 0.3253 0.7471 0.3253 0.5277 0.3253 0.5828 0.3253 0.5486 0.3253 0.5277 0.3253 0.5486 0.3253 0.5385 0.3253 0.5277 0.3253 0.5385 0.3253 0.5231 0.3253 0.9453 0.3253 0.9621 0.3253 0.8424 0.3253 0.5277 0.3253 0.5231 0.3253 0.5187 0.3253 0.9453 0.3253 0.8424 0.3253 0.8338 0.3253 0.5277 0.3253 0.5187 0.3253 0.5019 0.3253 0.9434 0.3253 0.9453 0.3253 0.8338 0.3253 0.9434 0.3253 0.8338 0.3253 0.8316 0.3253 0.8356 0.3253 0.7710 0.3253 0.7890 0.3253 0.8356 0.3253 0.7724 0.3253 0.7710 0.3253 0.8368 0.3253 0.7724 0.3253 0.8356 0.3253 0.8368 0.3253 0.7948 0.3253 0.7724 0.3253 0.9163 0.3253 0.9434 0.3253 0.8316 0.3253 0.9163 0.3253 0.8316 0.3253 0.8165 0.3253 0.7130 0.3253 0.7380 0.3253 0.6975 0.3253 0.7130 0.3253 0.6975 0.3253 0.6835 0.3253 0.7130 0.3253 0.6835 0.3253 0.6471 0.3253 0.7130 0.3253 0.6471 0.3253 0.6338 0.3253 0.7130 0.3253 0.6338 0.3253 0.5947 0.3253 0.7130 0.3253 0.5947 0.3253 0.5828 0.3253 0.9136 0.3253 0.9163 0.3253 0.8165 0.3253 0.9136 0.3253 0.8165 0.3253 0.8155 0.3253 0.7130 0.3253 0.5828 0.3253 0.5277 0.3253 0.8781 0.3253 0.7948 0.3253 0.8368 0.3253 0.7438 0.3253 0.7380 0.3253 0.7130 0.3253 0.8781 0.3253 0.7961 0.3253 0.7948 0.3253 0.8814 0.3253 0.9136 0.3253 0.8155 0.3253 0.8814 0.3253 0.7961 0.3253 0.8781 0.3253 0.7438 0.3253 0.7985 0.3253 0.7890 0.3253 0.7438 0.3253 0.7890 0.3253 0.7490 0.3253 0.8814 0.3253 0.8155 0.3253 0.7961 0.3253 0.7438 0.3253 0.7490 0.3253 0.7380 0.3253 0.9638 0.3253 0.9508 0.3253 0.8444 0.3253 0.7750 0.3253 0.7985 0.3253 0.7438 0.3253 0.9650 0.3253 0.8444 0.3253 0.8477 0.3253 0.9650 0.3253 0.8477 0.3253 0.8485 0.3253 0.7750 0.3253 0.8478 0.3253 0.8403 0.3253 0.7750 0.3253 0.8403 0.3253 0.8149 0.3253 0.7750 0.3253 0.8149 0.3253 0.7985 0.3253 0.9650 0.3253 0.9638 0.3253 0.8444 0.3253 0.6788 0.3253 0.7130 0.3253 0.6245 0.3253 0.8008 0.3253 0.8478 0.3253 0.7750 0.3253 0.8008 0.3253 0.8850 0.3253 0.8478 0.3253 0.8915 0.3253 0.8850 0.3253 0.8008 0.3253 0.9691 0.3253 0.8485 0.3253 0.8488 0.3253 0.5356 0.3253 0.5277 0.3253 0.5019 0.3253 0.9691 0.3253 0.9650 0.3253 0.8485 0.3253 0.8204 0.3253 0.8915 0.3253 0.8008 0.3253 0.9691 0.3253 0.9691 0.3253 0.8488 0.3253 0.9691 0.3253 0.8488 0.3253 0.8479 0.3253 0.9221 0.3253 0.8915 0.3253 0.8204 0.3253 0.9272 0.3253 0.9221 0.3253 0.8204 0.3253 0.9272 0.3253 0.8204 0.3253 0.8351 0.3253 0.5787 0.3253 0.5277 0.3253 0.5356 0.3253 0.7341 0.3253 0.7298 0.3253 0.7291 0.3253 0.7341 0.3253 0.7291 0.3253 0.7130 0.3253 0.7341 0.3253 0.7130 0.3253 0.6788 0.3253 0.9676 0.3253 0.9691 0.3253 0.8479 0.3253 0.9472 0.3253 0.9272 0.3253 0.8351 0.3253 0.7622 0.3253 0.7457 0.3253 0.7298 0.3253 0.7631 0.1747 0.7058 0.1747 0.7130 0.1747 0.7631 0.1747 0.6578 0.1747 0.7058 0.1747 0.7660 0.1747 0.4743 0.1747 0.4485 0.1747 0.7660 0.1747 0.6578 0.1747 0.7631 0.1747 0.7660 0.1747 0.4485 0.1747 0.4457 0.1747 0.7660 0.1747 0.5511 0.1747 0.6578 0.1747 0.7660 0.1747 0.4457 0.1747 0.5097 0.1747 0.7660 0.1747 0.5097 0.1747 0.5511 0.1747 0.9946 0.1747 1.0000 0.1747 0.9953 0.1747 0.9946 0.1747 0.9999 0.1747 1.0000 0.1747 0.9935 0.1747 0.5082 0.1747 0.4743 0.1747 0.4309 0.1747 0.4259 0.1747 0.4306 0.1747 0.9935 0.1747 0.5539 0.1747 0.5082 0.1747 0.9935 0.1747 0.6057 0.1747 0.5539 0.1747 0.9935 0.1747 0.6599 0.1747 0.6057 0.1747 0.9935 0.1747 0.9946 0.1747 0.9953 0.1747 0.9935 0.1747 0.7130 0.1747 0.6599 0.1747 0.9935 0.1747 0.9953 0.1747 0.9141 0.1747 0.9935 0.1747 0.8245 0.1747 0.7130 0.1747 0.9935 0.1747 0.4743 0.1747 0.7660 0.1747 0.9935 0.1747 0.9141 0.1747 0.8245 0.1747 0.4457 0.1747 0.4313 0.1747 0.4259 0.1747 0.4457 0.1747 0.4485 0.1747 0.4313 0.1747 0.8202 0.1747 0.7660 0.1747 0.8188 0.1747 0.4457 0.1747 0.4259 0.1747 0.4309 0.1747 0.9768 0.1747 0.9774 0.1747 0.9935 0.1747 0.8708 0.1747 0.7660 0.1747 0.8202 0.1747 0.8245 0.1747 0.7682 0.1747 0.7130 0.1747 0.8721 0.1747 0.9935 0.1747 0.7660 0.1747 0.8721 0.1747 0.7660 0.1747 0.8708 0.1747 0.4725 0.1747 0.4457 0.1747 0.4467 0.1747 0.9517 0.1747 0.9768 0.1747 0.9935 0.1747 0.9508 0.1747 0.9517 0.1747 0.9935 0.1747 0.9177 0.1747 0.9935 0.1747 0.8721 0.1747 0.9177 0.1747 0.9508 0.1747 0.9935 0.1747 0.9167 0.1747 0.9177 0.1747 0.8721 0.1747 0.9141 0.1747 0.8724 0.1747 0.8245 0.1747 0.5097 0.1747 0.4725 0.1747 0.4740 0.1747 0.5097 0.1747 0.4457 0.1747 0.4725 0.1747 0.5511 0.1747 0.5097 0.1747 0.5118 0.1747 0.6014 0.1747 0.5536 0.1747 0.5987 0.1747 0.6578 0.1747 0.6014 0.1747 0.6508 0.1747 0.6578 0.1747 0.5511 0.1747 0.5536 0.1747 0.6578 0.1747 0.5536 0.1747 0.6014 0.1747 0.9953 0.1747 0.9519 0.1747 0.9141 0.1747 0.9953 0.1747 0.9792 0.1747 0.9519 0.1747 0.9953 0.1747 0.9951 0.1747 0.9792 0.1747 0.7877 0.3253 0.7820 0.2715 0.8074 0.2715 0.9272 0.3253 0.9640 0.2715 0.9556 0.2715 0.9272 0.3253 0.9556 0.2715 0.9221 0.3253 0.7877 0.3253 0.8074 0.2715 0.7890 0.3253 0.7622 0.3253 0.7597 0.2715 0.7820 0.2715 0.7622 0.3253 0.7471 0.2715 0.7597 0.2715 0.7622 0.3253 0.7820 0.2715 0.7877 0.3253 0.4990 0.3201 0.4812 0.2715 0.4531 0.2715 0.9472 0.3253 0.9819 0.2715 0.9640 0.2715 0.9472 0.3253 0.9640 0.2715 0.9272 0.3253 0.7341 0.3253 0.7130 0.2715 0.7471 0.2715 0.7341 0.3253 0.7471 0.2715 0.7622 0.3253 0.9508 0.3253 0.9871 0.2715 0.9819 0.2715 0.9508 0.3253 0.9819 0.2715 0.9472 0.3253 0.5187 0.3253 0.4812 0.2715 0.4990 0.3201 0.6788 0.3253 0.6584 0.2715 0.7130 0.2715 0.5187 0.3253 0.4990 0.3201 0.5019 0.3253 0.6788 0.3253 0.7130 0.2715 0.7341 0.3253 0.5231 0.3253 0.4812 0.2715 0.5187 0.3253 0.5231 0.3253 0.5201 0.2715 0.4812 0.2715 0.9638 0.3253 0.9967 0.2715 0.9871 0.2715 0.5385 0.3253 0.5201 0.2715 0.5231 0.3253 0.6245 0.3253 0.6039 0.2715 0.6584 0.2715 0.9638 0.3253 0.9871 0.2715 0.9508 0.3253 0.6245 0.3253 0.6584 0.2715 0.6788 0.3253 0.9650 0.3253 0.9987 0.2715 0.9967 0.2715 0.9650 0.3253 0.9967 0.2715 0.9638 0.3253 0.5486 0.3253 0.5635 0.2715 0.5201 0.2715 0.5486 0.3253 0.5201 0.2715 0.5385 0.3253 0.5787 0.3253 0.5563 0.2715 0.6039 0.2715 0.5787 0.3253 0.6039 0.2715 0.6245 0.3253 0.5828 0.3253 0.5635 0.2715 0.5486 0.3253 0.5356 0.3253 0.5103 0.2715 0.5563 0.2715 0.5356 0.3253 0.5563 0.2715 0.5787 0.3253 0.5947 0.3253 0.6117 0.2715 0.5635 0.2715 0.5947 0.3253 0.5635 0.2715 0.5828 0.3253 0.9691 0.3253 0.9999 0.2715 0.9987 0.2715 0.4990 0.3201 0.4776 0.2715 0.5103 0.2715 0.9691 0.3253 0.9987 0.2715 0.9650 0.3253 0.4990 0.3201 0.5103 0.2715 0.5356 0.3253 0.6338 0.3253 0.6117 0.2715 0.5947 0.3253 0.9691 0.3253 0.9996 0.2715 0.9999 0.2715 0.5019 0.3253 0.4990 0.3201 0.5356 0.3253 0.6471 0.3253 0.6688 0.2715 0.6117 0.2715 0.9691 0.3253 0.9999 0.2715 0.9691 0.3253 0.6471 0.3253 0.6117 0.2715 0.6338 0.3253 0.4531 0.2715 0.4776 0.2715 0.4990 0.3201 0.6835 0.3253 0.6688 0.2715 0.6471 0.3253 0.9676 0.3253 0.9996 0.2715 0.9691 0.3253 0.9676 0.3253 0.9969 0.2715 0.9996 0.2715 0.6975 0.3253 0.7271 0.2715 0.6688 0.2715 0.6975 0.3253 0.6688 0.2715 0.6835 0.3253 0.9630 0.3253 0.9969 0.2715 0.9676 0.3253 0.9630 0.3253 0.9908 0.2715 0.9969 0.2715 0.7380 0.3253 0.7624 0.2715 0.7271 0.2715 0.7380 0.3253 0.7271 0.2715 0.6975 0.3253 0.9621 0.3253 0.9908 0.2715 0.9630 0.3253 0.9621 0.3253 0.9837 0.2715 0.9908 0.2715 0.9453 0.3253 0.9837 0.2715 0.9621 0.3253 0.7490 0.3253 0.7843 0.2715 0.7624 0.2715 0.9453 0.3253 0.9719 0.2715 0.9837 0.2715 0.7490 0.3253 0.7624 0.2715 0.7380 0.3253 0.9434 0.3253 0.9719 0.2715 0.9453 0.3253 0.9434 0.3253 0.9589 0.2715 0.9719 0.2715 0.7890 0.3253 0.7956 0.2715 0.7843 0.2715 0.7890 0.3253 0.7843 0.2715 0.7490 0.3253 0.9163 0.3253 0.9589 0.2715 0.9434 0.3253 0.7985 0.3253 0.8349 0.2715 0.7956 0.2715 0.9163 0.3253 0.9439 0.2715 0.9589 0.2715 0.7985 0.3253 0.7956 0.2715 0.7890 0.3253 0.8149 0.3253 0.8468 0.2715 0.8349 0.2715 0.8149 0.3253 0.8349 0.2715 0.7985 0.3253 0.9136 0.3253 0.9439 0.2715 0.9163 0.3253 0.9136 0.3253 0.9267 0.2715 0.9439 0.2715 0.8403 0.3253 0.8468 0.2715 0.8149 0.3253 0.8814 0.3253 0.9267 0.2715 0.9136 0.3253 0.8814 0.3253 0.9080 0.2715 0.9267 0.2715 0.8478 0.3253 0.8821 0.2715 0.8468 0.2715 0.8478 0.3253 0.8468 0.2715 0.8403 0.3253 0.8781 0.3253 0.9080 0.2715 0.8814 0.3253 0.8781 0.3253 0.8873 0.2715 0.9080 0.2715 0.8368 0.3253 0.8873 0.2715 0.8781 0.3253 0.8368 0.3253 0.8606 0.2715 0.8873 0.2715 0.8850 0.3253 0.8953 0.2715 0.8821 0.2715 0.8850 0.3253 0.9228 0.2715 0.8953 0.2715 0.8356 0.3253 0.8369 0.2715 0.8606 0.2715 0.8850 0.3253 0.8821 0.2715 0.8478 0.3253 0.8356 0.3253 0.8606 0.2715 0.8368 0.3253 0.8915 0.3253 0.9336 0.2715 0.9228 0.2715 0.8915 0.3253 0.9228 0.2715 0.8850 0.3253 0.7890 0.3253 0.8074 0.2715 0.8369 0.2715 0.9221 0.3253 0.9556 0.2715 0.9336 0.2715 0.7890 0.3253 0.8369 0.2715 0.8356 0.3253 0.9221 0.3253 0.9336 0.2715 0.8915 0.3253 0.0957 1.0000 0.0216 1.0000 0.0216 1.0000 0.0000 1.0000 0.0216 1.0000 0.0000 1.0000 0.0216 1.0000 0.0216 1.0000 0.0000 1.0000 0.0957 1.0000 0.0216 1.0000 0.0216 1.0000 0.0957 1.0000 0.0957 1.0000 0.0216 1.0000 0.0957 1.0000 0.0216 1.0000 0.0216 1.0000 0.0000 0.9722 0.0216 1.0000 0.0216 0.9581 0.0000 1.0000 0.0216 1.0000 0.0000 0.9722 0.0216 1.0000 0.0000 0.9722 0.0216 0.9581 0.0216 1.0000 0.0000 1.0000 0.0000 0.9722 0.0216 1.0000 0.0216 0.9113 0.0324 0.9113 0.0957 1.0000 0.0324 0.9113 0.0957 0.8744 0.0957 1.0000 0.0216 1.0000 0.0324 0.9113 0.0957 1.0000 0.0957 0.8744 0.0957 0.9064 0.0957 0.9329 0.0957 1.0000 0.0957 0.9064 0.0957 0.9602 0.0957 1.0000 0.0957 0.9329 0.0957 1.0000 0.0957 0.9222 0.0957 0.8744 0.0957 1.0000 0.0957 0.9545 0.0957 0.9222 0.0957 1.0000 0.0957 1.0000 0.0957 0.9669 0.0957 1.0000 0.0957 0.9669 0.0957 0.9545 0.0957 0.9669 0.0957 1.0000 0.0957 0.9602 0.0324 0.9113 0.0957 1.0000 0.0957 0.8744 0.0216 1.0000 0.0324 0.9113 0.0216 0.9113 0.0216 1.0000 0.0957 1.0000 0.0324 0.9113 0.0216 1.0000 0.0216 0.9581 0.0216 0.9113 0.0216 1.0000 0.0216 1.0000 0.0216 0.9581 0.0216 0.9581 0.0216 1.0000 0.0216 0.9113 0.0216 1.0000 0.0216 1.0000 0.0216 0.9581 0.0216 0.0419 0.0216 0.0887 0.0216 0.0000 0.0216 0.0419 0.0216 0.0000 0.0216 0.0000 0.0216 0.0000 0.0216 0.0419 0.0216 0.0000 0.0216 0.0887 0.0216 0.0419 0.0216 0.0000 0.0216 0.0000 0.0000 0.0278 0.0000 0.0000 0.0216 0.0419 0.0000 0.0278 0.0216 0.0000 0.0000 0.0278 0.0216 0.0419 0.0216 0.0000 0.0000 0.0278 0.0216 0.0000 0.0000 0.0000 0.0324 0.0887 0.0957 0.1256 0.0957 0.0000 0.0324 0.0887 0.0957 0.0000 0.0216 0.0000 0.0216 0.0887 0.0324 0.0887 0.0216 0.0000 0.0957 0.0778 0.0957 0.1256 0.0957 0.0000 0.0957 0.0455 0.0957 0.0778 0.0957 0.0000 0.0957 0.0331 0.0957 0.0455 0.0957 0.0000 0.0957 0.0000 0.0957 0.0398 0.0957 0.0331 0.0957 0.0000 0.0957 0.0671 0.0957 0.0398 0.0957 0.0000 0.0957 0.0331 0.0957 0.0000 0.0957 0.0936 0.0957 0.0671 0.0957 0.0000 0.0957 0.1256 0.0957 0.0936 0.0957 0.0000 0.0324 0.0887 0.0216 0.0887 0.0216 0.0000 0.0957 0.0000 0.0324 0.0887 0.0216 0.0000 0.0957 0.1256 0.0324 0.0887 0.0957 0.0000 0.0957 0.0000 0.0216 0.0000 0.0216 0.0000 0.0000 0.0000 0.0216 0.0000 0.0000 0.0000 0.0216 0.0000 0.0957 0.0000 0.0216 0.0000 0.0216 0.0000 0.0216 0.0000 0.0000 0.0000 0.0957 0.0000 0.0216 0.0000 0.0216 0.0000 0.0957 0.0000 0.0957 0.0000 0.0216 0.0000 0.7130 0.7796 0.4506 0.7796 0.5082 0.5773 0.5277 0.5000 0.7130 0.3253 0.5277 0.3253 0.5261 0.5216 0.7130 0.7796 0.7130 0.3253 0.5261 0.5216 0.7130 0.3253 0.5277 0.5000 0.4506 0.7032 0.4975 0.5970 0.4623 0.6460 0.4090 0.7032 0.4506 0.7032 0.4623 0.6460 0.4506 0.7796 0.7130 0.7796 0.4975 0.5970 0.4506 0.7796 0.4975 0.5970 0.4506 0.7032 0.4130 0.7581 0.4506 0.7581 0.3627 0.7581 0.4506 0.7581 0.4506 0.7581 0.4130 0.7581 0.4347 0.7581 0.4506 0.7581 0.4130 0.7581 0.4438 0.7581 0.4506 0.7581 0.4347 0.7581 0.4506 0.7581 0.4364 0.7581 0.4260 0.7581 0.4506 0.7581 0.4004 0.7581 0.3627 0.7581 0.4506 0.7581 0.4506 0.7581 0.4004 0.7581 0.5782 0.7581 0.4438 0.7581 0.4472 0.7581 0.5782 0.7581 0.4506 0.7581 0.4438 0.7581 0.5782 0.7581 0.5856 0.7581 0.4506 0.7581 0.5854 0.7581 0.5781 0.7581 0.4506 0.7581 0.5991 0.7581 0.4506 0.7581 0.5856 0.7581 0.4506 0.7581 0.5991 0.7581 0.5854 0.7581 0.4130 0.7581 0.3627 0.7984 0.3627 0.8107 0.4130 0.7581 0.3627 0.7811 0.3627 0.7984 0.5019 0.3253 0.4471 0.3796 0.4990 0.3201 0.5277 0.5000 0.5019 0.3253 0.5277 0.3253 0.5277 0.5000 0.4471 0.5000 0.4471 0.3796 0.5277 0.5000 0.4471 0.3796 0.5019 0.3253 0.4471 0.3796 0.5277 0.5000 0.5019 0.3253 0.4471 0.5000 0.5277 0.5000 0.4471 0.3796 0.5856 0.7581 0.5991 0.7796 0.5991 0.7581 0.5856 0.7581 0.5854 0.7796 0.5991 0.7796 0.5782 0.7581 0.5781 0.7796 0.5854 0.7796 0.5782 0.7581 0.5854 0.7796 0.5856 0.7581 0.5781 0.7581 0.5781 0.7796 0.5782 0.7581 0.5854 0.7581 0.5782 0.7796 0.5781 0.7581 0.5991 0.7796 0.4506 0.7796 0.4506 0.7796 0.7130 0.7796 0.4506 0.7796 0.5991 0.7796 0.7298 0.7796 0.7291 0.7796 0.7130 0.7796 0.5991 0.7796 0.4506 0.7796 0.4506 0.7796 0.7948 0.7796 0.7724 0.7796 0.7457 0.7796 0.8338 0.7796 0.8316 0.7796 0.7948 0.7796 0.8452 0.7796 0.5782 0.7796 0.5856 0.7796 0.8452 0.7796 0.8424 0.7796 0.8338 0.7796 0.8452 0.7796 0.7457 0.7796 0.5991 0.7796 0.8452 0.7796 0.7948 0.7796 0.7457 0.7796 0.8452 0.7796 0.8338 0.7796 0.7948 0.7796 0.7130 0.7796 0.5991 0.7796 0.4506 0.7796 0.7438 0.7796 0.5856 0.7796 0.5991 0.7796 0.7438 0.7796 0.8452 0.7796 0.5856 0.7796 0.7438 0.7796 0.5991 0.7796 0.7130 0.7796 0.7750 0.7796 0.8351 0.7796 0.7438 0.7796 0.8008 0.7796 0.8204 0.7796 0.7750 0.7796 0.4506 0.7581 0.4506 0.7796 0.4506 0.7032 0.5991 0.7581 0.4506 0.7796 0.4506 0.7581 0.5991 0.7796 0.4506 0.7796 0.5991 0.7581 0.4506 0.7796 0.4506 0.7581 0.4506 0.7032 0.4506 0.7796 0.4506 0.7796 0.4506 0.7581 " />
						</IndexedFaceSet>
					</Shape>
				</Group>
			</Transform>
		</Transform>
	</Scene>
</X3D>